solid 虎克铰零件2_默认_sldprt
   facet normal 1.000000e+00 -0.000000e+00 0.000000e+00
      outer loop
         vertex 2.844000e+01 9.848078e+00 2.173648e+01
         vertex 2.844000e+01 1.000000e+01 2.000000e+01
         vertex 2.844000e+01 3.250000e+01 4.000000e+01
      endloop
   endfacet
   facet normal 1.000000e+00 0.000000e+00 0.000000e+00
      outer loop
         vertex 2.844000e+01 9.396926e+00 1.657980e+01
         vertex 2.844000e+01 8.660254e+00 1.500000e+01
         vertex 2.844000e+01 3.250000e+01 0.000000e+00
      endloop
   endfacet
   facet normal 1.000000e+00 0.000000e+00 0.000000e+00
      outer loop
         vertex 2.844000e+01 3.250000e+01 0.000000e+00
         vertex 2.844000e+01 8.660254e+00 1.500000e+01
         vertex 2.844000e+01 7.660444e+00 1.357212e+01
      endloop
   endfacet
   facet normal 1.000000e+00 0.000000e+00 0.000000e+00
      outer loop
         vertex 2.844000e+01 3.250000e+01 4.000000e+01
         vertex 2.844000e+01 1.000000e+01 2.000000e+01
         vertex 2.844000e+01 3.250000e+01 0.000000e+00
      endloop
   endfacet
   facet normal 1.000000e+00 0.000000e+00 0.000000e+00
      outer loop
         vertex 2.844000e+01 3.250000e+01 0.000000e+00
         vertex 2.844000e+01 1.000000e+01 2.000000e+01
         vertex 2.844000e+01 9.848078e+00 1.826352e+01
      endloop
   endfacet
   facet normal 1.000000e+00 0.000000e+00 0.000000e+00
      outer loop
         vertex 2.844000e+01 3.250000e+01 0.000000e+00
         vertex 2.844000e+01 9.848078e+00 1.826352e+01
         vertex 2.844000e+01 9.396926e+00 1.657980e+01
      endloop
   endfacet
   facet normal 1.000000e+00 0.000000e+00 0.000000e+00
      outer loop
         vertex 2.844000e+01 7.660444e+00 1.357212e+01
         vertex 2.844000e+01 6.427876e+00 1.233956e+01
         vertex 2.844000e+01 3.250000e+01 0.000000e+00
      endloop
   endfacet
   facet normal 1.000000e+00 0.000000e+00 0.000000e+00
      outer loop
         vertex 2.844000e+01 3.250000e+01 0.000000e+00
         vertex 2.844000e+01 6.427876e+00 1.233956e+01
         vertex 2.844000e+01 5.000000e+00 1.133975e+01
      endloop
   endfacet
   facet normal 1.000000e+00 0.000000e+00 0.000000e+00
      outer loop
         vertex 2.844000e+01 3.250000e+01 0.000000e+00
         vertex 2.844000e+01 5.000000e+00 1.133975e+01
         vertex 2.844000e+01 3.420201e+00 1.060307e+01
      endloop
   endfacet
   facet normal 1.000000e+00 0.000000e+00 0.000000e+00
      outer loop
         vertex 2.844000e+01 3.420201e+00 1.060307e+01
         vertex 2.844000e+01 1.736482e+00 1.015192e+01
         vertex 2.844000e+01 3.250000e+01 0.000000e+00
      endloop
   endfacet
   facet normal 1.000000e+00 0.000000e+00 0.000000e+00
      outer loop
         vertex 2.844000e+01 3.250000e+01 0.000000e+00
         vertex 2.844000e+01 1.736482e+00 1.015192e+01
         vertex 2.844000e+01 6.938894e-15 1.000000e+01
      endloop
   endfacet
   facet normal 1.000000e+00 0.000000e+00 0.000000e+00
      outer loop
         vertex 2.844000e+01 3.250000e+01 0.000000e+00
         vertex 2.844000e+01 6.938894e-15 1.000000e+01
         vertex 2.844000e+01 -3.250000e+01 0.000000e+00
      endloop
   endfacet
   facet normal 1.000000e+00 0.000000e+00 0.000000e+00
      outer loop
         vertex 2.844000e+01 -3.250000e+01 0.000000e+00
         vertex 2.844000e+01 6.938894e-15 1.000000e+01
         vertex 2.844000e+01 -1.736482e+00 1.015192e+01
      endloop
   endfacet
   facet normal 1.000000e+00 0.000000e+00 0.000000e+00
      outer loop
         vertex 2.844000e+01 -3.250000e+01 0.000000e+00
         vertex 2.844000e+01 -1.736482e+00 1.015192e+01
         vertex 2.844000e+01 -3.420201e+00 1.060307e+01
      endloop
   endfacet
   facet normal 1.000000e+00 0.000000e+00 0.000000e+00
      outer loop
         vertex 2.844000e+01 -3.420201e+00 1.060307e+01
         vertex 2.844000e+01 -5.000000e+00 1.133975e+01
         vertex 2.844000e+01 -3.250000e+01 0.000000e+00
      endloop
   endfacet
   facet normal 1.000000e+00 0.000000e+00 0.000000e+00
      outer loop
         vertex 2.844000e+01 -3.250000e+01 0.000000e+00
         vertex 2.844000e+01 -5.000000e+00 1.133975e+01
         vertex 2.844000e+01 -6.427876e+00 1.233956e+01
      endloop
   endfacet
   facet normal 1.000000e+00 0.000000e+00 0.000000e+00
      outer loop
         vertex 2.844000e+01 -3.250000e+01 0.000000e+00
         vertex 2.844000e+01 -6.427876e+00 1.233956e+01
         vertex 2.844000e+01 -7.660444e+00 1.357212e+01
      endloop
   endfacet
   facet normal 1.000000e+00 0.000000e+00 0.000000e+00
      outer loop
         vertex 2.844000e+01 -3.250000e+01 0.000000e+00
         vertex 2.844000e+01 -9.848078e+00 1.826352e+01
         vertex 2.844000e+01 -3.250000e+01 4.000000e+01
      endloop
   endfacet
   facet normal 1.000000e+00 0.000000e+00 0.000000e+00
      outer loop
         vertex 2.844000e+01 -3.250000e+01 4.000000e+01
         vertex 2.844000e+01 -9.848078e+00 1.826352e+01
         vertex 2.844000e+01 -1.000000e+01 2.000000e+01
      endloop
   endfacet
   facet normal 1.000000e+00 -0.000000e+00 0.000000e+00
      outer loop
         vertex 2.844000e+01 -3.250000e+01 4.000000e+01
         vertex 2.844000e+01 0.000000e+00 3.000000e+01
         vertex 2.844000e+01 3.250000e+01 4.000000e+01
      endloop
   endfacet
   facet normal 1.000000e+00 0.000000e+00 0.000000e+00
      outer loop
         vertex 2.844000e+01 3.250000e+01 4.000000e+01
         vertex 2.844000e+01 0.000000e+00 3.000000e+01
         vertex 2.844000e+01 1.736482e+00 2.984808e+01
      endloop
   endfacet
   facet normal 1.000000e+00 0.000000e+00 0.000000e+00
      outer loop
         vertex 2.844000e+01 3.250000e+01 4.000000e+01
         vertex 2.844000e+01 1.736482e+00 2.984808e+01
         vertex 2.844000e+01 3.420201e+00 2.939693e+01
      endloop
   endfacet
   facet normal 1.000000e+00 0.000000e+00 -0.000000e+00
      outer loop
         vertex 2.844000e+01 -1.000000e+01 2.000000e+01
         vertex 2.844000e+01 -9.848078e+00 2.173648e+01
         vertex 2.844000e+01 -3.250000e+01 4.000000e+01
      endloop
   endfacet
   facet normal 1.000000e+00 0.000000e+00 0.000000e+00
      outer loop
         vertex 2.844000e+01 -3.250000e+01 4.000000e+01
         vertex 2.844000e+01 -9.848078e+00 2.173648e+01
         vertex 2.844000e+01 -9.396926e+00 2.342020e+01
      endloop
   endfacet
   facet normal 1.000000e+00 0.000000e+00 0.000000e+00
      outer loop
         vertex 2.844000e+01 -3.250000e+01 4.000000e+01
         vertex 2.844000e+01 -9.396926e+00 2.342020e+01
         vertex 2.844000e+01 -8.660254e+00 2.500000e+01
      endloop
   endfacet
   facet normal 1.000000e+00 0.000000e+00 -0.000000e+00
      outer loop
         vertex 2.844000e+01 -8.660254e+00 2.500000e+01
         vertex 2.844000e+01 -7.660444e+00 2.642788e+01
         vertex 2.844000e+01 -3.250000e+01 4.000000e+01
      endloop
   endfacet
   facet normal 1.000000e+00 0.000000e+00 0.000000e+00
      outer loop
         vertex 2.844000e+01 -3.250000e+01 4.000000e+01
         vertex 2.844000e+01 -7.660444e+00 2.642788e+01
         vertex 2.844000e+01 -6.427876e+00 2.766044e+01
      endloop
   endfacet
   facet normal 1.000000e+00 0.000000e+00 0.000000e+00
      outer loop
         vertex 2.844000e+01 -3.250000e+01 4.000000e+01
         vertex 2.844000e+01 -6.427876e+00 2.766044e+01
         vertex 2.844000e+01 -5.000000e+00 2.866025e+01
      endloop
   endfacet
   facet normal 1.000000e+00 -0.000000e+00 0.000000e+00
      outer loop
         vertex 2.844000e+01 3.420201e+00 2.939693e+01
         vertex 2.844000e+01 5.000000e+00 2.866025e+01
         vertex 2.844000e+01 3.250000e+01 4.000000e+01
      endloop
   endfacet
   facet normal 1.000000e+00 0.000000e+00 0.000000e+00
      outer loop
         vertex 2.844000e+01 3.250000e+01 4.000000e+01
         vertex 2.844000e+01 5.000000e+00 2.866025e+01
         vertex 2.844000e+01 6.427876e+00 2.766044e+01
      endloop
   endfacet
   facet normal 1.000000e+00 0.000000e+00 0.000000e+00
      outer loop
         vertex 2.844000e+01 3.250000e+01 4.000000e+01
         vertex 2.844000e+01 6.427876e+00 2.766044e+01
         vertex 2.844000e+01 7.660444e+00 2.642788e+01
      endloop
   endfacet
   facet normal 1.000000e+00 -0.000000e+00 0.000000e+00
      outer loop
         vertex 2.844000e+01 7.660444e+00 2.642788e+01
         vertex 2.844000e+01 8.660254e+00 2.500000e+01
         vertex 2.844000e+01 3.250000e+01 4.000000e+01
      endloop
   endfacet
   facet normal 1.000000e+00 0.000000e+00 0.000000e+00
      outer loop
         vertex 2.844000e+01 3.250000e+01 4.000000e+01
         vertex 2.844000e+01 8.660254e+00 2.500000e+01
         vertex 2.844000e+01 9.396926e+00 2.342020e+01
      endloop
   endfacet
   facet normal 1.000000e+00 0.000000e+00 0.000000e+00
      outer loop
         vertex 2.844000e+01 3.250000e+01 4.000000e+01
         vertex 2.844000e+01 9.396926e+00 2.342020e+01
         vertex 2.844000e+01 9.848078e+00 2.173648e+01
      endloop
   endfacet
   facet normal 1.000000e+00 0.000000e+00 0.000000e+00
      outer loop
         vertex 2.844000e+01 -7.660444e+00 1.357212e+01
         vertex 2.844000e+01 -8.660254e+00 1.500000e+01
         vertex 2.844000e+01 -3.250000e+01 0.000000e+00
      endloop
   endfacet
   facet normal 1.000000e+00 0.000000e+00 0.000000e+00
      outer loop
         vertex 2.844000e+01 -3.250000e+01 0.000000e+00
         vertex 2.844000e+01 -8.660254e+00 1.500000e+01
         vertex 2.844000e+01 -9.396926e+00 1.657980e+01
      endloop
   endfacet
   facet normal 1.000000e+00 0.000000e+00 0.000000e+00
      outer loop
         vertex 2.844000e+01 -3.250000e+01 0.000000e+00
         vertex 2.844000e+01 -9.396926e+00 1.657980e+01
         vertex 2.844000e+01 -9.848078e+00 1.826352e+01
      endloop
   endfacet
   facet normal 1.000000e+00 0.000000e+00 -0.000000e+00
      outer loop
         vertex 2.844000e+01 -5.000000e+00 2.866025e+01
         vertex 2.844000e+01 -3.420201e+00 2.939693e+01
         vertex 2.844000e+01 -3.250000e+01 4.000000e+01
      endloop
   endfacet
   facet normal 1.000000e+00 0.000000e+00 0.000000e+00
      outer loop
         vertex 2.844000e+01 -3.250000e+01 4.000000e+01
         vertex 2.844000e+01 -3.420201e+00 2.939693e+01
         vertex 2.844000e+01 -1.736482e+00 2.984808e+01
      endloop
   endfacet
   facet normal 1.000000e+00 0.000000e+00 0.000000e+00
      outer loop
         vertex 2.844000e+01 -3.250000e+01 4.000000e+01
         vertex 2.844000e+01 -1.736482e+00 2.984808e+01
         vertex 2.844000e+01 0.000000e+00 3.000000e+01
      endloop
   endfacet
   facet normal 0.000000e+00 1.000000e+00 -0.000000e+00
      outer loop
         vertex 1.127631e+01 3.250000e+01 2.410424e+01
         vertex 1.039230e+01 3.250000e+01 2.600000e+01
         vertex 2.844000e+01 3.250000e+01 4.000000e+01
      endloop
   endfacet
   facet normal 0.000000e+00 1.000000e+00 -0.000000e+00
      outer loop
         vertex -2.083778e+00 3.250000e+01 3.181769e+01
         vertex -2.844000e+01 3.250000e+01 4.000000e+01
         vertex 3.469447e-15 3.250000e+01 3.200000e+01
      endloop
   endfacet
   facet normal 0.000000e+00 1.000000e+00 -0.000000e+00
      outer loop
         vertex 3.469447e-15 3.250000e+01 3.200000e+01
         vertex -2.844000e+01 3.250000e+01 4.000000e+01
         vertex 2.844000e+01 3.250000e+01 4.000000e+01
      endloop
   endfacet
   facet normal 0.000000e+00 1.000000e+00 0.000000e+00
      outer loop
         vertex -2.083778e+00 3.250000e+01 3.181769e+01
         vertex -4.104242e+00 3.250000e+01 3.127631e+01
         vertex -2.844000e+01 3.250000e+01 4.000000e+01
      endloop
   endfacet
   facet normal 0.000000e+00 1.000000e+00 0.000000e+00
      outer loop
         vertex -2.844000e+01 3.250000e+01 4.000000e+01
         vertex -4.104242e+00 3.250000e+01 3.127631e+01
         vertex -6.000000e+00 3.250000e+01 3.039230e+01
      endloop
   endfacet
   facet normal 0.000000e+00 1.000000e+00 0.000000e+00
      outer loop
         vertex -2.844000e+01 3.250000e+01 4.000000e+01
         vertex -6.000000e+00 3.250000e+01 3.039230e+01
         vertex -7.713452e+00 3.250000e+01 2.919253e+01
      endloop
   endfacet
   facet normal 0.000000e+00 1.000000e+00 -0.000000e+00
      outer loop
         vertex 1.039230e+01 3.250000e+01 2.600000e+01
         vertex 9.192533e+00 3.250000e+01 2.771345e+01
         vertex 2.844000e+01 3.250000e+01 4.000000e+01
      endloop
   endfacet
   facet normal 0.000000e+00 1.000000e+00 0.000000e+00
      outer loop
         vertex 2.844000e+01 3.250000e+01 4.000000e+01
         vertex 9.192533e+00 3.250000e+01 2.771345e+01
         vertex 7.713452e+00 3.250000e+01 2.919253e+01
      endloop
   endfacet
   facet normal 0.000000e+00 1.000000e+00 0.000000e+00
      outer loop
         vertex 2.844000e+01 3.250000e+01 4.000000e+01
         vertex 7.713452e+00 3.250000e+01 2.919253e+01
         vertex 6.000000e+00 3.250000e+01 3.039230e+01
      endloop
   endfacet
   facet normal 0.000000e+00 1.000000e+00 -0.000000e+00
      outer loop
         vertex 6.000000e+00 3.250000e+01 3.039230e+01
         vertex 4.104242e+00 3.250000e+01 3.127631e+01
         vertex 2.844000e+01 3.250000e+01 4.000000e+01
      endloop
   endfacet
   facet normal 0.000000e+00 1.000000e+00 0.000000e+00
      outer loop
         vertex 2.844000e+01 3.250000e+01 4.000000e+01
         vertex 4.104242e+00 3.250000e+01 3.127631e+01
         vertex 2.083778e+00 3.250000e+01 3.181769e+01
      endloop
   endfacet
   facet normal 0.000000e+00 1.000000e+00 0.000000e+00
      outer loop
         vertex 2.844000e+01 3.250000e+01 4.000000e+01
         vertex 2.083778e+00 3.250000e+01 3.181769e+01
         vertex 3.469447e-15 3.250000e+01 3.200000e+01
      endloop
   endfacet
   facet normal 0.000000e+00 1.000000e+00 0.000000e+00
      outer loop
         vertex -1.039230e+01 3.250000e+01 1.400000e+01
         vertex -9.192533e+00 3.250000e+01 1.228655e+01
         vertex -2.844000e+01 3.250000e+01 0.000000e+00
      endloop
   endfacet
   facet normal -0.000000e+00 1.000000e+00 0.000000e+00
      outer loop
         vertex 1.127631e+01 3.250000e+01 1.589576e+01
         vertex 1.181769e+01 3.250000e+01 1.791622e+01
         vertex 2.844000e+01 3.250000e+01 0.000000e+00
      endloop
   endfacet
   facet normal 0.000000e+00 1.000000e+00 0.000000e+00
      outer loop
         vertex 2.844000e+01 3.250000e+01 0.000000e+00
         vertex 1.181769e+01 3.250000e+01 1.791622e+01
         vertex 1.200000e+01 3.250000e+01 2.000000e+01
      endloop
   endfacet
   facet normal 0.000000e+00 1.000000e+00 -0.000000e+00
      outer loop
         vertex 2.844000e+01 3.250000e+01 0.000000e+00
         vertex 1.200000e+01 3.250000e+01 2.000000e+01
         vertex 2.844000e+01 3.250000e+01 4.000000e+01
      endloop
   endfacet
   facet normal 0.000000e+00 1.000000e+00 0.000000e+00
      outer loop
         vertex 2.844000e+01 3.250000e+01 4.000000e+01
         vertex 1.200000e+01 3.250000e+01 2.000000e+01
         vertex 1.181769e+01 3.250000e+01 2.208378e+01
      endloop
   endfacet
   facet normal 0.000000e+00 1.000000e+00 0.000000e+00
      outer loop
         vertex 2.844000e+01 3.250000e+01 4.000000e+01
         vertex 1.181769e+01 3.250000e+01 2.208378e+01
         vertex 1.127631e+01 3.250000e+01 2.410424e+01
      endloop
   endfacet
   facet normal 0.000000e+00 1.000000e+00 0.000000e+00
      outer loop
         vertex -1.039230e+01 3.250000e+01 1.400000e+01
         vertex -2.844000e+01 3.250000e+01 0.000000e+00
         vertex -1.127631e+01 3.250000e+01 1.589576e+01
      endloop
   endfacet
   facet normal -0.000000e+00 1.000000e+00 0.000000e+00
      outer loop
         vertex 6.000000e+00 3.250000e+01 9.607695e+00
         vertex 7.713452e+00 3.250000e+01 1.080747e+01
         vertex 2.844000e+01 3.250000e+01 0.000000e+00
      endloop
   endfacet
   facet normal 0.000000e+00 1.000000e+00 0.000000e+00
      outer loop
         vertex -7.713452e+00 3.250000e+01 2.919253e+01
         vertex -9.192533e+00 3.250000e+01 2.771345e+01
         vertex -2.844000e+01 3.250000e+01 4.000000e+01
      endloop
   endfacet
   facet normal 0.000000e+00 1.000000e+00 0.000000e+00
      outer loop
         vertex -2.844000e+01 3.250000e+01 4.000000e+01
         vertex -9.192533e+00 3.250000e+01 2.771345e+01
         vertex -1.039230e+01 3.250000e+01 2.600000e+01
      endloop
   endfacet
   facet normal 0.000000e+00 1.000000e+00 0.000000e+00
      outer loop
         vertex -2.844000e+01 3.250000e+01 4.000000e+01
         vertex -1.039230e+01 3.250000e+01 2.600000e+01
         vertex -1.127631e+01 3.250000e+01 2.410424e+01
      endloop
   endfacet
   facet normal 0.000000e+00 1.000000e+00 0.000000e+00
      outer loop
         vertex -9.192533e+00 3.250000e+01 1.228655e+01
         vertex -7.713452e+00 3.250000e+01 1.080747e+01
         vertex -2.844000e+01 3.250000e+01 0.000000e+00
      endloop
   endfacet
   facet normal 0.000000e+00 1.000000e+00 0.000000e+00
      outer loop
         vertex -2.844000e+01 3.250000e+01 0.000000e+00
         vertex -7.713452e+00 3.250000e+01 1.080747e+01
         vertex -6.000000e+00 3.250000e+01 9.607695e+00
      endloop
   endfacet
   facet normal 0.000000e+00 1.000000e+00 0.000000e+00
      outer loop
         vertex -2.844000e+01 3.250000e+01 0.000000e+00
         vertex -6.000000e+00 3.250000e+01 9.607695e+00
         vertex -4.104242e+00 3.250000e+01 8.723688e+00
      endloop
   endfacet
   facet normal 0.000000e+00 1.000000e+00 0.000000e+00
      outer loop
         vertex 6.000000e+00 3.250000e+01 9.607695e+00
         vertex 2.844000e+01 3.250000e+01 0.000000e+00
         vertex 4.104242e+00 3.250000e+01 8.723688e+00
      endloop
   endfacet
   facet normal -0.000000e+00 1.000000e+00 0.000000e+00
      outer loop
         vertex 7.713452e+00 3.250000e+01 1.080747e+01
         vertex 9.192533e+00 3.250000e+01 1.228655e+01
         vertex 2.844000e+01 3.250000e+01 0.000000e+00
      endloop
   endfacet
   facet normal 0.000000e+00 1.000000e+00 0.000000e+00
      outer loop
         vertex 2.844000e+01 3.250000e+01 0.000000e+00
         vertex 9.192533e+00 3.250000e+01 1.228655e+01
         vertex 1.039230e+01 3.250000e+01 1.400000e+01
      endloop
   endfacet
   facet normal 0.000000e+00 1.000000e+00 0.000000e+00
      outer loop
         vertex 2.844000e+01 3.250000e+01 0.000000e+00
         vertex 1.039230e+01 3.250000e+01 1.400000e+01
         vertex 1.127631e+01 3.250000e+01 1.589576e+01
      endloop
   endfacet
   facet normal 0.000000e+00 1.000000e+00 0.000000e+00
      outer loop
         vertex -1.127631e+01 3.250000e+01 2.410424e+01
         vertex -1.181769e+01 3.250000e+01 2.208378e+01
         vertex -2.844000e+01 3.250000e+01 4.000000e+01
      endloop
   endfacet
   facet normal 0.000000e+00 1.000000e+00 0.000000e+00
      outer loop
         vertex -2.844000e+01 3.250000e+01 4.000000e+01
         vertex -1.181769e+01 3.250000e+01 2.208378e+01
         vertex -1.200000e+01 3.250000e+01 2.000000e+01
      endloop
   endfacet
   facet normal 0.000000e+00 1.000000e+00 0.000000e+00
      outer loop
         vertex -2.844000e+01 3.250000e+01 4.000000e+01
         vertex -1.200000e+01 3.250000e+01 2.000000e+01
         vertex -2.844000e+01 3.250000e+01 0.000000e+00
      endloop
   endfacet
   facet normal 0.000000e+00 1.000000e+00 0.000000e+00
      outer loop
         vertex -2.844000e+01 3.250000e+01 0.000000e+00
         vertex -1.200000e+01 3.250000e+01 2.000000e+01
         vertex -1.181769e+01 3.250000e+01 1.791622e+01
      endloop
   endfacet
   facet normal 0.000000e+00 1.000000e+00 0.000000e+00
      outer loop
         vertex -2.844000e+01 3.250000e+01 0.000000e+00
         vertex -1.181769e+01 3.250000e+01 1.791622e+01
         vertex -1.127631e+01 3.250000e+01 1.589576e+01
      endloop
   endfacet
   facet normal 0.000000e+00 1.000000e+00 0.000000e+00
      outer loop
         vertex -4.104242e+00 3.250000e+01 8.723688e+00
         vertex -2.083778e+00 3.250000e+01 8.182307e+00
         vertex -2.844000e+01 3.250000e+01 0.000000e+00
      endloop
   endfacet
   facet normal 0.000000e+00 1.000000e+00 0.000000e+00
      outer loop
         vertex -2.844000e+01 3.250000e+01 0.000000e+00
         vertex -2.083778e+00 3.250000e+01 8.182307e+00
         vertex 0.000000e+00 3.250000e+01 8.000000e+00
      endloop
   endfacet
   facet normal 0.000000e+00 1.000000e+00 0.000000e+00
      outer loop
         vertex -2.844000e+01 3.250000e+01 0.000000e+00
         vertex 0.000000e+00 3.250000e+01 8.000000e+00
         vertex 2.844000e+01 3.250000e+01 0.000000e+00
      endloop
   endfacet
   facet normal 0.000000e+00 1.000000e+00 0.000000e+00
      outer loop
         vertex 2.844000e+01 3.250000e+01 0.000000e+00
         vertex 0.000000e+00 3.250000e+01 8.000000e+00
         vertex 2.083778e+00 3.250000e+01 8.182307e+00
      endloop
   endfacet
   facet normal 0.000000e+00 1.000000e+00 0.000000e+00
      outer loop
         vertex 2.844000e+01 3.250000e+01 0.000000e+00
         vertex 2.083778e+00 3.250000e+01 8.182307e+00
         vertex 4.104242e+00 3.250000e+01 8.723688e+00
      endloop
   endfacet
   facet normal -1.000000e+00 -0.000000e+00 0.000000e+00
      outer loop
         vertex -2.844000e+01 -8.660254e+00 2.500000e+01
         vertex -2.844000e+01 -9.396926e+00 2.342020e+01
         vertex -2.844000e+01 -3.250000e+01 4.000000e+01
      endloop
   endfacet
   facet normal -1.000000e+00 0.000000e+00 0.000000e+00
      outer loop
         vertex -2.844000e+01 8.660254e+00 2.500000e+01
         vertex -2.844000e+01 7.660444e+00 2.642788e+01
         vertex -2.844000e+01 3.250000e+01 4.000000e+01
      endloop
   endfacet
   facet normal -1.000000e+00 -0.000000e+00 0.000000e+00
      outer loop
         vertex -2.844000e+01 -9.396926e+00 2.342020e+01
         vertex -2.844000e+01 -9.848078e+00 2.173648e+01
         vertex -2.844000e+01 -3.250000e+01 4.000000e+01
      endloop
   endfacet
   facet normal -1.000000e+00 0.000000e+00 0.000000e+00
      outer loop
         vertex -2.844000e+01 -3.250000e+01 4.000000e+01
         vertex -2.844000e+01 -9.848078e+00 2.173648e+01
         vertex -2.844000e+01 -1.000000e+01 2.000000e+01
      endloop
   endfacet
   facet normal -1.000000e+00 0.000000e+00 0.000000e+00
      outer loop
         vertex -2.844000e+01 -3.250000e+01 4.000000e+01
         vertex -2.844000e+01 -1.000000e+01 2.000000e+01
         vertex -2.844000e+01 -3.250000e+01 0.000000e+00
      endloop
   endfacet
   facet normal -1.000000e+00 0.000000e+00 0.000000e+00
      outer loop
         vertex -2.844000e+01 -3.250000e+01 0.000000e+00
         vertex -2.844000e+01 -1.000000e+01 2.000000e+01
         vertex -2.844000e+01 -9.848078e+00 1.826352e+01
      endloop
   endfacet
   facet normal -1.000000e+00 0.000000e+00 -0.000000e+00
      outer loop
         vertex -2.844000e+01 -9.848078e+00 1.826352e+01
         vertex -2.844000e+01 -9.396926e+00 1.657980e+01
         vertex -2.844000e+01 -3.250000e+01 0.000000e+00
      endloop
   endfacet
   facet normal -1.000000e+00 0.000000e+00 0.000000e+00
      outer loop
         vertex -2.844000e+01 -3.250000e+01 0.000000e+00
         vertex -2.844000e+01 -9.396926e+00 1.657980e+01
         vertex -2.844000e+01 -8.660254e+00 1.500000e+01
      endloop
   endfacet
   facet normal -1.000000e+00 0.000000e+00 0.000000e+00
      outer loop
         vertex -2.844000e+01 -3.250000e+01 0.000000e+00
         vertex -2.844000e+01 -8.660254e+00 1.500000e+01
         vertex -2.844000e+01 -7.660444e+00 1.357212e+01
      endloop
   endfacet
   facet normal -1.000000e+00 -0.000000e+00 0.000000e+00
      outer loop
         vertex -2.844000e+01 -3.420201e+00 2.939693e+01
         vertex -2.844000e+01 -5.000000e+00 2.866025e+01
         vertex -2.844000e+01 -3.250000e+01 4.000000e+01
      endloop
   endfacet
   facet normal -1.000000e+00 -0.000000e+00 0.000000e+00
      outer loop
         vertex -2.844000e+01 -5.000000e+00 2.866025e+01
         vertex -2.844000e+01 -6.427876e+00 2.766044e+01
         vertex -2.844000e+01 -3.250000e+01 4.000000e+01
      endloop
   endfacet
   facet normal -1.000000e+00 0.000000e+00 0.000000e+00
      outer loop
         vertex -2.844000e+01 -3.250000e+01 4.000000e+01
         vertex -2.844000e+01 -6.427876e+00 2.766044e+01
         vertex -2.844000e+01 -7.660444e+00 2.642788e+01
      endloop
   endfacet
   facet normal -1.000000e+00 0.000000e+00 0.000000e+00
      outer loop
         vertex -2.844000e+01 -3.250000e+01 4.000000e+01
         vertex -2.844000e+01 -7.660444e+00 2.642788e+01
         vertex -2.844000e+01 -8.660254e+00 2.500000e+01
      endloop
   endfacet
   facet normal -1.000000e+00 0.000000e+00 -0.000000e+00
      outer loop
         vertex -2.844000e+01 -7.660444e+00 1.357212e+01
         vertex -2.844000e+01 -6.427876e+00 1.233956e+01
         vertex -2.844000e+01 -3.250000e+01 0.000000e+00
      endloop
   endfacet
   facet normal -1.000000e+00 0.000000e+00 0.000000e+00
      outer loop
         vertex -2.844000e+01 -3.250000e+01 0.000000e+00
         vertex -2.844000e+01 -6.427876e+00 1.233956e+01
         vertex -2.844000e+01 -5.000000e+00 1.133975e+01
      endloop
   endfacet
   facet normal -1.000000e+00 0.000000e+00 0.000000e+00
      outer loop
         vertex -2.844000e+01 -3.250000e+01 0.000000e+00
         vertex -2.844000e+01 -5.000000e+00 1.133975e+01
         vertex -2.844000e+01 -3.420201e+00 1.060307e+01
      endloop
   endfacet
   facet normal -1.000000e+00 0.000000e+00 -0.000000e+00
      outer loop
         vertex -2.844000e+01 -3.420201e+00 1.060307e+01
         vertex -2.844000e+01 -1.736482e+00 1.015192e+01
         vertex -2.844000e+01 -3.250000e+01 0.000000e+00
      endloop
   endfacet
   facet normal -1.000000e+00 0.000000e+00 0.000000e+00
      outer loop
         vertex -2.844000e+01 -3.250000e+01 0.000000e+00
         vertex -2.844000e+01 -1.736482e+00 1.015192e+01
         vertex -2.844000e+01 -6.938894e-15 1.000000e+01
      endloop
   endfacet
   facet normal -1.000000e+00 0.000000e+00 0.000000e+00
      outer loop
         vertex -2.844000e+01 -3.250000e+01 0.000000e+00
         vertex -2.844000e+01 -6.938894e-15 1.000000e+01
         vertex -2.844000e+01 3.250000e+01 0.000000e+00
      endloop
   endfacet
   facet normal -1.000000e+00 0.000000e+00 0.000000e+00
      outer loop
         vertex -2.844000e+01 3.250000e+01 0.000000e+00
         vertex -2.844000e+01 -6.938894e-15 1.000000e+01
         vertex -2.844000e+01 1.736482e+00 1.015192e+01
      endloop
   endfacet
   facet normal -1.000000e+00 0.000000e+00 0.000000e+00
      outer loop
         vertex -2.844000e+01 3.250000e+01 0.000000e+00
         vertex -2.844000e+01 1.736482e+00 1.015192e+01
         vertex -2.844000e+01 3.420201e+00 1.060307e+01
      endloop
   endfacet
   facet normal -1.000000e+00 0.000000e+00 0.000000e+00
      outer loop
         vertex -2.844000e+01 3.420201e+00 1.060307e+01
         vertex -2.844000e+01 5.000000e+00 1.133975e+01
         vertex -2.844000e+01 3.250000e+01 0.000000e+00
      endloop
   endfacet
   facet normal -1.000000e+00 0.000000e+00 0.000000e+00
      outer loop
         vertex -2.844000e+01 3.250000e+01 0.000000e+00
         vertex -2.844000e+01 5.000000e+00 1.133975e+01
         vertex -2.844000e+01 6.427876e+00 1.233956e+01
      endloop
   endfacet
   facet normal -1.000000e+00 0.000000e+00 0.000000e+00
      outer loop
         vertex -2.844000e+01 3.250000e+01 0.000000e+00
         vertex -2.844000e+01 6.427876e+00 1.233956e+01
         vertex -2.844000e+01 7.660444e+00 1.357212e+01
      endloop
   endfacet
   facet normal -1.000000e+00 0.000000e+00 0.000000e+00
      outer loop
         vertex -2.844000e+01 7.660444e+00 2.642788e+01
         vertex -2.844000e+01 6.427876e+00 2.766044e+01
         vertex -2.844000e+01 3.250000e+01 4.000000e+01
      endloop
   endfacet
   facet normal -1.000000e+00 0.000000e+00 0.000000e+00
      outer loop
         vertex -2.844000e+01 3.250000e+01 4.000000e+01
         vertex -2.844000e+01 6.427876e+00 2.766044e+01
         vertex -2.844000e+01 5.000000e+00 2.866025e+01
      endloop
   endfacet
   facet normal -1.000000e+00 0.000000e+00 0.000000e+00
      outer loop
         vertex -2.844000e+01 3.250000e+01 4.000000e+01
         vertex -2.844000e+01 5.000000e+00 2.866025e+01
         vertex -2.844000e+01 3.420201e+00 2.939693e+01
      endloop
   endfacet
   facet normal -1.000000e+00 0.000000e+00 0.000000e+00
      outer loop
         vertex -2.844000e+01 3.250000e+01 0.000000e+00
         vertex -2.844000e+01 9.848078e+00 1.826352e+01
         vertex -2.844000e+01 3.250000e+01 4.000000e+01
      endloop
   endfacet
   facet normal -1.000000e+00 0.000000e+00 0.000000e+00
      outer loop
         vertex -2.844000e+01 3.250000e+01 4.000000e+01
         vertex -2.844000e+01 9.848078e+00 1.826352e+01
         vertex -2.844000e+01 1.000000e+01 2.000000e+01
      endloop
   endfacet
   facet normal -1.000000e+00 0.000000e+00 0.000000e+00
      outer loop
         vertex -2.844000e+01 1.000000e+01 2.000000e+01
         vertex -2.844000e+01 9.848078e+00 2.173648e+01
         vertex -2.844000e+01 3.250000e+01 4.000000e+01
      endloop
   endfacet
   facet normal -1.000000e+00 0.000000e+00 0.000000e+00
      outer loop
         vertex -2.844000e+01 3.250000e+01 4.000000e+01
         vertex -2.844000e+01 9.848078e+00 2.173648e+01
         vertex -2.844000e+01 9.396926e+00 2.342020e+01
      endloop
   endfacet
   facet normal -1.000000e+00 0.000000e+00 0.000000e+00
      outer loop
         vertex -2.844000e+01 3.250000e+01 4.000000e+01
         vertex -2.844000e+01 9.396926e+00 2.342020e+01
         vertex -2.844000e+01 8.660254e+00 2.500000e+01
      endloop
   endfacet
   facet normal -1.000000e+00 0.000000e+00 0.000000e+00
      outer loop
         vertex -2.844000e+01 3.420201e+00 2.939693e+01
         vertex -2.844000e+01 1.736482e+00 2.984808e+01
         vertex -2.844000e+01 3.250000e+01 4.000000e+01
      endloop
   endfacet
   facet normal -1.000000e+00 0.000000e+00 0.000000e+00
      outer loop
         vertex -2.844000e+01 3.250000e+01 4.000000e+01
         vertex -2.844000e+01 1.736482e+00 2.984808e+01
         vertex -2.844000e+01 0.000000e+00 3.000000e+01
      endloop
   endfacet
   facet normal -1.000000e+00 -0.000000e+00 0.000000e+00
      outer loop
         vertex -2.844000e+01 3.250000e+01 4.000000e+01
         vertex -2.844000e+01 0.000000e+00 3.000000e+01
         vertex -2.844000e+01 -3.250000e+01 4.000000e+01
      endloop
   endfacet
   facet normal -1.000000e+00 0.000000e+00 0.000000e+00
      outer loop
         vertex -2.844000e+01 -3.250000e+01 4.000000e+01
         vertex -2.844000e+01 0.000000e+00 3.000000e+01
         vertex -2.844000e+01 -1.736482e+00 2.984808e+01
      endloop
   endfacet
   facet normal -1.000000e+00 0.000000e+00 0.000000e+00
      outer loop
         vertex -2.844000e+01 -3.250000e+01 4.000000e+01
         vertex -2.844000e+01 -1.736482e+00 2.984808e+01
         vertex -2.844000e+01 -3.420201e+00 2.939693e+01
      endloop
   endfacet
   facet normal -1.000000e+00 0.000000e+00 0.000000e+00
      outer loop
         vertex -2.844000e+01 7.660444e+00 1.357212e+01
         vertex -2.844000e+01 8.660254e+00 1.500000e+01
         vertex -2.844000e+01 3.250000e+01 0.000000e+00
      endloop
   endfacet
   facet normal -1.000000e+00 0.000000e+00 0.000000e+00
      outer loop
         vertex -2.844000e+01 3.250000e+01 0.000000e+00
         vertex -2.844000e+01 8.660254e+00 1.500000e+01
         vertex -2.844000e+01 9.396926e+00 1.657980e+01
      endloop
   endfacet
   facet normal -1.000000e+00 0.000000e+00 0.000000e+00
      outer loop
         vertex -2.844000e+01 3.250000e+01 0.000000e+00
         vertex -2.844000e+01 9.396926e+00 1.657980e+01
         vertex -2.844000e+01 9.848078e+00 1.826352e+01
      endloop
   endfacet
   facet normal 0.000000e+00 -1.000000e+00 0.000000e+00
      outer loop
         vertex -1.127631e+01 -3.250000e+01 2.410424e+01
         vertex -1.039230e+01 -3.250000e+01 2.600000e+01
         vertex -2.844000e+01 -3.250000e+01 4.000000e+01
      endloop
   endfacet
   facet normal 0.000000e+00 -1.000000e+00 0.000000e+00
      outer loop
         vertex -2.844000e+01 -3.250000e+01 4.000000e+01
         vertex -1.039230e+01 -3.250000e+01 2.600000e+01
         vertex -9.192533e+00 -3.250000e+01 2.771345e+01
      endloop
   endfacet
   facet normal -0.000000e+00 -1.000000e+00 0.000000e+00
      outer loop
         vertex -4.104242e+00 -3.250000e+01 8.723688e+00
         vertex -6.000000e+00 -3.250000e+01 9.607695e+00
         vertex -2.844000e+01 -3.250000e+01 0.000000e+00
      endloop
   endfacet
   facet normal 0.000000e+00 -1.000000e+00 0.000000e+00
      outer loop
         vertex -2.844000e+01 -3.250000e+01 0.000000e+00
         vertex -6.000000e+00 -3.250000e+01 9.607695e+00
         vertex -7.713452e+00 -3.250000e+01 1.080747e+01
      endloop
   endfacet
   facet normal 0.000000e+00 -1.000000e+00 0.000000e+00
      outer loop
         vertex -9.192533e+00 -3.250000e+01 2.771345e+01
         vertex -7.713452e+00 -3.250000e+01 2.919253e+01
         vertex -2.844000e+01 -3.250000e+01 4.000000e+01
      endloop
   endfacet
   facet normal 0.000000e+00 -1.000000e+00 0.000000e+00
      outer loop
         vertex -2.844000e+01 -3.250000e+01 4.000000e+01
         vertex -7.713452e+00 -3.250000e+01 2.919253e+01
         vertex -6.000000e+00 -3.250000e+01 3.039230e+01
      endloop
   endfacet
   facet normal 0.000000e+00 -1.000000e+00 0.000000e+00
      outer loop
         vertex -2.844000e+01 -3.250000e+01 4.000000e+01
         vertex -6.000000e+00 -3.250000e+01 3.039230e+01
         vertex -4.104242e+00 -3.250000e+01 3.127631e+01
      endloop
   endfacet
   facet normal 0.000000e+00 -1.000000e+00 0.000000e+00
      outer loop
         vertex 2.844000e+01 -3.250000e+01 4.000000e+01
         vertex 4.104242e+00 -3.250000e+01 3.127631e+01
         vertex 6.000000e+00 -3.250000e+01 3.039230e+01
      endloop
   endfacet
   facet normal 0.000000e+00 -1.000000e+00 -0.000000e+00
      outer loop
         vertex 1.181769e+01 -3.250000e+01 1.791622e+01
         vertex 1.127631e+01 -3.250000e+01 1.589576e+01
         vertex 2.844000e+01 -3.250000e+01 0.000000e+00
      endloop
   endfacet
   facet normal 0.000000e+00 -1.000000e+00 0.000000e+00
      outer loop
         vertex 2.844000e+01 -3.250000e+01 0.000000e+00
         vertex 1.127631e+01 -3.250000e+01 1.589576e+01
         vertex 1.039230e+01 -3.250000e+01 1.400000e+01
      endloop
   endfacet
   facet normal 0.000000e+00 -1.000000e+00 0.000000e+00
      outer loop
         vertex 2.844000e+01 -3.250000e+01 0.000000e+00
         vertex 1.039230e+01 -3.250000e+01 1.400000e+01
         vertex 9.192533e+00 -3.250000e+01 1.228655e+01
      endloop
   endfacet
   facet normal -0.000000e+00 -1.000000e+00 0.000000e+00
      outer loop
         vertex -7.713452e+00 -3.250000e+01 1.080747e+01
         vertex -9.192533e+00 -3.250000e+01 1.228655e+01
         vertex -2.844000e+01 -3.250000e+01 0.000000e+00
      endloop
   endfacet
   facet normal 0.000000e+00 -1.000000e+00 0.000000e+00
      outer loop
         vertex -2.844000e+01 -3.250000e+01 0.000000e+00
         vertex -9.192533e+00 -3.250000e+01 1.228655e+01
         vertex -1.039230e+01 -3.250000e+01 1.400000e+01
      endloop
   endfacet
   facet normal 0.000000e+00 -1.000000e+00 0.000000e+00
      outer loop
         vertex -2.844000e+01 -3.250000e+01 0.000000e+00
         vertex -1.039230e+01 -3.250000e+01 1.400000e+01
         vertex -1.127631e+01 -3.250000e+01 1.589576e+01
      endloop
   endfacet
   facet normal 0.000000e+00 -1.000000e+00 0.000000e+00
      outer loop
         vertex 6.000000e+00 -3.250000e+01 3.039230e+01
         vertex 7.713452e+00 -3.250000e+01 2.919253e+01
         vertex 2.844000e+01 -3.250000e+01 4.000000e+01
      endloop
   endfacet
   facet normal 0.000000e+00 -1.000000e+00 0.000000e+00
      outer loop
         vertex 2.844000e+01 -3.250000e+01 4.000000e+01
         vertex 7.713452e+00 -3.250000e+01 2.919253e+01
         vertex 9.192533e+00 -3.250000e+01 2.771345e+01
      endloop
   endfacet
   facet normal 0.000000e+00 -1.000000e+00 0.000000e+00
      outer loop
         vertex 2.844000e+01 -3.250000e+01 4.000000e+01
         vertex 9.192533e+00 -3.250000e+01 2.771345e+01
         vertex 1.039230e+01 -3.250000e+01 2.600000e+01
      endloop
   endfacet
   facet normal 0.000000e+00 -1.000000e+00 0.000000e+00
      outer loop
         vertex 1.039230e+01 -3.250000e+01 2.600000e+01
         vertex 1.127631e+01 -3.250000e+01 2.410424e+01
         vertex 2.844000e+01 -3.250000e+01 4.000000e+01
      endloop
   endfacet
   facet normal 0.000000e+00 -1.000000e+00 0.000000e+00
      outer loop
         vertex 2.844000e+01 -3.250000e+01 4.000000e+01
         vertex 1.127631e+01 -3.250000e+01 2.410424e+01
         vertex 1.181769e+01 -3.250000e+01 2.208378e+01
      endloop
   endfacet
   facet normal 0.000000e+00 -1.000000e+00 -0.000000e+00
      outer loop
         vertex 2.844000e+01 -3.250000e+01 4.000000e+01
         vertex 1.181769e+01 -3.250000e+01 2.208378e+01
         vertex 2.844000e+01 -3.250000e+01 0.000000e+00
      endloop
   endfacet
   facet normal 0.000000e+00 -1.000000e+00 0.000000e+00
      outer loop
         vertex 2.844000e+01 -3.250000e+01 0.000000e+00
         vertex 1.181769e+01 -3.250000e+01 2.208378e+01
         vertex 1.200000e+01 -3.250000e+01 2.000000e+01
      endloop
   endfacet
   facet normal 0.000000e+00 -1.000000e+00 0.000000e+00
      outer loop
         vertex 2.844000e+01 -3.250000e+01 0.000000e+00
         vertex 1.200000e+01 -3.250000e+01 2.000000e+01
         vertex 1.181769e+01 -3.250000e+01 1.791622e+01
      endloop
   endfacet
   facet normal 0.000000e+00 -1.000000e+00 -0.000000e+00
      outer loop
         vertex 4.104242e+00 -3.250000e+01 8.723688e+00
         vertex 2.083778e+00 -3.250000e+01 8.182307e+00
         vertex 2.844000e+01 -3.250000e+01 0.000000e+00
      endloop
   endfacet
   facet normal 0.000000e+00 -1.000000e+00 0.000000e+00
      outer loop
         vertex 2.844000e+01 -3.250000e+01 0.000000e+00
         vertex 2.083778e+00 -3.250000e+01 8.182307e+00
         vertex 1.040834e-14 -3.250000e+01 8.000000e+00
      endloop
   endfacet
   facet normal 0.000000e+00 -1.000000e+00 0.000000e+00
      outer loop
         vertex 2.844000e+01 -3.250000e+01 0.000000e+00
         vertex 1.040834e-14 -3.250000e+01 8.000000e+00
         vertex -2.844000e+01 -3.250000e+01 0.000000e+00
      endloop
   endfacet
   facet normal 0.000000e+00 -1.000000e+00 0.000000e+00
      outer loop
         vertex -2.844000e+01 -3.250000e+01 0.000000e+00
         vertex 1.040834e-14 -3.250000e+01 8.000000e+00
         vertex -2.083778e+00 -3.250000e+01 8.182307e+00
      endloop
   endfacet
   facet normal 0.000000e+00 -1.000000e+00 0.000000e+00
      outer loop
         vertex -2.844000e+01 -3.250000e+01 0.000000e+00
         vertex -2.083778e+00 -3.250000e+01 8.182307e+00
         vertex -4.104242e+00 -3.250000e+01 8.723688e+00
      endloop
   endfacet
   facet normal 0.000000e+00 -1.000000e+00 0.000000e+00
      outer loop
         vertex -4.104242e+00 -3.250000e+01 3.127631e+01
         vertex -2.083778e+00 -3.250000e+01 3.181769e+01
         vertex -2.844000e+01 -3.250000e+01 4.000000e+01
      endloop
   endfacet
   facet normal 0.000000e+00 -1.000000e+00 0.000000e+00
      outer loop
         vertex -2.844000e+01 -3.250000e+01 4.000000e+01
         vertex -2.083778e+00 -3.250000e+01 3.181769e+01
         vertex 6.938894e-15 -3.250000e+01 3.200000e+01
      endloop
   endfacet
   facet normal 0.000000e+00 -1.000000e+00 0.000000e+00
      outer loop
         vertex -2.844000e+01 -3.250000e+01 4.000000e+01
         vertex 6.938894e-15 -3.250000e+01 3.200000e+01
         vertex 2.844000e+01 -3.250000e+01 4.000000e+01
      endloop
   endfacet
   facet normal 0.000000e+00 -1.000000e+00 0.000000e+00
      outer loop
         vertex 2.844000e+01 -3.250000e+01 4.000000e+01
         vertex 6.938894e-15 -3.250000e+01 3.200000e+01
         vertex 2.083778e+00 -3.250000e+01 3.181769e+01
      endloop
   endfacet
   facet normal 0.000000e+00 -1.000000e+00 0.000000e+00
      outer loop
         vertex 2.844000e+01 -3.250000e+01 4.000000e+01
         vertex 2.083778e+00 -3.250000e+01 3.181769e+01
         vertex 4.104242e+00 -3.250000e+01 3.127631e+01
      endloop
   endfacet
   facet normal 0.000000e+00 -1.000000e+00 -0.000000e+00
      outer loop
         vertex 9.192533e+00 -3.250000e+01 1.228655e+01
         vertex 7.713452e+00 -3.250000e+01 1.080747e+01
         vertex 2.844000e+01 -3.250000e+01 0.000000e+00
      endloop
   endfacet
   facet normal 0.000000e+00 -1.000000e+00 0.000000e+00
      outer loop
         vertex 2.844000e+01 -3.250000e+01 0.000000e+00
         vertex 7.713452e+00 -3.250000e+01 1.080747e+01
         vertex 6.000000e+00 -3.250000e+01 9.607695e+00
      endloop
   endfacet
   facet normal 0.000000e+00 -1.000000e+00 0.000000e+00
      outer loop
         vertex 2.844000e+01 -3.250000e+01 0.000000e+00
         vertex 6.000000e+00 -3.250000e+01 9.607695e+00
         vertex 4.104242e+00 -3.250000e+01 8.723688e+00
      endloop
   endfacet
   facet normal -0.000000e+00 -1.000000e+00 0.000000e+00
      outer loop
         vertex -1.127631e+01 -3.250000e+01 1.589576e+01
         vertex -1.181769e+01 -3.250000e+01 1.791622e+01
         vertex -2.844000e+01 -3.250000e+01 0.000000e+00
      endloop
   endfacet
   facet normal 0.000000e+00 -1.000000e+00 0.000000e+00
      outer loop
         vertex -2.844000e+01 -3.250000e+01 0.000000e+00
         vertex -1.181769e+01 -3.250000e+01 1.791622e+01
         vertex -1.200000e+01 -3.250000e+01 2.000000e+01
      endloop
   endfacet
   facet normal 0.000000e+00 -1.000000e+00 0.000000e+00
      outer loop
         vertex -2.844000e+01 -3.250000e+01 0.000000e+00
         vertex -1.200000e+01 -3.250000e+01 2.000000e+01
         vertex -2.844000e+01 -3.250000e+01 4.000000e+01
      endloop
   endfacet
   facet normal 0.000000e+00 -1.000000e+00 0.000000e+00
      outer loop
         vertex -2.844000e+01 -3.250000e+01 4.000000e+01
         vertex -1.200000e+01 -3.250000e+01 2.000000e+01
         vertex -1.181769e+01 -3.250000e+01 2.208378e+01
      endloop
   endfacet
   facet normal 0.000000e+00 -1.000000e+00 0.000000e+00
      outer loop
         vertex -2.844000e+01 -3.250000e+01 4.000000e+01
         vertex -1.181769e+01 -3.250000e+01 2.208378e+01
         vertex -1.127631e+01 -3.250000e+01 2.410424e+01
      endloop
   endfacet
   facet normal -0.000000e+00 0.000000e+00 1.000000e+00
      outer loop
         vertex -2.844000e+01 3.250000e+01 4.000000e+01
         vertex -2.844000e+01 -3.250000e+01 4.000000e+01
         vertex 2.844000e+01 3.250000e+01 4.000000e+01
      endloop
   endfacet
   facet normal 0.000000e+00 0.000000e+00 1.000000e+00
      outer loop
         vertex 2.844000e+01 3.250000e+01 4.000000e+01
         vertex -2.844000e+01 -3.250000e+01 4.000000e+01
         vertex 2.844000e+01 -3.250000e+01 4.000000e+01
      endloop
   endfacet
   facet normal 0.000000e+00 0.000000e+00 -1.000000e+00
      outer loop
         vertex -2.844000e+01 -3.250000e+01 0.000000e+00
         vertex -2.844000e+01 3.250000e+01 0.000000e+00
         vertex 2.844000e+01 -3.250000e+01 0.000000e+00
      endloop
   endfacet
   facet normal 0.000000e+00 0.000000e+00 -1.000000e+00
      outer loop
         vertex 2.844000e+01 -3.250000e+01 0.000000e+00
         vertex -2.844000e+01 3.250000e+01 0.000000e+00
         vertex 2.844000e+01 3.250000e+01 0.000000e+00
      endloop
   endfacet
   facet normal 0.000000e+00 9.961947e-01 8.715543e-02
      outer loop
         vertex -2.844000e+01 1.000000e+01 2.000000e+01
         vertex -3.344000e+01 9.848078e+00 2.173648e+01
         vertex -2.844000e+01 9.848078e+00 2.173648e+01
      endloop
   endfacet
   facet normal 0.000000e+00 9.659258e-01 2.588191e-01
      outer loop
         vertex -2.844000e+01 9.848078e+00 2.173648e+01
         vertex -3.344000e+01 9.848078e+00 2.173648e+01
         vertex -3.344000e+01 9.396926e+00 2.342020e+01
      endloop
   endfacet
   facet normal 0.000000e+00 9.659258e-01 2.588191e-01
      outer loop
         vertex -2.844000e+01 9.848078e+00 2.173648e+01
         vertex -3.344000e+01 9.396926e+00 2.342020e+01
         vertex -2.844000e+01 9.396926e+00 2.342020e+01
      endloop
   endfacet
   facet normal 0.000000e+00 9.063077e-01 4.226183e-01
      outer loop
         vertex -2.844000e+01 9.396926e+00 2.342020e+01
         vertex -3.344000e+01 9.396926e+00 2.342020e+01
         vertex -3.344000e+01 8.660254e+00 2.500000e+01
      endloop
   endfacet
   facet normal 0.000000e+00 9.063077e-01 4.226183e-01
      outer loop
         vertex -2.844000e+01 9.396926e+00 2.342020e+01
         vertex -3.344000e+01 8.660254e+00 2.500000e+01
         vertex -2.844000e+01 8.660254e+00 2.500000e+01
      endloop
   endfacet
   facet normal 0.000000e+00 8.191520e-01 5.735765e-01
      outer loop
         vertex -2.844000e+01 8.660254e+00 2.500000e+01
         vertex -3.344000e+01 8.660254e+00 2.500000e+01
         vertex -3.344000e+01 7.660444e+00 2.642788e+01
      endloop
   endfacet
   facet normal 0.000000e+00 8.191520e-01 5.735765e-01
      outer loop
         vertex -2.844000e+01 8.660254e+00 2.500000e+01
         vertex -3.344000e+01 7.660444e+00 2.642788e+01
         vertex -2.844000e+01 7.660444e+00 2.642788e+01
      endloop
   endfacet
   facet normal 0.000000e+00 7.071068e-01 7.071068e-01
      outer loop
         vertex -2.844000e+01 7.660444e+00 2.642788e+01
         vertex -3.344000e+01 7.660444e+00 2.642788e+01
         vertex -3.344000e+01 6.427876e+00 2.766044e+01
      endloop
   endfacet
   facet normal 0.000000e+00 7.071068e-01 7.071068e-01
      outer loop
         vertex -2.844000e+01 7.660444e+00 2.642788e+01
         vertex -3.344000e+01 6.427876e+00 2.766044e+01
         vertex -2.844000e+01 6.427876e+00 2.766044e+01
      endloop
   endfacet
   facet normal 0.000000e+00 5.735766e-01 8.191519e-01
      outer loop
         vertex -2.844000e+01 6.427876e+00 2.766044e+01
         vertex -3.344000e+01 6.427876e+00 2.766044e+01
         vertex -3.344000e+01 5.000000e+00 2.866025e+01
      endloop
   endfacet
   facet normal 0.000000e+00 5.735766e-01 8.191519e-01
      outer loop
         vertex -2.844000e+01 6.427876e+00 2.766044e+01
         vertex -3.344000e+01 5.000000e+00 2.866025e+01
         vertex -2.844000e+01 5.000000e+00 2.866025e+01
      endloop
   endfacet
   facet normal 0.000000e+00 4.226184e-01 9.063077e-01
      outer loop
         vertex -2.844000e+01 5.000000e+00 2.866025e+01
         vertex -3.344000e+01 5.000000e+00 2.866025e+01
         vertex -3.344000e+01 3.420201e+00 2.939693e+01
      endloop
   endfacet
   facet normal 0.000000e+00 4.226184e-01 9.063077e-01
      outer loop
         vertex -2.844000e+01 5.000000e+00 2.866025e+01
         vertex -3.344000e+01 3.420201e+00 2.939693e+01
         vertex -2.844000e+01 3.420201e+00 2.939693e+01
      endloop
   endfacet
   facet normal 0.000000e+00 2.588190e-01 9.659258e-01
      outer loop
         vertex -2.844000e+01 3.420201e+00 2.939693e+01
         vertex -3.344000e+01 3.420201e+00 2.939693e+01
         vertex -3.344000e+01 1.736482e+00 2.984808e+01
      endloop
   endfacet
   facet normal 0.000000e+00 2.588190e-01 9.659258e-01
      outer loop
         vertex -2.844000e+01 3.420201e+00 2.939693e+01
         vertex -3.344000e+01 1.736482e+00 2.984808e+01
         vertex -2.844000e+01 1.736482e+00 2.984808e+01
      endloop
   endfacet
   facet normal 0.000000e+00 8.715494e-02 9.961948e-01
      outer loop
         vertex -2.844000e+01 1.736482e+00 2.984808e+01
         vertex -3.344000e+01 1.736482e+00 2.984808e+01
         vertex -3.344000e+01 -2.957471e-15 3.000000e+01
      endloop
   endfacet
   facet normal 0.000000e+00 8.715494e-02 9.961948e-01
      outer loop
         vertex -2.844000e+01 1.736482e+00 2.984808e+01
         vertex -3.344000e+01 -2.957471e-15 3.000000e+01
         vertex -2.844000e+01 -2.957471e-15 3.000000e+01
      endloop
   endfacet
   facet normal 0.000000e+00 -8.715494e-02 9.961948e-01
      outer loop
         vertex -2.844000e+01 -2.957471e-15 3.000000e+01
         vertex -3.344000e+01 -2.957471e-15 3.000000e+01
         vertex -3.344000e+01 -1.736482e+00 2.984808e+01
      endloop
   endfacet
   facet normal 0.000000e+00 -8.715494e-02 9.961948e-01
      outer loop
         vertex -2.844000e+01 -2.957471e-15 3.000000e+01
         vertex -3.344000e+01 -1.736482e+00 2.984808e+01
         vertex -2.844000e+01 -1.736482e+00 2.984808e+01
      endloop
   endfacet
   facet normal 0.000000e+00 -2.588190e-01 9.659258e-01
      outer loop
         vertex -2.844000e+01 -1.736482e+00 2.984808e+01
         vertex -3.344000e+01 -1.736482e+00 2.984808e+01
         vertex -3.344000e+01 -3.420201e+00 2.939693e+01
      endloop
   endfacet
   facet normal 0.000000e+00 -2.588190e-01 9.659258e-01
      outer loop
         vertex -2.844000e+01 -1.736482e+00 2.984808e+01
         vertex -3.344000e+01 -3.420201e+00 2.939693e+01
         vertex -2.844000e+01 -3.420201e+00 2.939693e+01
      endloop
   endfacet
   facet normal 0.000000e+00 -4.226184e-01 9.063077e-01
      outer loop
         vertex -2.844000e+01 -3.420201e+00 2.939693e+01
         vertex -3.344000e+01 -3.420201e+00 2.939693e+01
         vertex -3.344000e+01 -5.000000e+00 2.866025e+01
      endloop
   endfacet
   facet normal 0.000000e+00 -4.226184e-01 9.063077e-01
      outer loop
         vertex -2.844000e+01 -3.420201e+00 2.939693e+01
         vertex -3.344000e+01 -5.000000e+00 2.866025e+01
         vertex -2.844000e+01 -5.000000e+00 2.866025e+01
      endloop
   endfacet
   facet normal 0.000000e+00 -5.735766e-01 8.191519e-01
      outer loop
         vertex -2.844000e+01 -5.000000e+00 2.866025e+01
         vertex -3.344000e+01 -5.000000e+00 2.866025e+01
         vertex -3.344000e+01 -6.427876e+00 2.766044e+01
      endloop
   endfacet
   facet normal 0.000000e+00 -5.735766e-01 8.191519e-01
      outer loop
         vertex -2.844000e+01 -5.000000e+00 2.866025e+01
         vertex -3.344000e+01 -6.427876e+00 2.766044e+01
         vertex -2.844000e+01 -6.427876e+00 2.766044e+01
      endloop
   endfacet
   facet normal 0.000000e+00 -7.071068e-01 7.071068e-01
      outer loop
         vertex -2.844000e+01 -6.427876e+00 2.766044e+01
         vertex -3.344000e+01 -6.427876e+00 2.766044e+01
         vertex -3.344000e+01 -7.660444e+00 2.642788e+01
      endloop
   endfacet
   facet normal 0.000000e+00 -7.071068e-01 7.071068e-01
      outer loop
         vertex -2.844000e+01 -6.427876e+00 2.766044e+01
         vertex -3.344000e+01 -7.660444e+00 2.642788e+01
         vertex -2.844000e+01 -7.660444e+00 2.642788e+01
      endloop
   endfacet
   facet normal 0.000000e+00 -8.191520e-01 5.735765e-01
      outer loop
         vertex -2.844000e+01 -7.660444e+00 2.642788e+01
         vertex -3.344000e+01 -7.660444e+00 2.642788e+01
         vertex -3.344000e+01 -8.660254e+00 2.500000e+01
      endloop
   endfacet
   facet normal 0.000000e+00 -8.191520e-01 5.735765e-01
      outer loop
         vertex -2.844000e+01 -7.660444e+00 2.642788e+01
         vertex -3.344000e+01 -8.660254e+00 2.500000e+01
         vertex -2.844000e+01 -8.660254e+00 2.500000e+01
      endloop
   endfacet
   facet normal 0.000000e+00 -9.063077e-01 4.226183e-01
      outer loop
         vertex -2.844000e+01 -8.660254e+00 2.500000e+01
         vertex -3.344000e+01 -8.660254e+00 2.500000e+01
         vertex -3.344000e+01 -9.396926e+00 2.342020e+01
      endloop
   endfacet
   facet normal 0.000000e+00 -9.063077e-01 4.226183e-01
      outer loop
         vertex -2.844000e+01 -8.660254e+00 2.500000e+01
         vertex -3.344000e+01 -9.396926e+00 2.342020e+01
         vertex -2.844000e+01 -9.396926e+00 2.342020e+01
      endloop
   endfacet
   facet normal 0.000000e+00 -9.659258e-01 2.588191e-01
      outer loop
         vertex -2.844000e+01 -9.396926e+00 2.342020e+01
         vertex -3.344000e+01 -9.396926e+00 2.342020e+01
         vertex -3.344000e+01 -9.848078e+00 2.173648e+01
      endloop
   endfacet
   facet normal 0.000000e+00 -9.659258e-01 2.588191e-01
      outer loop
         vertex -2.844000e+01 -9.396926e+00 2.342020e+01
         vertex -3.344000e+01 -9.848078e+00 2.173648e+01
         vertex -2.844000e+01 -9.848078e+00 2.173648e+01
      endloop
   endfacet
   facet normal 0.000000e+00 -9.961947e-01 8.715543e-02
      outer loop
         vertex -2.844000e+01 -9.848078e+00 2.173648e+01
         vertex -3.344000e+01 -9.848078e+00 2.173648e+01
         vertex -3.344000e+01 -1.000000e+01 2.000000e+01
      endloop
   endfacet
   facet normal 0.000000e+00 -9.961947e-01 8.715543e-02
      outer loop
         vertex -2.844000e+01 -9.848078e+00 2.173648e+01
         vertex -3.344000e+01 -1.000000e+01 2.000000e+01
         vertex -2.844000e+01 -1.000000e+01 2.000000e+01
      endloop
   endfacet
   facet normal -0.000000e+00 -9.961947e-01 -8.715552e-02
      outer loop
         vertex -2.844000e+01 -1.000000e+01 2.000000e+01
         vertex -3.344000e+01 -1.000000e+01 2.000000e+01
         vertex -3.344000e+01 -9.848078e+00 1.826352e+01
      endloop
   endfacet
   facet normal 0.000000e+00 -9.961947e-01 -8.715552e-02
      outer loop
         vertex -2.844000e+01 -1.000000e+01 2.000000e+01
         vertex -3.344000e+01 -9.848078e+00 1.826352e+01
         vertex -2.844000e+01 -9.848078e+00 1.826352e+01
      endloop
   endfacet
   facet normal -0.000000e+00 -9.659258e-01 -2.588191e-01
      outer loop
         vertex -2.844000e+01 -9.848078e+00 1.826352e+01
         vertex -3.344000e+01 -9.848078e+00 1.826352e+01
         vertex -3.344000e+01 -9.396926e+00 1.657980e+01
      endloop
   endfacet
   facet normal 0.000000e+00 -9.659258e-01 -2.588191e-01
      outer loop
         vertex -2.844000e+01 -9.848078e+00 1.826352e+01
         vertex -3.344000e+01 -9.396926e+00 1.657980e+01
         vertex -2.844000e+01 -9.396926e+00 1.657980e+01
      endloop
   endfacet
   facet normal -0.000000e+00 -9.063078e-01 -4.226181e-01
      outer loop
         vertex -2.844000e+01 -9.396926e+00 1.657980e+01
         vertex -3.344000e+01 -9.396926e+00 1.657980e+01
         vertex -3.344000e+01 -8.660254e+00 1.500000e+01
      endloop
   endfacet
   facet normal 0.000000e+00 -9.063078e-01 -4.226181e-01
      outer loop
         vertex -2.844000e+01 -9.396926e+00 1.657980e+01
         vertex -3.344000e+01 -8.660254e+00 1.500000e+01
         vertex -2.844000e+01 -8.660254e+00 1.500000e+01
      endloop
   endfacet
   facet normal -0.000000e+00 -8.191520e-01 -5.735765e-01
      outer loop
         vertex -2.844000e+01 -8.660254e+00 1.500000e+01
         vertex -3.344000e+01 -8.660254e+00 1.500000e+01
         vertex -3.344000e+01 -7.660444e+00 1.357212e+01
      endloop
   endfacet
   facet normal 0.000000e+00 -8.191520e-01 -5.735765e-01
      outer loop
         vertex -2.844000e+01 -8.660254e+00 1.500000e+01
         vertex -3.344000e+01 -7.660444e+00 1.357212e+01
         vertex -2.844000e+01 -7.660444e+00 1.357212e+01
      endloop
   endfacet
   facet normal -0.000000e+00 -7.071068e-01 -7.071068e-01
      outer loop
         vertex -2.844000e+01 -7.660444e+00 1.357212e+01
         vertex -3.344000e+01 -7.660444e+00 1.357212e+01
         vertex -3.344000e+01 -6.427876e+00 1.233956e+01
      endloop
   endfacet
   facet normal 0.000000e+00 -7.071068e-01 -7.071068e-01
      outer loop
         vertex -2.844000e+01 -7.660444e+00 1.357212e+01
         vertex -3.344000e+01 -6.427876e+00 1.233956e+01
         vertex -2.844000e+01 -6.427876e+00 1.233956e+01
      endloop
   endfacet
   facet normal -0.000000e+00 -5.735762e-01 -8.191522e-01
      outer loop
         vertex -2.844000e+01 -6.427876e+00 1.233956e+01
         vertex -3.344000e+01 -6.427876e+00 1.233956e+01
         vertex -3.344000e+01 -5.000000e+00 1.133975e+01
      endloop
   endfacet
   facet normal 0.000000e+00 -5.735762e-01 -8.191522e-01
      outer loop
         vertex -2.844000e+01 -6.427876e+00 1.233956e+01
         vertex -3.344000e+01 -5.000000e+00 1.133975e+01
         vertex -2.844000e+01 -5.000000e+00 1.133975e+01
      endloop
   endfacet
   facet normal -0.000000e+00 -4.226184e-01 -9.063077e-01
      outer loop
         vertex -2.844000e+01 -5.000000e+00 1.133975e+01
         vertex -3.344000e+01 -5.000000e+00 1.133975e+01
         vertex -3.344000e+01 -3.420201e+00 1.060307e+01
      endloop
   endfacet
   facet normal 0.000000e+00 -4.226184e-01 -9.063077e-01
      outer loop
         vertex -2.844000e+01 -5.000000e+00 1.133975e+01
         vertex -3.344000e+01 -3.420201e+00 1.060307e+01
         vertex -2.844000e+01 -3.420201e+00 1.060307e+01
      endloop
   endfacet
   facet normal -0.000000e+00 -2.588190e-01 -9.659258e-01
      outer loop
         vertex -2.844000e+01 -3.420201e+00 1.060307e+01
         vertex -3.344000e+01 -3.420201e+00 1.060307e+01
         vertex -3.344000e+01 -1.736482e+00 1.015192e+01
      endloop
   endfacet
   facet normal 0.000000e+00 -2.588190e-01 -9.659258e-01
      outer loop
         vertex -2.844000e+01 -3.420201e+00 1.060307e+01
         vertex -3.344000e+01 -1.736482e+00 1.015192e+01
         vertex -2.844000e+01 -1.736482e+00 1.015192e+01
      endloop
   endfacet
   facet normal -0.000000e+00 -8.715600e-02 -9.961947e-01
      outer loop
         vertex -2.844000e+01 -1.736482e+00 1.015192e+01
         vertex -3.344000e+01 -1.736482e+00 1.015192e+01
         vertex -3.344000e+01 -5.406764e-15 1.000000e+01
      endloop
   endfacet
   facet normal 0.000000e+00 -8.715600e-02 -9.961947e-01
      outer loop
         vertex -2.844000e+01 -1.736482e+00 1.015192e+01
         vertex -3.344000e+01 -5.406764e-15 1.000000e+01
         vertex -2.844000e+01 -5.406764e-15 1.000000e+01
      endloop
   endfacet
   facet normal 0.000000e+00 8.715600e-02 -9.961947e-01
      outer loop
         vertex -2.844000e+01 -5.406764e-15 1.000000e+01
         vertex -3.344000e+01 -5.406764e-15 1.000000e+01
         vertex -3.344000e+01 1.736482e+00 1.015192e+01
      endloop
   endfacet
   facet normal 0.000000e+00 8.715600e-02 -9.961947e-01
      outer loop
         vertex -2.844000e+01 -5.406764e-15 1.000000e+01
         vertex -3.344000e+01 1.736482e+00 1.015192e+01
         vertex -2.844000e+01 1.736482e+00 1.015192e+01
      endloop
   endfacet
   facet normal 0.000000e+00 2.588190e-01 -9.659258e-01
      outer loop
         vertex -2.844000e+01 1.736482e+00 1.015192e+01
         vertex -3.344000e+01 1.736482e+00 1.015192e+01
         vertex -3.344000e+01 3.420201e+00 1.060307e+01
      endloop
   endfacet
   facet normal 0.000000e+00 2.588190e-01 -9.659258e-01
      outer loop
         vertex -2.844000e+01 1.736482e+00 1.015192e+01
         vertex -3.344000e+01 3.420201e+00 1.060307e+01
         vertex -2.844000e+01 3.420201e+00 1.060307e+01
      endloop
   endfacet
   facet normal 0.000000e+00 4.226184e-01 -9.063077e-01
      outer loop
         vertex -2.844000e+01 3.420201e+00 1.060307e+01
         vertex -3.344000e+01 3.420201e+00 1.060307e+01
         vertex -3.344000e+01 5.000000e+00 1.133975e+01
      endloop
   endfacet
   facet normal 0.000000e+00 4.226184e-01 -9.063077e-01
      outer loop
         vertex -2.844000e+01 3.420201e+00 1.060307e+01
         vertex -3.344000e+01 5.000000e+00 1.133975e+01
         vertex -2.844000e+01 5.000000e+00 1.133975e+01
      endloop
   endfacet
   facet normal 0.000000e+00 5.735762e-01 -8.191522e-01
      outer loop
         vertex -2.844000e+01 5.000000e+00 1.133975e+01
         vertex -3.344000e+01 5.000000e+00 1.133975e+01
         vertex -3.344000e+01 6.427876e+00 1.233956e+01
      endloop
   endfacet
   facet normal 0.000000e+00 5.735762e-01 -8.191522e-01
      outer loop
         vertex -2.844000e+01 5.000000e+00 1.133975e+01
         vertex -3.344000e+01 6.427876e+00 1.233956e+01
         vertex -2.844000e+01 6.427876e+00 1.233956e+01
      endloop
   endfacet
   facet normal 0.000000e+00 7.071068e-01 -7.071068e-01
      outer loop
         vertex -2.844000e+01 6.427876e+00 1.233956e+01
         vertex -3.344000e+01 6.427876e+00 1.233956e+01
         vertex -3.344000e+01 7.660444e+00 1.357212e+01
      endloop
   endfacet
   facet normal 0.000000e+00 7.071068e-01 -7.071068e-01
      outer loop
         vertex -2.844000e+01 6.427876e+00 1.233956e+01
         vertex -3.344000e+01 7.660444e+00 1.357212e+01
         vertex -2.844000e+01 7.660444e+00 1.357212e+01
      endloop
   endfacet
   facet normal 0.000000e+00 8.191520e-01 -5.735765e-01
      outer loop
         vertex -2.844000e+01 7.660444e+00 1.357212e+01
         vertex -3.344000e+01 7.660444e+00 1.357212e+01
         vertex -3.344000e+01 8.660254e+00 1.500000e+01
      endloop
   endfacet
   facet normal 0.000000e+00 8.191520e-01 -5.735765e-01
      outer loop
         vertex -2.844000e+01 7.660444e+00 1.357212e+01
         vertex -3.344000e+01 8.660254e+00 1.500000e+01
         vertex -2.844000e+01 8.660254e+00 1.500000e+01
      endloop
   endfacet
   facet normal 0.000000e+00 9.063078e-01 -4.226181e-01
      outer loop
         vertex -2.844000e+01 8.660254e+00 1.500000e+01
         vertex -3.344000e+01 8.660254e+00 1.500000e+01
         vertex -3.344000e+01 9.396926e+00 1.657980e+01
      endloop
   endfacet
   facet normal 0.000000e+00 9.063078e-01 -4.226181e-01
      outer loop
         vertex -2.844000e+01 8.660254e+00 1.500000e+01
         vertex -3.344000e+01 9.396926e+00 1.657980e+01
         vertex -2.844000e+01 9.396926e+00 1.657980e+01
      endloop
   endfacet
   facet normal 0.000000e+00 9.659258e-01 -2.588191e-01
      outer loop
         vertex -2.844000e+01 9.396926e+00 1.657980e+01
         vertex -3.344000e+01 9.396926e+00 1.657980e+01
         vertex -3.344000e+01 9.848078e+00 1.826352e+01
      endloop
   endfacet
   facet normal 0.000000e+00 9.659258e-01 -2.588191e-01
      outer loop
         vertex -2.844000e+01 9.396926e+00 1.657980e+01
         vertex -3.344000e+01 9.848078e+00 1.826352e+01
         vertex -2.844000e+01 9.848078e+00 1.826352e+01
      endloop
   endfacet
   facet normal 0.000000e+00 9.961947e-01 -8.715552e-02
      outer loop
         vertex -2.844000e+01 9.848078e+00 1.826352e+01
         vertex -3.344000e+01 9.848078e+00 1.826352e+01
         vertex -3.344000e+01 1.000000e+01 2.000000e+01
      endloop
   endfacet
   facet normal 0.000000e+00 9.961947e-01 -8.715552e-02
      outer loop
         vertex -2.844000e+01 9.848078e+00 1.826352e+01
         vertex -3.344000e+01 1.000000e+01 2.000000e+01
         vertex -2.844000e+01 1.000000e+01 2.000000e+01
      endloop
   endfacet
   facet normal 0.000000e+00 9.961947e-01 8.715543e-02
      outer loop
         vertex -2.844000e+01 1.000000e+01 2.000000e+01
         vertex -3.344000e+01 1.000000e+01 2.000000e+01
         vertex -3.344000e+01 9.848078e+00 2.173648e+01
      endloop
   endfacet
   facet normal -1.000000e+00 0.000000e+00 0.000000e+00
      outer loop
         vertex -3.344000e+01 -9.396926e+00 1.657980e+01
         vertex -3.344000e+01 -9.848078e+00 1.826352e+01
         vertex -3.344000e+01 -3.569794e-15 2.000000e+01
      endloop
   endfacet
   facet normal -1.000000e+00 -0.000000e+00 0.000000e+00
      outer loop
         vertex -3.344000e+01 -3.569794e-15 2.000000e+01
         vertex -3.344000e+01 -9.848078e+00 1.826352e+01
         vertex -3.344000e+01 -1.000000e+01 2.000000e+01
      endloop
   endfacet
   facet normal -1.000000e+00 0.000000e+00 0.000000e+00
      outer loop
         vertex -3.344000e+01 -3.569794e-15 2.000000e+01
         vertex -3.344000e+01 -1.000000e+01 2.000000e+01
         vertex -3.344000e+01 -9.848078e+00 2.173648e+01
      endloop
   endfacet
   facet normal -1.000000e+00 0.000000e+00 0.000000e+00
      outer loop
         vertex -3.344000e+01 -6.427876e+00 1.233956e+01
         vertex -3.344000e+01 -7.660444e+00 1.357212e+01
         vertex -3.344000e+01 -3.569794e-15 2.000000e+01
      endloop
   endfacet
   facet normal -1.000000e+00 0.000000e+00 0.000000e+00
      outer loop
         vertex -3.344000e+01 -3.569794e-15 2.000000e+01
         vertex -3.344000e+01 -7.660444e+00 1.357212e+01
         vertex -3.344000e+01 -8.660254e+00 1.500000e+01
      endloop
   endfacet
   facet normal -1.000000e+00 0.000000e+00 0.000000e+00
      outer loop
         vertex -3.344000e+01 -3.569794e-15 2.000000e+01
         vertex -3.344000e+01 -8.660254e+00 1.500000e+01
         vertex -3.344000e+01 -9.396926e+00 1.657980e+01
      endloop
   endfacet
   facet normal -1.000000e+00 0.000000e+00 0.000000e+00
      outer loop
         vertex -3.344000e+01 -1.736482e+00 1.015192e+01
         vertex -3.344000e+01 -3.420201e+00 1.060307e+01
         vertex -3.344000e+01 -3.569794e-15 2.000000e+01
      endloop
   endfacet
   facet normal -1.000000e+00 0.000000e+00 0.000000e+00
      outer loop
         vertex -3.344000e+01 -3.569794e-15 2.000000e+01
         vertex -3.344000e+01 -3.420201e+00 1.060307e+01
         vertex -3.344000e+01 -5.000000e+00 1.133975e+01
      endloop
   endfacet
   facet normal -1.000000e+00 0.000000e+00 0.000000e+00
      outer loop
         vertex -3.344000e+01 -3.569794e-15 2.000000e+01
         vertex -3.344000e+01 -5.000000e+00 1.133975e+01
         vertex -3.344000e+01 -6.427876e+00 1.233956e+01
      endloop
   endfacet
   facet normal -1.000000e+00 -0.000000e+00 0.000000e+00
      outer loop
         vertex -3.344000e+01 3.420201e+00 1.060307e+01
         vertex -3.344000e+01 1.736482e+00 1.015192e+01
         vertex -3.344000e+01 -3.569794e-15 2.000000e+01
      endloop
   endfacet
   facet normal -1.000000e+00 0.000000e+00 -0.000000e+00
      outer loop
         vertex -3.344000e+01 -3.569794e-15 2.000000e+01
         vertex -3.344000e+01 1.736482e+00 1.015192e+01
         vertex -3.344000e+01 -5.406764e-15 1.000000e+01
      endloop
   endfacet
   facet normal -1.000000e+00 0.000000e+00 0.000000e+00
      outer loop
         vertex -3.344000e+01 -3.569794e-15 2.000000e+01
         vertex -3.344000e+01 -5.406764e-15 1.000000e+01
         vertex -3.344000e+01 -1.736482e+00 1.015192e+01
      endloop
   endfacet
   facet normal -1.000000e+00 -0.000000e+00 0.000000e+00
      outer loop
         vertex -3.344000e+01 7.660444e+00 1.357212e+01
         vertex -3.344000e+01 6.427876e+00 1.233956e+01
         vertex -3.344000e+01 -3.569794e-15 2.000000e+01
      endloop
   endfacet
   facet normal -1.000000e+00 0.000000e+00 0.000000e+00
      outer loop
         vertex -3.344000e+01 -3.569794e-15 2.000000e+01
         vertex -3.344000e+01 6.427876e+00 1.233956e+01
         vertex -3.344000e+01 5.000000e+00 1.133975e+01
      endloop
   endfacet
   facet normal -1.000000e+00 0.000000e+00 0.000000e+00
      outer loop
         vertex -3.344000e+01 -3.569794e-15 2.000000e+01
         vertex -3.344000e+01 5.000000e+00 1.133975e+01
         vertex -3.344000e+01 3.420201e+00 1.060307e+01
      endloop
   endfacet
   facet normal -1.000000e+00 -0.000000e+00 0.000000e+00
      outer loop
         vertex -3.344000e+01 9.848078e+00 1.826352e+01
         vertex -3.344000e+01 9.396926e+00 1.657980e+01
         vertex -3.344000e+01 -3.569794e-15 2.000000e+01
      endloop
   endfacet
   facet normal -1.000000e+00 0.000000e+00 0.000000e+00
      outer loop
         vertex -3.344000e+01 -3.569794e-15 2.000000e+01
         vertex -3.344000e+01 9.396926e+00 1.657980e+01
         vertex -3.344000e+01 8.660254e+00 1.500000e+01
      endloop
   endfacet
   facet normal -1.000000e+00 0.000000e+00 0.000000e+00
      outer loop
         vertex -3.344000e+01 -3.569794e-15 2.000000e+01
         vertex -3.344000e+01 8.660254e+00 1.500000e+01
         vertex -3.344000e+01 7.660444e+00 1.357212e+01
      endloop
   endfacet
   facet normal -1.000000e+00 0.000000e+00 -0.000000e+00
      outer loop
         vertex -3.344000e+01 9.396926e+00 2.342020e+01
         vertex -3.344000e+01 9.848078e+00 2.173648e+01
         vertex -3.344000e+01 -3.569794e-15 2.000000e+01
      endloop
   endfacet
   facet normal -1.000000e+00 0.000000e+00 0.000000e+00
      outer loop
         vertex -3.344000e+01 -3.569794e-15 2.000000e+01
         vertex -3.344000e+01 9.848078e+00 2.173648e+01
         vertex -3.344000e+01 1.000000e+01 2.000000e+01
      endloop
   endfacet
   facet normal -1.000000e+00 0.000000e+00 0.000000e+00
      outer loop
         vertex -3.344000e+01 -3.569794e-15 2.000000e+01
         vertex -3.344000e+01 1.000000e+01 2.000000e+01
         vertex -3.344000e+01 9.848078e+00 1.826352e+01
      endloop
   endfacet
   facet normal -1.000000e+00 0.000000e+00 -0.000000e+00
      outer loop
         vertex -3.344000e+01 6.427876e+00 2.766044e+01
         vertex -3.344000e+01 7.660444e+00 2.642788e+01
         vertex -3.344000e+01 -3.569794e-15 2.000000e+01
      endloop
   endfacet
   facet normal -1.000000e+00 0.000000e+00 0.000000e+00
      outer loop
         vertex -3.344000e+01 -3.569794e-15 2.000000e+01
         vertex -3.344000e+01 7.660444e+00 2.642788e+01
         vertex -3.344000e+01 8.660254e+00 2.500000e+01
      endloop
   endfacet
   facet normal -1.000000e+00 0.000000e+00 0.000000e+00
      outer loop
         vertex -3.344000e+01 -3.569794e-15 2.000000e+01
         vertex -3.344000e+01 8.660254e+00 2.500000e+01
         vertex -3.344000e+01 9.396926e+00 2.342020e+01
      endloop
   endfacet
   facet normal -1.000000e+00 0.000000e+00 -0.000000e+00
      outer loop
         vertex -3.344000e+01 1.736482e+00 2.984808e+01
         vertex -3.344000e+01 3.420201e+00 2.939693e+01
         vertex -3.344000e+01 -3.569794e-15 2.000000e+01
      endloop
   endfacet
   facet normal -1.000000e+00 0.000000e+00 0.000000e+00
      outer loop
         vertex -3.344000e+01 -3.569794e-15 2.000000e+01
         vertex -3.344000e+01 3.420201e+00 2.939693e+01
         vertex -3.344000e+01 5.000000e+00 2.866025e+01
      endloop
   endfacet
   facet normal -1.000000e+00 0.000000e+00 0.000000e+00
      outer loop
         vertex -3.344000e+01 -3.569794e-15 2.000000e+01
         vertex -3.344000e+01 5.000000e+00 2.866025e+01
         vertex -3.344000e+01 6.427876e+00 2.766044e+01
      endloop
   endfacet
   facet normal -1.000000e+00 0.000000e+00 0.000000e+00
      outer loop
         vertex -3.344000e+01 -3.420201e+00 2.939693e+01
         vertex -3.344000e+01 -1.736482e+00 2.984808e+01
         vertex -3.344000e+01 -3.569794e-15 2.000000e+01
      endloop
   endfacet
   facet normal -1.000000e+00 0.000000e+00 0.000000e+00
      outer loop
         vertex -3.344000e+01 -3.569794e-15 2.000000e+01
         vertex -3.344000e+01 -1.736482e+00 2.984808e+01
         vertex -3.344000e+01 -2.957471e-15 3.000000e+01
      endloop
   endfacet
   facet normal -1.000000e+00 0.000000e+00 0.000000e+00
      outer loop
         vertex -3.344000e+01 -3.569794e-15 2.000000e+01
         vertex -3.344000e+01 -2.957471e-15 3.000000e+01
         vertex -3.344000e+01 1.736482e+00 2.984808e+01
      endloop
   endfacet
   facet normal -1.000000e+00 0.000000e+00 0.000000e+00
      outer loop
         vertex -3.344000e+01 -7.660444e+00 2.642788e+01
         vertex -3.344000e+01 -6.427876e+00 2.766044e+01
         vertex -3.344000e+01 -3.569794e-15 2.000000e+01
      endloop
   endfacet
   facet normal -1.000000e+00 0.000000e+00 0.000000e+00
      outer loop
         vertex -3.344000e+01 -3.569794e-15 2.000000e+01
         vertex -3.344000e+01 -6.427876e+00 2.766044e+01
         vertex -3.344000e+01 -5.000000e+00 2.866025e+01
      endloop
   endfacet
   facet normal -1.000000e+00 0.000000e+00 0.000000e+00
      outer loop
         vertex -3.344000e+01 -3.569794e-15 2.000000e+01
         vertex -3.344000e+01 -5.000000e+00 2.866025e+01
         vertex -3.344000e+01 -3.420201e+00 2.939693e+01
      endloop
   endfacet
   facet normal -1.000000e+00 0.000000e+00 0.000000e+00
      outer loop
         vertex -3.344000e+01 -9.848078e+00 2.173648e+01
         vertex -3.344000e+01 -9.396926e+00 2.342020e+01
         vertex -3.344000e+01 -3.569794e-15 2.000000e+01
      endloop
   endfacet
   facet normal -1.000000e+00 0.000000e+00 0.000000e+00
      outer loop
         vertex -3.344000e+01 -3.569794e-15 2.000000e+01
         vertex -3.344000e+01 -9.396926e+00 2.342020e+01
         vertex -3.344000e+01 -8.660254e+00 2.500000e+01
      endloop
   endfacet
   facet normal -1.000000e+00 0.000000e+00 0.000000e+00
      outer loop
         vertex -3.344000e+01 -3.569794e-15 2.000000e+01
         vertex -3.344000e+01 -8.660254e+00 2.500000e+01
         vertex -3.344000e+01 -7.660444e+00 2.642788e+01
      endloop
   endfacet
   facet normal 0.000000e+00 -9.961947e-01 8.715543e-02
      outer loop
         vertex 2.844000e+01 -1.000000e+01 2.000000e+01
         vertex 3.344000e+01 -9.848078e+00 2.173648e+01
         vertex 2.844000e+01 -9.848078e+00 2.173648e+01
      endloop
   endfacet
   facet normal 0.000000e+00 -9.659258e-01 2.588191e-01
      outer loop
         vertex 2.844000e+01 -9.848078e+00 2.173648e+01
         vertex 3.344000e+01 -9.848078e+00 2.173648e+01
         vertex 3.344000e+01 -9.396926e+00 2.342020e+01
      endloop
   endfacet
   facet normal 0.000000e+00 -9.659258e-01 2.588191e-01
      outer loop
         vertex 2.844000e+01 -9.848078e+00 2.173648e+01
         vertex 3.344000e+01 -9.396926e+00 2.342020e+01
         vertex 2.844000e+01 -9.396926e+00 2.342020e+01
      endloop
   endfacet
   facet normal 0.000000e+00 -9.063077e-01 4.226183e-01
      outer loop
         vertex 2.844000e+01 -9.396926e+00 2.342020e+01
         vertex 3.344000e+01 -9.396926e+00 2.342020e+01
         vertex 3.344000e+01 -8.660254e+00 2.500000e+01
      endloop
   endfacet
   facet normal 0.000000e+00 -9.063077e-01 4.226183e-01
      outer loop
         vertex 2.844000e+01 -9.396926e+00 2.342020e+01
         vertex 3.344000e+01 -8.660254e+00 2.500000e+01
         vertex 2.844000e+01 -8.660254e+00 2.500000e+01
      endloop
   endfacet
   facet normal 0.000000e+00 -8.191520e-01 5.735765e-01
      outer loop
         vertex 2.844000e+01 -8.660254e+00 2.500000e+01
         vertex 3.344000e+01 -8.660254e+00 2.500000e+01
         vertex 3.344000e+01 -7.660444e+00 2.642788e+01
      endloop
   endfacet
   facet normal 0.000000e+00 -8.191520e-01 5.735765e-01
      outer loop
         vertex 2.844000e+01 -8.660254e+00 2.500000e+01
         vertex 3.344000e+01 -7.660444e+00 2.642788e+01
         vertex 2.844000e+01 -7.660444e+00 2.642788e+01
      endloop
   endfacet
   facet normal 0.000000e+00 -7.071068e-01 7.071068e-01
      outer loop
         vertex 2.844000e+01 -7.660444e+00 2.642788e+01
         vertex 3.344000e+01 -7.660444e+00 2.642788e+01
         vertex 3.344000e+01 -6.427876e+00 2.766044e+01
      endloop
   endfacet
   facet normal 0.000000e+00 -7.071068e-01 7.071068e-01
      outer loop
         vertex 2.844000e+01 -7.660444e+00 2.642788e+01
         vertex 3.344000e+01 -6.427876e+00 2.766044e+01
         vertex 2.844000e+01 -6.427876e+00 2.766044e+01
      endloop
   endfacet
   facet normal 0.000000e+00 -5.735766e-01 8.191519e-01
      outer loop
         vertex 2.844000e+01 -6.427876e+00 2.766044e+01
         vertex 3.344000e+01 -6.427876e+00 2.766044e+01
         vertex 3.344000e+01 -5.000000e+00 2.866025e+01
      endloop
   endfacet
   facet normal 0.000000e+00 -5.735766e-01 8.191519e-01
      outer loop
         vertex 2.844000e+01 -6.427876e+00 2.766044e+01
         vertex 3.344000e+01 -5.000000e+00 2.866025e+01
         vertex 2.844000e+01 -5.000000e+00 2.866025e+01
      endloop
   endfacet
   facet normal 0.000000e+00 -4.226184e-01 9.063077e-01
      outer loop
         vertex 2.844000e+01 -5.000000e+00 2.866025e+01
         vertex 3.344000e+01 -5.000000e+00 2.866025e+01
         vertex 3.344000e+01 -3.420201e+00 2.939693e+01
      endloop
   endfacet
   facet normal 0.000000e+00 -4.226184e-01 9.063077e-01
      outer loop
         vertex 2.844000e+01 -5.000000e+00 2.866025e+01
         vertex 3.344000e+01 -3.420201e+00 2.939693e+01
         vertex 2.844000e+01 -3.420201e+00 2.939693e+01
      endloop
   endfacet
   facet normal 0.000000e+00 -2.588190e-01 9.659258e-01
      outer loop
         vertex 2.844000e+01 -3.420201e+00 2.939693e+01
         vertex 3.344000e+01 -3.420201e+00 2.939693e+01
         vertex 3.344000e+01 -1.736482e+00 2.984808e+01
      endloop
   endfacet
   facet normal 0.000000e+00 -2.588190e-01 9.659258e-01
      outer loop
         vertex 2.844000e+01 -3.420201e+00 2.939693e+01
         vertex 3.344000e+01 -1.736482e+00 2.984808e+01
         vertex 2.844000e+01 -1.736482e+00 2.984808e+01
      endloop
   endfacet
   facet normal 0.000000e+00 -8.715494e-02 9.961948e-01
      outer loop
         vertex 2.844000e+01 -1.736482e+00 2.984808e+01
         vertex 3.344000e+01 -1.736482e+00 2.984808e+01
         vertex 3.344000e+01 2.957471e-15 3.000000e+01
      endloop
   endfacet
   facet normal 0.000000e+00 -8.715494e-02 9.961948e-01
      outer loop
         vertex 2.844000e+01 -1.736482e+00 2.984808e+01
         vertex 3.344000e+01 2.957471e-15 3.000000e+01
         vertex 2.844000e+01 2.957471e-15 3.000000e+01
      endloop
   endfacet
   facet normal -0.000000e+00 8.715494e-02 9.961948e-01
      outer loop
         vertex 2.844000e+01 2.957471e-15 3.000000e+01
         vertex 3.344000e+01 2.957471e-15 3.000000e+01
         vertex 3.344000e+01 1.736482e+00 2.984808e+01
      endloop
   endfacet
   facet normal 0.000000e+00 8.715494e-02 9.961948e-01
      outer loop
         vertex 2.844000e+01 2.957471e-15 3.000000e+01
         vertex 3.344000e+01 1.736482e+00 2.984808e+01
         vertex 2.844000e+01 1.736482e+00 2.984808e+01
      endloop
   endfacet
   facet normal -0.000000e+00 2.588190e-01 9.659258e-01
      outer loop
         vertex 2.844000e+01 1.736482e+00 2.984808e+01
         vertex 3.344000e+01 1.736482e+00 2.984808e+01
         vertex 3.344000e+01 3.420201e+00 2.939693e+01
      endloop
   endfacet
   facet normal 0.000000e+00 2.588190e-01 9.659258e-01
      outer loop
         vertex 2.844000e+01 1.736482e+00 2.984808e+01
         vertex 3.344000e+01 3.420201e+00 2.939693e+01
         vertex 2.844000e+01 3.420201e+00 2.939693e+01
      endloop
   endfacet
   facet normal -0.000000e+00 4.226184e-01 9.063077e-01
      outer loop
         vertex 2.844000e+01 3.420201e+00 2.939693e+01
         vertex 3.344000e+01 3.420201e+00 2.939693e+01
         vertex 3.344000e+01 5.000000e+00 2.866025e+01
      endloop
   endfacet
   facet normal 0.000000e+00 4.226184e-01 9.063077e-01
      outer loop
         vertex 2.844000e+01 3.420201e+00 2.939693e+01
         vertex 3.344000e+01 5.000000e+00 2.866025e+01
         vertex 2.844000e+01 5.000000e+00 2.866025e+01
      endloop
   endfacet
   facet normal -0.000000e+00 5.735766e-01 8.191519e-01
      outer loop
         vertex 2.844000e+01 5.000000e+00 2.866025e+01
         vertex 3.344000e+01 5.000000e+00 2.866025e+01
         vertex 3.344000e+01 6.427876e+00 2.766044e+01
      endloop
   endfacet
   facet normal 0.000000e+00 5.735766e-01 8.191519e-01
      outer loop
         vertex 2.844000e+01 5.000000e+00 2.866025e+01
         vertex 3.344000e+01 6.427876e+00 2.766044e+01
         vertex 2.844000e+01 6.427876e+00 2.766044e+01
      endloop
   endfacet
   facet normal -0.000000e+00 7.071068e-01 7.071068e-01
      outer loop
         vertex 2.844000e+01 6.427876e+00 2.766044e+01
         vertex 3.344000e+01 6.427876e+00 2.766044e+01
         vertex 3.344000e+01 7.660444e+00 2.642788e+01
      endloop
   endfacet
   facet normal 0.000000e+00 7.071068e-01 7.071068e-01
      outer loop
         vertex 2.844000e+01 6.427876e+00 2.766044e+01
         vertex 3.344000e+01 7.660444e+00 2.642788e+01
         vertex 2.844000e+01 7.660444e+00 2.642788e+01
      endloop
   endfacet
   facet normal -0.000000e+00 8.191520e-01 5.735765e-01
      outer loop
         vertex 2.844000e+01 7.660444e+00 2.642788e+01
         vertex 3.344000e+01 7.660444e+00 2.642788e+01
         vertex 3.344000e+01 8.660254e+00 2.500000e+01
      endloop
   endfacet
   facet normal 0.000000e+00 8.191520e-01 5.735765e-01
      outer loop
         vertex 2.844000e+01 7.660444e+00 2.642788e+01
         vertex 3.344000e+01 8.660254e+00 2.500000e+01
         vertex 2.844000e+01 8.660254e+00 2.500000e+01
      endloop
   endfacet
   facet normal -0.000000e+00 9.063077e-01 4.226183e-01
      outer loop
         vertex 2.844000e+01 8.660254e+00 2.500000e+01
         vertex 3.344000e+01 8.660254e+00 2.500000e+01
         vertex 3.344000e+01 9.396926e+00 2.342020e+01
      endloop
   endfacet
   facet normal 0.000000e+00 9.063077e-01 4.226183e-01
      outer loop
         vertex 2.844000e+01 8.660254e+00 2.500000e+01
         vertex 3.344000e+01 9.396926e+00 2.342020e+01
         vertex 2.844000e+01 9.396926e+00 2.342020e+01
      endloop
   endfacet
   facet normal -0.000000e+00 9.659258e-01 2.588191e-01
      outer loop
         vertex 2.844000e+01 9.396926e+00 2.342020e+01
         vertex 3.344000e+01 9.396926e+00 2.342020e+01
         vertex 3.344000e+01 9.848078e+00 2.173648e+01
      endloop
   endfacet
   facet normal 0.000000e+00 9.659258e-01 2.588191e-01
      outer loop
         vertex 2.844000e+01 9.396926e+00 2.342020e+01
         vertex 3.344000e+01 9.848078e+00 2.173648e+01
         vertex 2.844000e+01 9.848078e+00 2.173648e+01
      endloop
   endfacet
   facet normal -0.000000e+00 9.961947e-01 8.715543e-02
      outer loop
         vertex 2.844000e+01 9.848078e+00 2.173648e+01
         vertex 3.344000e+01 9.848078e+00 2.173648e+01
         vertex 3.344000e+01 1.000000e+01 2.000000e+01
      endloop
   endfacet
   facet normal 0.000000e+00 9.961947e-01 8.715543e-02
      outer loop
         vertex 2.844000e+01 9.848078e+00 2.173648e+01
         vertex 3.344000e+01 1.000000e+01 2.000000e+01
         vertex 2.844000e+01 1.000000e+01 2.000000e+01
      endloop
   endfacet
   facet normal 0.000000e+00 9.961947e-01 -8.715552e-02
      outer loop
         vertex 2.844000e+01 1.000000e+01 2.000000e+01
         vertex 3.344000e+01 1.000000e+01 2.000000e+01
         vertex 3.344000e+01 9.848078e+00 1.826352e+01
      endloop
   endfacet
   facet normal 0.000000e+00 9.961947e-01 -8.715552e-02
      outer loop
         vertex 2.844000e+01 1.000000e+01 2.000000e+01
         vertex 3.344000e+01 9.848078e+00 1.826352e+01
         vertex 2.844000e+01 9.848078e+00 1.826352e+01
      endloop
   endfacet
   facet normal 0.000000e+00 9.659258e-01 -2.588191e-01
      outer loop
         vertex 2.844000e+01 9.848078e+00 1.826352e+01
         vertex 3.344000e+01 9.848078e+00 1.826352e+01
         vertex 3.344000e+01 9.396926e+00 1.657980e+01
      endloop
   endfacet
   facet normal 0.000000e+00 9.659258e-01 -2.588191e-01
      outer loop
         vertex 2.844000e+01 9.848078e+00 1.826352e+01
         vertex 3.344000e+01 9.396926e+00 1.657980e+01
         vertex 2.844000e+01 9.396926e+00 1.657980e+01
      endloop
   endfacet
   facet normal 0.000000e+00 9.063078e-01 -4.226181e-01
      outer loop
         vertex 2.844000e+01 9.396926e+00 1.657980e+01
         vertex 3.344000e+01 9.396926e+00 1.657980e+01
         vertex 3.344000e+01 8.660254e+00 1.500000e+01
      endloop
   endfacet
   facet normal 0.000000e+00 9.063078e-01 -4.226181e-01
      outer loop
         vertex 2.844000e+01 9.396926e+00 1.657980e+01
         vertex 3.344000e+01 8.660254e+00 1.500000e+01
         vertex 2.844000e+01 8.660254e+00 1.500000e+01
      endloop
   endfacet
   facet normal 0.000000e+00 8.191520e-01 -5.735765e-01
      outer loop
         vertex 2.844000e+01 8.660254e+00 1.500000e+01
         vertex 3.344000e+01 8.660254e+00 1.500000e+01
         vertex 3.344000e+01 7.660444e+00 1.357212e+01
      endloop
   endfacet
   facet normal 0.000000e+00 8.191520e-01 -5.735765e-01
      outer loop
         vertex 2.844000e+01 8.660254e+00 1.500000e+01
         vertex 3.344000e+01 7.660444e+00 1.357212e+01
         vertex 2.844000e+01 7.660444e+00 1.357212e+01
      endloop
   endfacet
   facet normal 0.000000e+00 7.071068e-01 -7.071068e-01
      outer loop
         vertex 2.844000e+01 7.660444e+00 1.357212e+01
         vertex 3.344000e+01 7.660444e+00 1.357212e+01
         vertex 3.344000e+01 6.427876e+00 1.233956e+01
      endloop
   endfacet
   facet normal 0.000000e+00 7.071068e-01 -7.071068e-01
      outer loop
         vertex 2.844000e+01 7.660444e+00 1.357212e+01
         vertex 3.344000e+01 6.427876e+00 1.233956e+01
         vertex 2.844000e+01 6.427876e+00 1.233956e+01
      endloop
   endfacet
   facet normal 0.000000e+00 5.735762e-01 -8.191522e-01
      outer loop
         vertex 2.844000e+01 6.427876e+00 1.233956e+01
         vertex 3.344000e+01 6.427876e+00 1.233956e+01
         vertex 3.344000e+01 5.000000e+00 1.133975e+01
      endloop
   endfacet
   facet normal 0.000000e+00 5.735762e-01 -8.191522e-01
      outer loop
         vertex 2.844000e+01 6.427876e+00 1.233956e+01
         vertex 3.344000e+01 5.000000e+00 1.133975e+01
         vertex 2.844000e+01 5.000000e+00 1.133975e+01
      endloop
   endfacet
   facet normal 0.000000e+00 4.226184e-01 -9.063077e-01
      outer loop
         vertex 2.844000e+01 5.000000e+00 1.133975e+01
         vertex 3.344000e+01 5.000000e+00 1.133975e+01
         vertex 3.344000e+01 3.420201e+00 1.060307e+01
      endloop
   endfacet
   facet normal 0.000000e+00 4.226184e-01 -9.063077e-01
      outer loop
         vertex 2.844000e+01 5.000000e+00 1.133975e+01
         vertex 3.344000e+01 3.420201e+00 1.060307e+01
         vertex 2.844000e+01 3.420201e+00 1.060307e+01
      endloop
   endfacet
   facet normal 0.000000e+00 2.588190e-01 -9.659258e-01
      outer loop
         vertex 2.844000e+01 3.420201e+00 1.060307e+01
         vertex 3.344000e+01 3.420201e+00 1.060307e+01
         vertex 3.344000e+01 1.736482e+00 1.015192e+01
      endloop
   endfacet
   facet normal 0.000000e+00 2.588190e-01 -9.659258e-01
      outer loop
         vertex 2.844000e+01 3.420201e+00 1.060307e+01
         vertex 3.344000e+01 1.736482e+00 1.015192e+01
         vertex 2.844000e+01 1.736482e+00 1.015192e+01
      endloop
   endfacet
   facet normal 0.000000e+00 8.715600e-02 -9.961947e-01
      outer loop
         vertex 2.844000e+01 1.736482e+00 1.015192e+01
         vertex 3.344000e+01 1.736482e+00 1.015192e+01
         vertex 3.344000e+01 5.406764e-15 1.000000e+01
      endloop
   endfacet
   facet normal 0.000000e+00 8.715600e-02 -9.961947e-01
      outer loop
         vertex 2.844000e+01 1.736482e+00 1.015192e+01
         vertex 3.344000e+01 5.406764e-15 1.000000e+01
         vertex 2.844000e+01 5.406764e-15 1.000000e+01
      endloop
   endfacet
   facet normal 0.000000e+00 -8.715600e-02 -9.961947e-01
      outer loop
         vertex 2.844000e+01 5.406764e-15 1.000000e+01
         vertex 3.344000e+01 5.406764e-15 1.000000e+01
         vertex 3.344000e+01 -1.736482e+00 1.015192e+01
      endloop
   endfacet
   facet normal 0.000000e+00 -8.715600e-02 -9.961947e-01
      outer loop
         vertex 2.844000e+01 5.406764e-15 1.000000e+01
         vertex 3.344000e+01 -1.736482e+00 1.015192e+01
         vertex 2.844000e+01 -1.736482e+00 1.015192e+01
      endloop
   endfacet
   facet normal 0.000000e+00 -2.588190e-01 -9.659258e-01
      outer loop
         vertex 2.844000e+01 -1.736482e+00 1.015192e+01
         vertex 3.344000e+01 -1.736482e+00 1.015192e+01
         vertex 3.344000e+01 -3.420201e+00 1.060307e+01
      endloop
   endfacet
   facet normal 0.000000e+00 -2.588190e-01 -9.659258e-01
      outer loop
         vertex 2.844000e+01 -1.736482e+00 1.015192e+01
         vertex 3.344000e+01 -3.420201e+00 1.060307e+01
         vertex 2.844000e+01 -3.420201e+00 1.060307e+01
      endloop
   endfacet
   facet normal 0.000000e+00 -4.226184e-01 -9.063077e-01
      outer loop
         vertex 2.844000e+01 -3.420201e+00 1.060307e+01
         vertex 3.344000e+01 -3.420201e+00 1.060307e+01
         vertex 3.344000e+01 -5.000000e+00 1.133975e+01
      endloop
   endfacet
   facet normal 0.000000e+00 -4.226184e-01 -9.063077e-01
      outer loop
         vertex 2.844000e+01 -3.420201e+00 1.060307e+01
         vertex 3.344000e+01 -5.000000e+00 1.133975e+01
         vertex 2.844000e+01 -5.000000e+00 1.133975e+01
      endloop
   endfacet
   facet normal 0.000000e+00 -5.735762e-01 -8.191522e-01
      outer loop
         vertex 2.844000e+01 -5.000000e+00 1.133975e+01
         vertex 3.344000e+01 -5.000000e+00 1.133975e+01
         vertex 3.344000e+01 -6.427876e+00 1.233956e+01
      endloop
   endfacet
   facet normal 0.000000e+00 -5.735762e-01 -8.191522e-01
      outer loop
         vertex 2.844000e+01 -5.000000e+00 1.133975e+01
         vertex 3.344000e+01 -6.427876e+00 1.233956e+01
         vertex 2.844000e+01 -6.427876e+00 1.233956e+01
      endloop
   endfacet
   facet normal 0.000000e+00 -7.071068e-01 -7.071068e-01
      outer loop
         vertex 2.844000e+01 -6.427876e+00 1.233956e+01
         vertex 3.344000e+01 -6.427876e+00 1.233956e+01
         vertex 3.344000e+01 -7.660444e+00 1.357212e+01
      endloop
   endfacet
   facet normal 0.000000e+00 -7.071068e-01 -7.071068e-01
      outer loop
         vertex 2.844000e+01 -6.427876e+00 1.233956e+01
         vertex 3.344000e+01 -7.660444e+00 1.357212e+01
         vertex 2.844000e+01 -7.660444e+00 1.357212e+01
      endloop
   endfacet
   facet normal 0.000000e+00 -8.191520e-01 -5.735765e-01
      outer loop
         vertex 2.844000e+01 -7.660444e+00 1.357212e+01
         vertex 3.344000e+01 -7.660444e+00 1.357212e+01
         vertex 3.344000e+01 -8.660254e+00 1.500000e+01
      endloop
   endfacet
   facet normal 0.000000e+00 -8.191520e-01 -5.735765e-01
      outer loop
         vertex 2.844000e+01 -7.660444e+00 1.357212e+01
         vertex 3.344000e+01 -8.660254e+00 1.500000e+01
         vertex 2.844000e+01 -8.660254e+00 1.500000e+01
      endloop
   endfacet
   facet normal 0.000000e+00 -9.063078e-01 -4.226181e-01
      outer loop
         vertex 2.844000e+01 -8.660254e+00 1.500000e+01
         vertex 3.344000e+01 -8.660254e+00 1.500000e+01
         vertex 3.344000e+01 -9.396926e+00 1.657980e+01
      endloop
   endfacet
   facet normal 0.000000e+00 -9.063078e-01 -4.226181e-01
      outer loop
         vertex 2.844000e+01 -8.660254e+00 1.500000e+01
         vertex 3.344000e+01 -9.396926e+00 1.657980e+01
         vertex 2.844000e+01 -9.396926e+00 1.657980e+01
      endloop
   endfacet
   facet normal 0.000000e+00 -9.659258e-01 -2.588191e-01
      outer loop
         vertex 2.844000e+01 -9.396926e+00 1.657980e+01
         vertex 3.344000e+01 -9.396926e+00 1.657980e+01
         vertex 3.344000e+01 -9.848078e+00 1.826352e+01
      endloop
   endfacet
   facet normal 0.000000e+00 -9.659258e-01 -2.588191e-01
      outer loop
         vertex 2.844000e+01 -9.396926e+00 1.657980e+01
         vertex 3.344000e+01 -9.848078e+00 1.826352e+01
         vertex 2.844000e+01 -9.848078e+00 1.826352e+01
      endloop
   endfacet
   facet normal 0.000000e+00 -9.961947e-01 -8.715552e-02
      outer loop
         vertex 2.844000e+01 -9.848078e+00 1.826352e+01
         vertex 3.344000e+01 -9.848078e+00 1.826352e+01
         vertex 3.344000e+01 -1.000000e+01 2.000000e+01
      endloop
   endfacet
   facet normal 0.000000e+00 -9.961947e-01 -8.715552e-02
      outer loop
         vertex 2.844000e+01 -9.848078e+00 1.826352e+01
         vertex 3.344000e+01 -1.000000e+01 2.000000e+01
         vertex 2.844000e+01 -1.000000e+01 2.000000e+01
      endloop
   endfacet
   facet normal 0.000000e+00 -9.961947e-01 8.715543e-02
      outer loop
         vertex 2.844000e+01 -1.000000e+01 2.000000e+01
         vertex 3.344000e+01 -1.000000e+01 2.000000e+01
         vertex 3.344000e+01 -9.848078e+00 2.173648e+01
      endloop
   endfacet
   facet normal 1.000000e+00 0.000000e+00 -0.000000e+00
      outer loop
         vertex 3.344000e+01 9.396926e+00 1.657980e+01
         vertex 3.344000e+01 9.848078e+00 1.826352e+01
         vertex 3.344000e+01 3.569794e-15 2.000000e+01
      endloop
   endfacet
   facet normal 1.000000e+00 -0.000000e+00 0.000000e+00
      outer loop
         vertex 3.344000e+01 3.569794e-15 2.000000e+01
         vertex 3.344000e+01 9.848078e+00 1.826352e+01
         vertex 3.344000e+01 1.000000e+01 2.000000e+01
      endloop
   endfacet
   facet normal 1.000000e+00 0.000000e+00 0.000000e+00
      outer loop
         vertex 3.344000e+01 3.569794e-15 2.000000e+01
         vertex 3.344000e+01 1.000000e+01 2.000000e+01
         vertex 3.344000e+01 9.848078e+00 2.173648e+01
      endloop
   endfacet
   facet normal 1.000000e+00 0.000000e+00 -0.000000e+00
      outer loop
         vertex 3.344000e+01 6.427876e+00 1.233956e+01
         vertex 3.344000e+01 7.660444e+00 1.357212e+01
         vertex 3.344000e+01 3.569794e-15 2.000000e+01
      endloop
   endfacet
   facet normal 1.000000e+00 0.000000e+00 0.000000e+00
      outer loop
         vertex 3.344000e+01 3.569794e-15 2.000000e+01
         vertex 3.344000e+01 7.660444e+00 1.357212e+01
         vertex 3.344000e+01 8.660254e+00 1.500000e+01
      endloop
   endfacet
   facet normal 1.000000e+00 0.000000e+00 0.000000e+00
      outer loop
         vertex 3.344000e+01 3.569794e-15 2.000000e+01
         vertex 3.344000e+01 8.660254e+00 1.500000e+01
         vertex 3.344000e+01 9.396926e+00 1.657980e+01
      endloop
   endfacet
   facet normal 1.000000e+00 0.000000e+00 -0.000000e+00
      outer loop
         vertex 3.344000e+01 1.736482e+00 1.015192e+01
         vertex 3.344000e+01 3.420201e+00 1.060307e+01
         vertex 3.344000e+01 3.569794e-15 2.000000e+01
      endloop
   endfacet
   facet normal 1.000000e+00 0.000000e+00 0.000000e+00
      outer loop
         vertex 3.344000e+01 3.569794e-15 2.000000e+01
         vertex 3.344000e+01 3.420201e+00 1.060307e+01
         vertex 3.344000e+01 5.000000e+00 1.133975e+01
      endloop
   endfacet
   facet normal 1.000000e+00 0.000000e+00 0.000000e+00
      outer loop
         vertex 3.344000e+01 3.569794e-15 2.000000e+01
         vertex 3.344000e+01 5.000000e+00 1.133975e+01
         vertex 3.344000e+01 6.427876e+00 1.233956e+01
      endloop
   endfacet
   facet normal 1.000000e+00 -0.000000e+00 0.000000e+00
      outer loop
         vertex 3.344000e+01 -3.420201e+00 1.060307e+01
         vertex 3.344000e+01 -1.736482e+00 1.015192e+01
         vertex 3.344000e+01 3.569794e-15 2.000000e+01
      endloop
   endfacet
   facet normal 1.000000e+00 0.000000e+00 0.000000e+00
      outer loop
         vertex 3.344000e+01 3.569794e-15 2.000000e+01
         vertex 3.344000e+01 -1.736482e+00 1.015192e+01
         vertex 3.344000e+01 5.406764e-15 1.000000e+01
      endloop
   endfacet
   facet normal 1.000000e+00 0.000000e+00 0.000000e+00
      outer loop
         vertex 3.344000e+01 3.569794e-15 2.000000e+01
         vertex 3.344000e+01 5.406764e-15 1.000000e+01
         vertex 3.344000e+01 1.736482e+00 1.015192e+01
      endloop
   endfacet
   facet normal 1.000000e+00 -0.000000e+00 0.000000e+00
      outer loop
         vertex 3.344000e+01 -7.660444e+00 1.357212e+01
         vertex 3.344000e+01 -6.427876e+00 1.233956e+01
         vertex 3.344000e+01 3.569794e-15 2.000000e+01
      endloop
   endfacet
   facet normal 1.000000e+00 0.000000e+00 0.000000e+00
      outer loop
         vertex 3.344000e+01 3.569794e-15 2.000000e+01
         vertex 3.344000e+01 -6.427876e+00 1.233956e+01
         vertex 3.344000e+01 -5.000000e+00 1.133975e+01
      endloop
   endfacet
   facet normal 1.000000e+00 0.000000e+00 0.000000e+00
      outer loop
         vertex 3.344000e+01 3.569794e-15 2.000000e+01
         vertex 3.344000e+01 -5.000000e+00 1.133975e+01
         vertex 3.344000e+01 -3.420201e+00 1.060307e+01
      endloop
   endfacet
   facet normal 1.000000e+00 -0.000000e+00 0.000000e+00
      outer loop
         vertex 3.344000e+01 -9.848078e+00 1.826352e+01
         vertex 3.344000e+01 -9.396926e+00 1.657980e+01
         vertex 3.344000e+01 3.569794e-15 2.000000e+01
      endloop
   endfacet
   facet normal 1.000000e+00 0.000000e+00 0.000000e+00
      outer loop
         vertex 3.344000e+01 3.569794e-15 2.000000e+01
         vertex 3.344000e+01 -9.396926e+00 1.657980e+01
         vertex 3.344000e+01 -8.660254e+00 1.500000e+01
      endloop
   endfacet
   facet normal 1.000000e+00 0.000000e+00 0.000000e+00
      outer loop
         vertex 3.344000e+01 3.569794e-15 2.000000e+01
         vertex 3.344000e+01 -8.660254e+00 1.500000e+01
         vertex 3.344000e+01 -7.660444e+00 1.357212e+01
      endloop
   endfacet
   facet normal 1.000000e+00 0.000000e+00 0.000000e+00
      outer loop
         vertex 3.344000e+01 -9.396926e+00 2.342020e+01
         vertex 3.344000e+01 -9.848078e+00 2.173648e+01
         vertex 3.344000e+01 3.569794e-15 2.000000e+01
      endloop
   endfacet
   facet normal 1.000000e+00 0.000000e+00 0.000000e+00
      outer loop
         vertex 3.344000e+01 3.569794e-15 2.000000e+01
         vertex 3.344000e+01 -9.848078e+00 2.173648e+01
         vertex 3.344000e+01 -1.000000e+01 2.000000e+01
      endloop
   endfacet
   facet normal 1.000000e+00 0.000000e+00 0.000000e+00
      outer loop
         vertex 3.344000e+01 3.569794e-15 2.000000e+01
         vertex 3.344000e+01 -1.000000e+01 2.000000e+01
         vertex 3.344000e+01 -9.848078e+00 1.826352e+01
      endloop
   endfacet
   facet normal 1.000000e+00 0.000000e+00 0.000000e+00
      outer loop
         vertex 3.344000e+01 -6.427876e+00 2.766044e+01
         vertex 3.344000e+01 -7.660444e+00 2.642788e+01
         vertex 3.344000e+01 3.569794e-15 2.000000e+01
      endloop
   endfacet
   facet normal 1.000000e+00 0.000000e+00 0.000000e+00
      outer loop
         vertex 3.344000e+01 3.569794e-15 2.000000e+01
         vertex 3.344000e+01 -7.660444e+00 2.642788e+01
         vertex 3.344000e+01 -8.660254e+00 2.500000e+01
      endloop
   endfacet
   facet normal 1.000000e+00 0.000000e+00 0.000000e+00
      outer loop
         vertex 3.344000e+01 3.569794e-15 2.000000e+01
         vertex 3.344000e+01 -8.660254e+00 2.500000e+01
         vertex 3.344000e+01 -9.396926e+00 2.342020e+01
      endloop
   endfacet
   facet normal 1.000000e+00 0.000000e+00 0.000000e+00
      outer loop
         vertex 3.344000e+01 -1.736482e+00 2.984808e+01
         vertex 3.344000e+01 -3.420201e+00 2.939693e+01
         vertex 3.344000e+01 3.569794e-15 2.000000e+01
      endloop
   endfacet
   facet normal 1.000000e+00 0.000000e+00 0.000000e+00
      outer loop
         vertex 3.344000e+01 3.569794e-15 2.000000e+01
         vertex 3.344000e+01 -3.420201e+00 2.939693e+01
         vertex 3.344000e+01 -5.000000e+00 2.866025e+01
      endloop
   endfacet
   facet normal 1.000000e+00 0.000000e+00 0.000000e+00
      outer loop
         vertex 3.344000e+01 3.569794e-15 2.000000e+01
         vertex 3.344000e+01 -5.000000e+00 2.866025e+01
         vertex 3.344000e+01 -6.427876e+00 2.766044e+01
      endloop
   endfacet
   facet normal 1.000000e+00 0.000000e+00 0.000000e+00
      outer loop
         vertex 3.344000e+01 3.420201e+00 2.939693e+01
         vertex 3.344000e+01 1.736482e+00 2.984808e+01
         vertex 3.344000e+01 3.569794e-15 2.000000e+01
      endloop
   endfacet
   facet normal 1.000000e+00 0.000000e+00 -0.000000e+00
      outer loop
         vertex 3.344000e+01 3.569794e-15 2.000000e+01
         vertex 3.344000e+01 1.736482e+00 2.984808e+01
         vertex 3.344000e+01 2.957471e-15 3.000000e+01
      endloop
   endfacet
   facet normal 1.000000e+00 0.000000e+00 0.000000e+00
      outer loop
         vertex 3.344000e+01 3.569794e-15 2.000000e+01
         vertex 3.344000e+01 2.957471e-15 3.000000e+01
         vertex 3.344000e+01 -1.736482e+00 2.984808e+01
      endloop
   endfacet
   facet normal 1.000000e+00 0.000000e+00 0.000000e+00
      outer loop
         vertex 3.344000e+01 7.660444e+00 2.642788e+01
         vertex 3.344000e+01 6.427876e+00 2.766044e+01
         vertex 3.344000e+01 3.569794e-15 2.000000e+01
      endloop
   endfacet
   facet normal 1.000000e+00 0.000000e+00 0.000000e+00
      outer loop
         vertex 3.344000e+01 3.569794e-15 2.000000e+01
         vertex 3.344000e+01 6.427876e+00 2.766044e+01
         vertex 3.344000e+01 5.000000e+00 2.866025e+01
      endloop
   endfacet
   facet normal 1.000000e+00 0.000000e+00 0.000000e+00
      outer loop
         vertex 3.344000e+01 3.569794e-15 2.000000e+01
         vertex 3.344000e+01 5.000000e+00 2.866025e+01
         vertex 3.344000e+01 3.420201e+00 2.939693e+01
      endloop
   endfacet
   facet normal 1.000000e+00 0.000000e+00 0.000000e+00
      outer loop
         vertex 3.344000e+01 9.848078e+00 2.173648e+01
         vertex 3.344000e+01 9.396926e+00 2.342020e+01
         vertex 3.344000e+01 3.569794e-15 2.000000e+01
      endloop
   endfacet
   facet normal 1.000000e+00 0.000000e+00 0.000000e+00
      outer loop
         vertex 3.344000e+01 3.569794e-15 2.000000e+01
         vertex 3.344000e+01 9.396926e+00 2.342020e+01
         vertex 3.344000e+01 8.660254e+00 2.500000e+01
      endloop
   endfacet
   facet normal 1.000000e+00 0.000000e+00 0.000000e+00
      outer loop
         vertex 3.344000e+01 3.569794e-15 2.000000e+01
         vertex 3.344000e+01 8.660254e+00 2.500000e+01
         vertex 3.344000e+01 7.660444e+00 2.642788e+01
      endloop
   endfacet
   facet normal 8.715636e-02 0.000000e+00 9.961946e-01
      outer loop
         vertex 6.938894e-15 -3.250000e+01 3.200000e+01
         vertex 2.083778e+00 -5.750000e+01 3.181769e+01
         vertex 2.083778e+00 -3.250000e+01 3.181769e+01
      endloop
   endfacet
   facet normal 2.588190e-01 0.000000e+00 9.659258e-01
      outer loop
         vertex 2.083778e+00 -3.250000e+01 3.181769e+01
         vertex 2.083778e+00 -5.750000e+01 3.181769e+01
         vertex 4.104242e+00 -5.750000e+01 3.127631e+01
      endloop
   endfacet
   facet normal 2.588190e-01 0.000000e+00 9.659258e-01
      outer loop
         vertex 2.083778e+00 -3.250000e+01 3.181769e+01
         vertex 4.104242e+00 -5.750000e+01 3.127631e+01
         vertex 4.104242e+00 -3.250000e+01 3.127631e+01
      endloop
   endfacet
   facet normal 4.226187e-01 0.000000e+00 9.063076e-01
      outer loop
         vertex 4.104242e+00 -3.250000e+01 3.127631e+01
         vertex 4.104242e+00 -5.750000e+01 3.127631e+01
         vertex 6.000000e+00 -5.750000e+01 3.039230e+01
      endloop
   endfacet
   facet normal 4.226187e-01 0.000000e+00 9.063076e-01
      outer loop
         vertex 4.104242e+00 -3.250000e+01 3.127631e+01
         vertex 6.000000e+00 -5.750000e+01 3.039230e+01
         vertex 6.000000e+00 -3.250000e+01 3.039230e+01
      endloop
   endfacet
   facet normal 5.735761e-01 0.000000e+00 8.191522e-01
      outer loop
         vertex 6.000000e+00 -3.250000e+01 3.039230e+01
         vertex 6.000000e+00 -5.750000e+01 3.039230e+01
         vertex 7.713452e+00 -5.750000e+01 2.919253e+01
      endloop
   endfacet
   facet normal 5.735761e-01 0.000000e+00 8.191522e-01
      outer loop
         vertex 6.000000e+00 -3.250000e+01 3.039230e+01
         vertex 7.713452e+00 -5.750000e+01 2.919253e+01
         vertex 7.713452e+00 -3.250000e+01 2.919253e+01
      endloop
   endfacet
   facet normal 7.071069e-01 0.000000e+00 7.071067e-01
      outer loop
         vertex 7.713452e+00 -3.250000e+01 2.919253e+01
         vertex 7.713452e+00 -5.750000e+01 2.919253e+01
         vertex 9.192533e+00 -5.750000e+01 2.771345e+01
      endloop
   endfacet
   facet normal 7.071069e-01 0.000000e+00 7.071067e-01
      outer loop
         vertex 7.713452e+00 -3.250000e+01 2.919253e+01
         vertex 9.192533e+00 -5.750000e+01 2.771345e+01
         vertex 9.192533e+00 -3.250000e+01 2.771345e+01
      endloop
   endfacet
   facet normal 8.191520e-01 0.000000e+00 5.735765e-01
      outer loop
         vertex 9.192533e+00 -3.250000e+01 2.771345e+01
         vertex 9.192533e+00 -5.750000e+01 2.771345e+01
         vertex 1.039230e+01 -5.750000e+01 2.600000e+01
      endloop
   endfacet
   facet normal 8.191520e-01 0.000000e+00 5.735765e-01
      outer loop
         vertex 9.192533e+00 -3.250000e+01 2.771345e+01
         vertex 1.039230e+01 -5.750000e+01 2.600000e+01
         vertex 1.039230e+01 -3.250000e+01 2.600000e+01
      endloop
   endfacet
   facet normal 9.063078e-01 0.000000e+00 4.226181e-01
      outer loop
         vertex 1.039230e+01 -3.250000e+01 2.600000e+01
         vertex 1.039230e+01 -5.750000e+01 2.600000e+01
         vertex 1.127631e+01 -5.750000e+01 2.410424e+01
      endloop
   endfacet
   facet normal 9.063078e-01 0.000000e+00 4.226181e-01
      outer loop
         vertex 1.039230e+01 -3.250000e+01 2.600000e+01
         vertex 1.127631e+01 -5.750000e+01 2.410424e+01
         vertex 1.127631e+01 -3.250000e+01 2.410424e+01
      endloop
   endfacet
   facet normal 9.659258e-01 0.000000e+00 2.588191e-01
      outer loop
         vertex 1.127631e+01 -3.250000e+01 2.410424e+01
         vertex 1.127631e+01 -5.750000e+01 2.410424e+01
         vertex 1.181769e+01 -5.750000e+01 2.208378e+01
      endloop
   endfacet
   facet normal 9.659258e-01 0.000000e+00 2.588191e-01
      outer loop
         vertex 1.127631e+01 -3.250000e+01 2.410424e+01
         vertex 1.181769e+01 -5.750000e+01 2.208378e+01
         vertex 1.181769e+01 -3.250000e+01 2.208378e+01
      endloop
   endfacet
   facet normal 9.961947e-01 0.000000e+00 8.715590e-02
      outer loop
         vertex 1.181769e+01 -3.250000e+01 2.208378e+01
         vertex 1.181769e+01 -5.750000e+01 2.208378e+01
         vertex 1.200000e+01 -5.750000e+01 2.000000e+01
      endloop
   endfacet
   facet normal 9.961947e-01 0.000000e+00 8.715590e-02
      outer loop
         vertex 1.181769e+01 -3.250000e+01 2.208378e+01
         vertex 1.200000e+01 -5.750000e+01 2.000000e+01
         vertex 1.200000e+01 -3.250000e+01 2.000000e+01
      endloop
   endfacet
   facet normal 9.961947e-01 0.000000e+00 -8.715590e-02
      outer loop
         vertex 1.200000e+01 -3.250000e+01 2.000000e+01
         vertex 1.200000e+01 -5.750000e+01 2.000000e+01
         vertex 1.181769e+01 -5.750000e+01 1.791622e+01
      endloop
   endfacet
   facet normal 9.961947e-01 0.000000e+00 -8.715590e-02
      outer loop
         vertex 1.200000e+01 -3.250000e+01 2.000000e+01
         vertex 1.181769e+01 -5.750000e+01 1.791622e+01
         vertex 1.181769e+01 -3.250000e+01 1.791622e+01
      endloop
   endfacet
   facet normal 9.659258e-01 0.000000e+00 -2.588191e-01
      outer loop
         vertex 1.181769e+01 -3.250000e+01 1.791622e+01
         vertex 1.181769e+01 -5.750000e+01 1.791622e+01
         vertex 1.127631e+01 -5.750000e+01 1.589576e+01
      endloop
   endfacet
   facet normal 9.659258e-01 0.000000e+00 -2.588191e-01
      outer loop
         vertex 1.181769e+01 -3.250000e+01 1.791622e+01
         vertex 1.127631e+01 -5.750000e+01 1.589576e+01
         vertex 1.127631e+01 -3.250000e+01 1.589576e+01
      endloop
   endfacet
   facet normal 9.063077e-01 0.000000e+00 -4.226185e-01
      outer loop
         vertex 1.127631e+01 -3.250000e+01 1.589576e+01
         vertex 1.127631e+01 -5.750000e+01 1.589576e+01
         vertex 1.039230e+01 -5.750000e+01 1.400000e+01
      endloop
   endfacet
   facet normal 9.063077e-01 0.000000e+00 -4.226185e-01
      outer loop
         vertex 1.127631e+01 -3.250000e+01 1.589576e+01
         vertex 1.039230e+01 -5.750000e+01 1.400000e+01
         vertex 1.039230e+01 -3.250000e+01 1.400000e+01
      endloop
   endfacet
   facet normal 8.191521e-01 0.000000e+00 -5.735763e-01
      outer loop
         vertex 1.039230e+01 -3.250000e+01 1.400000e+01
         vertex 1.039230e+01 -5.750000e+01 1.400000e+01
         vertex 9.192533e+00 -5.750000e+01 1.228655e+01
      endloop
   endfacet
   facet normal 8.191521e-01 0.000000e+00 -5.735763e-01
      outer loop
         vertex 1.039230e+01 -3.250000e+01 1.400000e+01
         vertex 9.192533e+00 -5.750000e+01 1.228655e+01
         vertex 9.192533e+00 -3.250000e+01 1.228655e+01
      endloop
   endfacet
   facet normal 7.071069e-01 0.000000e+00 -7.071067e-01
      outer loop
         vertex 9.192533e+00 -3.250000e+01 1.228655e+01
         vertex 9.192533e+00 -5.750000e+01 1.228655e+01
         vertex 7.713452e+00 -5.750000e+01 1.080747e+01
      endloop
   endfacet
   facet normal 7.071069e-01 0.000000e+00 -7.071067e-01
      outer loop
         vertex 9.192533e+00 -3.250000e+01 1.228655e+01
         vertex 7.713452e+00 -5.750000e+01 1.080747e+01
         vertex 7.713452e+00 -3.250000e+01 1.080747e+01
      endloop
   endfacet
   facet normal 5.735764e-01 0.000000e+00 -8.191520e-01
      outer loop
         vertex 7.713452e+00 -3.250000e+01 1.080747e+01
         vertex 7.713452e+00 -5.750000e+01 1.080747e+01
         vertex 6.000000e+00 -5.750000e+01 9.607695e+00
      endloop
   endfacet
   facet normal 5.735764e-01 0.000000e+00 -8.191520e-01
      outer loop
         vertex 7.713452e+00 -3.250000e+01 1.080747e+01
         vertex 6.000000e+00 -5.750000e+01 9.607695e+00
         vertex 6.000000e+00 -3.250000e+01 9.607695e+00
      endloop
   endfacet
   facet normal 4.226183e-01 0.000000e+00 -9.063078e-01
      outer loop
         vertex 6.000000e+00 -3.250000e+01 9.607695e+00
         vertex 6.000000e+00 -5.750000e+01 9.607695e+00
         vertex 4.104242e+00 -5.750000e+01 8.723688e+00
      endloop
   endfacet
   facet normal 4.226183e-01 0.000000e+00 -9.063078e-01
      outer loop
         vertex 6.000000e+00 -3.250000e+01 9.607695e+00
         vertex 4.104242e+00 -5.750000e+01 8.723688e+00
         vertex 4.104242e+00 -3.250000e+01 8.723688e+00
      endloop
   endfacet
   facet normal 2.588190e-01 0.000000e+00 -9.659258e-01
      outer loop
         vertex 4.104242e+00 -3.250000e+01 8.723688e+00
         vertex 4.104242e+00 -5.750000e+01 8.723688e+00
         vertex 2.083778e+00 -5.750000e+01 8.182307e+00
      endloop
   endfacet
   facet normal 2.588190e-01 0.000000e+00 -9.659258e-01
      outer loop
         vertex 4.104242e+00 -3.250000e+01 8.723688e+00
         vertex 2.083778e+00 -5.750000e+01 8.182307e+00
         vertex 2.083778e+00 -3.250000e+01 8.182307e+00
      endloop
   endfacet
   facet normal 8.715547e-02 0.000000e+00 -9.961947e-01
      outer loop
         vertex 2.083778e+00 -3.250000e+01 8.182307e+00
         vertex 2.083778e+00 -5.750000e+01 8.182307e+00
         vertex 8.408470e-15 -5.750000e+01 8.000000e+00
      endloop
   endfacet
   facet normal 8.715547e-02 0.000000e+00 -9.961947e-01
      outer loop
         vertex 2.083778e+00 -3.250000e+01 8.182307e+00
         vertex 8.408470e-15 -5.750000e+01 8.000000e+00
         vertex 8.408470e-15 -3.250000e+01 8.000000e+00
      endloop
   endfacet
   facet normal -8.715547e-02 -0.000000e+00 -9.961947e-01
      outer loop
         vertex 8.408470e-15 -3.250000e+01 8.000000e+00
         vertex 8.408470e-15 -5.750000e+01 8.000000e+00
         vertex -2.083778e+00 -5.750000e+01 8.182307e+00
      endloop
   endfacet
   facet normal -8.715547e-02 0.000000e+00 -9.961947e-01
      outer loop
         vertex 8.408470e-15 -3.250000e+01 8.000000e+00
         vertex -2.083778e+00 -5.750000e+01 8.182307e+00
         vertex -2.083778e+00 -3.250000e+01 8.182307e+00
      endloop
   endfacet
   facet normal -2.588190e-01 -0.000000e+00 -9.659258e-01
      outer loop
         vertex -2.083778e+00 -3.250000e+01 8.182307e+00
         vertex -2.083778e+00 -5.750000e+01 8.182307e+00
         vertex -4.104242e+00 -5.750000e+01 8.723688e+00
      endloop
   endfacet
   facet normal -2.588190e-01 0.000000e+00 -9.659258e-01
      outer loop
         vertex -2.083778e+00 -3.250000e+01 8.182307e+00
         vertex -4.104242e+00 -5.750000e+01 8.723688e+00
         vertex -4.104242e+00 -3.250000e+01 8.723688e+00
      endloop
   endfacet
   facet normal -4.226183e-01 -0.000000e+00 -9.063078e-01
      outer loop
         vertex -4.104242e+00 -3.250000e+01 8.723688e+00
         vertex -4.104242e+00 -5.750000e+01 8.723688e+00
         vertex -6.000000e+00 -5.750000e+01 9.607695e+00
      endloop
   endfacet
   facet normal -4.226183e-01 0.000000e+00 -9.063078e-01
      outer loop
         vertex -4.104242e+00 -3.250000e+01 8.723688e+00
         vertex -6.000000e+00 -5.750000e+01 9.607695e+00
         vertex -6.000000e+00 -3.250000e+01 9.607695e+00
      endloop
   endfacet
   facet normal -5.735764e-01 -0.000000e+00 -8.191520e-01
      outer loop
         vertex -6.000000e+00 -3.250000e+01 9.607695e+00
         vertex -6.000000e+00 -5.750000e+01 9.607695e+00
         vertex -7.713452e+00 -5.750000e+01 1.080747e+01
      endloop
   endfacet
   facet normal -5.735764e-01 0.000000e+00 -8.191520e-01
      outer loop
         vertex -6.000000e+00 -3.250000e+01 9.607695e+00
         vertex -7.713452e+00 -5.750000e+01 1.080747e+01
         vertex -7.713452e+00 -3.250000e+01 1.080747e+01
      endloop
   endfacet
   facet normal -7.071069e-01 -0.000000e+00 -7.071067e-01
      outer loop
         vertex -7.713452e+00 -3.250000e+01 1.080747e+01
         vertex -7.713452e+00 -5.750000e+01 1.080747e+01
         vertex -9.192533e+00 -5.750000e+01 1.228655e+01
      endloop
   endfacet
   facet normal -7.071069e-01 0.000000e+00 -7.071067e-01
      outer loop
         vertex -7.713452e+00 -3.250000e+01 1.080747e+01
         vertex -9.192533e+00 -5.750000e+01 1.228655e+01
         vertex -9.192533e+00 -3.250000e+01 1.228655e+01
      endloop
   endfacet
   facet normal -8.191521e-01 -0.000000e+00 -5.735763e-01
      outer loop
         vertex -9.192533e+00 -3.250000e+01 1.228655e+01
         vertex -9.192533e+00 -5.750000e+01 1.228655e+01
         vertex -1.039230e+01 -5.750000e+01 1.400000e+01
      endloop
   endfacet
   facet normal -8.191521e-01 0.000000e+00 -5.735763e-01
      outer loop
         vertex -9.192533e+00 -3.250000e+01 1.228655e+01
         vertex -1.039230e+01 -5.750000e+01 1.400000e+01
         vertex -1.039230e+01 -3.250000e+01 1.400000e+01
      endloop
   endfacet
   facet normal -9.063077e-01 -0.000000e+00 -4.226185e-01
      outer loop
         vertex -1.039230e+01 -3.250000e+01 1.400000e+01
         vertex -1.039230e+01 -5.750000e+01 1.400000e+01
         vertex -1.127631e+01 -5.750000e+01 1.589576e+01
      endloop
   endfacet
   facet normal -9.063077e-01 0.000000e+00 -4.226185e-01
      outer loop
         vertex -1.039230e+01 -3.250000e+01 1.400000e+01
         vertex -1.127631e+01 -5.750000e+01 1.589576e+01
         vertex -1.127631e+01 -3.250000e+01 1.589576e+01
      endloop
   endfacet
   facet normal -9.659258e-01 -0.000000e+00 -2.588191e-01
      outer loop
         vertex -1.127631e+01 -3.250000e+01 1.589576e+01
         vertex -1.127631e+01 -5.750000e+01 1.589576e+01
         vertex -1.181769e+01 -5.750000e+01 1.791622e+01
      endloop
   endfacet
   facet normal -9.659258e-01 0.000000e+00 -2.588191e-01
      outer loop
         vertex -1.127631e+01 -3.250000e+01 1.589576e+01
         vertex -1.181769e+01 -5.750000e+01 1.791622e+01
         vertex -1.181769e+01 -3.250000e+01 1.791622e+01
      endloop
   endfacet
   facet normal -9.961947e-01 -0.000000e+00 -8.715590e-02
      outer loop
         vertex -1.181769e+01 -3.250000e+01 1.791622e+01
         vertex -1.181769e+01 -5.750000e+01 1.791622e+01
         vertex -1.200000e+01 -5.750000e+01 2.000000e+01
      endloop
   endfacet
   facet normal -9.961947e-01 0.000000e+00 -8.715590e-02
      outer loop
         vertex -1.181769e+01 -3.250000e+01 1.791622e+01
         vertex -1.200000e+01 -5.750000e+01 2.000000e+01
         vertex -1.200000e+01 -3.250000e+01 2.000000e+01
      endloop
   endfacet
   facet normal -9.961947e-01 0.000000e+00 8.715590e-02
      outer loop
         vertex -1.200000e+01 -3.250000e+01 2.000000e+01
         vertex -1.200000e+01 -5.750000e+01 2.000000e+01
         vertex -1.181769e+01 -5.750000e+01 2.208378e+01
      endloop
   endfacet
   facet normal -9.961947e-01 0.000000e+00 8.715590e-02
      outer loop
         vertex -1.200000e+01 -3.250000e+01 2.000000e+01
         vertex -1.181769e+01 -5.750000e+01 2.208378e+01
         vertex -1.181769e+01 -3.250000e+01 2.208378e+01
      endloop
   endfacet
   facet normal -9.659258e-01 0.000000e+00 2.588191e-01
      outer loop
         vertex -1.181769e+01 -3.250000e+01 2.208378e+01
         vertex -1.181769e+01 -5.750000e+01 2.208378e+01
         vertex -1.127631e+01 -5.750000e+01 2.410424e+01
      endloop
   endfacet
   facet normal -9.659258e-01 0.000000e+00 2.588191e-01
      outer loop
         vertex -1.181769e+01 -3.250000e+01 2.208378e+01
         vertex -1.127631e+01 -5.750000e+01 2.410424e+01
         vertex -1.127631e+01 -3.250000e+01 2.410424e+01
      endloop
   endfacet
   facet normal -9.063078e-01 0.000000e+00 4.226181e-01
      outer loop
         vertex -1.127631e+01 -3.250000e+01 2.410424e+01
         vertex -1.127631e+01 -5.750000e+01 2.410424e+01
         vertex -1.039230e+01 -5.750000e+01 2.600000e+01
      endloop
   endfacet
   facet normal -9.063078e-01 0.000000e+00 4.226181e-01
      outer loop
         vertex -1.127631e+01 -3.250000e+01 2.410424e+01
         vertex -1.039230e+01 -5.750000e+01 2.600000e+01
         vertex -1.039230e+01 -3.250000e+01 2.600000e+01
      endloop
   endfacet
   facet normal -8.191520e-01 0.000000e+00 5.735765e-01
      outer loop
         vertex -1.039230e+01 -3.250000e+01 2.600000e+01
         vertex -1.039230e+01 -5.750000e+01 2.600000e+01
         vertex -9.192533e+00 -5.750000e+01 2.771345e+01
      endloop
   endfacet
   facet normal -8.191520e-01 0.000000e+00 5.735765e-01
      outer loop
         vertex -1.039230e+01 -3.250000e+01 2.600000e+01
         vertex -9.192533e+00 -5.750000e+01 2.771345e+01
         vertex -9.192533e+00 -3.250000e+01 2.771345e+01
      endloop
   endfacet
   facet normal -7.071069e-01 0.000000e+00 7.071067e-01
      outer loop
         vertex -9.192533e+00 -3.250000e+01 2.771345e+01
         vertex -9.192533e+00 -5.750000e+01 2.771345e+01
         vertex -7.713452e+00 -5.750000e+01 2.919253e+01
      endloop
   endfacet
   facet normal -7.071069e-01 0.000000e+00 7.071067e-01
      outer loop
         vertex -9.192533e+00 -3.250000e+01 2.771345e+01
         vertex -7.713452e+00 -5.750000e+01 2.919253e+01
         vertex -7.713452e+00 -3.250000e+01 2.919253e+01
      endloop
   endfacet
   facet normal -5.735761e-01 0.000000e+00 8.191522e-01
      outer loop
         vertex -7.713452e+00 -3.250000e+01 2.919253e+01
         vertex -7.713452e+00 -5.750000e+01 2.919253e+01
         vertex -6.000000e+00 -5.750000e+01 3.039230e+01
      endloop
   endfacet
   facet normal -5.735761e-01 0.000000e+00 8.191522e-01
      outer loop
         vertex -7.713452e+00 -3.250000e+01 2.919253e+01
         vertex -6.000000e+00 -5.750000e+01 3.039230e+01
         vertex -6.000000e+00 -3.250000e+01 3.039230e+01
      endloop
   endfacet
   facet normal -4.226187e-01 0.000000e+00 9.063076e-01
      outer loop
         vertex -6.000000e+00 -3.250000e+01 3.039230e+01
         vertex -6.000000e+00 -5.750000e+01 3.039230e+01
         vertex -4.104242e+00 -5.750000e+01 3.127631e+01
      endloop
   endfacet
   facet normal -4.226187e-01 0.000000e+00 9.063076e-01
      outer loop
         vertex -6.000000e+00 -3.250000e+01 3.039230e+01
         vertex -4.104242e+00 -5.750000e+01 3.127631e+01
         vertex -4.104242e+00 -3.250000e+01 3.127631e+01
      endloop
   endfacet
   facet normal -2.588190e-01 0.000000e+00 9.659258e-01
      outer loop
         vertex -4.104242e+00 -3.250000e+01 3.127631e+01
         vertex -4.104242e+00 -5.750000e+01 3.127631e+01
         vertex -2.083778e+00 -5.750000e+01 3.181769e+01
      endloop
   endfacet
   facet normal -2.588190e-01 0.000000e+00 9.659258e-01
      outer loop
         vertex -4.104242e+00 -3.250000e+01 3.127631e+01
         vertex -2.083778e+00 -5.750000e+01 3.181769e+01
         vertex -2.083778e+00 -3.250000e+01 3.181769e+01
      endloop
   endfacet
   facet normal -8.715636e-02 0.000000e+00 9.961946e-01
      outer loop
         vertex -2.083778e+00 -3.250000e+01 3.181769e+01
         vertex -2.083778e+00 -5.750000e+01 3.181769e+01
         vertex 6.938894e-15 -5.750000e+01 3.200000e+01
      endloop
   endfacet
   facet normal -8.715636e-02 0.000000e+00 9.961946e-01
      outer loop
         vertex -2.083778e+00 -3.250000e+01 3.181769e+01
         vertex 6.938894e-15 -5.750000e+01 3.200000e+01
         vertex 6.938894e-15 -3.250000e+01 3.200000e+01
      endloop
   endfacet
   facet normal 8.715636e-02 0.000000e+00 9.961946e-01
      outer loop
         vertex 6.938894e-15 -3.250000e+01 3.200000e+01
         vertex 6.938894e-15 -5.750000e+01 3.200000e+01
         vertex 2.083778e+00 -5.750000e+01 3.181769e+01
      endloop
   endfacet
   facet normal 0.000000e+00 -1.000000e+00 0.000000e+00
      outer loop
         vertex -4.104242e+00 -5.750000e+01 8.723688e+00
         vertex -2.083778e+00 -5.750000e+01 8.182307e+00
         vertex 6.938894e-15 -5.750000e+01 2.000000e+01
      endloop
   endfacet
   facet normal 0.000000e+00 -1.000000e+00 -0.000000e+00
      outer loop
         vertex 6.938894e-15 -5.750000e+01 2.000000e+01
         vertex -2.083778e+00 -5.750000e+01 8.182307e+00
         vertex 8.408470e-15 -5.750000e+01 8.000000e+00
      endloop
   endfacet
   facet normal 0.000000e+00 -1.000000e+00 0.000000e+00
      outer loop
         vertex 6.938894e-15 -5.750000e+01 2.000000e+01
         vertex 8.408470e-15 -5.750000e+01 8.000000e+00
         vertex 2.083778e+00 -5.750000e+01 8.182307e+00
      endloop
   endfacet
   facet normal 0.000000e+00 -1.000000e+00 0.000000e+00
      outer loop
         vertex -9.192533e+00 -5.750000e+01 1.228655e+01
         vertex -7.713452e+00 -5.750000e+01 1.080747e+01
         vertex 6.938894e-15 -5.750000e+01 2.000000e+01
      endloop
   endfacet
   facet normal 0.000000e+00 -1.000000e+00 0.000000e+00
      outer loop
         vertex 6.938894e-15 -5.750000e+01 2.000000e+01
         vertex -7.713452e+00 -5.750000e+01 1.080747e+01
         vertex -6.000000e+00 -5.750000e+01 9.607695e+00
      endloop
   endfacet
   facet normal 0.000000e+00 -1.000000e+00 0.000000e+00
      outer loop
         vertex 6.938894e-15 -5.750000e+01 2.000000e+01
         vertex -6.000000e+00 -5.750000e+01 9.607695e+00
         vertex -4.104242e+00 -5.750000e+01 8.723688e+00
      endloop
   endfacet
   facet normal 0.000000e+00 -1.000000e+00 0.000000e+00
      outer loop
         vertex -1.181769e+01 -5.750000e+01 1.791622e+01
         vertex -1.127631e+01 -5.750000e+01 1.589576e+01
         vertex 6.938894e-15 -5.750000e+01 2.000000e+01
      endloop
   endfacet
   facet normal 0.000000e+00 -1.000000e+00 0.000000e+00
      outer loop
         vertex 6.938894e-15 -5.750000e+01 2.000000e+01
         vertex -1.127631e+01 -5.750000e+01 1.589576e+01
         vertex -1.039230e+01 -5.750000e+01 1.400000e+01
      endloop
   endfacet
   facet normal 0.000000e+00 -1.000000e+00 0.000000e+00
      outer loop
         vertex 6.938894e-15 -5.750000e+01 2.000000e+01
         vertex -1.039230e+01 -5.750000e+01 1.400000e+01
         vertex -9.192533e+00 -5.750000e+01 1.228655e+01
      endloop
   endfacet
   facet normal 0.000000e+00 -1.000000e+00 -0.000000e+00
      outer loop
         vertex -1.127631e+01 -5.750000e+01 2.410424e+01
         vertex -1.181769e+01 -5.750000e+01 2.208378e+01
         vertex 6.938894e-15 -5.750000e+01 2.000000e+01
      endloop
   endfacet
   facet normal 0.000000e+00 -1.000000e+00 0.000000e+00
      outer loop
         vertex 6.938894e-15 -5.750000e+01 2.000000e+01
         vertex -1.181769e+01 -5.750000e+01 2.208378e+01
         vertex -1.200000e+01 -5.750000e+01 2.000000e+01
      endloop
   endfacet
   facet normal -0.000000e+00 -1.000000e+00 0.000000e+00
      outer loop
         vertex 6.938894e-15 -5.750000e+01 2.000000e+01
         vertex -1.200000e+01 -5.750000e+01 2.000000e+01
         vertex -1.181769e+01 -5.750000e+01 1.791622e+01
      endloop
   endfacet
   facet normal 0.000000e+00 -1.000000e+00 -0.000000e+00
      outer loop
         vertex -7.713452e+00 -5.750000e+01 2.919253e+01
         vertex -9.192533e+00 -5.750000e+01 2.771345e+01
         vertex 6.938894e-15 -5.750000e+01 2.000000e+01
      endloop
   endfacet
   facet normal 0.000000e+00 -1.000000e+00 0.000000e+00
      outer loop
         vertex 6.938894e-15 -5.750000e+01 2.000000e+01
         vertex -9.192533e+00 -5.750000e+01 2.771345e+01
         vertex -1.039230e+01 -5.750000e+01 2.600000e+01
      endloop
   endfacet
   facet normal 0.000000e+00 -1.000000e+00 0.000000e+00
      outer loop
         vertex 6.938894e-15 -5.750000e+01 2.000000e+01
         vertex -1.039230e+01 -5.750000e+01 2.600000e+01
         vertex -1.127631e+01 -5.750000e+01 2.410424e+01
      endloop
   endfacet
   facet normal 0.000000e+00 -1.000000e+00 -0.000000e+00
      outer loop
         vertex -2.083778e+00 -5.750000e+01 3.181769e+01
         vertex -4.104242e+00 -5.750000e+01 3.127631e+01
         vertex 6.938894e-15 -5.750000e+01 2.000000e+01
      endloop
   endfacet
   facet normal 0.000000e+00 -1.000000e+00 0.000000e+00
      outer loop
         vertex 6.938894e-15 -5.750000e+01 2.000000e+01
         vertex -4.104242e+00 -5.750000e+01 3.127631e+01
         vertex -6.000000e+00 -5.750000e+01 3.039230e+01
      endloop
   endfacet
   facet normal 0.000000e+00 -1.000000e+00 0.000000e+00
      outer loop
         vertex 6.938894e-15 -5.750000e+01 2.000000e+01
         vertex -6.000000e+00 -5.750000e+01 3.039230e+01
         vertex -7.713452e+00 -5.750000e+01 2.919253e+01
      endloop
   endfacet
   facet normal -0.000000e+00 -1.000000e+00 0.000000e+00
      outer loop
         vertex 4.104242e+00 -5.750000e+01 3.127631e+01
         vertex 2.083778e+00 -5.750000e+01 3.181769e+01
         vertex 6.938894e-15 -5.750000e+01 2.000000e+01
      endloop
   endfacet
   facet normal 0.000000e+00 -1.000000e+00 0.000000e+00
      outer loop
         vertex 6.938894e-15 -5.750000e+01 2.000000e+01
         vertex 2.083778e+00 -5.750000e+01 3.181769e+01
         vertex 6.938894e-15 -5.750000e+01 3.200000e+01
      endloop
   endfacet
   facet normal 0.000000e+00 -1.000000e+00 0.000000e+00
      outer loop
         vertex 6.938894e-15 -5.750000e+01 2.000000e+01
         vertex 6.938894e-15 -5.750000e+01 3.200000e+01
         vertex -2.083778e+00 -5.750000e+01 3.181769e+01
      endloop
   endfacet
   facet normal -0.000000e+00 -1.000000e+00 0.000000e+00
      outer loop
         vertex 9.192533e+00 -5.750000e+01 2.771345e+01
         vertex 7.713452e+00 -5.750000e+01 2.919253e+01
         vertex 6.938894e-15 -5.750000e+01 2.000000e+01
      endloop
   endfacet
   facet normal 0.000000e+00 -1.000000e+00 0.000000e+00
      outer loop
         vertex 6.938894e-15 -5.750000e+01 2.000000e+01
         vertex 7.713452e+00 -5.750000e+01 2.919253e+01
         vertex 6.000000e+00 -5.750000e+01 3.039230e+01
      endloop
   endfacet
   facet normal 0.000000e+00 -1.000000e+00 0.000000e+00
      outer loop
         vertex 6.938894e-15 -5.750000e+01 2.000000e+01
         vertex 6.000000e+00 -5.750000e+01 3.039230e+01
         vertex 4.104242e+00 -5.750000e+01 3.127631e+01
      endloop
   endfacet
   facet normal -0.000000e+00 -1.000000e+00 0.000000e+00
      outer loop
         vertex 1.181769e+01 -5.750000e+01 2.208378e+01
         vertex 1.127631e+01 -5.750000e+01 2.410424e+01
         vertex 6.938894e-15 -5.750000e+01 2.000000e+01
      endloop
   endfacet
   facet normal 0.000000e+00 -1.000000e+00 0.000000e+00
      outer loop
         vertex 6.938894e-15 -5.750000e+01 2.000000e+01
         vertex 1.127631e+01 -5.750000e+01 2.410424e+01
         vertex 1.039230e+01 -5.750000e+01 2.600000e+01
      endloop
   endfacet
   facet normal 0.000000e+00 -1.000000e+00 0.000000e+00
      outer loop
         vertex 6.938894e-15 -5.750000e+01 2.000000e+01
         vertex 1.039230e+01 -5.750000e+01 2.600000e+01
         vertex 9.192533e+00 -5.750000e+01 2.771345e+01
      endloop
   endfacet
   facet normal 0.000000e+00 -1.000000e+00 0.000000e+00
      outer loop
         vertex 1.127631e+01 -5.750000e+01 1.589576e+01
         vertex 1.181769e+01 -5.750000e+01 1.791622e+01
         vertex 6.938894e-15 -5.750000e+01 2.000000e+01
      endloop
   endfacet
   facet normal 0.000000e+00 -1.000000e+00 0.000000e+00
      outer loop
         vertex 6.938894e-15 -5.750000e+01 2.000000e+01
         vertex 1.181769e+01 -5.750000e+01 1.791622e+01
         vertex 1.200000e+01 -5.750000e+01 2.000000e+01
      endloop
   endfacet
   facet normal 0.000000e+00 -1.000000e+00 0.000000e+00
      outer loop
         vertex 6.938894e-15 -5.750000e+01 2.000000e+01
         vertex 1.200000e+01 -5.750000e+01 2.000000e+01
         vertex 1.181769e+01 -5.750000e+01 2.208378e+01
      endloop
   endfacet
   facet normal 0.000000e+00 -1.000000e+00 0.000000e+00
      outer loop
         vertex 7.713452e+00 -5.750000e+01 1.080747e+01
         vertex 9.192533e+00 -5.750000e+01 1.228655e+01
         vertex 6.938894e-15 -5.750000e+01 2.000000e+01
      endloop
   endfacet
   facet normal 0.000000e+00 -1.000000e+00 0.000000e+00
      outer loop
         vertex 6.938894e-15 -5.750000e+01 2.000000e+01
         vertex 9.192533e+00 -5.750000e+01 1.228655e+01
         vertex 1.039230e+01 -5.750000e+01 1.400000e+01
      endloop
   endfacet
   facet normal 0.000000e+00 -1.000000e+00 0.000000e+00
      outer loop
         vertex 6.938894e-15 -5.750000e+01 2.000000e+01
         vertex 1.039230e+01 -5.750000e+01 1.400000e+01
         vertex 1.127631e+01 -5.750000e+01 1.589576e+01
      endloop
   endfacet
   facet normal 0.000000e+00 -1.000000e+00 0.000000e+00
      outer loop
         vertex 2.083778e+00 -5.750000e+01 8.182307e+00
         vertex 4.104242e+00 -5.750000e+01 8.723688e+00
         vertex 6.938894e-15 -5.750000e+01 2.000000e+01
      endloop
   endfacet
   facet normal 0.000000e+00 -1.000000e+00 0.000000e+00
      outer loop
         vertex 6.938894e-15 -5.750000e+01 2.000000e+01
         vertex 4.104242e+00 -5.750000e+01 8.723688e+00
         vertex 6.000000e+00 -5.750000e+01 9.607695e+00
      endloop
   endfacet
   facet normal 0.000000e+00 -1.000000e+00 0.000000e+00
      outer loop
         vertex 6.938894e-15 -5.750000e+01 2.000000e+01
         vertex 6.000000e+00 -5.750000e+01 9.607695e+00
         vertex 7.713452e+00 -5.750000e+01 1.080747e+01
      endloop
   endfacet
   facet normal 8.715547e-02 0.000000e+00 -9.961947e-01
      outer loop
         vertex 0.000000e+00 3.250000e+01 8.000000e+00
         vertex 2.083778e+00 5.750000e+01 8.182307e+00
         vertex 2.083778e+00 3.250000e+01 8.182307e+00
      endloop
   endfacet
   facet normal 2.588190e-01 0.000000e+00 -9.659258e-01
      outer loop
         vertex 2.083778e+00 3.250000e+01 8.182307e+00
         vertex 2.083778e+00 5.750000e+01 8.182307e+00
         vertex 4.104242e+00 5.750000e+01 8.723688e+00
      endloop
   endfacet
   facet normal 2.588190e-01 0.000000e+00 -9.659258e-01
      outer loop
         vertex 2.083778e+00 3.250000e+01 8.182307e+00
         vertex 4.104242e+00 5.750000e+01 8.723688e+00
         vertex 4.104242e+00 3.250000e+01 8.723688e+00
      endloop
   endfacet
   facet normal 4.226183e-01 0.000000e+00 -9.063078e-01
      outer loop
         vertex 4.104242e+00 3.250000e+01 8.723688e+00
         vertex 4.104242e+00 5.750000e+01 8.723688e+00
         vertex 6.000000e+00 5.750000e+01 9.607695e+00
      endloop
   endfacet
   facet normal 4.226183e-01 0.000000e+00 -9.063078e-01
      outer loop
         vertex 4.104242e+00 3.250000e+01 8.723688e+00
         vertex 6.000000e+00 5.750000e+01 9.607695e+00
         vertex 6.000000e+00 3.250000e+01 9.607695e+00
      endloop
   endfacet
   facet normal 5.735764e-01 0.000000e+00 -8.191520e-01
      outer loop
         vertex 6.000000e+00 3.250000e+01 9.607695e+00
         vertex 6.000000e+00 5.750000e+01 9.607695e+00
         vertex 7.713452e+00 5.750000e+01 1.080747e+01
      endloop
   endfacet
   facet normal 5.735764e-01 0.000000e+00 -8.191520e-01
      outer loop
         vertex 6.000000e+00 3.250000e+01 9.607695e+00
         vertex 7.713452e+00 5.750000e+01 1.080747e+01
         vertex 7.713452e+00 3.250000e+01 1.080747e+01
      endloop
   endfacet
   facet normal 7.071069e-01 0.000000e+00 -7.071067e-01
      outer loop
         vertex 7.713452e+00 3.250000e+01 1.080747e+01
         vertex 7.713452e+00 5.750000e+01 1.080747e+01
         vertex 9.192533e+00 5.750000e+01 1.228655e+01
      endloop
   endfacet
   facet normal 7.071069e-01 0.000000e+00 -7.071067e-01
      outer loop
         vertex 7.713452e+00 3.250000e+01 1.080747e+01
         vertex 9.192533e+00 5.750000e+01 1.228655e+01
         vertex 9.192533e+00 3.250000e+01 1.228655e+01
      endloop
   endfacet
   facet normal 8.191521e-01 0.000000e+00 -5.735763e-01
      outer loop
         vertex 9.192533e+00 3.250000e+01 1.228655e+01
         vertex 9.192533e+00 5.750000e+01 1.228655e+01
         vertex 1.039230e+01 5.750000e+01 1.400000e+01
      endloop
   endfacet
   facet normal 8.191521e-01 0.000000e+00 -5.735763e-01
      outer loop
         vertex 9.192533e+00 3.250000e+01 1.228655e+01
         vertex 1.039230e+01 5.750000e+01 1.400000e+01
         vertex 1.039230e+01 3.250000e+01 1.400000e+01
      endloop
   endfacet
   facet normal 9.063077e-01 0.000000e+00 -4.226185e-01
      outer loop
         vertex 1.039230e+01 3.250000e+01 1.400000e+01
         vertex 1.039230e+01 5.750000e+01 1.400000e+01
         vertex 1.127631e+01 5.750000e+01 1.589576e+01
      endloop
   endfacet
   facet normal 9.063077e-01 0.000000e+00 -4.226185e-01
      outer loop
         vertex 1.039230e+01 3.250000e+01 1.400000e+01
         vertex 1.127631e+01 5.750000e+01 1.589576e+01
         vertex 1.127631e+01 3.250000e+01 1.589576e+01
      endloop
   endfacet
   facet normal 9.659258e-01 0.000000e+00 -2.588191e-01
      outer loop
         vertex 1.127631e+01 3.250000e+01 1.589576e+01
         vertex 1.127631e+01 5.750000e+01 1.589576e+01
         vertex 1.181769e+01 5.750000e+01 1.791622e+01
      endloop
   endfacet
   facet normal 9.659258e-01 0.000000e+00 -2.588191e-01
      outer loop
         vertex 1.127631e+01 3.250000e+01 1.589576e+01
         vertex 1.181769e+01 5.750000e+01 1.791622e+01
         vertex 1.181769e+01 3.250000e+01 1.791622e+01
      endloop
   endfacet
   facet normal 9.961947e-01 0.000000e+00 -8.715590e-02
      outer loop
         vertex 1.181769e+01 3.250000e+01 1.791622e+01
         vertex 1.181769e+01 5.750000e+01 1.791622e+01
         vertex 1.200000e+01 5.750000e+01 2.000000e+01
      endloop
   endfacet
   facet normal 9.961947e-01 0.000000e+00 -8.715590e-02
      outer loop
         vertex 1.181769e+01 3.250000e+01 1.791622e+01
         vertex 1.200000e+01 5.750000e+01 2.000000e+01
         vertex 1.200000e+01 3.250000e+01 2.000000e+01
      endloop
   endfacet
   facet normal 9.961947e-01 -0.000000e+00 8.715590e-02
      outer loop
         vertex 1.200000e+01 3.250000e+01 2.000000e+01
         vertex 1.200000e+01 5.750000e+01 2.000000e+01
         vertex 1.181769e+01 5.750000e+01 2.208378e+01
      endloop
   endfacet
   facet normal 9.961947e-01 0.000000e+00 8.715590e-02
      outer loop
         vertex 1.200000e+01 3.250000e+01 2.000000e+01
         vertex 1.181769e+01 5.750000e+01 2.208378e+01
         vertex 1.181769e+01 3.250000e+01 2.208378e+01
      endloop
   endfacet
   facet normal 9.659258e-01 -0.000000e+00 2.588191e-01
      outer loop
         vertex 1.181769e+01 3.250000e+01 2.208378e+01
         vertex 1.181769e+01 5.750000e+01 2.208378e+01
         vertex 1.127631e+01 5.750000e+01 2.410424e+01
      endloop
   endfacet
   facet normal 9.659258e-01 0.000000e+00 2.588191e-01
      outer loop
         vertex 1.181769e+01 3.250000e+01 2.208378e+01
         vertex 1.127631e+01 5.750000e+01 2.410424e+01
         vertex 1.127631e+01 3.250000e+01 2.410424e+01
      endloop
   endfacet
   facet normal 9.063078e-01 -0.000000e+00 4.226181e-01
      outer loop
         vertex 1.127631e+01 3.250000e+01 2.410424e+01
         vertex 1.127631e+01 5.750000e+01 2.410424e+01
         vertex 1.039230e+01 5.750000e+01 2.600000e+01
      endloop
   endfacet
   facet normal 9.063078e-01 0.000000e+00 4.226181e-01
      outer loop
         vertex 1.127631e+01 3.250000e+01 2.410424e+01
         vertex 1.039230e+01 5.750000e+01 2.600000e+01
         vertex 1.039230e+01 3.250000e+01 2.600000e+01
      endloop
   endfacet
   facet normal 8.191520e-01 -0.000000e+00 5.735765e-01
      outer loop
         vertex 1.039230e+01 3.250000e+01 2.600000e+01
         vertex 1.039230e+01 5.750000e+01 2.600000e+01
         vertex 9.192533e+00 5.750000e+01 2.771345e+01
      endloop
   endfacet
   facet normal 8.191520e-01 0.000000e+00 5.735765e-01
      outer loop
         vertex 1.039230e+01 3.250000e+01 2.600000e+01
         vertex 9.192533e+00 5.750000e+01 2.771345e+01
         vertex 9.192533e+00 3.250000e+01 2.771345e+01
      endloop
   endfacet
   facet normal 7.071069e-01 -0.000000e+00 7.071067e-01
      outer loop
         vertex 9.192533e+00 3.250000e+01 2.771345e+01
         vertex 9.192533e+00 5.750000e+01 2.771345e+01
         vertex 7.713452e+00 5.750000e+01 2.919253e+01
      endloop
   endfacet
   facet normal 7.071069e-01 0.000000e+00 7.071067e-01
      outer loop
         vertex 9.192533e+00 3.250000e+01 2.771345e+01
         vertex 7.713452e+00 5.750000e+01 2.919253e+01
         vertex 7.713452e+00 3.250000e+01 2.919253e+01
      endloop
   endfacet
   facet normal 5.735761e-01 -0.000000e+00 8.191522e-01
      outer loop
         vertex 7.713452e+00 3.250000e+01 2.919253e+01
         vertex 7.713452e+00 5.750000e+01 2.919253e+01
         vertex 6.000000e+00 5.750000e+01 3.039230e+01
      endloop
   endfacet
   facet normal 5.735761e-01 0.000000e+00 8.191522e-01
      outer loop
         vertex 7.713452e+00 3.250000e+01 2.919253e+01
         vertex 6.000000e+00 5.750000e+01 3.039230e+01
         vertex 6.000000e+00 3.250000e+01 3.039230e+01
      endloop
   endfacet
   facet normal 4.226187e-01 -0.000000e+00 9.063076e-01
      outer loop
         vertex 6.000000e+00 3.250000e+01 3.039230e+01
         vertex 6.000000e+00 5.750000e+01 3.039230e+01
         vertex 4.104242e+00 5.750000e+01 3.127631e+01
      endloop
   endfacet
   facet normal 4.226187e-01 0.000000e+00 9.063076e-01
      outer loop
         vertex 6.000000e+00 3.250000e+01 3.039230e+01
         vertex 4.104242e+00 5.750000e+01 3.127631e+01
         vertex 4.104242e+00 3.250000e+01 3.127631e+01
      endloop
   endfacet
   facet normal 2.588190e-01 -0.000000e+00 9.659258e-01
      outer loop
         vertex 4.104242e+00 3.250000e+01 3.127631e+01
         vertex 4.104242e+00 5.750000e+01 3.127631e+01
         vertex 2.083778e+00 5.750000e+01 3.181769e+01
      endloop
   endfacet
   facet normal 2.588190e-01 0.000000e+00 9.659258e-01
      outer loop
         vertex 4.104242e+00 3.250000e+01 3.127631e+01
         vertex 2.083778e+00 5.750000e+01 3.181769e+01
         vertex 2.083778e+00 3.250000e+01 3.181769e+01
      endloop
   endfacet
   facet normal 8.715636e-02 -0.000000e+00 9.961946e-01
      outer loop
         vertex 2.083778e+00 3.250000e+01 3.181769e+01
         vertex 2.083778e+00 5.750000e+01 3.181769e+01
         vertex 1.469576e-15 5.750000e+01 3.200000e+01
      endloop
   endfacet
   facet normal 8.715636e-02 0.000000e+00 9.961946e-01
      outer loop
         vertex 2.083778e+00 3.250000e+01 3.181769e+01
         vertex 1.469576e-15 5.750000e+01 3.200000e+01
         vertex 1.469576e-15 3.250000e+01 3.200000e+01
      endloop
   endfacet
   facet normal -8.715636e-02 0.000000e+00 9.961946e-01
      outer loop
         vertex 1.469576e-15 3.250000e+01 3.200000e+01
         vertex 1.469576e-15 5.750000e+01 3.200000e+01
         vertex -2.083778e+00 5.750000e+01 3.181769e+01
      endloop
   endfacet
   facet normal -8.715636e-02 0.000000e+00 9.961946e-01
      outer loop
         vertex 1.469576e-15 3.250000e+01 3.200000e+01
         vertex -2.083778e+00 5.750000e+01 3.181769e+01
         vertex -2.083778e+00 3.250000e+01 3.181769e+01
      endloop
   endfacet
   facet normal -2.588190e-01 0.000000e+00 9.659258e-01
      outer loop
         vertex -2.083778e+00 3.250000e+01 3.181769e+01
         vertex -2.083778e+00 5.750000e+01 3.181769e+01
         vertex -4.104242e+00 5.750000e+01 3.127631e+01
      endloop
   endfacet
   facet normal -2.588190e-01 0.000000e+00 9.659258e-01
      outer loop
         vertex -2.083778e+00 3.250000e+01 3.181769e+01
         vertex -4.104242e+00 5.750000e+01 3.127631e+01
         vertex -4.104242e+00 3.250000e+01 3.127631e+01
      endloop
   endfacet
   facet normal -4.226187e-01 0.000000e+00 9.063076e-01
      outer loop
         vertex -4.104242e+00 3.250000e+01 3.127631e+01
         vertex -4.104242e+00 5.750000e+01 3.127631e+01
         vertex -6.000000e+00 5.750000e+01 3.039230e+01
      endloop
   endfacet
   facet normal -4.226187e-01 0.000000e+00 9.063076e-01
      outer loop
         vertex -4.104242e+00 3.250000e+01 3.127631e+01
         vertex -6.000000e+00 5.750000e+01 3.039230e+01
         vertex -6.000000e+00 3.250000e+01 3.039230e+01
      endloop
   endfacet
   facet normal -5.735761e-01 0.000000e+00 8.191522e-01
      outer loop
         vertex -6.000000e+00 3.250000e+01 3.039230e+01
         vertex -6.000000e+00 5.750000e+01 3.039230e+01
         vertex -7.713452e+00 5.750000e+01 2.919253e+01
      endloop
   endfacet
   facet normal -5.735761e-01 0.000000e+00 8.191522e-01
      outer loop
         vertex -6.000000e+00 3.250000e+01 3.039230e+01
         vertex -7.713452e+00 5.750000e+01 2.919253e+01
         vertex -7.713452e+00 3.250000e+01 2.919253e+01
      endloop
   endfacet
   facet normal -7.071069e-01 0.000000e+00 7.071067e-01
      outer loop
         vertex -7.713452e+00 3.250000e+01 2.919253e+01
         vertex -7.713452e+00 5.750000e+01 2.919253e+01
         vertex -9.192533e+00 5.750000e+01 2.771345e+01
      endloop
   endfacet
   facet normal -7.071069e-01 0.000000e+00 7.071067e-01
      outer loop
         vertex -7.713452e+00 3.250000e+01 2.919253e+01
         vertex -9.192533e+00 5.750000e+01 2.771345e+01
         vertex -9.192533e+00 3.250000e+01 2.771345e+01
      endloop
   endfacet
   facet normal -8.191520e-01 0.000000e+00 5.735765e-01
      outer loop
         vertex -9.192533e+00 3.250000e+01 2.771345e+01
         vertex -9.192533e+00 5.750000e+01 2.771345e+01
         vertex -1.039230e+01 5.750000e+01 2.600000e+01
      endloop
   endfacet
   facet normal -8.191520e-01 0.000000e+00 5.735765e-01
      outer loop
         vertex -9.192533e+00 3.250000e+01 2.771345e+01
         vertex -1.039230e+01 5.750000e+01 2.600000e+01
         vertex -1.039230e+01 3.250000e+01 2.600000e+01
      endloop
   endfacet
   facet normal -9.063078e-01 0.000000e+00 4.226181e-01
      outer loop
         vertex -1.039230e+01 3.250000e+01 2.600000e+01
         vertex -1.039230e+01 5.750000e+01 2.600000e+01
         vertex -1.127631e+01 5.750000e+01 2.410424e+01
      endloop
   endfacet
   facet normal -9.063078e-01 0.000000e+00 4.226181e-01
      outer loop
         vertex -1.039230e+01 3.250000e+01 2.600000e+01
         vertex -1.127631e+01 5.750000e+01 2.410424e+01
         vertex -1.127631e+01 3.250000e+01 2.410424e+01
      endloop
   endfacet
   facet normal -9.659258e-01 0.000000e+00 2.588191e-01
      outer loop
         vertex -1.127631e+01 3.250000e+01 2.410424e+01
         vertex -1.127631e+01 5.750000e+01 2.410424e+01
         vertex -1.181769e+01 5.750000e+01 2.208378e+01
      endloop
   endfacet
   facet normal -9.659258e-01 0.000000e+00 2.588191e-01
      outer loop
         vertex -1.127631e+01 3.250000e+01 2.410424e+01
         vertex -1.181769e+01 5.750000e+01 2.208378e+01
         vertex -1.181769e+01 3.250000e+01 2.208378e+01
      endloop
   endfacet
   facet normal -9.961947e-01 0.000000e+00 8.715590e-02
      outer loop
         vertex -1.181769e+01 3.250000e+01 2.208378e+01
         vertex -1.181769e+01 5.750000e+01 2.208378e+01
         vertex -1.200000e+01 5.750000e+01 2.000000e+01
      endloop
   endfacet
   facet normal -9.961947e-01 0.000000e+00 8.715590e-02
      outer loop
         vertex -1.181769e+01 3.250000e+01 2.208378e+01
         vertex -1.200000e+01 5.750000e+01 2.000000e+01
         vertex -1.200000e+01 3.250000e+01 2.000000e+01
      endloop
   endfacet
   facet normal -9.961947e-01 0.000000e+00 -8.715590e-02
      outer loop
         vertex -1.200000e+01 3.250000e+01 2.000000e+01
         vertex -1.200000e+01 5.750000e+01 2.000000e+01
         vertex -1.181769e+01 5.750000e+01 1.791622e+01
      endloop
   endfacet
   facet normal -9.961947e-01 0.000000e+00 -8.715590e-02
      outer loop
         vertex -1.200000e+01 3.250000e+01 2.000000e+01
         vertex -1.181769e+01 5.750000e+01 1.791622e+01
         vertex -1.181769e+01 3.250000e+01 1.791622e+01
      endloop
   endfacet
   facet normal -9.659258e-01 0.000000e+00 -2.588191e-01
      outer loop
         vertex -1.181769e+01 3.250000e+01 1.791622e+01
         vertex -1.181769e+01 5.750000e+01 1.791622e+01
         vertex -1.127631e+01 5.750000e+01 1.589576e+01
      endloop
   endfacet
   facet normal -9.659258e-01 0.000000e+00 -2.588191e-01
      outer loop
         vertex -1.181769e+01 3.250000e+01 1.791622e+01
         vertex -1.127631e+01 5.750000e+01 1.589576e+01
         vertex -1.127631e+01 3.250000e+01 1.589576e+01
      endloop
   endfacet
   facet normal -9.063077e-01 0.000000e+00 -4.226185e-01
      outer loop
         vertex -1.127631e+01 3.250000e+01 1.589576e+01
         vertex -1.127631e+01 5.750000e+01 1.589576e+01
         vertex -1.039230e+01 5.750000e+01 1.400000e+01
      endloop
   endfacet
   facet normal -9.063077e-01 0.000000e+00 -4.226185e-01
      outer loop
         vertex -1.127631e+01 3.250000e+01 1.589576e+01
         vertex -1.039230e+01 5.750000e+01 1.400000e+01
         vertex -1.039230e+01 3.250000e+01 1.400000e+01
      endloop
   endfacet
   facet normal -8.191521e-01 0.000000e+00 -5.735763e-01
      outer loop
         vertex -1.039230e+01 3.250000e+01 1.400000e+01
         vertex -1.039230e+01 5.750000e+01 1.400000e+01
         vertex -9.192533e+00 5.750000e+01 1.228655e+01
      endloop
   endfacet
   facet normal -8.191521e-01 0.000000e+00 -5.735763e-01
      outer loop
         vertex -1.039230e+01 3.250000e+01 1.400000e+01
         vertex -9.192533e+00 5.750000e+01 1.228655e+01
         vertex -9.192533e+00 3.250000e+01 1.228655e+01
      endloop
   endfacet
   facet normal -7.071069e-01 0.000000e+00 -7.071067e-01
      outer loop
         vertex -9.192533e+00 3.250000e+01 1.228655e+01
         vertex -9.192533e+00 5.750000e+01 1.228655e+01
         vertex -7.713452e+00 5.750000e+01 1.080747e+01
      endloop
   endfacet
   facet normal -7.071069e-01 0.000000e+00 -7.071067e-01
      outer loop
         vertex -9.192533e+00 3.250000e+01 1.228655e+01
         vertex -7.713452e+00 5.750000e+01 1.080747e+01
         vertex -7.713452e+00 3.250000e+01 1.080747e+01
      endloop
   endfacet
   facet normal -5.735764e-01 0.000000e+00 -8.191520e-01
      outer loop
         vertex -7.713452e+00 3.250000e+01 1.080747e+01
         vertex -7.713452e+00 5.750000e+01 1.080747e+01
         vertex -6.000000e+00 5.750000e+01 9.607695e+00
      endloop
   endfacet
   facet normal -5.735764e-01 0.000000e+00 -8.191520e-01
      outer loop
         vertex -7.713452e+00 3.250000e+01 1.080747e+01
         vertex -6.000000e+00 5.750000e+01 9.607695e+00
         vertex -6.000000e+00 3.250000e+01 9.607695e+00
      endloop
   endfacet
   facet normal -4.226183e-01 0.000000e+00 -9.063078e-01
      outer loop
         vertex -6.000000e+00 3.250000e+01 9.607695e+00
         vertex -6.000000e+00 5.750000e+01 9.607695e+00
         vertex -4.104242e+00 5.750000e+01 8.723688e+00
      endloop
   endfacet
   facet normal -4.226183e-01 0.000000e+00 -9.063078e-01
      outer loop
         vertex -6.000000e+00 3.250000e+01 9.607695e+00
         vertex -4.104242e+00 5.750000e+01 8.723688e+00
         vertex -4.104242e+00 3.250000e+01 8.723688e+00
      endloop
   endfacet
   facet normal -2.588190e-01 0.000000e+00 -9.659258e-01
      outer loop
         vertex -4.104242e+00 3.250000e+01 8.723688e+00
         vertex -4.104242e+00 5.750000e+01 8.723688e+00
         vertex -2.083778e+00 5.750000e+01 8.182307e+00
      endloop
   endfacet
   facet normal -2.588190e-01 0.000000e+00 -9.659258e-01
      outer loop
         vertex -4.104242e+00 3.250000e+01 8.723688e+00
         vertex -2.083778e+00 5.750000e+01 8.182307e+00
         vertex -2.083778e+00 3.250000e+01 8.182307e+00
      endloop
   endfacet
   facet normal -8.715547e-02 0.000000e+00 -9.961947e-01
      outer loop
         vertex -2.083778e+00 3.250000e+01 8.182307e+00
         vertex -2.083778e+00 5.750000e+01 8.182307e+00
         vertex 0.000000e+00 5.750000e+01 8.000000e+00
      endloop
   endfacet
   facet normal -8.715547e-02 0.000000e+00 -9.961947e-01
      outer loop
         vertex -2.083778e+00 3.250000e+01 8.182307e+00
         vertex 0.000000e+00 5.750000e+01 8.000000e+00
         vertex 0.000000e+00 3.250000e+01 8.000000e+00
      endloop
   endfacet
   facet normal 8.715547e-02 0.000000e+00 -9.961947e-01
      outer loop
         vertex 0.000000e+00 3.250000e+01 8.000000e+00
         vertex 0.000000e+00 5.750000e+01 8.000000e+00
         vertex 2.083778e+00 5.750000e+01 8.182307e+00
      endloop
   endfacet
   facet normal -0.000000e+00 1.000000e+00 0.000000e+00
      outer loop
         vertex -4.104242e+00 5.750000e+01 3.127631e+01
         vertex -2.083778e+00 5.750000e+01 3.181769e+01
         vertex 0.000000e+00 5.750000e+01 2.000000e+01
      endloop
   endfacet
   facet normal 0.000000e+00 1.000000e+00 -0.000000e+00
      outer loop
         vertex 0.000000e+00 5.750000e+01 2.000000e+01
         vertex -2.083778e+00 5.750000e+01 3.181769e+01
         vertex 1.469576e-15 5.750000e+01 3.200000e+01
      endloop
   endfacet
   facet normal 0.000000e+00 1.000000e+00 0.000000e+00
      outer loop
         vertex 0.000000e+00 5.750000e+01 2.000000e+01
         vertex 1.469576e-15 5.750000e+01 3.200000e+01
         vertex 2.083778e+00 5.750000e+01 3.181769e+01
      endloop
   endfacet
   facet normal -0.000000e+00 1.000000e+00 0.000000e+00
      outer loop
         vertex -9.192533e+00 5.750000e+01 2.771345e+01
         vertex -7.713452e+00 5.750000e+01 2.919253e+01
         vertex 0.000000e+00 5.750000e+01 2.000000e+01
      endloop
   endfacet
   facet normal 0.000000e+00 1.000000e+00 0.000000e+00
      outer loop
         vertex 0.000000e+00 5.750000e+01 2.000000e+01
         vertex -7.713452e+00 5.750000e+01 2.919253e+01
         vertex -6.000000e+00 5.750000e+01 3.039230e+01
      endloop
   endfacet
   facet normal 0.000000e+00 1.000000e+00 0.000000e+00
      outer loop
         vertex 0.000000e+00 5.750000e+01 2.000000e+01
         vertex -6.000000e+00 5.750000e+01 3.039230e+01
         vertex -4.104242e+00 5.750000e+01 3.127631e+01
      endloop
   endfacet
   facet normal -0.000000e+00 1.000000e+00 0.000000e+00
      outer loop
         vertex -1.181769e+01 5.750000e+01 2.208378e+01
         vertex -1.127631e+01 5.750000e+01 2.410424e+01
         vertex 0.000000e+00 5.750000e+01 2.000000e+01
      endloop
   endfacet
   facet normal 0.000000e+00 1.000000e+00 0.000000e+00
      outer loop
         vertex 0.000000e+00 5.750000e+01 2.000000e+01
         vertex -1.127631e+01 5.750000e+01 2.410424e+01
         vertex -1.039230e+01 5.750000e+01 2.600000e+01
      endloop
   endfacet
   facet normal 0.000000e+00 1.000000e+00 0.000000e+00
      outer loop
         vertex 0.000000e+00 5.750000e+01 2.000000e+01
         vertex -1.039230e+01 5.750000e+01 2.600000e+01
         vertex -9.192533e+00 5.750000e+01 2.771345e+01
      endloop
   endfacet
   facet normal 0.000000e+00 1.000000e+00 -0.000000e+00
      outer loop
         vertex -1.127631e+01 5.750000e+01 1.589576e+01
         vertex -1.181769e+01 5.750000e+01 1.791622e+01
         vertex 0.000000e+00 5.750000e+01 2.000000e+01
      endloop
   endfacet
   facet normal 0.000000e+00 1.000000e+00 0.000000e+00
      outer loop
         vertex 0.000000e+00 5.750000e+01 2.000000e+01
         vertex -1.181769e+01 5.750000e+01 1.791622e+01
         vertex -1.200000e+01 5.750000e+01 2.000000e+01
      endloop
   endfacet
   facet normal 0.000000e+00 1.000000e+00 0.000000e+00
      outer loop
         vertex 0.000000e+00 5.750000e+01 2.000000e+01
         vertex -1.200000e+01 5.750000e+01 2.000000e+01
         vertex -1.181769e+01 5.750000e+01 2.208378e+01
      endloop
   endfacet
   facet normal 0.000000e+00 1.000000e+00 -0.000000e+00
      outer loop
         vertex -7.713452e+00 5.750000e+01 1.080747e+01
         vertex -9.192533e+00 5.750000e+01 1.228655e+01
         vertex 0.000000e+00 5.750000e+01 2.000000e+01
      endloop
   endfacet
   facet normal 0.000000e+00 1.000000e+00 0.000000e+00
      outer loop
         vertex 0.000000e+00 5.750000e+01 2.000000e+01
         vertex -9.192533e+00 5.750000e+01 1.228655e+01
         vertex -1.039230e+01 5.750000e+01 1.400000e+01
      endloop
   endfacet
   facet normal 0.000000e+00 1.000000e+00 0.000000e+00
      outer loop
         vertex 0.000000e+00 5.750000e+01 2.000000e+01
         vertex -1.039230e+01 5.750000e+01 1.400000e+01
         vertex -1.127631e+01 5.750000e+01 1.589576e+01
      endloop
   endfacet
   facet normal 0.000000e+00 1.000000e+00 -0.000000e+00
      outer loop
         vertex -2.083778e+00 5.750000e+01 8.182307e+00
         vertex -4.104242e+00 5.750000e+01 8.723688e+00
         vertex 0.000000e+00 5.750000e+01 2.000000e+01
      endloop
   endfacet
   facet normal 0.000000e+00 1.000000e+00 0.000000e+00
      outer loop
         vertex 0.000000e+00 5.750000e+01 2.000000e+01
         vertex -4.104242e+00 5.750000e+01 8.723688e+00
         vertex -6.000000e+00 5.750000e+01 9.607695e+00
      endloop
   endfacet
   facet normal 0.000000e+00 1.000000e+00 0.000000e+00
      outer loop
         vertex 0.000000e+00 5.750000e+01 2.000000e+01
         vertex -6.000000e+00 5.750000e+01 9.607695e+00
         vertex -7.713452e+00 5.750000e+01 1.080747e+01
      endloop
   endfacet
   facet normal 0.000000e+00 1.000000e+00 0.000000e+00
      outer loop
         vertex 4.104242e+00 5.750000e+01 8.723688e+00
         vertex 2.083778e+00 5.750000e+01 8.182307e+00
         vertex 0.000000e+00 5.750000e+01 2.000000e+01
      endloop
   endfacet
   facet normal 0.000000e+00 1.000000e+00 0.000000e+00
      outer loop
         vertex 0.000000e+00 5.750000e+01 2.000000e+01
         vertex 2.083778e+00 5.750000e+01 8.182307e+00
         vertex 0.000000e+00 5.750000e+01 8.000000e+00
      endloop
   endfacet
   facet normal 0.000000e+00 1.000000e+00 0.000000e+00
      outer loop
         vertex 0.000000e+00 5.750000e+01 2.000000e+01
         vertex 0.000000e+00 5.750000e+01 8.000000e+00
         vertex -2.083778e+00 5.750000e+01 8.182307e+00
      endloop
   endfacet
   facet normal 0.000000e+00 1.000000e+00 0.000000e+00
      outer loop
         vertex 9.192533e+00 5.750000e+01 1.228655e+01
         vertex 7.713452e+00 5.750000e+01 1.080747e+01
         vertex 0.000000e+00 5.750000e+01 2.000000e+01
      endloop
   endfacet
   facet normal 0.000000e+00 1.000000e+00 0.000000e+00
      outer loop
         vertex 0.000000e+00 5.750000e+01 2.000000e+01
         vertex 7.713452e+00 5.750000e+01 1.080747e+01
         vertex 6.000000e+00 5.750000e+01 9.607695e+00
      endloop
   endfacet
   facet normal 0.000000e+00 1.000000e+00 0.000000e+00
      outer loop
         vertex 0.000000e+00 5.750000e+01 2.000000e+01
         vertex 6.000000e+00 5.750000e+01 9.607695e+00
         vertex 4.104242e+00 5.750000e+01 8.723688e+00
      endloop
   endfacet
   facet normal 0.000000e+00 1.000000e+00 0.000000e+00
      outer loop
         vertex 1.181769e+01 5.750000e+01 1.791622e+01
         vertex 1.127631e+01 5.750000e+01 1.589576e+01
         vertex 0.000000e+00 5.750000e+01 2.000000e+01
      endloop
   endfacet
   facet normal 0.000000e+00 1.000000e+00 0.000000e+00
      outer loop
         vertex 0.000000e+00 5.750000e+01 2.000000e+01
         vertex 1.127631e+01 5.750000e+01 1.589576e+01
         vertex 1.039230e+01 5.750000e+01 1.400000e+01
      endloop
   endfacet
   facet normal 0.000000e+00 1.000000e+00 0.000000e+00
      outer loop
         vertex 0.000000e+00 5.750000e+01 2.000000e+01
         vertex 1.039230e+01 5.750000e+01 1.400000e+01
         vertex 9.192533e+00 5.750000e+01 1.228655e+01
      endloop
   endfacet
   facet normal 0.000000e+00 1.000000e+00 0.000000e+00
      outer loop
         vertex 1.127631e+01 5.750000e+01 2.410424e+01
         vertex 1.181769e+01 5.750000e+01 2.208378e+01
         vertex 0.000000e+00 5.750000e+01 2.000000e+01
      endloop
   endfacet
   facet normal 0.000000e+00 1.000000e+00 0.000000e+00
      outer loop
         vertex 0.000000e+00 5.750000e+01 2.000000e+01
         vertex 1.181769e+01 5.750000e+01 2.208378e+01
         vertex 1.200000e+01 5.750000e+01 2.000000e+01
      endloop
   endfacet
   facet normal -0.000000e+00 1.000000e+00 0.000000e+00
      outer loop
         vertex 0.000000e+00 5.750000e+01 2.000000e+01
         vertex 1.200000e+01 5.750000e+01 2.000000e+01
         vertex 1.181769e+01 5.750000e+01 1.791622e+01
      endloop
   endfacet
   facet normal 0.000000e+00 1.000000e+00 0.000000e+00
      outer loop
         vertex 7.713452e+00 5.750000e+01 2.919253e+01
         vertex 9.192533e+00 5.750000e+01 2.771345e+01
         vertex 0.000000e+00 5.750000e+01 2.000000e+01
      endloop
   endfacet
   facet normal 0.000000e+00 1.000000e+00 0.000000e+00
      outer loop
         vertex 0.000000e+00 5.750000e+01 2.000000e+01
         vertex 9.192533e+00 5.750000e+01 2.771345e+01
         vertex 1.039230e+01 5.750000e+01 2.600000e+01
      endloop
   endfacet
   facet normal 0.000000e+00 1.000000e+00 0.000000e+00
      outer loop
         vertex 0.000000e+00 5.750000e+01 2.000000e+01
         vertex 1.039230e+01 5.750000e+01 2.600000e+01
         vertex 1.127631e+01 5.750000e+01 2.410424e+01
      endloop
   endfacet
   facet normal 0.000000e+00 1.000000e+00 0.000000e+00
      outer loop
         vertex 2.083778e+00 5.750000e+01 3.181769e+01
         vertex 4.104242e+00 5.750000e+01 3.127631e+01
         vertex 0.000000e+00 5.750000e+01 2.000000e+01
      endloop
   endfacet
   facet normal 0.000000e+00 1.000000e+00 0.000000e+00
      outer loop
         vertex 0.000000e+00 5.750000e+01 2.000000e+01
         vertex 4.104242e+00 5.750000e+01 3.127631e+01
         vertex 6.000000e+00 5.750000e+01 3.039230e+01
      endloop
   endfacet
   facet normal 0.000000e+00 1.000000e+00 0.000000e+00
      outer loop
         vertex 0.000000e+00 5.750000e+01 2.000000e+01
         vertex 6.000000e+00 5.750000e+01 3.039230e+01
         vertex 7.713452e+00 5.750000e+01 2.919253e+01
      endloop
   endfacet
endsolid 虎克铰零件2_默认_sldprt