solid KR16_2_Link7_д╛хо_sldprt
   facet normal 1.000000e+000 0.000000e+000 0.000000e+000
      outer loop
         vertex 1.082000e+003 4.987521e+000 1.334936e+003
         vertex 1.082000e+003 2.526478e+000 1.335543e+003
         vertex 1.082000e+003 -7.901646e-008 1.319997e+003
      endloop
   endfacet
   facet normal 1.000000e+000 0.000000e+000 0.000000e+000
      outer loop
         vertex 1.082000e+003 -7.901646e-008 1.319997e+003
         vertex 1.082000e+003 2.526478e+000 1.335543e+003
         vertex 1.082000e+003 -7.901646e-008 1.335747e+003
      endloop
   endfacet
   facet normal 1.000000e+000 0.000000e+000 0.000000e+000
      outer loop
         vertex 1.082000e+003 -7.901646e-008 1.319997e+003
         vertex 1.082000e+003 -7.901646e-008 1.335747e+003
         vertex 1.082000e+003 -2.526478e+000 1.335543e+003
      endloop
   endfacet
   facet normal 1.000000e+000 0.000000e+000 0.000000e+000
      outer loop
         vertex 1.082000e+003 1.135894e+001 1.330907e+003
         vertex 1.082000e+003 9.461691e+000 1.332588e+003
         vertex 1.082000e+003 -7.901646e-008 1.319997e+003
      endloop
   endfacet
   facet normal 1.000000e+000 0.000000e+000 0.000000e+000
      outer loop
         vertex 1.082000e+003 -7.901646e-008 1.319997e+003
         vertex 1.082000e+003 9.461691e+000 1.332588e+003
         vertex 1.082000e+003 7.319390e+000 1.333943e+003
      endloop
   endfacet
   facet normal 1.000000e+000 0.000000e+000 0.000000e+000
      outer loop
         vertex 1.082000e+003 -7.901646e-008 1.319997e+003
         vertex 1.082000e+003 7.319390e+000 1.333943e+003
         vertex 1.082000e+003 4.987521e+000 1.334936e+003
      endloop
   endfacet
   facet normal 1.000000e+000 0.000000e+000 0.000000e+000
      outer loop
         vertex 1.082000e+003 1.512816e+001 1.324379e+003
         vertex 1.082000e+003 1.422934e+001 1.326749e+003
         vertex 1.082000e+003 -7.901646e-008 1.319997e+003
      endloop
   endfacet
   facet normal 1.000000e+000 0.000000e+000 0.000000e+000
      outer loop
         vertex 1.082000e+003 -7.901646e-008 1.319997e+003
         vertex 1.082000e+003 1.422934e+001 1.326749e+003
         vertex 1.082000e+003 1.296200e+001 1.328944e+003
      endloop
   endfacet
   facet normal 1.000000e+000 0.000000e+000 0.000000e+000
      outer loop
         vertex 1.082000e+003 -7.901646e-008 1.319997e+003
         vertex 1.082000e+003 1.296200e+001 1.328944e+003
         vertex 1.082000e+003 1.135894e+001 1.330907e+003
      endloop
   endfacet
   facet normal 1.000000e+000 0.000000e+000 0.000000e+000
      outer loop
         vertex 1.082000e+003 1.543170e+001 1.316846e+003
         vertex 1.082000e+003 1.573723e+001 1.319363e+003
         vertex 1.082000e+003 -7.901646e-008 1.319997e+003
      endloop
   endfacet
   facet normal 1.000000e+000 0.000000e+000 0.000000e+000
      outer loop
         vertex 1.082000e+003 -7.901646e-008 1.319997e+003
         vertex 1.082000e+003 1.573723e+001 1.319363e+003
         vertex 1.082000e+003 1.563516e+001 1.321895e+003
      endloop
   endfacet
   facet normal 1.000000e+000 0.000000e+000 0.000000e+000
      outer loop
         vertex 1.082000e+003 -7.901646e-008 1.319997e+003
         vertex 1.082000e+003 1.563516e+001 1.321895e+003
         vertex 1.082000e+003 1.512816e+001 1.324379e+003
      endloop
   endfacet
   facet normal 1.000000e+000 0.000000e+000 0.000000e+000
      outer loop
         vertex 1.082000e+003 1.220003e+001 1.310036e+003
         vertex 1.082000e+003 1.363990e+001 1.312122e+003
         vertex 1.082000e+003 -7.901646e-008 1.319997e+003
      endloop
   endfacet
   facet normal 1.000000e+000 0.000000e+000 0.000000e+000
      outer loop
         vertex 1.082000e+003 -7.901646e-008 1.319997e+003
         vertex 1.082000e+003 1.363990e+001 1.312122e+003
         vertex 1.082000e+003 1.472651e+001 1.314412e+003
      endloop
   endfacet
   facet normal 1.000000e+000 0.000000e+000 0.000000e+000
      outer loop
         vertex 1.082000e+003 -7.901646e-008 1.319997e+003
         vertex 1.082000e+003 1.472651e+001 1.314412e+003
         vertex 1.082000e+003 1.543170e+001 1.316846e+003
      endloop
   endfacet
   facet normal 1.000000e+000 0.000000e+000 0.000000e+000
      outer loop
         vertex 1.082000e+003 6.173474e+000 1.305507e+003
         vertex 1.082000e+003 8.417836e+000 1.306685e+003
         vertex 1.082000e+003 -7.901646e-008 1.319997e+003
      endloop
   endfacet
   facet normal 1.000000e+000 0.000000e+000 0.000000e+000
      outer loop
         vertex 1.082000e+003 -7.901646e-008 1.319997e+003
         vertex 1.082000e+003 8.417836e+000 1.306685e+003
         vertex 1.082000e+003 1.044418e+001 1.308208e+003
      endloop
   endfacet
   facet normal 1.000000e+000 0.000000e+000 0.000000e+000
      outer loop
         vertex 1.082000e+003 -7.901646e-008 1.319997e+003
         vertex 1.082000e+003 1.044418e+001 1.308208e+003
         vertex 1.082000e+003 1.220003e+001 1.310036e+003
      endloop
   endfacet
   facet normal 1.000000e+000 0.000000e+000 0.000000e+000
      outer loop
         vertex 1.082000e+003 -1.267349e+000 1.304298e+003
         vertex 1.082000e+003 1.267348e+000 1.304298e+003
         vertex 1.082000e+003 -7.901646e-008 1.319997e+003
      endloop
   endfacet
   facet normal 1.000000e+000 0.000000e+000 0.000000e+000
      outer loop
         vertex 1.082000e+003 -7.901646e-008 1.319997e+003
         vertex 1.082000e+003 1.267348e+000 1.304298e+003
         vertex 1.082000e+003 3.769222e+000 1.304705e+003
      endloop
   endfacet
   facet normal 1.000000e+000 0.000000e+000 0.000000e+000
      outer loop
         vertex 1.082000e+003 -7.901646e-008 1.319997e+003
         vertex 1.082000e+003 3.769222e+000 1.304705e+003
         vertex 1.082000e+003 6.173474e+000 1.305507e+003
      endloop
   endfacet
   facet normal 1.000000e+000 0.000000e+000 0.000000e+000
      outer loop
         vertex 1.082000e+003 -8.417836e+000 1.306685e+003
         vertex 1.082000e+003 -6.173474e+000 1.305507e+003
         vertex 1.082000e+003 -7.901646e-008 1.319997e+003
      endloop
   endfacet
   facet normal 1.000000e+000 0.000000e+000 0.000000e+000
      outer loop
         vertex 1.082000e+003 -7.901646e-008 1.319997e+003
         vertex 1.082000e+003 -6.173474e+000 1.305507e+003
         vertex 1.082000e+003 -3.769222e+000 1.304705e+003
      endloop
   endfacet
   facet normal 1.000000e+000 0.000000e+000 0.000000e+000
      outer loop
         vertex 1.082000e+003 -7.901646e-008 1.319997e+003
         vertex 1.082000e+003 -3.769222e+000 1.304705e+003
         vertex 1.082000e+003 -1.267349e+000 1.304298e+003
      endloop
   endfacet
   facet normal 1.000000e+000 0.000000e+000 0.000000e+000
      outer loop
         vertex 1.082000e+003 -1.363990e+001 1.312122e+003
         vertex 1.082000e+003 -1.220003e+001 1.310036e+003
         vertex 1.082000e+003 -7.901646e-008 1.319997e+003
      endloop
   endfacet
   facet normal 1.000000e+000 0.000000e+000 0.000000e+000
      outer loop
         vertex 1.082000e+003 -7.901646e-008 1.319997e+003
         vertex 1.082000e+003 -1.220003e+001 1.310036e+003
         vertex 1.082000e+003 -1.044418e+001 1.308208e+003
      endloop
   endfacet
   facet normal 1.000000e+000 0.000000e+000 0.000000e+000
      outer loop
         vertex 1.082000e+003 -7.901646e-008 1.319997e+003
         vertex 1.082000e+003 -1.044418e+001 1.308208e+003
         vertex 1.082000e+003 -8.417836e+000 1.306685e+003
      endloop
   endfacet
   facet normal 1.000000e+000 0.000000e+000 0.000000e+000
      outer loop
         vertex 1.082000e+003 -1.573723e+001 1.319363e+003
         vertex 1.082000e+003 -1.543170e+001 1.316846e+003
         vertex 1.082000e+003 -7.901646e-008 1.319997e+003
      endloop
   endfacet
   facet normal 1.000000e+000 0.000000e+000 0.000000e+000
      outer loop
         vertex 1.082000e+003 -7.901646e-008 1.319997e+003
         vertex 1.082000e+003 -1.543170e+001 1.316846e+003
         vertex 1.082000e+003 -1.472651e+001 1.314412e+003
      endloop
   endfacet
   facet normal 1.000000e+000 0.000000e+000 0.000000e+000
      outer loop
         vertex 1.082000e+003 -7.901646e-008 1.319997e+003
         vertex 1.082000e+003 -1.472651e+001 1.314412e+003
         vertex 1.082000e+003 -1.363990e+001 1.312122e+003
      endloop
   endfacet
   facet normal 1.000000e+000 0.000000e+000 0.000000e+000
      outer loop
         vertex 1.082000e+003 -1.422934e+001 1.326749e+003
         vertex 1.082000e+003 -1.512816e+001 1.324379e+003
         vertex 1.082000e+003 -7.901646e-008 1.319997e+003
      endloop
   endfacet
   facet normal 1.000000e+000 0.000000e+000 0.000000e+000
      outer loop
         vertex 1.082000e+003 -7.901646e-008 1.319997e+003
         vertex 1.082000e+003 -1.512816e+001 1.324379e+003
         vertex 1.082000e+003 -1.563516e+001 1.321895e+003
      endloop
   endfacet
   facet normal 1.000000e+000 0.000000e+000 0.000000e+000
      outer loop
         vertex 1.082000e+003 -7.901646e-008 1.319997e+003
         vertex 1.082000e+003 -1.563516e+001 1.321895e+003
         vertex 1.082000e+003 -1.573723e+001 1.319363e+003
      endloop
   endfacet
   facet normal 1.000000e+000 0.000000e+000 0.000000e+000
      outer loop
         vertex 1.082000e+003 -9.461691e+000 1.332588e+003
         vertex 1.082000e+003 -1.135894e+001 1.330907e+003
         vertex 1.082000e+003 -7.901646e-008 1.319997e+003
      endloop
   endfacet
   facet normal 1.000000e+000 0.000000e+000 0.000000e+000
      outer loop
         vertex 1.082000e+003 -7.901646e-008 1.319997e+003
         vertex 1.082000e+003 -1.135894e+001 1.330907e+003
         vertex 1.082000e+003 -1.296200e+001 1.328944e+003
      endloop
   endfacet
   facet normal 1.000000e+000 0.000000e+000 0.000000e+000
      outer loop
         vertex 1.082000e+003 -7.901646e-008 1.319997e+003
         vertex 1.082000e+003 -1.296200e+001 1.328944e+003
         vertex 1.082000e+003 -1.422934e+001 1.326749e+003
      endloop
   endfacet
   facet normal 1.000000e+000 0.000000e+000 0.000000e+000
      outer loop
         vertex 1.082000e+003 -2.526478e+000 1.335543e+003
         vertex 1.082000e+003 -4.987521e+000 1.334936e+003
         vertex 1.082000e+003 -7.901646e-008 1.319997e+003
      endloop
   endfacet
   facet normal 1.000000e+000 0.000000e+000 0.000000e+000
      outer loop
         vertex 1.082000e+003 -7.901646e-008 1.319997e+003
         vertex 1.082000e+003 -4.987521e+000 1.334936e+003
         vertex 1.082000e+003 -7.319390e+000 1.333943e+003
      endloop
   endfacet
   facet normal 1.000000e+000 0.000000e+000 0.000000e+000
      outer loop
         vertex 1.082000e+003 -7.901646e-008 1.319997e+003
         vertex 1.082000e+003 -7.319390e+000 1.333943e+003
         vertex 1.082000e+003 -9.461691e+000 1.332588e+003
      endloop
   endfacet
   facet normal 1.000000e+000 0.000000e+000 0.000000e+000
      outer loop
         vertex 1.078000e+003 1.767767e+001 1.304919e+003
         vertex 1.078000e+003 1.723827e+001 1.304882e+003
         vertex 1.078000e+003 1.767767e+001 1.302319e+003
      endloop
   endfacet
   facet normal 1.000000e+000 0.000000e+000 0.000000e+000
      outer loop
         vertex 1.078000e+003 1.894568e+001 1.304589e+003
         vertex 1.078000e+003 1.854383e+001 1.304771e+003
         vertex 1.078000e+003 1.767767e+001 1.302319e+003
      endloop
   endfacet
   facet normal 1.000000e+000 0.000000e+000 0.000000e+000
      outer loop
         vertex 1.078000e+003 1.767767e+001 1.302319e+003
         vertex 1.078000e+003 1.854383e+001 1.304771e+003
         vertex 1.078000e+003 1.811707e+001 1.304882e+003
      endloop
   endfacet
   facet normal 1.000000e+000 0.000000e+000 0.000000e+000
      outer loop
         vertex 1.078000e+003 1.767767e+001 1.302319e+003
         vertex 1.078000e+003 1.811707e+001 1.304882e+003
         vertex 1.078000e+003 1.767767e+001 1.304919e+003
      endloop
   endfacet
   facet normal 1.000000e+000 0.000000e+000 0.000000e+000
      outer loop
         vertex 1.078000e+003 1.989165e+001 1.303682e+003
         vertex 1.078000e+003 1.962942e+001 1.304037e+003
         vertex 1.078000e+003 1.767767e+001 1.302319e+003
      endloop
   endfacet
   facet normal 1.000000e+000 0.000000e+000 0.000000e+000
      outer loop
         vertex 1.078000e+003 1.767767e+001 1.302319e+003
         vertex 1.078000e+003 1.962942e+001 1.304037e+003
         vertex 1.078000e+003 1.931104e+001 1.304342e+003
      endloop
   endfacet
   facet normal 1.000000e+000 0.000000e+000 0.000000e+000
      outer loop
         vertex 1.078000e+003 1.767767e+001 1.302319e+003
         vertex 1.078000e+003 1.931104e+001 1.304342e+003
         vertex 1.078000e+003 1.894568e+001 1.304589e+003
      endloop
   endfacet
   facet normal 1.000000e+000 0.000000e+000 0.000000e+000
      outer loop
         vertex 1.078000e+003 2.027533e+001 1.302430e+003
         vertex 1.078000e+003 2.021931e+001 1.302867e+003
         vertex 1.078000e+003 1.767767e+001 1.302319e+003
      endloop
   endfacet
   facet normal 1.000000e+000 0.000000e+000 0.000000e+000
      outer loop
         vertex 1.078000e+003 1.767767e+001 1.302319e+003
         vertex 1.078000e+003 2.021931e+001 1.302867e+003
         vertex 1.078000e+003 2.009018e+001 1.303289e+003
      endloop
   endfacet
   facet normal 1.000000e+000 0.000000e+000 0.000000e+000
      outer loop
         vertex 1.078000e+003 1.767767e+001 1.302319e+003
         vertex 1.078000e+003 2.009018e+001 1.303289e+003
         vertex 1.078000e+003 1.989165e+001 1.303682e+003
      endloop
   endfacet
   facet normal 1.000000e+000 0.000000e+000 0.000000e+000
      outer loop
         vertex 1.078000e+003 1.999928e+001 1.301149e+003
         vertex 1.078000e+003 2.016370e+001 1.301558e+003
         vertex 1.078000e+003 1.767767e+001 1.302319e+003
      endloop
   endfacet
   facet normal 1.000000e+000 0.000000e+000 0.000000e+000
      outer loop
         vertex 1.078000e+003 1.767767e+001 1.302319e+003
         vertex 1.078000e+003 2.016370e+001 1.301558e+003
         vertex 1.078000e+003 2.025661e+001 1.301989e+003
      endloop
   endfacet
   facet normal 1.000000e+000 0.000000e+000 0.000000e+000
      outer loop
         vertex 1.078000e+003 1.767767e+001 1.302319e+003
         vertex 1.078000e+003 2.025661e+001 1.301989e+003
         vertex 1.078000e+003 2.027533e+001 1.302430e+003
      endloop
   endfacet
   facet normal 1.000000e+000 0.000000e+000 0.000000e+000
      outer loop
         vertex 1.078000e+003 1.913360e+001 1.300165e+003
         vertex 1.078000e+003 1.947671e+001 1.300442e+003
         vertex 1.078000e+003 1.767767e+001 1.302319e+003
      endloop
   endfacet
   facet normal 1.000000e+000 0.000000e+000 0.000000e+000
      outer loop
         vertex 1.078000e+003 1.767767e+001 1.302319e+003
         vertex 1.078000e+003 1.947671e+001 1.300442e+003
         vertex 1.078000e+003 1.976806e+001 1.300773e+003
      endloop
   endfacet
   facet normal 1.000000e+000 0.000000e+000 0.000000e+000
      outer loop
         vertex 1.078000e+003 1.767767e+001 1.302319e+003
         vertex 1.078000e+003 1.976806e+001 1.300773e+003
         vertex 1.078000e+003 1.999928e+001 1.301149e+003
      endloop
   endfacet
   facet normal 1.000000e+000 0.000000e+000 0.000000e+000
      outer loop
         vertex 1.078000e+003 1.789816e+001 1.299729e+003
         vertex 1.078000e+003 1.833281e+001 1.299803e+003
         vertex 1.078000e+003 1.767767e+001 1.302319e+003
      endloop
   endfacet
   facet normal 1.000000e+000 0.000000e+000 0.000000e+000
      outer loop
         vertex 1.078000e+003 1.767767e+001 1.302319e+003
         vertex 1.078000e+003 1.833281e+001 1.299803e+003
         vertex 1.078000e+003 1.874861e+001 1.299950e+003
      endloop
   endfacet
   facet normal 1.000000e+000 0.000000e+000 0.000000e+000
      outer loop
         vertex 1.078000e+003 1.767767e+001 1.302319e+003
         vertex 1.078000e+003 1.874861e+001 1.299950e+003
         vertex 1.078000e+003 1.913360e+001 1.300165e+003
      endloop
   endfacet
   facet normal 1.000000e+000 0.000000e+000 0.000000e+000
      outer loop
         vertex 1.078000e+003 1.660673e+001 1.299950e+003
         vertex 1.078000e+003 1.702253e+001 1.299803e+003
         vertex 1.078000e+003 1.767767e+001 1.302319e+003
      endloop
   endfacet
   facet normal 1.000000e+000 0.000000e+000 0.000000e+000
      outer loop
         vertex 1.078000e+003 1.767767e+001 1.302319e+003
         vertex 1.078000e+003 1.702253e+001 1.299803e+003
         vertex 1.078000e+003 1.745717e+001 1.299729e+003
      endloop
   endfacet
   facet normal 1.000000e+000 0.000000e+000 0.000000e+000
      outer loop
         vertex 1.078000e+003 1.767767e+001 1.302319e+003
         vertex 1.078000e+003 1.745717e+001 1.299729e+003
         vertex 1.078000e+003 1.789816e+001 1.299729e+003
      endloop
   endfacet
   facet normal 1.000000e+000 0.000000e+000 0.000000e+000
      outer loop
         vertex 1.078000e+003 1.558728e+001 1.300773e+003
         vertex 1.078000e+003 1.587863e+001 1.300442e+003
         vertex 1.078000e+003 1.767767e+001 1.302319e+003
      endloop
   endfacet
   facet normal 1.000000e+000 0.000000e+000 0.000000e+000
      outer loop
         vertex 1.078000e+003 1.767767e+001 1.302319e+003
         vertex 1.078000e+003 1.587863e+001 1.300442e+003
         vertex 1.078000e+003 1.622174e+001 1.300165e+003
      endloop
   endfacet
   facet normal 1.000000e+000 0.000000e+000 0.000000e+000
      outer loop
         vertex 1.078000e+003 1.767767e+001 1.302319e+003
         vertex 1.078000e+003 1.622174e+001 1.300165e+003
         vertex 1.078000e+003 1.660673e+001 1.299950e+003
      endloop
   endfacet
   facet normal 1.000000e+000 0.000000e+000 0.000000e+000
      outer loop
         vertex 1.078000e+003 1.509873e+001 1.301989e+003
         vertex 1.078000e+003 1.519164e+001 1.301558e+003
         vertex 1.078000e+003 1.767767e+001 1.302319e+003
      endloop
   endfacet
   facet normal 1.000000e+000 0.000000e+000 0.000000e+000
      outer loop
         vertex 1.078000e+003 1.767767e+001 1.302319e+003
         vertex 1.078000e+003 1.519164e+001 1.301558e+003
         vertex 1.078000e+003 1.535606e+001 1.301149e+003
      endloop
   endfacet
   facet normal 1.000000e+000 0.000000e+000 0.000000e+000
      outer loop
         vertex 1.078000e+003 1.767767e+001 1.302319e+003
         vertex 1.078000e+003 1.535606e+001 1.301149e+003
         vertex 1.078000e+003 1.558728e+001 1.300773e+003
      endloop
   endfacet
   facet normal 1.000000e+000 0.000000e+000 0.000000e+000
      outer loop
         vertex 1.078000e+003 1.526516e+001 1.303289e+003
         vertex 1.078000e+003 1.513603e+001 1.302867e+003
         vertex 1.078000e+003 1.767767e+001 1.302319e+003
      endloop
   endfacet
   facet normal 1.000000e+000 0.000000e+000 0.000000e+000
      outer loop
         vertex 1.078000e+003 1.767767e+001 1.302319e+003
         vertex 1.078000e+003 1.513603e+001 1.302867e+003
         vertex 1.078000e+003 1.508001e+001 1.302430e+003
      endloop
   endfacet
   facet normal 1.000000e+000 0.000000e+000 0.000000e+000
      outer loop
         vertex 1.078000e+003 1.767767e+001 1.302319e+003
         vertex 1.078000e+003 1.508001e+001 1.302430e+003
         vertex 1.078000e+003 1.509873e+001 1.301989e+003
      endloop
   endfacet
   facet normal 1.000000e+000 0.000000e+000 0.000000e+000
      outer loop
         vertex 1.078000e+003 1.604430e+001 1.304342e+003
         vertex 1.078000e+003 1.572592e+001 1.304037e+003
         vertex 1.078000e+003 1.767767e+001 1.302319e+003
      endloop
   endfacet
   facet normal 1.000000e+000 0.000000e+000 0.000000e+000
      outer loop
         vertex 1.078000e+003 1.767767e+001 1.302319e+003
         vertex 1.078000e+003 1.572592e+001 1.304037e+003
         vertex 1.078000e+003 1.546369e+001 1.303682e+003
      endloop
   endfacet
   facet normal 1.000000e+000 0.000000e+000 0.000000e+000
      outer loop
         vertex 1.078000e+003 1.767767e+001 1.302319e+003
         vertex 1.078000e+003 1.546369e+001 1.303682e+003
         vertex 1.078000e+003 1.526516e+001 1.303289e+003
      endloop
   endfacet
   facet normal 1.000000e+000 0.000000e+000 0.000000e+000
      outer loop
         vertex 1.078000e+003 1.723827e+001 1.304882e+003
         vertex 1.078000e+003 1.681151e+001 1.304771e+003
         vertex 1.078000e+003 1.767767e+001 1.302319e+003
      endloop
   endfacet
   facet normal 1.000000e+000 0.000000e+000 0.000000e+000
      outer loop
         vertex 1.078000e+003 1.767767e+001 1.302319e+003
         vertex 1.078000e+003 1.681151e+001 1.304771e+003
         vertex 1.078000e+003 1.640966e+001 1.304589e+003
      endloop
   endfacet
   facet normal 1.000000e+000 0.000000e+000 0.000000e+000
      outer loop
         vertex 1.078000e+003 1.767767e+001 1.302319e+003
         vertex 1.078000e+003 1.640966e+001 1.304589e+003
         vertex 1.078000e+003 1.604430e+001 1.304342e+003
      endloop
   endfacet
   facet normal 1.000000e+000 0.000000e+000 0.000000e+000
      outer loop
         vertex 1.078000e+003 -7.673840e-008 1.297597e+003
         vertex 1.078000e+003 -4.394022e-001 1.297559e+003
         vertex 1.078000e+003 -7.673840e-008 1.294997e+003
      endloop
   endfacet
   facet normal 1.000000e+000 0.000000e+000 0.000000e+000
      outer loop
         vertex 1.078000e+003 1.268007e+000 1.297267e+003
         vertex 1.078000e+003 8.661634e-001 1.297448e+003
         vertex 1.078000e+003 -7.673840e-008 1.294997e+003
      endloop
   endfacet
   facet normal 1.000000e+000 0.000000e+000 0.000000e+000
      outer loop
         vertex 1.078000e+003 -7.673840e-008 1.294997e+003
         vertex 1.078000e+003 8.661634e-001 1.297448e+003
         vertex 1.078000e+003 4.394021e-001 1.297559e+003
      endloop
   endfacet
   facet normal 1.000000e+000 0.000000e+000 0.000000e+000
      outer loop
         vertex 1.078000e+003 -7.673840e-008 1.294997e+003
         vertex 1.078000e+003 4.394021e-001 1.297559e+003
         vertex 1.078000e+003 -7.673840e-008 1.297597e+003
      endloop
   endfacet
   facet normal 1.000000e+000 0.000000e+000 0.000000e+000
      outer loop
         vertex 1.078000e+003 2.213976e+000 1.296360e+003
         vertex 1.078000e+003 1.951748e+000 1.296715e+003
         vertex 1.078000e+003 -7.673840e-008 1.294997e+003
      endloop
   endfacet
   facet normal 1.000000e+000 0.000000e+000 0.000000e+000
      outer loop
         vertex 1.078000e+003 -7.673840e-008 1.294997e+003
         vertex 1.078000e+003 1.951748e+000 1.296715e+003
         vertex 1.078000e+003 1.633372e+000 1.297020e+003
      endloop
   endfacet
   facet normal 1.000000e+000 0.000000e+000 0.000000e+000
      outer loop
         vertex 1.078000e+003 -7.673840e-008 1.294997e+003
         vertex 1.078000e+003 1.633372e+000 1.297020e+003
         vertex 1.078000e+003 1.268007e+000 1.297267e+003
      endloop
   endfacet
   facet normal 1.000000e+000 0.000000e+000 0.000000e+000
      outer loop
         vertex 1.078000e+003 2.597657e+000 1.295107e+003
         vertex 1.078000e+003 2.541644e+000 1.295545e+003
         vertex 1.078000e+003 -7.673840e-008 1.294997e+003
      endloop
   endfacet
   facet normal 1.000000e+000 0.000000e+000 0.000000e+000
      outer loop
         vertex 1.078000e+003 -7.673840e-008 1.294997e+003
         vertex 1.078000e+003 2.541644e+000 1.295545e+003
         vertex 1.078000e+003 2.412512e+000 1.295966e+003
      endloop
   endfacet
   facet normal 1.000000e+000 0.000000e+000 0.000000e+000
      outer loop
         vertex 1.078000e+003 -7.673840e-008 1.294997e+003
         vertex 1.078000e+003 2.412512e+000 1.295966e+003
         vertex 1.078000e+003 2.213976e+000 1.296360e+003
      endloop
   endfacet
   facet normal 1.000000e+000 0.000000e+000 0.000000e+000
      outer loop
         vertex 1.078000e+003 2.321607e+000 1.293826e+003
         vertex 1.078000e+003 2.486033e+000 1.294235e+003
         vertex 1.078000e+003 -7.673840e-008 1.294997e+003
      endloop
   endfacet
   facet normal 1.000000e+000 0.000000e+000 0.000000e+000
      outer loop
         vertex 1.078000e+003 -7.673840e-008 1.294997e+003
         vertex 1.078000e+003 2.486033e+000 1.294235e+003
         vertex 1.078000e+003 2.578941e+000 1.294667e+003
      endloop
   endfacet
   facet normal 1.000000e+000 0.000000e+000 0.000000e+000
      outer loop
         vertex 1.078000e+003 -7.673840e-008 1.294997e+003
         vertex 1.078000e+003 2.578941e+000 1.294667e+003
         vertex 1.078000e+003 2.597657e+000 1.295107e+003
      endloop
   endfacet
   facet normal 1.000000e+000 0.000000e+000 0.000000e+000
      outer loop
         vertex 1.078000e+003 1.455934e+000 1.292843e+003
         vertex 1.078000e+003 1.799041e+000 1.293120e+003
         vertex 1.078000e+003 -7.673840e-008 1.294997e+003
      endloop
   endfacet
   facet normal 1.000000e+000 0.000000e+000 0.000000e+000
      outer loop
         vertex 1.078000e+003 -7.673840e-008 1.294997e+003
         vertex 1.078000e+003 1.799041e+000 1.293120e+003
         vertex 1.078000e+003 2.090392e+000 1.293451e+003
      endloop
   endfacet
   facet normal 1.000000e+000 0.000000e+000 0.000000e+000
      outer loop
         vertex 1.078000e+003 -7.673840e-008 1.294997e+003
         vertex 1.078000e+003 2.090392e+000 1.293451e+003
         vertex 1.078000e+003 2.321607e+000 1.293826e+003
      endloop
   endfacet
   facet normal 1.000000e+000 0.000000e+000 0.000000e+000
      outer loop
         vertex 1.078000e+003 2.204953e-001 1.292406e+003
         vertex 1.078000e+003 6.551429e-001 1.292481e+003
         vertex 1.078000e+003 -7.673840e-008 1.294997e+003
      endloop
   endfacet
   facet normal 1.000000e+000 0.000000e+000 0.000000e+000
      outer loop
         vertex 1.078000e+003 -7.673840e-008 1.294997e+003
         vertex 1.078000e+003 6.551429e-001 1.292481e+003
         vertex 1.078000e+003 1.070943e+000 1.292628e+003
      endloop
   endfacet
   facet normal 1.000000e+000 0.000000e+000 0.000000e+000
      outer loop
         vertex 1.078000e+003 -7.673840e-008 1.294997e+003
         vertex 1.078000e+003 1.070943e+000 1.292628e+003
         vertex 1.078000e+003 1.455934e+000 1.292843e+003
      endloop
   endfacet
   facet normal 1.000000e+000 0.000000e+000 0.000000e+000
      outer loop
         vertex 1.078000e+003 -1.070943e+000 1.292628e+003
         vertex 1.078000e+003 -6.551431e-001 1.292481e+003
         vertex 1.078000e+003 -7.673840e-008 1.294997e+003
      endloop
   endfacet
   facet normal 1.000000e+000 0.000000e+000 0.000000e+000
      outer loop
         vertex 1.078000e+003 -7.673840e-008 1.294997e+003
         vertex 1.078000e+003 -6.551431e-001 1.292481e+003
         vertex 1.078000e+003 -2.204955e-001 1.292406e+003
      endloop
   endfacet
   facet normal 1.000000e+000 0.000000e+000 0.000000e+000
      outer loop
         vertex 1.078000e+003 -7.673840e-008 1.294997e+003
         vertex 1.078000e+003 -2.204955e-001 1.292406e+003
         vertex 1.078000e+003 2.204953e-001 1.292406e+003
      endloop
   endfacet
   facet normal 1.000000e+000 0.000000e+000 0.000000e+000
      outer loop
         vertex 1.078000e+003 -2.090393e+000 1.293451e+003
         vertex 1.078000e+003 -1.799041e+000 1.293120e+003
         vertex 1.078000e+003 -7.673840e-008 1.294997e+003
      endloop
   endfacet
   facet normal 1.000000e+000 0.000000e+000 0.000000e+000
      outer loop
         vertex 1.078000e+003 -7.673840e-008 1.294997e+003
         vertex 1.078000e+003 -1.799041e+000 1.293120e+003
         vertex 1.078000e+003 -1.455935e+000 1.292843e+003
      endloop
   endfacet
   facet normal 1.000000e+000 0.000000e+000 0.000000e+000
      outer loop
         vertex 1.078000e+003 -7.673840e-008 1.294997e+003
         vertex 1.078000e+003 -1.455935e+000 1.292843e+003
         vertex 1.078000e+003 -1.070943e+000 1.292628e+003
      endloop
   endfacet
   facet normal 1.000000e+000 0.000000e+000 0.000000e+000
      outer loop
         vertex 1.078000e+003 -2.578941e+000 1.294667e+003
         vertex 1.078000e+003 -2.486034e+000 1.294235e+003
         vertex 1.078000e+003 -7.673840e-008 1.294997e+003
      endloop
   endfacet
   facet normal 1.000000e+000 0.000000e+000 0.000000e+000
      outer loop
         vertex 1.078000e+003 -7.673840e-008 1.294997e+003
         vertex 1.078000e+003 -2.486034e+000 1.294235e+003
         vertex 1.078000e+003 -2.321607e+000 1.293826e+003
      endloop
   endfacet
   facet normal 1.000000e+000 0.000000e+000 0.000000e+000
      outer loop
         vertex 1.078000e+003 -7.673840e-008 1.294997e+003
         vertex 1.078000e+003 -2.321607e+000 1.293826e+003
         vertex 1.078000e+003 -2.090393e+000 1.293451e+003
      endloop
   endfacet
   facet normal 1.000000e+000 0.000000e+000 0.000000e+000
      outer loop
         vertex 1.078000e+003 -2.412512e+000 1.295966e+003
         vertex 1.078000e+003 -2.541644e+000 1.295545e+003
         vertex 1.078000e+003 -7.673840e-008 1.294997e+003
      endloop
   endfacet
   facet normal 1.000000e+000 0.000000e+000 0.000000e+000
      outer loop
         vertex 1.078000e+003 -7.673840e-008 1.294997e+003
         vertex 1.078000e+003 -2.541644e+000 1.295545e+003
         vertex 1.078000e+003 -2.597657e+000 1.295107e+003
      endloop
   endfacet
   facet normal 1.000000e+000 0.000000e+000 0.000000e+000
      outer loop
         vertex 1.078000e+003 -7.673840e-008 1.294997e+003
         vertex 1.078000e+003 -2.597657e+000 1.295107e+003
         vertex 1.078000e+003 -2.578941e+000 1.294667e+003
      endloop
   endfacet
   facet normal 1.000000e+000 0.000000e+000 0.000000e+000
      outer loop
         vertex 1.078000e+003 -1.633372e+000 1.297020e+003
         vertex 1.078000e+003 -1.951748e+000 1.296715e+003
         vertex 1.078000e+003 -7.673840e-008 1.294997e+003
      endloop
   endfacet
   facet normal 1.000000e+000 0.000000e+000 0.000000e+000
      outer loop
         vertex 1.078000e+003 -7.673840e-008 1.294997e+003
         vertex 1.078000e+003 -1.951748e+000 1.296715e+003
         vertex 1.078000e+003 -2.213976e+000 1.296360e+003
      endloop
   endfacet
   facet normal 1.000000e+000 0.000000e+000 0.000000e+000
      outer loop
         vertex 1.078000e+003 -7.673840e-008 1.294997e+003
         vertex 1.078000e+003 -2.213976e+000 1.296360e+003
         vertex 1.078000e+003 -2.412512e+000 1.295966e+003
      endloop
   endfacet
   facet normal 1.000000e+000 0.000000e+000 0.000000e+000
      outer loop
         vertex 1.078000e+003 -4.394022e-001 1.297559e+003
         vertex 1.078000e+003 -8.661635e-001 1.297448e+003
         vertex 1.078000e+003 -7.673840e-008 1.294997e+003
      endloop
   endfacet
   facet normal 1.000000e+000 0.000000e+000 0.000000e+000
      outer loop
         vertex 1.078000e+003 -7.673840e-008 1.294997e+003
         vertex 1.078000e+003 -8.661635e-001 1.297448e+003
         vertex 1.078000e+003 -1.268007e+000 1.297267e+003
      endloop
   endfacet
   facet normal 1.000000e+000 0.000000e+000 0.000000e+000
      outer loop
         vertex 1.078000e+003 -7.673840e-008 1.294997e+003
         vertex 1.078000e+003 -1.268007e+000 1.297267e+003
         vertex 1.078000e+003 -1.633372e+000 1.297020e+003
      endloop
   endfacet
   facet normal 1.000000e+000 0.000000e+000 0.000000e+000
      outer loop
         vertex 1.078000e+003 -1.767767e+001 1.304919e+003
         vertex 1.078000e+003 -1.811707e+001 1.304882e+003
         vertex 1.078000e+003 -1.767767e+001 1.302319e+003
      endloop
   endfacet
   facet normal 1.000000e+000 0.000000e+000 0.000000e+000
      outer loop
         vertex 1.078000e+003 -1.640966e+001 1.304589e+003
         vertex 1.078000e+003 -1.681151e+001 1.304771e+003
         vertex 1.078000e+003 -1.767767e+001 1.302319e+003
      endloop
   endfacet
   facet normal 1.000000e+000 0.000000e+000 0.000000e+000
      outer loop
         vertex 1.078000e+003 -1.767767e+001 1.302319e+003
         vertex 1.078000e+003 -1.681151e+001 1.304771e+003
         vertex 1.078000e+003 -1.723827e+001 1.304882e+003
      endloop
   endfacet
   facet normal 1.000000e+000 0.000000e+000 0.000000e+000
      outer loop
         vertex 1.078000e+003 -1.767767e+001 1.302319e+003
         vertex 1.078000e+003 -1.723827e+001 1.304882e+003
         vertex 1.078000e+003 -1.767767e+001 1.304919e+003
      endloop
   endfacet
   facet normal 1.000000e+000 0.000000e+000 0.000000e+000
      outer loop
         vertex 1.078000e+003 -1.546369e+001 1.303682e+003
         vertex 1.078000e+003 -1.572592e+001 1.304037e+003
         vertex 1.078000e+003 -1.767767e+001 1.302319e+003
      endloop
   endfacet
   facet normal 1.000000e+000 0.000000e+000 0.000000e+000
      outer loop
         vertex 1.078000e+003 -1.767767e+001 1.302319e+003
         vertex 1.078000e+003 -1.572592e+001 1.304037e+003
         vertex 1.078000e+003 -1.604430e+001 1.304342e+003
      endloop
   endfacet
   facet normal 1.000000e+000 0.000000e+000 0.000000e+000
      outer loop
         vertex 1.078000e+003 -1.767767e+001 1.302319e+003
         vertex 1.078000e+003 -1.604430e+001 1.304342e+003
         vertex 1.078000e+003 -1.640966e+001 1.304589e+003
      endloop
   endfacet
   facet normal 1.000000e+000 0.000000e+000 0.000000e+000
      outer loop
         vertex 1.078000e+003 -1.508001e+001 1.302430e+003
         vertex 1.078000e+003 -1.513603e+001 1.302867e+003
         vertex 1.078000e+003 -1.767767e+001 1.302319e+003
      endloop
   endfacet
   facet normal 1.000000e+000 0.000000e+000 0.000000e+000
      outer loop
         vertex 1.078000e+003 -1.767767e+001 1.302319e+003
         vertex 1.078000e+003 -1.513603e+001 1.302867e+003
         vertex 1.078000e+003 -1.526516e+001 1.303289e+003
      endloop
   endfacet
   facet normal 1.000000e+000 0.000000e+000 0.000000e+000
      outer loop
         vertex 1.078000e+003 -1.767767e+001 1.302319e+003
         vertex 1.078000e+003 -1.526516e+001 1.303289e+003
         vertex 1.078000e+003 -1.546369e+001 1.303682e+003
      endloop
   endfacet
   facet normal 1.000000e+000 0.000000e+000 0.000000e+000
      outer loop
         vertex 1.078000e+003 -1.535606e+001 1.301149e+003
         vertex 1.078000e+003 -1.519164e+001 1.301558e+003
         vertex 1.078000e+003 -1.767767e+001 1.302319e+003
      endloop
   endfacet
   facet normal 1.000000e+000 0.000000e+000 0.000000e+000
      outer loop
         vertex 1.078000e+003 -1.767767e+001 1.302319e+003
         vertex 1.078000e+003 -1.519164e+001 1.301558e+003
         vertex 1.078000e+003 -1.509873e+001 1.301989e+003
      endloop
   endfacet
   facet normal 1.000000e+000 0.000000e+000 0.000000e+000
      outer loop
         vertex 1.078000e+003 -1.767767e+001 1.302319e+003
         vertex 1.078000e+003 -1.509873e+001 1.301989e+003
         vertex 1.078000e+003 -1.508001e+001 1.302430e+003
      endloop
   endfacet
   facet normal 1.000000e+000 0.000000e+000 0.000000e+000
      outer loop
         vertex 1.078000e+003 -1.622174e+001 1.300165e+003
         vertex 1.078000e+003 -1.587863e+001 1.300442e+003
         vertex 1.078000e+003 -1.767767e+001 1.302319e+003
      endloop
   endfacet
   facet normal 1.000000e+000 0.000000e+000 0.000000e+000
      outer loop
         vertex 1.078000e+003 -1.767767e+001 1.302319e+003
         vertex 1.078000e+003 -1.587863e+001 1.300442e+003
         vertex 1.078000e+003 -1.558728e+001 1.300773e+003
      endloop
   endfacet
   facet normal 1.000000e+000 0.000000e+000 0.000000e+000
      outer loop
         vertex 1.078000e+003 -1.767767e+001 1.302319e+003
         vertex 1.078000e+003 -1.558728e+001 1.300773e+003
         vertex 1.078000e+003 -1.535606e+001 1.301149e+003
      endloop
   endfacet
   facet normal 1.000000e+000 0.000000e+000 0.000000e+000
      outer loop
         vertex 1.078000e+003 -1.745717e+001 1.299729e+003
         vertex 1.078000e+003 -1.702253e+001 1.299803e+003
         vertex 1.078000e+003 -1.767767e+001 1.302319e+003
      endloop
   endfacet
   facet normal 1.000000e+000 0.000000e+000 0.000000e+000
      outer loop
         vertex 1.078000e+003 -1.767767e+001 1.302319e+003
         vertex 1.078000e+003 -1.702253e+001 1.299803e+003
         vertex 1.078000e+003 -1.660673e+001 1.299950e+003
      endloop
   endfacet
   facet normal 1.000000e+000 0.000000e+000 0.000000e+000
      outer loop
         vertex 1.078000e+003 -1.767767e+001 1.302319e+003
         vertex 1.078000e+003 -1.660673e+001 1.299950e+003
         vertex 1.078000e+003 -1.622174e+001 1.300165e+003
      endloop
   endfacet
   facet normal 1.000000e+000 0.000000e+000 0.000000e+000
      outer loop
         vertex 1.078000e+003 -1.874861e+001 1.299950e+003
         vertex 1.078000e+003 -1.833281e+001 1.299803e+003
         vertex 1.078000e+003 -1.767767e+001 1.302319e+003
      endloop
   endfacet
   facet normal 1.000000e+000 0.000000e+000 0.000000e+000
      outer loop
         vertex 1.078000e+003 -1.767767e+001 1.302319e+003
         vertex 1.078000e+003 -1.833281e+001 1.299803e+003
         vertex 1.078000e+003 -1.789816e+001 1.299729e+003
      endloop
   endfacet
   facet normal 1.000000e+000 0.000000e+000 0.000000e+000
      outer loop
         vertex 1.078000e+003 -1.767767e+001 1.302319e+003
         vertex 1.078000e+003 -1.789816e+001 1.299729e+003
         vertex 1.078000e+003 -1.745717e+001 1.299729e+003
      endloop
   endfacet
   facet normal 1.000000e+000 0.000000e+000 0.000000e+000
      outer loop
         vertex 1.078000e+003 -1.976806e+001 1.300773e+003
         vertex 1.078000e+003 -1.947671e+001 1.300442e+003
         vertex 1.078000e+003 -1.767767e+001 1.302319e+003
      endloop
   endfacet
   facet normal 1.000000e+000 0.000000e+000 0.000000e+000
      outer loop
         vertex 1.078000e+003 -1.767767e+001 1.302319e+003
         vertex 1.078000e+003 -1.947671e+001 1.300442e+003
         vertex 1.078000e+003 -1.913360e+001 1.300165e+003
      endloop
   endfacet
   facet normal 1.000000e+000 0.000000e+000 0.000000e+000
      outer loop
         vertex 1.078000e+003 -1.767767e+001 1.302319e+003
         vertex 1.078000e+003 -1.913360e+001 1.300165e+003
         vertex 1.078000e+003 -1.874861e+001 1.299950e+003
      endloop
   endfacet
   facet normal 1.000000e+000 0.000000e+000 0.000000e+000
      outer loop
         vertex 1.078000e+003 -2.025661e+001 1.301989e+003
         vertex 1.078000e+003 -2.016370e+001 1.301558e+003
         vertex 1.078000e+003 -1.767767e+001 1.302319e+003
      endloop
   endfacet
   facet normal 1.000000e+000 0.000000e+000 0.000000e+000
      outer loop
         vertex 1.078000e+003 -1.767767e+001 1.302319e+003
         vertex 1.078000e+003 -2.016370e+001 1.301558e+003
         vertex 1.078000e+003 -1.999928e+001 1.301149e+003
      endloop
   endfacet
   facet normal 1.000000e+000 0.000000e+000 0.000000e+000
      outer loop
         vertex 1.078000e+003 -1.767767e+001 1.302319e+003
         vertex 1.078000e+003 -1.999928e+001 1.301149e+003
         vertex 1.078000e+003 -1.976806e+001 1.300773e+003
      endloop
   endfacet
   facet normal 1.000000e+000 0.000000e+000 0.000000e+000
      outer loop
         vertex 1.078000e+003 -2.009018e+001 1.303289e+003
         vertex 1.078000e+003 -2.021931e+001 1.302867e+003
         vertex 1.078000e+003 -1.767767e+001 1.302319e+003
      endloop
   endfacet
   facet normal 1.000000e+000 0.000000e+000 0.000000e+000
      outer loop
         vertex 1.078000e+003 -1.767767e+001 1.302319e+003
         vertex 1.078000e+003 -2.021931e+001 1.302867e+003
         vertex 1.078000e+003 -2.027533e+001 1.302430e+003
      endloop
   endfacet
   facet normal 1.000000e+000 0.000000e+000 0.000000e+000
      outer loop
         vertex 1.078000e+003 -1.767767e+001 1.302319e+003
         vertex 1.078000e+003 -2.027533e+001 1.302430e+003
         vertex 1.078000e+003 -2.025661e+001 1.301989e+003
      endloop
   endfacet
   facet normal 1.000000e+000 0.000000e+000 0.000000e+000
      outer loop
         vertex 1.078000e+003 -1.931104e+001 1.304342e+003
         vertex 1.078000e+003 -1.962942e+001 1.304037e+003
         vertex 1.078000e+003 -1.767767e+001 1.302319e+003
      endloop
   endfacet
   facet normal 1.000000e+000 0.000000e+000 0.000000e+000
      outer loop
         vertex 1.078000e+003 -1.767767e+001 1.302319e+003
         vertex 1.078000e+003 -1.962942e+001 1.304037e+003
         vertex 1.078000e+003 -1.989165e+001 1.303682e+003
      endloop
   endfacet
   facet normal 1.000000e+000 0.000000e+000 0.000000e+000
      outer loop
         vertex 1.078000e+003 -1.767767e+001 1.302319e+003
         vertex 1.078000e+003 -1.989165e+001 1.303682e+003
         vertex 1.078000e+003 -2.009018e+001 1.303289e+003
      endloop
   endfacet
   facet normal 1.000000e+000 0.000000e+000 0.000000e+000
      outer loop
         vertex 1.078000e+003 -1.811707e+001 1.304882e+003
         vertex 1.078000e+003 -1.854383e+001 1.304771e+003
         vertex 1.078000e+003 -1.767767e+001 1.302319e+003
      endloop
   endfacet
   facet normal 1.000000e+000 0.000000e+000 0.000000e+000
      outer loop
         vertex 1.078000e+003 -1.767767e+001 1.302319e+003
         vertex 1.078000e+003 -1.854383e+001 1.304771e+003
         vertex 1.078000e+003 -1.894568e+001 1.304589e+003
      endloop
   endfacet
   facet normal 1.000000e+000 0.000000e+000 0.000000e+000
      outer loop
         vertex 1.078000e+003 -1.767767e+001 1.302319e+003
         vertex 1.078000e+003 -1.894568e+001 1.304589e+003
         vertex 1.078000e+003 -1.931104e+001 1.304342e+003
      endloop
   endfacet
   facet normal 1.000000e+000 0.000000e+000 0.000000e+000
      outer loop
         vertex 1.078000e+003 -2.500000e+001 1.322597e+003
         vertex 1.078000e+003 -2.543940e+001 1.322559e+003
         vertex 1.078000e+003 -2.500000e+001 1.319997e+003
      endloop
   endfacet
   facet normal 1.000000e+000 0.000000e+000 0.000000e+000
      outer loop
         vertex 1.078000e+003 -2.373199e+001 1.322267e+003
         vertex 1.078000e+003 -2.413384e+001 1.322448e+003
         vertex 1.078000e+003 -2.500000e+001 1.319997e+003
      endloop
   endfacet
   facet normal 1.000000e+000 0.000000e+000 0.000000e+000
      outer loop
         vertex 1.078000e+003 -2.500000e+001 1.319997e+003
         vertex 1.078000e+003 -2.413384e+001 1.322448e+003
         vertex 1.078000e+003 -2.456060e+001 1.322559e+003
      endloop
   endfacet
   facet normal 1.000000e+000 0.000000e+000 0.000000e+000
      outer loop
         vertex 1.078000e+003 -2.500000e+001 1.319997e+003
         vertex 1.078000e+003 -2.456060e+001 1.322559e+003
         vertex 1.078000e+003 -2.500000e+001 1.322597e+003
      endloop
   endfacet
   facet normal 1.000000e+000 0.000000e+000 0.000000e+000
      outer loop
         vertex 1.078000e+003 -2.278602e+001 1.321360e+003
         vertex 1.078000e+003 -2.304825e+001 1.321715e+003
         vertex 1.078000e+003 -2.500000e+001 1.319997e+003
      endloop
   endfacet
   facet normal 1.000000e+000 0.000000e+000 0.000000e+000
      outer loop
         vertex 1.078000e+003 -2.500000e+001 1.319997e+003
         vertex 1.078000e+003 -2.304825e+001 1.321715e+003
         vertex 1.078000e+003 -2.336663e+001 1.322020e+003
      endloop
   endfacet
   facet normal 1.000000e+000 0.000000e+000 0.000000e+000
      outer loop
         vertex 1.078000e+003 -2.500000e+001 1.319997e+003
         vertex 1.078000e+003 -2.336663e+001 1.322020e+003
         vertex 1.078000e+003 -2.373199e+001 1.322267e+003
      endloop
   endfacet
   facet normal 1.000000e+000 0.000000e+000 0.000000e+000
      outer loop
         vertex 1.078000e+003 -2.240234e+001 1.320107e+003
         vertex 1.078000e+003 -2.245835e+001 1.320545e+003
         vertex 1.078000e+003 -2.500000e+001 1.319997e+003
      endloop
   endfacet
   facet normal 1.000000e+000 0.000000e+000 0.000000e+000
      outer loop
         vertex 1.078000e+003 -2.500000e+001 1.319997e+003
         vertex 1.078000e+003 -2.245835e+001 1.320545e+003
         vertex 1.078000e+003 -2.258749e+001 1.320966e+003
      endloop
   endfacet
   facet normal 1.000000e+000 0.000000e+000 0.000000e+000
      outer loop
         vertex 1.078000e+003 -2.500000e+001 1.319997e+003
         vertex 1.078000e+003 -2.258749e+001 1.320966e+003
         vertex 1.078000e+003 -2.278602e+001 1.321360e+003
      endloop
   endfacet
   facet normal 1.000000e+000 0.000000e+000 0.000000e+000
      outer loop
         vertex 1.078000e+003 -2.267839e+001 1.318826e+003
         vertex 1.078000e+003 -2.251397e+001 1.319236e+003
         vertex 1.078000e+003 -2.500000e+001 1.319997e+003
      endloop
   endfacet
   facet normal 1.000000e+000 0.000000e+000 0.000000e+000
      outer loop
         vertex 1.078000e+003 -2.500000e+001 1.319997e+003
         vertex 1.078000e+003 -2.251397e+001 1.319236e+003
         vertex 1.078000e+003 -2.242106e+001 1.319667e+003
      endloop
   endfacet
   facet normal 1.000000e+000 0.000000e+000 0.000000e+000
      outer loop
         vertex 1.078000e+003 -2.500000e+001 1.319997e+003
         vertex 1.078000e+003 -2.242106e+001 1.319667e+003
         vertex 1.078000e+003 -2.240234e+001 1.320107e+003
      endloop
   endfacet
   facet normal 1.000000e+000 0.000000e+000 0.000000e+000
      outer loop
         vertex 1.078000e+003 -2.354407e+001 1.317843e+003
         vertex 1.078000e+003 -2.320096e+001 1.318120e+003
         vertex 1.078000e+003 -2.500000e+001 1.319997e+003
      endloop
   endfacet
   facet normal 1.000000e+000 0.000000e+000 0.000000e+000
      outer loop
         vertex 1.078000e+003 -2.500000e+001 1.319997e+003
         vertex 1.078000e+003 -2.320096e+001 1.318120e+003
         vertex 1.078000e+003 -2.290961e+001 1.318451e+003
      endloop
   endfacet
   facet normal 1.000000e+000 0.000000e+000 0.000000e+000
      outer loop
         vertex 1.078000e+003 -2.500000e+001 1.319997e+003
         vertex 1.078000e+003 -2.290961e+001 1.318451e+003
         vertex 1.078000e+003 -2.267839e+001 1.318826e+003
      endloop
   endfacet
   facet normal 1.000000e+000 0.000000e+000 0.000000e+000
      outer loop
         vertex 1.078000e+003 -2.477950e+001 1.317406e+003
         vertex 1.078000e+003 -2.434486e+001 1.317481e+003
         vertex 1.078000e+003 -2.500000e+001 1.319997e+003
      endloop
   endfacet
   facet normal 1.000000e+000 0.000000e+000 0.000000e+000
      outer loop
         vertex 1.078000e+003 -2.500000e+001 1.319997e+003
         vertex 1.078000e+003 -2.434486e+001 1.317481e+003
         vertex 1.078000e+003 -2.392906e+001 1.317628e+003
      endloop
   endfacet
   facet normal 1.000000e+000 0.000000e+000 0.000000e+000
      outer loop
         vertex 1.078000e+003 -2.500000e+001 1.319997e+003
         vertex 1.078000e+003 -2.392906e+001 1.317628e+003
         vertex 1.078000e+003 -2.354407e+001 1.317843e+003
      endloop
   endfacet
   facet normal 1.000000e+000 0.000000e+000 0.000000e+000
      outer loop
         vertex 1.078000e+003 -2.607094e+001 1.317628e+003
         vertex 1.078000e+003 -2.565514e+001 1.317481e+003
         vertex 1.078000e+003 -2.500000e+001 1.319997e+003
      endloop
   endfacet
   facet normal 1.000000e+000 0.000000e+000 0.000000e+000
      outer loop
         vertex 1.078000e+003 -2.500000e+001 1.319997e+003
         vertex 1.078000e+003 -2.565514e+001 1.317481e+003
         vertex 1.078000e+003 -2.522050e+001 1.317406e+003
      endloop
   endfacet
   facet normal 1.000000e+000 0.000000e+000 0.000000e+000
      outer loop
         vertex 1.078000e+003 -2.500000e+001 1.319997e+003
         vertex 1.078000e+003 -2.522050e+001 1.317406e+003
         vertex 1.078000e+003 -2.477950e+001 1.317406e+003
      endloop
   endfacet
   facet normal 1.000000e+000 0.000000e+000 0.000000e+000
      outer loop
         vertex 1.078000e+003 -2.709039e+001 1.318451e+003
         vertex 1.078000e+003 -2.679904e+001 1.318120e+003
         vertex 1.078000e+003 -2.500000e+001 1.319997e+003
      endloop
   endfacet
   facet normal 1.000000e+000 0.000000e+000 0.000000e+000
      outer loop
         vertex 1.078000e+003 -2.500000e+001 1.319997e+003
         vertex 1.078000e+003 -2.679904e+001 1.318120e+003
         vertex 1.078000e+003 -2.645593e+001 1.317843e+003
      endloop
   endfacet
   facet normal 1.000000e+000 0.000000e+000 0.000000e+000
      outer loop
         vertex 1.078000e+003 -2.500000e+001 1.319997e+003
         vertex 1.078000e+003 -2.645593e+001 1.317843e+003
         vertex 1.078000e+003 -2.607094e+001 1.317628e+003
      endloop
   endfacet
   facet normal 1.000000e+000 0.000000e+000 0.000000e+000
      outer loop
         vertex 1.078000e+003 -2.757894e+001 1.319667e+003
         vertex 1.078000e+003 -2.748603e+001 1.319236e+003
         vertex 1.078000e+003 -2.500000e+001 1.319997e+003
      endloop
   endfacet
   facet normal 1.000000e+000 0.000000e+000 0.000000e+000
      outer loop
         vertex 1.078000e+003 -2.500000e+001 1.319997e+003
         vertex 1.078000e+003 -2.748603e+001 1.319236e+003
         vertex 1.078000e+003 -2.732161e+001 1.318826e+003
      endloop
   endfacet
   facet normal 1.000000e+000 0.000000e+000 0.000000e+000
      outer loop
         vertex 1.078000e+003 -2.500000e+001 1.319997e+003
         vertex 1.078000e+003 -2.732161e+001 1.318826e+003
         vertex 1.078000e+003 -2.709039e+001 1.318451e+003
      endloop
   endfacet
   facet normal 1.000000e+000 0.000000e+000 0.000000e+000
      outer loop
         vertex 1.078000e+003 -2.741251e+001 1.320966e+003
         vertex 1.078000e+003 -2.754164e+001 1.320545e+003
         vertex 1.078000e+003 -2.500000e+001 1.319997e+003
      endloop
   endfacet
   facet normal 1.000000e+000 0.000000e+000 0.000000e+000
      outer loop
         vertex 1.078000e+003 -2.500000e+001 1.319997e+003
         vertex 1.078000e+003 -2.754164e+001 1.320545e+003
         vertex 1.078000e+003 -2.759766e+001 1.320107e+003
      endloop
   endfacet
   facet normal 1.000000e+000 0.000000e+000 0.000000e+000
      outer loop
         vertex 1.078000e+003 -2.500000e+001 1.319997e+003
         vertex 1.078000e+003 -2.759766e+001 1.320107e+003
         vertex 1.078000e+003 -2.757894e+001 1.319667e+003
      endloop
   endfacet
   facet normal 1.000000e+000 0.000000e+000 0.000000e+000
      outer loop
         vertex 1.078000e+003 -2.663337e+001 1.322020e+003
         vertex 1.078000e+003 -2.695175e+001 1.321715e+003
         vertex 1.078000e+003 -2.500000e+001 1.319997e+003
      endloop
   endfacet
   facet normal 1.000000e+000 0.000000e+000 0.000000e+000
      outer loop
         vertex 1.078000e+003 -2.500000e+001 1.319997e+003
         vertex 1.078000e+003 -2.695175e+001 1.321715e+003
         vertex 1.078000e+003 -2.721398e+001 1.321360e+003
      endloop
   endfacet
   facet normal 1.000000e+000 0.000000e+000 0.000000e+000
      outer loop
         vertex 1.078000e+003 -2.500000e+001 1.319997e+003
         vertex 1.078000e+003 -2.721398e+001 1.321360e+003
         vertex 1.078000e+003 -2.741251e+001 1.320966e+003
      endloop
   endfacet
   facet normal 1.000000e+000 0.000000e+000 0.000000e+000
      outer loop
         vertex 1.078000e+003 -2.543940e+001 1.322559e+003
         vertex 1.078000e+003 -2.586616e+001 1.322448e+003
         vertex 1.078000e+003 -2.500000e+001 1.319997e+003
      endloop
   endfacet
   facet normal 1.000000e+000 0.000000e+000 0.000000e+000
      outer loop
         vertex 1.078000e+003 -2.500000e+001 1.319997e+003
         vertex 1.078000e+003 -2.586616e+001 1.322448e+003
         vertex 1.078000e+003 -2.626801e+001 1.322267e+003
      endloop
   endfacet
   facet normal 1.000000e+000 0.000000e+000 0.000000e+000
      outer loop
         vertex 1.078000e+003 -2.500000e+001 1.319997e+003
         vertex 1.078000e+003 -2.626801e+001 1.322267e+003
         vertex 1.078000e+003 -2.663337e+001 1.322020e+003
      endloop
   endfacet
   facet normal 1.000000e+000 0.000000e+000 0.000000e+000
      outer loop
         vertex 1.078000e+003 -1.767767e+001 1.340275e+003
         vertex 1.078000e+003 -1.811707e+001 1.340237e+003
         vertex 1.078000e+003 -1.767767e+001 1.337674e+003
      endloop
   endfacet
   facet normal 1.000000e+000 0.000000e+000 0.000000e+000
      outer loop
         vertex 1.078000e+003 -1.640966e+001 1.339944e+003
         vertex 1.078000e+003 -1.681151e+001 1.340126e+003
         vertex 1.078000e+003 -1.767767e+001 1.337674e+003
      endloop
   endfacet
   facet normal 1.000000e+000 0.000000e+000 0.000000e+000
      outer loop
         vertex 1.078000e+003 -1.767767e+001 1.337674e+003
         vertex 1.078000e+003 -1.681151e+001 1.340126e+003
         vertex 1.078000e+003 -1.723827e+001 1.340237e+003
      endloop
   endfacet
   facet normal 1.000000e+000 0.000000e+000 0.000000e+000
      outer loop
         vertex 1.078000e+003 -1.767767e+001 1.337674e+003
         vertex 1.078000e+003 -1.723827e+001 1.340237e+003
         vertex 1.078000e+003 -1.767767e+001 1.340275e+003
      endloop
   endfacet
   facet normal 1.000000e+000 0.000000e+000 0.000000e+000
      outer loop
         vertex 1.078000e+003 -1.546369e+001 1.339038e+003
         vertex 1.078000e+003 -1.572592e+001 1.339392e+003
         vertex 1.078000e+003 -1.767767e+001 1.337674e+003
      endloop
   endfacet
   facet normal 1.000000e+000 0.000000e+000 0.000000e+000
      outer loop
         vertex 1.078000e+003 -1.767767e+001 1.337674e+003
         vertex 1.078000e+003 -1.572592e+001 1.339392e+003
         vertex 1.078000e+003 -1.604430e+001 1.339698e+003
      endloop
   endfacet
   facet normal 1.000000e+000 0.000000e+000 0.000000e+000
      outer loop
         vertex 1.078000e+003 -1.767767e+001 1.337674e+003
         vertex 1.078000e+003 -1.604430e+001 1.339698e+003
         vertex 1.078000e+003 -1.640966e+001 1.339944e+003
      endloop
   endfacet
   facet normal 1.000000e+000 0.000000e+000 0.000000e+000
      outer loop
         vertex 1.078000e+003 -1.508001e+001 1.337785e+003
         vertex 1.078000e+003 -1.513603e+001 1.338222e+003
         vertex 1.078000e+003 -1.767767e+001 1.337674e+003
      endloop
   endfacet
   facet normal 1.000000e+000 0.000000e+000 0.000000e+000
      outer loop
         vertex 1.078000e+003 -1.767767e+001 1.337674e+003
         vertex 1.078000e+003 -1.513603e+001 1.338222e+003
         vertex 1.078000e+003 -1.526516e+001 1.338644e+003
      endloop
   endfacet
   facet normal 1.000000e+000 0.000000e+000 0.000000e+000
      outer loop
         vertex 1.078000e+003 -1.767767e+001 1.337674e+003
         vertex 1.078000e+003 -1.526516e+001 1.338644e+003
         vertex 1.078000e+003 -1.546369e+001 1.339038e+003
      endloop
   endfacet
   facet normal 1.000000e+000 0.000000e+000 0.000000e+000
      outer loop
         vertex 1.078000e+003 -1.535606e+001 1.336504e+003
         vertex 1.078000e+003 -1.519164e+001 1.336913e+003
         vertex 1.078000e+003 -1.767767e+001 1.337674e+003
      endloop
   endfacet
   facet normal 1.000000e+000 0.000000e+000 0.000000e+000
      outer loop
         vertex 1.078000e+003 -1.767767e+001 1.337674e+003
         vertex 1.078000e+003 -1.519164e+001 1.336913e+003
         vertex 1.078000e+003 -1.509873e+001 1.337344e+003
      endloop
   endfacet
   facet normal 1.000000e+000 0.000000e+000 0.000000e+000
      outer loop
         vertex 1.078000e+003 -1.767767e+001 1.337674e+003
         vertex 1.078000e+003 -1.509873e+001 1.337344e+003
         vertex 1.078000e+003 -1.508001e+001 1.337785e+003
      endloop
   endfacet
   facet normal 1.000000e+000 0.000000e+000 0.000000e+000
      outer loop
         vertex 1.078000e+003 -1.622174e+001 1.335520e+003
         vertex 1.078000e+003 -1.587863e+001 1.335797e+003
         vertex 1.078000e+003 -1.767767e+001 1.337674e+003
      endloop
   endfacet
   facet normal 1.000000e+000 0.000000e+000 0.000000e+000
      outer loop
         vertex 1.078000e+003 -1.767767e+001 1.337674e+003
         vertex 1.078000e+003 -1.587863e+001 1.335797e+003
         vertex 1.078000e+003 -1.558728e+001 1.336128e+003
      endloop
   endfacet
   facet normal 1.000000e+000 0.000000e+000 0.000000e+000
      outer loop
         vertex 1.078000e+003 -1.767767e+001 1.337674e+003
         vertex 1.078000e+003 -1.558728e+001 1.336128e+003
         vertex 1.078000e+003 -1.535606e+001 1.336504e+003
      endloop
   endfacet
   facet normal 1.000000e+000 0.000000e+000 0.000000e+000
      outer loop
         vertex 1.078000e+003 -1.745717e+001 1.335084e+003
         vertex 1.078000e+003 -1.702253e+001 1.335158e+003
         vertex 1.078000e+003 -1.767767e+001 1.337674e+003
      endloop
   endfacet
   facet normal 1.000000e+000 0.000000e+000 0.000000e+000
      outer loop
         vertex 1.078000e+003 -1.767767e+001 1.337674e+003
         vertex 1.078000e+003 -1.702253e+001 1.335158e+003
         vertex 1.078000e+003 -1.660673e+001 1.335305e+003
      endloop
   endfacet
   facet normal 1.000000e+000 0.000000e+000 0.000000e+000
      outer loop
         vertex 1.078000e+003 -1.767767e+001 1.337674e+003
         vertex 1.078000e+003 -1.660673e+001 1.335305e+003
         vertex 1.078000e+003 -1.622174e+001 1.335520e+003
      endloop
   endfacet
   facet normal 1.000000e+000 0.000000e+000 0.000000e+000
      outer loop
         vertex 1.078000e+003 -1.874861e+001 1.335305e+003
         vertex 1.078000e+003 -1.833281e+001 1.335158e+003
         vertex 1.078000e+003 -1.767767e+001 1.337674e+003
      endloop
   endfacet
   facet normal 1.000000e+000 0.000000e+000 0.000000e+000
      outer loop
         vertex 1.078000e+003 -1.767767e+001 1.337674e+003
         vertex 1.078000e+003 -1.833281e+001 1.335158e+003
         vertex 1.078000e+003 -1.789816e+001 1.335084e+003
      endloop
   endfacet
   facet normal 1.000000e+000 0.000000e+000 0.000000e+000
      outer loop
         vertex 1.078000e+003 -1.767767e+001 1.337674e+003
         vertex 1.078000e+003 -1.789816e+001 1.335084e+003
         vertex 1.078000e+003 -1.745717e+001 1.335084e+003
      endloop
   endfacet
   facet normal 1.000000e+000 0.000000e+000 0.000000e+000
      outer loop
         vertex 1.078000e+003 -1.976806e+001 1.336128e+003
         vertex 1.078000e+003 -1.947671e+001 1.335797e+003
         vertex 1.078000e+003 -1.767767e+001 1.337674e+003
      endloop
   endfacet
   facet normal 1.000000e+000 0.000000e+000 0.000000e+000
      outer loop
         vertex 1.078000e+003 -1.767767e+001 1.337674e+003
         vertex 1.078000e+003 -1.947671e+001 1.335797e+003
         vertex 1.078000e+003 -1.913360e+001 1.335520e+003
      endloop
   endfacet
   facet normal 1.000000e+000 0.000000e+000 0.000000e+000
      outer loop
         vertex 1.078000e+003 -1.767767e+001 1.337674e+003
         vertex 1.078000e+003 -1.913360e+001 1.335520e+003
         vertex 1.078000e+003 -1.874861e+001 1.335305e+003
      endloop
   endfacet
   facet normal 1.000000e+000 0.000000e+000 0.000000e+000
      outer loop
         vertex 1.078000e+003 -2.025661e+001 1.337344e+003
         vertex 1.078000e+003 -2.016370e+001 1.336913e+003
         vertex 1.078000e+003 -1.767767e+001 1.337674e+003
      endloop
   endfacet
   facet normal 1.000000e+000 0.000000e+000 0.000000e+000
      outer loop
         vertex 1.078000e+003 -1.767767e+001 1.337674e+003
         vertex 1.078000e+003 -2.016370e+001 1.336913e+003
         vertex 1.078000e+003 -1.999928e+001 1.336504e+003
      endloop
   endfacet
   facet normal 1.000000e+000 0.000000e+000 0.000000e+000
      outer loop
         vertex 1.078000e+003 -1.767767e+001 1.337674e+003
         vertex 1.078000e+003 -1.999928e+001 1.336504e+003
         vertex 1.078000e+003 -1.976806e+001 1.336128e+003
      endloop
   endfacet
   facet normal 1.000000e+000 0.000000e+000 0.000000e+000
      outer loop
         vertex 1.078000e+003 -2.009018e+001 1.338644e+003
         vertex 1.078000e+003 -2.021931e+001 1.338222e+003
         vertex 1.078000e+003 -1.767767e+001 1.337674e+003
      endloop
   endfacet
   facet normal 1.000000e+000 0.000000e+000 0.000000e+000
      outer loop
         vertex 1.078000e+003 -1.767767e+001 1.337674e+003
         vertex 1.078000e+003 -2.021931e+001 1.338222e+003
         vertex 1.078000e+003 -2.027533e+001 1.337785e+003
      endloop
   endfacet
   facet normal 1.000000e+000 0.000000e+000 0.000000e+000
      outer loop
         vertex 1.078000e+003 -1.767767e+001 1.337674e+003
         vertex 1.078000e+003 -2.027533e+001 1.337785e+003
         vertex 1.078000e+003 -2.025661e+001 1.337344e+003
      endloop
   endfacet
   facet normal 1.000000e+000 0.000000e+000 0.000000e+000
      outer loop
         vertex 1.078000e+003 -1.931104e+001 1.339698e+003
         vertex 1.078000e+003 -1.962942e+001 1.339392e+003
         vertex 1.078000e+003 -1.767767e+001 1.337674e+003
      endloop
   endfacet
   facet normal 1.000000e+000 0.000000e+000 0.000000e+000
      outer loop
         vertex 1.078000e+003 -1.767767e+001 1.337674e+003
         vertex 1.078000e+003 -1.962942e+001 1.339392e+003
         vertex 1.078000e+003 -1.989165e+001 1.339038e+003
      endloop
   endfacet
   facet normal 1.000000e+000 0.000000e+000 0.000000e+000
      outer loop
         vertex 1.078000e+003 -1.767767e+001 1.337674e+003
         vertex 1.078000e+003 -1.989165e+001 1.339038e+003
         vertex 1.078000e+003 -2.009018e+001 1.338644e+003
      endloop
   endfacet
   facet normal 1.000000e+000 0.000000e+000 0.000000e+000
      outer loop
         vertex 1.078000e+003 -1.811707e+001 1.340237e+003
         vertex 1.078000e+003 -1.854383e+001 1.340126e+003
         vertex 1.078000e+003 -1.767767e+001 1.337674e+003
      endloop
   endfacet
   facet normal 1.000000e+000 0.000000e+000 0.000000e+000
      outer loop
         vertex 1.078000e+003 -1.767767e+001 1.337674e+003
         vertex 1.078000e+003 -1.854383e+001 1.340126e+003
         vertex 1.078000e+003 -1.894568e+001 1.339944e+003
      endloop
   endfacet
   facet normal 1.000000e+000 0.000000e+000 0.000000e+000
      outer loop
         vertex 1.078000e+003 -1.767767e+001 1.337674e+003
         vertex 1.078000e+003 -1.894568e+001 1.339944e+003
         vertex 1.078000e+003 -1.931104e+001 1.339698e+003
      endloop
   endfacet
   facet normal 1.000000e+000 0.000000e+000 0.000000e+000
      outer loop
         vertex 1.078000e+003 -8.129430e-008 1.347597e+003
         vertex 1.078000e+003 -4.394022e-001 1.347559e+003
         vertex 1.078000e+003 -8.129430e-008 1.344997e+003
      endloop
   endfacet
   facet normal 1.000000e+000 0.000000e+000 0.000000e+000
      outer loop
         vertex 1.078000e+003 1.268007e+000 1.347267e+003
         vertex 1.078000e+003 8.661634e-001 1.347448e+003
         vertex 1.078000e+003 -8.129430e-008 1.344997e+003
      endloop
   endfacet
   facet normal 1.000000e+000 0.000000e+000 0.000000e+000
      outer loop
         vertex 1.078000e+003 -8.129430e-008 1.344997e+003
         vertex 1.078000e+003 8.661634e-001 1.347448e+003
         vertex 1.078000e+003 4.394021e-001 1.347559e+003
      endloop
   endfacet
   facet normal 1.000000e+000 0.000000e+000 0.000000e+000
      outer loop
         vertex 1.078000e+003 -8.129430e-008 1.344997e+003
         vertex 1.078000e+003 4.394021e-001 1.347559e+003
         vertex 1.078000e+003 -8.129430e-008 1.347597e+003
      endloop
   endfacet
   facet normal 1.000000e+000 0.000000e+000 0.000000e+000
      outer loop
         vertex 1.078000e+003 2.213976e+000 1.346360e+003
         vertex 1.078000e+003 1.951748e+000 1.346715e+003
         vertex 1.078000e+003 -8.129430e-008 1.344997e+003
      endloop
   endfacet
   facet normal 1.000000e+000 0.000000e+000 0.000000e+000
      outer loop
         vertex 1.078000e+003 -8.129430e-008 1.344997e+003
         vertex 1.078000e+003 1.951748e+000 1.346715e+003
         vertex 1.078000e+003 1.633372e+000 1.347020e+003
      endloop
   endfacet
   facet normal 1.000000e+000 0.000000e+000 0.000000e+000
      outer loop
         vertex 1.078000e+003 -8.129430e-008 1.344997e+003
         vertex 1.078000e+003 1.633372e+000 1.347020e+003
         vertex 1.078000e+003 1.268007e+000 1.347267e+003
      endloop
   endfacet
   facet normal 1.000000e+000 0.000000e+000 0.000000e+000
      outer loop
         vertex 1.078000e+003 2.597657e+000 1.345107e+003
         vertex 1.078000e+003 2.541644e+000 1.345545e+003
         vertex 1.078000e+003 -8.129430e-008 1.344997e+003
      endloop
   endfacet
   facet normal 1.000000e+000 0.000000e+000 0.000000e+000
      outer loop
         vertex 1.078000e+003 -8.129430e-008 1.344997e+003
         vertex 1.078000e+003 2.541644e+000 1.345545e+003
         vertex 1.078000e+003 2.412512e+000 1.345966e+003
      endloop
   endfacet
   facet normal 1.000000e+000 0.000000e+000 0.000000e+000
      outer loop
         vertex 1.078000e+003 -8.129430e-008 1.344997e+003
         vertex 1.078000e+003 2.412512e+000 1.345966e+003
         vertex 1.078000e+003 2.213976e+000 1.346360e+003
      endloop
   endfacet
   facet normal 1.000000e+000 0.000000e+000 0.000000e+000
      outer loop
         vertex 1.078000e+003 2.321607e+000 1.343826e+003
         vertex 1.078000e+003 2.486033e+000 1.344236e+003
         vertex 1.078000e+003 -8.129430e-008 1.344997e+003
      endloop
   endfacet
   facet normal 1.000000e+000 0.000000e+000 0.000000e+000
      outer loop
         vertex 1.078000e+003 -8.129430e-008 1.344997e+003
         vertex 1.078000e+003 2.486033e+000 1.344236e+003
         vertex 1.078000e+003 2.578941e+000 1.344667e+003
      endloop
   endfacet
   facet normal 1.000000e+000 0.000000e+000 0.000000e+000
      outer loop
         vertex 1.078000e+003 -8.129430e-008 1.344997e+003
         vertex 1.078000e+003 2.578941e+000 1.344667e+003
         vertex 1.078000e+003 2.597657e+000 1.345107e+003
      endloop
   endfacet
   facet normal 1.000000e+000 0.000000e+000 0.000000e+000
      outer loop
         vertex 1.078000e+003 1.455934e+000 1.342843e+003
         vertex 1.078000e+003 1.799041e+000 1.343120e+003
         vertex 1.078000e+003 -8.129430e-008 1.344997e+003
      endloop
   endfacet
   facet normal 1.000000e+000 0.000000e+000 0.000000e+000
      outer loop
         vertex 1.078000e+003 -8.129430e-008 1.344997e+003
         vertex 1.078000e+003 1.799041e+000 1.343120e+003
         vertex 1.078000e+003 2.090392e+000 1.343451e+003
      endloop
   endfacet
   facet normal 1.000000e+000 0.000000e+000 0.000000e+000
      outer loop
         vertex 1.078000e+003 -8.129430e-008 1.344997e+003
         vertex 1.078000e+003 2.090392e+000 1.343451e+003
         vertex 1.078000e+003 2.321607e+000 1.343826e+003
      endloop
   endfacet
   facet normal 1.000000e+000 0.000000e+000 0.000000e+000
      outer loop
         vertex 1.078000e+003 2.204953e-001 1.342406e+003
         vertex 1.078000e+003 6.551429e-001 1.342481e+003
         vertex 1.078000e+003 -8.129430e-008 1.344997e+003
      endloop
   endfacet
   facet normal 1.000000e+000 0.000000e+000 0.000000e+000
      outer loop
         vertex 1.078000e+003 -8.129430e-008 1.344997e+003
         vertex 1.078000e+003 6.551429e-001 1.342481e+003
         vertex 1.078000e+003 1.070943e+000 1.342628e+003
      endloop
   endfacet
   facet normal 1.000000e+000 0.000000e+000 0.000000e+000
      outer loop
         vertex 1.078000e+003 -8.129430e-008 1.344997e+003
         vertex 1.078000e+003 1.070943e+000 1.342628e+003
         vertex 1.078000e+003 1.455934e+000 1.342843e+003
      endloop
   endfacet
   facet normal 1.000000e+000 0.000000e+000 0.000000e+000
      outer loop
         vertex 1.078000e+003 -1.070943e+000 1.342628e+003
         vertex 1.078000e+003 -6.551431e-001 1.342481e+003
         vertex 1.078000e+003 -8.129430e-008 1.344997e+003
      endloop
   endfacet
   facet normal 1.000000e+000 0.000000e+000 0.000000e+000
      outer loop
         vertex 1.078000e+003 -8.129430e-008 1.344997e+003
         vertex 1.078000e+003 -6.551431e-001 1.342481e+003
         vertex 1.078000e+003 -2.204955e-001 1.342406e+003
      endloop
   endfacet
   facet normal 1.000000e+000 0.000000e+000 0.000000e+000
      outer loop
         vertex 1.078000e+003 -8.129430e-008 1.344997e+003
         vertex 1.078000e+003 -2.204955e-001 1.342406e+003
         vertex 1.078000e+003 2.204953e-001 1.342406e+003
      endloop
   endfacet
   facet normal 1.000000e+000 0.000000e+000 0.000000e+000
      outer loop
         vertex 1.078000e+003 -2.090393e+000 1.343451e+003
         vertex 1.078000e+003 -1.799041e+000 1.343120e+003
         vertex 1.078000e+003 -8.129430e-008 1.344997e+003
      endloop
   endfacet
   facet normal 1.000000e+000 0.000000e+000 0.000000e+000
      outer loop
         vertex 1.078000e+003 -8.129430e-008 1.344997e+003
         vertex 1.078000e+003 -1.799041e+000 1.343120e+003
         vertex 1.078000e+003 -1.455935e+000 1.342843e+003
      endloop
   endfacet
   facet normal 1.000000e+000 0.000000e+000 0.000000e+000
      outer loop
         vertex 1.078000e+003 -8.129430e-008 1.344997e+003
         vertex 1.078000e+003 -1.455935e+000 1.342843e+003
         vertex 1.078000e+003 -1.070943e+000 1.342628e+003
      endloop
   endfacet
   facet normal 1.000000e+000 0.000000e+000 0.000000e+000
      outer loop
         vertex 1.078000e+003 -2.578941e+000 1.344667e+003
         vertex 1.078000e+003 -2.486034e+000 1.344236e+003
         vertex 1.078000e+003 -8.129430e-008 1.344997e+003
      endloop
   endfacet
   facet normal 1.000000e+000 0.000000e+000 0.000000e+000
      outer loop
         vertex 1.078000e+003 -8.129430e-008 1.344997e+003
         vertex 1.078000e+003 -2.486034e+000 1.344236e+003
         vertex 1.078000e+003 -2.321607e+000 1.343826e+003
      endloop
   endfacet
   facet normal 1.000000e+000 0.000000e+000 0.000000e+000
      outer loop
         vertex 1.078000e+003 -8.129430e-008 1.344997e+003
         vertex 1.078000e+003 -2.321607e+000 1.343826e+003
         vertex 1.078000e+003 -2.090393e+000 1.343451e+003
      endloop
   endfacet
   facet normal 1.000000e+000 0.000000e+000 0.000000e+000
      outer loop
         vertex 1.078000e+003 -2.412512e+000 1.345966e+003
         vertex 1.078000e+003 -2.541644e+000 1.345545e+003
         vertex 1.078000e+003 -8.129430e-008 1.344997e+003
      endloop
   endfacet
   facet normal 1.000000e+000 0.000000e+000 0.000000e+000
      outer loop
         vertex 1.078000e+003 -8.129430e-008 1.344997e+003
         vertex 1.078000e+003 -2.541644e+000 1.345545e+003
         vertex 1.078000e+003 -2.597657e+000 1.345107e+003
      endloop
   endfacet
   facet normal 1.000000e+000 0.000000e+000 0.000000e+000
      outer loop
         vertex 1.078000e+003 -8.129430e-008 1.344997e+003
         vertex 1.078000e+003 -2.597657e+000 1.345107e+003
         vertex 1.078000e+003 -2.578941e+000 1.344667e+003
      endloop
   endfacet
   facet normal 1.000000e+000 0.000000e+000 0.000000e+000
      outer loop
         vertex 1.078000e+003 -1.633372e+000 1.347020e+003
         vertex 1.078000e+003 -1.951748e+000 1.346715e+003
         vertex 1.078000e+003 -8.129430e-008 1.344997e+003
      endloop
   endfacet
   facet normal 1.000000e+000 0.000000e+000 0.000000e+000
      outer loop
         vertex 1.078000e+003 -8.129430e-008 1.344997e+003
         vertex 1.078000e+003 -1.951748e+000 1.346715e+003
         vertex 1.078000e+003 -2.213976e+000 1.346360e+003
      endloop
   endfacet
   facet normal 1.000000e+000 0.000000e+000 0.000000e+000
      outer loop
         vertex 1.078000e+003 -8.129430e-008 1.344997e+003
         vertex 1.078000e+003 -2.213976e+000 1.346360e+003
         vertex 1.078000e+003 -2.412512e+000 1.345966e+003
      endloop
   endfacet
   facet normal 1.000000e+000 0.000000e+000 0.000000e+000
      outer loop
         vertex 1.078000e+003 -4.394022e-001 1.347559e+003
         vertex 1.078000e+003 -8.661635e-001 1.347448e+003
         vertex 1.078000e+003 -8.129430e-008 1.344997e+003
      endloop
   endfacet
   facet normal 1.000000e+000 0.000000e+000 0.000000e+000
      outer loop
         vertex 1.078000e+003 -8.129430e-008 1.344997e+003
         vertex 1.078000e+003 -8.661635e-001 1.347448e+003
         vertex 1.078000e+003 -1.268007e+000 1.347267e+003
      endloop
   endfacet
   facet normal 1.000000e+000 0.000000e+000 0.000000e+000
      outer loop
         vertex 1.078000e+003 -8.129430e-008 1.344997e+003
         vertex 1.078000e+003 -1.268007e+000 1.347267e+003
         vertex 1.078000e+003 -1.633372e+000 1.347020e+003
      endloop
   endfacet
   facet normal 1.000000e+000 0.000000e+000 0.000000e+000
      outer loop
         vertex 1.078000e+003 1.767767e+001 1.340275e+003
         vertex 1.078000e+003 1.723827e+001 1.340237e+003
         vertex 1.078000e+003 1.767767e+001 1.337674e+003
      endloop
   endfacet
   facet normal 1.000000e+000 0.000000e+000 0.000000e+000
      outer loop
         vertex 1.078000e+003 1.894568e+001 1.339944e+003
         vertex 1.078000e+003 1.854383e+001 1.340126e+003
         vertex 1.078000e+003 1.767767e+001 1.337674e+003
      endloop
   endfacet
   facet normal 1.000000e+000 0.000000e+000 0.000000e+000
      outer loop
         vertex 1.078000e+003 1.767767e+001 1.337674e+003
         vertex 1.078000e+003 1.854383e+001 1.340126e+003
         vertex 1.078000e+003 1.811707e+001 1.340237e+003
      endloop
   endfacet
   facet normal 1.000000e+000 0.000000e+000 0.000000e+000
      outer loop
         vertex 1.078000e+003 1.767767e+001 1.337674e+003
         vertex 1.078000e+003 1.811707e+001 1.340237e+003
         vertex 1.078000e+003 1.767767e+001 1.340275e+003
      endloop
   endfacet
   facet normal 1.000000e+000 0.000000e+000 0.000000e+000
      outer loop
         vertex 1.078000e+003 1.989165e+001 1.339038e+003
         vertex 1.078000e+003 1.962942e+001 1.339392e+003
         vertex 1.078000e+003 1.767767e+001 1.337674e+003
      endloop
   endfacet
   facet normal 1.000000e+000 0.000000e+000 0.000000e+000
      outer loop
         vertex 1.078000e+003 1.767767e+001 1.337674e+003
         vertex 1.078000e+003 1.962942e+001 1.339392e+003
         vertex 1.078000e+003 1.931104e+001 1.339698e+003
      endloop
   endfacet
   facet normal 1.000000e+000 0.000000e+000 0.000000e+000
      outer loop
         vertex 1.078000e+003 1.767767e+001 1.337674e+003
         vertex 1.078000e+003 1.931104e+001 1.339698e+003
         vertex 1.078000e+003 1.894568e+001 1.339944e+003
      endloop
   endfacet
   facet normal 1.000000e+000 0.000000e+000 0.000000e+000
      outer loop
         vertex 1.078000e+003 2.027533e+001 1.337785e+003
         vertex 1.078000e+003 2.021931e+001 1.338222e+003
         vertex 1.078000e+003 1.767767e+001 1.337674e+003
      endloop
   endfacet
   facet normal 1.000000e+000 0.000000e+000 0.000000e+000
      outer loop
         vertex 1.078000e+003 1.767767e+001 1.337674e+003
         vertex 1.078000e+003 2.021931e+001 1.338222e+003
         vertex 1.078000e+003 2.009018e+001 1.338644e+003
      endloop
   endfacet
   facet normal 1.000000e+000 0.000000e+000 0.000000e+000
      outer loop
         vertex 1.078000e+003 1.767767e+001 1.337674e+003
         vertex 1.078000e+003 2.009018e+001 1.338644e+003
         vertex 1.078000e+003 1.989165e+001 1.339038e+003
      endloop
   endfacet
   facet normal 1.000000e+000 0.000000e+000 0.000000e+000
      outer loop
         vertex 1.078000e+003 1.999928e+001 1.336504e+003
         vertex 1.078000e+003 2.016370e+001 1.336913e+003
         vertex 1.078000e+003 1.767767e+001 1.337674e+003
      endloop
   endfacet
   facet normal 1.000000e+000 0.000000e+000 0.000000e+000
      outer loop
         vertex 1.078000e+003 1.767767e+001 1.337674e+003
         vertex 1.078000e+003 2.016370e+001 1.336913e+003
         vertex 1.078000e+003 2.025661e+001 1.337344e+003
      endloop
   endfacet
   facet normal 1.000000e+000 0.000000e+000 0.000000e+000
      outer loop
         vertex 1.078000e+003 1.767767e+001 1.337674e+003
         vertex 1.078000e+003 2.025661e+001 1.337344e+003
         vertex 1.078000e+003 2.027533e+001 1.337785e+003
      endloop
   endfacet
   facet normal 1.000000e+000 0.000000e+000 0.000000e+000
      outer loop
         vertex 1.078000e+003 1.913360e+001 1.335520e+003
         vertex 1.078000e+003 1.947671e+001 1.335797e+003
         vertex 1.078000e+003 1.767767e+001 1.337674e+003
      endloop
   endfacet
   facet normal 1.000000e+000 0.000000e+000 0.000000e+000
      outer loop
         vertex 1.078000e+003 1.767767e+001 1.337674e+003
         vertex 1.078000e+003 1.947671e+001 1.335797e+003
         vertex 1.078000e+003 1.976806e+001 1.336128e+003
      endloop
   endfacet
   facet normal 1.000000e+000 0.000000e+000 0.000000e+000
      outer loop
         vertex 1.078000e+003 1.767767e+001 1.337674e+003
         vertex 1.078000e+003 1.976806e+001 1.336128e+003
         vertex 1.078000e+003 1.999928e+001 1.336504e+003
      endloop
   endfacet
   facet normal 1.000000e+000 0.000000e+000 0.000000e+000
      outer loop
         vertex 1.078000e+003 1.789816e+001 1.335084e+003
         vertex 1.078000e+003 1.833281e+001 1.335158e+003
         vertex 1.078000e+003 1.767767e+001 1.337674e+003
      endloop
   endfacet
   facet normal 1.000000e+000 0.000000e+000 0.000000e+000
      outer loop
         vertex 1.078000e+003 1.767767e+001 1.337674e+003
         vertex 1.078000e+003 1.833281e+001 1.335158e+003
         vertex 1.078000e+003 1.874861e+001 1.335305e+003
      endloop
   endfacet
   facet normal 1.000000e+000 0.000000e+000 0.000000e+000
      outer loop
         vertex 1.078000e+003 1.767767e+001 1.337674e+003
         vertex 1.078000e+003 1.874861e+001 1.335305e+003
         vertex 1.078000e+003 1.913360e+001 1.335520e+003
      endloop
   endfacet
   facet normal 1.000000e+000 0.000000e+000 0.000000e+000
      outer loop
         vertex 1.078000e+003 1.660673e+001 1.335305e+003
         vertex 1.078000e+003 1.702253e+001 1.335158e+003
         vertex 1.078000e+003 1.767767e+001 1.337674e+003
      endloop
   endfacet
   facet normal 1.000000e+000 0.000000e+000 0.000000e+000
      outer loop
         vertex 1.078000e+003 1.767767e+001 1.337674e+003
         vertex 1.078000e+003 1.702253e+001 1.335158e+003
         vertex 1.078000e+003 1.745717e+001 1.335084e+003
      endloop
   endfacet
   facet normal 1.000000e+000 0.000000e+000 0.000000e+000
      outer loop
         vertex 1.078000e+003 1.767767e+001 1.337674e+003
         vertex 1.078000e+003 1.745717e+001 1.335084e+003
         vertex 1.078000e+003 1.789816e+001 1.335084e+003
      endloop
   endfacet
   facet normal 1.000000e+000 0.000000e+000 0.000000e+000
      outer loop
         vertex 1.078000e+003 1.558728e+001 1.336128e+003
         vertex 1.078000e+003 1.587863e+001 1.335797e+003
         vertex 1.078000e+003 1.767767e+001 1.337674e+003
      endloop
   endfacet
   facet normal 1.000000e+000 0.000000e+000 0.000000e+000
      outer loop
         vertex 1.078000e+003 1.767767e+001 1.337674e+003
         vertex 1.078000e+003 1.587863e+001 1.335797e+003
         vertex 1.078000e+003 1.622174e+001 1.335520e+003
      endloop
   endfacet
   facet normal 1.000000e+000 0.000000e+000 0.000000e+000
      outer loop
         vertex 1.078000e+003 1.767767e+001 1.337674e+003
         vertex 1.078000e+003 1.622174e+001 1.335520e+003
         vertex 1.078000e+003 1.660673e+001 1.335305e+003
      endloop
   endfacet
   facet normal 1.000000e+000 0.000000e+000 0.000000e+000
      outer loop
         vertex 1.078000e+003 1.509873e+001 1.337344e+003
         vertex 1.078000e+003 1.519164e+001 1.336913e+003
         vertex 1.078000e+003 1.767767e+001 1.337674e+003
      endloop
   endfacet
   facet normal 1.000000e+000 0.000000e+000 0.000000e+000
      outer loop
         vertex 1.078000e+003 1.767767e+001 1.337674e+003
         vertex 1.078000e+003 1.519164e+001 1.336913e+003
         vertex 1.078000e+003 1.535606e+001 1.336504e+003
      endloop
   endfacet
   facet normal 1.000000e+000 0.000000e+000 0.000000e+000
      outer loop
         vertex 1.078000e+003 1.767767e+001 1.337674e+003
         vertex 1.078000e+003 1.535606e+001 1.336504e+003
         vertex 1.078000e+003 1.558728e+001 1.336128e+003
      endloop
   endfacet
   facet normal 1.000000e+000 0.000000e+000 0.000000e+000
      outer loop
         vertex 1.078000e+003 1.526516e+001 1.338644e+003
         vertex 1.078000e+003 1.513603e+001 1.338222e+003
         vertex 1.078000e+003 1.767767e+001 1.337674e+003
      endloop
   endfacet
   facet normal 1.000000e+000 0.000000e+000 0.000000e+000
      outer loop
         vertex 1.078000e+003 1.767767e+001 1.337674e+003
         vertex 1.078000e+003 1.513603e+001 1.338222e+003
         vertex 1.078000e+003 1.508001e+001 1.337785e+003
      endloop
   endfacet
   facet normal 1.000000e+000 0.000000e+000 0.000000e+000
      outer loop
         vertex 1.078000e+003 1.767767e+001 1.337674e+003
         vertex 1.078000e+003 1.508001e+001 1.337785e+003
         vertex 1.078000e+003 1.509873e+001 1.337344e+003
      endloop
   endfacet
   facet normal 1.000000e+000 0.000000e+000 0.000000e+000
      outer loop
         vertex 1.078000e+003 1.604430e+001 1.339698e+003
         vertex 1.078000e+003 1.572592e+001 1.339392e+003
         vertex 1.078000e+003 1.767767e+001 1.337674e+003
      endloop
   endfacet
   facet normal 1.000000e+000 0.000000e+000 0.000000e+000
      outer loop
         vertex 1.078000e+003 1.767767e+001 1.337674e+003
         vertex 1.078000e+003 1.572592e+001 1.339392e+003
         vertex 1.078000e+003 1.546369e+001 1.339038e+003
      endloop
   endfacet
   facet normal 1.000000e+000 0.000000e+000 0.000000e+000
      outer loop
         vertex 1.078000e+003 1.767767e+001 1.337674e+003
         vertex 1.078000e+003 1.546369e+001 1.339038e+003
         vertex 1.078000e+003 1.526516e+001 1.338644e+003
      endloop
   endfacet
   facet normal 1.000000e+000 0.000000e+000 0.000000e+000
      outer loop
         vertex 1.078000e+003 1.723827e+001 1.340237e+003
         vertex 1.078000e+003 1.681151e+001 1.340126e+003
         vertex 1.078000e+003 1.767767e+001 1.337674e+003
      endloop
   endfacet
   facet normal 1.000000e+000 0.000000e+000 0.000000e+000
      outer loop
         vertex 1.078000e+003 1.767767e+001 1.337674e+003
         vertex 1.078000e+003 1.681151e+001 1.340126e+003
         vertex 1.078000e+003 1.640966e+001 1.339944e+003
      endloop
   endfacet
   facet normal 1.000000e+000 0.000000e+000 0.000000e+000
      outer loop
         vertex 1.078000e+003 1.767767e+001 1.337674e+003
         vertex 1.078000e+003 1.640966e+001 1.339944e+003
         vertex 1.078000e+003 1.604430e+001 1.339698e+003
      endloop
   endfacet
   facet normal 1.000000e+000 0.000000e+000 0.000000e+000
      outer loop
         vertex 1.078000e+003 2.500000e+001 1.322597e+003
         vertex 1.078000e+003 2.456060e+001 1.322559e+003
         vertex 1.078000e+003 2.500000e+001 1.319997e+003
      endloop
   endfacet
   facet normal 1.000000e+000 0.000000e+000 0.000000e+000
      outer loop
         vertex 1.078000e+003 2.626801e+001 1.322267e+003
         vertex 1.078000e+003 2.586616e+001 1.322448e+003
         vertex 1.078000e+003 2.500000e+001 1.319997e+003
      endloop
   endfacet
   facet normal 1.000000e+000 0.000000e+000 0.000000e+000
      outer loop
         vertex 1.078000e+003 2.500000e+001 1.319997e+003
         vertex 1.078000e+003 2.586616e+001 1.322448e+003
         vertex 1.078000e+003 2.543940e+001 1.322559e+003
      endloop
   endfacet
   facet normal 1.000000e+000 0.000000e+000 0.000000e+000
      outer loop
         vertex 1.078000e+003 2.500000e+001 1.319997e+003
         vertex 1.078000e+003 2.543940e+001 1.322559e+003
         vertex 1.078000e+003 2.500000e+001 1.322597e+003
      endloop
   endfacet
   facet normal 1.000000e+000 0.000000e+000 0.000000e+000
      outer loop
         vertex 1.078000e+003 2.721398e+001 1.321360e+003
         vertex 1.078000e+003 2.695175e+001 1.321715e+003
         vertex 1.078000e+003 2.500000e+001 1.319997e+003
      endloop
   endfacet
   facet normal 1.000000e+000 0.000000e+000 0.000000e+000
      outer loop
         vertex 1.078000e+003 2.500000e+001 1.319997e+003
         vertex 1.078000e+003 2.695175e+001 1.321715e+003
         vertex 1.078000e+003 2.663337e+001 1.322020e+003
      endloop
   endfacet
   facet normal 1.000000e+000 0.000000e+000 0.000000e+000
      outer loop
         vertex 1.078000e+003 2.500000e+001 1.319997e+003
         vertex 1.078000e+003 2.663337e+001 1.322020e+003
         vertex 1.078000e+003 2.626801e+001 1.322267e+003
      endloop
   endfacet
   facet normal 1.000000e+000 0.000000e+000 0.000000e+000
      outer loop
         vertex 1.078000e+003 2.759766e+001 1.320107e+003
         vertex 1.078000e+003 2.754164e+001 1.320545e+003
         vertex 1.078000e+003 2.500000e+001 1.319997e+003
      endloop
   endfacet
   facet normal 1.000000e+000 0.000000e+000 0.000000e+000
      outer loop
         vertex 1.078000e+003 2.500000e+001 1.319997e+003
         vertex 1.078000e+003 2.754164e+001 1.320545e+003
         vertex 1.078000e+003 2.741251e+001 1.320966e+003
      endloop
   endfacet
   facet normal 1.000000e+000 0.000000e+000 0.000000e+000
      outer loop
         vertex 1.078000e+003 2.500000e+001 1.319997e+003
         vertex 1.078000e+003 2.741251e+001 1.320966e+003
         vertex 1.078000e+003 2.721398e+001 1.321360e+003
      endloop
   endfacet
   facet normal 1.000000e+000 0.000000e+000 0.000000e+000
      outer loop
         vertex 1.078000e+003 2.732161e+001 1.318826e+003
         vertex 1.078000e+003 2.748603e+001 1.319236e+003
         vertex 1.078000e+003 2.500000e+001 1.319997e+003
      endloop
   endfacet
   facet normal 1.000000e+000 0.000000e+000 0.000000e+000
      outer loop
         vertex 1.078000e+003 2.500000e+001 1.319997e+003
         vertex 1.078000e+003 2.748603e+001 1.319236e+003
         vertex 1.078000e+003 2.757894e+001 1.319667e+003
      endloop
   endfacet
   facet normal 1.000000e+000 0.000000e+000 0.000000e+000
      outer loop
         vertex 1.078000e+003 2.500000e+001 1.319997e+003
         vertex 1.078000e+003 2.757894e+001 1.319667e+003
         vertex 1.078000e+003 2.759766e+001 1.320107e+003
      endloop
   endfacet
   facet normal 1.000000e+000 0.000000e+000 0.000000e+000
      outer loop
         vertex 1.078000e+003 2.645593e+001 1.317843e+003
         vertex 1.078000e+003 2.679904e+001 1.318120e+003
         vertex 1.078000e+003 2.500000e+001 1.319997e+003
      endloop
   endfacet
   facet normal 1.000000e+000 0.000000e+000 0.000000e+000
      outer loop
         vertex 1.078000e+003 2.500000e+001 1.319997e+003
         vertex 1.078000e+003 2.679904e+001 1.318120e+003
         vertex 1.078000e+003 2.709039e+001 1.318451e+003
      endloop
   endfacet
   facet normal 1.000000e+000 0.000000e+000 0.000000e+000
      outer loop
         vertex 1.078000e+003 2.500000e+001 1.319997e+003
         vertex 1.078000e+003 2.709039e+001 1.318451e+003
         vertex 1.078000e+003 2.732161e+001 1.318826e+003
      endloop
   endfacet
   facet normal 1.000000e+000 0.000000e+000 0.000000e+000
      outer loop
         vertex 1.078000e+003 2.522050e+001 1.317406e+003
         vertex 1.078000e+003 2.565514e+001 1.317481e+003
         vertex 1.078000e+003 2.500000e+001 1.319997e+003
      endloop
   endfacet
   facet normal 1.000000e+000 0.000000e+000 0.000000e+000
      outer loop
         vertex 1.078000e+003 2.500000e+001 1.319997e+003
         vertex 1.078000e+003 2.565514e+001 1.317481e+003
         vertex 1.078000e+003 2.607094e+001 1.317628e+003
      endloop
   endfacet
   facet normal 1.000000e+000 0.000000e+000 0.000000e+000
      outer loop
         vertex 1.078000e+003 2.500000e+001 1.319997e+003
         vertex 1.078000e+003 2.607094e+001 1.317628e+003
         vertex 1.078000e+003 2.645593e+001 1.317843e+003
      endloop
   endfacet
   facet normal 1.000000e+000 0.000000e+000 0.000000e+000
      outer loop
         vertex 1.078000e+003 2.392906e+001 1.317628e+003
         vertex 1.078000e+003 2.434486e+001 1.317481e+003
         vertex 1.078000e+003 2.500000e+001 1.319997e+003
      endloop
   endfacet
   facet normal 1.000000e+000 0.000000e+000 0.000000e+000
      outer loop
         vertex 1.078000e+003 2.500000e+001 1.319997e+003
         vertex 1.078000e+003 2.434486e+001 1.317481e+003
         vertex 1.078000e+003 2.477950e+001 1.317406e+003
      endloop
   endfacet
   facet normal 1.000000e+000 0.000000e+000 0.000000e+000
      outer loop
         vertex 1.078000e+003 2.500000e+001 1.319997e+003
         vertex 1.078000e+003 2.477950e+001 1.317406e+003
         vertex 1.078000e+003 2.522050e+001 1.317406e+003
      endloop
   endfacet
   facet normal 1.000000e+000 0.000000e+000 0.000000e+000
      outer loop
         vertex 1.078000e+003 2.290961e+001 1.318451e+003
         vertex 1.078000e+003 2.320096e+001 1.318120e+003
         vertex 1.078000e+003 2.500000e+001 1.319997e+003
      endloop
   endfacet
   facet normal 1.000000e+000 0.000000e+000 0.000000e+000
      outer loop
         vertex 1.078000e+003 2.500000e+001 1.319997e+003
         vertex 1.078000e+003 2.320096e+001 1.318120e+003
         vertex 1.078000e+003 2.354407e+001 1.317843e+003
      endloop
   endfacet
   facet normal 1.000000e+000 0.000000e+000 0.000000e+000
      outer loop
         vertex 1.078000e+003 2.500000e+001 1.319997e+003
         vertex 1.078000e+003 2.354407e+001 1.317843e+003
         vertex 1.078000e+003 2.392906e+001 1.317628e+003
      endloop
   endfacet
   facet normal 1.000000e+000 0.000000e+000 0.000000e+000
      outer loop
         vertex 1.078000e+003 2.242106e+001 1.319667e+003
         vertex 1.078000e+003 2.251397e+001 1.319236e+003
         vertex 1.078000e+003 2.500000e+001 1.319997e+003
      endloop
   endfacet
   facet normal 1.000000e+000 0.000000e+000 0.000000e+000
      outer loop
         vertex 1.078000e+003 2.500000e+001 1.319997e+003
         vertex 1.078000e+003 2.251397e+001 1.319236e+003
         vertex 1.078000e+003 2.267839e+001 1.318826e+003
      endloop
   endfacet
   facet normal 1.000000e+000 0.000000e+000 0.000000e+000
      outer loop
         vertex 1.078000e+003 2.500000e+001 1.319997e+003
         vertex 1.078000e+003 2.267839e+001 1.318826e+003
         vertex 1.078000e+003 2.290961e+001 1.318451e+003
      endloop
   endfacet
   facet normal 1.000000e+000 0.000000e+000 0.000000e+000
      outer loop
         vertex 1.078000e+003 2.258749e+001 1.320966e+003
         vertex 1.078000e+003 2.245835e+001 1.320545e+003
         vertex 1.078000e+003 2.500000e+001 1.319997e+003
      endloop
   endfacet
   facet normal 1.000000e+000 0.000000e+000 0.000000e+000
      outer loop
         vertex 1.078000e+003 2.500000e+001 1.319997e+003
         vertex 1.078000e+003 2.245835e+001 1.320545e+003
         vertex 1.078000e+003 2.240234e+001 1.320107e+003
      endloop
   endfacet
   facet normal 1.000000e+000 0.000000e+000 0.000000e+000
      outer loop
         vertex 1.078000e+003 2.500000e+001 1.319997e+003
         vertex 1.078000e+003 2.240234e+001 1.320107e+003
         vertex 1.078000e+003 2.242106e+001 1.319667e+003
      endloop
   endfacet
   facet normal 1.000000e+000 0.000000e+000 0.000000e+000
      outer loop
         vertex 1.078000e+003 2.336663e+001 1.322020e+003
         vertex 1.078000e+003 2.304825e+001 1.321715e+003
         vertex 1.078000e+003 2.500000e+001 1.319997e+003
      endloop
   endfacet
   facet normal 1.000000e+000 0.000000e+000 0.000000e+000
      outer loop
         vertex 1.078000e+003 2.500000e+001 1.319997e+003
         vertex 1.078000e+003 2.304825e+001 1.321715e+003
         vertex 1.078000e+003 2.278602e+001 1.321360e+003
      endloop
   endfacet
   facet normal 1.000000e+000 0.000000e+000 0.000000e+000
      outer loop
         vertex 1.078000e+003 2.500000e+001 1.319997e+003
         vertex 1.078000e+003 2.278602e+001 1.321360e+003
         vertex 1.078000e+003 2.258749e+001 1.320966e+003
      endloop
   endfacet
   facet normal 1.000000e+000 0.000000e+000 0.000000e+000
      outer loop
         vertex 1.078000e+003 2.456060e+001 1.322559e+003
         vertex 1.078000e+003 2.413384e+001 1.322448e+003
         vertex 1.078000e+003 2.500000e+001 1.319997e+003
      endloop
   endfacet
   facet normal 1.000000e+000 0.000000e+000 0.000000e+000
      outer loop
         vertex 1.078000e+003 2.500000e+001 1.319997e+003
         vertex 1.078000e+003 2.413384e+001 1.322448e+003
         vertex 1.078000e+003 2.373199e+001 1.322267e+003
      endloop
   endfacet
   facet normal 1.000000e+000 0.000000e+000 0.000000e+000
      outer loop
         vertex 1.078000e+003 2.500000e+001 1.319997e+003
         vertex 1.078000e+003 2.373199e+001 1.322267e+003
         vertex 1.078000e+003 2.336663e+001 1.322020e+003
      endloop
   endfacet
   facet normal 0.000000e+000 -8.536407e-001 -5.208624e-001
      outer loop
         vertex 1.082000e+003 1.422934e+001 1.326749e+003
         vertex 1.088000e+003 1.302446e+001 1.328836e+003
         vertex 1.082000e+003 1.296200e+001 1.328944e+003
      endloop
   endfacet
   facet normal 0.000000e+000 -8.244789e-001 -5.658926e-001
      outer loop
         vertex 1.082000e+003 1.296200e+001 1.328944e+003
         vertex 1.088000e+003 1.302446e+001 1.328836e+003
         vertex 1.088000e+003 1.296200e+001 1.328944e+003
      endloop
   endfacet
   facet normal 0.000000e+000 -7.913373e-001 -6.113799e-001
      outer loop
         vertex 1.082000e+003 1.296200e+001 1.328944e+003
         vertex 1.088000e+003 1.296200e+001 1.328944e+003
         vertex 1.082000e+003 1.135894e+001 1.330907e+003
      endloop
   endfacet
   facet normal 0.000000e+000 -7.573121e-001 -6.530532e-001
      outer loop
         vertex 1.082000e+003 1.135894e+001 1.330907e+003
         vertex 1.088000e+003 1.296200e+001 1.328944e+003
         vertex 1.088000e+003 1.135894e+001 1.330907e+003
      endloop
   endfacet
   facet normal 0.000000e+000 -6.830174e-001 -7.304021e-001
      outer loop
         vertex 1.082000e+003 1.135894e+001 1.330907e+003
         vertex 1.088000e+003 1.135894e+001 1.330907e+003
         vertex 1.082000e+003 9.461691e+000 1.332588e+003
      endloop
   endfacet
   facet normal 0.000000e+000 -8.241450e-001 5.663788e-001
      outer loop
         vertex 1.082000e+003 1.220003e+001 1.310036e+003
         vertex 1.088000e+003 1.297461e+001 1.311158e+003
         vertex 1.082000e+003 1.363990e+001 1.312122e+003
      endloop
   endfacet
   facet normal 0.000000e+000 -8.533585e-001 5.213245e-001
      outer loop
         vertex 1.082000e+003 1.363990e+001 1.312122e+003
         vertex 1.088000e+003 1.297461e+001 1.311158e+003
         vertex 1.088000e+003 1.363990e+001 1.312122e+003
      endloop
   endfacet
   facet normal 0.000000e+000 -8.915918e-001 4.528400e-001
      outer loop
         vertex 1.082000e+003 1.363990e+001 1.312122e+003
         vertex 1.088000e+003 1.363990e+001 1.312122e+003
         vertex 1.082000e+003 1.472651e+001 1.314412e+003
      endloop
   endfacet
   facet normal 0.000000e+000 -9.146552e-001 4.042349e-001
      outer loop
         vertex 1.082000e+003 1.472651e+001 1.314412e+003
         vertex 1.088000e+003 1.363990e+001 1.312122e+003
         vertex 1.088000e+003 1.472651e+001 1.314412e+003
      endloop
   endfacet
   facet normal 0.000000e+000 -9.526865e-001 3.039545e-001
      outer loop
         vertex 1.082000e+003 1.472651e+001 1.314412e+003
         vertex 1.088000e+003 1.472651e+001 1.314412e+003
         vertex 1.082000e+003 1.543170e+001 1.316846e+003
      endloop
   endfacet
   facet normal 0.000000e+000 -9.676545e-001 2.522791e-001
      outer loop
         vertex 1.082000e+003 1.543170e+001 1.316846e+003
         vertex 1.088000e+003 1.472651e+001 1.314412e+003
         vertex 1.088000e+003 1.543170e+001 1.316846e+003
      endloop
   endfacet
   facet normal 0.000000e+000 -9.891073e-001 1.471967e-001
      outer loop
         vertex 1.082000e+003 1.543170e+001 1.316846e+003
         vertex 1.088000e+003 1.543170e+001 1.316846e+003
         vertex 1.082000e+003 1.573723e+001 1.319363e+003
      endloop
   endfacet
   facet normal 0.000000e+000 -9.955921e-001 9.378949e-002
      outer loop
         vertex 1.082000e+003 1.573723e+001 1.319363e+003
         vertex 1.088000e+003 1.543170e+001 1.316846e+003
         vertex 1.088000e+003 1.573723e+001 1.319363e+003
      endloop
   endfacet
   facet normal 0.000000e+000 -9.999106e-001 -1.337347e-002
      outer loop
         vertex 1.082000e+003 1.573723e+001 1.319363e+003
         vertex 1.088000e+003 1.573723e+001 1.319363e+003
         vertex 1.082000e+003 1.563516e+001 1.321895e+003
      endloop
   endfacet
   facet normal 0.000000e+000 -9.977443e-001 -6.712926e-002
      outer loop
         vertex 1.082000e+003 1.563516e+001 1.321895e+003
         vertex 1.088000e+003 1.573723e+001 1.319363e+003
         vertex 1.088000e+003 1.563516e+001 1.321895e+003
      endloop
   endfacet
   facet normal 0.000000e+000 -9.848167e-001 -1.735972e-001
      outer loop
         vertex 1.082000e+003 1.563516e+001 1.321895e+003
         vertex 1.088000e+003 1.563516e+001 1.321895e+003
         vertex 1.082000e+003 1.512816e+001 1.324379e+003
      endloop
   endfacet
   facet normal 0.000000e+000 -9.740555e-001 -2.263094e-001
      outer loop
         vertex 1.082000e+003 1.512816e+001 1.324379e+003
         vertex 1.088000e+003 1.563516e+001 1.321895e+003
         vertex 1.088000e+003 1.512816e+001 1.324379e+003
      endloop
   endfacet
   facet normal 0.000000e+000 -9.442167e-001 -3.293249e-001
      outer loop
         vertex 1.082000e+003 1.512816e+001 1.324379e+003
         vertex 1.088000e+003 1.512816e+001 1.324379e+003
         vertex 1.082000e+003 1.422934e+001 1.326749e+003
      endloop
   endfacet
   facet normal 0.000000e+000 -9.251391e-001 -3.796282e-001
      outer loop
         vertex 1.082000e+003 1.422934e+001 1.326749e+003
         vertex 1.088000e+003 1.512816e+001 1.324379e+003
         vertex 1.088000e+003 1.422934e+001 1.326749e+003
      endloop
   endfacet
   facet normal 0.000000e+000 -8.804119e-001 -4.742097e-001
      outer loop
         vertex 1.082000e+003 1.422934e+001 1.326749e+003
         vertex 1.088000e+003 1.422934e+001 1.326749e+003
         vertex 1.088000e+003 1.302446e+001 1.328836e+003
      endloop
   endfacet
   facet normal 0.000000e+000 -5.880778e-001 8.088043e-001
      outer loop
         vertex 1.082000e+003 8.417836e+000 1.306685e+003
         vertex 1.088000e+003 8.838834e+000 1.307001e+003
         vertex 1.082000e+003 1.044418e+001 1.308208e+003
      endloop
   endfacet
   facet normal 0.000000e+000 -6.306894e-001 7.760354e-001
      outer loop
         vertex 1.082000e+003 1.044418e+001 1.308208e+003
         vertex 1.088000e+003 8.838834e+000 1.307001e+003
         vertex 1.088000e+003 1.044418e+001 1.308208e+003
      endloop
   endfacet
   facet normal 0.000000e+000 -7.023074e-001 7.118738e-001
      outer loop
         vertex 1.082000e+003 1.044418e+001 1.308208e+003
         vertex 1.088000e+003 1.044418e+001 1.308208e+003
         vertex 1.082000e+003 1.220003e+001 1.310036e+003
      endloop
   endfacet
   facet normal 0.000000e+000 -7.395756e-001 6.730735e-001
      outer loop
         vertex 1.082000e+003 1.220003e+001 1.310036e+003
         vertex 1.088000e+003 1.044418e+001 1.308208e+003
         vertex 1.088000e+003 1.220003e+001 1.310036e+003
      endloop
   endfacet
   facet normal 0.000000e+000 -7.925479e-001 6.098096e-001
      outer loop
         vertex 1.082000e+003 1.220003e+001 1.310036e+003
         vertex 1.088000e+003 1.220003e+001 1.310036e+003
         vertex 1.088000e+003 1.297461e+001 1.311158e+003
      endloop
   endfacet
   facet normal 0.000000e+000 5.880778e-001 8.088044e-001
      outer loop
         vertex 1.082000e+003 -1.044418e+001 1.308208e+003
         vertex 1.088000e+003 -8.838835e+000 1.307001e+003
         vertex 1.082000e+003 -8.417836e+000 1.306685e+003
      endloop
   endfacet
   facet normal 0.000000e+000 5.438433e-001 8.391868e-001
      outer loop
         vertex 1.082000e+003 -8.417836e+000 1.306685e+003
         vertex 1.088000e+003 -8.838835e+000 1.307001e+003
         vertex 1.088000e+003 -8.417836e+000 1.306685e+003
      endloop
   endfacet
   facet normal 0.000000e+000 4.883735e-001 8.726347e-001
      outer loop
         vertex 1.082000e+003 -8.417836e+000 1.306685e+003
         vertex 1.088000e+003 -8.417836e+000 1.306685e+003
         vertex 1.082000e+003 -6.173474e+000 1.305507e+003
      endloop
   endfacet
   facet normal 0.000000e+000 4.407364e-001 8.976365e-001
      outer loop
         vertex 1.082000e+003 -6.173474e+000 1.305507e+003
         vertex 1.088000e+003 -8.417836e+000 1.306685e+003
         vertex 1.088000e+003 -6.173474e+000 1.305507e+003
      endloop
   endfacet
   facet normal 0.000000e+000 3.420688e-001 9.396749e-001
      outer loop
         vertex 1.082000e+003 -6.173474e+000 1.305507e+003
         vertex 1.088000e+003 -6.173474e+000 1.305507e+003
         vertex 1.082000e+003 -3.769222e+000 1.304705e+003
      endloop
   endfacet
   facet normal 0.000000e+000 2.910380e-001 9.567115e-001
      outer loop
         vertex 1.082000e+003 -3.769222e+000 1.304705e+003
         vertex 1.088000e+003 -6.173474e+000 1.305507e+003
         vertex 1.088000e+003 -3.769222e+000 1.304705e+003
      endloop
   endfacet
   facet normal 0.000000e+000 1.869046e-001 9.823781e-001
      outer loop
         vertex 1.082000e+003 -3.769222e+000 1.304705e+003
         vertex 1.088000e+003 -3.769222e+000 1.304705e+003
         vertex 1.082000e+003 -1.267349e+000 1.304298e+003
      endloop
   endfacet
   facet normal 0.000000e+000 1.338019e-001 9.910081e-001
      outer loop
         vertex 1.082000e+003 -1.267349e+000 1.304298e+003
         vertex 1.088000e+003 -3.769222e+000 1.304705e+003
         vertex 1.088000e+003 -1.267349e+000 1.304298e+003
      endloop
   endfacet
   facet normal 0.000000e+000 2.689971e-002 9.996382e-001
      outer loop
         vertex 1.082000e+003 -1.267349e+000 1.304298e+003
         vertex 1.088000e+003 -1.267349e+000 1.304298e+003
         vertex 1.082000e+003 1.267348e+000 1.304298e+003
      endloop
   endfacet
   facet normal 0.000000e+000 -2.689971e-002 9.996382e-001
      outer loop
         vertex 1.082000e+003 1.267348e+000 1.304298e+003
         vertex 1.088000e+003 -1.267349e+000 1.304298e+003
         vertex 1.088000e+003 1.267348e+000 1.304298e+003
      endloop
   endfacet
   facet normal 0.000000e+000 -1.338019e-001 9.910081e-001
      outer loop
         vertex 1.082000e+003 1.267348e+000 1.304298e+003
         vertex 1.088000e+003 1.267348e+000 1.304298e+003
         vertex 1.082000e+003 3.769222e+000 1.304705e+003
      endloop
   endfacet
   facet normal 0.000000e+000 -1.869046e-001 9.823781e-001
      outer loop
         vertex 1.082000e+003 3.769222e+000 1.304705e+003
         vertex 1.088000e+003 1.267348e+000 1.304298e+003
         vertex 1.088000e+003 3.769222e+000 1.304705e+003
      endloop
   endfacet
   facet normal 0.000000e+000 -2.910380e-001 9.567115e-001
      outer loop
         vertex 1.082000e+003 3.769222e+000 1.304705e+003
         vertex 1.088000e+003 3.769222e+000 1.304705e+003
         vertex 1.082000e+003 6.173474e+000 1.305507e+003
      endloop
   endfacet
   facet normal 0.000000e+000 -3.420688e-001 9.396749e-001
      outer loop
         vertex 1.082000e+003 6.173474e+000 1.305507e+003
         vertex 1.088000e+003 3.769222e+000 1.304705e+003
         vertex 1.088000e+003 6.173474e+000 1.305507e+003
      endloop
   endfacet
   facet normal 0.000000e+000 -4.407365e-001 8.976365e-001
      outer loop
         vertex 1.082000e+003 6.173474e+000 1.305507e+003
         vertex 1.088000e+003 6.173474e+000 1.305507e+003
         vertex 1.082000e+003 8.417836e+000 1.306685e+003
      endloop
   endfacet
   facet normal 0.000000e+000 -4.883736e-001 8.726347e-001
      outer loop
         vertex 1.082000e+003 8.417836e+000 1.306685e+003
         vertex 1.088000e+003 6.173474e+000 1.305507e+003
         vertex 1.088000e+003 8.417836e+000 1.306685e+003
      endloop
   endfacet
   facet normal 0.000000e+000 -5.438433e-001 8.391868e-001
      outer loop
         vertex 1.082000e+003 8.417836e+000 1.306685e+003
         vertex 1.088000e+003 8.417836e+000 1.306685e+003
         vertex 1.088000e+003 8.838834e+000 1.307001e+003
      endloop
   endfacet
   facet normal 0.000000e+000 8.241450e-001 5.663788e-001
      outer loop
         vertex 1.082000e+003 -1.363990e+001 1.312122e+003
         vertex 1.088000e+003 -1.297461e+001 1.311158e+003
         vertex 1.082000e+003 -1.220003e+001 1.310036e+003
      endloop
   endfacet
   facet normal 0.000000e+000 7.925479e-001 6.098096e-001
      outer loop
         vertex 1.082000e+003 -1.220003e+001 1.310036e+003
         vertex 1.088000e+003 -1.297461e+001 1.311158e+003
         vertex 1.088000e+003 -1.220003e+001 1.310036e+003
      endloop
   endfacet
   facet normal 0.000000e+000 7.395756e-001 6.730735e-001
      outer loop
         vertex 1.082000e+003 -1.220003e+001 1.310036e+003
         vertex 1.088000e+003 -1.220003e+001 1.310036e+003
         vertex 1.082000e+003 -1.044418e+001 1.308208e+003
      endloop
   endfacet
   facet normal 0.000000e+000 7.023074e-001 7.118738e-001
      outer loop
         vertex 1.082000e+003 -1.044418e+001 1.308208e+003
         vertex 1.088000e+003 -1.220003e+001 1.310036e+003
         vertex 1.088000e+003 -1.044418e+001 1.308208e+003
      endloop
   endfacet
   facet normal 0.000000e+000 6.306894e-001 7.760354e-001
      outer loop
         vertex 1.082000e+003 -1.044418e+001 1.308208e+003
         vertex 1.088000e+003 -1.044418e+001 1.308208e+003
         vertex 1.088000e+003 -8.838835e+000 1.307001e+003
      endloop
   endfacet
   facet normal 0.000000e+000 8.536407e-001 -5.208623e-001
      outer loop
         vertex 1.082000e+003 -1.296200e+001 1.328944e+003
         vertex 1.088000e+003 -1.302446e+001 1.328836e+003
         vertex 1.082000e+003 -1.422934e+001 1.326749e+003
      endloop
   endfacet
   facet normal 0.000000e+000 8.804119e-001 -4.742097e-001
      outer loop
         vertex 1.082000e+003 -1.422934e+001 1.326749e+003
         vertex 1.088000e+003 -1.302446e+001 1.328836e+003
         vertex 1.088000e+003 -1.422934e+001 1.326749e+003
      endloop
   endfacet
   facet normal 0.000000e+000 9.251391e-001 -3.796283e-001
      outer loop
         vertex 1.082000e+003 -1.422934e+001 1.326749e+003
         vertex 1.088000e+003 -1.422934e+001 1.326749e+003
         vertex 1.082000e+003 -1.512816e+001 1.324379e+003
      endloop
   endfacet
   facet normal 0.000000e+000 9.442167e-001 -3.293249e-001
      outer loop
         vertex 1.082000e+003 -1.512816e+001 1.324379e+003
         vertex 1.088000e+003 -1.422934e+001 1.326749e+003
         vertex 1.088000e+003 -1.512816e+001 1.324379e+003
      endloop
   endfacet
   facet normal 0.000000e+000 9.740555e-001 -2.263094e-001
      outer loop
         vertex 1.082000e+003 -1.512816e+001 1.324379e+003
         vertex 1.088000e+003 -1.512816e+001 1.324379e+003
         vertex 1.082000e+003 -1.563516e+001 1.321895e+003
      endloop
   endfacet
   facet normal 0.000000e+000 9.848167e-001 -1.735972e-001
      outer loop
         vertex 1.082000e+003 -1.563516e+001 1.321895e+003
         vertex 1.088000e+003 -1.512816e+001 1.324379e+003
         vertex 1.088000e+003 -1.563516e+001 1.321895e+003
      endloop
   endfacet
   facet normal 0.000000e+000 9.977443e-001 -6.712926e-002
      outer loop
         vertex 1.082000e+003 -1.563516e+001 1.321895e+003
         vertex 1.088000e+003 -1.563516e+001 1.321895e+003
         vertex 1.082000e+003 -1.573723e+001 1.319363e+003
      endloop
   endfacet
   facet normal 0.000000e+000 9.999106e-001 -1.337347e-002
      outer loop
         vertex 1.082000e+003 -1.573723e+001 1.319363e+003
         vertex 1.088000e+003 -1.563516e+001 1.321895e+003
         vertex 1.088000e+003 -1.573723e+001 1.319363e+003
      endloop
   endfacet
   facet normal 0.000000e+000 9.955921e-001 9.378947e-002
      outer loop
         vertex 1.082000e+003 -1.573723e+001 1.319363e+003
         vertex 1.088000e+003 -1.573723e+001 1.319363e+003
         vertex 1.082000e+003 -1.543170e+001 1.316846e+003
      endloop
   endfacet
   facet normal 0.000000e+000 9.891073e-001 1.471967e-001
      outer loop
         vertex 1.082000e+003 -1.543170e+001 1.316846e+003
         vertex 1.088000e+003 -1.573723e+001 1.319363e+003
         vertex 1.088000e+003 -1.543170e+001 1.316846e+003
      endloop
   endfacet
   facet normal 0.000000e+000 9.676545e-001 2.522791e-001
      outer loop
         vertex 1.082000e+003 -1.543170e+001 1.316846e+003
         vertex 1.088000e+003 -1.543170e+001 1.316846e+003
         vertex 1.082000e+003 -1.472651e+001 1.314412e+003
      endloop
   endfacet
   facet normal 0.000000e+000 9.526865e-001 3.039545e-001
      outer loop
         vertex 1.082000e+003 -1.472651e+001 1.314412e+003
         vertex 1.088000e+003 -1.543170e+001 1.316846e+003
         vertex 1.088000e+003 -1.472651e+001 1.314412e+003
      endloop
   endfacet
   facet normal 0.000000e+000 9.146552e-001 4.042349e-001
      outer loop
         vertex 1.082000e+003 -1.472651e+001 1.314412e+003
         vertex 1.088000e+003 -1.472651e+001 1.314412e+003
         vertex 1.082000e+003 -1.363990e+001 1.312122e+003
      endloop
   endfacet
   facet normal 0.000000e+000 8.915918e-001 4.528400e-001
      outer loop
         vertex 1.082000e+003 -1.363990e+001 1.312122e+003
         vertex 1.088000e+003 -1.472651e+001 1.314412e+003
         vertex 1.088000e+003 -1.363990e+001 1.312122e+003
      endloop
   endfacet
   facet normal 0.000000e+000 8.533585e-001 5.213245e-001
      outer loop
         vertex 1.082000e+003 -1.363990e+001 1.312122e+003
         vertex 1.088000e+003 -1.363990e+001 1.312122e+003
         vertex 1.088000e+003 -1.297461e+001 1.311158e+003
      endloop
   endfacet
   facet normal 0.000000e+000 5.439668e-001 -8.391067e-001
      outer loop
         vertex 1.082000e+003 -7.319390e+000 1.333943e+003
         vertex 1.088000e+003 -8.838835e+000 1.332982e+003
         vertex 1.082000e+003 -9.461691e+000 1.332588e+003
      endloop
   endfacet
   facet normal 0.000000e+000 5.882047e-001 -8.087121e-001
      outer loop
         vertex 1.082000e+003 -9.461691e+000 1.332588e+003
         vertex 1.088000e+003 -8.838835e+000 1.332982e+003
         vertex 1.088000e+003 -9.461691e+000 1.332588e+003
      endloop
   endfacet
   facet normal 0.000000e+000 6.427480e-001 -7.660777e-001
      outer loop
         vertex 1.082000e+003 -9.461691e+000 1.332588e+003
         vertex 1.088000e+003 -9.461691e+000 1.332588e+003
         vertex 1.082000e+003 -1.135894e+001 1.330907e+003
      endloop
   endfacet
   facet normal 0.000000e+000 6.830174e-001 -7.304021e-001
      outer loop
         vertex 1.082000e+003 -1.135894e+001 1.330907e+003
         vertex 1.088000e+003 -9.461691e+000 1.332588e+003
         vertex 1.088000e+003 -1.135894e+001 1.330907e+003
      endloop
   endfacet
   facet normal 0.000000e+000 7.573121e-001 -6.530532e-001
      outer loop
         vertex 1.082000e+003 -1.135894e+001 1.330907e+003
         vertex 1.088000e+003 -1.135894e+001 1.330907e+003
         vertex 1.082000e+003 -1.296200e+001 1.328944e+003
      endloop
   endfacet
   facet normal 0.000000e+000 7.913373e-001 -6.113799e-001
      outer loop
         vertex 1.082000e+003 -1.296200e+001 1.328944e+003
         vertex 1.088000e+003 -1.135894e+001 1.330907e+003
         vertex 1.088000e+003 -1.296200e+001 1.328944e+003
      endloop
   endfacet
   facet normal 0.000000e+000 8.244789e-001 -5.658926e-001
      outer loop
         vertex 1.082000e+003 -1.296200e+001 1.328944e+003
         vertex 1.088000e+003 -1.296200e+001 1.328944e+003
         vertex 1.088000e+003 -1.302446e+001 1.328836e+003
      endloop
   endfacet
   facet normal 0.000000e+000 -6.427480e-001 -7.660777e-001
      outer loop
         vertex 1.088000e+003 1.135894e+001 1.330907e+003
         vertex 1.088000e+003 9.461691e+000 1.332588e+003
         vertex 1.082000e+003 9.461691e+000 1.332588e+003
      endloop
   endfacet
   facet normal 0.000000e+000 -5.882047e-001 -8.087121e-001
      outer loop
         vertex 1.082000e+003 9.461691e+000 1.332588e+003
         vertex 1.088000e+003 9.461691e+000 1.332588e+003
         vertex 1.088000e+003 8.838834e+000 1.332982e+003
      endloop
   endfacet
   facet normal 0.000000e+000 -5.439668e-001 -8.391067e-001
      outer loop
         vertex 1.082000e+003 9.461691e+000 1.332588e+003
         vertex 1.088000e+003 8.838834e+000 1.332982e+003
         vertex 1.082000e+003 7.319390e+000 1.333943e+003
      endloop
   endfacet
   facet normal 0.000000e+000 -4.981054e-001 -8.671165e-001
      outer loop
         vertex 1.082000e+003 7.319390e+000 1.333943e+003
         vertex 1.088000e+003 8.838834e+000 1.332982e+003
         vertex 1.088000e+003 7.319390e+000 1.333943e+003
      endloop
   endfacet
   facet normal 0.000000e+000 -4.165719e-001 -9.091027e-001
      outer loop
         vertex 1.082000e+003 7.319390e+000 1.333943e+003
         vertex 1.088000e+003 7.319390e+000 1.333943e+003
         vertex 1.082000e+003 4.987521e+000 1.334936e+003
      endloop
   endfacet
   facet normal 0.000000e+000 -3.670776e-001 -9.301903e-001
      outer loop
         vertex 1.082000e+003 4.987521e+000 1.334936e+003
         vertex 1.088000e+003 7.319390e+000 1.333943e+003
         vertex 1.088000e+003 4.987521e+000 1.334936e+003
      endloop
   endfacet
   facet normal 0.000000e+000 -2.653471e-001 -9.641529e-001
      outer loop
         vertex 1.082000e+003 4.987521e+000 1.334936e+003
         vertex 1.088000e+003 4.987521e+000 1.334936e+003
         vertex 1.082000e+003 2.526478e+000 1.335543e+003
      endloop
   endfacet
   facet normal 0.000000e+000 -2.131110e-001 -9.770280e-001
      outer loop
         vertex 1.082000e+003 2.526478e+000 1.335543e+003
         vertex 1.088000e+003 4.987521e+000 1.334936e+003
         vertex 1.088000e+003 2.526478e+000 1.335543e+003
      endloop
   endfacet
   facet normal 0.000000e+000 -1.072499e-001 -9.942321e-001
      outer loop
         vertex 1.082000e+003 2.526478e+000 1.335543e+003
         vertex 1.088000e+003 2.526478e+000 1.335543e+003
         vertex 1.082000e+003 -7.901646e-008 1.335747e+003
      endloop
   endfacet
   facet normal 0.000000e+000 -5.362497e-002 -9.985611e-001
      outer loop
         vertex 1.082000e+003 -7.901646e-008 1.335747e+003
         vertex 1.088000e+003 2.526478e+000 1.335543e+003
         vertex 1.088000e+003 -7.901646e-008 1.335747e+003
      endloop
   endfacet
   facet normal 0.000000e+000 5.362497e-002 -9.985611e-001
      outer loop
         vertex 1.082000e+003 -7.901646e-008 1.335747e+003
         vertex 1.088000e+003 -7.901646e-008 1.335747e+003
         vertex 1.082000e+003 -2.526478e+000 1.335543e+003
      endloop
   endfacet
   facet normal 0.000000e+000 1.072499e-001 -9.942321e-001
      outer loop
         vertex 1.082000e+003 -2.526478e+000 1.335543e+003
         vertex 1.088000e+003 -7.901646e-008 1.335747e+003
         vertex 1.088000e+003 -2.526478e+000 1.335543e+003
      endloop
   endfacet
   facet normal 0.000000e+000 2.131110e-001 -9.770280e-001
      outer loop
         vertex 1.082000e+003 -2.526478e+000 1.335543e+003
         vertex 1.088000e+003 -2.526478e+000 1.335543e+003
         vertex 1.082000e+003 -4.987521e+000 1.334936e+003
      endloop
   endfacet
   facet normal 0.000000e+000 2.653471e-001 -9.641529e-001
      outer loop
         vertex 1.082000e+003 -4.987521e+000 1.334936e+003
         vertex 1.088000e+003 -2.526478e+000 1.335543e+003
         vertex 1.088000e+003 -4.987521e+000 1.334936e+003
      endloop
   endfacet
   facet normal 0.000000e+000 3.670776e-001 -9.301903e-001
      outer loop
         vertex 1.082000e+003 -4.987521e+000 1.334936e+003
         vertex 1.088000e+003 -4.987521e+000 1.334936e+003
         vertex 1.082000e+003 -7.319390e+000 1.333943e+003
      endloop
   endfacet
   facet normal 0.000000e+000 4.165719e-001 -9.091028e-001
      outer loop
         vertex 1.082000e+003 -7.319390e+000 1.333943e+003
         vertex 1.088000e+003 -4.987521e+000 1.334936e+003
         vertex 1.088000e+003 -7.319390e+000 1.333943e+003
      endloop
   endfacet
   facet normal 0.000000e+000 4.981054e-001 -8.671165e-001
      outer loop
         vertex 1.082000e+003 -7.319390e+000 1.333943e+003
         vertex 1.088000e+003 -7.319390e+000 1.333943e+003
         vertex 1.088000e+003 -8.838835e+000 1.332982e+003
      endloop
   endfacet
   facet normal 0.000000e+000 -9.829948e-001 1.836334e-001
      outer loop
         vertex 1.078000e+003 2.016370e+001 1.301558e+003
         vertex 1.088000e+003 2.025533e+001 1.301983e+003
         vertex 1.078000e+003 2.025661e+001 1.301989e+003
      endloop
   endfacet
   facet normal 0.000000e+000 -9.918019e-001 1.277851e-001
      outer loop
         vertex 1.078000e+003 2.025661e+001 1.301989e+003
         vertex 1.088000e+003 2.025533e+001 1.301983e+003
         vertex 1.088000e+003 2.025661e+001 1.301989e+003
      endloop
   endfacet
   facet normal 0.000000e+000 -9.974935e-001 7.075802e-002
      outer loop
         vertex 1.078000e+003 2.025661e+001 1.301989e+003
         vertex 1.088000e+003 2.025661e+001 1.301989e+003
         vertex 1.078000e+003 2.027533e+001 1.302430e+003
      endloop
   endfacet
   facet normal 0.000000e+000 -9.999007e-001 1.409025e-002
      outer loop
         vertex 1.078000e+003 2.027533e+001 1.302430e+003
         vertex 1.088000e+003 2.025661e+001 1.301989e+003
         vertex 1.088000e+003 2.027533e+001 1.302430e+003
      endloop
   endfacet
   facet normal 0.000000e+000 -9.951036e-001 -9.883699e-002
      outer loop
         vertex 1.078000e+003 2.027533e+001 1.302430e+003
         vertex 1.088000e+003 2.027533e+001 1.302430e+003
         vertex 1.078000e+003 2.021931e+001 1.302867e+003
      endloop
   endfacet
   facet normal 0.000000e+000 -9.878993e-001 -1.550965e-001
      outer loop
         vertex 1.078000e+003 2.021931e+001 1.302867e+003
         vertex 1.088000e+003 2.027533e+001 1.302430e+003
         vertex 1.088000e+003 2.021931e+001 1.302867e+003
      endloop
   endfacet
   facet normal 0.000000e+000 -9.640865e-001 -2.655886e-001
      outer loop
         vertex 1.078000e+003 2.021931e+001 1.302867e+003
         vertex 1.088000e+003 2.021931e+001 1.302867e+003
         vertex 1.078000e+003 2.009018e+001 1.303289e+003
      endloop
   endfacet
   facet normal 0.000000e+000 -9.474779e-001 -3.198213e-001
      outer loop
         vertex 1.078000e+003 2.009018e+001 1.303289e+003
         vertex 1.088000e+003 2.021931e+001 1.302867e+003
         vertex 1.088000e+003 2.009018e+001 1.303289e+003
      endloop
   endfacet
   facet normal 0.000000e+000 -9.053342e-001 -4.246998e-001
      outer loop
         vertex 1.078000e+003 2.009018e+001 1.303289e+003
         vertex 1.088000e+003 2.009018e+001 1.303289e+003
         vertex 1.078000e+003 1.989165e+001 1.303682e+003
      endloop
   endfacet
   facet normal 0.000000e+000 -8.797992e-001 -4.753455e-001
      outer loop
         vertex 1.078000e+003 1.989165e+001 1.303682e+003
         vertex 1.088000e+003 2.009018e+001 1.303289e+003
         vertex 1.088000e+003 1.989165e+001 1.303682e+003
      endloop
   endfacet
   facet normal 0.000000e+000 -8.205372e-001 -5.715931e-001
      outer loop
         vertex 1.078000e+003 1.989165e+001 1.303682e+003
         vertex 1.088000e+003 1.989165e+001 1.303682e+003
         vertex 1.078000e+003 1.962942e+001 1.304037e+003
      endloop
   endfacet
   facet normal 0.000000e+000 -7.868103e-001 -6.171949e-001
      outer loop
         vertex 1.078000e+003 1.962942e+001 1.304037e+003
         vertex 1.088000e+003 1.989165e+001 1.303682e+003
         vertex 1.088000e+003 1.962942e+001 1.304037e+003
      endloop
   endfacet
   facet normal 0.000000e+000 -7.121348e-001 -7.020428e-001
      outer loop
         vertex 1.078000e+003 1.962942e+001 1.304037e+003
         vertex 1.088000e+003 1.962942e+001 1.304037e+003
         vertex 1.078000e+003 1.931104e+001 1.304342e+003
      endloop
   endfacet
   facet normal 0.000000e+000 -6.711863e-001 -7.412888e-001
      outer loop
         vertex 1.078000e+003 1.931104e+001 1.304342e+003
         vertex 1.088000e+003 1.962942e+001 1.304037e+003
         vertex 1.088000e+003 1.931104e+001 1.304342e+003
      endloop
   endfacet
   facet normal 0.000000e+000 -5.832456e-001 -8.122959e-001
      outer loop
         vertex 1.078000e+003 1.931104e+001 1.304342e+003
         vertex 1.088000e+003 1.931104e+001 1.304342e+003
         vertex 1.078000e+003 1.894568e+001 1.304589e+003
      endloop
   endfacet
   facet normal 0.000000e+000 -5.362535e-001 -8.440570e-001
      outer loop
         vertex 1.078000e+003 1.894568e+001 1.304589e+003
         vertex 1.088000e+003 1.931104e+001 1.304342e+003
         vertex 1.088000e+003 1.894568e+001 1.304589e+003
      endloop
   endfacet
   facet normal 0.000000e+000 -4.375775e-001 -8.991807e-001
      outer loop
         vertex 1.078000e+003 1.894568e+001 1.304589e+003
         vertex 1.088000e+003 1.894568e+001 1.304589e+003
         vertex 1.078000e+003 1.854383e+001 1.304771e+003
      endloop
   endfacet
   facet normal 0.000000e+000 -3.858936e-001 -9.225433e-001
      outer loop
         vertex 1.078000e+003 1.854383e+001 1.304771e+003
         vertex 1.088000e+003 1.894568e+001 1.304589e+003
         vertex 1.088000e+003 1.854383e+001 1.304771e+003
      endloop
   endfacet
   facet normal 0.000000e+000 -2.793211e-001 -9.601977e-001
      outer loop
         vertex 1.078000e+003 1.854383e+001 1.304771e+003
         vertex 1.088000e+003 1.854383e+001 1.304771e+003
         vertex 1.078000e+003 1.811707e+001 1.304882e+003
      endloop
   endfacet
   facet normal 0.000000e+000 -1.558828e-001 9.877756e-001
      outer loop
         vertex 1.078000e+003 1.789816e+001 1.299729e+003
         vertex 1.088000e+003 1.801384e+001 1.299748e+003
         vertex 1.078000e+003 1.833281e+001 1.299803e+003
      endloop
   endfacet
   facet normal 0.000000e+000 -2.115705e-001 9.773628e-001
      outer loop
         vertex 1.078000e+003 1.833281e+001 1.299803e+003
         vertex 1.088000e+003 1.801384e+001 1.299748e+003
         vertex 1.088000e+003 1.833281e+001 1.299803e+003
      endloop
   endfacet
   facet normal 0.000000e+000 -3.062663e-001 9.519458e-001
      outer loop
         vertex 1.078000e+003 1.833281e+001 1.299803e+003
         vertex 1.088000e+003 1.833281e+001 1.299803e+003
         vertex 1.078000e+003 1.874861e+001 1.299950e+003
      endloop
   endfacet
   facet normal 0.000000e+000 -3.597453e-001 9.330506e-001
      outer loop
         vertex 1.078000e+003 1.874861e+001 1.299950e+003
         vertex 1.088000e+003 1.833281e+001 1.299803e+003
         vertex 1.088000e+003 1.874861e+001 1.299950e+003
      endloop
   endfacet
   facet normal 0.000000e+000 -4.627406e-001 8.864937e-001
      outer loop
         vertex 1.078000e+003 1.874861e+001 1.299950e+003
         vertex 1.088000e+003 1.874861e+001 1.299950e+003
         vertex 1.078000e+003 1.913360e+001 1.300165e+003
      endloop
   endfacet
   facet normal 0.000000e+000 -5.122570e-001 8.588322e-001
      outer loop
         vertex 1.078000e+003 1.913360e+001 1.300165e+003
         vertex 1.088000e+003 1.874861e+001 1.299950e+003
         vertex 1.088000e+003 1.913360e+001 1.300165e+003
      endloop
   endfacet
   facet normal 0.000000e+000 -6.059027e-001 7.955388e-001
      outer loop
         vertex 1.078000e+003 1.913360e+001 1.300165e+003
         vertex 1.088000e+003 1.913360e+001 1.300165e+003
         vertex 1.078000e+003 1.947671e+001 1.300442e+003
      endloop
   endfacet
   facet normal 0.000000e+000 -6.500320e-001 7.599069e-001
      outer loop
         vertex 1.078000e+003 1.947671e+001 1.300442e+003
         vertex 1.088000e+003 1.913360e+001 1.300165e+003
         vertex 1.088000e+003 1.947671e+001 1.300442e+003
      endloop
   endfacet
   facet normal 0.000000e+000 -7.316340e-001 6.816977e-001
      outer loop
         vertex 1.078000e+003 1.947671e+001 1.300442e+003
         vertex 1.088000e+003 1.947671e+001 1.300442e+003
         vertex 1.078000e+003 1.976806e+001 1.300773e+003
      endloop
   endfacet
   facet normal 0.000000e+000 -7.691067e-001 6.391203e-001
      outer loop
         vertex 1.078000e+003 1.976806e+001 1.300773e+003
         vertex 1.088000e+003 1.947671e+001 1.300442e+003
         vertex 1.088000e+003 1.976806e+001 1.300773e+003
      endloop
   endfacet
   facet normal 0.000000e+000 -8.363176e-001 5.482453e-001
      outer loop
         vertex 1.078000e+003 1.976806e+001 1.300773e+003
         vertex 1.088000e+003 1.976806e+001 1.300773e+003
         vertex 1.078000e+003 1.999928e+001 1.301149e+003
      endloop
   endfacet
   facet normal 0.000000e+000 -8.660557e-001 4.999475e-001
      outer loop
         vertex 1.078000e+003 1.999928e+001 1.301149e+003
         vertex 1.088000e+003 1.976806e+001 1.300773e+003
         vertex 1.088000e+003 1.999928e+001 1.301149e+003
      endloop
   endfacet
   facet normal 0.000000e+000 -9.169418e-001 3.990209e-001
      outer loop
         vertex 1.078000e+003 1.999928e+001 1.301149e+003
         vertex 1.088000e+003 1.999928e+001 1.301149e+003
         vertex 1.078000e+003 2.016370e+001 1.301558e+003
      endloop
   endfacet
   facet normal 0.000000e+000 -9.380898e-001 3.463921e-001
      outer loop
         vertex 1.078000e+003 2.016370e+001 1.301558e+003
         vertex 1.088000e+003 1.999928e+001 1.301149e+003
         vertex 1.088000e+003 2.016370e+001 1.301558e+003
      endloop
   endfacet
   facet normal 0.000000e+000 -9.710032e-001 2.390663e-001
      outer loop
         vertex 1.078000e+003 2.016370e+001 1.301558e+003
         vertex 1.088000e+003 2.016370e+001 1.301558e+003
         vertex 1.088000e+003 2.025533e+001 1.301983e+003
      endloop
   endfacet
   facet normal 0.000000e+000 9.380898e-001 3.463921e-001
      outer loop
         vertex 1.078000e+003 1.519164e+001 1.301558e+003
         vertex 1.088000e+003 1.519164e+001 1.301558e+003
         vertex 1.078000e+003 1.535606e+001 1.301149e+003
      endloop
   endfacet
   facet normal 0.000000e+000 9.169418e-001 3.990209e-001
      outer loop
         vertex 1.078000e+003 1.535606e+001 1.301149e+003
         vertex 1.088000e+003 1.519164e+001 1.301558e+003
         vertex 1.088000e+003 1.535606e+001 1.301149e+003
      endloop
   endfacet
   facet normal 0.000000e+000 8.660557e-001 4.999475e-001
      outer loop
         vertex 1.078000e+003 1.535606e+001 1.301149e+003
         vertex 1.088000e+003 1.535606e+001 1.301149e+003
         vertex 1.078000e+003 1.558728e+001 1.300773e+003
      endloop
   endfacet
   facet normal 0.000000e+000 8.363176e-001 5.482453e-001
      outer loop
         vertex 1.078000e+003 1.558728e+001 1.300773e+003
         vertex 1.088000e+003 1.535606e+001 1.301149e+003
         vertex 1.088000e+003 1.558728e+001 1.300773e+003
      endloop
   endfacet
   facet normal 0.000000e+000 7.691067e-001 6.391203e-001
      outer loop
         vertex 1.078000e+003 1.558728e+001 1.300773e+003
         vertex 1.088000e+003 1.558728e+001 1.300773e+003
         vertex 1.078000e+003 1.587863e+001 1.300442e+003
      endloop
   endfacet
   facet normal 0.000000e+000 7.316340e-001 6.816977e-001
      outer loop
         vertex 1.078000e+003 1.587863e+001 1.300442e+003
         vertex 1.088000e+003 1.558728e+001 1.300773e+003
         vertex 1.088000e+003 1.587863e+001 1.300442e+003
      endloop
   endfacet
   facet normal 0.000000e+000 6.500320e-001 7.599069e-001
      outer loop
         vertex 1.078000e+003 1.587863e+001 1.300442e+003
         vertex 1.088000e+003 1.587863e+001 1.300442e+003
         vertex 1.078000e+003 1.622174e+001 1.300165e+003
      endloop
   endfacet
   facet normal 0.000000e+000 6.059027e-001 7.955388e-001
      outer loop
         vertex 1.078000e+003 1.622174e+001 1.300165e+003
         vertex 1.088000e+003 1.587863e+001 1.300442e+003
         vertex 1.088000e+003 1.622174e+001 1.300165e+003
      endloop
   endfacet
   facet normal 0.000000e+000 5.122570e-001 8.588322e-001
      outer loop
         vertex 1.078000e+003 1.622174e+001 1.300165e+003
         vertex 1.088000e+003 1.622174e+001 1.300165e+003
         vertex 1.078000e+003 1.660673e+001 1.299950e+003
      endloop
   endfacet
   facet normal 0.000000e+000 4.627406e-001 8.864937e-001
      outer loop
         vertex 1.078000e+003 1.660673e+001 1.299950e+003
         vertex 1.088000e+003 1.622174e+001 1.300165e+003
         vertex 1.088000e+003 1.660673e+001 1.299950e+003
      endloop
   endfacet
   facet normal 0.000000e+000 3.597453e-001 9.330506e-001
      outer loop
         vertex 1.078000e+003 1.660673e+001 1.299950e+003
         vertex 1.088000e+003 1.660673e+001 1.299950e+003
         vertex 1.078000e+003 1.702253e+001 1.299803e+003
      endloop
   endfacet
   facet normal 0.000000e+000 3.062663e-001 9.519458e-001
      outer loop
         vertex 1.078000e+003 1.702253e+001 1.299803e+003
         vertex 1.088000e+003 1.660673e+001 1.299950e+003
         vertex 1.088000e+003 1.702253e+001 1.299803e+003
      endloop
   endfacet
   facet normal 0.000000e+000 1.968844e-001 9.804267e-001
      outer loop
         vertex 1.078000e+003 1.702253e+001 1.299803e+003
         vertex 1.088000e+003 1.702253e+001 1.299803e+003
         vertex 1.078000e+003 1.745717e+001 1.299729e+003
      endloop
   endfacet
   facet normal 0.000000e+000 1.409813e-001 9.900123e-001
      outer loop
         vertex 1.078000e+003 1.745717e+001 1.299729e+003
         vertex 1.088000e+003 1.702253e+001 1.299803e+003
         vertex 1.088000e+003 1.745717e+001 1.299729e+003
      endloop
   endfacet
   facet normal 0.000000e+000 2.835944e-002 9.995977e-001
      outer loop
         vertex 1.078000e+003 1.745717e+001 1.299729e+003
         vertex 1.088000e+003 1.745717e+001 1.299729e+003
         vertex 1.078000e+003 1.789816e+001 1.299729e+003
      endloop
   endfacet
   facet normal 0.000000e+000 -2.835944e-002 9.995977e-001
      outer loop
         vertex 1.078000e+003 1.789816e+001 1.299729e+003
         vertex 1.088000e+003 1.745717e+001 1.299729e+003
         vertex 1.088000e+003 1.789816e+001 1.299729e+003
      endloop
   endfacet
   facet normal 0.000000e+000 -9.977955e-002 9.950095e-001
      outer loop
         vertex 1.078000e+003 1.789816e+001 1.299729e+003
         vertex 1.088000e+003 1.789816e+001 1.299729e+003
         vertex 1.088000e+003 1.801384e+001 1.299748e+003
      endloop
   endfacet
   facet normal 0.000000e+000 -2.244324e-001 -9.744897e-001
      outer loop
         vertex 1.088000e+003 1.854383e+001 1.304771e+003
         vertex 1.088000e+003 1.811707e+001 1.304882e+003
         vertex 1.078000e+003 1.811707e+001 1.304882e+003
      endloop
   endfacet
   facet normal 0.000000e+000 -1.559047e-001 -9.877721e-001
      outer loop
         vertex 1.078000e+003 1.811707e+001 1.304882e+003
         vertex 1.088000e+003 1.811707e+001 1.304882e+003
         vertex 1.088000e+003 1.801384e+001 1.304891e+003
      endloop
   endfacet
   facet normal 0.000000e+000 -9.980579e-002 -9.950069e-001
      outer loop
         vertex 1.078000e+003 1.811707e+001 1.304882e+003
         vertex 1.088000e+003 1.801384e+001 1.304891e+003
         vertex 1.078000e+003 1.767767e+001 1.304919e+003
      endloop
   endfacet
   facet normal 0.000000e+000 -4.329122e-002 -9.990625e-001
      outer loop
         vertex 1.078000e+003 1.767767e+001 1.304919e+003
         vertex 1.088000e+003 1.801384e+001 1.304891e+003
         vertex 1.088000e+003 1.767767e+001 1.304919e+003
      endloop
   endfacet
   facet normal 0.000000e+000 5.651454e-002 -9.984018e-001
      outer loop
         vertex 1.078000e+003 1.767767e+001 1.304919e+003
         vertex 1.088000e+003 1.767767e+001 1.304919e+003
         vertex 1.078000e+003 1.723827e+001 1.304882e+003
      endloop
   endfacet
   facet normal 0.000000e+000 1.130291e-001 -9.935917e-001
      outer loop
         vertex 1.078000e+003 1.723827e+001 1.304882e+003
         vertex 1.088000e+003 1.767767e+001 1.304919e+003
         vertex 1.088000e+003 1.723827e+001 1.304882e+003
      endloop
   endfacet
   facet normal 0.000000e+000 2.244324e-001 -9.744897e-001
      outer loop
         vertex 1.078000e+003 1.723827e+001 1.304882e+003
         vertex 1.088000e+003 1.723827e+001 1.304882e+003
         vertex 1.078000e+003 1.681151e+001 1.304771e+003
      endloop
   endfacet
   facet normal 0.000000e+000 2.793211e-001 -9.601977e-001
      outer loop
         vertex 1.078000e+003 1.681151e+001 1.304771e+003
         vertex 1.088000e+003 1.723827e+001 1.304882e+003
         vertex 1.088000e+003 1.681151e+001 1.304771e+003
      endloop
   endfacet
   facet normal 0.000000e+000 3.858936e-001 -9.225433e-001
      outer loop
         vertex 1.078000e+003 1.681151e+001 1.304771e+003
         vertex 1.088000e+003 1.681151e+001 1.304771e+003
         vertex 1.078000e+003 1.640966e+001 1.304589e+003
      endloop
   endfacet
   facet normal 0.000000e+000 4.375775e-001 -8.991807e-001
      outer loop
         vertex 1.078000e+003 1.640966e+001 1.304589e+003
         vertex 1.088000e+003 1.681151e+001 1.304771e+003
         vertex 1.088000e+003 1.640966e+001 1.304589e+003
      endloop
   endfacet
   facet normal 0.000000e+000 5.362535e-001 -8.440570e-001
      outer loop
         vertex 1.078000e+003 1.640966e+001 1.304589e+003
         vertex 1.088000e+003 1.640966e+001 1.304589e+003
         vertex 1.078000e+003 1.604430e+001 1.304342e+003
      endloop
   endfacet
   facet normal 0.000000e+000 5.832456e-001 -8.122959e-001
      outer loop
         vertex 1.078000e+003 1.604430e+001 1.304342e+003
         vertex 1.088000e+003 1.640966e+001 1.304589e+003
         vertex 1.088000e+003 1.604430e+001 1.304342e+003
      endloop
   endfacet
   facet normal 0.000000e+000 6.711863e-001 -7.412888e-001
      outer loop
         vertex 1.078000e+003 1.604430e+001 1.304342e+003
         vertex 1.088000e+003 1.604430e+001 1.304342e+003
         vertex 1.078000e+003 1.572592e+001 1.304037e+003
      endloop
   endfacet
   facet normal 0.000000e+000 7.121348e-001 -7.020428e-001
      outer loop
         vertex 1.078000e+003 1.572592e+001 1.304037e+003
         vertex 1.088000e+003 1.604430e+001 1.304342e+003
         vertex 1.088000e+003 1.572592e+001 1.304037e+003
      endloop
   endfacet
   facet normal 0.000000e+000 7.868103e-001 -6.171949e-001
      outer loop
         vertex 1.078000e+003 1.572592e+001 1.304037e+003
         vertex 1.088000e+003 1.572592e+001 1.304037e+003
         vertex 1.078000e+003 1.546369e+001 1.303682e+003
      endloop
   endfacet
   facet normal 0.000000e+000 8.205372e-001 -5.715931e-001
      outer loop
         vertex 1.078000e+003 1.546369e+001 1.303682e+003
         vertex 1.088000e+003 1.572592e+001 1.304037e+003
         vertex 1.088000e+003 1.546369e+001 1.303682e+003
      endloop
   endfacet
   facet normal 0.000000e+000 8.797992e-001 -4.753455e-001
      outer loop
         vertex 1.078000e+003 1.546369e+001 1.303682e+003
         vertex 1.088000e+003 1.546369e+001 1.303682e+003
         vertex 1.078000e+003 1.526516e+001 1.303289e+003
      endloop
   endfacet
   facet normal 0.000000e+000 9.053342e-001 -4.246998e-001
      outer loop
         vertex 1.078000e+003 1.526516e+001 1.303289e+003
         vertex 1.088000e+003 1.546369e+001 1.303682e+003
         vertex 1.088000e+003 1.526516e+001 1.303289e+003
      endloop
   endfacet
   facet normal 0.000000e+000 9.474779e-001 -3.198213e-001
      outer loop
         vertex 1.078000e+003 1.526516e+001 1.303289e+003
         vertex 1.088000e+003 1.526516e+001 1.303289e+003
         vertex 1.078000e+003 1.513603e+001 1.302867e+003
      endloop
   endfacet
   facet normal 0.000000e+000 9.640865e-001 -2.655886e-001
      outer loop
         vertex 1.078000e+003 1.513603e+001 1.302867e+003
         vertex 1.088000e+003 1.526516e+001 1.303289e+003
         vertex 1.088000e+003 1.513603e+001 1.302867e+003
      endloop
   endfacet
   facet normal 0.000000e+000 9.878993e-001 -1.550965e-001
      outer loop
         vertex 1.078000e+003 1.513603e+001 1.302867e+003
         vertex 1.088000e+003 1.513603e+001 1.302867e+003
         vertex 1.078000e+003 1.508001e+001 1.302430e+003
      endloop
   endfacet
   facet normal 0.000000e+000 9.951036e-001 -9.883699e-002
      outer loop
         vertex 1.078000e+003 1.508001e+001 1.302430e+003
         vertex 1.088000e+003 1.513603e+001 1.302867e+003
         vertex 1.088000e+003 1.508001e+001 1.302430e+003
      endloop
   endfacet
   facet normal 0.000000e+000 9.999007e-001 1.409025e-002
      outer loop
         vertex 1.078000e+003 1.508001e+001 1.302430e+003
         vertex 1.088000e+003 1.508001e+001 1.302430e+003
         vertex 1.078000e+003 1.509873e+001 1.301989e+003
      endloop
   endfacet
   facet normal 0.000000e+000 9.974935e-001 7.075802e-002
      outer loop
         vertex 1.078000e+003 1.509873e+001 1.301989e+003
         vertex 1.088000e+003 1.508001e+001 1.302430e+003
         vertex 1.088000e+003 1.509873e+001 1.301989e+003
      endloop
   endfacet
   facet normal 0.000000e+000 9.831368e-001 1.828716e-001
      outer loop
         vertex 1.078000e+003 1.509873e+001 1.301989e+003
         vertex 1.088000e+003 1.509873e+001 1.301989e+003
         vertex 1.078000e+003 1.519164e+001 1.301558e+003
      endloop
   endfacet
   facet normal 0.000000e+000 9.829948e-001 1.836334e-001
      outer loop
         vertex 1.078000e+003 1.519164e+001 1.301558e+003
         vertex 1.088000e+003 1.509873e+001 1.301989e+003
         vertex 1.088000e+003 1.510000e+001 1.301983e+003
      endloop
   endfacet
   facet normal 0.000000e+000 9.710032e-001 2.390663e-001
      outer loop
         vertex 1.078000e+003 1.519164e+001 1.301558e+003
         vertex 1.088000e+003 1.510000e+001 1.301983e+003
         vertex 1.088000e+003 1.519164e+001 1.301558e+003
      endloop
   endfacet
   facet normal 0.000000e+000 -5.651454e-002 -9.984018e-001
      outer loop
         vertex 1.088000e+003 -7.673840e-008 1.297597e+003
         vertex 1.078000e+003 -7.673840e-008 1.297597e+003
         vertex 1.088000e+003 4.394021e-001 1.297559e+003
      endloop
   endfacet
   facet normal 0.000000e+000 -1.130291e-001 -9.935917e-001
      outer loop
         vertex 1.088000e+003 4.394021e-001 1.297559e+003
         vertex 1.078000e+003 -7.673840e-008 1.297597e+003
         vertex 1.078000e+003 4.394021e-001 1.297559e+003
      endloop
   endfacet
   facet normal 0.000000e+000 -2.244324e-001 -9.744897e-001
      outer loop
         vertex 1.088000e+003 4.394021e-001 1.297559e+003
         vertex 1.078000e+003 4.394021e-001 1.297559e+003
         vertex 1.088000e+003 8.661634e-001 1.297448e+003
      endloop
   endfacet
   facet normal 0.000000e+000 -2.793211e-001 -9.601977e-001
      outer loop
         vertex 1.088000e+003 8.661634e-001 1.297448e+003
         vertex 1.078000e+003 4.394021e-001 1.297559e+003
         vertex 1.078000e+003 8.661634e-001 1.297448e+003
      endloop
   endfacet
   facet normal 0.000000e+000 -3.858936e-001 -9.225433e-001
      outer loop
         vertex 1.088000e+003 8.661634e-001 1.297448e+003
         vertex 1.078000e+003 8.661634e-001 1.297448e+003
         vertex 1.088000e+003 1.268007e+000 1.297267e+003
      endloop
   endfacet
   facet normal 0.000000e+000 -4.375775e-001 -8.991807e-001
      outer loop
         vertex 1.088000e+003 1.268007e+000 1.297267e+003
         vertex 1.078000e+003 8.661634e-001 1.297448e+003
         vertex 1.078000e+003 1.268007e+000 1.297267e+003
      endloop
   endfacet
   facet normal 0.000000e+000 -5.362535e-001 -8.440570e-001
      outer loop
         vertex 1.088000e+003 1.268007e+000 1.297267e+003
         vertex 1.078000e+003 1.268007e+000 1.297267e+003
         vertex 1.088000e+003 1.633372e+000 1.297020e+003
      endloop
   endfacet
   facet normal 0.000000e+000 -5.832456e-001 -8.122959e-001
      outer loop
         vertex 1.088000e+003 1.633372e+000 1.297020e+003
         vertex 1.078000e+003 1.268007e+000 1.297267e+003
         vertex 1.078000e+003 1.633372e+000 1.297020e+003
      endloop
   endfacet
   facet normal 0.000000e+000 -6.711863e-001 -7.412888e-001
      outer loop
         vertex 1.088000e+003 1.633372e+000 1.297020e+003
         vertex 1.078000e+003 1.633372e+000 1.297020e+003
         vertex 1.088000e+003 1.951748e+000 1.296715e+003
      endloop
   endfacet
   facet normal 0.000000e+000 -7.121348e-001 -7.020428e-001
      outer loop
         vertex 1.088000e+003 1.951748e+000 1.296715e+003
         vertex 1.078000e+003 1.633372e+000 1.297020e+003
         vertex 1.078000e+003 1.951748e+000 1.296715e+003
      endloop
   endfacet
   facet normal 0.000000e+000 -7.868103e-001 -6.171949e-001
      outer loop
         vertex 1.088000e+003 1.951748e+000 1.296715e+003
         vertex 1.078000e+003 1.951748e+000 1.296715e+003
         vertex 1.088000e+003 2.213976e+000 1.296360e+003
      endloop
   endfacet
   facet normal 0.000000e+000 -8.205372e-001 -5.715931e-001
      outer loop
         vertex 1.088000e+003 2.213976e+000 1.296360e+003
         vertex 1.078000e+003 1.951748e+000 1.296715e+003
         vertex 1.078000e+003 2.213976e+000 1.296360e+003
      endloop
   endfacet
   facet normal 0.000000e+000 -8.797992e-001 -4.753455e-001
      outer loop
         vertex 1.088000e+003 2.213976e+000 1.296360e+003
         vertex 1.078000e+003 2.213976e+000 1.296360e+003
         vertex 1.088000e+003 2.412512e+000 1.295966e+003
      endloop
   endfacet
   facet normal 0.000000e+000 -9.053342e-001 -4.246998e-001
      outer loop
         vertex 1.088000e+003 2.412512e+000 1.295966e+003
         vertex 1.078000e+003 2.213976e+000 1.296360e+003
         vertex 1.078000e+003 2.412512e+000 1.295966e+003
      endloop
   endfacet
   facet normal 0.000000e+000 -9.474779e-001 -3.198213e-001
      outer loop
         vertex 1.088000e+003 2.412512e+000 1.295966e+003
         vertex 1.078000e+003 2.412512e+000 1.295966e+003
         vertex 1.088000e+003 2.541644e+000 1.295545e+003
      endloop
   endfacet
   facet normal 0.000000e+000 -9.640865e-001 -2.655886e-001
      outer loop
         vertex 1.088000e+003 2.541644e+000 1.295545e+003
         vertex 1.078000e+003 2.412512e+000 1.295966e+003
         vertex 1.078000e+003 2.541644e+000 1.295545e+003
      endloop
   endfacet
   facet normal 0.000000e+000 -9.878993e-001 -1.550965e-001
      outer loop
         vertex 1.088000e+003 2.541644e+000 1.295545e+003
         vertex 1.078000e+003 2.541644e+000 1.295545e+003
         vertex 1.088000e+003 2.597657e+000 1.295107e+003
      endloop
   endfacet
   facet normal 0.000000e+000 -9.951036e-001 -9.883699e-002
      outer loop
         vertex 1.088000e+003 2.597657e+000 1.295107e+003
         vertex 1.078000e+003 2.541644e+000 1.295545e+003
         vertex 1.078000e+003 2.597657e+000 1.295107e+003
      endloop
   endfacet
   facet normal 0.000000e+000 -9.999007e-001 1.409025e-002
      outer loop
         vertex 1.088000e+003 2.597657e+000 1.295107e+003
         vertex 1.078000e+003 2.597657e+000 1.295107e+003
         vertex 1.088000e+003 2.578941e+000 1.294667e+003
      endloop
   endfacet
   facet normal 0.000000e+000 -9.974935e-001 7.075802e-002
      outer loop
         vertex 1.088000e+003 2.578941e+000 1.294667e+003
         vertex 1.078000e+003 2.597657e+000 1.295107e+003
         vertex 1.078000e+003 2.578941e+000 1.294667e+003
      endloop
   endfacet
   facet normal 0.000000e+000 -9.831368e-001 1.828716e-001
      outer loop
         vertex 1.088000e+003 2.578941e+000 1.294667e+003
         vertex 1.078000e+003 2.578941e+000 1.294667e+003
         vertex 1.088000e+003 2.486033e+000 1.294235e+003
      endloop
   endfacet
   facet normal 0.000000e+000 -9.711873e-001 2.383175e-001
      outer loop
         vertex 1.088000e+003 2.486033e+000 1.294235e+003
         vertex 1.078000e+003 2.578941e+000 1.294667e+003
         vertex 1.078000e+003 2.486033e+000 1.294235e+003
      endloop
   endfacet
   facet normal 0.000000e+000 -9.380898e-001 3.463921e-001
      outer loop
         vertex 1.088000e+003 2.486033e+000 1.294235e+003
         vertex 1.078000e+003 2.486033e+000 1.294235e+003
         vertex 1.088000e+003 2.321607e+000 1.293826e+003
      endloop
   endfacet
   facet normal 0.000000e+000 -9.169418e-001 3.990209e-001
      outer loop
         vertex 1.088000e+003 2.321607e+000 1.293826e+003
         vertex 1.078000e+003 2.486033e+000 1.294235e+003
         vertex 1.078000e+003 2.321607e+000 1.293826e+003
      endloop
   endfacet
   facet normal 0.000000e+000 -8.660557e-001 4.999475e-001
      outer loop
         vertex 1.088000e+003 2.321607e+000 1.293826e+003
         vertex 1.078000e+003 2.321607e+000 1.293826e+003
         vertex 1.088000e+003 2.090392e+000 1.293451e+003
      endloop
   endfacet
   facet normal 0.000000e+000 -8.363176e-001 5.482453e-001
      outer loop
         vertex 1.088000e+003 2.090392e+000 1.293451e+003
         vertex 1.078000e+003 2.321607e+000 1.293826e+003
         vertex 1.078000e+003 2.090392e+000 1.293451e+003
      endloop
   endfacet
   facet normal 0.000000e+000 -7.691067e-001 6.391203e-001
      outer loop
         vertex 1.088000e+003 2.090392e+000 1.293451e+003
         vertex 1.078000e+003 2.090392e+000 1.293451e+003
         vertex 1.088000e+003 1.799041e+000 1.293120e+003
      endloop
   endfacet
   facet normal 0.000000e+000 -7.316340e-001 6.816977e-001
      outer loop
         vertex 1.088000e+003 1.799041e+000 1.293120e+003
         vertex 1.078000e+003 2.090392e+000 1.293451e+003
         vertex 1.078000e+003 1.799041e+000 1.293120e+003
      endloop
   endfacet
   facet normal 0.000000e+000 -6.500320e-001 7.599069e-001
      outer loop
         vertex 1.088000e+003 1.799041e+000 1.293120e+003
         vertex 1.078000e+003 1.799041e+000 1.293120e+003
         vertex 1.088000e+003 1.455934e+000 1.292843e+003
      endloop
   endfacet
   facet normal 0.000000e+000 -6.059027e-001 7.955388e-001
      outer loop
         vertex 1.088000e+003 1.455934e+000 1.292843e+003
         vertex 1.078000e+003 1.799041e+000 1.293120e+003
         vertex 1.078000e+003 1.455934e+000 1.292843e+003
      endloop
   endfacet
   facet normal 0.000000e+000 -5.122570e-001 8.588322e-001
      outer loop
         vertex 1.088000e+003 1.455934e+000 1.292843e+003
         vertex 1.078000e+003 1.455934e+000 1.292843e+003
         vertex 1.088000e+003 1.070943e+000 1.292628e+003
      endloop
   endfacet
   facet normal 0.000000e+000 -4.627406e-001 8.864937e-001
      outer loop
         vertex 1.088000e+003 1.070943e+000 1.292628e+003
         vertex 1.078000e+003 1.455934e+000 1.292843e+003
         vertex 1.078000e+003 1.070943e+000 1.292628e+003
      endloop
   endfacet
   facet normal 0.000000e+000 -3.597453e-001 9.330506e-001
      outer loop
         vertex 1.088000e+003 1.070943e+000 1.292628e+003
         vertex 1.078000e+003 1.070943e+000 1.292628e+003
         vertex 1.088000e+003 6.551429e-001 1.292481e+003
      endloop
   endfacet
   facet normal 0.000000e+000 -3.062663e-001 9.519458e-001
      outer loop
         vertex 1.088000e+003 6.551429e-001 1.292481e+003
         vertex 1.078000e+003 1.070943e+000 1.292628e+003
         vertex 1.078000e+003 6.551429e-001 1.292481e+003
      endloop
   endfacet
   facet normal 0.000000e+000 -1.968844e-001 9.804267e-001
      outer loop
         vertex 1.088000e+003 6.551429e-001 1.292481e+003
         vertex 1.078000e+003 6.551429e-001 1.292481e+003
         vertex 1.088000e+003 2.204953e-001 1.292406e+003
      endloop
   endfacet
   facet normal 0.000000e+000 -1.409813e-001 9.900123e-001
      outer loop
         vertex 1.088000e+003 2.204953e-001 1.292406e+003
         vertex 1.078000e+003 6.551429e-001 1.292481e+003
         vertex 1.078000e+003 2.204953e-001 1.292406e+003
      endloop
   endfacet
   facet normal 0.000000e+000 -2.835944e-002 9.995977e-001
      outer loop
         vertex 1.088000e+003 2.204953e-001 1.292406e+003
         vertex 1.078000e+003 2.204953e-001 1.292406e+003
         vertex 1.088000e+003 -2.204955e-001 1.292406e+003
      endloop
   endfacet
   facet normal 0.000000e+000 2.835944e-002 9.995977e-001
      outer loop
         vertex 1.088000e+003 -2.204955e-001 1.292406e+003
         vertex 1.078000e+003 2.204953e-001 1.292406e+003
         vertex 1.078000e+003 -2.204955e-001 1.292406e+003
      endloop
   endfacet
   facet normal 0.000000e+000 1.409813e-001 9.900123e-001
      outer loop
         vertex 1.088000e+003 -2.204955e-001 1.292406e+003
         vertex 1.078000e+003 -2.204955e-001 1.292406e+003
         vertex 1.088000e+003 -6.551431e-001 1.292481e+003
      endloop
   endfacet
   facet normal 0.000000e+000 1.968844e-001 9.804267e-001
      outer loop
         vertex 1.088000e+003 -6.551431e-001 1.292481e+003
         vertex 1.078000e+003 -2.204955e-001 1.292406e+003
         vertex 1.078000e+003 -6.551431e-001 1.292481e+003
      endloop
   endfacet
   facet normal 0.000000e+000 3.062663e-001 9.519458e-001
      outer loop
         vertex 1.088000e+003 -6.551431e-001 1.292481e+003
         vertex 1.078000e+003 -6.551431e-001 1.292481e+003
         vertex 1.088000e+003 -1.070943e+000 1.292628e+003
      endloop
   endfacet
   facet normal 0.000000e+000 3.597453e-001 9.330506e-001
      outer loop
         vertex 1.088000e+003 -1.070943e+000 1.292628e+003
         vertex 1.078000e+003 -6.551431e-001 1.292481e+003
         vertex 1.078000e+003 -1.070943e+000 1.292628e+003
      endloop
   endfacet
   facet normal 0.000000e+000 4.627406e-001 8.864937e-001
      outer loop
         vertex 1.088000e+003 -1.070943e+000 1.292628e+003
         vertex 1.078000e+003 -1.070943e+000 1.292628e+003
         vertex 1.088000e+003 -1.455935e+000 1.292843e+003
      endloop
   endfacet
   facet normal 0.000000e+000 5.122570e-001 8.588322e-001
      outer loop
         vertex 1.088000e+003 -1.455935e+000 1.292843e+003
         vertex 1.078000e+003 -1.070943e+000 1.292628e+003
         vertex 1.078000e+003 -1.455935e+000 1.292843e+003
      endloop
   endfacet
   facet normal 0.000000e+000 6.059027e-001 7.955388e-001
      outer loop
         vertex 1.088000e+003 -1.455935e+000 1.292843e+003
         vertex 1.078000e+003 -1.455935e+000 1.292843e+003
         vertex 1.088000e+003 -1.799041e+000 1.293120e+003
      endloop
   endfacet
   facet normal 0.000000e+000 6.500320e-001 7.599069e-001
      outer loop
         vertex 1.088000e+003 -1.799041e+000 1.293120e+003
         vertex 1.078000e+003 -1.455935e+000 1.292843e+003
         vertex 1.078000e+003 -1.799041e+000 1.293120e+003
      endloop
   endfacet
   facet normal 0.000000e+000 7.316340e-001 6.816977e-001
      outer loop
         vertex 1.088000e+003 -1.799041e+000 1.293120e+003
         vertex 1.078000e+003 -1.799041e+000 1.293120e+003
         vertex 1.088000e+003 -2.090393e+000 1.293451e+003
      endloop
   endfacet
   facet normal 0.000000e+000 7.691067e-001 6.391203e-001
      outer loop
         vertex 1.088000e+003 -2.090393e+000 1.293451e+003
         vertex 1.078000e+003 -1.799041e+000 1.293120e+003
         vertex 1.078000e+003 -2.090393e+000 1.293451e+003
      endloop
   endfacet
   facet normal 0.000000e+000 8.363176e-001 5.482453e-001
      outer loop
         vertex 1.088000e+003 -2.090393e+000 1.293451e+003
         vertex 1.078000e+003 -2.090393e+000 1.293451e+003
         vertex 1.088000e+003 -2.321607e+000 1.293826e+003
      endloop
   endfacet
   facet normal 0.000000e+000 8.660557e-001 4.999475e-001
      outer loop
         vertex 1.088000e+003 -2.321607e+000 1.293826e+003
         vertex 1.078000e+003 -2.090393e+000 1.293451e+003
         vertex 1.078000e+003 -2.321607e+000 1.293826e+003
      endloop
   endfacet
   facet normal 0.000000e+000 9.169418e-001 3.990209e-001
      outer loop
         vertex 1.088000e+003 -2.321607e+000 1.293826e+003
         vertex 1.078000e+003 -2.321607e+000 1.293826e+003
         vertex 1.088000e+003 -2.486034e+000 1.294235e+003
      endloop
   endfacet
   facet normal 0.000000e+000 9.380898e-001 3.463921e-001
      outer loop
         vertex 1.088000e+003 -2.486034e+000 1.294235e+003
         vertex 1.078000e+003 -2.321607e+000 1.293826e+003
         vertex 1.078000e+003 -2.486034e+000 1.294235e+003
      endloop
   endfacet
   facet normal 0.000000e+000 9.711873e-001 2.383175e-001
      outer loop
         vertex 1.088000e+003 -2.486034e+000 1.294235e+003
         vertex 1.078000e+003 -2.486034e+000 1.294235e+003
         vertex 1.088000e+003 -2.578941e+000 1.294667e+003
      endloop
   endfacet
   facet normal 0.000000e+000 9.831368e-001 1.828716e-001
      outer loop
         vertex 1.088000e+003 -2.578941e+000 1.294667e+003
         vertex 1.078000e+003 -2.486034e+000 1.294235e+003
         vertex 1.078000e+003 -2.578941e+000 1.294667e+003
      endloop
   endfacet
   facet normal 0.000000e+000 9.974935e-001 7.075802e-002
      outer loop
         vertex 1.088000e+003 -2.578941e+000 1.294667e+003
         vertex 1.078000e+003 -2.578941e+000 1.294667e+003
         vertex 1.088000e+003 -2.597657e+000 1.295107e+003
      endloop
   endfacet
   facet normal 0.000000e+000 9.999007e-001 1.409025e-002
      outer loop
         vertex 1.088000e+003 -2.597657e+000 1.295107e+003
         vertex 1.078000e+003 -2.578941e+000 1.294667e+003
         vertex 1.078000e+003 -2.597657e+000 1.295107e+003
      endloop
   endfacet
   facet normal 0.000000e+000 9.951036e-001 -9.883699e-002
      outer loop
         vertex 1.088000e+003 -2.597657e+000 1.295107e+003
         vertex 1.078000e+003 -2.597657e+000 1.295107e+003
         vertex 1.088000e+003 -2.541644e+000 1.295545e+003
      endloop
   endfacet
   facet normal 0.000000e+000 9.878993e-001 -1.550965e-001
      outer loop
         vertex 1.088000e+003 -2.541644e+000 1.295545e+003
         vertex 1.078000e+003 -2.597657e+000 1.295107e+003
         vertex 1.078000e+003 -2.541644e+000 1.295545e+003
      endloop
   endfacet
   facet normal 0.000000e+000 9.640865e-001 -2.655886e-001
      outer loop
         vertex 1.088000e+003 -2.541644e+000 1.295545e+003
         vertex 1.078000e+003 -2.541644e+000 1.295545e+003
         vertex 1.088000e+003 -2.412512e+000 1.295966e+003
      endloop
   endfacet
   facet normal 0.000000e+000 9.474779e-001 -3.198213e-001
      outer loop
         vertex 1.088000e+003 -2.412512e+000 1.295966e+003
         vertex 1.078000e+003 -2.541644e+000 1.295545e+003
         vertex 1.078000e+003 -2.412512e+000 1.295966e+003
      endloop
   endfacet
   facet normal 0.000000e+000 9.053342e-001 -4.246998e-001
      outer loop
         vertex 1.088000e+003 -2.412512e+000 1.295966e+003
         vertex 1.078000e+003 -2.412512e+000 1.295966e+003
         vertex 1.088000e+003 -2.213976e+000 1.296360e+003
      endloop
   endfacet
   facet normal 0.000000e+000 8.797992e-001 -4.753455e-001
      outer loop
         vertex 1.088000e+003 -2.213976e+000 1.296360e+003
         vertex 1.078000e+003 -2.412512e+000 1.295966e+003
         vertex 1.078000e+003 -2.213976e+000 1.296360e+003
      endloop
   endfacet
   facet normal 0.000000e+000 8.205372e-001 -5.715931e-001
      outer loop
         vertex 1.088000e+003 -2.213976e+000 1.296360e+003
         vertex 1.078000e+003 -2.213976e+000 1.296360e+003
         vertex 1.088000e+003 -1.951748e+000 1.296715e+003
      endloop
   endfacet
   facet normal 0.000000e+000 7.868103e-001 -6.171949e-001
      outer loop
         vertex 1.088000e+003 -1.951748e+000 1.296715e+003
         vertex 1.078000e+003 -2.213976e+000 1.296360e+003
         vertex 1.078000e+003 -1.951748e+000 1.296715e+003
      endloop
   endfacet
   facet normal 0.000000e+000 7.121348e-001 -7.020428e-001
      outer loop
         vertex 1.088000e+003 -1.951748e+000 1.296715e+003
         vertex 1.078000e+003 -1.951748e+000 1.296715e+003
         vertex 1.088000e+003 -1.633372e+000 1.297020e+003
      endloop
   endfacet
   facet normal 0.000000e+000 6.711863e-001 -7.412888e-001
      outer loop
         vertex 1.088000e+003 -1.633372e+000 1.297020e+003
         vertex 1.078000e+003 -1.951748e+000 1.296715e+003
         vertex 1.078000e+003 -1.633372e+000 1.297020e+003
      endloop
   endfacet
   facet normal 0.000000e+000 5.832456e-001 -8.122959e-001
      outer loop
         vertex 1.088000e+003 -1.633372e+000 1.297020e+003
         vertex 1.078000e+003 -1.633372e+000 1.297020e+003
         vertex 1.088000e+003 -1.268007e+000 1.297267e+003
      endloop
   endfacet
   facet normal 0.000000e+000 5.362535e-001 -8.440570e-001
      outer loop
         vertex 1.088000e+003 -1.268007e+000 1.297267e+003
         vertex 1.078000e+003 -1.633372e+000 1.297020e+003
         vertex 1.078000e+003 -1.268007e+000 1.297267e+003
      endloop
   endfacet
   facet normal 0.000000e+000 4.375775e-001 -8.991807e-001
      outer loop
         vertex 1.088000e+003 -1.268007e+000 1.297267e+003
         vertex 1.078000e+003 -1.268007e+000 1.297267e+003
         vertex 1.088000e+003 -8.661635e-001 1.297448e+003
      endloop
   endfacet
   facet normal 0.000000e+000 3.858936e-001 -9.225433e-001
      outer loop
         vertex 1.088000e+003 -8.661635e-001 1.297448e+003
         vertex 1.078000e+003 -1.268007e+000 1.297267e+003
         vertex 1.078000e+003 -8.661635e-001 1.297448e+003
      endloop
   endfacet
   facet normal 0.000000e+000 2.793211e-001 -9.601977e-001
      outer loop
         vertex 1.088000e+003 -8.661635e-001 1.297448e+003
         vertex 1.078000e+003 -8.661635e-001 1.297448e+003
         vertex 1.088000e+003 -4.394022e-001 1.297559e+003
      endloop
   endfacet
   facet normal 0.000000e+000 2.244324e-001 -9.744897e-001
      outer loop
         vertex 1.088000e+003 -4.394022e-001 1.297559e+003
         vertex 1.078000e+003 -8.661635e-001 1.297448e+003
         vertex 1.078000e+003 -4.394022e-001 1.297559e+003
      endloop
   endfacet
   facet normal 0.000000e+000 1.130291e-001 -9.935917e-001
      outer loop
         vertex 1.088000e+003 -4.394022e-001 1.297559e+003
         vertex 1.078000e+003 -4.394022e-001 1.297559e+003
         vertex 1.088000e+003 -7.673840e-008 1.297597e+003
      endloop
   endfacet
   facet normal 0.000000e+000 5.651454e-002 -9.984018e-001
      outer loop
         vertex 1.088000e+003 -7.673840e-008 1.297597e+003
         vertex 1.078000e+003 -4.394022e-001 1.297559e+003
         vertex 1.078000e+003 -7.673840e-008 1.297597e+003
      endloop
   endfacet
   facet normal 0.000000e+000 -9.829948e-001 1.836334e-001
      outer loop
         vertex 1.078000e+003 -1.519164e+001 1.301558e+003
         vertex 1.088000e+003 -1.510000e+001 1.301983e+003
         vertex 1.078000e+003 -1.509873e+001 1.301989e+003
      endloop
   endfacet
   facet normal 0.000000e+000 -9.918019e-001 1.277851e-001
      outer loop
         vertex 1.078000e+003 -1.509873e+001 1.301989e+003
         vertex 1.088000e+003 -1.510000e+001 1.301983e+003
         vertex 1.088000e+003 -1.509873e+001 1.301989e+003
      endloop
   endfacet
   facet normal 0.000000e+000 -9.974935e-001 7.075802e-002
      outer loop
         vertex 1.078000e+003 -1.509873e+001 1.301989e+003
         vertex 1.088000e+003 -1.509873e+001 1.301989e+003
         vertex 1.078000e+003 -1.508001e+001 1.302430e+003
      endloop
   endfacet
   facet normal 0.000000e+000 -9.999007e-001 1.409025e-002
      outer loop
         vertex 1.078000e+003 -1.508001e+001 1.302430e+003
         vertex 1.088000e+003 -1.509873e+001 1.301989e+003
         vertex 1.088000e+003 -1.508001e+001 1.302430e+003
      endloop
   endfacet
   facet normal 0.000000e+000 -9.951036e-001 -9.883699e-002
      outer loop
         vertex 1.078000e+003 -1.508001e+001 1.302430e+003
         vertex 1.088000e+003 -1.508001e+001 1.302430e+003
         vertex 1.078000e+003 -1.513603e+001 1.302867e+003
      endloop
   endfacet
   facet normal 0.000000e+000 -9.878993e-001 -1.550965e-001
      outer loop
         vertex 1.078000e+003 -1.513603e+001 1.302867e+003
         vertex 1.088000e+003 -1.508001e+001 1.302430e+003
         vertex 1.088000e+003 -1.513603e+001 1.302867e+003
      endloop
   endfacet
   facet normal 0.000000e+000 -9.640865e-001 -2.655886e-001
      outer loop
         vertex 1.078000e+003 -1.513603e+001 1.302867e+003
         vertex 1.088000e+003 -1.513603e+001 1.302867e+003
         vertex 1.078000e+003 -1.526516e+001 1.303289e+003
      endloop
   endfacet
   facet normal 0.000000e+000 -9.474779e-001 -3.198213e-001
      outer loop
         vertex 1.078000e+003 -1.526516e+001 1.303289e+003
         vertex 1.088000e+003 -1.513603e+001 1.302867e+003
         vertex 1.088000e+003 -1.526516e+001 1.303289e+003
      endloop
   endfacet
   facet normal 0.000000e+000 -9.053342e-001 -4.246998e-001
      outer loop
         vertex 1.078000e+003 -1.526516e+001 1.303289e+003
         vertex 1.088000e+003 -1.526516e+001 1.303289e+003
         vertex 1.078000e+003 -1.546369e+001 1.303682e+003
      endloop
   endfacet
   facet normal 0.000000e+000 -8.797992e-001 -4.753455e-001
      outer loop
         vertex 1.078000e+003 -1.546369e+001 1.303682e+003
         vertex 1.088000e+003 -1.526516e+001 1.303289e+003
         vertex 1.088000e+003 -1.546369e+001 1.303682e+003
      endloop
   endfacet
   facet normal 0.000000e+000 -8.205372e-001 -5.715931e-001
      outer loop
         vertex 1.078000e+003 -1.546369e+001 1.303682e+003
         vertex 1.088000e+003 -1.546369e+001 1.303682e+003
         vertex 1.078000e+003 -1.572592e+001 1.304037e+003
      endloop
   endfacet
   facet normal 0.000000e+000 -7.868103e-001 -6.171949e-001
      outer loop
         vertex 1.078000e+003 -1.572592e+001 1.304037e+003
         vertex 1.088000e+003 -1.546369e+001 1.303682e+003
         vertex 1.088000e+003 -1.572592e+001 1.304037e+003
      endloop
   endfacet
   facet normal 0.000000e+000 -7.121348e-001 -7.020428e-001
      outer loop
         vertex 1.078000e+003 -1.572592e+001 1.304037e+003
         vertex 1.088000e+003 -1.572592e+001 1.304037e+003
         vertex 1.078000e+003 -1.604430e+001 1.304342e+003
      endloop
   endfacet
   facet normal 0.000000e+000 -6.711863e-001 -7.412888e-001
      outer loop
         vertex 1.078000e+003 -1.604430e+001 1.304342e+003
         vertex 1.088000e+003 -1.572592e+001 1.304037e+003
         vertex 1.088000e+003 -1.604430e+001 1.304342e+003
      endloop
   endfacet
   facet normal 0.000000e+000 -5.832456e-001 -8.122959e-001
      outer loop
         vertex 1.078000e+003 -1.604430e+001 1.304342e+003
         vertex 1.088000e+003 -1.604430e+001 1.304342e+003
         vertex 1.078000e+003 -1.640966e+001 1.304589e+003
      endloop
   endfacet
   facet normal 0.000000e+000 -5.362535e-001 -8.440570e-001
      outer loop
         vertex 1.078000e+003 -1.640966e+001 1.304589e+003
         vertex 1.088000e+003 -1.604430e+001 1.304342e+003
         vertex 1.088000e+003 -1.640966e+001 1.304589e+003
      endloop
   endfacet
   facet normal 0.000000e+000 -4.375775e-001 -8.991807e-001
      outer loop
         vertex 1.078000e+003 -1.640966e+001 1.304589e+003
         vertex 1.088000e+003 -1.640966e+001 1.304589e+003
         vertex 1.078000e+003 -1.681151e+001 1.304771e+003
      endloop
   endfacet
   facet normal 0.000000e+000 -3.858936e-001 -9.225433e-001
      outer loop
         vertex 1.078000e+003 -1.681151e+001 1.304771e+003
         vertex 1.088000e+003 -1.640966e+001 1.304589e+003
         vertex 1.088000e+003 -1.681151e+001 1.304771e+003
      endloop
   endfacet
   facet normal 0.000000e+000 -2.793211e-001 -9.601977e-001
      outer loop
         vertex 1.078000e+003 -1.681151e+001 1.304771e+003
         vertex 1.088000e+003 -1.681151e+001 1.304771e+003
         vertex 1.078000e+003 -1.723827e+001 1.304882e+003
      endloop
   endfacet
   facet normal 0.000000e+000 -2.244324e-001 -9.744897e-001
      outer loop
         vertex 1.078000e+003 -1.723827e+001 1.304882e+003
         vertex 1.088000e+003 -1.681151e+001 1.304771e+003
         vertex 1.088000e+003 -1.723827e+001 1.304882e+003
      endloop
   endfacet
   facet normal 0.000000e+000 -1.130291e-001 -9.935917e-001
      outer loop
         vertex 1.078000e+003 -1.723827e+001 1.304882e+003
         vertex 1.088000e+003 -1.723827e+001 1.304882e+003
         vertex 1.078000e+003 -1.767767e+001 1.304919e+003
      endloop
   endfacet
   facet normal 0.000000e+000 1.558828e-001 9.877756e-001
      outer loop
         vertex 1.078000e+003 -1.833281e+001 1.299803e+003
         vertex 1.088000e+003 -1.801384e+001 1.299748e+003
         vertex 1.078000e+003 -1.789816e+001 1.299729e+003
      endloop
   endfacet
   facet normal 0.000000e+000 9.977955e-002 9.950095e-001
      outer loop
         vertex 1.078000e+003 -1.789816e+001 1.299729e+003
         vertex 1.088000e+003 -1.801384e+001 1.299748e+003
         vertex 1.088000e+003 -1.789816e+001 1.299729e+003
      endloop
   endfacet
   facet normal 0.000000e+000 2.835944e-002 9.995977e-001
      outer loop
         vertex 1.078000e+003 -1.789816e+001 1.299729e+003
         vertex 1.088000e+003 -1.789816e+001 1.299729e+003
         vertex 1.078000e+003 -1.745717e+001 1.299729e+003
      endloop
   endfacet
   facet normal 0.000000e+000 -2.835944e-002 9.995977e-001
      outer loop
         vertex 1.078000e+003 -1.745717e+001 1.299729e+003
         vertex 1.088000e+003 -1.789816e+001 1.299729e+003
         vertex 1.088000e+003 -1.745717e+001 1.299729e+003
      endloop
   endfacet
   facet normal 0.000000e+000 -1.409813e-001 9.900123e-001
      outer loop
         vertex 1.078000e+003 -1.745717e+001 1.299729e+003
         vertex 1.088000e+003 -1.745717e+001 1.299729e+003
         vertex 1.078000e+003 -1.702253e+001 1.299803e+003
      endloop
   endfacet
   facet normal 0.000000e+000 -1.968844e-001 9.804267e-001
      outer loop
         vertex 1.078000e+003 -1.702253e+001 1.299803e+003
         vertex 1.088000e+003 -1.745717e+001 1.299729e+003
         vertex 1.088000e+003 -1.702253e+001 1.299803e+003
      endloop
   endfacet
   facet normal 0.000000e+000 -3.062663e-001 9.519458e-001
      outer loop
         vertex 1.078000e+003 -1.702253e+001 1.299803e+003
         vertex 1.088000e+003 -1.702253e+001 1.299803e+003
         vertex 1.078000e+003 -1.660673e+001 1.299950e+003
      endloop
   endfacet
   facet normal 0.000000e+000 -3.597453e-001 9.330506e-001
      outer loop
         vertex 1.078000e+003 -1.660673e+001 1.299950e+003
         vertex 1.088000e+003 -1.702253e+001 1.299803e+003
         vertex 1.088000e+003 -1.660673e+001 1.299950e+003
      endloop
   endfacet
   facet normal 0.000000e+000 -4.627406e-001 8.864937e-001
      outer loop
         vertex 1.078000e+003 -1.660673e+001 1.299950e+003
         vertex 1.088000e+003 -1.660673e+001 1.299950e+003
         vertex 1.078000e+003 -1.622174e+001 1.300165e+003
      endloop
   endfacet
   facet normal 0.000000e+000 -5.122570e-001 8.588322e-001
      outer loop
         vertex 1.078000e+003 -1.622174e+001 1.300165e+003
         vertex 1.088000e+003 -1.660673e+001 1.299950e+003
         vertex 1.088000e+003 -1.622174e+001 1.300165e+003
      endloop
   endfacet
   facet normal 0.000000e+000 -6.059027e-001 7.955388e-001
      outer loop
         vertex 1.078000e+003 -1.622174e+001 1.300165e+003
         vertex 1.088000e+003 -1.622174e+001 1.300165e+003
         vertex 1.078000e+003 -1.587863e+001 1.300442e+003
      endloop
   endfacet
   facet normal 0.000000e+000 -6.500320e-001 7.599069e-001
      outer loop
         vertex 1.078000e+003 -1.587863e+001 1.300442e+003
         vertex 1.088000e+003 -1.622174e+001 1.300165e+003
         vertex 1.088000e+003 -1.587863e+001 1.300442e+003
      endloop
   endfacet
   facet normal 0.000000e+000 -7.316340e-001 6.816977e-001
      outer loop
         vertex 1.078000e+003 -1.587863e+001 1.300442e+003
         vertex 1.088000e+003 -1.587863e+001 1.300442e+003
         vertex 1.078000e+003 -1.558728e+001 1.300773e+003
      endloop
   endfacet
   facet normal 0.000000e+000 -7.691067e-001 6.391203e-001
      outer loop
         vertex 1.078000e+003 -1.558728e+001 1.300773e+003
         vertex 1.088000e+003 -1.587863e+001 1.300442e+003
         vertex 1.088000e+003 -1.558728e+001 1.300773e+003
      endloop
   endfacet
   facet normal 0.000000e+000 -8.363176e-001 5.482453e-001
      outer loop
         vertex 1.078000e+003 -1.558728e+001 1.300773e+003
         vertex 1.088000e+003 -1.558728e+001 1.300773e+003
         vertex 1.078000e+003 -1.535606e+001 1.301149e+003
      endloop
   endfacet
   facet normal 0.000000e+000 -8.660557e-001 4.999475e-001
      outer loop
         vertex 1.078000e+003 -1.535606e+001 1.301149e+003
         vertex 1.088000e+003 -1.558728e+001 1.300773e+003
         vertex 1.088000e+003 -1.535606e+001 1.301149e+003
      endloop
   endfacet
   facet normal 0.000000e+000 -9.169418e-001 3.990209e-001
      outer loop
         vertex 1.078000e+003 -1.535606e+001 1.301149e+003
         vertex 1.088000e+003 -1.535606e+001 1.301149e+003
         vertex 1.078000e+003 -1.519164e+001 1.301558e+003
      endloop
   endfacet
   facet normal 0.000000e+000 -9.380898e-001 3.463921e-001
      outer loop
         vertex 1.078000e+003 -1.519164e+001 1.301558e+003
         vertex 1.088000e+003 -1.535606e+001 1.301149e+003
         vertex 1.088000e+003 -1.519164e+001 1.301558e+003
      endloop
   endfacet
   facet normal 0.000000e+000 -9.710032e-001 2.390663e-001
      outer loop
         vertex 1.078000e+003 -1.519164e+001 1.301558e+003
         vertex 1.088000e+003 -1.519164e+001 1.301558e+003
         vertex 1.088000e+003 -1.510000e+001 1.301983e+003
      endloop
   endfacet
   facet normal 0.000000e+000 9.380898e-001 3.463921e-001
      outer loop
         vertex 1.078000e+003 -2.016370e+001 1.301558e+003
         vertex 1.088000e+003 -2.016370e+001 1.301558e+003
         vertex 1.078000e+003 -1.999928e+001 1.301149e+003
      endloop
   endfacet
   facet normal 0.000000e+000 9.169418e-001 3.990209e-001
      outer loop
         vertex 1.078000e+003 -1.999928e+001 1.301149e+003
         vertex 1.088000e+003 -2.016370e+001 1.301558e+003
         vertex 1.088000e+003 -1.999928e+001 1.301149e+003
      endloop
   endfacet
   facet normal 0.000000e+000 8.660557e-001 4.999475e-001
      outer loop
         vertex 1.078000e+003 -1.999928e+001 1.301149e+003
         vertex 1.088000e+003 -1.999928e+001 1.301149e+003
         vertex 1.078000e+003 -1.976806e+001 1.300773e+003
      endloop
   endfacet
   facet normal 0.000000e+000 8.363176e-001 5.482453e-001
      outer loop
         vertex 1.078000e+003 -1.976806e+001 1.300773e+003
         vertex 1.088000e+003 -1.999928e+001 1.301149e+003
         vertex 1.088000e+003 -1.976806e+001 1.300773e+003
      endloop
   endfacet
   facet normal 0.000000e+000 7.691067e-001 6.391203e-001
      outer loop
         vertex 1.078000e+003 -1.976806e+001 1.300773e+003
         vertex 1.088000e+003 -1.976806e+001 1.300773e+003
         vertex 1.078000e+003 -1.947671e+001 1.300442e+003
      endloop
   endfacet
   facet normal 0.000000e+000 7.316340e-001 6.816977e-001
      outer loop
         vertex 1.078000e+003 -1.947671e+001 1.300442e+003
         vertex 1.088000e+003 -1.976806e+001 1.300773e+003
         vertex 1.088000e+003 -1.947671e+001 1.300442e+003
      endloop
   endfacet
   facet normal 0.000000e+000 6.500320e-001 7.599069e-001
      outer loop
         vertex 1.078000e+003 -1.947671e+001 1.300442e+003
         vertex 1.088000e+003 -1.947671e+001 1.300442e+003
         vertex 1.078000e+003 -1.913360e+001 1.300165e+003
      endloop
   endfacet
   facet normal 0.000000e+000 6.059027e-001 7.955388e-001
      outer loop
         vertex 1.078000e+003 -1.913360e+001 1.300165e+003
         vertex 1.088000e+003 -1.947671e+001 1.300442e+003
         vertex 1.088000e+003 -1.913360e+001 1.300165e+003
      endloop
   endfacet
   facet normal 0.000000e+000 5.122570e-001 8.588322e-001
      outer loop
         vertex 1.078000e+003 -1.913360e+001 1.300165e+003
         vertex 1.088000e+003 -1.913360e+001 1.300165e+003
         vertex 1.078000e+003 -1.874861e+001 1.299950e+003
      endloop
   endfacet
   facet normal 0.000000e+000 4.627406e-001 8.864937e-001
      outer loop
         vertex 1.078000e+003 -1.874861e+001 1.299950e+003
         vertex 1.088000e+003 -1.913360e+001 1.300165e+003
         vertex 1.088000e+003 -1.874861e+001 1.299950e+003
      endloop
   endfacet
   facet normal 0.000000e+000 3.597453e-001 9.330506e-001
      outer loop
         vertex 1.078000e+003 -1.874861e+001 1.299950e+003
         vertex 1.088000e+003 -1.874861e+001 1.299950e+003
         vertex 1.078000e+003 -1.833281e+001 1.299803e+003
      endloop
   endfacet
   facet normal 0.000000e+000 3.062663e-001 9.519458e-001
      outer loop
         vertex 1.078000e+003 -1.833281e+001 1.299803e+003
         vertex 1.088000e+003 -1.874861e+001 1.299950e+003
         vertex 1.088000e+003 -1.833281e+001 1.299803e+003
      endloop
   endfacet
   facet normal 0.000000e+000 2.115704e-001 9.773628e-001
      outer loop
         vertex 1.078000e+003 -1.833281e+001 1.299803e+003
         vertex 1.088000e+003 -1.833281e+001 1.299803e+003
         vertex 1.088000e+003 -1.801384e+001 1.299748e+003
      endloop
   endfacet
   facet normal 0.000000e+000 -5.651454e-002 -9.984018e-001
      outer loop
         vertex 1.088000e+003 -1.723827e+001 1.304882e+003
         vertex 1.088000e+003 -1.767767e+001 1.304919e+003
         vertex 1.078000e+003 -1.767767e+001 1.304919e+003
      endloop
   endfacet
   facet normal 0.000000e+000 4.329122e-002 -9.990625e-001
      outer loop
         vertex 1.078000e+003 -1.767767e+001 1.304919e+003
         vertex 1.088000e+003 -1.767767e+001 1.304919e+003
         vertex 1.088000e+003 -1.801384e+001 1.304891e+003
      endloop
   endfacet
   facet normal 0.000000e+000 9.980579e-002 -9.950069e-001
      outer loop
         vertex 1.078000e+003 -1.767767e+001 1.304919e+003
         vertex 1.088000e+003 -1.801384e+001 1.304891e+003
         vertex 1.078000e+003 -1.811707e+001 1.304882e+003
      endloop
   endfacet
   facet normal 0.000000e+000 1.559046e-001 -9.877721e-001
      outer loop
         vertex 1.078000e+003 -1.811707e+001 1.304882e+003
         vertex 1.088000e+003 -1.801384e+001 1.304891e+003
         vertex 1.088000e+003 -1.811707e+001 1.304882e+003
      endloop
   endfacet
   facet normal 0.000000e+000 2.244324e-001 -9.744897e-001
      outer loop
         vertex 1.078000e+003 -1.811707e+001 1.304882e+003
         vertex 1.088000e+003 -1.811707e+001 1.304882e+003
         vertex 1.078000e+003 -1.854383e+001 1.304771e+003
      endloop
   endfacet
   facet normal 0.000000e+000 2.793211e-001 -9.601977e-001
      outer loop
         vertex 1.078000e+003 -1.854383e+001 1.304771e+003
         vertex 1.088000e+003 -1.811707e+001 1.304882e+003
         vertex 1.088000e+003 -1.854383e+001 1.304771e+003
      endloop
   endfacet
   facet normal 0.000000e+000 3.858936e-001 -9.225433e-001
      outer loop
         vertex 1.078000e+003 -1.854383e+001 1.304771e+003
         vertex 1.088000e+003 -1.854383e+001 1.304771e+003
         vertex 1.078000e+003 -1.894568e+001 1.304589e+003
      endloop
   endfacet
   facet normal 0.000000e+000 4.375775e-001 -8.991807e-001
      outer loop
         vertex 1.078000e+003 -1.894568e+001 1.304589e+003
         vertex 1.088000e+003 -1.854383e+001 1.304771e+003
         vertex 1.088000e+003 -1.894568e+001 1.304589e+003
      endloop
   endfacet
   facet normal 0.000000e+000 5.362535e-001 -8.440570e-001
      outer loop
         vertex 1.078000e+003 -1.894568e+001 1.304589e+003
         vertex 1.088000e+003 -1.894568e+001 1.304589e+003
         vertex 1.078000e+003 -1.931104e+001 1.304342e+003
      endloop
   endfacet
   facet normal 0.000000e+000 5.832456e-001 -8.122959e-001
      outer loop
         vertex 1.078000e+003 -1.931104e+001 1.304342e+003
         vertex 1.088000e+003 -1.894568e+001 1.304589e+003
         vertex 1.088000e+003 -1.931104e+001 1.304342e+003
      endloop
   endfacet
   facet normal 0.000000e+000 6.711863e-001 -7.412888e-001
      outer loop
         vertex 1.078000e+003 -1.931104e+001 1.304342e+003
         vertex 1.088000e+003 -1.931104e+001 1.304342e+003
         vertex 1.078000e+003 -1.962942e+001 1.304037e+003
      endloop
   endfacet
   facet normal 0.000000e+000 7.121348e-001 -7.020428e-001
      outer loop
         vertex 1.078000e+003 -1.962942e+001 1.304037e+003
         vertex 1.088000e+003 -1.931104e+001 1.304342e+003
         vertex 1.088000e+003 -1.962942e+001 1.304037e+003
      endloop
   endfacet
   facet normal 0.000000e+000 7.868103e-001 -6.171949e-001
      outer loop
         vertex 1.078000e+003 -1.962942e+001 1.304037e+003
         vertex 1.088000e+003 -1.962942e+001 1.304037e+003
         vertex 1.078000e+003 -1.989165e+001 1.303682e+003
      endloop
   endfacet
   facet normal 0.000000e+000 8.205372e-001 -5.715931e-001
      outer loop
         vertex 1.078000e+003 -1.989165e+001 1.303682e+003
         vertex 1.088000e+003 -1.962942e+001 1.304037e+003
         vertex 1.088000e+003 -1.989165e+001 1.303682e+003
      endloop
   endfacet
   facet normal 0.000000e+000 8.797992e-001 -4.753455e-001
      outer loop
         vertex 1.078000e+003 -1.989165e+001 1.303682e+003
         vertex 1.088000e+003 -1.989165e+001 1.303682e+003
         vertex 1.078000e+003 -2.009018e+001 1.303289e+003
      endloop
   endfacet
   facet normal 0.000000e+000 9.053342e-001 -4.246998e-001
      outer loop
         vertex 1.078000e+003 -2.009018e+001 1.303289e+003
         vertex 1.088000e+003 -1.989165e+001 1.303682e+003
         vertex 1.088000e+003 -2.009018e+001 1.303289e+003
      endloop
   endfacet
   facet normal 0.000000e+000 9.474779e-001 -3.198213e-001
      outer loop
         vertex 1.078000e+003 -2.009018e+001 1.303289e+003
         vertex 1.088000e+003 -2.009018e+001 1.303289e+003
         vertex 1.078000e+003 -2.021931e+001 1.302867e+003
      endloop
   endfacet
   facet normal 0.000000e+000 9.640865e-001 -2.655886e-001
      outer loop
         vertex 1.078000e+003 -2.021931e+001 1.302867e+003
         vertex 1.088000e+003 -2.009018e+001 1.303289e+003
         vertex 1.088000e+003 -2.021931e+001 1.302867e+003
      endloop
   endfacet
   facet normal 0.000000e+000 9.878993e-001 -1.550965e-001
      outer loop
         vertex 1.078000e+003 -2.021931e+001 1.302867e+003
         vertex 1.088000e+003 -2.021931e+001 1.302867e+003
         vertex 1.078000e+003 -2.027533e+001 1.302430e+003
      endloop
   endfacet
   facet normal 0.000000e+000 9.951036e-001 -9.883699e-002
      outer loop
         vertex 1.078000e+003 -2.027533e+001 1.302430e+003
         vertex 1.088000e+003 -2.021931e+001 1.302867e+003
         vertex 1.088000e+003 -2.027533e+001 1.302430e+003
      endloop
   endfacet
   facet normal 0.000000e+000 9.999007e-001 1.409025e-002
      outer loop
         vertex 1.078000e+003 -2.027533e+001 1.302430e+003
         vertex 1.088000e+003 -2.027533e+001 1.302430e+003
         vertex 1.078000e+003 -2.025661e+001 1.301989e+003
      endloop
   endfacet
   facet normal 0.000000e+000 9.974935e-001 7.075802e-002
      outer loop
         vertex 1.078000e+003 -2.025661e+001 1.301989e+003
         vertex 1.088000e+003 -2.027533e+001 1.302430e+003
         vertex 1.088000e+003 -2.025661e+001 1.301989e+003
      endloop
   endfacet
   facet normal 0.000000e+000 9.831368e-001 1.828716e-001
      outer loop
         vertex 1.078000e+003 -2.025661e+001 1.301989e+003
         vertex 1.088000e+003 -2.025661e+001 1.301989e+003
         vertex 1.078000e+003 -2.016370e+001 1.301558e+003
      endloop
   endfacet
   facet normal 0.000000e+000 9.829948e-001 1.836334e-001
      outer loop
         vertex 1.078000e+003 -2.016370e+001 1.301558e+003
         vertex 1.088000e+003 -2.025661e+001 1.301989e+003
         vertex 1.088000e+003 -2.025533e+001 1.301983e+003
      endloop
   endfacet
   facet normal 0.000000e+000 9.710032e-001 2.390663e-001
      outer loop
         vertex 1.078000e+003 -2.016370e+001 1.301558e+003
         vertex 1.088000e+003 -2.025533e+001 1.301983e+003
         vertex 1.088000e+003 -2.016370e+001 1.301558e+003
      endloop
   endfacet
   facet normal 0.000000e+000 -5.651454e-002 -9.984018e-001
      outer loop
         vertex 1.088000e+003 -2.500000e+001 1.322597e+003
         vertex 1.078000e+003 -2.500000e+001 1.322597e+003
         vertex 1.088000e+003 -2.456060e+001 1.322559e+003
      endloop
   endfacet
   facet normal 0.000000e+000 -1.130291e-001 -9.935917e-001
      outer loop
         vertex 1.088000e+003 -2.456060e+001 1.322559e+003
         vertex 1.078000e+003 -2.500000e+001 1.322597e+003
         vertex 1.078000e+003 -2.456060e+001 1.322559e+003
      endloop
   endfacet
   facet normal 0.000000e+000 -2.244324e-001 -9.744897e-001
      outer loop
         vertex 1.088000e+003 -2.456060e+001 1.322559e+003
         vertex 1.078000e+003 -2.456060e+001 1.322559e+003
         vertex 1.088000e+003 -2.413384e+001 1.322448e+003
      endloop
   endfacet
   facet normal 0.000000e+000 -2.793211e-001 -9.601977e-001
      outer loop
         vertex 1.088000e+003 -2.413384e+001 1.322448e+003
         vertex 1.078000e+003 -2.456060e+001 1.322559e+003
         vertex 1.078000e+003 -2.413384e+001 1.322448e+003
      endloop
   endfacet
   facet normal 0.000000e+000 -3.858936e-001 -9.225433e-001
      outer loop
         vertex 1.088000e+003 -2.413384e+001 1.322448e+003
         vertex 1.078000e+003 -2.413384e+001 1.322448e+003
         vertex 1.088000e+003 -2.373199e+001 1.322267e+003
      endloop
   endfacet
   facet normal 0.000000e+000 -4.375775e-001 -8.991807e-001
      outer loop
         vertex 1.088000e+003 -2.373199e+001 1.322267e+003
         vertex 1.078000e+003 -2.413384e+001 1.322448e+003
         vertex 1.078000e+003 -2.373199e+001 1.322267e+003
      endloop
   endfacet
   facet normal 0.000000e+000 -5.362535e-001 -8.440570e-001
      outer loop
         vertex 1.088000e+003 -2.373199e+001 1.322267e+003
         vertex 1.078000e+003 -2.373199e+001 1.322267e+003
         vertex 1.088000e+003 -2.336663e+001 1.322020e+003
      endloop
   endfacet
   facet normal 0.000000e+000 -5.832456e-001 -8.122959e-001
      outer loop
         vertex 1.088000e+003 -2.336663e+001 1.322020e+003
         vertex 1.078000e+003 -2.373199e+001 1.322267e+003
         vertex 1.078000e+003 -2.336663e+001 1.322020e+003
      endloop
   endfacet
   facet normal 0.000000e+000 -6.711863e-001 -7.412888e-001
      outer loop
         vertex 1.088000e+003 -2.336663e+001 1.322020e+003
         vertex 1.078000e+003 -2.336663e+001 1.322020e+003
         vertex 1.088000e+003 -2.304825e+001 1.321715e+003
      endloop
   endfacet
   facet normal 0.000000e+000 -7.121348e-001 -7.020428e-001
      outer loop
         vertex 1.088000e+003 -2.304825e+001 1.321715e+003
         vertex 1.078000e+003 -2.336663e+001 1.322020e+003
         vertex 1.078000e+003 -2.304825e+001 1.321715e+003
      endloop
   endfacet
   facet normal 0.000000e+000 -7.868103e-001 -6.171949e-001
      outer loop
         vertex 1.088000e+003 -2.304825e+001 1.321715e+003
         vertex 1.078000e+003 -2.304825e+001 1.321715e+003
         vertex 1.088000e+003 -2.278602e+001 1.321360e+003
      endloop
   endfacet
   facet normal 0.000000e+000 -8.205372e-001 -5.715931e-001
      outer loop
         vertex 1.088000e+003 -2.278602e+001 1.321360e+003
         vertex 1.078000e+003 -2.304825e+001 1.321715e+003
         vertex 1.078000e+003 -2.278602e+001 1.321360e+003
      endloop
   endfacet
   facet normal 0.000000e+000 -8.797992e-001 -4.753455e-001
      outer loop
         vertex 1.088000e+003 -2.278602e+001 1.321360e+003
         vertex 1.078000e+003 -2.278602e+001 1.321360e+003
         vertex 1.088000e+003 -2.258749e+001 1.320966e+003
      endloop
   endfacet
   facet normal 0.000000e+000 -9.053342e-001 -4.246998e-001
      outer loop
         vertex 1.088000e+003 -2.258749e+001 1.320966e+003
         vertex 1.078000e+003 -2.278602e+001 1.321360e+003
         vertex 1.078000e+003 -2.258749e+001 1.320966e+003
      endloop
   endfacet
   facet normal 0.000000e+000 -9.474779e-001 -3.198213e-001
      outer loop
         vertex 1.088000e+003 -2.258749e+001 1.320966e+003
         vertex 1.078000e+003 -2.258749e+001 1.320966e+003
         vertex 1.088000e+003 -2.245835e+001 1.320545e+003
      endloop
   endfacet
   facet normal 0.000000e+000 -9.640865e-001 -2.655886e-001
      outer loop
         vertex 1.088000e+003 -2.245835e+001 1.320545e+003
         vertex 1.078000e+003 -2.258749e+001 1.320966e+003
         vertex 1.078000e+003 -2.245835e+001 1.320545e+003
      endloop
   endfacet
   facet normal 0.000000e+000 -9.878993e-001 -1.550965e-001
      outer loop
         vertex 1.088000e+003 -2.245835e+001 1.320545e+003
         vertex 1.078000e+003 -2.245835e+001 1.320545e+003
         vertex 1.088000e+003 -2.240234e+001 1.320107e+003
      endloop
   endfacet
   facet normal 0.000000e+000 -9.951036e-001 -9.883699e-002
      outer loop
         vertex 1.088000e+003 -2.240234e+001 1.320107e+003
         vertex 1.078000e+003 -2.245835e+001 1.320545e+003
         vertex 1.078000e+003 -2.240234e+001 1.320107e+003
      endloop
   endfacet
   facet normal 0.000000e+000 -9.999007e-001 1.409025e-002
      outer loop
         vertex 1.088000e+003 -2.240234e+001 1.320107e+003
         vertex 1.078000e+003 -2.240234e+001 1.320107e+003
         vertex 1.088000e+003 -2.242106e+001 1.319667e+003
      endloop
   endfacet
   facet normal 0.000000e+000 -9.974935e-001 7.075802e-002
      outer loop
         vertex 1.088000e+003 -2.242106e+001 1.319667e+003
         vertex 1.078000e+003 -2.240234e+001 1.320107e+003
         vertex 1.078000e+003 -2.242106e+001 1.319667e+003
      endloop
   endfacet
   facet normal 0.000000e+000 -9.831368e-001 1.828716e-001
      outer loop
         vertex 1.088000e+003 -2.242106e+001 1.319667e+003
         vertex 1.078000e+003 -2.242106e+001 1.319667e+003
         vertex 1.088000e+003 -2.251397e+001 1.319236e+003
      endloop
   endfacet
   facet normal 0.000000e+000 -9.711873e-001 2.383175e-001
      outer loop
         vertex 1.088000e+003 -2.251397e+001 1.319236e+003
         vertex 1.078000e+003 -2.242106e+001 1.319667e+003
         vertex 1.078000e+003 -2.251397e+001 1.319236e+003
      endloop
   endfacet
   facet normal 0.000000e+000 -9.380898e-001 3.463921e-001
      outer loop
         vertex 1.088000e+003 -2.251397e+001 1.319236e+003
         vertex 1.078000e+003 -2.251397e+001 1.319236e+003
         vertex 1.088000e+003 -2.267839e+001 1.318826e+003
      endloop
   endfacet
   facet normal 0.000000e+000 -9.169418e-001 3.990209e-001
      outer loop
         vertex 1.088000e+003 -2.267839e+001 1.318826e+003
         vertex 1.078000e+003 -2.251397e+001 1.319236e+003
         vertex 1.078000e+003 -2.267839e+001 1.318826e+003
      endloop
   endfacet
   facet normal 0.000000e+000 -8.660557e-001 4.999475e-001
      outer loop
         vertex 1.088000e+003 -2.267839e+001 1.318826e+003
         vertex 1.078000e+003 -2.267839e+001 1.318826e+003
         vertex 1.088000e+003 -2.290961e+001 1.318451e+003
      endloop
   endfacet
   facet normal 0.000000e+000 -8.363176e-001 5.482453e-001
      outer loop
         vertex 1.088000e+003 -2.290961e+001 1.318451e+003
         vertex 1.078000e+003 -2.267839e+001 1.318826e+003
         vertex 1.078000e+003 -2.290961e+001 1.318451e+003
      endloop
   endfacet
   facet normal 0.000000e+000 -7.691067e-001 6.391203e-001
      outer loop
         vertex 1.088000e+003 -2.290961e+001 1.318451e+003
         vertex 1.078000e+003 -2.290961e+001 1.318451e+003
         vertex 1.088000e+003 -2.320096e+001 1.318120e+003
      endloop
   endfacet
   facet normal 0.000000e+000 -7.316340e-001 6.816977e-001
      outer loop
         vertex 1.088000e+003 -2.320096e+001 1.318120e+003
         vertex 1.078000e+003 -2.290961e+001 1.318451e+003
         vertex 1.078000e+003 -2.320096e+001 1.318120e+003
      endloop
   endfacet
   facet normal 0.000000e+000 -6.500320e-001 7.599069e-001
      outer loop
         vertex 1.088000e+003 -2.320096e+001 1.318120e+003
         vertex 1.078000e+003 -2.320096e+001 1.318120e+003
         vertex 1.088000e+003 -2.354407e+001 1.317843e+003
      endloop
   endfacet
   facet normal 0.000000e+000 -6.059027e-001 7.955388e-001
      outer loop
         vertex 1.088000e+003 -2.354407e+001 1.317843e+003
         vertex 1.078000e+003 -2.320096e+001 1.318120e+003
         vertex 1.078000e+003 -2.354407e+001 1.317843e+003
      endloop
   endfacet
   facet normal 0.000000e+000 -5.122570e-001 8.588322e-001
      outer loop
         vertex 1.088000e+003 -2.354407e+001 1.317843e+003
         vertex 1.078000e+003 -2.354407e+001 1.317843e+003
         vertex 1.088000e+003 -2.392906e+001 1.317628e+003
      endloop
   endfacet
   facet normal 0.000000e+000 -4.627406e-001 8.864937e-001
      outer loop
         vertex 1.088000e+003 -2.392906e+001 1.317628e+003
         vertex 1.078000e+003 -2.354407e+001 1.317843e+003
         vertex 1.078000e+003 -2.392906e+001 1.317628e+003
      endloop
   endfacet
   facet normal 0.000000e+000 -3.597453e-001 9.330506e-001
      outer loop
         vertex 1.088000e+003 -2.392906e+001 1.317628e+003
         vertex 1.078000e+003 -2.392906e+001 1.317628e+003
         vertex 1.088000e+003 -2.434486e+001 1.317481e+003
      endloop
   endfacet
   facet normal 0.000000e+000 -3.062663e-001 9.519458e-001
      outer loop
         vertex 1.088000e+003 -2.434486e+001 1.317481e+003
         vertex 1.078000e+003 -2.392906e+001 1.317628e+003
         vertex 1.078000e+003 -2.434486e+001 1.317481e+003
      endloop
   endfacet
   facet normal 0.000000e+000 -1.968844e-001 9.804267e-001
      outer loop
         vertex 1.088000e+003 -2.434486e+001 1.317481e+003
         vertex 1.078000e+003 -2.434486e+001 1.317481e+003
         vertex 1.088000e+003 -2.477950e+001 1.317406e+003
      endloop
   endfacet
   facet normal 0.000000e+000 -1.409813e-001 9.900123e-001
      outer loop
         vertex 1.088000e+003 -2.477950e+001 1.317406e+003
         vertex 1.078000e+003 -2.434486e+001 1.317481e+003
         vertex 1.078000e+003 -2.477950e+001 1.317406e+003
      endloop
   endfacet
   facet normal 0.000000e+000 -2.835944e-002 9.995977e-001
      outer loop
         vertex 1.088000e+003 -2.477950e+001 1.317406e+003
         vertex 1.078000e+003 -2.477950e+001 1.317406e+003
         vertex 1.088000e+003 -2.522050e+001 1.317406e+003
      endloop
   endfacet
   facet normal 0.000000e+000 2.835944e-002 9.995977e-001
      outer loop
         vertex 1.088000e+003 -2.522050e+001 1.317406e+003
         vertex 1.078000e+003 -2.477950e+001 1.317406e+003
         vertex 1.078000e+003 -2.522050e+001 1.317406e+003
      endloop
   endfacet
   facet normal 0.000000e+000 1.409813e-001 9.900123e-001
      outer loop
         vertex 1.088000e+003 -2.522050e+001 1.317406e+003
         vertex 1.078000e+003 -2.522050e+001 1.317406e+003
         vertex 1.088000e+003 -2.565514e+001 1.317481e+003
      endloop
   endfacet
   facet normal 0.000000e+000 1.968844e-001 9.804267e-001
      outer loop
         vertex 1.088000e+003 -2.565514e+001 1.317481e+003
         vertex 1.078000e+003 -2.522050e+001 1.317406e+003
         vertex 1.078000e+003 -2.565514e+001 1.317481e+003
      endloop
   endfacet
   facet normal 0.000000e+000 3.062663e-001 9.519458e-001
      outer loop
         vertex 1.088000e+003 -2.565514e+001 1.317481e+003
         vertex 1.078000e+003 -2.565514e+001 1.317481e+003
         vertex 1.088000e+003 -2.607094e+001 1.317628e+003
      endloop
   endfacet
   facet normal 0.000000e+000 3.597453e-001 9.330506e-001
      outer loop
         vertex 1.088000e+003 -2.607094e+001 1.317628e+003
         vertex 1.078000e+003 -2.565514e+001 1.317481e+003
         vertex 1.078000e+003 -2.607094e+001 1.317628e+003
      endloop
   endfacet
   facet normal 0.000000e+000 4.627406e-001 8.864937e-001
      outer loop
         vertex 1.088000e+003 -2.607094e+001 1.317628e+003
         vertex 1.078000e+003 -2.607094e+001 1.317628e+003
         vertex 1.088000e+003 -2.645593e+001 1.317843e+003
      endloop
   endfacet
   facet normal 0.000000e+000 5.122570e-001 8.588322e-001
      outer loop
         vertex 1.088000e+003 -2.645593e+001 1.317843e+003
         vertex 1.078000e+003 -2.607094e+001 1.317628e+003
         vertex 1.078000e+003 -2.645593e+001 1.317843e+003
      endloop
   endfacet
   facet normal 0.000000e+000 6.059027e-001 7.955388e-001
      outer loop
         vertex 1.088000e+003 -2.645593e+001 1.317843e+003
         vertex 1.078000e+003 -2.645593e+001 1.317843e+003
         vertex 1.088000e+003 -2.679904e+001 1.318120e+003
      endloop
   endfacet
   facet normal 0.000000e+000 6.500320e-001 7.599069e-001
      outer loop
         vertex 1.088000e+003 -2.679904e+001 1.318120e+003
         vertex 1.078000e+003 -2.645593e+001 1.317843e+003
         vertex 1.078000e+003 -2.679904e+001 1.318120e+003
      endloop
   endfacet
   facet normal 0.000000e+000 7.316340e-001 6.816977e-001
      outer loop
         vertex 1.088000e+003 -2.679904e+001 1.318120e+003
         vertex 1.078000e+003 -2.679904e+001 1.318120e+003
         vertex 1.088000e+003 -2.709039e+001 1.318451e+003
      endloop
   endfacet
   facet normal 0.000000e+000 7.691067e-001 6.391203e-001
      outer loop
         vertex 1.088000e+003 -2.709039e+001 1.318451e+003
         vertex 1.078000e+003 -2.679904e+001 1.318120e+003
         vertex 1.078000e+003 -2.709039e+001 1.318451e+003
      endloop
   endfacet
   facet normal 0.000000e+000 8.363176e-001 5.482453e-001
      outer loop
         vertex 1.088000e+003 -2.709039e+001 1.318451e+003
         vertex 1.078000e+003 -2.709039e+001 1.318451e+003
         vertex 1.088000e+003 -2.732161e+001 1.318826e+003
      endloop
   endfacet
   facet normal 0.000000e+000 8.660557e-001 4.999475e-001
      outer loop
         vertex 1.088000e+003 -2.732161e+001 1.318826e+003
         vertex 1.078000e+003 -2.709039e+001 1.318451e+003
         vertex 1.078000e+003 -2.732161e+001 1.318826e+003
      endloop
   endfacet
   facet normal 0.000000e+000 9.169418e-001 3.990209e-001
      outer loop
         vertex 1.088000e+003 -2.732161e+001 1.318826e+003
         vertex 1.078000e+003 -2.732161e+001 1.318826e+003
         vertex 1.088000e+003 -2.748603e+001 1.319236e+003
      endloop
   endfacet
   facet normal 0.000000e+000 9.380898e-001 3.463921e-001
      outer loop
         vertex 1.088000e+003 -2.748603e+001 1.319236e+003
         vertex 1.078000e+003 -2.732161e+001 1.318826e+003
         vertex 1.078000e+003 -2.748603e+001 1.319236e+003
      endloop
   endfacet
   facet normal 0.000000e+000 9.711873e-001 2.383175e-001
      outer loop
         vertex 1.088000e+003 -2.748603e+001 1.319236e+003
         vertex 1.078000e+003 -2.748603e+001 1.319236e+003
         vertex 1.088000e+003 -2.757894e+001 1.319667e+003
      endloop
   endfacet
   facet normal 0.000000e+000 9.831368e-001 1.828716e-001
      outer loop
         vertex 1.088000e+003 -2.757894e+001 1.319667e+003
         vertex 1.078000e+003 -2.748603e+001 1.319236e+003
         vertex 1.078000e+003 -2.757894e+001 1.319667e+003
      endloop
   endfacet
   facet normal 0.000000e+000 9.974935e-001 7.075802e-002
      outer loop
         vertex 1.088000e+003 -2.757894e+001 1.319667e+003
         vertex 1.078000e+003 -2.757894e+001 1.319667e+003
         vertex 1.088000e+003 -2.759766e+001 1.320107e+003
      endloop
   endfacet
   facet normal 0.000000e+000 9.999007e-001 1.409025e-002
      outer loop
         vertex 1.088000e+003 -2.759766e+001 1.320107e+003
         vertex 1.078000e+003 -2.757894e+001 1.319667e+003
         vertex 1.078000e+003 -2.759766e+001 1.320107e+003
      endloop
   endfacet
   facet normal 0.000000e+000 9.951036e-001 -9.883699e-002
      outer loop
         vertex 1.088000e+003 -2.759766e+001 1.320107e+003
         vertex 1.078000e+003 -2.759766e+001 1.320107e+003
         vertex 1.088000e+003 -2.754164e+001 1.320545e+003
      endloop
   endfacet
   facet normal 0.000000e+000 9.878993e-001 -1.550965e-001
      outer loop
         vertex 1.088000e+003 -2.754164e+001 1.320545e+003
         vertex 1.078000e+003 -2.759766e+001 1.320107e+003
         vertex 1.078000e+003 -2.754164e+001 1.320545e+003
      endloop
   endfacet
   facet normal 0.000000e+000 9.640865e-001 -2.655886e-001
      outer loop
         vertex 1.088000e+003 -2.754164e+001 1.320545e+003
         vertex 1.078000e+003 -2.754164e+001 1.320545e+003
         vertex 1.088000e+003 -2.741251e+001 1.320966e+003
      endloop
   endfacet
   facet normal 0.000000e+000 9.474779e-001 -3.198213e-001
      outer loop
         vertex 1.088000e+003 -2.741251e+001 1.320966e+003
         vertex 1.078000e+003 -2.754164e+001 1.320545e+003
         vertex 1.078000e+003 -2.741251e+001 1.320966e+003
      endloop
   endfacet
   facet normal 0.000000e+000 9.053342e-001 -4.246998e-001
      outer loop
         vertex 1.088000e+003 -2.741251e+001 1.320966e+003
         vertex 1.078000e+003 -2.741251e+001 1.320966e+003
         vertex 1.088000e+003 -2.721398e+001 1.321360e+003
      endloop
   endfacet
   facet normal 0.000000e+000 8.797992e-001 -4.753455e-001
      outer loop
         vertex 1.088000e+003 -2.721398e+001 1.321360e+003
         vertex 1.078000e+003 -2.741251e+001 1.320966e+003
         vertex 1.078000e+003 -2.721398e+001 1.321360e+003
      endloop
   endfacet
   facet normal 0.000000e+000 8.205372e-001 -5.715931e-001
      outer loop
         vertex 1.088000e+003 -2.721398e+001 1.321360e+003
         vertex 1.078000e+003 -2.721398e+001 1.321360e+003
         vertex 1.088000e+003 -2.695175e+001 1.321715e+003
      endloop
   endfacet
   facet normal 0.000000e+000 7.868103e-001 -6.171949e-001
      outer loop
         vertex 1.088000e+003 -2.695175e+001 1.321715e+003
         vertex 1.078000e+003 -2.721398e+001 1.321360e+003
         vertex 1.078000e+003 -2.695175e+001 1.321715e+003
      endloop
   endfacet
   facet normal 0.000000e+000 7.121348e-001 -7.020428e-001
      outer loop
         vertex 1.088000e+003 -2.695175e+001 1.321715e+003
         vertex 1.078000e+003 -2.695175e+001 1.321715e+003
         vertex 1.088000e+003 -2.663337e+001 1.322020e+003
      endloop
   endfacet
   facet normal 0.000000e+000 6.711863e-001 -7.412888e-001
      outer loop
         vertex 1.088000e+003 -2.663337e+001 1.322020e+003
         vertex 1.078000e+003 -2.695175e+001 1.321715e+003
         vertex 1.078000e+003 -2.663337e+001 1.322020e+003
      endloop
   endfacet
   facet normal 0.000000e+000 5.832456e-001 -8.122959e-001
      outer loop
         vertex 1.088000e+003 -2.663337e+001 1.322020e+003
         vertex 1.078000e+003 -2.663337e+001 1.322020e+003
         vertex 1.088000e+003 -2.626801e+001 1.322267e+003
      endloop
   endfacet
   facet normal 0.000000e+000 5.362535e-001 -8.440570e-001
      outer loop
         vertex 1.088000e+003 -2.626801e+001 1.322267e+003
         vertex 1.078000e+003 -2.663337e+001 1.322020e+003
         vertex 1.078000e+003 -2.626801e+001 1.322267e+003
      endloop
   endfacet
   facet normal 0.000000e+000 4.375775e-001 -8.991807e-001
      outer loop
         vertex 1.088000e+003 -2.626801e+001 1.322267e+003
         vertex 1.078000e+003 -2.626801e+001 1.322267e+003
         vertex 1.088000e+003 -2.586616e+001 1.322448e+003
      endloop
   endfacet
   facet normal 0.000000e+000 3.858936e-001 -9.225433e-001
      outer loop
         vertex 1.088000e+003 -2.586616e+001 1.322448e+003
         vertex 1.078000e+003 -2.626801e+001 1.322267e+003
         vertex 1.078000e+003 -2.586616e+001 1.322448e+003
      endloop
   endfacet
   facet normal 0.000000e+000 2.793211e-001 -9.601977e-001
      outer loop
         vertex 1.088000e+003 -2.586616e+001 1.322448e+003
         vertex 1.078000e+003 -2.586616e+001 1.322448e+003
         vertex 1.088000e+003 -2.543940e+001 1.322559e+003
      endloop
   endfacet
   facet normal 0.000000e+000 2.244324e-001 -9.744897e-001
      outer loop
         vertex 1.088000e+003 -2.543940e+001 1.322559e+003
         vertex 1.078000e+003 -2.586616e+001 1.322448e+003
         vertex 1.078000e+003 -2.543940e+001 1.322559e+003
      endloop
   endfacet
   facet normal 0.000000e+000 1.130291e-001 -9.935917e-001
      outer loop
         vertex 1.088000e+003 -2.543940e+001 1.322559e+003
         vertex 1.078000e+003 -2.543940e+001 1.322559e+003
         vertex 1.088000e+003 -2.500000e+001 1.322597e+003
      endloop
   endfacet
   facet normal 0.000000e+000 5.651454e-002 -9.984018e-001
      outer loop
         vertex 1.088000e+003 -2.500000e+001 1.322597e+003
         vertex 1.078000e+003 -2.543940e+001 1.322559e+003
         vertex 1.078000e+003 -2.500000e+001 1.322597e+003
      endloop
   endfacet
   facet normal 0.000000e+000 -9.917826e-001 -1.279346e-001
      outer loop
         vertex 1.078000e+003 -1.508001e+001 1.337785e+003
         vertex 1.088000e+003 -1.510893e+001 1.338011e+003
         vertex 1.078000e+003 -1.513603e+001 1.338222e+003
      endloop
   endfacet
   facet normal 0.000000e+000 -9.829554e-001 -1.838444e-001
      outer loop
         vertex 1.078000e+003 -1.513603e+001 1.338222e+003
         vertex 1.088000e+003 -1.510893e+001 1.338011e+003
         vertex 1.088000e+003 -1.513603e+001 1.338222e+003
      endloop
   endfacet
   facet normal 0.000000e+000 -9.640865e-001 -2.655886e-001
      outer loop
         vertex 1.078000e+003 -1.513603e+001 1.338222e+003
         vertex 1.088000e+003 -1.513603e+001 1.338222e+003
         vertex 1.078000e+003 -1.526516e+001 1.338644e+003
      endloop
   endfacet
   facet normal 0.000000e+000 -9.474779e-001 -3.198213e-001
      outer loop
         vertex 1.078000e+003 -1.526516e+001 1.338644e+003
         vertex 1.088000e+003 -1.513603e+001 1.338222e+003
         vertex 1.088000e+003 -1.526516e+001 1.338644e+003
      endloop
   endfacet
   facet normal 0.000000e+000 -9.053342e-001 -4.246998e-001
      outer loop
         vertex 1.078000e+003 -1.526516e+001 1.338644e+003
         vertex 1.088000e+003 -1.526516e+001 1.338644e+003
         vertex 1.078000e+003 -1.546369e+001 1.339038e+003
      endloop
   endfacet
   facet normal 0.000000e+000 -8.797992e-001 -4.753455e-001
      outer loop
         vertex 1.078000e+003 -1.546369e+001 1.339038e+003
         vertex 1.088000e+003 -1.526516e+001 1.338644e+003
         vertex 1.088000e+003 -1.546369e+001 1.339038e+003
      endloop
   endfacet
   facet normal 0.000000e+000 -8.205372e-001 -5.715931e-001
      outer loop
         vertex 1.078000e+003 -1.546369e+001 1.339038e+003
         vertex 1.088000e+003 -1.546369e+001 1.339038e+003
         vertex 1.078000e+003 -1.572592e+001 1.339392e+003
      endloop
   endfacet
   facet normal 0.000000e+000 -7.868103e-001 -6.171949e-001
      outer loop
         vertex 1.078000e+003 -1.572592e+001 1.339392e+003
         vertex 1.088000e+003 -1.546369e+001 1.339038e+003
         vertex 1.088000e+003 -1.572592e+001 1.339392e+003
      endloop
   endfacet
   facet normal 0.000000e+000 -7.121348e-001 -7.020428e-001
      outer loop
         vertex 1.078000e+003 -1.572592e+001 1.339392e+003
         vertex 1.088000e+003 -1.572592e+001 1.339392e+003
         vertex 1.078000e+003 -1.604430e+001 1.339698e+003
      endloop
   endfacet
   facet normal 0.000000e+000 -6.711863e-001 -7.412888e-001
      outer loop
         vertex 1.078000e+003 -1.604430e+001 1.339698e+003
         vertex 1.088000e+003 -1.572592e+001 1.339392e+003
         vertex 1.088000e+003 -1.604430e+001 1.339698e+003
      endloop
   endfacet
   facet normal 0.000000e+000 -5.832456e-001 -8.122959e-001
      outer loop
         vertex 1.078000e+003 -1.604430e+001 1.339698e+003
         vertex 1.088000e+003 -1.604430e+001 1.339698e+003
         vertex 1.078000e+003 -1.640966e+001 1.339944e+003
      endloop
   endfacet
   facet normal 0.000000e+000 -5.362535e-001 -8.440570e-001
      outer loop
         vertex 1.078000e+003 -1.640966e+001 1.339944e+003
         vertex 1.088000e+003 -1.604430e+001 1.339698e+003
         vertex 1.088000e+003 -1.640966e+001 1.339944e+003
      endloop
   endfacet
   facet normal 0.000000e+000 -4.375775e-001 -8.991807e-001
      outer loop
         vertex 1.078000e+003 -1.640966e+001 1.339944e+003
         vertex 1.088000e+003 -1.640966e+001 1.339944e+003
         vertex 1.078000e+003 -1.681151e+001 1.340126e+003
      endloop
   endfacet
   facet normal 0.000000e+000 -3.858936e-001 -9.225433e-001
      outer loop
         vertex 1.078000e+003 -1.681151e+001 1.340126e+003
         vertex 1.088000e+003 -1.640966e+001 1.339944e+003
         vertex 1.088000e+003 -1.681151e+001 1.340126e+003
      endloop
   endfacet
   facet normal 0.000000e+000 -2.793211e-001 -9.601977e-001
      outer loop
         vertex 1.078000e+003 -1.681151e+001 1.340126e+003
         vertex 1.088000e+003 -1.681151e+001 1.340126e+003
         vertex 1.078000e+003 -1.723827e+001 1.340237e+003
      endloop
   endfacet
   facet normal 0.000000e+000 -2.244324e-001 -9.744897e-001
      outer loop
         vertex 1.078000e+003 -1.723827e+001 1.340237e+003
         vertex 1.088000e+003 -1.681151e+001 1.340126e+003
         vertex 1.088000e+003 -1.723827e+001 1.340237e+003
      endloop
   endfacet
   facet normal 0.000000e+000 -1.130291e-001 -9.935917e-001
      outer loop
         vertex 1.078000e+003 -1.723827e+001 1.340237e+003
         vertex 1.088000e+003 -1.723827e+001 1.340237e+003
         vertex 1.078000e+003 -1.767767e+001 1.340275e+003
      endloop
   endfacet
   facet normal 0.000000e+000 1.558828e-001 9.877756e-001
      outer loop
         vertex 1.078000e+003 -1.833281e+001 1.335158e+003
         vertex 1.088000e+003 -1.801384e+001 1.335104e+003
         vertex 1.078000e+003 -1.789816e+001 1.335084e+003
      endloop
   endfacet
   facet normal 0.000000e+000 9.977955e-002 9.950095e-001
      outer loop
         vertex 1.078000e+003 -1.789816e+001 1.335084e+003
         vertex 1.088000e+003 -1.801384e+001 1.335104e+003
         vertex 1.088000e+003 -1.789816e+001 1.335084e+003
      endloop
   endfacet
   facet normal 0.000000e+000 2.835944e-002 9.995977e-001
      outer loop
         vertex 1.078000e+003 -1.789816e+001 1.335084e+003
         vertex 1.088000e+003 -1.789816e+001 1.335084e+003
         vertex 1.078000e+003 -1.745717e+001 1.335084e+003
      endloop
   endfacet
   facet normal 0.000000e+000 -2.835944e-002 9.995977e-001
      outer loop
         vertex 1.078000e+003 -1.745717e+001 1.335084e+003
         vertex 1.088000e+003 -1.789816e+001 1.335084e+003
         vertex 1.088000e+003 -1.745717e+001 1.335084e+003
      endloop
   endfacet
   facet normal 0.000000e+000 -1.409813e-001 9.900123e-001
      outer loop
         vertex 1.078000e+003 -1.745717e+001 1.335084e+003
         vertex 1.088000e+003 -1.745717e+001 1.335084e+003
         vertex 1.078000e+003 -1.702253e+001 1.335158e+003
      endloop
   endfacet
   facet normal 0.000000e+000 -1.968844e-001 9.804267e-001
      outer loop
         vertex 1.078000e+003 -1.702253e+001 1.335158e+003
         vertex 1.088000e+003 -1.745717e+001 1.335084e+003
         vertex 1.088000e+003 -1.702253e+001 1.335158e+003
      endloop
   endfacet
   facet normal 0.000000e+000 -3.062663e-001 9.519458e-001
      outer loop
         vertex 1.078000e+003 -1.702253e+001 1.335158e+003
         vertex 1.088000e+003 -1.702253e+001 1.335158e+003
         vertex 1.078000e+003 -1.660673e+001 1.335305e+003
      endloop
   endfacet
   facet normal 0.000000e+000 -3.597453e-001 9.330506e-001
      outer loop
         vertex 1.078000e+003 -1.660673e+001 1.335305e+003
         vertex 1.088000e+003 -1.702253e+001 1.335158e+003
         vertex 1.088000e+003 -1.660673e+001 1.335305e+003
      endloop
   endfacet
   facet normal 0.000000e+000 -4.627406e-001 8.864937e-001
      outer loop
         vertex 1.078000e+003 -1.660673e+001 1.335305e+003
         vertex 1.088000e+003 -1.660673e+001 1.335305e+003
         vertex 1.078000e+003 -1.622174e+001 1.335520e+003
      endloop
   endfacet
   facet normal 0.000000e+000 -5.122570e-001 8.588322e-001
      outer loop
         vertex 1.078000e+003 -1.622174e+001 1.335520e+003
         vertex 1.088000e+003 -1.660673e+001 1.335305e+003
         vertex 1.088000e+003 -1.622174e+001 1.335520e+003
      endloop
   endfacet
   facet normal 0.000000e+000 -6.059027e-001 7.955388e-001
      outer loop
         vertex 1.078000e+003 -1.622174e+001 1.335520e+003
         vertex 1.088000e+003 -1.622174e+001 1.335520e+003
         vertex 1.078000e+003 -1.587863e+001 1.335797e+003
      endloop
   endfacet
   facet normal 0.000000e+000 -6.500320e-001 7.599069e-001
      outer loop
         vertex 1.078000e+003 -1.587863e+001 1.335797e+003
         vertex 1.088000e+003 -1.622174e+001 1.335520e+003
         vertex 1.088000e+003 -1.587863e+001 1.335797e+003
      endloop
   endfacet
   facet normal 0.000000e+000 -7.316340e-001 6.816977e-001
      outer loop
         vertex 1.078000e+003 -1.587863e+001 1.335797e+003
         vertex 1.088000e+003 -1.587863e+001 1.335797e+003
         vertex 1.078000e+003 -1.558728e+001 1.336128e+003
      endloop
   endfacet
   facet normal 0.000000e+000 -7.691067e-001 6.391203e-001
      outer loop
         vertex 1.078000e+003 -1.558728e+001 1.336128e+003
         vertex 1.088000e+003 -1.587863e+001 1.335797e+003
         vertex 1.088000e+003 -1.558728e+001 1.336128e+003
      endloop
   endfacet
   facet normal 0.000000e+000 -8.363176e-001 5.482453e-001
      outer loop
         vertex 1.078000e+003 -1.558728e+001 1.336128e+003
         vertex 1.088000e+003 -1.558728e+001 1.336128e+003
         vertex 1.078000e+003 -1.535606e+001 1.336504e+003
      endloop
   endfacet
   facet normal 0.000000e+000 -8.660557e-001 4.999475e-001
      outer loop
         vertex 1.078000e+003 -1.535606e+001 1.336504e+003
         vertex 1.088000e+003 -1.558728e+001 1.336128e+003
         vertex 1.088000e+003 -1.535606e+001 1.336504e+003
      endloop
   endfacet
   facet normal 0.000000e+000 -9.169418e-001 3.990209e-001
      outer loop
         vertex 1.078000e+003 -1.535606e+001 1.336504e+003
         vertex 1.088000e+003 -1.535606e+001 1.336504e+003
         vertex 1.078000e+003 -1.519164e+001 1.336913e+003
      endloop
   endfacet
   facet normal 0.000000e+000 -9.380898e-001 3.463921e-001
      outer loop
         vertex 1.078000e+003 -1.519164e+001 1.336913e+003
         vertex 1.088000e+003 -1.535606e+001 1.336504e+003
         vertex 1.088000e+003 -1.519164e+001 1.336913e+003
      endloop
   endfacet
   facet normal 0.000000e+000 -9.711873e-001 2.383175e-001
      outer loop
         vertex 1.078000e+003 -1.519164e+001 1.336913e+003
         vertex 1.088000e+003 -1.519164e+001 1.336913e+003
         vertex 1.078000e+003 -1.509873e+001 1.337344e+003
      endloop
   endfacet
   facet normal 0.000000e+000 -9.831368e-001 1.828716e-001
      outer loop
         vertex 1.078000e+003 -1.509873e+001 1.337344e+003
         vertex 1.088000e+003 -1.519164e+001 1.336913e+003
         vertex 1.088000e+003 -1.509873e+001 1.337344e+003
      endloop
   endfacet
   facet normal 0.000000e+000 -9.974935e-001 7.075802e-002
      outer loop
         vertex 1.078000e+003 -1.509873e+001 1.337344e+003
         vertex 1.088000e+003 -1.509873e+001 1.337344e+003
         vertex 1.078000e+003 -1.508001e+001 1.337785e+003
      endloop
   endfacet
   facet normal 0.000000e+000 -9.999007e-001 1.409025e-002
      outer loop
         vertex 1.078000e+003 -1.508001e+001 1.337785e+003
         vertex 1.088000e+003 -1.509873e+001 1.337344e+003
         vertex 1.088000e+003 -1.508001e+001 1.337785e+003
      endloop
   endfacet
   facet normal 0.000000e+000 -9.974328e-001 -7.160905e-002
      outer loop
         vertex 1.078000e+003 -1.508001e+001 1.337785e+003
         vertex 1.088000e+003 -1.508001e+001 1.337785e+003
         vertex 1.088000e+003 -1.510893e+001 1.338011e+003
      endloop
   endfacet
   facet normal 0.000000e+000 9.917826e-001 -1.279346e-001
      outer loop
         vertex 1.078000e+003 -2.021931e+001 1.338222e+003
         vertex 1.088000e+003 -2.024641e+001 1.338011e+003
         vertex 1.078000e+003 -2.027533e+001 1.337785e+003
      endloop
   endfacet
   facet normal 0.000000e+000 9.974328e-001 -7.160905e-002
      outer loop
         vertex 1.078000e+003 -2.027533e+001 1.337785e+003
         vertex 1.088000e+003 -2.024641e+001 1.338011e+003
         vertex 1.088000e+003 -2.027533e+001 1.337785e+003
      endloop
   endfacet
   facet normal 0.000000e+000 9.999007e-001 1.409025e-002
      outer loop
         vertex 1.078000e+003 -2.027533e+001 1.337785e+003
         vertex 1.088000e+003 -2.027533e+001 1.337785e+003
         vertex 1.078000e+003 -2.025661e+001 1.337344e+003
      endloop
   endfacet
   facet normal 0.000000e+000 9.974935e-001 7.075802e-002
      outer loop
         vertex 1.078000e+003 -2.025661e+001 1.337344e+003
         vertex 1.088000e+003 -2.027533e+001 1.337785e+003
         vertex 1.088000e+003 -2.025661e+001 1.337344e+003
      endloop
   endfacet
   facet normal 0.000000e+000 9.831368e-001 1.828716e-001
      outer loop
         vertex 1.078000e+003 -2.025661e+001 1.337344e+003
         vertex 1.088000e+003 -2.025661e+001 1.337344e+003
         vertex 1.078000e+003 -2.016370e+001 1.336913e+003
      endloop
   endfacet
   facet normal 0.000000e+000 9.711873e-001 2.383175e-001
      outer loop
         vertex 1.078000e+003 -2.016370e+001 1.336913e+003
         vertex 1.088000e+003 -2.025661e+001 1.337344e+003
         vertex 1.088000e+003 -2.016370e+001 1.336913e+003
      endloop
   endfacet
   facet normal 0.000000e+000 9.380898e-001 3.463921e-001
      outer loop
         vertex 1.078000e+003 -2.016370e+001 1.336913e+003
         vertex 1.088000e+003 -2.016370e+001 1.336913e+003
         vertex 1.078000e+003 -1.999928e+001 1.336504e+003
      endloop
   endfacet
   facet normal 0.000000e+000 9.169418e-001 3.990209e-001
      outer loop
         vertex 1.078000e+003 -1.999928e+001 1.336504e+003
         vertex 1.088000e+003 -2.016370e+001 1.336913e+003
         vertex 1.088000e+003 -1.999928e+001 1.336504e+003
      endloop
   endfacet
   facet normal 0.000000e+000 8.660557e-001 4.999475e-001
      outer loop
         vertex 1.078000e+003 -1.999928e+001 1.336504e+003
         vertex 1.088000e+003 -1.999928e+001 1.336504e+003
         vertex 1.078000e+003 -1.976806e+001 1.336128e+003
      endloop
   endfacet
   facet normal 0.000000e+000 8.363176e-001 5.482453e-001
      outer loop
         vertex 1.078000e+003 -1.976806e+001 1.336128e+003
         vertex 1.088000e+003 -1.999928e+001 1.336504e+003
         vertex 1.088000e+003 -1.976806e+001 1.336128e+003
      endloop
   endfacet
   facet normal 0.000000e+000 7.691067e-001 6.391203e-001
      outer loop
         vertex 1.078000e+003 -1.976806e+001 1.336128e+003
         vertex 1.088000e+003 -1.976806e+001 1.336128e+003
         vertex 1.078000e+003 -1.947671e+001 1.335797e+003
      endloop
   endfacet
   facet normal 0.000000e+000 7.316340e-001 6.816977e-001
      outer loop
         vertex 1.078000e+003 -1.947671e+001 1.335797e+003
         vertex 1.088000e+003 -1.976806e+001 1.336128e+003
         vertex 1.088000e+003 -1.947671e+001 1.335797e+003
      endloop
   endfacet
   facet normal 0.000000e+000 6.500320e-001 7.599069e-001
      outer loop
         vertex 1.078000e+003 -1.947671e+001 1.335797e+003
         vertex 1.088000e+003 -1.947671e+001 1.335797e+003
         vertex 1.078000e+003 -1.913360e+001 1.335520e+003
      endloop
   endfacet
   facet normal 0.000000e+000 6.059027e-001 7.955388e-001
      outer loop
         vertex 1.078000e+003 -1.913360e+001 1.335520e+003
         vertex 1.088000e+003 -1.947671e+001 1.335797e+003
         vertex 1.088000e+003 -1.913360e+001 1.335520e+003
      endloop
   endfacet
   facet normal 0.000000e+000 5.122570e-001 8.588322e-001
      outer loop
         vertex 1.078000e+003 -1.913360e+001 1.335520e+003
         vertex 1.088000e+003 -1.913360e+001 1.335520e+003
         vertex 1.078000e+003 -1.874861e+001 1.335305e+003
      endloop
   endfacet
   facet normal 0.000000e+000 4.627406e-001 8.864937e-001
      outer loop
         vertex 1.078000e+003 -1.874861e+001 1.335305e+003
         vertex 1.088000e+003 -1.913360e+001 1.335520e+003
         vertex 1.088000e+003 -1.874861e+001 1.335305e+003
      endloop
   endfacet
   facet normal 0.000000e+000 3.597453e-001 9.330506e-001
      outer loop
         vertex 1.078000e+003 -1.874861e+001 1.335305e+003
         vertex 1.088000e+003 -1.874861e+001 1.335305e+003
         vertex 1.078000e+003 -1.833281e+001 1.335158e+003
      endloop
   endfacet
   facet normal 0.000000e+000 3.062663e-001 9.519458e-001
      outer loop
         vertex 1.078000e+003 -1.833281e+001 1.335158e+003
         vertex 1.088000e+003 -1.874861e+001 1.335305e+003
         vertex 1.088000e+003 -1.833281e+001 1.335158e+003
      endloop
   endfacet
   facet normal 0.000000e+000 2.115704e-001 9.773628e-001
      outer loop
         vertex 1.078000e+003 -1.833281e+001 1.335158e+003
         vertex 1.088000e+003 -1.833281e+001 1.335158e+003
         vertex 1.088000e+003 -1.801384e+001 1.335104e+003
      endloop
   endfacet
   facet normal 0.000000e+000 -5.651454e-002 -9.984018e-001
      outer loop
         vertex 1.088000e+003 -1.723827e+001 1.340237e+003
         vertex 1.088000e+003 -1.767767e+001 1.340275e+003
         vertex 1.078000e+003 -1.767767e+001 1.340275e+003
      endloop
   endfacet
   facet normal 0.000000e+000 4.329122e-002 -9.990625e-001
      outer loop
         vertex 1.078000e+003 -1.767767e+001 1.340275e+003
         vertex 1.088000e+003 -1.767767e+001 1.340275e+003
         vertex 1.088000e+003 -1.801384e+001 1.340246e+003
      endloop
   endfacet
   facet normal 0.000000e+000 9.980579e-002 -9.950069e-001
      outer loop
         vertex 1.078000e+003 -1.767767e+001 1.340275e+003
         vertex 1.088000e+003 -1.801384e+001 1.340246e+003
         vertex 1.078000e+003 -1.811707e+001 1.340237e+003
      endloop
   endfacet
   facet normal 0.000000e+000 1.559046e-001 -9.877721e-001
      outer loop
         vertex 1.078000e+003 -1.811707e+001 1.340237e+003
         vertex 1.088000e+003 -1.801384e+001 1.340246e+003
         vertex 1.088000e+003 -1.811707e+001 1.340237e+003
      endloop
   endfacet
   facet normal 0.000000e+000 2.244324e-001 -9.744897e-001
      outer loop
         vertex 1.078000e+003 -1.811707e+001 1.340237e+003
         vertex 1.088000e+003 -1.811707e+001 1.340237e+003
         vertex 1.078000e+003 -1.854383e+001 1.340126e+003
      endloop
   endfacet
   facet normal 0.000000e+000 2.793211e-001 -9.601977e-001
      outer loop
         vertex 1.078000e+003 -1.854383e+001 1.340126e+003
         vertex 1.088000e+003 -1.811707e+001 1.340237e+003
         vertex 1.088000e+003 -1.854383e+001 1.340126e+003
      endloop
   endfacet
   facet normal 0.000000e+000 3.858936e-001 -9.225433e-001
      outer loop
         vertex 1.078000e+003 -1.854383e+001 1.340126e+003
         vertex 1.088000e+003 -1.854383e+001 1.340126e+003
         vertex 1.078000e+003 -1.894568e+001 1.339944e+003
      endloop
   endfacet
   facet normal 0.000000e+000 4.375775e-001 -8.991807e-001
      outer loop
         vertex 1.078000e+003 -1.894568e+001 1.339944e+003
         vertex 1.088000e+003 -1.854383e+001 1.340126e+003
         vertex 1.088000e+003 -1.894568e+001 1.339944e+003
      endloop
   endfacet
   facet normal 0.000000e+000 5.362535e-001 -8.440570e-001
      outer loop
         vertex 1.078000e+003 -1.894568e+001 1.339944e+003
         vertex 1.088000e+003 -1.894568e+001 1.339944e+003
         vertex 1.078000e+003 -1.931104e+001 1.339698e+003
      endloop
   endfacet
   facet normal 0.000000e+000 5.832456e-001 -8.122959e-001
      outer loop
         vertex 1.078000e+003 -1.931104e+001 1.339698e+003
         vertex 1.088000e+003 -1.894568e+001 1.339944e+003
         vertex 1.088000e+003 -1.931104e+001 1.339698e+003
      endloop
   endfacet
   facet normal 0.000000e+000 6.711863e-001 -7.412888e-001
      outer loop
         vertex 1.078000e+003 -1.931104e+001 1.339698e+003
         vertex 1.088000e+003 -1.931104e+001 1.339698e+003
         vertex 1.078000e+003 -1.962942e+001 1.339392e+003
      endloop
   endfacet
   facet normal 0.000000e+000 7.121348e-001 -7.020428e-001
      outer loop
         vertex 1.078000e+003 -1.962942e+001 1.339392e+003
         vertex 1.088000e+003 -1.931104e+001 1.339698e+003
         vertex 1.088000e+003 -1.962942e+001 1.339392e+003
      endloop
   endfacet
   facet normal 0.000000e+000 7.868103e-001 -6.171949e-001
      outer loop
         vertex 1.078000e+003 -1.962942e+001 1.339392e+003
         vertex 1.088000e+003 -1.962942e+001 1.339392e+003
         vertex 1.078000e+003 -1.989165e+001 1.339038e+003
      endloop
   endfacet
   facet normal 0.000000e+000 8.205372e-001 -5.715931e-001
      outer loop
         vertex 1.078000e+003 -1.989165e+001 1.339038e+003
         vertex 1.088000e+003 -1.962942e+001 1.339392e+003
         vertex 1.088000e+003 -1.989165e+001 1.339038e+003
      endloop
   endfacet
   facet normal 0.000000e+000 8.797992e-001 -4.753455e-001
      outer loop
         vertex 1.078000e+003 -1.989165e+001 1.339038e+003
         vertex 1.088000e+003 -1.989165e+001 1.339038e+003
         vertex 1.078000e+003 -2.009018e+001 1.338644e+003
      endloop
   endfacet
   facet normal 0.000000e+000 9.053342e-001 -4.246998e-001
      outer loop
         vertex 1.078000e+003 -2.009018e+001 1.338644e+003
         vertex 1.088000e+003 -1.989165e+001 1.339038e+003
         vertex 1.088000e+003 -2.009018e+001 1.338644e+003
      endloop
   endfacet
   facet normal 0.000000e+000 9.474779e-001 -3.198213e-001
      outer loop
         vertex 1.078000e+003 -2.009018e+001 1.338644e+003
         vertex 1.088000e+003 -2.009018e+001 1.338644e+003
         vertex 1.078000e+003 -2.021931e+001 1.338222e+003
      endloop
   endfacet
   facet normal 0.000000e+000 9.640865e-001 -2.655886e-001
      outer loop
         vertex 1.078000e+003 -2.021931e+001 1.338222e+003
         vertex 1.088000e+003 -2.009018e+001 1.338644e+003
         vertex 1.088000e+003 -2.021931e+001 1.338222e+003
      endloop
   endfacet
   facet normal 0.000000e+000 9.829554e-001 -1.838444e-001
      outer loop
         vertex 1.078000e+003 -2.021931e+001 1.338222e+003
         vertex 1.088000e+003 -2.021931e+001 1.338222e+003
         vertex 1.088000e+003 -2.024641e+001 1.338011e+003
      endloop
   endfacet
   facet normal 0.000000e+000 -5.651454e-002 -9.984018e-001
      outer loop
         vertex 1.088000e+003 -8.129430e-008 1.347597e+003
         vertex 1.078000e+003 -8.129430e-008 1.347597e+003
         vertex 1.088000e+003 4.394021e-001 1.347559e+003
      endloop
   endfacet
   facet normal 0.000000e+000 -1.130291e-001 -9.935917e-001
      outer loop
         vertex 1.088000e+003 4.394021e-001 1.347559e+003
         vertex 1.078000e+003 -8.129430e-008 1.347597e+003
         vertex 1.078000e+003 4.394021e-001 1.347559e+003
      endloop
   endfacet
   facet normal 0.000000e+000 -2.244324e-001 -9.744897e-001
      outer loop
         vertex 1.088000e+003 4.394021e-001 1.347559e+003
         vertex 1.078000e+003 4.394021e-001 1.347559e+003
         vertex 1.088000e+003 8.661634e-001 1.347448e+003
      endloop
   endfacet
   facet normal 0.000000e+000 -2.793211e-001 -9.601977e-001
      outer loop
         vertex 1.088000e+003 8.661634e-001 1.347448e+003
         vertex 1.078000e+003 4.394021e-001 1.347559e+003
         vertex 1.078000e+003 8.661634e-001 1.347448e+003
      endloop
   endfacet
   facet normal 0.000000e+000 -3.858936e-001 -9.225433e-001
      outer loop
         vertex 1.088000e+003 8.661634e-001 1.347448e+003
         vertex 1.078000e+003 8.661634e-001 1.347448e+003
         vertex 1.088000e+003 1.268007e+000 1.347267e+003
      endloop
   endfacet
   facet normal 0.000000e+000 -4.375775e-001 -8.991807e-001
      outer loop
         vertex 1.088000e+003 1.268007e+000 1.347267e+003
         vertex 1.078000e+003 8.661634e-001 1.347448e+003
         vertex 1.078000e+003 1.268007e+000 1.347267e+003
      endloop
   endfacet
   facet normal 0.000000e+000 -5.362535e-001 -8.440570e-001
      outer loop
         vertex 1.088000e+003 1.268007e+000 1.347267e+003
         vertex 1.078000e+003 1.268007e+000 1.347267e+003
         vertex 1.088000e+003 1.633372e+000 1.347020e+003
      endloop
   endfacet
   facet normal 0.000000e+000 -5.832456e-001 -8.122959e-001
      outer loop
         vertex 1.088000e+003 1.633372e+000 1.347020e+003
         vertex 1.078000e+003 1.268007e+000 1.347267e+003
         vertex 1.078000e+003 1.633372e+000 1.347020e+003
      endloop
   endfacet
   facet normal 0.000000e+000 -6.711863e-001 -7.412888e-001
      outer loop
         vertex 1.088000e+003 1.633372e+000 1.347020e+003
         vertex 1.078000e+003 1.633372e+000 1.347020e+003
         vertex 1.088000e+003 1.951748e+000 1.346715e+003
      endloop
   endfacet
   facet normal 0.000000e+000 -7.121348e-001 -7.020428e-001
      outer loop
         vertex 1.088000e+003 1.951748e+000 1.346715e+003
         vertex 1.078000e+003 1.633372e+000 1.347020e+003
         vertex 1.078000e+003 1.951748e+000 1.346715e+003
      endloop
   endfacet
   facet normal 0.000000e+000 -7.868103e-001 -6.171949e-001
      outer loop
         vertex 1.088000e+003 1.951748e+000 1.346715e+003
         vertex 1.078000e+003 1.951748e+000 1.346715e+003
         vertex 1.088000e+003 2.213976e+000 1.346360e+003
      endloop
   endfacet
   facet normal 0.000000e+000 -8.205372e-001 -5.715931e-001
      outer loop
         vertex 1.088000e+003 2.213976e+000 1.346360e+003
         vertex 1.078000e+003 1.951748e+000 1.346715e+003
         vertex 1.078000e+003 2.213976e+000 1.346360e+003
      endloop
   endfacet
   facet normal 0.000000e+000 -8.797992e-001 -4.753455e-001
      outer loop
         vertex 1.088000e+003 2.213976e+000 1.346360e+003
         vertex 1.078000e+003 2.213976e+000 1.346360e+003
         vertex 1.088000e+003 2.412512e+000 1.345966e+003
      endloop
   endfacet
   facet normal 0.000000e+000 -9.053342e-001 -4.246998e-001
      outer loop
         vertex 1.088000e+003 2.412512e+000 1.345966e+003
         vertex 1.078000e+003 2.213976e+000 1.346360e+003
         vertex 1.078000e+003 2.412512e+000 1.345966e+003
      endloop
   endfacet
   facet normal 0.000000e+000 -9.474779e-001 -3.198213e-001
      outer loop
         vertex 1.088000e+003 2.412512e+000 1.345966e+003
         vertex 1.078000e+003 2.412512e+000 1.345966e+003
         vertex 1.088000e+003 2.541644e+000 1.345545e+003
      endloop
   endfacet
   facet normal 0.000000e+000 -9.640865e-001 -2.655886e-001
      outer loop
         vertex 1.088000e+003 2.541644e+000 1.345545e+003
         vertex 1.078000e+003 2.412512e+000 1.345966e+003
         vertex 1.078000e+003 2.541644e+000 1.345545e+003
      endloop
   endfacet
   facet normal 0.000000e+000 -9.878993e-001 -1.550965e-001
      outer loop
         vertex 1.088000e+003 2.541644e+000 1.345545e+003
         vertex 1.078000e+003 2.541644e+000 1.345545e+003
         vertex 1.088000e+003 2.597657e+000 1.345107e+003
      endloop
   endfacet
   facet normal 0.000000e+000 -9.951036e-001 -9.883699e-002
      outer loop
         vertex 1.088000e+003 2.597657e+000 1.345107e+003
         vertex 1.078000e+003 2.541644e+000 1.345545e+003
         vertex 1.078000e+003 2.597657e+000 1.345107e+003
      endloop
   endfacet
   facet normal 0.000000e+000 -9.999007e-001 1.409025e-002
      outer loop
         vertex 1.088000e+003 2.597657e+000 1.345107e+003
         vertex 1.078000e+003 2.597657e+000 1.345107e+003
         vertex 1.088000e+003 2.578941e+000 1.344667e+003
      endloop
   endfacet
   facet normal 0.000000e+000 -9.974935e-001 7.075802e-002
      outer loop
         vertex 1.088000e+003 2.578941e+000 1.344667e+003
         vertex 1.078000e+003 2.597657e+000 1.345107e+003
         vertex 1.078000e+003 2.578941e+000 1.344667e+003
      endloop
   endfacet
   facet normal 0.000000e+000 -9.831368e-001 1.828716e-001
      outer loop
         vertex 1.088000e+003 2.578941e+000 1.344667e+003
         vertex 1.078000e+003 2.578941e+000 1.344667e+003
         vertex 1.088000e+003 2.486033e+000 1.344236e+003
      endloop
   endfacet
   facet normal 0.000000e+000 -9.711873e-001 2.383175e-001
      outer loop
         vertex 1.088000e+003 2.486033e+000 1.344236e+003
         vertex 1.078000e+003 2.578941e+000 1.344667e+003
         vertex 1.078000e+003 2.486033e+000 1.344236e+003
      endloop
   endfacet
   facet normal 0.000000e+000 -9.380898e-001 3.463921e-001
      outer loop
         vertex 1.088000e+003 2.486033e+000 1.344236e+003
         vertex 1.078000e+003 2.486033e+000 1.344236e+003
         vertex 1.088000e+003 2.321607e+000 1.343826e+003
      endloop
   endfacet
   facet normal 0.000000e+000 -9.169418e-001 3.990209e-001
      outer loop
         vertex 1.088000e+003 2.321607e+000 1.343826e+003
         vertex 1.078000e+003 2.486033e+000 1.344236e+003
         vertex 1.078000e+003 2.321607e+000 1.343826e+003
      endloop
   endfacet
   facet normal 0.000000e+000 -8.660557e-001 4.999475e-001
      outer loop
         vertex 1.088000e+003 2.321607e+000 1.343826e+003
         vertex 1.078000e+003 2.321607e+000 1.343826e+003
         vertex 1.088000e+003 2.090392e+000 1.343451e+003
      endloop
   endfacet
   facet normal 0.000000e+000 -8.363176e-001 5.482453e-001
      outer loop
         vertex 1.088000e+003 2.090392e+000 1.343451e+003
         vertex 1.078000e+003 2.321607e+000 1.343826e+003
         vertex 1.078000e+003 2.090392e+000 1.343451e+003
      endloop
   endfacet
   facet normal 0.000000e+000 -7.691067e-001 6.391203e-001
      outer loop
         vertex 1.088000e+003 2.090392e+000 1.343451e+003
         vertex 1.078000e+003 2.090392e+000 1.343451e+003
         vertex 1.088000e+003 1.799041e+000 1.343120e+003
      endloop
   endfacet
   facet normal 0.000000e+000 -7.316340e-001 6.816977e-001
      outer loop
         vertex 1.088000e+003 1.799041e+000 1.343120e+003
         vertex 1.078000e+003 2.090392e+000 1.343451e+003
         vertex 1.078000e+003 1.799041e+000 1.343120e+003
      endloop
   endfacet
   facet normal 0.000000e+000 -6.500320e-001 7.599069e-001
      outer loop
         vertex 1.088000e+003 1.799041e+000 1.343120e+003
         vertex 1.078000e+003 1.799041e+000 1.343120e+003
         vertex 1.088000e+003 1.455934e+000 1.342843e+003
      endloop
   endfacet
   facet normal 0.000000e+000 -6.059027e-001 7.955388e-001
      outer loop
         vertex 1.088000e+003 1.455934e+000 1.342843e+003
         vertex 1.078000e+003 1.799041e+000 1.343120e+003
         vertex 1.078000e+003 1.455934e+000 1.342843e+003
      endloop
   endfacet
   facet normal 0.000000e+000 -5.122570e-001 8.588322e-001
      outer loop
         vertex 1.088000e+003 1.455934e+000 1.342843e+003
         vertex 1.078000e+003 1.455934e+000 1.342843e+003
         vertex 1.088000e+003 1.070943e+000 1.342628e+003
      endloop
   endfacet
   facet normal 0.000000e+000 -4.627406e-001 8.864937e-001
      outer loop
         vertex 1.088000e+003 1.070943e+000 1.342628e+003
         vertex 1.078000e+003 1.455934e+000 1.342843e+003
         vertex 1.078000e+003 1.070943e+000 1.342628e+003
      endloop
   endfacet
   facet normal 0.000000e+000 -3.597453e-001 9.330506e-001
      outer loop
         vertex 1.088000e+003 1.070943e+000 1.342628e+003
         vertex 1.078000e+003 1.070943e+000 1.342628e+003
         vertex 1.088000e+003 6.551429e-001 1.342481e+003
      endloop
   endfacet
   facet normal 0.000000e+000 -3.062663e-001 9.519458e-001
      outer loop
         vertex 1.088000e+003 6.551429e-001 1.342481e+003
         vertex 1.078000e+003 1.070943e+000 1.342628e+003
         vertex 1.078000e+003 6.551429e-001 1.342481e+003
      endloop
   endfacet
   facet normal 0.000000e+000 -1.968844e-001 9.804267e-001
      outer loop
         vertex 1.088000e+003 6.551429e-001 1.342481e+003
         vertex 1.078000e+003 6.551429e-001 1.342481e+003
         vertex 1.088000e+003 2.204953e-001 1.342406e+003
      endloop
   endfacet
   facet normal 0.000000e+000 -1.409813e-001 9.900123e-001
      outer loop
         vertex 1.088000e+003 2.204953e-001 1.342406e+003
         vertex 1.078000e+003 6.551429e-001 1.342481e+003
         vertex 1.078000e+003 2.204953e-001 1.342406e+003
      endloop
   endfacet
   facet normal 0.000000e+000 -2.835944e-002 9.995977e-001
      outer loop
         vertex 1.088000e+003 2.204953e-001 1.342406e+003
         vertex 1.078000e+003 2.204953e-001 1.342406e+003
         vertex 1.088000e+003 -2.204955e-001 1.342406e+003
      endloop
   endfacet
   facet normal 0.000000e+000 2.835944e-002 9.995977e-001
      outer loop
         vertex 1.088000e+003 -2.204955e-001 1.342406e+003
         vertex 1.078000e+003 2.204953e-001 1.342406e+003
         vertex 1.078000e+003 -2.204955e-001 1.342406e+003
      endloop
   endfacet
   facet normal 0.000000e+000 1.409813e-001 9.900123e-001
      outer loop
         vertex 1.088000e+003 -2.204955e-001 1.342406e+003
         vertex 1.078000e+003 -2.204955e-001 1.342406e+003
         vertex 1.088000e+003 -6.551431e-001 1.342481e+003
      endloop
   endfacet
   facet normal 0.000000e+000 1.968844e-001 9.804267e-001
      outer loop
         vertex 1.088000e+003 -6.551431e-001 1.342481e+003
         vertex 1.078000e+003 -2.204955e-001 1.342406e+003
         vertex 1.078000e+003 -6.551431e-001 1.342481e+003
      endloop
   endfacet
   facet normal 0.000000e+000 3.062663e-001 9.519458e-001
      outer loop
         vertex 1.088000e+003 -6.551431e-001 1.342481e+003
         vertex 1.078000e+003 -6.551431e-001 1.342481e+003
         vertex 1.088000e+003 -1.070943e+000 1.342628e+003
      endloop
   endfacet
   facet normal 0.000000e+000 3.597453e-001 9.330506e-001
      outer loop
         vertex 1.088000e+003 -1.070943e+000 1.342628e+003
         vertex 1.078000e+003 -6.551431e-001 1.342481e+003
         vertex 1.078000e+003 -1.070943e+000 1.342628e+003
      endloop
   endfacet
   facet normal 0.000000e+000 4.627406e-001 8.864937e-001
      outer loop
         vertex 1.088000e+003 -1.070943e+000 1.342628e+003
         vertex 1.078000e+003 -1.070943e+000 1.342628e+003
         vertex 1.088000e+003 -1.455935e+000 1.342843e+003
      endloop
   endfacet
   facet normal 0.000000e+000 5.122570e-001 8.588322e-001
      outer loop
         vertex 1.088000e+003 -1.455935e+000 1.342843e+003
         vertex 1.078000e+003 -1.070943e+000 1.342628e+003
         vertex 1.078000e+003 -1.455935e+000 1.342843e+003
      endloop
   endfacet
   facet normal 0.000000e+000 6.059027e-001 7.955388e-001
      outer loop
         vertex 1.088000e+003 -1.455935e+000 1.342843e+003
         vertex 1.078000e+003 -1.455935e+000 1.342843e+003
         vertex 1.088000e+003 -1.799041e+000 1.343120e+003
      endloop
   endfacet
   facet normal 0.000000e+000 6.500320e-001 7.599069e-001
      outer loop
         vertex 1.088000e+003 -1.799041e+000 1.343120e+003
         vertex 1.078000e+003 -1.455935e+000 1.342843e+003
         vertex 1.078000e+003 -1.799041e+000 1.343120e+003
      endloop
   endfacet
   facet normal 0.000000e+000 7.316340e-001 6.816977e-001
      outer loop
         vertex 1.088000e+003 -1.799041e+000 1.343120e+003
         vertex 1.078000e+003 -1.799041e+000 1.343120e+003
         vertex 1.088000e+003 -2.090393e+000 1.343451e+003
      endloop
   endfacet
   facet normal 0.000000e+000 7.691067e-001 6.391203e-001
      outer loop
         vertex 1.088000e+003 -2.090393e+000 1.343451e+003
         vertex 1.078000e+003 -1.799041e+000 1.343120e+003
         vertex 1.078000e+003 -2.090393e+000 1.343451e+003
      endloop
   endfacet
   facet normal 0.000000e+000 8.363176e-001 5.482453e-001
      outer loop
         vertex 1.088000e+003 -2.090393e+000 1.343451e+003
         vertex 1.078000e+003 -2.090393e+000 1.343451e+003
         vertex 1.088000e+003 -2.321607e+000 1.343826e+003
      endloop
   endfacet
   facet normal 0.000000e+000 8.660557e-001 4.999475e-001
      outer loop
         vertex 1.088000e+003 -2.321607e+000 1.343826e+003
         vertex 1.078000e+003 -2.090393e+000 1.343451e+003
         vertex 1.078000e+003 -2.321607e+000 1.343826e+003
      endloop
   endfacet
   facet normal 0.000000e+000 9.169418e-001 3.990209e-001
      outer loop
         vertex 1.088000e+003 -2.321607e+000 1.343826e+003
         vertex 1.078000e+003 -2.321607e+000 1.343826e+003
         vertex 1.088000e+003 -2.486034e+000 1.344236e+003
      endloop
   endfacet
   facet normal 0.000000e+000 9.380898e-001 3.463921e-001
      outer loop
         vertex 1.088000e+003 -2.486034e+000 1.344236e+003
         vertex 1.078000e+003 -2.321607e+000 1.343826e+003
         vertex 1.078000e+003 -2.486034e+000 1.344236e+003
      endloop
   endfacet
   facet normal 0.000000e+000 9.711873e-001 2.383175e-001
      outer loop
         vertex 1.088000e+003 -2.486034e+000 1.344236e+003
         vertex 1.078000e+003 -2.486034e+000 1.344236e+003
         vertex 1.088000e+003 -2.578941e+000 1.344667e+003
      endloop
   endfacet
   facet normal 0.000000e+000 9.831368e-001 1.828716e-001
      outer loop
         vertex 1.088000e+003 -2.578941e+000 1.344667e+003
         vertex 1.078000e+003 -2.486034e+000 1.344236e+003
         vertex 1.078000e+003 -2.578941e+000 1.344667e+003
      endloop
   endfacet
   facet normal 0.000000e+000 9.974935e-001 7.075802e-002
      outer loop
         vertex 1.088000e+003 -2.578941e+000 1.344667e+003
         vertex 1.078000e+003 -2.578941e+000 1.344667e+003
         vertex 1.088000e+003 -2.597657e+000 1.345107e+003
      endloop
   endfacet
   facet normal 0.000000e+000 9.999007e-001 1.409025e-002
      outer loop
         vertex 1.088000e+003 -2.597657e+000 1.345107e+003
         vertex 1.078000e+003 -2.578941e+000 1.344667e+003
         vertex 1.078000e+003 -2.597657e+000 1.345107e+003
      endloop
   endfacet
   facet normal 0.000000e+000 9.951036e-001 -9.883699e-002
      outer loop
         vertex 1.088000e+003 -2.597657e+000 1.345107e+003
         vertex 1.078000e+003 -2.597657e+000 1.345107e+003
         vertex 1.088000e+003 -2.541644e+000 1.345545e+003
      endloop
   endfacet
   facet normal 0.000000e+000 9.878993e-001 -1.550965e-001
      outer loop
         vertex 1.088000e+003 -2.541644e+000 1.345545e+003
         vertex 1.078000e+003 -2.597657e+000 1.345107e+003
         vertex 1.078000e+003 -2.541644e+000 1.345545e+003
      endloop
   endfacet
   facet normal 0.000000e+000 9.640865e-001 -2.655886e-001
      outer loop
         vertex 1.088000e+003 -2.541644e+000 1.345545e+003
         vertex 1.078000e+003 -2.541644e+000 1.345545e+003
         vertex 1.088000e+003 -2.412512e+000 1.345966e+003
      endloop
   endfacet
   facet normal 0.000000e+000 9.474779e-001 -3.198213e-001
      outer loop
         vertex 1.088000e+003 -2.412512e+000 1.345966e+003
         vertex 1.078000e+003 -2.541644e+000 1.345545e+003
         vertex 1.078000e+003 -2.412512e+000 1.345966e+003
      endloop
   endfacet
   facet normal 0.000000e+000 9.053342e-001 -4.246998e-001
      outer loop
         vertex 1.088000e+003 -2.412512e+000 1.345966e+003
         vertex 1.078000e+003 -2.412512e+000 1.345966e+003
         vertex 1.088000e+003 -2.213976e+000 1.346360e+003
      endloop
   endfacet
   facet normal 0.000000e+000 8.797992e-001 -4.753455e-001
      outer loop
         vertex 1.088000e+003 -2.213976e+000 1.346360e+003
         vertex 1.078000e+003 -2.412512e+000 1.345966e+003
         vertex 1.078000e+003 -2.213976e+000 1.346360e+003
      endloop
   endfacet
   facet normal 0.000000e+000 8.205372e-001 -5.715931e-001
      outer loop
         vertex 1.088000e+003 -2.213976e+000 1.346360e+003
         vertex 1.078000e+003 -2.213976e+000 1.346360e+003
         vertex 1.088000e+003 -1.951748e+000 1.346715e+003
      endloop
   endfacet
   facet normal 0.000000e+000 7.868103e-001 -6.171949e-001
      outer loop
         vertex 1.088000e+003 -1.951748e+000 1.346715e+003
         vertex 1.078000e+003 -2.213976e+000 1.346360e+003
         vertex 1.078000e+003 -1.951748e+000 1.346715e+003
      endloop
   endfacet
   facet normal 0.000000e+000 7.121348e-001 -7.020428e-001
      outer loop
         vertex 1.088000e+003 -1.951748e+000 1.346715e+003
         vertex 1.078000e+003 -1.951748e+000 1.346715e+003
         vertex 1.088000e+003 -1.633372e+000 1.347020e+003
      endloop
   endfacet
   facet normal 0.000000e+000 6.711863e-001 -7.412888e-001
      outer loop
         vertex 1.088000e+003 -1.633372e+000 1.347020e+003
         vertex 1.078000e+003 -1.951748e+000 1.346715e+003
         vertex 1.078000e+003 -1.633372e+000 1.347020e+003
      endloop
   endfacet
   facet normal 0.000000e+000 5.832456e-001 -8.122959e-001
      outer loop
         vertex 1.088000e+003 -1.633372e+000 1.347020e+003
         vertex 1.078000e+003 -1.633372e+000 1.347020e+003
         vertex 1.088000e+003 -1.268007e+000 1.347267e+003
      endloop
   endfacet
   facet normal 0.000000e+000 5.362535e-001 -8.440570e-001
      outer loop
         vertex 1.088000e+003 -1.268007e+000 1.347267e+003
         vertex 1.078000e+003 -1.633372e+000 1.347020e+003
         vertex 1.078000e+003 -1.268007e+000 1.347267e+003
      endloop
   endfacet
   facet normal 0.000000e+000 4.375775e-001 -8.991807e-001
      outer loop
         vertex 1.088000e+003 -1.268007e+000 1.347267e+003
         vertex 1.078000e+003 -1.268007e+000 1.347267e+003
         vertex 1.088000e+003 -8.661635e-001 1.347448e+003
      endloop
   endfacet
   facet normal 0.000000e+000 3.858936e-001 -9.225433e-001
      outer loop
         vertex 1.088000e+003 -8.661635e-001 1.347448e+003
         vertex 1.078000e+003 -1.268007e+000 1.347267e+003
         vertex 1.078000e+003 -8.661635e-001 1.347448e+003
      endloop
   endfacet
   facet normal 0.000000e+000 2.793211e-001 -9.601977e-001
      outer loop
         vertex 1.088000e+003 -8.661635e-001 1.347448e+003
         vertex 1.078000e+003 -8.661635e-001 1.347448e+003
         vertex 1.088000e+003 -4.394022e-001 1.347559e+003
      endloop
   endfacet
   facet normal 0.000000e+000 2.244324e-001 -9.744897e-001
      outer loop
         vertex 1.088000e+003 -4.394022e-001 1.347559e+003
         vertex 1.078000e+003 -8.661635e-001 1.347448e+003
         vertex 1.078000e+003 -4.394022e-001 1.347559e+003
      endloop
   endfacet
   facet normal 0.000000e+000 1.130291e-001 -9.935917e-001
      outer loop
         vertex 1.088000e+003 -4.394022e-001 1.347559e+003
         vertex 1.078000e+003 -4.394022e-001 1.347559e+003
         vertex 1.088000e+003 -8.129430e-008 1.347597e+003
      endloop
   endfacet
   facet normal 0.000000e+000 5.651454e-002 -9.984018e-001
      outer loop
         vertex 1.088000e+003 -8.129430e-008 1.347597e+003
         vertex 1.078000e+003 -4.394022e-001 1.347559e+003
         vertex 1.078000e+003 -8.129430e-008 1.347597e+003
      endloop
   endfacet
   facet normal 0.000000e+000 -9.917826e-001 -1.279346e-001
      outer loop
         vertex 1.078000e+003 2.027533e+001 1.337785e+003
         vertex 1.088000e+003 2.024641e+001 1.338011e+003
         vertex 1.078000e+003 2.021931e+001 1.338222e+003
      endloop
   endfacet
   facet normal 0.000000e+000 -9.829554e-001 -1.838444e-001
      outer loop
         vertex 1.078000e+003 2.021931e+001 1.338222e+003
         vertex 1.088000e+003 2.024641e+001 1.338011e+003
         vertex 1.088000e+003 2.021931e+001 1.338222e+003
      endloop
   endfacet
   facet normal 0.000000e+000 -9.640865e-001 -2.655886e-001
      outer loop
         vertex 1.078000e+003 2.021931e+001 1.338222e+003
         vertex 1.088000e+003 2.021931e+001 1.338222e+003
         vertex 1.078000e+003 2.009018e+001 1.338644e+003
      endloop
   endfacet
   facet normal 0.000000e+000 -9.474779e-001 -3.198213e-001
      outer loop
         vertex 1.078000e+003 2.009018e+001 1.338644e+003
         vertex 1.088000e+003 2.021931e+001 1.338222e+003
         vertex 1.088000e+003 2.009018e+001 1.338644e+003
      endloop
   endfacet
   facet normal 0.000000e+000 -9.053342e-001 -4.246998e-001
      outer loop
         vertex 1.078000e+003 2.009018e+001 1.338644e+003
         vertex 1.088000e+003 2.009018e+001 1.338644e+003
         vertex 1.078000e+003 1.989165e+001 1.339038e+003
      endloop
   endfacet
   facet normal 0.000000e+000 -8.797992e-001 -4.753455e-001
      outer loop
         vertex 1.078000e+003 1.989165e+001 1.339038e+003
         vertex 1.088000e+003 2.009018e+001 1.338644e+003
         vertex 1.088000e+003 1.989165e+001 1.339038e+003
      endloop
   endfacet
   facet normal 0.000000e+000 -8.205372e-001 -5.715931e-001
      outer loop
         vertex 1.078000e+003 1.989165e+001 1.339038e+003
         vertex 1.088000e+003 1.989165e+001 1.339038e+003
         vertex 1.078000e+003 1.962942e+001 1.339392e+003
      endloop
   endfacet
   facet normal 0.000000e+000 -7.868103e-001 -6.171949e-001
      outer loop
         vertex 1.078000e+003 1.962942e+001 1.339392e+003
         vertex 1.088000e+003 1.989165e+001 1.339038e+003
         vertex 1.088000e+003 1.962942e+001 1.339392e+003
      endloop
   endfacet
   facet normal 0.000000e+000 -7.121348e-001 -7.020428e-001
      outer loop
         vertex 1.078000e+003 1.962942e+001 1.339392e+003
         vertex 1.088000e+003 1.962942e+001 1.339392e+003
         vertex 1.078000e+003 1.931104e+001 1.339698e+003
      endloop
   endfacet
   facet normal 0.000000e+000 -6.711863e-001 -7.412888e-001
      outer loop
         vertex 1.078000e+003 1.931104e+001 1.339698e+003
         vertex 1.088000e+003 1.962942e+001 1.339392e+003
         vertex 1.088000e+003 1.931104e+001 1.339698e+003
      endloop
   endfacet
   facet normal 0.000000e+000 -5.832456e-001 -8.122959e-001
      outer loop
         vertex 1.078000e+003 1.931104e+001 1.339698e+003
         vertex 1.088000e+003 1.931104e+001 1.339698e+003
         vertex 1.078000e+003 1.894568e+001 1.339944e+003
      endloop
   endfacet
   facet normal 0.000000e+000 -5.362535e-001 -8.440570e-001
      outer loop
         vertex 1.078000e+003 1.894568e+001 1.339944e+003
         vertex 1.088000e+003 1.931104e+001 1.339698e+003
         vertex 1.088000e+003 1.894568e+001 1.339944e+003
      endloop
   endfacet
   facet normal 0.000000e+000 -4.375775e-001 -8.991807e-001
      outer loop
         vertex 1.078000e+003 1.894568e+001 1.339944e+003
         vertex 1.088000e+003 1.894568e+001 1.339944e+003
         vertex 1.078000e+003 1.854383e+001 1.340126e+003
      endloop
   endfacet
   facet normal 0.000000e+000 -3.858936e-001 -9.225433e-001
      outer loop
         vertex 1.078000e+003 1.854383e+001 1.340126e+003
         vertex 1.088000e+003 1.894568e+001 1.339944e+003
         vertex 1.088000e+003 1.854383e+001 1.340126e+003
      endloop
   endfacet
   facet normal 0.000000e+000 -2.793211e-001 -9.601977e-001
      outer loop
         vertex 1.078000e+003 1.854383e+001 1.340126e+003
         vertex 1.088000e+003 1.854383e+001 1.340126e+003
         vertex 1.078000e+003 1.811707e+001 1.340237e+003
      endloop
   endfacet
   facet normal 0.000000e+000 -1.558828e-001 9.877756e-001
      outer loop
         vertex 1.078000e+003 1.789816e+001 1.335084e+003
         vertex 1.088000e+003 1.801384e+001 1.335104e+003
         vertex 1.078000e+003 1.833281e+001 1.335158e+003
      endloop
   endfacet
   facet normal 0.000000e+000 -2.115705e-001 9.773628e-001
      outer loop
         vertex 1.078000e+003 1.833281e+001 1.335158e+003
         vertex 1.088000e+003 1.801384e+001 1.335104e+003
         vertex 1.088000e+003 1.833281e+001 1.335158e+003
      endloop
   endfacet
   facet normal 0.000000e+000 -3.062663e-001 9.519458e-001
      outer loop
         vertex 1.078000e+003 1.833281e+001 1.335158e+003
         vertex 1.088000e+003 1.833281e+001 1.335158e+003
         vertex 1.078000e+003 1.874861e+001 1.335305e+003
      endloop
   endfacet
   facet normal 0.000000e+000 -3.597453e-001 9.330506e-001
      outer loop
         vertex 1.078000e+003 1.874861e+001 1.335305e+003
         vertex 1.088000e+003 1.833281e+001 1.335158e+003
         vertex 1.088000e+003 1.874861e+001 1.335305e+003
      endloop
   endfacet
   facet normal 0.000000e+000 -4.627406e-001 8.864937e-001
      outer loop
         vertex 1.078000e+003 1.874861e+001 1.335305e+003
         vertex 1.088000e+003 1.874861e+001 1.335305e+003
         vertex 1.078000e+003 1.913360e+001 1.335520e+003
      endloop
   endfacet
   facet normal 0.000000e+000 -5.122570e-001 8.588322e-001
      outer loop
         vertex 1.078000e+003 1.913360e+001 1.335520e+003
         vertex 1.088000e+003 1.874861e+001 1.335305e+003
         vertex 1.088000e+003 1.913360e+001 1.335520e+003
      endloop
   endfacet
   facet normal 0.000000e+000 -6.059027e-001 7.955388e-001
      outer loop
         vertex 1.078000e+003 1.913360e+001 1.335520e+003
         vertex 1.088000e+003 1.913360e+001 1.335520e+003
         vertex 1.078000e+003 1.947671e+001 1.335797e+003
      endloop
   endfacet
   facet normal 0.000000e+000 -6.500320e-001 7.599069e-001
      outer loop
         vertex 1.078000e+003 1.947671e+001 1.335797e+003
         vertex 1.088000e+003 1.913360e+001 1.335520e+003
         vertex 1.088000e+003 1.947671e+001 1.335797e+003
      endloop
   endfacet
   facet normal 0.000000e+000 -7.316340e-001 6.816977e-001
      outer loop
         vertex 1.078000e+003 1.947671e+001 1.335797e+003
         vertex 1.088000e+003 1.947671e+001 1.335797e+003
         vertex 1.078000e+003 1.976806e+001 1.336128e+003
      endloop
   endfacet
   facet normal 0.000000e+000 -7.691067e-001 6.391203e-001
      outer loop
         vertex 1.078000e+003 1.976806e+001 1.336128e+003
         vertex 1.088000e+003 1.947671e+001 1.335797e+003
         vertex 1.088000e+003 1.976806e+001 1.336128e+003
      endloop
   endfacet
   facet normal 0.000000e+000 -8.363176e-001 5.482453e-001
      outer loop
         vertex 1.078000e+003 1.976806e+001 1.336128e+003
         vertex 1.088000e+003 1.976806e+001 1.336128e+003
         vertex 1.078000e+003 1.999928e+001 1.336504e+003
      endloop
   endfacet
   facet normal 0.000000e+000 -8.660557e-001 4.999475e-001
      outer loop
         vertex 1.078000e+003 1.999928e+001 1.336504e+003
         vertex 1.088000e+003 1.976806e+001 1.336128e+003
         vertex 1.088000e+003 1.999928e+001 1.336504e+003
      endloop
   endfacet
   facet normal 0.000000e+000 -9.169418e-001 3.990209e-001
      outer loop
         vertex 1.078000e+003 1.999928e+001 1.336504e+003
         vertex 1.088000e+003 1.999928e+001 1.336504e+003
         vertex 1.078000e+003 2.016370e+001 1.336913e+003
      endloop
   endfacet
   facet normal 0.000000e+000 -9.380898e-001 3.463921e-001
      outer loop
         vertex 1.078000e+003 2.016370e+001 1.336913e+003
         vertex 1.088000e+003 1.999928e+001 1.336504e+003
         vertex 1.088000e+003 2.016370e+001 1.336913e+003
      endloop
   endfacet
   facet normal 0.000000e+000 -9.711873e-001 2.383175e-001
      outer loop
         vertex 1.078000e+003 2.016370e+001 1.336913e+003
         vertex 1.088000e+003 2.016370e+001 1.336913e+003
         vertex 1.078000e+003 2.025661e+001 1.337344e+003
      endloop
   endfacet
   facet normal 0.000000e+000 -9.831368e-001 1.828716e-001
      outer loop
         vertex 1.078000e+003 2.025661e+001 1.337344e+003
         vertex 1.088000e+003 2.016370e+001 1.336913e+003
         vertex 1.088000e+003 2.025661e+001 1.337344e+003
      endloop
   endfacet
   facet normal 0.000000e+000 -9.974935e-001 7.075802e-002
      outer loop
         vertex 1.078000e+003 2.025661e+001 1.337344e+003
         vertex 1.088000e+003 2.025661e+001 1.337344e+003
         vertex 1.078000e+003 2.027533e+001 1.337785e+003
      endloop
   endfacet
   facet normal 0.000000e+000 -9.999007e-001 1.409025e-002
      outer loop
         vertex 1.078000e+003 2.027533e+001 1.337785e+003
         vertex 1.088000e+003 2.025661e+001 1.337344e+003
         vertex 1.088000e+003 2.027533e+001 1.337785e+003
      endloop
   endfacet
   facet normal 0.000000e+000 -9.974328e-001 -7.160905e-002
      outer loop
         vertex 1.078000e+003 2.027533e+001 1.337785e+003
         vertex 1.088000e+003 2.027533e+001 1.337785e+003
         vertex 1.088000e+003 2.024641e+001 1.338011e+003
      endloop
   endfacet
   facet normal 0.000000e+000 9.917826e-001 -1.279346e-001
      outer loop
         vertex 1.078000e+003 1.513603e+001 1.338222e+003
         vertex 1.088000e+003 1.510893e+001 1.338011e+003
         vertex 1.078000e+003 1.508001e+001 1.337785e+003
      endloop
   endfacet
   facet normal 0.000000e+000 9.974328e-001 -7.160905e-002
      outer loop
         vertex 1.078000e+003 1.508001e+001 1.337785e+003
         vertex 1.088000e+003 1.510893e+001 1.338011e+003
         vertex 1.088000e+003 1.508001e+001 1.337785e+003
      endloop
   endfacet
   facet normal 0.000000e+000 9.999007e-001 1.409025e-002
      outer loop
         vertex 1.078000e+003 1.508001e+001 1.337785e+003
         vertex 1.088000e+003 1.508001e+001 1.337785e+003
         vertex 1.078000e+003 1.509873e+001 1.337344e+003
      endloop
   endfacet
   facet normal 0.000000e+000 9.974935e-001 7.075802e-002
      outer loop
         vertex 1.078000e+003 1.509873e+001 1.337344e+003
         vertex 1.088000e+003 1.508001e+001 1.337785e+003
         vertex 1.088000e+003 1.509873e+001 1.337344e+003
      endloop
   endfacet
   facet normal 0.000000e+000 9.831368e-001 1.828716e-001
      outer loop
         vertex 1.078000e+003 1.509873e+001 1.337344e+003
         vertex 1.088000e+003 1.509873e+001 1.337344e+003
         vertex 1.078000e+003 1.519164e+001 1.336913e+003
      endloop
   endfacet
   facet normal 0.000000e+000 9.711873e-001 2.383175e-001
      outer loop
         vertex 1.078000e+003 1.519164e+001 1.336913e+003
         vertex 1.088000e+003 1.509873e+001 1.337344e+003
         vertex 1.088000e+003 1.519164e+001 1.336913e+003
      endloop
   endfacet
   facet normal 0.000000e+000 9.380898e-001 3.463921e-001
      outer loop
         vertex 1.078000e+003 1.519164e+001 1.336913e+003
         vertex 1.088000e+003 1.519164e+001 1.336913e+003
         vertex 1.078000e+003 1.535606e+001 1.336504e+003
      endloop
   endfacet
   facet normal 0.000000e+000 9.169418e-001 3.990209e-001
      outer loop
         vertex 1.078000e+003 1.535606e+001 1.336504e+003
         vertex 1.088000e+003 1.519164e+001 1.336913e+003
         vertex 1.088000e+003 1.535606e+001 1.336504e+003
      endloop
   endfacet
   facet normal 0.000000e+000 8.660557e-001 4.999475e-001
      outer loop
         vertex 1.078000e+003 1.535606e+001 1.336504e+003
         vertex 1.088000e+003 1.535606e+001 1.336504e+003
         vertex 1.078000e+003 1.558728e+001 1.336128e+003
      endloop
   endfacet
   facet normal 0.000000e+000 8.363176e-001 5.482453e-001
      outer loop
         vertex 1.078000e+003 1.558728e+001 1.336128e+003
         vertex 1.088000e+003 1.535606e+001 1.336504e+003
         vertex 1.088000e+003 1.558728e+001 1.336128e+003
      endloop
   endfacet
   facet normal 0.000000e+000 7.691067e-001 6.391203e-001
      outer loop
         vertex 1.078000e+003 1.558728e+001 1.336128e+003
         vertex 1.088000e+003 1.558728e+001 1.336128e+003
         vertex 1.078000e+003 1.587863e+001 1.335797e+003
      endloop
   endfacet
   facet normal 0.000000e+000 7.316340e-001 6.816977e-001
      outer loop
         vertex 1.078000e+003 1.587863e+001 1.335797e+003
         vertex 1.088000e+003 1.558728e+001 1.336128e+003
         vertex 1.088000e+003 1.587863e+001 1.335797e+003
      endloop
   endfacet
   facet normal 0.000000e+000 6.500320e-001 7.599069e-001
      outer loop
         vertex 1.078000e+003 1.587863e+001 1.335797e+003
         vertex 1.088000e+003 1.587863e+001 1.335797e+003
         vertex 1.078000e+003 1.622174e+001 1.335520e+003
      endloop
   endfacet
   facet normal 0.000000e+000 6.059027e-001 7.955388e-001
      outer loop
         vertex 1.078000e+003 1.622174e+001 1.335520e+003
         vertex 1.088000e+003 1.587863e+001 1.335797e+003
         vertex 1.088000e+003 1.622174e+001 1.335520e+003
      endloop
   endfacet
   facet normal 0.000000e+000 5.122570e-001 8.588322e-001
      outer loop
         vertex 1.078000e+003 1.622174e+001 1.335520e+003
         vertex 1.088000e+003 1.622174e+001 1.335520e+003
         vertex 1.078000e+003 1.660673e+001 1.335305e+003
      endloop
   endfacet
   facet normal 0.000000e+000 4.627406e-001 8.864937e-001
      outer loop
         vertex 1.078000e+003 1.660673e+001 1.335305e+003
         vertex 1.088000e+003 1.622174e+001 1.335520e+003
         vertex 1.088000e+003 1.660673e+001 1.335305e+003
      endloop
   endfacet
   facet normal 0.000000e+000 3.597453e-001 9.330506e-001
      outer loop
         vertex 1.078000e+003 1.660673e+001 1.335305e+003
         vertex 1.088000e+003 1.660673e+001 1.335305e+003
         vertex 1.078000e+003 1.702253e+001 1.335158e+003
      endloop
   endfacet
   facet normal 0.000000e+000 3.062663e-001 9.519458e-001
      outer loop
         vertex 1.078000e+003 1.702253e+001 1.335158e+003
         vertex 1.088000e+003 1.660673e+001 1.335305e+003
         vertex 1.088000e+003 1.702253e+001 1.335158e+003
      endloop
   endfacet
   facet normal 0.000000e+000 1.968844e-001 9.804267e-001
      outer loop
         vertex 1.078000e+003 1.702253e+001 1.335158e+003
         vertex 1.088000e+003 1.702253e+001 1.335158e+003
         vertex 1.078000e+003 1.745717e+001 1.335084e+003
      endloop
   endfacet
   facet normal 0.000000e+000 1.409813e-001 9.900123e-001
      outer loop
         vertex 1.078000e+003 1.745717e+001 1.335084e+003
         vertex 1.088000e+003 1.702253e+001 1.335158e+003
         vertex 1.088000e+003 1.745717e+001 1.335084e+003
      endloop
   endfacet
   facet normal 0.000000e+000 2.835944e-002 9.995977e-001
      outer loop
         vertex 1.078000e+003 1.745717e+001 1.335084e+003
         vertex 1.088000e+003 1.745717e+001 1.335084e+003
         vertex 1.078000e+003 1.789816e+001 1.335084e+003
      endloop
   endfacet
   facet normal 0.000000e+000 -2.835944e-002 9.995977e-001
      outer loop
         vertex 1.078000e+003 1.789816e+001 1.335084e+003
         vertex 1.088000e+003 1.745717e+001 1.335084e+003
         vertex 1.088000e+003 1.789816e+001 1.335084e+003
      endloop
   endfacet
   facet normal 0.000000e+000 -9.977955e-002 9.950095e-001
      outer loop
         vertex 1.078000e+003 1.789816e+001 1.335084e+003
         vertex 1.088000e+003 1.789816e+001 1.335084e+003
         vertex 1.088000e+003 1.801384e+001 1.335104e+003
      endloop
   endfacet
   facet normal 0.000000e+000 -2.244324e-001 -9.744897e-001
      outer loop
         vertex 1.088000e+003 1.854383e+001 1.340126e+003
         vertex 1.088000e+003 1.811707e+001 1.340237e+003
         vertex 1.078000e+003 1.811707e+001 1.340237e+003
      endloop
   endfacet
   facet normal 0.000000e+000 -1.559047e-001 -9.877721e-001
      outer loop
         vertex 1.078000e+003 1.811707e+001 1.340237e+003
         vertex 1.088000e+003 1.811707e+001 1.340237e+003
         vertex 1.088000e+003 1.801384e+001 1.340246e+003
      endloop
   endfacet
   facet normal 0.000000e+000 -9.980579e-002 -9.950069e-001
      outer loop
         vertex 1.078000e+003 1.811707e+001 1.340237e+003
         vertex 1.088000e+003 1.801384e+001 1.340246e+003
         vertex 1.078000e+003 1.767767e+001 1.340275e+003
      endloop
   endfacet
   facet normal 0.000000e+000 -4.329122e-002 -9.990625e-001
      outer loop
         vertex 1.078000e+003 1.767767e+001 1.340275e+003
         vertex 1.088000e+003 1.801384e+001 1.340246e+003
         vertex 1.088000e+003 1.767767e+001 1.340275e+003
      endloop
   endfacet
   facet normal 0.000000e+000 5.651454e-002 -9.984018e-001
      outer loop
         vertex 1.078000e+003 1.767767e+001 1.340275e+003
         vertex 1.088000e+003 1.767767e+001 1.340275e+003
         vertex 1.078000e+003 1.723827e+001 1.340237e+003
      endloop
   endfacet
   facet normal 0.000000e+000 1.130291e-001 -9.935917e-001
      outer loop
         vertex 1.078000e+003 1.723827e+001 1.340237e+003
         vertex 1.088000e+003 1.767767e+001 1.340275e+003
         vertex 1.088000e+003 1.723827e+001 1.340237e+003
      endloop
   endfacet
   facet normal 0.000000e+000 2.244324e-001 -9.744897e-001
      outer loop
         vertex 1.078000e+003 1.723827e+001 1.340237e+003
         vertex 1.088000e+003 1.723827e+001 1.340237e+003
         vertex 1.078000e+003 1.681151e+001 1.340126e+003
      endloop
   endfacet
   facet normal 0.000000e+000 2.793211e-001 -9.601977e-001
      outer loop
         vertex 1.078000e+003 1.681151e+001 1.340126e+003
         vertex 1.088000e+003 1.723827e+001 1.340237e+003
         vertex 1.088000e+003 1.681151e+001 1.340126e+003
      endloop
   endfacet
   facet normal 0.000000e+000 3.858936e-001 -9.225433e-001
      outer loop
         vertex 1.078000e+003 1.681151e+001 1.340126e+003
         vertex 1.088000e+003 1.681151e+001 1.340126e+003
         vertex 1.078000e+003 1.640966e+001 1.339944e+003
      endloop
   endfacet
   facet normal 0.000000e+000 4.375775e-001 -8.991807e-001
      outer loop
         vertex 1.078000e+003 1.640966e+001 1.339944e+003
         vertex 1.088000e+003 1.681151e+001 1.340126e+003
         vertex 1.088000e+003 1.640966e+001 1.339944e+003
      endloop
   endfacet
   facet normal 0.000000e+000 5.362535e-001 -8.440570e-001
      outer loop
         vertex 1.078000e+003 1.640966e+001 1.339944e+003
         vertex 1.088000e+003 1.640966e+001 1.339944e+003
         vertex 1.078000e+003 1.604430e+001 1.339698e+003
      endloop
   endfacet
   facet normal 0.000000e+000 5.832456e-001 -8.122959e-001
      outer loop
         vertex 1.078000e+003 1.604430e+001 1.339698e+003
         vertex 1.088000e+003 1.640966e+001 1.339944e+003
         vertex 1.088000e+003 1.604430e+001 1.339698e+003
      endloop
   endfacet
   facet normal 0.000000e+000 6.711863e-001 -7.412888e-001
      outer loop
         vertex 1.078000e+003 1.604430e+001 1.339698e+003
         vertex 1.088000e+003 1.604430e+001 1.339698e+003
         vertex 1.078000e+003 1.572592e+001 1.339392e+003
      endloop
   endfacet
   facet normal 0.000000e+000 7.121348e-001 -7.020428e-001
      outer loop
         vertex 1.078000e+003 1.572592e+001 1.339392e+003
         vertex 1.088000e+003 1.604430e+001 1.339698e+003
         vertex 1.088000e+003 1.572592e+001 1.339392e+003
      endloop
   endfacet
   facet normal 0.000000e+000 7.868103e-001 -6.171949e-001
      outer loop
         vertex 1.078000e+003 1.572592e+001 1.339392e+003
         vertex 1.088000e+003 1.572592e+001 1.339392e+003
         vertex 1.078000e+003 1.546369e+001 1.339038e+003
      endloop
   endfacet
   facet normal 0.000000e+000 8.205372e-001 -5.715931e-001
      outer loop
         vertex 1.078000e+003 1.546369e+001 1.339038e+003
         vertex 1.088000e+003 1.572592e+001 1.339392e+003
         vertex 1.088000e+003 1.546369e+001 1.339038e+003
      endloop
   endfacet
   facet normal 0.000000e+000 8.797992e-001 -4.753455e-001
      outer loop
         vertex 1.078000e+003 1.546369e+001 1.339038e+003
         vertex 1.088000e+003 1.546369e+001 1.339038e+003
         vertex 1.078000e+003 1.526516e+001 1.338644e+003
      endloop
   endfacet
   facet normal 0.000000e+000 9.053342e-001 -4.246998e-001
      outer loop
         vertex 1.078000e+003 1.526516e+001 1.338644e+003
         vertex 1.088000e+003 1.546369e+001 1.339038e+003
         vertex 1.088000e+003 1.526516e+001 1.338644e+003
      endloop
   endfacet
   facet normal 0.000000e+000 9.474779e-001 -3.198213e-001
      outer loop
         vertex 1.078000e+003 1.526516e+001 1.338644e+003
         vertex 1.088000e+003 1.526516e+001 1.338644e+003
         vertex 1.078000e+003 1.513603e+001 1.338222e+003
      endloop
   endfacet
   facet normal 0.000000e+000 9.640865e-001 -2.655886e-001
      outer loop
         vertex 1.078000e+003 1.513603e+001 1.338222e+003
         vertex 1.088000e+003 1.526516e+001 1.338644e+003
         vertex 1.088000e+003 1.513603e+001 1.338222e+003
      endloop
   endfacet
   facet normal 0.000000e+000 9.829554e-001 -1.838444e-001
      outer loop
         vertex 1.078000e+003 1.513603e+001 1.338222e+003
         vertex 1.088000e+003 1.513603e+001 1.338222e+003
         vertex 1.088000e+003 1.510893e+001 1.338011e+003
      endloop
   endfacet
   facet normal 0.000000e+000 -5.651454e-002 -9.984018e-001
      outer loop
         vertex 1.088000e+003 2.500000e+001 1.322597e+003
         vertex 1.078000e+003 2.500000e+001 1.322597e+003
         vertex 1.088000e+003 2.543940e+001 1.322559e+003
      endloop
   endfacet
   facet normal 0.000000e+000 -1.130291e-001 -9.935917e-001
      outer loop
         vertex 1.088000e+003 2.543940e+001 1.322559e+003
         vertex 1.078000e+003 2.500000e+001 1.322597e+003
         vertex 1.078000e+003 2.543940e+001 1.322559e+003
      endloop
   endfacet
   facet normal 0.000000e+000 -2.244324e-001 -9.744897e-001
      outer loop
         vertex 1.088000e+003 2.543940e+001 1.322559e+003
         vertex 1.078000e+003 2.543940e+001 1.322559e+003
         vertex 1.088000e+003 2.586616e+001 1.322448e+003
      endloop
   endfacet
   facet normal 0.000000e+000 -2.793211e-001 -9.601977e-001
      outer loop
         vertex 1.088000e+003 2.586616e+001 1.322448e+003
         vertex 1.078000e+003 2.543940e+001 1.322559e+003
         vertex 1.078000e+003 2.586616e+001 1.322448e+003
      endloop
   endfacet
   facet normal 0.000000e+000 -3.858936e-001 -9.225433e-001
      outer loop
         vertex 1.088000e+003 2.586616e+001 1.322448e+003
         vertex 1.078000e+003 2.586616e+001 1.322448e+003
         vertex 1.088000e+003 2.626801e+001 1.322267e+003
      endloop
   endfacet
   facet normal 0.000000e+000 -4.375775e-001 -8.991807e-001
      outer loop
         vertex 1.088000e+003 2.626801e+001 1.322267e+003
         vertex 1.078000e+003 2.586616e+001 1.322448e+003
         vertex 1.078000e+003 2.626801e+001 1.322267e+003
      endloop
   endfacet
   facet normal 0.000000e+000 -5.362535e-001 -8.440570e-001
      outer loop
         vertex 1.088000e+003 2.626801e+001 1.322267e+003
         vertex 1.078000e+003 2.626801e+001 1.322267e+003
         vertex 1.088000e+003 2.663337e+001 1.322020e+003
      endloop
   endfacet
   facet normal 0.000000e+000 -5.832456e-001 -8.122959e-001
      outer loop
         vertex 1.088000e+003 2.663337e+001 1.322020e+003
         vertex 1.078000e+003 2.626801e+001 1.322267e+003
         vertex 1.078000e+003 2.663337e+001 1.322020e+003
      endloop
   endfacet
   facet normal 0.000000e+000 -6.711863e-001 -7.412888e-001
      outer loop
         vertex 1.088000e+003 2.663337e+001 1.322020e+003
         vertex 1.078000e+003 2.663337e+001 1.322020e+003
         vertex 1.088000e+003 2.695175e+001 1.321715e+003
      endloop
   endfacet
   facet normal 0.000000e+000 -7.121348e-001 -7.020428e-001
      outer loop
         vertex 1.088000e+003 2.695175e+001 1.321715e+003
         vertex 1.078000e+003 2.663337e+001 1.322020e+003
         vertex 1.078000e+003 2.695175e+001 1.321715e+003
      endloop
   endfacet
   facet normal 0.000000e+000 -7.868103e-001 -6.171949e-001
      outer loop
         vertex 1.088000e+003 2.695175e+001 1.321715e+003
         vertex 1.078000e+003 2.695175e+001 1.321715e+003
         vertex 1.088000e+003 2.721398e+001 1.321360e+003
      endloop
   endfacet
   facet normal 0.000000e+000 -8.205372e-001 -5.715931e-001
      outer loop
         vertex 1.088000e+003 2.721398e+001 1.321360e+003
         vertex 1.078000e+003 2.695175e+001 1.321715e+003
         vertex 1.078000e+003 2.721398e+001 1.321360e+003
      endloop
   endfacet
   facet normal 0.000000e+000 -8.797992e-001 -4.753455e-001
      outer loop
         vertex 1.088000e+003 2.721398e+001 1.321360e+003
         vertex 1.078000e+003 2.721398e+001 1.321360e+003
         vertex 1.088000e+003 2.741251e+001 1.320966e+003
      endloop
   endfacet
   facet normal 0.000000e+000 -9.053342e-001 -4.246998e-001
      outer loop
         vertex 1.088000e+003 2.741251e+001 1.320966e+003
         vertex 1.078000e+003 2.721398e+001 1.321360e+003
         vertex 1.078000e+003 2.741251e+001 1.320966e+003
      endloop
   endfacet
   facet normal 0.000000e+000 -9.474779e-001 -3.198213e-001
      outer loop
         vertex 1.088000e+003 2.741251e+001 1.320966e+003
         vertex 1.078000e+003 2.741251e+001 1.320966e+003
         vertex 1.088000e+003 2.754164e+001 1.320545e+003
      endloop
   endfacet
   facet normal 0.000000e+000 -9.640865e-001 -2.655886e-001
      outer loop
         vertex 1.088000e+003 2.754164e+001 1.320545e+003
         vertex 1.078000e+003 2.741251e+001 1.320966e+003
         vertex 1.078000e+003 2.754164e+001 1.320545e+003
      endloop
   endfacet
   facet normal 0.000000e+000 -9.878993e-001 -1.550965e-001
      outer loop
         vertex 1.088000e+003 2.754164e+001 1.320545e+003
         vertex 1.078000e+003 2.754164e+001 1.320545e+003
         vertex 1.088000e+003 2.759766e+001 1.320107e+003
      endloop
   endfacet
   facet normal 0.000000e+000 -9.951036e-001 -9.883699e-002
      outer loop
         vertex 1.088000e+003 2.759766e+001 1.320107e+003
         vertex 1.078000e+003 2.754164e+001 1.320545e+003
         vertex 1.078000e+003 2.759766e+001 1.320107e+003
      endloop
   endfacet
   facet normal 0.000000e+000 -9.999007e-001 1.409025e-002
      outer loop
         vertex 1.088000e+003 2.759766e+001 1.320107e+003
         vertex 1.078000e+003 2.759766e+001 1.320107e+003
         vertex 1.088000e+003 2.757894e+001 1.319667e+003
      endloop
   endfacet
   facet normal 0.000000e+000 -9.974935e-001 7.075802e-002
      outer loop
         vertex 1.088000e+003 2.757894e+001 1.319667e+003
         vertex 1.078000e+003 2.759766e+001 1.320107e+003
         vertex 1.078000e+003 2.757894e+001 1.319667e+003
      endloop
   endfacet
   facet normal 0.000000e+000 -9.831368e-001 1.828716e-001
      outer loop
         vertex 1.088000e+003 2.757894e+001 1.319667e+003
         vertex 1.078000e+003 2.757894e+001 1.319667e+003
         vertex 1.088000e+003 2.748603e+001 1.319236e+003
      endloop
   endfacet
   facet normal 0.000000e+000 -9.711873e-001 2.383175e-001
      outer loop
         vertex 1.088000e+003 2.748603e+001 1.319236e+003
         vertex 1.078000e+003 2.757894e+001 1.319667e+003
         vertex 1.078000e+003 2.748603e+001 1.319236e+003
      endloop
   endfacet
   facet normal 0.000000e+000 -9.380898e-001 3.463921e-001
      outer loop
         vertex 1.088000e+003 2.748603e+001 1.319236e+003
         vertex 1.078000e+003 2.748603e+001 1.319236e+003
         vertex 1.088000e+003 2.732161e+001 1.318826e+003
      endloop
   endfacet
   facet normal 0.000000e+000 -9.169418e-001 3.990209e-001
      outer loop
         vertex 1.088000e+003 2.732161e+001 1.318826e+003
         vertex 1.078000e+003 2.748603e+001 1.319236e+003
         vertex 1.078000e+003 2.732161e+001 1.318826e+003
      endloop
   endfacet
   facet normal 0.000000e+000 -8.660557e-001 4.999475e-001
      outer loop
         vertex 1.088000e+003 2.732161e+001 1.318826e+003
         vertex 1.078000e+003 2.732161e+001 1.318826e+003
         vertex 1.088000e+003 2.709039e+001 1.318451e+003
      endloop
   endfacet
   facet normal 0.000000e+000 -8.363176e-001 5.482453e-001
      outer loop
         vertex 1.088000e+003 2.709039e+001 1.318451e+003
         vertex 1.078000e+003 2.732161e+001 1.318826e+003
         vertex 1.078000e+003 2.709039e+001 1.318451e+003
      endloop
   endfacet
   facet normal 0.000000e+000 -7.691067e-001 6.391203e-001
      outer loop
         vertex 1.088000e+003 2.709039e+001 1.318451e+003
         vertex 1.078000e+003 2.709039e+001 1.318451e+003
         vertex 1.088000e+003 2.679904e+001 1.318120e+003
      endloop
   endfacet
   facet normal 0.000000e+000 -7.316340e-001 6.816977e-001
      outer loop
         vertex 1.088000e+003 2.679904e+001 1.318120e+003
         vertex 1.078000e+003 2.709039e+001 1.318451e+003
         vertex 1.078000e+003 2.679904e+001 1.318120e+003
      endloop
   endfacet
   facet normal 0.000000e+000 -6.500320e-001 7.599069e-001
      outer loop
         vertex 1.088000e+003 2.679904e+001 1.318120e+003
         vertex 1.078000e+003 2.679904e+001 1.318120e+003
         vertex 1.088000e+003 2.645593e+001 1.317843e+003
      endloop
   endfacet
   facet normal 0.000000e+000 -6.059027e-001 7.955388e-001
      outer loop
         vertex 1.088000e+003 2.645593e+001 1.317843e+003
         vertex 1.078000e+003 2.679904e+001 1.318120e+003
         vertex 1.078000e+003 2.645593e+001 1.317843e+003
      endloop
   endfacet
   facet normal 0.000000e+000 -5.122570e-001 8.588322e-001
      outer loop
         vertex 1.088000e+003 2.645593e+001 1.317843e+003
         vertex 1.078000e+003 2.645593e+001 1.317843e+003
         vertex 1.088000e+003 2.607094e+001 1.317628e+003
      endloop
   endfacet
   facet normal 0.000000e+000 -4.627406e-001 8.864937e-001
      outer loop
         vertex 1.088000e+003 2.607094e+001 1.317628e+003
         vertex 1.078000e+003 2.645593e+001 1.317843e+003
         vertex 1.078000e+003 2.607094e+001 1.317628e+003
      endloop
   endfacet
   facet normal 0.000000e+000 -3.597453e-001 9.330506e-001
      outer loop
         vertex 1.088000e+003 2.607094e+001 1.317628e+003
         vertex 1.078000e+003 2.607094e+001 1.317628e+003
         vertex 1.088000e+003 2.565514e+001 1.317481e+003
      endloop
   endfacet
   facet normal 0.000000e+000 -3.062663e-001 9.519458e-001
      outer loop
         vertex 1.088000e+003 2.565514e+001 1.317481e+003
         vertex 1.078000e+003 2.607094e+001 1.317628e+003
         vertex 1.078000e+003 2.565514e+001 1.317481e+003
      endloop
   endfacet
   facet normal 0.000000e+000 -1.968844e-001 9.804267e-001
      outer loop
         vertex 1.088000e+003 2.565514e+001 1.317481e+003
         vertex 1.078000e+003 2.565514e+001 1.317481e+003
         vertex 1.088000e+003 2.522050e+001 1.317406e+003
      endloop
   endfacet
   facet normal 0.000000e+000 -1.409813e-001 9.900123e-001
      outer loop
         vertex 1.088000e+003 2.522050e+001 1.317406e+003
         vertex 1.078000e+003 2.565514e+001 1.317481e+003
         vertex 1.078000e+003 2.522050e+001 1.317406e+003
      endloop
   endfacet
   facet normal 0.000000e+000 -2.835944e-002 9.995977e-001
      outer loop
         vertex 1.088000e+003 2.522050e+001 1.317406e+003
         vertex 1.078000e+003 2.522050e+001 1.317406e+003
         vertex 1.088000e+003 2.477950e+001 1.317406e+003
      endloop
   endfacet
   facet normal 0.000000e+000 2.835944e-002 9.995977e-001
      outer loop
         vertex 1.088000e+003 2.477950e+001 1.317406e+003
         vertex 1.078000e+003 2.522050e+001 1.317406e+003
         vertex 1.078000e+003 2.477950e+001 1.317406e+003
      endloop
   endfacet
   facet normal 0.000000e+000 1.409813e-001 9.900123e-001
      outer loop
         vertex 1.088000e+003 2.477950e+001 1.317406e+003
         vertex 1.078000e+003 2.477950e+001 1.317406e+003
         vertex 1.088000e+003 2.434486e+001 1.317481e+003
      endloop
   endfacet
   facet normal 0.000000e+000 1.968844e-001 9.804267e-001
      outer loop
         vertex 1.088000e+003 2.434486e+001 1.317481e+003
         vertex 1.078000e+003 2.477950e+001 1.317406e+003
         vertex 1.078000e+003 2.434486e+001 1.317481e+003
      endloop
   endfacet
   facet normal 0.000000e+000 3.062663e-001 9.519458e-001
      outer loop
         vertex 1.088000e+003 2.434486e+001 1.317481e+003
         vertex 1.078000e+003 2.434486e+001 1.317481e+003
         vertex 1.088000e+003 2.392906e+001 1.317628e+003
      endloop
   endfacet
   facet normal 0.000000e+000 3.597453e-001 9.330506e-001
      outer loop
         vertex 1.088000e+003 2.392906e+001 1.317628e+003
         vertex 1.078000e+003 2.434486e+001 1.317481e+003
         vertex 1.078000e+003 2.392906e+001 1.317628e+003
      endloop
   endfacet
   facet normal 0.000000e+000 4.627406e-001 8.864937e-001
      outer loop
         vertex 1.088000e+003 2.392906e+001 1.317628e+003
         vertex 1.078000e+003 2.392906e+001 1.317628e+003
         vertex 1.088000e+003 2.354407e+001 1.317843e+003
      endloop
   endfacet
   facet normal 0.000000e+000 5.122570e-001 8.588322e-001
      outer loop
         vertex 1.088000e+003 2.354407e+001 1.317843e+003
         vertex 1.078000e+003 2.392906e+001 1.317628e+003
         vertex 1.078000e+003 2.354407e+001 1.317843e+003
      endloop
   endfacet
   facet normal 0.000000e+000 6.059027e-001 7.955388e-001
      outer loop
         vertex 1.088000e+003 2.354407e+001 1.317843e+003
         vertex 1.078000e+003 2.354407e+001 1.317843e+003
         vertex 1.088000e+003 2.320096e+001 1.318120e+003
      endloop
   endfacet
   facet normal 0.000000e+000 6.500320e-001 7.599069e-001
      outer loop
         vertex 1.088000e+003 2.320096e+001 1.318120e+003
         vertex 1.078000e+003 2.354407e+001 1.317843e+003
         vertex 1.078000e+003 2.320096e+001 1.318120e+003
      endloop
   endfacet
   facet normal 0.000000e+000 7.316340e-001 6.816977e-001
      outer loop
         vertex 1.088000e+003 2.320096e+001 1.318120e+003
         vertex 1.078000e+003 2.320096e+001 1.318120e+003
         vertex 1.088000e+003 2.290961e+001 1.318451e+003
      endloop
   endfacet
   facet normal 0.000000e+000 7.691067e-001 6.391203e-001
      outer loop
         vertex 1.088000e+003 2.290961e+001 1.318451e+003
         vertex 1.078000e+003 2.320096e+001 1.318120e+003
         vertex 1.078000e+003 2.290961e+001 1.318451e+003
      endloop
   endfacet
   facet normal 0.000000e+000 8.363176e-001 5.482453e-001
      outer loop
         vertex 1.088000e+003 2.290961e+001 1.318451e+003
         vertex 1.078000e+003 2.290961e+001 1.318451e+003
         vertex 1.088000e+003 2.267839e+001 1.318826e+003
      endloop
   endfacet
   facet normal 0.000000e+000 8.660557e-001 4.999475e-001
      outer loop
         vertex 1.088000e+003 2.267839e+001 1.318826e+003
         vertex 1.078000e+003 2.290961e+001 1.318451e+003
         vertex 1.078000e+003 2.267839e+001 1.318826e+003
      endloop
   endfacet
   facet normal 0.000000e+000 9.169418e-001 3.990209e-001
      outer loop
         vertex 1.088000e+003 2.267839e+001 1.318826e+003
         vertex 1.078000e+003 2.267839e+001 1.318826e+003
         vertex 1.088000e+003 2.251397e+001 1.319236e+003
      endloop
   endfacet
   facet normal 0.000000e+000 9.380898e-001 3.463921e-001
      outer loop
         vertex 1.088000e+003 2.251397e+001 1.319236e+003
         vertex 1.078000e+003 2.267839e+001 1.318826e+003
         vertex 1.078000e+003 2.251397e+001 1.319236e+003
      endloop
   endfacet
   facet normal 0.000000e+000 9.711873e-001 2.383175e-001
      outer loop
         vertex 1.088000e+003 2.251397e+001 1.319236e+003
         vertex 1.078000e+003 2.251397e+001 1.319236e+003
         vertex 1.088000e+003 2.242106e+001 1.319667e+003
      endloop
   endfacet
   facet normal 0.000000e+000 9.831368e-001 1.828716e-001
      outer loop
         vertex 1.088000e+003 2.242106e+001 1.319667e+003
         vertex 1.078000e+003 2.251397e+001 1.319236e+003
         vertex 1.078000e+003 2.242106e+001 1.319667e+003
      endloop
   endfacet
   facet normal 0.000000e+000 9.974935e-001 7.075802e-002
      outer loop
         vertex 1.088000e+003 2.242106e+001 1.319667e+003
         vertex 1.078000e+003 2.242106e+001 1.319667e+003
         vertex 1.088000e+003 2.240234e+001 1.320107e+003
      endloop
   endfacet
   facet normal 0.000000e+000 9.999007e-001 1.409025e-002
      outer loop
         vertex 1.088000e+003 2.240234e+001 1.320107e+003
         vertex 1.078000e+003 2.242106e+001 1.319667e+003
         vertex 1.078000e+003 2.240234e+001 1.320107e+003
      endloop
   endfacet
   facet normal 0.000000e+000 9.951036e-001 -9.883699e-002
      outer loop
         vertex 1.088000e+003 2.240234e+001 1.320107e+003
         vertex 1.078000e+003 2.240234e+001 1.320107e+003
         vertex 1.088000e+003 2.245835e+001 1.320545e+003
      endloop
   endfacet
   facet normal 0.000000e+000 9.878993e-001 -1.550965e-001
      outer loop
         vertex 1.088000e+003 2.245835e+001 1.320545e+003
         vertex 1.078000e+003 2.240234e+001 1.320107e+003
         vertex 1.078000e+003 2.245835e+001 1.320545e+003
      endloop
   endfacet
   facet normal 0.000000e+000 9.640865e-001 -2.655886e-001
      outer loop
         vertex 1.088000e+003 2.245835e+001 1.320545e+003
         vertex 1.078000e+003 2.245835e+001 1.320545e+003
         vertex 1.088000e+003 2.258749e+001 1.320966e+003
      endloop
   endfacet
   facet normal 0.000000e+000 9.474779e-001 -3.198213e-001
      outer loop
         vertex 1.088000e+003 2.258749e+001 1.320966e+003
         vertex 1.078000e+003 2.245835e+001 1.320545e+003
         vertex 1.078000e+003 2.258749e+001 1.320966e+003
      endloop
   endfacet
   facet normal 0.000000e+000 9.053342e-001 -4.246998e-001
      outer loop
         vertex 1.088000e+003 2.258749e+001 1.320966e+003
         vertex 1.078000e+003 2.258749e+001 1.320966e+003
         vertex 1.088000e+003 2.278602e+001 1.321360e+003
      endloop
   endfacet
   facet normal 0.000000e+000 8.797992e-001 -4.753455e-001
      outer loop
         vertex 1.088000e+003 2.278602e+001 1.321360e+003
         vertex 1.078000e+003 2.258749e+001 1.320966e+003
         vertex 1.078000e+003 2.278602e+001 1.321360e+003
      endloop
   endfacet
   facet normal 0.000000e+000 8.205372e-001 -5.715931e-001
      outer loop
         vertex 1.088000e+003 2.278602e+001 1.321360e+003
         vertex 1.078000e+003 2.278602e+001 1.321360e+003
         vertex 1.088000e+003 2.304825e+001 1.321715e+003
      endloop
   endfacet
   facet normal 0.000000e+000 7.868103e-001 -6.171949e-001
      outer loop
         vertex 1.088000e+003 2.304825e+001 1.321715e+003
         vertex 1.078000e+003 2.278602e+001 1.321360e+003
         vertex 1.078000e+003 2.304825e+001 1.321715e+003
      endloop
   endfacet
   facet normal 0.000000e+000 7.121348e-001 -7.020428e-001
      outer loop
         vertex 1.088000e+003 2.304825e+001 1.321715e+003
         vertex 1.078000e+003 2.304825e+001 1.321715e+003
         vertex 1.088000e+003 2.336663e+001 1.322020e+003
      endloop
   endfacet
   facet normal 0.000000e+000 6.711863e-001 -7.412888e-001
      outer loop
         vertex 1.088000e+003 2.336663e+001 1.322020e+003
         vertex 1.078000e+003 2.304825e+001 1.321715e+003
         vertex 1.078000e+003 2.336663e+001 1.322020e+003
      endloop
   endfacet
   facet normal 0.000000e+000 5.832456e-001 -8.122959e-001
      outer loop
         vertex 1.088000e+003 2.336663e+001 1.322020e+003
         vertex 1.078000e+003 2.336663e+001 1.322020e+003
         vertex 1.088000e+003 2.373199e+001 1.322267e+003
      endloop
   endfacet
   facet normal 0.000000e+000 5.362535e-001 -8.440570e-001
      outer loop
         vertex 1.088000e+003 2.373199e+001 1.322267e+003
         vertex 1.078000e+003 2.336663e+001 1.322020e+003
         vertex 1.078000e+003 2.373199e+001 1.322267e+003
      endloop
   endfacet
   facet normal 0.000000e+000 4.375775e-001 -8.991807e-001
      outer loop
         vertex 1.088000e+003 2.373199e+001 1.322267e+003
         vertex 1.078000e+003 2.373199e+001 1.322267e+003
         vertex 1.088000e+003 2.413384e+001 1.322448e+003
      endloop
   endfacet
   facet normal 0.000000e+000 3.858936e-001 -9.225433e-001
      outer loop
         vertex 1.088000e+003 2.413384e+001 1.322448e+003
         vertex 1.078000e+003 2.373199e+001 1.322267e+003
         vertex 1.078000e+003 2.413384e+001 1.322448e+003
      endloop
   endfacet
   facet normal 0.000000e+000 2.793211e-001 -9.601977e-001
      outer loop
         vertex 1.088000e+003 2.413384e+001 1.322448e+003
         vertex 1.078000e+003 2.413384e+001 1.322448e+003
         vertex 1.088000e+003 2.456060e+001 1.322559e+003
      endloop
   endfacet
   facet normal 0.000000e+000 2.244324e-001 -9.744897e-001
      outer loop
         vertex 1.088000e+003 2.456060e+001 1.322559e+003
         vertex 1.078000e+003 2.413384e+001 1.322448e+003
         vertex 1.078000e+003 2.456060e+001 1.322559e+003
      endloop
   endfacet
   facet normal 0.000000e+000 1.130291e-001 -9.935917e-001
      outer loop
         vertex 1.088000e+003 2.456060e+001 1.322559e+003
         vertex 1.078000e+003 2.456060e+001 1.322559e+003
         vertex 1.088000e+003 2.500000e+001 1.322597e+003
      endloop
   endfacet
   facet normal 0.000000e+000 5.651454e-002 -9.984018e-001
      outer loop
         vertex 1.088000e+003 2.500000e+001 1.322597e+003
         vertex 1.078000e+003 2.456060e+001 1.322559e+003
         vertex 1.078000e+003 2.500000e+001 1.322597e+003
      endloop
   endfacet
   facet normal 1.000000e+000 0.000000e+000 0.000000e+000
      outer loop
         vertex 1.088000e+003 2.024781e+001 1.344127e+003
         vertex 1.088000e+003 1.801384e+001 1.345790e+003
         vertex 1.088000e+003 1.801384e+001 1.341336e+003
      endloop
   endfacet
   facet normal 1.000000e+000 0.000000e+000 0.000000e+000
      outer loop
         vertex 1.088000e+003 6.551429e-001 1.342481e+003
         vertex 1.088000e+003 2.204953e-001 1.342406e+003
         vertex 1.088000e+003 8.838834e+000 1.341336e+003
      endloop
   endfacet
   facet normal 1.000000e+000 0.000000e+000 0.000000e+000
      outer loop
         vertex 1.088000e+003 -2.434486e+001 1.317481e+003
         vertex 1.088000e+003 -2.477950e+001 1.317406e+003
         vertex 1.088000e+003 -2.133883e+001 1.311158e+003
      endloop
   endfacet
   facet normal 1.000000e+000 0.000000e+000 0.000000e+000
      outer loop
         vertex 1.088000e+003 1.833281e+001 1.335158e+003
         vertex 1.088000e+003 1.801384e+001 1.335104e+003
         vertex 1.088000e+003 1.801384e+001 1.328836e+003
      endloop
   endfacet
   facet normal 1.000000e+000 0.000000e+000 0.000000e+000
      outer loop
         vertex 1.088000e+003 2.025661e+001 1.301989e+003
         vertex 1.088000e+003 2.025533e+001 1.301983e+003
         vertex 1.088000e+003 2.579085e+001 1.301983e+003
      endloop
   endfacet
   facet normal 1.000000e+000 0.000000e+000 0.000000e+000
      outer loop
         vertex 1.088000e+003 1.508001e+001 1.337785e+003
         vertex 1.088000e+003 1.510893e+001 1.338011e+003
         vertex 1.088000e+003 8.838834e+000 1.338011e+003
      endloop
   endfacet
   facet normal 1.000000e+000 0.000000e+000 0.000000e+000
      outer loop
         vertex 1.088000e+003 8.838834e+000 1.332982e+003
         vertex 1.088000e+003 8.838834e+000 1.338011e+003
         vertex 1.088000e+003 7.319390e+000 1.333943e+003
      endloop
   endfacet
   facet normal 1.000000e+000 0.000000e+000 0.000000e+000
      outer loop
         vertex 1.088000e+003 7.319390e+000 1.333943e+003
         vertex 1.088000e+003 8.838834e+000 1.338011e+003
         vertex 1.088000e+003 4.987521e+000 1.334936e+003
      endloop
   endfacet
   facet normal 1.000000e+000 0.000000e+000 0.000000e+000
      outer loop
         vertex 1.088000e+003 -4.987521e+000 1.334936e+003
         vertex 1.088000e+003 -2.526478e+000 1.335543e+003
         vertex 1.088000e+003 -8.838835e+000 1.338011e+003
      endloop
   endfacet
   facet normal 1.000000e+000 0.000000e+000 0.000000e+000
      outer loop
         vertex 1.088000e+003 -8.838835e+000 1.338011e+003
         vertex 1.088000e+003 -2.526478e+000 1.335543e+003
         vertex 1.088000e+003 -7.901646e-008 1.335747e+003
      endloop
   endfacet
   facet normal 1.000000e+000 0.000000e+000 0.000000e+000
      outer loop
         vertex 1.088000e+003 -8.838835e+000 1.338011e+003
         vertex 1.088000e+003 -7.901646e-008 1.335747e+003
         vertex 1.088000e+003 8.838834e+000 1.338011e+003
      endloop
   endfacet
   facet normal 1.000000e+000 0.000000e+000 0.000000e+000
      outer loop
         vertex 1.088000e+003 8.838834e+000 1.338011e+003
         vertex 1.088000e+003 -7.901646e-008 1.335747e+003
         vertex 1.088000e+003 2.526478e+000 1.335543e+003
      endloop
   endfacet
   facet normal 1.000000e+000 0.000000e+000 0.000000e+000
      outer loop
         vertex 1.088000e+003 8.838834e+000 1.338011e+003
         vertex 1.088000e+003 2.526478e+000 1.335543e+003
         vertex 1.088000e+003 4.987521e+000 1.334936e+003
      endloop
   endfacet
   facet normal 1.000000e+000 0.000000e+000 0.000000e+000
      outer loop
         vertex 1.088000e+003 -1.702253e+001 1.335158e+003
         vertex 1.088000e+003 -1.745717e+001 1.335084e+003
         vertex 1.088000e+003 -1.801384e+001 1.328836e+003
      endloop
   endfacet
   facet normal 1.000000e+000 0.000000e+000 0.000000e+000
      outer loop
         vertex 1.088000e+003 -8.838835e+000 1.338011e+003
         vertex 1.088000e+003 -1.508001e+001 1.337785e+003
         vertex 1.088000e+003 -1.509873e+001 1.337344e+003
      endloop
   endfacet
   facet normal 1.000000e+000 0.000000e+000 0.000000e+000
      outer loop
         vertex 1.088000e+003 -1.509873e+001 1.337344e+003
         vertex 1.088000e+003 -8.838835e+000 1.332982e+003
         vertex 1.088000e+003 -8.838835e+000 1.338011e+003
      endloop
   endfacet
   facet normal 1.000000e+000 0.000000e+000 0.000000e+000
      outer loop
         vertex 1.088000e+003 -8.838835e+000 1.338011e+003
         vertex 1.088000e+003 -8.838835e+000 1.332982e+003
         vertex 1.088000e+003 -7.319390e+000 1.333943e+003
      endloop
   endfacet
   facet normal 1.000000e+000 0.000000e+000 0.000000e+000
      outer loop
         vertex 1.088000e+003 -8.838835e+000 1.338011e+003
         vertex 1.088000e+003 -7.319390e+000 1.333943e+003
         vertex 1.088000e+003 -4.987521e+000 1.334936e+003
      endloop
   endfacet
   facet normal 1.000000e+000 0.000000e+000 0.000000e+000
      outer loop
         vertex 1.088000e+003 -1.660673e+001 1.335305e+003
         vertex 1.088000e+003 -1.302446e+001 1.328836e+003
         vertex 1.088000e+003 -1.622174e+001 1.335520e+003
      endloop
   endfacet
   facet normal 1.000000e+000 0.000000e+000 0.000000e+000
      outer loop
         vertex 1.088000e+003 -1.622174e+001 1.335520e+003
         vertex 1.088000e+003 -1.302446e+001 1.328836e+003
         vertex 1.088000e+003 -1.296200e+001 1.328944e+003
      endloop
   endfacet
   facet normal 1.000000e+000 0.000000e+000 0.000000e+000
      outer loop
         vertex 1.088000e+003 -1.622174e+001 1.335520e+003
         vertex 1.088000e+003 -1.296200e+001 1.328944e+003
         vertex 1.088000e+003 -1.587863e+001 1.335797e+003
      endloop
   endfacet
   facet normal 1.000000e+000 0.000000e+000 0.000000e+000
      outer loop
         vertex 1.088000e+003 -1.587863e+001 1.335797e+003
         vertex 1.088000e+003 -1.296200e+001 1.328944e+003
         vertex 1.088000e+003 -1.135894e+001 1.330907e+003
      endloop
   endfacet
   facet normal 1.000000e+000 0.000000e+000 0.000000e+000
      outer loop
         vertex 1.088000e+003 -1.587863e+001 1.335797e+003
         vertex 1.088000e+003 -1.135894e+001 1.330907e+003
         vertex 1.088000e+003 -1.558728e+001 1.336128e+003
      endloop
   endfacet
   facet normal 1.000000e+000 0.000000e+000 0.000000e+000
      outer loop
         vertex 1.088000e+003 -1.558728e+001 1.336128e+003
         vertex 1.088000e+003 -1.135894e+001 1.330907e+003
         vertex 1.088000e+003 -9.461691e+000 1.332588e+003
      endloop
   endfacet
   facet normal 1.000000e+000 0.000000e+000 0.000000e+000
      outer loop
         vertex 1.088000e+003 -1.558728e+001 1.336128e+003
         vertex 1.088000e+003 -9.461691e+000 1.332588e+003
         vertex 1.088000e+003 -1.535606e+001 1.336504e+003
      endloop
   endfacet
   facet normal 1.000000e+000 0.000000e+000 0.000000e+000
      outer loop
         vertex 1.088000e+003 -1.535606e+001 1.336504e+003
         vertex 1.088000e+003 -9.461691e+000 1.332588e+003
         vertex 1.088000e+003 -8.838835e+000 1.332982e+003
      endloop
   endfacet
   facet normal 1.000000e+000 0.000000e+000 0.000000e+000
      outer loop
         vertex 1.088000e+003 -1.535606e+001 1.336504e+003
         vertex 1.088000e+003 -8.838835e+000 1.332982e+003
         vertex 1.088000e+003 -1.519164e+001 1.336913e+003
      endloop
   endfacet
   facet normal 1.000000e+000 0.000000e+000 0.000000e+000
      outer loop
         vertex 1.088000e+003 -1.519164e+001 1.336913e+003
         vertex 1.088000e+003 -8.838835e+000 1.332982e+003
         vertex 1.088000e+003 -1.509873e+001 1.337344e+003
      endloop
   endfacet
   facet normal 1.000000e+000 0.000000e+000 0.000000e+000
      outer loop
         vertex 1.088000e+003 -1.573723e+001 1.319363e+003
         vertex 1.088000e+003 -1.563516e+001 1.321895e+003
         vertex 1.088000e+003 -1.801384e+001 1.328836e+003
      endloop
   endfacet
   facet normal 1.000000e+000 0.000000e+000 0.000000e+000
      outer loop
         vertex 1.088000e+003 -1.801384e+001 1.328836e+003
         vertex 1.088000e+003 -1.563516e+001 1.321895e+003
         vertex 1.088000e+003 -1.512816e+001 1.324379e+003
      endloop
   endfacet
   facet normal 1.000000e+000 0.000000e+000 0.000000e+000
      outer loop
         vertex 1.088000e+003 -1.297461e+001 1.311158e+003
         vertex 1.088000e+003 -1.363990e+001 1.312122e+003
         vertex 1.088000e+003 -1.801384e+001 1.311158e+003
      endloop
   endfacet
   facet normal 1.000000e+000 0.000000e+000 0.000000e+000
      outer loop
         vertex 1.088000e+003 -1.801384e+001 1.311158e+003
         vertex 1.088000e+003 -1.363990e+001 1.312122e+003
         vertex 1.088000e+003 -1.472651e+001 1.314412e+003
      endloop
   endfacet
   facet normal 1.000000e+000 0.000000e+000 0.000000e+000
      outer loop
         vertex 1.088000e+003 -1.801384e+001 1.311158e+003
         vertex 1.088000e+003 -1.472651e+001 1.314412e+003
         vertex 1.088000e+003 -1.543170e+001 1.316846e+003
      endloop
   endfacet
   facet normal 1.000000e+000 0.000000e+000 0.000000e+000
      outer loop
         vertex 1.088000e+003 -1.660673e+001 1.335305e+003
         vertex 1.088000e+003 -1.702253e+001 1.335158e+003
         vertex 1.088000e+003 -1.302446e+001 1.328836e+003
      endloop
   endfacet
   facet normal 1.000000e+000 0.000000e+000 0.000000e+000
      outer loop
         vertex 1.088000e+003 -1.302446e+001 1.328836e+003
         vertex 1.088000e+003 -1.702253e+001 1.335158e+003
         vertex 1.088000e+003 -1.801384e+001 1.328836e+003
      endloop
   endfacet
   facet normal 1.000000e+000 0.000000e+000 0.000000e+000
      outer loop
         vertex 1.088000e+003 -1.302446e+001 1.328836e+003
         vertex 1.088000e+003 -1.801384e+001 1.328836e+003
         vertex 1.088000e+003 -1.422934e+001 1.326749e+003
      endloop
   endfacet
   facet normal 1.000000e+000 0.000000e+000 0.000000e+000
      outer loop
         vertex 1.088000e+003 -1.422934e+001 1.326749e+003
         vertex 1.088000e+003 -1.801384e+001 1.328836e+003
         vertex 1.088000e+003 -1.512816e+001 1.324379e+003
      endloop
   endfacet
   facet normal 1.000000e+000 0.000000e+000 0.000000e+000
      outer loop
         vertex 1.088000e+003 -1.801384e+001 1.304891e+003
         vertex 1.088000e+003 -1.767767e+001 1.304919e+003
         vertex 1.088000e+003 -1.801384e+001 1.311158e+003
      endloop
   endfacet
   facet normal 1.000000e+000 0.000000e+000 0.000000e+000
      outer loop
         vertex 1.088000e+003 -1.801384e+001 1.311158e+003
         vertex 1.088000e+003 -1.767767e+001 1.304919e+003
         vertex 1.088000e+003 -1.723827e+001 1.304882e+003
      endloop
   endfacet
   facet normal 1.000000e+000 0.000000e+000 0.000000e+000
      outer loop
         vertex 1.088000e+003 -1.801384e+001 1.311158e+003
         vertex 1.088000e+003 -1.723827e+001 1.304882e+003
         vertex 1.088000e+003 -1.297461e+001 1.311158e+003
      endloop
   endfacet
   facet normal 1.000000e+000 0.000000e+000 0.000000e+000
      outer loop
         vertex 1.088000e+003 -1.546369e+001 1.303682e+003
         vertex 1.088000e+003 -8.838835e+000 1.307001e+003
         vertex 1.088000e+003 -1.572592e+001 1.304037e+003
      endloop
   endfacet
   facet normal 1.000000e+000 0.000000e+000 0.000000e+000
      outer loop
         vertex 1.088000e+003 -1.572592e+001 1.304037e+003
         vertex 1.088000e+003 -8.838835e+000 1.307001e+003
         vertex 1.088000e+003 -1.044418e+001 1.308208e+003
      endloop
   endfacet
   facet normal 1.000000e+000 0.000000e+000 0.000000e+000
      outer loop
         vertex 1.088000e+003 -1.572592e+001 1.304037e+003
         vertex 1.088000e+003 -1.044418e+001 1.308208e+003
         vertex 1.088000e+003 -1.604430e+001 1.304342e+003
      endloop
   endfacet
   facet normal 1.000000e+000 0.000000e+000 0.000000e+000
      outer loop
         vertex 1.088000e+003 -1.604430e+001 1.304342e+003
         vertex 1.088000e+003 -1.044418e+001 1.308208e+003
         vertex 1.088000e+003 -1.220003e+001 1.310036e+003
      endloop
   endfacet
   facet normal 1.000000e+000 0.000000e+000 0.000000e+000
      outer loop
         vertex 1.088000e+003 -1.604430e+001 1.304342e+003
         vertex 1.088000e+003 -1.220003e+001 1.310036e+003
         vertex 1.088000e+003 -1.640966e+001 1.304589e+003
      endloop
   endfacet
   facet normal 1.000000e+000 0.000000e+000 0.000000e+000
      outer loop
         vertex 1.088000e+003 -1.640966e+001 1.304589e+003
         vertex 1.088000e+003 -1.220003e+001 1.310036e+003
         vertex 1.088000e+003 -1.297461e+001 1.311158e+003
      endloop
   endfacet
   facet normal 1.000000e+000 0.000000e+000 0.000000e+000
      outer loop
         vertex 1.088000e+003 -1.640966e+001 1.304589e+003
         vertex 1.088000e+003 -1.297461e+001 1.311158e+003
         vertex 1.088000e+003 -1.681151e+001 1.304771e+003
      endloop
   endfacet
   facet normal 1.000000e+000 0.000000e+000 0.000000e+000
      outer loop
         vertex 1.088000e+003 -1.681151e+001 1.304771e+003
         vertex 1.088000e+003 -1.297461e+001 1.311158e+003
         vertex 1.088000e+003 -1.723827e+001 1.304882e+003
      endloop
   endfacet
   facet normal 1.000000e+000 0.000000e+000 0.000000e+000
      outer loop
         vertex 1.088000e+003 -1.526516e+001 1.303289e+003
         vertex 1.088000e+003 -1.513603e+001 1.302867e+003
         vertex 1.088000e+003 -8.838835e+000 1.301983e+003
      endloop
   endfacet
   facet normal 1.000000e+000 0.000000e+000 0.000000e+000
      outer loop
         vertex 1.088000e+003 -8.838835e+000 1.301983e+003
         vertex 1.088000e+003 -1.513603e+001 1.302867e+003
         vertex 1.088000e+003 -1.508001e+001 1.302430e+003
      endloop
   endfacet
   facet normal 1.000000e+000 0.000000e+000 0.000000e+000
      outer loop
         vertex 1.088000e+003 -8.838835e+000 1.301983e+003
         vertex 1.088000e+003 -1.508001e+001 1.302430e+003
         vertex 1.088000e+003 -1.509873e+001 1.301989e+003
      endloop
   endfacet
   facet normal 1.000000e+000 0.000000e+000 0.000000e+000
      outer loop
         vertex 1.088000e+003 8.417836e+000 1.306685e+003
         vertex 1.088000e+003 6.173474e+000 1.305507e+003
         vertex 1.088000e+003 8.838834e+000 1.301983e+003
      endloop
   endfacet
   facet normal 1.000000e+000 0.000000e+000 0.000000e+000
      outer loop
         vertex 1.088000e+003 -3.769222e+000 1.304705e+003
         vertex 1.088000e+003 -6.173474e+000 1.305507e+003
         vertex 1.088000e+003 -8.838835e+000 1.301983e+003
      endloop
   endfacet
   facet normal 1.000000e+000 0.000000e+000 0.000000e+000
      outer loop
         vertex 1.088000e+003 -1.546369e+001 1.303682e+003
         vertex 1.088000e+003 -1.526516e+001 1.303289e+003
         vertex 1.088000e+003 -8.838835e+000 1.307001e+003
      endloop
   endfacet
   facet normal 1.000000e+000 0.000000e+000 0.000000e+000
      outer loop
         vertex 1.088000e+003 -8.838835e+000 1.307001e+003
         vertex 1.088000e+003 -1.526516e+001 1.303289e+003
         vertex 1.088000e+003 -8.838835e+000 1.301983e+003
      endloop
   endfacet
   facet normal 1.000000e+000 0.000000e+000 0.000000e+000
      outer loop
         vertex 1.088000e+003 -8.838835e+000 1.307001e+003
         vertex 1.088000e+003 -8.838835e+000 1.301983e+003
         vertex 1.088000e+003 -8.417836e+000 1.306685e+003
      endloop
   endfacet
   facet normal 1.000000e+000 0.000000e+000 0.000000e+000
      outer loop
         vertex 1.088000e+003 -8.417836e+000 1.306685e+003
         vertex 1.088000e+003 -8.838835e+000 1.301983e+003
         vertex 1.088000e+003 -6.173474e+000 1.305507e+003
      endloop
   endfacet
   facet normal 1.000000e+000 0.000000e+000 0.000000e+000
      outer loop
         vertex 1.088000e+003 6.173474e+000 1.305507e+003
         vertex 1.088000e+003 3.769222e+000 1.304705e+003
         vertex 1.088000e+003 8.838834e+000 1.301983e+003
      endloop
   endfacet
   facet normal 1.000000e+000 0.000000e+000 0.000000e+000
      outer loop
         vertex 1.088000e+003 8.838834e+000 1.301983e+003
         vertex 1.088000e+003 3.769222e+000 1.304705e+003
         vertex 1.088000e+003 1.267348e+000 1.304298e+003
      endloop
   endfacet
   facet normal 1.000000e+000 0.000000e+000 0.000000e+000
      outer loop
         vertex 1.088000e+003 8.838834e+000 1.301983e+003
         vertex 1.088000e+003 1.267348e+000 1.304298e+003
         vertex 1.088000e+003 -8.838835e+000 1.301983e+003
      endloop
   endfacet
   facet normal 1.000000e+000 0.000000e+000 0.000000e+000
      outer loop
         vertex 1.088000e+003 -8.838835e+000 1.301983e+003
         vertex 1.088000e+003 1.267348e+000 1.304298e+003
         vertex 1.088000e+003 -1.267349e+000 1.304298e+003
      endloop
   endfacet
   facet normal 1.000000e+000 0.000000e+000 0.000000e+000
      outer loop
         vertex 1.088000e+003 -8.838835e+000 1.301983e+003
         vertex 1.088000e+003 -1.267349e+000 1.304298e+003
         vertex 1.088000e+003 -3.769222e+000 1.304705e+003
      endloop
   endfacet
   facet normal 1.000000e+000 0.000000e+000 0.000000e+000
      outer loop
         vertex 1.088000e+003 1.640966e+001 1.304589e+003
         vertex 1.088000e+003 1.297461e+001 1.311158e+003
         vertex 1.088000e+003 1.604430e+001 1.304342e+003
      endloop
   endfacet
   facet normal 1.000000e+000 0.000000e+000 0.000000e+000
      outer loop
         vertex 1.088000e+003 1.604430e+001 1.304342e+003
         vertex 1.088000e+003 1.297461e+001 1.311158e+003
         vertex 1.088000e+003 1.220003e+001 1.310036e+003
      endloop
   endfacet
   facet normal 1.000000e+000 0.000000e+000 0.000000e+000
      outer loop
         vertex 1.088000e+003 1.604430e+001 1.304342e+003
         vertex 1.088000e+003 1.220003e+001 1.310036e+003
         vertex 1.088000e+003 1.572592e+001 1.304037e+003
      endloop
   endfacet
   facet normal 1.000000e+000 0.000000e+000 0.000000e+000
      outer loop
         vertex 1.088000e+003 1.572592e+001 1.304037e+003
         vertex 1.088000e+003 1.220003e+001 1.310036e+003
         vertex 1.088000e+003 1.044418e+001 1.308208e+003
      endloop
   endfacet
   facet normal 1.000000e+000 0.000000e+000 0.000000e+000
      outer loop
         vertex 1.088000e+003 1.572592e+001 1.304037e+003
         vertex 1.088000e+003 1.044418e+001 1.308208e+003
         vertex 1.088000e+003 1.546369e+001 1.303682e+003
      endloop
   endfacet
   facet normal 1.000000e+000 0.000000e+000 0.000000e+000
      outer loop
         vertex 1.088000e+003 1.546369e+001 1.303682e+003
         vertex 1.088000e+003 1.044418e+001 1.308208e+003
         vertex 1.088000e+003 8.838834e+000 1.307001e+003
      endloop
   endfacet
   facet normal 1.000000e+000 0.000000e+000 0.000000e+000
      outer loop
         vertex 1.088000e+003 1.546369e+001 1.303682e+003
         vertex 1.088000e+003 8.838834e+000 1.307001e+003
         vertex 1.088000e+003 1.526516e+001 1.303289e+003
      endloop
   endfacet
   facet normal 1.000000e+000 0.000000e+000 0.000000e+000
      outer loop
         vertex 1.088000e+003 8.417836e+000 1.306685e+003
         vertex 1.088000e+003 8.838834e+000 1.301983e+003
         vertex 1.088000e+003 8.838834e+000 1.307001e+003
      endloop
   endfacet
   facet normal 1.000000e+000 0.000000e+000 0.000000e+000
      outer loop
         vertex 1.088000e+003 8.838834e+000 1.307001e+003
         vertex 1.088000e+003 8.838834e+000 1.301983e+003
         vertex 1.088000e+003 1.513603e+001 1.302867e+003
      endloop
   endfacet
   facet normal 1.000000e+000 0.000000e+000 0.000000e+000
      outer loop
         vertex 1.088000e+003 8.838834e+000 1.307001e+003
         vertex 1.088000e+003 1.513603e+001 1.302867e+003
         vertex 1.088000e+003 1.526516e+001 1.303289e+003
      endloop
   endfacet
   facet normal 1.000000e+000 0.000000e+000 0.000000e+000
      outer loop
         vertex 1.088000e+003 1.681151e+001 1.304771e+003
         vertex 1.088000e+003 1.723827e+001 1.304882e+003
         vertex 1.088000e+003 1.801384e+001 1.311158e+003
      endloop
   endfacet
   facet normal 1.000000e+000 0.000000e+000 0.000000e+000
      outer loop
         vertex 1.088000e+003 1.801384e+001 1.311158e+003
         vertex 1.088000e+003 1.723827e+001 1.304882e+003
         vertex 1.088000e+003 1.767767e+001 1.304919e+003
      endloop
   endfacet
   facet normal 1.000000e+000 0.000000e+000 0.000000e+000
      outer loop
         vertex 1.088000e+003 1.801384e+001 1.311158e+003
         vertex 1.088000e+003 1.767767e+001 1.304919e+003
         vertex 1.088000e+003 1.801384e+001 1.304891e+003
      endloop
   endfacet
   facet normal 1.000000e+000 0.000000e+000 0.000000e+000
      outer loop
         vertex 1.088000e+003 1.510000e+001 1.301983e+003
         vertex 1.088000e+003 1.509873e+001 1.301989e+003
         vertex 1.088000e+003 8.838834e+000 1.301983e+003
      endloop
   endfacet
   facet normal 1.000000e+000 0.000000e+000 0.000000e+000
      outer loop
         vertex 1.088000e+003 8.838834e+000 1.301983e+003
         vertex 1.088000e+003 1.509873e+001 1.301989e+003
         vertex 1.088000e+003 1.508001e+001 1.302430e+003
      endloop
   endfacet
   facet normal 1.000000e+000 0.000000e+000 0.000000e+000
      outer loop
         vertex 1.088000e+003 8.838834e+000 1.301983e+003
         vertex 1.088000e+003 1.508001e+001 1.302430e+003
         vertex 1.088000e+003 1.513603e+001 1.302867e+003
      endloop
   endfacet
   facet normal 1.000000e+000 0.000000e+000 0.000000e+000
      outer loop
         vertex 1.088000e+003 1.512816e+001 1.324379e+003
         vertex 1.088000e+003 1.801384e+001 1.328836e+003
         vertex 1.088000e+003 1.422934e+001 1.326749e+003
      endloop
   endfacet
   facet normal 1.000000e+000 0.000000e+000 0.000000e+000
      outer loop
         vertex 1.088000e+003 1.422934e+001 1.326749e+003
         vertex 1.088000e+003 1.801384e+001 1.328836e+003
         vertex 1.088000e+003 1.302446e+001 1.328836e+003
      endloop
   endfacet
   facet normal 1.000000e+000 0.000000e+000 0.000000e+000
      outer loop
         vertex 1.088000e+003 1.640966e+001 1.304589e+003
         vertex 1.088000e+003 1.681151e+001 1.304771e+003
         vertex 1.088000e+003 1.297461e+001 1.311158e+003
      endloop
   endfacet
   facet normal 1.000000e+000 0.000000e+000 0.000000e+000
      outer loop
         vertex 1.088000e+003 1.297461e+001 1.311158e+003
         vertex 1.088000e+003 1.681151e+001 1.304771e+003
         vertex 1.088000e+003 1.801384e+001 1.311158e+003
      endloop
   endfacet
   facet normal 1.000000e+000 0.000000e+000 0.000000e+000
      outer loop
         vertex 1.088000e+003 1.297461e+001 1.311158e+003
         vertex 1.088000e+003 1.801384e+001 1.311158e+003
         vertex 1.088000e+003 1.363990e+001 1.312122e+003
      endloop
   endfacet
   facet normal 1.000000e+000 0.000000e+000 0.000000e+000
      outer loop
         vertex 1.088000e+003 1.363990e+001 1.312122e+003
         vertex 1.088000e+003 1.801384e+001 1.311158e+003
         vertex 1.088000e+003 1.472651e+001 1.314412e+003
      endloop
   endfacet
   facet normal 1.000000e+000 0.000000e+000 0.000000e+000
      outer loop
         vertex 1.088000e+003 1.512816e+001 1.324379e+003
         vertex 1.088000e+003 1.563516e+001 1.321895e+003
         vertex 1.088000e+003 1.801384e+001 1.328836e+003
      endloop
   endfacet
   facet normal 1.000000e+000 0.000000e+000 0.000000e+000
      outer loop
         vertex 1.088000e+003 1.801384e+001 1.328836e+003
         vertex 1.088000e+003 1.563516e+001 1.321895e+003
         vertex 1.088000e+003 1.573723e+001 1.319363e+003
      endloop
   endfacet
   facet normal 1.000000e+000 0.000000e+000 0.000000e+000
      outer loop
         vertex 1.088000e+003 1.801384e+001 1.328836e+003
         vertex 1.088000e+003 1.573723e+001 1.319363e+003
         vertex 1.088000e+003 1.801384e+001 1.311158e+003
      endloop
   endfacet
   facet normal 1.000000e+000 0.000000e+000 0.000000e+000
      outer loop
         vertex 1.088000e+003 1.801384e+001 1.311158e+003
         vertex 1.088000e+003 1.573723e+001 1.319363e+003
         vertex 1.088000e+003 1.543170e+001 1.316846e+003
      endloop
   endfacet
   facet normal 1.000000e+000 0.000000e+000 0.000000e+000
      outer loop
         vertex 1.088000e+003 1.801384e+001 1.311158e+003
         vertex 1.088000e+003 1.543170e+001 1.316846e+003
         vertex 1.088000e+003 1.472651e+001 1.314412e+003
      endloop
   endfacet
   facet normal 1.000000e+000 0.000000e+000 0.000000e+000
      outer loop
         vertex 1.088000e+003 1.801384e+001 1.335104e+003
         vertex 1.088000e+003 1.789816e+001 1.335084e+003
         vertex 1.088000e+003 1.801384e+001 1.328836e+003
      endloop
   endfacet
   facet normal 1.000000e+000 0.000000e+000 0.000000e+000
      outer loop
         vertex 1.088000e+003 1.801384e+001 1.328836e+003
         vertex 1.088000e+003 1.789816e+001 1.335084e+003
         vertex 1.088000e+003 1.745717e+001 1.335084e+003
      endloop
   endfacet
   facet normal 1.000000e+000 0.000000e+000 0.000000e+000
      outer loop
         vertex 1.088000e+003 1.801384e+001 1.328836e+003
         vertex 1.088000e+003 1.745717e+001 1.335084e+003
         vertex 1.088000e+003 1.302446e+001 1.328836e+003
      endloop
   endfacet
   facet normal 1.000000e+000 0.000000e+000 0.000000e+000
      outer loop
         vertex 1.088000e+003 1.745717e+001 1.335084e+003
         vertex 1.088000e+003 1.702253e+001 1.335158e+003
         vertex 1.088000e+003 1.302446e+001 1.328836e+003
      endloop
   endfacet
   facet normal 1.000000e+000 0.000000e+000 0.000000e+000
      outer loop
         vertex 1.088000e+003 1.302446e+001 1.328836e+003
         vertex 1.088000e+003 1.702253e+001 1.335158e+003
         vertex 1.088000e+003 1.660673e+001 1.335305e+003
      endloop
   endfacet
   facet normal 1.000000e+000 0.000000e+000 0.000000e+000
      outer loop
         vertex 1.088000e+003 1.302446e+001 1.328836e+003
         vertex 1.088000e+003 1.660673e+001 1.335305e+003
         vertex 1.088000e+003 1.296200e+001 1.328944e+003
      endloop
   endfacet
   facet normal 1.000000e+000 0.000000e+000 0.000000e+000
      outer loop
         vertex 1.088000e+003 1.296200e+001 1.328944e+003
         vertex 1.088000e+003 1.660673e+001 1.335305e+003
         vertex 1.088000e+003 1.622174e+001 1.335520e+003
      endloop
   endfacet
   facet normal 1.000000e+000 0.000000e+000 0.000000e+000
      outer loop
         vertex 1.088000e+003 1.296200e+001 1.328944e+003
         vertex 1.088000e+003 1.622174e+001 1.335520e+003
         vertex 1.088000e+003 1.135894e+001 1.330907e+003
      endloop
   endfacet
   facet normal 1.000000e+000 0.000000e+000 0.000000e+000
      outer loop
         vertex 1.088000e+003 1.135894e+001 1.330907e+003
         vertex 1.088000e+003 1.622174e+001 1.335520e+003
         vertex 1.088000e+003 1.587863e+001 1.335797e+003
      endloop
   endfacet
   facet normal 1.000000e+000 0.000000e+000 0.000000e+000
      outer loop
         vertex 1.088000e+003 1.135894e+001 1.330907e+003
         vertex 1.088000e+003 1.587863e+001 1.335797e+003
         vertex 1.088000e+003 9.461691e+000 1.332588e+003
      endloop
   endfacet
   facet normal 1.000000e+000 0.000000e+000 0.000000e+000
      outer loop
         vertex 1.088000e+003 9.461691e+000 1.332588e+003
         vertex 1.088000e+003 1.587863e+001 1.335797e+003
         vertex 1.088000e+003 1.558728e+001 1.336128e+003
      endloop
   endfacet
   facet normal 1.000000e+000 0.000000e+000 0.000000e+000
      outer loop
         vertex 1.088000e+003 9.461691e+000 1.332588e+003
         vertex 1.088000e+003 1.558728e+001 1.336128e+003
         vertex 1.088000e+003 8.838834e+000 1.332982e+003
      endloop
   endfacet
   facet normal 1.000000e+000 0.000000e+000 0.000000e+000
      outer loop
         vertex 1.088000e+003 1.558728e+001 1.336128e+003
         vertex 1.088000e+003 1.535606e+001 1.336504e+003
         vertex 1.088000e+003 8.838834e+000 1.332982e+003
      endloop
   endfacet
   facet normal 1.000000e+000 0.000000e+000 0.000000e+000
      outer loop
         vertex 1.088000e+003 8.838834e+000 1.332982e+003
         vertex 1.088000e+003 1.535606e+001 1.336504e+003
         vertex 1.088000e+003 1.519164e+001 1.336913e+003
      endloop
   endfacet
   facet normal 1.000000e+000 0.000000e+000 0.000000e+000
      outer loop
         vertex 1.088000e+003 8.838834e+000 1.332982e+003
         vertex 1.088000e+003 1.519164e+001 1.336913e+003
         vertex 1.088000e+003 8.838834e+000 1.338011e+003
      endloop
   endfacet
   facet normal 1.000000e+000 0.000000e+000 0.000000e+000
      outer loop
         vertex 1.088000e+003 8.838834e+000 1.338011e+003
         vertex 1.088000e+003 1.519164e+001 1.336913e+003
         vertex 1.088000e+003 1.509873e+001 1.337344e+003
      endloop
   endfacet
   facet normal 1.000000e+000 0.000000e+000 0.000000e+000
      outer loop
         vertex 1.088000e+003 8.838834e+000 1.338011e+003
         vertex 1.088000e+003 1.509873e+001 1.337344e+003
         vertex 1.088000e+003 1.508001e+001 1.337785e+003
      endloop
   endfacet
   facet normal 1.000000e+000 0.000000e+000 0.000000e+000
      outer loop
         vertex 1.088000e+003 1.801384e+001 1.294203e+003
         vertex 1.088000e+003 1.801384e+001 1.299748e+003
         vertex 1.088000e+003 1.789816e+001 1.299729e+003
      endloop
   endfacet
   facet normal 1.000000e+000 0.000000e+000 0.000000e+000
      outer loop
         vertex 1.088000e+003 1.801384e+001 1.294203e+003
         vertex 1.088000e+003 1.789816e+001 1.299729e+003
         vertex 1.088000e+003 1.730953e+001 1.293679e+003
      endloop
   endfacet
   facet normal 1.000000e+000 0.000000e+000 0.000000e+000
      outer loop
         vertex 1.088000e+003 1.730953e+001 1.293679e+003
         vertex 1.088000e+003 1.789816e+001 1.299729e+003
         vertex 1.088000e+003 1.745717e+001 1.299729e+003
      endloop
   endfacet
   facet normal 1.000000e+000 0.000000e+000 0.000000e+000
      outer loop
         vertex 1.088000e+003 1.730953e+001 1.293679e+003
         vertex 1.088000e+003 1.745717e+001 1.299729e+003
         vertex 1.088000e+003 1.413717e+001 1.291847e+003
      endloop
   endfacet
   facet normal 1.000000e+000 0.000000e+000 0.000000e+000
      outer loop
         vertex 1.088000e+003 1.413717e+001 1.291847e+003
         vertex 1.088000e+003 1.745717e+001 1.299729e+003
         vertex 1.088000e+003 1.702253e+001 1.299803e+003
      endloop
   endfacet
   facet normal 1.000000e+000 0.000000e+000 0.000000e+000
      outer loop
         vertex 1.088000e+003 1.413717e+001 1.291847e+003
         vertex 1.088000e+003 1.702253e+001 1.299803e+003
         vertex 1.088000e+003 1.077363e+001 1.290397e+003
      endloop
   endfacet
   facet normal 1.000000e+000 0.000000e+000 0.000000e+000
      outer loop
         vertex 1.088000e+003 1.077363e+001 1.290397e+003
         vertex 1.088000e+003 1.702253e+001 1.299803e+003
         vertex 1.088000e+003 1.660673e+001 1.299950e+003
      endloop
   endfacet
   facet normal 1.000000e+000 0.000000e+000 0.000000e+000
      outer loop
         vertex 1.088000e+003 1.077363e+001 1.290397e+003
         vertex 1.088000e+003 1.660673e+001 1.299950e+003
         vertex 1.088000e+003 8.838834e+000 1.289817e+003
      endloop
   endfacet
   facet normal 1.000000e+000 0.000000e+000 0.000000e+000
      outer loop
         vertex 1.088000e+003 8.838834e+000 1.289817e+003
         vertex 1.088000e+003 1.660673e+001 1.299950e+003
         vertex 1.088000e+003 1.622174e+001 1.300165e+003
      endloop
   endfacet
   facet normal 1.000000e+000 0.000000e+000 0.000000e+000
      outer loop
         vertex 1.088000e+003 8.838834e+000 1.289817e+003
         vertex 1.088000e+003 1.622174e+001 1.300165e+003
         vertex 1.088000e+003 1.587863e+001 1.300442e+003
      endloop
   endfacet
   facet normal 1.000000e+000 0.000000e+000 0.000000e+000
      outer loop
         vertex 1.088000e+003 1.587863e+001 1.300442e+003
         vertex 1.088000e+003 1.558728e+001 1.300773e+003
         vertex 1.088000e+003 8.838834e+000 1.289817e+003
      endloop
   endfacet
   facet normal 1.000000e+000 0.000000e+000 0.000000e+000
      outer loop
         vertex 1.088000e+003 8.838834e+000 1.289817e+003
         vertex 1.088000e+003 1.558728e+001 1.300773e+003
         vertex 1.088000e+003 1.535606e+001 1.301149e+003
      endloop
   endfacet
   facet normal 1.000000e+000 0.000000e+000 0.000000e+000
      outer loop
         vertex 1.088000e+003 8.838834e+000 1.289817e+003
         vertex 1.088000e+003 1.535606e+001 1.301149e+003
         vertex 1.088000e+003 8.838834e+000 1.301983e+003
      endloop
   endfacet
   facet normal 1.000000e+000 0.000000e+000 0.000000e+000
      outer loop
         vertex 1.088000e+003 8.838834e+000 1.301983e+003
         vertex 1.088000e+003 1.535606e+001 1.301149e+003
         vertex 1.088000e+003 1.519164e+001 1.301558e+003
      endloop
   endfacet
   facet normal 1.000000e+000 0.000000e+000 0.000000e+000
      outer loop
         vertex 1.088000e+003 8.838834e+000 1.301983e+003
         vertex 1.088000e+003 1.519164e+001 1.301558e+003
         vertex 1.088000e+003 1.510000e+001 1.301983e+003
      endloop
   endfacet
   facet normal 1.000000e+000 0.000000e+000 0.000000e+000
      outer loop
         vertex 1.088000e+003 1.976806e+001 1.300773e+003
         vertex 1.088000e+003 1.947671e+001 1.300442e+003
         vertex 1.088000e+003 2.291227e+001 1.298380e+003
      endloop
   endfacet
   facet normal 1.000000e+000 0.000000e+000 0.000000e+000
      outer loop
         vertex 1.088000e+003 1.801384e+001 1.299748e+003
         vertex 1.088000e+003 1.801384e+001 1.294203e+003
         vertex 1.088000e+003 1.833281e+001 1.299803e+003
      endloop
   endfacet
   facet normal 1.000000e+000 0.000000e+000 0.000000e+000
      outer loop
         vertex 1.088000e+003 1.833281e+001 1.299803e+003
         vertex 1.088000e+003 1.801384e+001 1.294203e+003
         vertex 1.088000e+003 2.024781e+001 1.295866e+003
      endloop
   endfacet
   facet normal 1.000000e+000 0.000000e+000 0.000000e+000
      outer loop
         vertex 1.088000e+003 1.833281e+001 1.299803e+003
         vertex 1.088000e+003 2.024781e+001 1.295866e+003
         vertex 1.088000e+003 1.874861e+001 1.299950e+003
      endloop
   endfacet
   facet normal 1.000000e+000 0.000000e+000 0.000000e+000
      outer loop
         vertex 1.088000e+003 2.291227e+001 1.298380e+003
         vertex 1.088000e+003 1.947671e+001 1.300442e+003
         vertex 1.088000e+003 2.024781e+001 1.295866e+003
      endloop
   endfacet
   facet normal 1.000000e+000 0.000000e+000 0.000000e+000
      outer loop
         vertex 1.088000e+003 2.024781e+001 1.295866e+003
         vertex 1.088000e+003 1.947671e+001 1.300442e+003
         vertex 1.088000e+003 1.913360e+001 1.300165e+003
      endloop
   endfacet
   facet normal 1.000000e+000 0.000000e+000 0.000000e+000
      outer loop
         vertex 1.088000e+003 2.024781e+001 1.295866e+003
         vertex 1.088000e+003 1.913360e+001 1.300165e+003
         vertex 1.088000e+003 1.874861e+001 1.299950e+003
      endloop
   endfacet
   facet normal 1.000000e+000 0.000000e+000 0.000000e+000
      outer loop
         vertex 1.088000e+003 2.579085e+001 1.301983e+003
         vertex 1.088000e+003 2.025533e+001 1.301983e+003
         vertex 1.088000e+003 2.526688e+001 1.301186e+003
      endloop
   endfacet
   facet normal 1.000000e+000 0.000000e+000 0.000000e+000
      outer loop
         vertex 1.088000e+003 2.526688e+001 1.301186e+003
         vertex 1.088000e+003 2.025533e+001 1.301983e+003
         vertex 1.088000e+003 2.016370e+001 1.301558e+003
      endloop
   endfacet
   facet normal 1.000000e+000 0.000000e+000 0.000000e+000
      outer loop
         vertex 1.088000e+003 2.526688e+001 1.301186e+003
         vertex 1.088000e+003 2.016370e+001 1.301558e+003
         vertex 1.088000e+003 2.291227e+001 1.298380e+003
      endloop
   endfacet
   facet normal 1.000000e+000 0.000000e+000 0.000000e+000
      outer loop
         vertex 1.088000e+003 2.291227e+001 1.298380e+003
         vertex 1.088000e+003 2.016370e+001 1.301558e+003
         vertex 1.088000e+003 1.999928e+001 1.301149e+003
      endloop
   endfacet
   facet normal 1.000000e+000 0.000000e+000 0.000000e+000
      outer loop
         vertex 1.088000e+003 2.291227e+001 1.298380e+003
         vertex 1.088000e+003 1.999928e+001 1.301149e+003
         vertex 1.088000e+003 1.976806e+001 1.300773e+003
      endloop
   endfacet
   facet normal 1.000000e+000 0.000000e+000 0.000000e+000
      outer loop
         vertex 1.088000e+003 1.801384e+001 1.304891e+003
         vertex 1.088000e+003 1.811707e+001 1.304882e+003
         vertex 1.088000e+003 1.801384e+001 1.311158e+003
      endloop
   endfacet
   facet normal 1.000000e+000 0.000000e+000 0.000000e+000
      outer loop
         vertex 1.088000e+003 1.801384e+001 1.311158e+003
         vertex 1.088000e+003 1.811707e+001 1.304882e+003
         vertex 1.088000e+003 1.854383e+001 1.304771e+003
      endloop
   endfacet
   facet normal 1.000000e+000 0.000000e+000 0.000000e+000
      outer loop
         vertex 1.088000e+003 1.801384e+001 1.311158e+003
         vertex 1.088000e+003 1.854383e+001 1.304771e+003
         vertex 1.088000e+003 3.022300e+001 1.311158e+003
      endloop
   endfacet
   facet normal 1.000000e+000 0.000000e+000 0.000000e+000
      outer loop
         vertex 1.088000e+003 3.022300e+001 1.311158e+003
         vertex 1.088000e+003 1.854383e+001 1.304771e+003
         vertex 1.088000e+003 1.894568e+001 1.304589e+003
      endloop
   endfacet
   facet normal 1.000000e+000 0.000000e+000 0.000000e+000
      outer loop
         vertex 1.088000e+003 1.894568e+001 1.304589e+003
         vertex 1.088000e+003 1.931104e+001 1.304342e+003
         vertex 1.088000e+003 3.022300e+001 1.311158e+003
      endloop
   endfacet
   facet normal 1.000000e+000 0.000000e+000 0.000000e+000
      outer loop
         vertex 1.088000e+003 3.022300e+001 1.311158e+003
         vertex 1.088000e+003 1.931104e+001 1.304342e+003
         vertex 1.088000e+003 1.962942e+001 1.304037e+003
      endloop
   endfacet
   facet normal 1.000000e+000 0.000000e+000 0.000000e+000
      outer loop
         vertex 1.088000e+003 3.022300e+001 1.311158e+003
         vertex 1.088000e+003 1.962942e+001 1.304037e+003
         vertex 1.088000e+003 3.017667e+001 1.310963e+003
      endloop
   endfacet
   facet normal 1.000000e+000 0.000000e+000 0.000000e+000
      outer loop
         vertex 1.088000e+003 3.017667e+001 1.310963e+003
         vertex 1.088000e+003 1.962942e+001 1.304037e+003
         vertex 1.088000e+003 1.989165e+001 1.303682e+003
      endloop
   endfacet
   facet normal 1.000000e+000 0.000000e+000 0.000000e+000
      outer loop
         vertex 1.088000e+003 3.017667e+001 1.310963e+003
         vertex 1.088000e+003 1.989165e+001 1.303682e+003
         vertex 1.088000e+003 2.892381e+001 1.307520e+003
      endloop
   endfacet
   facet normal 1.000000e+000 0.000000e+000 0.000000e+000
      outer loop
         vertex 1.088000e+003 2.892381e+001 1.307520e+003
         vertex 1.088000e+003 1.989165e+001 1.303682e+003
         vertex 1.088000e+003 2.009018e+001 1.303289e+003
      endloop
   endfacet
   facet normal 1.000000e+000 0.000000e+000 0.000000e+000
      outer loop
         vertex 1.088000e+003 2.892381e+001 1.307520e+003
         vertex 1.088000e+003 2.009018e+001 1.303289e+003
         vertex 1.088000e+003 2.727980e+001 1.304247e+003
      endloop
   endfacet
   facet normal 1.000000e+000 0.000000e+000 0.000000e+000
      outer loop
         vertex 1.088000e+003 2.727980e+001 1.304247e+003
         vertex 1.088000e+003 2.009018e+001 1.303289e+003
         vertex 1.088000e+003 2.021931e+001 1.302867e+003
      endloop
   endfacet
   facet normal 1.000000e+000 0.000000e+000 0.000000e+000
      outer loop
         vertex 1.088000e+003 2.727980e+001 1.304247e+003
         vertex 1.088000e+003 2.021931e+001 1.302867e+003
         vertex 1.088000e+003 2.579085e+001 1.301983e+003
      endloop
   endfacet
   facet normal 1.000000e+000 0.000000e+000 0.000000e+000
      outer loop
         vertex 1.088000e+003 2.579085e+001 1.301983e+003
         vertex 1.088000e+003 2.021931e+001 1.302867e+003
         vertex 1.088000e+003 2.027533e+001 1.302430e+003
      endloop
   endfacet
   facet normal 1.000000e+000 0.000000e+000 0.000000e+000
      outer loop
         vertex 1.088000e+003 2.579085e+001 1.301983e+003
         vertex 1.088000e+003 2.027533e+001 1.302430e+003
         vertex 1.088000e+003 2.025661e+001 1.301989e+003
      endloop
   endfacet
   facet normal 1.000000e+000 0.000000e+000 0.000000e+000
      outer loop
         vertex 1.088000e+003 -1.931104e+001 1.304342e+003
         vertex 1.088000e+003 -2.133883e+001 1.311158e+003
         vertex 1.088000e+003 -1.962942e+001 1.304037e+003
      endloop
   endfacet
   facet normal 1.000000e+000 0.000000e+000 0.000000e+000
      outer loop
         vertex 1.088000e+003 -1.962942e+001 1.304037e+003
         vertex 1.088000e+003 -2.133883e+001 1.311158e+003
         vertex 1.088000e+003 -1.989165e+001 1.303682e+003
      endloop
   endfacet
   facet normal 1.000000e+000 0.000000e+000 0.000000e+000
      outer loop
         vertex 1.088000e+003 -1.931104e+001 1.304342e+003
         vertex 1.088000e+003 -1.894568e+001 1.304589e+003
         vertex 1.088000e+003 -2.133883e+001 1.311158e+003
      endloop
   endfacet
   facet normal 1.000000e+000 0.000000e+000 0.000000e+000
      outer loop
         vertex 1.088000e+003 -2.133883e+001 1.311158e+003
         vertex 1.088000e+003 -1.894568e+001 1.304589e+003
         vertex 1.088000e+003 -1.854383e+001 1.304771e+003
      endloop
   endfacet
   facet normal 1.000000e+000 0.000000e+000 0.000000e+000
      outer loop
         vertex 1.088000e+003 -2.133883e+001 1.311158e+003
         vertex 1.088000e+003 -1.854383e+001 1.304771e+003
         vertex 1.088000e+003 -1.801384e+001 1.311158e+003
      endloop
   endfacet
   facet normal 1.000000e+000 0.000000e+000 0.000000e+000
      outer loop
         vertex 1.088000e+003 -1.801384e+001 1.311158e+003
         vertex 1.088000e+003 -1.854383e+001 1.304771e+003
         vertex 1.088000e+003 -1.811707e+001 1.304882e+003
      endloop
   endfacet
   facet normal 1.000000e+000 0.000000e+000 0.000000e+000
      outer loop
         vertex 1.088000e+003 -1.801384e+001 1.311158e+003
         vertex 1.088000e+003 -1.811707e+001 1.304882e+003
         vertex 1.088000e+003 -1.801384e+001 1.304891e+003
      endloop
   endfacet
   facet normal 1.000000e+000 0.000000e+000 0.000000e+000
      outer loop
         vertex 1.088000e+003 -2.025661e+001 1.301989e+003
         vertex 1.088000e+003 -2.027533e+001 1.302430e+003
         vertex 1.088000e+003 -2.133883e+001 1.301983e+003
      endloop
   endfacet
   facet normal 1.000000e+000 0.000000e+000 0.000000e+000
      outer loop
         vertex 1.088000e+003 -2.133883e+001 1.301983e+003
         vertex 1.088000e+003 -2.027533e+001 1.302430e+003
         vertex 1.088000e+003 -2.021931e+001 1.302867e+003
      endloop
   endfacet
   facet normal 1.000000e+000 0.000000e+000 0.000000e+000
      outer loop
         vertex 1.088000e+003 -2.133883e+001 1.301983e+003
         vertex 1.088000e+003 -2.021931e+001 1.302867e+003
         vertex 1.088000e+003 -2.133883e+001 1.311158e+003
      endloop
   endfacet
   facet normal 1.000000e+000 0.000000e+000 0.000000e+000
      outer loop
         vertex 1.088000e+003 -2.133883e+001 1.311158e+003
         vertex 1.088000e+003 -2.021931e+001 1.302867e+003
         vertex 1.088000e+003 -2.009018e+001 1.303289e+003
      endloop
   endfacet
   facet normal 1.000000e+000 0.000000e+000 0.000000e+000
      outer loop
         vertex 1.088000e+003 -2.133883e+001 1.311158e+003
         vertex 1.088000e+003 -2.009018e+001 1.303289e+003
         vertex 1.088000e+003 -1.989165e+001 1.303682e+003
      endloop
   endfacet
   facet normal 1.000000e+000 0.000000e+000 0.000000e+000
      outer loop
         vertex 1.088000e+003 -2.024781e+001 1.295866e+003
         vertex 1.088000e+003 -1.801384e+001 1.294203e+003
         vertex 1.088000e+003 -1.801384e+001 1.299748e+003
      endloop
   endfacet
   facet normal 1.000000e+000 0.000000e+000 0.000000e+000
      outer loop
         vertex 1.088000e+003 -2.133883e+001 1.296896e+003
         vertex 1.088000e+003 -1.947671e+001 1.300442e+003
         vertex 1.088000e+003 -1.976806e+001 1.300773e+003
      endloop
   endfacet
   facet normal 1.000000e+000 0.000000e+000 0.000000e+000
      outer loop
         vertex 1.088000e+003 -1.801384e+001 1.299748e+003
         vertex 1.088000e+003 -1.833281e+001 1.299803e+003
         vertex 1.088000e+003 -2.024781e+001 1.295866e+003
      endloop
   endfacet
   facet normal 1.000000e+000 0.000000e+000 0.000000e+000
      outer loop
         vertex 1.088000e+003 -2.024781e+001 1.295866e+003
         vertex 1.088000e+003 -1.833281e+001 1.299803e+003
         vertex 1.088000e+003 -1.874861e+001 1.299950e+003
      endloop
   endfacet
   facet normal 1.000000e+000 0.000000e+000 0.000000e+000
      outer loop
         vertex 1.088000e+003 -2.024781e+001 1.295866e+003
         vertex 1.088000e+003 -1.874861e+001 1.299950e+003
         vertex 1.088000e+003 -2.133883e+001 1.296896e+003
      endloop
   endfacet
   facet normal 1.000000e+000 0.000000e+000 0.000000e+000
      outer loop
         vertex 1.088000e+003 -2.133883e+001 1.296896e+003
         vertex 1.088000e+003 -1.874861e+001 1.299950e+003
         vertex 1.088000e+003 -1.913360e+001 1.300165e+003
      endloop
   endfacet
   facet normal 1.000000e+000 0.000000e+000 0.000000e+000
      outer loop
         vertex 1.088000e+003 -2.133883e+001 1.296896e+003
         vertex 1.088000e+003 -1.913360e+001 1.300165e+003
         vertex 1.088000e+003 -1.947671e+001 1.300442e+003
      endloop
   endfacet
   facet normal 1.000000e+000 0.000000e+000 0.000000e+000
      outer loop
         vertex 1.088000e+003 -1.999928e+001 1.301149e+003
         vertex 1.088000e+003 -2.016370e+001 1.301558e+003
         vertex 1.088000e+003 -2.133883e+001 1.301983e+003
      endloop
   endfacet
   facet normal 1.000000e+000 0.000000e+000 0.000000e+000
      outer loop
         vertex 1.088000e+003 -2.133883e+001 1.301983e+003
         vertex 1.088000e+003 -2.016370e+001 1.301558e+003
         vertex 1.088000e+003 -2.025533e+001 1.301983e+003
      endloop
   endfacet
   facet normal 1.000000e+000 0.000000e+000 0.000000e+000
      outer loop
         vertex 1.088000e+003 -2.133883e+001 1.301983e+003
         vertex 1.088000e+003 -2.025533e+001 1.301983e+003
         vertex 1.088000e+003 -2.025661e+001 1.301989e+003
      endloop
   endfacet
   facet normal 1.000000e+000 0.000000e+000 0.000000e+000
      outer loop
         vertex 1.088000e+003 -1.558728e+001 1.300773e+003
         vertex 1.088000e+003 -1.587863e+001 1.300442e+003
         vertex 1.088000e+003 -8.838835e+000 1.289817e+003
      endloop
   endfacet
   facet normal 1.000000e+000 0.000000e+000 0.000000e+000
      outer loop
         vertex 1.088000e+003 -8.838835e+000 1.289817e+003
         vertex 1.088000e+003 -1.587863e+001 1.300442e+003
         vertex 1.088000e+003 -1.622174e+001 1.300165e+003
      endloop
   endfacet
   facet normal 1.000000e+000 0.000000e+000 0.000000e+000
      outer loop
         vertex 1.088000e+003 -8.838835e+000 1.289817e+003
         vertex 1.088000e+003 -1.622174e+001 1.300165e+003
         vertex 1.088000e+003 -1.077363e+001 1.290397e+003
      endloop
   endfacet
   facet normal 1.000000e+000 0.000000e+000 0.000000e+000
      outer loop
         vertex 1.088000e+003 -1.077363e+001 1.290397e+003
         vertex 1.088000e+003 -1.622174e+001 1.300165e+003
         vertex 1.088000e+003 -1.660673e+001 1.299950e+003
      endloop
   endfacet
   facet normal 1.000000e+000 0.000000e+000 0.000000e+000
      outer loop
         vertex 1.088000e+003 -1.077363e+001 1.290397e+003
         vertex 1.088000e+003 -1.660673e+001 1.299950e+003
         vertex 1.088000e+003 -1.413717e+001 1.291847e+003
      endloop
   endfacet
   facet normal 1.000000e+000 0.000000e+000 0.000000e+000
      outer loop
         vertex 1.088000e+003 -1.413717e+001 1.291847e+003
         vertex 1.088000e+003 -1.660673e+001 1.299950e+003
         vertex 1.088000e+003 -1.702253e+001 1.299803e+003
      endloop
   endfacet
   facet normal 1.000000e+000 0.000000e+000 0.000000e+000
      outer loop
         vertex 1.088000e+003 -1.413717e+001 1.291847e+003
         vertex 1.088000e+003 -1.702253e+001 1.299803e+003
         vertex 1.088000e+003 -1.730953e+001 1.293679e+003
      endloop
   endfacet
   facet normal 1.000000e+000 0.000000e+000 0.000000e+000
      outer loop
         vertex 1.088000e+003 -1.730953e+001 1.293679e+003
         vertex 1.088000e+003 -1.702253e+001 1.299803e+003
         vertex 1.088000e+003 -1.745717e+001 1.299729e+003
      endloop
   endfacet
   facet normal 1.000000e+000 0.000000e+000 0.000000e+000
      outer loop
         vertex 1.088000e+003 -1.730953e+001 1.293679e+003
         vertex 1.088000e+003 -1.745717e+001 1.299729e+003
         vertex 1.088000e+003 -1.801384e+001 1.294203e+003
      endloop
   endfacet
   facet normal 1.000000e+000 0.000000e+000 0.000000e+000
      outer loop
         vertex 1.088000e+003 -1.801384e+001 1.294203e+003
         vertex 1.088000e+003 -1.745717e+001 1.299729e+003
         vertex 1.088000e+003 -1.789816e+001 1.299729e+003
      endloop
   endfacet
   facet normal 1.000000e+000 0.000000e+000 0.000000e+000
      outer loop
         vertex 1.088000e+003 -1.801384e+001 1.294203e+003
         vertex 1.088000e+003 -1.789816e+001 1.299729e+003
         vertex 1.088000e+003 -1.801384e+001 1.299748e+003
      endloop
   endfacet
   facet normal 1.000000e+000 0.000000e+000 0.000000e+000
      outer loop
         vertex 1.088000e+003 -1.509873e+001 1.301989e+003
         vertex 1.088000e+003 -1.510000e+001 1.301983e+003
         vertex 1.088000e+003 -8.838835e+000 1.301983e+003
      endloop
   endfacet
   facet normal 1.000000e+000 0.000000e+000 0.000000e+000
      outer loop
         vertex 1.088000e+003 -8.838835e+000 1.301983e+003
         vertex 1.088000e+003 -1.510000e+001 1.301983e+003
         vertex 1.088000e+003 -1.519164e+001 1.301558e+003
      endloop
   endfacet
   facet normal 1.000000e+000 0.000000e+000 0.000000e+000
      outer loop
         vertex 1.088000e+003 -8.838835e+000 1.301983e+003
         vertex 1.088000e+003 -1.519164e+001 1.301558e+003
         vertex 1.088000e+003 -8.838835e+000 1.289817e+003
      endloop
   endfacet
   facet normal 1.000000e+000 0.000000e+000 0.000000e+000
      outer loop
         vertex 1.088000e+003 -8.838835e+000 1.289817e+003
         vertex 1.088000e+003 -1.519164e+001 1.301558e+003
         vertex 1.088000e+003 -1.535606e+001 1.301149e+003
      endloop
   endfacet
   facet normal 1.000000e+000 0.000000e+000 0.000000e+000
      outer loop
         vertex 1.088000e+003 -8.838835e+000 1.289817e+003
         vertex 1.088000e+003 -1.535606e+001 1.301149e+003
         vertex 1.088000e+003 -1.558728e+001 1.300773e+003
      endloop
   endfacet
   facet normal 1.000000e+000 0.000000e+000 0.000000e+000
      outer loop
         vertex 1.088000e+003 -1.640966e+001 1.339944e+003
         vertex 1.088000e+003 -1.604430e+001 1.339698e+003
         vertex 1.088000e+003 -8.838835e+000 1.341336e+003
      endloop
   endfacet
   facet normal 1.000000e+000 0.000000e+000 0.000000e+000
      outer loop
         vertex 1.088000e+003 -8.838835e+000 1.341336e+003
         vertex 1.088000e+003 -1.604430e+001 1.339698e+003
         vertex 1.088000e+003 -1.572592e+001 1.339392e+003
      endloop
   endfacet
   facet normal 1.000000e+000 0.000000e+000 0.000000e+000
      outer loop
         vertex 1.088000e+003 -8.838835e+000 1.341336e+003
         vertex 1.088000e+003 -1.572592e+001 1.339392e+003
         vertex 1.088000e+003 -1.546369e+001 1.339038e+003
      endloop
   endfacet
   facet normal 1.000000e+000 0.000000e+000 0.000000e+000
      outer loop
         vertex 1.088000e+003 -1.801384e+001 1.340246e+003
         vertex 1.088000e+003 -1.767767e+001 1.340275e+003
         vertex 1.088000e+003 -1.801384e+001 1.341336e+003
      endloop
   endfacet
   facet normal 1.000000e+000 0.000000e+000 0.000000e+000
      outer loop
         vertex 1.088000e+003 -1.801384e+001 1.341336e+003
         vertex 1.088000e+003 -1.767767e+001 1.340275e+003
         vertex 1.088000e+003 -1.723827e+001 1.340237e+003
      endloop
   endfacet
   facet normal 1.000000e+000 0.000000e+000 0.000000e+000
      outer loop
         vertex 1.088000e+003 -1.801384e+001 1.341336e+003
         vertex 1.088000e+003 -1.723827e+001 1.340237e+003
         vertex 1.088000e+003 -8.838835e+000 1.341336e+003
      endloop
   endfacet
   facet normal 1.000000e+000 0.000000e+000 0.000000e+000
      outer loop
         vertex 1.088000e+003 -8.838835e+000 1.341336e+003
         vertex 1.088000e+003 -1.723827e+001 1.340237e+003
         vertex 1.088000e+003 -1.681151e+001 1.340126e+003
      endloop
   endfacet
   facet normal 1.000000e+000 0.000000e+000 0.000000e+000
      outer loop
         vertex 1.088000e+003 -8.838835e+000 1.341336e+003
         vertex 1.088000e+003 -1.681151e+001 1.340126e+003
         vertex 1.088000e+003 -1.640966e+001 1.339944e+003
      endloop
   endfacet
   facet normal 1.000000e+000 0.000000e+000 0.000000e+000
      outer loop
         vertex 1.088000e+003 -1.526516e+001 1.338644e+003
         vertex 1.088000e+003 -1.513603e+001 1.338222e+003
         vertex 1.088000e+003 -8.838835e+000 1.338011e+003
      endloop
   endfacet
   facet normal 1.000000e+000 0.000000e+000 0.000000e+000
      outer loop
         vertex 1.088000e+003 -8.838835e+000 1.338011e+003
         vertex 1.088000e+003 -1.513603e+001 1.338222e+003
         vertex 1.088000e+003 -1.510893e+001 1.338011e+003
      endloop
   endfacet
   facet normal 1.000000e+000 0.000000e+000 0.000000e+000
      outer loop
         vertex 1.088000e+003 -8.838835e+000 1.338011e+003
         vertex 1.088000e+003 -1.510893e+001 1.338011e+003
         vertex 1.088000e+003 -1.508001e+001 1.337785e+003
      endloop
   endfacet
   facet normal 1.000000e+000 0.000000e+000 0.000000e+000
      outer loop
         vertex 1.088000e+003 -2.009018e+001 1.338644e+003
         vertex 1.088000e+003 -1.989165e+001 1.339038e+003
         vertex 1.088000e+003 -2.133883e+001 1.341336e+003
      endloop
   endfacet
   facet normal 1.000000e+000 0.000000e+000 0.000000e+000
      outer loop
         vertex 1.088000e+003 -1.894568e+001 1.339944e+003
         vertex 1.088000e+003 -1.854383e+001 1.340126e+003
         vertex 1.088000e+003 -1.801384e+001 1.341336e+003
      endloop
   endfacet
   facet normal 1.000000e+000 0.000000e+000 0.000000e+000
      outer loop
         vertex 1.088000e+003 -1.801384e+001 1.341336e+003
         vertex 1.088000e+003 -1.854383e+001 1.340126e+003
         vertex 1.088000e+003 -1.811707e+001 1.340237e+003
      endloop
   endfacet
   facet normal 1.000000e+000 0.000000e+000 0.000000e+000
      outer loop
         vertex 1.088000e+003 -1.801384e+001 1.341336e+003
         vertex 1.088000e+003 -1.811707e+001 1.340237e+003
         vertex 1.088000e+003 -1.801384e+001 1.340246e+003
      endloop
   endfacet
   facet normal 1.000000e+000 0.000000e+000 0.000000e+000
      outer loop
         vertex 1.088000e+003 -1.989165e+001 1.339038e+003
         vertex 1.088000e+003 -1.962942e+001 1.339392e+003
         vertex 1.088000e+003 -2.133883e+001 1.341336e+003
      endloop
   endfacet
   facet normal 1.000000e+000 0.000000e+000 0.000000e+000
      outer loop
         vertex 1.088000e+003 -2.133883e+001 1.341336e+003
         vertex 1.088000e+003 -1.962942e+001 1.339392e+003
         vertex 1.088000e+003 -1.931104e+001 1.339698e+003
      endloop
   endfacet
   facet normal 1.000000e+000 0.000000e+000 0.000000e+000
      outer loop
         vertex 1.088000e+003 -2.133883e+001 1.341336e+003
         vertex 1.088000e+003 -1.931104e+001 1.339698e+003
         vertex 1.088000e+003 -1.894568e+001 1.339944e+003
      endloop
   endfacet
   facet normal 1.000000e+000 0.000000e+000 0.000000e+000
      outer loop
         vertex 1.088000e+003 -2.009018e+001 1.338644e+003
         vertex 1.088000e+003 -2.133883e+001 1.341336e+003
         vertex 1.088000e+003 -2.021931e+001 1.338222e+003
      endloop
   endfacet
   facet normal 1.000000e+000 0.000000e+000 0.000000e+000
      outer loop
         vertex 1.088000e+003 -2.021931e+001 1.338222e+003
         vertex 1.088000e+003 -2.133883e+001 1.341336e+003
         vertex 1.088000e+003 -2.133883e+001 1.338011e+003
      endloop
   endfacet
   facet normal 1.000000e+000 0.000000e+000 0.000000e+000
      outer loop
         vertex 1.088000e+003 -2.021931e+001 1.338222e+003
         vertex 1.088000e+003 -2.133883e+001 1.338011e+003
         vertex 1.088000e+003 -2.024641e+001 1.338011e+003
      endloop
   endfacet
   facet normal 1.000000e+000 0.000000e+000 0.000000e+000
      outer loop
         vertex 1.088000e+003 -1.745717e+001 1.335084e+003
         vertex 1.088000e+003 -1.789816e+001 1.335084e+003
         vertex 1.088000e+003 -1.801384e+001 1.328836e+003
      endloop
   endfacet
   facet normal 1.000000e+000 0.000000e+000 0.000000e+000
      outer loop
         vertex 1.088000e+003 -1.801384e+001 1.328836e+003
         vertex 1.088000e+003 -1.789816e+001 1.335084e+003
         vertex 1.088000e+003 -1.801384e+001 1.335104e+003
      endloop
   endfacet
   facet normal 1.000000e+000 0.000000e+000 0.000000e+000
      outer loop
         vertex 1.088000e+003 -1.801384e+001 1.328836e+003
         vertex 1.088000e+003 -1.801384e+001 1.335104e+003
         vertex 1.088000e+003 -2.133883e+001 1.328836e+003
      endloop
   endfacet
   facet normal 1.000000e+000 0.000000e+000 0.000000e+000
      outer loop
         vertex 1.088000e+003 -1.801384e+001 1.335104e+003
         vertex 1.088000e+003 -1.833281e+001 1.335158e+003
         vertex 1.088000e+003 -2.133883e+001 1.328836e+003
      endloop
   endfacet
   facet normal 1.000000e+000 0.000000e+000 0.000000e+000
      outer loop
         vertex 1.088000e+003 -2.133883e+001 1.328836e+003
         vertex 1.088000e+003 -1.833281e+001 1.335158e+003
         vertex 1.088000e+003 -1.874861e+001 1.335305e+003
      endloop
   endfacet
   facet normal 1.000000e+000 0.000000e+000 0.000000e+000
      outer loop
         vertex 1.088000e+003 -2.133883e+001 1.328836e+003
         vertex 1.088000e+003 -1.874861e+001 1.335305e+003
         vertex 1.088000e+003 -1.913360e+001 1.335520e+003
      endloop
   endfacet
   facet normal 1.000000e+000 0.000000e+000 0.000000e+000
      outer loop
         vertex 1.088000e+003 -1.913360e+001 1.335520e+003
         vertex 1.088000e+003 -1.947671e+001 1.335797e+003
         vertex 1.088000e+003 -2.133883e+001 1.328836e+003
      endloop
   endfacet
   facet normal 1.000000e+000 0.000000e+000 0.000000e+000
      outer loop
         vertex 1.088000e+003 -2.133883e+001 1.328836e+003
         vertex 1.088000e+003 -1.947671e+001 1.335797e+003
         vertex 1.088000e+003 -1.976806e+001 1.336128e+003
      endloop
   endfacet
   facet normal 1.000000e+000 0.000000e+000 0.000000e+000
      outer loop
         vertex 1.088000e+003 -2.133883e+001 1.328836e+003
         vertex 1.088000e+003 -1.976806e+001 1.336128e+003
         vertex 1.088000e+003 -1.999928e+001 1.336504e+003
      endloop
   endfacet
   facet normal 1.000000e+000 0.000000e+000 0.000000e+000
      outer loop
         vertex 1.088000e+003 -1.999928e+001 1.336504e+003
         vertex 1.088000e+003 -2.016370e+001 1.336913e+003
         vertex 1.088000e+003 -2.133883e+001 1.338011e+003
      endloop
   endfacet
   facet normal 1.000000e+000 0.000000e+000 0.000000e+000
      outer loop
         vertex 1.088000e+003 -2.016370e+001 1.336913e+003
         vertex 1.088000e+003 -2.025661e+001 1.337344e+003
         vertex 1.088000e+003 -2.133883e+001 1.338011e+003
      endloop
   endfacet
   facet normal 1.000000e+000 0.000000e+000 0.000000e+000
      outer loop
         vertex 1.088000e+003 -2.133883e+001 1.338011e+003
         vertex 1.088000e+003 -2.025661e+001 1.337344e+003
         vertex 1.088000e+003 -2.027533e+001 1.337785e+003
      endloop
   endfacet
   facet normal 1.000000e+000 0.000000e+000 0.000000e+000
      outer loop
         vertex 1.088000e+003 -2.133883e+001 1.338011e+003
         vertex 1.088000e+003 -2.027533e+001 1.337785e+003
         vertex 1.088000e+003 -2.024641e+001 1.338011e+003
      endloop
   endfacet
   facet normal 1.000000e+000 0.000000e+000 0.000000e+000
      outer loop
         vertex 1.088000e+003 1.513603e+001 1.338222e+003
         vertex 1.088000e+003 1.526516e+001 1.338644e+003
         vertex 1.088000e+003 8.838834e+000 1.341336e+003
      endloop
   endfacet
   facet normal 1.000000e+000 0.000000e+000 0.000000e+000
      outer loop
         vertex 1.088000e+003 1.526516e+001 1.338644e+003
         vertex 1.088000e+003 1.546369e+001 1.339038e+003
         vertex 1.088000e+003 8.838834e+000 1.341336e+003
      endloop
   endfacet
   facet normal 1.000000e+000 0.000000e+000 0.000000e+000
      outer loop
         vertex 1.088000e+003 8.838834e+000 1.341336e+003
         vertex 1.088000e+003 1.546369e+001 1.339038e+003
         vertex 1.088000e+003 1.572592e+001 1.339392e+003
      endloop
   endfacet
   facet normal 1.000000e+000 0.000000e+000 0.000000e+000
      outer loop
         vertex 1.088000e+003 8.838834e+000 1.341336e+003
         vertex 1.088000e+003 1.572592e+001 1.339392e+003
         vertex 1.088000e+003 1.604430e+001 1.339698e+003
      endloop
   endfacet
   facet normal 1.000000e+000 0.000000e+000 0.000000e+000
      outer loop
         vertex 1.088000e+003 1.604430e+001 1.339698e+003
         vertex 1.088000e+003 1.640966e+001 1.339944e+003
         vertex 1.088000e+003 8.838834e+000 1.341336e+003
      endloop
   endfacet
   facet normal 1.000000e+000 0.000000e+000 0.000000e+000
      outer loop
         vertex 1.088000e+003 8.838834e+000 1.341336e+003
         vertex 1.088000e+003 1.640966e+001 1.339944e+003
         vertex 1.088000e+003 1.681151e+001 1.340126e+003
      endloop
   endfacet
   facet normal 1.000000e+000 0.000000e+000 0.000000e+000
      outer loop
         vertex 1.088000e+003 8.838834e+000 1.341336e+003
         vertex 1.088000e+003 1.681151e+001 1.340126e+003
         vertex 1.088000e+003 1.801384e+001 1.341336e+003
      endloop
   endfacet
   facet normal 1.000000e+000 0.000000e+000 0.000000e+000
      outer loop
         vertex 1.088000e+003 1.801384e+001 1.341336e+003
         vertex 1.088000e+003 1.681151e+001 1.340126e+003
         vertex 1.088000e+003 1.723827e+001 1.340237e+003
      endloop
   endfacet
   facet normal 1.000000e+000 0.000000e+000 0.000000e+000
      outer loop
         vertex 1.088000e+003 1.801384e+001 1.341336e+003
         vertex 1.088000e+003 1.723827e+001 1.340237e+003
         vertex 1.088000e+003 1.767767e+001 1.340275e+003
      endloop
   endfacet
   facet normal 1.000000e+000 0.000000e+000 0.000000e+000
      outer loop
         vertex 1.088000e+003 3.022300e+001 1.328836e+003
         vertex 1.088000e+003 1.913360e+001 1.335520e+003
         vertex 1.088000e+003 1.801384e+001 1.328836e+003
      endloop
   endfacet
   facet normal 1.000000e+000 0.000000e+000 0.000000e+000
      outer loop
         vertex 1.088000e+003 1.801384e+001 1.328836e+003
         vertex 1.088000e+003 1.913360e+001 1.335520e+003
         vertex 1.088000e+003 1.874861e+001 1.335305e+003
      endloop
   endfacet
   facet normal 1.000000e+000 0.000000e+000 0.000000e+000
      outer loop
         vertex 1.088000e+003 1.801384e+001 1.328836e+003
         vertex 1.088000e+003 1.874861e+001 1.335305e+003
         vertex 1.088000e+003 1.833281e+001 1.335158e+003
      endloop
   endfacet
   facet normal 1.000000e+000 0.000000e+000 0.000000e+000
      outer loop
         vertex 1.088000e+003 2.727980e+001 1.335747e+003
         vertex 1.088000e+003 2.579085e+001 1.338011e+003
         vertex 1.088000e+003 2.027533e+001 1.337785e+003
      endloop
   endfacet
   facet normal 1.000000e+000 0.000000e+000 0.000000e+000
      outer loop
         vertex 1.088000e+003 2.027533e+001 1.337785e+003
         vertex 1.088000e+003 2.025661e+001 1.337344e+003
         vertex 1.088000e+003 2.727980e+001 1.335747e+003
      endloop
   endfacet
   facet normal 1.000000e+000 0.000000e+000 0.000000e+000
      outer loop
         vertex 1.088000e+003 2.727980e+001 1.335747e+003
         vertex 1.088000e+003 2.025661e+001 1.337344e+003
         vertex 1.088000e+003 2.016370e+001 1.336913e+003
      endloop
   endfacet
   facet normal 1.000000e+000 0.000000e+000 0.000000e+000
      outer loop
         vertex 1.088000e+003 2.727980e+001 1.335747e+003
         vertex 1.088000e+003 2.016370e+001 1.336913e+003
         vertex 1.088000e+003 2.892381e+001 1.332473e+003
      endloop
   endfacet
   facet normal 1.000000e+000 0.000000e+000 0.000000e+000
      outer loop
         vertex 1.088000e+003 2.892381e+001 1.332473e+003
         vertex 1.088000e+003 2.016370e+001 1.336913e+003
         vertex 1.088000e+003 1.999928e+001 1.336504e+003
      endloop
   endfacet
   facet normal 1.000000e+000 0.000000e+000 0.000000e+000
      outer loop
         vertex 1.088000e+003 2.892381e+001 1.332473e+003
         vertex 1.088000e+003 1.999928e+001 1.336504e+003
         vertex 1.088000e+003 3.017667e+001 1.329031e+003
      endloop
   endfacet
   facet normal 1.000000e+000 0.000000e+000 0.000000e+000
      outer loop
         vertex 1.088000e+003 3.017667e+001 1.329031e+003
         vertex 1.088000e+003 1.999928e+001 1.336504e+003
         vertex 1.088000e+003 1.976806e+001 1.336128e+003
      endloop
   endfacet
   facet normal 1.000000e+000 0.000000e+000 0.000000e+000
      outer loop
         vertex 1.088000e+003 3.017667e+001 1.329031e+003
         vertex 1.088000e+003 1.976806e+001 1.336128e+003
         vertex 1.088000e+003 3.022300e+001 1.328836e+003
      endloop
   endfacet
   facet normal 1.000000e+000 0.000000e+000 0.000000e+000
      outer loop
         vertex 1.088000e+003 3.022300e+001 1.328836e+003
         vertex 1.088000e+003 1.976806e+001 1.336128e+003
         vertex 1.088000e+003 1.947671e+001 1.335797e+003
      endloop
   endfacet
   facet normal 1.000000e+000 0.000000e+000 0.000000e+000
      outer loop
         vertex 1.088000e+003 3.022300e+001 1.328836e+003
         vertex 1.088000e+003 1.947671e+001 1.335797e+003
         vertex 1.088000e+003 1.913360e+001 1.335520e+003
      endloop
   endfacet
   facet normal 1.000000e+000 0.000000e+000 0.000000e+000
      outer loop
         vertex 1.088000e+003 1.767767e+001 1.340275e+003
         vertex 1.088000e+003 1.801384e+001 1.340246e+003
         vertex 1.088000e+003 1.801384e+001 1.341336e+003
      endloop
   endfacet
   facet normal 1.000000e+000 0.000000e+000 0.000000e+000
      outer loop
         vertex 1.088000e+003 1.801384e+001 1.341336e+003
         vertex 1.088000e+003 1.801384e+001 1.340246e+003
         vertex 1.088000e+003 1.811707e+001 1.340237e+003
      endloop
   endfacet
   facet normal 1.000000e+000 0.000000e+000 0.000000e+000
      outer loop
         vertex 1.088000e+003 1.801384e+001 1.341336e+003
         vertex 1.088000e+003 1.811707e+001 1.340237e+003
         vertex 1.088000e+003 1.854383e+001 1.340126e+003
      endloop
   endfacet
   facet normal 1.000000e+000 0.000000e+000 0.000000e+000
      outer loop
         vertex 1.088000e+003 1.854383e+001 1.340126e+003
         vertex 1.088000e+003 1.894568e+001 1.339944e+003
         vertex 1.088000e+003 2.314535e+001 1.341336e+003
      endloop
   endfacet
   facet normal 1.000000e+000 0.000000e+000 0.000000e+000
      outer loop
         vertex 1.088000e+003 2.314535e+001 1.341336e+003
         vertex 1.088000e+003 1.894568e+001 1.339944e+003
         vertex 1.088000e+003 1.931104e+001 1.339698e+003
      endloop
   endfacet
   facet normal 1.000000e+000 0.000000e+000 0.000000e+000
      outer loop
         vertex 1.088000e+003 2.314535e+001 1.341336e+003
         vertex 1.088000e+003 1.931104e+001 1.339698e+003
         vertex 1.088000e+003 1.962942e+001 1.339392e+003
      endloop
   endfacet
   facet normal 1.000000e+000 0.000000e+000 0.000000e+000
      outer loop
         vertex 1.088000e+003 1.962942e+001 1.339392e+003
         vertex 1.088000e+003 1.989165e+001 1.339038e+003
         vertex 1.088000e+003 2.314535e+001 1.341336e+003
      endloop
   endfacet
   facet normal 1.000000e+000 0.000000e+000 0.000000e+000
      outer loop
         vertex 1.088000e+003 2.314535e+001 1.341336e+003
         vertex 1.088000e+003 1.989165e+001 1.339038e+003
         vertex 1.088000e+003 2.009018e+001 1.338644e+003
      endloop
   endfacet
   facet normal 1.000000e+000 0.000000e+000 0.000000e+000
      outer loop
         vertex 1.088000e+003 2.314535e+001 1.341336e+003
         vertex 1.088000e+003 2.009018e+001 1.338644e+003
         vertex 1.088000e+003 2.526688e+001 1.338807e+003
      endloop
   endfacet
   facet normal 1.000000e+000 0.000000e+000 0.000000e+000
      outer loop
         vertex 1.088000e+003 2.526688e+001 1.338807e+003
         vertex 1.088000e+003 2.009018e+001 1.338644e+003
         vertex 1.088000e+003 2.021931e+001 1.338222e+003
      endloop
   endfacet
   facet normal 1.000000e+000 0.000000e+000 0.000000e+000
      outer loop
         vertex 1.088000e+003 2.526688e+001 1.338807e+003
         vertex 1.088000e+003 2.021931e+001 1.338222e+003
         vertex 1.088000e+003 2.579085e+001 1.338011e+003
      endloop
   endfacet
   facet normal 1.000000e+000 0.000000e+000 0.000000e+000
      outer loop
         vertex 1.088000e+003 2.579085e+001 1.338011e+003
         vertex 1.088000e+003 2.021931e+001 1.338222e+003
         vertex 1.088000e+003 2.024641e+001 1.338011e+003
      endloop
   endfacet
   facet normal 1.000000e+000 0.000000e+000 0.000000e+000
      outer loop
         vertex 1.088000e+003 2.579085e+001 1.338011e+003
         vertex 1.088000e+003 2.024641e+001 1.338011e+003
         vertex 1.088000e+003 2.027533e+001 1.337785e+003
      endloop
   endfacet
   facet normal 1.000000e+000 0.000000e+000 0.000000e+000
      outer loop
         vertex 1.088000e+003 3.656927e+000 1.288710e+003
         vertex 1.088000e+003 1.070943e+000 1.292628e+003
         vertex 1.088000e+003 6.551429e-001 1.292481e+003
      endloop
   endfacet
   facet normal 1.000000e+000 0.000000e+000 0.000000e+000
      outer loop
         vertex 1.088000e+003 3.656927e+000 1.288710e+003
         vertex 1.088000e+003 6.551429e-001 1.292481e+003
         vertex 1.088000e+003 -7.901647e-008 1.288497e+003
      endloop
   endfacet
   facet normal 1.000000e+000 0.000000e+000 0.000000e+000
      outer loop
         vertex 1.088000e+003 6.551429e-001 1.292481e+003
         vertex 1.088000e+003 2.204953e-001 1.292406e+003
         vertex 1.088000e+003 -7.901647e-008 1.288497e+003
      endloop
   endfacet
   facet normal 1.000000e+000 0.000000e+000 0.000000e+000
      outer loop
         vertex 1.088000e+003 -7.901647e-008 1.288497e+003
         vertex 1.088000e+003 2.204953e-001 1.292406e+003
         vertex 1.088000e+003 -2.204955e-001 1.292406e+003
      endloop
   endfacet
   facet normal 1.000000e+000 0.000000e+000 0.000000e+000
      outer loop
         vertex 1.088000e+003 -7.901647e-008 1.288497e+003
         vertex 1.088000e+003 -2.204955e-001 1.292406e+003
         vertex 1.088000e+003 -3.656927e+000 1.288710e+003
      endloop
   endfacet
   facet normal 1.000000e+000 0.000000e+000 0.000000e+000
      outer loop
         vertex 1.088000e+003 -3.656927e+000 1.288710e+003
         vertex 1.088000e+003 -2.204955e-001 1.292406e+003
         vertex 1.088000e+003 -6.551431e-001 1.292481e+003
      endloop
   endfacet
   facet normal 1.000000e+000 0.000000e+000 0.000000e+000
      outer loop
         vertex 1.088000e+003 -2.412512e+000 1.295966e+003
         vertex 1.088000e+003 -2.213976e+000 1.296360e+003
         vertex 1.088000e+003 -8.838835e+000 1.301983e+003
      endloop
   endfacet
   facet normal 1.000000e+000 0.000000e+000 0.000000e+000
      outer loop
         vertex 1.088000e+003 -6.551431e-001 1.292481e+003
         vertex 1.088000e+003 -1.070943e+000 1.292628e+003
         vertex 1.088000e+003 -3.656927e+000 1.288710e+003
      endloop
   endfacet
   facet normal 1.000000e+000 0.000000e+000 0.000000e+000
      outer loop
         vertex 1.088000e+003 -3.656927e+000 1.288710e+003
         vertex 1.088000e+003 -1.070943e+000 1.292628e+003
         vertex 1.088000e+003 -1.455935e+000 1.292843e+003
      endloop
   endfacet
   facet normal 1.000000e+000 0.000000e+000 0.000000e+000
      outer loop
         vertex 1.088000e+003 -3.656927e+000 1.288710e+003
         vertex 1.088000e+003 -1.455935e+000 1.292843e+003
         vertex 1.088000e+003 -7.264400e+000 1.289346e+003
      endloop
   endfacet
   facet normal 1.000000e+000 0.000000e+000 0.000000e+000
      outer loop
         vertex 1.088000e+003 4.394021e-001 1.297559e+003
         vertex 1.088000e+003 8.661634e-001 1.297448e+003
         vertex 1.088000e+003 8.838834e+000 1.301983e+003
      endloop
   endfacet
   facet normal 1.000000e+000 0.000000e+000 0.000000e+000
      outer loop
         vertex 1.088000e+003 8.838834e+000 1.301983e+003
         vertex 1.088000e+003 8.661634e-001 1.297448e+003
         vertex 1.088000e+003 1.268007e+000 1.297267e+003
      endloop
   endfacet
   facet normal 1.000000e+000 0.000000e+000 0.000000e+000
      outer loop
         vertex 1.088000e+003 -2.213976e+000 1.296360e+003
         vertex 1.088000e+003 -1.951748e+000 1.296715e+003
         vertex 1.088000e+003 -8.838835e+000 1.301983e+003
      endloop
   endfacet
   facet normal 1.000000e+000 0.000000e+000 0.000000e+000
      outer loop
         vertex 1.088000e+003 -8.838835e+000 1.301983e+003
         vertex 1.088000e+003 -1.951748e+000 1.296715e+003
         vertex 1.088000e+003 -1.633372e+000 1.297020e+003
      endloop
   endfacet
   facet normal 1.000000e+000 0.000000e+000 0.000000e+000
      outer loop
         vertex 1.088000e+003 -8.838835e+000 1.301983e+003
         vertex 1.088000e+003 -1.633372e+000 1.297020e+003
         vertex 1.088000e+003 -1.268007e+000 1.297267e+003
      endloop
   endfacet
   facet normal 1.000000e+000 0.000000e+000 0.000000e+000
      outer loop
         vertex 1.088000e+003 1.268007e+000 1.297267e+003
         vertex 1.088000e+003 1.633372e+000 1.297020e+003
         vertex 1.088000e+003 8.838834e+000 1.301983e+003
      endloop
   endfacet
   facet normal 1.000000e+000 0.000000e+000 0.000000e+000
      outer loop
         vertex 1.088000e+003 8.838834e+000 1.301983e+003
         vertex 1.088000e+003 1.633372e+000 1.297020e+003
         vertex 1.088000e+003 1.951748e+000 1.296715e+003
      endloop
   endfacet
   facet normal 1.000000e+000 0.000000e+000 0.000000e+000
      outer loop
         vertex 1.088000e+003 8.838834e+000 1.301983e+003
         vertex 1.088000e+003 1.951748e+000 1.296715e+003
         vertex 1.088000e+003 2.213976e+000 1.296360e+003
      endloop
   endfacet
   facet normal 1.000000e+000 0.000000e+000 0.000000e+000
      outer loop
         vertex 1.088000e+003 7.264400e+000 1.289346e+003
         vertex 1.088000e+003 1.799041e+000 1.293120e+003
         vertex 1.088000e+003 3.656927e+000 1.288710e+003
      endloop
   endfacet
   facet normal 1.000000e+000 0.000000e+000 0.000000e+000
      outer loop
         vertex 1.088000e+003 3.656927e+000 1.288710e+003
         vertex 1.088000e+003 1.799041e+000 1.293120e+003
         vertex 1.088000e+003 1.455934e+000 1.292843e+003
      endloop
   endfacet
   facet normal 1.000000e+000 0.000000e+000 0.000000e+000
      outer loop
         vertex 1.088000e+003 3.656927e+000 1.288710e+003
         vertex 1.088000e+003 1.455934e+000 1.292843e+003
         vertex 1.088000e+003 1.070943e+000 1.292628e+003
      endloop
   endfacet
   facet normal 1.000000e+000 0.000000e+000 0.000000e+000
      outer loop
         vertex 1.088000e+003 -1.268007e+000 1.297267e+003
         vertex 1.088000e+003 -8.661635e-001 1.297448e+003
         vertex 1.088000e+003 -8.838835e+000 1.301983e+003
      endloop
   endfacet
   facet normal 1.000000e+000 0.000000e+000 0.000000e+000
      outer loop
         vertex 1.088000e+003 -8.838835e+000 1.301983e+003
         vertex 1.088000e+003 -8.661635e-001 1.297448e+003
         vertex 1.088000e+003 -4.394022e-001 1.297559e+003
      endloop
   endfacet
   facet normal 1.000000e+000 0.000000e+000 0.000000e+000
      outer loop
         vertex 1.088000e+003 -8.838835e+000 1.301983e+003
         vertex 1.088000e+003 -4.394022e-001 1.297559e+003
         vertex 1.088000e+003 8.838834e+000 1.301983e+003
      endloop
   endfacet
   facet normal 1.000000e+000 0.000000e+000 0.000000e+000
      outer loop
         vertex 1.088000e+003 8.838834e+000 1.301983e+003
         vertex 1.088000e+003 -4.394022e-001 1.297559e+003
         vertex 1.088000e+003 -7.673840e-008 1.297597e+003
      endloop
   endfacet
   facet normal 1.000000e+000 0.000000e+000 0.000000e+000
      outer loop
         vertex 1.088000e+003 8.838834e+000 1.301983e+003
         vertex 1.088000e+003 -7.673840e-008 1.297597e+003
         vertex 1.088000e+003 4.394021e-001 1.297559e+003
      endloop
   endfacet
   facet normal 1.000000e+000 0.000000e+000 0.000000e+000
      outer loop
         vertex 1.088000e+003 -1.455935e+000 1.292843e+003
         vertex 1.088000e+003 -1.799041e+000 1.293120e+003
         vertex 1.088000e+003 -7.264400e+000 1.289346e+003
      endloop
   endfacet
   facet normal 1.000000e+000 0.000000e+000 0.000000e+000
      outer loop
         vertex 1.088000e+003 -7.264400e+000 1.289346e+003
         vertex 1.088000e+003 -1.799041e+000 1.293120e+003
         vertex 1.088000e+003 -2.090393e+000 1.293451e+003
      endloop
   endfacet
   facet normal 1.000000e+000 0.000000e+000 0.000000e+000
      outer loop
         vertex 1.088000e+003 -7.264400e+000 1.289346e+003
         vertex 1.088000e+003 -2.090393e+000 1.293451e+003
         vertex 1.088000e+003 -8.838835e+000 1.289817e+003
      endloop
   endfacet
   facet normal 1.000000e+000 0.000000e+000 0.000000e+000
      outer loop
         vertex 1.088000e+003 -8.838835e+000 1.289817e+003
         vertex 1.088000e+003 -2.090393e+000 1.293451e+003
         vertex 1.088000e+003 -2.321607e+000 1.293826e+003
      endloop
   endfacet
   facet normal 1.000000e+000 0.000000e+000 0.000000e+000
      outer loop
         vertex 1.088000e+003 -8.838835e+000 1.289817e+003
         vertex 1.088000e+003 -2.321607e+000 1.293826e+003
         vertex 1.088000e+003 -2.486034e+000 1.294235e+003
      endloop
   endfacet
   facet normal 1.000000e+000 0.000000e+000 0.000000e+000
      outer loop
         vertex 1.088000e+003 -2.486034e+000 1.294235e+003
         vertex 1.088000e+003 -2.578941e+000 1.294667e+003
         vertex 1.088000e+003 -8.838835e+000 1.289817e+003
      endloop
   endfacet
   facet normal 1.000000e+000 0.000000e+000 0.000000e+000
      outer loop
         vertex 1.088000e+003 -8.838835e+000 1.289817e+003
         vertex 1.088000e+003 -2.578941e+000 1.294667e+003
         vertex 1.088000e+003 -2.597657e+000 1.295107e+003
      endloop
   endfacet
   facet normal 1.000000e+000 0.000000e+000 0.000000e+000
      outer loop
         vertex 1.088000e+003 -8.838835e+000 1.289817e+003
         vertex 1.088000e+003 -2.597657e+000 1.295107e+003
         vertex 1.088000e+003 -8.838835e+000 1.301983e+003
      endloop
   endfacet
   facet normal 1.000000e+000 0.000000e+000 0.000000e+000
      outer loop
         vertex 1.088000e+003 -8.838835e+000 1.301983e+003
         vertex 1.088000e+003 -2.597657e+000 1.295107e+003
         vertex 1.088000e+003 -2.541644e+000 1.295545e+003
      endloop
   endfacet
   facet normal 1.000000e+000 0.000000e+000 0.000000e+000
      outer loop
         vertex 1.088000e+003 -8.838835e+000 1.301983e+003
         vertex 1.088000e+003 -2.541644e+000 1.295545e+003
         vertex 1.088000e+003 -2.412512e+000 1.295966e+003
      endloop
   endfacet
   facet normal 1.000000e+000 0.000000e+000 0.000000e+000
      outer loop
         vertex 1.088000e+003 2.213976e+000 1.296360e+003
         vertex 1.088000e+003 2.412512e+000 1.295966e+003
         vertex 1.088000e+003 8.838834e+000 1.301983e+003
      endloop
   endfacet
   facet normal 1.000000e+000 0.000000e+000 0.000000e+000
      outer loop
         vertex 1.088000e+003 8.838834e+000 1.301983e+003
         vertex 1.088000e+003 2.412512e+000 1.295966e+003
         vertex 1.088000e+003 2.541644e+000 1.295545e+003
      endloop
   endfacet
   facet normal 1.000000e+000 0.000000e+000 0.000000e+000
      outer loop
         vertex 1.088000e+003 8.838834e+000 1.301983e+003
         vertex 1.088000e+003 2.541644e+000 1.295545e+003
         vertex 1.088000e+003 8.838834e+000 1.289817e+003
      endloop
   endfacet
   facet normal 1.000000e+000 0.000000e+000 0.000000e+000
      outer loop
         vertex 1.088000e+003 8.838834e+000 1.289817e+003
         vertex 1.088000e+003 2.541644e+000 1.295545e+003
         vertex 1.088000e+003 2.597657e+000 1.295107e+003
      endloop
   endfacet
   facet normal 1.000000e+000 0.000000e+000 0.000000e+000
      outer loop
         vertex 1.088000e+003 8.838834e+000 1.289817e+003
         vertex 1.088000e+003 2.597657e+000 1.295107e+003
         vertex 1.088000e+003 2.578941e+000 1.294667e+003
      endloop
   endfacet
   facet normal 1.000000e+000 0.000000e+000 0.000000e+000
      outer loop
         vertex 1.088000e+003 2.578941e+000 1.294667e+003
         vertex 1.088000e+003 2.486033e+000 1.294235e+003
         vertex 1.088000e+003 8.838834e+000 1.289817e+003
      endloop
   endfacet
   facet normal 1.000000e+000 0.000000e+000 0.000000e+000
      outer loop
         vertex 1.088000e+003 8.838834e+000 1.289817e+003
         vertex 1.088000e+003 2.486033e+000 1.294235e+003
         vertex 1.088000e+003 2.321607e+000 1.293826e+003
      endloop
   endfacet
   facet normal 1.000000e+000 0.000000e+000 0.000000e+000
      outer loop
         vertex 1.088000e+003 8.838834e+000 1.289817e+003
         vertex 1.088000e+003 2.321607e+000 1.293826e+003
         vertex 1.088000e+003 7.264400e+000 1.289346e+003
      endloop
   endfacet
   facet normal 1.000000e+000 0.000000e+000 0.000000e+000
      outer loop
         vertex 1.088000e+003 7.264400e+000 1.289346e+003
         vertex 1.088000e+003 2.321607e+000 1.293826e+003
         vertex 1.088000e+003 2.090392e+000 1.293451e+003
      endloop
   endfacet
   facet normal 1.000000e+000 0.000000e+000 0.000000e+000
      outer loop
         vertex 1.088000e+003 7.264400e+000 1.289346e+003
         vertex 1.088000e+003 2.090392e+000 1.293451e+003
         vertex 1.088000e+003 1.799041e+000 1.293120e+003
      endloop
   endfacet
   facet normal 1.000000e+000 0.000000e+000 0.000000e+000
      outer loop
         vertex 1.088000e+003 -1.976806e+001 1.300773e+003
         vertex 1.088000e+003 -1.999928e+001 1.301149e+003
         vertex 1.088000e+003 -2.133883e+001 1.296896e+003
      endloop
   endfacet
   facet normal 1.000000e+000 0.000000e+000 0.000000e+000
      outer loop
         vertex 1.088000e+003 -2.133883e+001 1.296896e+003
         vertex 1.088000e+003 -1.999928e+001 1.301149e+003
         vertex 1.088000e+003 -2.133883e+001 1.301983e+003
      endloop
   endfacet
   facet normal 1.000000e+000 0.000000e+000 0.000000e+000
      outer loop
         vertex 1.088000e+003 -2.133883e+001 1.296896e+003
         vertex 1.088000e+003 -2.133883e+001 1.301983e+003
         vertex 1.088000e+003 -2.291227e+001 1.298380e+003
      endloop
   endfacet
   facet normal 1.000000e+000 0.000000e+000 0.000000e+000
      outer loop
         vertex 1.088000e+003 -2.291227e+001 1.298380e+003
         vertex 1.088000e+003 -2.133883e+001 1.301983e+003
         vertex 1.088000e+003 -2.526688e+001 1.301186e+003
      endloop
   endfacet
   facet normal 1.000000e+000 0.000000e+000 0.000000e+000
      outer loop
         vertex 1.088000e+003 -2.133883e+001 1.311158e+003
         vertex 1.088000e+003 -3.022300e+001 1.311158e+003
         vertex 1.088000e+003 -3.017667e+001 1.310963e+003
      endloop
   endfacet
   facet normal 1.000000e+000 0.000000e+000 0.000000e+000
      outer loop
         vertex 1.088000e+003 -3.017667e+001 1.310963e+003
         vertex 1.088000e+003 -2.892381e+001 1.307520e+003
         vertex 1.088000e+003 -2.133883e+001 1.311158e+003
      endloop
   endfacet
   facet normal 1.000000e+000 0.000000e+000 0.000000e+000
      outer loop
         vertex 1.088000e+003 -2.133883e+001 1.311158e+003
         vertex 1.088000e+003 -2.892381e+001 1.307520e+003
         vertex 1.088000e+003 -2.727980e+001 1.304247e+003
      endloop
   endfacet
   facet normal 1.000000e+000 0.000000e+000 0.000000e+000
      outer loop
         vertex 1.088000e+003 -2.133883e+001 1.311158e+003
         vertex 1.088000e+003 -2.727980e+001 1.304247e+003
         vertex 1.088000e+003 -2.133883e+001 1.301983e+003
      endloop
   endfacet
   facet normal 1.000000e+000 0.000000e+000 0.000000e+000
      outer loop
         vertex 1.088000e+003 -2.133883e+001 1.301983e+003
         vertex 1.088000e+003 -2.727980e+001 1.304247e+003
         vertex 1.088000e+003 -2.579085e+001 1.301983e+003
      endloop
   endfacet
   facet normal 1.000000e+000 0.000000e+000 0.000000e+000
      outer loop
         vertex 1.088000e+003 -2.133883e+001 1.301983e+003
         vertex 1.088000e+003 -2.579085e+001 1.301983e+003
         vertex 1.088000e+003 -2.526688e+001 1.301186e+003
      endloop
   endfacet
   facet normal 1.000000e+000 0.000000e+000 0.000000e+000
      outer loop
         vertex 1.088000e+003 -2.133883e+001 1.311158e+003
         vertex 1.088000e+003 -2.477950e+001 1.317406e+003
         vertex 1.088000e+003 -3.022300e+001 1.311158e+003
      endloop
   endfacet
   facet normal 1.000000e+000 0.000000e+000 0.000000e+000
      outer loop
         vertex 1.088000e+003 -3.022300e+001 1.311158e+003
         vertex 1.088000e+003 -2.477950e+001 1.317406e+003
         vertex 1.088000e+003 -2.522050e+001 1.317406e+003
      endloop
   endfacet
   facet normal 1.000000e+000 0.000000e+000 0.000000e+000
      outer loop
         vertex 1.088000e+003 -3.022300e+001 1.311158e+003
         vertex 1.088000e+003 -2.522050e+001 1.317406e+003
         vertex 1.088000e+003 -2.565514e+001 1.317481e+003
      endloop
   endfacet
   facet normal 1.000000e+000 0.000000e+000 0.000000e+000
      outer loop
         vertex 1.088000e+003 -2.320096e+001 1.318120e+003
         vertex 1.088000e+003 -2.354407e+001 1.317843e+003
         vertex 1.088000e+003 -2.133883e+001 1.311158e+003
      endloop
   endfacet
   facet normal 1.000000e+000 0.000000e+000 0.000000e+000
      outer loop
         vertex 1.088000e+003 -2.133883e+001 1.311158e+003
         vertex 1.088000e+003 -2.354407e+001 1.317843e+003
         vertex 1.088000e+003 -2.392906e+001 1.317628e+003
      endloop
   endfacet
   facet normal 1.000000e+000 0.000000e+000 0.000000e+000
      outer loop
         vertex 1.088000e+003 -2.133883e+001 1.311158e+003
         vertex 1.088000e+003 -2.392906e+001 1.317628e+003
         vertex 1.088000e+003 -2.434486e+001 1.317481e+003
      endloop
   endfacet
   facet normal 1.000000e+000 0.000000e+000 0.000000e+000
      outer loop
         vertex 1.088000e+003 -2.456060e+001 1.322559e+003
         vertex 1.088000e+003 -2.413384e+001 1.322448e+003
         vertex 1.088000e+003 -2.133883e+001 1.328836e+003
      endloop
   endfacet
   facet normal 1.000000e+000 0.000000e+000 0.000000e+000
      outer loop
         vertex 1.088000e+003 -2.565514e+001 1.317481e+003
         vertex 1.088000e+003 -2.607094e+001 1.317628e+003
         vertex 1.088000e+003 -3.022300e+001 1.311158e+003
      endloop
   endfacet
   facet normal 1.000000e+000 0.000000e+000 0.000000e+000
      outer loop
         vertex 1.088000e+003 -3.022300e+001 1.311158e+003
         vertex 1.088000e+003 -2.607094e+001 1.317628e+003
         vertex 1.088000e+003 -2.645593e+001 1.317843e+003
      endloop
   endfacet
   facet normal 1.000000e+000 0.000000e+000 0.000000e+000
      outer loop
         vertex 1.088000e+003 -3.022300e+001 1.311158e+003
         vertex 1.088000e+003 -2.645593e+001 1.317843e+003
         vertex 1.088000e+003 -3.102144e+001 1.314527e+003
      endloop
   endfacet
   facet normal 1.000000e+000 0.000000e+000 0.000000e+000
      outer loop
         vertex 1.088000e+003 -2.754164e+001 1.320545e+003
         vertex 1.088000e+003 -2.741251e+001 1.320966e+003
         vertex 1.088000e+003 -3.144671e+001 1.321828e+003
      endloop
   endfacet
   facet normal 1.000000e+000 0.000000e+000 0.000000e+000
      outer loop
         vertex 1.088000e+003 -2.413384e+001 1.322448e+003
         vertex 1.088000e+003 -2.373199e+001 1.322267e+003
         vertex 1.088000e+003 -2.133883e+001 1.328836e+003
      endloop
   endfacet
   facet normal 1.000000e+000 0.000000e+000 0.000000e+000
      outer loop
         vertex 1.088000e+003 -2.133883e+001 1.328836e+003
         vertex 1.088000e+003 -2.373199e+001 1.322267e+003
         vertex 1.088000e+003 -2.336663e+001 1.322020e+003
      endloop
   endfacet
   facet normal 1.000000e+000 0.000000e+000 0.000000e+000
      outer loop
         vertex 1.088000e+003 -2.133883e+001 1.328836e+003
         vertex 1.088000e+003 -2.336663e+001 1.322020e+003
         vertex 1.088000e+003 -2.304825e+001 1.321715e+003
      endloop
   endfacet
   facet normal 1.000000e+000 0.000000e+000 0.000000e+000
      outer loop
         vertex 1.088000e+003 -2.304825e+001 1.321715e+003
         vertex 1.088000e+003 -2.278602e+001 1.321360e+003
         vertex 1.088000e+003 -2.133883e+001 1.328836e+003
      endloop
   endfacet
   facet normal 1.000000e+000 0.000000e+000 0.000000e+000
      outer loop
         vertex 1.088000e+003 -2.133883e+001 1.328836e+003
         vertex 1.088000e+003 -2.278602e+001 1.321360e+003
         vertex 1.088000e+003 -2.258749e+001 1.320966e+003
      endloop
   endfacet
   facet normal 1.000000e+000 0.000000e+000 0.000000e+000
      outer loop
         vertex 1.088000e+003 -2.133883e+001 1.328836e+003
         vertex 1.088000e+003 -2.258749e+001 1.320966e+003
         vertex 1.088000e+003 -2.245835e+001 1.320545e+003
      endloop
   endfacet
   facet normal 1.000000e+000 0.000000e+000 0.000000e+000
      outer loop
         vertex 1.088000e+003 -3.144671e+001 1.321828e+003
         vertex 1.088000e+003 -2.741251e+001 1.320966e+003
         vertex 1.088000e+003 -3.102144e+001 1.325467e+003
      endloop
   endfacet
   facet normal 1.000000e+000 0.000000e+000 0.000000e+000
      outer loop
         vertex 1.088000e+003 -2.741251e+001 1.320966e+003
         vertex 1.088000e+003 -2.721398e+001 1.321360e+003
         vertex 1.088000e+003 -3.102144e+001 1.325467e+003
      endloop
   endfacet
   facet normal 1.000000e+000 0.000000e+000 0.000000e+000
      outer loop
         vertex 1.088000e+003 -3.102144e+001 1.325467e+003
         vertex 1.088000e+003 -2.721398e+001 1.321360e+003
         vertex 1.088000e+003 -2.695175e+001 1.321715e+003
      endloop
   endfacet
   facet normal 1.000000e+000 0.000000e+000 0.000000e+000
      outer loop
         vertex 1.088000e+003 -3.102144e+001 1.325467e+003
         vertex 1.088000e+003 -2.695175e+001 1.321715e+003
         vertex 1.088000e+003 -3.022300e+001 1.328836e+003
      endloop
   endfacet
   facet normal 1.000000e+000 0.000000e+000 0.000000e+000
      outer loop
         vertex 1.088000e+003 -3.022300e+001 1.328836e+003
         vertex 1.088000e+003 -2.695175e+001 1.321715e+003
         vertex 1.088000e+003 -2.663337e+001 1.322020e+003
      endloop
   endfacet
   facet normal 1.000000e+000 0.000000e+000 0.000000e+000
      outer loop
         vertex 1.088000e+003 -3.022300e+001 1.328836e+003
         vertex 1.088000e+003 -2.663337e+001 1.322020e+003
         vertex 1.088000e+003 -2.626801e+001 1.322267e+003
      endloop
   endfacet
   facet normal 1.000000e+000 0.000000e+000 0.000000e+000
      outer loop
         vertex 1.088000e+003 -2.242106e+001 1.319667e+003
         vertex 1.088000e+003 -2.251397e+001 1.319236e+003
         vertex 1.088000e+003 -2.133883e+001 1.311158e+003
      endloop
   endfacet
   facet normal 1.000000e+000 0.000000e+000 0.000000e+000
      outer loop
         vertex 1.088000e+003 -2.626801e+001 1.322267e+003
         vertex 1.088000e+003 -2.586616e+001 1.322448e+003
         vertex 1.088000e+003 -3.022300e+001 1.328836e+003
      endloop
   endfacet
   facet normal 1.000000e+000 0.000000e+000 0.000000e+000
      outer loop
         vertex 1.088000e+003 -3.022300e+001 1.328836e+003
         vertex 1.088000e+003 -2.586616e+001 1.322448e+003
         vertex 1.088000e+003 -2.543940e+001 1.322559e+003
      endloop
   endfacet
   facet normal 1.000000e+000 0.000000e+000 0.000000e+000
      outer loop
         vertex 1.088000e+003 -3.022300e+001 1.328836e+003
         vertex 1.088000e+003 -2.543940e+001 1.322559e+003
         vertex 1.088000e+003 -2.133883e+001 1.328836e+003
      endloop
   endfacet
   facet normal 1.000000e+000 0.000000e+000 0.000000e+000
      outer loop
         vertex 1.088000e+003 -2.133883e+001 1.328836e+003
         vertex 1.088000e+003 -2.543940e+001 1.322559e+003
         vertex 1.088000e+003 -2.500000e+001 1.322597e+003
      endloop
   endfacet
   facet normal 1.000000e+000 0.000000e+000 0.000000e+000
      outer loop
         vertex 1.088000e+003 -2.133883e+001 1.328836e+003
         vertex 1.088000e+003 -2.500000e+001 1.322597e+003
         vertex 1.088000e+003 -2.456060e+001 1.322559e+003
      endloop
   endfacet
   facet normal 1.000000e+000 0.000000e+000 0.000000e+000
      outer loop
         vertex 1.088000e+003 -2.242106e+001 1.319667e+003
         vertex 1.088000e+003 -2.133883e+001 1.311158e+003
         vertex 1.088000e+003 -2.240234e+001 1.320107e+003
      endloop
   endfacet
   facet normal 1.000000e+000 0.000000e+000 0.000000e+000
      outer loop
         vertex 1.088000e+003 -2.251397e+001 1.319236e+003
         vertex 1.088000e+003 -2.267839e+001 1.318826e+003
         vertex 1.088000e+003 -2.133883e+001 1.311158e+003
      endloop
   endfacet
   facet normal 1.000000e+000 0.000000e+000 0.000000e+000
      outer loop
         vertex 1.088000e+003 -2.133883e+001 1.311158e+003
         vertex 1.088000e+003 -2.267839e+001 1.318826e+003
         vertex 1.088000e+003 -2.290961e+001 1.318451e+003
      endloop
   endfacet
   facet normal 1.000000e+000 0.000000e+000 0.000000e+000
      outer loop
         vertex 1.088000e+003 -2.133883e+001 1.311158e+003
         vertex 1.088000e+003 -2.290961e+001 1.318451e+003
         vertex 1.088000e+003 -2.320096e+001 1.318120e+003
      endloop
   endfacet
   facet normal 1.000000e+000 0.000000e+000 0.000000e+000
      outer loop
         vertex 1.088000e+003 -2.645593e+001 1.317843e+003
         vertex 1.088000e+003 -2.679904e+001 1.318120e+003
         vertex 1.088000e+003 -3.102144e+001 1.314527e+003
      endloop
   endfacet
   facet normal 1.000000e+000 0.000000e+000 0.000000e+000
      outer loop
         vertex 1.088000e+003 -3.102144e+001 1.314527e+003
         vertex 1.088000e+003 -2.679904e+001 1.318120e+003
         vertex 1.088000e+003 -2.709039e+001 1.318451e+003
      endloop
   endfacet
   facet normal 1.000000e+000 0.000000e+000 0.000000e+000
      outer loop
         vertex 1.088000e+003 -3.102144e+001 1.314527e+003
         vertex 1.088000e+003 -2.709039e+001 1.318451e+003
         vertex 1.088000e+003 -3.144671e+001 1.318165e+003
      endloop
   endfacet
   facet normal 1.000000e+000 0.000000e+000 0.000000e+000
      outer loop
         vertex 1.088000e+003 -3.144671e+001 1.318165e+003
         vertex 1.088000e+003 -2.709039e+001 1.318451e+003
         vertex 1.088000e+003 -2.732161e+001 1.318826e+003
      endloop
   endfacet
   facet normal 1.000000e+000 0.000000e+000 0.000000e+000
      outer loop
         vertex 1.088000e+003 -2.732161e+001 1.318826e+003
         vertex 1.088000e+003 -2.748603e+001 1.319236e+003
         vertex 1.088000e+003 -3.144671e+001 1.318165e+003
      endloop
   endfacet
   facet normal 1.000000e+000 0.000000e+000 0.000000e+000
      outer loop
         vertex 1.088000e+003 -3.144671e+001 1.318165e+003
         vertex 1.088000e+003 -2.748603e+001 1.319236e+003
         vertex 1.088000e+003 -2.757894e+001 1.319667e+003
      endloop
   endfacet
   facet normal 1.000000e+000 0.000000e+000 0.000000e+000
      outer loop
         vertex 1.088000e+003 -3.144671e+001 1.318165e+003
         vertex 1.088000e+003 -2.757894e+001 1.319667e+003
         vertex 1.088000e+003 -3.144671e+001 1.321828e+003
      endloop
   endfacet
   facet normal 1.000000e+000 0.000000e+000 0.000000e+000
      outer loop
         vertex 1.088000e+003 -3.144671e+001 1.321828e+003
         vertex 1.088000e+003 -2.757894e+001 1.319667e+003
         vertex 1.088000e+003 -2.759766e+001 1.320107e+003
      endloop
   endfacet
   facet normal 1.000000e+000 0.000000e+000 0.000000e+000
      outer loop
         vertex 1.088000e+003 -3.144671e+001 1.321828e+003
         vertex 1.088000e+003 -2.759766e+001 1.320107e+003
         vertex 1.088000e+003 -2.754164e+001 1.320545e+003
      endloop
   endfacet
   facet normal 1.000000e+000 0.000000e+000 0.000000e+000
      outer loop
         vertex 1.088000e+003 -1.999928e+001 1.336504e+003
         vertex 1.088000e+003 -2.133883e+001 1.338011e+003
         vertex 1.088000e+003 -2.133883e+001 1.328836e+003
      endloop
   endfacet
   facet normal 1.000000e+000 0.000000e+000 0.000000e+000
      outer loop
         vertex 1.088000e+003 -2.133883e+001 1.328836e+003
         vertex 1.088000e+003 -2.133883e+001 1.338011e+003
         vertex 1.088000e+003 -2.579085e+001 1.338011e+003
      endloop
   endfacet
   facet normal 1.000000e+000 0.000000e+000 0.000000e+000
      outer loop
         vertex 1.088000e+003 -2.133883e+001 1.328836e+003
         vertex 1.088000e+003 -2.579085e+001 1.338011e+003
         vertex 1.088000e+003 -2.727980e+001 1.335747e+003
      endloop
   endfacet
   facet normal 1.000000e+000 0.000000e+000 0.000000e+000
      outer loop
         vertex 1.088000e+003 -2.727980e+001 1.335747e+003
         vertex 1.088000e+003 -2.892381e+001 1.332473e+003
         vertex 1.088000e+003 -2.133883e+001 1.328836e+003
      endloop
   endfacet
   facet normal 1.000000e+000 0.000000e+000 0.000000e+000
      outer loop
         vertex 1.088000e+003 -2.133883e+001 1.328836e+003
         vertex 1.088000e+003 -2.892381e+001 1.332473e+003
         vertex 1.088000e+003 -3.017667e+001 1.329031e+003
      endloop
   endfacet
   facet normal 1.000000e+000 0.000000e+000 0.000000e+000
      outer loop
         vertex 1.088000e+003 -2.133883e+001 1.328836e+003
         vertex 1.088000e+003 -3.017667e+001 1.329031e+003
         vertex 1.088000e+003 -3.022300e+001 1.328836e+003
      endloop
   endfacet
   facet normal 1.000000e+000 0.000000e+000 0.000000e+000
      outer loop
         vertex 1.088000e+003 -2.133883e+001 1.343098e+003
         vertex 1.088000e+003 -2.291227e+001 1.341614e+003
         vertex 1.088000e+003 -2.133883e+001 1.341336e+003
      endloop
   endfacet
   facet normal 1.000000e+000 0.000000e+000 0.000000e+000
      outer loop
         vertex 1.088000e+003 -2.133883e+001 1.341336e+003
         vertex 1.088000e+003 -2.291227e+001 1.341614e+003
         vertex 1.088000e+003 -2.314535e+001 1.341336e+003
      endloop
   endfacet
   facet normal 1.000000e+000 0.000000e+000 0.000000e+000
      outer loop
         vertex 1.088000e+003 -2.133883e+001 1.341336e+003
         vertex 1.088000e+003 -2.314535e+001 1.341336e+003
         vertex 1.088000e+003 -2.133883e+001 1.338011e+003
      endloop
   endfacet
   facet normal 1.000000e+000 0.000000e+000 0.000000e+000
      outer loop
         vertex 1.088000e+003 -2.133883e+001 1.338011e+003
         vertex 1.088000e+003 -2.314535e+001 1.341336e+003
         vertex 1.088000e+003 -2.526688e+001 1.338807e+003
      endloop
   endfacet
   facet normal 1.000000e+000 0.000000e+000 0.000000e+000
      outer loop
         vertex 1.088000e+003 -2.133883e+001 1.338011e+003
         vertex 1.088000e+003 -2.526688e+001 1.338807e+003
         vertex 1.088000e+003 -2.579085e+001 1.338011e+003
      endloop
   endfacet
   facet normal 1.000000e+000 0.000000e+000 0.000000e+000
      outer loop
         vertex 1.088000e+003 -1.894568e+001 1.339944e+003
         vertex 1.088000e+003 -1.801384e+001 1.341336e+003
         vertex 1.088000e+003 -2.133883e+001 1.341336e+003
      endloop
   endfacet
   facet normal 1.000000e+000 0.000000e+000 0.000000e+000
      outer loop
         vertex 1.088000e+003 -2.133883e+001 1.341336e+003
         vertex 1.088000e+003 -1.801384e+001 1.341336e+003
         vertex 1.088000e+003 -2.024781e+001 1.344127e+003
      endloop
   endfacet
   facet normal 1.000000e+000 0.000000e+000 0.000000e+000
      outer loop
         vertex 1.088000e+003 -2.133883e+001 1.341336e+003
         vertex 1.088000e+003 -2.024781e+001 1.344127e+003
         vertex 1.088000e+003 -2.133883e+001 1.343098e+003
      endloop
   endfacet
   facet normal 1.000000e+000 0.000000e+000 0.000000e+000
      outer loop
         vertex 1.088000e+003 -8.838835e+000 1.341336e+003
         vertex 1.088000e+003 -8.838835e+000 1.350177e+003
         vertex 1.088000e+003 -1.077363e+001 1.349597e+003
      endloop
   endfacet
   facet normal 1.000000e+000 0.000000e+000 0.000000e+000
      outer loop
         vertex 1.088000e+003 -1.077363e+001 1.349597e+003
         vertex 1.088000e+003 -1.413717e+001 1.348146e+003
         vertex 1.088000e+003 -8.838835e+000 1.341336e+003
      endloop
   endfacet
   facet normal 1.000000e+000 0.000000e+000 0.000000e+000
      outer loop
         vertex 1.088000e+003 -8.838835e+000 1.341336e+003
         vertex 1.088000e+003 -1.413717e+001 1.348146e+003
         vertex 1.088000e+003 -1.730953e+001 1.346315e+003
      endloop
   endfacet
   facet normal 1.000000e+000 0.000000e+000 0.000000e+000
      outer loop
         vertex 1.088000e+003 -8.838835e+000 1.341336e+003
         vertex 1.088000e+003 -1.730953e+001 1.346315e+003
         vertex 1.088000e+003 -1.801384e+001 1.341336e+003
      endloop
   endfacet
   facet normal 1.000000e+000 0.000000e+000 0.000000e+000
      outer loop
         vertex 1.088000e+003 -1.801384e+001 1.341336e+003
         vertex 1.088000e+003 -1.730953e+001 1.346315e+003
         vertex 1.088000e+003 -1.801384e+001 1.345790e+003
      endloop
   endfacet
   facet normal 1.000000e+000 0.000000e+000 0.000000e+000
      outer loop
         vertex 1.088000e+003 -1.801384e+001 1.341336e+003
         vertex 1.088000e+003 -1.801384e+001 1.345790e+003
         vertex 1.088000e+003 -2.024781e+001 1.344127e+003
      endloop
   endfacet
   facet normal 1.000000e+000 0.000000e+000 0.000000e+000
      outer loop
         vertex 1.088000e+003 8.838834e+000 1.341336e+003
         vertex 1.088000e+003 2.204953e-001 1.342406e+003
         vertex 1.088000e+003 -8.838835e+000 1.341336e+003
      endloop
   endfacet
   facet normal 1.000000e+000 0.000000e+000 0.000000e+000
      outer loop
         vertex 1.088000e+003 -8.838835e+000 1.341336e+003
         vertex 1.088000e+003 2.204953e-001 1.342406e+003
         vertex 1.088000e+003 -2.204955e-001 1.342406e+003
      endloop
   endfacet
   facet normal 1.000000e+000 0.000000e+000 0.000000e+000
      outer loop
         vertex 1.088000e+003 -8.838835e+000 1.341336e+003
         vertex 1.088000e+003 -2.204955e-001 1.342406e+003
         vertex 1.088000e+003 -6.551431e-001 1.342481e+003
      endloop
   endfacet
   facet normal 1.000000e+000 0.000000e+000 0.000000e+000
      outer loop
         vertex 1.088000e+003 -6.551431e-001 1.342481e+003
         vertex 1.088000e+003 -1.070943e+000 1.342628e+003
         vertex 1.088000e+003 -8.838835e+000 1.341336e+003
      endloop
   endfacet
   facet normal 1.000000e+000 0.000000e+000 0.000000e+000
      outer loop
         vertex 1.088000e+003 -8.838835e+000 1.341336e+003
         vertex 1.088000e+003 -1.070943e+000 1.342628e+003
         vertex 1.088000e+003 -1.455935e+000 1.342843e+003
      endloop
   endfacet
   facet normal 1.000000e+000 0.000000e+000 0.000000e+000
      outer loop
         vertex 1.088000e+003 -8.838835e+000 1.341336e+003
         vertex 1.088000e+003 -1.455935e+000 1.342843e+003
         vertex 1.088000e+003 -1.799041e+000 1.343120e+003
      endloop
   endfacet
   facet normal 1.000000e+000 0.000000e+000 0.000000e+000
      outer loop
         vertex 1.088000e+003 1.799041e+000 1.343120e+003
         vertex 1.088000e+003 1.455934e+000 1.342843e+003
         vertex 1.088000e+003 8.838834e+000 1.341336e+003
      endloop
   endfacet
   facet normal 1.000000e+000 0.000000e+000 0.000000e+000
      outer loop
         vertex 1.088000e+003 8.838834e+000 1.341336e+003
         vertex 1.088000e+003 1.455934e+000 1.342843e+003
         vertex 1.088000e+003 1.070943e+000 1.342628e+003
      endloop
   endfacet
   facet normal 1.000000e+000 0.000000e+000 0.000000e+000
      outer loop
         vertex 1.088000e+003 8.838834e+000 1.341336e+003
         vertex 1.088000e+003 1.070943e+000 1.342628e+003
         vertex 1.088000e+003 6.551429e-001 1.342481e+003
      endloop
   endfacet
   facet normal 1.000000e+000 0.000000e+000 0.000000e+000
      outer loop
         vertex 1.088000e+003 -1.633372e+000 1.347020e+003
         vertex 1.088000e+003 -3.656927e+000 1.351284e+003
         vertex 1.088000e+003 -1.951748e+000 1.346715e+003
      endloop
   endfacet
   facet normal 1.000000e+000 0.000000e+000 0.000000e+000
      outer loop
         vertex 1.088000e+003 -1.951748e+000 1.346715e+003
         vertex 1.088000e+003 -3.656927e+000 1.351284e+003
         vertex 1.088000e+003 -7.264400e+000 1.350648e+003
      endloop
   endfacet
   facet normal 1.000000e+000 0.000000e+000 0.000000e+000
      outer loop
         vertex 1.088000e+003 -1.951748e+000 1.346715e+003
         vertex 1.088000e+003 -7.264400e+000 1.350648e+003
         vertex 1.088000e+003 -2.213976e+000 1.346360e+003
      endloop
   endfacet
   facet normal 1.000000e+000 0.000000e+000 0.000000e+000
      outer loop
         vertex 1.088000e+003 -2.213976e+000 1.346360e+003
         vertex 1.088000e+003 -7.264400e+000 1.350648e+003
         vertex 1.088000e+003 -8.838835e+000 1.350177e+003
      endloop
   endfacet
   facet normal 1.000000e+000 0.000000e+000 0.000000e+000
      outer loop
         vertex 1.088000e+003 -2.213976e+000 1.346360e+003
         vertex 1.088000e+003 -8.838835e+000 1.350177e+003
         vertex 1.088000e+003 -2.412512e+000 1.345966e+003
      endloop
   endfacet
   facet normal 1.000000e+000 0.000000e+000 0.000000e+000
      outer loop
         vertex 1.088000e+003 8.838834e+000 1.350177e+003
         vertex 1.088000e+003 2.213976e+000 1.346360e+003
         vertex 1.088000e+003 2.412512e+000 1.345966e+003
      endloop
   endfacet
   facet normal 1.000000e+000 0.000000e+000 0.000000e+000
      outer loop
         vertex 1.088000e+003 -1.633372e+000 1.347020e+003
         vertex 1.088000e+003 -1.268007e+000 1.347267e+003
         vertex 1.088000e+003 -3.656927e+000 1.351284e+003
      endloop
   endfacet
   facet normal 1.000000e+000 0.000000e+000 0.000000e+000
      outer loop
         vertex 1.088000e+003 -3.656927e+000 1.351284e+003
         vertex 1.088000e+003 -1.268007e+000 1.347267e+003
         vertex 1.088000e+003 -8.661635e-001 1.347448e+003
      endloop
   endfacet
   facet normal 1.000000e+000 0.000000e+000 0.000000e+000
      outer loop
         vertex 1.088000e+003 -3.656927e+000 1.351284e+003
         vertex 1.088000e+003 -8.661635e-001 1.347448e+003
         vertex 1.088000e+003 -7.901645e-008 1.351497e+003
      endloop
   endfacet
   facet normal 1.000000e+000 0.000000e+000 0.000000e+000
      outer loop
         vertex 1.088000e+003 -7.901645e-008 1.351497e+003
         vertex 1.088000e+003 -8.661635e-001 1.347448e+003
         vertex 1.088000e+003 -4.394022e-001 1.347559e+003
      endloop
   endfacet
   facet normal 1.000000e+000 0.000000e+000 0.000000e+000
      outer loop
         vertex 1.088000e+003 2.213976e+000 1.346360e+003
         vertex 1.088000e+003 8.838834e+000 1.350177e+003
         vertex 1.088000e+003 1.951748e+000 1.346715e+003
      endloop
   endfacet
   facet normal 1.000000e+000 0.000000e+000 0.000000e+000
      outer loop
         vertex 1.088000e+003 1.951748e+000 1.346715e+003
         vertex 1.088000e+003 8.838834e+000 1.350177e+003
         vertex 1.088000e+003 7.264400e+000 1.350648e+003
      endloop
   endfacet
   facet normal 1.000000e+000 0.000000e+000 0.000000e+000
      outer loop
         vertex 1.088000e+003 1.951748e+000 1.346715e+003
         vertex 1.088000e+003 7.264400e+000 1.350648e+003
         vertex 1.088000e+003 1.633372e+000 1.347020e+003
      endloop
   endfacet
   facet normal 1.000000e+000 0.000000e+000 0.000000e+000
      outer loop
         vertex 1.088000e+003 1.633372e+000 1.347020e+003
         vertex 1.088000e+003 7.264400e+000 1.350648e+003
         vertex 1.088000e+003 3.656927e+000 1.351284e+003
      endloop
   endfacet
   facet normal 1.000000e+000 0.000000e+000 0.000000e+000
      outer loop
         vertex 1.088000e+003 1.633372e+000 1.347020e+003
         vertex 1.088000e+003 3.656927e+000 1.351284e+003
         vertex 1.088000e+003 1.268007e+000 1.347267e+003
      endloop
   endfacet
   facet normal 1.000000e+000 0.000000e+000 0.000000e+000
      outer loop
         vertex 1.088000e+003 -4.394022e-001 1.347559e+003
         vertex 1.088000e+003 -8.129430e-008 1.347597e+003
         vertex 1.088000e+003 -7.901645e-008 1.351497e+003
      endloop
   endfacet
   facet normal 1.000000e+000 0.000000e+000 0.000000e+000
      outer loop
         vertex 1.088000e+003 -7.901645e-008 1.351497e+003
         vertex 1.088000e+003 -8.129430e-008 1.347597e+003
         vertex 1.088000e+003 4.394021e-001 1.347559e+003
      endloop
   endfacet
   facet normal 1.000000e+000 0.000000e+000 0.000000e+000
      outer loop
         vertex 1.088000e+003 -7.901645e-008 1.351497e+003
         vertex 1.088000e+003 4.394021e-001 1.347559e+003
         vertex 1.088000e+003 3.656927e+000 1.351284e+003
      endloop
   endfacet
   facet normal 1.000000e+000 0.000000e+000 0.000000e+000
      outer loop
         vertex 1.088000e+003 3.656927e+000 1.351284e+003
         vertex 1.088000e+003 4.394021e-001 1.347559e+003
         vertex 1.088000e+003 8.661634e-001 1.347448e+003
      endloop
   endfacet
   facet normal 1.000000e+000 0.000000e+000 0.000000e+000
      outer loop
         vertex 1.088000e+003 3.656927e+000 1.351284e+003
         vertex 1.088000e+003 8.661634e-001 1.347448e+003
         vertex 1.088000e+003 1.268007e+000 1.347267e+003
      endloop
   endfacet
   facet normal 1.000000e+000 0.000000e+000 0.000000e+000
      outer loop
         vertex 1.088000e+003 -1.799041e+000 1.343120e+003
         vertex 1.088000e+003 -2.090393e+000 1.343451e+003
         vertex 1.088000e+003 -8.838835e+000 1.341336e+003
      endloop
   endfacet
   facet normal 1.000000e+000 0.000000e+000 0.000000e+000
      outer loop
         vertex 1.088000e+003 -8.838835e+000 1.341336e+003
         vertex 1.088000e+003 -2.090393e+000 1.343451e+003
         vertex 1.088000e+003 -2.321607e+000 1.343826e+003
      endloop
   endfacet
   facet normal 1.000000e+000 0.000000e+000 0.000000e+000
      outer loop
         vertex 1.088000e+003 -8.838835e+000 1.341336e+003
         vertex 1.088000e+003 -2.321607e+000 1.343826e+003
         vertex 1.088000e+003 -2.486034e+000 1.344236e+003
      endloop
   endfacet
   facet normal 1.000000e+000 0.000000e+000 0.000000e+000
      outer loop
         vertex 1.088000e+003 -2.486034e+000 1.344236e+003
         vertex 1.088000e+003 -2.578941e+000 1.344667e+003
         vertex 1.088000e+003 -8.838835e+000 1.341336e+003
      endloop
   endfacet
   facet normal 1.000000e+000 0.000000e+000 0.000000e+000
      outer loop
         vertex 1.088000e+003 -8.838835e+000 1.341336e+003
         vertex 1.088000e+003 -2.578941e+000 1.344667e+003
         vertex 1.088000e+003 -2.597657e+000 1.345107e+003
      endloop
   endfacet
   facet normal 1.000000e+000 0.000000e+000 0.000000e+000
      outer loop
         vertex 1.088000e+003 -8.838835e+000 1.341336e+003
         vertex 1.088000e+003 -2.597657e+000 1.345107e+003
         vertex 1.088000e+003 -8.838835e+000 1.350177e+003
      endloop
   endfacet
   facet normal 1.000000e+000 0.000000e+000 0.000000e+000
      outer loop
         vertex 1.088000e+003 -8.838835e+000 1.350177e+003
         vertex 1.088000e+003 -2.597657e+000 1.345107e+003
         vertex 1.088000e+003 -2.541644e+000 1.345545e+003
      endloop
   endfacet
   facet normal 1.000000e+000 0.000000e+000 0.000000e+000
      outer loop
         vertex 1.088000e+003 -8.838835e+000 1.350177e+003
         vertex 1.088000e+003 -2.541644e+000 1.345545e+003
         vertex 1.088000e+003 -2.412512e+000 1.345966e+003
      endloop
   endfacet
   facet normal 1.000000e+000 0.000000e+000 0.000000e+000
      outer loop
         vertex 1.088000e+003 2.541644e+000 1.345545e+003
         vertex 1.088000e+003 2.597657e+000 1.345107e+003
         vertex 1.088000e+003 8.838834e+000 1.341336e+003
      endloop
   endfacet
   facet normal 1.000000e+000 0.000000e+000 0.000000e+000
      outer loop
         vertex 1.088000e+003 8.838834e+000 1.341336e+003
         vertex 1.088000e+003 2.597657e+000 1.345107e+003
         vertex 1.088000e+003 2.578941e+000 1.344667e+003
      endloop
   endfacet
   facet normal 1.000000e+000 0.000000e+000 0.000000e+000
      outer loop
         vertex 1.088000e+003 8.838834e+000 1.341336e+003
         vertex 1.088000e+003 2.578941e+000 1.344667e+003
         vertex 1.088000e+003 2.486033e+000 1.344236e+003
      endloop
   endfacet
   facet normal 1.000000e+000 0.000000e+000 0.000000e+000
      outer loop
         vertex 1.088000e+003 2.486033e+000 1.344236e+003
         vertex 1.088000e+003 2.321607e+000 1.343826e+003
         vertex 1.088000e+003 8.838834e+000 1.341336e+003
      endloop
   endfacet
   facet normal 1.000000e+000 0.000000e+000 0.000000e+000
      outer loop
         vertex 1.088000e+003 8.838834e+000 1.341336e+003
         vertex 1.088000e+003 2.321607e+000 1.343826e+003
         vertex 1.088000e+003 2.090392e+000 1.343451e+003
      endloop
   endfacet
   facet normal 1.000000e+000 0.000000e+000 0.000000e+000
      outer loop
         vertex 1.088000e+003 8.838834e+000 1.341336e+003
         vertex 1.088000e+003 2.090392e+000 1.343451e+003
         vertex 1.088000e+003 1.799041e+000 1.343120e+003
      endloop
   endfacet
   facet normal 1.000000e+000 0.000000e+000 0.000000e+000
      outer loop
         vertex 1.088000e+003 2.412512e+000 1.345966e+003
         vertex 1.088000e+003 2.541644e+000 1.345545e+003
         vertex 1.088000e+003 8.838834e+000 1.350177e+003
      endloop
   endfacet
   facet normal 1.000000e+000 0.000000e+000 0.000000e+000
      outer loop
         vertex 1.088000e+003 8.838834e+000 1.350177e+003
         vertex 1.088000e+003 2.541644e+000 1.345545e+003
         vertex 1.088000e+003 8.838834e+000 1.341336e+003
      endloop
   endfacet
   facet normal 1.000000e+000 0.000000e+000 0.000000e+000
      outer loop
         vertex 1.088000e+003 8.838834e+000 1.350177e+003
         vertex 1.088000e+003 8.838834e+000 1.341336e+003
         vertex 1.088000e+003 1.077363e+001 1.349597e+003
      endloop
   endfacet
   facet normal 1.000000e+000 0.000000e+000 0.000000e+000
      outer loop
         vertex 1.088000e+003 1.077363e+001 1.349597e+003
         vertex 1.088000e+003 8.838834e+000 1.341336e+003
         vertex 1.088000e+003 1.413717e+001 1.348146e+003
      endloop
   endfacet
   facet normal 1.000000e+000 0.000000e+000 0.000000e+000
      outer loop
         vertex 1.088000e+003 1.801384e+001 1.341336e+003
         vertex 1.088000e+003 1.801384e+001 1.345790e+003
         vertex 1.088000e+003 8.838834e+000 1.341336e+003
      endloop
   endfacet
   facet normal 1.000000e+000 0.000000e+000 0.000000e+000
      outer loop
         vertex 1.088000e+003 8.838834e+000 1.341336e+003
         vertex 1.088000e+003 1.801384e+001 1.345790e+003
         vertex 1.088000e+003 1.730953e+001 1.346315e+003
      endloop
   endfacet
   facet normal 1.000000e+000 0.000000e+000 0.000000e+000
      outer loop
         vertex 1.088000e+003 8.838834e+000 1.341336e+003
         vertex 1.088000e+003 1.730953e+001 1.346315e+003
         vertex 1.088000e+003 1.413717e+001 1.348146e+003
      endloop
   endfacet
   facet normal 1.000000e+000 0.000000e+000 0.000000e+000
      outer loop
         vertex 1.088000e+003 1.854383e+001 1.340126e+003
         vertex 1.088000e+003 2.314535e+001 1.341336e+003
         vertex 1.088000e+003 1.801384e+001 1.341336e+003
      endloop
   endfacet
   facet normal 1.000000e+000 0.000000e+000 0.000000e+000
      outer loop
         vertex 1.088000e+003 1.801384e+001 1.341336e+003
         vertex 1.088000e+003 2.314535e+001 1.341336e+003
         vertex 1.088000e+003 2.291227e+001 1.341614e+003
      endloop
   endfacet
   facet normal 1.000000e+000 0.000000e+000 0.000000e+000
      outer loop
         vertex 1.088000e+003 1.801384e+001 1.341336e+003
         vertex 1.088000e+003 2.291227e+001 1.341614e+003
         vertex 1.088000e+003 2.024781e+001 1.344127e+003
      endloop
   endfacet
   facet normal 1.000000e+000 0.000000e+000 0.000000e+000
      outer loop
         vertex 1.088000e+003 2.607094e+001 1.317628e+003
         vertex 1.088000e+003 2.565514e+001 1.317481e+003
         vertex 1.088000e+003 3.022300e+001 1.311158e+003
      endloop
   endfacet
   facet normal 1.000000e+000 0.000000e+000 0.000000e+000
      outer loop
         vertex 1.088000e+003 3.022300e+001 1.311158e+003
         vertex 1.088000e+003 2.565514e+001 1.317481e+003
         vertex 1.088000e+003 2.522050e+001 1.317406e+003
      endloop
   endfacet
   facet normal 1.000000e+000 0.000000e+000 0.000000e+000
      outer loop
         vertex 1.088000e+003 3.022300e+001 1.311158e+003
         vertex 1.088000e+003 2.522050e+001 1.317406e+003
         vertex 1.088000e+003 1.801384e+001 1.311158e+003
      endloop
   endfacet
   facet normal 1.000000e+000 0.000000e+000 0.000000e+000
      outer loop
         vertex 1.088000e+003 1.801384e+001 1.311158e+003
         vertex 1.088000e+003 2.522050e+001 1.317406e+003
         vertex 1.088000e+003 2.477950e+001 1.317406e+003
      endloop
   endfacet
   facet normal 1.000000e+000 0.000000e+000 0.000000e+000
      outer loop
         vertex 1.088000e+003 2.477950e+001 1.317406e+003
         vertex 1.088000e+003 2.434486e+001 1.317481e+003
         vertex 1.088000e+003 1.801384e+001 1.311158e+003
      endloop
   endfacet
   facet normal 1.000000e+000 0.000000e+000 0.000000e+000
      outer loop
         vertex 1.088000e+003 1.801384e+001 1.311158e+003
         vertex 1.088000e+003 2.434486e+001 1.317481e+003
         vertex 1.088000e+003 2.392906e+001 1.317628e+003
      endloop
   endfacet
   facet normal 1.000000e+000 0.000000e+000 0.000000e+000
      outer loop
         vertex 1.088000e+003 1.801384e+001 1.311158e+003
         vertex 1.088000e+003 2.392906e+001 1.317628e+003
         vertex 1.088000e+003 2.354407e+001 1.317843e+003
      endloop
   endfacet
   facet normal 1.000000e+000 0.000000e+000 0.000000e+000
      outer loop
         vertex 1.088000e+003 2.258749e+001 1.320966e+003
         vertex 1.088000e+003 2.278602e+001 1.321360e+003
         vertex 1.088000e+003 1.801384e+001 1.328836e+003
      endloop
   endfacet
   facet normal 1.000000e+000 0.000000e+000 0.000000e+000
      outer loop
         vertex 1.088000e+003 2.543940e+001 1.322559e+003
         vertex 1.088000e+003 2.586616e+001 1.322448e+003
         vertex 1.088000e+003 3.022300e+001 1.328836e+003
      endloop
   endfacet
   facet normal 1.000000e+000 0.000000e+000 0.000000e+000
      outer loop
         vertex 1.088000e+003 3.102144e+001 1.314527e+003
         vertex 1.088000e+003 2.679904e+001 1.318120e+003
         vertex 1.088000e+003 3.022300e+001 1.311158e+003
      endloop
   endfacet
   facet normal 1.000000e+000 0.000000e+000 0.000000e+000
      outer loop
         vertex 1.088000e+003 3.022300e+001 1.311158e+003
         vertex 1.088000e+003 2.679904e+001 1.318120e+003
         vertex 1.088000e+003 2.645593e+001 1.317843e+003
      endloop
   endfacet
   facet normal 1.000000e+000 0.000000e+000 0.000000e+000
      outer loop
         vertex 1.088000e+003 3.022300e+001 1.311158e+003
         vertex 1.088000e+003 2.645593e+001 1.317843e+003
         vertex 1.088000e+003 2.607094e+001 1.317628e+003
      endloop
   endfacet
   facet normal 1.000000e+000 0.000000e+000 0.000000e+000
      outer loop
         vertex 1.088000e+003 2.258749e+001 1.320966e+003
         vertex 1.088000e+003 1.801384e+001 1.328836e+003
         vertex 1.088000e+003 2.245835e+001 1.320545e+003
      endloop
   endfacet
   facet normal 1.000000e+000 0.000000e+000 0.000000e+000
      outer loop
         vertex 1.088000e+003 2.278602e+001 1.321360e+003
         vertex 1.088000e+003 2.304825e+001 1.321715e+003
         vertex 1.088000e+003 1.801384e+001 1.328836e+003
      endloop
   endfacet
   facet normal 1.000000e+000 0.000000e+000 0.000000e+000
      outer loop
         vertex 1.088000e+003 1.801384e+001 1.328836e+003
         vertex 1.088000e+003 2.304825e+001 1.321715e+003
         vertex 1.088000e+003 2.336663e+001 1.322020e+003
      endloop
   endfacet
   facet normal 1.000000e+000 0.000000e+000 0.000000e+000
      outer loop
         vertex 1.088000e+003 1.801384e+001 1.328836e+003
         vertex 1.088000e+003 2.336663e+001 1.322020e+003
         vertex 1.088000e+003 2.373199e+001 1.322267e+003
      endloop
   endfacet
   facet normal 1.000000e+000 0.000000e+000 0.000000e+000
      outer loop
         vertex 1.088000e+003 2.741251e+001 1.320966e+003
         vertex 1.088000e+003 3.144671e+001 1.321828e+003
         vertex 1.088000e+003 2.721398e+001 1.321360e+003
      endloop
   endfacet
   facet normal 1.000000e+000 0.000000e+000 0.000000e+000
      outer loop
         vertex 1.088000e+003 2.721398e+001 1.321360e+003
         vertex 1.088000e+003 3.144671e+001 1.321828e+003
         vertex 1.088000e+003 3.102144e+001 1.325467e+003
      endloop
   endfacet
   facet normal 1.000000e+000 0.000000e+000 0.000000e+000
      outer loop
         vertex 1.088000e+003 2.586616e+001 1.322448e+003
         vertex 1.088000e+003 2.626801e+001 1.322267e+003
         vertex 1.088000e+003 3.022300e+001 1.328836e+003
      endloop
   endfacet
   facet normal 1.000000e+000 0.000000e+000 0.000000e+000
      outer loop
         vertex 1.088000e+003 3.022300e+001 1.328836e+003
         vertex 1.088000e+003 2.626801e+001 1.322267e+003
         vertex 1.088000e+003 2.663337e+001 1.322020e+003
      endloop
   endfacet
   facet normal 1.000000e+000 0.000000e+000 0.000000e+000
      outer loop
         vertex 1.088000e+003 3.022300e+001 1.328836e+003
         vertex 1.088000e+003 2.663337e+001 1.322020e+003
         vertex 1.088000e+003 3.102144e+001 1.325467e+003
      endloop
   endfacet
   facet normal 1.000000e+000 0.000000e+000 0.000000e+000
      outer loop
         vertex 1.088000e+003 3.102144e+001 1.325467e+003
         vertex 1.088000e+003 2.663337e+001 1.322020e+003
         vertex 1.088000e+003 2.695175e+001 1.321715e+003
      endloop
   endfacet
   facet normal 1.000000e+000 0.000000e+000 0.000000e+000
      outer loop
         vertex 1.088000e+003 3.102144e+001 1.325467e+003
         vertex 1.088000e+003 2.695175e+001 1.321715e+003
         vertex 1.088000e+003 2.721398e+001 1.321360e+003
      endloop
   endfacet
   facet normal 1.000000e+000 0.000000e+000 0.000000e+000
      outer loop
         vertex 1.088000e+003 2.373199e+001 1.322267e+003
         vertex 1.088000e+003 2.413384e+001 1.322448e+003
         vertex 1.088000e+003 1.801384e+001 1.328836e+003
      endloop
   endfacet
   facet normal 1.000000e+000 0.000000e+000 0.000000e+000
      outer loop
         vertex 1.088000e+003 1.801384e+001 1.328836e+003
         vertex 1.088000e+003 2.413384e+001 1.322448e+003
         vertex 1.088000e+003 2.456060e+001 1.322559e+003
      endloop
   endfacet
   facet normal 1.000000e+000 0.000000e+000 0.000000e+000
      outer loop
         vertex 1.088000e+003 1.801384e+001 1.328836e+003
         vertex 1.088000e+003 2.456060e+001 1.322559e+003
         vertex 1.088000e+003 3.022300e+001 1.328836e+003
      endloop
   endfacet
   facet normal 1.000000e+000 0.000000e+000 0.000000e+000
      outer loop
         vertex 1.088000e+003 3.022300e+001 1.328836e+003
         vertex 1.088000e+003 2.456060e+001 1.322559e+003
         vertex 1.088000e+003 2.500000e+001 1.322597e+003
      endloop
   endfacet
   facet normal 1.000000e+000 0.000000e+000 0.000000e+000
      outer loop
         vertex 1.088000e+003 3.022300e+001 1.328836e+003
         vertex 1.088000e+003 2.500000e+001 1.322597e+003
         vertex 1.088000e+003 2.543940e+001 1.322559e+003
      endloop
   endfacet
   facet normal 1.000000e+000 0.000000e+000 0.000000e+000
      outer loop
         vertex 1.088000e+003 2.354407e+001 1.317843e+003
         vertex 1.088000e+003 2.320096e+001 1.318120e+003
         vertex 1.088000e+003 1.801384e+001 1.311158e+003
      endloop
   endfacet
   facet normal 1.000000e+000 0.000000e+000 0.000000e+000
      outer loop
         vertex 1.088000e+003 1.801384e+001 1.311158e+003
         vertex 1.088000e+003 2.320096e+001 1.318120e+003
         vertex 1.088000e+003 2.290961e+001 1.318451e+003
      endloop
   endfacet
   facet normal 1.000000e+000 0.000000e+000 0.000000e+000
      outer loop
         vertex 1.088000e+003 1.801384e+001 1.311158e+003
         vertex 1.088000e+003 2.290961e+001 1.318451e+003
         vertex 1.088000e+003 2.267839e+001 1.318826e+003
      endloop
   endfacet
   facet normal 1.000000e+000 0.000000e+000 0.000000e+000
      outer loop
         vertex 1.088000e+003 2.741251e+001 1.320966e+003
         vertex 1.088000e+003 2.754164e+001 1.320545e+003
         vertex 1.088000e+003 3.144671e+001 1.321828e+003
      endloop
   endfacet
   facet normal 1.000000e+000 0.000000e+000 0.000000e+000
      outer loop
         vertex 1.088000e+003 3.144671e+001 1.321828e+003
         vertex 1.088000e+003 2.754164e+001 1.320545e+003
         vertex 1.088000e+003 2.759766e+001 1.320107e+003
      endloop
   endfacet
   facet normal 1.000000e+000 0.000000e+000 0.000000e+000
      outer loop
         vertex 1.088000e+003 3.144671e+001 1.321828e+003
         vertex 1.088000e+003 2.759766e+001 1.320107e+003
         vertex 1.088000e+003 3.144671e+001 1.318165e+003
      endloop
   endfacet
   facet normal 1.000000e+000 0.000000e+000 0.000000e+000
      outer loop
         vertex 1.088000e+003 3.144671e+001 1.318165e+003
         vertex 1.088000e+003 2.759766e+001 1.320107e+003
         vertex 1.088000e+003 2.757894e+001 1.319667e+003
      endloop
   endfacet
   facet normal 1.000000e+000 0.000000e+000 0.000000e+000
      outer loop
         vertex 1.088000e+003 2.757894e+001 1.319667e+003
         vertex 1.088000e+003 2.748603e+001 1.319236e+003
         vertex 1.088000e+003 3.144671e+001 1.318165e+003
      endloop
   endfacet
   facet normal 1.000000e+000 0.000000e+000 0.000000e+000
      outer loop
         vertex 1.088000e+003 3.144671e+001 1.318165e+003
         vertex 1.088000e+003 2.748603e+001 1.319236e+003
         vertex 1.088000e+003 2.732161e+001 1.318826e+003
      endloop
   endfacet
   facet normal 1.000000e+000 0.000000e+000 0.000000e+000
      outer loop
         vertex 1.088000e+003 3.144671e+001 1.318165e+003
         vertex 1.088000e+003 2.732161e+001 1.318826e+003
         vertex 1.088000e+003 3.102144e+001 1.314527e+003
      endloop
   endfacet
   facet normal 1.000000e+000 0.000000e+000 0.000000e+000
      outer loop
         vertex 1.088000e+003 3.102144e+001 1.314527e+003
         vertex 1.088000e+003 2.732161e+001 1.318826e+003
         vertex 1.088000e+003 2.709039e+001 1.318451e+003
      endloop
   endfacet
   facet normal 1.000000e+000 0.000000e+000 0.000000e+000
      outer loop
         vertex 1.088000e+003 3.102144e+001 1.314527e+003
         vertex 1.088000e+003 2.709039e+001 1.318451e+003
         vertex 1.088000e+003 2.679904e+001 1.318120e+003
      endloop
   endfacet
   facet normal 1.000000e+000 0.000000e+000 0.000000e+000
      outer loop
         vertex 1.088000e+003 2.267839e+001 1.318826e+003
         vertex 1.088000e+003 2.251397e+001 1.319236e+003
         vertex 1.088000e+003 1.801384e+001 1.311158e+003
      endloop
   endfacet
   facet normal 1.000000e+000 0.000000e+000 0.000000e+000
      outer loop
         vertex 1.088000e+003 1.801384e+001 1.311158e+003
         vertex 1.088000e+003 2.251397e+001 1.319236e+003
         vertex 1.088000e+003 2.242106e+001 1.319667e+003
      endloop
   endfacet
   facet normal 1.000000e+000 0.000000e+000 0.000000e+000
      outer loop
         vertex 1.088000e+003 1.801384e+001 1.311158e+003
         vertex 1.088000e+003 2.242106e+001 1.319667e+003
         vertex 1.088000e+003 1.801384e+001 1.328836e+003
      endloop
   endfacet
   facet normal 1.000000e+000 0.000000e+000 0.000000e+000
      outer loop
         vertex 1.088000e+003 1.801384e+001 1.328836e+003
         vertex 1.088000e+003 2.242106e+001 1.319667e+003
         vertex 1.088000e+003 2.240234e+001 1.320107e+003
      endloop
   endfacet
   facet normal 1.000000e+000 0.000000e+000 0.000000e+000
      outer loop
         vertex 1.088000e+003 1.801384e+001 1.328836e+003
         vertex 1.088000e+003 2.240234e+001 1.320107e+003
         vertex 1.088000e+003 2.245835e+001 1.320545e+003
      endloop
   endfacet
   facet normal 1.000000e+000 0.000000e+000 0.000000e+000
      outer loop
         vertex 1.088000e+003 1.510893e+001 1.338011e+003
         vertex 1.088000e+003 1.513603e+001 1.338222e+003
         vertex 1.088000e+003 8.838834e+000 1.338011e+003
      endloop
   endfacet
   facet normal 1.000000e+000 0.000000e+000 0.000000e+000
      outer loop
         vertex 1.088000e+003 8.838834e+000 1.338011e+003
         vertex 1.088000e+003 1.513603e+001 1.338222e+003
         vertex 1.088000e+003 8.838834e+000 1.341336e+003
      endloop
   endfacet
   facet normal 1.000000e+000 0.000000e+000 0.000000e+000
      outer loop
         vertex 1.088000e+003 8.838834e+000 1.338011e+003
         vertex 1.088000e+003 8.838834e+000 1.341336e+003
         vertex 1.088000e+003 -8.838835e+000 1.338011e+003
      endloop
   endfacet
   facet normal 1.000000e+000 0.000000e+000 0.000000e+000
      outer loop
         vertex 1.088000e+003 -8.838835e+000 1.338011e+003
         vertex 1.088000e+003 8.838834e+000 1.341336e+003
         vertex 1.088000e+003 -8.838835e+000 1.341336e+003
      endloop
   endfacet
   facet normal 1.000000e+000 0.000000e+000 0.000000e+000
      outer loop
         vertex 1.088000e+003 -8.838835e+000 1.338011e+003
         vertex 1.088000e+003 -8.838835e+000 1.341336e+003
         vertex 1.088000e+003 -1.526516e+001 1.338644e+003
      endloop
   endfacet
   facet normal 1.000000e+000 0.000000e+000 0.000000e+000
      outer loop
         vertex 1.088000e+003 -1.526516e+001 1.338644e+003
         vertex 1.088000e+003 -8.838835e+000 1.341336e+003
         vertex 1.088000e+003 -1.546369e+001 1.339038e+003
      endloop
   endfacet
   facet normal 1.000000e+000 0.000000e+000 0.000000e+000
      outer loop
         vertex 1.088000e+003 -1.543170e+001 1.316846e+003
         vertex 1.088000e+003 -1.573723e+001 1.319363e+003
         vertex 1.088000e+003 -1.801384e+001 1.311158e+003
      endloop
   endfacet
   facet normal 1.000000e+000 0.000000e+000 0.000000e+000
      outer loop
         vertex 1.088000e+003 -1.801384e+001 1.311158e+003
         vertex 1.088000e+003 -1.573723e+001 1.319363e+003
         vertex 1.088000e+003 -1.801384e+001 1.328836e+003
      endloop
   endfacet
   facet normal 1.000000e+000 0.000000e+000 0.000000e+000
      outer loop
         vertex 1.088000e+003 -1.801384e+001 1.311158e+003
         vertex 1.088000e+003 -1.801384e+001 1.328836e+003
         vertex 1.088000e+003 -2.133883e+001 1.311158e+003
      endloop
   endfacet
   facet normal 1.000000e+000 0.000000e+000 0.000000e+000
      outer loop
         vertex 1.088000e+003 -2.133883e+001 1.311158e+003
         vertex 1.088000e+003 -1.801384e+001 1.328836e+003
         vertex 1.088000e+003 -2.133883e+001 1.328836e+003
      endloop
   endfacet
   facet normal 1.000000e+000 0.000000e+000 0.000000e+000
      outer loop
         vertex 1.088000e+003 -2.133883e+001 1.311158e+003
         vertex 1.088000e+003 -2.133883e+001 1.328836e+003
         vertex 1.088000e+003 -2.240234e+001 1.320107e+003
      endloop
   endfacet
   facet normal 1.000000e+000 0.000000e+000 0.000000e+000
      outer loop
         vertex 1.088000e+003 -2.240234e+001 1.320107e+003
         vertex 1.088000e+003 -2.133883e+001 1.328836e+003
         vertex 1.088000e+003 -2.245835e+001 1.320545e+003
      endloop
   endfacet
   facet normal 0.000000e+000 -4.138285e-001 -9.103549e-001
      outer loop
         vertex 1.081700e+003 -1.077363e+001 1.290397e+003
         vertex 1.088000e+003 -1.413717e+001 1.291847e+003
         vertex 1.081700e+003 -1.413717e+001 1.291847e+003
      endloop
   endfacet
   facet normal 0.000000e+000 -4.830955e-001 -8.755676e-001
      outer loop
         vertex 1.081700e+003 -1.413717e+001 1.291847e+003
         vertex 1.088000e+003 -1.413717e+001 1.291847e+003
         vertex 1.088000e+003 -1.730953e+001 1.293679e+003
      endloop
   endfacet
   facet normal 0.000000e+000 -5.167161e-001 -8.561568e-001
      outer loop
         vertex 1.081700e+003 -1.413717e+001 1.291847e+003
         vertex 1.088000e+003 -1.730953e+001 1.293679e+003
         vertex 1.081700e+003 -1.730953e+001 1.293679e+003
      endloop
   endfacet
   facet normal 0.000000e+000 -5.572454e-001 -8.303479e-001
      outer loop
         vertex 1.081700e+003 -1.730953e+001 1.293679e+003
         vertex 1.088000e+003 -1.730953e+001 1.293679e+003
         vertex 1.088000e+003 -1.801384e+001 1.294203e+003
      endloop
   endfacet
   facet normal 0.000000e+000 -5.890146e-001 -8.081224e-001
      outer loop
         vertex 1.081700e+003 -1.730953e+001 1.293679e+003
         vertex 1.088000e+003 -1.801384e+001 1.294203e+003
         vertex 1.081700e+003 -2.024781e+001 1.295866e+003
      endloop
   endfacet
   facet normal 0.000000e+000 -6.199223e-001 -7.846632e-001
      outer loop
         vertex 1.088000e+003 -1.801384e+001 1.294203e+003
         vertex 1.088000e+003 -2.024781e+001 1.295866e+003
         vertex 1.081700e+003 -2.024781e+001 1.295866e+003
      endloop
   endfacet
   facet normal 0.000000e+000 -6.548680e-001 -7.557433e-001
      outer loop
         vertex 1.081700e+003 -2.024781e+001 1.295866e+003
         vertex 1.088000e+003 -2.024781e+001 1.295866e+003
         vertex 1.088000e+003 -2.133883e+001 1.296896e+003
      endloop
   endfacet
   facet normal 0.000000e+000 -6.836779e-001 -7.297839e-001
      outer loop
         vertex 1.081700e+003 -2.024781e+001 1.295866e+003
         vertex 1.088000e+003 -2.133883e+001 1.296896e+003
         vertex 1.081700e+003 -2.291227e+001 1.298380e+003
      endloop
   endfacet
   facet normal 0.000000e+000 -7.114669e-001 -7.027195e-001
      outer loop
         vertex 1.088000e+003 -2.133883e+001 1.296896e+003
         vertex 1.088000e+003 -2.291227e+001 1.298380e+003
         vertex 1.081700e+003 -2.291227e+001 1.298380e+003
      endloop
   endfacet
   facet normal 0.000000e+000 -7.534231e-001 -6.575360e-001
      outer loop
         vertex 1.081700e+003 -2.291227e+001 1.298380e+003
         vertex 1.088000e+003 -2.291227e+001 1.298380e+003
         vertex 1.088000e+003 -2.526688e+001 1.301186e+003
      endloop
   endfacet
   facet normal 0.000000e+000 -7.783771e-001 -6.277969e-001
      outer loop
         vertex 1.081700e+003 -2.291227e+001 1.298380e+003
         vertex 1.088000e+003 -2.526688e+001 1.301186e+003
         vertex 1.081700e+003 -2.526688e+001 1.301186e+003
      endloop
   endfacet
   facet normal 0.000000e+000 -8.081061e-001 -5.890369e-001
      outer loop
         vertex 1.081700e+003 -2.526688e+001 1.301186e+003
         vertex 1.088000e+003 -2.526688e+001 1.301186e+003
         vertex 1.088000e+003 -2.579085e+001 1.301983e+003
      endloop
   endfacet
   facet normal 0.000000e+000 -8.303330e-001 -5.572675e-001
      outer loop
         vertex 1.081700e+003 -2.526688e+001 1.301186e+003
         vertex 1.088000e+003 -2.579085e+001 1.301983e+003
         vertex 1.081700e+003 -2.727980e+001 1.304247e+003
      endloop
   endfacet
   facet normal 0.000000e+000 -8.513263e-001 -5.246365e-001
      outer loop
         vertex 1.088000e+003 -2.579085e+001 1.301983e+003
         vertex 1.088000e+003 -2.727980e+001 1.304247e+003
         vertex 1.081700e+003 -2.727980e+001 1.304247e+003
      endloop
   endfacet
   facet normal 0.000000e+000 -8.847528e-001 -4.660608e-001
      outer loop
         vertex 1.081700e+003 -2.727980e+001 1.304247e+003
         vertex 1.088000e+003 -2.727980e+001 1.304247e+003
         vertex 1.088000e+003 -2.892381e+001 1.307520e+003
      endloop
   endfacet
   facet normal 0.000000e+000 -9.021758e-001 -4.313685e-001
      outer loop
         vertex 1.081700e+003 -2.727980e+001 1.304247e+003
         vertex 1.088000e+003 -2.892381e+001 1.307520e+003
         vertex 1.081700e+003 -2.892381e+001 1.307520e+003
      endloop
   endfacet
   facet normal 0.000000e+000 -9.328767e-001 -3.601959e-001
      outer loop
         vertex 1.081700e+003 -2.892381e+001 1.307520e+003
         vertex 1.088000e+003 -2.892381e+001 1.307520e+003
         vertex 1.088000e+003 -3.017667e+001 1.310963e+003
      endloop
   endfacet
   facet normal 0.000000e+000 -9.461545e-001 -3.237155e-001
      outer loop
         vertex 1.081700e+003 -2.892381e+001 1.307520e+003
         vertex 1.088000e+003 -3.017667e+001 1.310963e+003
         vertex 1.081700e+003 -3.017667e+001 1.310963e+003
      endloop
   endfacet
   facet normal 0.000000e+000 -9.585962e-001 -2.847689e-001
      outer loop
         vertex 1.081700e+003 -3.017667e+001 1.310963e+003
         vertex 1.088000e+003 -3.017667e+001 1.310963e+003
         vertex 1.088000e+003 -3.022300e+001 1.311158e+003
      endloop
   endfacet
   facet normal 0.000000e+000 -9.689129e-001 -2.474020e-001
      outer loop
         vertex 1.081700e+003 -3.017667e+001 1.310963e+003
         vertex 1.088000e+003 -3.022300e+001 1.311158e+003
         vertex 1.081700e+003 -3.102144e+001 1.314527e+003
      endloop
   endfacet
   facet normal 0.000000e+000 -9.777845e-001 -2.096125e-001
      outer loop
         vertex 1.088000e+003 -3.022300e+001 1.311158e+003
         vertex 1.088000e+003 -3.102144e+001 1.314527e+003
         vertex 1.081700e+003 -3.102144e+001 1.314527e+003
      endloop
   endfacet
   facet normal 0.000000e+000 -9.907978e-001 -1.353506e-001
      outer loop
         vertex 1.081700e+003 -3.102144e+001 1.314527e+003
         vertex 1.088000e+003 -3.102144e+001 1.314527e+003
         vertex 1.088000e+003 -3.144671e+001 1.318165e+003
      endloop
   endfacet
   facet normal 0.000000e+000 -9.953047e-001 -9.679150e-002
      outer loop
         vertex 1.081700e+003 -3.102144e+001 1.314527e+003
         vertex 1.088000e+003 -3.144671e+001 1.318165e+003
         vertex 1.081700e+003 -3.144671e+001 1.318165e+003
      endloop
   endfacet
   facet normal 0.000000e+000 -9.998116e-001 -1.941080e-002
      outer loop
         vertex 1.081700e+003 -3.144671e+001 1.318165e+003
         vertex 1.088000e+003 -3.144671e+001 1.318165e+003
         vertex 1.088000e+003 -3.144671e+001 1.321828e+003
      endloop
   endfacet
   facet normal 0.000000e+000 -9.998116e-001 1.941080e-002
      outer loop
         vertex 1.081700e+003 -3.144671e+001 1.318165e+003
         vertex 1.088000e+003 -3.144671e+001 1.321828e+003
         vertex 1.081700e+003 -3.144671e+001 1.321828e+003
      endloop
   endfacet
   facet normal 0.000000e+000 -9.953047e-001 9.679150e-002
      outer loop
         vertex 1.081700e+003 -3.144671e+001 1.321828e+003
         vertex 1.088000e+003 -3.144671e+001 1.321828e+003
         vertex 1.088000e+003 -3.102144e+001 1.325467e+003
      endloop
   endfacet
   facet normal 0.000000e+000 -9.907978e-001 1.353506e-001
      outer loop
         vertex 1.081700e+003 -3.144671e+001 1.321828e+003
         vertex 1.088000e+003 -3.102144e+001 1.325467e+003
         vertex 1.081700e+003 -3.102144e+001 1.325467e+003
      endloop
   endfacet
   facet normal 0.000000e+000 -9.777845e-001 2.096125e-001
      outer loop
         vertex 1.081700e+003 -3.102144e+001 1.325467e+003
         vertex 1.088000e+003 -3.102144e+001 1.325467e+003
         vertex 1.088000e+003 -3.022300e+001 1.328836e+003
      endloop
   endfacet
   facet normal 0.000000e+000 -9.689129e-001 2.474020e-001
      outer loop
         vertex 1.081700e+003 -3.102144e+001 1.325467e+003
         vertex 1.088000e+003 -3.022300e+001 1.328836e+003
         vertex 1.081700e+003 -3.017667e+001 1.329031e+003
      endloop
   endfacet
   facet normal 0.000000e+000 -9.585962e-001 2.847689e-001
      outer loop
         vertex 1.088000e+003 -3.022300e+001 1.328836e+003
         vertex 1.088000e+003 -3.017667e+001 1.329031e+003
         vertex 1.081700e+003 -3.017667e+001 1.329031e+003
      endloop
   endfacet
   facet normal 0.000000e+000 -9.461545e-001 3.237155e-001
      outer loop
         vertex 1.081700e+003 -3.017667e+001 1.329031e+003
         vertex 1.088000e+003 -3.017667e+001 1.329031e+003
         vertex 1.088000e+003 -2.892381e+001 1.332473e+003
      endloop
   endfacet
   facet normal 0.000000e+000 -9.328767e-001 3.601959e-001
      outer loop
         vertex 1.081700e+003 -3.017667e+001 1.329031e+003
         vertex 1.088000e+003 -2.892381e+001 1.332473e+003
         vertex 1.081700e+003 -2.892381e+001 1.332473e+003
      endloop
   endfacet
   facet normal 0.000000e+000 -9.021758e-001 4.313685e-001
      outer loop
         vertex 1.081700e+003 -2.892381e+001 1.332473e+003
         vertex 1.088000e+003 -2.892381e+001 1.332473e+003
         vertex 1.088000e+003 -2.727980e+001 1.335747e+003
      endloop
   endfacet
   facet normal 0.000000e+000 -8.847528e-001 4.660608e-001
      outer loop
         vertex 1.081700e+003 -2.892381e+001 1.332473e+003
         vertex 1.088000e+003 -2.727980e+001 1.335747e+003
         vertex 1.081700e+003 -2.727980e+001 1.335747e+003
      endloop
   endfacet
   facet normal 0.000000e+000 -8.513263e-001 5.246365e-001
      outer loop
         vertex 1.081700e+003 -2.727980e+001 1.335747e+003
         vertex 1.088000e+003 -2.727980e+001 1.335747e+003
         vertex 1.088000e+003 -2.579085e+001 1.338011e+003
      endloop
   endfacet
   facet normal 0.000000e+000 -8.303329e-001 5.572675e-001
      outer loop
         vertex 1.081700e+003 -2.727980e+001 1.335747e+003
         vertex 1.088000e+003 -2.579085e+001 1.338011e+003
         vertex 1.081700e+003 -2.526688e+001 1.338807e+003
      endloop
   endfacet
   facet normal 0.000000e+000 -8.081061e-001 5.890369e-001
      outer loop
         vertex 1.088000e+003 -2.579085e+001 1.338011e+003
         vertex 1.088000e+003 -2.526688e+001 1.338807e+003
         vertex 1.081700e+003 -2.526688e+001 1.338807e+003
      endloop
   endfacet
   facet normal 0.000000e+000 -7.807745e-001 6.248129e-001
      outer loop
         vertex 1.081700e+003 -2.526688e+001 1.338807e+003
         vertex 1.088000e+003 -2.526688e+001 1.338807e+003
         vertex 1.088000e+003 -2.314535e+001 1.341336e+003
      endloop
   endfacet
   facet normal 0.000000e+000 -7.559400e-001 6.546409e-001
      outer loop
         vertex 1.081700e+003 -2.526688e+001 1.338807e+003
         vertex 1.088000e+003 -2.314535e+001 1.341336e+003
         vertex 1.081700e+003 -2.291227e+001 1.341614e+003
      endloop
   endfacet
   facet normal 0.000000e+000 -7.299987e-001 6.834486e-001
      outer loop
         vertex 1.088000e+003 -2.314535e+001 1.341336e+003
         vertex 1.088000e+003 -2.291227e+001 1.341614e+003
         vertex 1.081700e+003 -2.291227e+001 1.341614e+003
      endloop
   endfacet
   facet normal 0.000000e+000 -7.114669e-001 7.027195e-001
      outer loop
         vertex 1.081700e+003 -2.291227e+001 1.341614e+003
         vertex 1.088000e+003 -2.291227e+001 1.341614e+003
         vertex 1.088000e+003 -2.133883e+001 1.343098e+003
      endloop
   endfacet
   facet normal 0.000000e+000 -6.836779e-001 7.297839e-001
      outer loop
         vertex 1.081700e+003 -2.291227e+001 1.341614e+003
         vertex 1.088000e+003 -2.133883e+001 1.343098e+003
         vertex 1.081700e+003 -2.024781e+001 1.344127e+003
      endloop
   endfacet
   facet normal 0.000000e+000 -6.548681e-001 7.557433e-001
      outer loop
         vertex 1.088000e+003 -2.133883e+001 1.343098e+003
         vertex 1.088000e+003 -2.024781e+001 1.344127e+003
         vertex 1.081700e+003 -2.024781e+001 1.344127e+003
      endloop
   endfacet
   facet normal 0.000000e+000 -6.199223e-001 7.846632e-001
      outer loop
         vertex 1.081700e+003 -2.024781e+001 1.344127e+003
         vertex 1.088000e+003 -2.024781e+001 1.344127e+003
         vertex 1.088000e+003 -1.801384e+001 1.345790e+003
      endloop
   endfacet
   facet normal 0.000000e+000 -5.890146e-001 8.081224e-001
      outer loop
         vertex 1.081700e+003 -2.024781e+001 1.344127e+003
         vertex 1.088000e+003 -1.801384e+001 1.345790e+003
         vertex 1.081700e+003 -1.730953e+001 1.346315e+003
      endloop
   endfacet
   facet normal 0.000000e+000 -5.572454e-001 8.303479e-001
      outer loop
         vertex 1.088000e+003 -1.801384e+001 1.345790e+003
         vertex 1.088000e+003 -1.730953e+001 1.346315e+003
         vertex 1.081700e+003 -1.730953e+001 1.346315e+003
      endloop
   endfacet
   facet normal 0.000000e+000 -5.167161e-001 8.561568e-001
      outer loop
         vertex 1.081700e+003 -1.730953e+001 1.346315e+003
         vertex 1.088000e+003 -1.730953e+001 1.346315e+003
         vertex 1.088000e+003 -1.413717e+001 1.348146e+003
      endloop
   endfacet
   facet normal 0.000000e+000 -4.830955e-001 8.755676e-001
      outer loop
         vertex 1.081700e+003 -1.730953e+001 1.346315e+003
         vertex 1.088000e+003 -1.413717e+001 1.348146e+003
         vertex 1.081700e+003 -1.413717e+001 1.348146e+003
      endloop
   endfacet
   facet normal 0.000000e+000 -4.138285e-001 9.103549e-001
      outer loop
         vertex 1.081700e+003 -1.413717e+001 1.348146e+003
         vertex 1.088000e+003 -1.413717e+001 1.348146e+003
         vertex 1.088000e+003 -1.077363e+001 1.349597e+003
      endloop
   endfacet
   facet normal 0.000000e+000 -3.781818e-001 9.257313e-001
      outer loop
         vertex 1.081700e+003 -1.413717e+001 1.348146e+003
         vertex 1.088000e+003 -1.077363e+001 1.349597e+003
         vertex 1.081700e+003 -1.077363e+001 1.349597e+003
      endloop
   endfacet
   facet normal 0.000000e+000 -3.218501e-001 9.467906e-001
      outer loop
         vertex 1.081700e+003 -1.077363e+001 1.349597e+003
         vertex 1.088000e+003 -1.077363e+001 1.349597e+003
         vertex 1.088000e+003 -8.838835e+000 1.350177e+003
      endloop
   endfacet
   facet normal 0.000000e+000 -2.848907e-001 9.585600e-001
      outer loop
         vertex 1.081700e+003 -1.077363e+001 1.349597e+003
         vertex 1.088000e+003 -8.838835e+000 1.350177e+003
         vertex 1.081700e+003 -7.264400e+000 1.350648e+003
      endloop
   endfacet
   facet normal 0.000000e+000 -2.475083e-001 9.688858e-001
      outer loop
         vertex 1.088000e+003 -8.838835e+000 1.350177e+003
         vertex 1.088000e+003 -7.264400e+000 1.350648e+003
         vertex 1.081700e+003 -7.264400e+000 1.350648e+003
      endloop
   endfacet
   facet normal 0.000000e+000 -1.927313e-001 9.812515e-001
      outer loop
         vertex 1.081700e+003 -7.264400e+000 1.350648e+003
         vertex 1.088000e+003 -7.264400e+000 1.350648e+003
         vertex 1.088000e+003 -3.656927e+000 1.351284e+003
      endloop
   endfacet
   facet normal 0.000000e+000 -1.544996e-001 9.879928e-001
      outer loop
         vertex 1.081700e+003 -7.264400e+000 1.350648e+003
         vertex 1.088000e+003 -3.656927e+000 1.351284e+003
         vertex 1.081700e+003 -3.656927e+000 1.351284e+003
      endloop
   endfacet
   facet normal 0.000000e+000 -7.751183e-002 9.969914e-001
      outer loop
         vertex 1.081700e+003 -3.656927e+000 1.351284e+003
         vertex 1.088000e+003 -3.656927e+000 1.351284e+003
         vertex 1.088000e+003 -7.901645e-008 1.351497e+003
      endloop
   endfacet
   facet normal 0.000000e+000 -3.875591e-002 9.992487e-001
      outer loop
         vertex 1.081700e+003 -3.656927e+000 1.351284e+003
         vertex 1.088000e+003 -7.901645e-008 1.351497e+003
         vertex 1.081700e+003 -7.901645e-008 1.351497e+003
      endloop
   endfacet
   facet normal 0.000000e+000 3.875591e-002 9.992487e-001
      outer loop
         vertex 1.081700e+003 -7.901645e-008 1.351497e+003
         vertex 1.088000e+003 -7.901645e-008 1.351497e+003
         vertex 1.088000e+003 3.656927e+000 1.351284e+003
      endloop
   endfacet
   facet normal 0.000000e+000 7.751183e-002 9.969914e-001
      outer loop
         vertex 1.081700e+003 -7.901645e-008 1.351497e+003
         vertex 1.088000e+003 3.656927e+000 1.351284e+003
         vertex 1.081700e+003 3.656927e+000 1.351284e+003
      endloop
   endfacet
   facet normal 0.000000e+000 1.544996e-001 9.879928e-001
      outer loop
         vertex 1.081700e+003 3.656927e+000 1.351284e+003
         vertex 1.088000e+003 3.656927e+000 1.351284e+003
         vertex 1.088000e+003 7.264400e+000 1.350648e+003
      endloop
   endfacet
   facet normal 0.000000e+000 1.927313e-001 9.812515e-001
      outer loop
         vertex 1.081700e+003 3.656927e+000 1.351284e+003
         vertex 1.088000e+003 7.264400e+000 1.350648e+003
         vertex 1.081700e+003 7.264400e+000 1.350648e+003
      endloop
   endfacet
   facet normal 0.000000e+000 2.475083e-001 9.688858e-001
      outer loop
         vertex 1.081700e+003 7.264400e+000 1.350648e+003
         vertex 1.088000e+003 7.264400e+000 1.350648e+003
         vertex 1.088000e+003 8.838834e+000 1.350177e+003
      endloop
   endfacet
   facet normal 0.000000e+000 2.848907e-001 9.585600e-001
      outer loop
         vertex 1.081700e+003 7.264400e+000 1.350648e+003
         vertex 1.088000e+003 8.838834e+000 1.350177e+003
         vertex 1.081700e+003 1.077363e+001 1.349597e+003
      endloop
   endfacet
   facet normal 0.000000e+000 3.218501e-001 9.467906e-001
      outer loop
         vertex 1.088000e+003 8.838834e+000 1.350177e+003
         vertex 1.088000e+003 1.077363e+001 1.349597e+003
         vertex 1.081700e+003 1.077363e+001 1.349597e+003
      endloop
   endfacet
   facet normal 0.000000e+000 3.781818e-001 9.257313e-001
      outer loop
         vertex 1.081700e+003 1.077363e+001 1.349597e+003
         vertex 1.088000e+003 1.077363e+001 1.349597e+003
         vertex 1.088000e+003 1.413717e+001 1.348146e+003
      endloop
   endfacet
   facet normal 0.000000e+000 4.138285e-001 9.103549e-001
      outer loop
         vertex 1.081700e+003 1.077363e+001 1.349597e+003
         vertex 1.088000e+003 1.413717e+001 1.348146e+003
         vertex 1.081700e+003 1.413717e+001 1.348146e+003
      endloop
   endfacet
   facet normal 0.000000e+000 4.830955e-001 8.755676e-001
      outer loop
         vertex 1.081700e+003 1.413717e+001 1.348146e+003
         vertex 1.088000e+003 1.413717e+001 1.348146e+003
         vertex 1.088000e+003 1.730953e+001 1.346315e+003
      endloop
   endfacet
   facet normal 0.000000e+000 5.167161e-001 8.561568e-001
      outer loop
         vertex 1.081700e+003 1.413717e+001 1.348146e+003
         vertex 1.088000e+003 1.730953e+001 1.346315e+003
         vertex 1.081700e+003 1.730953e+001 1.346315e+003
      endloop
   endfacet
   facet normal 0.000000e+000 5.572454e-001 8.303479e-001
      outer loop
         vertex 1.081700e+003 1.730953e+001 1.346315e+003
         vertex 1.088000e+003 1.730953e+001 1.346315e+003
         vertex 1.088000e+003 1.801384e+001 1.345790e+003
      endloop
   endfacet
   facet normal 0.000000e+000 5.890146e-001 8.081224e-001
      outer loop
         vertex 1.081700e+003 1.730953e+001 1.346315e+003
         vertex 1.088000e+003 1.801384e+001 1.345790e+003
         vertex 1.081700e+003 2.024781e+001 1.344127e+003
      endloop
   endfacet
   facet normal 0.000000e+000 6.199223e-001 7.846632e-001
      outer loop
         vertex 1.088000e+003 1.801384e+001 1.345790e+003
         vertex 1.088000e+003 2.024781e+001 1.344127e+003
         vertex 1.081700e+003 2.024781e+001 1.344127e+003
      endloop
   endfacet
   facet normal 0.000000e+000 6.719935e-001 7.405571e-001
      outer loop
         vertex 1.081700e+003 2.024781e+001 1.344127e+003
         vertex 1.088000e+003 2.024781e+001 1.344127e+003
         vertex 1.088000e+003 2.291227e+001 1.341614e+003
      endloop
   endfacet
   facet normal 0.000000e+000 7.002313e-001 7.139161e-001
      outer loop
         vertex 1.081700e+003 2.024781e+001 1.344127e+003
         vertex 1.088000e+003 2.291227e+001 1.341614e+003
         vertex 1.081700e+003 2.291227e+001 1.341614e+003
      endloop
   endfacet
   facet normal 0.000000e+000 7.299987e-001 6.834486e-001
      outer loop
         vertex 1.081700e+003 2.291227e+001 1.341614e+003
         vertex 1.088000e+003 2.291227e+001 1.341614e+003
         vertex 1.088000e+003 2.314535e+001 1.341336e+003
      endloop
   endfacet
   facet normal 0.000000e+000 7.559400e-001 6.546410e-001
      outer loop
         vertex 1.081700e+003 2.291227e+001 1.341614e+003
         vertex 1.088000e+003 2.314535e+001 1.341336e+003
         vertex 1.081700e+003 2.526688e+001 1.338807e+003
      endloop
   endfacet
   facet normal 0.000000e+000 7.807745e-001 6.248129e-001
      outer loop
         vertex 1.088000e+003 2.314535e+001 1.341336e+003
         vertex 1.088000e+003 2.526688e+001 1.338807e+003
         vertex 1.081700e+003 2.526688e+001 1.338807e+003
      endloop
   endfacet
   facet normal 0.000000e+000 8.081061e-001 5.890369e-001
      outer loop
         vertex 1.081700e+003 2.526688e+001 1.338807e+003
         vertex 1.088000e+003 2.526688e+001 1.338807e+003
         vertex 1.088000e+003 2.579085e+001 1.338011e+003
      endloop
   endfacet
   facet normal 0.000000e+000 8.303330e-001 5.572675e-001
      outer loop
         vertex 1.081700e+003 2.526688e+001 1.338807e+003
         vertex 1.088000e+003 2.579085e+001 1.338011e+003
         vertex 1.081700e+003 2.727980e+001 1.335747e+003
      endloop
   endfacet
   facet normal 0.000000e+000 8.513263e-001 5.246365e-001
      outer loop
         vertex 1.088000e+003 2.579085e+001 1.338011e+003
         vertex 1.088000e+003 2.727980e+001 1.335747e+003
         vertex 1.081700e+003 2.727980e+001 1.335747e+003
      endloop
   endfacet
   facet normal 0.000000e+000 8.847528e-001 4.660608e-001
      outer loop
         vertex 1.081700e+003 2.727980e+001 1.335747e+003
         vertex 1.088000e+003 2.727980e+001 1.335747e+003
         vertex 1.088000e+003 2.892381e+001 1.332473e+003
      endloop
   endfacet
   facet normal 0.000000e+000 9.021758e-001 4.313685e-001
      outer loop
         vertex 1.081700e+003 2.727980e+001 1.335747e+003
         vertex 1.088000e+003 2.892381e+001 1.332473e+003
         vertex 1.081700e+003 2.892381e+001 1.332473e+003
      endloop
   endfacet
   facet normal 0.000000e+000 9.328767e-001 3.601959e-001
      outer loop
         vertex 1.081700e+003 2.892381e+001 1.332473e+003
         vertex 1.088000e+003 2.892381e+001 1.332473e+003
         vertex 1.088000e+003 3.017667e+001 1.329031e+003
      endloop
   endfacet
   facet normal 0.000000e+000 9.461545e-001 3.237155e-001
      outer loop
         vertex 1.081700e+003 2.892381e+001 1.332473e+003
         vertex 1.088000e+003 3.017667e+001 1.329031e+003
         vertex 1.081700e+003 3.017667e+001 1.329031e+003
      endloop
   endfacet
   facet normal 0.000000e+000 9.585962e-001 2.847689e-001
      outer loop
         vertex 1.081700e+003 3.017667e+001 1.329031e+003
         vertex 1.088000e+003 3.017667e+001 1.329031e+003
         vertex 1.088000e+003 3.022300e+001 1.328836e+003
      endloop
   endfacet
   facet normal 0.000000e+000 9.689129e-001 2.474020e-001
      outer loop
         vertex 1.081700e+003 3.017667e+001 1.329031e+003
         vertex 1.088000e+003 3.022300e+001 1.328836e+003
         vertex 1.081700e+003 3.102144e+001 1.325467e+003
      endloop
   endfacet
   facet normal 0.000000e+000 9.777845e-001 2.096125e-001
      outer loop
         vertex 1.088000e+003 3.022300e+001 1.328836e+003
         vertex 1.088000e+003 3.102144e+001 1.325467e+003
         vertex 1.081700e+003 3.102144e+001 1.325467e+003
      endloop
   endfacet
   facet normal 0.000000e+000 9.907978e-001 1.353506e-001
      outer loop
         vertex 1.081700e+003 3.102144e+001 1.325467e+003
         vertex 1.088000e+003 3.102144e+001 1.325467e+003
         vertex 1.088000e+003 3.144671e+001 1.321828e+003
      endloop
   endfacet
   facet normal 0.000000e+000 9.953047e-001 9.679150e-002
      outer loop
         vertex 1.081700e+003 3.102144e+001 1.325467e+003
         vertex 1.088000e+003 3.144671e+001 1.321828e+003
         vertex 1.081700e+003 3.144671e+001 1.321828e+003
      endloop
   endfacet
   facet normal 0.000000e+000 9.998116e-001 1.941080e-002
      outer loop
         vertex 1.081700e+003 3.144671e+001 1.321828e+003
         vertex 1.088000e+003 3.144671e+001 1.321828e+003
         vertex 1.088000e+003 3.144671e+001 1.318165e+003
      endloop
   endfacet
   facet normal 0.000000e+000 9.998116e-001 -1.941080e-002
      outer loop
         vertex 1.081700e+003 3.144671e+001 1.321828e+003
         vertex 1.088000e+003 3.144671e+001 1.318165e+003
         vertex 1.081700e+003 3.144671e+001 1.318165e+003
      endloop
   endfacet
   facet normal 0.000000e+000 9.953047e-001 -9.679150e-002
      outer loop
         vertex 1.081700e+003 3.144671e+001 1.318165e+003
         vertex 1.088000e+003 3.144671e+001 1.318165e+003
         vertex 1.088000e+003 3.102144e+001 1.314527e+003
      endloop
   endfacet
   facet normal 0.000000e+000 9.907978e-001 -1.353506e-001
      outer loop
         vertex 1.081700e+003 3.144671e+001 1.318165e+003
         vertex 1.088000e+003 3.102144e+001 1.314527e+003
         vertex 1.081700e+003 3.102144e+001 1.314527e+003
      endloop
   endfacet
   facet normal 0.000000e+000 9.777845e-001 -2.096125e-001
      outer loop
         vertex 1.081700e+003 3.102144e+001 1.314527e+003
         vertex 1.088000e+003 3.102144e+001 1.314527e+003
         vertex 1.088000e+003 3.022300e+001 1.311158e+003
      endloop
   endfacet
   facet normal 0.000000e+000 9.689129e-001 -2.474020e-001
      outer loop
         vertex 1.081700e+003 3.102144e+001 1.314527e+003
         vertex 1.088000e+003 3.022300e+001 1.311158e+003
         vertex 1.081700e+003 3.017667e+001 1.310963e+003
      endloop
   endfacet
   facet normal 0.000000e+000 9.585962e-001 -2.847689e-001
      outer loop
         vertex 1.088000e+003 3.022300e+001 1.311158e+003
         vertex 1.088000e+003 3.017667e+001 1.310963e+003
         vertex 1.081700e+003 3.017667e+001 1.310963e+003
      endloop
   endfacet
   facet normal 0.000000e+000 9.461545e-001 -3.237155e-001
      outer loop
         vertex 1.081700e+003 3.017667e+001 1.310963e+003
         vertex 1.088000e+003 3.017667e+001 1.310963e+003
         vertex 1.088000e+003 2.892381e+001 1.307520e+003
      endloop
   endfacet
   facet normal 0.000000e+000 9.328767e-001 -3.601959e-001
      outer loop
         vertex 1.081700e+003 3.017667e+001 1.310963e+003
         vertex 1.088000e+003 2.892381e+001 1.307520e+003
         vertex 1.081700e+003 2.892381e+001 1.307520e+003
      endloop
   endfacet
   facet normal 0.000000e+000 9.021758e-001 -4.313685e-001
      outer loop
         vertex 1.081700e+003 2.892381e+001 1.307520e+003
         vertex 1.088000e+003 2.892381e+001 1.307520e+003
         vertex 1.088000e+003 2.727980e+001 1.304247e+003
      endloop
   endfacet
   facet normal 0.000000e+000 8.847528e-001 -4.660608e-001
      outer loop
         vertex 1.081700e+003 2.892381e+001 1.307520e+003
         vertex 1.088000e+003 2.727980e+001 1.304247e+003
         vertex 1.081700e+003 2.727980e+001 1.304247e+003
      endloop
   endfacet
   facet normal 0.000000e+000 8.513263e-001 -5.246365e-001
      outer loop
         vertex 1.081700e+003 2.727980e+001 1.304247e+003
         vertex 1.088000e+003 2.727980e+001 1.304247e+003
         vertex 1.088000e+003 2.579085e+001 1.301983e+003
      endloop
   endfacet
   facet normal 0.000000e+000 8.303329e-001 -5.572675e-001
      outer loop
         vertex 1.081700e+003 2.727980e+001 1.304247e+003
         vertex 1.088000e+003 2.579085e+001 1.301983e+003
         vertex 1.081700e+003 2.526688e+001 1.301186e+003
      endloop
   endfacet
   facet normal 0.000000e+000 8.081061e-001 -5.890369e-001
      outer loop
         vertex 1.088000e+003 2.579085e+001 1.301983e+003
         vertex 1.088000e+003 2.526688e+001 1.301186e+003
         vertex 1.081700e+003 2.526688e+001 1.301186e+003
      endloop
   endfacet
   facet normal 0.000000e+000 7.783771e-001 -6.277969e-001
      outer loop
         vertex 1.081700e+003 2.526688e+001 1.301186e+003
         vertex 1.088000e+003 2.526688e+001 1.301186e+003
         vertex 1.088000e+003 2.291227e+001 1.298380e+003
      endloop
   endfacet
   facet normal 0.000000e+000 7.534231e-001 -6.575360e-001
      outer loop
         vertex 1.081700e+003 2.526688e+001 1.301186e+003
         vertex 1.088000e+003 2.291227e+001 1.298380e+003
         vertex 1.081700e+003 2.291227e+001 1.298380e+003
      endloop
   endfacet
   facet normal 0.000000e+000 7.002313e-001 -7.139161e-001
      outer loop
         vertex 1.081700e+003 2.291227e+001 1.298380e+003
         vertex 1.088000e+003 2.291227e+001 1.298380e+003
         vertex 1.088000e+003 2.024781e+001 1.295866e+003
      endloop
   endfacet
   facet normal 0.000000e+000 6.719935e-001 -7.405571e-001
      outer loop
         vertex 1.081700e+003 2.291227e+001 1.298380e+003
         vertex 1.088000e+003 2.024781e+001 1.295866e+003
         vertex 1.081700e+003 2.024781e+001 1.295866e+003
      endloop
   endfacet
   facet normal 0.000000e+000 6.199223e-001 -7.846632e-001
      outer loop
         vertex 1.081700e+003 2.024781e+001 1.295866e+003
         vertex 1.088000e+003 2.024781e+001 1.295866e+003
         vertex 1.088000e+003 1.801384e+001 1.294203e+003
      endloop
   endfacet
   facet normal 0.000000e+000 5.890146e-001 -8.081224e-001
      outer loop
         vertex 1.081700e+003 2.024781e+001 1.295866e+003
         vertex 1.088000e+003 1.801384e+001 1.294203e+003
         vertex 1.081700e+003 1.730953e+001 1.293679e+003
      endloop
   endfacet
   facet normal 0.000000e+000 5.572454e-001 -8.303479e-001
      outer loop
         vertex 1.088000e+003 1.801384e+001 1.294203e+003
         vertex 1.088000e+003 1.730953e+001 1.293679e+003
         vertex 1.081700e+003 1.730953e+001 1.293679e+003
      endloop
   endfacet
   facet normal 0.000000e+000 5.167161e-001 -8.561568e-001
      outer loop
         vertex 1.081700e+003 1.730953e+001 1.293679e+003
         vertex 1.088000e+003 1.730953e+001 1.293679e+003
         vertex 1.088000e+003 1.413717e+001 1.291847e+003
      endloop
   endfacet
   facet normal 0.000000e+000 4.830955e-001 -8.755676e-001
      outer loop
         vertex 1.081700e+003 1.730953e+001 1.293679e+003
         vertex 1.088000e+003 1.413717e+001 1.291847e+003
         vertex 1.081700e+003 1.413717e+001 1.291847e+003
      endloop
   endfacet
   facet normal 0.000000e+000 4.138285e-001 -9.103549e-001
      outer loop
         vertex 1.081700e+003 1.413717e+001 1.291847e+003
         vertex 1.088000e+003 1.413717e+001 1.291847e+003
         vertex 1.088000e+003 1.077363e+001 1.290397e+003
      endloop
   endfacet
   facet normal 0.000000e+000 3.781818e-001 -9.257313e-001
      outer loop
         vertex 1.081700e+003 1.413717e+001 1.291847e+003
         vertex 1.088000e+003 1.077363e+001 1.290397e+003
         vertex 1.081700e+003 1.077363e+001 1.290397e+003
      endloop
   endfacet
   facet normal 0.000000e+000 3.218501e-001 -9.467906e-001
      outer loop
         vertex 1.081700e+003 1.077363e+001 1.290397e+003
         vertex 1.088000e+003 1.077363e+001 1.290397e+003
         vertex 1.088000e+003 8.838834e+000 1.289817e+003
      endloop
   endfacet
   facet normal 0.000000e+000 2.848907e-001 -9.585600e-001
      outer loop
         vertex 1.081700e+003 1.077363e+001 1.290397e+003
         vertex 1.088000e+003 8.838834e+000 1.289817e+003
         vertex 1.081700e+003 7.264400e+000 1.289346e+003
      endloop
   endfacet
   facet normal 0.000000e+000 2.475083e-001 -9.688858e-001
      outer loop
         vertex 1.088000e+003 8.838834e+000 1.289817e+003
         vertex 1.088000e+003 7.264400e+000 1.289346e+003
         vertex 1.081700e+003 7.264400e+000 1.289346e+003
      endloop
   endfacet
   facet normal 0.000000e+000 1.927313e-001 -9.812515e-001
      outer loop
         vertex 1.081700e+003 7.264400e+000 1.289346e+003
         vertex 1.088000e+003 7.264400e+000 1.289346e+003
         vertex 1.088000e+003 3.656927e+000 1.288710e+003
      endloop
   endfacet
   facet normal 0.000000e+000 1.544996e-001 -9.879928e-001
      outer loop
         vertex 1.081700e+003 7.264400e+000 1.289346e+003
         vertex 1.088000e+003 3.656927e+000 1.288710e+003
         vertex 1.081700e+003 3.656927e+000 1.288710e+003
      endloop
   endfacet
   facet normal 0.000000e+000 7.751183e-002 -9.969914e-001
      outer loop
         vertex 1.081700e+003 3.656927e+000 1.288710e+003
         vertex 1.088000e+003 3.656927e+000 1.288710e+003
         vertex 1.088000e+003 -7.901646e-008 1.288497e+003
      endloop
   endfacet
   facet normal 0.000000e+000 3.875591e-002 -9.992487e-001
      outer loop
         vertex 1.081700e+003 3.656927e+000 1.288710e+003
         vertex 1.088000e+003 -7.901646e-008 1.288497e+003
         vertex 1.081700e+003 -7.901646e-008 1.288497e+003
      endloop
   endfacet
   facet normal 0.000000e+000 -3.875591e-002 -9.992487e-001
      outer loop
         vertex 1.081700e+003 -7.901646e-008 1.288497e+003
         vertex 1.088000e+003 -7.901646e-008 1.288497e+003
         vertex 1.088000e+003 -3.656927e+000 1.288710e+003
      endloop
   endfacet
   facet normal 0.000000e+000 -7.751183e-002 -9.969914e-001
      outer loop
         vertex 1.081700e+003 -7.901646e-008 1.288497e+003
         vertex 1.088000e+003 -3.656927e+000 1.288710e+003
         vertex 1.081700e+003 -3.656927e+000 1.288710e+003
      endloop
   endfacet
   facet normal 0.000000e+000 -1.544996e-001 -9.879928e-001
      outer loop
         vertex 1.081700e+003 -3.656927e+000 1.288710e+003
         vertex 1.088000e+003 -3.656927e+000 1.288710e+003
         vertex 1.088000e+003 -7.264400e+000 1.289346e+003
      endloop
   endfacet
   facet normal 0.000000e+000 -1.927313e-001 -9.812515e-001
      outer loop
         vertex 1.081700e+003 -3.656927e+000 1.288710e+003
         vertex 1.088000e+003 -7.264400e+000 1.289346e+003
         vertex 1.081700e+003 -7.264400e+000 1.289346e+003
      endloop
   endfacet
   facet normal 0.000000e+000 -2.475083e-001 -9.688858e-001
      outer loop
         vertex 1.081700e+003 -7.264400e+000 1.289346e+003
         vertex 1.088000e+003 -7.264400e+000 1.289346e+003
         vertex 1.088000e+003 -8.838835e+000 1.289817e+003
      endloop
   endfacet
   facet normal 0.000000e+000 -2.848907e-001 -9.585600e-001
      outer loop
         vertex 1.081700e+003 -7.264400e+000 1.289346e+003
         vertex 1.088000e+003 -8.838835e+000 1.289817e+003
         vertex 1.081700e+003 -1.077363e+001 1.290397e+003
      endloop
   endfacet
   facet normal 0.000000e+000 -3.218501e-001 -9.467906e-001
      outer loop
         vertex 1.081700e+003 -1.077363e+001 1.290397e+003
         vertex 1.088000e+003 -8.838835e+000 1.289817e+003
         vertex 1.088000e+003 -1.077363e+001 1.290397e+003
      endloop
   endfacet
   facet normal 0.000000e+000 -3.781818e-001 -9.257313e-001
      outer loop
         vertex 1.081700e+003 -1.077363e+001 1.290397e+003
         vertex 1.088000e+003 -1.077363e+001 1.290397e+003
         vertex 1.088000e+003 -1.413717e+001 1.291847e+003
      endloop
   endfacet
   facet normal 1.000000e+000 0.000000e+000 0.000000e+000
      outer loop
         vertex 1.081700e+003 -1.413717e+001 1.291847e+003
         vertex 1.081700e+003 -1.561770e+001 1.284260e+003
         vertex 1.081700e+003 -1.077363e+001 1.290397e+003
      endloop
   endfacet
   facet normal 1.000000e+000 0.000000e+000 0.000000e+000
      outer loop
         vertex 1.081700e+003 -1.077363e+001 1.290397e+003
         vertex 1.081700e+003 -1.561770e+001 1.284260e+003
         vertex 1.081700e+003 -1.186048e+001 1.282844e+003
      endloop
   endfacet
   facet normal 1.000000e+000 0.000000e+000 0.000000e+000
      outer loop
         vertex 1.081700e+003 -1.077363e+001 1.290397e+003
         vertex 1.081700e+003 -1.186048e+001 1.282844e+003
         vertex 1.081700e+003 -7.264400e+000 1.289346e+003
      endloop
   endfacet
   facet normal 1.000000e+000 0.000000e+000 0.000000e+000
      outer loop
         vertex 1.081700e+003 -7.264400e+000 1.289346e+003
         vertex 1.081700e+003 -1.186048e+001 1.282844e+003
         vertex 1.081700e+003 -7.977530e+000 1.281822e+003
      endloop
   endfacet
   facet normal 1.000000e+000 0.000000e+000 0.000000e+000
      outer loop
         vertex 1.081700e+003 -7.264400e+000 1.289346e+003
         vertex 1.081700e+003 -7.977530e+000 1.281822e+003
         vertex 1.081700e+003 -3.656927e+000 1.288710e+003
      endloop
   endfacet
   facet normal 1.000000e+000 0.000000e+000 0.000000e+000
      outer loop
         vertex 1.081700e+003 -3.656927e+000 1.288710e+003
         vertex 1.081700e+003 -7.977530e+000 1.281822e+003
         vertex 1.081700e+003 -4.010019e+000 1.281203e+003
      endloop
   endfacet
   facet normal 1.000000e+000 0.000000e+000 0.000000e+000
      outer loop
         vertex 1.081700e+003 -3.656927e+000 1.288710e+003
         vertex 1.081700e+003 -4.010019e+000 1.281203e+003
         vertex 1.081700e+003 -7.901646e-008 1.288497e+003
      endloop
   endfacet
   facet normal 1.000000e+000 0.000000e+000 0.000000e+000
      outer loop
         vertex 1.081700e+003 -7.901646e-008 1.288497e+003
         vertex 1.081700e+003 -4.010019e+000 1.281203e+003
         vertex 1.081700e+003 -7.901647e-008 1.280997e+003
      endloop
   endfacet
   facet normal 1.000000e+000 0.000000e+000 0.000000e+000
      outer loop
         vertex 1.081700e+003 -7.901646e-008 1.288497e+003
         vertex 1.081700e+003 -7.901647e-008 1.280997e+003
         vertex 1.081700e+003 3.656927e+000 1.288710e+003
      endloop
   endfacet
   facet normal 1.000000e+000 0.000000e+000 0.000000e+000
      outer loop
         vertex 1.081700e+003 3.656927e+000 1.288710e+003
         vertex 1.081700e+003 -7.901647e-008 1.280997e+003
         vertex 1.081700e+003 4.010019e+000 1.281203e+003
      endloop
   endfacet
   facet normal 1.000000e+000 0.000000e+000 0.000000e+000
      outer loop
         vertex 1.081700e+003 3.656927e+000 1.288710e+003
         vertex 1.081700e+003 4.010019e+000 1.281203e+003
         vertex 1.081700e+003 7.264400e+000 1.289346e+003
      endloop
   endfacet
   facet normal 1.000000e+000 0.000000e+000 0.000000e+000
      outer loop
         vertex 1.081700e+003 7.264400e+000 1.289346e+003
         vertex 1.081700e+003 4.010019e+000 1.281203e+003
         vertex 1.081700e+003 7.977530e+000 1.281822e+003
      endloop
   endfacet
   facet normal 1.000000e+000 0.000000e+000 0.000000e+000
      outer loop
         vertex 1.081700e+003 7.264400e+000 1.289346e+003
         vertex 1.081700e+003 7.977530e+000 1.281822e+003
         vertex 1.081700e+003 1.077363e+001 1.290397e+003
      endloop
   endfacet
   facet normal 1.000000e+000 0.000000e+000 0.000000e+000
      outer loop
         vertex 1.081700e+003 3.656927e+000 1.351284e+003
         vertex 1.081700e+003 2.007671e+000 1.358945e+003
         vertex 1.081700e+003 -7.901645e-008 1.351497e+003
      endloop
   endfacet
   facet normal 1.000000e+000 0.000000e+000 0.000000e+000
      outer loop
         vertex 1.081700e+003 -7.901645e-008 1.351497e+003
         vertex 1.081700e+003 2.007671e+000 1.358945e+003
         vertex 1.081700e+003 -2.007671e+000 1.358945e+003
      endloop
   endfacet
   facet normal 1.000000e+000 0.000000e+000 0.000000e+000
      outer loop
         vertex 1.081700e+003 -7.901645e-008 1.351497e+003
         vertex 1.081700e+003 -2.007671e+000 1.358945e+003
         vertex 1.081700e+003 -3.656927e+000 1.351284e+003
      endloop
   endfacet
   facet normal 1.000000e+000 0.000000e+000 0.000000e+000
      outer loop
         vertex 1.081700e+003 -3.656927e+000 1.351284e+003
         vertex 1.081700e+003 -2.007671e+000 1.358945e+003
         vertex 1.081700e+003 -6.001733e+000 1.358532e+003
      endloop
   endfacet
   facet normal 1.000000e+000 0.000000e+000 0.000000e+000
      outer loop
         vertex 1.081700e+003 -3.656927e+000 1.351284e+003
         vertex 1.081700e+003 -6.001733e+000 1.358532e+003
         vertex 1.081700e+003 -7.264400e+000 1.350648e+003
      endloop
   endfacet
   facet normal 1.000000e+000 0.000000e+000 0.000000e+000
      outer loop
         vertex 1.081700e+003 -7.264400e+000 1.350648e+003
         vertex 1.081700e+003 -6.001733e+000 1.358532e+003
         vertex 1.081700e+003 -9.932174e+000 1.357711e+003
      endloop
   endfacet
   facet normal 1.000000e+000 0.000000e+000 0.000000e+000
      outer loop
         vertex 1.081700e+003 -7.264400e+000 1.350648e+003
         vertex 1.081700e+003 -9.932174e+000 1.357711e+003
         vertex 1.081700e+003 -1.077363e+001 1.349597e+003
      endloop
   endfacet
   facet normal 1.000000e+000 0.000000e+000 0.000000e+000
      outer loop
         vertex 1.081700e+003 -1.077363e+001 1.349597e+003
         vertex 1.081700e+003 -9.932174e+000 1.357711e+003
         vertex 1.081700e+003 -1.375733e+001 1.356490e+003
      endloop
   endfacet
   facet normal 1.000000e+000 0.000000e+000 0.000000e+000
      outer loop
         vertex 1.081700e+003 -1.077363e+001 1.349597e+003
         vertex 1.081700e+003 -1.375733e+001 1.356490e+003
         vertex 1.081700e+003 -1.413717e+001 1.348146e+003
      endloop
   endfacet
   facet normal 1.000000e+000 0.000000e+000 0.000000e+000
      outer loop
         vertex 1.081700e+003 -1.413717e+001 1.348146e+003
         vertex 1.081700e+003 -1.375733e+001 1.356490e+003
         vertex 1.081700e+003 -1.743666e+001 1.354882e+003
      endloop
   endfacet
   facet normal 1.000000e+000 0.000000e+000 0.000000e+000
      outer loop
         vertex 1.081700e+003 -1.413717e+001 1.348146e+003
         vertex 1.081700e+003 -1.743666e+001 1.354882e+003
         vertex 1.081700e+003 -1.730953e+001 1.346315e+003
      endloop
   endfacet
   facet normal 1.000000e+000 0.000000e+000 0.000000e+000
      outer loop
         vertex 1.081700e+003 -1.730953e+001 1.346315e+003
         vertex 1.081700e+003 -1.743666e+001 1.354882e+003
         vertex 1.081700e+003 -2.093115e+001 1.352904e+003
      endloop
   endfacet
   facet normal 1.000000e+000 0.000000e+000 0.000000e+000
      outer loop
         vertex 1.081700e+003 -1.730953e+001 1.346315e+003
         vertex 1.081700e+003 -2.093115e+001 1.352904e+003
         vertex 1.081700e+003 -2.024781e+001 1.344127e+003
      endloop
   endfacet
   facet normal 1.000000e+000 0.000000e+000 0.000000e+000
      outer loop
         vertex 1.081700e+003 -2.024781e+001 1.344127e+003
         vertex 1.081700e+003 -2.093115e+001 1.352904e+003
         vertex 1.081700e+003 -2.420377e+001 1.350578e+003
      endloop
   endfacet
   facet normal 1.000000e+000 0.000000e+000 0.000000e+000
      outer loop
         vertex 1.081700e+003 -2.024781e+001 1.344127e+003
         vertex 1.081700e+003 -2.420377e+001 1.350578e+003
         vertex 1.081700e+003 -2.291227e+001 1.341614e+003
      endloop
   endfacet
   facet normal 1.000000e+000 0.000000e+000 0.000000e+000
      outer loop
         vertex 1.081700e+003 7.977530e+000 1.281822e+003
         vertex 1.081700e+003 1.186048e+001 1.282844e+003
         vertex 1.081700e+003 1.077363e+001 1.290397e+003
      endloop
   endfacet
   facet normal 1.000000e+000 0.000000e+000 0.000000e+000
      outer loop
         vertex 1.081700e+003 1.077363e+001 1.290397e+003
         vertex 1.081700e+003 1.186048e+001 1.282844e+003
         vertex 1.081700e+003 1.561770e+001 1.284260e+003
      endloop
   endfacet
   facet normal 1.000000e+000 0.000000e+000 0.000000e+000
      outer loop
         vertex 1.081700e+003 1.077363e+001 1.290397e+003
         vertex 1.081700e+003 1.561770e+001 1.284260e+003
         vertex 1.081700e+003 1.413717e+001 1.291847e+003
      endloop
   endfacet
   facet normal 1.000000e+000 0.000000e+000 0.000000e+000
      outer loop
         vertex 1.081700e+003 1.413717e+001 1.291847e+003
         vertex 1.081700e+003 1.561770e+001 1.284260e+003
         vertex 1.081700e+003 1.920937e+001 1.286056e+003
      endloop
   endfacet
   facet normal 1.000000e+000 0.000000e+000 0.000000e+000
      outer loop
         vertex 1.081700e+003 1.413717e+001 1.291847e+003
         vertex 1.081700e+003 1.920937e+001 1.286056e+003
         vertex 1.081700e+003 1.730953e+001 1.293679e+003
      endloop
   endfacet
   facet normal 1.000000e+000 0.000000e+000 0.000000e+000
      outer loop
         vertex 1.081700e+003 1.730953e+001 1.293679e+003
         vertex 1.081700e+003 1.920937e+001 1.286056e+003
         vertex 1.081700e+003 2.259742e+001 1.288211e+003
      endloop
   endfacet
   facet normal 1.000000e+000 0.000000e+000 0.000000e+000
      outer loop
         vertex 1.081700e+003 1.730953e+001 1.293679e+003
         vertex 1.081700e+003 2.259742e+001 1.288211e+003
         vertex 1.081700e+003 2.024781e+001 1.295866e+003
      endloop
   endfacet
   facet normal 1.000000e+000 0.000000e+000 0.000000e+000
      outer loop
         vertex 1.081700e+003 2.024781e+001 1.295866e+003
         vertex 1.081700e+003 2.259742e+001 1.288211e+003
         vertex 1.081700e+003 2.574593e+001 1.290703e+003
      endloop
   endfacet
   facet normal 1.000000e+000 0.000000e+000 0.000000e+000
      outer loop
         vertex 1.081700e+003 2.024781e+001 1.295866e+003
         vertex 1.081700e+003 2.574593e+001 1.290703e+003
         vertex 1.081700e+003 2.291227e+001 1.298380e+003
      endloop
   endfacet
   facet normal 1.000000e+000 0.000000e+000 0.000000e+000
      outer loop
         vertex 1.081700e+003 2.291227e+001 1.298380e+003
         vertex 1.081700e+003 2.574593e+001 1.290703e+003
         vertex 1.081700e+003 2.862153e+001 1.293505e+003
      endloop
   endfacet
   facet normal 1.000000e+000 0.000000e+000 0.000000e+000
      outer loop
         vertex 1.081700e+003 2.291227e+001 1.298380e+003
         vertex 1.081700e+003 2.862153e+001 1.293505e+003
         vertex 1.081700e+003 2.526688e+001 1.301186e+003
      endloop
   endfacet
   facet normal 1.000000e+000 0.000000e+000 0.000000e+000
      outer loop
         vertex 1.081700e+003 2.526688e+001 1.301186e+003
         vertex 1.081700e+003 2.862153e+001 1.293505e+003
         vertex 1.081700e+003 3.119373e+001 1.296589e+003
      endloop
   endfacet
   facet normal 1.000000e+000 0.000000e+000 0.000000e+000
      outer loop
         vertex 1.081700e+003 2.526688e+001 1.301186e+003
         vertex 1.081700e+003 3.119373e+001 1.296589e+003
         vertex 1.081700e+003 2.727980e+001 1.304247e+003
      endloop
   endfacet
   facet normal 1.000000e+000 0.000000e+000 0.000000e+000
      outer loop
         vertex 1.081700e+003 2.727980e+001 1.304247e+003
         vertex 1.081700e+003 3.119373e+001 1.296589e+003
         vertex 1.081700e+003 3.343527e+001 1.299920e+003
      endloop
   endfacet
   facet normal 1.000000e+000 0.000000e+000 0.000000e+000
      outer loop
         vertex 1.081700e+003 2.727980e+001 1.304247e+003
         vertex 1.081700e+003 3.343527e+001 1.299920e+003
         vertex 1.081700e+003 2.892381e+001 1.307520e+003
      endloop
   endfacet
   facet normal 1.000000e+000 0.000000e+000 0.000000e+000
      outer loop
         vertex 1.081700e+003 2.892381e+001 1.307520e+003
         vertex 1.081700e+003 3.343527e+001 1.299920e+003
         vertex 1.081700e+003 3.532239e+001 1.303464e+003
      endloop
   endfacet
   facet normal 1.000000e+000 0.000000e+000 0.000000e+000
      outer loop
         vertex 1.081700e+003 2.892381e+001 1.307520e+003
         vertex 1.081700e+003 3.532239e+001 1.303464e+003
         vertex 1.081700e+003 3.017667e+001 1.310963e+003
      endloop
   endfacet
   facet normal 1.000000e+000 0.000000e+000 0.000000e+000
      outer loop
         vertex 1.081700e+003 2.526688e+001 1.338807e+003
         vertex 1.081700e+003 2.994734e+001 1.344980e+003
         vertex 1.081700e+003 2.291227e+001 1.341614e+003
      endloop
   endfacet
   facet normal 1.000000e+000 0.000000e+000 0.000000e+000
      outer loop
         vertex 1.081700e+003 2.291227e+001 1.341614e+003
         vertex 1.081700e+003 2.994734e+001 1.344980e+003
         vertex 1.081700e+003 2.721982e+001 1.347927e+003
      endloop
   endfacet
   facet normal 1.000000e+000 0.000000e+000 0.000000e+000
      outer loop
         vertex 1.081700e+003 2.291227e+001 1.341614e+003
         vertex 1.081700e+003 2.721982e+001 1.347927e+003
         vertex 1.081700e+003 2.024781e+001 1.344127e+003
      endloop
   endfacet
   facet normal 1.000000e+000 0.000000e+000 0.000000e+000
      outer loop
         vertex 1.081700e+003 2.024781e+001 1.344127e+003
         vertex 1.081700e+003 2.721982e+001 1.347927e+003
         vertex 1.081700e+003 2.420377e+001 1.350578e+003
      endloop
   endfacet
   facet normal 1.000000e+000 0.000000e+000 0.000000e+000
      outer loop
         vertex 1.081700e+003 2.024781e+001 1.344127e+003
         vertex 1.081700e+003 2.420377e+001 1.350578e+003
         vertex 1.081700e+003 1.730953e+001 1.346315e+003
      endloop
   endfacet
   facet normal 1.000000e+000 0.000000e+000 0.000000e+000
      outer loop
         vertex 1.081700e+003 1.730953e+001 1.346315e+003
         vertex 1.081700e+003 2.420377e+001 1.350578e+003
         vertex 1.081700e+003 2.093115e+001 1.352904e+003
      endloop
   endfacet
   facet normal 1.000000e+000 0.000000e+000 0.000000e+000
      outer loop
         vertex 1.081700e+003 1.730953e+001 1.346315e+003
         vertex 1.081700e+003 2.093115e+001 1.352904e+003
         vertex 1.081700e+003 1.413717e+001 1.348146e+003
      endloop
   endfacet
   facet normal 1.000000e+000 0.000000e+000 0.000000e+000
      outer loop
         vertex 1.081700e+003 1.413717e+001 1.348146e+003
         vertex 1.081700e+003 2.093115e+001 1.352904e+003
         vertex 1.081700e+003 1.743666e+001 1.354882e+003
      endloop
   endfacet
   facet normal 1.000000e+000 0.000000e+000 0.000000e+000
      outer loop
         vertex 1.081700e+003 1.413717e+001 1.348146e+003
         vertex 1.081700e+003 1.743666e+001 1.354882e+003
         vertex 1.081700e+003 1.077363e+001 1.349597e+003
      endloop
   endfacet
   facet normal 1.000000e+000 0.000000e+000 0.000000e+000
      outer loop
         vertex 1.081700e+003 1.077363e+001 1.349597e+003
         vertex 1.081700e+003 1.743666e+001 1.354882e+003
         vertex 1.081700e+003 1.375733e+001 1.356490e+003
      endloop
   endfacet
   facet normal 1.000000e+000 0.000000e+000 0.000000e+000
      outer loop
         vertex 1.081700e+003 1.077363e+001 1.349597e+003
         vertex 1.081700e+003 1.375733e+001 1.356490e+003
         vertex 1.081700e+003 7.264400e+000 1.350648e+003
      endloop
   endfacet
   facet normal 1.000000e+000 0.000000e+000 0.000000e+000
      outer loop
         vertex 1.081700e+003 7.264400e+000 1.350648e+003
         vertex 1.081700e+003 1.375733e+001 1.356490e+003
         vertex 1.081700e+003 9.932174e+000 1.357711e+003
      endloop
   endfacet
   facet normal 1.000000e+000 0.000000e+000 0.000000e+000
      outer loop
         vertex 1.081700e+003 7.264400e+000 1.350648e+003
         vertex 1.081700e+003 9.932174e+000 1.357711e+003
         vertex 1.081700e+003 3.656927e+000 1.351284e+003
      endloop
   endfacet
   facet normal 1.000000e+000 0.000000e+000 0.000000e+000
      outer loop
         vertex 1.081700e+003 3.656927e+000 1.351284e+003
         vertex 1.081700e+003 9.932174e+000 1.357711e+003
         vertex 1.081700e+003 6.001732e+000 1.358532e+003
      endloop
   endfacet
   facet normal 1.000000e+000 0.000000e+000 0.000000e+000
      outer loop
         vertex 1.081700e+003 3.656927e+000 1.351284e+003
         vertex 1.081700e+003 6.001732e+000 1.358532e+003
         vertex 1.081700e+003 2.007671e+000 1.358945e+003
      endloop
   endfacet
   facet normal 1.000000e+000 0.000000e+000 0.000000e+000
      outer loop
         vertex 1.081700e+003 3.532239e+001 1.303464e+003
         vertex 1.081700e+003 3.683508e+001 1.307184e+003
         vertex 1.081700e+003 3.017667e+001 1.310963e+003
      endloop
   endfacet
   facet normal 1.000000e+000 0.000000e+000 0.000000e+000
      outer loop
         vertex 1.081700e+003 3.017667e+001 1.310963e+003
         vertex 1.081700e+003 3.683508e+001 1.307184e+003
         vertex 1.081700e+003 3.795731e+001 1.311039e+003
      endloop
   endfacet
   facet normal 1.000000e+000 0.000000e+000 0.000000e+000
      outer loop
         vertex 1.081700e+003 3.017667e+001 1.310963e+003
         vertex 1.081700e+003 3.795731e+001 1.311039e+003
         vertex 1.081700e+003 3.102144e+001 1.314527e+003
      endloop
   endfacet
   facet normal 1.000000e+000 0.000000e+000 0.000000e+000
      outer loop
         vertex 1.081700e+003 3.102144e+001 1.314527e+003
         vertex 1.081700e+003 3.795731e+001 1.311039e+003
         vertex 1.081700e+003 3.867719e+001 1.314989e+003
      endloop
   endfacet
   facet normal 1.000000e+000 0.000000e+000 0.000000e+000
      outer loop
         vertex 1.081700e+003 3.102144e+001 1.314527e+003
         vertex 1.081700e+003 3.867719e+001 1.314989e+003
         vertex 1.081700e+003 3.144671e+001 1.318165e+003
      endloop
   endfacet
   facet normal 1.000000e+000 0.000000e+000 0.000000e+000
      outer loop
         vertex 1.081700e+003 3.144671e+001 1.318165e+003
         vertex 1.081700e+003 3.867719e+001 1.314989e+003
         vertex 1.081700e+003 3.898707e+001 1.318993e+003
      endloop
   endfacet
   facet normal 1.000000e+000 0.000000e+000 0.000000e+000
      outer loop
         vertex 1.081700e+003 3.144671e+001 1.318165e+003
         vertex 1.081700e+003 3.898707e+001 1.318993e+003
         vertex 1.081700e+003 3.144671e+001 1.321828e+003
      endloop
   endfacet
   facet normal 1.000000e+000 0.000000e+000 0.000000e+000
      outer loop
         vertex 1.081700e+003 3.144671e+001 1.321828e+003
         vertex 1.081700e+003 3.898707e+001 1.318993e+003
         vertex 1.081700e+003 3.888368e+001 1.323007e+003
      endloop
   endfacet
   facet normal 1.000000e+000 0.000000e+000 0.000000e+000
      outer loop
         vertex 1.081700e+003 3.144671e+001 1.321828e+003
         vertex 1.081700e+003 3.888368e+001 1.323007e+003
         vertex 1.081700e+003 3.102144e+001 1.325467e+003
      endloop
   endfacet
   facet normal 1.000000e+000 0.000000e+000 0.000000e+000
      outer loop
         vertex 1.081700e+003 3.102144e+001 1.325467e+003
         vertex 1.081700e+003 3.888368e+001 1.323007e+003
         vertex 1.081700e+003 3.836812e+001 1.326989e+003
      endloop
   endfacet
   facet normal 1.000000e+000 0.000000e+000 0.000000e+000
      outer loop
         vertex 1.081700e+003 3.102144e+001 1.325467e+003
         vertex 1.081700e+003 3.836812e+001 1.326989e+003
         vertex 1.081700e+003 3.017667e+001 1.329031e+003
      endloop
   endfacet
   facet normal 1.000000e+000 0.000000e+000 0.000000e+000
      outer loop
         vertex 1.081700e+003 3.017667e+001 1.329031e+003
         vertex 1.081700e+003 3.836812e+001 1.326989e+003
         vertex 1.081700e+003 3.744584e+001 1.330897e+003
      endloop
   endfacet
   facet normal 1.000000e+000 0.000000e+000 0.000000e+000
      outer loop
         vertex 1.081700e+003 3.017667e+001 1.329031e+003
         vertex 1.081700e+003 3.744584e+001 1.330897e+003
         vertex 1.081700e+003 2.892381e+001 1.332473e+003
      endloop
   endfacet
   facet normal 1.000000e+000 0.000000e+000 0.000000e+000
      outer loop
         vertex 1.081700e+003 2.892381e+001 1.332473e+003
         vertex 1.081700e+003 3.744584e+001 1.330897e+003
         vertex 1.081700e+003 3.612664e+001 1.334689e+003
      endloop
   endfacet
   facet normal 1.000000e+000 0.000000e+000 0.000000e+000
      outer loop
         vertex 1.081700e+003 2.892381e+001 1.332473e+003
         vertex 1.081700e+003 3.612664e+001 1.334689e+003
         vertex 1.081700e+003 2.727980e+001 1.335747e+003
      endloop
   endfacet
   facet normal 1.000000e+000 0.000000e+000 0.000000e+000
      outer loop
         vertex 1.081700e+003 2.727980e+001 1.335747e+003
         vertex 1.081700e+003 3.612664e+001 1.334689e+003
         vertex 1.081700e+003 3.442447e+001 1.338326e+003
      endloop
   endfacet
   facet normal 1.000000e+000 0.000000e+000 0.000000e+000
      outer loop
         vertex 1.081700e+003 2.727980e+001 1.335747e+003
         vertex 1.081700e+003 3.442447e+001 1.338326e+003
         vertex 1.081700e+003 2.526688e+001 1.338807e+003
      endloop
   endfacet
   facet normal 1.000000e+000 0.000000e+000 0.000000e+000
      outer loop
         vertex 1.081700e+003 2.526688e+001 1.338807e+003
         vertex 1.081700e+003 3.442447e+001 1.338326e+003
         vertex 1.081700e+003 3.235740e+001 1.341768e+003
      endloop
   endfacet
   facet normal 1.000000e+000 0.000000e+000 0.000000e+000
      outer loop
         vertex 1.081700e+003 2.526688e+001 1.338807e+003
         vertex 1.081700e+003 3.235740e+001 1.341768e+003
         vertex 1.081700e+003 2.994734e+001 1.344980e+003
      endloop
   endfacet
   facet normal 1.000000e+000 0.000000e+000 0.000000e+000
      outer loop
         vertex 1.081700e+003 -2.420377e+001 1.350578e+003
         vertex 1.081700e+003 -2.721982e+001 1.347927e+003
         vertex 1.081700e+003 -2.291227e+001 1.341614e+003
      endloop
   endfacet
   facet normal 1.000000e+000 0.000000e+000 0.000000e+000
      outer loop
         vertex 1.081700e+003 -2.291227e+001 1.341614e+003
         vertex 1.081700e+003 -2.721982e+001 1.347927e+003
         vertex 1.081700e+003 -2.994734e+001 1.344980e+003
      endloop
   endfacet
   facet normal 1.000000e+000 0.000000e+000 0.000000e+000
      outer loop
         vertex 1.081700e+003 -2.291227e+001 1.341614e+003
         vertex 1.081700e+003 -2.994734e+001 1.344980e+003
         vertex 1.081700e+003 -2.526688e+001 1.338807e+003
      endloop
   endfacet
   facet normal 1.000000e+000 0.000000e+000 0.000000e+000
      outer loop
         vertex 1.081700e+003 -2.526688e+001 1.338807e+003
         vertex 1.081700e+003 -2.994734e+001 1.344980e+003
         vertex 1.081700e+003 -3.235740e+001 1.341768e+003
      endloop
   endfacet
   facet normal 1.000000e+000 0.000000e+000 0.000000e+000
      outer loop
         vertex 1.081700e+003 -2.526688e+001 1.338807e+003
         vertex 1.081700e+003 -3.235740e+001 1.341768e+003
         vertex 1.081700e+003 -2.727980e+001 1.335747e+003
      endloop
   endfacet
   facet normal 1.000000e+000 0.000000e+000 0.000000e+000
      outer loop
         vertex 1.081700e+003 -2.727980e+001 1.335747e+003
         vertex 1.081700e+003 -3.235740e+001 1.341768e+003
         vertex 1.081700e+003 -3.442447e+001 1.338326e+003
      endloop
   endfacet
   facet normal 1.000000e+000 0.000000e+000 0.000000e+000
      outer loop
         vertex 1.081700e+003 -2.727980e+001 1.335747e+003
         vertex 1.081700e+003 -3.442447e+001 1.338326e+003
         vertex 1.081700e+003 -2.892381e+001 1.332473e+003
      endloop
   endfacet
   facet normal 1.000000e+000 0.000000e+000 0.000000e+000
      outer loop
         vertex 1.081700e+003 -2.892381e+001 1.332473e+003
         vertex 1.081700e+003 -3.442447e+001 1.338326e+003
         vertex 1.081700e+003 -3.612664e+001 1.334689e+003
      endloop
   endfacet
   facet normal 1.000000e+000 0.000000e+000 0.000000e+000
      outer loop
         vertex 1.081700e+003 -2.892381e+001 1.332473e+003
         vertex 1.081700e+003 -3.612664e+001 1.334689e+003
         vertex 1.081700e+003 -3.017667e+001 1.329031e+003
      endloop
   endfacet
   facet normal 1.000000e+000 0.000000e+000 0.000000e+000
      outer loop
         vertex 1.081700e+003 -3.017667e+001 1.329031e+003
         vertex 1.081700e+003 -3.612664e+001 1.334689e+003
         vertex 1.081700e+003 -3.744585e+001 1.330897e+003
      endloop
   endfacet
   facet normal 1.000000e+000 0.000000e+000 0.000000e+000
      outer loop
         vertex 1.081700e+003 -3.017667e+001 1.329031e+003
         vertex 1.081700e+003 -3.744585e+001 1.330897e+003
         vertex 1.081700e+003 -3.102144e+001 1.325467e+003
      endloop
   endfacet
   facet normal 1.000000e+000 0.000000e+000 0.000000e+000
      outer loop
         vertex 1.081700e+003 -3.102144e+001 1.325467e+003
         vertex 1.081700e+003 -3.744585e+001 1.330897e+003
         vertex 1.081700e+003 -3.836812e+001 1.326989e+003
      endloop
   endfacet
   facet normal 1.000000e+000 0.000000e+000 0.000000e+000
      outer loop
         vertex 1.081700e+003 -3.102144e+001 1.325467e+003
         vertex 1.081700e+003 -3.836812e+001 1.326989e+003
         vertex 1.081700e+003 -3.144671e+001 1.321828e+003
      endloop
   endfacet
   facet normal 1.000000e+000 0.000000e+000 0.000000e+000
      outer loop
         vertex 1.081700e+003 -3.144671e+001 1.321828e+003
         vertex 1.081700e+003 -3.836812e+001 1.326989e+003
         vertex 1.081700e+003 -3.888368e+001 1.323007e+003
      endloop
   endfacet
   facet normal 1.000000e+000 0.000000e+000 0.000000e+000
      outer loop
         vertex 1.081700e+003 -3.144671e+001 1.321828e+003
         vertex 1.081700e+003 -3.888368e+001 1.323007e+003
         vertex 1.081700e+003 -3.144671e+001 1.318165e+003
      endloop
   endfacet
   facet normal 1.000000e+000 0.000000e+000 0.000000e+000
      outer loop
         vertex 1.081700e+003 -3.144671e+001 1.318165e+003
         vertex 1.081700e+003 -3.888368e+001 1.323007e+003
         vertex 1.081700e+003 -3.898707e+001 1.318993e+003
      endloop
   endfacet
   facet normal 1.000000e+000 0.000000e+000 0.000000e+000
      outer loop
         vertex 1.081700e+003 -3.144671e+001 1.318165e+003
         vertex 1.081700e+003 -3.898707e+001 1.318993e+003
         vertex 1.081700e+003 -3.102144e+001 1.314527e+003
      endloop
   endfacet
   facet normal 1.000000e+000 0.000000e+000 0.000000e+000
      outer loop
         vertex 1.081700e+003 -3.898707e+001 1.318993e+003
         vertex 1.081700e+003 -3.867719e+001 1.314989e+003
         vertex 1.081700e+003 -3.102144e+001 1.314527e+003
      endloop
   endfacet
   facet normal 1.000000e+000 0.000000e+000 0.000000e+000
      outer loop
         vertex 1.081700e+003 -3.102144e+001 1.314527e+003
         vertex 1.081700e+003 -3.867719e+001 1.314989e+003
         vertex 1.081700e+003 -3.795731e+001 1.311039e+003
      endloop
   endfacet
   facet normal 1.000000e+000 0.000000e+000 0.000000e+000
      outer loop
         vertex 1.081700e+003 -3.102144e+001 1.314527e+003
         vertex 1.081700e+003 -3.795731e+001 1.311039e+003
         vertex 1.081700e+003 -3.017667e+001 1.310963e+003
      endloop
   endfacet
   facet normal 1.000000e+000 0.000000e+000 0.000000e+000
      outer loop
         vertex 1.081700e+003 -3.017667e+001 1.310963e+003
         vertex 1.081700e+003 -3.795731e+001 1.311039e+003
         vertex 1.081700e+003 -3.683508e+001 1.307184e+003
      endloop
   endfacet
   facet normal 1.000000e+000 0.000000e+000 0.000000e+000
      outer loop
         vertex 1.081700e+003 -3.017667e+001 1.310963e+003
         vertex 1.081700e+003 -3.683508e+001 1.307184e+003
         vertex 1.081700e+003 -2.892381e+001 1.307520e+003
      endloop
   endfacet
   facet normal 1.000000e+000 0.000000e+000 0.000000e+000
      outer loop
         vertex 1.081700e+003 -2.892381e+001 1.307520e+003
         vertex 1.081700e+003 -3.683508e+001 1.307184e+003
         vertex 1.081700e+003 -3.532239e+001 1.303464e+003
      endloop
   endfacet
   facet normal 1.000000e+000 0.000000e+000 0.000000e+000
      outer loop
         vertex 1.081700e+003 -2.892381e+001 1.307520e+003
         vertex 1.081700e+003 -3.532239e+001 1.303464e+003
         vertex 1.081700e+003 -2.727980e+001 1.304247e+003
      endloop
   endfacet
   facet normal 1.000000e+000 0.000000e+000 0.000000e+000
      outer loop
         vertex 1.081700e+003 -2.727980e+001 1.304247e+003
         vertex 1.081700e+003 -3.532239e+001 1.303464e+003
         vertex 1.081700e+003 -3.343527e+001 1.299920e+003
      endloop
   endfacet
   facet normal 1.000000e+000 0.000000e+000 0.000000e+000
      outer loop
         vertex 1.081700e+003 -2.727980e+001 1.304247e+003
         vertex 1.081700e+003 -3.343527e+001 1.299920e+003
         vertex 1.081700e+003 -2.526688e+001 1.301186e+003
      endloop
   endfacet
   facet normal 1.000000e+000 0.000000e+000 0.000000e+000
      outer loop
         vertex 1.081700e+003 -2.526688e+001 1.301186e+003
         vertex 1.081700e+003 -3.343527e+001 1.299920e+003
         vertex 1.081700e+003 -3.119373e+001 1.296589e+003
      endloop
   endfacet
   facet normal 1.000000e+000 0.000000e+000 0.000000e+000
      outer loop
         vertex 1.081700e+003 -2.526688e+001 1.301186e+003
         vertex 1.081700e+003 -3.119373e+001 1.296589e+003
         vertex 1.081700e+003 -2.291227e+001 1.298380e+003
      endloop
   endfacet
   facet normal 1.000000e+000 0.000000e+000 0.000000e+000
      outer loop
         vertex 1.081700e+003 -2.291227e+001 1.298380e+003
         vertex 1.081700e+003 -3.119373e+001 1.296589e+003
         vertex 1.081700e+003 -2.862153e+001 1.293505e+003
      endloop
   endfacet
   facet normal 1.000000e+000 0.000000e+000 0.000000e+000
      outer loop
         vertex 1.081700e+003 -2.291227e+001 1.298380e+003
         vertex 1.081700e+003 -2.862153e+001 1.293505e+003
         vertex 1.081700e+003 -2.024781e+001 1.295866e+003
      endloop
   endfacet
   facet normal 1.000000e+000 0.000000e+000 0.000000e+000
      outer loop
         vertex 1.081700e+003 -2.024781e+001 1.295866e+003
         vertex 1.081700e+003 -2.862153e+001 1.293505e+003
         vertex 1.081700e+003 -2.574593e+001 1.290703e+003
      endloop
   endfacet
   facet normal 1.000000e+000 0.000000e+000 0.000000e+000
      outer loop
         vertex 1.081700e+003 -2.024781e+001 1.295866e+003
         vertex 1.081700e+003 -2.574593e+001 1.290703e+003
         vertex 1.081700e+003 -1.730953e+001 1.293679e+003
      endloop
   endfacet
   facet normal 1.000000e+000 0.000000e+000 0.000000e+000
      outer loop
         vertex 1.081700e+003 -1.730953e+001 1.293679e+003
         vertex 1.081700e+003 -2.574593e+001 1.290703e+003
         vertex 1.081700e+003 -2.259742e+001 1.288211e+003
      endloop
   endfacet
   facet normal 1.000000e+000 0.000000e+000 0.000000e+000
      outer loop
         vertex 1.081700e+003 -1.730953e+001 1.293679e+003
         vertex 1.081700e+003 -2.259742e+001 1.288211e+003
         vertex 1.081700e+003 -1.413717e+001 1.291847e+003
      endloop
   endfacet
   facet normal 1.000000e+000 0.000000e+000 0.000000e+000
      outer loop
         vertex 1.081700e+003 -1.413717e+001 1.291847e+003
         vertex 1.081700e+003 -2.259742e+001 1.288211e+003
         vertex 1.081700e+003 -1.920938e+001 1.286056e+003
      endloop
   endfacet
   facet normal 1.000000e+000 0.000000e+000 0.000000e+000
      outer loop
         vertex 1.081700e+003 -1.413717e+001 1.291847e+003
         vertex 1.081700e+003 -1.920938e+001 1.286056e+003
         vertex 1.081700e+003 -1.561770e+001 1.284260e+003
      endloop
   endfacet
   facet normal 0.000000e+000 6.862821e-002 -9.976423e-001
      outer loop
         vertex 1.081700e+003 -7.901646e-008 1.280997e+003
         vertex 1.076000e+003 4.010019e+000 1.281203e+003
         vertex 1.081700e+003 4.010019e+000 1.281203e+003
      endloop
   endfacet
   facet normal 0.000000e+000 1.368927e-001 -9.905859e-001
      outer loop
         vertex 1.081700e+003 4.010019e+000 1.281203e+003
         vertex 1.076000e+003 4.010019e+000 1.281203e+003
         vertex 1.076000e+003 7.977530e+000 1.281822e+003
      endloop
   endfacet
   facet normal 0.000000e+000 1.708431e-001 -9.852982e-001
      outer loop
         vertex 1.081700e+003 4.010019e+000 1.281203e+003
         vertex 1.076000e+003 7.977530e+000 1.281822e+003
         vertex 1.081700e+003 7.977530e+000 1.281822e+003
      endloop
   endfacet
   facet normal 0.000000e+000 2.380202e-001 -9.712602e-001
      outer loop
         vertex 1.081700e+003 7.977530e+000 1.281822e+003
         vertex 1.076000e+003 7.977530e+000 1.281822e+003
         vertex 1.076000e+003 1.186048e+001 1.282844e+003
      endloop
   endfacet
   facet normal 0.000000e+000 2.712469e-001 -9.625098e-001
      outer loop
         vertex 1.081700e+003 7.977530e+000 1.281822e+003
         vertex 1.076000e+003 1.186048e+001 1.282844e+003
         vertex 1.081700e+003 1.186048e+001 1.282844e+003
      endloop
   endfacet
   facet normal 0.000000e+000 3.366246e-001 -9.416389e-001
      outer loop
         vertex 1.081700e+003 1.186048e+001 1.282844e+003
         vertex 1.076000e+003 1.186048e+001 1.282844e+003
         vertex 1.076000e+003 1.561770e+001 1.284260e+003
      endloop
   endfacet
   facet normal 0.000000e+000 3.687755e-001 -9.295185e-001
      outer loop
         vertex 1.081700e+003 1.186048e+001 1.282844e+003
         vertex 1.076000e+003 1.561770e+001 1.284260e+003
         vertex 1.081700e+003 1.561770e+001 1.284260e+003
      endloop
   endfacet
   facet normal 0.000000e+000 4.316607e-001 -9.020361e-001
      outer loop
         vertex 1.081700e+003 1.561770e+001 1.284260e+003
         vertex 1.076000e+003 1.561770e+001 1.284260e+003
         vertex 1.076000e+003 1.920937e+001 1.286056e+003
      endloop
   endfacet
   facet normal 0.000000e+000 4.623950e-001 -8.866740e-001
      outer loop
         vertex 1.081700e+003 1.561770e+001 1.284260e+003
         vertex 1.076000e+003 1.920937e+001 1.286056e+003
         vertex 1.081700e+003 1.920937e+001 1.286056e+003
      endloop
   endfacet
   facet normal 0.000000e+000 5.221211e-001 -8.528714e-001
      outer loop
         vertex 1.081700e+003 1.920937e+001 1.286056e+003
         vertex 1.076000e+003 1.920937e+001 1.286056e+003
         vertex 1.076000e+003 2.259742e+001 1.288211e+003
      endloop
   endfacet
   facet normal 0.000000e+000 5.511129e-001 -8.344306e-001
      outer loop
         vertex 1.081700e+003 1.920937e+001 1.286056e+003
         vertex 1.076000e+003 2.259742e+001 1.288211e+003
         vertex 1.081700e+003 2.259742e+001 1.288211e+003
      endloop
   endfacet
   facet normal 0.000000e+000 6.070468e-001 -7.946661e-001
      outer loop
         vertex 1.081700e+003 2.259742e+001 1.288211e+003
         vertex 1.076000e+003 2.259742e+001 1.288211e+003
         vertex 1.076000e+003 2.574593e+001 1.290703e+003
      endloop
   endfacet
   facet normal 0.000000e+000 6.339890e-001 -7.733421e-001
      outer loop
         vertex 1.081700e+003 2.259742e+001 1.288211e+003
         vertex 1.076000e+003 2.574593e+001 1.290703e+003
         vertex 1.081700e+003 2.574593e+001 1.290703e+003
      endloop
   endfacet
   facet normal 0.000000e+000 6.855378e-001 -7.280371e-001
      outer loop
         vertex 1.081700e+003 2.574593e+001 1.290703e+003
         vertex 1.076000e+003 2.574593e+001 1.290703e+003
         vertex 1.076000e+003 2.862153e+001 1.293505e+003
      endloop
   endfacet
   facet normal 0.000000e+000 7.101445e-001 -7.040560e-001
      outer loop
         vertex 1.081700e+003 2.574593e+001 1.290703e+003
         vertex 1.076000e+003 2.862153e+001 1.293505e+003
         vertex 1.081700e+003 2.862153e+001 1.293505e+003
      endloop
   endfacet
   facet normal 0.000000e+000 7.567618e-001 -6.536906e-001
      outer loop
         vertex 1.081700e+003 2.862153e+001 1.293505e+003
         vertex 1.076000e+003 2.862153e+001 1.293505e+003
         vertex 1.076000e+003 3.119373e+001 1.296589e+003
      endloop
   endfacet
   facet normal 0.000000e+000 7.787724e-001 -6.273066e-001
      outer loop
         vertex 1.081700e+003 2.862153e+001 1.293505e+003
         vertex 1.076000e+003 3.119373e+001 1.296589e+003
         vertex 1.081700e+003 3.119373e+001 1.296589e+003
      endloop
   endfacet
   facet normal 0.000000e+000 8.199641e-001 -5.724151e-001
      outer loop
         vertex 1.081700e+003 3.119373e+001 1.296589e+003
         vertex 1.076000e+003 3.119373e+001 1.296589e+003
         vertex 1.076000e+003 3.343527e+001 1.299920e+003
      endloop
   endfacet
   facet normal 0.000000e+000 8.391451e-001 -5.439076e-001
      outer loop
         vertex 1.081700e+003 3.119373e+001 1.296589e+003
         vertex 1.076000e+003 3.343527e+001 1.299920e+003
         vertex 1.081700e+003 3.343527e+001 1.299920e+003
      endloop
   endfacet
   facet normal 0.000000e+000 8.744744e-001 -4.850717e-001
      outer loop
         vertex 1.081700e+003 3.343527e+001 1.299920e+003
         vertex 1.076000e+003 3.343527e+001 1.299920e+003
         vertex 1.076000e+003 3.532239e+001 1.303464e+003
      endloop
   endfacet
   facet normal 0.000000e+000 8.906227e-001 -4.547431e-001
      outer loop
         vertex 1.081700e+003 3.343527e+001 1.299920e+003
         vertex 1.076000e+003 3.532239e+001 1.303464e+003
         vertex 1.081700e+003 3.532239e+001 1.303464e+003
      endloop
   endfacet
   facet normal 0.000000e+000 9.197152e-001 -3.925864e-001
      outer loop
         vertex 1.081700e+003 3.532239e+001 1.303464e+003
         vertex 1.076000e+003 3.532239e+001 1.303464e+003
         vertex 1.076000e+003 3.683508e+001 1.307184e+003
      endloop
   endfacet
   facet normal 0.000000e+000 9.326594e-001 -3.607582e-001
      outer loop
         vertex 1.081700e+003 3.532239e+001 1.303464e+003
         vertex 1.076000e+003 3.683508e+001 1.307184e+003
         vertex 1.081700e+003 3.683508e+001 1.307184e+003
      endloop
   endfacet
   facet normal 0.000000e+000 9.552066e-001 -2.959396e-001
      outer loop
         vertex 1.081700e+003 3.683508e+001 1.307184e+003
         vertex 1.076000e+003 3.683508e+001 1.307184e+003
         vertex 1.076000e+003 3.795731e+001 1.311039e+003
      endloop
   endfacet
   facet normal 0.000000e+000 9.648097e-001 -2.629492e-001
      outer loop
         vertex 1.081700e+003 3.683508e+001 1.307184e+003
         vertex 1.076000e+003 3.795731e+001 1.311039e+003
         vertex 1.081700e+003 3.795731e+001 1.311039e+003
      endloop
   endfacet
   facet normal 0.000000e+000 9.805728e-001 -1.961558e-001
      outer loop
         vertex 1.081700e+003 3.795731e+001 1.311039e+003
         vertex 1.076000e+003 3.795731e+001 1.311039e+003
         vertex 1.076000e+003 3.867719e+001 1.314989e+003
      endloop
   endfacet
   facet normal 0.000000e+000 9.867328e-001 -1.623528e-001
      outer loop
         vertex 1.081700e+003 3.795731e+001 1.311039e+003
         vertex 1.076000e+003 3.867719e+001 1.314989e+003
         vertex 1.081700e+003 3.867719e+001 1.314989e+003
      endloop
   endfacet
   facet normal 0.000000e+000 9.955445e-001 -9.429267e-002
      outer loop
         vertex 1.081700e+003 3.867719e+001 1.314989e+003
         vertex 1.076000e+003 3.867719e+001 1.314989e+003
         vertex 1.076000e+003 3.898707e+001 1.318993e+003
      endloop
   endfacet
   facet normal 0.000000e+000 9.981962e-001 -6.003547e-002
      outer loop
         vertex 1.081700e+003 3.867719e+001 1.314989e+003
         vertex 1.076000e+003 3.898707e+001 1.318993e+003
         vertex 1.081700e+003 3.898707e+001 1.318993e+003
      endloop
   endfacet
   facet normal 0.000000e+000 9.999633e-001 8.569978e-003
      outer loop
         vertex 1.081700e+003 3.898707e+001 1.318993e+003
         vertex 1.076000e+003 3.898707e+001 1.318993e+003
         vertex 1.076000e+003 3.888368e+001 1.323007e+003
      endloop
   endfacet
   facet normal 0.000000e+000 9.990786e-001 4.291825e-002
      outer loop
         vertex 1.081700e+003 3.898707e+001 1.318993e+003
         vertex 1.076000e+003 3.888368e+001 1.323007e+003
         vertex 1.081700e+003 3.888368e+001 1.323007e+003
      endloop
   endfacet
   facet normal 0.000000e+000 9.937822e-001 1.113418e-001
      outer loop
         vertex 1.081700e+003 3.888368e+001 1.323007e+003
         vertex 1.076000e+003 3.888368e+001 1.323007e+003
         vertex 1.076000e+003 3.836812e+001 1.326989e+003
      endloop
   endfacet
   facet normal 0.000000e+000 9.893705e-001 1.454170e-001
      outer loop
         vertex 1.081700e+003 3.888368e+001 1.323007e+003
         vertex 1.076000e+003 3.836812e+001 1.326989e+003
         vertex 1.081700e+003 3.836812e+001 1.326989e+003
      endloop
   endfacet
   facet normal 0.000000e+000 9.770668e-001 2.129333e-001
      outer loop
         vertex 1.081700e+003 3.836812e+001 1.326989e+003
         vertex 1.076000e+003 3.836812e+001 1.326989e+003
         vertex 1.076000e+003 3.744584e+001 1.330897e+003
      endloop
   endfacet
   facet normal 0.000000e+000 9.691747e-001 2.463744e-001
      outer loop
         vertex 1.081700e+003 3.836812e+001 1.326989e+003
         vertex 1.076000e+003 3.744584e+001 1.330897e+003
         vertex 1.081700e+003 3.744584e+001 1.330897e+003
      endloop
   endfacet
   facet normal 0.000000e+000 9.499941e-001 3.122677e-001
      outer loop
         vertex 1.081700e+003 3.744584e+001 1.330897e+003
         vertex 1.076000e+003 3.744584e+001 1.330897e+003
         vertex 1.076000e+003 3.612664e+001 1.334689e+003
      endloop
   endfacet
   facet normal 0.000000e+000 9.387056e-001 3.447200e-001
      outer loop
         vertex 1.081700e+003 3.744584e+001 1.330897e+003
         vertex 1.076000e+003 3.612664e+001 1.334689e+003
         vertex 1.081700e+003 3.612664e+001 1.334689e+003
      endloop
   endfacet
   facet normal 0.000000e+000 9.128514e-001 4.082920e-001
      outer loop
         vertex 1.081700e+003 3.612664e+001 1.334689e+003
         vertex 1.076000e+003 3.612664e+001 1.334689e+003
         vertex 1.076000e+003 3.442447e+001 1.338326e+003
      endloop
   endfacet
   facet normal 0.000000e+000 8.982859e-001 4.394116e-001
      outer loop
         vertex 1.081700e+003 3.612664e+001 1.334689e+003
         vertex 1.076000e+003 3.442447e+001 1.338326e+003
         vertex 1.081700e+003 3.442447e+001 1.338326e+003
      endloop
   endfacet
   facet normal 0.000000e+000 8.660321e-001 4.999883e-001
      outer loop
         vertex 1.081700e+003 3.442447e+001 1.338326e+003
         vertex 1.076000e+003 3.442447e+001 1.338326e+003
         vertex 1.076000e+003 3.235740e+001 1.341768e+003
      endloop
   endfacet
   facet normal 0.000000e+000 8.483440e-001 5.294454e-001
      outer loop
         vertex 1.081700e+003 3.442447e+001 1.338326e+003
         vertex 1.076000e+003 3.235740e+001 1.341768e+003
         vertex 1.081700e+003 3.235740e+001 1.341768e+003
      endloop
   endfacet
   facet normal 0.000000e+000 8.100328e-001 5.863846e-001
      outer loop
         vertex 1.081700e+003 3.235740e+001 1.341768e+003
         vertex 1.076000e+003 3.235740e+001 1.341768e+003
         vertex 1.076000e+003 2.994734e+001 1.344980e+003
      endloop
   endfacet
   facet normal 0.000000e+000 7.894096e-001 6.138668e-001
      outer loop
         vertex 1.081700e+003 3.235740e+001 1.341768e+003
         vertex 1.076000e+003 2.994734e+001 1.344980e+003
         vertex 1.081700e+003 2.994734e+001 1.344980e+003
      endloop
   endfacet
   facet normal 0.000000e+000 7.454469e-001 6.665651e-001
      outer loop
         vertex 1.081700e+003 2.994734e+001 1.344980e+003
         vertex 1.076000e+003 2.994734e+001 1.344980e+003
         vertex 1.076000e+003 2.721982e+001 1.347927e+003
      endloop
   endfacet
   facet normal 0.000000e+000 7.221073e-001 6.917812e-001
      outer loop
         vertex 1.081700e+003 2.994734e+001 1.344980e+003
         vertex 1.076000e+003 2.721982e+001 1.347927e+003
         vertex 1.081700e+003 2.721982e+001 1.347927e+003
      endloop
   endfacet
   facet normal 0.000000e+000 6.729590e-001 7.396798e-001
      outer loop
         vertex 1.081700e+003 2.721982e+001 1.347927e+003
         vertex 1.076000e+003 2.721982e+001 1.347927e+003
         vertex 1.076000e+003 2.420377e+001 1.350578e+003
      endloop
   endfacet
   facet normal 0.000000e+000 6.471504e-001 7.623624e-001
      outer loop
         vertex 1.081700e+003 2.721982e+001 1.347927e+003
         vertex 1.076000e+003 2.420377e+001 1.350578e+003
         vertex 1.081700e+003 2.420377e+001 1.350578e+003
      endloop
   endfacet
   facet normal 0.000000e+000 5.933376e-001 8.049538e-001
      outer loop
         vertex 1.081700e+003 2.420377e+001 1.350578e+003
         vertex 1.076000e+003 2.420377e+001 1.350578e+003
         vertex 1.076000e+003 2.093115e+001 1.352904e+003
      endloop
   endfacet
   facet normal 0.000000e+000 5.653335e-001 8.248624e-001
      outer loop
         vertex 1.081700e+003 2.420377e+001 1.350578e+003
         vertex 1.076000e+003 2.093115e+001 1.352904e+003
         vertex 1.081700e+003 2.093115e+001 1.352904e+003
      endloop
   endfacet
   facet normal 0.000000e+000 5.074267e-001 8.616949e-001
      outer loop
         vertex 1.081700e+003 2.093115e+001 1.352904e+003
         vertex 1.076000e+003 2.093115e+001 1.352904e+003
         vertex 1.076000e+003 1.743666e+001 1.354882e+003
      endloop
   endfacet
   facet normal 0.000000e+000 4.775240e-001 8.786187e-001
      outer loop
         vertex 1.081700e+003 2.093115e+001 1.352904e+003
         vertex 1.076000e+003 1.743666e+001 1.354882e+003
         vertex 1.081700e+003 1.743666e+001 1.354882e+003
      endloop
   endfacet
   facet normal 0.000000e+000 4.161370e-001 9.093020e-001
      outer loop
         vertex 1.081700e+003 1.743666e+001 1.354882e+003
         vertex 1.076000e+003 1.743666e+001 1.354882e+003
         vertex 1.076000e+003 1.375733e+001 1.356490e+003
      endloop
   endfacet
   facet normal 0.000000e+000 3.846526e-001 9.230614e-001
      outer loop
         vertex 1.081700e+003 1.743666e+001 1.354882e+003
         vertex 1.076000e+003 1.375733e+001 1.356490e+003
         vertex 1.081700e+003 1.375733e+001 1.356490e+003
      endloop
   endfacet
   facet normal 0.000000e+000 3.204361e-001 9.472702e-001
      outer loop
         vertex 1.081700e+003 1.375733e+001 1.356490e+003
         vertex 1.076000e+003 1.375733e+001 1.356490e+003
         vertex 1.076000e+003 9.932174e+000 1.357711e+003
      endloop
   endfacet
   facet normal 0.000000e+000 2.877038e-001 9.577194e-001
      outer loop
         vertex 1.081700e+003 1.375733e+001 1.356490e+003
         vertex 1.076000e+003 9.932174e+000 1.357711e+003
         vertex 1.081700e+003 9.932174e+000 1.357711e+003
      endloop
   endfacet
   facet normal 0.000000e+000 2.213384e-001 9.751971e-001
      outer loop
         vertex 1.081700e+003 9.932174e+000 1.357711e+003
         vertex 1.076000e+003 9.932174e+000 1.357711e+003
         vertex 1.076000e+003 6.001732e+000 1.358532e+003
      endloop
   endfacet
   facet normal 0.000000e+000 1.877053e-001 9.822254e-001
      outer loop
         vertex 1.081700e+003 9.932174e+000 1.357711e+003
         vertex 1.076000e+003 6.001732e+000 1.358532e+003
         vertex 1.081700e+003 6.001732e+000 1.358532e+003
      endloop
   endfacet
   facet normal 0.000000e+000 1.198946e-001 9.927866e-001
      outer loop
         vertex 1.081700e+003 6.001732e+000 1.358532e+003
         vertex 1.076000e+003 6.001732e+000 1.358532e+003
         vertex 1.076000e+003 2.007671e+000 1.358945e+003
      endloop
   endfacet
   facet normal 0.000000e+000 8.571704e-002 9.963195e-001
      outer loop
         vertex 1.081700e+003 6.001732e+000 1.358532e+003
         vertex 1.076000e+003 2.007671e+000 1.358945e+003
         vertex 1.081700e+003 2.007671e+000 1.358945e+003
      endloop
   endfacet
   facet normal 0.000000e+000 1.717983e-002 9.998524e-001
      outer loop
         vertex 1.081700e+003 2.007671e+000 1.358945e+003
         vertex 1.076000e+003 2.007671e+000 1.358945e+003
         vertex 1.076000e+003 -2.007671e+000 1.358945e+003
      endloop
   endfacet
   facet normal 0.000000e+000 -1.717983e-002 9.998524e-001
      outer loop
         vertex 1.081700e+003 2.007671e+000 1.358945e+003
         vertex 1.076000e+003 -2.007671e+000 1.358945e+003
         vertex 1.081700e+003 -2.007671e+000 1.358945e+003
      endloop
   endfacet
   facet normal 0.000000e+000 -8.571705e-002 9.963195e-001
      outer loop
         vertex 1.081700e+003 -2.007671e+000 1.358945e+003
         vertex 1.076000e+003 -2.007671e+000 1.358945e+003
         vertex 1.076000e+003 -6.001733e+000 1.358532e+003
      endloop
   endfacet
   facet normal 0.000000e+000 -1.198946e-001 9.927866e-001
      outer loop
         vertex 1.081700e+003 -2.007671e+000 1.358945e+003
         vertex 1.076000e+003 -6.001733e+000 1.358532e+003
         vertex 1.081700e+003 -6.001733e+000 1.358532e+003
      endloop
   endfacet
   facet normal 0.000000e+000 -1.877053e-001 9.822254e-001
      outer loop
         vertex 1.081700e+003 -6.001733e+000 1.358532e+003
         vertex 1.076000e+003 -6.001733e+000 1.358532e+003
         vertex 1.076000e+003 -9.932174e+000 1.357711e+003
      endloop
   endfacet
   facet normal 0.000000e+000 -2.213385e-001 9.751971e-001
      outer loop
         vertex 1.081700e+003 -6.001733e+000 1.358532e+003
         vertex 1.076000e+003 -9.932174e+000 1.357711e+003
         vertex 1.081700e+003 -9.932174e+000 1.357711e+003
      endloop
   endfacet
   facet normal 0.000000e+000 -2.877039e-001 9.577194e-001
      outer loop
         vertex 1.081700e+003 -9.932174e+000 1.357711e+003
         vertex 1.076000e+003 -9.932174e+000 1.357711e+003
         vertex 1.076000e+003 -1.375733e+001 1.356490e+003
      endloop
   endfacet
   facet normal 0.000000e+000 -3.204361e-001 9.472702e-001
      outer loop
         vertex 1.081700e+003 -9.932174e+000 1.357711e+003
         vertex 1.076000e+003 -1.375733e+001 1.356490e+003
         vertex 1.081700e+003 -1.375733e+001 1.356490e+003
      endloop
   endfacet
   facet normal 0.000000e+000 -3.846526e-001 9.230614e-001
      outer loop
         vertex 1.081700e+003 -1.375733e+001 1.356490e+003
         vertex 1.076000e+003 -1.375733e+001 1.356490e+003
         vertex 1.076000e+003 -1.743666e+001 1.354882e+003
      endloop
   endfacet
   facet normal 0.000000e+000 -4.161370e-001 9.093020e-001
      outer loop
         vertex 1.081700e+003 -1.375733e+001 1.356490e+003
         vertex 1.076000e+003 -1.743666e+001 1.354882e+003
         vertex 1.081700e+003 -1.743666e+001 1.354882e+003
      endloop
   endfacet
   facet normal 0.000000e+000 -4.775240e-001 8.786187e-001
      outer loop
         vertex 1.081700e+003 -1.743666e+001 1.354882e+003
         vertex 1.076000e+003 -1.743666e+001 1.354882e+003
         vertex 1.076000e+003 -2.093115e+001 1.352904e+003
      endloop
   endfacet
   facet normal 0.000000e+000 -5.074267e-001 8.616949e-001
      outer loop
         vertex 1.081700e+003 -1.743666e+001 1.354882e+003
         vertex 1.076000e+003 -2.093115e+001 1.352904e+003
         vertex 1.081700e+003 -2.093115e+001 1.352904e+003
      endloop
   endfacet
   facet normal 0.000000e+000 -5.653335e-001 8.248624e-001
      outer loop
         vertex 1.081700e+003 -2.093115e+001 1.352904e+003
         vertex 1.076000e+003 -2.093115e+001 1.352904e+003
         vertex 1.076000e+003 -2.420377e+001 1.350578e+003
      endloop
   endfacet
   facet normal 0.000000e+000 -5.933377e-001 8.049537e-001
      outer loop
         vertex 1.081700e+003 -2.093115e+001 1.352904e+003
         vertex 1.076000e+003 -2.420377e+001 1.350578e+003
         vertex 1.081700e+003 -2.420377e+001 1.350578e+003
      endloop
   endfacet
   facet normal 0.000000e+000 -6.471503e-001 7.623624e-001
      outer loop
         vertex 1.081700e+003 -2.420377e+001 1.350578e+003
         vertex 1.076000e+003 -2.420377e+001 1.350578e+003
         vertex 1.076000e+003 -2.721982e+001 1.347927e+003
      endloop
   endfacet
   facet normal 0.000000e+000 -6.729590e-001 7.396798e-001
      outer loop
         vertex 1.081700e+003 -2.420377e+001 1.350578e+003
         vertex 1.076000e+003 -2.721982e+001 1.347927e+003
         vertex 1.081700e+003 -2.721982e+001 1.347927e+003
      endloop
   endfacet
   facet normal 0.000000e+000 -7.221073e-001 6.917812e-001
      outer loop
         vertex 1.081700e+003 -2.721982e+001 1.347927e+003
         vertex 1.076000e+003 -2.721982e+001 1.347927e+003
         vertex 1.076000e+003 -2.994734e+001 1.344980e+003
      endloop
   endfacet
   facet normal 0.000000e+000 -7.454469e-001 6.665651e-001
      outer loop
         vertex 1.081700e+003 -2.721982e+001 1.347927e+003
         vertex 1.076000e+003 -2.994734e+001 1.344980e+003
         vertex 1.081700e+003 -2.994734e+001 1.344980e+003
      endloop
   endfacet
   facet normal 0.000000e+000 -7.894096e-001 6.138668e-001
      outer loop
         vertex 1.081700e+003 -2.994734e+001 1.344980e+003
         vertex 1.076000e+003 -2.994734e+001 1.344980e+003
         vertex 1.076000e+003 -3.235740e+001 1.341768e+003
      endloop
   endfacet
   facet normal 0.000000e+000 -8.100328e-001 5.863846e-001
      outer loop
         vertex 1.081700e+003 -2.994734e+001 1.344980e+003
         vertex 1.076000e+003 -3.235740e+001 1.341768e+003
         vertex 1.081700e+003 -3.235740e+001 1.341768e+003
      endloop
   endfacet
   facet normal 0.000000e+000 -8.483440e-001 5.294454e-001
      outer loop
         vertex 1.081700e+003 -3.235740e+001 1.341768e+003
         vertex 1.076000e+003 -3.235740e+001 1.341768e+003
         vertex 1.076000e+003 -3.442447e+001 1.338326e+003
      endloop
   endfacet
   facet normal 0.000000e+000 -8.660321e-001 4.999883e-001
      outer loop
         vertex 1.081700e+003 -3.235740e+001 1.341768e+003
         vertex 1.076000e+003 -3.442447e+001 1.338326e+003
         vertex 1.081700e+003 -3.442447e+001 1.338326e+003
      endloop
   endfacet
   facet normal 0.000000e+000 -8.982859e-001 4.394116e-001
      outer loop
         vertex 1.081700e+003 -3.442447e+001 1.338326e+003
         vertex 1.076000e+003 -3.442447e+001 1.338326e+003
         vertex 1.076000e+003 -3.612664e+001 1.334689e+003
      endloop
   endfacet
   facet normal 0.000000e+000 -9.128514e-001 4.082920e-001
      outer loop
         vertex 1.081700e+003 -3.442447e+001 1.338326e+003
         vertex 1.076000e+003 -3.612664e+001 1.334689e+003
         vertex 1.081700e+003 -3.612664e+001 1.334689e+003
      endloop
   endfacet
   facet normal 0.000000e+000 -9.387056e-001 3.447200e-001
      outer loop
         vertex 1.081700e+003 -3.612664e+001 1.334689e+003
         vertex 1.076000e+003 -3.612664e+001 1.334689e+003
         vertex 1.076000e+003 -3.744585e+001 1.330897e+003
      endloop
   endfacet
   facet normal 0.000000e+000 -9.499941e-001 3.122677e-001
      outer loop
         vertex 1.081700e+003 -3.612664e+001 1.334689e+003
         vertex 1.076000e+003 -3.744585e+001 1.330897e+003
         vertex 1.081700e+003 -3.744585e+001 1.330897e+003
      endloop
   endfacet
   facet normal 0.000000e+000 -9.691747e-001 2.463744e-001
      outer loop
         vertex 1.081700e+003 -3.744585e+001 1.330897e+003
         vertex 1.076000e+003 -3.744585e+001 1.330897e+003
         vertex 1.076000e+003 -3.836812e+001 1.326989e+003
      endloop
   endfacet
   facet normal 0.000000e+000 -9.770668e-001 2.129333e-001
      outer loop
         vertex 1.081700e+003 -3.744585e+001 1.330897e+003
         vertex 1.076000e+003 -3.836812e+001 1.326989e+003
         vertex 1.081700e+003 -3.836812e+001 1.326989e+003
      endloop
   endfacet
   facet normal 0.000000e+000 -9.893705e-001 1.454170e-001
      outer loop
         vertex 1.081700e+003 -3.836812e+001 1.326989e+003
         vertex 1.076000e+003 -3.836812e+001 1.326989e+003
         vertex 1.076000e+003 -3.888368e+001 1.323007e+003
      endloop
   endfacet
   facet normal 0.000000e+000 -9.937822e-001 1.113418e-001
      outer loop
         vertex 1.081700e+003 -3.836812e+001 1.326989e+003
         vertex 1.076000e+003 -3.888368e+001 1.323007e+003
         vertex 1.081700e+003 -3.888368e+001 1.323007e+003
      endloop
   endfacet
   facet normal 0.000000e+000 -9.990786e-001 4.291825e-002
      outer loop
         vertex 1.081700e+003 -3.888368e+001 1.323007e+003
         vertex 1.076000e+003 -3.888368e+001 1.323007e+003
         vertex 1.076000e+003 -3.898707e+001 1.318993e+003
      endloop
   endfacet
   facet normal 0.000000e+000 -9.999633e-001 8.569978e-003
      outer loop
         vertex 1.081700e+003 -3.888368e+001 1.323007e+003
         vertex 1.076000e+003 -3.898707e+001 1.318993e+003
         vertex 1.081700e+003 -3.898707e+001 1.318993e+003
      endloop
   endfacet
   facet normal 0.000000e+000 -9.981962e-001 -6.003547e-002
      outer loop
         vertex 1.081700e+003 -3.898707e+001 1.318993e+003
         vertex 1.076000e+003 -3.898707e+001 1.318993e+003
         vertex 1.076000e+003 -3.867719e+001 1.314989e+003
      endloop
   endfacet
   facet normal 0.000000e+000 -9.955445e-001 -9.429266e-002
      outer loop
         vertex 1.081700e+003 -3.898707e+001 1.318993e+003
         vertex 1.076000e+003 -3.867719e+001 1.314989e+003
         vertex 1.081700e+003 -3.867719e+001 1.314989e+003
      endloop
   endfacet
   facet normal 0.000000e+000 -9.867328e-001 -1.623528e-001
      outer loop
         vertex 1.081700e+003 -3.867719e+001 1.314989e+003
         vertex 1.076000e+003 -3.867719e+001 1.314989e+003
         vertex 1.076000e+003 -3.795731e+001 1.311039e+003
      endloop
   endfacet
   facet normal 0.000000e+000 -9.805728e-001 -1.961558e-001
      outer loop
         vertex 1.081700e+003 -3.867719e+001 1.314989e+003
         vertex 1.076000e+003 -3.795731e+001 1.311039e+003
         vertex 1.081700e+003 -3.795731e+001 1.311039e+003
      endloop
   endfacet
   facet normal 0.000000e+000 -9.648097e-001 -2.629492e-001
      outer loop
         vertex 1.081700e+003 -3.795731e+001 1.311039e+003
         vertex 1.076000e+003 -3.795731e+001 1.311039e+003
         vertex 1.076000e+003 -3.683508e+001 1.307184e+003
      endloop
   endfacet
   facet normal 0.000000e+000 -9.552066e-001 -2.959396e-001
      outer loop
         vertex 1.081700e+003 -3.795731e+001 1.311039e+003
         vertex 1.076000e+003 -3.683508e+001 1.307184e+003
         vertex 1.081700e+003 -3.683508e+001 1.307184e+003
      endloop
   endfacet
   facet normal 0.000000e+000 -9.326594e-001 -3.607582e-001
      outer loop
         vertex 1.081700e+003 -3.683508e+001 1.307184e+003
         vertex 1.076000e+003 -3.683508e+001 1.307184e+003
         vertex 1.076000e+003 -3.532239e+001 1.303464e+003
      endloop
   endfacet
   facet normal 0.000000e+000 -9.197152e-001 -3.925864e-001
      outer loop
         vertex 1.081700e+003 -3.683508e+001 1.307184e+003
         vertex 1.076000e+003 -3.532239e+001 1.303464e+003
         vertex 1.081700e+003 -3.532239e+001 1.303464e+003
      endloop
   endfacet
   facet normal 0.000000e+000 -8.906227e-001 -4.547431e-001
      outer loop
         vertex 1.081700e+003 -3.532239e+001 1.303464e+003
         vertex 1.076000e+003 -3.532239e+001 1.303464e+003
         vertex 1.076000e+003 -3.343527e+001 1.299920e+003
      endloop
   endfacet
   facet normal 0.000000e+000 -8.744744e-001 -4.850717e-001
      outer loop
         vertex 1.081700e+003 -3.532239e+001 1.303464e+003
         vertex 1.076000e+003 -3.343527e+001 1.299920e+003
         vertex 1.081700e+003 -3.343527e+001 1.299920e+003
      endloop
   endfacet
   facet normal 0.000000e+000 -8.391452e-001 -5.439076e-001
      outer loop
         vertex 1.081700e+003 -3.343527e+001 1.299920e+003
         vertex 1.076000e+003 -3.343527e+001 1.299920e+003
         vertex 1.076000e+003 -3.119373e+001 1.296589e+003
      endloop
   endfacet
   facet normal 0.000000e+000 -8.199641e-001 -5.724151e-001
      outer loop
         vertex 1.081700e+003 -3.343527e+001 1.299920e+003
         vertex 1.076000e+003 -3.119373e+001 1.296589e+003
         vertex 1.081700e+003 -3.119373e+001 1.296589e+003
      endloop
   endfacet
   facet normal 0.000000e+000 -7.787724e-001 -6.273066e-001
      outer loop
         vertex 1.081700e+003 -3.119373e+001 1.296589e+003
         vertex 1.076000e+003 -3.119373e+001 1.296589e+003
         vertex 1.076000e+003 -2.862153e+001 1.293505e+003
      endloop
   endfacet
   facet normal 0.000000e+000 -7.567618e-001 -6.536907e-001
      outer loop
         vertex 1.081700e+003 -3.119373e+001 1.296589e+003
         vertex 1.076000e+003 -2.862153e+001 1.293505e+003
         vertex 1.081700e+003 -2.862153e+001 1.293505e+003
      endloop
   endfacet
   facet normal 0.000000e+000 -7.101445e-001 -7.040560e-001
      outer loop
         vertex 1.081700e+003 -2.862153e+001 1.293505e+003
         vertex 1.076000e+003 -2.862153e+001 1.293505e+003
         vertex 1.076000e+003 -2.574593e+001 1.290703e+003
      endloop
   endfacet
   facet normal 0.000000e+000 -6.855378e-001 -7.280371e-001
      outer loop
         vertex 1.081700e+003 -2.862153e+001 1.293505e+003
         vertex 1.076000e+003 -2.574593e+001 1.290703e+003
         vertex 1.081700e+003 -2.574593e+001 1.290703e+003
      endloop
   endfacet
   facet normal 0.000000e+000 -6.339890e-001 -7.733421e-001
      outer loop
         vertex 1.081700e+003 -2.574593e+001 1.290703e+003
         vertex 1.076000e+003 -2.574593e+001 1.290703e+003
         vertex 1.076000e+003 -2.259742e+001 1.288211e+003
      endloop
   endfacet
   facet normal 0.000000e+000 -6.070468e-001 -7.946661e-001
      outer loop
         vertex 1.081700e+003 -2.574593e+001 1.290703e+003
         vertex 1.076000e+003 -2.259742e+001 1.288211e+003
         vertex 1.081700e+003 -2.259742e+001 1.288211e+003
      endloop
   endfacet
   facet normal 0.000000e+000 -5.511129e-001 -8.344306e-001
      outer loop
         vertex 1.081700e+003 -2.259742e+001 1.288211e+003
         vertex 1.076000e+003 -2.259742e+001 1.288211e+003
         vertex 1.076000e+003 -1.920938e+001 1.286056e+003
      endloop
   endfacet
   facet normal 0.000000e+000 -5.221211e-001 -8.528714e-001
      outer loop
         vertex 1.081700e+003 -2.259742e+001 1.288211e+003
         vertex 1.076000e+003 -1.920938e+001 1.286056e+003
         vertex 1.081700e+003 -1.920938e+001 1.286056e+003
      endloop
   endfacet
   facet normal 0.000000e+000 -4.623950e-001 -8.866740e-001
      outer loop
         vertex 1.081700e+003 -1.920938e+001 1.286056e+003
         vertex 1.076000e+003 -1.920938e+001 1.286056e+003
         vertex 1.076000e+003 -1.561770e+001 1.284260e+003
      endloop
   endfacet
   facet normal 0.000000e+000 -4.316607e-001 -9.020361e-001
      outer loop
         vertex 1.081700e+003 -1.920938e+001 1.286056e+003
         vertex 1.076000e+003 -1.561770e+001 1.284260e+003
         vertex 1.081700e+003 -1.561770e+001 1.284260e+003
      endloop
   endfacet
   facet normal 0.000000e+000 -3.687755e-001 -9.295185e-001
      outer loop
         vertex 1.081700e+003 -1.561770e+001 1.284260e+003
         vertex 1.076000e+003 -1.561770e+001 1.284260e+003
         vertex 1.076000e+003 -1.186048e+001 1.282844e+003
      endloop
   endfacet
   facet normal 0.000000e+000 -3.366246e-001 -9.416389e-001
      outer loop
         vertex 1.081700e+003 -1.561770e+001 1.284260e+003
         vertex 1.076000e+003 -1.186048e+001 1.282844e+003
         vertex 1.081700e+003 -1.186048e+001 1.282844e+003
      endloop
   endfacet
   facet normal 0.000000e+000 -2.712469e-001 -9.625098e-001
      outer loop
         vertex 1.081700e+003 -1.186048e+001 1.282844e+003
         vertex 1.076000e+003 -1.186048e+001 1.282844e+003
         vertex 1.076000e+003 -7.977530e+000 1.281822e+003
      endloop
   endfacet
   facet normal 0.000000e+000 -2.380202e-001 -9.712602e-001
      outer loop
         vertex 1.081700e+003 -1.186048e+001 1.282844e+003
         vertex 1.076000e+003 -7.977530e+000 1.281822e+003
         vertex 1.081700e+003 -7.977530e+000 1.281822e+003
      endloop
   endfacet
   facet normal 0.000000e+000 -1.708431e-001 -9.852982e-001
      outer loop
         vertex 1.081700e+003 -7.977530e+000 1.281822e+003
         vertex 1.076000e+003 -7.977530e+000 1.281822e+003
         vertex 1.076000e+003 -4.010019e+000 1.281203e+003
      endloop
   endfacet
   facet normal 0.000000e+000 -1.368927e-001 -9.905859e-001
      outer loop
         vertex 1.081700e+003 -7.977530e+000 1.281822e+003
         vertex 1.076000e+003 -4.010019e+000 1.281203e+003
         vertex 1.081700e+003 -4.010019e+000 1.281203e+003
      endloop
   endfacet
   facet normal 0.000000e+000 -6.862821e-002 -9.976423e-001
      outer loop
         vertex 1.081700e+003 -4.010019e+000 1.281203e+003
         vertex 1.076000e+003 -4.010019e+000 1.281203e+003
         vertex 1.076000e+003 -7.901646e-008 1.280997e+003
      endloop
   endfacet
   facet normal 0.000000e+000 -3.431410e-002 -9.994111e-001
      outer loop
         vertex 1.081700e+003 -4.010019e+000 1.281203e+003
         vertex 1.076000e+003 -7.901646e-008 1.280997e+003
         vertex 1.081700e+003 -7.901646e-008 1.280997e+003
      endloop
   endfacet
   facet normal 0.000000e+000 3.431410e-002 -9.994111e-001
      outer loop
         vertex 1.081700e+003 -7.901646e-008 1.280997e+003
         vertex 1.076000e+003 -7.901646e-008 1.280997e+003
         vertex 1.076000e+003 4.010019e+000 1.281203e+003
      endloop
   endfacet
   facet normal -1.000000e+000 0.000000e+000 0.000000e+000
      outer loop
         vertex 1.076000e+003 -7.901646e-008 1.280997e+003
         vertex 1.076000e+003 -4.010019e+000 1.281203e+003
         vertex 1.076000e+003 -7.901646e-008 1.319997e+003
      endloop
   endfacet
   facet normal -1.000000e+000 0.000000e+000 0.000000e+000
      outer loop
         vertex 1.076000e+003 1.186048e+001 1.282844e+003
         vertex 1.076000e+003 7.977530e+000 1.281822e+003
         vertex 1.076000e+003 -7.901646e-008 1.319997e+003
      endloop
   endfacet
   facet normal -1.000000e+000 0.000000e+000 0.000000e+000
      outer loop
         vertex 1.076000e+003 -7.901646e-008 1.319997e+003
         vertex 1.076000e+003 7.977530e+000 1.281822e+003
         vertex 1.076000e+003 4.010019e+000 1.281203e+003
      endloop
   endfacet
   facet normal -1.000000e+000 0.000000e+000 0.000000e+000
      outer loop
         vertex 1.076000e+003 -7.901646e-008 1.319997e+003
         vertex 1.076000e+003 4.010019e+000 1.281203e+003
         vertex 1.076000e+003 -7.901646e-008 1.280997e+003
      endloop
   endfacet
   facet normal -1.000000e+000 0.000000e+000 0.000000e+000
      outer loop
         vertex 1.076000e+003 2.259742e+001 1.288211e+003
         vertex 1.076000e+003 1.920937e+001 1.286056e+003
         vertex 1.076000e+003 -7.901646e-008 1.319997e+003
      endloop
   endfacet
   facet normal -1.000000e+000 0.000000e+000 0.000000e+000
      outer loop
         vertex 1.076000e+003 -7.901646e-008 1.319997e+003
         vertex 1.076000e+003 1.920937e+001 1.286056e+003
         vertex 1.076000e+003 1.561770e+001 1.284260e+003
      endloop
   endfacet
   facet normal -1.000000e+000 0.000000e+000 0.000000e+000
      outer loop
         vertex 1.076000e+003 -7.901646e-008 1.319997e+003
         vertex 1.076000e+003 1.561770e+001 1.284260e+003
         vertex 1.076000e+003 1.186048e+001 1.282844e+003
      endloop
   endfacet
   facet normal -1.000000e+000 0.000000e+000 0.000000e+000
      outer loop
         vertex 1.076000e+003 3.119373e+001 1.296589e+003
         vertex 1.076000e+003 2.862153e+001 1.293505e+003
         vertex 1.076000e+003 -7.901646e-008 1.319997e+003
      endloop
   endfacet
   facet normal -1.000000e+000 0.000000e+000 0.000000e+000
      outer loop
         vertex 1.076000e+003 -7.901646e-008 1.319997e+003
         vertex 1.076000e+003 2.862153e+001 1.293505e+003
         vertex 1.076000e+003 2.574593e+001 1.290703e+003
      endloop
   endfacet
   facet normal -1.000000e+000 0.000000e+000 0.000000e+000
      outer loop
         vertex 1.076000e+003 -7.901646e-008 1.319997e+003
         vertex 1.076000e+003 2.574593e+001 1.290703e+003
         vertex 1.076000e+003 2.259742e+001 1.288211e+003
      endloop
   endfacet
   facet normal -1.000000e+000 0.000000e+000 0.000000e+000
      outer loop
         vertex 1.076000e+003 3.683508e+001 1.307184e+003
         vertex 1.076000e+003 3.532239e+001 1.303464e+003
         vertex 1.076000e+003 -7.901646e-008 1.319997e+003
      endloop
   endfacet
   facet normal -1.000000e+000 0.000000e+000 0.000000e+000
      outer loop
         vertex 1.076000e+003 -7.901646e-008 1.319997e+003
         vertex 1.076000e+003 3.532239e+001 1.303464e+003
         vertex 1.076000e+003 3.343527e+001 1.299920e+003
      endloop
   endfacet
   facet normal -1.000000e+000 0.000000e+000 0.000000e+000
      outer loop
         vertex 1.076000e+003 -7.901646e-008 1.319997e+003
         vertex 1.076000e+003 3.343527e+001 1.299920e+003
         vertex 1.076000e+003 3.119373e+001 1.296589e+003
      endloop
   endfacet
   facet normal -1.000000e+000 0.000000e+000 0.000000e+000
      outer loop
         vertex 1.076000e+003 3.898707e+001 1.318993e+003
         vertex 1.076000e+003 3.867719e+001 1.314989e+003
         vertex 1.076000e+003 -7.901646e-008 1.319997e+003
      endloop
   endfacet
   facet normal -1.000000e+000 0.000000e+000 0.000000e+000
      outer loop
         vertex 1.076000e+003 -7.901646e-008 1.319997e+003
         vertex 1.076000e+003 3.867719e+001 1.314989e+003
         vertex 1.076000e+003 3.795731e+001 1.311039e+003
      endloop
   endfacet
   facet normal -1.000000e+000 0.000000e+000 0.000000e+000
      outer loop
         vertex 1.076000e+003 -7.901646e-008 1.319997e+003
         vertex 1.076000e+003 3.795731e+001 1.311039e+003
         vertex 1.076000e+003 3.683508e+001 1.307184e+003
      endloop
   endfacet
   facet normal -1.000000e+000 0.000000e+000 0.000000e+000
      outer loop
         vertex 1.076000e+003 3.744584e+001 1.330897e+003
         vertex 1.076000e+003 3.836812e+001 1.326989e+003
         vertex 1.076000e+003 -7.901646e-008 1.319997e+003
      endloop
   endfacet
   facet normal -1.000000e+000 0.000000e+000 0.000000e+000
      outer loop
         vertex 1.076000e+003 -7.901646e-008 1.319997e+003
         vertex 1.076000e+003 3.836812e+001 1.326989e+003
         vertex 1.076000e+003 3.888368e+001 1.323007e+003
      endloop
   endfacet
   facet normal -1.000000e+000 0.000000e+000 0.000000e+000
      outer loop
         vertex 1.076000e+003 -7.901646e-008 1.319997e+003
         vertex 1.076000e+003 3.888368e+001 1.323007e+003
         vertex 1.076000e+003 3.898707e+001 1.318993e+003
      endloop
   endfacet
   facet normal -1.000000e+000 0.000000e+000 0.000000e+000
      outer loop
         vertex 1.076000e+003 3.235740e+001 1.341768e+003
         vertex 1.076000e+003 3.442447e+001 1.338326e+003
         vertex 1.076000e+003 -7.901646e-008 1.319997e+003
      endloop
   endfacet
   facet normal -1.000000e+000 0.000000e+000 0.000000e+000
      outer loop
         vertex 1.076000e+003 -7.901646e-008 1.319997e+003
         vertex 1.076000e+003 3.442447e+001 1.338326e+003
         vertex 1.076000e+003 3.612664e+001 1.334689e+003
      endloop
   endfacet
   facet normal -1.000000e+000 0.000000e+000 0.000000e+000
      outer loop
         vertex 1.076000e+003 -7.901646e-008 1.319997e+003
         vertex 1.076000e+003 3.612664e+001 1.334689e+003
         vertex 1.076000e+003 3.744584e+001 1.330897e+003
      endloop
   endfacet
   facet normal -1.000000e+000 0.000000e+000 0.000000e+000
      outer loop
         vertex 1.076000e+003 2.420377e+001 1.350578e+003
         vertex 1.076000e+003 2.721982e+001 1.347927e+003
         vertex 1.076000e+003 -7.901646e-008 1.319997e+003
      endloop
   endfacet
   facet normal -1.000000e+000 0.000000e+000 0.000000e+000
      outer loop
         vertex 1.076000e+003 -7.901646e-008 1.319997e+003
         vertex 1.076000e+003 2.721982e+001 1.347927e+003
         vertex 1.076000e+003 2.994734e+001 1.344980e+003
      endloop
   endfacet
   facet normal -1.000000e+000 0.000000e+000 0.000000e+000
      outer loop
         vertex 1.076000e+003 -7.901646e-008 1.319997e+003
         vertex 1.076000e+003 2.994734e+001 1.344980e+003
         vertex 1.076000e+003 3.235740e+001 1.341768e+003
      endloop
   endfacet
   facet normal -1.000000e+000 0.000000e+000 0.000000e+000
      outer loop
         vertex 1.076000e+003 1.375733e+001 1.356490e+003
         vertex 1.076000e+003 1.743666e+001 1.354882e+003
         vertex 1.076000e+003 -7.901646e-008 1.319997e+003
      endloop
   endfacet
   facet normal -1.000000e+000 0.000000e+000 0.000000e+000
      outer loop
         vertex 1.076000e+003 -7.901646e-008 1.319997e+003
         vertex 1.076000e+003 1.743666e+001 1.354882e+003
         vertex 1.076000e+003 2.093115e+001 1.352904e+003
      endloop
   endfacet
   facet normal -1.000000e+000 0.000000e+000 0.000000e+000
      outer loop
         vertex 1.076000e+003 -7.901646e-008 1.319997e+003
         vertex 1.076000e+003 2.093115e+001 1.352904e+003
         vertex 1.076000e+003 2.420377e+001 1.350578e+003
      endloop
   endfacet
   facet normal -1.000000e+000 0.000000e+000 0.000000e+000
      outer loop
         vertex 1.076000e+003 2.007671e+000 1.358945e+003
         vertex 1.076000e+003 6.001732e+000 1.358532e+003
         vertex 1.076000e+003 -7.901646e-008 1.319997e+003
      endloop
   endfacet
   facet normal -1.000000e+000 0.000000e+000 0.000000e+000
      outer loop
         vertex 1.076000e+003 -7.901646e-008 1.319997e+003
         vertex 1.076000e+003 6.001732e+000 1.358532e+003
         vertex 1.076000e+003 9.932174e+000 1.357711e+003
      endloop
   endfacet
   facet normal -1.000000e+000 0.000000e+000 0.000000e+000
      outer loop
         vertex 1.076000e+003 -7.901646e-008 1.319997e+003
         vertex 1.076000e+003 9.932174e+000 1.357711e+003
         vertex 1.076000e+003 1.375733e+001 1.356490e+003
      endloop
   endfacet
   facet normal -1.000000e+000 0.000000e+000 0.000000e+000
      outer loop
         vertex 1.076000e+003 -9.932174e+000 1.357711e+003
         vertex 1.076000e+003 -6.001733e+000 1.358532e+003
         vertex 1.076000e+003 -7.901646e-008 1.319997e+003
      endloop
   endfacet
   facet normal -1.000000e+000 0.000000e+000 0.000000e+000
      outer loop
         vertex 1.076000e+003 -7.901646e-008 1.319997e+003
         vertex 1.076000e+003 -6.001733e+000 1.358532e+003
         vertex 1.076000e+003 -2.007671e+000 1.358945e+003
      endloop
   endfacet
   facet normal -1.000000e+000 0.000000e+000 0.000000e+000
      outer loop
         vertex 1.076000e+003 -7.901646e-008 1.319997e+003
         vertex 1.076000e+003 -2.007671e+000 1.358945e+003
         vertex 1.076000e+003 2.007671e+000 1.358945e+003
      endloop
   endfacet
   facet normal -1.000000e+000 0.000000e+000 0.000000e+000
      outer loop
         vertex 1.076000e+003 -2.093115e+001 1.352904e+003
         vertex 1.076000e+003 -1.743666e+001 1.354882e+003
         vertex 1.076000e+003 -7.901646e-008 1.319997e+003
      endloop
   endfacet
   facet normal -1.000000e+000 0.000000e+000 0.000000e+000
      outer loop
         vertex 1.076000e+003 -7.901646e-008 1.319997e+003
         vertex 1.076000e+003 -1.743666e+001 1.354882e+003
         vertex 1.076000e+003 -1.375733e+001 1.356490e+003
      endloop
   endfacet
   facet normal -1.000000e+000 0.000000e+000 0.000000e+000
      outer loop
         vertex 1.076000e+003 -7.901646e-008 1.319997e+003
         vertex 1.076000e+003 -1.375733e+001 1.356490e+003
         vertex 1.076000e+003 -9.932174e+000 1.357711e+003
      endloop
   endfacet
   facet normal -1.000000e+000 0.000000e+000 0.000000e+000
      outer loop
         vertex 1.076000e+003 -2.994734e+001 1.344980e+003
         vertex 1.076000e+003 -2.721982e+001 1.347927e+003
         vertex 1.076000e+003 -7.901646e-008 1.319997e+003
      endloop
   endfacet
   facet normal -1.000000e+000 0.000000e+000 0.000000e+000
      outer loop
         vertex 1.076000e+003 -7.901646e-008 1.319997e+003
         vertex 1.076000e+003 -2.721982e+001 1.347927e+003
         vertex 1.076000e+003 -2.420377e+001 1.350578e+003
      endloop
   endfacet
   facet normal -1.000000e+000 0.000000e+000 0.000000e+000
      outer loop
         vertex 1.076000e+003 -7.901646e-008 1.319997e+003
         vertex 1.076000e+003 -2.420377e+001 1.350578e+003
         vertex 1.076000e+003 -2.093115e+001 1.352904e+003
      endloop
   endfacet
   facet normal -1.000000e+000 0.000000e+000 0.000000e+000
      outer loop
         vertex 1.076000e+003 -3.612664e+001 1.334689e+003
         vertex 1.076000e+003 -3.442447e+001 1.338326e+003
         vertex 1.076000e+003 -7.901646e-008 1.319997e+003
      endloop
   endfacet
   facet normal -1.000000e+000 0.000000e+000 0.000000e+000
      outer loop
         vertex 1.076000e+003 -7.901646e-008 1.319997e+003
         vertex 1.076000e+003 -3.442447e+001 1.338326e+003
         vertex 1.076000e+003 -3.235740e+001 1.341768e+003
      endloop
   endfacet
   facet normal -1.000000e+000 0.000000e+000 0.000000e+000
      outer loop
         vertex 1.076000e+003 -7.901646e-008 1.319997e+003
         vertex 1.076000e+003 -3.235740e+001 1.341768e+003
         vertex 1.076000e+003 -2.994734e+001 1.344980e+003
      endloop
   endfacet
   facet normal -1.000000e+000 0.000000e+000 0.000000e+000
      outer loop
         vertex 1.076000e+003 -3.888368e+001 1.323007e+003
         vertex 1.076000e+003 -3.836812e+001 1.326989e+003
         vertex 1.076000e+003 -7.901646e-008 1.319997e+003
      endloop
   endfacet
   facet normal -1.000000e+000 0.000000e+000 0.000000e+000
      outer loop
         vertex 1.076000e+003 -7.901646e-008 1.319997e+003
         vertex 1.076000e+003 -3.836812e+001 1.326989e+003
         vertex 1.076000e+003 -3.744585e+001 1.330897e+003
      endloop
   endfacet
   facet normal -1.000000e+000 0.000000e+000 0.000000e+000
      outer loop
         vertex 1.076000e+003 -7.901646e-008 1.319997e+003
         vertex 1.076000e+003 -3.744585e+001 1.330897e+003
         vertex 1.076000e+003 -3.612664e+001 1.334689e+003
      endloop
   endfacet
   facet normal -1.000000e+000 0.000000e+000 0.000000e+000
      outer loop
         vertex 1.076000e+003 -3.795731e+001 1.311039e+003
         vertex 1.076000e+003 -3.867719e+001 1.314989e+003
         vertex 1.076000e+003 -7.901646e-008 1.319997e+003
      endloop
   endfacet
   facet normal -1.000000e+000 0.000000e+000 0.000000e+000
      outer loop
         vertex 1.076000e+003 -7.901646e-008 1.319997e+003
         vertex 1.076000e+003 -3.867719e+001 1.314989e+003
         vertex 1.076000e+003 -3.898707e+001 1.318993e+003
      endloop
   endfacet
   facet normal -1.000000e+000 0.000000e+000 0.000000e+000
      outer loop
         vertex 1.076000e+003 -7.901646e-008 1.319997e+003
         vertex 1.076000e+003 -3.898707e+001 1.318993e+003
         vertex 1.076000e+003 -3.888368e+001 1.323007e+003
      endloop
   endfacet
   facet normal -1.000000e+000 0.000000e+000 0.000000e+000
      outer loop
         vertex 1.076000e+003 -3.343527e+001 1.299920e+003
         vertex 1.076000e+003 -3.532239e+001 1.303464e+003
         vertex 1.076000e+003 -7.901646e-008 1.319997e+003
      endloop
   endfacet
   facet normal -1.000000e+000 0.000000e+000 0.000000e+000
      outer loop
         vertex 1.076000e+003 -7.901646e-008 1.319997e+003
         vertex 1.076000e+003 -3.532239e+001 1.303464e+003
         vertex 1.076000e+003 -3.683508e+001 1.307184e+003
      endloop
   endfacet
   facet normal -1.000000e+000 0.000000e+000 0.000000e+000
      outer loop
         vertex 1.076000e+003 -7.901646e-008 1.319997e+003
         vertex 1.076000e+003 -3.683508e+001 1.307184e+003
         vertex 1.076000e+003 -3.795731e+001 1.311039e+003
      endloop
   endfacet
   facet normal -1.000000e+000 0.000000e+000 0.000000e+000
      outer loop
         vertex 1.076000e+003 -2.574593e+001 1.290703e+003
         vertex 1.076000e+003 -2.862153e+001 1.293505e+003
         vertex 1.076000e+003 -7.901646e-008 1.319997e+003
      endloop
   endfacet
   facet normal -1.000000e+000 0.000000e+000 0.000000e+000
      outer loop
         vertex 1.076000e+003 -7.901646e-008 1.319997e+003
         vertex 1.076000e+003 -2.862153e+001 1.293505e+003
         vertex 1.076000e+003 -3.119373e+001 1.296589e+003
      endloop
   endfacet
   facet normal -1.000000e+000 0.000000e+000 0.000000e+000
      outer loop
         vertex 1.076000e+003 -7.901646e-008 1.319997e+003
         vertex 1.076000e+003 -3.119373e+001 1.296589e+003
         vertex 1.076000e+003 -3.343527e+001 1.299920e+003
      endloop
   endfacet
   facet normal -1.000000e+000 0.000000e+000 0.000000e+000
      outer loop
         vertex 1.076000e+003 -1.561770e+001 1.284260e+003
         vertex 1.076000e+003 -1.920938e+001 1.286056e+003
         vertex 1.076000e+003 -7.901646e-008 1.319997e+003
      endloop
   endfacet
   facet normal -1.000000e+000 0.000000e+000 0.000000e+000
      outer loop
         vertex 1.076000e+003 -7.901646e-008 1.319997e+003
         vertex 1.076000e+003 -1.920938e+001 1.286056e+003
         vertex 1.076000e+003 -2.259742e+001 1.288211e+003
      endloop
   endfacet
   facet normal -1.000000e+000 0.000000e+000 0.000000e+000
      outer loop
         vertex 1.076000e+003 -7.901646e-008 1.319997e+003
         vertex 1.076000e+003 -2.259742e+001 1.288211e+003
         vertex 1.076000e+003 -2.574593e+001 1.290703e+003
      endloop
   endfacet
   facet normal -1.000000e+000 0.000000e+000 0.000000e+000
      outer loop
         vertex 1.076000e+003 -4.010019e+000 1.281203e+003
         vertex 1.076000e+003 -7.977530e+000 1.281822e+003
         vertex 1.076000e+003 -7.901646e-008 1.319997e+003
      endloop
   endfacet
   facet normal -1.000000e+000 0.000000e+000 0.000000e+000
      outer loop
         vertex 1.076000e+003 -7.901646e-008 1.319997e+003
         vertex 1.076000e+003 -7.977530e+000 1.281822e+003
         vertex 1.076000e+003 -1.186048e+001 1.282844e+003
      endloop
   endfacet
   facet normal -1.000000e+000 0.000000e+000 0.000000e+000
      outer loop
         vertex 1.076000e+003 -7.901646e-008 1.319997e+003
         vertex 1.076000e+003 -1.186048e+001 1.282844e+003
         vertex 1.076000e+003 -1.561770e+001 1.284260e+003
      endloop
   endfacet
endsolid