solid KR16_2_Link3_д╛хо_sldprt
   facet normal 0.000000e+000 -1.000000e+000 0.000000e+000
      outer loop
         vertex 3.082375e+002 -1.524000e+002 1.314477e+003
         vertex 3.205495e+002 -1.524000e+002 1.372400e+003
         vertex 3.166744e+002 -1.524000e+002 1.382514e+003
      endloop
   endfacet
   facet normal 0.000000e+000 -1.000000e+000 0.000000e+000
      outer loop
         vertex 3.166744e+002 -1.524000e+002 1.382514e+003
         vertex 3.111243e+002 -1.524000e+002 1.391814e+003
         vertex 3.082375e+002 -1.524000e+002 1.314477e+003
      endloop
   endfacet
   facet normal 0.000000e+000 -1.000000e+000 0.000000e+000
      outer loop
         vertex 3.082375e+002 -1.524000e+002 1.314477e+003
         vertex 3.111243e+002 -1.524000e+002 1.391814e+003
         vertex 3.040633e+002 -1.524000e+002 1.400027e+003
      endloop
   endfacet
   facet normal 0.000000e+000 -1.000000e+000 0.000000e+000
      outer loop
         vertex 3.082375e+002 -1.524000e+002 1.314477e+003
         vertex 3.040633e+002 -1.524000e+002 1.400027e+003
         vertex 2.956999e+002 -1.524000e+002 1.406909e+003
      endloop
   endfacet
   facet normal 0.000000e+000 -1.000000e+000 0.000000e+000
      outer loop
         vertex 2.956999e+002 -1.524000e+002 1.406909e+003
         vertex 2.862813e+002 -1.524000e+002 1.412256e+003
         vertex 3.082375e+002 -1.524000e+002 1.314477e+003
      endloop
   endfacet
   facet normal 0.000000e+000 -1.000000e+000 0.000000e+000
      outer loop
         vertex 3.082375e+002 -1.524000e+002 1.314477e+003
         vertex 2.862813e+002 -1.524000e+002 1.412256e+003
         vertex 2.760861e+002 -1.524000e+002 1.415912e+003
      endloop
   endfacet
   facet normal 0.000000e+000 -1.000000e+000 0.000000e+000
      outer loop
         vertex 3.082375e+002 -1.524000e+002 1.314477e+003
         vertex 2.760861e+002 -1.524000e+002 1.415912e+003
         vertex 2.654154e+002 -1.524000e+002 1.417767e+003
      endloop
   endfacet
   facet normal 0.000000e+000 -1.000000e+000 0.000000e+000
      outer loop
         vertex 2.285188e+002 -1.524000e+002 1.300430e+003
         vertex 2.384664e+002 -1.524000e+002 1.295794e+003
         vertex 2.033256e+002 -1.524000e+002 1.382514e+003
      endloop
   endfacet
   facet normal 0.000000e+000 -1.000000e+000 0.000000e+000
      outer loop
         vertex 2.033256e+002 -1.524000e+002 1.382514e+003
         vertex 2.384664e+002 -1.524000e+002 1.295794e+003
         vertex 2.490673e+002 -1.524000e+002 1.292956e+003
      endloop
   endfacet
   facet normal 0.000000e+000 -1.000000e+000 0.000000e+000
      outer loop
         vertex 2.033256e+002 -1.524000e+002 1.382514e+003
         vertex 2.490673e+002 -1.524000e+002 1.292956e+003
         vertex 2.600000e+002 -1.524000e+002 1.292000e+003
      endloop
   endfacet
   facet normal 0.000000e+000 -1.000000e+000 0.000000e+000
      outer loop
         vertex 2.600000e+002 -1.524000e+002 1.292000e+003
         vertex 2.709327e+002 -1.524000e+002 1.292956e+003
         vertex 2.033256e+002 -1.524000e+002 1.382514e+003
      endloop
   endfacet
   facet normal 0.000000e+000 -1.000000e+000 0.000000e+000
      outer loop
         vertex 2.033256e+002 -1.524000e+002 1.382514e+003
         vertex 2.709327e+002 -1.524000e+002 1.292956e+003
         vertex 2.815336e+002 -1.524000e+002 1.295794e+003
      endloop
   endfacet
   facet normal 0.000000e+000 -1.000000e+000 0.000000e+000
      outer loop
         vertex 2.033256e+002 -1.524000e+002 1.382514e+003
         vertex 2.815336e+002 -1.524000e+002 1.295794e+003
         vertex 2.914812e+002 -1.524000e+002 1.300430e+003
      endloop
   endfacet
   facet normal 0.000000e+000 -1.000000e+000 0.000000e+000
      outer loop
         vertex 2.654154e+002 -1.524000e+002 1.417767e+003
         vertex 2.545846e+002 -1.524000e+002 1.417767e+003
         vertex 3.082375e+002 -1.524000e+002 1.314477e+003
      endloop
   endfacet
   facet normal 0.000000e+000 -1.000000e+000 0.000000e+000
      outer loop
         vertex 3.082375e+002 -1.524000e+002 1.314477e+003
         vertex 2.545846e+002 -1.524000e+002 1.417767e+003
         vertex 2.439139e+002 -1.524000e+002 1.415912e+003
      endloop
   endfacet
   facet normal 0.000000e+000 -1.000000e+000 0.000000e+000
      outer loop
         vertex 3.082375e+002 -1.524000e+002 1.314477e+003
         vertex 2.439139e+002 -1.524000e+002 1.415912e+003
         vertex 2.337187e+002 -1.524000e+002 1.412256e+003
      endloop
   endfacet
   facet normal 0.000000e+000 -1.000000e+000 0.000000e+000
      outer loop
         vertex 2.914812e+002 -1.524000e+002 1.300430e+003
         vertex 3.004734e+002 -1.524000e+002 1.306721e+003
         vertex 2.033256e+002 -1.524000e+002 1.382514e+003
      endloop
   endfacet
   facet normal 0.000000e+000 -1.000000e+000 0.000000e+000
      outer loop
         vertex 2.033256e+002 -1.524000e+002 1.382514e+003
         vertex 3.004734e+002 -1.524000e+002 1.306721e+003
         vertex 3.082375e+002 -1.524000e+002 1.314477e+003
      endloop
   endfacet
   facet normal 0.000000e+000 -1.000000e+000 0.000000e+000
      outer loop
         vertex 2.033256e+002 -1.524000e+002 1.382514e+003
         vertex 3.082375e+002 -1.524000e+002 1.314477e+003
         vertex 2.088757e+002 -1.524000e+002 1.391814e+003
      endloop
   endfacet
   facet normal 0.000000e+000 -1.000000e+000 0.000000e+000
      outer loop
         vertex 2.337187e+002 -1.524000e+002 1.412256e+003
         vertex 2.243001e+002 -1.524000e+002 1.406909e+003
         vertex 3.082375e+002 -1.524000e+002 1.314477e+003
      endloop
   endfacet
   facet normal 0.000000e+000 -1.000000e+000 0.000000e+000
      outer loop
         vertex 3.082375e+002 -1.524000e+002 1.314477e+003
         vertex 2.243001e+002 -1.524000e+002 1.406909e+003
         vertex 2.159368e+002 -1.524000e+002 1.400027e+003
      endloop
   endfacet
   facet normal 0.000000e+000 -1.000000e+000 0.000000e+000
      outer loop
         vertex 3.082375e+002 -1.524000e+002 1.314477e+003
         vertex 2.159368e+002 -1.524000e+002 1.400027e+003
         vertex 2.088757e+002 -1.524000e+002 1.391814e+003
      endloop
   endfacet
   facet normal 0.000000e+000 -1.000000e+000 0.000000e+000
      outer loop
         vertex 1.994505e+002 -1.524000e+002 1.372400e+003
         vertex 2.117625e+002 -1.524000e+002 1.314477e+003
         vertex 2.033256e+002 -1.524000e+002 1.382514e+003
      endloop
   endfacet
   facet normal 0.000000e+000 -1.000000e+000 0.000000e+000
      outer loop
         vertex 2.033256e+002 -1.524000e+002 1.382514e+003
         vertex 2.117625e+002 -1.524000e+002 1.314477e+003
         vertex 2.195266e+002 -1.524000e+002 1.306721e+003
      endloop
   endfacet
   facet normal 0.000000e+000 -1.000000e+000 0.000000e+000
      outer loop
         vertex 2.033256e+002 -1.524000e+002 1.382514e+003
         vertex 2.195266e+002 -1.524000e+002 1.306721e+003
         vertex 2.285188e+002 -1.524000e+002 1.300430e+003
      endloop
   endfacet
   facet normal 0.000000e+000 -1.000000e+000 0.000000e+000
      outer loop
         vertex 2.952872e+002 -1.422000e+002 7.426102e+002
         vertex 2.841296e+002 -1.422000e+002 7.477739e+002
         vertex 3.141253e+002 -1.422000e+002 6.230494e+002
      endloop
   endfacet
   facet normal 0.000000e+000 -1.000000e+000 0.000000e+000
      outer loop
         vertex 2.722484e+002 -1.422000e+002 7.509355e+002
         vertex 2.358704e+002 -1.422000e+002 6.022260e+002
         vertex 2.841296e+002 -1.422000e+002 7.477739e+002
      endloop
   endfacet
   facet normal 0.000000e+000 -1.000000e+000 0.000000e+000
      outer loop
         vertex 2.841296e+002 -1.422000e+002 7.477739e+002
         vertex 2.358704e+002 -1.422000e+002 6.022260e+002
         vertex 2.477516e+002 -1.422000e+002 5.990645e+002
      endloop
   endfacet
   facet normal 0.000000e+000 -1.000000e+000 0.000000e+000
      outer loop
         vertex 2.477516e+002 -1.422000e+002 5.990645e+002
         vertex 2.600000e+002 -1.422000e+002 5.980000e+002
         vertex 2.841296e+002 -1.422000e+002 7.477739e+002
      endloop
   endfacet
   facet normal 0.000000e+000 -1.000000e+000 0.000000e+000
      outer loop
         vertex 2.841296e+002 -1.422000e+002 7.477739e+002
         vertex 2.600000e+002 -1.422000e+002 5.980000e+002
         vertex 2.722484e+002 -1.422000e+002 5.990645e+002
      endloop
   endfacet
   facet normal 0.000000e+000 -1.000000e+000 0.000000e+000
      outer loop
         vertex 2.841296e+002 -1.422000e+002 7.477739e+002
         vertex 2.722484e+002 -1.422000e+002 5.990645e+002
         vertex 2.841296e+002 -1.422000e+002 6.022260e+002
      endloop
   endfacet
   facet normal 0.000000e+000 -1.000000e+000 0.000000e+000
      outer loop
         vertex 2.722484e+002 -1.422000e+002 7.509355e+002
         vertex 2.600000e+002 -1.422000e+002 7.520000e+002
         vertex 2.358704e+002 -1.422000e+002 6.022260e+002
      endloop
   endfacet
   facet normal 0.000000e+000 -1.000000e+000 0.000000e+000
      outer loop
         vertex 2.358704e+002 -1.422000e+002 6.022260e+002
         vertex 2.600000e+002 -1.422000e+002 7.520000e+002
         vertex 2.477516e+002 -1.422000e+002 7.509355e+002
      endloop
   endfacet
   facet normal 0.000000e+000 -1.000000e+000 0.000000e+000
      outer loop
         vertex 2.358704e+002 -1.422000e+002 6.022260e+002
         vertex 2.477516e+002 -1.422000e+002 7.509355e+002
         vertex 2.358704e+002 -1.422000e+002 7.477739e+002
      endloop
   endfacet
   facet normal 0.000000e+000 -1.000000e+000 0.000000e+000
      outer loop
         vertex 2.841296e+002 -1.422000e+002 6.022260e+002
         vertex 2.952872e+002 -1.422000e+002 6.073898e+002
         vertex 2.841296e+002 -1.422000e+002 7.477739e+002
      endloop
   endfacet
   facet normal 0.000000e+000 -1.000000e+000 0.000000e+000
      outer loop
         vertex 2.841296e+002 -1.422000e+002 7.477739e+002
         vertex 2.952872e+002 -1.422000e+002 6.073898e+002
         vertex 3.053867e+002 -1.422000e+002 6.144011e+002
      endloop
   endfacet
   facet normal 0.000000e+000 -1.000000e+000 0.000000e+000
      outer loop
         vertex 2.841296e+002 -1.422000e+002 7.477739e+002
         vertex 3.053867e+002 -1.422000e+002 6.144011e+002
         vertex 3.141253e+002 -1.422000e+002 6.230494e+002
      endloop
   endfacet
   facet normal 0.000000e+000 -1.000000e+000 0.000000e+000
      outer loop
         vertex 2.146133e+002 -1.422000e+002 6.144011e+002
         vertex 2.146133e+002 -1.422000e+002 7.355990e+002
         vertex 2.058747e+002 -1.422000e+002 7.269506e+002
      endloop
   endfacet
   facet normal 0.000000e+000 -1.000000e+000 0.000000e+000
      outer loop
         vertex 2.358704e+002 -1.422000e+002 7.477739e+002
         vertex 2.247128e+002 -1.422000e+002 7.426102e+002
         vertex 2.358704e+002 -1.422000e+002 6.022260e+002
      endloop
   endfacet
   facet normal 0.000000e+000 -1.000000e+000 0.000000e+000
      outer loop
         vertex 2.358704e+002 -1.422000e+002 6.022260e+002
         vertex 2.247128e+002 -1.422000e+002 7.426102e+002
         vertex 2.146133e+002 -1.422000e+002 7.355990e+002
      endloop
   endfacet
   facet normal 0.000000e+000 -1.000000e+000 0.000000e+000
      outer loop
         vertex 2.358704e+002 -1.422000e+002 6.022260e+002
         vertex 2.146133e+002 -1.422000e+002 7.355990e+002
         vertex 2.247128e+002 -1.422000e+002 6.073898e+002
      endloop
   endfacet
   facet normal 0.000000e+000 -1.000000e+000 0.000000e+000
      outer loop
         vertex 2.247128e+002 -1.422000e+002 6.073898e+002
         vertex 2.146133e+002 -1.422000e+002 7.355990e+002
         vertex 2.146133e+002 -1.422000e+002 6.144011e+002
      endloop
   endfacet
   facet normal 0.000000e+000 -1.000000e+000 0.000000e+000
      outer loop
         vertex 3.212408e+002 -1.422000e+002 6.330757e+002
         vertex 3.265201e+002 -1.422000e+002 6.441791e+002
         vertex 3.265201e+002 -1.422000e+002 7.058209e+002
      endloop
   endfacet
   facet normal 0.000000e+000 -1.000000e+000 0.000000e+000
      outer loop
         vertex 3.265201e+002 -1.422000e+002 7.058209e+002
         vertex 3.212408e+002 -1.422000e+002 7.169243e+002
         vertex 3.212408e+002 -1.422000e+002 6.330757e+002
      endloop
   endfacet
   facet normal 0.000000e+000 -1.000000e+000 0.000000e+000
      outer loop
         vertex 3.212408e+002 -1.422000e+002 6.330757e+002
         vertex 3.212408e+002 -1.422000e+002 7.169243e+002
         vertex 3.141253e+002 -1.422000e+002 7.269506e+002
      endloop
   endfacet
   facet normal 0.000000e+000 -1.000000e+000 0.000000e+000
      outer loop
         vertex 3.212408e+002 -1.422000e+002 6.330757e+002
         vertex 3.141253e+002 -1.422000e+002 7.269506e+002
         vertex 3.141253e+002 -1.422000e+002 6.230494e+002
      endloop
   endfacet
   facet normal 0.000000e+000 -1.000000e+000 0.000000e+000
      outer loop
         vertex 3.141253e+002 -1.422000e+002 6.230494e+002
         vertex 3.141253e+002 -1.422000e+002 7.269506e+002
         vertex 3.053867e+002 -1.422000e+002 7.355990e+002
      endloop
   endfacet
   facet normal 0.000000e+000 -1.000000e+000 0.000000e+000
      outer loop
         vertex 3.141253e+002 -1.422000e+002 6.230494e+002
         vertex 3.053867e+002 -1.422000e+002 7.355990e+002
         vertex 2.952872e+002 -1.422000e+002 7.426102e+002
      endloop
   endfacet
   facet normal 0.000000e+000 -1.000000e+000 0.000000e+000
      outer loop
         vertex 1.934799e+002 -1.422000e+002 7.058209e+002
         vertex 1.934799e+002 -1.422000e+002 6.441791e+002
         vertex 1.987592e+002 -1.422000e+002 7.169243e+002
      endloop
   endfacet
   facet normal 0.000000e+000 -1.000000e+000 0.000000e+000
      outer loop
         vertex 1.987592e+002 -1.422000e+002 7.169243e+002
         vertex 1.934799e+002 -1.422000e+002 6.441791e+002
         vertex 1.987592e+002 -1.422000e+002 6.330757e+002
      endloop
   endfacet
   facet normal 0.000000e+000 -1.000000e+000 0.000000e+000
      outer loop
         vertex 1.987592e+002 -1.422000e+002 7.169243e+002
         vertex 1.987592e+002 -1.422000e+002 6.330757e+002
         vertex 2.058747e+002 -1.422000e+002 7.269506e+002
      endloop
   endfacet
   facet normal 0.000000e+000 -1.000000e+000 0.000000e+000
      outer loop
         vertex 2.058747e+002 -1.422000e+002 7.269506e+002
         vertex 1.987592e+002 -1.422000e+002 6.330757e+002
         vertex 2.058747e+002 -1.422000e+002 6.230494e+002
      endloop
   endfacet
   facet normal 0.000000e+000 -1.000000e+000 0.000000e+000
      outer loop
         vertex 2.058747e+002 -1.422000e+002 7.269506e+002
         vertex 2.058747e+002 -1.422000e+002 6.230494e+002
         vertex 2.146133e+002 -1.422000e+002 6.144011e+002
      endloop
   endfacet
   facet normal -9.781476e-001 0.000000e+000 2.079117e-001
      outer loop
         vertex 3.082375e+002 -1.524000e+002 1.314477e+003
         vertex 3.082375e+002 -1.525000e+002 1.314477e+003
         vertex 3.205495e+002 -1.524000e+002 1.372400e+003
      endloop
   endfacet
   facet normal -9.781476e-001 0.000000e+000 2.079117e-001
      outer loop
         vertex 3.205495e+002 -1.524000e+002 1.372400e+003
         vertex 3.082375e+002 -1.525000e+002 1.314477e+003
         vertex 3.205495e+002 -1.525000e+002 1.372400e+003
      endloop
   endfacet
   facet normal -7.270501e-001 0.000000e+000 6.865844e-001
      outer loop
         vertex 3.082375e+002 -1.525000e+002 1.314477e+003
         vertex 3.082375e+002 -1.524000e+002 1.314477e+003
         vertex 3.004734e+002 -1.525000e+002 1.306721e+003
      endloop
   endfacet
   facet normal -6.858311e-001 0.000000e+000 7.277608e-001
      outer loop
         vertex 3.004734e+002 -1.525000e+002 1.306721e+003
         vertex 3.082375e+002 -1.524000e+002 1.314477e+003
         vertex 3.004734e+002 -1.524000e+002 1.306721e+003
      endloop
   endfacet
   facet normal -5.968727e-001 0.000000e+000 8.023359e-001
      outer loop
         vertex 3.004734e+002 -1.525000e+002 1.306721e+003
         vertex 3.004734e+002 -1.524000e+002 1.306721e+003
         vertex 2.914812e+002 -1.525000e+002 1.300430e+003
      endloop
   endfacet
   facet normal -5.491335e-001 0.000000e+000 8.357347e-001
      outer loop
         vertex 2.914812e+002 -1.525000e+002 1.300430e+003
         vertex 3.004734e+002 -1.524000e+002 1.306721e+003
         vertex 2.914812e+002 -1.524000e+002 1.300430e+003
      endloop
   endfacet
   facet normal -4.485836e-001 0.000000e+000 8.937409e-001
      outer loop
         vertex 2.914812e+002 -1.525000e+002 1.300430e+003
         vertex 2.914812e+002 -1.524000e+002 1.300430e+003
         vertex 2.815336e+002 -1.525000e+002 1.295794e+003
      endloop
   endfacet
   facet normal -3.957729e-001 0.000000e+000 9.183484e-001
      outer loop
         vertex 2.815336e+002 -1.525000e+002 1.295794e+003
         vertex 2.914812e+002 -1.524000e+002 1.300430e+003
         vertex 2.815336e+002 -1.524000e+002 1.295794e+003
      endloop
   endfacet
   facet normal -2.866824e-001 0.000000e+000 9.580257e-001
      outer loop
         vertex 2.815336e+002 -1.525000e+002 1.295794e+003
         vertex 2.815336e+002 -1.524000e+002 1.295794e+003
         vertex 2.709327e+002 -1.525000e+002 1.292956e+003
      endloop
   endfacet
   facet normal -2.304027e-001 0.000000e+000 9.730954e-001
      outer loop
         vertex 2.709327e+002 -1.525000e+002 1.292956e+003
         vertex 2.815336e+002 -1.524000e+002 1.295794e+003
         vertex 2.709327e+002 -1.524000e+002 1.292956e+003
      endloop
   endfacet
   facet normal -1.160819e-001 0.000000e+000 9.932396e-001
      outer loop
         vertex 2.709327e+002 -1.525000e+002 1.292956e+003
         vertex 2.709327e+002 -1.524000e+002 1.292956e+003
         vertex 2.600000e+002 -1.525000e+002 1.292000e+003
      endloop
   endfacet
   facet normal -5.804097e-002 0.000000e+000 9.983142e-001
      outer loop
         vertex 2.600000e+002 -1.525000e+002 1.292000e+003
         vertex 2.709327e+002 -1.524000e+002 1.292956e+003
         vertex 2.600000e+002 -1.524000e+002 1.292000e+003
      endloop
   endfacet
   facet normal 5.804097e-002 0.000000e+000 9.983142e-001
      outer loop
         vertex 2.600000e+002 -1.525000e+002 1.292000e+003
         vertex 2.600000e+002 -1.524000e+002 1.292000e+003
         vertex 2.490673e+002 -1.525000e+002 1.292956e+003
      endloop
   endfacet
   facet normal 1.160819e-001 0.000000e+000 9.932396e-001
      outer loop
         vertex 2.490673e+002 -1.525000e+002 1.292956e+003
         vertex 2.600000e+002 -1.524000e+002 1.292000e+003
         vertex 2.490673e+002 -1.524000e+002 1.292956e+003
      endloop
   endfacet
   facet normal 2.304027e-001 0.000000e+000 9.730954e-001
      outer loop
         vertex 2.490673e+002 -1.525000e+002 1.292956e+003
         vertex 2.490673e+002 -1.524000e+002 1.292956e+003
         vertex 2.384664e+002 -1.525000e+002 1.295794e+003
      endloop
   endfacet
   facet normal 2.866824e-001 0.000000e+000 9.580257e-001
      outer loop
         vertex 2.384664e+002 -1.525000e+002 1.295794e+003
         vertex 2.490673e+002 -1.524000e+002 1.292956e+003
         vertex 2.384664e+002 -1.524000e+002 1.295794e+003
      endloop
   endfacet
   facet normal 3.957729e-001 0.000000e+000 9.183484e-001
      outer loop
         vertex 2.384664e+002 -1.525000e+002 1.295794e+003
         vertex 2.384664e+002 -1.524000e+002 1.295794e+003
         vertex 2.285188e+002 -1.525000e+002 1.300430e+003
      endloop
   endfacet
   facet normal 4.485836e-001 0.000000e+000 8.937408e-001
      outer loop
         vertex 2.285188e+002 -1.525000e+002 1.300430e+003
         vertex 2.384664e+002 -1.524000e+002 1.295794e+003
         vertex 2.285188e+002 -1.524000e+002 1.300430e+003
      endloop
   endfacet
   facet normal 5.491335e-001 0.000000e+000 8.357347e-001
      outer loop
         vertex 2.285188e+002 -1.525000e+002 1.300430e+003
         vertex 2.285188e+002 -1.524000e+002 1.300430e+003
         vertex 2.195266e+002 -1.525000e+002 1.306721e+003
      endloop
   endfacet
   facet normal 5.968727e-001 0.000000e+000 8.023359e-001
      outer loop
         vertex 2.195266e+002 -1.525000e+002 1.306721e+003
         vertex 2.285188e+002 -1.524000e+002 1.300430e+003
         vertex 2.195266e+002 -1.524000e+002 1.306721e+003
      endloop
   endfacet
   facet normal 6.858311e-001 0.000000e+000 7.277608e-001
      outer loop
         vertex 2.195266e+002 -1.525000e+002 1.306721e+003
         vertex 2.195266e+002 -1.524000e+002 1.306721e+003
         vertex 2.117625e+002 -1.525000e+002 1.314477e+003
      endloop
   endfacet
   facet normal 7.270501e-001 0.000000e+000 6.865844e-001
      outer loop
         vertex 2.117625e+002 -1.525000e+002 1.314477e+003
         vertex 2.195266e+002 -1.524000e+002 1.306721e+003
         vertex 2.117625e+002 -1.524000e+002 1.314477e+003
      endloop
   endfacet
   facet normal 9.781476e-001 0.000000e+000 2.079117e-001
      outer loop
         vertex 1.994505e+002 -1.524000e+002 1.372400e+003
         vertex 1.994505e+002 -1.525000e+002 1.372400e+003
         vertex 2.117625e+002 -1.524000e+002 1.314477e+003
      endloop
   endfacet
   facet normal 9.781476e-001 0.000000e+000 2.079117e-001
      outer loop
         vertex 2.117625e+002 -1.524000e+002 1.314477e+003
         vertex 1.994505e+002 -1.525000e+002 1.372400e+003
         vertex 2.117625e+002 -1.525000e+002 1.314477e+003
      endloop
   endfacet
   facet normal 9.437041e-001 0.000000e+000 -3.307908e-001
      outer loop
         vertex 1.994505e+002 -1.525000e+002 1.372400e+003
         vertex 1.994505e+002 -1.524000e+002 1.372400e+003
         vertex 2.033256e+002 -1.525000e+002 1.382514e+003
      endloop
   endfacet
   facet normal 9.231335e-001 0.000000e+000 -3.844795e-001
      outer loop
         vertex 2.033256e+002 -1.525000e+002 1.382514e+003
         vertex 1.994505e+002 -1.524000e+002 1.372400e+003
         vertex 2.033256e+002 -1.524000e+002 1.382514e+003
      endloop
   endfacet
   facet normal 8.731005e-001 0.000000e+000 -4.875404e-001
      outer loop
         vertex 2.033256e+002 -1.525000e+002 1.382514e+003
         vertex 2.033256e+002 -1.524000e+002 1.382514e+003
         vertex 2.088757e+002 -1.525000e+002 1.391814e+003
      endloop
   endfacet
   facet normal 8.436379e-001 0.000000e+000 -5.369125e-001
      outer loop
         vertex 2.088757e+002 -1.525000e+002 1.391814e+003
         vertex 2.033256e+002 -1.524000e+002 1.382514e+003
         vertex 2.088757e+002 -1.524000e+002 1.391814e+003
      endloop
   endfacet
   facet normal 7.766920e-001 0.000000e+000 -6.298807e-001
      outer loop
         vertex 2.088757e+002 -1.525000e+002 1.391814e+003
         vertex 2.088757e+002 -1.524000e+002 1.391814e+003
         vertex 2.159368e+002 -1.525000e+002 1.400027e+003
      endloop
   endfacet
   facet normal 7.392083e-001 0.000000e+000 -6.734768e-001
      outer loop
         vertex 2.159368e+002 -1.525000e+002 1.400027e+003
         vertex 2.088757e+002 -1.524000e+002 1.391814e+003
         vertex 2.159368e+002 -1.524000e+002 1.400027e+003
      endloop
   endfacet
   facet normal 6.573280e-001 0.000000e+000 -7.536046e-001
      outer loop
         vertex 2.159368e+002 -1.525000e+002 1.400027e+003
         vertex 2.159368e+002 -1.524000e+002 1.400027e+003
         vertex 2.243001e+002 -1.525000e+002 1.406909e+003
      endloop
   endfacet
   facet normal 6.129313e-001 0.000000e+000 -7.901363e-001
      outer loop
         vertex 2.243001e+002 -1.525000e+002 1.406909e+003
         vertex 2.159368e+002 -1.524000e+002 1.400027e+003
         vertex 2.243001e+002 -1.524000e+002 1.406909e+003
      endloop
   endfacet
   facet normal 5.185366e-001 0.000000e+000 -8.550555e-001
      outer loop
         vertex 2.243001e+002 -1.525000e+002 1.406909e+003
         vertex 2.243001e+002 -1.524000e+002 1.406909e+003
         vertex 2.337187e+002 -1.525000e+002 1.412256e+003
      endloop
   endfacet
   facet normal 4.685387e-001 0.000000e+000 -8.834430e-001
      outer loop
         vertex 2.337187e+002 -1.525000e+002 1.412256e+003
         vertex 2.243001e+002 -1.524000e+002 1.406909e+003
         vertex 2.337187e+002 -1.524000e+002 1.412256e+003
      endloop
   endfacet
   facet normal 3.644196e-001 0.000000e+000 -9.312348e-001
      outer loop
         vertex 2.337187e+002 -1.525000e+002 1.412256e+003
         vertex 2.337187e+002 -1.524000e+002 1.412256e+003
         vertex 2.439139e+002 -1.525000e+002 1.415912e+003
      endloop
   endfacet
   facet normal 3.102984e-001 0.000000e+000 -9.506392e-001
      outer loop
         vertex 2.439139e+002 -1.525000e+002 1.415912e+003
         vertex 2.337187e+002 -1.524000e+002 1.412256e+003
         vertex 2.439139e+002 -1.524000e+002 1.415912e+003
      endloop
   endfacet
   facet normal 1.995321e-001 0.000000e+000 -9.798913e-001
      outer loop
         vertex 2.439139e+002 -1.525000e+002 1.415912e+003
         vertex 2.439139e+002 -1.524000e+002 1.415912e+003
         vertex 2.545846e+002 -1.525000e+002 1.417767e+003
      endloop
   endfacet
   facet normal 1.428871e-001 0.000000e+000 -9.897390e-001
      outer loop
         vertex 2.545846e+002 -1.525000e+002 1.417767e+003
         vertex 2.439139e+002 -1.524000e+002 1.415912e+003
         vertex 2.545846e+002 -1.524000e+002 1.417767e+003
      endloop
   endfacet
   facet normal 2.874734e-002 0.000000e+000 -9.995867e-001
      outer loop
         vertex 2.545846e+002 -1.525000e+002 1.417767e+003
         vertex 2.545846e+002 -1.524000e+002 1.417767e+003
         vertex 2.654154e+002 -1.525000e+002 1.417767e+003
      endloop
   endfacet
   facet normal -2.874734e-002 0.000000e+000 -9.995867e-001
      outer loop
         vertex 2.654154e+002 -1.525000e+002 1.417767e+003
         vertex 2.545846e+002 -1.524000e+002 1.417767e+003
         vertex 2.654154e+002 -1.524000e+002 1.417767e+003
      endloop
   endfacet
   facet normal -1.428871e-001 0.000000e+000 -9.897390e-001
      outer loop
         vertex 2.654154e+002 -1.525000e+002 1.417767e+003
         vertex 2.654154e+002 -1.524000e+002 1.417767e+003
         vertex 2.760861e+002 -1.525000e+002 1.415912e+003
      endloop
   endfacet
   facet normal -1.995321e-001 0.000000e+000 -9.798913e-001
      outer loop
         vertex 2.760861e+002 -1.525000e+002 1.415912e+003
         vertex 2.654154e+002 -1.524000e+002 1.417767e+003
         vertex 2.760861e+002 -1.524000e+002 1.415912e+003
      endloop
   endfacet
   facet normal -3.102984e-001 0.000000e+000 -9.506392e-001
      outer loop
         vertex 2.760861e+002 -1.525000e+002 1.415912e+003
         vertex 2.760861e+002 -1.524000e+002 1.415912e+003
         vertex 2.862813e+002 -1.525000e+002 1.412256e+003
      endloop
   endfacet
   facet normal -3.644196e-001 0.000000e+000 -9.312348e-001
      outer loop
         vertex 2.862813e+002 -1.525000e+002 1.412256e+003
         vertex 2.760861e+002 -1.524000e+002 1.415912e+003
         vertex 2.862813e+002 -1.524000e+002 1.412256e+003
      endloop
   endfacet
   facet normal -4.685387e-001 0.000000e+000 -8.834430e-001
      outer loop
         vertex 2.862813e+002 -1.525000e+002 1.412256e+003
         vertex 2.862813e+002 -1.524000e+002 1.412256e+003
         vertex 2.956999e+002 -1.525000e+002 1.406909e+003
      endloop
   endfacet
   facet normal -5.185365e-001 0.000000e+000 -8.550555e-001
      outer loop
         vertex 2.956999e+002 -1.525000e+002 1.406909e+003
         vertex 2.862813e+002 -1.524000e+002 1.412256e+003
         vertex 2.956999e+002 -1.524000e+002 1.406909e+003
      endloop
   endfacet
   facet normal -6.129313e-001 0.000000e+000 -7.901363e-001
      outer loop
         vertex 2.956999e+002 -1.525000e+002 1.406909e+003
         vertex 2.956999e+002 -1.524000e+002 1.406909e+003
         vertex 3.040633e+002 -1.525000e+002 1.400027e+003
      endloop
   endfacet
   facet normal -6.573280e-001 0.000000e+000 -7.536046e-001
      outer loop
         vertex 3.040633e+002 -1.525000e+002 1.400027e+003
         vertex 2.956999e+002 -1.524000e+002 1.406909e+003
         vertex 3.040633e+002 -1.524000e+002 1.400027e+003
      endloop
   endfacet
   facet normal -7.392084e-001 0.000000e+000 -6.734768e-001
      outer loop
         vertex 3.040633e+002 -1.525000e+002 1.400027e+003
         vertex 3.040633e+002 -1.524000e+002 1.400027e+003
         vertex 3.111243e+002 -1.525000e+002 1.391814e+003
      endloop
   endfacet
   facet normal -7.766920e-001 0.000000e+000 -6.298807e-001
      outer loop
         vertex 3.111243e+002 -1.525000e+002 1.391814e+003
         vertex 3.040633e+002 -1.524000e+002 1.400027e+003
         vertex 3.111243e+002 -1.524000e+002 1.391814e+003
      endloop
   endfacet
   facet normal -8.436379e-001 0.000000e+000 -5.369125e-001
      outer loop
         vertex 3.111243e+002 -1.525000e+002 1.391814e+003
         vertex 3.111243e+002 -1.524000e+002 1.391814e+003
         vertex 3.166744e+002 -1.525000e+002 1.382514e+003
      endloop
   endfacet
   facet normal -8.731005e-001 0.000000e+000 -4.875404e-001
      outer loop
         vertex 3.166744e+002 -1.525000e+002 1.382514e+003
         vertex 3.111243e+002 -1.524000e+002 1.391814e+003
         vertex 3.166744e+002 -1.524000e+002 1.382514e+003
      endloop
   endfacet
   facet normal -9.231335e-001 0.000000e+000 -3.844795e-001
      outer loop
         vertex 3.166744e+002 -1.525000e+002 1.382514e+003
         vertex 3.166744e+002 -1.524000e+002 1.382514e+003
         vertex 3.205495e+002 -1.525000e+002 1.372400e+003
      endloop
   endfacet
   facet normal -9.437041e-001 0.000000e+000 -3.307908e-001
      outer loop
         vertex 3.205495e+002 -1.525000e+002 1.372400e+003
         vertex 3.166744e+002 -1.524000e+002 1.382514e+003
         vertex 3.205495e+002 -1.524000e+002 1.372400e+003
      endloop
   endfacet
   facet normal 0.000000e+000 -1.000000e+000 0.000000e+000
      outer loop
         vertex 2.750000e+002 -2.585000e+002 1.199200e+003
         vertex 2.742902e+002 -2.585000e+002 1.199140e+003
         vertex 2.750000e+002 -2.585000e+002 1.195000e+003
      endloop
   endfacet
   facet normal 0.000000e+000 -1.000000e+000 0.000000e+000
      outer loop
         vertex 2.770483e+002 -2.585000e+002 1.198667e+003
         vertex 2.763992e+002 -2.585000e+002 1.198960e+003
         vertex 2.750000e+002 -2.585000e+002 1.195000e+003
      endloop
   endfacet
   facet normal 0.000000e+000 -1.000000e+000 0.000000e+000
      outer loop
         vertex 2.750000e+002 -2.585000e+002 1.195000e+003
         vertex 2.763992e+002 -2.585000e+002 1.198960e+003
         vertex 2.757098e+002 -2.585000e+002 1.199140e+003
      endloop
   endfacet
   facet normal 0.000000e+000 -1.000000e+000 0.000000e+000
      outer loop
         vertex 2.750000e+002 -2.585000e+002 1.195000e+003
         vertex 2.757098e+002 -2.585000e+002 1.199140e+003
         vertex 2.750000e+002 -2.585000e+002 1.199200e+003
      endloop
   endfacet
   facet normal 0.000000e+000 -1.000000e+000 0.000000e+000
      outer loop
         vertex 2.785764e+002 -2.585000e+002 1.197202e+003
         vertex 2.781528e+002 -2.585000e+002 1.197775e+003
         vertex 2.750000e+002 -2.585000e+002 1.195000e+003
      endloop
   endfacet
   facet normal 0.000000e+000 -1.000000e+000 0.000000e+000
      outer loop
         vertex 2.750000e+002 -2.585000e+002 1.195000e+003
         vertex 2.781528e+002 -2.585000e+002 1.197775e+003
         vertex 2.776385e+002 -2.585000e+002 1.198268e+003
      endloop
   endfacet
   facet normal 0.000000e+000 -1.000000e+000 0.000000e+000
      outer loop
         vertex 2.750000e+002 -2.585000e+002 1.195000e+003
         vertex 2.776385e+002 -2.585000e+002 1.198268e+003
         vertex 2.770483e+002 -2.585000e+002 1.198667e+003
      endloop
   endfacet
   facet normal 0.000000e+000 -1.000000e+000 0.000000e+000
      outer loop
         vertex 2.791962e+002 -2.585000e+002 1.195178e+003
         vertex 2.791057e+002 -2.585000e+002 1.195885e+003
         vertex 2.750000e+002 -2.585000e+002 1.195000e+003
      endloop
   endfacet
   facet normal 0.000000e+000 -1.000000e+000 0.000000e+000
      outer loop
         vertex 2.750000e+002 -2.585000e+002 1.195000e+003
         vertex 2.791057e+002 -2.585000e+002 1.195885e+003
         vertex 2.788971e+002 -2.585000e+002 1.196566e+003
      endloop
   endfacet
   facet normal 0.000000e+000 -1.000000e+000 0.000000e+000
      outer loop
         vertex 2.750000e+002 -2.585000e+002 1.195000e+003
         vertex 2.788971e+002 -2.585000e+002 1.196566e+003
         vertex 2.785764e+002 -2.585000e+002 1.197202e+003
      endloop
   endfacet
   facet normal 0.000000e+000 -1.000000e+000 0.000000e+000
      outer loop
         vertex 2.787503e+002 -2.585000e+002 1.193109e+003
         vertex 2.790159e+002 -2.585000e+002 1.193770e+003
         vertex 2.750000e+002 -2.585000e+002 1.195000e+003
      endloop
   endfacet
   facet normal 0.000000e+000 -1.000000e+000 0.000000e+000
      outer loop
         vertex 2.750000e+002 -2.585000e+002 1.195000e+003
         vertex 2.790159e+002 -2.585000e+002 1.193770e+003
         vertex 2.791660e+002 -2.585000e+002 1.194466e+003
      endloop
   endfacet
   facet normal 0.000000e+000 -1.000000e+000 0.000000e+000
      outer loop
         vertex 2.750000e+002 -2.585000e+002 1.195000e+003
         vertex 2.791660e+002 -2.585000e+002 1.194466e+003
         vertex 2.791962e+002 -2.585000e+002 1.195178e+003
      endloop
   endfacet
   facet normal 0.000000e+000 -1.000000e+000 0.000000e+000
      outer loop
         vertex 2.773519e+002 -2.585000e+002 1.191520e+003
         vertex 2.779062e+002 -2.585000e+002 1.191968e+003
         vertex 2.750000e+002 -2.585000e+002 1.195000e+003
      endloop
   endfacet
   facet normal 0.000000e+000 -1.000000e+000 0.000000e+000
      outer loop
         vertex 2.750000e+002 -2.585000e+002 1.195000e+003
         vertex 2.779062e+002 -2.585000e+002 1.191968e+003
         vertex 2.783768e+002 -2.585000e+002 1.192502e+003
      endloop
   endfacet
   facet normal 0.000000e+000 -1.000000e+000 0.000000e+000
      outer loop
         vertex 2.750000e+002 -2.585000e+002 1.195000e+003
         vertex 2.783768e+002 -2.585000e+002 1.192502e+003
         vertex 2.787503e+002 -2.585000e+002 1.193109e+003
      endloop
   endfacet
   facet normal 0.000000e+000 -1.000000e+000 0.000000e+000
      outer loop
         vertex 2.753562e+002 -2.585000e+002 1.190815e+003
         vertex 2.760583e+002 -2.585000e+002 1.190936e+003
         vertex 2.750000e+002 -2.585000e+002 1.195000e+003
      endloop
   endfacet
   facet normal 0.000000e+000 -1.000000e+000 0.000000e+000
      outer loop
         vertex 2.750000e+002 -2.585000e+002 1.195000e+003
         vertex 2.760583e+002 -2.585000e+002 1.190936e+003
         vertex 2.767300e+002 -2.585000e+002 1.191173e+003
      endloop
   endfacet
   facet normal 0.000000e+000 -1.000000e+000 0.000000e+000
      outer loop
         vertex 2.750000e+002 -2.585000e+002 1.195000e+003
         vertex 2.767300e+002 -2.585000e+002 1.191173e+003
         vertex 2.773519e+002 -2.585000e+002 1.191520e+003
      endloop
   endfacet
   facet normal 0.000000e+000 -1.000000e+000 0.000000e+000
      outer loop
         vertex 2.732700e+002 -2.585000e+002 1.191173e+003
         vertex 2.739417e+002 -2.585000e+002 1.190936e+003
         vertex 2.750000e+002 -2.585000e+002 1.195000e+003
      endloop
   endfacet
   facet normal 0.000000e+000 -1.000000e+000 0.000000e+000
      outer loop
         vertex 2.750000e+002 -2.585000e+002 1.195000e+003
         vertex 2.739417e+002 -2.585000e+002 1.190936e+003
         vertex 2.746438e+002 -2.585000e+002 1.190815e+003
      endloop
   endfacet
   facet normal 0.000000e+000 -1.000000e+000 0.000000e+000
      outer loop
         vertex 2.750000e+002 -2.585000e+002 1.195000e+003
         vertex 2.746438e+002 -2.585000e+002 1.190815e+003
         vertex 2.753562e+002 -2.585000e+002 1.190815e+003
      endloop
   endfacet
   facet normal 0.000000e+000 -1.000000e+000 0.000000e+000
      outer loop
         vertex 2.716232e+002 -2.585000e+002 1.192502e+003
         vertex 2.720939e+002 -2.585000e+002 1.191968e+003
         vertex 2.750000e+002 -2.585000e+002 1.195000e+003
      endloop
   endfacet
   facet normal 0.000000e+000 -1.000000e+000 0.000000e+000
      outer loop
         vertex 2.750000e+002 -2.585000e+002 1.195000e+003
         vertex 2.720939e+002 -2.585000e+002 1.191968e+003
         vertex 2.726481e+002 -2.585000e+002 1.191520e+003
      endloop
   endfacet
   facet normal 0.000000e+000 -1.000000e+000 0.000000e+000
      outer loop
         vertex 2.750000e+002 -2.585000e+002 1.195000e+003
         vertex 2.726481e+002 -2.585000e+002 1.191520e+003
         vertex 2.732700e+002 -2.585000e+002 1.191173e+003
      endloop
   endfacet
   facet normal 0.000000e+000 -1.000000e+000 0.000000e+000
      outer loop
         vertex 2.708340e+002 -2.585000e+002 1.194466e+003
         vertex 2.709841e+002 -2.585000e+002 1.193770e+003
         vertex 2.750000e+002 -2.585000e+002 1.195000e+003
      endloop
   endfacet
   facet normal 0.000000e+000 -1.000000e+000 0.000000e+000
      outer loop
         vertex 2.750000e+002 -2.585000e+002 1.195000e+003
         vertex 2.709841e+002 -2.585000e+002 1.193770e+003
         vertex 2.712497e+002 -2.585000e+002 1.193109e+003
      endloop
   endfacet
   facet normal 0.000000e+000 -1.000000e+000 0.000000e+000
      outer loop
         vertex 2.750000e+002 -2.585000e+002 1.195000e+003
         vertex 2.712497e+002 -2.585000e+002 1.193109e+003
         vertex 2.716232e+002 -2.585000e+002 1.192502e+003
      endloop
   endfacet
   facet normal 0.000000e+000 -1.000000e+000 0.000000e+000
      outer loop
         vertex 2.711029e+002 -2.585000e+002 1.196566e+003
         vertex 2.708943e+002 -2.585000e+002 1.195885e+003
         vertex 2.750000e+002 -2.585000e+002 1.195000e+003
      endloop
   endfacet
   facet normal 0.000000e+000 -1.000000e+000 0.000000e+000
      outer loop
         vertex 2.750000e+002 -2.585000e+002 1.195000e+003
         vertex 2.708943e+002 -2.585000e+002 1.195885e+003
         vertex 2.708038e+002 -2.585000e+002 1.195178e+003
      endloop
   endfacet
   facet normal 0.000000e+000 -1.000000e+000 0.000000e+000
      outer loop
         vertex 2.750000e+002 -2.585000e+002 1.195000e+003
         vertex 2.708038e+002 -2.585000e+002 1.195178e+003
         vertex 2.708340e+002 -2.585000e+002 1.194466e+003
      endloop
   endfacet
   facet normal 0.000000e+000 -1.000000e+000 0.000000e+000
      outer loop
         vertex 2.723615e+002 -2.585000e+002 1.198268e+003
         vertex 2.718472e+002 -2.585000e+002 1.197775e+003
         vertex 2.750000e+002 -2.585000e+002 1.195000e+003
      endloop
   endfacet
   facet normal 0.000000e+000 -1.000000e+000 0.000000e+000
      outer loop
         vertex 2.750000e+002 -2.585000e+002 1.195000e+003
         vertex 2.718472e+002 -2.585000e+002 1.197775e+003
         vertex 2.714236e+002 -2.585000e+002 1.197202e+003
      endloop
   endfacet
   facet normal 0.000000e+000 -1.000000e+000 0.000000e+000
      outer loop
         vertex 2.750000e+002 -2.585000e+002 1.195000e+003
         vertex 2.714236e+002 -2.585000e+002 1.197202e+003
         vertex 2.711029e+002 -2.585000e+002 1.196566e+003
      endloop
   endfacet
   facet normal 0.000000e+000 -1.000000e+000 0.000000e+000
      outer loop
         vertex 2.742902e+002 -2.585000e+002 1.199140e+003
         vertex 2.736008e+002 -2.585000e+002 1.198960e+003
         vertex 2.750000e+002 -2.585000e+002 1.195000e+003
      endloop
   endfacet
   facet normal 0.000000e+000 -1.000000e+000 0.000000e+000
      outer loop
         vertex 2.750000e+002 -2.585000e+002 1.195000e+003
         vertex 2.736008e+002 -2.585000e+002 1.198960e+003
         vertex 2.729517e+002 -2.585000e+002 1.198667e+003
      endloop
   endfacet
   facet normal 0.000000e+000 -1.000000e+000 0.000000e+000
      outer loop
         vertex 2.750000e+002 -2.585000e+002 1.195000e+003
         vertex 2.729517e+002 -2.585000e+002 1.198667e+003
         vertex 2.723615e+002 -2.585000e+002 1.198268e+003
      endloop
   endfacet
   facet normal 0.000000e+000 -1.000000e+000 0.000000e+000
      outer loop
         vertex 2.450000e+002 -2.585000e+002 1.199200e+003
         vertex 2.442902e+002 -2.585000e+002 1.199140e+003
         vertex 2.450000e+002 -2.585000e+002 1.195000e+003
      endloop
   endfacet
   facet normal 0.000000e+000 -1.000000e+000 0.000000e+000
      outer loop
         vertex 2.470483e+002 -2.585000e+002 1.198667e+003
         vertex 2.463992e+002 -2.585000e+002 1.198960e+003
         vertex 2.450000e+002 -2.585000e+002 1.195000e+003
      endloop
   endfacet
   facet normal 0.000000e+000 -1.000000e+000 0.000000e+000
      outer loop
         vertex 2.450000e+002 -2.585000e+002 1.195000e+003
         vertex 2.463992e+002 -2.585000e+002 1.198960e+003
         vertex 2.457098e+002 -2.585000e+002 1.199140e+003
      endloop
   endfacet
   facet normal 0.000000e+000 -1.000000e+000 0.000000e+000
      outer loop
         vertex 2.450000e+002 -2.585000e+002 1.195000e+003
         vertex 2.457098e+002 -2.585000e+002 1.199140e+003
         vertex 2.450000e+002 -2.585000e+002 1.199200e+003
      endloop
   endfacet
   facet normal 0.000000e+000 -1.000000e+000 0.000000e+000
      outer loop
         vertex 2.485764e+002 -2.585000e+002 1.197202e+003
         vertex 2.481528e+002 -2.585000e+002 1.197775e+003
         vertex 2.450000e+002 -2.585000e+002 1.195000e+003
      endloop
   endfacet
   facet normal 0.000000e+000 -1.000000e+000 0.000000e+000
      outer loop
         vertex 2.450000e+002 -2.585000e+002 1.195000e+003
         vertex 2.481528e+002 -2.585000e+002 1.197775e+003
         vertex 2.476385e+002 -2.585000e+002 1.198268e+003
      endloop
   endfacet
   facet normal 0.000000e+000 -1.000000e+000 0.000000e+000
      outer loop
         vertex 2.450000e+002 -2.585000e+002 1.195000e+003
         vertex 2.476385e+002 -2.585000e+002 1.198268e+003
         vertex 2.470483e+002 -2.585000e+002 1.198667e+003
      endloop
   endfacet
   facet normal 0.000000e+000 -1.000000e+000 0.000000e+000
      outer loop
         vertex 2.491962e+002 -2.585000e+002 1.195178e+003
         vertex 2.491057e+002 -2.585000e+002 1.195885e+003
         vertex 2.450000e+002 -2.585000e+002 1.195000e+003
      endloop
   endfacet
   facet normal 0.000000e+000 -1.000000e+000 0.000000e+000
      outer loop
         vertex 2.450000e+002 -2.585000e+002 1.195000e+003
         vertex 2.491057e+002 -2.585000e+002 1.195885e+003
         vertex 2.488971e+002 -2.585000e+002 1.196566e+003
      endloop
   endfacet
   facet normal 0.000000e+000 -1.000000e+000 0.000000e+000
      outer loop
         vertex 2.450000e+002 -2.585000e+002 1.195000e+003
         vertex 2.488971e+002 -2.585000e+002 1.196566e+003
         vertex 2.485764e+002 -2.585000e+002 1.197202e+003
      endloop
   endfacet
   facet normal 0.000000e+000 -1.000000e+000 0.000000e+000
      outer loop
         vertex 2.487503e+002 -2.585000e+002 1.193109e+003
         vertex 2.490159e+002 -2.585000e+002 1.193770e+003
         vertex 2.450000e+002 -2.585000e+002 1.195000e+003
      endloop
   endfacet
   facet normal 0.000000e+000 -1.000000e+000 0.000000e+000
      outer loop
         vertex 2.450000e+002 -2.585000e+002 1.195000e+003
         vertex 2.490159e+002 -2.585000e+002 1.193770e+003
         vertex 2.491660e+002 -2.585000e+002 1.194466e+003
      endloop
   endfacet
   facet normal 0.000000e+000 -1.000000e+000 0.000000e+000
      outer loop
         vertex 2.450000e+002 -2.585000e+002 1.195000e+003
         vertex 2.491660e+002 -2.585000e+002 1.194466e+003
         vertex 2.491962e+002 -2.585000e+002 1.195178e+003
      endloop
   endfacet
   facet normal 0.000000e+000 -1.000000e+000 0.000000e+000
      outer loop
         vertex 2.473519e+002 -2.585000e+002 1.191520e+003
         vertex 2.479061e+002 -2.585000e+002 1.191968e+003
         vertex 2.450000e+002 -2.585000e+002 1.195000e+003
      endloop
   endfacet
   facet normal 0.000000e+000 -1.000000e+000 0.000000e+000
      outer loop
         vertex 2.450000e+002 -2.585000e+002 1.195000e+003
         vertex 2.479061e+002 -2.585000e+002 1.191968e+003
         vertex 2.483768e+002 -2.585000e+002 1.192502e+003
      endloop
   endfacet
   facet normal 0.000000e+000 -1.000000e+000 0.000000e+000
      outer loop
         vertex 2.450000e+002 -2.585000e+002 1.195000e+003
         vertex 2.483768e+002 -2.585000e+002 1.192502e+003
         vertex 2.487503e+002 -2.585000e+002 1.193109e+003
      endloop
   endfacet
   facet normal 0.000000e+000 -1.000000e+000 0.000000e+000
      outer loop
         vertex 2.453562e+002 -2.585000e+002 1.190815e+003
         vertex 2.460583e+002 -2.585000e+002 1.190936e+003
         vertex 2.450000e+002 -2.585000e+002 1.195000e+003
      endloop
   endfacet
   facet normal 0.000000e+000 -1.000000e+000 0.000000e+000
      outer loop
         vertex 2.450000e+002 -2.585000e+002 1.195000e+003
         vertex 2.460583e+002 -2.585000e+002 1.190936e+003
         vertex 2.467300e+002 -2.585000e+002 1.191173e+003
      endloop
   endfacet
   facet normal 0.000000e+000 -1.000000e+000 0.000000e+000
      outer loop
         vertex 2.450000e+002 -2.585000e+002 1.195000e+003
         vertex 2.467300e+002 -2.585000e+002 1.191173e+003
         vertex 2.473519e+002 -2.585000e+002 1.191520e+003
      endloop
   endfacet
   facet normal 0.000000e+000 -1.000000e+000 0.000000e+000
      outer loop
         vertex 2.432700e+002 -2.585000e+002 1.191173e+003
         vertex 2.439417e+002 -2.585000e+002 1.190936e+003
         vertex 2.450000e+002 -2.585000e+002 1.195000e+003
      endloop
   endfacet
   facet normal 0.000000e+000 -1.000000e+000 0.000000e+000
      outer loop
         vertex 2.450000e+002 -2.585000e+002 1.195000e+003
         vertex 2.439417e+002 -2.585000e+002 1.190936e+003
         vertex 2.446438e+002 -2.585000e+002 1.190815e+003
      endloop
   endfacet
   facet normal 0.000000e+000 -1.000000e+000 0.000000e+000
      outer loop
         vertex 2.450000e+002 -2.585000e+002 1.195000e+003
         vertex 2.446438e+002 -2.585000e+002 1.190815e+003
         vertex 2.453562e+002 -2.585000e+002 1.190815e+003
      endloop
   endfacet
   facet normal 0.000000e+000 -1.000000e+000 0.000000e+000
      outer loop
         vertex 2.416232e+002 -2.585000e+002 1.192502e+003
         vertex 2.420939e+002 -2.585000e+002 1.191968e+003
         vertex 2.450000e+002 -2.585000e+002 1.195000e+003
      endloop
   endfacet
   facet normal 0.000000e+000 -1.000000e+000 0.000000e+000
      outer loop
         vertex 2.450000e+002 -2.585000e+002 1.195000e+003
         vertex 2.420939e+002 -2.585000e+002 1.191968e+003
         vertex 2.426481e+002 -2.585000e+002 1.191520e+003
      endloop
   endfacet
   facet normal 0.000000e+000 -1.000000e+000 0.000000e+000
      outer loop
         vertex 2.450000e+002 -2.585000e+002 1.195000e+003
         vertex 2.426481e+002 -2.585000e+002 1.191520e+003
         vertex 2.432700e+002 -2.585000e+002 1.191173e+003
      endloop
   endfacet
   facet normal 0.000000e+000 -1.000000e+000 0.000000e+000
      outer loop
         vertex 2.408340e+002 -2.585000e+002 1.194466e+003
         vertex 2.409841e+002 -2.585000e+002 1.193770e+003
         vertex 2.450000e+002 -2.585000e+002 1.195000e+003
      endloop
   endfacet
   facet normal 0.000000e+000 -1.000000e+000 0.000000e+000
      outer loop
         vertex 2.450000e+002 -2.585000e+002 1.195000e+003
         vertex 2.409841e+002 -2.585000e+002 1.193770e+003
         vertex 2.412497e+002 -2.585000e+002 1.193109e+003
      endloop
   endfacet
   facet normal 0.000000e+000 -1.000000e+000 0.000000e+000
      outer loop
         vertex 2.450000e+002 -2.585000e+002 1.195000e+003
         vertex 2.412497e+002 -2.585000e+002 1.193109e+003
         vertex 2.416232e+002 -2.585000e+002 1.192502e+003
      endloop
   endfacet
   facet normal 0.000000e+000 -1.000000e+000 0.000000e+000
      outer loop
         vertex 2.411029e+002 -2.585000e+002 1.196566e+003
         vertex 2.408943e+002 -2.585000e+002 1.195885e+003
         vertex 2.450000e+002 -2.585000e+002 1.195000e+003
      endloop
   endfacet
   facet normal 0.000000e+000 -1.000000e+000 0.000000e+000
      outer loop
         vertex 2.450000e+002 -2.585000e+002 1.195000e+003
         vertex 2.408943e+002 -2.585000e+002 1.195885e+003
         vertex 2.408038e+002 -2.585000e+002 1.195178e+003
      endloop
   endfacet
   facet normal 0.000000e+000 -1.000000e+000 0.000000e+000
      outer loop
         vertex 2.450000e+002 -2.585000e+002 1.195000e+003
         vertex 2.408038e+002 -2.585000e+002 1.195178e+003
         vertex 2.408340e+002 -2.585000e+002 1.194466e+003
      endloop
   endfacet
   facet normal 0.000000e+000 -1.000000e+000 0.000000e+000
      outer loop
         vertex 2.423615e+002 -2.585000e+002 1.198268e+003
         vertex 2.418472e+002 -2.585000e+002 1.197775e+003
         vertex 2.450000e+002 -2.585000e+002 1.195000e+003
      endloop
   endfacet
   facet normal 0.000000e+000 -1.000000e+000 0.000000e+000
      outer loop
         vertex 2.450000e+002 -2.585000e+002 1.195000e+003
         vertex 2.418472e+002 -2.585000e+002 1.197775e+003
         vertex 2.414236e+002 -2.585000e+002 1.197202e+003
      endloop
   endfacet
   facet normal 0.000000e+000 -1.000000e+000 0.000000e+000
      outer loop
         vertex 2.450000e+002 -2.585000e+002 1.195000e+003
         vertex 2.414236e+002 -2.585000e+002 1.197202e+003
         vertex 2.411029e+002 -2.585000e+002 1.196566e+003
      endloop
   endfacet
   facet normal 0.000000e+000 -1.000000e+000 0.000000e+000
      outer loop
         vertex 2.442902e+002 -2.585000e+002 1.199140e+003
         vertex 2.436008e+002 -2.585000e+002 1.198960e+003
         vertex 2.450000e+002 -2.585000e+002 1.195000e+003
      endloop
   endfacet
   facet normal 0.000000e+000 -1.000000e+000 0.000000e+000
      outer loop
         vertex 2.450000e+002 -2.585000e+002 1.195000e+003
         vertex 2.436008e+002 -2.585000e+002 1.198960e+003
         vertex 2.429517e+002 -2.585000e+002 1.198667e+003
      endloop
   endfacet
   facet normal 0.000000e+000 -1.000000e+000 0.000000e+000
      outer loop
         vertex 2.450000e+002 -2.585000e+002 1.195000e+003
         vertex 2.429517e+002 -2.585000e+002 1.198667e+003
         vertex 2.423615e+002 -2.585000e+002 1.198268e+003
      endloop
   endfacet
   facet normal 0.000000e+000 -1.000000e+000 0.000000e+000
      outer loop
         vertex 2.750000e+002 -2.645000e+002 8.692000e+002
         vertex 2.742902e+002 -2.645000e+002 8.691396e+002
         vertex 2.750000e+002 -2.645000e+002 8.650000e+002
      endloop
   endfacet
   facet normal 0.000000e+000 -1.000000e+000 0.000000e+000
      outer loop
         vertex 2.770483e+002 -2.645000e+002 8.686666e+002
         vertex 2.763992e+002 -2.645000e+002 8.689601e+002
         vertex 2.750000e+002 -2.645000e+002 8.650000e+002
      endloop
   endfacet
   facet normal 0.000000e+000 -1.000000e+000 0.000000e+000
      outer loop
         vertex 2.750000e+002 -2.645000e+002 8.650000e+002
         vertex 2.763992e+002 -2.645000e+002 8.689601e+002
         vertex 2.757098e+002 -2.645000e+002 8.691396e+002
      endloop
   endfacet
   facet normal 0.000000e+000 -1.000000e+000 0.000000e+000
      outer loop
         vertex 2.750000e+002 -2.645000e+002 8.650000e+002
         vertex 2.757098e+002 -2.645000e+002 8.691396e+002
         vertex 2.750000e+002 -2.645000e+002 8.692000e+002
      endloop
   endfacet
   facet normal 0.000000e+000 -1.000000e+000 0.000000e+000
      outer loop
         vertex 2.785764e+002 -2.645000e+002 8.672021e+002
         vertex 2.781528e+002 -2.645000e+002 8.677748e+002
         vertex 2.750000e+002 -2.645000e+002 8.650000e+002
      endloop
   endfacet
   facet normal 0.000000e+000 -1.000000e+000 0.000000e+000
      outer loop
         vertex 2.750000e+002 -2.645000e+002 8.650000e+002
         vertex 2.781528e+002 -2.645000e+002 8.677748e+002
         vertex 2.776385e+002 -2.645000e+002 8.682678e+002
      endloop
   endfacet
   facet normal 0.000000e+000 -1.000000e+000 0.000000e+000
      outer loop
         vertex 2.750000e+002 -2.645000e+002 8.650000e+002
         vertex 2.776385e+002 -2.645000e+002 8.682678e+002
         vertex 2.770483e+002 -2.645000e+002 8.686666e+002
      endloop
   endfacet
   facet normal 0.000000e+000 -1.000000e+000 0.000000e+000
      outer loop
         vertex 2.791962e+002 -2.645000e+002 8.651782e+002
         vertex 2.791057e+002 -2.645000e+002 8.658848e+002
         vertex 2.750000e+002 -2.645000e+002 8.650000e+002
      endloop
   endfacet
   facet normal 0.000000e+000 -1.000000e+000 0.000000e+000
      outer loop
         vertex 2.750000e+002 -2.645000e+002 8.650000e+002
         vertex 2.791057e+002 -2.645000e+002 8.658848e+002
         vertex 2.788971e+002 -2.645000e+002 8.665660e+002
      endloop
   endfacet
   facet normal 0.000000e+000 -1.000000e+000 0.000000e+000
      outer loop
         vertex 2.750000e+002 -2.645000e+002 8.650000e+002
         vertex 2.788971e+002 -2.645000e+002 8.665660e+002
         vertex 2.785764e+002 -2.645000e+002 8.672021e+002
      endloop
   endfacet
   facet normal 0.000000e+000 -1.000000e+000 0.000000e+000
      outer loop
         vertex 2.787503e+002 -2.645000e+002 8.631092e+002
         vertex 2.790159e+002 -2.645000e+002 8.637701e+002
         vertex 2.750000e+002 -2.645000e+002 8.650000e+002
      endloop
   endfacet
   facet normal 0.000000e+000 -1.000000e+000 0.000000e+000
      outer loop
         vertex 2.750000e+002 -2.645000e+002 8.650000e+002
         vertex 2.790159e+002 -2.645000e+002 8.637701e+002
         vertex 2.791660e+002 -2.645000e+002 8.644666e+002
      endloop
   endfacet
   facet normal 0.000000e+000 -1.000000e+000 0.000000e+000
      outer loop
         vertex 2.750000e+002 -2.645000e+002 8.650000e+002
         vertex 2.791660e+002 -2.645000e+002 8.644666e+002
         vertex 2.791962e+002 -2.645000e+002 8.651782e+002
      endloop
   endfacet
   facet normal 0.000000e+000 -1.000000e+000 0.000000e+000
      outer loop
         vertex 2.773519e+002 -2.645000e+002 8.615202e+002
         vertex 2.779062e+002 -2.645000e+002 8.619678e+002
         vertex 2.750000e+002 -2.645000e+002 8.650000e+002
      endloop
   endfacet
   facet normal 0.000000e+000 -1.000000e+000 0.000000e+000
      outer loop
         vertex 2.750000e+002 -2.645000e+002 8.650000e+002
         vertex 2.779062e+002 -2.645000e+002 8.619678e+002
         vertex 2.783768e+002 -2.645000e+002 8.625025e+002
      endloop
   endfacet
   facet normal 0.000000e+000 -1.000000e+000 0.000000e+000
      outer loop
         vertex 2.750000e+002 -2.645000e+002 8.650000e+002
         vertex 2.783768e+002 -2.645000e+002 8.625025e+002
         vertex 2.787503e+002 -2.645000e+002 8.631092e+002
      endloop
   endfacet
   facet normal 0.000000e+000 -1.000000e+000 0.000000e+000
      outer loop
         vertex 2.753562e+002 -2.645000e+002 8.608151e+002
         vertex 2.760583e+002 -2.645000e+002 8.609355e+002
         vertex 2.750000e+002 -2.645000e+002 8.650000e+002
      endloop
   endfacet
   facet normal 0.000000e+000 -1.000000e+000 0.000000e+000
      outer loop
         vertex 2.750000e+002 -2.645000e+002 8.650000e+002
         vertex 2.760583e+002 -2.645000e+002 8.609355e+002
         vertex 2.767300e+002 -2.645000e+002 8.611729e+002
      endloop
   endfacet
   facet normal 0.000000e+000 -1.000000e+000 0.000000e+000
      outer loop
         vertex 2.750000e+002 -2.645000e+002 8.650000e+002
         vertex 2.767300e+002 -2.645000e+002 8.611729e+002
         vertex 2.773519e+002 -2.645000e+002 8.615202e+002
      endloop
   endfacet
   facet normal 0.000000e+000 -1.000000e+000 0.000000e+000
      outer loop
         vertex 2.732700e+002 -2.645000e+002 8.611729e+002
         vertex 2.739417e+002 -2.645000e+002 8.609355e+002
         vertex 2.750000e+002 -2.645000e+002 8.650000e+002
      endloop
   endfacet
   facet normal 0.000000e+000 -1.000000e+000 0.000000e+000
      outer loop
         vertex 2.750000e+002 -2.645000e+002 8.650000e+002
         vertex 2.739417e+002 -2.645000e+002 8.609355e+002
         vertex 2.746438e+002 -2.645000e+002 8.608151e+002
      endloop
   endfacet
   facet normal 0.000000e+000 -1.000000e+000 0.000000e+000
      outer loop
         vertex 2.750000e+002 -2.645000e+002 8.650000e+002
         vertex 2.746438e+002 -2.645000e+002 8.608151e+002
         vertex 2.753562e+002 -2.645000e+002 8.608151e+002
      endloop
   endfacet
   facet normal 0.000000e+000 -1.000000e+000 0.000000e+000
      outer loop
         vertex 2.716232e+002 -2.645000e+002 8.625025e+002
         vertex 2.720939e+002 -2.645000e+002 8.619678e+002
         vertex 2.750000e+002 -2.645000e+002 8.650000e+002
      endloop
   endfacet
   facet normal 0.000000e+000 -1.000000e+000 0.000000e+000
      outer loop
         vertex 2.750000e+002 -2.645000e+002 8.650000e+002
         vertex 2.720939e+002 -2.645000e+002 8.619678e+002
         vertex 2.726481e+002 -2.645000e+002 8.615202e+002
      endloop
   endfacet
   facet normal 0.000000e+000 -1.000000e+000 0.000000e+000
      outer loop
         vertex 2.750000e+002 -2.645000e+002 8.650000e+002
         vertex 2.726481e+002 -2.645000e+002 8.615202e+002
         vertex 2.732700e+002 -2.645000e+002 8.611729e+002
      endloop
   endfacet
   facet normal 0.000000e+000 -1.000000e+000 0.000000e+000
      outer loop
         vertex 2.708340e+002 -2.645000e+002 8.644666e+002
         vertex 2.709841e+002 -2.645000e+002 8.637701e+002
         vertex 2.750000e+002 -2.645000e+002 8.650000e+002
      endloop
   endfacet
   facet normal 0.000000e+000 -1.000000e+000 0.000000e+000
      outer loop
         vertex 2.750000e+002 -2.645000e+002 8.650000e+002
         vertex 2.709841e+002 -2.645000e+002 8.637701e+002
         vertex 2.712497e+002 -2.645000e+002 8.631092e+002
      endloop
   endfacet
   facet normal 0.000000e+000 -1.000000e+000 0.000000e+000
      outer loop
         vertex 2.750000e+002 -2.645000e+002 8.650000e+002
         vertex 2.712497e+002 -2.645000e+002 8.631092e+002
         vertex 2.716232e+002 -2.645000e+002 8.625025e+002
      endloop
   endfacet
   facet normal 0.000000e+000 -1.000000e+000 0.000000e+000
      outer loop
         vertex 2.711029e+002 -2.645000e+002 8.665660e+002
         vertex 2.708943e+002 -2.645000e+002 8.658848e+002
         vertex 2.750000e+002 -2.645000e+002 8.650000e+002
      endloop
   endfacet
   facet normal 0.000000e+000 -1.000000e+000 0.000000e+000
      outer loop
         vertex 2.750000e+002 -2.645000e+002 8.650000e+002
         vertex 2.708943e+002 -2.645000e+002 8.658848e+002
         vertex 2.708038e+002 -2.645000e+002 8.651782e+002
      endloop
   endfacet
   facet normal 0.000000e+000 -1.000000e+000 0.000000e+000
      outer loop
         vertex 2.750000e+002 -2.645000e+002 8.650000e+002
         vertex 2.708038e+002 -2.645000e+002 8.651782e+002
         vertex 2.708340e+002 -2.645000e+002 8.644666e+002
      endloop
   endfacet
   facet normal 0.000000e+000 -1.000000e+000 0.000000e+000
      outer loop
         vertex 2.723615e+002 -2.645000e+002 8.682678e+002
         vertex 2.718472e+002 -2.645000e+002 8.677748e+002
         vertex 2.750000e+002 -2.645000e+002 8.650000e+002
      endloop
   endfacet
   facet normal 0.000000e+000 -1.000000e+000 0.000000e+000
      outer loop
         vertex 2.750000e+002 -2.645000e+002 8.650000e+002
         vertex 2.718472e+002 -2.645000e+002 8.677748e+002
         vertex 2.714236e+002 -2.645000e+002 8.672021e+002
      endloop
   endfacet
   facet normal 0.000000e+000 -1.000000e+000 0.000000e+000
      outer loop
         vertex 2.750000e+002 -2.645000e+002 8.650000e+002
         vertex 2.714236e+002 -2.645000e+002 8.672021e+002
         vertex 2.711029e+002 -2.645000e+002 8.665660e+002
      endloop
   endfacet
   facet normal 0.000000e+000 -1.000000e+000 0.000000e+000
      outer loop
         vertex 2.742902e+002 -2.645000e+002 8.691396e+002
         vertex 2.736008e+002 -2.645000e+002 8.689601e+002
         vertex 2.750000e+002 -2.645000e+002 8.650000e+002
      endloop
   endfacet
   facet normal 0.000000e+000 -1.000000e+000 0.000000e+000
      outer loop
         vertex 2.750000e+002 -2.645000e+002 8.650000e+002
         vertex 2.736008e+002 -2.645000e+002 8.689601e+002
         vertex 2.729517e+002 -2.645000e+002 8.686666e+002
      endloop
   endfacet
   facet normal 0.000000e+000 -1.000000e+000 0.000000e+000
      outer loop
         vertex 2.750000e+002 -2.645000e+002 8.650000e+002
         vertex 2.729517e+002 -2.645000e+002 8.686666e+002
         vertex 2.723615e+002 -2.645000e+002 8.682678e+002
      endloop
   endfacet
   facet normal 0.000000e+000 -1.000000e+000 0.000000e+000
      outer loop
         vertex 2.450000e+002 -2.645000e+002 8.692000e+002
         vertex 2.442902e+002 -2.645000e+002 8.691396e+002
         vertex 2.450000e+002 -2.645000e+002 8.650000e+002
      endloop
   endfacet
   facet normal 0.000000e+000 -1.000000e+000 0.000000e+000
      outer loop
         vertex 2.470483e+002 -2.645000e+002 8.686666e+002
         vertex 2.463992e+002 -2.645000e+002 8.689601e+002
         vertex 2.450000e+002 -2.645000e+002 8.650000e+002
      endloop
   endfacet
   facet normal 0.000000e+000 -1.000000e+000 0.000000e+000
      outer loop
         vertex 2.450000e+002 -2.645000e+002 8.650000e+002
         vertex 2.463992e+002 -2.645000e+002 8.689601e+002
         vertex 2.457098e+002 -2.645000e+002 8.691396e+002
      endloop
   endfacet
   facet normal 0.000000e+000 -1.000000e+000 0.000000e+000
      outer loop
         vertex 2.450000e+002 -2.645000e+002 8.650000e+002
         vertex 2.457098e+002 -2.645000e+002 8.691396e+002
         vertex 2.450000e+002 -2.645000e+002 8.692000e+002
      endloop
   endfacet
   facet normal 0.000000e+000 -1.000000e+000 0.000000e+000
      outer loop
         vertex 2.485764e+002 -2.645000e+002 8.672021e+002
         vertex 2.481528e+002 -2.645000e+002 8.677748e+002
         vertex 2.450000e+002 -2.645000e+002 8.650000e+002
      endloop
   endfacet
   facet normal 0.000000e+000 -1.000000e+000 0.000000e+000
      outer loop
         vertex 2.450000e+002 -2.645000e+002 8.650000e+002
         vertex 2.481528e+002 -2.645000e+002 8.677748e+002
         vertex 2.476385e+002 -2.645000e+002 8.682678e+002
      endloop
   endfacet
   facet normal 0.000000e+000 -1.000000e+000 0.000000e+000
      outer loop
         vertex 2.450000e+002 -2.645000e+002 8.650000e+002
         vertex 2.476385e+002 -2.645000e+002 8.682678e+002
         vertex 2.470483e+002 -2.645000e+002 8.686666e+002
      endloop
   endfacet
   facet normal 0.000000e+000 -1.000000e+000 0.000000e+000
      outer loop
         vertex 2.491962e+002 -2.645000e+002 8.651782e+002
         vertex 2.491057e+002 -2.645000e+002 8.658848e+002
         vertex 2.450000e+002 -2.645000e+002 8.650000e+002
      endloop
   endfacet
   facet normal 0.000000e+000 -1.000000e+000 0.000000e+000
      outer loop
         vertex 2.450000e+002 -2.645000e+002 8.650000e+002
         vertex 2.491057e+002 -2.645000e+002 8.658848e+002
         vertex 2.488971e+002 -2.645000e+002 8.665660e+002
      endloop
   endfacet
   facet normal 0.000000e+000 -1.000000e+000 0.000000e+000
      outer loop
         vertex 2.450000e+002 -2.645000e+002 8.650000e+002
         vertex 2.488971e+002 -2.645000e+002 8.665660e+002
         vertex 2.485764e+002 -2.645000e+002 8.672021e+002
      endloop
   endfacet
   facet normal 0.000000e+000 -1.000000e+000 0.000000e+000
      outer loop
         vertex 2.487503e+002 -2.645000e+002 8.631092e+002
         vertex 2.490159e+002 -2.645000e+002 8.637701e+002
         vertex 2.450000e+002 -2.645000e+002 8.650000e+002
      endloop
   endfacet
   facet normal 0.000000e+000 -1.000000e+000 0.000000e+000
      outer loop
         vertex 2.450000e+002 -2.645000e+002 8.650000e+002
         vertex 2.490159e+002 -2.645000e+002 8.637701e+002
         vertex 2.491660e+002 -2.645000e+002 8.644666e+002
      endloop
   endfacet
   facet normal 0.000000e+000 -1.000000e+000 0.000000e+000
      outer loop
         vertex 2.450000e+002 -2.645000e+002 8.650000e+002
         vertex 2.491660e+002 -2.645000e+002 8.644666e+002
         vertex 2.491962e+002 -2.645000e+002 8.651782e+002
      endloop
   endfacet
   facet normal 0.000000e+000 -1.000000e+000 0.000000e+000
      outer loop
         vertex 2.473519e+002 -2.645000e+002 8.615202e+002
         vertex 2.479061e+002 -2.645000e+002 8.619678e+002
         vertex 2.450000e+002 -2.645000e+002 8.650000e+002
      endloop
   endfacet
   facet normal 0.000000e+000 -1.000000e+000 0.000000e+000
      outer loop
         vertex 2.450000e+002 -2.645000e+002 8.650000e+002
         vertex 2.479061e+002 -2.645000e+002 8.619678e+002
         vertex 2.483768e+002 -2.645000e+002 8.625025e+002
      endloop
   endfacet
   facet normal 0.000000e+000 -1.000000e+000 0.000000e+000
      outer loop
         vertex 2.450000e+002 -2.645000e+002 8.650000e+002
         vertex 2.483768e+002 -2.645000e+002 8.625025e+002
         vertex 2.487503e+002 -2.645000e+002 8.631092e+002
      endloop
   endfacet
   facet normal 0.000000e+000 -1.000000e+000 0.000000e+000
      outer loop
         vertex 2.453562e+002 -2.645000e+002 8.608151e+002
         vertex 2.460583e+002 -2.645000e+002 8.609355e+002
         vertex 2.450000e+002 -2.645000e+002 8.650000e+002
      endloop
   endfacet
   facet normal 0.000000e+000 -1.000000e+000 0.000000e+000
      outer loop
         vertex 2.450000e+002 -2.645000e+002 8.650000e+002
         vertex 2.460583e+002 -2.645000e+002 8.609355e+002
         vertex 2.467300e+002 -2.645000e+002 8.611729e+002
      endloop
   endfacet
   facet normal 0.000000e+000 -1.000000e+000 0.000000e+000
      outer loop
         vertex 2.450000e+002 -2.645000e+002 8.650000e+002
         vertex 2.467300e+002 -2.645000e+002 8.611729e+002
         vertex 2.473519e+002 -2.645000e+002 8.615202e+002
      endloop
   endfacet
   facet normal 0.000000e+000 -1.000000e+000 0.000000e+000
      outer loop
         vertex 2.432700e+002 -2.645000e+002 8.611729e+002
         vertex 2.439417e+002 -2.645000e+002 8.609355e+002
         vertex 2.450000e+002 -2.645000e+002 8.650000e+002
      endloop
   endfacet
   facet normal 0.000000e+000 -1.000000e+000 0.000000e+000
      outer loop
         vertex 2.450000e+002 -2.645000e+002 8.650000e+002
         vertex 2.439417e+002 -2.645000e+002 8.609355e+002
         vertex 2.446438e+002 -2.645000e+002 8.608151e+002
      endloop
   endfacet
   facet normal 0.000000e+000 -1.000000e+000 0.000000e+000
      outer loop
         vertex 2.450000e+002 -2.645000e+002 8.650000e+002
         vertex 2.446438e+002 -2.645000e+002 8.608151e+002
         vertex 2.453562e+002 -2.645000e+002 8.608151e+002
      endloop
   endfacet
   facet normal 0.000000e+000 -1.000000e+000 0.000000e+000
      outer loop
         vertex 2.416232e+002 -2.645000e+002 8.625025e+002
         vertex 2.420939e+002 -2.645000e+002 8.619678e+002
         vertex 2.450000e+002 -2.645000e+002 8.650000e+002
      endloop
   endfacet
   facet normal 0.000000e+000 -1.000000e+000 0.000000e+000
      outer loop
         vertex 2.450000e+002 -2.645000e+002 8.650000e+002
         vertex 2.420939e+002 -2.645000e+002 8.619678e+002
         vertex 2.426481e+002 -2.645000e+002 8.615202e+002
      endloop
   endfacet
   facet normal 0.000000e+000 -1.000000e+000 0.000000e+000
      outer loop
         vertex 2.450000e+002 -2.645000e+002 8.650000e+002
         vertex 2.426481e+002 -2.645000e+002 8.615202e+002
         vertex 2.432700e+002 -2.645000e+002 8.611729e+002
      endloop
   endfacet
   facet normal 0.000000e+000 -1.000000e+000 0.000000e+000
      outer loop
         vertex 2.408340e+002 -2.645000e+002 8.644666e+002
         vertex 2.409841e+002 -2.645000e+002 8.637701e+002
         vertex 2.450000e+002 -2.645000e+002 8.650000e+002
      endloop
   endfacet
   facet normal 0.000000e+000 -1.000000e+000 0.000000e+000
      outer loop
         vertex 2.450000e+002 -2.645000e+002 8.650000e+002
         vertex 2.409841e+002 -2.645000e+002 8.637701e+002
         vertex 2.412497e+002 -2.645000e+002 8.631092e+002
      endloop
   endfacet
   facet normal 0.000000e+000 -1.000000e+000 0.000000e+000
      outer loop
         vertex 2.450000e+002 -2.645000e+002 8.650000e+002
         vertex 2.412497e+002 -2.645000e+002 8.631092e+002
         vertex 2.416232e+002 -2.645000e+002 8.625025e+002
      endloop
   endfacet
   facet normal 0.000000e+000 -1.000000e+000 0.000000e+000
      outer loop
         vertex 2.411029e+002 -2.645000e+002 8.665660e+002
         vertex 2.408943e+002 -2.645000e+002 8.658848e+002
         vertex 2.450000e+002 -2.645000e+002 8.650000e+002
      endloop
   endfacet
   facet normal 0.000000e+000 -1.000000e+000 0.000000e+000
      outer loop
         vertex 2.450000e+002 -2.645000e+002 8.650000e+002
         vertex 2.408943e+002 -2.645000e+002 8.658848e+002
         vertex 2.408038e+002 -2.645000e+002 8.651782e+002
      endloop
   endfacet
   facet normal 0.000000e+000 -1.000000e+000 0.000000e+000
      outer loop
         vertex 2.450000e+002 -2.645000e+002 8.650000e+002
         vertex 2.408038e+002 -2.645000e+002 8.651782e+002
         vertex 2.408340e+002 -2.645000e+002 8.644666e+002
      endloop
   endfacet
   facet normal 0.000000e+000 -1.000000e+000 0.000000e+000
      outer loop
         vertex 2.423615e+002 -2.645000e+002 8.682678e+002
         vertex 2.418472e+002 -2.645000e+002 8.677748e+002
         vertex 2.450000e+002 -2.645000e+002 8.650000e+002
      endloop
   endfacet
   facet normal 0.000000e+000 -1.000000e+000 0.000000e+000
      outer loop
         vertex 2.450000e+002 -2.645000e+002 8.650000e+002
         vertex 2.418472e+002 -2.645000e+002 8.677748e+002
         vertex 2.414236e+002 -2.645000e+002 8.672021e+002
      endloop
   endfacet
   facet normal 0.000000e+000 -1.000000e+000 0.000000e+000
      outer loop
         vertex 2.450000e+002 -2.645000e+002 8.650000e+002
         vertex 2.414236e+002 -2.645000e+002 8.672021e+002
         vertex 2.411029e+002 -2.645000e+002 8.665660e+002
      endloop
   endfacet
   facet normal 0.000000e+000 -1.000000e+000 0.000000e+000
      outer loop
         vertex 2.442902e+002 -2.645000e+002 8.691396e+002
         vertex 2.436008e+002 -2.645000e+002 8.689601e+002
         vertex 2.450000e+002 -2.645000e+002 8.650000e+002
      endloop
   endfacet
   facet normal 0.000000e+000 -1.000000e+000 0.000000e+000
      outer loop
         vertex 2.450000e+002 -2.645000e+002 8.650000e+002
         vertex 2.436008e+002 -2.645000e+002 8.689601e+002
         vertex 2.429517e+002 -2.645000e+002 8.686666e+002
      endloop
   endfacet
   facet normal 0.000000e+000 -1.000000e+000 0.000000e+000
      outer loop
         vertex 2.450000e+002 -2.645000e+002 8.650000e+002
         vertex 2.429517e+002 -2.645000e+002 8.686666e+002
         vertex 2.423615e+002 -2.645000e+002 8.682678e+002
      endloop
   endfacet
   facet normal 1.000000e+000 0.000000e+000 0.000000e+000
      outer loop
         vertex 1.934799e+002 -1.422000e+002 7.058209e+002
         vertex 1.934799e+002 -1.425000e+002 7.058209e+002
         vertex 1.934799e+002 -1.422000e+002 6.441791e+002
      endloop
   endfacet
   facet normal 1.000000e+000 0.000000e+000 0.000000e+000
      outer loop
         vertex 1.934799e+002 -1.422000e+002 6.441791e+002
         vertex 1.934799e+002 -1.425000e+002 7.058209e+002
         vertex 1.934799e+002 -1.425000e+002 6.441791e+002
      endloop
   endfacet
   facet normal 9.151718e-001 0.000000e+000 -4.030639e-001
      outer loop
         vertex 1.934799e+002 -1.425000e+002 7.058209e+002
         vertex 1.934799e+002 -1.422000e+002 7.058209e+002
         vertex 1.987592e+002 -1.425000e+002 7.169243e+002
      endloop
   endfacet
   facet normal 8.903036e-001 0.000000e+000 -4.553674e-001
      outer loop
         vertex 1.987592e+002 -1.425000e+002 7.169243e+002
         vertex 1.934799e+002 -1.422000e+002 7.058209e+002
         vertex 1.987592e+002 -1.422000e+002 7.169243e+002
      endloop
   endfacet
   facet normal 8.319170e-001 0.000000e+000 -5.549000e-001
      outer loop
         vertex 1.987592e+002 -1.425000e+002 7.169243e+002
         vertex 1.987592e+002 -1.422000e+002 7.169243e+002
         vertex 2.058747e+002 -1.425000e+002 7.269506e+002
      endloop
   endfacet
   facet normal 7.983987e-001 0.000000e+000 -6.021292e-001
      outer loop
         vertex 2.058747e+002 -1.425000e+002 7.269506e+002
         vertex 1.987592e+002 -1.422000e+002 7.169243e+002
         vertex 2.058747e+002 -1.422000e+002 7.269506e+002
      endloop
   endfacet
   facet normal 7.237168e-001 0.000000e+000 -6.900971e-001
      outer loop
         vertex 2.058747e+002 -1.425000e+002 7.269506e+002
         vertex 2.058747e+002 -1.422000e+002 7.269506e+002
         vertex 2.146133e+002 -1.425000e+002 7.355990e+002
      endloop
   endfacet
   facet normal 6.825533e-001 0.000000e+000 -7.308358e-001
      outer loop
         vertex 2.146133e+002 -1.425000e+002 7.355990e+002
         vertex 2.058747e+002 -1.422000e+002 7.269506e+002
         vertex 2.146133e+002 -1.422000e+002 7.355990e+002
      endloop
   endfacet
   facet normal 5.938155e-001 0.000000e+000 -8.046013e-001
      outer loop
         vertex 2.146133e+002 -1.425000e+002 7.355990e+002
         vertex 2.146133e+002 -1.422000e+002 7.355990e+002
         vertex 2.247128e+002 -1.425000e+002 7.426102e+002
      endloop
   endfacet
   facet normal 5.462412e-001 0.000000e+000 -8.376279e-001
      outer loop
         vertex 2.247128e+002 -1.425000e+002 7.426102e+002
         vertex 2.146133e+002 -1.422000e+002 7.355990e+002
         vertex 2.247128e+002 -1.422000e+002 7.426102e+002
      endloop
   endfacet
   facet normal 4.461083e-001 0.000000e+000 -8.949789e-001
      outer loop
         vertex 2.247128e+002 -1.425000e+002 7.426102e+002
         vertex 2.247128e+002 -1.422000e+002 7.426102e+002
         vertex 2.358704e+002 -1.425000e+002 7.477739e+002
      endloop
   endfacet
   facet normal 3.935497e-001 0.000000e+000 -9.193033e-001
      outer loop
         vertex 2.358704e+002 -1.425000e+002 7.477739e+002
         vertex 2.247128e+002 -1.422000e+002 7.426102e+002
         vertex 2.358704e+002 -1.422000e+002 7.477739e+002
      endloop
   endfacet
   facet normal 2.850244e-001 0.000000e+000 -9.585203e-001
      outer loop
         vertex 2.358704e+002 -1.425000e+002 7.477739e+002
         vertex 2.358704e+002 -1.422000e+002 7.477739e+002
         vertex 2.477516e+002 -1.425000e+002 7.509355e+002
      endloop
   endfacet
   facet normal 2.290576e-001 0.000000e+000 -9.734128e-001
      outer loop
         vertex 2.477516e+002 -1.425000e+002 7.509355e+002
         vertex 2.358704e+002 -1.422000e+002 7.477739e+002
         vertex 2.477516e+002 -1.422000e+002 7.509355e+002
      endloop
   endfacet
   facet normal 1.153938e-001 0.000000e+000 -9.933198e-001
      outer loop
         vertex 2.477516e+002 -1.425000e+002 7.509355e+002
         vertex 2.477516e+002 -1.422000e+002 7.509355e+002
         vertex 2.600000e+002 -1.425000e+002 7.520000e+002
      endloop
   endfacet
   facet normal 5.769690e-002 0.000000e+000 -9.983342e-001
      outer loop
         vertex 2.600000e+002 -1.425000e+002 7.520000e+002
         vertex 2.477516e+002 -1.422000e+002 7.509355e+002
         vertex 2.600000e+002 -1.422000e+002 7.520000e+002
      endloop
   endfacet
   facet normal -5.769690e-002 0.000000e+000 -9.983342e-001
      outer loop
         vertex 2.600000e+002 -1.425000e+002 7.520000e+002
         vertex 2.600000e+002 -1.422000e+002 7.520000e+002
         vertex 2.722484e+002 -1.425000e+002 7.509355e+002
      endloop
   endfacet
   facet normal -1.153938e-001 0.000000e+000 -9.933198e-001
      outer loop
         vertex 2.722484e+002 -1.425000e+002 7.509355e+002
         vertex 2.600000e+002 -1.422000e+002 7.520000e+002
         vertex 2.722484e+002 -1.422000e+002 7.509355e+002
      endloop
   endfacet
   facet normal -2.290576e-001 0.000000e+000 -9.734128e-001
      outer loop
         vertex 2.722484e+002 -1.425000e+002 7.509355e+002
         vertex 2.722484e+002 -1.422000e+002 7.509355e+002
         vertex 2.841296e+002 -1.425000e+002 7.477739e+002
      endloop
   endfacet
   facet normal -2.850244e-001 0.000000e+000 -9.585203e-001
      outer loop
         vertex 2.841296e+002 -1.425000e+002 7.477739e+002
         vertex 2.722484e+002 -1.422000e+002 7.509355e+002
         vertex 2.841296e+002 -1.422000e+002 7.477739e+002
      endloop
   endfacet
   facet normal -3.935498e-001 0.000000e+000 -9.193033e-001
      outer loop
         vertex 2.841296e+002 -1.425000e+002 7.477739e+002
         vertex 2.841296e+002 -1.422000e+002 7.477739e+002
         vertex 2.952872e+002 -1.425000e+002 7.426102e+002
      endloop
   endfacet
   facet normal -4.461083e-001 0.000000e+000 -8.949789e-001
      outer loop
         vertex 2.952872e+002 -1.425000e+002 7.426102e+002
         vertex 2.841296e+002 -1.422000e+002 7.477739e+002
         vertex 2.952872e+002 -1.422000e+002 7.426102e+002
      endloop
   endfacet
   facet normal -5.462412e-001 0.000000e+000 -8.376279e-001
      outer loop
         vertex 2.952872e+002 -1.425000e+002 7.426102e+002
         vertex 2.952872e+002 -1.422000e+002 7.426102e+002
         vertex 3.053867e+002 -1.425000e+002 7.355990e+002
      endloop
   endfacet
   facet normal -5.938155e-001 0.000000e+000 -8.046013e-001
      outer loop
         vertex 3.053867e+002 -1.425000e+002 7.355990e+002
         vertex 2.952872e+002 -1.422000e+002 7.426102e+002
         vertex 3.053867e+002 -1.422000e+002 7.355990e+002
      endloop
   endfacet
   facet normal -6.825533e-001 0.000000e+000 -7.308358e-001
      outer loop
         vertex 3.053867e+002 -1.425000e+002 7.355990e+002
         vertex 3.053867e+002 -1.422000e+002 7.355990e+002
         vertex 3.141253e+002 -1.425000e+002 7.269506e+002
      endloop
   endfacet
   facet normal -7.237168e-001 0.000000e+000 -6.900971e-001
      outer loop
         vertex 3.141253e+002 -1.425000e+002 7.269506e+002
         vertex 3.053867e+002 -1.422000e+002 7.355990e+002
         vertex 3.141253e+002 -1.422000e+002 7.269506e+002
      endloop
   endfacet
   facet normal -7.983987e-001 0.000000e+000 -6.021292e-001
      outer loop
         vertex 3.141253e+002 -1.425000e+002 7.269506e+002
         vertex 3.141253e+002 -1.422000e+002 7.269506e+002
         vertex 3.212408e+002 -1.425000e+002 7.169243e+002
      endloop
   endfacet
   facet normal -8.319170e-001 0.000000e+000 -5.548999e-001
      outer loop
         vertex 3.212408e+002 -1.425000e+002 7.169243e+002
         vertex 3.141253e+002 -1.422000e+002 7.269506e+002
         vertex 3.212408e+002 -1.422000e+002 7.169243e+002
      endloop
   endfacet
   facet normal -8.903036e-001 0.000000e+000 -4.553674e-001
      outer loop
         vertex 3.212408e+002 -1.425000e+002 7.169243e+002
         vertex 3.212408e+002 -1.422000e+002 7.169243e+002
         vertex 3.265201e+002 -1.425000e+002 7.058209e+002
      endloop
   endfacet
   facet normal -9.151718e-001 0.000000e+000 -4.030639e-001
      outer loop
         vertex 3.265201e+002 -1.425000e+002 7.058209e+002
         vertex 3.212408e+002 -1.422000e+002 7.169243e+002
         vertex 3.265201e+002 -1.422000e+002 7.058209e+002
      endloop
   endfacet
   facet normal -1.000000e+000 0.000000e+000 0.000000e+000
      outer loop
         vertex 3.265201e+002 -1.422000e+002 6.441791e+002
         vertex 3.265201e+002 -1.425000e+002 6.441791e+002
         vertex 3.265201e+002 -1.422000e+002 7.058209e+002
      endloop
   endfacet
   facet normal -1.000000e+000 0.000000e+000 0.000000e+000
      outer loop
         vertex 3.265201e+002 -1.422000e+002 7.058209e+002
         vertex 3.265201e+002 -1.425000e+002 6.441791e+002
         vertex 3.265201e+002 -1.425000e+002 7.058209e+002
      endloop
   endfacet
   facet normal -9.151718e-001 0.000000e+000 4.030639e-001
      outer loop
         vertex 3.265201e+002 -1.425000e+002 6.441791e+002
         vertex 3.265201e+002 -1.422000e+002 6.441791e+002
         vertex 3.212408e+002 -1.425000e+002 6.330757e+002
      endloop
   endfacet
   facet normal -8.903036e-001 0.000000e+000 4.553674e-001
      outer loop
         vertex 3.212408e+002 -1.425000e+002 6.330757e+002
         vertex 3.265201e+002 -1.422000e+002 6.441791e+002
         vertex 3.212408e+002 -1.422000e+002 6.330757e+002
      endloop
   endfacet
   facet normal -8.319170e-001 0.000000e+000 5.549000e-001
      outer loop
         vertex 3.212408e+002 -1.425000e+002 6.330757e+002
         vertex 3.212408e+002 -1.422000e+002 6.330757e+002
         vertex 3.141253e+002 -1.425000e+002 6.230494e+002
      endloop
   endfacet
   facet normal -7.983987e-001 0.000000e+000 6.021292e-001
      outer loop
         vertex 3.141253e+002 -1.425000e+002 6.230494e+002
         vertex 3.212408e+002 -1.422000e+002 6.330757e+002
         vertex 3.141253e+002 -1.422000e+002 6.230494e+002
      endloop
   endfacet
   facet normal -7.237168e-001 0.000000e+000 6.900971e-001
      outer loop
         vertex 3.141253e+002 -1.425000e+002 6.230494e+002
         vertex 3.141253e+002 -1.422000e+002 6.230494e+002
         vertex 3.053867e+002 -1.425000e+002 6.144011e+002
      endloop
   endfacet
   facet normal -6.825533e-001 0.000000e+000 7.308358e-001
      outer loop
         vertex 3.053867e+002 -1.425000e+002 6.144011e+002
         vertex 3.141253e+002 -1.422000e+002 6.230494e+002
         vertex 3.053867e+002 -1.422000e+002 6.144011e+002
      endloop
   endfacet
   facet normal -5.938155e-001 0.000000e+000 8.046013e-001
      outer loop
         vertex 3.053867e+002 -1.425000e+002 6.144011e+002
         vertex 3.053867e+002 -1.422000e+002 6.144011e+002
         vertex 2.952872e+002 -1.425000e+002 6.073898e+002
      endloop
   endfacet
   facet normal -5.462412e-001 0.000000e+000 8.376279e-001
      outer loop
         vertex 2.952872e+002 -1.425000e+002 6.073898e+002
         vertex 3.053867e+002 -1.422000e+002 6.144011e+002
         vertex 2.952872e+002 -1.422000e+002 6.073898e+002
      endloop
   endfacet
   facet normal -4.461083e-001 0.000000e+000 8.949789e-001
      outer loop
         vertex 2.952872e+002 -1.425000e+002 6.073898e+002
         vertex 2.952872e+002 -1.422000e+002 6.073898e+002
         vertex 2.841296e+002 -1.425000e+002 6.022260e+002
      endloop
   endfacet
   facet normal -3.935497e-001 0.000000e+000 9.193033e-001
      outer loop
         vertex 2.841296e+002 -1.425000e+002 6.022260e+002
         vertex 2.952872e+002 -1.422000e+002 6.073898e+002
         vertex 2.841296e+002 -1.422000e+002 6.022260e+002
      endloop
   endfacet
   facet normal -2.850244e-001 0.000000e+000 9.585203e-001
      outer loop
         vertex 2.841296e+002 -1.425000e+002 6.022260e+002
         vertex 2.841296e+002 -1.422000e+002 6.022260e+002
         vertex 2.722484e+002 -1.425000e+002 5.990645e+002
      endloop
   endfacet
   facet normal -2.290576e-001 0.000000e+000 9.734128e-001
      outer loop
         vertex 2.722484e+002 -1.425000e+002 5.990645e+002
         vertex 2.841296e+002 -1.422000e+002 6.022260e+002
         vertex 2.722484e+002 -1.422000e+002 5.990645e+002
      endloop
   endfacet
   facet normal -1.153938e-001 0.000000e+000 9.933198e-001
      outer loop
         vertex 2.722484e+002 -1.425000e+002 5.990645e+002
         vertex 2.722484e+002 -1.422000e+002 5.990645e+002
         vertex 2.600000e+002 -1.425000e+002 5.980000e+002
      endloop
   endfacet
   facet normal -5.769690e-002 0.000000e+000 9.983342e-001
      outer loop
         vertex 2.600000e+002 -1.425000e+002 5.980000e+002
         vertex 2.722484e+002 -1.422000e+002 5.990645e+002
         vertex 2.600000e+002 -1.422000e+002 5.980000e+002
      endloop
   endfacet
   facet normal 5.769690e-002 0.000000e+000 9.983342e-001
      outer loop
         vertex 2.600000e+002 -1.425000e+002 5.980000e+002
         vertex 2.600000e+002 -1.422000e+002 5.980000e+002
         vertex 2.477516e+002 -1.425000e+002 5.990645e+002
      endloop
   endfacet
   facet normal 1.153938e-001 0.000000e+000 9.933198e-001
      outer loop
         vertex 2.477516e+002 -1.425000e+002 5.990645e+002
         vertex 2.600000e+002 -1.422000e+002 5.980000e+002
         vertex 2.477516e+002 -1.422000e+002 5.990645e+002
      endloop
   endfacet
   facet normal 2.290576e-001 0.000000e+000 9.734128e-001
      outer loop
         vertex 2.477516e+002 -1.425000e+002 5.990645e+002
         vertex 2.477516e+002 -1.422000e+002 5.990645e+002
         vertex 2.358704e+002 -1.425000e+002 6.022260e+002
      endloop
   endfacet
   facet normal 2.850244e-001 0.000000e+000 9.585203e-001
      outer loop
         vertex 2.358704e+002 -1.425000e+002 6.022260e+002
         vertex 2.477516e+002 -1.422000e+002 5.990645e+002
         vertex 2.358704e+002 -1.422000e+002 6.022260e+002
      endloop
   endfacet
   facet normal 3.935498e-001 0.000000e+000 9.193033e-001
      outer loop
         vertex 2.358704e+002 -1.425000e+002 6.022260e+002
         vertex 2.358704e+002 -1.422000e+002 6.022260e+002
         vertex 2.247128e+002 -1.425000e+002 6.073898e+002
      endloop
   endfacet
   facet normal 4.461083e-001 0.000000e+000 8.949789e-001
      outer loop
         vertex 2.247128e+002 -1.425000e+002 6.073898e+002
         vertex 2.358704e+002 -1.422000e+002 6.022260e+002
         vertex 2.247128e+002 -1.422000e+002 6.073898e+002
      endloop
   endfacet
   facet normal 5.462412e-001 0.000000e+000 8.376279e-001
      outer loop
         vertex 2.247128e+002 -1.425000e+002 6.073898e+002
         vertex 2.247128e+002 -1.422000e+002 6.073898e+002
         vertex 2.146133e+002 -1.425000e+002 6.144011e+002
      endloop
   endfacet
   facet normal 5.938155e-001 0.000000e+000 8.046013e-001
      outer loop
         vertex 2.146133e+002 -1.425000e+002 6.144011e+002
         vertex 2.247128e+002 -1.422000e+002 6.073898e+002
         vertex 2.146133e+002 -1.422000e+002 6.144011e+002
      endloop
   endfacet
   facet normal 6.825533e-001 0.000000e+000 7.308358e-001
      outer loop
         vertex 2.146133e+002 -1.425000e+002 6.144011e+002
         vertex 2.146133e+002 -1.422000e+002 6.144011e+002
         vertex 2.058747e+002 -1.425000e+002 6.230494e+002
      endloop
   endfacet
   facet normal 7.237168e-001 0.000000e+000 6.900971e-001
      outer loop
         vertex 2.058747e+002 -1.425000e+002 6.230494e+002
         vertex 2.146133e+002 -1.422000e+002 6.144011e+002
         vertex 2.058747e+002 -1.422000e+002 6.230494e+002
      endloop
   endfacet
   facet normal 7.983987e-001 0.000000e+000 6.021292e-001
      outer loop
         vertex 2.058747e+002 -1.425000e+002 6.230494e+002
         vertex 2.058747e+002 -1.422000e+002 6.230494e+002
         vertex 1.987592e+002 -1.425000e+002 6.330757e+002
      endloop
   endfacet
   facet normal 8.319170e-001 0.000000e+000 5.548999e-001
      outer loop
         vertex 1.987592e+002 -1.425000e+002 6.330757e+002
         vertex 2.058747e+002 -1.422000e+002 6.230494e+002
         vertex 1.987592e+002 -1.422000e+002 6.330757e+002
      endloop
   endfacet
   facet normal 8.903036e-001 0.000000e+000 4.553674e-001
      outer loop
         vertex 1.987592e+002 -1.425000e+002 6.330757e+002
         vertex 1.987592e+002 -1.422000e+002 6.330757e+002
         vertex 1.934799e+002 -1.425000e+002 6.441791e+002
      endloop
   endfacet
   facet normal 9.151718e-001 0.000000e+000 4.030639e-001
      outer loop
         vertex 1.934799e+002 -1.425000e+002 6.441791e+002
         vertex 1.987592e+002 -1.422000e+002 6.330757e+002
         vertex 1.934799e+002 -1.422000e+002 6.441791e+002
      endloop
   endfacet
   facet normal 7.049612e-001 -7.081808e-001 3.885425e-002
      outer loop
         vertex 2.694975e+002 -1.634976e+002 1.437000e+003
         vertex 2.706975e+002 -1.622977e+002 1.437000e+003
         vertex 2.705516e+002 -1.622977e+002 1.438761e+003
      endloop
   endfacet
   facet normal 7.017416e-001 -7.081808e-001 7.770849e-002
      outer loop
         vertex 2.694975e+002 -1.634976e+002 1.437000e+003
         vertex 2.705516e+002 -1.622977e+002 1.438761e+003
         vertex 2.693680e+002 -1.634976e+002 1.438563e+003
      endloop
   endfacet
   facet normal 6.889513e-001 -7.081808e-001 1.543571e-001
      outer loop
         vertex 2.693680e+002 -1.634976e+002 1.438563e+003
         vertex 2.705516e+002 -1.622977e+002 1.438761e+003
         vertex 2.701179e+002 -1.622977e+002 1.440473e+003
      endloop
   endfacet
   facet normal 6.793804e-001 -7.081807e-001 1.921515e-001
      outer loop
         vertex 2.693680e+002 -1.634976e+002 1.438563e+003
         vertex 2.701179e+002 -1.622977e+002 1.440473e+003
         vertex 2.689829e+002 -1.634976e+002 1.440084e+003
      endloop
   endfacet
   facet normal 6.541485e-001 -7.081808e-001 2.656495e-001
      outer loop
         vertex 2.689829e+002 -1.634976e+002 1.440084e+003
         vertex 2.701179e+002 -1.622977e+002 1.440473e+003
         vertex 2.694082e+002 -1.622977e+002 1.442091e+003
      endloop
   endfacet
   facet normal 6.384875e-001 -7.081808e-001 3.013532e-001
      outer loop
         vertex 2.689829e+002 -1.634976e+002 1.440084e+003
         vertex 2.694082e+002 -1.622977e+002 1.442091e+003
         vertex 2.683528e+002 -1.634976e+002 1.441520e+003
      endloop
   endfacet
   facet normal 6.015023e-001 -7.081808e-001 3.696958e-001
      outer loop
         vertex 2.683528e+002 -1.634976e+002 1.441520e+003
         vertex 2.694082e+002 -1.622977e+002 1.442091e+003
         vertex 2.684418e+002 -1.622977e+002 1.443570e+003
      endloop
   endfacet
   facet normal 5.801782e-001 -7.081808e-001 4.023347e-001
      outer loop
         vertex 2.683528e+002 -1.634976e+002 1.441520e+003
         vertex 2.684418e+002 -1.622977e+002 1.443570e+003
         vertex 2.674948e+002 -1.634976e+002 1.442833e+003
      endloop
   endfacet
   facet normal 5.324487e-001 -7.081808e-001 4.636576e-001
      outer loop
         vertex 2.674948e+002 -1.634976e+002 1.442833e+003
         vertex 2.684418e+002 -1.622977e+002 1.443570e+003
         vertex 2.672452e+002 -1.622977e+002 1.444870e+003
      endloop
   endfacet
   facet normal 5.060433e-001 -7.081808e-001 4.923415e-001
      outer loop
         vertex 2.674948e+002 -1.634976e+002 1.442833e+003
         vertex 2.672452e+002 -1.622977e+002 1.444870e+003
         vertex 2.664325e+002 -1.634976e+002 1.443988e+003
      endloop
   endfacet
   facet normal 4.488713e-001 -7.081808e-001 5.449721e-001
      outer loop
         vertex 2.664325e+002 -1.634976e+002 1.443988e+003
         vertex 2.672452e+002 -1.622977e+002 1.444870e+003
         vertex 2.658510e+002 -1.622977e+002 1.445956e+003
      endloop
   endfacet
   facet normal 4.181047e-001 -7.081808e-001 5.689187e-001
      outer loop
         vertex 2.664325e+002 -1.634976e+002 1.443988e+003
         vertex 2.658510e+002 -1.622977e+002 1.445956e+003
         vertex 2.651946e+002 -1.634976e+002 1.444951e+003
      endloop
   endfacet
   facet normal 3.530498e-001 -7.081808e-001 6.114212e-001
      outer loop
         vertex 2.651946e+002 -1.634976e+002 1.444951e+003
         vertex 2.658510e+002 -1.622977e+002 1.445956e+003
         vertex 2.642971e+002 -1.622977e+002 1.446797e+003
      endloop
   endfacet
   facet normal 3.187614e-001 -7.081808e-001 6.299771e-001
      outer loop
         vertex 2.651946e+002 -1.634976e+002 1.444951e+003
         vertex 2.642971e+002 -1.622977e+002 1.446797e+003
         vertex 2.638151e+002 -1.634976e+002 1.445698e+003
      endloop
   endfacet
   facet normal 2.475980e-001 -7.081808e-001 6.611922e-001
      outer loop
         vertex 2.638151e+002 -1.634976e+002 1.445698e+003
         vertex 2.642971e+002 -1.622977e+002 1.446797e+003
         vertex 2.626261e+002 -1.622977e+002 1.447370e+003
      endloop
   endfacet
   facet normal 2.107231e-001 -7.081808e-001 6.738514e-001
      outer loop
         vertex 2.638151e+002 -1.634976e+002 1.445698e+003
         vertex 2.626261e+002 -1.622977e+002 1.447370e+003
         vertex 2.623315e+002 -1.634976e+002 1.446207e+003
      endloop
   endfacet
   facet normal 1.353924e-001 -7.081808e-001 6.929278e-001
      outer loop
         vertex 2.623315e+002 -1.634976e+002 1.446207e+003
         vertex 2.626261e+002 -1.622977e+002 1.447370e+003
         vertex 2.608834e+002 -1.622977e+002 1.447661e+003
      endloop
   endfacet
   facet normal 9.693676e-002 -7.081807e-001 6.993449e-001
      outer loop
         vertex 2.623315e+002 -1.634976e+002 1.446207e+003
         vertex 2.608834e+002 -1.622977e+002 1.447661e+003
         vertex 2.607843e+002 -1.634976e+002 1.446465e+003
      endloop
   endfacet
   facet normal 1.949370e-002 -7.081808e-001 7.057620e-001
      outer loop
         vertex 2.607843e+002 -1.634976e+002 1.446465e+003
         vertex 2.608834e+002 -1.622977e+002 1.447661e+003
         vertex 2.591166e+002 -1.622977e+002 1.447661e+003
      endloop
   endfacet
   facet normal -1.949370e-002 -7.081808e-001 7.057620e-001
      outer loop
         vertex 2.607843e+002 -1.634976e+002 1.446465e+003
         vertex 2.591166e+002 -1.622977e+002 1.447661e+003
         vertex 2.592157e+002 -1.634976e+002 1.446465e+003
      endloop
   endfacet
   facet normal -9.693676e-002 -7.081807e-001 6.993449e-001
      outer loop
         vertex 2.592157e+002 -1.634976e+002 1.446465e+003
         vertex 2.591166e+002 -1.622977e+002 1.447661e+003
         vertex 2.573739e+002 -1.622977e+002 1.447370e+003
      endloop
   endfacet
   facet normal -1.353924e-001 -7.081808e-001 6.929278e-001
      outer loop
         vertex 2.592157e+002 -1.634976e+002 1.446465e+003
         vertex 2.573739e+002 -1.622977e+002 1.447370e+003
         vertex 2.576685e+002 -1.634976e+002 1.446207e+003
      endloop
   endfacet
   facet normal -2.107231e-001 -7.081808e-001 6.738514e-001
      outer loop
         vertex 2.576685e+002 -1.634976e+002 1.446207e+003
         vertex 2.573739e+002 -1.622977e+002 1.447370e+003
         vertex 2.557029e+002 -1.622977e+002 1.446797e+003
      endloop
   endfacet
   facet normal -2.475980e-001 -7.081808e-001 6.611922e-001
      outer loop
         vertex 2.576685e+002 -1.634976e+002 1.446207e+003
         vertex 2.557029e+002 -1.622977e+002 1.446797e+003
         vertex 2.561849e+002 -1.634976e+002 1.445698e+003
      endloop
   endfacet
   facet normal -3.187614e-001 -7.081808e-001 6.299771e-001
      outer loop
         vertex 2.561849e+002 -1.634976e+002 1.445698e+003
         vertex 2.557029e+002 -1.622977e+002 1.446797e+003
         vertex 2.541490e+002 -1.622977e+002 1.445956e+003
      endloop
   endfacet
   facet normal -3.530498e-001 -7.081808e-001 6.114212e-001
      outer loop
         vertex 2.561849e+002 -1.634976e+002 1.445698e+003
         vertex 2.541490e+002 -1.622977e+002 1.445956e+003
         vertex 2.548054e+002 -1.634976e+002 1.444951e+003
      endloop
   endfacet
   facet normal -4.181047e-001 -7.081808e-001 5.689187e-001
      outer loop
         vertex 2.548054e+002 -1.634976e+002 1.444951e+003
         vertex 2.541490e+002 -1.622977e+002 1.445956e+003
         vertex 2.527548e+002 -1.622977e+002 1.444870e+003
      endloop
   endfacet
   facet normal -4.488713e-001 -7.081808e-001 5.449721e-001
      outer loop
         vertex 2.548054e+002 -1.634976e+002 1.444951e+003
         vertex 2.527548e+002 -1.622977e+002 1.444870e+003
         vertex 2.535675e+002 -1.634976e+002 1.443988e+003
      endloop
   endfacet
   facet normal -5.060433e-001 -7.081808e-001 4.923416e-001
      outer loop
         vertex 2.535675e+002 -1.634976e+002 1.443988e+003
         vertex 2.527548e+002 -1.622977e+002 1.444870e+003
         vertex 2.515582e+002 -1.622977e+002 1.443570e+003
      endloop
   endfacet
   facet normal -5.324487e-001 -7.081808e-001 4.636576e-001
      outer loop
         vertex 2.535675e+002 -1.634976e+002 1.443988e+003
         vertex 2.515582e+002 -1.622977e+002 1.443570e+003
         vertex 2.525052e+002 -1.634976e+002 1.442833e+003
      endloop
   endfacet
   facet normal -5.801782e-001 -7.081808e-001 4.023347e-001
      outer loop
         vertex 2.525052e+002 -1.634976e+002 1.442833e+003
         vertex 2.515582e+002 -1.622977e+002 1.443570e+003
         vertex 2.505918e+002 -1.622977e+002 1.442091e+003
      endloop
   endfacet
   facet normal -6.015024e-001 -7.081808e-001 3.696957e-001
      outer loop
         vertex 2.525052e+002 -1.634976e+002 1.442833e+003
         vertex 2.505918e+002 -1.622977e+002 1.442091e+003
         vertex 2.516472e+002 -1.634976e+002 1.441520e+003
      endloop
   endfacet
   facet normal -6.384875e-001 -7.081808e-001 3.013532e-001
      outer loop
         vertex 2.516472e+002 -1.634976e+002 1.441520e+003
         vertex 2.505918e+002 -1.622977e+002 1.442091e+003
         vertex 2.498821e+002 -1.622977e+002 1.440473e+003
      endloop
   endfacet
   facet normal -6.541485e-001 -7.081808e-001 2.656495e-001
      outer loop
         vertex 2.516472e+002 -1.634976e+002 1.441520e+003
         vertex 2.498821e+002 -1.622977e+002 1.440473e+003
         vertex 2.510171e+002 -1.634976e+002 1.440084e+003
      endloop
   endfacet
   facet normal -6.793804e-001 -7.081807e-001 1.921515e-001
      outer loop
         vertex 2.510171e+002 -1.634976e+002 1.440084e+003
         vertex 2.498821e+002 -1.622977e+002 1.440473e+003
         vertex 2.494484e+002 -1.622977e+002 1.438761e+003
      endloop
   endfacet
   facet normal -6.889513e-001 -7.081808e-001 1.543571e-001
      outer loop
         vertex 2.510171e+002 -1.634976e+002 1.440084e+003
         vertex 2.494484e+002 -1.622977e+002 1.438761e+003
         vertex 2.506320e+002 -1.634976e+002 1.438563e+003
      endloop
   endfacet
   facet normal -7.017416e-001 -7.081808e-001 7.770849e-002
      outer loop
         vertex 2.506320e+002 -1.634976e+002 1.438563e+003
         vertex 2.494484e+002 -1.622977e+002 1.438761e+003
         vertex 2.493025e+002 -1.622977e+002 1.437000e+003
      endloop
   endfacet
   facet normal -7.049612e-001 -7.081808e-001 3.885425e-002
      outer loop
         vertex 2.506320e+002 -1.634976e+002 1.438563e+003
         vertex 2.493025e+002 -1.622977e+002 1.437000e+003
         vertex 2.505025e+002 -1.634976e+002 1.437000e+003
      endloop
   endfacet
   facet normal 7.071068e-001 -7.071068e-001 7.850463e-015
      outer loop
         vertex 2.694975e+002 -1.634976e+002 1.437000e+003
         vertex 2.694975e+002 -1.634976e+002 1.433931e+003
         vertex 2.706975e+002 -1.622977e+002 1.437000e+003
      endloop
   endfacet
   facet normal 7.071068e-001 -7.071068e-001 7.850463e-015
      outer loop
         vertex 2.706975e+002 -1.622977e+002 1.437000e+003
         vertex 2.694975e+002 -1.634976e+002 1.433931e+003
         vertex 2.706975e+002 -1.622977e+002 1.433777e+003
      endloop
   endfacet
   facet normal -7.071068e-001 -7.071068e-001 1.177569e-014
      outer loop
         vertex 2.493025e+002 -1.622977e+002 1.433777e+003
         vertex 2.505025e+002 -1.634976e+002 1.433931e+003
         vertex 2.493025e+002 -1.622977e+002 1.437000e+003
      endloop
   endfacet
   facet normal -7.071068e-001 -7.071068e-001 1.177569e-014
      outer loop
         vertex 2.493025e+002 -1.622977e+002 1.437000e+003
         vertex 2.505025e+002 -1.634976e+002 1.433931e+003
         vertex 2.505025e+002 -1.634976e+002 1.437000e+003
      endloop
   endfacet
   facet normal -9.984846e-001 0.000000e+000 5.503191e-002
      outer loop
         vertex 2.493025e+002 -1.504977e+002 1.437000e+003
         vertex 2.493025e+002 -1.622977e+002 1.437000e+003
         vertex 2.494484e+002 -1.622977e+002 1.438761e+003
      endloop
   endfacet
   facet normal -9.939246e-001 0.000000e+000 1.100638e-001
      outer loop
         vertex 2.493025e+002 -1.504977e+002 1.437000e+003
         vertex 2.494484e+002 -1.622977e+002 1.438761e+003
         vertex 2.494484e+002 -1.504977e+002 1.438761e+003
      endloop
   endfacet
   facet normal -9.758086e-001 0.000000e+000 2.186265e-001
      outer loop
         vertex 2.494484e+002 -1.504977e+002 1.438761e+003
         vertex 2.494484e+002 -1.622977e+002 1.438761e+003
         vertex 2.498821e+002 -1.622977e+002 1.440473e+003
      endloop
   endfacet
   facet normal -9.622528e-001 0.000000e+000 2.721573e-001
      outer loop
         vertex 2.494484e+002 -1.504977e+002 1.438761e+003
         vertex 2.498821e+002 -1.622977e+002 1.440473e+003
         vertex 2.498821e+002 -1.504977e+002 1.440473e+003
      endloop
   endfacet
   facet normal -9.265151e-001 0.000000e+000 3.762575e-001
      outer loop
         vertex 2.498821e+002 -1.504977e+002 1.440473e+003
         vertex 2.498821e+002 -1.622977e+002 1.440473e+003
         vertex 2.505918e+002 -1.622977e+002 1.442091e+003
      endloop
   endfacet
   facet normal -9.043333e-001 0.000000e+000 4.268270e-001
      outer loop
         vertex 2.498821e+002 -1.504977e+002 1.440473e+003
         vertex 2.505918e+002 -1.622977e+002 1.442091e+003
         vertex 2.505918e+002 -1.504977e+002 1.442091e+003
      endloop
   endfacet
   facet normal -8.519487e-001 0.000000e+000 5.236253e-001
      outer loop
         vertex 2.505918e+002 -1.504977e+002 1.442091e+003
         vertex 2.505918e+002 -1.622977e+002 1.442091e+003
         vertex 2.515582e+002 -1.622977e+002 1.443570e+003
      endloop
   endfacet
   facet normal -8.217459e-001 0.000000e+000 5.698540e-001
      outer loop
         vertex 2.505918e+002 -1.504977e+002 1.442091e+003
         vertex 2.515582e+002 -1.622977e+002 1.443570e+003
         vertex 2.515582e+002 -1.504977e+002 1.443570e+003
      endloop
   endfacet
   facet normal -7.541434e-001 0.000000e+000 6.567098e-001
      outer loop
         vertex 2.515582e+002 -1.504977e+002 1.443570e+003
         vertex 2.515582e+002 -1.622977e+002 1.443570e+003
         vertex 2.527548e+002 -1.622977e+002 1.444870e+003
      endloop
   endfacet
   facet normal -7.167435e-001 0.000000e+000 6.973369e-001
      outer loop
         vertex 2.515582e+002 -1.504977e+002 1.443570e+003
         vertex 2.527548e+002 -1.622977e+002 1.444870e+003
         vertex 2.527548e+002 -1.504977e+002 1.444870e+003
      endloop
   endfacet
   facet normal -6.357669e-001 0.000000e+000 7.718811e-001
      outer loop
         vertex 2.527548e+002 -1.504977e+002 1.444870e+003
         vertex 2.527548e+002 -1.622977e+002 1.444870e+003
         vertex 2.541490e+002 -1.622977e+002 1.445956e+003
      endloop
   endfacet
   facet normal -5.921901e-001 0.000000e+000 8.057982e-001
      outer loop
         vertex 2.527548e+002 -1.504977e+002 1.444870e+003
         vertex 2.541490e+002 -1.622977e+002 1.445956e+003
         vertex 2.541490e+002 -1.504977e+002 1.445956e+003
      endloop
   endfacet
   facet normal -5.000484e-001 0.000000e+000 8.659974e-001
      outer loop
         vertex 2.541490e+002 -1.504977e+002 1.445956e+003
         vertex 2.541490e+002 -1.622977e+002 1.445956e+003
         vertex 2.557029e+002 -1.622977e+002 1.446797e+003
      endloop
   endfacet
   facet normal -4.514834e-001 0.000000e+000 8.922795e-001
      outer loop
         vertex 2.541490e+002 -1.504977e+002 1.445956e+003
         vertex 2.557029e+002 -1.622977e+002 1.446797e+003
         vertex 2.557029e+002 -1.504977e+002 1.446797e+003
      endloop
   endfacet
   facet normal -3.506899e-001 0.000000e+000 9.364916e-001
      outer loop
         vertex 2.557029e+002 -1.504977e+002 1.446797e+003
         vertex 2.557029e+002 -1.622977e+002 1.446797e+003
         vertex 2.573739e+002 -1.622977e+002 1.447370e+003
      endloop
   endfacet
   facet normal -2.984614e-001 0.000000e+000 9.544217e-001
      outer loop
         vertex 2.557029e+002 -1.504977e+002 1.446797e+003
         vertex 2.573739e+002 -1.622977e+002 1.447370e+003
         vertex 2.573739e+002 -1.504977e+002 1.447370e+003
      endloop
   endfacet
   facet normal -1.917655e-001 0.000000e+000 9.814408e-001
      outer loop
         vertex 2.573739e+002 -1.504977e+002 1.447370e+003
         vertex 2.573739e+002 -1.622977e+002 1.447370e+003
         vertex 2.591166e+002 -1.622977e+002 1.447661e+003
      endloop
   endfacet
   facet normal -1.372982e-001 0.000000e+000 9.905298e-001
      outer loop
         vertex 2.573739e+002 -1.504977e+002 1.447370e+003
         vertex 2.591166e+002 -1.622977e+002 1.447661e+003
         vertex 2.591166e+002 -1.504977e+002 1.447661e+003
      endloop
   endfacet
   facet normal -2.761026e-002 0.000000e+000 9.996188e-001
      outer loop
         vertex 2.591166e+002 -1.504977e+002 1.447661e+003
         vertex 2.591166e+002 -1.622977e+002 1.447661e+003
         vertex 2.608834e+002 -1.622977e+002 1.447661e+003
      endloop
   endfacet
   facet normal 2.761026e-002 0.000000e+000 9.996188e-001
      outer loop
         vertex 2.591166e+002 -1.504977e+002 1.447661e+003
         vertex 2.608834e+002 -1.622977e+002 1.447661e+003
         vertex 2.608834e+002 -1.504977e+002 1.447661e+003
      endloop
   endfacet
   facet normal 1.372982e-001 0.000000e+000 9.905298e-001
      outer loop
         vertex 2.608834e+002 -1.504977e+002 1.447661e+003
         vertex 2.608834e+002 -1.622977e+002 1.447661e+003
         vertex 2.626261e+002 -1.622977e+002 1.447370e+003
      endloop
   endfacet
   facet normal 1.917655e-001 0.000000e+000 9.814408e-001
      outer loop
         vertex 2.608834e+002 -1.504977e+002 1.447661e+003
         vertex 2.626261e+002 -1.622977e+002 1.447370e+003
         vertex 2.626261e+002 -1.504977e+002 1.447370e+003
      endloop
   endfacet
   facet normal 2.984614e-001 0.000000e+000 9.544217e-001
      outer loop
         vertex 2.626261e+002 -1.504977e+002 1.447370e+003
         vertex 2.626261e+002 -1.622977e+002 1.447370e+003
         vertex 2.642971e+002 -1.622977e+002 1.446797e+003
      endloop
   endfacet
   facet normal 3.506899e-001 0.000000e+000 9.364916e-001
      outer loop
         vertex 2.626261e+002 -1.504977e+002 1.447370e+003
         vertex 2.642971e+002 -1.622977e+002 1.446797e+003
         vertex 2.642971e+002 -1.504977e+002 1.446797e+003
      endloop
   endfacet
   facet normal 4.514834e-001 0.000000e+000 8.922795e-001
      outer loop
         vertex 2.642971e+002 -1.504977e+002 1.446797e+003
         vertex 2.642971e+002 -1.622977e+002 1.446797e+003
         vertex 2.658510e+002 -1.622977e+002 1.445956e+003
      endloop
   endfacet
   facet normal 5.000484e-001 0.000000e+000 8.659974e-001
      outer loop
         vertex 2.642971e+002 -1.504977e+002 1.446797e+003
         vertex 2.658510e+002 -1.622977e+002 1.445956e+003
         vertex 2.658510e+002 -1.504977e+002 1.445956e+003
      endloop
   endfacet
   facet normal 5.921901e-001 0.000000e+000 8.057982e-001
      outer loop
         vertex 2.658510e+002 -1.504977e+002 1.445956e+003
         vertex 2.658510e+002 -1.622977e+002 1.445956e+003
         vertex 2.672452e+002 -1.622977e+002 1.444870e+003
      endloop
   endfacet
   facet normal 6.357669e-001 0.000000e+000 7.718811e-001
      outer loop
         vertex 2.658510e+002 -1.504977e+002 1.445956e+003
         vertex 2.672452e+002 -1.622977e+002 1.444870e+003
         vertex 2.672452e+002 -1.504977e+002 1.444870e+003
      endloop
   endfacet
   facet normal 7.167435e-001 0.000000e+000 6.973369e-001
      outer loop
         vertex 2.672452e+002 -1.504977e+002 1.444870e+003
         vertex 2.672452e+002 -1.622977e+002 1.444870e+003
         vertex 2.684418e+002 -1.622977e+002 1.443570e+003
      endloop
   endfacet
   facet normal 7.541434e-001 0.000000e+000 6.567098e-001
      outer loop
         vertex 2.672452e+002 -1.504977e+002 1.444870e+003
         vertex 2.684418e+002 -1.622977e+002 1.443570e+003
         vertex 2.684418e+002 -1.504977e+002 1.443570e+003
      endloop
   endfacet
   facet normal 8.217459e-001 0.000000e+000 5.698540e-001
      outer loop
         vertex 2.684418e+002 -1.504977e+002 1.443570e+003
         vertex 2.684418e+002 -1.622977e+002 1.443570e+003
         vertex 2.694082e+002 -1.622977e+002 1.442091e+003
      endloop
   endfacet
   facet normal 8.519487e-001 0.000000e+000 5.236253e-001
      outer loop
         vertex 2.684418e+002 -1.504977e+002 1.443570e+003
         vertex 2.694082e+002 -1.622977e+002 1.442091e+003
         vertex 2.694082e+002 -1.504977e+002 1.442091e+003
      endloop
   endfacet
   facet normal 9.043333e-001 0.000000e+000 4.268270e-001
      outer loop
         vertex 2.694082e+002 -1.504977e+002 1.442091e+003
         vertex 2.694082e+002 -1.622977e+002 1.442091e+003
         vertex 2.701179e+002 -1.622977e+002 1.440473e+003
      endloop
   endfacet
   facet normal 9.265151e-001 0.000000e+000 3.762575e-001
      outer loop
         vertex 2.694082e+002 -1.504977e+002 1.442091e+003
         vertex 2.701179e+002 -1.622977e+002 1.440473e+003
         vertex 2.701179e+002 -1.504977e+002 1.440473e+003
      endloop
   endfacet
   facet normal 9.622528e-001 0.000000e+000 2.721573e-001
      outer loop
         vertex 2.701179e+002 -1.504977e+002 1.440473e+003
         vertex 2.701179e+002 -1.622977e+002 1.440473e+003
         vertex 2.705516e+002 -1.622977e+002 1.438761e+003
      endloop
   endfacet
   facet normal 9.758086e-001 0.000000e+000 2.186265e-001
      outer loop
         vertex 2.701179e+002 -1.504977e+002 1.440473e+003
         vertex 2.705516e+002 -1.622977e+002 1.438761e+003
         vertex 2.705516e+002 -1.504977e+002 1.438761e+003
      endloop
   endfacet
   facet normal 9.939246e-001 0.000000e+000 1.100638e-001
      outer loop
         vertex 2.705516e+002 -1.504977e+002 1.438761e+003
         vertex 2.705516e+002 -1.622977e+002 1.438761e+003
         vertex 2.706975e+002 -1.622977e+002 1.437000e+003
      endloop
   endfacet
   facet normal 9.984846e-001 0.000000e+000 5.503191e-002
      outer loop
         vertex 2.705516e+002 -1.504977e+002 1.438761e+003
         vertex 2.706975e+002 -1.622977e+002 1.437000e+003
         vertex 2.706975e+002 -1.504977e+002 1.437000e+003
      endloop
   endfacet
   facet normal -7.049612e-001 7.081808e-001 3.885425e-002
      outer loop
         vertex 2.508025e+002 -1.489977e+002 1.437000e+003
         vertex 2.493025e+002 -1.504977e+002 1.437000e+003
         vertex 2.494484e+002 -1.504977e+002 1.438761e+003
      endloop
   endfacet
   facet normal -7.017416e-001 7.081808e-001 7.770849e-002
      outer loop
         vertex 2.508025e+002 -1.489977e+002 1.437000e+003
         vertex 2.494484e+002 -1.504977e+002 1.438761e+003
         vertex 2.509279e+002 -1.489977e+002 1.438514e+003
      endloop
   endfacet
   facet normal -6.889513e-001 7.081808e-001 1.543571e-001
      outer loop
         vertex 2.509279e+002 -1.489977e+002 1.438514e+003
         vertex 2.494484e+002 -1.504977e+002 1.438761e+003
         vertex 2.498821e+002 -1.504977e+002 1.440473e+003
      endloop
   endfacet
   facet normal -6.793804e-001 7.081807e-001 1.921515e-001
      outer loop
         vertex 2.509279e+002 -1.489977e+002 1.438514e+003
         vertex 2.498821e+002 -1.504977e+002 1.440473e+003
         vertex 2.513008e+002 -1.489977e+002 1.439986e+003
      endloop
   endfacet
   facet normal -6.541485e-001 7.081808e-001 2.656495e-001
      outer loop
         vertex 2.513008e+002 -1.489977e+002 1.439986e+003
         vertex 2.498821e+002 -1.504977e+002 1.440473e+003
         vertex 2.505918e+002 -1.504977e+002 1.442091e+003
      endloop
   endfacet
   facet normal -6.384875e-001 7.081808e-001 3.013532e-001
      outer loop
         vertex 2.513008e+002 -1.489977e+002 1.439986e+003
         vertex 2.505918e+002 -1.504977e+002 1.442091e+003
         vertex 2.519110e+002 -1.489977e+002 1.441378e+003
      endloop
   endfacet
   facet normal -6.015023e-001 7.081808e-001 3.696958e-001
      outer loop
         vertex 2.519110e+002 -1.489977e+002 1.441378e+003
         vertex 2.505918e+002 -1.504977e+002 1.442091e+003
         vertex 2.515582e+002 -1.504977e+002 1.443570e+003
      endloop
   endfacet
   facet normal -5.801782e-001 7.081808e-001 4.023347e-001
      outer loop
         vertex 2.519110e+002 -1.489977e+002 1.441378e+003
         vertex 2.515582e+002 -1.504977e+002 1.443570e+003
         vertex 2.527419e+002 -1.489977e+002 1.442649e+003
      endloop
   endfacet
   facet normal -5.324487e-001 7.081808e-001 4.636576e-001
      outer loop
         vertex 2.527419e+002 -1.489977e+002 1.442649e+003
         vertex 2.515582e+002 -1.504977e+002 1.443570e+003
         vertex 2.527548e+002 -1.504977e+002 1.444870e+003
      endloop
   endfacet
   facet normal -5.060433e-001 7.081808e-001 4.923415e-001
      outer loop
         vertex 2.527419e+002 -1.489977e+002 1.442649e+003
         vertex 2.527548e+002 -1.504977e+002 1.444870e+003
         vertex 2.537707e+002 -1.489977e+002 1.443767e+003
      endloop
   endfacet
   facet normal -4.488713e-001 7.081808e-001 5.449721e-001
      outer loop
         vertex 2.537707e+002 -1.489977e+002 1.443767e+003
         vertex 2.527548e+002 -1.504977e+002 1.444870e+003
         vertex 2.541490e+002 -1.504977e+002 1.445956e+003
      endloop
   endfacet
   facet normal -4.181047e-001 7.081808e-001 5.689187e-001
      outer loop
         vertex 2.537707e+002 -1.489977e+002 1.443767e+003
         vertex 2.541490e+002 -1.504977e+002 1.445956e+003
         vertex 2.549695e+002 -1.489977e+002 1.444700e+003
      endloop
   endfacet
   facet normal -3.530498e-001 7.081808e-001 6.114212e-001
      outer loop
         vertex 2.549695e+002 -1.489977e+002 1.444700e+003
         vertex 2.541490e+002 -1.504977e+002 1.445956e+003
         vertex 2.557029e+002 -1.504977e+002 1.446797e+003
      endloop
   endfacet
   facet normal -3.187614e-001 7.081808e-001 6.299771e-001
      outer loop
         vertex 2.549695e+002 -1.489977e+002 1.444700e+003
         vertex 2.557029e+002 -1.504977e+002 1.446797e+003
         vertex 2.563054e+002 -1.489977e+002 1.445423e+003
      endloop
   endfacet
   facet normal -2.475980e-001 7.081808e-001 6.611922e-001
      outer loop
         vertex 2.563054e+002 -1.489977e+002 1.445423e+003
         vertex 2.557029e+002 -1.504977e+002 1.446797e+003
         vertex 2.573739e+002 -1.504977e+002 1.447370e+003
      endloop
   endfacet
   facet normal -2.107231e-001 7.081808e-001 6.738514e-001
      outer loop
         vertex 2.563054e+002 -1.489977e+002 1.445423e+003
         vertex 2.573739e+002 -1.504977e+002 1.447370e+003
         vertex 2.577421e+002 -1.489977e+002 1.445916e+003
      endloop
   endfacet
   facet normal -1.353924e-001 7.081808e-001 6.929278e-001
      outer loop
         vertex 2.577421e+002 -1.489977e+002 1.445916e+003
         vertex 2.573739e+002 -1.504977e+002 1.447370e+003
         vertex 2.591166e+002 -1.504977e+002 1.447661e+003
      endloop
   endfacet
   facet normal -9.693676e-002 7.081807e-001 6.993449e-001
      outer loop
         vertex 2.577421e+002 -1.489977e+002 1.445916e+003
         vertex 2.591166e+002 -1.504977e+002 1.447661e+003
         vertex 2.592405e+002 -1.489977e+002 1.446166e+003
      endloop
   endfacet
   facet normal -1.949370e-002 7.081808e-001 7.057620e-001
      outer loop
         vertex 2.592405e+002 -1.489977e+002 1.446166e+003
         vertex 2.591166e+002 -1.504977e+002 1.447661e+003
         vertex 2.608834e+002 -1.504977e+002 1.447661e+003
      endloop
   endfacet
   facet normal 1.949370e-002 7.081808e-001 7.057620e-001
      outer loop
         vertex 2.592405e+002 -1.489977e+002 1.446166e+003
         vertex 2.608834e+002 -1.504977e+002 1.447661e+003
         vertex 2.607595e+002 -1.489977e+002 1.446166e+003
      endloop
   endfacet
   facet normal 9.693676e-002 7.081807e-001 6.993449e-001
      outer loop
         vertex 2.607595e+002 -1.489977e+002 1.446166e+003
         vertex 2.608834e+002 -1.504977e+002 1.447661e+003
         vertex 2.626261e+002 -1.504977e+002 1.447370e+003
      endloop
   endfacet
   facet normal 1.353924e-001 7.081808e-001 6.929278e-001
      outer loop
         vertex 2.607595e+002 -1.489977e+002 1.446166e+003
         vertex 2.626261e+002 -1.504977e+002 1.447370e+003
         vertex 2.622578e+002 -1.489977e+002 1.445916e+003
      endloop
   endfacet
   facet normal 2.107231e-001 7.081808e-001 6.738514e-001
      outer loop
         vertex 2.622578e+002 -1.489977e+002 1.445916e+003
         vertex 2.626261e+002 -1.504977e+002 1.447370e+003
         vertex 2.642971e+002 -1.504977e+002 1.446797e+003
      endloop
   endfacet
   facet normal 2.475980e-001 7.081808e-001 6.611922e-001
      outer loop
         vertex 2.622578e+002 -1.489977e+002 1.445916e+003
         vertex 2.642971e+002 -1.504977e+002 1.446797e+003
         vertex 2.636946e+002 -1.489977e+002 1.445423e+003
      endloop
   endfacet
   facet normal 3.187614e-001 7.081808e-001 6.299771e-001
      outer loop
         vertex 2.636946e+002 -1.489977e+002 1.445423e+003
         vertex 2.642971e+002 -1.504977e+002 1.446797e+003
         vertex 2.658510e+002 -1.504977e+002 1.445956e+003
      endloop
   endfacet
   facet normal 3.530498e-001 7.081808e-001 6.114212e-001
      outer loop
         vertex 2.636946e+002 -1.489977e+002 1.445423e+003
         vertex 2.658510e+002 -1.504977e+002 1.445956e+003
         vertex 2.650305e+002 -1.489977e+002 1.444700e+003
      endloop
   endfacet
   facet normal 4.181047e-001 7.081808e-001 5.689187e-001
      outer loop
         vertex 2.650305e+002 -1.489977e+002 1.444700e+003
         vertex 2.658510e+002 -1.504977e+002 1.445956e+003
         vertex 2.672452e+002 -1.504977e+002 1.444870e+003
      endloop
   endfacet
   facet normal 4.488713e-001 7.081808e-001 5.449721e-001
      outer loop
         vertex 2.650305e+002 -1.489977e+002 1.444700e+003
         vertex 2.672452e+002 -1.504977e+002 1.444870e+003
         vertex 2.662293e+002 -1.489977e+002 1.443767e+003
      endloop
   endfacet
   facet normal 5.060433e-001 7.081808e-001 4.923416e-001
      outer loop
         vertex 2.662293e+002 -1.489977e+002 1.443767e+003
         vertex 2.672452e+002 -1.504977e+002 1.444870e+003
         vertex 2.684418e+002 -1.504977e+002 1.443570e+003
      endloop
   endfacet
   facet normal 5.324487e-001 7.081808e-001 4.636576e-001
      outer loop
         vertex 2.662293e+002 -1.489977e+002 1.443767e+003
         vertex 2.684418e+002 -1.504977e+002 1.443570e+003
         vertex 2.672581e+002 -1.489977e+002 1.442649e+003
      endloop
   endfacet
   facet normal 5.801782e-001 7.081808e-001 4.023347e-001
      outer loop
         vertex 2.672581e+002 -1.489977e+002 1.442649e+003
         vertex 2.684418e+002 -1.504977e+002 1.443570e+003
         vertex 2.694082e+002 -1.504977e+002 1.442091e+003
      endloop
   endfacet
   facet normal 6.015024e-001 7.081808e-001 3.696957e-001
      outer loop
         vertex 2.672581e+002 -1.489977e+002 1.442649e+003
         vertex 2.694082e+002 -1.504977e+002 1.442091e+003
         vertex 2.680890e+002 -1.489977e+002 1.441378e+003
      endloop
   endfacet
   facet normal 6.384875e-001 7.081808e-001 3.013532e-001
      outer loop
         vertex 2.680890e+002 -1.489977e+002 1.441378e+003
         vertex 2.694082e+002 -1.504977e+002 1.442091e+003
         vertex 2.701179e+002 -1.504977e+002 1.440473e+003
      endloop
   endfacet
   facet normal 6.541485e-001 7.081808e-001 2.656495e-001
      outer loop
         vertex 2.680890e+002 -1.489977e+002 1.441378e+003
         vertex 2.701179e+002 -1.504977e+002 1.440473e+003
         vertex 2.686991e+002 -1.489977e+002 1.439986e+003
      endloop
   endfacet
   facet normal 6.793804e-001 7.081807e-001 1.921515e-001
      outer loop
         vertex 2.686991e+002 -1.489977e+002 1.439986e+003
         vertex 2.701179e+002 -1.504977e+002 1.440473e+003
         vertex 2.705516e+002 -1.504977e+002 1.438761e+003
      endloop
   endfacet
   facet normal 6.889513e-001 7.081808e-001 1.543571e-001
      outer loop
         vertex 2.686991e+002 -1.489977e+002 1.439986e+003
         vertex 2.705516e+002 -1.504977e+002 1.438761e+003
         vertex 2.690721e+002 -1.489977e+002 1.438514e+003
      endloop
   endfacet
   facet normal 7.017416e-001 7.081808e-001 7.770849e-002
      outer loop
         vertex 2.690721e+002 -1.489977e+002 1.438514e+003
         vertex 2.705516e+002 -1.504977e+002 1.438761e+003
         vertex 2.706975e+002 -1.504977e+002 1.437000e+003
      endloop
   endfacet
   facet normal 7.049612e-001 7.081808e-001 3.885425e-002
      outer loop
         vertex 2.690721e+002 -1.489977e+002 1.438514e+003
         vertex 2.706975e+002 -1.504977e+002 1.437000e+003
         vertex 2.691975e+002 -1.489977e+002 1.437000e+003
      endloop
   endfacet
   facet normal 0.000000e+000 -1.000000e+000 0.000000e+000
      outer loop
         vertex 3.229959e+002 -1.525000e+002 1.368660e+003
         vertex 3.205495e+002 -1.525000e+002 1.372400e+003
         vertex 3.082375e+002 -1.525000e+002 1.314477e+003
      endloop
   endfacet
   facet normal 0.000000e+000 -1.000000e+000 0.000000e+000
      outer loop
         vertex 1.970040e+002 -1.525000e+002 1.368660e+003
         vertex 2.118993e+002 -1.525000e+002 1.298583e+003
         vertex 2.117625e+002 -1.525000e+002 1.314477e+003
      endloop
   endfacet
   facet normal 0.000000e+000 -1.000000e+000 0.000000e+000
      outer loop
         vertex 3.229959e+002 -1.525000e+002 1.368660e+003
         vertex 3.082375e+002 -1.525000e+002 1.314477e+003
         vertex 3.081007e+002 -1.525000e+002 1.298583e+003
      endloop
   endfacet
   facet normal 0.000000e+000 -1.000000e+000 0.000000e+000
      outer loop
         vertex 3.081007e+002 -1.525000e+002 1.298583e+003
         vertex 3.082375e+002 -1.525000e+002 1.314477e+003
         vertex 3.004734e+002 -1.525000e+002 1.306721e+003
      endloop
   endfacet
   facet normal 0.000000e+000 -1.000000e+000 0.000000e+000
      outer loop
         vertex 3.081007e+002 -1.525000e+002 1.298583e+003
         vertex 3.004734e+002 -1.525000e+002 1.306721e+003
         vertex 2.997782e+002 -1.525000e+002 1.278490e+003
      endloop
   endfacet
   facet normal 0.000000e+000 -1.000000e+000 0.000000e+000
      outer loop
         vertex 2.997782e+002 -1.525000e+002 1.278490e+003
         vertex 3.004734e+002 -1.525000e+002 1.306721e+003
         vertex 2.914812e+002 -1.525000e+002 1.300430e+003
      endloop
   endfacet
   facet normal 0.000000e+000 -1.000000e+000 0.000000e+000
      outer loop
         vertex 2.997782e+002 -1.525000e+002 1.278490e+003
         vertex 2.914812e+002 -1.525000e+002 1.300430e+003
         vertex 2.871888e+002 -1.525000e+002 1.265901e+003
      endloop
   endfacet
   facet normal 0.000000e+000 -1.000000e+000 0.000000e+000
      outer loop
         vertex 2.871888e+002 -1.525000e+002 1.265901e+003
         vertex 2.914812e+002 -1.525000e+002 1.300430e+003
         vertex 2.815336e+002 -1.525000e+002 1.295794e+003
      endloop
   endfacet
   facet normal 0.000000e+000 -1.000000e+000 0.000000e+000
      outer loop
         vertex 2.871888e+002 -1.525000e+002 1.265901e+003
         vertex 2.815336e+002 -1.525000e+002 1.295794e+003
         vertex 2.698336e+002 -1.525000e+002 1.258712e+003
      endloop
   endfacet
   facet normal 0.000000e+000 -1.000000e+000 0.000000e+000
      outer loop
         vertex 2.815336e+002 -1.525000e+002 1.295794e+003
         vertex 2.709327e+002 -1.525000e+002 1.292956e+003
         vertex 2.698336e+002 -1.525000e+002 1.258712e+003
      endloop
   endfacet
   facet normal 0.000000e+000 -1.000000e+000 0.000000e+000
      outer loop
         vertex 2.698336e+002 -1.525000e+002 1.258712e+003
         vertex 2.709327e+002 -1.525000e+002 1.292956e+003
         vertex 2.600000e+002 -1.525000e+002 1.292000e+003
      endloop
   endfacet
   facet normal 0.000000e+000 -1.000000e+000 0.000000e+000
      outer loop
         vertex 2.698336e+002 -1.525000e+002 1.258712e+003
         vertex 2.600000e+002 -1.525000e+002 1.292000e+003
         vertex 2.501664e+002 -1.525000e+002 1.258712e+003
      endloop
   endfacet
   facet normal 0.000000e+000 -1.000000e+000 0.000000e+000
      outer loop
         vertex 2.501664e+002 -1.525000e+002 1.258712e+003
         vertex 2.600000e+002 -1.525000e+002 1.292000e+003
         vertex 2.490673e+002 -1.525000e+002 1.292956e+003
      endloop
   endfacet
   facet normal 0.000000e+000 -1.000000e+000 0.000000e+000
      outer loop
         vertex 2.501664e+002 -1.525000e+002 1.258712e+003
         vertex 2.490673e+002 -1.525000e+002 1.292956e+003
         vertex 2.328113e+002 -1.525000e+002 1.265901e+003
      endloop
   endfacet
   facet normal 0.000000e+000 -1.000000e+000 0.000000e+000
      outer loop
         vertex 2.328113e+002 -1.525000e+002 1.265901e+003
         vertex 2.490673e+002 -1.525000e+002 1.292956e+003
         vertex 2.384664e+002 -1.525000e+002 1.295794e+003
      endloop
   endfacet
   facet normal 0.000000e+000 -1.000000e+000 0.000000e+000
      outer loop
         vertex 2.328113e+002 -1.525000e+002 1.265901e+003
         vertex 2.384664e+002 -1.525000e+002 1.295794e+003
         vertex 2.202218e+002 -1.525000e+002 1.278490e+003
      endloop
   endfacet
   facet normal 0.000000e+000 -1.000000e+000 0.000000e+000
      outer loop
         vertex 2.202218e+002 -1.525000e+002 1.278490e+003
         vertex 2.384664e+002 -1.525000e+002 1.295794e+003
         vertex 2.285188e+002 -1.525000e+002 1.300430e+003
      endloop
   endfacet
   facet normal 0.000000e+000 -1.000000e+000 0.000000e+000
      outer loop
         vertex 2.202218e+002 -1.525000e+002 1.278490e+003
         vertex 2.285188e+002 -1.525000e+002 1.300430e+003
         vertex 2.118993e+002 -1.525000e+002 1.298583e+003
      endloop
   endfacet
   facet normal 0.000000e+000 -1.000000e+000 0.000000e+000
      outer loop
         vertex 2.118993e+002 -1.525000e+002 1.298583e+003
         vertex 2.285188e+002 -1.525000e+002 1.300430e+003
         vertex 2.195266e+002 -1.525000e+002 1.306721e+003
      endloop
   endfacet
   facet normal 0.000000e+000 -1.000000e+000 0.000000e+000
      outer loop
         vertex 2.118993e+002 -1.525000e+002 1.298583e+003
         vertex 2.195266e+002 -1.525000e+002 1.306721e+003
         vertex 2.117625e+002 -1.525000e+002 1.314477e+003
      endloop
   endfacet
   facet normal 0.000000e+000 -1.000000e+000 0.000000e+000
      outer loop
         vertex 3.205495e+002 -1.525000e+002 1.372400e+003
         vertex 3.229959e+002 -1.525000e+002 1.368660e+003
         vertex 3.166744e+002 -1.525000e+002 1.382514e+003
      endloop
   endfacet
   facet normal 0.000000e+000 -1.000000e+000 0.000000e+000
      outer loop
         vertex 3.166744e+002 -1.525000e+002 1.382514e+003
         vertex 3.229959e+002 -1.525000e+002 1.368660e+003
         vertex 3.150645e+002 -1.525000e+002 1.391694e+003
      endloop
   endfacet
   facet normal 0.000000e+000 -1.000000e+000 0.000000e+000
      outer loop
         vertex 3.166744e+002 -1.525000e+002 1.382514e+003
         vertex 3.150645e+002 -1.525000e+002 1.391694e+003
         vertex 3.111243e+002 -1.525000e+002 1.391814e+003
      endloop
   endfacet
   facet normal 0.000000e+000 -1.000000e+000 0.000000e+000
      outer loop
         vertex 3.111243e+002 -1.525000e+002 1.391814e+003
         vertex 3.150645e+002 -1.525000e+002 1.391694e+003
         vertex 3.040633e+002 -1.525000e+002 1.400027e+003
      endloop
   endfacet
   facet normal 0.000000e+000 -1.000000e+000 0.000000e+000
      outer loop
         vertex 3.040633e+002 -1.525000e+002 1.400027e+003
         vertex 3.150645e+002 -1.525000e+002 1.391694e+003
         vertex 3.083423e+002 -1.525000e+002 1.400184e+003
      endloop
   endfacet
   facet normal 0.000000e+000 -1.000000e+000 0.000000e+000
      outer loop
         vertex 3.040633e+002 -1.525000e+002 1.400027e+003
         vertex 3.083423e+002 -1.525000e+002 1.400184e+003
         vertex 2.956999e+002 -1.525000e+002 1.406909e+003
      endloop
   endfacet
   facet normal 0.000000e+000 -1.000000e+000 0.000000e+000
      outer loop
         vertex 2.956999e+002 -1.525000e+002 1.406909e+003
         vertex 3.083423e+002 -1.525000e+002 1.400184e+003
         vertex 3.003255e+002 -1.525000e+002 1.407463e+003
      endloop
   endfacet
   facet normal 0.000000e+000 -1.000000e+000 0.000000e+000
      outer loop
         vertex 2.956999e+002 -1.525000e+002 1.406909e+003
         vertex 3.003255e+002 -1.525000e+002 1.407463e+003
         vertex 2.862813e+002 -1.525000e+002 1.412256e+003
      endloop
   endfacet
   facet normal 0.000000e+000 -1.000000e+000 0.000000e+000
      outer loop
         vertex 2.862813e+002 -1.525000e+002 1.412256e+003
         vertex 3.003255e+002 -1.525000e+002 1.407463e+003
         vertex 2.912288e+002 -1.525000e+002 1.413338e+003
      endloop
   endfacet
   facet normal 0.000000e+000 -1.000000e+000 0.000000e+000
      outer loop
         vertex 2.862813e+002 -1.525000e+002 1.412256e+003
         vertex 2.912288e+002 -1.525000e+002 1.413338e+003
         vertex 2.760861e+002 -1.525000e+002 1.415912e+003
      endloop
   endfacet
   facet normal 0.000000e+000 -1.000000e+000 0.000000e+000
      outer loop
         vertex 2.760861e+002 -1.525000e+002 1.415912e+003
         vertex 2.912288e+002 -1.525000e+002 1.413338e+003
         vertex 2.812958e+002 -1.525000e+002 1.417650e+003
      endloop
   endfacet
   facet normal 0.000000e+000 -1.000000e+000 0.000000e+000
      outer loop
         vertex 2.760861e+002 -1.525000e+002 1.415912e+003
         vertex 2.812958e+002 -1.525000e+002 1.417650e+003
         vertex 2.654154e+002 -1.525000e+002 1.417767e+003
      endloop
   endfacet
   facet normal 0.000000e+000 -1.000000e+000 0.000000e+000
      outer loop
         vertex 2.654154e+002 -1.525000e+002 1.417767e+003
         vertex 2.812958e+002 -1.525000e+002 1.417650e+003
         vertex 2.707924e+002 -1.525000e+002 1.420285e+003
      endloop
   endfacet
   facet normal 0.000000e+000 -1.000000e+000 0.000000e+000
      outer loop
         vertex 2.654154e+002 -1.525000e+002 1.417767e+003
         vertex 2.707924e+002 -1.525000e+002 1.420285e+003
         vertex 2.545846e+002 -1.525000e+002 1.417767e+003
      endloop
   endfacet
   facet normal 0.000000e+000 -1.000000e+000 0.000000e+000
      outer loop
         vertex 2.117625e+002 -1.525000e+002 1.314477e+003
         vertex 1.994505e+002 -1.525000e+002 1.372400e+003
         vertex 1.970040e+002 -1.525000e+002 1.368660e+003
      endloop
   endfacet
   facet normal 0.000000e+000 -1.000000e+000 0.000000e+000
      outer loop
         vertex 1.970040e+002 -1.525000e+002 1.368660e+003
         vertex 1.994505e+002 -1.525000e+002 1.372400e+003
         vertex 2.033256e+002 -1.525000e+002 1.382514e+003
      endloop
   endfacet
   facet normal 0.000000e+000 -1.000000e+000 0.000000e+000
      outer loop
         vertex 1.970040e+002 -1.525000e+002 1.368660e+003
         vertex 2.033256e+002 -1.525000e+002 1.382514e+003
         vertex 2.049355e+002 -1.525000e+002 1.391694e+003
      endloop
   endfacet
   facet normal 0.000000e+000 -1.000000e+000 0.000000e+000
      outer loop
         vertex 2.049355e+002 -1.525000e+002 1.391694e+003
         vertex 2.033256e+002 -1.525000e+002 1.382514e+003
         vertex 2.088757e+002 -1.525000e+002 1.391814e+003
      endloop
   endfacet
   facet normal 0.000000e+000 -1.000000e+000 0.000000e+000
      outer loop
         vertex 2.049355e+002 -1.525000e+002 1.391694e+003
         vertex 2.088757e+002 -1.525000e+002 1.391814e+003
         vertex 2.116577e+002 -1.525000e+002 1.400184e+003
      endloop
   endfacet
   facet normal 0.000000e+000 -1.000000e+000 0.000000e+000
      outer loop
         vertex 2.116577e+002 -1.525000e+002 1.400184e+003
         vertex 2.088757e+002 -1.525000e+002 1.391814e+003
         vertex 2.159368e+002 -1.525000e+002 1.400027e+003
      endloop
   endfacet
   facet normal 0.000000e+000 -1.000000e+000 0.000000e+000
      outer loop
         vertex 2.116577e+002 -1.525000e+002 1.400184e+003
         vertex 2.159368e+002 -1.525000e+002 1.400027e+003
         vertex 2.196745e+002 -1.525000e+002 1.407463e+003
      endloop
   endfacet
   facet normal 0.000000e+000 -1.000000e+000 0.000000e+000
      outer loop
         vertex 2.196745e+002 -1.525000e+002 1.407463e+003
         vertex 2.159368e+002 -1.525000e+002 1.400027e+003
         vertex 2.243001e+002 -1.525000e+002 1.406909e+003
      endloop
   endfacet
   facet normal 0.000000e+000 -1.000000e+000 0.000000e+000
      outer loop
         vertex 2.196745e+002 -1.525000e+002 1.407463e+003
         vertex 2.243001e+002 -1.525000e+002 1.406909e+003
         vertex 2.287712e+002 -1.525000e+002 1.413338e+003
      endloop
   endfacet
   facet normal 0.000000e+000 -1.000000e+000 0.000000e+000
      outer loop
         vertex 2.287712e+002 -1.525000e+002 1.413338e+003
         vertex 2.243001e+002 -1.525000e+002 1.406909e+003
         vertex 2.337187e+002 -1.525000e+002 1.412256e+003
      endloop
   endfacet
   facet normal 0.000000e+000 -1.000000e+000 0.000000e+000
      outer loop
         vertex 2.287712e+002 -1.525000e+002 1.413338e+003
         vertex 2.337187e+002 -1.525000e+002 1.412256e+003
         vertex 2.387042e+002 -1.525000e+002 1.417650e+003
      endloop
   endfacet
   facet normal 0.000000e+000 -1.000000e+000 0.000000e+000
      outer loop
         vertex 2.387042e+002 -1.525000e+002 1.417650e+003
         vertex 2.337187e+002 -1.525000e+002 1.412256e+003
         vertex 2.439139e+002 -1.525000e+002 1.415912e+003
      endloop
   endfacet
   facet normal 0.000000e+000 -1.000000e+000 0.000000e+000
      outer loop
         vertex 2.387042e+002 -1.525000e+002 1.417650e+003
         vertex 2.439139e+002 -1.525000e+002 1.415912e+003
         vertex 2.492076e+002 -1.525000e+002 1.420285e+003
      endloop
   endfacet
   facet normal 0.000000e+000 -1.000000e+000 0.000000e+000
      outer loop
         vertex 2.492076e+002 -1.525000e+002 1.420285e+003
         vertex 2.439139e+002 -1.525000e+002 1.415912e+003
         vertex 2.545846e+002 -1.525000e+002 1.417767e+003
      endloop
   endfacet
   facet normal 0.000000e+000 -1.000000e+000 0.000000e+000
      outer loop
         vertex 2.492076e+002 -1.525000e+002 1.420285e+003
         vertex 2.545846e+002 -1.525000e+002 1.417767e+003
         vertex 2.600000e+002 -1.525000e+002 1.421171e+003
      endloop
   endfacet
   facet normal 0.000000e+000 -1.000000e+000 0.000000e+000
      outer loop
         vertex 2.600000e+002 -1.525000e+002 1.421171e+003
         vertex 2.545846e+002 -1.525000e+002 1.417767e+003
         vertex 2.707924e+002 -1.525000e+002 1.420285e+003
      endloop
   endfacet
   facet normal -5.651454e-002 0.000000e+000 -9.984018e-001
      outer loop
         vertex 2.750000e+002 -2.705000e+002 1.199200e+003
         vertex 2.750000e+002 -2.585000e+002 1.199200e+003
         vertex 2.757098e+002 -2.705000e+002 1.199140e+003
      endloop
   endfacet
   facet normal -1.130291e-001 0.000000e+000 -9.935917e-001
      outer loop
         vertex 2.757098e+002 -2.705000e+002 1.199140e+003
         vertex 2.750000e+002 -2.585000e+002 1.199200e+003
         vertex 2.757098e+002 -2.585000e+002 1.199140e+003
      endloop
   endfacet
   facet normal -2.244324e-001 0.000000e+000 -9.744897e-001
      outer loop
         vertex 2.757098e+002 -2.705000e+002 1.199140e+003
         vertex 2.757098e+002 -2.585000e+002 1.199140e+003
         vertex 2.763992e+002 -2.705000e+002 1.198960e+003
      endloop
   endfacet
   facet normal -2.793211e-001 0.000000e+000 -9.601977e-001
      outer loop
         vertex 2.763992e+002 -2.705000e+002 1.198960e+003
         vertex 2.757098e+002 -2.585000e+002 1.199140e+003
         vertex 2.763992e+002 -2.585000e+002 1.198960e+003
      endloop
   endfacet
   facet normal -3.858936e-001 0.000000e+000 -9.225433e-001
      outer loop
         vertex 2.763992e+002 -2.705000e+002 1.198960e+003
         vertex 2.763992e+002 -2.585000e+002 1.198960e+003
         vertex 2.770483e+002 -2.705000e+002 1.198667e+003
      endloop
   endfacet
   facet normal -4.375775e-001 0.000000e+000 -8.991807e-001
      outer loop
         vertex 2.770483e+002 -2.705000e+002 1.198667e+003
         vertex 2.763992e+002 -2.585000e+002 1.198960e+003
         vertex 2.770483e+002 -2.585000e+002 1.198667e+003
      endloop
   endfacet
   facet normal -5.362535e-001 0.000000e+000 -8.440570e-001
      outer loop
         vertex 2.770483e+002 -2.705000e+002 1.198667e+003
         vertex 2.770483e+002 -2.585000e+002 1.198667e+003
         vertex 2.776385e+002 -2.705000e+002 1.198268e+003
      endloop
   endfacet
   facet normal -5.832456e-001 0.000000e+000 -8.122959e-001
      outer loop
         vertex 2.776385e+002 -2.705000e+002 1.198268e+003
         vertex 2.770483e+002 -2.585000e+002 1.198667e+003
         vertex 2.776385e+002 -2.585000e+002 1.198268e+003
      endloop
   endfacet
   facet normal -6.711863e-001 0.000000e+000 -7.412888e-001
      outer loop
         vertex 2.776385e+002 -2.705000e+002 1.198268e+003
         vertex 2.776385e+002 -2.585000e+002 1.198268e+003
         vertex 2.781528e+002 -2.705000e+002 1.197775e+003
      endloop
   endfacet
   facet normal -7.121348e-001 0.000000e+000 -7.020428e-001
      outer loop
         vertex 2.781528e+002 -2.705000e+002 1.197775e+003
         vertex 2.776385e+002 -2.585000e+002 1.198268e+003
         vertex 2.781528e+002 -2.585000e+002 1.197775e+003
      endloop
   endfacet
   facet normal -7.868103e-001 0.000000e+000 -6.171949e-001
      outer loop
         vertex 2.781528e+002 -2.705000e+002 1.197775e+003
         vertex 2.781528e+002 -2.585000e+002 1.197775e+003
         vertex 2.785764e+002 -2.705000e+002 1.197202e+003
      endloop
   endfacet
   facet normal -8.205372e-001 0.000000e+000 -5.715931e-001
      outer loop
         vertex 2.785764e+002 -2.705000e+002 1.197202e+003
         vertex 2.781528e+002 -2.585000e+002 1.197775e+003
         vertex 2.785764e+002 -2.585000e+002 1.197202e+003
      endloop
   endfacet
   facet normal -8.797992e-001 0.000000e+000 -4.753455e-001
      outer loop
         vertex 2.785764e+002 -2.705000e+002 1.197202e+003
         vertex 2.785764e+002 -2.585000e+002 1.197202e+003
         vertex 2.788971e+002 -2.705000e+002 1.196566e+003
      endloop
   endfacet
   facet normal -9.053342e-001 0.000000e+000 -4.246998e-001
      outer loop
         vertex 2.788971e+002 -2.705000e+002 1.196566e+003
         vertex 2.785764e+002 -2.585000e+002 1.197202e+003
         vertex 2.788971e+002 -2.585000e+002 1.196566e+003
      endloop
   endfacet
   facet normal -9.474779e-001 0.000000e+000 -3.198213e-001
      outer loop
         vertex 2.788971e+002 -2.705000e+002 1.196566e+003
         vertex 2.788971e+002 -2.585000e+002 1.196566e+003
         vertex 2.791057e+002 -2.705000e+002 1.195885e+003
      endloop
   endfacet
   facet normal -9.640865e-001 0.000000e+000 -2.655886e-001
      outer loop
         vertex 2.791057e+002 -2.705000e+002 1.195885e+003
         vertex 2.788971e+002 -2.585000e+002 1.196566e+003
         vertex 2.791057e+002 -2.585000e+002 1.195885e+003
      endloop
   endfacet
   facet normal -9.878993e-001 0.000000e+000 -1.550965e-001
      outer loop
         vertex 2.791057e+002 -2.705000e+002 1.195885e+003
         vertex 2.791057e+002 -2.585000e+002 1.195885e+003
         vertex 2.791962e+002 -2.705000e+002 1.195178e+003
      endloop
   endfacet
   facet normal -9.951036e-001 0.000000e+000 -9.883699e-002
      outer loop
         vertex 2.791962e+002 -2.705000e+002 1.195178e+003
         vertex 2.791057e+002 -2.585000e+002 1.195885e+003
         vertex 2.791962e+002 -2.585000e+002 1.195178e+003
      endloop
   endfacet
   facet normal -9.999007e-001 0.000000e+000 1.409025e-002
      outer loop
         vertex 2.791962e+002 -2.705000e+002 1.195178e+003
         vertex 2.791962e+002 -2.585000e+002 1.195178e+003
         vertex 2.791660e+002 -2.705000e+002 1.194466e+003
      endloop
   endfacet
   facet normal -9.974935e-001 0.000000e+000 7.075802e-002
      outer loop
         vertex 2.791660e+002 -2.705000e+002 1.194466e+003
         vertex 2.791962e+002 -2.585000e+002 1.195178e+003
         vertex 2.791660e+002 -2.585000e+002 1.194466e+003
      endloop
   endfacet
   facet normal -9.831368e-001 0.000000e+000 1.828716e-001
      outer loop
         vertex 2.791660e+002 -2.705000e+002 1.194466e+003
         vertex 2.791660e+002 -2.585000e+002 1.194466e+003
         vertex 2.790159e+002 -2.705000e+002 1.193770e+003
      endloop
   endfacet
   facet normal -9.711873e-001 0.000000e+000 2.383175e-001
      outer loop
         vertex 2.790159e+002 -2.705000e+002 1.193770e+003
         vertex 2.791660e+002 -2.585000e+002 1.194466e+003
         vertex 2.790159e+002 -2.585000e+002 1.193770e+003
      endloop
   endfacet
   facet normal -9.380898e-001 0.000000e+000 3.463921e-001
      outer loop
         vertex 2.790159e+002 -2.705000e+002 1.193770e+003
         vertex 2.790159e+002 -2.585000e+002 1.193770e+003
         vertex 2.787503e+002 -2.705000e+002 1.193109e+003
      endloop
   endfacet
   facet normal -9.169418e-001 0.000000e+000 3.990209e-001
      outer loop
         vertex 2.787503e+002 -2.705000e+002 1.193109e+003
         vertex 2.790159e+002 -2.585000e+002 1.193770e+003
         vertex 2.787503e+002 -2.585000e+002 1.193109e+003
      endloop
   endfacet
   facet normal -8.660557e-001 0.000000e+000 4.999475e-001
      outer loop
         vertex 2.787503e+002 -2.705000e+002 1.193109e+003
         vertex 2.787503e+002 -2.585000e+002 1.193109e+003
         vertex 2.783768e+002 -2.705000e+002 1.192502e+003
      endloop
   endfacet
   facet normal -8.363176e-001 0.000000e+000 5.482453e-001
      outer loop
         vertex 2.783768e+002 -2.705000e+002 1.192502e+003
         vertex 2.787503e+002 -2.585000e+002 1.193109e+003
         vertex 2.783768e+002 -2.585000e+002 1.192502e+003
      endloop
   endfacet
   facet normal -7.691067e-001 0.000000e+000 6.391203e-001
      outer loop
         vertex 2.783768e+002 -2.705000e+002 1.192502e+003
         vertex 2.783768e+002 -2.585000e+002 1.192502e+003
         vertex 2.779062e+002 -2.705000e+002 1.191968e+003
      endloop
   endfacet
   facet normal -7.316340e-001 0.000000e+000 6.816977e-001
      outer loop
         vertex 2.779062e+002 -2.705000e+002 1.191968e+003
         vertex 2.783768e+002 -2.585000e+002 1.192502e+003
         vertex 2.779062e+002 -2.585000e+002 1.191968e+003
      endloop
   endfacet
   facet normal -6.500320e-001 0.000000e+000 7.599069e-001
      outer loop
         vertex 2.779062e+002 -2.705000e+002 1.191968e+003
         vertex 2.779062e+002 -2.585000e+002 1.191968e+003
         vertex 2.773519e+002 -2.705000e+002 1.191520e+003
      endloop
   endfacet
   facet normal -6.059027e-001 0.000000e+000 7.955388e-001
      outer loop
         vertex 2.773519e+002 -2.705000e+002 1.191520e+003
         vertex 2.779062e+002 -2.585000e+002 1.191968e+003
         vertex 2.773519e+002 -2.585000e+002 1.191520e+003
      endloop
   endfacet
   facet normal -5.122570e-001 0.000000e+000 8.588322e-001
      outer loop
         vertex 2.773519e+002 -2.705000e+002 1.191520e+003
         vertex 2.773519e+002 -2.585000e+002 1.191520e+003
         vertex 2.767300e+002 -2.705000e+002 1.191173e+003
      endloop
   endfacet
   facet normal -4.627406e-001 0.000000e+000 8.864937e-001
      outer loop
         vertex 2.767300e+002 -2.705000e+002 1.191173e+003
         vertex 2.773519e+002 -2.585000e+002 1.191520e+003
         vertex 2.767300e+002 -2.585000e+002 1.191173e+003
      endloop
   endfacet
   facet normal -3.597453e-001 0.000000e+000 9.330506e-001
      outer loop
         vertex 2.767300e+002 -2.705000e+002 1.191173e+003
         vertex 2.767300e+002 -2.585000e+002 1.191173e+003
         vertex 2.760583e+002 -2.705000e+002 1.190936e+003
      endloop
   endfacet
   facet normal -3.062663e-001 0.000000e+000 9.519458e-001
      outer loop
         vertex 2.760583e+002 -2.705000e+002 1.190936e+003
         vertex 2.767300e+002 -2.585000e+002 1.191173e+003
         vertex 2.760583e+002 -2.585000e+002 1.190936e+003
      endloop
   endfacet
   facet normal -1.968844e-001 0.000000e+000 9.804267e-001
      outer loop
         vertex 2.760583e+002 -2.705000e+002 1.190936e+003
         vertex 2.760583e+002 -2.585000e+002 1.190936e+003
         vertex 2.753562e+002 -2.705000e+002 1.190815e+003
      endloop
   endfacet
   facet normal -1.409813e-001 0.000000e+000 9.900123e-001
      outer loop
         vertex 2.753562e+002 -2.705000e+002 1.190815e+003
         vertex 2.760583e+002 -2.585000e+002 1.190936e+003
         vertex 2.753562e+002 -2.585000e+002 1.190815e+003
      endloop
   endfacet
   facet normal -2.835944e-002 0.000000e+000 9.995977e-001
      outer loop
         vertex 2.753562e+002 -2.705000e+002 1.190815e+003
         vertex 2.753562e+002 -2.585000e+002 1.190815e+003
         vertex 2.746438e+002 -2.705000e+002 1.190815e+003
      endloop
   endfacet
   facet normal 2.835944e-002 0.000000e+000 9.995977e-001
      outer loop
         vertex 2.746438e+002 -2.705000e+002 1.190815e+003
         vertex 2.753562e+002 -2.585000e+002 1.190815e+003
         vertex 2.746438e+002 -2.585000e+002 1.190815e+003
      endloop
   endfacet
   facet normal 1.409813e-001 0.000000e+000 9.900123e-001
      outer loop
         vertex 2.746438e+002 -2.705000e+002 1.190815e+003
         vertex 2.746438e+002 -2.585000e+002 1.190815e+003
         vertex 2.739417e+002 -2.705000e+002 1.190936e+003
      endloop
   endfacet
   facet normal 1.968844e-001 0.000000e+000 9.804267e-001
      outer loop
         vertex 2.739417e+002 -2.705000e+002 1.190936e+003
         vertex 2.746438e+002 -2.585000e+002 1.190815e+003
         vertex 2.739417e+002 -2.585000e+002 1.190936e+003
      endloop
   endfacet
   facet normal 3.062663e-001 0.000000e+000 9.519458e-001
      outer loop
         vertex 2.739417e+002 -2.705000e+002 1.190936e+003
         vertex 2.739417e+002 -2.585000e+002 1.190936e+003
         vertex 2.732700e+002 -2.705000e+002 1.191173e+003
      endloop
   endfacet
   facet normal 3.597453e-001 0.000000e+000 9.330506e-001
      outer loop
         vertex 2.732700e+002 -2.705000e+002 1.191173e+003
         vertex 2.739417e+002 -2.585000e+002 1.190936e+003
         vertex 2.732700e+002 -2.585000e+002 1.191173e+003
      endloop
   endfacet
   facet normal 4.627406e-001 0.000000e+000 8.864937e-001
      outer loop
         vertex 2.732700e+002 -2.705000e+002 1.191173e+003
         vertex 2.732700e+002 -2.585000e+002 1.191173e+003
         vertex 2.726481e+002 -2.705000e+002 1.191520e+003
      endloop
   endfacet
   facet normal 5.122570e-001 0.000000e+000 8.588322e-001
      outer loop
         vertex 2.726481e+002 -2.705000e+002 1.191520e+003
         vertex 2.732700e+002 -2.585000e+002 1.191173e+003
         vertex 2.726481e+002 -2.585000e+002 1.191520e+003
      endloop
   endfacet
   facet normal 6.059027e-001 0.000000e+000 7.955388e-001
      outer loop
         vertex 2.726481e+002 -2.705000e+002 1.191520e+003
         vertex 2.726481e+002 -2.585000e+002 1.191520e+003
         vertex 2.720939e+002 -2.705000e+002 1.191968e+003
      endloop
   endfacet
   facet normal 6.500320e-001 0.000000e+000 7.599069e-001
      outer loop
         vertex 2.720939e+002 -2.705000e+002 1.191968e+003
         vertex 2.726481e+002 -2.585000e+002 1.191520e+003
         vertex 2.720939e+002 -2.585000e+002 1.191968e+003
      endloop
   endfacet
   facet normal 7.316340e-001 0.000000e+000 6.816977e-001
      outer loop
         vertex 2.720939e+002 -2.705000e+002 1.191968e+003
         vertex 2.720939e+002 -2.585000e+002 1.191968e+003
         vertex 2.716232e+002 -2.705000e+002 1.192502e+003
      endloop
   endfacet
   facet normal 7.691067e-001 0.000000e+000 6.391203e-001
      outer loop
         vertex 2.716232e+002 -2.705000e+002 1.192502e+003
         vertex 2.720939e+002 -2.585000e+002 1.191968e+003
         vertex 2.716232e+002 -2.585000e+002 1.192502e+003
      endloop
   endfacet
   facet normal 8.363176e-001 0.000000e+000 5.482453e-001
      outer loop
         vertex 2.716232e+002 -2.705000e+002 1.192502e+003
         vertex 2.716232e+002 -2.585000e+002 1.192502e+003
         vertex 2.712497e+002 -2.705000e+002 1.193109e+003
      endloop
   endfacet
   facet normal 8.660557e-001 0.000000e+000 4.999475e-001
      outer loop
         vertex 2.712497e+002 -2.705000e+002 1.193109e+003
         vertex 2.716232e+002 -2.585000e+002 1.192502e+003
         vertex 2.712497e+002 -2.585000e+002 1.193109e+003
      endloop
   endfacet
   facet normal 9.169418e-001 0.000000e+000 3.990209e-001
      outer loop
         vertex 2.712497e+002 -2.705000e+002 1.193109e+003
         vertex 2.712497e+002 -2.585000e+002 1.193109e+003
         vertex 2.709841e+002 -2.705000e+002 1.193770e+003
      endloop
   endfacet
   facet normal 9.380898e-001 0.000000e+000 3.463921e-001
      outer loop
         vertex 2.709841e+002 -2.705000e+002 1.193770e+003
         vertex 2.712497e+002 -2.585000e+002 1.193109e+003
         vertex 2.709841e+002 -2.585000e+002 1.193770e+003
      endloop
   endfacet
   facet normal 9.711873e-001 0.000000e+000 2.383175e-001
      outer loop
         vertex 2.709841e+002 -2.705000e+002 1.193770e+003
         vertex 2.709841e+002 -2.585000e+002 1.193770e+003
         vertex 2.708340e+002 -2.705000e+002 1.194466e+003
      endloop
   endfacet
   facet normal 9.831368e-001 0.000000e+000 1.828716e-001
      outer loop
         vertex 2.708340e+002 -2.705000e+002 1.194466e+003
         vertex 2.709841e+002 -2.585000e+002 1.193770e+003
         vertex 2.708340e+002 -2.585000e+002 1.194466e+003
      endloop
   endfacet
   facet normal 9.974935e-001 0.000000e+000 7.075802e-002
      outer loop
         vertex 2.708340e+002 -2.705000e+002 1.194466e+003
         vertex 2.708340e+002 -2.585000e+002 1.194466e+003
         vertex 2.708038e+002 -2.705000e+002 1.195178e+003
      endloop
   endfacet
   facet normal 9.999007e-001 0.000000e+000 1.409025e-002
      outer loop
         vertex 2.708038e+002 -2.705000e+002 1.195178e+003
         vertex 2.708340e+002 -2.585000e+002 1.194466e+003
         vertex 2.708038e+002 -2.585000e+002 1.195178e+003
      endloop
   endfacet
   facet normal 9.951036e-001 0.000000e+000 -9.883699e-002
      outer loop
         vertex 2.708038e+002 -2.705000e+002 1.195178e+003
         vertex 2.708038e+002 -2.585000e+002 1.195178e+003
         vertex 2.708943e+002 -2.705000e+002 1.195885e+003
      endloop
   endfacet
   facet normal 9.878993e-001 0.000000e+000 -1.550965e-001
      outer loop
         vertex 2.708943e+002 -2.705000e+002 1.195885e+003
         vertex 2.708038e+002 -2.585000e+002 1.195178e+003
         vertex 2.708943e+002 -2.585000e+002 1.195885e+003
      endloop
   endfacet
   facet normal 9.640865e-001 0.000000e+000 -2.655886e-001
      outer loop
         vertex 2.708943e+002 -2.705000e+002 1.195885e+003
         vertex 2.708943e+002 -2.585000e+002 1.195885e+003
         vertex 2.711029e+002 -2.705000e+002 1.196566e+003
      endloop
   endfacet
   facet normal 9.474779e-001 0.000000e+000 -3.198213e-001
      outer loop
         vertex 2.711029e+002 -2.705000e+002 1.196566e+003
         vertex 2.708943e+002 -2.585000e+002 1.195885e+003
         vertex 2.711029e+002 -2.585000e+002 1.196566e+003
      endloop
   endfacet
   facet normal 9.053342e-001 0.000000e+000 -4.246998e-001
      outer loop
         vertex 2.711029e+002 -2.705000e+002 1.196566e+003
         vertex 2.711029e+002 -2.585000e+002 1.196566e+003
         vertex 2.714236e+002 -2.705000e+002 1.197202e+003
      endloop
   endfacet
   facet normal 8.797992e-001 0.000000e+000 -4.753455e-001
      outer loop
         vertex 2.714236e+002 -2.705000e+002 1.197202e+003
         vertex 2.711029e+002 -2.585000e+002 1.196566e+003
         vertex 2.714236e+002 -2.585000e+002 1.197202e+003
      endloop
   endfacet
   facet normal 8.205372e-001 0.000000e+000 -5.715931e-001
      outer loop
         vertex 2.714236e+002 -2.705000e+002 1.197202e+003
         vertex 2.714236e+002 -2.585000e+002 1.197202e+003
         vertex 2.718472e+002 -2.705000e+002 1.197775e+003
      endloop
   endfacet
   facet normal 7.868103e-001 0.000000e+000 -6.171949e-001
      outer loop
         vertex 2.718472e+002 -2.705000e+002 1.197775e+003
         vertex 2.714236e+002 -2.585000e+002 1.197202e+003
         vertex 2.718472e+002 -2.585000e+002 1.197775e+003
      endloop
   endfacet
   facet normal 7.121348e-001 0.000000e+000 -7.020428e-001
      outer loop
         vertex 2.718472e+002 -2.705000e+002 1.197775e+003
         vertex 2.718472e+002 -2.585000e+002 1.197775e+003
         vertex 2.723615e+002 -2.705000e+002 1.198268e+003
      endloop
   endfacet
   facet normal 6.711863e-001 0.000000e+000 -7.412888e-001
      outer loop
         vertex 2.723615e+002 -2.705000e+002 1.198268e+003
         vertex 2.718472e+002 -2.585000e+002 1.197775e+003
         vertex 2.723615e+002 -2.585000e+002 1.198268e+003
      endloop
   endfacet
   facet normal 5.832456e-001 0.000000e+000 -8.122959e-001
      outer loop
         vertex 2.723615e+002 -2.705000e+002 1.198268e+003
         vertex 2.723615e+002 -2.585000e+002 1.198268e+003
         vertex 2.729517e+002 -2.705000e+002 1.198667e+003
      endloop
   endfacet
   facet normal 5.362535e-001 0.000000e+000 -8.440570e-001
      outer loop
         vertex 2.729517e+002 -2.705000e+002 1.198667e+003
         vertex 2.723615e+002 -2.585000e+002 1.198268e+003
         vertex 2.729517e+002 -2.585000e+002 1.198667e+003
      endloop
   endfacet
   facet normal 4.375775e-001 0.000000e+000 -8.991807e-001
      outer loop
         vertex 2.729517e+002 -2.705000e+002 1.198667e+003
         vertex 2.729517e+002 -2.585000e+002 1.198667e+003
         vertex 2.736008e+002 -2.705000e+002 1.198960e+003
      endloop
   endfacet
   facet normal 3.858936e-001 0.000000e+000 -9.225433e-001
      outer loop
         vertex 2.736008e+002 -2.705000e+002 1.198960e+003
         vertex 2.729517e+002 -2.585000e+002 1.198667e+003
         vertex 2.736008e+002 -2.585000e+002 1.198960e+003
      endloop
   endfacet
   facet normal 2.793211e-001 0.000000e+000 -9.601977e-001
      outer loop
         vertex 2.736008e+002 -2.705000e+002 1.198960e+003
         vertex 2.736008e+002 -2.585000e+002 1.198960e+003
         vertex 2.742902e+002 -2.705000e+002 1.199140e+003
      endloop
   endfacet
   facet normal 2.244324e-001 0.000000e+000 -9.744897e-001
      outer loop
         vertex 2.742902e+002 -2.705000e+002 1.199140e+003
         vertex 2.736008e+002 -2.585000e+002 1.198960e+003
         vertex 2.742902e+002 -2.585000e+002 1.199140e+003
      endloop
   endfacet
   facet normal 1.130291e-001 0.000000e+000 -9.935917e-001
      outer loop
         vertex 2.742902e+002 -2.705000e+002 1.199140e+003
         vertex 2.742902e+002 -2.585000e+002 1.199140e+003
         vertex 2.750000e+002 -2.705000e+002 1.199200e+003
      endloop
   endfacet
   facet normal 5.651454e-002 0.000000e+000 -9.984018e-001
      outer loop
         vertex 2.750000e+002 -2.705000e+002 1.199200e+003
         vertex 2.742902e+002 -2.585000e+002 1.199140e+003
         vertex 2.750000e+002 -2.585000e+002 1.199200e+003
      endloop
   endfacet
   facet normal -5.651454e-002 0.000000e+000 -9.984018e-001
      outer loop
         vertex 2.450000e+002 -2.705000e+002 1.199200e+003
         vertex 2.450000e+002 -2.585000e+002 1.199200e+003
         vertex 2.457098e+002 -2.705000e+002 1.199140e+003
      endloop
   endfacet
   facet normal -1.130291e-001 0.000000e+000 -9.935917e-001
      outer loop
         vertex 2.457098e+002 -2.705000e+002 1.199140e+003
         vertex 2.450000e+002 -2.585000e+002 1.199200e+003
         vertex 2.457098e+002 -2.585000e+002 1.199140e+003
      endloop
   endfacet
   facet normal -2.244324e-001 0.000000e+000 -9.744897e-001
      outer loop
         vertex 2.457098e+002 -2.705000e+002 1.199140e+003
         vertex 2.457098e+002 -2.585000e+002 1.199140e+003
         vertex 2.463992e+002 -2.705000e+002 1.198960e+003
      endloop
   endfacet
   facet normal -2.793211e-001 0.000000e+000 -9.601977e-001
      outer loop
         vertex 2.463992e+002 -2.705000e+002 1.198960e+003
         vertex 2.457098e+002 -2.585000e+002 1.199140e+003
         vertex 2.463992e+002 -2.585000e+002 1.198960e+003
      endloop
   endfacet
   facet normal -3.858936e-001 0.000000e+000 -9.225433e-001
      outer loop
         vertex 2.463992e+002 -2.705000e+002 1.198960e+003
         vertex 2.463992e+002 -2.585000e+002 1.198960e+003
         vertex 2.470483e+002 -2.705000e+002 1.198667e+003
      endloop
   endfacet
   facet normal -4.375775e-001 0.000000e+000 -8.991807e-001
      outer loop
         vertex 2.470483e+002 -2.705000e+002 1.198667e+003
         vertex 2.463992e+002 -2.585000e+002 1.198960e+003
         vertex 2.470483e+002 -2.585000e+002 1.198667e+003
      endloop
   endfacet
   facet normal -5.362535e-001 0.000000e+000 -8.440570e-001
      outer loop
         vertex 2.470483e+002 -2.705000e+002 1.198667e+003
         vertex 2.470483e+002 -2.585000e+002 1.198667e+003
         vertex 2.476385e+002 -2.705000e+002 1.198268e+003
      endloop
   endfacet
   facet normal -5.832456e-001 0.000000e+000 -8.122959e-001
      outer loop
         vertex 2.476385e+002 -2.705000e+002 1.198268e+003
         vertex 2.470483e+002 -2.585000e+002 1.198667e+003
         vertex 2.476385e+002 -2.585000e+002 1.198268e+003
      endloop
   endfacet
   facet normal -6.711863e-001 0.000000e+000 -7.412888e-001
      outer loop
         vertex 2.476385e+002 -2.705000e+002 1.198268e+003
         vertex 2.476385e+002 -2.585000e+002 1.198268e+003
         vertex 2.481528e+002 -2.705000e+002 1.197775e+003
      endloop
   endfacet
   facet normal -7.121348e-001 0.000000e+000 -7.020428e-001
      outer loop
         vertex 2.481528e+002 -2.705000e+002 1.197775e+003
         vertex 2.476385e+002 -2.585000e+002 1.198268e+003
         vertex 2.481528e+002 -2.585000e+002 1.197775e+003
      endloop
   endfacet
   facet normal -7.868103e-001 0.000000e+000 -6.171949e-001
      outer loop
         vertex 2.481528e+002 -2.705000e+002 1.197775e+003
         vertex 2.481528e+002 -2.585000e+002 1.197775e+003
         vertex 2.485764e+002 -2.705000e+002 1.197202e+003
      endloop
   endfacet
   facet normal -8.205372e-001 0.000000e+000 -5.715931e-001
      outer loop
         vertex 2.485764e+002 -2.705000e+002 1.197202e+003
         vertex 2.481528e+002 -2.585000e+002 1.197775e+003
         vertex 2.485764e+002 -2.585000e+002 1.197202e+003
      endloop
   endfacet
   facet normal -8.797992e-001 0.000000e+000 -4.753455e-001
      outer loop
         vertex 2.485764e+002 -2.705000e+002 1.197202e+003
         vertex 2.485764e+002 -2.585000e+002 1.197202e+003
         vertex 2.488971e+002 -2.705000e+002 1.196566e+003
      endloop
   endfacet
   facet normal -9.053342e-001 0.000000e+000 -4.246998e-001
      outer loop
         vertex 2.488971e+002 -2.705000e+002 1.196566e+003
         vertex 2.485764e+002 -2.585000e+002 1.197202e+003
         vertex 2.488971e+002 -2.585000e+002 1.196566e+003
      endloop
   endfacet
   facet normal -9.474779e-001 0.000000e+000 -3.198213e-001
      outer loop
         vertex 2.488971e+002 -2.705000e+002 1.196566e+003
         vertex 2.488971e+002 -2.585000e+002 1.196566e+003
         vertex 2.491057e+002 -2.705000e+002 1.195885e+003
      endloop
   endfacet
   facet normal -9.640865e-001 0.000000e+000 -2.655886e-001
      outer loop
         vertex 2.491057e+002 -2.705000e+002 1.195885e+003
         vertex 2.488971e+002 -2.585000e+002 1.196566e+003
         vertex 2.491057e+002 -2.585000e+002 1.195885e+003
      endloop
   endfacet
   facet normal -9.878993e-001 0.000000e+000 -1.550965e-001
      outer loop
         vertex 2.491057e+002 -2.705000e+002 1.195885e+003
         vertex 2.491057e+002 -2.585000e+002 1.195885e+003
         vertex 2.491962e+002 -2.705000e+002 1.195178e+003
      endloop
   endfacet
   facet normal -9.951036e-001 0.000000e+000 -9.883699e-002
      outer loop
         vertex 2.491962e+002 -2.705000e+002 1.195178e+003
         vertex 2.491057e+002 -2.585000e+002 1.195885e+003
         vertex 2.491962e+002 -2.585000e+002 1.195178e+003
      endloop
   endfacet
   facet normal -9.999007e-001 0.000000e+000 1.409025e-002
      outer loop
         vertex 2.491962e+002 -2.705000e+002 1.195178e+003
         vertex 2.491962e+002 -2.585000e+002 1.195178e+003
         vertex 2.491660e+002 -2.705000e+002 1.194466e+003
      endloop
   endfacet
   facet normal -9.974935e-001 0.000000e+000 7.075802e-002
      outer loop
         vertex 2.491660e+002 -2.705000e+002 1.194466e+003
         vertex 2.491962e+002 -2.585000e+002 1.195178e+003
         vertex 2.491660e+002 -2.585000e+002 1.194466e+003
      endloop
   endfacet
   facet normal -9.831368e-001 0.000000e+000 1.828716e-001
      outer loop
         vertex 2.491660e+002 -2.705000e+002 1.194466e+003
         vertex 2.491660e+002 -2.585000e+002 1.194466e+003
         vertex 2.490159e+002 -2.705000e+002 1.193770e+003
      endloop
   endfacet
   facet normal -9.711873e-001 0.000000e+000 2.383175e-001
      outer loop
         vertex 2.490159e+002 -2.705000e+002 1.193770e+003
         vertex 2.491660e+002 -2.585000e+002 1.194466e+003
         vertex 2.490159e+002 -2.585000e+002 1.193770e+003
      endloop
   endfacet
   facet normal -9.380898e-001 0.000000e+000 3.463921e-001
      outer loop
         vertex 2.490159e+002 -2.705000e+002 1.193770e+003
         vertex 2.490159e+002 -2.585000e+002 1.193770e+003
         vertex 2.487503e+002 -2.705000e+002 1.193109e+003
      endloop
   endfacet
   facet normal -9.169418e-001 0.000000e+000 3.990209e-001
      outer loop
         vertex 2.487503e+002 -2.705000e+002 1.193109e+003
         vertex 2.490159e+002 -2.585000e+002 1.193770e+003
         vertex 2.487503e+002 -2.585000e+002 1.193109e+003
      endloop
   endfacet
   facet normal -8.660557e-001 0.000000e+000 4.999475e-001
      outer loop
         vertex 2.487503e+002 -2.705000e+002 1.193109e+003
         vertex 2.487503e+002 -2.585000e+002 1.193109e+003
         vertex 2.483768e+002 -2.705000e+002 1.192502e+003
      endloop
   endfacet
   facet normal -8.363176e-001 0.000000e+000 5.482453e-001
      outer loop
         vertex 2.483768e+002 -2.705000e+002 1.192502e+003
         vertex 2.487503e+002 -2.585000e+002 1.193109e+003
         vertex 2.483768e+002 -2.585000e+002 1.192502e+003
      endloop
   endfacet
   facet normal -7.691067e-001 0.000000e+000 6.391203e-001
      outer loop
         vertex 2.483768e+002 -2.705000e+002 1.192502e+003
         vertex 2.483768e+002 -2.585000e+002 1.192502e+003
         vertex 2.479061e+002 -2.705000e+002 1.191968e+003
      endloop
   endfacet
   facet normal -7.316340e-001 0.000000e+000 6.816977e-001
      outer loop
         vertex 2.479061e+002 -2.705000e+002 1.191968e+003
         vertex 2.483768e+002 -2.585000e+002 1.192502e+003
         vertex 2.479061e+002 -2.585000e+002 1.191968e+003
      endloop
   endfacet
   facet normal -6.500320e-001 0.000000e+000 7.599069e-001
      outer loop
         vertex 2.479061e+002 -2.705000e+002 1.191968e+003
         vertex 2.479061e+002 -2.585000e+002 1.191968e+003
         vertex 2.473519e+002 -2.705000e+002 1.191520e+003
      endloop
   endfacet
   facet normal -6.059027e-001 0.000000e+000 7.955388e-001
      outer loop
         vertex 2.473519e+002 -2.705000e+002 1.191520e+003
         vertex 2.479061e+002 -2.585000e+002 1.191968e+003
         vertex 2.473519e+002 -2.585000e+002 1.191520e+003
      endloop
   endfacet
   facet normal -5.122570e-001 0.000000e+000 8.588322e-001
      outer loop
         vertex 2.473519e+002 -2.705000e+002 1.191520e+003
         vertex 2.473519e+002 -2.585000e+002 1.191520e+003
         vertex 2.467300e+002 -2.705000e+002 1.191173e+003
      endloop
   endfacet
   facet normal -4.627406e-001 0.000000e+000 8.864937e-001
      outer loop
         vertex 2.467300e+002 -2.705000e+002 1.191173e+003
         vertex 2.473519e+002 -2.585000e+002 1.191520e+003
         vertex 2.467300e+002 -2.585000e+002 1.191173e+003
      endloop
   endfacet
   facet normal -3.597453e-001 0.000000e+000 9.330506e-001
      outer loop
         vertex 2.467300e+002 -2.705000e+002 1.191173e+003
         vertex 2.467300e+002 -2.585000e+002 1.191173e+003
         vertex 2.460583e+002 -2.705000e+002 1.190936e+003
      endloop
   endfacet
   facet normal -3.062663e-001 0.000000e+000 9.519458e-001
      outer loop
         vertex 2.460583e+002 -2.705000e+002 1.190936e+003
         vertex 2.467300e+002 -2.585000e+002 1.191173e+003
         vertex 2.460583e+002 -2.585000e+002 1.190936e+003
      endloop
   endfacet
   facet normal -1.968844e-001 0.000000e+000 9.804267e-001
      outer loop
         vertex 2.460583e+002 -2.705000e+002 1.190936e+003
         vertex 2.460583e+002 -2.585000e+002 1.190936e+003
         vertex 2.453562e+002 -2.705000e+002 1.190815e+003
      endloop
   endfacet
   facet normal -1.409813e-001 0.000000e+000 9.900123e-001
      outer loop
         vertex 2.453562e+002 -2.705000e+002 1.190815e+003
         vertex 2.460583e+002 -2.585000e+002 1.190936e+003
         vertex 2.453562e+002 -2.585000e+002 1.190815e+003
      endloop
   endfacet
   facet normal -2.835944e-002 0.000000e+000 9.995977e-001
      outer loop
         vertex 2.453562e+002 -2.705000e+002 1.190815e+003
         vertex 2.453562e+002 -2.585000e+002 1.190815e+003
         vertex 2.446438e+002 -2.705000e+002 1.190815e+003
      endloop
   endfacet
   facet normal 2.835944e-002 0.000000e+000 9.995977e-001
      outer loop
         vertex 2.446438e+002 -2.705000e+002 1.190815e+003
         vertex 2.453562e+002 -2.585000e+002 1.190815e+003
         vertex 2.446438e+002 -2.585000e+002 1.190815e+003
      endloop
   endfacet
   facet normal 1.409813e-001 0.000000e+000 9.900123e-001
      outer loop
         vertex 2.446438e+002 -2.705000e+002 1.190815e+003
         vertex 2.446438e+002 -2.585000e+002 1.190815e+003
         vertex 2.439417e+002 -2.705000e+002 1.190936e+003
      endloop
   endfacet
   facet normal 1.968844e-001 0.000000e+000 9.804267e-001
      outer loop
         vertex 2.439417e+002 -2.705000e+002 1.190936e+003
         vertex 2.446438e+002 -2.585000e+002 1.190815e+003
         vertex 2.439417e+002 -2.585000e+002 1.190936e+003
      endloop
   endfacet
   facet normal 3.062663e-001 0.000000e+000 9.519458e-001
      outer loop
         vertex 2.439417e+002 -2.705000e+002 1.190936e+003
         vertex 2.439417e+002 -2.585000e+002 1.190936e+003
         vertex 2.432700e+002 -2.705000e+002 1.191173e+003
      endloop
   endfacet
   facet normal 3.597453e-001 0.000000e+000 9.330506e-001
      outer loop
         vertex 2.432700e+002 -2.705000e+002 1.191173e+003
         vertex 2.439417e+002 -2.585000e+002 1.190936e+003
         vertex 2.432700e+002 -2.585000e+002 1.191173e+003
      endloop
   endfacet
   facet normal 4.627406e-001 0.000000e+000 8.864937e-001
      outer loop
         vertex 2.432700e+002 -2.705000e+002 1.191173e+003
         vertex 2.432700e+002 -2.585000e+002 1.191173e+003
         vertex 2.426481e+002 -2.705000e+002 1.191520e+003
      endloop
   endfacet
   facet normal 5.122570e-001 0.000000e+000 8.588322e-001
      outer loop
         vertex 2.426481e+002 -2.705000e+002 1.191520e+003
         vertex 2.432700e+002 -2.585000e+002 1.191173e+003
         vertex 2.426481e+002 -2.585000e+002 1.191520e+003
      endloop
   endfacet
   facet normal 6.059027e-001 0.000000e+000 7.955388e-001
      outer loop
         vertex 2.426481e+002 -2.705000e+002 1.191520e+003
         vertex 2.426481e+002 -2.585000e+002 1.191520e+003
         vertex 2.420939e+002 -2.705000e+002 1.191968e+003
      endloop
   endfacet
   facet normal 6.500320e-001 0.000000e+000 7.599069e-001
      outer loop
         vertex 2.420939e+002 -2.705000e+002 1.191968e+003
         vertex 2.426481e+002 -2.585000e+002 1.191520e+003
         vertex 2.420939e+002 -2.585000e+002 1.191968e+003
      endloop
   endfacet
   facet normal 7.316340e-001 0.000000e+000 6.816977e-001
      outer loop
         vertex 2.420939e+002 -2.705000e+002 1.191968e+003
         vertex 2.420939e+002 -2.585000e+002 1.191968e+003
         vertex 2.416232e+002 -2.705000e+002 1.192502e+003
      endloop
   endfacet
   facet normal 7.691067e-001 0.000000e+000 6.391203e-001
      outer loop
         vertex 2.416232e+002 -2.705000e+002 1.192502e+003
         vertex 2.420939e+002 -2.585000e+002 1.191968e+003
         vertex 2.416232e+002 -2.585000e+002 1.192502e+003
      endloop
   endfacet
   facet normal 8.363176e-001 0.000000e+000 5.482453e-001
      outer loop
         vertex 2.416232e+002 -2.705000e+002 1.192502e+003
         vertex 2.416232e+002 -2.585000e+002 1.192502e+003
         vertex 2.412497e+002 -2.705000e+002 1.193109e+003
      endloop
   endfacet
   facet normal 8.660557e-001 0.000000e+000 4.999475e-001
      outer loop
         vertex 2.412497e+002 -2.705000e+002 1.193109e+003
         vertex 2.416232e+002 -2.585000e+002 1.192502e+003
         vertex 2.412497e+002 -2.585000e+002 1.193109e+003
      endloop
   endfacet
   facet normal 9.169418e-001 0.000000e+000 3.990209e-001
      outer loop
         vertex 2.412497e+002 -2.705000e+002 1.193109e+003
         vertex 2.412497e+002 -2.585000e+002 1.193109e+003
         vertex 2.409841e+002 -2.705000e+002 1.193770e+003
      endloop
   endfacet
   facet normal 9.380898e-001 0.000000e+000 3.463921e-001
      outer loop
         vertex 2.409841e+002 -2.705000e+002 1.193770e+003
         vertex 2.412497e+002 -2.585000e+002 1.193109e+003
         vertex 2.409841e+002 -2.585000e+002 1.193770e+003
      endloop
   endfacet
   facet normal 9.711873e-001 0.000000e+000 2.383175e-001
      outer loop
         vertex 2.409841e+002 -2.705000e+002 1.193770e+003
         vertex 2.409841e+002 -2.585000e+002 1.193770e+003
         vertex 2.408340e+002 -2.705000e+002 1.194466e+003
      endloop
   endfacet
   facet normal 9.831368e-001 0.000000e+000 1.828716e-001
      outer loop
         vertex 2.408340e+002 -2.705000e+002 1.194466e+003
         vertex 2.409841e+002 -2.585000e+002 1.193770e+003
         vertex 2.408340e+002 -2.585000e+002 1.194466e+003
      endloop
   endfacet
   facet normal 9.974935e-001 0.000000e+000 7.075802e-002
      outer loop
         vertex 2.408340e+002 -2.705000e+002 1.194466e+003
         vertex 2.408340e+002 -2.585000e+002 1.194466e+003
         vertex 2.408038e+002 -2.705000e+002 1.195178e+003
      endloop
   endfacet
   facet normal 9.999007e-001 0.000000e+000 1.409025e-002
      outer loop
         vertex 2.408038e+002 -2.705000e+002 1.195178e+003
         vertex 2.408340e+002 -2.585000e+002 1.194466e+003
         vertex 2.408038e+002 -2.585000e+002 1.195178e+003
      endloop
   endfacet
   facet normal 9.951036e-001 0.000000e+000 -9.883699e-002
      outer loop
         vertex 2.408038e+002 -2.705000e+002 1.195178e+003
         vertex 2.408038e+002 -2.585000e+002 1.195178e+003
         vertex 2.408943e+002 -2.705000e+002 1.195885e+003
      endloop
   endfacet
   facet normal 9.878993e-001 0.000000e+000 -1.550965e-001
      outer loop
         vertex 2.408943e+002 -2.705000e+002 1.195885e+003
         vertex 2.408038e+002 -2.585000e+002 1.195178e+003
         vertex 2.408943e+002 -2.585000e+002 1.195885e+003
      endloop
   endfacet
   facet normal 9.640865e-001 0.000000e+000 -2.655886e-001
      outer loop
         vertex 2.408943e+002 -2.705000e+002 1.195885e+003
         vertex 2.408943e+002 -2.585000e+002 1.195885e+003
         vertex 2.411029e+002 -2.705000e+002 1.196566e+003
      endloop
   endfacet
   facet normal 9.474779e-001 0.000000e+000 -3.198213e-001
      outer loop
         vertex 2.411029e+002 -2.705000e+002 1.196566e+003
         vertex 2.408943e+002 -2.585000e+002 1.195885e+003
         vertex 2.411029e+002 -2.585000e+002 1.196566e+003
      endloop
   endfacet
   facet normal 9.053342e-001 0.000000e+000 -4.246998e-001
      outer loop
         vertex 2.411029e+002 -2.705000e+002 1.196566e+003
         vertex 2.411029e+002 -2.585000e+002 1.196566e+003
         vertex 2.414236e+002 -2.705000e+002 1.197202e+003
      endloop
   endfacet
   facet normal 8.797992e-001 0.000000e+000 -4.753455e-001
      outer loop
         vertex 2.414236e+002 -2.705000e+002 1.197202e+003
         vertex 2.411029e+002 -2.585000e+002 1.196566e+003
         vertex 2.414236e+002 -2.585000e+002 1.197202e+003
      endloop
   endfacet
   facet normal 8.205372e-001 0.000000e+000 -5.715931e-001
      outer loop
         vertex 2.414236e+002 -2.705000e+002 1.197202e+003
         vertex 2.414236e+002 -2.585000e+002 1.197202e+003
         vertex 2.418472e+002 -2.705000e+002 1.197775e+003
      endloop
   endfacet
   facet normal 7.868103e-001 0.000000e+000 -6.171949e-001
      outer loop
         vertex 2.418472e+002 -2.705000e+002 1.197775e+003
         vertex 2.414236e+002 -2.585000e+002 1.197202e+003
         vertex 2.418472e+002 -2.585000e+002 1.197775e+003
      endloop
   endfacet
   facet normal 7.121348e-001 0.000000e+000 -7.020428e-001
      outer loop
         vertex 2.418472e+002 -2.705000e+002 1.197775e+003
         vertex 2.418472e+002 -2.585000e+002 1.197775e+003
         vertex 2.423615e+002 -2.705000e+002 1.198268e+003
      endloop
   endfacet
   facet normal 6.711863e-001 0.000000e+000 -7.412888e-001
      outer loop
         vertex 2.423615e+002 -2.705000e+002 1.198268e+003
         vertex 2.418472e+002 -2.585000e+002 1.197775e+003
         vertex 2.423615e+002 -2.585000e+002 1.198268e+003
      endloop
   endfacet
   facet normal 5.832456e-001 0.000000e+000 -8.122959e-001
      outer loop
         vertex 2.423615e+002 -2.705000e+002 1.198268e+003
         vertex 2.423615e+002 -2.585000e+002 1.198268e+003
         vertex 2.429517e+002 -2.705000e+002 1.198667e+003
      endloop
   endfacet
   facet normal 5.362535e-001 0.000000e+000 -8.440570e-001
      outer loop
         vertex 2.429517e+002 -2.705000e+002 1.198667e+003
         vertex 2.423615e+002 -2.585000e+002 1.198268e+003
         vertex 2.429517e+002 -2.585000e+002 1.198667e+003
      endloop
   endfacet
   facet normal 4.375775e-001 0.000000e+000 -8.991807e-001
      outer loop
         vertex 2.429517e+002 -2.705000e+002 1.198667e+003
         vertex 2.429517e+002 -2.585000e+002 1.198667e+003
         vertex 2.436008e+002 -2.705000e+002 1.198960e+003
      endloop
   endfacet
   facet normal 3.858936e-001 0.000000e+000 -9.225433e-001
      outer loop
         vertex 2.436008e+002 -2.705000e+002 1.198960e+003
         vertex 2.429517e+002 -2.585000e+002 1.198667e+003
         vertex 2.436008e+002 -2.585000e+002 1.198960e+003
      endloop
   endfacet
   facet normal 2.793211e-001 0.000000e+000 -9.601977e-001
      outer loop
         vertex 2.436008e+002 -2.705000e+002 1.198960e+003
         vertex 2.436008e+002 -2.585000e+002 1.198960e+003
         vertex 2.442902e+002 -2.705000e+002 1.199140e+003
      endloop
   endfacet
   facet normal 2.244324e-001 0.000000e+000 -9.744897e-001
      outer loop
         vertex 2.442902e+002 -2.705000e+002 1.199140e+003
         vertex 2.436008e+002 -2.585000e+002 1.198960e+003
         vertex 2.442902e+002 -2.585000e+002 1.199140e+003
      endloop
   endfacet
   facet normal 1.130291e-001 0.000000e+000 -9.935917e-001
      outer loop
         vertex 2.442902e+002 -2.705000e+002 1.199140e+003
         vertex 2.442902e+002 -2.585000e+002 1.199140e+003
         vertex 2.450000e+002 -2.705000e+002 1.199200e+003
      endloop
   endfacet
   facet normal 5.651454e-002 0.000000e+000 -9.984018e-001
      outer loop
         vertex 2.450000e+002 -2.705000e+002 1.199200e+003
         vertex 2.442902e+002 -2.585000e+002 1.199140e+003
         vertex 2.450000e+002 -2.585000e+002 1.199200e+003
      endloop
   endfacet
   facet normal -5.651454e-002 0.000000e+000 -9.984018e-001
      outer loop
         vertex 2.750000e+002 -2.765000e+002 8.692000e+002
         vertex 2.750000e+002 -2.645000e+002 8.692000e+002
         vertex 2.757098e+002 -2.765000e+002 8.691396e+002
      endloop
   endfacet
   facet normal -1.130291e-001 0.000000e+000 -9.935917e-001
      outer loop
         vertex 2.757098e+002 -2.765000e+002 8.691396e+002
         vertex 2.750000e+002 -2.645000e+002 8.692000e+002
         vertex 2.757098e+002 -2.645000e+002 8.691396e+002
      endloop
   endfacet
   facet normal -2.244324e-001 0.000000e+000 -9.744897e-001
      outer loop
         vertex 2.757098e+002 -2.765000e+002 8.691396e+002
         vertex 2.757098e+002 -2.645000e+002 8.691396e+002
         vertex 2.763992e+002 -2.765000e+002 8.689601e+002
      endloop
   endfacet
   facet normal -2.793211e-001 0.000000e+000 -9.601977e-001
      outer loop
         vertex 2.763992e+002 -2.765000e+002 8.689601e+002
         vertex 2.757098e+002 -2.645000e+002 8.691396e+002
         vertex 2.763992e+002 -2.645000e+002 8.689601e+002
      endloop
   endfacet
   facet normal -3.858936e-001 0.000000e+000 -9.225433e-001
      outer loop
         vertex 2.763992e+002 -2.765000e+002 8.689601e+002
         vertex 2.763992e+002 -2.645000e+002 8.689601e+002
         vertex 2.770483e+002 -2.765000e+002 8.686666e+002
      endloop
   endfacet
   facet normal -4.375775e-001 0.000000e+000 -8.991807e-001
      outer loop
         vertex 2.770483e+002 -2.765000e+002 8.686666e+002
         vertex 2.763992e+002 -2.645000e+002 8.689601e+002
         vertex 2.770483e+002 -2.645000e+002 8.686666e+002
      endloop
   endfacet
   facet normal -5.362535e-001 0.000000e+000 -8.440570e-001
      outer loop
         vertex 2.770483e+002 -2.765000e+002 8.686666e+002
         vertex 2.770483e+002 -2.645000e+002 8.686666e+002
         vertex 2.776385e+002 -2.765000e+002 8.682678e+002
      endloop
   endfacet
   facet normal -5.832456e-001 0.000000e+000 -8.122959e-001
      outer loop
         vertex 2.776385e+002 -2.765000e+002 8.682678e+002
         vertex 2.770483e+002 -2.645000e+002 8.686666e+002
         vertex 2.776385e+002 -2.645000e+002 8.682678e+002
      endloop
   endfacet
   facet normal -6.711863e-001 0.000000e+000 -7.412888e-001
      outer loop
         vertex 2.776385e+002 -2.765000e+002 8.682678e+002
         vertex 2.776385e+002 -2.645000e+002 8.682678e+002
         vertex 2.781528e+002 -2.765000e+002 8.677748e+002
      endloop
   endfacet
   facet normal -7.121348e-001 0.000000e+000 -7.020428e-001
      outer loop
         vertex 2.781528e+002 -2.765000e+002 8.677748e+002
         vertex 2.776385e+002 -2.645000e+002 8.682678e+002
         vertex 2.781528e+002 -2.645000e+002 8.677748e+002
      endloop
   endfacet
   facet normal -7.868103e-001 0.000000e+000 -6.171949e-001
      outer loop
         vertex 2.781528e+002 -2.765000e+002 8.677748e+002
         vertex 2.781528e+002 -2.645000e+002 8.677748e+002
         vertex 2.785764e+002 -2.765000e+002 8.672021e+002
      endloop
   endfacet
   facet normal -8.205372e-001 0.000000e+000 -5.715931e-001
      outer loop
         vertex 2.785764e+002 -2.765000e+002 8.672021e+002
         vertex 2.781528e+002 -2.645000e+002 8.677748e+002
         vertex 2.785764e+002 -2.645000e+002 8.672021e+002
      endloop
   endfacet
   facet normal -8.797992e-001 0.000000e+000 -4.753455e-001
      outer loop
         vertex 2.785764e+002 -2.765000e+002 8.672021e+002
         vertex 2.785764e+002 -2.645000e+002 8.672021e+002
         vertex 2.788971e+002 -2.765000e+002 8.665660e+002
      endloop
   endfacet
   facet normal -9.053342e-001 0.000000e+000 -4.246998e-001
      outer loop
         vertex 2.788971e+002 -2.765000e+002 8.665660e+002
         vertex 2.785764e+002 -2.645000e+002 8.672021e+002
         vertex 2.788971e+002 -2.645000e+002 8.665660e+002
      endloop
   endfacet
   facet normal -9.474779e-001 0.000000e+000 -3.198213e-001
      outer loop
         vertex 2.788971e+002 -2.765000e+002 8.665660e+002
         vertex 2.788971e+002 -2.645000e+002 8.665660e+002
         vertex 2.791057e+002 -2.765000e+002 8.658848e+002
      endloop
   endfacet
   facet normal -9.640865e-001 0.000000e+000 -2.655886e-001
      outer loop
         vertex 2.791057e+002 -2.765000e+002 8.658848e+002
         vertex 2.788971e+002 -2.645000e+002 8.665660e+002
         vertex 2.791057e+002 -2.645000e+002 8.658848e+002
      endloop
   endfacet
   facet normal -9.878993e-001 0.000000e+000 -1.550965e-001
      outer loop
         vertex 2.791057e+002 -2.765000e+002 8.658848e+002
         vertex 2.791057e+002 -2.645000e+002 8.658848e+002
         vertex 2.791962e+002 -2.765000e+002 8.651782e+002
      endloop
   endfacet
   facet normal -9.951036e-001 0.000000e+000 -9.883699e-002
      outer loop
         vertex 2.791962e+002 -2.765000e+002 8.651782e+002
         vertex 2.791057e+002 -2.645000e+002 8.658848e+002
         vertex 2.791962e+002 -2.645000e+002 8.651782e+002
      endloop
   endfacet
   facet normal -9.999007e-001 0.000000e+000 1.409025e-002
      outer loop
         vertex 2.791962e+002 -2.765000e+002 8.651782e+002
         vertex 2.791962e+002 -2.645000e+002 8.651782e+002
         vertex 2.791660e+002 -2.765000e+002 8.644666e+002
      endloop
   endfacet
   facet normal -9.974935e-001 0.000000e+000 7.075802e-002
      outer loop
         vertex 2.791660e+002 -2.765000e+002 8.644666e+002
         vertex 2.791962e+002 -2.645000e+002 8.651782e+002
         vertex 2.791660e+002 -2.645000e+002 8.644666e+002
      endloop
   endfacet
   facet normal -9.831368e-001 0.000000e+000 1.828716e-001
      outer loop
         vertex 2.791660e+002 -2.765000e+002 8.644666e+002
         vertex 2.791660e+002 -2.645000e+002 8.644666e+002
         vertex 2.790159e+002 -2.765000e+002 8.637701e+002
      endloop
   endfacet
   facet normal -9.711873e-001 0.000000e+000 2.383175e-001
      outer loop
         vertex 2.790159e+002 -2.765000e+002 8.637701e+002
         vertex 2.791660e+002 -2.645000e+002 8.644666e+002
         vertex 2.790159e+002 -2.645000e+002 8.637701e+002
      endloop
   endfacet
   facet normal -9.380898e-001 0.000000e+000 3.463921e-001
      outer loop
         vertex 2.790159e+002 -2.765000e+002 8.637701e+002
         vertex 2.790159e+002 -2.645000e+002 8.637701e+002
         vertex 2.787503e+002 -2.765000e+002 8.631092e+002
      endloop
   endfacet
   facet normal -9.169418e-001 0.000000e+000 3.990209e-001
      outer loop
         vertex 2.787503e+002 -2.765000e+002 8.631092e+002
         vertex 2.790159e+002 -2.645000e+002 8.637701e+002
         vertex 2.787503e+002 -2.645000e+002 8.631092e+002
      endloop
   endfacet
   facet normal -8.660557e-001 0.000000e+000 4.999475e-001
      outer loop
         vertex 2.787503e+002 -2.765000e+002 8.631092e+002
         vertex 2.787503e+002 -2.645000e+002 8.631092e+002
         vertex 2.783768e+002 -2.765000e+002 8.625025e+002
      endloop
   endfacet
   facet normal -8.363176e-001 0.000000e+000 5.482453e-001
      outer loop
         vertex 2.783768e+002 -2.765000e+002 8.625025e+002
         vertex 2.787503e+002 -2.645000e+002 8.631092e+002
         vertex 2.783768e+002 -2.645000e+002 8.625025e+002
      endloop
   endfacet
   facet normal -7.691067e-001 0.000000e+000 6.391203e-001
      outer loop
         vertex 2.783768e+002 -2.765000e+002 8.625025e+002
         vertex 2.783768e+002 -2.645000e+002 8.625025e+002
         vertex 2.779062e+002 -2.765000e+002 8.619678e+002
      endloop
   endfacet
   facet normal -7.316340e-001 0.000000e+000 6.816977e-001
      outer loop
         vertex 2.779062e+002 -2.765000e+002 8.619678e+002
         vertex 2.783768e+002 -2.645000e+002 8.625025e+002
         vertex 2.779062e+002 -2.645000e+002 8.619678e+002
      endloop
   endfacet
   facet normal -6.500320e-001 0.000000e+000 7.599069e-001
      outer loop
         vertex 2.779062e+002 -2.765000e+002 8.619678e+002
         vertex 2.779062e+002 -2.645000e+002 8.619678e+002
         vertex 2.773519e+002 -2.765000e+002 8.615202e+002
      endloop
   endfacet
   facet normal -6.059027e-001 0.000000e+000 7.955388e-001
      outer loop
         vertex 2.773519e+002 -2.765000e+002 8.615202e+002
         vertex 2.779062e+002 -2.645000e+002 8.619678e+002
         vertex 2.773519e+002 -2.645000e+002 8.615202e+002
      endloop
   endfacet
   facet normal -5.122570e-001 0.000000e+000 8.588322e-001
      outer loop
         vertex 2.773519e+002 -2.765000e+002 8.615202e+002
         vertex 2.773519e+002 -2.645000e+002 8.615202e+002
         vertex 2.767300e+002 -2.765000e+002 8.611729e+002
      endloop
   endfacet
   facet normal -4.627406e-001 0.000000e+000 8.864937e-001
      outer loop
         vertex 2.767300e+002 -2.765000e+002 8.611729e+002
         vertex 2.773519e+002 -2.645000e+002 8.615202e+002
         vertex 2.767300e+002 -2.645000e+002 8.611729e+002
      endloop
   endfacet
   facet normal -3.597453e-001 0.000000e+000 9.330506e-001
      outer loop
         vertex 2.767300e+002 -2.765000e+002 8.611729e+002
         vertex 2.767300e+002 -2.645000e+002 8.611729e+002
         vertex 2.760583e+002 -2.765000e+002 8.609355e+002
      endloop
   endfacet
   facet normal -3.062663e-001 0.000000e+000 9.519458e-001
      outer loop
         vertex 2.760583e+002 -2.765000e+002 8.609355e+002
         vertex 2.767300e+002 -2.645000e+002 8.611729e+002
         vertex 2.760583e+002 -2.645000e+002 8.609355e+002
      endloop
   endfacet
   facet normal -1.968844e-001 0.000000e+000 9.804267e-001
      outer loop
         vertex 2.760583e+002 -2.765000e+002 8.609355e+002
         vertex 2.760583e+002 -2.645000e+002 8.609355e+002
         vertex 2.753562e+002 -2.765000e+002 8.608151e+002
      endloop
   endfacet
   facet normal -1.409813e-001 0.000000e+000 9.900123e-001
      outer loop
         vertex 2.753562e+002 -2.765000e+002 8.608151e+002
         vertex 2.760583e+002 -2.645000e+002 8.609355e+002
         vertex 2.753562e+002 -2.645000e+002 8.608151e+002
      endloop
   endfacet
   facet normal -2.835944e-002 0.000000e+000 9.995977e-001
      outer loop
         vertex 2.753562e+002 -2.765000e+002 8.608151e+002
         vertex 2.753562e+002 -2.645000e+002 8.608151e+002
         vertex 2.746438e+002 -2.765000e+002 8.608151e+002
      endloop
   endfacet
   facet normal 2.835944e-002 0.000000e+000 9.995977e-001
      outer loop
         vertex 2.746438e+002 -2.765000e+002 8.608151e+002
         vertex 2.753562e+002 -2.645000e+002 8.608151e+002
         vertex 2.746438e+002 -2.645000e+002 8.608151e+002
      endloop
   endfacet
   facet normal 1.409813e-001 0.000000e+000 9.900123e-001
      outer loop
         vertex 2.746438e+002 -2.765000e+002 8.608151e+002
         vertex 2.746438e+002 -2.645000e+002 8.608151e+002
         vertex 2.739417e+002 -2.765000e+002 8.609355e+002
      endloop
   endfacet
   facet normal 1.968844e-001 0.000000e+000 9.804267e-001
      outer loop
         vertex 2.739417e+002 -2.765000e+002 8.609355e+002
         vertex 2.746438e+002 -2.645000e+002 8.608151e+002
         vertex 2.739417e+002 -2.645000e+002 8.609355e+002
      endloop
   endfacet
   facet normal 3.062663e-001 0.000000e+000 9.519458e-001
      outer loop
         vertex 2.739417e+002 -2.765000e+002 8.609355e+002
         vertex 2.739417e+002 -2.645000e+002 8.609355e+002
         vertex 2.732700e+002 -2.765000e+002 8.611729e+002
      endloop
   endfacet
   facet normal 3.597453e-001 0.000000e+000 9.330506e-001
      outer loop
         vertex 2.732700e+002 -2.765000e+002 8.611729e+002
         vertex 2.739417e+002 -2.645000e+002 8.609355e+002
         vertex 2.732700e+002 -2.645000e+002 8.611729e+002
      endloop
   endfacet
   facet normal 4.627406e-001 0.000000e+000 8.864937e-001
      outer loop
         vertex 2.732700e+002 -2.765000e+002 8.611729e+002
         vertex 2.732700e+002 -2.645000e+002 8.611729e+002
         vertex 2.726481e+002 -2.765000e+002 8.615202e+002
      endloop
   endfacet
   facet normal 5.122570e-001 0.000000e+000 8.588322e-001
      outer loop
         vertex 2.726481e+002 -2.765000e+002 8.615202e+002
         vertex 2.732700e+002 -2.645000e+002 8.611729e+002
         vertex 2.726481e+002 -2.645000e+002 8.615202e+002
      endloop
   endfacet
   facet normal 6.059027e-001 0.000000e+000 7.955388e-001
      outer loop
         vertex 2.726481e+002 -2.765000e+002 8.615202e+002
         vertex 2.726481e+002 -2.645000e+002 8.615202e+002
         vertex 2.720939e+002 -2.765000e+002 8.619678e+002
      endloop
   endfacet
   facet normal 6.500320e-001 0.000000e+000 7.599069e-001
      outer loop
         vertex 2.720939e+002 -2.765000e+002 8.619678e+002
         vertex 2.726481e+002 -2.645000e+002 8.615202e+002
         vertex 2.720939e+002 -2.645000e+002 8.619678e+002
      endloop
   endfacet
   facet normal 7.316340e-001 0.000000e+000 6.816977e-001
      outer loop
         vertex 2.720939e+002 -2.765000e+002 8.619678e+002
         vertex 2.720939e+002 -2.645000e+002 8.619678e+002
         vertex 2.716232e+002 -2.765000e+002 8.625025e+002
      endloop
   endfacet
   facet normal 7.691067e-001 0.000000e+000 6.391203e-001
      outer loop
         vertex 2.716232e+002 -2.765000e+002 8.625025e+002
         vertex 2.720939e+002 -2.645000e+002 8.619678e+002
         vertex 2.716232e+002 -2.645000e+002 8.625025e+002
      endloop
   endfacet
   facet normal 8.363176e-001 0.000000e+000 5.482453e-001
      outer loop
         vertex 2.716232e+002 -2.765000e+002 8.625025e+002
         vertex 2.716232e+002 -2.645000e+002 8.625025e+002
         vertex 2.712497e+002 -2.765000e+002 8.631092e+002
      endloop
   endfacet
   facet normal 8.660557e-001 0.000000e+000 4.999475e-001
      outer loop
         vertex 2.712497e+002 -2.765000e+002 8.631092e+002
         vertex 2.716232e+002 -2.645000e+002 8.625025e+002
         vertex 2.712497e+002 -2.645000e+002 8.631092e+002
      endloop
   endfacet
   facet normal 9.169418e-001 0.000000e+000 3.990209e-001
      outer loop
         vertex 2.712497e+002 -2.765000e+002 8.631092e+002
         vertex 2.712497e+002 -2.645000e+002 8.631092e+002
         vertex 2.709841e+002 -2.765000e+002 8.637701e+002
      endloop
   endfacet
   facet normal 9.380898e-001 0.000000e+000 3.463921e-001
      outer loop
         vertex 2.709841e+002 -2.765000e+002 8.637701e+002
         vertex 2.712497e+002 -2.645000e+002 8.631092e+002
         vertex 2.709841e+002 -2.645000e+002 8.637701e+002
      endloop
   endfacet
   facet normal 9.711873e-001 0.000000e+000 2.383175e-001
      outer loop
         vertex 2.709841e+002 -2.765000e+002 8.637701e+002
         vertex 2.709841e+002 -2.645000e+002 8.637701e+002
         vertex 2.708340e+002 -2.765000e+002 8.644666e+002
      endloop
   endfacet
   facet normal 9.831368e-001 0.000000e+000 1.828716e-001
      outer loop
         vertex 2.708340e+002 -2.765000e+002 8.644666e+002
         vertex 2.709841e+002 -2.645000e+002 8.637701e+002
         vertex 2.708340e+002 -2.645000e+002 8.644666e+002
      endloop
   endfacet
   facet normal 9.974935e-001 0.000000e+000 7.075802e-002
      outer loop
         vertex 2.708340e+002 -2.765000e+002 8.644666e+002
         vertex 2.708340e+002 -2.645000e+002 8.644666e+002
         vertex 2.708038e+002 -2.765000e+002 8.651782e+002
      endloop
   endfacet
   facet normal 9.999007e-001 0.000000e+000 1.409025e-002
      outer loop
         vertex 2.708038e+002 -2.765000e+002 8.651782e+002
         vertex 2.708340e+002 -2.645000e+002 8.644666e+002
         vertex 2.708038e+002 -2.645000e+002 8.651782e+002
      endloop
   endfacet
   facet normal 9.951036e-001 0.000000e+000 -9.883699e-002
      outer loop
         vertex 2.708038e+002 -2.765000e+002 8.651782e+002
         vertex 2.708038e+002 -2.645000e+002 8.651782e+002
         vertex 2.708943e+002 -2.765000e+002 8.658848e+002
      endloop
   endfacet
   facet normal 9.878993e-001 0.000000e+000 -1.550965e-001
      outer loop
         vertex 2.708943e+002 -2.765000e+002 8.658848e+002
         vertex 2.708038e+002 -2.645000e+002 8.651782e+002
         vertex 2.708943e+002 -2.645000e+002 8.658848e+002
      endloop
   endfacet
   facet normal 9.640865e-001 0.000000e+000 -2.655886e-001
      outer loop
         vertex 2.708943e+002 -2.765000e+002 8.658848e+002
         vertex 2.708943e+002 -2.645000e+002 8.658848e+002
         vertex 2.711029e+002 -2.765000e+002 8.665660e+002
      endloop
   endfacet
   facet normal 9.474779e-001 0.000000e+000 -3.198213e-001
      outer loop
         vertex 2.711029e+002 -2.765000e+002 8.665660e+002
         vertex 2.708943e+002 -2.645000e+002 8.658848e+002
         vertex 2.711029e+002 -2.645000e+002 8.665660e+002
      endloop
   endfacet
   facet normal 9.053342e-001 0.000000e+000 -4.246998e-001
      outer loop
         vertex 2.711029e+002 -2.765000e+002 8.665660e+002
         vertex 2.711029e+002 -2.645000e+002 8.665660e+002
         vertex 2.714236e+002 -2.765000e+002 8.672021e+002
      endloop
   endfacet
   facet normal 8.797992e-001 0.000000e+000 -4.753455e-001
      outer loop
         vertex 2.714236e+002 -2.765000e+002 8.672021e+002
         vertex 2.711029e+002 -2.645000e+002 8.665660e+002
         vertex 2.714236e+002 -2.645000e+002 8.672021e+002
      endloop
   endfacet
   facet normal 8.205372e-001 0.000000e+000 -5.715931e-001
      outer loop
         vertex 2.714236e+002 -2.765000e+002 8.672021e+002
         vertex 2.714236e+002 -2.645000e+002 8.672021e+002
         vertex 2.718472e+002 -2.765000e+002 8.677748e+002
      endloop
   endfacet
   facet normal 7.868103e-001 0.000000e+000 -6.171949e-001
      outer loop
         vertex 2.718472e+002 -2.765000e+002 8.677748e+002
         vertex 2.714236e+002 -2.645000e+002 8.672021e+002
         vertex 2.718472e+002 -2.645000e+002 8.677748e+002
      endloop
   endfacet
   facet normal 7.121348e-001 0.000000e+000 -7.020428e-001
      outer loop
         vertex 2.718472e+002 -2.765000e+002 8.677748e+002
         vertex 2.718472e+002 -2.645000e+002 8.677748e+002
         vertex 2.723615e+002 -2.765000e+002 8.682678e+002
      endloop
   endfacet
   facet normal 6.711863e-001 0.000000e+000 -7.412888e-001
      outer loop
         vertex 2.723615e+002 -2.765000e+002 8.682678e+002
         vertex 2.718472e+002 -2.645000e+002 8.677748e+002
         vertex 2.723615e+002 -2.645000e+002 8.682678e+002
      endloop
   endfacet
   facet normal 5.832456e-001 0.000000e+000 -8.122959e-001
      outer loop
         vertex 2.723615e+002 -2.765000e+002 8.682678e+002
         vertex 2.723615e+002 -2.645000e+002 8.682678e+002
         vertex 2.729517e+002 -2.765000e+002 8.686666e+002
      endloop
   endfacet
   facet normal 5.362535e-001 0.000000e+000 -8.440570e-001
      outer loop
         vertex 2.729517e+002 -2.765000e+002 8.686666e+002
         vertex 2.723615e+002 -2.645000e+002 8.682678e+002
         vertex 2.729517e+002 -2.645000e+002 8.686666e+002
      endloop
   endfacet
   facet normal 4.375775e-001 0.000000e+000 -8.991807e-001
      outer loop
         vertex 2.729517e+002 -2.765000e+002 8.686666e+002
         vertex 2.729517e+002 -2.645000e+002 8.686666e+002
         vertex 2.736008e+002 -2.765000e+002 8.689601e+002
      endloop
   endfacet
   facet normal 3.858936e-001 0.000000e+000 -9.225433e-001
      outer loop
         vertex 2.736008e+002 -2.765000e+002 8.689601e+002
         vertex 2.729517e+002 -2.645000e+002 8.686666e+002
         vertex 2.736008e+002 -2.645000e+002 8.689601e+002
      endloop
   endfacet
   facet normal 2.793211e-001 0.000000e+000 -9.601977e-001
      outer loop
         vertex 2.736008e+002 -2.765000e+002 8.689601e+002
         vertex 2.736008e+002 -2.645000e+002 8.689601e+002
         vertex 2.742902e+002 -2.765000e+002 8.691396e+002
      endloop
   endfacet
   facet normal 2.244324e-001 0.000000e+000 -9.744897e-001
      outer loop
         vertex 2.742902e+002 -2.765000e+002 8.691396e+002
         vertex 2.736008e+002 -2.645000e+002 8.689601e+002
         vertex 2.742902e+002 -2.645000e+002 8.691396e+002
      endloop
   endfacet
   facet normal 1.130291e-001 0.000000e+000 -9.935917e-001
      outer loop
         vertex 2.742902e+002 -2.765000e+002 8.691396e+002
         vertex 2.742902e+002 -2.645000e+002 8.691396e+002
         vertex 2.750000e+002 -2.765000e+002 8.692000e+002
      endloop
   endfacet
   facet normal 5.651454e-002 0.000000e+000 -9.984018e-001
      outer loop
         vertex 2.750000e+002 -2.765000e+002 8.692000e+002
         vertex 2.742902e+002 -2.645000e+002 8.691396e+002
         vertex 2.750000e+002 -2.645000e+002 8.692000e+002
      endloop
   endfacet
   facet normal -5.651454e-002 0.000000e+000 -9.984018e-001
      outer loop
         vertex 2.450000e+002 -2.765000e+002 8.692000e+002
         vertex 2.450000e+002 -2.645000e+002 8.692000e+002
         vertex 2.457098e+002 -2.765000e+002 8.691396e+002
      endloop
   endfacet
   facet normal -1.130291e-001 0.000000e+000 -9.935917e-001
      outer loop
         vertex 2.457098e+002 -2.765000e+002 8.691396e+002
         vertex 2.450000e+002 -2.645000e+002 8.692000e+002
         vertex 2.457098e+002 -2.645000e+002 8.691396e+002
      endloop
   endfacet
   facet normal -2.244324e-001 0.000000e+000 -9.744897e-001
      outer loop
         vertex 2.457098e+002 -2.765000e+002 8.691396e+002
         vertex 2.457098e+002 -2.645000e+002 8.691396e+002
         vertex 2.463992e+002 -2.765000e+002 8.689601e+002
      endloop
   endfacet
   facet normal -2.793211e-001 0.000000e+000 -9.601977e-001
      outer loop
         vertex 2.463992e+002 -2.765000e+002 8.689601e+002
         vertex 2.457098e+002 -2.645000e+002 8.691396e+002
         vertex 2.463992e+002 -2.645000e+002 8.689601e+002
      endloop
   endfacet
   facet normal -3.858936e-001 0.000000e+000 -9.225433e-001
      outer loop
         vertex 2.463992e+002 -2.765000e+002 8.689601e+002
         vertex 2.463992e+002 -2.645000e+002 8.689601e+002
         vertex 2.470483e+002 -2.765000e+002 8.686666e+002
      endloop
   endfacet
   facet normal -4.375775e-001 0.000000e+000 -8.991807e-001
      outer loop
         vertex 2.470483e+002 -2.765000e+002 8.686666e+002
         vertex 2.463992e+002 -2.645000e+002 8.689601e+002
         vertex 2.470483e+002 -2.645000e+002 8.686666e+002
      endloop
   endfacet
   facet normal -5.362535e-001 0.000000e+000 -8.440570e-001
      outer loop
         vertex 2.470483e+002 -2.765000e+002 8.686666e+002
         vertex 2.470483e+002 -2.645000e+002 8.686666e+002
         vertex 2.476385e+002 -2.765000e+002 8.682678e+002
      endloop
   endfacet
   facet normal -5.832456e-001 0.000000e+000 -8.122959e-001
      outer loop
         vertex 2.476385e+002 -2.765000e+002 8.682678e+002
         vertex 2.470483e+002 -2.645000e+002 8.686666e+002
         vertex 2.476385e+002 -2.645000e+002 8.682678e+002
      endloop
   endfacet
   facet normal -6.711863e-001 0.000000e+000 -7.412888e-001
      outer loop
         vertex 2.476385e+002 -2.765000e+002 8.682678e+002
         vertex 2.476385e+002 -2.645000e+002 8.682678e+002
         vertex 2.481528e+002 -2.765000e+002 8.677748e+002
      endloop
   endfacet
   facet normal -7.121348e-001 0.000000e+000 -7.020428e-001
      outer loop
         vertex 2.481528e+002 -2.765000e+002 8.677748e+002
         vertex 2.476385e+002 -2.645000e+002 8.682678e+002
         vertex 2.481528e+002 -2.645000e+002 8.677748e+002
      endloop
   endfacet
   facet normal -7.868103e-001 0.000000e+000 -6.171949e-001
      outer loop
         vertex 2.481528e+002 -2.765000e+002 8.677748e+002
         vertex 2.481528e+002 -2.645000e+002 8.677748e+002
         vertex 2.485764e+002 -2.765000e+002 8.672021e+002
      endloop
   endfacet
   facet normal -8.205372e-001 0.000000e+000 -5.715931e-001
      outer loop
         vertex 2.485764e+002 -2.765000e+002 8.672021e+002
         vertex 2.481528e+002 -2.645000e+002 8.677748e+002
         vertex 2.485764e+002 -2.645000e+002 8.672021e+002
      endloop
   endfacet
   facet normal -8.797992e-001 0.000000e+000 -4.753455e-001
      outer loop
         vertex 2.485764e+002 -2.765000e+002 8.672021e+002
         vertex 2.485764e+002 -2.645000e+002 8.672021e+002
         vertex 2.488971e+002 -2.765000e+002 8.665660e+002
      endloop
   endfacet
   facet normal -9.053342e-001 0.000000e+000 -4.246998e-001
      outer loop
         vertex 2.488971e+002 -2.765000e+002 8.665660e+002
         vertex 2.485764e+002 -2.645000e+002 8.672021e+002
         vertex 2.488971e+002 -2.645000e+002 8.665660e+002
      endloop
   endfacet
   facet normal -9.474779e-001 0.000000e+000 -3.198213e-001
      outer loop
         vertex 2.488971e+002 -2.765000e+002 8.665660e+002
         vertex 2.488971e+002 -2.645000e+002 8.665660e+002
         vertex 2.491057e+002 -2.765000e+002 8.658848e+002
      endloop
   endfacet
   facet normal -9.640865e-001 0.000000e+000 -2.655886e-001
      outer loop
         vertex 2.491057e+002 -2.765000e+002 8.658848e+002
         vertex 2.488971e+002 -2.645000e+002 8.665660e+002
         vertex 2.491057e+002 -2.645000e+002 8.658848e+002
      endloop
   endfacet
   facet normal -9.878993e-001 0.000000e+000 -1.550965e-001
      outer loop
         vertex 2.491057e+002 -2.765000e+002 8.658848e+002
         vertex 2.491057e+002 -2.645000e+002 8.658848e+002
         vertex 2.491962e+002 -2.765000e+002 8.651782e+002
      endloop
   endfacet
   facet normal -9.951036e-001 0.000000e+000 -9.883699e-002
      outer loop
         vertex 2.491962e+002 -2.765000e+002 8.651782e+002
         vertex 2.491057e+002 -2.645000e+002 8.658848e+002
         vertex 2.491962e+002 -2.645000e+002 8.651782e+002
      endloop
   endfacet
   facet normal -9.999007e-001 0.000000e+000 1.409025e-002
      outer loop
         vertex 2.491962e+002 -2.765000e+002 8.651782e+002
         vertex 2.491962e+002 -2.645000e+002 8.651782e+002
         vertex 2.491660e+002 -2.765000e+002 8.644666e+002
      endloop
   endfacet
   facet normal -9.974935e-001 0.000000e+000 7.075802e-002
      outer loop
         vertex 2.491660e+002 -2.765000e+002 8.644666e+002
         vertex 2.491962e+002 -2.645000e+002 8.651782e+002
         vertex 2.491660e+002 -2.645000e+002 8.644666e+002
      endloop
   endfacet
   facet normal -9.831368e-001 0.000000e+000 1.828716e-001
      outer loop
         vertex 2.491660e+002 -2.765000e+002 8.644666e+002
         vertex 2.491660e+002 -2.645000e+002 8.644666e+002
         vertex 2.490159e+002 -2.765000e+002 8.637701e+002
      endloop
   endfacet
   facet normal -9.711873e-001 0.000000e+000 2.383175e-001
      outer loop
         vertex 2.490159e+002 -2.765000e+002 8.637701e+002
         vertex 2.491660e+002 -2.645000e+002 8.644666e+002
         vertex 2.490159e+002 -2.645000e+002 8.637701e+002
      endloop
   endfacet
   facet normal -9.380898e-001 0.000000e+000 3.463921e-001
      outer loop
         vertex 2.490159e+002 -2.765000e+002 8.637701e+002
         vertex 2.490159e+002 -2.645000e+002 8.637701e+002
         vertex 2.487503e+002 -2.765000e+002 8.631092e+002
      endloop
   endfacet
   facet normal -9.169418e-001 0.000000e+000 3.990209e-001
      outer loop
         vertex 2.487503e+002 -2.765000e+002 8.631092e+002
         vertex 2.490159e+002 -2.645000e+002 8.637701e+002
         vertex 2.487503e+002 -2.645000e+002 8.631092e+002
      endloop
   endfacet
   facet normal -8.660557e-001 0.000000e+000 4.999475e-001
      outer loop
         vertex 2.487503e+002 -2.765000e+002 8.631092e+002
         vertex 2.487503e+002 -2.645000e+002 8.631092e+002
         vertex 2.483768e+002 -2.765000e+002 8.625025e+002
      endloop
   endfacet
   facet normal -8.363176e-001 0.000000e+000 5.482453e-001
      outer loop
         vertex 2.483768e+002 -2.765000e+002 8.625025e+002
         vertex 2.487503e+002 -2.645000e+002 8.631092e+002
         vertex 2.483768e+002 -2.645000e+002 8.625025e+002
      endloop
   endfacet
   facet normal -7.691067e-001 0.000000e+000 6.391203e-001
      outer loop
         vertex 2.483768e+002 -2.765000e+002 8.625025e+002
         vertex 2.483768e+002 -2.645000e+002 8.625025e+002
         vertex 2.479061e+002 -2.765000e+002 8.619678e+002
      endloop
   endfacet
   facet normal -7.316340e-001 0.000000e+000 6.816977e-001
      outer loop
         vertex 2.479061e+002 -2.765000e+002 8.619678e+002
         vertex 2.483768e+002 -2.645000e+002 8.625025e+002
         vertex 2.479061e+002 -2.645000e+002 8.619678e+002
      endloop
   endfacet
   facet normal -6.500320e-001 0.000000e+000 7.599069e-001
      outer loop
         vertex 2.479061e+002 -2.765000e+002 8.619678e+002
         vertex 2.479061e+002 -2.645000e+002 8.619678e+002
         vertex 2.473519e+002 -2.765000e+002 8.615202e+002
      endloop
   endfacet
   facet normal -6.059027e-001 0.000000e+000 7.955388e-001
      outer loop
         vertex 2.473519e+002 -2.765000e+002 8.615202e+002
         vertex 2.479061e+002 -2.645000e+002 8.619678e+002
         vertex 2.473519e+002 -2.645000e+002 8.615202e+002
      endloop
   endfacet
   facet normal -5.122570e-001 0.000000e+000 8.588322e-001
      outer loop
         vertex 2.473519e+002 -2.765000e+002 8.615202e+002
         vertex 2.473519e+002 -2.645000e+002 8.615202e+002
         vertex 2.467300e+002 -2.765000e+002 8.611729e+002
      endloop
   endfacet
   facet normal -4.627406e-001 0.000000e+000 8.864937e-001
      outer loop
         vertex 2.467300e+002 -2.765000e+002 8.611729e+002
         vertex 2.473519e+002 -2.645000e+002 8.615202e+002
         vertex 2.467300e+002 -2.645000e+002 8.611729e+002
      endloop
   endfacet
   facet normal -3.597453e-001 0.000000e+000 9.330506e-001
      outer loop
         vertex 2.467300e+002 -2.765000e+002 8.611729e+002
         vertex 2.467300e+002 -2.645000e+002 8.611729e+002
         vertex 2.460583e+002 -2.765000e+002 8.609355e+002
      endloop
   endfacet
   facet normal -3.062663e-001 0.000000e+000 9.519458e-001
      outer loop
         vertex 2.460583e+002 -2.765000e+002 8.609355e+002
         vertex 2.467300e+002 -2.645000e+002 8.611729e+002
         vertex 2.460583e+002 -2.645000e+002 8.609355e+002
      endloop
   endfacet
   facet normal -1.968844e-001 0.000000e+000 9.804267e-001
      outer loop
         vertex 2.460583e+002 -2.765000e+002 8.609355e+002
         vertex 2.460583e+002 -2.645000e+002 8.609355e+002
         vertex 2.453562e+002 -2.765000e+002 8.608151e+002
      endloop
   endfacet
   facet normal -1.409813e-001 0.000000e+000 9.900123e-001
      outer loop
         vertex 2.453562e+002 -2.765000e+002 8.608151e+002
         vertex 2.460583e+002 -2.645000e+002 8.609355e+002
         vertex 2.453562e+002 -2.645000e+002 8.608151e+002
      endloop
   endfacet
   facet normal -2.835944e-002 0.000000e+000 9.995977e-001
      outer loop
         vertex 2.453562e+002 -2.765000e+002 8.608151e+002
         vertex 2.453562e+002 -2.645000e+002 8.608151e+002
         vertex 2.446438e+002 -2.765000e+002 8.608151e+002
      endloop
   endfacet
   facet normal 2.835944e-002 0.000000e+000 9.995977e-001
      outer loop
         vertex 2.446438e+002 -2.765000e+002 8.608151e+002
         vertex 2.453562e+002 -2.645000e+002 8.608151e+002
         vertex 2.446438e+002 -2.645000e+002 8.608151e+002
      endloop
   endfacet
   facet normal 1.409813e-001 0.000000e+000 9.900123e-001
      outer loop
         vertex 2.446438e+002 -2.765000e+002 8.608151e+002
         vertex 2.446438e+002 -2.645000e+002 8.608151e+002
         vertex 2.439417e+002 -2.765000e+002 8.609355e+002
      endloop
   endfacet
   facet normal 1.968844e-001 0.000000e+000 9.804267e-001
      outer loop
         vertex 2.439417e+002 -2.765000e+002 8.609355e+002
         vertex 2.446438e+002 -2.645000e+002 8.608151e+002
         vertex 2.439417e+002 -2.645000e+002 8.609355e+002
      endloop
   endfacet
   facet normal 3.062663e-001 0.000000e+000 9.519458e-001
      outer loop
         vertex 2.439417e+002 -2.765000e+002 8.609355e+002
         vertex 2.439417e+002 -2.645000e+002 8.609355e+002
         vertex 2.432700e+002 -2.765000e+002 8.611729e+002
      endloop
   endfacet
   facet normal 3.597453e-001 0.000000e+000 9.330506e-001
      outer loop
         vertex 2.432700e+002 -2.765000e+002 8.611729e+002
         vertex 2.439417e+002 -2.645000e+002 8.609355e+002
         vertex 2.432700e+002 -2.645000e+002 8.611729e+002
      endloop
   endfacet
   facet normal 4.627406e-001 0.000000e+000 8.864937e-001
      outer loop
         vertex 2.432700e+002 -2.765000e+002 8.611729e+002
         vertex 2.432700e+002 -2.645000e+002 8.611729e+002
         vertex 2.426481e+002 -2.765000e+002 8.615202e+002
      endloop
   endfacet
   facet normal 5.122570e-001 0.000000e+000 8.588322e-001
      outer loop
         vertex 2.426481e+002 -2.765000e+002 8.615202e+002
         vertex 2.432700e+002 -2.645000e+002 8.611729e+002
         vertex 2.426481e+002 -2.645000e+002 8.615202e+002
      endloop
   endfacet
   facet normal 6.059027e-001 0.000000e+000 7.955388e-001
      outer loop
         vertex 2.426481e+002 -2.765000e+002 8.615202e+002
         vertex 2.426481e+002 -2.645000e+002 8.615202e+002
         vertex 2.420939e+002 -2.765000e+002 8.619678e+002
      endloop
   endfacet
   facet normal 6.500320e-001 0.000000e+000 7.599069e-001
      outer loop
         vertex 2.420939e+002 -2.765000e+002 8.619678e+002
         vertex 2.426481e+002 -2.645000e+002 8.615202e+002
         vertex 2.420939e+002 -2.645000e+002 8.619678e+002
      endloop
   endfacet
   facet normal 7.316340e-001 0.000000e+000 6.816977e-001
      outer loop
         vertex 2.420939e+002 -2.765000e+002 8.619678e+002
         vertex 2.420939e+002 -2.645000e+002 8.619678e+002
         vertex 2.416232e+002 -2.765000e+002 8.625025e+002
      endloop
   endfacet
   facet normal 7.691067e-001 0.000000e+000 6.391203e-001
      outer loop
         vertex 2.416232e+002 -2.765000e+002 8.625025e+002
         vertex 2.420939e+002 -2.645000e+002 8.619678e+002
         vertex 2.416232e+002 -2.645000e+002 8.625025e+002
      endloop
   endfacet
   facet normal 8.363176e-001 0.000000e+000 5.482453e-001
      outer loop
         vertex 2.416232e+002 -2.765000e+002 8.625025e+002
         vertex 2.416232e+002 -2.645000e+002 8.625025e+002
         vertex 2.412497e+002 -2.765000e+002 8.631092e+002
      endloop
   endfacet
   facet normal 8.660557e-001 0.000000e+000 4.999475e-001
      outer loop
         vertex 2.412497e+002 -2.765000e+002 8.631092e+002
         vertex 2.416232e+002 -2.645000e+002 8.625025e+002
         vertex 2.412497e+002 -2.645000e+002 8.631092e+002
      endloop
   endfacet
   facet normal 9.169418e-001 0.000000e+000 3.990209e-001
      outer loop
         vertex 2.412497e+002 -2.765000e+002 8.631092e+002
         vertex 2.412497e+002 -2.645000e+002 8.631092e+002
         vertex 2.409841e+002 -2.765000e+002 8.637701e+002
      endloop
   endfacet
   facet normal 9.380898e-001 0.000000e+000 3.463921e-001
      outer loop
         vertex 2.409841e+002 -2.765000e+002 8.637701e+002
         vertex 2.412497e+002 -2.645000e+002 8.631092e+002
         vertex 2.409841e+002 -2.645000e+002 8.637701e+002
      endloop
   endfacet
   facet normal 9.711873e-001 0.000000e+000 2.383175e-001
      outer loop
         vertex 2.409841e+002 -2.765000e+002 8.637701e+002
         vertex 2.409841e+002 -2.645000e+002 8.637701e+002
         vertex 2.408340e+002 -2.765000e+002 8.644666e+002
      endloop
   endfacet
   facet normal 9.831368e-001 0.000000e+000 1.828716e-001
      outer loop
         vertex 2.408340e+002 -2.765000e+002 8.644666e+002
         vertex 2.409841e+002 -2.645000e+002 8.637701e+002
         vertex 2.408340e+002 -2.645000e+002 8.644666e+002
      endloop
   endfacet
   facet normal 9.974935e-001 0.000000e+000 7.075802e-002
      outer loop
         vertex 2.408340e+002 -2.765000e+002 8.644666e+002
         vertex 2.408340e+002 -2.645000e+002 8.644666e+002
         vertex 2.408038e+002 -2.765000e+002 8.651782e+002
      endloop
   endfacet
   facet normal 9.999007e-001 0.000000e+000 1.409025e-002
      outer loop
         vertex 2.408038e+002 -2.765000e+002 8.651782e+002
         vertex 2.408340e+002 -2.645000e+002 8.644666e+002
         vertex 2.408038e+002 -2.645000e+002 8.651782e+002
      endloop
   endfacet
   facet normal 9.951036e-001 0.000000e+000 -9.883699e-002
      outer loop
         vertex 2.408038e+002 -2.765000e+002 8.651782e+002
         vertex 2.408038e+002 -2.645000e+002 8.651782e+002
         vertex 2.408943e+002 -2.765000e+002 8.658848e+002
      endloop
   endfacet
   facet normal 9.878993e-001 0.000000e+000 -1.550965e-001
      outer loop
         vertex 2.408943e+002 -2.765000e+002 8.658848e+002
         vertex 2.408038e+002 -2.645000e+002 8.651782e+002
         vertex 2.408943e+002 -2.645000e+002 8.658848e+002
      endloop
   endfacet
   facet normal 9.640865e-001 0.000000e+000 -2.655886e-001
      outer loop
         vertex 2.408943e+002 -2.765000e+002 8.658848e+002
         vertex 2.408943e+002 -2.645000e+002 8.658848e+002
         vertex 2.411029e+002 -2.765000e+002 8.665660e+002
      endloop
   endfacet
   facet normal 9.474779e-001 0.000000e+000 -3.198213e-001
      outer loop
         vertex 2.411029e+002 -2.765000e+002 8.665660e+002
         vertex 2.408943e+002 -2.645000e+002 8.658848e+002
         vertex 2.411029e+002 -2.645000e+002 8.665660e+002
      endloop
   endfacet
   facet normal 9.053342e-001 0.000000e+000 -4.246998e-001
      outer loop
         vertex 2.411029e+002 -2.765000e+002 8.665660e+002
         vertex 2.411029e+002 -2.645000e+002 8.665660e+002
         vertex 2.414236e+002 -2.765000e+002 8.672021e+002
      endloop
   endfacet
   facet normal 8.797992e-001 0.000000e+000 -4.753455e-001
      outer loop
         vertex 2.414236e+002 -2.765000e+002 8.672021e+002
         vertex 2.411029e+002 -2.645000e+002 8.665660e+002
         vertex 2.414236e+002 -2.645000e+002 8.672021e+002
      endloop
   endfacet
   facet normal 8.205372e-001 0.000000e+000 -5.715931e-001
      outer loop
         vertex 2.414236e+002 -2.765000e+002 8.672021e+002
         vertex 2.414236e+002 -2.645000e+002 8.672021e+002
         vertex 2.418472e+002 -2.765000e+002 8.677748e+002
      endloop
   endfacet
   facet normal 7.868103e-001 0.000000e+000 -6.171949e-001
      outer loop
         vertex 2.418472e+002 -2.765000e+002 8.677748e+002
         vertex 2.414236e+002 -2.645000e+002 8.672021e+002
         vertex 2.418472e+002 -2.645000e+002 8.677748e+002
      endloop
   endfacet
   facet normal 7.121348e-001 0.000000e+000 -7.020428e-001
      outer loop
         vertex 2.418472e+002 -2.765000e+002 8.677748e+002
         vertex 2.418472e+002 -2.645000e+002 8.677748e+002
         vertex 2.423615e+002 -2.765000e+002 8.682678e+002
      endloop
   endfacet
   facet normal 6.711863e-001 0.000000e+000 -7.412888e-001
      outer loop
         vertex 2.423615e+002 -2.765000e+002 8.682678e+002
         vertex 2.418472e+002 -2.645000e+002 8.677748e+002
         vertex 2.423615e+002 -2.645000e+002 8.682678e+002
      endloop
   endfacet
   facet normal 5.832456e-001 0.000000e+000 -8.122959e-001
      outer loop
         vertex 2.423615e+002 -2.765000e+002 8.682678e+002
         vertex 2.423615e+002 -2.645000e+002 8.682678e+002
         vertex 2.429517e+002 -2.765000e+002 8.686666e+002
      endloop
   endfacet
   facet normal 5.362535e-001 0.000000e+000 -8.440570e-001
      outer loop
         vertex 2.429517e+002 -2.765000e+002 8.686666e+002
         vertex 2.423615e+002 -2.645000e+002 8.682678e+002
         vertex 2.429517e+002 -2.645000e+002 8.686666e+002
      endloop
   endfacet
   facet normal 4.375775e-001 0.000000e+000 -8.991807e-001
      outer loop
         vertex 2.429517e+002 -2.765000e+002 8.686666e+002
         vertex 2.429517e+002 -2.645000e+002 8.686666e+002
         vertex 2.436008e+002 -2.765000e+002 8.689601e+002
      endloop
   endfacet
   facet normal 3.858936e-001 0.000000e+000 -9.225433e-001
      outer loop
         vertex 2.436008e+002 -2.765000e+002 8.689601e+002
         vertex 2.429517e+002 -2.645000e+002 8.686666e+002
         vertex 2.436008e+002 -2.645000e+002 8.689601e+002
      endloop
   endfacet
   facet normal 2.793211e-001 0.000000e+000 -9.601977e-001
      outer loop
         vertex 2.436008e+002 -2.765000e+002 8.689601e+002
         vertex 2.436008e+002 -2.645000e+002 8.689601e+002
         vertex 2.442902e+002 -2.765000e+002 8.691396e+002
      endloop
   endfacet
   facet normal 2.244324e-001 0.000000e+000 -9.744897e-001
      outer loop
         vertex 2.442902e+002 -2.765000e+002 8.691396e+002
         vertex 2.436008e+002 -2.645000e+002 8.689601e+002
         vertex 2.442902e+002 -2.645000e+002 8.691396e+002
      endloop
   endfacet
   facet normal 1.130291e-001 0.000000e+000 -9.935917e-001
      outer loop
         vertex 2.442902e+002 -2.765000e+002 8.691396e+002
         vertex 2.442902e+002 -2.645000e+002 8.691396e+002
         vertex 2.450000e+002 -2.765000e+002 8.692000e+002
      endloop
   endfacet
   facet normal 5.651454e-002 0.000000e+000 -9.984018e-001
      outer loop
         vertex 2.450000e+002 -2.765000e+002 8.692000e+002
         vertex 2.442902e+002 -2.645000e+002 8.691396e+002
         vertex 2.450000e+002 -2.645000e+002 8.692000e+002
      endloop
   endfacet
   facet normal 0.000000e+000 -1.000000e+000 0.000000e+000
      outer loop
         vertex 1.987592e+002 -1.425000e+002 7.169243e+002
         vertex 2.005692e+002 -1.425000e+002 7.641403e+002
         vertex 1.934799e+002 -1.425000e+002 7.058209e+002
      endloop
   endfacet
   facet normal 0.000000e+000 -1.000000e+000 0.000000e+000
      outer loop
         vertex 1.934799e+002 -1.425000e+002 7.058209e+002
         vertex 2.005692e+002 -1.425000e+002 7.641403e+002
         vertex 1.900000e+002 -1.425000e+002 6.915626e+002
      endloop
   endfacet
   facet normal 0.000000e+000 -1.000000e+000 0.000000e+000
      outer loop
         vertex 1.934799e+002 -1.425000e+002 7.058209e+002
         vertex 1.900000e+002 -1.425000e+002 6.915626e+002
         vertex 1.934799e+002 -1.425000e+002 6.441791e+002
      endloop
   endfacet
   facet normal 0.000000e+000 -1.000000e+000 0.000000e+000
      outer loop
         vertex 1.934799e+002 -1.425000e+002 6.441791e+002
         vertex 1.900000e+002 -1.425000e+002 6.915626e+002
         vertex 1.900000e+002 -1.425000e+002 6.471428e+002
      endloop
   endfacet
   facet normal 0.000000e+000 -1.000000e+000 0.000000e+000
      outer loop
         vertex 1.934799e+002 -1.425000e+002 6.441791e+002
         vertex 1.900000e+002 -1.425000e+002 6.471428e+002
         vertex 1.987592e+002 -1.425000e+002 6.330757e+002
      endloop
   endfacet
   facet normal 0.000000e+000 -1.000000e+000 0.000000e+000
      outer loop
         vertex 1.987592e+002 -1.425000e+002 6.330757e+002
         vertex 1.900000e+002 -1.425000e+002 6.471428e+002
         vertex 2.025016e+002 -1.425000e+002 6.203330e+002
      endloop
   endfacet
   facet normal 0.000000e+000 -1.000000e+000 0.000000e+000
      outer loop
         vertex 1.987592e+002 -1.425000e+002 6.330757e+002
         vertex 2.025016e+002 -1.425000e+002 6.203330e+002
         vertex 2.058747e+002 -1.425000e+002 6.230494e+002
      endloop
   endfacet
   facet normal 0.000000e+000 -1.000000e+000 0.000000e+000
      outer loop
         vertex 2.600000e+002 -1.425000e+002 5.980000e+002
         vertex 2.659688e+002 -1.425000e+002 5.933706e+002
         vertex 2.722484e+002 -1.425000e+002 5.990645e+002
      endloop
   endfacet
   facet normal 0.000000e+000 -1.000000e+000 0.000000e+000
      outer loop
         vertex 2.722484e+002 -1.425000e+002 5.990645e+002
         vertex 2.659688e+002 -1.425000e+002 5.933706e+002
         vertex 2.777524e+002 -1.425000e+002 5.952806e+002
      endloop
   endfacet
   facet normal 0.000000e+000 -1.000000e+000 0.000000e+000
      outer loop
         vertex 2.722484e+002 -1.425000e+002 5.990645e+002
         vertex 2.777524e+002 -1.425000e+002 5.952806e+002
         vertex 2.841296e+002 -1.425000e+002 6.022260e+002
      endloop
   endfacet
   facet normal 0.000000e+000 -1.000000e+000 0.000000e+000
      outer loop
         vertex 2.841296e+002 -1.425000e+002 6.022260e+002
         vertex 2.777524e+002 -1.425000e+002 5.952806e+002
         vertex 2.890787e+002 -1.425000e+002 5.990513e+002
      endloop
   endfacet
   facet normal 0.000000e+000 -1.000000e+000 0.000000e+000
      outer loop
         vertex 2.841296e+002 -1.425000e+002 6.022260e+002
         vertex 2.890787e+002 -1.425000e+002 5.990513e+002
         vertex 2.952872e+002 -1.425000e+002 6.073898e+002
      endloop
   endfacet
   facet normal 0.000000e+000 -1.000000e+000 0.000000e+000
      outer loop
         vertex 2.952872e+002 -1.425000e+002 6.073898e+002
         vertex 2.890787e+002 -1.425000e+002 5.990513e+002
         vertex 2.996557e+002 -1.425000e+002 6.045857e+002
      endloop
   endfacet
   facet normal 0.000000e+000 -1.000000e+000 0.000000e+000
      outer loop
         vertex 2.952872e+002 -1.425000e+002 6.073898e+002
         vertex 2.996557e+002 -1.425000e+002 6.045857e+002
         vertex 3.053867e+002 -1.425000e+002 6.144011e+002
      endloop
   endfacet
   facet normal 0.000000e+000 -1.000000e+000 0.000000e+000
      outer loop
         vertex 3.053867e+002 -1.425000e+002 6.144011e+002
         vertex 2.996557e+002 -1.425000e+002 6.045857e+002
         vertex 3.092111e+002 -1.425000e+002 6.117411e+002
      endloop
   endfacet
   facet normal 0.000000e+000 -1.000000e+000 0.000000e+000
      outer loop
         vertex 3.053867e+002 -1.425000e+002 6.144011e+002
         vertex 3.092111e+002 -1.425000e+002 6.117411e+002
         vertex 3.141253e+002 -1.425000e+002 6.230494e+002
      endloop
   endfacet
   facet normal 0.000000e+000 -1.000000e+000 0.000000e+000
      outer loop
         vertex 3.141253e+002 -1.425000e+002 6.230494e+002
         vertex 3.092111e+002 -1.425000e+002 6.117411e+002
         vertex 3.174984e+002 -1.425000e+002 6.203330e+002
      endloop
   endfacet
   facet normal 0.000000e+000 -1.000000e+000 0.000000e+000
      outer loop
         vertex 3.141253e+002 -1.425000e+002 6.230494e+002
         vertex 3.174984e+002 -1.425000e+002 6.203330e+002
         vertex 3.212408e+002 -1.425000e+002 6.330757e+002
      endloop
   endfacet
   facet normal 0.000000e+000 -1.000000e+000 0.000000e+000
      outer loop
         vertex 3.212408e+002 -1.425000e+002 6.330757e+002
         vertex 3.174984e+002 -1.425000e+002 6.203330e+002
         vertex 3.300000e+002 -1.425000e+002 6.471428e+002
      endloop
   endfacet
   facet normal 0.000000e+000 -1.000000e+000 0.000000e+000
      outer loop
         vertex 3.212408e+002 -1.425000e+002 6.330757e+002
         vertex 3.300000e+002 -1.425000e+002 6.471428e+002
         vertex 3.265201e+002 -1.425000e+002 6.441791e+002
      endloop
   endfacet
   facet normal 0.000000e+000 -1.000000e+000 0.000000e+000
      outer loop
         vertex 3.265201e+002 -1.425000e+002 6.441791e+002
         vertex 3.300000e+002 -1.425000e+002 6.471428e+002
         vertex 3.300000e+002 -1.425000e+002 6.915626e+002
      endloop
   endfacet
   facet normal 0.000000e+000 -1.000000e+000 0.000000e+000
      outer loop
         vertex 3.265201e+002 -1.425000e+002 6.441791e+002
         vertex 3.300000e+002 -1.425000e+002 6.915626e+002
         vertex 3.265201e+002 -1.425000e+002 7.058209e+002
      endloop
   endfacet
   facet normal 0.000000e+000 -1.000000e+000 0.000000e+000
      outer loop
         vertex 3.265201e+002 -1.425000e+002 7.058209e+002
         vertex 3.300000e+002 -1.425000e+002 6.915626e+002
         vertex 3.194308e+002 -1.425000e+002 7.641403e+002
      endloop
   endfacet
   facet normal 0.000000e+000 -1.000000e+000 0.000000e+000
      outer loop
         vertex 3.265201e+002 -1.425000e+002 7.058209e+002
         vertex 3.194308e+002 -1.425000e+002 7.641403e+002
         vertex 3.212408e+002 -1.425000e+002 7.169243e+002
      endloop
   endfacet
   facet normal 0.000000e+000 -1.000000e+000 0.000000e+000
      outer loop
         vertex 3.212408e+002 -1.425000e+002 7.169243e+002
         vertex 3.194308e+002 -1.425000e+002 7.641403e+002
         vertex 3.141253e+002 -1.425000e+002 7.269506e+002
      endloop
   endfacet
   facet normal 0.000000e+000 -1.000000e+000 0.000000e+000
      outer loop
         vertex 2.058747e+002 -1.425000e+002 6.230494e+002
         vertex 2.025016e+002 -1.425000e+002 6.203330e+002
         vertex 2.146133e+002 -1.425000e+002 6.144011e+002
      endloop
   endfacet
   facet normal 0.000000e+000 -1.000000e+000 0.000000e+000
      outer loop
         vertex 2.146133e+002 -1.425000e+002 6.144011e+002
         vertex 2.025016e+002 -1.425000e+002 6.203330e+002
         vertex 2.107890e+002 -1.425000e+002 6.117411e+002
      endloop
   endfacet
   facet normal 0.000000e+000 -1.000000e+000 0.000000e+000
      outer loop
         vertex 2.146133e+002 -1.425000e+002 6.144011e+002
         vertex 2.107890e+002 -1.425000e+002 6.117411e+002
         vertex 2.247128e+002 -1.425000e+002 6.073898e+002
      endloop
   endfacet
   facet normal 0.000000e+000 -1.000000e+000 0.000000e+000
      outer loop
         vertex 2.247128e+002 -1.425000e+002 6.073898e+002
         vertex 2.107890e+002 -1.425000e+002 6.117411e+002
         vertex 2.203443e+002 -1.425000e+002 6.045857e+002
      endloop
   endfacet
   facet normal 0.000000e+000 -1.000000e+000 0.000000e+000
      outer loop
         vertex 2.247128e+002 -1.425000e+002 6.073898e+002
         vertex 2.203443e+002 -1.425000e+002 6.045857e+002
         vertex 2.358704e+002 -1.425000e+002 6.022260e+002
      endloop
   endfacet
   facet normal 0.000000e+000 -1.000000e+000 0.000000e+000
      outer loop
         vertex 2.358704e+002 -1.425000e+002 6.022260e+002
         vertex 2.203443e+002 -1.425000e+002 6.045857e+002
         vertex 2.309213e+002 -1.425000e+002 5.990513e+002
      endloop
   endfacet
   facet normal 0.000000e+000 -1.000000e+000 0.000000e+000
      outer loop
         vertex 2.358704e+002 -1.425000e+002 6.022260e+002
         vertex 2.309213e+002 -1.425000e+002 5.990513e+002
         vertex 2.477516e+002 -1.425000e+002 5.990645e+002
      endloop
   endfacet
   facet normal 0.000000e+000 -1.000000e+000 0.000000e+000
      outer loop
         vertex 2.477516e+002 -1.425000e+002 5.990645e+002
         vertex 2.309213e+002 -1.425000e+002 5.990513e+002
         vertex 2.422476e+002 -1.425000e+002 5.952806e+002
      endloop
   endfacet
   facet normal 0.000000e+000 -1.000000e+000 0.000000e+000
      outer loop
         vertex 2.477516e+002 -1.425000e+002 5.990645e+002
         vertex 2.422476e+002 -1.425000e+002 5.952806e+002
         vertex 2.600000e+002 -1.425000e+002 5.980000e+002
      endloop
   endfacet
   facet normal 0.000000e+000 -1.000000e+000 0.000000e+000
      outer loop
         vertex 2.600000e+002 -1.425000e+002 5.980000e+002
         vertex 2.422476e+002 -1.425000e+002 5.952806e+002
         vertex 2.540313e+002 -1.425000e+002 5.933706e+002
      endloop
   endfacet
   facet normal 0.000000e+000 -1.000000e+000 0.000000e+000
      outer loop
         vertex 2.600000e+002 -1.425000e+002 5.980000e+002
         vertex 2.540313e+002 -1.425000e+002 5.933706e+002
         vertex 2.659688e+002 -1.425000e+002 5.933706e+002
      endloop
   endfacet
   facet normal 0.000000e+000 -1.000000e+000 0.000000e+000
      outer loop
         vertex 2.744853e+002 -1.425000e+002 8.062219e+002
         vertex 2.722484e+002 -1.425000e+002 7.509355e+002
         vertex 2.941421e+002 -1.425000e+002 7.980798e+002
      endloop
   endfacet
   facet normal 0.000000e+000 -1.000000e+000 0.000000e+000
      outer loop
         vertex 2.941421e+002 -1.425000e+002 7.980798e+002
         vertex 2.722484e+002 -1.425000e+002 7.509355e+002
         vertex 2.841296e+002 -1.425000e+002 7.477739e+002
      endloop
   endfacet
   facet normal 0.000000e+000 -1.000000e+000 0.000000e+000
      outer loop
         vertex 2.941421e+002 -1.425000e+002 7.980798e+002
         vertex 2.841296e+002 -1.425000e+002 7.477739e+002
         vertex 3.133137e+002 -1.425000e+002 7.789082e+002
      endloop
   endfacet
   facet normal 0.000000e+000 -1.000000e+000 0.000000e+000
      outer loop
         vertex 3.133137e+002 -1.425000e+002 7.789082e+002
         vertex 2.841296e+002 -1.425000e+002 7.477739e+002
         vertex 2.952872e+002 -1.425000e+002 7.426102e+002
      endloop
   endfacet
   facet normal 0.000000e+000 -1.000000e+000 0.000000e+000
      outer loop
         vertex 3.133137e+002 -1.425000e+002 7.789082e+002
         vertex 2.952872e+002 -1.425000e+002 7.426102e+002
         vertex 3.194308e+002 -1.425000e+002 7.641403e+002
      endloop
   endfacet
   facet normal 0.000000e+000 -1.000000e+000 0.000000e+000
      outer loop
         vertex 3.194308e+002 -1.425000e+002 7.641403e+002
         vertex 2.952872e+002 -1.425000e+002 7.426102e+002
         vertex 3.053867e+002 -1.425000e+002 7.355990e+002
      endloop
   endfacet
   facet normal 0.000000e+000 -1.000000e+000 0.000000e+000
      outer loop
         vertex 3.194308e+002 -1.425000e+002 7.641403e+002
         vertex 3.053867e+002 -1.425000e+002 7.355990e+002
         vertex 3.141253e+002 -1.425000e+002 7.269506e+002
      endloop
   endfacet
   facet normal 0.000000e+000 -1.000000e+000 0.000000e+000
      outer loop
         vertex 1.987592e+002 -1.425000e+002 7.169243e+002
         vertex 2.058747e+002 -1.425000e+002 7.269506e+002
         vertex 2.005692e+002 -1.425000e+002 7.641403e+002
      endloop
   endfacet
   facet normal 0.000000e+000 -1.000000e+000 0.000000e+000
      outer loop
         vertex 2.005692e+002 -1.425000e+002 7.641403e+002
         vertex 2.058747e+002 -1.425000e+002 7.269506e+002
         vertex 2.146133e+002 -1.425000e+002 7.355990e+002
      endloop
   endfacet
   facet normal 0.000000e+000 -1.000000e+000 0.000000e+000
      outer loop
         vertex 2.005692e+002 -1.425000e+002 7.641403e+002
         vertex 2.146133e+002 -1.425000e+002 7.355990e+002
         vertex 2.066863e+002 -1.425000e+002 7.789082e+002
      endloop
   endfacet
   facet normal 0.000000e+000 -1.000000e+000 0.000000e+000
      outer loop
         vertex 2.066863e+002 -1.425000e+002 7.789082e+002
         vertex 2.146133e+002 -1.425000e+002 7.355990e+002
         vertex 2.247128e+002 -1.425000e+002 7.426102e+002
      endloop
   endfacet
   facet normal 0.000000e+000 -1.000000e+000 0.000000e+000
      outer loop
         vertex 2.066863e+002 -1.425000e+002 7.789082e+002
         vertex 2.247128e+002 -1.425000e+002 7.426102e+002
         vertex 2.258579e+002 -1.425000e+002 7.980798e+002
      endloop
   endfacet
   facet normal 0.000000e+000 -1.000000e+000 0.000000e+000
      outer loop
         vertex 2.258579e+002 -1.425000e+002 7.980798e+002
         vertex 2.247128e+002 -1.425000e+002 7.426102e+002
         vertex 2.358704e+002 -1.425000e+002 7.477739e+002
      endloop
   endfacet
   facet normal 0.000000e+000 -1.000000e+000 0.000000e+000
      outer loop
         vertex 2.258579e+002 -1.425000e+002 7.980798e+002
         vertex 2.358704e+002 -1.425000e+002 7.477739e+002
         vertex 2.455147e+002 -1.425000e+002 8.062219e+002
      endloop
   endfacet
   facet normal 0.000000e+000 -1.000000e+000 0.000000e+000
      outer loop
         vertex 2.455147e+002 -1.425000e+002 8.062219e+002
         vertex 2.358704e+002 -1.425000e+002 7.477739e+002
         vertex 2.477516e+002 -1.425000e+002 7.509355e+002
      endloop
   endfacet
   facet normal 0.000000e+000 -1.000000e+000 0.000000e+000
      outer loop
         vertex 2.455147e+002 -1.425000e+002 8.062219e+002
         vertex 2.477516e+002 -1.425000e+002 7.509355e+002
         vertex 2.744853e+002 -1.425000e+002 8.062219e+002
      endloop
   endfacet
   facet normal 0.000000e+000 -1.000000e+000 0.000000e+000
      outer loop
         vertex 2.744853e+002 -1.425000e+002 8.062219e+002
         vertex 2.477516e+002 -1.425000e+002 7.509355e+002
         vertex 2.600000e+002 -1.425000e+002 7.520000e+002
      endloop
   endfacet
   facet normal 0.000000e+000 -1.000000e+000 0.000000e+000
      outer loop
         vertex 2.744853e+002 -1.425000e+002 8.062219e+002
         vertex 2.600000e+002 -1.425000e+002 7.520000e+002
         vertex 2.722484e+002 -1.425000e+002 7.509355e+002
      endloop
   endfacet
   facet normal 6.990565e-001 0.000000e+000 -7.150664e-001
      outer loop
         vertex 3.238188e+002 -1.440000e+002 6.046284e+002
         vertex 3.238188e+002 -1.400000e+002 6.046284e+002
         vertex 3.313136e+002 -1.400000e+002 6.122356e+002
      endloop
   endfacet
   facet normal 7.253913e-001 0.000000e+000 -6.883367e-001
      outer loop
         vertex 3.238188e+002 -1.440000e+002 6.046284e+002
         vertex 3.313136e+002 -1.400000e+002 6.122356e+002
         vertex 3.313136e+002 -1.440000e+002 6.122356e+002
      endloop
   endfacet
   facet normal 7.748944e-001 0.000000e+000 -6.320909e-001
      outer loop
         vertex 3.313136e+002 -1.440000e+002 6.122356e+002
         vertex 3.313136e+002 -1.400000e+002 6.122356e+002
         vertex 3.379073e+002 -1.400000e+002 6.206360e+002
      endloop
   endfacet
   facet normal 7.980626e-001 0.000000e+000 -6.025745e-001
      outer loop
         vertex 3.313136e+002 -1.440000e+002 6.122356e+002
         vertex 3.379073e+002 -1.400000e+002 6.206360e+002
         vertex 3.379073e+002 -1.440000e+002 6.206360e+002
      endloop
   endfacet
   facet normal 0.000000e+000 -1.000000e+000 6.123032e-017
      outer loop
         vertex 3.488653e+002 -1.400000e+002 6.114412e+002
         vertex 3.379073e+002 -1.400000e+002 6.206360e+002
         vertex 3.465070e+002 -1.400000e+002 6.088906e+002
      endloop
   endfacet
   facet normal 0.000000e+000 -1.000000e+000 6.123032e-017
      outer loop
         vertex 3.465070e+002 -1.400000e+002 6.088906e+002
         vertex 3.379073e+002 -1.400000e+002 6.206360e+002
         vertex 3.313136e+002 -1.400000e+002 6.122356e+002
      endloop
   endfacet
   facet normal 0.000000e+000 -1.000000e+000 6.123032e-017
      outer loop
         vertex 3.465070e+002 -1.400000e+002 6.088906e+002
         vertex 3.313136e+002 -1.400000e+002 6.122356e+002
         vertex 3.364535e+002 -1.400000e+002 6.000297e+002
      endloop
   endfacet
   facet normal 0.000000e+000 -1.000000e+000 6.123032e-017
      outer loop
         vertex 3.364535e+002 -1.400000e+002 6.000297e+002
         vertex 3.313136e+002 -1.400000e+002 6.122356e+002
         vertex 3.238188e+002 -1.400000e+002 6.046284e+002
      endloop
   endfacet
   facet normal 0.000000e+000 -1.000000e+000 6.123032e-017
      outer loop
         vertex 1.835465e+002 -1.400000e+002 6.000297e+002
         vertex 1.961812e+002 -1.400000e+002 6.046284e+002
         vertex 1.886872e+002 -1.400000e+002 6.122347e+002
      endloop
   endfacet
   facet normal 0.000000e+000 -1.000000e+000 6.123032e-017
      outer loop
         vertex 1.835465e+002 -1.400000e+002 6.000297e+002
         vertex 1.886872e+002 -1.400000e+002 6.122347e+002
         vertex 1.734931e+002 -1.400000e+002 6.088906e+002
      endloop
   endfacet
   facet normal 0.000000e+000 -1.000000e+000 6.123032e-017
      outer loop
         vertex 1.734931e+002 -1.400000e+002 6.088906e+002
         vertex 1.886872e+002 -1.400000e+002 6.122347e+002
         vertex 1.820941e+002 -1.400000e+002 6.206340e+002
      endloop
   endfacet
   facet normal 0.000000e+000 -1.000000e+000 6.123032e-017
      outer loop
         vertex 1.734931e+002 -1.400000e+002 6.088906e+002
         vertex 1.820941e+002 -1.400000e+002 6.206340e+002
         vertex 1.711363e+002 -1.400000e+002 6.114393e+002
      endloop
   endfacet
   facet normal -7.980497e-001 0.000000e+000 -6.025917e-001
      outer loop
         vertex 1.820941e+002 -1.440000e+002 6.206340e+002
         vertex 1.820941e+002 -1.400000e+002 6.206340e+002
         vertex 1.886872e+002 -1.400000e+002 6.122347e+002
      endloop
   endfacet
   facet normal -7.748834e-001 0.000000e+000 -6.321042e-001
      outer loop
         vertex 1.820941e+002 -1.440000e+002 6.206340e+002
         vertex 1.886872e+002 -1.400000e+002 6.122347e+002
         vertex 1.886872e+002 -1.440000e+002 6.122347e+002
      endloop
   endfacet
   facet normal -7.253852e-001 0.000000e+000 -6.883430e-001
      outer loop
         vertex 1.886872e+002 -1.440000e+002 6.122347e+002
         vertex 1.886872e+002 -1.400000e+002 6.122347e+002
         vertex 1.961812e+002 -1.400000e+002 6.046284e+002
      endloop
   endfacet
   facet normal -6.990535e-001 0.000000e+000 -7.150694e-001
      outer loop
         vertex 1.886872e+002 -1.440000e+002 6.122347e+002
         vertex 1.961812e+002 -1.400000e+002 6.046284e+002
         vertex 1.961812e+002 -1.440000e+002 6.046284e+002
      endloop
   endfacet
   facet normal 9.063079e-001 0.000000e+000 4.226183e-001
      outer loop
         vertex 1.900000e+002 -1.425000e+002 6.471428e+002
         vertex 1.900000e+002 -1.846536e+002 6.471428e+002
         vertex 2.025016e+002 -1.425000e+002 6.203330e+002
      endloop
   endfacet
   facet normal 9.063079e-001 0.000000e+000 4.226183e-001
      outer loop
         vertex 2.025016e+002 -1.425000e+002 6.203330e+002
         vertex 1.900000e+002 -1.846536e+002 6.471428e+002
         vertex 2.025016e+002 -1.703986e+002 6.203330e+002
      endloop
   endfacet
   facet normal 1.000000e+000 0.000000e+000 0.000000e+000
      outer loop
         vertex 1.900000e+002 -1.846536e+002 6.471428e+002
         vertex 1.900000e+002 -1.425000e+002 6.471428e+002
         vertex 1.900000e+002 -2.082720e+002 6.915626e+002
      endloop
   endfacet
   facet normal 1.000000e+000 0.000000e+000 0.000000e+000
      outer loop
         vertex 1.900000e+002 -2.082720e+002 6.915626e+002
         vertex 1.900000e+002 -1.425000e+002 6.471428e+002
         vertex 1.900000e+002 -1.425000e+002 6.915626e+002
      endloop
   endfacet
   facet normal -9.983543e-001 0.000000e+000 5.734729e-002
      outer loop
         vertex 1.653561e+002 -1.440000e+002 6.832182e+002
         vertex 1.653561e+002 -1.400000e+002 6.832182e+002
         vertex 1.650001e+002 -1.400000e+002 6.748936e+002
      endloop
   endfacet
   facet normal -9.996048e-001 0.000000e+000 2.811322e-002
      outer loop
         vertex 1.653561e+002 -1.440000e+002 6.832182e+002
         vertex 1.650001e+002 -1.400000e+002 6.748936e+002
         vertex 1.650001e+002 -1.440000e+002 6.748936e+002
      endloop
   endfacet
   facet normal -9.995393e-001 0.000000e+000 -3.035205e-002
      outer loop
         vertex 1.650001e+002 -1.440000e+002 6.748936e+002
         vertex 1.650001e+002 -1.400000e+002 6.748936e+002
         vertex 1.653748e+002 -1.400000e+002 6.665698e+002
      endloop
   endfacet
   facet normal -9.982234e-001 0.000000e+000 -5.958325e-002
      outer loop
         vertex 1.650001e+002 -1.440000e+002 6.748936e+002
         vertex 1.653748e+002 -1.400000e+002 6.665698e+002
         vertex 1.653748e+002 -1.440000e+002 6.665698e+002
      endloop
   endfacet
   facet normal 0.000000e+000 -1.000000e+000 6.123032e-017
      outer loop
         vertex 1.653561e+002 -1.400000e+002 6.832182e+002
         vertex 1.520622e+002 -1.400000e+002 6.832182e+002
         vertex 1.650001e+002 -1.400000e+002 6.748936e+002
      endloop
   endfacet
   facet normal 0.000000e+000 -1.000000e+000 6.123032e-017
      outer loop
         vertex 1.650001e+002 -1.400000e+002 6.748936e+002
         vertex 1.520622e+002 -1.400000e+002 6.832182e+002
         vertex 1.503948e+002 -1.400000e+002 6.699213e+002
      endloop
   endfacet
   facet normal 0.000000e+000 -1.000000e+000 6.123032e-017
      outer loop
         vertex 1.650001e+002 -1.400000e+002 6.748936e+002
         vertex 1.503948e+002 -1.400000e+002 6.699213e+002
         vertex 1.653748e+002 -1.400000e+002 6.665698e+002
      endloop
   endfacet
   facet normal 0.000000e+000 -1.000000e+000 6.123032e-017
      outer loop
         vertex 1.653748e+002 -1.400000e+002 6.665698e+002
         vertex 1.503948e+002 -1.400000e+002 6.699213e+002
         vertex 1.503164e+002 -1.400000e+002 6.665698e+002
      endloop
   endfacet
   facet normal -9.998617e-001 0.000000e+000 1.663234e-002
      outer loop
         vertex 1.503164e+002 -1.380000e+002 6.665698e+002
         vertex 1.503164e+002 -1.400000e+002 6.665698e+002
         vertex 1.503948e+002 -1.400000e+002 6.699213e+002
      endloop
   endfacet
   facet normal -9.997147e-001 0.000000e+000 -2.388640e-002
      outer loop
         vertex 1.508964e+002 -1.380000e+002 6.565297e+002
         vertex 1.503164e+002 -1.380000e+002 6.665698e+002
         vertex 1.503948e+002 -1.280000e+002 6.699213e+002
      endloop
   endfacet
   facet normal -9.979192e-001 0.000000e+000 -6.447704e-002
      outer loop
         vertex 1.503948e+002 -1.280000e+002 6.699213e+002
         vertex 1.508964e+002 -1.280000e+002 6.565297e+002
         vertex 1.508964e+002 -1.380000e+002 6.565297e+002
      endloop
   endfacet
   facet normal -9.851519e-001 0.000000e+000 -1.716851e-001
      outer loop
         vertex 1.508964e+002 -1.380000e+002 6.565297e+002
         vertex 1.508964e+002 -1.280000e+002 6.565297e+002
         vertex 1.535538e+002 -1.280000e+002 6.433949e+002
      endloop
   endfacet
   facet normal -9.744118e-001 0.000000e+000 -2.247702e-001
      outer loop
         vertex 1.508964e+002 -1.380000e+002 6.565297e+002
         vertex 1.535538e+002 -1.280000e+002 6.433949e+002
         vertex 1.535538e+002 -1.380000e+002 6.433949e+002
      endloop
   endfacet
   facet normal -9.445006e-001 0.000000e+000 -3.285097e-001
      outer loop
         vertex 1.535538e+002 -1.380000e+002 6.433949e+002
         vertex 1.535538e+002 -1.280000e+002 6.433949e+002
         vertex 1.582973e+002 -1.280000e+002 6.308615e+002
      endloop
   endfacet
   facet normal -9.253295e-001 0.000000e+000 -3.791640e-001
      outer loop
         vertex 1.535538e+002 -1.380000e+002 6.433949e+002
         vertex 1.582973e+002 -1.280000e+002 6.308615e+002
         vertex 1.582973e+002 -1.380000e+002 6.308615e+002
      endloop
   endfacet
   facet normal -8.790595e-001 0.000000e+000 -4.767121e-001
      outer loop
         vertex 1.582973e+002 -1.380000e+002 6.308615e+002
         vertex 1.582973e+002 -1.280000e+002 6.308615e+002
         vertex 1.650024e+002 -1.280000e+002 6.192586e+002
      endloop
   endfacet
   facet normal -8.519605e-001 0.000000e+000 -5.236060e-001
      outer loop
         vertex 1.582973e+002 -1.380000e+002 6.308615e+002
         vertex 1.650024e+002 -1.280000e+002 6.192586e+002
         vertex 1.650024e+002 -1.380000e+002 6.192586e+002
      endloop
   endfacet
   facet normal -7.990169e-001 0.000000e+000 -6.013086e-001
      outer loop
         vertex 1.650024e+002 -1.380000e+002 6.192586e+002
         vertex 1.650024e+002 -1.280000e+002 6.192586e+002
         vertex 1.711363e+002 -1.380000e+002 6.114393e+002
      endloop
   endfacet
   facet normal -7.653257e-001 0.000000e+000 -6.436431e-001
      outer loop
         vertex 1.711363e+002 -1.380000e+002 6.114393e+002
         vertex 1.650024e+002 -1.280000e+002 6.192586e+002
         vertex 1.734931e+002 -1.280000e+002 6.088906e+002
      endloop
   endfacet
   facet normal -7.389455e-001 0.000000e+000 -6.737652e-001
      outer loop
         vertex 1.711363e+002 -1.380000e+002 6.114393e+002
         vertex 1.734931e+002 -1.280000e+002 6.088906e+002
         vertex 1.711363e+002 -1.400000e+002 6.114393e+002
      endloop
   endfacet
   facet normal -9.995457e-001 0.000000e+000 3.014052e-002
      outer loop
         vertex 1.503164e+002 -1.380000e+002 6.665698e+002
         vertex 1.503948e+002 -1.400000e+002 6.699213e+002
         vertex 1.503948e+002 -1.280000e+002 6.699213e+002
      endloop
   endfacet
   facet normal -9.952347e-001 0.000000e+000 9.750845e-002
      outer loop
         vertex 1.503948e+002 -1.280000e+002 6.699213e+002
         vertex 1.503948e+002 -1.400000e+002 6.699213e+002
         vertex 1.520622e+002 -1.400000e+002 6.832182e+002
      endloop
   endfacet
   facet normal -9.884958e-001 0.000000e+000 1.512483e-001
      outer loop
         vertex 1.503948e+002 -1.280000e+002 6.699213e+002
         vertex 1.520622e+002 -1.400000e+002 6.832182e+002
         vertex 1.520622e+002 -1.280000e+002 6.832182e+002
      endloop
   endfacet
   facet normal -7.294465e-001 0.000000e+000 -6.840378e-001
      outer loop
         vertex 1.711363e+002 -1.400000e+002 6.114393e+002
         vertex 1.734931e+002 -1.280000e+002 6.088906e+002
         vertex 1.734931e+002 -1.400000e+002 6.088906e+002
      endloop
   endfacet
   facet normal -6.812837e-001 0.000000e+000 -7.320195e-001
      outer loop
         vertex 1.734931e+002 -1.400000e+002 6.088906e+002
         vertex 1.734931e+002 -1.280000e+002 6.088906e+002
         vertex 1.835465e+002 -1.280000e+002 6.000297e+002
      endloop
   endfacet
   facet normal -6.406522e-001 0.000000e+000 -7.678313e-001
      outer loop
         vertex 1.734931e+002 -1.400000e+002 6.088906e+002
         vertex 1.835465e+002 -1.280000e+002 6.000297e+002
         vertex 1.835465e+002 -1.400000e+002 6.000297e+002
      endloop
   endfacet
   facet normal 1.000000e+000 0.000000e+000 1.110223e-014
      outer loop
         vertex 2.706975e+002 -1.504977e+002 1.437000e+003
         vertex 2.706975e+002 -1.622977e+002 1.437000e+003
         vertex 2.706975e+002 -1.504977e+002 1.433777e+003
      endloop
   endfacet
   facet normal 1.000000e+000 0.000000e+000 1.110223e-014
      outer loop
         vertex 2.706975e+002 -1.504977e+002 1.433777e+003
         vertex 2.706975e+002 -1.622977e+002 1.437000e+003
         vertex 2.706975e+002 -1.622977e+002 1.433777e+003
      endloop
   endfacet
   facet normal 0.000000e+000 -1.000000e+000 0.000000e+000
      outer loop
         vertex 2.651946e+002 -1.634976e+002 1.444951e+003
         vertex 2.638151e+002 -1.634976e+002 1.445698e+003
         vertex 2.530991e+002 -1.634976e+002 1.434200e+003
      endloop
   endfacet
   facet normal 0.000000e+000 -1.000000e+000 0.000000e+000
      outer loop
         vertex 2.530991e+002 -1.634976e+002 1.434200e+003
         vertex 2.516472e+002 -1.634976e+002 1.441520e+003
         vertex 2.510171e+002 -1.634976e+002 1.440084e+003
      endloop
   endfacet
   facet normal 0.000000e+000 -1.000000e+000 0.000000e+000
      outer loop
         vertex 2.510171e+002 -1.634976e+002 1.440084e+003
         vertex 2.506320e+002 -1.634976e+002 1.438563e+003
         vertex 2.530991e+002 -1.634976e+002 1.434200e+003
      endloop
   endfacet
   facet normal 0.000000e+000 -1.000000e+000 0.000000e+000
      outer loop
         vertex 2.530991e+002 -1.634976e+002 1.434200e+003
         vertex 2.506320e+002 -1.634976e+002 1.438563e+003
         vertex 2.505025e+002 -1.634976e+002 1.437000e+003
      endloop
   endfacet
   facet normal 0.000000e+000 -1.000000e+000 0.000000e+000
      outer loop
         vertex 2.530991e+002 -1.634976e+002 1.434200e+003
         vertex 2.505025e+002 -1.634976e+002 1.437000e+003
         vertex 2.505025e+002 -1.634976e+002 1.433931e+003
      endloop
   endfacet
   facet normal 0.000000e+000 -1.000000e+000 0.000000e+000
      outer loop
         vertex 2.694975e+002 -1.634976e+002 1.433931e+003
         vertex 2.694975e+002 -1.634976e+002 1.437000e+003
         vertex 2.669009e+002 -1.634976e+002 1.434200e+003
      endloop
   endfacet
   facet normal 0.000000e+000 -1.000000e+000 0.000000e+000
      outer loop
         vertex 2.669009e+002 -1.634976e+002 1.434200e+003
         vertex 2.694975e+002 -1.634976e+002 1.437000e+003
         vertex 2.693680e+002 -1.634976e+002 1.438563e+003
      endloop
   endfacet
   facet normal 0.000000e+000 -1.000000e+000 0.000000e+000
      outer loop
         vertex 2.669009e+002 -1.634976e+002 1.434200e+003
         vertex 2.693680e+002 -1.634976e+002 1.438563e+003
         vertex 2.689829e+002 -1.634976e+002 1.440084e+003
      endloop
   endfacet
   facet normal 0.000000e+000 -1.000000e+000 0.000000e+000
      outer loop
         vertex 2.689829e+002 -1.634976e+002 1.440084e+003
         vertex 2.683528e+002 -1.634976e+002 1.441520e+003
         vertex 2.669009e+002 -1.634976e+002 1.434200e+003
      endloop
   endfacet
   facet normal 0.000000e+000 -1.000000e+000 0.000000e+000
      outer loop
         vertex 2.669009e+002 -1.634976e+002 1.434200e+003
         vertex 2.683528e+002 -1.634976e+002 1.441520e+003
         vertex 2.674948e+002 -1.634976e+002 1.442833e+003
      endloop
   endfacet
   facet normal 0.000000e+000 -1.000000e+000 0.000000e+000
      outer loop
         vertex 2.669009e+002 -1.634976e+002 1.434200e+003
         vertex 2.674948e+002 -1.634976e+002 1.442833e+003
         vertex 2.530991e+002 -1.634976e+002 1.434200e+003
      endloop
   endfacet
   facet normal 0.000000e+000 -1.000000e+000 0.000000e+000
      outer loop
         vertex 2.530991e+002 -1.634976e+002 1.434200e+003
         vertex 2.674948e+002 -1.634976e+002 1.442833e+003
         vertex 2.664325e+002 -1.634976e+002 1.443988e+003
      endloop
   endfacet
   facet normal 0.000000e+000 -1.000000e+000 0.000000e+000
      outer loop
         vertex 2.530991e+002 -1.634976e+002 1.434200e+003
         vertex 2.664325e+002 -1.634976e+002 1.443988e+003
         vertex 2.651946e+002 -1.634976e+002 1.444951e+003
      endloop
   endfacet
   facet normal 0.000000e+000 -1.000000e+000 0.000000e+000
      outer loop
         vertex 2.638151e+002 -1.634976e+002 1.445698e+003
         vertex 2.623315e+002 -1.634976e+002 1.446207e+003
         vertex 2.530991e+002 -1.634976e+002 1.434200e+003
      endloop
   endfacet
   facet normal 0.000000e+000 -1.000000e+000 0.000000e+000
      outer loop
         vertex 2.530991e+002 -1.634976e+002 1.434200e+003
         vertex 2.623315e+002 -1.634976e+002 1.446207e+003
         vertex 2.607843e+002 -1.634976e+002 1.446465e+003
      endloop
   endfacet
   facet normal 0.000000e+000 -1.000000e+000 0.000000e+000
      outer loop
         vertex 2.530991e+002 -1.634976e+002 1.434200e+003
         vertex 2.607843e+002 -1.634976e+002 1.446465e+003
         vertex 2.592157e+002 -1.634976e+002 1.446465e+003
      endloop
   endfacet
   facet normal 0.000000e+000 -1.000000e+000 0.000000e+000
      outer loop
         vertex 2.548054e+002 -1.634976e+002 1.444951e+003
         vertex 2.535675e+002 -1.634976e+002 1.443988e+003
         vertex 2.530991e+002 -1.634976e+002 1.434200e+003
      endloop
   endfacet
   facet normal 0.000000e+000 -1.000000e+000 0.000000e+000
      outer loop
         vertex 2.530991e+002 -1.634976e+002 1.434200e+003
         vertex 2.535675e+002 -1.634976e+002 1.443988e+003
         vertex 2.525052e+002 -1.634976e+002 1.442833e+003
      endloop
   endfacet
   facet normal 0.000000e+000 -1.000000e+000 0.000000e+000
      outer loop
         vertex 2.530991e+002 -1.634976e+002 1.434200e+003
         vertex 2.525052e+002 -1.634976e+002 1.442833e+003
         vertex 2.516472e+002 -1.634976e+002 1.441520e+003
      endloop
   endfacet
   facet normal 0.000000e+000 -1.000000e+000 0.000000e+000
      outer loop
         vertex 2.592157e+002 -1.634976e+002 1.446465e+003
         vertex 2.576685e+002 -1.634976e+002 1.446207e+003
         vertex 2.530991e+002 -1.634976e+002 1.434200e+003
      endloop
   endfacet
   facet normal 0.000000e+000 -1.000000e+000 0.000000e+000
      outer loop
         vertex 2.530991e+002 -1.634976e+002 1.434200e+003
         vertex 2.576685e+002 -1.634976e+002 1.446207e+003
         vertex 2.561849e+002 -1.634976e+002 1.445698e+003
      endloop
   endfacet
   facet normal 0.000000e+000 -1.000000e+000 0.000000e+000
      outer loop
         vertex 2.530991e+002 -1.634976e+002 1.434200e+003
         vertex 2.561849e+002 -1.634976e+002 1.445698e+003
         vertex 2.548054e+002 -1.634976e+002 1.444951e+003
      endloop
   endfacet
   facet normal -1.000000e+000 0.000000e+000 1.665335e-014
      outer loop
         vertex 2.493025e+002 -1.504977e+002 1.433777e+003
         vertex 2.493025e+002 -1.622977e+002 1.433777e+003
         vertex 2.493025e+002 -1.504977e+002 1.437000e+003
      endloop
   endfacet
   facet normal -1.000000e+000 0.000000e+000 1.665335e-014
      outer loop
         vertex 2.493025e+002 -1.504977e+002 1.437000e+003
         vertex 2.493025e+002 -1.622977e+002 1.433777e+003
         vertex 2.493025e+002 -1.622977e+002 1.437000e+003
      endloop
   endfacet
   facet normal -7.071068e-001 7.071068e-001 1.177569e-014
      outer loop
         vertex 2.508025e+002 -1.489977e+002 1.437000e+003
         vertex 2.508025e+002 -1.489977e+002 1.433966e+003
         vertex 2.493025e+002 -1.504977e+002 1.437000e+003
      endloop
   endfacet
   facet normal -7.071068e-001 7.071068e-001 1.177569e-014
      outer loop
         vertex 2.493025e+002 -1.504977e+002 1.437000e+003
         vertex 2.508025e+002 -1.489977e+002 1.433966e+003
         vertex 2.493025e+002 -1.504977e+002 1.433777e+003
      endloop
   endfacet
   facet normal 0.000000e+000 1.000000e+000 0.000000e+000
      outer loop
         vertex 2.691975e+002 -1.489977e+002 1.437000e+003
         vertex 2.691975e+002 -1.489977e+002 1.433966e+003
         vertex 2.669009e+002 -1.489977e+002 1.434200e+003
      endloop
   endfacet
   facet normal 0.000000e+000 1.000000e+000 0.000000e+000
      outer loop
         vertex 2.691975e+002 -1.489977e+002 1.437000e+003
         vertex 2.669009e+002 -1.489977e+002 1.434200e+003
         vertex 2.690721e+002 -1.489977e+002 1.438514e+003
      endloop
   endfacet
   facet normal 0.000000e+000 1.000000e+000 0.000000e+000
      outer loop
         vertex 2.508025e+002 -1.489977e+002 1.433966e+003
         vertex 2.508025e+002 -1.489977e+002 1.437000e+003
         vertex 2.530991e+002 -1.489977e+002 1.434200e+003
      endloop
   endfacet
   facet normal 0.000000e+000 1.000000e+000 0.000000e+000
      outer loop
         vertex 2.530991e+002 -1.489977e+002 1.434200e+003
         vertex 2.508025e+002 -1.489977e+002 1.437000e+003
         vertex 2.509279e+002 -1.489977e+002 1.438514e+003
      endloop
   endfacet
   facet normal 0.000000e+000 1.000000e+000 0.000000e+000
      outer loop
         vertex 2.530991e+002 -1.489977e+002 1.434200e+003
         vertex 2.509279e+002 -1.489977e+002 1.438514e+003
         vertex 2.513008e+002 -1.489977e+002 1.439986e+003
      endloop
   endfacet
   facet normal 0.000000e+000 1.000000e+000 0.000000e+000
      outer loop
         vertex 2.513008e+002 -1.489977e+002 1.439986e+003
         vertex 2.519110e+002 -1.489977e+002 1.441378e+003
         vertex 2.530991e+002 -1.489977e+002 1.434200e+003
      endloop
   endfacet
   facet normal 0.000000e+000 1.000000e+000 0.000000e+000
      outer loop
         vertex 2.530991e+002 -1.489977e+002 1.434200e+003
         vertex 2.519110e+002 -1.489977e+002 1.441378e+003
         vertex 2.527419e+002 -1.489977e+002 1.442649e+003
      endloop
   endfacet
   facet normal 0.000000e+000 1.000000e+000 0.000000e+000
      outer loop
         vertex 2.530991e+002 -1.489977e+002 1.434200e+003
         vertex 2.527419e+002 -1.489977e+002 1.442649e+003
         vertex 2.669009e+002 -1.489977e+002 1.434200e+003
      endloop
   endfacet
   facet normal 0.000000e+000 1.000000e+000 0.000000e+000
      outer loop
         vertex 2.527419e+002 -1.489977e+002 1.442649e+003
         vertex 2.537707e+002 -1.489977e+002 1.443767e+003
         vertex 2.669009e+002 -1.489977e+002 1.434200e+003
      endloop
   endfacet
   facet normal 0.000000e+000 1.000000e+000 0.000000e+000
      outer loop
         vertex 2.669009e+002 -1.489977e+002 1.434200e+003
         vertex 2.537707e+002 -1.489977e+002 1.443767e+003
         vertex 2.549695e+002 -1.489977e+002 1.444700e+003
      endloop
   endfacet
   facet normal 0.000000e+000 1.000000e+000 0.000000e+000
      outer loop
         vertex 2.669009e+002 -1.489977e+002 1.434200e+003
         vertex 2.549695e+002 -1.489977e+002 1.444700e+003
         vertex 2.563054e+002 -1.489977e+002 1.445423e+003
      endloop
   endfacet
   facet normal 0.000000e+000 1.000000e+000 0.000000e+000
      outer loop
         vertex 2.672581e+002 -1.489977e+002 1.442649e+003
         vertex 2.669009e+002 -1.489977e+002 1.434200e+003
         vertex 2.662293e+002 -1.489977e+002 1.443767e+003
      endloop
   endfacet
   facet normal 0.000000e+000 1.000000e+000 0.000000e+000
      outer loop
         vertex 2.662293e+002 -1.489977e+002 1.443767e+003
         vertex 2.669009e+002 -1.489977e+002 1.434200e+003
         vertex 2.650305e+002 -1.489977e+002 1.444700e+003
      endloop
   endfacet
   facet normal 0.000000e+000 1.000000e+000 0.000000e+000
      outer loop
         vertex 2.672581e+002 -1.489977e+002 1.442649e+003
         vertex 2.680890e+002 -1.489977e+002 1.441378e+003
         vertex 2.669009e+002 -1.489977e+002 1.434200e+003
      endloop
   endfacet
   facet normal 0.000000e+000 1.000000e+000 0.000000e+000
      outer loop
         vertex 2.669009e+002 -1.489977e+002 1.434200e+003
         vertex 2.680890e+002 -1.489977e+002 1.441378e+003
         vertex 2.686991e+002 -1.489977e+002 1.439986e+003
      endloop
   endfacet
   facet normal 0.000000e+000 1.000000e+000 0.000000e+000
      outer loop
         vertex 2.669009e+002 -1.489977e+002 1.434200e+003
         vertex 2.686991e+002 -1.489977e+002 1.439986e+003
         vertex 2.690721e+002 -1.489977e+002 1.438514e+003
      endloop
   endfacet
   facet normal 0.000000e+000 1.000000e+000 0.000000e+000
      outer loop
         vertex 2.563054e+002 -1.489977e+002 1.445423e+003
         vertex 2.577421e+002 -1.489977e+002 1.445916e+003
         vertex 2.669009e+002 -1.489977e+002 1.434200e+003
      endloop
   endfacet
   facet normal 0.000000e+000 1.000000e+000 0.000000e+000
      outer loop
         vertex 2.669009e+002 -1.489977e+002 1.434200e+003
         vertex 2.577421e+002 -1.489977e+002 1.445916e+003
         vertex 2.592405e+002 -1.489977e+002 1.446166e+003
      endloop
   endfacet
   facet normal 0.000000e+000 1.000000e+000 0.000000e+000
      outer loop
         vertex 2.669009e+002 -1.489977e+002 1.434200e+003
         vertex 2.592405e+002 -1.489977e+002 1.446166e+003
         vertex 2.607595e+002 -1.489977e+002 1.446166e+003
      endloop
   endfacet
   facet normal 0.000000e+000 1.000000e+000 0.000000e+000
      outer loop
         vertex 2.607595e+002 -1.489977e+002 1.446166e+003
         vertex 2.622578e+002 -1.489977e+002 1.445916e+003
         vertex 2.669009e+002 -1.489977e+002 1.434200e+003
      endloop
   endfacet
   facet normal 0.000000e+000 1.000000e+000 0.000000e+000
      outer loop
         vertex 2.669009e+002 -1.489977e+002 1.434200e+003
         vertex 2.622578e+002 -1.489977e+002 1.445916e+003
         vertex 2.636946e+002 -1.489977e+002 1.445423e+003
      endloop
   endfacet
   facet normal 0.000000e+000 1.000000e+000 0.000000e+000
      outer loop
         vertex 2.669009e+002 -1.489977e+002 1.434200e+003
         vertex 2.636946e+002 -1.489977e+002 1.445423e+003
         vertex 2.650305e+002 -1.489977e+002 1.444700e+003
      endloop
   endfacet
   facet normal 7.071068e-001 7.071068e-001 7.850463e-015
      outer loop
         vertex 2.706975e+002 -1.504977e+002 1.433777e+003
         vertex 2.691975e+002 -1.489977e+002 1.433966e+003
         vertex 2.706975e+002 -1.504977e+002 1.437000e+003
      endloop
   endfacet
   facet normal 7.071068e-001 7.071068e-001 7.850463e-015
      outer loop
         vertex 2.706975e+002 -1.504977e+002 1.437000e+003
         vertex 2.691975e+002 -1.489977e+002 1.433966e+003
         vertex 2.691975e+002 -1.489977e+002 1.437000e+003
      endloop
   endfacet
   facet normal -9.238796e-001 0.000000e+000 3.826835e-001
      outer loop
         vertex 2.997782e+002 -1.525000e+002 1.278490e+003
         vertex 2.997782e+002 -2.465269e+002 1.278490e+003
         vertex 3.081007e+002 -1.525000e+002 1.298583e+003
      endloop
   endfacet
   facet normal -9.238796e-001 0.000000e+000 3.826835e-001
      outer loop
         vertex 3.081007e+002 -1.525000e+002 1.298583e+003
         vertex 2.997782e+002 -2.465269e+002 1.278490e+003
         vertex 3.081007e+002 -2.358437e+002 1.298583e+003
      endloop
   endfacet
   facet normal 9.238796e-001 0.000000e+000 3.826835e-001
      outer loop
         vertex 2.202218e+002 -2.465269e+002 1.278490e+003
         vertex 2.202218e+002 -1.525000e+002 1.278490e+003
         vertex 2.118993e+002 -2.358437e+002 1.298583e+003
      endloop
   endfacet
   facet normal 9.238796e-001 0.000000e+000 3.826835e-001
      outer loop
         vertex 2.118993e+002 -2.358437e+002 1.298583e+003
         vertex 2.202218e+002 -1.525000e+002 1.278490e+003
         vertex 2.118993e+002 -1.525000e+002 1.298583e+003
      endloop
   endfacet
   facet normal 9.781476e-001 0.000000e+000 2.079117e-001
      outer loop
         vertex 1.970040e+002 -1.525000e+002 1.368660e+003
         vertex 1.970040e+002 -1.985832e+002 1.368660e+003
         vertex 2.118993e+002 -1.525000e+002 1.298583e+003
      endloop
   endfacet
   facet normal 9.781476e-001 0.000000e+000 2.079117e-001
      outer loop
         vertex 2.118993e+002 -1.525000e+002 1.298583e+003
         vertex 1.970040e+002 -1.985832e+002 1.368660e+003
         vertex 2.118993e+002 -2.358437e+002 1.298583e+003
      endloop
   endfacet
   facet normal 9.455186e-001 0.000000e+000 -3.255682e-001
      outer loop
         vertex 1.970040e+002 -1.985832e+002 1.368660e+003
         vertex 1.970040e+002 -1.525000e+002 1.368660e+003
         vertex 2.049355e+002 -1.863354e+002 1.391694e+003
      endloop
   endfacet
   facet normal 9.455186e-001 0.000000e+000 -3.255682e-001
      outer loop
         vertex 2.049355e+002 -1.863354e+002 1.391694e+003
         vertex 1.970040e+002 -1.525000e+002 1.368660e+003
         vertex 2.049355e+002 -1.525000e+002 1.391694e+003
      endloop
   endfacet
   facet normal 1.361090e-001 0.000000e+000 -9.906939e-001
      outer loop
         vertex 2.545856e+002 -1.707805e+002 1.420949e+003
         vertex 2.492076e+002 -1.711336e+002 1.420285e+003
         vertex 2.492076e+002 -1.525000e+002 1.420285e+003
      endloop
   endfacet
   facet normal 8.006812e-001 0.000000e+000 -5.990906e-001
      outer loop
         vertex 2.049355e+002 -1.863354e+002 1.391694e+003
         vertex 2.049355e+002 -1.525000e+002 1.391694e+003
         vertex 2.116577e+002 -1.525000e+002 1.400184e+003
      endloop
   endfacet
   facet normal 7.667174e-001 0.000000e+000 -6.419848e-001
      outer loop
         vertex 2.049355e+002 -1.863354e+002 1.391694e+003
         vertex 2.116577e+002 -1.525000e+002 1.400184e+003
         vertex 2.116577e+002 -1.818214e+002 1.400184e+003
      endloop
   endfacet
   facet normal 6.922485e-001 0.000000e+000 -7.216592e-001
      outer loop
         vertex 2.116577e+002 -1.818214e+002 1.400184e+003
         vertex 2.116577e+002 -1.525000e+002 1.400184e+003
         vertex 2.196745e+002 -1.525000e+002 1.407463e+003
      endloop
   endfacet
   facet normal 6.517436e-001 0.000000e+000 -7.584394e-001
      outer loop
         vertex 2.116577e+002 -1.818214e+002 1.400184e+003
         vertex 2.196745e+002 -1.525000e+002 1.407463e+003
         vertex 2.196745e+002 -1.779508e+002 1.407463e+003
      endloop
   endfacet
   facet normal 5.652770e-001 0.000000e+000 -8.249012e-001
      outer loop
         vertex 2.196745e+002 -1.779508e+002 1.407463e+003
         vertex 2.196745e+002 -1.525000e+002 1.407463e+003
         vertex 2.287712e+002 -1.525000e+002 1.413338e+003
      endloop
   endfacet
   facet normal 5.193155e-001 0.000000e+000 -8.545826e-001
      outer loop
         vertex 2.196745e+002 -1.779508e+002 1.407463e+003
         vertex 2.287712e+002 -1.525000e+002 1.413338e+003
         vertex 2.287712e+002 -1.748272e+002 1.413338e+003
      endloop
   endfacet
   facet normal 2.166554e-001 0.000000e+000 -9.762481e-001
      outer loop
         vertex 2.492076e+002 -1.525000e+002 1.420285e+003
         vertex 2.492076e+002 -1.711336e+002 1.420285e+003
         vertex 2.387042e+002 -1.525000e+002 1.417650e+003
      endloop
   endfacet
   facet normal 2.432808e-001 0.000000e+000 -9.699559e-001
      outer loop
         vertex 2.492076e+002 -1.711336e+002 1.420285e+003
         vertex 2.439019e+002 -1.717195e+002 1.419183e+003
         vertex 2.387042e+002 -1.525000e+002 1.417650e+003
      endloop
   endfacet
   facet normal 2.958680e-001 0.000000e+000 -9.552288e-001
      outer loop
         vertex 2.387042e+002 -1.525000e+002 1.417650e+003
         vertex 2.439019e+002 -1.717195e+002 1.419183e+003
         vertex 2.387042e+002 -1.725343e+002 1.417650e+003
      endloop
   endfacet
   facet normal 3.729798e-001 0.000000e+000 -9.278394e-001
      outer loop
         vertex 2.387042e+002 -1.525000e+002 1.417650e+003
         vertex 2.387042e+002 -1.725343e+002 1.417650e+003
         vertex 2.287712e+002 -1.525000e+002 1.413338e+003
      endloop
   endfacet
   facet normal 3.982224e-001 0.000000e+000 -9.172889e-001
      outer loop
         vertex 2.287712e+002 -1.525000e+002 1.413338e+003
         vertex 2.387042e+002 -1.725343e+002 1.417650e+003
         vertex 2.336494e+002 -1.735726e+002 1.415698e+003
      endloop
   endfacet
   facet normal 4.477034e-001 0.000000e+000 -8.941821e-001
      outer loop
         vertex 2.287712e+002 -1.525000e+002 1.413338e+003
         vertex 2.336494e+002 -1.735726e+002 1.415698e+003
         vertex 2.287712e+002 -1.748272e+002 1.413338e+003
      endloop
   endfacet
   facet normal 8.182404e-002 0.000000e+000 -9.966468e-001
      outer loop
         vertex 2.545856e+002 -1.707805e+002 1.420949e+003
         vertex 2.492076e+002 -1.525000e+002 1.420285e+003
         vertex 2.600000e+002 -1.706625e+002 1.421171e+003
      endloop
   endfacet
   facet normal 5.452894e-002 0.000000e+000 -9.985122e-001
      outer loop
         vertex 2.600000e+002 -1.706625e+002 1.421171e+003
         vertex 2.492076e+002 -1.525000e+002 1.420285e+003
         vertex 2.600000e+002 -1.525000e+002 1.421171e+003
      endloop
   endfacet
   facet normal -2.729503e-002 0.000000e+000 -9.996274e-001
      outer loop
         vertex 2.600000e+002 -1.706625e+002 1.421171e+003
         vertex 2.600000e+002 -1.525000e+002 1.421171e+003
         vertex 2.654144e+002 -1.707805e+002 1.420949e+003
      endloop
   endfacet
   facet normal -8.182404e-002 0.000000e+000 -9.966468e-001
      outer loop
         vertex 2.654144e+002 -1.707805e+002 1.420949e+003
         vertex 2.600000e+002 -1.525000e+002 1.421171e+003
         vertex 2.707924e+002 -1.525000e+002 1.420285e+003
      endloop
   endfacet
   facet normal -1.361090e-001 0.000000e+000 -9.906939e-001
      outer loop
         vertex 2.654144e+002 -1.707805e+002 1.420949e+003
         vertex 2.707924e+002 -1.525000e+002 1.420285e+003
         vertex 2.707924e+002 -1.711336e+002 1.420285e+003
      endloop
   endfacet
   facet normal -1.899681e-001 0.000000e+000 -9.817902e-001
      outer loop
         vertex 2.707924e+002 -1.711336e+002 1.420285e+003
         vertex 2.707924e+002 -1.525000e+002 1.420285e+003
         vertex 2.760981e+002 -1.717195e+002 1.419183e+003
      endloop
   endfacet
   facet normal -2.432808e-001 0.000000e+000 -9.699559e-001
      outer loop
         vertex 2.760981e+002 -1.717195e+002 1.419183e+003
         vertex 2.707924e+002 -1.525000e+002 1.420285e+003
         vertex 2.812958e+002 -1.525000e+002 1.417650e+003
      endloop
   endfacet
   facet normal -2.958680e-001 0.000000e+000 -9.552288e-001
      outer loop
         vertex 2.760981e+002 -1.717195e+002 1.419183e+003
         vertex 2.812958e+002 -1.525000e+002 1.417650e+003
         vertex 2.812958e+002 -1.725343e+002 1.417650e+003
      endloop
   endfacet
   facet normal -3.475537e-001 0.000000e+000 -9.376601e-001
      outer loop
         vertex 2.812958e+002 -1.725343e+002 1.417650e+003
         vertex 2.812958e+002 -1.525000e+002 1.417650e+003
         vertex 2.863506e+002 -1.735726e+002 1.415698e+003
      endloop
   endfacet
   facet normal -3.982223e-001 0.000000e+000 -9.172890e-001
      outer loop
         vertex 2.863506e+002 -1.735726e+002 1.415698e+003
         vertex 2.812958e+002 -1.525000e+002 1.417650e+003
         vertex 2.912288e+002 -1.525000e+002 1.413338e+003
      endloop
   endfacet
   facet normal -4.477034e-001 0.000000e+000 -8.941821e-001
      outer loop
         vertex 2.863506e+002 -1.735726e+002 1.415698e+003
         vertex 2.912288e+002 -1.525000e+002 1.413338e+003
         vertex 2.912288e+002 -1.748272e+002 1.413338e+003
      endloop
   endfacet
   facet normal -5.193155e-001 0.000000e+000 -8.545826e-001
      outer loop
         vertex 2.912288e+002 -1.748272e+002 1.413338e+003
         vertex 2.912288e+002 -1.525000e+002 1.413338e+003
         vertex 3.003255e+002 -1.525000e+002 1.407463e+003
      endloop
   endfacet
   facet normal -5.652770e-001 0.000000e+000 -8.249012e-001
      outer loop
         vertex 2.912288e+002 -1.748272e+002 1.413338e+003
         vertex 3.003255e+002 -1.525000e+002 1.407463e+003
         vertex 3.003255e+002 -1.779508e+002 1.407463e+003
      endloop
   endfacet
   facet normal -6.517435e-001 0.000000e+000 -7.584395e-001
      outer loop
         vertex 3.003255e+002 -1.779508e+002 1.407463e+003
         vertex 3.003255e+002 -1.525000e+002 1.407463e+003
         vertex 3.083423e+002 -1.525000e+002 1.400184e+003
      endloop
   endfacet
   facet normal -6.922485e-001 0.000000e+000 -7.216592e-001
      outer loop
         vertex 3.003255e+002 -1.779508e+002 1.407463e+003
         vertex 3.083423e+002 -1.525000e+002 1.400184e+003
         vertex 3.083423e+002 -1.818214e+002 1.400184e+003
      endloop
   endfacet
   facet normal -7.667174e-001 0.000000e+000 -6.419848e-001
      outer loop
         vertex 3.083423e+002 -1.818214e+002 1.400184e+003
         vertex 3.083423e+002 -1.525000e+002 1.400184e+003
         vertex 3.150645e+002 -1.525000e+002 1.391694e+003
      endloop
   endfacet
   facet normal -8.006812e-001 0.000000e+000 -5.990906e-001
      outer loop
         vertex 3.083423e+002 -1.818214e+002 1.400184e+003
         vertex 3.150645e+002 -1.525000e+002 1.391694e+003
         vertex 3.150645e+002 -1.863354e+002 1.391694e+003
      endloop
   endfacet
   facet normal -9.455186e-001 0.000000e+000 -3.255682e-001
      outer loop
         vertex 3.229959e+002 -1.525000e+002 1.368660e+003
         vertex 3.229959e+002 -1.985832e+002 1.368660e+003
         vertex 3.150645e+002 -1.525000e+002 1.391694e+003
      endloop
   endfacet
   facet normal -9.455186e-001 0.000000e+000 -3.255682e-001
      outer loop
         vertex 3.150645e+002 -1.525000e+002 1.391694e+003
         vertex 3.229959e+002 -1.985832e+002 1.368660e+003
         vertex 3.150645e+002 -1.863354e+002 1.391694e+003
      endloop
   endfacet
   facet normal -9.781476e-001 0.000000e+000 2.079117e-001
      outer loop
         vertex 3.229959e+002 -1.985832e+002 1.368660e+003
         vertex 3.229959e+002 -1.525000e+002 1.368660e+003
         vertex 3.081007e+002 -2.358437e+002 1.298583e+003
      endloop
   endfacet
   facet normal -9.781476e-001 0.000000e+000 2.079117e-001
      outer loop
         vertex 3.081007e+002 -2.358437e+002 1.298583e+003
         vertex 3.229959e+002 -1.525000e+002 1.368660e+003
         vertex 3.081007e+002 -1.525000e+002 1.298583e+003
      endloop
   endfacet
   facet normal 7.071068e-001 0.000000e+000 7.071068e-001
      outer loop
         vertex 2.328113e+002 -2.507179e+002 1.265901e+003
         vertex 2.328113e+002 -1.525000e+002 1.265901e+003
         vertex 2.217354e+002 -2.473317e+002 1.276977e+003
      endloop
   endfacet
   facet normal 7.071068e-001 0.000000e+000 7.071068e-001
      outer loop
         vertex 2.217354e+002 -2.473317e+002 1.276977e+003
         vertex 2.328113e+002 -1.525000e+002 1.265901e+003
         vertex 2.202218e+002 -1.525000e+002 1.278490e+003
      endloop
   endfacet
   facet normal 7.071068e-001 0.000000e+000 7.071068e-001
      outer loop
         vertex 2.217354e+002 -2.473317e+002 1.276977e+003
         vertex 2.202218e+002 -1.525000e+002 1.278490e+003
         vertex 2.202218e+002 -2.465269e+002 1.278490e+003
      endloop
   endfacet
   facet normal 3.826835e-001 0.000000e+000 9.238796e-001
      outer loop
         vertex 2.328113e+002 -2.507179e+002 1.265901e+003
         vertex 2.501664e+002 -2.529157e+002 1.258712e+003
         vertex 2.328113e+002 -1.525000e+002 1.265901e+003
      endloop
   endfacet
   facet normal 3.826835e-001 0.000000e+000 9.238796e-001
      outer loop
         vertex 2.328113e+002 -1.525000e+002 1.265901e+003
         vertex 2.501664e+002 -2.529157e+002 1.258712e+003
         vertex 2.501664e+002 -1.525000e+002 1.258712e+003
      endloop
   endfacet
   facet normal 0.000000e+000 0.000000e+000 1.000000e+000
      outer loop
         vertex 2.501664e+002 -2.529157e+002 1.258712e+003
         vertex 2.698336e+002 -2.529157e+002 1.258712e+003
         vertex 2.501664e+002 -1.525000e+002 1.258712e+003
      endloop
   endfacet
   facet normal 0.000000e+000 0.000000e+000 1.000000e+000
      outer loop
         vertex 2.501664e+002 -1.525000e+002 1.258712e+003
         vertex 2.698336e+002 -2.529157e+002 1.258712e+003
         vertex 2.698336e+002 -1.525000e+002 1.258712e+003
      endloop
   endfacet
   facet normal -3.826835e-001 0.000000e+000 9.238796e-001
      outer loop
         vertex 2.698336e+002 -2.529157e+002 1.258712e+003
         vertex 2.871888e+002 -2.507179e+002 1.265901e+003
         vertex 2.698336e+002 -1.525000e+002 1.258712e+003
      endloop
   endfacet
   facet normal -3.826835e-001 0.000000e+000 9.238796e-001
      outer loop
         vertex 2.698336e+002 -1.525000e+002 1.258712e+003
         vertex 2.871888e+002 -2.507179e+002 1.265901e+003
         vertex 2.871888e+002 -1.525000e+002 1.265901e+003
      endloop
   endfacet
   facet normal -7.071068e-001 0.000000e+000 7.071068e-001
      outer loop
         vertex 2.997782e+002 -2.465269e+002 1.278490e+003
         vertex 2.997782e+002 -1.525000e+002 1.278490e+003
         vertex 2.982646e+002 -2.473317e+002 1.276977e+003
      endloop
   endfacet
   facet normal -7.071068e-001 0.000000e+000 7.071068e-001
      outer loop
         vertex 2.982646e+002 -2.473317e+002 1.276977e+003
         vertex 2.997782e+002 -1.525000e+002 1.278490e+003
         vertex 2.871888e+002 -1.525000e+002 1.265901e+003
      endloop
   endfacet
   facet normal -7.071068e-001 0.000000e+000 7.071068e-001
      outer loop
         vertex 2.982646e+002 -2.473317e+002 1.276977e+003
         vertex 2.871888e+002 -1.525000e+002 1.265901e+003
         vertex 2.871888e+002 -2.507179e+002 1.265901e+003
      endloop
   endfacet
   facet normal -1.000000e+000 0.000000e+000 -3.682165e-015
      outer loop
         vertex 2.310000e+002 -2.705000e+002 1.180674e+003
         vertex 2.310000e+002 -2.705000e+002 1.212162e+003
         vertex 2.310000e+002 -2.649479e+002 1.212162e+003
      endloop
   endfacet
   facet normal -3.682165e-015 0.000000e+000 1.000000e+000
      outer loop
         vertex 2.890000e+002 -2.705000e+002 1.212162e+003
         vertex 2.890000e+002 -2.649479e+002 1.212162e+003
         vertex 2.310000e+002 -2.705000e+002 1.212162e+003
      endloop
   endfacet
   facet normal -3.682165e-015 0.000000e+000 1.000000e+000
      outer loop
         vertex 2.310000e+002 -2.705000e+002 1.212162e+003
         vertex 2.890000e+002 -2.649479e+002 1.212162e+003
         vertex 2.310000e+002 -2.649479e+002 1.212162e+003
      endloop
   endfacet
   facet normal 1.000000e+000 0.000000e+000 3.682165e-015
      outer loop
         vertex 2.890000e+002 -2.649479e+002 1.212162e+003
         vertex 2.890000e+002 -2.705000e+002 1.212162e+003
         vertex 2.890000e+002 -2.705000e+002 1.180674e+003
      endloop
   endfacet
   facet normal 0.000000e+000 -1.000000e+000 0.000000e+000
      outer loop
         vertex 2.310000e+002 -2.705000e+002 1.180674e+003
         vertex 2.453562e+002 -2.705000e+002 1.190815e+003
         vertex 2.446438e+002 -2.705000e+002 1.190815e+003
      endloop
   endfacet
   facet normal 0.000000e+000 -1.000000e+000 0.000000e+000
      outer loop
         vertex 2.453562e+002 -2.705000e+002 1.190815e+003
         vertex 2.310000e+002 -2.705000e+002 1.180674e+003
         vertex 2.460583e+002 -2.705000e+002 1.190936e+003
      endloop
   endfacet
   facet normal 0.000000e+000 -1.000000e+000 0.000000e+000
      outer loop
         vertex 2.460583e+002 -2.705000e+002 1.190936e+003
         vertex 2.310000e+002 -2.705000e+002 1.180674e+003
         vertex 2.890000e+002 -2.705000e+002 1.180674e+003
      endloop
   endfacet
   facet normal 0.000000e+000 -1.000000e+000 0.000000e+000
      outer loop
         vertex 2.460583e+002 -2.705000e+002 1.190936e+003
         vertex 2.890000e+002 -2.705000e+002 1.180674e+003
         vertex 2.467300e+002 -2.705000e+002 1.191173e+003
      endloop
   endfacet
   facet normal 0.000000e+000 -1.000000e+000 0.000000e+000
      outer loop
         vertex 2.446438e+002 -2.705000e+002 1.190815e+003
         vertex 2.439417e+002 -2.705000e+002 1.190936e+003
         vertex 2.310000e+002 -2.705000e+002 1.180674e+003
      endloop
   endfacet
   facet normal 0.000000e+000 -1.000000e+000 0.000000e+000
      outer loop
         vertex 2.310000e+002 -2.705000e+002 1.180674e+003
         vertex 2.439417e+002 -2.705000e+002 1.190936e+003
         vertex 2.432700e+002 -2.705000e+002 1.191173e+003
      endloop
   endfacet
   facet normal 0.000000e+000 -1.000000e+000 0.000000e+000
      outer loop
         vertex 2.310000e+002 -2.705000e+002 1.180674e+003
         vertex 2.432700e+002 -2.705000e+002 1.191173e+003
         vertex 2.426481e+002 -2.705000e+002 1.191520e+003
      endloop
   endfacet
   facet normal 0.000000e+000 -1.000000e+000 0.000000e+000
      outer loop
         vertex 2.757098e+002 -2.705000e+002 1.199140e+003
         vertex 2.890000e+002 -2.705000e+002 1.212162e+003
         vertex 2.750000e+002 -2.705000e+002 1.199200e+003
      endloop
   endfacet
   facet normal 0.000000e+000 -1.000000e+000 0.000000e+000
      outer loop
         vertex 2.750000e+002 -2.705000e+002 1.199200e+003
         vertex 2.890000e+002 -2.705000e+002 1.212162e+003
         vertex 2.742902e+002 -2.705000e+002 1.199140e+003
      endloop
   endfacet
   facet normal 0.000000e+000 -1.000000e+000 0.000000e+000
      outer loop
         vertex 2.483768e+002 -2.705000e+002 1.192502e+003
         vertex 2.479061e+002 -2.705000e+002 1.191968e+003
         vertex 2.890000e+002 -2.705000e+002 1.180674e+003
      endloop
   endfacet
   facet normal 0.000000e+000 -1.000000e+000 0.000000e+000
      outer loop
         vertex 2.890000e+002 -2.705000e+002 1.180674e+003
         vertex 2.479061e+002 -2.705000e+002 1.191968e+003
         vertex 2.473519e+002 -2.705000e+002 1.191520e+003
      endloop
   endfacet
   facet normal 0.000000e+000 -1.000000e+000 0.000000e+000
      outer loop
         vertex 2.890000e+002 -2.705000e+002 1.180674e+003
         vertex 2.473519e+002 -2.705000e+002 1.191520e+003
         vertex 2.467300e+002 -2.705000e+002 1.191173e+003
      endloop
   endfacet
   facet normal 0.000000e+000 -1.000000e+000 0.000000e+000
      outer loop
         vertex 2.408943e+002 -2.705000e+002 1.195885e+003
         vertex 2.411029e+002 -2.705000e+002 1.196566e+003
         vertex 2.310000e+002 -2.705000e+002 1.212162e+003
      endloop
   endfacet
   facet normal 0.000000e+000 -1.000000e+000 0.000000e+000
      outer loop
         vertex 2.310000e+002 -2.705000e+002 1.212162e+003
         vertex 2.411029e+002 -2.705000e+002 1.196566e+003
         vertex 2.414236e+002 -2.705000e+002 1.197202e+003
      endloop
   endfacet
   facet normal 0.000000e+000 -1.000000e+000 0.000000e+000
      outer loop
         vertex 2.442902e+002 -2.705000e+002 1.199140e+003
         vertex 2.310000e+002 -2.705000e+002 1.212162e+003
         vertex 2.436008e+002 -2.705000e+002 1.198960e+003
      endloop
   endfacet
   facet normal 0.000000e+000 -1.000000e+000 0.000000e+000
      outer loop
         vertex 2.436008e+002 -2.705000e+002 1.198960e+003
         vertex 2.310000e+002 -2.705000e+002 1.212162e+003
         vertex 2.429517e+002 -2.705000e+002 1.198667e+003
      endloop
   endfacet
   facet normal 0.000000e+000 -1.000000e+000 0.000000e+000
      outer loop
         vertex 2.485764e+002 -2.705000e+002 1.197202e+003
         vertex 2.739417e+002 -2.705000e+002 1.190936e+003
         vertex 2.481528e+002 -2.705000e+002 1.197775e+003
      endloop
   endfacet
   facet normal 0.000000e+000 -1.000000e+000 0.000000e+000
      outer loop
         vertex 2.481528e+002 -2.705000e+002 1.197775e+003
         vertex 2.739417e+002 -2.705000e+002 1.190936e+003
         vertex 2.476385e+002 -2.705000e+002 1.198268e+003
      endloop
   endfacet
   facet normal 0.000000e+000 -1.000000e+000 0.000000e+000
      outer loop
         vertex 2.414236e+002 -2.705000e+002 1.197202e+003
         vertex 2.418472e+002 -2.705000e+002 1.197775e+003
         vertex 2.310000e+002 -2.705000e+002 1.212162e+003
      endloop
   endfacet
   facet normal 0.000000e+000 -1.000000e+000 0.000000e+000
      outer loop
         vertex 2.310000e+002 -2.705000e+002 1.212162e+003
         vertex 2.418472e+002 -2.705000e+002 1.197775e+003
         vertex 2.423615e+002 -2.705000e+002 1.198268e+003
      endloop
   endfacet
   facet normal 0.000000e+000 -1.000000e+000 0.000000e+000
      outer loop
         vertex 2.310000e+002 -2.705000e+002 1.212162e+003
         vertex 2.423615e+002 -2.705000e+002 1.198268e+003
         vertex 2.429517e+002 -2.705000e+002 1.198667e+003
      endloop
   endfacet
   facet normal 0.000000e+000 -1.000000e+000 0.000000e+000
      outer loop
         vertex 2.757098e+002 -2.705000e+002 1.199140e+003
         vertex 2.763992e+002 -2.705000e+002 1.198960e+003
         vertex 2.890000e+002 -2.705000e+002 1.212162e+003
      endloop
   endfacet
   facet normal 0.000000e+000 -1.000000e+000 0.000000e+000
      outer loop
         vertex 2.890000e+002 -2.705000e+002 1.212162e+003
         vertex 2.763992e+002 -2.705000e+002 1.198960e+003
         vertex 2.770483e+002 -2.705000e+002 1.198667e+003
      endloop
   endfacet
   facet normal 0.000000e+000 -1.000000e+000 0.000000e+000
      outer loop
         vertex 2.890000e+002 -2.705000e+002 1.212162e+003
         vertex 2.770483e+002 -2.705000e+002 1.198667e+003
         vertex 2.776385e+002 -2.705000e+002 1.198268e+003
      endloop
   endfacet
   facet normal 0.000000e+000 -1.000000e+000 0.000000e+000
      outer loop
         vertex 2.485764e+002 -2.705000e+002 1.197202e+003
         vertex 2.488971e+002 -2.705000e+002 1.196566e+003
         vertex 2.739417e+002 -2.705000e+002 1.190936e+003
      endloop
   endfacet
   facet normal 0.000000e+000 -1.000000e+000 0.000000e+000
      outer loop
         vertex 2.739417e+002 -2.705000e+002 1.190936e+003
         vertex 2.488971e+002 -2.705000e+002 1.196566e+003
         vertex 2.491057e+002 -2.705000e+002 1.195885e+003
      endloop
   endfacet
   facet normal 0.000000e+000 -1.000000e+000 0.000000e+000
      outer loop
         vertex 2.739417e+002 -2.705000e+002 1.190936e+003
         vertex 2.491057e+002 -2.705000e+002 1.195885e+003
         vertex 2.491962e+002 -2.705000e+002 1.195178e+003
      endloop
   endfacet
   facet normal 0.000000e+000 -1.000000e+000 0.000000e+000
      outer loop
         vertex 2.426481e+002 -2.705000e+002 1.191520e+003
         vertex 2.420939e+002 -2.705000e+002 1.191968e+003
         vertex 2.310000e+002 -2.705000e+002 1.180674e+003
      endloop
   endfacet
   facet normal 0.000000e+000 -1.000000e+000 0.000000e+000
      outer loop
         vertex 2.310000e+002 -2.705000e+002 1.180674e+003
         vertex 2.420939e+002 -2.705000e+002 1.191968e+003
         vertex 2.416232e+002 -2.705000e+002 1.192502e+003
      endloop
   endfacet
   facet normal 0.000000e+000 -1.000000e+000 0.000000e+000
      outer loop
         vertex 2.310000e+002 -2.705000e+002 1.180674e+003
         vertex 2.416232e+002 -2.705000e+002 1.192502e+003
         vertex 2.412497e+002 -2.705000e+002 1.193109e+003
      endloop
   endfacet
   facet normal 0.000000e+000 -1.000000e+000 0.000000e+000
      outer loop
         vertex 2.720939e+002 -2.705000e+002 1.191968e+003
         vertex 2.716232e+002 -2.705000e+002 1.192502e+003
         vertex 2.463992e+002 -2.705000e+002 1.198960e+003
      endloop
   endfacet
   facet normal 0.000000e+000 -1.000000e+000 0.000000e+000
      outer loop
         vertex 2.790159e+002 -2.705000e+002 1.193770e+003
         vertex 2.787503e+002 -2.705000e+002 1.193109e+003
         vertex 2.890000e+002 -2.705000e+002 1.180674e+003
      endloop
   endfacet
   facet normal 0.000000e+000 -1.000000e+000 0.000000e+000
      outer loop
         vertex 2.890000e+002 -2.705000e+002 1.180674e+003
         vertex 2.787503e+002 -2.705000e+002 1.193109e+003
         vertex 2.783768e+002 -2.705000e+002 1.192502e+003
      endloop
   endfacet
   facet normal 0.000000e+000 -1.000000e+000 0.000000e+000
      outer loop
         vertex 2.890000e+002 -2.705000e+002 1.180674e+003
         vertex 2.783768e+002 -2.705000e+002 1.192502e+003
         vertex 2.779062e+002 -2.705000e+002 1.191968e+003
      endloop
   endfacet
   facet normal 0.000000e+000 -1.000000e+000 0.000000e+000
      outer loop
         vertex 2.708943e+002 -2.705000e+002 1.195885e+003
         vertex 2.711029e+002 -2.705000e+002 1.196566e+003
         vertex 2.310000e+002 -2.705000e+002 1.212162e+003
      endloop
   endfacet
   facet normal 0.000000e+000 -1.000000e+000 0.000000e+000
      outer loop
         vertex 2.310000e+002 -2.705000e+002 1.212162e+003
         vertex 2.711029e+002 -2.705000e+002 1.196566e+003
         vertex 2.714236e+002 -2.705000e+002 1.197202e+003
      endloop
   endfacet
   facet normal 0.000000e+000 -1.000000e+000 0.000000e+000
      outer loop
         vertex 2.742902e+002 -2.705000e+002 1.199140e+003
         vertex 2.890000e+002 -2.705000e+002 1.212162e+003
         vertex 2.736008e+002 -2.705000e+002 1.198960e+003
      endloop
   endfacet
   facet normal 0.000000e+000 -1.000000e+000 0.000000e+000
      outer loop
         vertex 2.736008e+002 -2.705000e+002 1.198960e+003
         vertex 2.890000e+002 -2.705000e+002 1.212162e+003
         vertex 2.310000e+002 -2.705000e+002 1.212162e+003
      endloop
   endfacet
   facet normal 0.000000e+000 -1.000000e+000 0.000000e+000
      outer loop
         vertex 2.736008e+002 -2.705000e+002 1.198960e+003
         vertex 2.310000e+002 -2.705000e+002 1.212162e+003
         vertex 2.729517e+002 -2.705000e+002 1.198667e+003
      endloop
   endfacet
   facet normal 0.000000e+000 -1.000000e+000 0.000000e+000
      outer loop
         vertex 2.776385e+002 -2.705000e+002 1.198268e+003
         vertex 2.781528e+002 -2.705000e+002 1.197775e+003
         vertex 2.890000e+002 -2.705000e+002 1.212162e+003
      endloop
   endfacet
   facet normal 0.000000e+000 -1.000000e+000 0.000000e+000
      outer loop
         vertex 2.890000e+002 -2.705000e+002 1.212162e+003
         vertex 2.781528e+002 -2.705000e+002 1.197775e+003
         vertex 2.785764e+002 -2.705000e+002 1.197202e+003
      endloop
   endfacet
   facet normal 0.000000e+000 -1.000000e+000 0.000000e+000
      outer loop
         vertex 2.890000e+002 -2.705000e+002 1.212162e+003
         vertex 2.785764e+002 -2.705000e+002 1.197202e+003
         vertex 2.788971e+002 -2.705000e+002 1.196566e+003
      endloop
   endfacet
   facet normal 0.000000e+000 -1.000000e+000 0.000000e+000
      outer loop
         vertex 2.779062e+002 -2.705000e+002 1.191968e+003
         vertex 2.773519e+002 -2.705000e+002 1.191520e+003
         vertex 2.890000e+002 -2.705000e+002 1.180674e+003
      endloop
   endfacet
   facet normal 0.000000e+000 -1.000000e+000 0.000000e+000
      outer loop
         vertex 2.890000e+002 -2.705000e+002 1.180674e+003
         vertex 2.773519e+002 -2.705000e+002 1.191520e+003
         vertex 2.767300e+002 -2.705000e+002 1.191173e+003
      endloop
   endfacet
   facet normal 0.000000e+000 -1.000000e+000 0.000000e+000
      outer loop
         vertex 2.890000e+002 -2.705000e+002 1.180674e+003
         vertex 2.767300e+002 -2.705000e+002 1.191173e+003
         vertex 2.760583e+002 -2.705000e+002 1.190936e+003
      endloop
   endfacet
   facet normal 0.000000e+000 -1.000000e+000 0.000000e+000
      outer loop
         vertex 2.760583e+002 -2.705000e+002 1.190936e+003
         vertex 2.753562e+002 -2.705000e+002 1.190815e+003
         vertex 2.890000e+002 -2.705000e+002 1.180674e+003
      endloop
   endfacet
   facet normal 0.000000e+000 -1.000000e+000 0.000000e+000
      outer loop
         vertex 2.890000e+002 -2.705000e+002 1.180674e+003
         vertex 2.753562e+002 -2.705000e+002 1.190815e+003
         vertex 2.746438e+002 -2.705000e+002 1.190815e+003
      endloop
   endfacet
   facet normal 0.000000e+000 -1.000000e+000 0.000000e+000
      outer loop
         vertex 2.890000e+002 -2.705000e+002 1.180674e+003
         vertex 2.746438e+002 -2.705000e+002 1.190815e+003
         vertex 2.739417e+002 -2.705000e+002 1.190936e+003
      endloop
   endfacet
   facet normal 0.000000e+000 -1.000000e+000 0.000000e+000
      outer loop
         vertex 2.412497e+002 -2.705000e+002 1.193109e+003
         vertex 2.409841e+002 -2.705000e+002 1.193770e+003
         vertex 2.310000e+002 -2.705000e+002 1.180674e+003
      endloop
   endfacet
   facet normal 0.000000e+000 -1.000000e+000 0.000000e+000
      outer loop
         vertex 2.310000e+002 -2.705000e+002 1.180674e+003
         vertex 2.409841e+002 -2.705000e+002 1.193770e+003
         vertex 2.408340e+002 -2.705000e+002 1.194466e+003
      endloop
   endfacet
   facet normal 0.000000e+000 -1.000000e+000 0.000000e+000
      outer loop
         vertex 2.310000e+002 -2.705000e+002 1.180674e+003
         vertex 2.408340e+002 -2.705000e+002 1.194466e+003
         vertex 2.310000e+002 -2.705000e+002 1.212162e+003
      endloop
   endfacet
   facet normal 0.000000e+000 -1.000000e+000 0.000000e+000
      outer loop
         vertex 2.310000e+002 -2.705000e+002 1.212162e+003
         vertex 2.408340e+002 -2.705000e+002 1.194466e+003
         vertex 2.408038e+002 -2.705000e+002 1.195178e+003
      endloop
   endfacet
   facet normal 0.000000e+000 -1.000000e+000 0.000000e+000
      outer loop
         vertex 2.310000e+002 -2.705000e+002 1.212162e+003
         vertex 2.408038e+002 -2.705000e+002 1.195178e+003
         vertex 2.408943e+002 -2.705000e+002 1.195885e+003
      endloop
   endfacet
   facet normal 0.000000e+000 -1.000000e+000 0.000000e+000
      outer loop
         vertex 2.476385e+002 -2.705000e+002 1.198268e+003
         vertex 2.739417e+002 -2.705000e+002 1.190936e+003
         vertex 2.470483e+002 -2.705000e+002 1.198667e+003
      endloop
   endfacet
   facet normal 0.000000e+000 -1.000000e+000 0.000000e+000
      outer loop
         vertex 2.470483e+002 -2.705000e+002 1.198667e+003
         vertex 2.739417e+002 -2.705000e+002 1.190936e+003
         vertex 2.732700e+002 -2.705000e+002 1.191173e+003
      endloop
   endfacet
   facet normal 0.000000e+000 -1.000000e+000 0.000000e+000
      outer loop
         vertex 2.470483e+002 -2.705000e+002 1.198667e+003
         vertex 2.732700e+002 -2.705000e+002 1.191173e+003
         vertex 2.463992e+002 -2.705000e+002 1.198960e+003
      endloop
   endfacet
   facet normal 0.000000e+000 -1.000000e+000 0.000000e+000
      outer loop
         vertex 2.463992e+002 -2.705000e+002 1.198960e+003
         vertex 2.732700e+002 -2.705000e+002 1.191173e+003
         vertex 2.726481e+002 -2.705000e+002 1.191520e+003
      endloop
   endfacet
   facet normal 0.000000e+000 -1.000000e+000 0.000000e+000
      outer loop
         vertex 2.463992e+002 -2.705000e+002 1.198960e+003
         vertex 2.726481e+002 -2.705000e+002 1.191520e+003
         vertex 2.720939e+002 -2.705000e+002 1.191968e+003
      endloop
   endfacet
   facet normal 0.000000e+000 -1.000000e+000 0.000000e+000
      outer loop
         vertex 2.716232e+002 -2.705000e+002 1.192502e+003
         vertex 2.712497e+002 -2.705000e+002 1.193109e+003
         vertex 2.463992e+002 -2.705000e+002 1.198960e+003
      endloop
   endfacet
   facet normal 0.000000e+000 -1.000000e+000 0.000000e+000
      outer loop
         vertex 2.463992e+002 -2.705000e+002 1.198960e+003
         vertex 2.712497e+002 -2.705000e+002 1.193109e+003
         vertex 2.709841e+002 -2.705000e+002 1.193770e+003
      endloop
   endfacet
   facet normal 0.000000e+000 -1.000000e+000 0.000000e+000
      outer loop
         vertex 2.463992e+002 -2.705000e+002 1.198960e+003
         vertex 2.709841e+002 -2.705000e+002 1.193770e+003
         vertex 2.708340e+002 -2.705000e+002 1.194466e+003
      endloop
   endfacet
   facet normal 0.000000e+000 -1.000000e+000 0.000000e+000
      outer loop
         vertex 2.714236e+002 -2.705000e+002 1.197202e+003
         vertex 2.718472e+002 -2.705000e+002 1.197775e+003
         vertex 2.310000e+002 -2.705000e+002 1.212162e+003
      endloop
   endfacet
   facet normal 0.000000e+000 -1.000000e+000 0.000000e+000
      outer loop
         vertex 2.310000e+002 -2.705000e+002 1.212162e+003
         vertex 2.718472e+002 -2.705000e+002 1.197775e+003
         vertex 2.723615e+002 -2.705000e+002 1.198268e+003
      endloop
   endfacet
   facet normal 0.000000e+000 -1.000000e+000 0.000000e+000
      outer loop
         vertex 2.310000e+002 -2.705000e+002 1.212162e+003
         vertex 2.723615e+002 -2.705000e+002 1.198268e+003
         vertex 2.729517e+002 -2.705000e+002 1.198667e+003
      endloop
   endfacet
   facet normal 0.000000e+000 -1.000000e+000 0.000000e+000
      outer loop
         vertex 2.788971e+002 -2.705000e+002 1.196566e+003
         vertex 2.791057e+002 -2.705000e+002 1.195885e+003
         vertex 2.890000e+002 -2.705000e+002 1.212162e+003
      endloop
   endfacet
   facet normal 0.000000e+000 -1.000000e+000 0.000000e+000
      outer loop
         vertex 2.890000e+002 -2.705000e+002 1.212162e+003
         vertex 2.791057e+002 -2.705000e+002 1.195885e+003
         vertex 2.791962e+002 -2.705000e+002 1.195178e+003
      endloop
   endfacet
   facet normal 0.000000e+000 -1.000000e+000 0.000000e+000
      outer loop
         vertex 2.890000e+002 -2.705000e+002 1.212162e+003
         vertex 2.791962e+002 -2.705000e+002 1.195178e+003
         vertex 2.890000e+002 -2.705000e+002 1.180674e+003
      endloop
   endfacet
   facet normal 0.000000e+000 -1.000000e+000 0.000000e+000
      outer loop
         vertex 2.890000e+002 -2.705000e+002 1.180674e+003
         vertex 2.791962e+002 -2.705000e+002 1.195178e+003
         vertex 2.791660e+002 -2.705000e+002 1.194466e+003
      endloop
   endfacet
   facet normal 0.000000e+000 -1.000000e+000 0.000000e+000
      outer loop
         vertex 2.890000e+002 -2.705000e+002 1.180674e+003
         vertex 2.791660e+002 -2.705000e+002 1.194466e+003
         vertex 2.790159e+002 -2.705000e+002 1.193770e+003
      endloop
   endfacet
   facet normal 0.000000e+000 -1.000000e+000 0.000000e+000
      outer loop
         vertex 2.491962e+002 -2.705000e+002 1.195178e+003
         vertex 2.491660e+002 -2.705000e+002 1.194466e+003
         vertex 2.739417e+002 -2.705000e+002 1.190936e+003
      endloop
   endfacet
   facet normal 0.000000e+000 -1.000000e+000 0.000000e+000
      outer loop
         vertex 2.739417e+002 -2.705000e+002 1.190936e+003
         vertex 2.491660e+002 -2.705000e+002 1.194466e+003
         vertex 2.490159e+002 -2.705000e+002 1.193770e+003
      endloop
   endfacet
   facet normal 0.000000e+000 -1.000000e+000 0.000000e+000
      outer loop
         vertex 2.739417e+002 -2.705000e+002 1.190936e+003
         vertex 2.490159e+002 -2.705000e+002 1.193770e+003
         vertex 2.890000e+002 -2.705000e+002 1.180674e+003
      endloop
   endfacet
   facet normal 0.000000e+000 -1.000000e+000 0.000000e+000
      outer loop
         vertex 2.890000e+002 -2.705000e+002 1.180674e+003
         vertex 2.490159e+002 -2.705000e+002 1.193770e+003
         vertex 2.487503e+002 -2.705000e+002 1.193109e+003
      endloop
   endfacet
   facet normal 0.000000e+000 -1.000000e+000 0.000000e+000
      outer loop
         vertex 2.890000e+002 -2.705000e+002 1.180674e+003
         vertex 2.487503e+002 -2.705000e+002 1.193109e+003
         vertex 2.483768e+002 -2.705000e+002 1.192502e+003
      endloop
   endfacet
   facet normal 0.000000e+000 -1.000000e+000 0.000000e+000
      outer loop
         vertex 2.708340e+002 -2.705000e+002 1.194466e+003
         vertex 2.708038e+002 -2.705000e+002 1.195178e+003
         vertex 2.463992e+002 -2.705000e+002 1.198960e+003
      endloop
   endfacet
   facet normal 0.000000e+000 -1.000000e+000 0.000000e+000
      outer loop
         vertex 2.463992e+002 -2.705000e+002 1.198960e+003
         vertex 2.708038e+002 -2.705000e+002 1.195178e+003
         vertex 2.708943e+002 -2.705000e+002 1.195885e+003
      endloop
   endfacet
   facet normal 0.000000e+000 -1.000000e+000 0.000000e+000
      outer loop
         vertex 2.463992e+002 -2.705000e+002 1.198960e+003
         vertex 2.708943e+002 -2.705000e+002 1.195885e+003
         vertex 2.457098e+002 -2.705000e+002 1.199140e+003
      endloop
   endfacet
   facet normal 0.000000e+000 -1.000000e+000 0.000000e+000
      outer loop
         vertex 2.457098e+002 -2.705000e+002 1.199140e+003
         vertex 2.708943e+002 -2.705000e+002 1.195885e+003
         vertex 2.310000e+002 -2.705000e+002 1.212162e+003
      endloop
   endfacet
   facet normal 0.000000e+000 -1.000000e+000 0.000000e+000
      outer loop
         vertex 2.457098e+002 -2.705000e+002 1.199140e+003
         vertex 2.310000e+002 -2.705000e+002 1.212162e+003
         vertex 2.450000e+002 -2.705000e+002 1.199200e+003
      endloop
   endfacet
   facet normal 0.000000e+000 -1.000000e+000 0.000000e+000
      outer loop
         vertex 2.450000e+002 -2.705000e+002 1.199200e+003
         vertex 2.310000e+002 -2.705000e+002 1.212162e+003
         vertex 2.442902e+002 -2.705000e+002 1.199140e+003
      endloop
   endfacet
   facet normal -9.238796e-001 0.000000e+000 -3.826835e-001
      outer loop
         vertex 3.194308e+002 -2.451627e+002 7.641403e+002
         vertex 3.133137e+002 -2.505378e+002 7.789082e+002
         vertex 3.194308e+002 -1.425000e+002 7.641403e+002
      endloop
   endfacet
   facet normal -9.238796e-001 0.000000e+000 -3.826835e-001
      outer loop
         vertex 3.194308e+002 -1.425000e+002 7.641403e+002
         vertex 3.133137e+002 -2.505378e+002 7.789082e+002
         vertex 3.133137e+002 -1.425000e+002 7.789082e+002
      endloop
   endfacet
   facet normal -7.071068e-001 0.000000e+000 -7.071068e-001
      outer loop
         vertex 3.133137e+002 -2.505378e+002 7.789082e+002
         vertex 2.941421e+002 -2.575157e+002 7.980798e+002
         vertex 3.133137e+002 -1.425000e+002 7.789082e+002
      endloop
   endfacet
   facet normal -7.071068e-001 0.000000e+000 -7.071068e-001
      outer loop
         vertex 3.133137e+002 -1.425000e+002 7.789082e+002
         vertex 2.941421e+002 -2.575157e+002 7.980798e+002
         vertex 2.941421e+002 -1.425000e+002 7.980798e+002
      endloop
   endfacet
   facet normal -3.826835e-001 0.000000e+000 -9.238796e-001
      outer loop
         vertex 2.941421e+002 -2.575157e+002 7.980798e+002
         vertex 2.744853e+002 -2.604792e+002 8.062219e+002
         vertex 2.941421e+002 -1.425000e+002 7.980798e+002
      endloop
   endfacet
   facet normal -3.826835e-001 0.000000e+000 -9.238796e-001
      outer loop
         vertex 2.941421e+002 -1.425000e+002 7.980798e+002
         vertex 2.744853e+002 -2.604792e+002 8.062219e+002
         vertex 2.744853e+002 -1.425000e+002 8.062219e+002
      endloop
   endfacet
   facet normal 0.000000e+000 0.000000e+000 -1.000000e+000
      outer loop
         vertex 2.744853e+002 -2.604792e+002 8.062219e+002
         vertex 2.455147e+002 -2.604792e+002 8.062219e+002
         vertex 2.744853e+002 -1.425000e+002 8.062219e+002
      endloop
   endfacet
   facet normal 0.000000e+000 0.000000e+000 -1.000000e+000
      outer loop
         vertex 2.744853e+002 -1.425000e+002 8.062219e+002
         vertex 2.455147e+002 -2.604792e+002 8.062219e+002
         vertex 2.455147e+002 -1.425000e+002 8.062219e+002
      endloop
   endfacet
   facet normal 3.826835e-001 0.000000e+000 -9.238796e-001
      outer loop
         vertex 2.455147e+002 -2.604792e+002 8.062219e+002
         vertex 2.258579e+002 -2.575157e+002 7.980798e+002
         vertex 2.455147e+002 -1.425000e+002 8.062219e+002
      endloop
   endfacet
   facet normal 3.826835e-001 0.000000e+000 -9.238796e-001
      outer loop
         vertex 2.455147e+002 -1.425000e+002 8.062219e+002
         vertex 2.258579e+002 -2.575157e+002 7.980798e+002
         vertex 2.258579e+002 -1.425000e+002 7.980798e+002
      endloop
   endfacet
   facet normal 7.071068e-001 0.000000e+000 -7.071068e-001
      outer loop
         vertex 2.258579e+002 -2.575157e+002 7.980798e+002
         vertex 2.066863e+002 -2.505378e+002 7.789082e+002
         vertex 2.258579e+002 -1.425000e+002 7.980798e+002
      endloop
   endfacet
   facet normal 7.071068e-001 0.000000e+000 -7.071068e-001
      outer loop
         vertex 2.258579e+002 -1.425000e+002 7.980798e+002
         vertex 2.066863e+002 -2.505378e+002 7.789082e+002
         vertex 2.066863e+002 -1.425000e+002 7.789082e+002
      endloop
   endfacet
   facet normal 9.238796e-001 0.000000e+000 -3.826835e-001
      outer loop
         vertex 2.066863e+002 -2.505378e+002 7.789082e+002
         vertex 2.005692e+002 -2.451627e+002 7.641403e+002
         vertex 2.066863e+002 -1.425000e+002 7.789082e+002
      endloop
   endfacet
   facet normal 9.238796e-001 0.000000e+000 -3.826835e-001
      outer loop
         vertex 2.066863e+002 -1.425000e+002 7.789082e+002
         vertex 2.005692e+002 -2.451627e+002 7.641403e+002
         vertex 2.005692e+002 -1.425000e+002 7.641403e+002
      endloop
   endfacet
   facet normal 9.895622e-001 0.000000e+000 -1.441065e-001
      outer loop
         vertex 1.900000e+002 -2.082720e+002 6.915626e+002
         vertex 1.900000e+002 -1.425000e+002 6.915626e+002
         vertex 1.990937e+002 -2.414749e+002 7.540080e+002
      endloop
   endfacet
   facet normal 9.895622e-001 0.000000e+000 -1.441065e-001
      outer loop
         vertex 1.990937e+002 -2.414749e+002 7.540080e+002
         vertex 1.900000e+002 -1.425000e+002 6.915626e+002
         vertex 2.005692e+002 -1.425000e+002 7.641403e+002
      endloop
   endfacet
   facet normal 9.895622e-001 0.000000e+000 -1.441065e-001
      outer loop
         vertex 1.990937e+002 -2.414749e+002 7.540080e+002
         vertex 2.005692e+002 -1.425000e+002 7.641403e+002
         vertex 2.005692e+002 -2.451627e+002 7.641403e+002
      endloop
   endfacet
   facet normal -1.000000e+000 0.000000e+000 0.000000e+000
      outer loop
         vertex 2.310000e+002 -2.755000e+002 8.808369e+002
         vertex 2.310000e+002 -2.755000e+002 8.478369e+002
         vertex 2.310000e+002 -2.765000e+002 8.808369e+002
      endloop
   endfacet
   facet normal -1.000000e+000 0.000000e+000 0.000000e+000
      outer loop
         vertex 2.310000e+002 -2.765000e+002 8.808369e+002
         vertex 2.310000e+002 -2.755000e+002 8.478369e+002
         vertex 2.310000e+002 -2.765000e+002 8.478369e+002
      endloop
   endfacet
   facet normal 0.000000e+000 0.000000e+000 1.000000e+000
      outer loop
         vertex 2.890000e+002 -2.755000e+002 8.808369e+002
         vertex 2.310000e+002 -2.755000e+002 8.808369e+002
         vertex 2.890000e+002 -2.765000e+002 8.808369e+002
      endloop
   endfacet
   facet normal 0.000000e+000 0.000000e+000 1.000000e+000
      outer loop
         vertex 2.890000e+002 -2.765000e+002 8.808369e+002
         vertex 2.310000e+002 -2.755000e+002 8.808369e+002
         vertex 2.310000e+002 -2.765000e+002 8.808369e+002
      endloop
   endfacet
   facet normal 1.000000e+000 0.000000e+000 0.000000e+000
      outer loop
         vertex 2.890000e+002 -2.755000e+002 8.478369e+002
         vertex 2.890000e+002 -2.755000e+002 8.808369e+002
         vertex 2.890000e+002 -2.765000e+002 8.478369e+002
      endloop
   endfacet
   facet normal 1.000000e+000 0.000000e+000 0.000000e+000
      outer loop
         vertex 2.890000e+002 -2.765000e+002 8.478369e+002
         vertex 2.890000e+002 -2.755000e+002 8.808369e+002
         vertex 2.890000e+002 -2.765000e+002 8.808369e+002
      endloop
   endfacet
   facet normal 0.000000e+000 -1.000000e+000 0.000000e+000
      outer loop
         vertex 2.453562e+002 -2.765000e+002 8.608151e+002
         vertex 2.310000e+002 -2.765000e+002 8.478369e+002
         vertex 2.460583e+002 -2.765000e+002 8.609355e+002
      endloop
   endfacet
   facet normal 0.000000e+000 -1.000000e+000 0.000000e+000
      outer loop
         vertex 2.460583e+002 -2.765000e+002 8.609355e+002
         vertex 2.310000e+002 -2.765000e+002 8.478369e+002
         vertex 2.890000e+002 -2.765000e+002 8.478369e+002
      endloop
   endfacet
   facet normal 0.000000e+000 -1.000000e+000 0.000000e+000
      outer loop
         vertex 2.453562e+002 -2.765000e+002 8.608151e+002
         vertex 2.446438e+002 -2.765000e+002 8.608151e+002
         vertex 2.310000e+002 -2.765000e+002 8.478369e+002
      endloop
   endfacet
   facet normal 0.000000e+000 -1.000000e+000 0.000000e+000
      outer loop
         vertex 2.310000e+002 -2.765000e+002 8.478369e+002
         vertex 2.446438e+002 -2.765000e+002 8.608151e+002
         vertex 2.439417e+002 -2.765000e+002 8.609355e+002
      endloop
   endfacet
   facet normal 0.000000e+000 -1.000000e+000 0.000000e+000
      outer loop
         vertex 2.310000e+002 -2.765000e+002 8.478369e+002
         vertex 2.439417e+002 -2.765000e+002 8.609355e+002
         vertex 2.432700e+002 -2.765000e+002 8.611729e+002
      endloop
   endfacet
   facet normal 0.000000e+000 -1.000000e+000 0.000000e+000
      outer loop
         vertex 2.470483e+002 -2.765000e+002 8.686666e+002
         vertex 2.476385e+002 -2.765000e+002 8.682678e+002
         vertex 2.732700e+002 -2.765000e+002 8.611729e+002
      endloop
   endfacet
   facet normal 0.000000e+000 -1.000000e+000 0.000000e+000
      outer loop
         vertex 2.732700e+002 -2.765000e+002 8.611729e+002
         vertex 2.476385e+002 -2.765000e+002 8.682678e+002
         vertex 2.481528e+002 -2.765000e+002 8.677748e+002
      endloop
   endfacet
   facet normal 0.000000e+000 -1.000000e+000 0.000000e+000
      outer loop
         vertex 2.490159e+002 -2.765000e+002 8.637701e+002
         vertex 2.487503e+002 -2.765000e+002 8.631092e+002
         vertex 2.890000e+002 -2.765000e+002 8.478369e+002
      endloop
   endfacet
   facet normal 0.000000e+000 -1.000000e+000 0.000000e+000
      outer loop
         vertex 2.890000e+002 -2.765000e+002 8.478369e+002
         vertex 2.487503e+002 -2.765000e+002 8.631092e+002
         vertex 2.483768e+002 -2.765000e+002 8.625025e+002
      endloop
   endfacet
   facet normal 0.000000e+000 -1.000000e+000 0.000000e+000
      outer loop
         vertex 2.890000e+002 -2.765000e+002 8.478369e+002
         vertex 2.483768e+002 -2.765000e+002 8.625025e+002
         vertex 2.479061e+002 -2.765000e+002 8.619678e+002
      endloop
   endfacet
   facet normal 0.000000e+000 -1.000000e+000 0.000000e+000
      outer loop
         vertex 2.790159e+002 -2.765000e+002 8.637701e+002
         vertex 2.787503e+002 -2.765000e+002 8.631092e+002
         vertex 2.890000e+002 -2.765000e+002 8.478369e+002
      endloop
   endfacet
   facet normal 0.000000e+000 -1.000000e+000 0.000000e+000
      outer loop
         vertex 2.890000e+002 -2.765000e+002 8.478369e+002
         vertex 2.787503e+002 -2.765000e+002 8.631092e+002
         vertex 2.783768e+002 -2.765000e+002 8.625025e+002
      endloop
   endfacet
   facet normal 0.000000e+000 -1.000000e+000 0.000000e+000
      outer loop
         vertex 2.890000e+002 -2.765000e+002 8.478369e+002
         vertex 2.783768e+002 -2.765000e+002 8.625025e+002
         vertex 2.779062e+002 -2.765000e+002 8.619678e+002
      endloop
   endfacet
   facet normal 0.000000e+000 -1.000000e+000 0.000000e+000
      outer loop
         vertex 2.779062e+002 -2.765000e+002 8.619678e+002
         vertex 2.773519e+002 -2.765000e+002 8.615202e+002
         vertex 2.890000e+002 -2.765000e+002 8.478369e+002
      endloop
   endfacet
   facet normal 0.000000e+000 -1.000000e+000 0.000000e+000
      outer loop
         vertex 2.890000e+002 -2.765000e+002 8.478369e+002
         vertex 2.773519e+002 -2.765000e+002 8.615202e+002
         vertex 2.767300e+002 -2.765000e+002 8.611729e+002
      endloop
   endfacet
   facet normal 0.000000e+000 -1.000000e+000 0.000000e+000
      outer loop
         vertex 2.890000e+002 -2.765000e+002 8.478369e+002
         vertex 2.767300e+002 -2.765000e+002 8.611729e+002
         vertex 2.760583e+002 -2.765000e+002 8.609355e+002
      endloop
   endfacet
   facet normal 0.000000e+000 -1.000000e+000 0.000000e+000
      outer loop
         vertex 2.481528e+002 -2.765000e+002 8.677748e+002
         vertex 2.485764e+002 -2.765000e+002 8.672021e+002
         vertex 2.732700e+002 -2.765000e+002 8.611729e+002
      endloop
   endfacet
   facet normal 0.000000e+000 -1.000000e+000 0.000000e+000
      outer loop
         vertex 2.732700e+002 -2.765000e+002 8.611729e+002
         vertex 2.485764e+002 -2.765000e+002 8.672021e+002
         vertex 2.488971e+002 -2.765000e+002 8.665660e+002
      endloop
   endfacet
   facet normal 0.000000e+000 -1.000000e+000 0.000000e+000
      outer loop
         vertex 2.732700e+002 -2.765000e+002 8.611729e+002
         vertex 2.488971e+002 -2.765000e+002 8.665660e+002
         vertex 2.739417e+002 -2.765000e+002 8.609355e+002
      endloop
   endfacet
   facet normal 0.000000e+000 -1.000000e+000 0.000000e+000
      outer loop
         vertex 2.760583e+002 -2.765000e+002 8.609355e+002
         vertex 2.753562e+002 -2.765000e+002 8.608151e+002
         vertex 2.890000e+002 -2.765000e+002 8.478369e+002
      endloop
   endfacet
   facet normal 0.000000e+000 -1.000000e+000 0.000000e+000
      outer loop
         vertex 2.890000e+002 -2.765000e+002 8.478369e+002
         vertex 2.753562e+002 -2.765000e+002 8.608151e+002
         vertex 2.746438e+002 -2.765000e+002 8.608151e+002
      endloop
   endfacet
   facet normal 0.000000e+000 -1.000000e+000 0.000000e+000
      outer loop
         vertex 2.890000e+002 -2.765000e+002 8.478369e+002
         vertex 2.746438e+002 -2.765000e+002 8.608151e+002
         vertex 2.739417e+002 -2.765000e+002 8.609355e+002
      endloop
   endfacet
   facet normal 0.000000e+000 -1.000000e+000 0.000000e+000
      outer loop
         vertex 2.479061e+002 -2.765000e+002 8.619678e+002
         vertex 2.473519e+002 -2.765000e+002 8.615202e+002
         vertex 2.890000e+002 -2.765000e+002 8.478369e+002
      endloop
   endfacet
   facet normal 0.000000e+000 -1.000000e+000 0.000000e+000
      outer loop
         vertex 2.890000e+002 -2.765000e+002 8.478369e+002
         vertex 2.473519e+002 -2.765000e+002 8.615202e+002
         vertex 2.467300e+002 -2.765000e+002 8.611729e+002
      endloop
   endfacet
   facet normal 0.000000e+000 -1.000000e+000 0.000000e+000
      outer loop
         vertex 2.890000e+002 -2.765000e+002 8.478369e+002
         vertex 2.467300e+002 -2.765000e+002 8.611729e+002
         vertex 2.460583e+002 -2.765000e+002 8.609355e+002
      endloop
   endfacet
   facet normal 0.000000e+000 -1.000000e+000 0.000000e+000
      outer loop
         vertex 2.408943e+002 -2.765000e+002 8.658848e+002
         vertex 2.411029e+002 -2.765000e+002 8.665660e+002
         vertex 2.310000e+002 -2.765000e+002 8.808369e+002
      endloop
   endfacet
   facet normal 0.000000e+000 -1.000000e+000 0.000000e+000
      outer loop
         vertex 2.423615e+002 -2.765000e+002 8.682678e+002
         vertex 2.429517e+002 -2.765000e+002 8.686666e+002
         vertex 2.310000e+002 -2.765000e+002 8.808369e+002
      endloop
   endfacet
   facet normal 0.000000e+000 -1.000000e+000 0.000000e+000
      outer loop
         vertex 2.310000e+002 -2.765000e+002 8.808369e+002
         vertex 2.429517e+002 -2.765000e+002 8.686666e+002
         vertex 2.436008e+002 -2.765000e+002 8.689601e+002
      endloop
   endfacet
   facet normal 0.000000e+000 -1.000000e+000 0.000000e+000
      outer loop
         vertex 2.488971e+002 -2.765000e+002 8.665660e+002
         vertex 2.491057e+002 -2.765000e+002 8.658848e+002
         vertex 2.739417e+002 -2.765000e+002 8.609355e+002
      endloop
   endfacet
   facet normal 0.000000e+000 -1.000000e+000 0.000000e+000
      outer loop
         vertex 2.739417e+002 -2.765000e+002 8.609355e+002
         vertex 2.491057e+002 -2.765000e+002 8.658848e+002
         vertex 2.491962e+002 -2.765000e+002 8.651782e+002
      endloop
   endfacet
   facet normal 0.000000e+000 -1.000000e+000 0.000000e+000
      outer loop
         vertex 2.739417e+002 -2.765000e+002 8.609355e+002
         vertex 2.491962e+002 -2.765000e+002 8.651782e+002
         vertex 2.890000e+002 -2.765000e+002 8.478369e+002
      endloop
   endfacet
   facet normal 0.000000e+000 -1.000000e+000 0.000000e+000
      outer loop
         vertex 2.890000e+002 -2.765000e+002 8.478369e+002
         vertex 2.491962e+002 -2.765000e+002 8.651782e+002
         vertex 2.491660e+002 -2.765000e+002 8.644666e+002
      endloop
   endfacet
   facet normal 0.000000e+000 -1.000000e+000 0.000000e+000
      outer loop
         vertex 2.890000e+002 -2.765000e+002 8.478369e+002
         vertex 2.491660e+002 -2.765000e+002 8.644666e+002
         vertex 2.490159e+002 -2.765000e+002 8.637701e+002
      endloop
   endfacet
   facet normal 0.000000e+000 -1.000000e+000 0.000000e+000
      outer loop
         vertex 2.310000e+002 -2.765000e+002 8.808369e+002
         vertex 2.736008e+002 -2.765000e+002 8.689601e+002
         vertex 2.890000e+002 -2.765000e+002 8.808369e+002
      endloop
   endfacet
   facet normal 0.000000e+000 -1.000000e+000 0.000000e+000
      outer loop
         vertex 2.890000e+002 -2.765000e+002 8.808369e+002
         vertex 2.736008e+002 -2.765000e+002 8.689601e+002
         vertex 2.742902e+002 -2.765000e+002 8.691396e+002
      endloop
   endfacet
   facet normal 0.000000e+000 -1.000000e+000 0.000000e+000
      outer loop
         vertex 2.890000e+002 -2.765000e+002 8.808369e+002
         vertex 2.742902e+002 -2.765000e+002 8.691396e+002
         vertex 2.750000e+002 -2.765000e+002 8.692000e+002
      endloop
   endfacet
   facet normal 0.000000e+000 -1.000000e+000 0.000000e+000
      outer loop
         vertex 2.750000e+002 -2.765000e+002 8.692000e+002
         vertex 2.757098e+002 -2.765000e+002 8.691396e+002
         vertex 2.890000e+002 -2.765000e+002 8.808369e+002
      endloop
   endfacet
   facet normal 0.000000e+000 -1.000000e+000 0.000000e+000
      outer loop
         vertex 2.890000e+002 -2.765000e+002 8.808369e+002
         vertex 2.757098e+002 -2.765000e+002 8.691396e+002
         vertex 2.763992e+002 -2.765000e+002 8.689601e+002
      endloop
   endfacet
   facet normal 0.000000e+000 -1.000000e+000 0.000000e+000
      outer loop
         vertex 2.890000e+002 -2.765000e+002 8.808369e+002
         vertex 2.763992e+002 -2.765000e+002 8.689601e+002
         vertex 2.770483e+002 -2.765000e+002 8.686666e+002
      endloop
   endfacet
   facet normal 0.000000e+000 -1.000000e+000 0.000000e+000
      outer loop
         vertex 2.890000e+002 -2.765000e+002 8.808369e+002
         vertex 2.785764e+002 -2.765000e+002 8.672021e+002
         vertex 2.788971e+002 -2.765000e+002 8.665660e+002
      endloop
   endfacet
   facet normal 0.000000e+000 -1.000000e+000 0.000000e+000
      outer loop
         vertex 2.470483e+002 -2.765000e+002 8.686666e+002
         vertex 2.732700e+002 -2.765000e+002 8.611729e+002
         vertex 2.463992e+002 -2.765000e+002 8.689601e+002
      endloop
   endfacet
   facet normal 0.000000e+000 -1.000000e+000 0.000000e+000
      outer loop
         vertex 2.463992e+002 -2.765000e+002 8.689601e+002
         vertex 2.732700e+002 -2.765000e+002 8.611729e+002
         vertex 2.726481e+002 -2.765000e+002 8.615202e+002
      endloop
   endfacet
   facet normal 0.000000e+000 -1.000000e+000 0.000000e+000
      outer loop
         vertex 2.463992e+002 -2.765000e+002 8.689601e+002
         vertex 2.726481e+002 -2.765000e+002 8.615202e+002
         vertex 2.720939e+002 -2.765000e+002 8.619678e+002
      endloop
   endfacet
   facet normal 0.000000e+000 -1.000000e+000 0.000000e+000
      outer loop
         vertex 2.770483e+002 -2.765000e+002 8.686666e+002
         vertex 2.776385e+002 -2.765000e+002 8.682678e+002
         vertex 2.890000e+002 -2.765000e+002 8.808369e+002
      endloop
   endfacet
   facet normal 0.000000e+000 -1.000000e+000 0.000000e+000
      outer loop
         vertex 2.890000e+002 -2.765000e+002 8.808369e+002
         vertex 2.776385e+002 -2.765000e+002 8.682678e+002
         vertex 2.781528e+002 -2.765000e+002 8.677748e+002
      endloop
   endfacet
   facet normal 0.000000e+000 -1.000000e+000 0.000000e+000
      outer loop
         vertex 2.890000e+002 -2.765000e+002 8.808369e+002
         vertex 2.781528e+002 -2.765000e+002 8.677748e+002
         vertex 2.785764e+002 -2.765000e+002 8.672021e+002
      endloop
   endfacet
   facet normal 0.000000e+000 -1.000000e+000 0.000000e+000
      outer loop
         vertex 2.788971e+002 -2.765000e+002 8.665660e+002
         vertex 2.791057e+002 -2.765000e+002 8.658848e+002
         vertex 2.890000e+002 -2.765000e+002 8.808369e+002
      endloop
   endfacet
   facet normal 0.000000e+000 -1.000000e+000 0.000000e+000
      outer loop
         vertex 2.890000e+002 -2.765000e+002 8.808369e+002
         vertex 2.791057e+002 -2.765000e+002 8.658848e+002
         vertex 2.791962e+002 -2.765000e+002 8.651782e+002
      endloop
   endfacet
   facet normal 0.000000e+000 -1.000000e+000 0.000000e+000
      outer loop
         vertex 2.890000e+002 -2.765000e+002 8.808369e+002
         vertex 2.791962e+002 -2.765000e+002 8.651782e+002
         vertex 2.890000e+002 -2.765000e+002 8.478369e+002
      endloop
   endfacet
   facet normal 0.000000e+000 -1.000000e+000 0.000000e+000
      outer loop
         vertex 2.890000e+002 -2.765000e+002 8.478369e+002
         vertex 2.791962e+002 -2.765000e+002 8.651782e+002
         vertex 2.791660e+002 -2.765000e+002 8.644666e+002
      endloop
   endfacet
   facet normal 0.000000e+000 -1.000000e+000 0.000000e+000
      outer loop
         vertex 2.890000e+002 -2.765000e+002 8.478369e+002
         vertex 2.791660e+002 -2.765000e+002 8.644666e+002
         vertex 2.790159e+002 -2.765000e+002 8.637701e+002
      endloop
   endfacet
   facet normal 0.000000e+000 -1.000000e+000 0.000000e+000
      outer loop
         vertex 2.310000e+002 -2.765000e+002 8.478369e+002
         vertex 2.416232e+002 -2.765000e+002 8.625025e+002
         vertex 2.412497e+002 -2.765000e+002 8.631092e+002
      endloop
   endfacet
   facet normal 0.000000e+000 -1.000000e+000 0.000000e+000
      outer loop
         vertex 2.411029e+002 -2.765000e+002 8.665660e+002
         vertex 2.414236e+002 -2.765000e+002 8.672021e+002
         vertex 2.310000e+002 -2.765000e+002 8.808369e+002
      endloop
   endfacet
   facet normal 0.000000e+000 -1.000000e+000 0.000000e+000
      outer loop
         vertex 2.310000e+002 -2.765000e+002 8.808369e+002
         vertex 2.414236e+002 -2.765000e+002 8.672021e+002
         vertex 2.418472e+002 -2.765000e+002 8.677748e+002
      endloop
   endfacet
   facet normal 0.000000e+000 -1.000000e+000 0.000000e+000
      outer loop
         vertex 2.310000e+002 -2.765000e+002 8.808369e+002
         vertex 2.418472e+002 -2.765000e+002 8.677748e+002
         vertex 2.423615e+002 -2.765000e+002 8.682678e+002
      endloop
   endfacet
   facet normal 0.000000e+000 -1.000000e+000 0.000000e+000
      outer loop
         vertex 2.720939e+002 -2.765000e+002 8.619678e+002
         vertex 2.716232e+002 -2.765000e+002 8.625025e+002
         vertex 2.463992e+002 -2.765000e+002 8.689601e+002
      endloop
   endfacet
   facet normal 0.000000e+000 -1.000000e+000 0.000000e+000
      outer loop
         vertex 2.463992e+002 -2.765000e+002 8.689601e+002
         vertex 2.716232e+002 -2.765000e+002 8.625025e+002
         vertex 2.712497e+002 -2.765000e+002 8.631092e+002
      endloop
   endfacet
   facet normal 0.000000e+000 -1.000000e+000 0.000000e+000
      outer loop
         vertex 2.463992e+002 -2.765000e+002 8.689601e+002
         vertex 2.712497e+002 -2.765000e+002 8.631092e+002
         vertex 2.457098e+002 -2.765000e+002 8.691396e+002
      endloop
   endfacet
   facet normal 0.000000e+000 -1.000000e+000 0.000000e+000
      outer loop
         vertex 2.432700e+002 -2.765000e+002 8.611729e+002
         vertex 2.426481e+002 -2.765000e+002 8.615202e+002
         vertex 2.310000e+002 -2.765000e+002 8.478369e+002
      endloop
   endfacet
   facet normal 0.000000e+000 -1.000000e+000 0.000000e+000
      outer loop
         vertex 2.310000e+002 -2.765000e+002 8.478369e+002
         vertex 2.426481e+002 -2.765000e+002 8.615202e+002
         vertex 2.420939e+002 -2.765000e+002 8.619678e+002
      endloop
   endfacet
   facet normal 0.000000e+000 -1.000000e+000 0.000000e+000
      outer loop
         vertex 2.310000e+002 -2.765000e+002 8.478369e+002
         vertex 2.420939e+002 -2.765000e+002 8.619678e+002
         vertex 2.416232e+002 -2.765000e+002 8.625025e+002
      endloop
   endfacet
   facet normal 0.000000e+000 -1.000000e+000 0.000000e+000
      outer loop
         vertex 2.712497e+002 -2.765000e+002 8.631092e+002
         vertex 2.709841e+002 -2.765000e+002 8.637701e+002
         vertex 2.457098e+002 -2.765000e+002 8.691396e+002
      endloop
   endfacet
   facet normal 0.000000e+000 -1.000000e+000 0.000000e+000
      outer loop
         vertex 2.457098e+002 -2.765000e+002 8.691396e+002
         vertex 2.709841e+002 -2.765000e+002 8.637701e+002
         vertex 2.708340e+002 -2.765000e+002 8.644666e+002
      endloop
   endfacet
   facet normal 0.000000e+000 -1.000000e+000 0.000000e+000
      outer loop
         vertex 2.457098e+002 -2.765000e+002 8.691396e+002
         vertex 2.708340e+002 -2.765000e+002 8.644666e+002
         vertex 2.708038e+002 -2.765000e+002 8.651782e+002
      endloop
   endfacet
   facet normal 0.000000e+000 -1.000000e+000 0.000000e+000
      outer loop
         vertex 2.718472e+002 -2.765000e+002 8.677748e+002
         vertex 2.723615e+002 -2.765000e+002 8.682678e+002
         vertex 2.310000e+002 -2.765000e+002 8.808369e+002
      endloop
   endfacet
   facet normal 0.000000e+000 -1.000000e+000 0.000000e+000
      outer loop
         vertex 2.310000e+002 -2.765000e+002 8.808369e+002
         vertex 2.723615e+002 -2.765000e+002 8.682678e+002
         vertex 2.729517e+002 -2.765000e+002 8.686666e+002
      endloop
   endfacet
   facet normal 0.000000e+000 -1.000000e+000 0.000000e+000
      outer loop
         vertex 2.310000e+002 -2.765000e+002 8.808369e+002
         vertex 2.729517e+002 -2.765000e+002 8.686666e+002
         vertex 2.736008e+002 -2.765000e+002 8.689601e+002
      endloop
   endfacet
   facet normal 0.000000e+000 -1.000000e+000 0.000000e+000
      outer loop
         vertex 2.412497e+002 -2.765000e+002 8.631092e+002
         vertex 2.409841e+002 -2.765000e+002 8.637701e+002
         vertex 2.310000e+002 -2.765000e+002 8.478369e+002
      endloop
   endfacet
   facet normal 0.000000e+000 -1.000000e+000 0.000000e+000
      outer loop
         vertex 2.310000e+002 -2.765000e+002 8.478369e+002
         vertex 2.409841e+002 -2.765000e+002 8.637701e+002
         vertex 2.408340e+002 -2.765000e+002 8.644666e+002
      endloop
   endfacet
   facet normal 0.000000e+000 -1.000000e+000 0.000000e+000
      outer loop
         vertex 2.310000e+002 -2.765000e+002 8.478369e+002
         vertex 2.408340e+002 -2.765000e+002 8.644666e+002
         vertex 2.310000e+002 -2.765000e+002 8.808369e+002
      endloop
   endfacet
   facet normal 0.000000e+000 -1.000000e+000 0.000000e+000
      outer loop
         vertex 2.310000e+002 -2.765000e+002 8.808369e+002
         vertex 2.408340e+002 -2.765000e+002 8.644666e+002
         vertex 2.408038e+002 -2.765000e+002 8.651782e+002
      endloop
   endfacet
   facet normal 0.000000e+000 -1.000000e+000 0.000000e+000
      outer loop
         vertex 2.310000e+002 -2.765000e+002 8.808369e+002
         vertex 2.408038e+002 -2.765000e+002 8.651782e+002
         vertex 2.408943e+002 -2.765000e+002 8.658848e+002
      endloop
   endfacet
   facet normal 0.000000e+000 -1.000000e+000 0.000000e+000
      outer loop
         vertex 2.436008e+002 -2.765000e+002 8.689601e+002
         vertex 2.442902e+002 -2.765000e+002 8.691396e+002
         vertex 2.310000e+002 -2.765000e+002 8.808369e+002
      endloop
   endfacet
   facet normal 0.000000e+000 -1.000000e+000 0.000000e+000
      outer loop
         vertex 2.310000e+002 -2.765000e+002 8.808369e+002
         vertex 2.442902e+002 -2.765000e+002 8.691396e+002
         vertex 2.450000e+002 -2.765000e+002 8.692000e+002
      endloop
   endfacet
   facet normal 0.000000e+000 -1.000000e+000 0.000000e+000
      outer loop
         vertex 2.310000e+002 -2.765000e+002 8.808369e+002
         vertex 2.450000e+002 -2.765000e+002 8.692000e+002
         vertex 2.457098e+002 -2.765000e+002 8.691396e+002
      endloop
   endfacet
   facet normal 0.000000e+000 -1.000000e+000 0.000000e+000
      outer loop
         vertex 2.708038e+002 -2.765000e+002 8.651782e+002
         vertex 2.708943e+002 -2.765000e+002 8.658848e+002
         vertex 2.457098e+002 -2.765000e+002 8.691396e+002
      endloop
   endfacet
   facet normal 0.000000e+000 -1.000000e+000 0.000000e+000
      outer loop
         vertex 2.457098e+002 -2.765000e+002 8.691396e+002
         vertex 2.708943e+002 -2.765000e+002 8.658848e+002
         vertex 2.711029e+002 -2.765000e+002 8.665660e+002
      endloop
   endfacet
   facet normal 0.000000e+000 -1.000000e+000 0.000000e+000
      outer loop
         vertex 2.457098e+002 -2.765000e+002 8.691396e+002
         vertex 2.711029e+002 -2.765000e+002 8.665660e+002
         vertex 2.310000e+002 -2.765000e+002 8.808369e+002
      endloop
   endfacet
   facet normal 0.000000e+000 -1.000000e+000 0.000000e+000
      outer loop
         vertex 2.310000e+002 -2.765000e+002 8.808369e+002
         vertex 2.711029e+002 -2.765000e+002 8.665660e+002
         vertex 2.714236e+002 -2.765000e+002 8.672021e+002
      endloop
   endfacet
   facet normal 0.000000e+000 -1.000000e+000 0.000000e+000
      outer loop
         vertex 2.310000e+002 -2.765000e+002 8.808369e+002
         vertex 2.714236e+002 -2.765000e+002 8.672021e+002
         vertex 2.718472e+002 -2.765000e+002 8.677748e+002
      endloop
   endfacet
   facet normal -9.895622e-001 0.000000e+000 -1.441065e-001
      outer loop
         vertex 3.194308e+002 -2.451627e+002 7.641403e+002
         vertex 3.194308e+002 -1.425000e+002 7.641403e+002
         vertex 3.209063e+002 -2.414749e+002 7.540080e+002
      endloop
   endfacet
   facet normal -9.895622e-001 0.000000e+000 -1.441065e-001
      outer loop
         vertex 3.209063e+002 -2.414749e+002 7.540080e+002
         vertex 3.194308e+002 -1.425000e+002 7.641403e+002
         vertex 3.300000e+002 -1.425000e+002 6.915626e+002
      endloop
   endfacet
   facet normal -9.895622e-001 0.000000e+000 -1.441065e-001
      outer loop
         vertex 3.209063e+002 -2.414749e+002 7.540080e+002
         vertex 3.300000e+002 -1.425000e+002 6.915626e+002
         vertex 3.300000e+002 -2.082720e+002 6.915626e+002
      endloop
   endfacet
   facet normal -1.000000e+000 0.000000e+000 0.000000e+000
      outer loop
         vertex 3.300000e+002 -1.425000e+002 6.471428e+002
         vertex 3.300000e+002 -1.846536e+002 6.471428e+002
         vertex 3.300000e+002 -1.425000e+002 6.915626e+002
      endloop
   endfacet
   facet normal -1.000000e+000 0.000000e+000 0.000000e+000
      outer loop
         vertex 3.300000e+002 -1.425000e+002 6.915626e+002
         vertex 3.300000e+002 -1.846536e+002 6.471428e+002
         vertex 3.300000e+002 -2.082720e+002 6.915626e+002
      endloop
   endfacet
   facet normal -9.063079e-001 0.000000e+000 4.226183e-001
      outer loop
         vertex 3.300000e+002 -1.846536e+002 6.471428e+002
         vertex 3.300000e+002 -1.425000e+002 6.471428e+002
         vertex 3.174984e+002 -1.703986e+002 6.203330e+002
      endloop
   endfacet
   facet normal -9.063079e-001 0.000000e+000 4.226183e-001
      outer loop
         vertex 3.174984e+002 -1.703986e+002 6.203330e+002
         vertex 3.300000e+002 -1.425000e+002 6.471428e+002
         vertex 3.174984e+002 -1.425000e+002 6.203330e+002
      endloop
   endfacet
   facet normal -7.601610e-001 0.000000e+000 6.497347e-001
      outer loop
         vertex 3.145316e+002 -1.685904e+002 6.169323e+002
         vertex 3.174984e+002 -1.703986e+002 6.203330e+002
         vertex 3.174984e+002 -1.425000e+002 6.203330e+002
      endloop
   endfacet
   facet normal -7.242935e-001 0.000000e+000 6.894917e-001
      outer loop
         vertex 3.145316e+002 -1.685904e+002 6.169323e+002
         vertex 3.174984e+002 -1.425000e+002 6.203330e+002
         vertex 3.092111e+002 -1.669037e+002 6.117411e+002
      endloop
   endfacet
   facet normal -2.682959e-002 0.000000e+000 9.996400e-001
      outer loop
         vertex 2.540313e+002 -1.609348e+002 5.933706e+002
         vertex 2.659688e+002 -1.609348e+002 5.933706e+002
         vertex 2.659688e+002 -1.425000e+002 5.933706e+002
      endloop
   endfacet
   facet normal -1.334567e-001 0.000000e+000 9.910547e-001
      outer loop
         vertex 2.659688e+002 -1.425000e+002 5.933706e+002
         vertex 2.659688e+002 -1.609348e+002 5.933706e+002
         vertex 2.777524e+002 -1.615553e+002 5.952806e+002
      endloop
   endfacet
   facet normal -1.864246e-001 0.000000e+000 9.824693e-001
      outer loop
         vertex 2.659688e+002 -1.425000e+002 5.933706e+002
         vertex 2.777524e+002 -1.615553e+002 5.952806e+002
         vertex 2.777524e+002 -1.425000e+002 5.952806e+002
      endloop
   endfacet
   facet normal -2.903044e-001 0.000000e+000 9.569343e-001
      outer loop
         vertex 2.777524e+002 -1.425000e+002 5.952806e+002
         vertex 2.777524e+002 -1.615553e+002 5.952806e+002
         vertex 2.890787e+002 -1.627805e+002 5.990513e+002
      endloop
   endfacet
   facet normal -3.412163e-001 0.000000e+000 9.399848e-001
      outer loop
         vertex 2.777524e+002 -1.425000e+002 5.952806e+002
         vertex 2.890787e+002 -1.627805e+002 5.990513e+002
         vertex 2.890787e+002 -1.425000e+002 5.990513e+002
      endloop
   endfacet
   facet normal -4.396723e-001 0.000000e+000 8.981583e-001
      outer loop
         vertex 2.890787e+002 -1.425000e+002 5.990513e+002
         vertex 2.890787e+002 -1.627805e+002 5.990513e+002
         vertex 2.996557e+002 -1.645788e+002 6.045857e+002
      endloop
   endfacet
   facet normal -4.872164e-001 0.000000e+000 8.732812e-001
      outer loop
         vertex 2.890787e+002 -1.425000e+002 5.990513e+002
         vertex 2.996557e+002 -1.645788e+002 6.045857e+002
         vertex 2.996557e+002 -1.425000e+002 6.045857e+002
      endloop
   endfacet
   facet normal -5.777119e-001 0.000000e+000 8.162407e-001
      outer loop
         vertex 2.996557e+002 -1.425000e+002 6.045857e+002
         vertex 2.996557e+002 -1.645788e+002 6.045857e+002
         vertex 3.092111e+002 -1.669037e+002 6.117411e+002
      endloop
   endfacet
   facet normal -6.206632e-001 0.000000e+000 7.840772e-001
      outer loop
         vertex 2.996557e+002 -1.425000e+002 6.045857e+002
         vertex 3.092111e+002 -1.669037e+002 6.117411e+002
         vertex 3.092111e+002 -1.425000e+002 6.117411e+002
      endloop
   endfacet
   facet normal -7.008665e-001 0.000000e+000 7.132925e-001
      outer loop
         vertex 3.092111e+002 -1.425000e+002 6.117411e+002
         vertex 3.092111e+002 -1.669037e+002 6.117411e+002
         vertex 3.174984e+002 -1.425000e+002 6.203330e+002
      endloop
   endfacet
   facet normal 2.682959e-002 0.000000e+000 9.996400e-001
      outer loop
         vertex 2.659688e+002 -1.425000e+002 5.933706e+002
         vertex 2.540313e+002 -1.425000e+002 5.933706e+002
         vertex 2.540313e+002 -1.609348e+002 5.933706e+002
      endloop
   endfacet
   facet normal 1.334567e-001 0.000000e+000 9.910547e-001
      outer loop
         vertex 2.540313e+002 -1.609348e+002 5.933706e+002
         vertex 2.540313e+002 -1.425000e+002 5.933706e+002
         vertex 2.422476e+002 -1.425000e+002 5.952806e+002
      endloop
   endfacet
   facet normal 1.864246e-001 0.000000e+000 9.824693e-001
      outer loop
         vertex 2.540313e+002 -1.609348e+002 5.933706e+002
         vertex 2.422476e+002 -1.425000e+002 5.952806e+002
         vertex 2.422476e+002 -1.615553e+002 5.952806e+002
      endloop
   endfacet
   facet normal 2.903044e-001 0.000000e+000 9.569343e-001
      outer loop
         vertex 2.422476e+002 -1.615553e+002 5.952806e+002
         vertex 2.422476e+002 -1.425000e+002 5.952806e+002
         vertex 2.309213e+002 -1.425000e+002 5.990513e+002
      endloop
   endfacet
   facet normal 3.412163e-001 0.000000e+000 9.399848e-001
      outer loop
         vertex 2.422476e+002 -1.615553e+002 5.952806e+002
         vertex 2.309213e+002 -1.425000e+002 5.990513e+002
         vertex 2.309213e+002 -1.627805e+002 5.990513e+002
      endloop
   endfacet
   facet normal 4.396723e-001 0.000000e+000 8.981583e-001
      outer loop
         vertex 2.309213e+002 -1.627805e+002 5.990513e+002
         vertex 2.309213e+002 -1.425000e+002 5.990513e+002
         vertex 2.203443e+002 -1.425000e+002 6.045857e+002
      endloop
   endfacet
   facet normal 4.872164e-001 0.000000e+000 8.732812e-001
      outer loop
         vertex 2.309213e+002 -1.627805e+002 5.990513e+002
         vertex 2.203443e+002 -1.425000e+002 6.045857e+002
         vertex 2.203443e+002 -1.645788e+002 6.045857e+002
      endloop
   endfacet
   facet normal 5.777119e-001 0.000000e+000 8.162407e-001
      outer loop
         vertex 2.203443e+002 -1.645788e+002 6.045857e+002
         vertex 2.203443e+002 -1.425000e+002 6.045857e+002
         vertex 2.107890e+002 -1.425000e+002 6.117411e+002
      endloop
   endfacet
   facet normal 6.206632e-001 0.000000e+000 7.840772e-001
      outer loop
         vertex 2.203443e+002 -1.645788e+002 6.045857e+002
         vertex 2.107890e+002 -1.425000e+002 6.117411e+002
         vertex 2.107890e+002 -1.669037e+002 6.117411e+002
      endloop
   endfacet
   facet normal 6.863220e-001 0.000000e+000 7.272978e-001
      outer loop
         vertex 2.107890e+002 -1.669037e+002 6.117411e+002
         vertex 2.107890e+002 -1.425000e+002 6.117411e+002
         vertex 2.054684e+002 -1.685904e+002 6.169323e+002
      endloop
   endfacet
   facet normal 7.242935e-001 0.000000e+000 6.894917e-001
      outer loop
         vertex 2.054684e+002 -1.685904e+002 6.169323e+002
         vertex 2.107890e+002 -1.425000e+002 6.117411e+002
         vertex 2.025016e+002 -1.425000e+002 6.203330e+002
      endloop
   endfacet
   facet normal 7.601610e-001 0.000000e+000 6.497347e-001
      outer loop
         vertex 2.054684e+002 -1.685904e+002 6.169323e+002
         vertex 2.025016e+002 -1.425000e+002 6.203330e+002
         vertex 2.025016e+002 -1.703986e+002 6.203330e+002
      endloop
   endfacet
   facet normal 9.982227e-001 0.000000e+000 -5.959330e-002
      outer loop
         vertex 3.546251e+002 -1.440000e+002 6.665687e+002
         vertex 3.546251e+002 -1.400000e+002 6.665687e+002
         vertex 3.549999e+002 -1.400000e+002 6.748930e+002
      endloop
   endfacet
   facet normal 9.995390e-001 0.000000e+000 -3.036010e-002
      outer loop
         vertex 3.546251e+002 -1.440000e+002 6.665687e+002
         vertex 3.549999e+002 -1.400000e+002 6.748930e+002
         vertex 3.549999e+002 -1.440000e+002 6.748930e+002
      endloop
   endfacet
   facet normal 9.996049e-001 0.000000e+000 2.810919e-002
      outer loop
         vertex 3.549999e+002 -1.440000e+002 6.748930e+002
         vertex 3.549999e+002 -1.400000e+002 6.748930e+002
         vertex 3.546439e+002 -1.400000e+002 6.832182e+002
      endloop
   endfacet
   facet normal 9.983544e-001 0.000000e+000 5.734529e-002
      outer loop
         vertex 3.549999e+002 -1.440000e+002 6.748930e+002
         vertex 3.546439e+002 -1.400000e+002 6.832182e+002
         vertex 3.546439e+002 -1.440000e+002 6.832182e+002
      endloop
   endfacet
   facet normal 0.000000e+000 -1.000000e+000 6.123032e-017
      outer loop
         vertex 3.546251e+002 -1.400000e+002 6.665687e+002
         vertex 3.696836e+002 -1.400000e+002 6.665674e+002
         vertex 3.549999e+002 -1.400000e+002 6.748930e+002
      endloop
   endfacet
   facet normal 0.000000e+000 -1.000000e+000 6.123032e-017
      outer loop
         vertex 3.549999e+002 -1.400000e+002 6.748930e+002
         vertex 3.696836e+002 -1.400000e+002 6.665674e+002
         vertex 3.696052e+002 -1.400000e+002 6.699213e+002
      endloop
   endfacet
   facet normal 0.000000e+000 -1.000000e+000 6.123032e-017
      outer loop
         vertex 3.549999e+002 -1.400000e+002 6.748930e+002
         vertex 3.696052e+002 -1.400000e+002 6.699213e+002
         vertex 3.546439e+002 -1.400000e+002 6.832182e+002
      endloop
   endfacet
   facet normal 0.000000e+000 -1.000000e+000 6.123032e-017
      outer loop
         vertex 3.546439e+002 -1.400000e+002 6.832182e+002
         vertex 3.696052e+002 -1.400000e+002 6.699213e+002
         vertex 3.679378e+002 -1.400000e+002 6.832182e+002
      endloop
   endfacet
   facet normal 7.389587e-001 0.000000e+000 -6.737507e-001
      outer loop
         vertex 3.488653e+002 -1.380000e+002 6.114412e+002
         vertex 3.488653e+002 -1.400000e+002 6.114412e+002
         vertex 3.465070e+002 -1.400000e+002 6.088906e+002
      endloop
   endfacet
   facet normal 7.653321e-001 0.000000e+000 -6.436356e-001
      outer loop
         vertex 3.549976e+002 -1.380000e+002 6.192586e+002
         vertex 3.488653e+002 -1.380000e+002 6.114412e+002
         vertex 3.465070e+002 -1.280000e+002 6.088906e+002
      endloop
   endfacet
   facet normal 7.905461e-001 0.000000e+000 -6.124026e-001
      outer loop
         vertex 3.465070e+002 -1.280000e+002 6.088906e+002
         vertex 3.549976e+002 -1.280000e+002 6.192586e+002
         vertex 3.549976e+002 -1.380000e+002 6.192586e+002
      endloop
   endfacet
   facet normal 8.519605e-001 0.000000e+000 -5.236060e-001
      outer loop
         vertex 3.549976e+002 -1.380000e+002 6.192586e+002
         vertex 3.549976e+002 -1.280000e+002 6.192586e+002
         vertex 3.617027e+002 -1.280000e+002 6.308615e+002
      endloop
   endfacet
   facet normal 8.790594e-001 0.000000e+000 -4.767121e-001
      outer loop
         vertex 3.549976e+002 -1.380000e+002 6.192586e+002
         vertex 3.617027e+002 -1.280000e+002 6.308615e+002
         vertex 3.617027e+002 -1.380000e+002 6.308615e+002
      endloop
   endfacet
   facet normal 9.253295e-001 0.000000e+000 -3.791640e-001
      outer loop
         vertex 3.617027e+002 -1.380000e+002 6.308615e+002
         vertex 3.617027e+002 -1.280000e+002 6.308615e+002
         vertex 3.664462e+002 -1.280000e+002 6.433949e+002
      endloop
   endfacet
   facet normal 9.445006e-001 0.000000e+000 -3.285097e-001
      outer loop
         vertex 3.617027e+002 -1.380000e+002 6.308615e+002
         vertex 3.664462e+002 -1.280000e+002 6.433949e+002
         vertex 3.664462e+002 -1.380000e+002 6.433949e+002
      endloop
   endfacet
   facet normal 9.744118e-001 0.000000e+000 -2.247702e-001
      outer loop
         vertex 3.664462e+002 -1.380000e+002 6.433949e+002
         vertex 3.664462e+002 -1.280000e+002 6.433949e+002
         vertex 3.691036e+002 -1.280000e+002 6.565297e+002
      endloop
   endfacet
   facet normal 9.851519e-001 0.000000e+000 -1.716851e-001
      outer loop
         vertex 3.664462e+002 -1.380000e+002 6.433949e+002
         vertex 3.691036e+002 -1.280000e+002 6.565297e+002
         vertex 3.691036e+002 -1.380000e+002 6.565297e+002
      endloop
   endfacet
   facet normal 9.969587e-001 0.000000e+000 -7.793231e-002
      outer loop
         vertex 3.691036e+002 -1.380000e+002 6.565297e+002
         vertex 3.691036e+002 -1.280000e+002 6.565297e+002
         vertex 3.696836e+002 -1.380000e+002 6.665674e+002
      endloop
   endfacet
   facet normal 9.997144e-001 0.000000e+000 -2.389624e-002
      outer loop
         vertex 3.696836e+002 -1.380000e+002 6.665674e+002
         vertex 3.691036e+002 -1.280000e+002 6.565297e+002
         vertex 3.696052e+002 -1.280000e+002 6.699213e+002
      endloop
   endfacet
   facet normal 9.998620e-001 0.000000e+000 1.661270e-002
      outer loop
         vertex 3.696836e+002 -1.380000e+002 6.665674e+002
         vertex 3.696052e+002 -1.280000e+002 6.699213e+002
         vertex 3.696836e+002 -1.400000e+002 6.665674e+002
      endloop
   endfacet
   facet normal 7.294532e-001 0.000000e+000 -6.840307e-001
      outer loop
         vertex 3.488653e+002 -1.380000e+002 6.114412e+002
         vertex 3.465070e+002 -1.400000e+002 6.088906e+002
         vertex 3.465070e+002 -1.280000e+002 6.088906e+002
      endloop
   endfacet
   facet normal 6.812837e-001 0.000000e+000 -7.320195e-001
      outer loop
         vertex 3.465070e+002 -1.280000e+002 6.088906e+002
         vertex 3.465070e+002 -1.400000e+002 6.088906e+002
         vertex 3.364535e+002 -1.400000e+002 6.000297e+002
      endloop
   endfacet
   facet normal 6.406522e-001 0.000000e+000 -7.678313e-001
      outer loop
         vertex 3.465070e+002 -1.280000e+002 6.088906e+002
         vertex 3.364535e+002 -1.400000e+002 6.000297e+002
         vertex 3.364535e+002 -1.280000e+002 6.000297e+002
      endloop
   endfacet
   facet normal 9.995460e-001 0.000000e+000 3.013071e-002
      outer loop
         vertex 3.696836e+002 -1.400000e+002 6.665674e+002
         vertex 3.696052e+002 -1.280000e+002 6.699213e+002
         vertex 3.696052e+002 -1.400000e+002 6.699213e+002
      endloop
   endfacet
   facet normal 9.952347e-001 0.000000e+000 9.750845e-002
      outer loop
         vertex 3.696052e+002 -1.400000e+002 6.699213e+002
         vertex 3.696052e+002 -1.280000e+002 6.699213e+002
         vertex 3.679378e+002 -1.280000e+002 6.832182e+002
      endloop
   endfacet
   facet normal 9.884958e-001 0.000000e+000 1.512483e-001
      outer loop
         vertex 3.696052e+002 -1.400000e+002 6.699213e+002
         vertex 3.679378e+002 -1.280000e+002 6.832182e+002
         vertex 3.679378e+002 -1.400000e+002 6.832182e+002
      endloop
   endfacet
   facet normal 0.000000e+000 1.000000e+000 0.000000e+000
      outer loop
         vertex 2.920272e+002 -9.050000e+001 8.013121e+002
         vertex 2.463751e+002 -9.050000e+001 8.013121e+002
         vertex 2.927216e+002 -9.050000e+001 8.035834e+002
      endloop
   endfacet
   facet normal 0.000000e+000 1.000000e+000 0.000000e+000
      outer loop
         vertex 2.927216e+002 -9.050000e+001 8.035834e+002
         vertex 2.463751e+002 -9.050000e+001 8.013121e+002
         vertex 2.453515e+002 -9.050000e+001 8.077750e+002
      endloop
   endfacet
   facet normal 0.000000e+000 1.000000e+000 0.000000e+000
      outer loop
         vertex 2.927216e+002 -9.050000e+001 8.035834e+002
         vertex 2.453515e+002 -9.050000e+001 8.077750e+002
         vertex 2.917125e+002 -9.050000e+001 8.107633e+002
      endloop
   endfacet
   facet normal 0.000000e+000 1.000000e+000 0.000000e+000
      outer loop
         vertex 2.917125e+002 -9.050000e+001 8.107633e+002
         vertex 2.453515e+002 -9.050000e+001 8.077750e+002
         vertex 2.714547e+002 -9.050000e+001 8.419575e+002
      endloop
   endfacet
   facet normal 0.000000e+000 1.000000e+000 0.000000e+000
      outer loop
         vertex 2.527065e+002 -9.050000e+001 8.423777e+002
         vertex 2.563302e+002 -9.050000e+001 8.453122e+002
         vertex 2.453515e+002 -9.050000e+001 8.077750e+002
      endloop
   endfacet
   facet normal 0.000000e+000 1.000000e+000 0.000000e+000
      outer loop
         vertex 2.453515e+002 -9.050000e+001 8.077750e+002
         vertex 2.563302e+002 -9.050000e+001 8.453122e+002
         vertex 2.652762e+002 -9.050000e+001 8.453122e+002
      endloop
   endfacet
   facet normal 0.000000e+000 1.000000e+000 0.000000e+000
      outer loop
         vertex 2.453515e+002 -9.050000e+001 8.077750e+002
         vertex 2.652762e+002 -9.050000e+001 8.453122e+002
         vertex 2.714547e+002 -9.050000e+001 8.419575e+002
      endloop
   endfacet
   facet normal -7.129498e-015 0.000000e+000 1.000000e+000
      outer loop
         vertex 2.920272e+002 -8.300000e+001 8.013121e+002
         vertex 2.463751e+002 -8.300000e+001 8.013121e+002
         vertex 2.920272e+002 -9.050000e+001 8.013121e+002
      endloop
   endfacet
   facet normal -7.129498e-015 0.000000e+000 1.000000e+000
      outer loop
         vertex 2.920272e+002 -9.050000e+001 8.013121e+002
         vertex 2.463751e+002 -8.300000e+001 8.013121e+002
         vertex 2.463751e+002 -9.050000e+001 8.013121e+002
      endloop
   endfacet
   facet normal 0.000000e+000 1.000000e+000 0.000000e+000
      outer loop
         vertex 2.520234e+002 -8.300000e+001 7.656497e+002
         vertex 2.463751e+002 -8.300000e+001 8.013121e+002
         vertex 2.920272e+002 -8.300000e+001 8.013121e+002
      endloop
   endfacet
   facet normal 0.000000e+000 1.000000e+000 0.000000e+000
      outer loop
         vertex 2.952617e+002 -8.300000e+001 7.588904e+002
         vertex 3.089857e+002 -8.300000e+001 7.516903e+002
         vertex 3.463715e+002 -8.300000e+001 7.036526e+002
      endloop
   endfacet
   facet normal 0.000000e+000 1.000000e+000 0.000000e+000
      outer loop
         vertex 3.384112e+002 -8.300000e+001 6.288190e+002
         vertex 3.294376e+002 -8.300000e+001 6.161831e+002
         vertex 2.367568e+002 -8.300000e+001 7.629815e+002
      endloop
   endfacet
   facet normal 0.000000e+000 1.000000e+000 0.000000e+000
      outer loop
         vertex 2.166840e+002 -8.300000e+001 5.949705e+002
         vertex 2.037320e+002 -8.300000e+001 6.034814e+002
         vertex 1.966630e+002 -8.300000e+001 7.403408e+002
      endloop
   endfacet
   facet normal 0.000000e+000 1.000000e+000 0.000000e+000
      outer loop
         vertex 2.952617e+002 -8.300000e+001 7.588904e+002
         vertex 3.463715e+002 -8.300000e+001 7.036526e+002
         vertex 2.805150e+002 -8.300000e+001 7.636574e+002
      endloop
   endfacet
   facet normal 0.000000e+000 1.000000e+000 0.000000e+000
      outer loop
         vertex 2.086692e+002 -8.300000e+001 7.501409e+002
         vertex 2.221643e+002 -8.300000e+001 7.577615e+002
         vertex 3.057669e+002 -8.300000e+001 5.963464e+002
      endloop
   endfacet
   facet normal 0.000000e+000 1.000000e+000 0.000000e+000
      outer loop
         vertex 3.057669e+002 -8.300000e+001 5.963464e+002
         vertex 2.221643e+002 -8.300000e+001 7.577615e+002
         vertex 2.367568e+002 -8.300000e+001 7.629815e+002
      endloop
   endfacet
   facet normal 0.000000e+000 1.000000e+000 0.000000e+000
      outer loop
         vertex 3.057669e+002 -8.300000e+001 5.963464e+002
         vertex 2.367568e+002 -8.300000e+001 7.629815e+002
         vertex 3.184499e+002 -8.300000e+001 6.052533e+002
      endloop
   endfacet
   facet normal 0.000000e+000 1.000000e+000 0.000000e+000
      outer loop
         vertex 3.184499e+002 -8.300000e+001 6.052533e+002
         vertex 2.367568e+002 -8.300000e+001 7.629815e+002
         vertex 3.294376e+002 -8.300000e+001 6.161831e+002
      endloop
   endfacet
   facet normal 0.000000e+000 1.000000e+000 0.000000e+000
      outer loop
         vertex 3.212888e+002 -8.300000e+001 7.422657e+002
         vertex 3.318143e+002 -8.300000e+001 7.308901e+002
         vertex 3.089857e+002 -8.300000e+001 7.516903e+002
      endloop
   endfacet
   facet normal 0.000000e+000 1.000000e+000 0.000000e+000
      outer loop
         vertex 3.089857e+002 -8.300000e+001 7.516903e+002
         vertex 3.318143e+002 -8.300000e+001 7.308901e+002
         vertex 3.402568e+002 -8.300000e+001 7.178934e+002
      endloop
   endfacet
   facet normal 0.000000e+000 1.000000e+000 0.000000e+000
      outer loop
         vertex 3.089857e+002 -8.300000e+001 7.516903e+002
         vertex 3.402568e+002 -8.300000e+001 7.178934e+002
         vertex 3.463715e+002 -8.300000e+001 7.036526e+002
      endloop
   endfacet
   facet normal 0.000000e+000 1.000000e+000 0.000000e+000
      outer loop
         vertex 2.768249e+002 -8.300000e+001 5.855689e+002
         vertex 2.614054e+002 -8.300000e+001 5.840109e+002
         vertex 1.966630e+002 -8.300000e+001 7.403408e+002
      endloop
   endfacet
   facet normal 0.000000e+000 1.000000e+000 0.000000e+000
      outer loop
         vertex 2.920272e+002 -8.300000e+001 8.013121e+002
         vertex 2.805150e+002 -8.300000e+001 7.636574e+002
         vertex 2.520234e+002 -8.300000e+001 7.656497e+002
      endloop
   endfacet
   facet normal 0.000000e+000 1.000000e+000 0.000000e+000
      outer loop
         vertex 2.520234e+002 -8.300000e+001 7.656497e+002
         vertex 2.805150e+002 -8.300000e+001 7.636574e+002
         vertex 3.463715e+002 -8.300000e+001 7.036526e+002
      endloop
   endfacet
   facet normal 0.000000e+000 1.000000e+000 0.000000e+000
      outer loop
         vertex 2.520234e+002 -8.300000e+001 7.656497e+002
         vertex 3.463715e+002 -8.300000e+001 7.036526e+002
         vertex 2.367568e+002 -8.300000e+001 7.629815e+002
      endloop
   endfacet
   facet normal 0.000000e+000 1.000000e+000 0.000000e+000
      outer loop
         vertex 2.367568e+002 -8.300000e+001 7.629815e+002
         vertex 3.463715e+002 -8.300000e+001 7.036526e+002
         vertex 3.499809e+002 -8.300000e+001 6.885807e+002
      endloop
   endfacet
   facet normal 0.000000e+000 1.000000e+000 0.000000e+000
      outer loop
         vertex 2.367568e+002 -8.300000e+001 7.629815e+002
         vertex 3.499809e+002 -8.300000e+001 6.885807e+002
         vertex 3.509805e+002 -8.300000e+001 6.731149e+002
      endloop
   endfacet
   facet normal 0.000000e+000 1.000000e+000 0.000000e+000
      outer loop
         vertex 1.759248e+002 -8.300000e+001 6.401812e+002
         vertex 1.712357e+002 -8.300000e+001 6.549528e+002
         vertex 1.966630e+002 -8.300000e+001 7.403408e+002
      endloop
   endfacet
   facet normal 0.000000e+000 1.000000e+000 0.000000e+000
      outer loop
         vertex 1.966630e+002 -8.300000e+001 7.403408e+002
         vertex 1.712357e+002 -8.300000e+001 6.549528e+002
         vertex 1.691211e+002 -8.300000e+001 6.703060e+002
      endloop
   endfacet
   facet normal 0.000000e+000 1.000000e+000 0.000000e+000
      outer loop
         vertex 1.966630e+002 -8.300000e+001 7.403408e+002
         vertex 1.691211e+002 -8.300000e+001 6.703060e+002
         vertex 1.696426e+002 -8.300000e+001 6.857952e+002
      endloop
   endfacet
   facet normal 0.000000e+000 1.000000e+000 0.000000e+000
      outer loop
         vertex 3.509805e+002 -8.300000e+001 6.731149e+002
         vertex 3.493412e+002 -8.300000e+001 6.577037e+002
         vertex 2.367568e+002 -8.300000e+001 7.629815e+002
      endloop
   endfacet
   facet normal 0.000000e+000 1.000000e+000 0.000000e+000
      outer loop
         vertex 2.367568e+002 -8.300000e+001 7.629815e+002
         vertex 3.493412e+002 -8.300000e+001 6.577037e+002
         vertex 3.451105e+002 -8.300000e+001 6.427943e+002
      endloop
   endfacet
   facet normal 0.000000e+000 1.000000e+000 0.000000e+000
      outer loop
         vertex 2.367568e+002 -8.300000e+001 7.629815e+002
         vertex 3.451105e+002 -8.300000e+001 6.427943e+002
         vertex 3.384112e+002 -8.300000e+001 6.288190e+002
      endloop
   endfacet
   facet normal 0.000000e+000 1.000000e+000 0.000000e+000
      outer loop
         vertex 2.086692e+002 -8.300000e+001 7.501409e+002
         vertex 3.057669e+002 -8.300000e+001 5.963464e+002
         vertex 1.966630e+002 -8.300000e+001 7.403408e+002
      endloop
   endfacet
   facet normal 0.000000e+000 1.000000e+000 0.000000e+000
      outer loop
         vertex 1.966630e+002 -8.300000e+001 7.403408e+002
         vertex 3.057669e+002 -8.300000e+001 5.963464e+002
         vertex 2.917565e+002 -8.300000e+001 5.897209e+002
      endloop
   endfacet
   facet normal 0.000000e+000 1.000000e+000 0.000000e+000
      outer loop
         vertex 1.966630e+002 -8.300000e+001 7.403408e+002
         vertex 2.917565e+002 -8.300000e+001 5.897209e+002
         vertex 2.768249e+002 -8.300000e+001 5.855689e+002
      endloop
   endfacet
   facet normal 0.000000e+000 1.000000e+000 0.000000e+000
      outer loop
         vertex 2.614054e+002 -8.300000e+001 5.840109e+002
         vertex 2.459451e+002 -8.300000e+001 5.850919e+002
         vertex 1.966630e+002 -8.300000e+001 7.403408e+002
      endloop
   endfacet
   facet normal 0.000000e+000 1.000000e+000 0.000000e+000
      outer loop
         vertex 1.966630e+002 -8.300000e+001 7.403408e+002
         vertex 2.459451e+002 -8.300000e+001 5.850919e+002
         vertex 2.308924e+002 -8.300000e+001 5.887808e+002
      endloop
   endfacet
   facet normal 0.000000e+000 1.000000e+000 0.000000e+000
      outer loop
         vertex 1.966630e+002 -8.300000e+001 7.403408e+002
         vertex 2.308924e+002 -8.300000e+001 5.887808e+002
         vertex 2.166840e+002 -8.300000e+001 5.949705e+002
      endloop
   endfacet
   facet normal 0.000000e+000 1.000000e+000 0.000000e+000
      outer loop
         vertex 2.037320e+002 -8.300000e+001 6.034814e+002
         vertex 1.924120e+002 -8.300000e+001 6.140667e+002
         vertex 1.966630e+002 -8.300000e+001 7.403408e+002
      endloop
   endfacet
   facet normal 0.000000e+000 1.000000e+000 0.000000e+000
      outer loop
         vertex 1.966630e+002 -8.300000e+001 7.403408e+002
         vertex 1.924120e+002 -8.300000e+001 6.140667e+002
         vertex 1.830525e+002 -8.300000e+001 6.264194e+002
      endloop
   endfacet
   facet normal 0.000000e+000 1.000000e+000 0.000000e+000
      outer loop
         vertex 1.966630e+002 -8.300000e+001 7.403408e+002
         vertex 1.830525e+002 -8.300000e+001 6.264194e+002
         vertex 1.759248e+002 -8.300000e+001 6.401812e+002
      endloop
   endfacet
   facet normal 0.000000e+000 1.000000e+000 0.000000e+000
      outer loop
         vertex 1.696426e+002 -8.300000e+001 6.857952e+002
         vertex 1.727848e+002 -8.300000e+001 7.009714e+002
         vertex 1.966630e+002 -8.300000e+001 7.403408e+002
      endloop
   endfacet
   facet normal 0.000000e+000 1.000000e+000 0.000000e+000
      outer loop
         vertex 1.966630e+002 -8.300000e+001 7.403408e+002
         vertex 1.727848e+002 -8.300000e+001 7.009714e+002
         vertex 1.784568e+002 -8.300000e+001 7.153943e+002
      endloop
   endfacet
   facet normal 0.000000e+000 1.000000e+000 0.000000e+000
      outer loop
         vertex 1.966630e+002 -8.300000e+001 7.403408e+002
         vertex 1.784568e+002 -8.300000e+001 7.153943e+002
         vertex 1.864939e+002 -8.300000e+001 7.286456e+002
      endloop
   endfacet
   facet normal 0.000000e+000 1.000000e+000 -6.123032e-017
      outer loop
         vertex 3.364535e+002 -1.280000e+002 6.000297e+002
         vertex 3.195435e+002 -1.280000e+002 6.061845e+002
         vertex 3.465070e+002 -1.280000e+002 6.088906e+002
      endloop
   endfacet
   facet normal 0.000000e+000 1.000000e+000 -6.123032e-017
      outer loop
         vertex 3.465070e+002 -1.280000e+002 6.088906e+002
         vertex 3.195435e+002 -1.280000e+002 6.061845e+002
         vertex 3.294376e+002 -1.280000e+002 6.161831e+002
      endloop
   endfacet
   facet normal 0.000000e+000 1.000000e+000 -6.123032e-017
      outer loop
         vertex 3.465070e+002 -1.280000e+002 6.088906e+002
         vertex 3.294376e+002 -1.280000e+002 6.161831e+002
         vertex 3.549976e+002 -1.280000e+002 6.192586e+002
      endloop
   endfacet
   facet normal 0.000000e+000 1.000000e+000 -6.123032e-017
      outer loop
         vertex 3.549976e+002 -1.280000e+002 6.192586e+002
         vertex 3.294376e+002 -1.280000e+002 6.161831e+002
         vertex 3.384112e+002 -1.280000e+002 6.288190e+002
      endloop
   endfacet
   facet normal 0.000000e+000 1.000000e+000 -6.123032e-017
      outer loop
         vertex 3.549976e+002 -1.280000e+002 6.192586e+002
         vertex 3.384112e+002 -1.280000e+002 6.288190e+002
         vertex 3.617027e+002 -1.280000e+002 6.308615e+002
      endloop
   endfacet
   facet normal 0.000000e+000 1.000000e+000 -6.123032e-017
      outer loop
         vertex 3.617027e+002 -1.280000e+002 6.308615e+002
         vertex 3.384112e+002 -1.280000e+002 6.288190e+002
         vertex 3.451105e+002 -1.280000e+002 6.427943e+002
      endloop
   endfacet
   facet normal 0.000000e+000 1.000000e+000 -6.123032e-017
      outer loop
         vertex 3.617027e+002 -1.280000e+002 6.308615e+002
         vertex 3.451105e+002 -1.280000e+002 6.427943e+002
         vertex 3.664462e+002 -1.280000e+002 6.433949e+002
      endloop
   endfacet
   facet normal 0.000000e+000 1.000000e+000 -6.123032e-017
      outer loop
         vertex 3.664462e+002 -1.280000e+002 6.433949e+002
         vertex 3.451105e+002 -1.280000e+002 6.427943e+002
         vertex 3.493412e+002 -1.280000e+002 6.577037e+002
      endloop
   endfacet
   facet normal 0.000000e+000 1.000000e+000 -6.123032e-017
      outer loop
         vertex 3.506281e+002 -1.280000e+002 6.832182e+002
         vertex 3.679378e+002 -1.280000e+002 6.832182e+002
         vertex 3.509805e+002 -1.280000e+002 6.731149e+002
      endloop
   endfacet
   facet normal 0.000000e+000 1.000000e+000 -6.123032e-017
      outer loop
         vertex 3.509805e+002 -1.280000e+002 6.731149e+002
         vertex 3.679378e+002 -1.280000e+002 6.832182e+002
         vertex 3.696052e+002 -1.280000e+002 6.699213e+002
      endloop
   endfacet
   facet normal 0.000000e+000 1.000000e+000 -6.123032e-017
      outer loop
         vertex 3.509805e+002 -1.280000e+002 6.731149e+002
         vertex 3.696052e+002 -1.280000e+002 6.699213e+002
         vertex 3.493412e+002 -1.280000e+002 6.577037e+002
      endloop
   endfacet
   facet normal 0.000000e+000 1.000000e+000 -6.123032e-017
      outer loop
         vertex 3.493412e+002 -1.280000e+002 6.577037e+002
         vertex 3.696052e+002 -1.280000e+002 6.699213e+002
         vertex 3.691036e+002 -1.280000e+002 6.565297e+002
      endloop
   endfacet
   facet normal 0.000000e+000 1.000000e+000 -6.123032e-017
      outer loop
         vertex 3.493412e+002 -1.280000e+002 6.577037e+002
         vertex 3.691036e+002 -1.280000e+002 6.565297e+002
         vertex 3.664462e+002 -1.280000e+002 6.433949e+002
      endloop
   endfacet
   facet normal -3.420202e-001 0.000000e+000 -9.396927e-001
      outer loop
         vertex 3.238188e+002 -1.440000e+002 6.046284e+002
         vertex 3.195435e+002 -1.440000e+002 6.061845e+002
         vertex 3.238188e+002 -1.400000e+002 6.046284e+002
      endloop
   endfacet
   facet normal -3.420202e-001 0.000000e+000 -9.396927e-001
      outer loop
         vertex 3.238188e+002 -1.400000e+002 6.046284e+002
         vertex 3.195435e+002 -1.440000e+002 6.061845e+002
         vertex 3.195435e+002 -1.280000e+002 6.061845e+002
      endloop
   endfacet
   facet normal -3.420202e-001 0.000000e+000 -9.396927e-001
      outer loop
         vertex 3.238188e+002 -1.400000e+002 6.046284e+002
         vertex 3.195435e+002 -1.280000e+002 6.061845e+002
         vertex 3.364535e+002 -1.400000e+002 6.000297e+002
      endloop
   endfacet
   facet normal -3.420202e-001 0.000000e+000 -9.396927e-001
      outer loop
         vertex 3.364535e+002 -1.400000e+002 6.000297e+002
         vertex 3.195435e+002 -1.280000e+002 6.061845e+002
         vertex 3.364535e+002 -1.280000e+002 6.000297e+002
      endloop
   endfacet
   facet normal 0.000000e+000 -1.000000e+000 6.123032e-017
      outer loop
         vertex 3.195435e+002 -1.440000e+002 6.061845e+002
         vertex 3.238188e+002 -1.440000e+002 6.046284e+002
         vertex 3.294376e+002 -1.440000e+002 6.161831e+002
      endloop
   endfacet
   facet normal 0.000000e+000 -1.000000e+000 6.123032e-017
      outer loop
         vertex 3.294376e+002 -1.440000e+002 6.161831e+002
         vertex 3.238188e+002 -1.440000e+002 6.046284e+002
         vertex 3.313136e+002 -1.440000e+002 6.122356e+002
      endloop
   endfacet
   facet normal 0.000000e+000 -1.000000e+000 6.123032e-017
      outer loop
         vertex 3.294376e+002 -1.440000e+002 6.161831e+002
         vertex 3.313136e+002 -1.440000e+002 6.122356e+002
         vertex 3.348305e+002 -1.440000e+002 6.232178e+002
      endloop
   endfacet
   facet normal 0.000000e+000 -1.000000e+000 6.123032e-017
      outer loop
         vertex 3.348305e+002 -1.440000e+002 6.232178e+002
         vertex 3.313136e+002 -1.440000e+002 6.122356e+002
         vertex 3.379073e+002 -1.440000e+002 6.206360e+002
      endloop
   endfacet
   facet normal 6.427876e-001 0.000000e+000 7.660444e-001
      outer loop
         vertex 3.488653e+002 -1.400000e+002 6.114412e+002
         vertex 3.488653e+002 -1.380000e+002 6.114412e+002
         vertex 3.379073e+002 -1.400000e+002 6.206360e+002
      endloop
   endfacet
   facet normal 6.427876e-001 0.000000e+000 7.660444e-001
      outer loop
         vertex 3.379073e+002 -1.400000e+002 6.206360e+002
         vertex 3.488653e+002 -1.380000e+002 6.114412e+002
         vertex 3.348305e+002 -1.380000e+002 6.232178e+002
      endloop
   endfacet
   facet normal 6.427876e-001 0.000000e+000 7.660444e-001
      outer loop
         vertex 3.379073e+002 -1.400000e+002 6.206360e+002
         vertex 3.348305e+002 -1.380000e+002 6.232178e+002
         vertex 3.379073e+002 -1.440000e+002 6.206360e+002
      endloop
   endfacet
   facet normal 6.427876e-001 0.000000e+000 7.660444e-001
      outer loop
         vertex 3.379073e+002 -1.440000e+002 6.206360e+002
         vertex 3.348305e+002 -1.380000e+002 6.232178e+002
         vertex 3.348305e+002 -1.440000e+002 6.232178e+002
      endloop
   endfacet
   facet normal 0.000000e+000 -1.000000e+000 6.123032e-017
      outer loop
         vertex 3.348305e+002 -1.380000e+002 6.232178e+002
         vertex 3.488653e+002 -1.380000e+002 6.114412e+002
         vertex 3.384112e+002 -1.380000e+002 6.288190e+002
      endloop
   endfacet
   facet normal 0.000000e+000 -1.000000e+000 6.123032e-017
      outer loop
         vertex 3.384112e+002 -1.380000e+002 6.288190e+002
         vertex 3.488653e+002 -1.380000e+002 6.114412e+002
         vertex 3.549976e+002 -1.380000e+002 6.192586e+002
      endloop
   endfacet
   facet normal 0.000000e+000 -1.000000e+000 6.123032e-017
      outer loop
         vertex 3.384112e+002 -1.380000e+002 6.288190e+002
         vertex 3.549976e+002 -1.380000e+002 6.192586e+002
         vertex 3.451105e+002 -1.380000e+002 6.427943e+002
      endloop
   endfacet
   facet normal 0.000000e+000 -1.000000e+000 6.123032e-017
      outer loop
         vertex 3.696836e+002 -1.380000e+002 6.665674e+002
         vertex 3.506086e+002 -1.380000e+002 6.665690e+002
         vertex 3.691036e+002 -1.380000e+002 6.565297e+002
      endloop
   endfacet
   facet normal 0.000000e+000 -1.000000e+000 6.123032e-017
      outer loop
         vertex 3.691036e+002 -1.380000e+002 6.565297e+002
         vertex 3.506086e+002 -1.380000e+002 6.665690e+002
         vertex 3.493412e+002 -1.380000e+002 6.577037e+002
      endloop
   endfacet
   facet normal 0.000000e+000 -1.000000e+000 6.123032e-017
      outer loop
         vertex 3.691036e+002 -1.380000e+002 6.565297e+002
         vertex 3.493412e+002 -1.380000e+002 6.577037e+002
         vertex 3.664462e+002 -1.380000e+002 6.433949e+002
      endloop
   endfacet
   facet normal 0.000000e+000 -1.000000e+000 6.123032e-017
      outer loop
         vertex 3.664462e+002 -1.380000e+002 6.433949e+002
         vertex 3.493412e+002 -1.380000e+002 6.577037e+002
         vertex 3.451105e+002 -1.380000e+002 6.427943e+002
      endloop
   endfacet
   facet normal 0.000000e+000 -1.000000e+000 6.123032e-017
      outer loop
         vertex 3.664462e+002 -1.380000e+002 6.433949e+002
         vertex 3.451105e+002 -1.380000e+002 6.427943e+002
         vertex 3.617027e+002 -1.380000e+002 6.308615e+002
      endloop
   endfacet
   facet normal 0.000000e+000 -1.000000e+000 6.123032e-017
      outer loop
         vertex 3.617027e+002 -1.380000e+002 6.308615e+002
         vertex 3.451105e+002 -1.380000e+002 6.427943e+002
         vertex 3.549976e+002 -1.380000e+002 6.192586e+002
      endloop
   endfacet
   facet normal -8.598190e-005 0.000000e+000 -1.000000e+000
      outer loop
         vertex 3.546251e+002 -1.440000e+002 6.665687e+002
         vertex 3.506086e+002 -1.440000e+002 6.665690e+002
         vertex 3.546251e+002 -1.400000e+002 6.665687e+002
      endloop
   endfacet
   facet normal -8.598190e-005 0.000000e+000 -1.000000e+000
      outer loop
         vertex 3.546251e+002 -1.400000e+002 6.665687e+002
         vertex 3.506086e+002 -1.440000e+002 6.665690e+002
         vertex 3.506086e+002 -1.380000e+002 6.665690e+002
      endloop
   endfacet
   facet normal -8.598190e-005 0.000000e+000 -1.000000e+000
      outer loop
         vertex 3.546251e+002 -1.400000e+002 6.665687e+002
         vertex 3.506086e+002 -1.380000e+002 6.665690e+002
         vertex 3.696836e+002 -1.400000e+002 6.665674e+002
      endloop
   endfacet
   facet normal -8.598190e-005 0.000000e+000 -1.000000e+000
      outer loop
         vertex 3.696836e+002 -1.400000e+002 6.665674e+002
         vertex 3.506086e+002 -1.380000e+002 6.665690e+002
         vertex 3.696836e+002 -1.380000e+002 6.665674e+002
      endloop
   endfacet
   facet normal 0.000000e+000 -9.510565e-001 -3.090170e-001
      outer loop
         vertex 2.777524e+002 -1.615553e+002 5.952806e+002
         vertex 2.659688e+002 -1.609348e+002 5.933706e+002
         vertex 2.691484e+002 -1.580399e+002 5.844611e+002
      endloop
   endfacet
   facet normal 0.000000e+000 -9.510565e-001 -3.090170e-001
      outer loop
         vertex 2.691484e+002 -1.580399e+002 5.844611e+002
         vertex 2.659688e+002 -1.609348e+002 5.933706e+002
         vertex 2.614054e+002 -1.578936e+002 5.840109e+002
      endloop
   endfacet
   facet normal 0.000000e+000 -9.510565e-001 -3.090170e-001
      outer loop
         vertex 2.614054e+002 -1.578936e+002 5.840109e+002
         vertex 2.659688e+002 -1.609348e+002 5.933706e+002
         vertex 2.540313e+002 -1.609348e+002 5.933706e+002
      endloop
   endfacet
   facet normal 0.000000e+000 -9.510565e-001 -3.090170e-001
      outer loop
         vertex 2.614054e+002 -1.578936e+002 5.840109e+002
         vertex 2.540313e+002 -1.609348e+002 5.933706e+002
         vertex 2.536522e+002 -1.579621e+002 5.842217e+002
      endloop
   endfacet
   facet normal 0.000000e+000 -9.510565e-001 -3.090170e-001
      outer loop
         vertex 2.536522e+002 -1.579621e+002 5.842217e+002
         vertex 2.540313e+002 -1.609348e+002 5.933706e+002
         vertex 2.459451e+002 -1.582448e+002 5.850919e+002
      endloop
   endfacet
   facet normal 0.000000e+000 -9.510565e-001 -3.090170e-001
      outer loop
         vertex 2.459451e+002 -1.582448e+002 5.850919e+002
         vertex 2.540313e+002 -1.609348e+002 5.933706e+002
         vertex 2.422476e+002 -1.615553e+002 5.952806e+002
      endloop
   endfacet
   facet normal 0.000000e+000 -9.510565e-001 -3.090170e-001
      outer loop
         vertex 2.459451e+002 -1.582448e+002 5.850919e+002
         vertex 2.422476e+002 -1.615553e+002 5.952806e+002
         vertex 2.383401e+002 -1.587398e+002 5.866153e+002
      endloop
   endfacet
   facet normal 0.000000e+000 -9.510565e-001 -3.090170e-001
      outer loop
         vertex 2.383401e+002 -1.587398e+002 5.866153e+002
         vertex 2.422476e+002 -1.615553e+002 5.952806e+002
         vertex 2.308924e+002 -1.594434e+002 5.887808e+002
      endloop
   endfacet
   facet normal 0.000000e+000 -9.510565e-001 -3.090170e-001
      outer loop
         vertex 2.308924e+002 -1.594434e+002 5.887808e+002
         vertex 2.422476e+002 -1.615553e+002 5.952806e+002
         vertex 2.309213e+002 -1.627805e+002 5.990513e+002
      endloop
   endfacet
   facet normal 0.000000e+000 -9.510565e-001 -3.090170e-001
      outer loop
         vertex 2.308924e+002 -1.594434e+002 5.887808e+002
         vertex 2.309213e+002 -1.627805e+002 5.990513e+002
         vertex 2.236562e+002 -1.603506e+002 5.915726e+002
      endloop
   endfacet
   facet normal 0.000000e+000 -9.510565e-001 -3.090170e-001
      outer loop
         vertex 2.691484e+002 -1.580399e+002 5.844611e+002
         vertex 2.768249e+002 -1.583998e+002 5.855689e+002
         vertex 2.777524e+002 -1.615553e+002 5.952806e+002
      endloop
   endfacet
   facet normal 0.000000e+000 -9.510565e-001 -3.090170e-001
      outer loop
         vertex 2.777524e+002 -1.615553e+002 5.952806e+002
         vertex 2.768249e+002 -1.583998e+002 5.855689e+002
         vertex 2.843793e+002 -1.589709e+002 5.873265e+002
      endloop
   endfacet
   facet normal 0.000000e+000 -9.510565e-001 -3.090170e-001
      outer loop
         vertex 2.777524e+002 -1.615553e+002 5.952806e+002
         vertex 2.843793e+002 -1.589709e+002 5.873265e+002
         vertex 2.890787e+002 -1.627805e+002 5.990513e+002
      endloop
   endfacet
   facet normal 0.000000e+000 -9.510565e-001 -3.090170e-001
      outer loop
         vertex 2.236562e+002 -1.603506e+002 5.915726e+002
         vertex 2.309213e+002 -1.627805e+002 5.990513e+002
         vertex 2.166840e+002 -1.614546e+002 5.949705e+002
      endloop
   endfacet
   facet normal 0.000000e+000 -9.510565e-001 -3.090170e-001
      outer loop
         vertex 2.166840e+002 -1.614546e+002 5.949705e+002
         vertex 2.309213e+002 -1.627805e+002 5.990513e+002
         vertex 2.203443e+002 -1.645788e+002 6.045857e+002
      endloop
   endfacet
   facet normal 0.000000e+000 -9.510565e-001 -3.090170e-001
      outer loop
         vertex 2.166840e+002 -1.614546e+002 5.949705e+002
         vertex 2.203443e+002 -1.645788e+002 6.045857e+002
         vertex 2.037320e+002 -1.642199e+002 6.034814e+002
      endloop
   endfacet
   facet normal 0.000000e+000 -9.510565e-001 -3.090170e-001
      outer loop
         vertex 2.037320e+002 -1.642199e+002 6.034814e+002
         vertex 2.203443e+002 -1.645788e+002 6.045857e+002
         vertex 2.107890e+002 -1.669037e+002 6.117411e+002
      endloop
   endfacet
   facet normal 0.000000e+000 -9.510565e-001 -3.090170e-001
      outer loop
         vertex 2.037320e+002 -1.642199e+002 6.034814e+002
         vertex 2.107890e+002 -1.669037e+002 6.117411e+002
         vertex 1.924120e+002 -1.676593e+002 6.140667e+002
      endloop
   endfacet
   facet normal 0.000000e+000 -9.510565e-001 -3.090170e-001
      outer loop
         vertex 1.924120e+002 -1.676593e+002 6.140667e+002
         vertex 2.107890e+002 -1.669037e+002 6.117411e+002
         vertex 2.054684e+002 -1.685904e+002 6.169323e+002
      endloop
   endfacet
   facet normal 0.000000e+000 -9.510565e-001 -3.090170e-001
      outer loop
         vertex 1.924120e+002 -1.676593e+002 6.140667e+002
         vertex 2.054684e+002 -1.685904e+002 6.169323e+002
         vertex 1.899347e+002 -1.685904e+002 6.169323e+002
      endloop
   endfacet
   facet normal 0.000000e+000 -9.510565e-001 -3.090170e-001
      outer loop
         vertex 2.843793e+002 -1.589709e+002 5.873265e+002
         vertex 2.917565e+002 -1.597489e+002 5.897209e+002
         vertex 2.890787e+002 -1.627805e+002 5.990513e+002
      endloop
   endfacet
   facet normal 0.000000e+000 -9.510565e-001 -3.090170e-001
      outer loop
         vertex 2.890787e+002 -1.627805e+002 5.990513e+002
         vertex 2.917565e+002 -1.597489e+002 5.897209e+002
         vertex 2.989030e+002 -1.607282e+002 5.927349e+002
      endloop
   endfacet
   facet normal 0.000000e+000 -9.510565e-001 -3.090170e-001
      outer loop
         vertex 2.890787e+002 -1.627805e+002 5.990513e+002
         vertex 2.989030e+002 -1.607282e+002 5.927349e+002
         vertex 2.996557e+002 -1.645788e+002 6.045857e+002
      endloop
   endfacet
   facet normal 0.000000e+000 -9.510565e-001 -3.090170e-001
      outer loop
         vertex 2.996557e+002 -1.645788e+002 6.045857e+002
         vertex 2.989030e+002 -1.607282e+002 5.927349e+002
         vertex 3.057669e+002 -1.619017e+002 5.963464e+002
      endloop
   endfacet
   facet normal 0.000000e+000 -9.510565e-001 -3.090170e-001
      outer loop
         vertex 2.996557e+002 -1.645788e+002 6.045857e+002
         vertex 3.057669e+002 -1.619017e+002 5.963464e+002
         vertex 3.092111e+002 -1.669037e+002 6.117411e+002
      endloop
   endfacet
   facet normal 0.000000e+000 -9.510565e-001 -3.090170e-001
      outer loop
         vertex 3.092111e+002 -1.669037e+002 6.117411e+002
         vertex 3.057669e+002 -1.619017e+002 5.963464e+002
         vertex 3.184499e+002 -1.647957e+002 6.052533e+002
      endloop
   endfacet
   facet normal 0.000000e+000 -9.510565e-001 -3.090170e-001
      outer loop
         vertex 3.092111e+002 -1.669037e+002 6.117411e+002
         vertex 3.184499e+002 -1.647957e+002 6.052533e+002
         vertex 3.145316e+002 -1.685904e+002 6.169323e+002
      endloop
   endfacet
   facet normal 0.000000e+000 -9.510565e-001 -3.090170e-001
      outer loop
         vertex 3.145316e+002 -1.685904e+002 6.169323e+002
         vertex 3.184499e+002 -1.647957e+002 6.052533e+002
         vertex 3.294376e+002 -1.683470e+002 6.161831e+002
      endloop
   endfacet
   facet normal 0.000000e+000 -9.510565e-001 -3.090170e-001
      outer loop
         vertex 3.145316e+002 -1.685904e+002 6.169323e+002
         vertex 3.294376e+002 -1.683470e+002 6.161831e+002
         vertex 3.300653e+002 -1.685904e+002 6.169323e+002
      endloop
   endfacet
   facet normal 0.000000e+000 0.000000e+000 -1.000000e+000
      outer loop
         vertex 1.503164e+002 -1.400000e+002 6.665698e+002
         vertex 1.503164e+002 -1.380000e+002 6.665698e+002
         vertex 1.653748e+002 -1.400000e+002 6.665698e+002
      endloop
   endfacet
   facet normal 0.000000e+000 0.000000e+000 -1.000000e+000
      outer loop
         vertex 1.653748e+002 -1.400000e+002 6.665698e+002
         vertex 1.503164e+002 -1.380000e+002 6.665698e+002
         vertex 1.693913e+002 -1.380000e+002 6.665698e+002
      endloop
   endfacet
   facet normal 0.000000e+000 0.000000e+000 -1.000000e+000
      outer loop
         vertex 1.653748e+002 -1.400000e+002 6.665698e+002
         vertex 1.693913e+002 -1.380000e+002 6.665698e+002
         vertex 1.653748e+002 -1.440000e+002 6.665698e+002
      endloop
   endfacet
   facet normal 0.000000e+000 0.000000e+000 -1.000000e+000
      outer loop
         vertex 1.653748e+002 -1.440000e+002 6.665698e+002
         vertex 1.693913e+002 -1.380000e+002 6.665698e+002
         vertex 1.693913e+002 -1.440000e+002 6.665698e+002
      endloop
   endfacet
   facet normal 0.000000e+000 -1.000000e+000 6.123032e-017
      outer loop
         vertex 1.712357e+002 -1.380000e+002 6.549528e+002
         vertex 1.693913e+002 -1.380000e+002 6.665698e+002
         vertex 1.503164e+002 -1.380000e+002 6.665698e+002
      endloop
   endfacet
   facet normal 0.000000e+000 -1.000000e+000 6.123032e-017
      outer loop
         vertex 1.711363e+002 -1.380000e+002 6.114393e+002
         vertex 1.851709e+002 -1.380000e+002 6.232158e+002
         vertex 1.650024e+002 -1.380000e+002 6.192586e+002
      endloop
   endfacet
   facet normal 0.000000e+000 -1.000000e+000 6.123032e-017
      outer loop
         vertex 1.650024e+002 -1.380000e+002 6.192586e+002
         vertex 1.851709e+002 -1.380000e+002 6.232158e+002
         vertex 1.830525e+002 -1.380000e+002 6.264194e+002
      endloop
   endfacet
   facet normal 0.000000e+000 -1.000000e+000 6.123032e-017
      outer loop
         vertex 1.650024e+002 -1.380000e+002 6.192586e+002
         vertex 1.830525e+002 -1.380000e+002 6.264194e+002
         vertex 1.582973e+002 -1.380000e+002 6.308615e+002
      endloop
   endfacet
   facet normal 0.000000e+000 -1.000000e+000 6.123032e-017
      outer loop
         vertex 1.582973e+002 -1.380000e+002 6.308615e+002
         vertex 1.830525e+002 -1.380000e+002 6.264194e+002
         vertex 1.759248e+002 -1.380000e+002 6.401812e+002
      endloop
   endfacet
   facet normal 0.000000e+000 -1.000000e+000 6.123032e-017
      outer loop
         vertex 1.582973e+002 -1.380000e+002 6.308615e+002
         vertex 1.759248e+002 -1.380000e+002 6.401812e+002
         vertex 1.535538e+002 -1.380000e+002 6.433949e+002
      endloop
   endfacet
   facet normal 0.000000e+000 -1.000000e+000 6.123032e-017
      outer loop
         vertex 1.535538e+002 -1.380000e+002 6.433949e+002
         vertex 1.759248e+002 -1.380000e+002 6.401812e+002
         vertex 1.712357e+002 -1.380000e+002 6.549528e+002
      endloop
   endfacet
   facet normal 0.000000e+000 -1.000000e+000 6.123032e-017
      outer loop
         vertex 1.535538e+002 -1.380000e+002 6.433949e+002
         vertex 1.712357e+002 -1.380000e+002 6.549528e+002
         vertex 1.508964e+002 -1.380000e+002 6.565297e+002
      endloop
   endfacet
   facet normal 0.000000e+000 -1.000000e+000 6.123032e-017
      outer loop
         vertex 1.508964e+002 -1.380000e+002 6.565297e+002
         vertex 1.712357e+002 -1.380000e+002 6.549528e+002
         vertex 1.503164e+002 -1.380000e+002 6.665698e+002
      endloop
   endfacet
   facet normal -6.427876e-001 0.000000e+000 7.660444e-001
      outer loop
         vertex 1.820941e+002 -1.440000e+002 6.206340e+002
         vertex 1.851709e+002 -1.440000e+002 6.232158e+002
         vertex 1.820941e+002 -1.400000e+002 6.206340e+002
      endloop
   endfacet
   facet normal -6.427876e-001 0.000000e+000 7.660444e-001
      outer loop
         vertex 1.820941e+002 -1.400000e+002 6.206340e+002
         vertex 1.851709e+002 -1.440000e+002 6.232158e+002
         vertex 1.851709e+002 -1.380000e+002 6.232158e+002
      endloop
   endfacet
   facet normal -6.427876e-001 0.000000e+000 7.660444e-001
      outer loop
         vertex 1.820941e+002 -1.400000e+002 6.206340e+002
         vertex 1.851709e+002 -1.380000e+002 6.232158e+002
         vertex 1.711363e+002 -1.400000e+002 6.114393e+002
      endloop
   endfacet
   facet normal -6.427876e-001 0.000000e+000 7.660444e-001
      outer loop
         vertex 1.711363e+002 -1.400000e+002 6.114393e+002
         vertex 1.851709e+002 -1.380000e+002 6.232158e+002
         vertex 1.711363e+002 -1.380000e+002 6.114393e+002
      endloop
   endfacet
   facet normal 0.000000e+000 -1.000000e+000 6.123032e-017
      outer loop
         vertex 1.851709e+002 -1.440000e+002 6.232158e+002
         vertex 1.820941e+002 -1.440000e+002 6.206340e+002
         vertex 1.924120e+002 -1.440000e+002 6.140667e+002
      endloop
   endfacet
   facet normal 0.000000e+000 -1.000000e+000 6.123032e-017
      outer loop
         vertex 1.924120e+002 -1.440000e+002 6.140667e+002
         vertex 1.820941e+002 -1.440000e+002 6.206340e+002
         vertex 1.886872e+002 -1.440000e+002 6.122347e+002
      endloop
   endfacet
   facet normal 0.000000e+000 -1.000000e+000 6.123032e-017
      outer loop
         vertex 1.924120e+002 -1.440000e+002 6.140667e+002
         vertex 1.886872e+002 -1.440000e+002 6.122347e+002
         vertex 2.004565e+002 -1.440000e+002 6.061845e+002
      endloop
   endfacet
   facet normal 0.000000e+000 -1.000000e+000 6.123032e-017
      outer loop
         vertex 2.004565e+002 -1.440000e+002 6.061845e+002
         vertex 1.886872e+002 -1.440000e+002 6.122347e+002
         vertex 1.961812e+002 -1.440000e+002 6.046284e+002
      endloop
   endfacet
   facet normal 3.420202e-001 0.000000e+000 -9.396927e-001
      outer loop
         vertex 1.835465e+002 -1.400000e+002 6.000297e+002
         vertex 1.835465e+002 -1.280000e+002 6.000297e+002
         vertex 1.961812e+002 -1.400000e+002 6.046284e+002
      endloop
   endfacet
   facet normal 3.420202e-001 0.000000e+000 -9.396927e-001
      outer loop
         vertex 1.961812e+002 -1.400000e+002 6.046284e+002
         vertex 1.835465e+002 -1.280000e+002 6.000297e+002
         vertex 2.004565e+002 -1.280000e+002 6.061845e+002
      endloop
   endfacet
   facet normal 3.420202e-001 0.000000e+000 -9.396927e-001
      outer loop
         vertex 1.961812e+002 -1.400000e+002 6.046284e+002
         vertex 2.004565e+002 -1.280000e+002 6.061845e+002
         vertex 1.961812e+002 -1.440000e+002 6.046284e+002
      endloop
   endfacet
   facet normal 3.420202e-001 0.000000e+000 -9.396927e-001
      outer loop
         vertex 1.961812e+002 -1.440000e+002 6.046284e+002
         vertex 2.004565e+002 -1.280000e+002 6.061845e+002
         vertex 2.004565e+002 -1.440000e+002 6.061845e+002
      endloop
   endfacet
   facet normal 0.000000e+000 1.000000e+000 -6.123032e-017
      outer loop
         vertex 2.004565e+002 -1.280000e+002 6.061845e+002
         vertex 1.835465e+002 -1.280000e+002 6.000297e+002
         vertex 1.924120e+002 -1.280000e+002 6.140667e+002
      endloop
   endfacet
   facet normal 0.000000e+000 1.000000e+000 -6.123032e-017
      outer loop
         vertex 1.924120e+002 -1.280000e+002 6.140667e+002
         vertex 1.835465e+002 -1.280000e+002 6.000297e+002
         vertex 1.734931e+002 -1.280000e+002 6.088906e+002
      endloop
   endfacet
   facet normal 0.000000e+000 1.000000e+000 -6.123032e-017
      outer loop
         vertex 1.924120e+002 -1.280000e+002 6.140667e+002
         vertex 1.734931e+002 -1.280000e+002 6.088906e+002
         vertex 1.830525e+002 -1.280000e+002 6.264194e+002
      endloop
   endfacet
   facet normal 0.000000e+000 1.000000e+000 -6.123032e-017
      outer loop
         vertex 1.830525e+002 -1.280000e+002 6.264194e+002
         vertex 1.734931e+002 -1.280000e+002 6.088906e+002
         vertex 1.650024e+002 -1.280000e+002 6.192586e+002
      endloop
   endfacet
   facet normal 0.000000e+000 1.000000e+000 -6.123032e-017
      outer loop
         vertex 1.830525e+002 -1.280000e+002 6.264194e+002
         vertex 1.650024e+002 -1.280000e+002 6.192586e+002
         vertex 1.759248e+002 -1.280000e+002 6.401812e+002
      endloop
   endfacet
   facet normal 0.000000e+000 1.000000e+000 -6.123032e-017
      outer loop
         vertex 1.650024e+002 -1.280000e+002 6.192586e+002
         vertex 1.582973e+002 -1.280000e+002 6.308615e+002
         vertex 1.759248e+002 -1.280000e+002 6.401812e+002
      endloop
   endfacet
   facet normal 0.000000e+000 1.000000e+000 -6.123032e-017
      outer loop
         vertex 1.759248e+002 -1.280000e+002 6.401812e+002
         vertex 1.582973e+002 -1.280000e+002 6.308615e+002
         vertex 1.535538e+002 -1.280000e+002 6.433949e+002
      endloop
   endfacet
   facet normal 0.000000e+000 1.000000e+000 -6.123032e-017
      outer loop
         vertex 1.759248e+002 -1.280000e+002 6.401812e+002
         vertex 1.535538e+002 -1.280000e+002 6.433949e+002
         vertex 1.712357e+002 -1.280000e+002 6.549528e+002
      endloop
   endfacet
   facet normal 0.000000e+000 1.000000e+000 -6.123032e-017
      outer loop
         vertex 1.712357e+002 -1.280000e+002 6.549528e+002
         vertex 1.535538e+002 -1.280000e+002 6.433949e+002
         vertex 1.508964e+002 -1.280000e+002 6.565297e+002
      endloop
   endfacet
   facet normal 0.000000e+000 1.000000e+000 -6.123032e-017
      outer loop
         vertex 1.712357e+002 -1.280000e+002 6.549528e+002
         vertex 1.508964e+002 -1.280000e+002 6.565297e+002
         vertex 1.691211e+002 -1.280000e+002 6.703060e+002
      endloop
   endfacet
   facet normal 0.000000e+000 1.000000e+000 -6.123032e-017
      outer loop
         vertex 1.691211e+002 -1.280000e+002 6.703060e+002
         vertex 1.508964e+002 -1.280000e+002 6.565297e+002
         vertex 1.503948e+002 -1.280000e+002 6.699213e+002
      endloop
   endfacet
   facet normal 0.000000e+000 1.000000e+000 -6.123032e-017
      outer loop
         vertex 1.691211e+002 -1.280000e+002 6.703060e+002
         vertex 1.503948e+002 -1.280000e+002 6.699213e+002
         vertex 1.693719e+002 -1.280000e+002 6.832182e+002
      endloop
   endfacet
   facet normal 0.000000e+000 1.000000e+000 -6.123032e-017
      outer loop
         vertex 1.693719e+002 -1.280000e+002 6.832182e+002
         vertex 1.503948e+002 -1.280000e+002 6.699213e+002
         vertex 1.520622e+002 -1.280000e+002 6.832182e+002
      endloop
   endfacet
   facet normal 0.000000e+000 -8.829476e-001 -4.694716e-001
      outer loop
         vertex 1.899347e+002 -1.685904e+002 6.169323e+002
         vertex 2.054684e+002 -1.685904e+002 6.169323e+002
         vertex 2.025016e+002 -1.703986e+002 6.203330e+002
      endloop
   endfacet
   facet normal 0.000000e+000 -8.829476e-001 -4.694716e-001
      outer loop
         vertex 1.990937e+002 -2.414749e+002 7.540080e+002
         vertex 1.838808e+002 -2.414749e+002 7.540080e+002
         vertex 1.900000e+002 -2.082720e+002 6.915626e+002
      endloop
   endfacet
   facet normal 0.000000e+000 -8.829476e-001 -4.694716e-001
      outer loop
         vertex 1.900000e+002 -2.082720e+002 6.915626e+002
         vertex 1.838808e+002 -2.414749e+002 7.540080e+002
         vertex 1.694363e+002 -2.127554e+002 6.999946e+002
      endloop
   endfacet
   facet normal 0.000000e+000 -8.829476e-001 -4.694716e-001
      outer loop
         vertex 1.899347e+002 -1.685904e+002 6.169323e+002
         vertex 2.025016e+002 -1.703986e+002 6.203330e+002
         vertex 1.830525e+002 -1.736348e+002 6.264194e+002
      endloop
   endfacet
   facet normal 0.000000e+000 -8.829476e-001 -4.694716e-001
      outer loop
         vertex 1.830525e+002 -1.736348e+002 6.264194e+002
         vertex 2.025016e+002 -1.703986e+002 6.203330e+002
         vertex 1.900000e+002 -1.846536e+002 6.471428e+002
      endloop
   endfacet
   facet normal 0.000000e+000 -8.829476e-001 -4.694716e-001
      outer loop
         vertex 1.830525e+002 -1.736348e+002 6.264194e+002
         vertex 1.900000e+002 -1.846536e+002 6.471428e+002
         vertex 1.759248e+002 -1.809520e+002 6.401812e+002
      endloop
   endfacet
   facet normal 0.000000e+000 -8.829476e-001 -4.694716e-001
      outer loop
         vertex 1.694363e+002 -2.127554e+002 6.999946e+002
         vertex 1.690554e+002 -2.011542e+002 6.781758e+002
         vertex 1.900000e+002 -2.082720e+002 6.915626e+002
      endloop
   endfacet
   facet normal 0.000000e+000 -8.829476e-001 -4.694716e-001
      outer loop
         vertex 1.900000e+002 -2.082720e+002 6.915626e+002
         vertex 1.690554e+002 -2.011542e+002 6.781758e+002
         vertex 1.691211e+002 -1.969697e+002 6.703060e+002
      endloop
   endfacet
   facet normal 0.000000e+000 -8.829476e-001 -4.694716e-001
      outer loop
         vertex 1.900000e+002 -2.082720e+002 6.915626e+002
         vertex 1.691211e+002 -1.969697e+002 6.703060e+002
         vertex 1.900000e+002 -1.846536e+002 6.471428e+002
      endloop
   endfacet
   facet normal 0.000000e+000 -8.829476e-001 -4.694716e-001
      outer loop
         vertex 1.900000e+002 -1.846536e+002 6.471428e+002
         vertex 1.691211e+002 -1.969697e+002 6.703060e+002
         vertex 1.712357e+002 -1.888063e+002 6.549528e+002
      endloop
   endfacet
   facet normal 0.000000e+000 -8.829476e-001 -4.694716e-001
      outer loop
         vertex 1.900000e+002 -1.846536e+002 6.471428e+002
         vertex 1.712357e+002 -1.888063e+002 6.549528e+002
         vertex 1.759248e+002 -1.809520e+002 6.401812e+002
      endloop
   endfacet
   facet normal 3.935809e-017 -1.000000e+000 4.690515e-017
      outer loop
         vertex 1.691434e+002 -1.440000e+002 6.832182e+002
         vertex 1.653561e+002 -1.440000e+002 6.832182e+002
         vertex 1.690554e+002 -1.440000e+002 6.781758e+002
      endloop
   endfacet
   facet normal 3.935809e-017 -1.000000e+000 4.690515e-017
      outer loop
         vertex 1.690554e+002 -1.440000e+002 6.781758e+002
         vertex 1.653561e+002 -1.440000e+002 6.832182e+002
         vertex 1.650001e+002 -1.440000e+002 6.748936e+002
      endloop
   endfacet
   facet normal 3.935809e-017 -1.000000e+000 4.690515e-017
      outer loop
         vertex 1.690554e+002 -1.440000e+002 6.781758e+002
         vertex 1.650001e+002 -1.440000e+002 6.748936e+002
         vertex 1.691211e+002 -1.440000e+002 6.703060e+002
      endloop
   endfacet
   facet normal 3.935809e-017 -1.000000e+000 4.690515e-017
      outer loop
         vertex 1.691211e+002 -1.440000e+002 6.703060e+002
         vertex 1.650001e+002 -1.440000e+002 6.748936e+002
         vertex 1.653748e+002 -1.440000e+002 6.665698e+002
      endloop
   endfacet
   facet normal 3.935809e-017 -1.000000e+000 4.690515e-017
      outer loop
         vertex 1.691211e+002 -1.440000e+002 6.703060e+002
         vertex 1.653748e+002 -1.440000e+002 6.665698e+002
         vertex 1.693913e+002 -1.440000e+002 6.665698e+002
      endloop
   endfacet
   facet normal 0.000000e+000 0.000000e+000 1.000000e+000
      outer loop
         vertex 1.520622e+002 -1.280000e+002 6.832182e+002
         vertex 1.520622e+002 -1.400000e+002 6.832182e+002
         vertex 1.693719e+002 -1.280000e+002 6.832182e+002
      endloop
   endfacet
   facet normal 0.000000e+000 0.000000e+000 1.000000e+000
      outer loop
         vertex 1.693719e+002 -1.280000e+002 6.832182e+002
         vertex 1.520622e+002 -1.400000e+002 6.832182e+002
         vertex 1.653561e+002 -1.400000e+002 6.832182e+002
      endloop
   endfacet
   facet normal 0.000000e+000 0.000000e+000 1.000000e+000
      outer loop
         vertex 1.653561e+002 -1.440000e+002 6.832182e+002
         vertex 1.691434e+002 -1.440000e+002 6.832182e+002
         vertex 1.653561e+002 -1.400000e+002 6.832182e+002
      endloop
   endfacet
   facet normal 0.000000e+000 0.000000e+000 1.000000e+000
      outer loop
         vertex 1.653561e+002 -1.400000e+002 6.832182e+002
         vertex 1.691434e+002 -1.440000e+002 6.832182e+002
         vertex 1.691434e+002 -1.305000e+002 6.832182e+002
      endloop
   endfacet
   facet normal 0.000000e+000 0.000000e+000 1.000000e+000
      outer loop
         vertex 1.653561e+002 -1.400000e+002 6.832182e+002
         vertex 1.691434e+002 -1.305000e+002 6.832182e+002
         vertex 1.693719e+002 -1.280000e+002 6.832182e+002
      endloop
   endfacet
   facet normal 0.000000e+000 0.000000e+000 1.000000e+000
      outer loop
         vertex 1.693719e+002 -1.280000e+002 6.832182e+002
         vertex 1.691434e+002 -1.305000e+002 6.832182e+002
         vertex 1.693719e+002 -1.305000e+002 6.832182e+002
      endloop
   endfacet
   facet normal -9.713950e-001 -1.619821e-001 1.736482e-001
      outer loop
         vertex 1.842726e+002 -2.420703e+002 7.556441e+002
         vertex 1.704077e+002 -1.589232e+002 7.556441e+002
         vertex 1.838808e+002 -2.414749e+002 7.540080e+002
      endloop
   endfacet
   facet normal -9.713950e-001 -1.619821e-001 1.736482e-001
      outer loop
         vertex 1.838808e+002 -2.414749e+002 7.540080e+002
         vertex 1.704077e+002 -1.589232e+002 7.556441e+002
         vertex 1.694363e+002 -2.127554e+002 6.999946e+002
      endloop
   endfacet
   facet normal 0.000000e+000 1.000000e+000 -6.123032e-017
      outer loop
         vertex 2.600000e+002 -1.170000e+002 1.275000e+003
         vertex 2.464799e+002 -1.170000e+002 1.276151e+003
         vertex 2.600000e+002 -1.170000e+002 1.355000e+003
      endloop
   endfacet
   facet normal 0.000000e+000 1.000000e+000 -6.123032e-017
      outer loop
         vertex 2.990156e+002 -1.170000e+002 1.285159e+003
         vertex 2.866512e+002 -1.170000e+002 1.279570e+003
         vertex 2.600000e+002 -1.170000e+002 1.355000e+003
      endloop
   endfacet
   facet normal 0.000000e+000 1.000000e+000 -6.123032e-017
      outer loop
         vertex 2.600000e+002 -1.170000e+002 1.355000e+003
         vertex 2.866512e+002 -1.170000e+002 1.279570e+003
         vertex 2.735201e+002 -1.170000e+002 1.276151e+003
      endloop
   endfacet
   facet normal 0.000000e+000 1.000000e+000 -6.123032e-017
      outer loop
         vertex 2.600000e+002 -1.170000e+002 1.355000e+003
         vertex 2.735201e+002 -1.170000e+002 1.276151e+003
         vertex 2.600000e+002 -1.170000e+002 1.275000e+003
      endloop
   endfacet
   facet normal 0.000000e+000 1.000000e+000 -6.123032e-017
      outer loop
         vertex 3.281223e+002 -1.170000e+002 1.313055e+003
         vertex 3.200538e+002 -1.170000e+002 1.302146e+003
         vertex 2.600000e+002 -1.170000e+002 1.355000e+003
      endloop
   endfacet
   facet normal 0.000000e+000 1.000000e+000 -6.123032e-017
      outer loop
         vertex 2.600000e+002 -1.170000e+002 1.355000e+003
         vertex 3.200538e+002 -1.170000e+002 1.302146e+003
         vertex 3.102576e+002 -1.170000e+002 1.292757e+003
      endloop
   endfacet
   facet normal 0.000000e+000 1.000000e+000 -6.123032e-017
      outer loop
         vertex 2.600000e+002 -1.170000e+002 1.355000e+003
         vertex 3.102576e+002 -1.170000e+002 1.292757e+003
         vertex 2.990156e+002 -1.170000e+002 1.285159e+003
      endloop
   endfacet
   facet normal 0.000000e+000 1.000000e+000 -6.123032e-017
      outer loop
         vertex 3.399279e+002 -1.170000e+002 1.351605e+003
         vertex 3.382044e+002 -1.170000e+002 1.338146e+003
         vertex 2.600000e+002 -1.170000e+002 1.355000e+003
      endloop
   endfacet
   facet normal 0.000000e+000 1.000000e+000 -6.123032e-017
      outer loop
         vertex 2.600000e+002 -1.170000e+002 1.355000e+003
         vertex 3.382044e+002 -1.170000e+002 1.338146e+003
         vertex 3.342311e+002 -1.170000e+002 1.325172e+003
      endloop
   endfacet
   facet normal 0.000000e+000 1.000000e+000 -6.123032e-017
      outer loop
         vertex 2.600000e+002 -1.170000e+002 1.355000e+003
         vertex 3.342311e+002 -1.170000e+002 1.325172e+003
         vertex 3.281223e+002 -1.170000e+002 1.313055e+003
      endloop
   endfacet
   facet normal 0.000000e+000 1.000000e+000 -6.123032e-017
      outer loop
         vertex 3.314341e+002 -1.170000e+002 1.391016e+003
         vertex 3.364933e+002 -1.170000e+002 1.378426e+003
         vertex 2.600000e+002 -1.170000e+002 1.355000e+003
      endloop
   endfacet
   facet normal 0.000000e+000 1.000000e+000 -6.123032e-017
      outer loop
         vertex 2.600000e+002 -1.170000e+002 1.355000e+003
         vertex 3.364933e+002 -1.170000e+002 1.378426e+003
         vertex 3.393521e+002 -1.170000e+002 1.365161e+003
      endloop
   endfacet
   facet normal 0.000000e+000 1.000000e+000 -6.123032e-017
      outer loop
         vertex 2.600000e+002 -1.170000e+002 1.355000e+003
         vertex 3.393521e+002 -1.170000e+002 1.365161e+003
         vertex 3.399279e+002 -1.170000e+002 1.351605e+003
      endloop
   endfacet
   facet normal 0.000000e+000 1.000000e+000 -6.123032e-017
      outer loop
         vertex 3.047980e+002 -1.170000e+002 1.421281e+003
         vertex 3.153551e+002 -1.170000e+002 1.412756e+003
         vertex 2.600000e+002 -1.170000e+002 1.355000e+003
      endloop
   endfacet
   facet normal 0.000000e+000 1.000000e+000 -6.123032e-017
      outer loop
         vertex 2.600000e+002 -1.170000e+002 1.355000e+003
         vertex 3.153551e+002 -1.170000e+002 1.412756e+003
         vertex 3.243198e+002 -1.170000e+002 1.402571e+003
      endloop
   endfacet
   facet normal 0.000000e+000 1.000000e+000 -6.123032e-017
      outer loop
         vertex 2.600000e+002 -1.170000e+002 1.355000e+003
         vertex 3.243198e+002 -1.170000e+002 1.402571e+003
         vertex 3.314341e+002 -1.170000e+002 1.391016e+003
      endloop
   endfacet
   facet normal 0.000000e+000 1.000000e+000 -6.123032e-017
      outer loop
         vertex 2.667845e+002 -1.170000e+002 1.434712e+003
         vertex 2.801583e+002 -1.170000e+002 1.432419e+003
         vertex 2.600000e+002 -1.170000e+002 1.355000e+003
      endloop
   endfacet
   facet normal 0.000000e+000 1.000000e+000 -6.123032e-017
      outer loop
         vertex 2.600000e+002 -1.170000e+002 1.355000e+003
         vertex 2.801583e+002 -1.170000e+002 1.432419e+003
         vertex 2.929521e+002 -1.170000e+002 1.427898e+003
      endloop
   endfacet
   facet normal 0.000000e+000 1.000000e+000 -6.123032e-017
      outer loop
         vertex 2.600000e+002 -1.170000e+002 1.355000e+003
         vertex 2.929521e+002 -1.170000e+002 1.427898e+003
         vertex 3.047980e+002 -1.170000e+002 1.421281e+003
      endloop
   endfacet
   facet normal 0.000000e+000 1.000000e+000 -6.123032e-017
      outer loop
         vertex 2.270479e+002 -1.170000e+002 1.427898e+003
         vertex 2.398418e+002 -1.170000e+002 1.432419e+003
         vertex 2.600000e+002 -1.170000e+002 1.355000e+003
      endloop
   endfacet
   facet normal 0.000000e+000 1.000000e+000 -6.123032e-017
      outer loop
         vertex 2.600000e+002 -1.170000e+002 1.355000e+003
         vertex 2.398418e+002 -1.170000e+002 1.432419e+003
         vertex 2.532155e+002 -1.170000e+002 1.434712e+003
      endloop
   endfacet
   facet normal 0.000000e+000 1.000000e+000 -6.123032e-017
      outer loop
         vertex 2.600000e+002 -1.170000e+002 1.355000e+003
         vertex 2.532155e+002 -1.170000e+002 1.434712e+003
         vertex 2.667845e+002 -1.170000e+002 1.434712e+003
      endloop
   endfacet
   facet normal 0.000000e+000 1.000000e+000 -6.123032e-017
      outer loop
         vertex 1.956802e+002 -1.170000e+002 1.402571e+003
         vertex 2.046449e+002 -1.170000e+002 1.412756e+003
         vertex 2.600000e+002 -1.170000e+002 1.355000e+003
      endloop
   endfacet
   facet normal 0.000000e+000 1.000000e+000 -6.123032e-017
      outer loop
         vertex 2.600000e+002 -1.170000e+002 1.355000e+003
         vertex 2.046449e+002 -1.170000e+002 1.412756e+003
         vertex 2.152020e+002 -1.170000e+002 1.421281e+003
      endloop
   endfacet
   facet normal 0.000000e+000 1.000000e+000 -6.123032e-017
      outer loop
         vertex 2.600000e+002 -1.170000e+002 1.355000e+003
         vertex 2.152020e+002 -1.170000e+002 1.421281e+003
         vertex 2.270479e+002 -1.170000e+002 1.427898e+003
      endloop
   endfacet
   facet normal 0.000000e+000 1.000000e+000 -6.123032e-017
      outer loop
         vertex 1.806480e+002 -1.170000e+002 1.365161e+003
         vertex 1.835067e+002 -1.170000e+002 1.378426e+003
         vertex 2.600000e+002 -1.170000e+002 1.355000e+003
      endloop
   endfacet
   facet normal 0.000000e+000 1.000000e+000 -6.123032e-017
      outer loop
         vertex 2.600000e+002 -1.170000e+002 1.355000e+003
         vertex 1.835067e+002 -1.170000e+002 1.378426e+003
         vertex 1.885659e+002 -1.170000e+002 1.391016e+003
      endloop
   endfacet
   facet normal 0.000000e+000 1.000000e+000 -6.123032e-017
      outer loop
         vertex 2.600000e+002 -1.170000e+002 1.355000e+003
         vertex 1.885659e+002 -1.170000e+002 1.391016e+003
         vertex 1.956802e+002 -1.170000e+002 1.402571e+003
      endloop
   endfacet
   facet normal 0.000000e+000 1.000000e+000 -6.123032e-017
      outer loop
         vertex 1.857689e+002 -1.170000e+002 1.325172e+003
         vertex 1.817956e+002 -1.170000e+002 1.338146e+003
         vertex 2.600000e+002 -1.170000e+002 1.355000e+003
      endloop
   endfacet
   facet normal 0.000000e+000 1.000000e+000 -6.123032e-017
      outer loop
         vertex 2.600000e+002 -1.170000e+002 1.355000e+003
         vertex 1.817956e+002 -1.170000e+002 1.338146e+003
         vertex 1.800721e+002 -1.170000e+002 1.351605e+003
      endloop
   endfacet
   facet normal 0.000000e+000 1.000000e+000 -6.123032e-017
      outer loop
         vertex 2.600000e+002 -1.170000e+002 1.355000e+003
         vertex 1.800721e+002 -1.170000e+002 1.351605e+003
         vertex 1.806480e+002 -1.170000e+002 1.365161e+003
      endloop
   endfacet
   facet normal 0.000000e+000 1.000000e+000 -6.123032e-017
      outer loop
         vertex 2.097424e+002 -1.170000e+002 1.292757e+003
         vertex 1.999462e+002 -1.170000e+002 1.302146e+003
         vertex 2.600000e+002 -1.170000e+002 1.355000e+003
      endloop
   endfacet
   facet normal 0.000000e+000 1.000000e+000 -6.123032e-017
      outer loop
         vertex 2.600000e+002 -1.170000e+002 1.355000e+003
         vertex 1.999462e+002 -1.170000e+002 1.302146e+003
         vertex 1.918777e+002 -1.170000e+002 1.313055e+003
      endloop
   endfacet
   facet normal 0.000000e+000 1.000000e+000 -6.123032e-017
      outer loop
         vertex 2.600000e+002 -1.170000e+002 1.355000e+003
         vertex 1.918777e+002 -1.170000e+002 1.313055e+003
         vertex 1.857689e+002 -1.170000e+002 1.325172e+003
      endloop
   endfacet
   facet normal 0.000000e+000 1.000000e+000 -6.123032e-017
      outer loop
         vertex 2.464799e+002 -1.170000e+002 1.276151e+003
         vertex 2.333488e+002 -1.170000e+002 1.279570e+003
         vertex 2.600000e+002 -1.170000e+002 1.355000e+003
      endloop
   endfacet
   facet normal 0.000000e+000 1.000000e+000 -6.123032e-017
      outer loop
         vertex 2.600000e+002 -1.170000e+002 1.355000e+003
         vertex 2.333488e+002 -1.170000e+002 1.279570e+003
         vertex 2.209844e+002 -1.170000e+002 1.285159e+003
      endloop
   endfacet
   facet normal 0.000000e+000 1.000000e+000 -6.123032e-017
      outer loop
         vertex 2.600000e+002 -1.170000e+002 1.355000e+003
         vertex 2.209844e+002 -1.170000e+002 1.285159e+003
         vertex 2.097424e+002 -1.170000e+002 1.292757e+003
      endloop
   endfacet
   facet normal 0.000000e+000 -1.000000e+000 0.000000e+000
      outer loop
         vertex 3.392422e+002 -1.345000e+002 1.348603e+003
         vertex 3.393131e+002 -1.345000e+002 1.344539e+003
         vertex 3.399279e+002 -1.345000e+002 1.351605e+003
      endloop
   endfacet
   facet normal 0.000000e+000 -1.000000e+000 0.000000e+000
      outer loop
         vertex 3.392422e+002 -1.345000e+002 1.348603e+003
         vertex 3.399279e+002 -1.345000e+002 1.351605e+003
         vertex 3.391544e+002 -1.345000e+002 1.362405e+003
      endloop
   endfacet
   facet normal 0.000000e+000 -1.000000e+000 0.000000e+000
      outer loop
         vertex 3.391544e+002 -1.345000e+002 1.362405e+003
         vertex 3.399279e+002 -1.345000e+002 1.351605e+003
         vertex 3.393521e+002 -1.345000e+002 1.365161e+003
      endloop
   endfacet
   facet normal 0.000000e+000 -1.000000e+000 0.000000e+000
      outer loop
         vertex 3.391544e+002 -1.345000e+002 1.362405e+003
         vertex 3.393521e+002 -1.345000e+002 1.365161e+003
         vertex 3.366809e+002 -1.345000e+002 1.375983e+003
      endloop
   endfacet
   facet normal 0.000000e+000 -1.000000e+000 0.000000e+000
      outer loop
         vertex 3.366809e+002 -1.345000e+002 1.375983e+003
         vertex 3.393521e+002 -1.345000e+002 1.365161e+003
         vertex 3.364933e+002 -1.345000e+002 1.378426e+003
      endloop
   endfacet
   facet normal 0.000000e+000 -1.000000e+000 0.000000e+000
      outer loop
         vertex 3.366809e+002 -1.345000e+002 1.375983e+003
         vertex 3.364933e+002 -1.345000e+002 1.378426e+003
         vertex 3.318964e+002 -1.345000e+002 1.388929e+003
      endloop
   endfacet
   facet normal 0.000000e+000 -1.000000e+000 0.000000e+000
      outer loop
         vertex 3.318964e+002 -1.345000e+002 1.388929e+003
         vertex 3.364933e+002 -1.345000e+002 1.378426e+003
         vertex 3.314341e+002 -1.345000e+002 1.391016e+003
      endloop
   endfacet
   facet normal 0.000000e+000 -1.000000e+000 0.000000e+000
      outer loop
         vertex 3.318964e+002 -1.345000e+002 1.388929e+003
         vertex 3.314341e+002 -1.345000e+002 1.391016e+003
         vertex 3.249449e+002 -1.345000e+002 1.400852e+003
      endloop
   endfacet
   facet normal 0.000000e+000 -1.000000e+000 0.000000e+000
      outer loop
         vertex 3.249449e+002 -1.345000e+002 1.400852e+003
         vertex 3.314341e+002 -1.345000e+002 1.391016e+003
         vertex 3.243198e+002 -1.345000e+002 1.402571e+003
      endloop
   endfacet
   facet normal 0.000000e+000 -1.000000e+000 0.000000e+000
      outer loop
         vertex 3.249449e+002 -1.345000e+002 1.400852e+003
         vertex 3.243198e+002 -1.345000e+002 1.402571e+003
         vertex 3.160359e+002 -1.345000e+002 1.411394e+003
      endloop
   endfacet
   facet normal 0.000000e+000 -1.000000e+000 0.000000e+000
      outer loop
         vertex 3.160359e+002 -1.345000e+002 1.411394e+003
         vertex 3.243198e+002 -1.345000e+002 1.402571e+003
         vertex 3.153551e+002 -1.345000e+002 1.412756e+003
      endloop
   endfacet
   facet normal 0.000000e+000 -1.000000e+000 0.000000e+000
      outer loop
         vertex 3.160359e+002 -1.345000e+002 1.411394e+003
         vertex 3.153551e+002 -1.345000e+002 1.412756e+003
         vertex 3.054381e+002 -1.345000e+002 1.420235e+003
      endloop
   endfacet
   facet normal 0.000000e+000 -1.000000e+000 0.000000e+000
      outer loop
         vertex 3.054381e+002 -1.345000e+002 1.420235e+003
         vertex 3.153551e+002 -1.345000e+002 1.412756e+003
         vertex 3.047980e+002 -1.345000e+002 1.421281e+003
      endloop
   endfacet
   facet normal 0.000000e+000 -1.000000e+000 0.000000e+000
      outer loop
         vertex 3.054381e+002 -1.345000e+002 1.420235e+003
         vertex 3.047980e+002 -1.345000e+002 1.421281e+003
         vertex 2.934708e+002 -1.345000e+002 1.427111e+003
      endloop
   endfacet
   facet normal 0.000000e+000 -1.000000e+000 0.000000e+000
      outer loop
         vertex 2.934708e+002 -1.345000e+002 1.427111e+003
         vertex 3.047980e+002 -1.345000e+002 1.421281e+003
         vertex 2.929521e+002 -1.345000e+002 1.427898e+003
      endloop
   endfacet
   facet normal 0.000000e+000 -1.000000e+000 0.000000e+000
      outer loop
         vertex 2.934708e+002 -1.345000e+002 1.427111e+003
         vertex 2.929521e+002 -1.345000e+002 1.427898e+003
         vertex 2.804947e+002 -1.345000e+002 1.431813e+003
      endloop
   endfacet
   facet normal 0.000000e+000 -1.000000e+000 0.000000e+000
      outer loop
         vertex 2.804947e+002 -1.345000e+002 1.431813e+003
         vertex 2.929521e+002 -1.345000e+002 1.427898e+003
         vertex 2.801583e+002 -1.345000e+002 1.432419e+003
      endloop
   endfacet
   facet normal 0.000000e+000 -1.000000e+000 0.000000e+000
      outer loop
         vertex 2.804947e+002 -1.345000e+002 1.431813e+003
         vertex 2.801583e+002 -1.345000e+002 1.432419e+003
         vertex 2.669009e+002 -1.345000e+002 1.434200e+003
      endloop
   endfacet
   facet normal 0.000000e+000 -1.000000e+000 0.000000e+000
      outer loop
         vertex 2.669009e+002 -1.345000e+002 1.434200e+003
         vertex 2.801583e+002 -1.345000e+002 1.432419e+003
         vertex 2.667845e+002 -1.345000e+002 1.434712e+003
      endloop
   endfacet
   facet normal 0.000000e+000 -1.000000e+000 0.000000e+000
      outer loop
         vertex 2.669009e+002 -1.345000e+002 1.434200e+003
         vertex 2.667845e+002 -1.345000e+002 1.434712e+003
         vertex 2.530991e+002 -1.345000e+002 1.434200e+003
      endloop
   endfacet
   facet normal 0.000000e+000 -1.000000e+000 0.000000e+000
      outer loop
         vertex 2.530991e+002 -1.345000e+002 1.434200e+003
         vertex 2.667845e+002 -1.345000e+002 1.434712e+003
         vertex 2.532155e+002 -1.345000e+002 1.434712e+003
      endloop
   endfacet
   facet normal 0.000000e+000 -1.000000e+000 0.000000e+000
      outer loop
         vertex 2.530991e+002 -1.345000e+002 1.434200e+003
         vertex 2.532155e+002 -1.345000e+002 1.434712e+003
         vertex 2.395053e+002 -1.345000e+002 1.431813e+003
      endloop
   endfacet
   facet normal 0.000000e+000 -1.000000e+000 0.000000e+000
      outer loop
         vertex 2.395053e+002 -1.345000e+002 1.431813e+003
         vertex 2.532155e+002 -1.345000e+002 1.434712e+003
         vertex 2.398418e+002 -1.345000e+002 1.432419e+003
      endloop
   endfacet
   facet normal 0.000000e+000 -1.000000e+000 0.000000e+000
      outer loop
         vertex 2.395053e+002 -1.345000e+002 1.431813e+003
         vertex 2.398418e+002 -1.345000e+002 1.432419e+003
         vertex 2.265292e+002 -1.345000e+002 1.427111e+003
      endloop
   endfacet
   facet normal 0.000000e+000 -1.000000e+000 0.000000e+000
      outer loop
         vertex 2.265292e+002 -1.345000e+002 1.427111e+003
         vertex 2.398418e+002 -1.345000e+002 1.432419e+003
         vertex 2.270479e+002 -1.345000e+002 1.427898e+003
      endloop
   endfacet
   facet normal 0.000000e+000 -1.000000e+000 0.000000e+000
      outer loop
         vertex 2.265292e+002 -1.345000e+002 1.427111e+003
         vertex 2.270479e+002 -1.345000e+002 1.427898e+003
         vertex 2.145619e+002 -1.345000e+002 1.420235e+003
      endloop
   endfacet
   facet normal 0.000000e+000 -1.000000e+000 0.000000e+000
      outer loop
         vertex 2.145619e+002 -1.345000e+002 1.420235e+003
         vertex 2.270479e+002 -1.345000e+002 1.427898e+003
         vertex 2.152020e+002 -1.345000e+002 1.421281e+003
      endloop
   endfacet
   facet normal 0.000000e+000 -1.000000e+000 0.000000e+000
      outer loop
         vertex 2.145619e+002 -1.345000e+002 1.420235e+003
         vertex 2.152020e+002 -1.345000e+002 1.421281e+003
         vertex 2.039641e+002 -1.345000e+002 1.411394e+003
      endloop
   endfacet
   facet normal 0.000000e+000 -1.000000e+000 0.000000e+000
      outer loop
         vertex 1.806868e+002 -1.345000e+002 1.344539e+003
         vertex 1.807578e+002 -1.345000e+002 1.348603e+003
         vertex 1.800721e+002 -1.345000e+002 1.351605e+003
      endloop
   endfacet
   facet normal 0.000000e+000 -1.000000e+000 0.000000e+000
      outer loop
         vertex 1.800721e+002 -1.345000e+002 1.351605e+003
         vertex 1.807578e+002 -1.345000e+002 1.348603e+003
         vertex 1.808456e+002 -1.345000e+002 1.362405e+003
      endloop
   endfacet
   facet normal 0.000000e+000 -1.000000e+000 0.000000e+000
      outer loop
         vertex 1.800721e+002 -1.345000e+002 1.351605e+003
         vertex 1.808456e+002 -1.345000e+002 1.362405e+003
         vertex 1.806480e+002 -1.345000e+002 1.365161e+003
      endloop
   endfacet
   facet normal 0.000000e+000 -1.000000e+000 0.000000e+000
      outer loop
         vertex 1.806480e+002 -1.345000e+002 1.365161e+003
         vertex 1.808456e+002 -1.345000e+002 1.362405e+003
         vertex 1.833190e+002 -1.345000e+002 1.375983e+003
      endloop
   endfacet
   facet normal 0.000000e+000 -1.000000e+000 0.000000e+000
      outer loop
         vertex 1.806480e+002 -1.345000e+002 1.365161e+003
         vertex 1.833190e+002 -1.345000e+002 1.375983e+003
         vertex 1.835067e+002 -1.345000e+002 1.378426e+003
      endloop
   endfacet
   facet normal 0.000000e+000 -1.000000e+000 0.000000e+000
      outer loop
         vertex 1.835067e+002 -1.345000e+002 1.378426e+003
         vertex 1.833190e+002 -1.345000e+002 1.375983e+003
         vertex 1.881037e+002 -1.345000e+002 1.388929e+003
      endloop
   endfacet
   facet normal 0.000000e+000 -1.000000e+000 0.000000e+000
      outer loop
         vertex 1.835067e+002 -1.345000e+002 1.378426e+003
         vertex 1.881037e+002 -1.345000e+002 1.388929e+003
         vertex 1.885659e+002 -1.345000e+002 1.391016e+003
      endloop
   endfacet
   facet normal 0.000000e+000 -1.000000e+000 0.000000e+000
      outer loop
         vertex 1.885659e+002 -1.345000e+002 1.391016e+003
         vertex 1.881037e+002 -1.345000e+002 1.388929e+003
         vertex 1.950552e+002 -1.345000e+002 1.400852e+003
      endloop
   endfacet
   facet normal 0.000000e+000 -1.000000e+000 0.000000e+000
      outer loop
         vertex 1.885659e+002 -1.345000e+002 1.391016e+003
         vertex 1.950552e+002 -1.345000e+002 1.400852e+003
         vertex 1.956802e+002 -1.345000e+002 1.402571e+003
      endloop
   endfacet
   facet normal 0.000000e+000 -1.000000e+000 0.000000e+000
      outer loop
         vertex 1.956802e+002 -1.345000e+002 1.402571e+003
         vertex 1.950552e+002 -1.345000e+002 1.400852e+003
         vertex 2.039641e+002 -1.345000e+002 1.411394e+003
      endloop
   endfacet
   facet normal 0.000000e+000 -1.000000e+000 0.000000e+000
      outer loop
         vertex 1.956802e+002 -1.345000e+002 1.402571e+003
         vertex 2.039641e+002 -1.345000e+002 1.411394e+003
         vertex 2.046449e+002 -1.345000e+002 1.412756e+003
      endloop
   endfacet
   facet normal 0.000000e+000 -1.000000e+000 0.000000e+000
      outer loop
         vertex 2.046449e+002 -1.345000e+002 1.412756e+003
         vertex 2.039641e+002 -1.345000e+002 1.411394e+003
         vertex 2.152020e+002 -1.345000e+002 1.421281e+003
      endloop
   endfacet
   facet normal 9.997429e-001 0.000000e+000 -2.267319e-002
      outer loop
         vertex 3.392422e+002 -2.092474e+002 1.348603e+003
         vertex 3.392422e+002 -1.345000e+002 1.348603e+003
         vertex 3.391544e+002 -1.345000e+002 1.362405e+003
      endloop
   endfacet
   facet normal -1.759471e-001 0.000000e+000 9.843996e-001
      outer loop
         vertex 2.493025e+002 -1.622977e+002 1.433777e+003
         vertex 2.493025e+002 -1.504977e+002 1.433777e+003
         vertex 2.395053e+002 -1.345000e+002 1.431813e+003
      endloop
   endfacet
   facet normal -1.696987e-001 0.000000e+000 9.854960e-001
      outer loop
         vertex 2.395053e+002 -1.345000e+002 1.431813e+003
         vertex 2.493025e+002 -1.504977e+002 1.433777e+003
         vertex 2.508025e+002 -1.489977e+002 1.433966e+003
      endloop
   endfacet
   facet normal -1.538745e-001 0.000000e+000 9.880904e-001
      outer loop
         vertex 2.395053e+002 -1.345000e+002 1.431813e+003
         vertex 2.508025e+002 -1.489977e+002 1.433966e+003
         vertex 2.530991e+002 -1.345000e+002 1.434200e+003
      endloop
   endfacet
   facet normal 1.442848e-001 0.000000e+000 9.895362e-001
      outer loop
         vertex 2.804947e+002 -1.345000e+002 1.431813e+003
         vertex 2.669009e+002 -1.345000e+002 1.434200e+003
         vertex 2.669009e+002 -1.489977e+002 1.434200e+003
      endloop
   endfacet
   facet normal 2.903195e-002 0.000000e+000 9.995785e-001
      outer loop
         vertex 2.669009e+002 -1.489977e+002 1.434200e+003
         vertex 2.669009e+002 -1.345000e+002 1.434200e+003
         vertex 2.530991e+002 -1.345000e+002 1.434200e+003
      endloop
   endfacet
   facet normal -2.903195e-002 0.000000e+000 9.995785e-001
      outer loop
         vertex 2.669009e+002 -1.489977e+002 1.434200e+003
         vertex 2.530991e+002 -1.345000e+002 1.434200e+003
         vertex 2.530991e+002 -1.489977e+002 1.434200e+003
      endloop
   endfacet
   facet normal -9.644208e-002 0.000000e+000 9.953386e-001
      outer loop
         vertex 2.530991e+002 -1.489977e+002 1.434200e+003
         vertex 2.530991e+002 -1.345000e+002 1.434200e+003
         vertex 2.508025e+002 -1.489977e+002 1.433966e+003
      endloop
   endfacet
   facet normal 9.993736e-001 0.000000e+000 3.538954e-002
      outer loop
         vertex 3.392422e+002 -2.092474e+002 1.348603e+003
         vertex 3.391544e+002 -1.345000e+002 1.362405e+003
         vertex 3.391544e+002 -2.019090e+002 1.362405e+003
      endloop
   endfacet
   facet normal 9.885984e-001 0.000000e+000 1.505761e-001
      outer loop
         vertex 3.391544e+002 -2.019090e+002 1.362405e+003
         vertex 3.391544e+002 -1.345000e+002 1.362405e+003
         vertex 3.366809e+002 -1.345000e+002 1.375983e+003
      endloop
   endfacet
   facet normal 9.781926e-001 0.000000e+000 2.077000e-001
      outer loop
         vertex 3.391544e+002 -2.019090e+002 1.362405e+003
         vertex 3.366809e+002 -1.345000e+002 1.375983e+003
         vertex 3.366809e+002 -1.946893e+002 1.375983e+003
      endloop
   endfacet
   facet normal 9.476580e-001 0.000000e+000 3.192872e-001
      outer loop
         vertex 3.366809e+002 -1.946893e+002 1.375983e+003
         vertex 3.366809e+002 -1.345000e+002 1.375983e+003
         vertex 3.318964e+002 -1.345000e+002 1.388929e+003
      endloop
   endfacet
   facet normal 9.275293e-001 0.000000e+000 3.737505e-001
      outer loop
         vertex 3.366809e+002 -1.946893e+002 1.375983e+003
         vertex 3.318964e+002 -1.345000e+002 1.388929e+003
         vertex 3.318964e+002 -1.878058e+002 1.388929e+003
      endloop
   endfacet
   facet normal 8.781556e-001 0.000000e+000 4.783750e-001
      outer loop
         vertex 3.318964e+002 -1.878058e+002 1.388929e+003
         vertex 3.318964e+002 -1.345000e+002 1.388929e+003
         vertex 3.249449e+002 -1.345000e+002 1.400852e+003
      endloop
   endfacet
   facet normal 8.489107e-001 0.000000e+000 5.285362e-001
      outer loop
         vertex 3.318964e+002 -1.878058e+002 1.388929e+003
         vertex 3.249449e+002 -1.345000e+002 1.400852e+003
         vertex 3.249449e+002 -1.814661e+002 1.400852e+003
      endloop
   endfacet
   facet normal 7.821860e-001 0.000000e+000 6.230449e-001
      outer loop
         vertex 3.249449e+002 -1.814661e+002 1.400852e+003
         vertex 3.249449e+002 -1.345000e+002 1.400852e+003
         vertex 3.160359e+002 -1.345000e+002 1.411394e+003
      endloop
   endfacet
   facet normal 7.447063e-001 0.000000e+000 6.673923e-001
      outer loop
         vertex 3.249449e+002 -1.814661e+002 1.400852e+003
         vertex 3.160359e+002 -1.345000e+002 1.411394e+003
         vertex 3.160359e+002 -1.758611e+002 1.411394e+003
      endloop
   endfacet
   facet normal 6.180569e-001 0.000000e+000 7.861333e-001
      outer loop
         vertex 3.054381e+002 -1.345000e+002 1.420235e+003
         vertex 3.054381e+002 -1.711599e+002 1.420235e+003
         vertex 3.160359e+002 -1.345000e+002 1.411394e+003
      endloop
   endfacet
   facet normal 6.406194e-001 0.000000e+000 7.678586e-001
      outer loop
         vertex 3.160359e+002 -1.345000e+002 1.411394e+003
         vertex 3.054381e+002 -1.711599e+002 1.420235e+003
         vertex 3.109292e+002 -1.733880e+002 1.416045e+003
      endloop
   endfacet
   facet normal 6.840166e-001 0.000000e+000 7.294664e-001
      outer loop
         vertex 3.160359e+002 -1.345000e+002 1.411394e+003
         vertex 3.109292e+002 -1.733880e+002 1.416045e+003
         vertex 3.160359e+002 -1.758611e+002 1.411394e+003
      endloop
   endfacet
   facet normal 3.132528e-001 0.000000e+000 9.496698e-001
      outer loop
         vertex 2.934708e+002 -1.345000e+002 1.427111e+003
         vertex 2.804947e+002 -1.345000e+002 1.431813e+003
         vertex 2.804947e+002 -1.650039e+002 1.431813e+003
      endloop
   endfacet
   facet normal 3.406915e-001 0.000000e+000 9.401751e-001
      outer loop
         vertex 2.804947e+002 -1.650039e+002 1.431813e+003
         vertex 2.870850e+002 -1.661040e+002 1.429744e+003
         vertex 2.934708e+002 -1.345000e+002 1.427111e+003
      endloop
   endfacet
   facet normal 3.945724e-001 0.000000e+000 9.188648e-001
      outer loop
         vertex 2.934708e+002 -1.345000e+002 1.427111e+003
         vertex 2.870850e+002 -1.661040e+002 1.429744e+003
         vertex 2.934708e+002 -1.675041e+002 1.427111e+003
      endloop
   endfacet
   facet normal 4.727796e-001 0.000000e+000 8.811808e-001
      outer loop
         vertex 2.934708e+002 -1.345000e+002 1.427111e+003
         vertex 2.934708e+002 -1.675041e+002 1.427111e+003
         vertex 3.054381e+002 -1.345000e+002 1.420235e+003
      endloop
   endfacet
   facet normal 4.981626e-001 0.000000e+000 8.670837e-001
      outer loop
         vertex 3.054381e+002 -1.345000e+002 1.420235e+003
         vertex 2.934708e+002 -1.675041e+002 1.427111e+003
         vertex 2.996039e+002 -1.691936e+002 1.423933e+003
      endloop
   endfacet
   facet normal 5.475459e-001 0.000000e+000 8.367757e-001
      outer loop
         vertex 3.054381e+002 -1.345000e+002 1.420235e+003
         vertex 2.996039e+002 -1.691936e+002 1.423933e+003
         vertex 3.054381e+002 -1.711599e+002 1.420235e+003
      endloop
   endfacet
   facet normal 1.538745e-001 0.000000e+000 9.880904e-001
      outer loop
         vertex 2.669009e+002 -1.489977e+002 1.434200e+003
         vertex 2.691975e+002 -1.489977e+002 1.433966e+003
         vertex 2.804947e+002 -1.345000e+002 1.431813e+003
      endloop
   endfacet
   facet normal 1.696988e-001 0.000000e+000 9.854960e-001
      outer loop
         vertex 2.804947e+002 -1.345000e+002 1.431813e+003
         vertex 2.691975e+002 -1.489977e+002 1.433966e+003
         vertex 2.706975e+002 -1.504977e+002 1.433777e+003
      endloop
   endfacet
   facet normal 2.170979e-001 0.000000e+000 9.761499e-001
      outer loop
         vertex 2.804947e+002 -1.345000e+002 1.431813e+003
         vertex 2.706975e+002 -1.504977e+002 1.433777e+003
         vertex 2.804947e+002 -1.650039e+002 1.431813e+003
      endloop
   endfacet
   facet normal 1.759471e-001 0.000000e+000 9.843996e-001
      outer loop
         vertex 2.804947e+002 -1.650039e+002 1.431813e+003
         vertex 2.706975e+002 -1.504977e+002 1.433777e+003
         vertex 2.706975e+002 -1.622977e+002 1.433777e+003
      endloop
   endfacet
   facet normal 1.886963e-001 0.000000e+000 9.820355e-001
      outer loop
         vertex 2.804947e+002 -1.650039e+002 1.431813e+003
         vertex 2.706975e+002 -1.622977e+002 1.433777e+003
         vertex 2.737497e+002 -1.642122e+002 1.433302e+003
      endloop
   endfacet
   facet normal 1.423626e-001 0.000000e+000 9.898146e-001
      outer loop
         vertex 2.737497e+002 -1.642122e+002 1.433302e+003
         vertex 2.706975e+002 -1.622977e+002 1.433777e+003
         vertex 2.694975e+002 -1.634976e+002 1.433931e+003
      endloop
   endfacet
   facet normal 1.264882e-001 0.000000e+000 9.919681e-001
      outer loop
         vertex 2.737497e+002 -1.642122e+002 1.433302e+003
         vertex 2.694975e+002 -1.634976e+002 1.433931e+003
         vertex 2.669009e+002 -1.637347e+002 1.434200e+003
      endloop
   endfacet
   facet normal 9.770261e-002 0.000000e+000 9.952157e-001
      outer loop
         vertex 2.669009e+002 -1.637347e+002 1.434200e+003
         vertex 2.694975e+002 -1.634976e+002 1.433931e+003
         vertex 2.669009e+002 -1.634976e+002 1.434200e+003
      endloop
   endfacet
   facet normal 5.791774e-002 0.000000e+000 9.983214e-001
      outer loop
         vertex 2.669009e+002 -1.637347e+002 1.434200e+003
         vertex 2.669009e+002 -1.634976e+002 1.434200e+003
         vertex 2.600000e+002 -1.635752e+002 1.434500e+003
      endloop
   endfacet
   facet normal 0.000000e+000 0.000000e+000 1.000000e+000
      outer loop
         vertex 2.600000e+002 -1.635752e+002 1.434500e+003
         vertex 2.669009e+002 -1.634976e+002 1.434200e+003
         vertex 2.530991e+002 -1.634976e+002 1.434200e+003
      endloop
   endfacet
   facet normal -5.791774e-002 0.000000e+000 9.983214e-001
      outer loop
         vertex 2.600000e+002 -1.635752e+002 1.434500e+003
         vertex 2.530991e+002 -1.634976e+002 1.434200e+003
         vertex 2.530991e+002 -1.637347e+002 1.434200e+003
      endloop
   endfacet
   facet normal -9.770261e-002 0.000000e+000 9.952157e-001
      outer loop
         vertex 2.530991e+002 -1.637347e+002 1.434200e+003
         vertex 2.530991e+002 -1.634976e+002 1.434200e+003
         vertex 2.505025e+002 -1.634976e+002 1.433931e+003
      endloop
   endfacet
   facet normal -1.264882e-001 0.000000e+000 9.919681e-001
      outer loop
         vertex 2.530991e+002 -1.637347e+002 1.434200e+003
         vertex 2.505025e+002 -1.634976e+002 1.433931e+003
         vertex 2.462503e+002 -1.642122e+002 1.433302e+003
      endloop
   endfacet
   facet normal -1.423626e-001 0.000000e+000 9.898146e-001
      outer loop
         vertex 2.462503e+002 -1.642122e+002 1.433302e+003
         vertex 2.505025e+002 -1.634976e+002 1.433931e+003
         vertex 2.493025e+002 -1.622977e+002 1.433777e+003
      endloop
   endfacet
   facet normal -1.886963e-001 0.000000e+000 9.820355e-001
      outer loop
         vertex 2.462503e+002 -1.642122e+002 1.433302e+003
         vertex 2.493025e+002 -1.622977e+002 1.433777e+003
         vertex 2.395053e+002 -1.650039e+002 1.431813e+003
      endloop
   endfacet
   facet normal -2.170979e-001 0.000000e+000 9.761499e-001
      outer loop
         vertex 2.395053e+002 -1.650039e+002 1.431813e+003
         vertex 2.493025e+002 -1.622977e+002 1.433777e+003
         vertex 2.395053e+002 -1.345000e+002 1.431813e+003
      endloop
   endfacet
   facet normal -2.856668e-001 0.000000e+000 9.583290e-001
      outer loop
         vertex 2.395053e+002 -1.650039e+002 1.431813e+003
         vertex 2.395053e+002 -1.345000e+002 1.431813e+003
         vertex 2.329150e+002 -1.661040e+002 1.429744e+003
      endloop
   endfacet
   facet normal -3.406915e-001 0.000000e+000 9.401751e-001
      outer loop
         vertex 2.329150e+002 -1.661040e+002 1.429744e+003
         vertex 2.395053e+002 -1.345000e+002 1.431813e+003
         vertex 2.265292e+002 -1.345000e+002 1.427111e+003
      endloop
   endfacet
   facet normal -3.945724e-001 0.000000e+000 9.188648e-001
      outer loop
         vertex 2.329150e+002 -1.661040e+002 1.429744e+003
         vertex 2.265292e+002 -1.345000e+002 1.427111e+003
         vertex 2.265292e+002 -1.675041e+002 1.427111e+003
      endloop
   endfacet
   facet normal -4.471069e-001 0.000000e+000 8.944805e-001
      outer loop
         vertex 2.265292e+002 -1.675041e+002 1.427111e+003
         vertex 2.265292e+002 -1.345000e+002 1.427111e+003
         vertex 2.203961e+002 -1.691936e+002 1.423933e+003
      endloop
   endfacet
   facet normal -4.981626e-001 0.000000e+000 8.670837e-001
      outer loop
         vertex 2.203961e+002 -1.691936e+002 1.423933e+003
         vertex 2.265292e+002 -1.345000e+002 1.427111e+003
         vertex 2.145619e+002 -1.345000e+002 1.420235e+003
      endloop
   endfacet
   facet normal -5.475459e-001 0.000000e+000 8.367757e-001
      outer loop
         vertex 2.203961e+002 -1.691936e+002 1.423933e+003
         vertex 2.145619e+002 -1.345000e+002 1.420235e+003
         vertex 2.145619e+002 -1.711599e+002 1.420235e+003
      endloop
   endfacet
   facet normal -5.950713e-001 0.000000e+000 8.036729e-001
      outer loop
         vertex 2.145619e+002 -1.711599e+002 1.420235e+003
         vertex 2.145619e+002 -1.345000e+002 1.420235e+003
         vertex 2.090708e+002 -1.733880e+002 1.416045e+003
      endloop
   endfacet
   facet normal -6.406194e-001 0.000000e+000 7.678586e-001
      outer loop
         vertex 2.090708e+002 -1.733880e+002 1.416045e+003
         vertex 2.145619e+002 -1.345000e+002 1.420235e+003
         vertex 2.039641e+002 -1.345000e+002 1.411394e+003
      endloop
   endfacet
   facet normal -6.840166e-001 0.000000e+000 7.294664e-001
      outer loop
         vertex 2.090708e+002 -1.733880e+002 1.416045e+003
         vertex 2.039641e+002 -1.345000e+002 1.411394e+003
         vertex 2.039641e+002 -1.758611e+002 1.411394e+003
      endloop
   endfacet
   facet normal -7.447064e-001 0.000000e+000 6.673922e-001
      outer loop
         vertex 2.039641e+002 -1.758611e+002 1.411394e+003
         vertex 2.039641e+002 -1.345000e+002 1.411394e+003
         vertex 1.950552e+002 -1.345000e+002 1.400852e+003
      endloop
   endfacet
   facet normal -7.821860e-001 0.000000e+000 6.230449e-001
      outer loop
         vertex 2.039641e+002 -1.758611e+002 1.411394e+003
         vertex 1.950552e+002 -1.345000e+002 1.400852e+003
         vertex 1.950552e+002 -1.814661e+002 1.400852e+003
      endloop
   endfacet
   facet normal -8.489107e-001 0.000000e+000 5.285363e-001
      outer loop
         vertex 1.950552e+002 -1.814661e+002 1.400852e+003
         vertex 1.950552e+002 -1.345000e+002 1.400852e+003
         vertex 1.881037e+002 -1.345000e+002 1.388929e+003
      endloop
   endfacet
   facet normal -8.781556e-001 0.000000e+000 4.783750e-001
      outer loop
         vertex 1.950552e+002 -1.814661e+002 1.400852e+003
         vertex 1.881037e+002 -1.345000e+002 1.388929e+003
         vertex 1.881037e+002 -1.878058e+002 1.388929e+003
      endloop
   endfacet
   facet normal -9.275293e-001 0.000000e+000 3.737505e-001
      outer loop
         vertex 1.881037e+002 -1.878058e+002 1.388929e+003
         vertex 1.881037e+002 -1.345000e+002 1.388929e+003
         vertex 1.833190e+002 -1.345000e+002 1.375983e+003
      endloop
   endfacet
   facet normal -9.476580e-001 0.000000e+000 3.192872e-001
      outer loop
         vertex 1.881037e+002 -1.878058e+002 1.388929e+003
         vertex 1.833190e+002 -1.345000e+002 1.375983e+003
         vertex 1.833190e+002 -1.946893e+002 1.375983e+003
      endloop
   endfacet
   facet normal -9.781926e-001 0.000000e+000 2.077000e-001
      outer loop
         vertex 1.833190e+002 -1.946893e+002 1.375983e+003
         vertex 1.833190e+002 -1.345000e+002 1.375983e+003
         vertex 1.808456e+002 -1.345000e+002 1.362405e+003
      endloop
   endfacet
   facet normal -9.885984e-001 0.000000e+000 1.505761e-001
      outer loop
         vertex 1.833190e+002 -1.946893e+002 1.375983e+003
         vertex 1.808456e+002 -1.345000e+002 1.362405e+003
         vertex 1.808456e+002 -2.019090e+002 1.362405e+003
      endloop
   endfacet
   facet normal -9.993736e-001 0.000000e+000 3.538954e-002
      outer loop
         vertex 1.808456e+002 -2.019090e+002 1.362405e+003
         vertex 1.808456e+002 -1.345000e+002 1.362405e+003
         vertex 1.807578e+002 -1.345000e+002 1.348603e+003
      endloop
   endfacet
   facet normal -9.997429e-001 0.000000e+000 -2.267319e-002
      outer loop
         vertex 1.808456e+002 -2.019090e+002 1.362405e+003
         vertex 1.807578e+002 -1.345000e+002 1.348603e+003
         vertex 1.807578e+002 -2.092474e+002 1.348603e+003
      endloop
   endfacet
   facet normal 0.000000e+000 -8.829476e-001 4.694716e-001
      outer loop
         vertex 3.392422e+002 -2.092474e+002 1.348603e+003
         vertex 3.391544e+002 -2.019090e+002 1.362405e+003
         vertex 3.229959e+002 -1.985832e+002 1.368660e+003
      endloop
   endfacet
   facet normal 0.000000e+000 -8.829476e-001 4.694716e-001
      outer loop
         vertex 2.217354e+002 -2.473317e+002 1.276977e+003
         vertex 2.202218e+002 -2.465269e+002 1.278490e+003
         vertex 1.927841e+002 -2.473317e+002 1.276977e+003
      endloop
   endfacet
   facet normal 0.000000e+000 -8.829476e-001 4.694716e-001
      outer loop
         vertex 1.927841e+002 -2.473317e+002 1.276977e+003
         vertex 2.202218e+002 -2.465269e+002 1.278490e+003
         vertex 2.118993e+002 -2.358437e+002 1.298583e+003
      endloop
   endfacet
   facet normal 0.000000e+000 -8.829476e-001 4.694716e-001
      outer loop
         vertex 1.833190e+002 -1.946893e+002 1.375983e+003
         vertex 1.970040e+002 -1.985832e+002 1.368660e+003
         vertex 1.881037e+002 -1.878058e+002 1.388929e+003
      endloop
   endfacet
   facet normal 0.000000e+000 -8.829476e-001 4.694716e-001
      outer loop
         vertex 1.881037e+002 -1.878058e+002 1.388929e+003
         vertex 1.970040e+002 -1.985832e+002 1.368660e+003
         vertex 2.049355e+002 -1.863354e+002 1.391694e+003
      endloop
   endfacet
   facet normal 0.000000e+000 -8.829476e-001 4.694716e-001
      outer loop
         vertex 3.392422e+002 -2.092474e+002 1.348603e+003
         vertex 3.229959e+002 -1.985832e+002 1.368660e+003
         vertex 3.395603e+002 -2.189356e+002 1.330382e+003
      endloop
   endfacet
   facet normal 0.000000e+000 -8.829476e-001 4.694716e-001
      outer loop
         vertex 3.395603e+002 -2.189356e+002 1.330382e+003
         vertex 3.229959e+002 -1.985832e+002 1.368660e+003
         vertex 3.081007e+002 -2.358437e+002 1.298583e+003
      endloop
   endfacet
   facet normal 0.000000e+000 -8.829476e-001 4.694716e-001
      outer loop
         vertex 3.395603e+002 -2.189356e+002 1.330382e+003
         vertex 3.081007e+002 -2.358437e+002 1.298583e+003
         vertex 3.272159e+002 -2.473317e+002 1.276977e+003
      endloop
   endfacet
   facet normal 0.000000e+000 -8.829476e-001 4.694716e-001
      outer loop
         vertex 3.272159e+002 -2.473317e+002 1.276977e+003
         vertex 3.081007e+002 -2.358437e+002 1.298583e+003
         vertex 2.997782e+002 -2.465269e+002 1.278490e+003
      endloop
   endfacet
   facet normal 0.000000e+000 -8.829476e-001 4.694716e-001
      outer loop
         vertex 3.272159e+002 -2.473317e+002 1.276977e+003
         vertex 2.997782e+002 -2.465269e+002 1.278490e+003
         vertex 2.982646e+002 -2.473317e+002 1.276977e+003
      endloop
   endfacet
   facet normal 0.000000e+000 -8.829476e-001 4.694716e-001
      outer loop
         vertex 1.833190e+002 -1.946893e+002 1.375983e+003
         vertex 1.808456e+002 -2.019090e+002 1.362405e+003
         vertex 1.970040e+002 -1.985832e+002 1.368660e+003
      endloop
   endfacet
   facet normal 0.000000e+000 -8.829476e-001 4.694716e-001
      outer loop
         vertex 1.970040e+002 -1.985832e+002 1.368660e+003
         vertex 1.808456e+002 -2.019090e+002 1.362405e+003
         vertex 1.807578e+002 -2.092474e+002 1.348603e+003
      endloop
   endfacet
   facet normal 0.000000e+000 -8.829476e-001 4.694716e-001
      outer loop
         vertex 1.970040e+002 -1.985832e+002 1.368660e+003
         vertex 1.807578e+002 -2.092474e+002 1.348603e+003
         vertex 2.118993e+002 -2.358437e+002 1.298583e+003
      endloop
   endfacet
   facet normal 0.000000e+000 -8.829476e-001 4.694716e-001
      outer loop
         vertex 2.118993e+002 -2.358437e+002 1.298583e+003
         vertex 1.807578e+002 -2.092474e+002 1.348603e+003
         vertex 1.804397e+002 -2.189356e+002 1.330382e+003
      endloop
   endfacet
   facet normal 0.000000e+000 -8.829476e-001 4.694716e-001
      outer loop
         vertex 2.118993e+002 -2.358437e+002 1.298583e+003
         vertex 1.804397e+002 -2.189356e+002 1.330382e+003
         vertex 1.927841e+002 -2.473317e+002 1.276977e+003
      endloop
   endfacet
   facet normal 0.000000e+000 -8.829476e-001 4.694716e-001
      outer loop
         vertex 3.391544e+002 -2.019090e+002 1.362405e+003
         vertex 3.366809e+002 -1.946893e+002 1.375983e+003
         vertex 3.229959e+002 -1.985832e+002 1.368660e+003
      endloop
   endfacet
   facet normal 0.000000e+000 -8.829476e-001 4.694716e-001
      outer loop
         vertex 3.229959e+002 -1.985832e+002 1.368660e+003
         vertex 3.366809e+002 -1.946893e+002 1.375983e+003
         vertex 3.318964e+002 -1.878058e+002 1.388929e+003
      endloop
   endfacet
   facet normal 0.000000e+000 -8.829476e-001 4.694716e-001
      outer loop
         vertex 3.229959e+002 -1.985832e+002 1.368660e+003
         vertex 3.318964e+002 -1.878058e+002 1.388929e+003
         vertex 3.150645e+002 -1.863354e+002 1.391694e+003
      endloop
   endfacet
   facet normal 0.000000e+000 -8.829476e-001 4.694716e-001
      outer loop
         vertex 3.150645e+002 -1.863354e+002 1.391694e+003
         vertex 3.318964e+002 -1.878058e+002 1.388929e+003
         vertex 3.249449e+002 -1.814661e+002 1.400852e+003
      endloop
   endfacet
   facet normal 0.000000e+000 -8.829476e-001 4.694716e-001
      outer loop
         vertex 3.150645e+002 -1.863354e+002 1.391694e+003
         vertex 3.249449e+002 -1.814661e+002 1.400852e+003
         vertex 3.083423e+002 -1.818214e+002 1.400184e+003
      endloop
   endfacet
   facet normal 0.000000e+000 -8.829476e-001 4.694716e-001
      outer loop
         vertex 3.083423e+002 -1.818214e+002 1.400184e+003
         vertex 3.249449e+002 -1.814661e+002 1.400852e+003
         vertex 3.160359e+002 -1.758611e+002 1.411394e+003
      endloop
   endfacet
   facet normal 0.000000e+000 -8.829476e-001 4.694716e-001
      outer loop
         vertex 3.083423e+002 -1.818214e+002 1.400184e+003
         vertex 3.160359e+002 -1.758611e+002 1.411394e+003
         vertex 3.003255e+002 -1.779508e+002 1.407463e+003
      endloop
   endfacet
   facet normal 0.000000e+000 -8.829476e-001 4.694716e-001
      outer loop
         vertex 2.287712e+002 -1.748272e+002 1.413338e+003
         vertex 2.145619e+002 -1.711599e+002 1.420235e+003
         vertex 2.196745e+002 -1.779508e+002 1.407463e+003
      endloop
   endfacet
   facet normal 0.000000e+000 -8.829476e-001 4.694716e-001
      outer loop
         vertex 2.196745e+002 -1.779508e+002 1.407463e+003
         vertex 2.145619e+002 -1.711599e+002 1.420235e+003
         vertex 2.090708e+002 -1.733880e+002 1.416045e+003
      endloop
   endfacet
   facet normal 0.000000e+000 -8.829476e-001 4.694716e-001
      outer loop
         vertex 2.196745e+002 -1.779508e+002 1.407463e+003
         vertex 2.090708e+002 -1.733880e+002 1.416045e+003
         vertex 2.116577e+002 -1.818214e+002 1.400184e+003
      endloop
   endfacet
   facet normal 0.000000e+000 -8.829476e-001 4.694716e-001
      outer loop
         vertex 2.116577e+002 -1.818214e+002 1.400184e+003
         vertex 2.090708e+002 -1.733880e+002 1.416045e+003
         vertex 2.039641e+002 -1.758611e+002 1.411394e+003
      endloop
   endfacet
   facet normal 0.000000e+000 -8.829476e-001 4.694716e-001
      outer loop
         vertex 2.116577e+002 -1.818214e+002 1.400184e+003
         vertex 2.039641e+002 -1.758611e+002 1.411394e+003
         vertex 2.049355e+002 -1.863354e+002 1.391694e+003
      endloop
   endfacet
   facet normal 0.000000e+000 -8.829476e-001 4.694716e-001
      outer loop
         vertex 2.049355e+002 -1.863354e+002 1.391694e+003
         vertex 2.039641e+002 -1.758611e+002 1.411394e+003
         vertex 1.950552e+002 -1.814661e+002 1.400852e+003
      endloop
   endfacet
   facet normal 0.000000e+000 -8.829476e-001 4.694716e-001
      outer loop
         vertex 2.049355e+002 -1.863354e+002 1.391694e+003
         vertex 1.950552e+002 -1.814661e+002 1.400852e+003
         vertex 1.881037e+002 -1.878058e+002 1.388929e+003
      endloop
   endfacet
   facet normal 0.000000e+000 -8.829476e-001 4.694716e-001
      outer loop
         vertex 3.160359e+002 -1.758611e+002 1.411394e+003
         vertex 3.109292e+002 -1.733880e+002 1.416045e+003
         vertex 3.003255e+002 -1.779508e+002 1.407463e+003
      endloop
   endfacet
   facet normal 0.000000e+000 -8.829476e-001 4.694716e-001
      outer loop
         vertex 3.003255e+002 -1.779508e+002 1.407463e+003
         vertex 3.109292e+002 -1.733880e+002 1.416045e+003
         vertex 3.054381e+002 -1.711599e+002 1.420235e+003
      endloop
   endfacet
   facet normal 0.000000e+000 -8.829476e-001 4.694716e-001
      outer loop
         vertex 3.003255e+002 -1.779508e+002 1.407463e+003
         vertex 3.054381e+002 -1.711599e+002 1.420235e+003
         vertex 2.912288e+002 -1.748272e+002 1.413338e+003
      endloop
   endfacet
   facet normal 0.000000e+000 -8.829476e-001 4.694716e-001
      outer loop
         vertex 2.912288e+002 -1.748272e+002 1.413338e+003
         vertex 3.054381e+002 -1.711599e+002 1.420235e+003
         vertex 2.996039e+002 -1.691936e+002 1.423933e+003
      endloop
   endfacet
   facet normal 0.000000e+000 -8.829476e-001 4.694716e-001
      outer loop
         vertex 2.912288e+002 -1.748272e+002 1.413338e+003
         vertex 2.996039e+002 -1.691936e+002 1.423933e+003
         vertex 2.863506e+002 -1.735726e+002 1.415698e+003
      endloop
   endfacet
   facet normal 0.000000e+000 -8.829476e-001 4.694716e-001
      outer loop
         vertex 2.863506e+002 -1.735726e+002 1.415698e+003
         vertex 2.996039e+002 -1.691936e+002 1.423933e+003
         vertex 2.934708e+002 -1.675041e+002 1.427111e+003
      endloop
   endfacet
   facet normal 0.000000e+000 -8.829476e-001 4.694716e-001
      outer loop
         vertex 2.863506e+002 -1.735726e+002 1.415698e+003
         vertex 2.934708e+002 -1.675041e+002 1.427111e+003
         vertex 2.812958e+002 -1.725343e+002 1.417650e+003
      endloop
   endfacet
   facet normal 0.000000e+000 -8.829476e-001 4.694716e-001
      outer loop
         vertex 2.812958e+002 -1.725343e+002 1.417650e+003
         vertex 2.934708e+002 -1.675041e+002 1.427111e+003
         vertex 2.870850e+002 -1.661040e+002 1.429744e+003
      endloop
   endfacet
   facet normal 0.000000e+000 -8.829476e-001 4.694716e-001
      outer loop
         vertex 2.812958e+002 -1.725343e+002 1.417650e+003
         vertex 2.870850e+002 -1.661040e+002 1.429744e+003
         vertex 2.760981e+002 -1.717195e+002 1.419183e+003
      endloop
   endfacet
   facet normal 0.000000e+000 -8.829476e-001 4.694716e-001
      outer loop
         vertex 2.760981e+002 -1.717195e+002 1.419183e+003
         vertex 2.870850e+002 -1.661040e+002 1.429744e+003
         vertex 2.804947e+002 -1.650039e+002 1.431813e+003
      endloop
   endfacet
   facet normal 0.000000e+000 -8.829476e-001 4.694716e-001
      outer loop
         vertex 2.760981e+002 -1.717195e+002 1.419183e+003
         vertex 2.804947e+002 -1.650039e+002 1.431813e+003
         vertex 2.707924e+002 -1.711336e+002 1.420285e+003
      endloop
   endfacet
   facet normal 0.000000e+000 -8.829476e-001 4.694716e-001
      outer loop
         vertex 2.707924e+002 -1.711336e+002 1.420285e+003
         vertex 2.804947e+002 -1.650039e+002 1.431813e+003
         vertex 2.737497e+002 -1.642122e+002 1.433302e+003
      endloop
   endfacet
   facet normal 0.000000e+000 -8.829476e-001 4.694716e-001
      outer loop
         vertex 2.707924e+002 -1.711336e+002 1.420285e+003
         vertex 2.737497e+002 -1.642122e+002 1.433302e+003
         vertex 2.654144e+002 -1.707805e+002 1.420949e+003
      endloop
   endfacet
   facet normal 0.000000e+000 -8.829476e-001 4.694716e-001
      outer loop
         vertex 2.654144e+002 -1.707805e+002 1.420949e+003
         vertex 2.737497e+002 -1.642122e+002 1.433302e+003
         vertex 2.669009e+002 -1.637347e+002 1.434200e+003
      endloop
   endfacet
   facet normal 0.000000e+000 -8.829476e-001 4.694716e-001
      outer loop
         vertex 2.654144e+002 -1.707805e+002 1.420949e+003
         vertex 2.669009e+002 -1.637347e+002 1.434200e+003
         vertex 2.600000e+002 -1.706625e+002 1.421171e+003
      endloop
   endfacet
   facet normal 0.000000e+000 -8.829476e-001 4.694716e-001
      outer loop
         vertex 2.600000e+002 -1.706625e+002 1.421171e+003
         vertex 2.669009e+002 -1.637347e+002 1.434200e+003
         vertex 2.600000e+002 -1.635752e+002 1.434500e+003
      endloop
   endfacet
   facet normal 0.000000e+000 -8.829476e-001 4.694716e-001
      outer loop
         vertex 2.600000e+002 -1.706625e+002 1.421171e+003
         vertex 2.600000e+002 -1.635752e+002 1.434500e+003
         vertex 2.545856e+002 -1.707805e+002 1.420949e+003
      endloop
   endfacet
   facet normal 0.000000e+000 -8.829476e-001 4.694716e-001
      outer loop
         vertex 2.545856e+002 -1.707805e+002 1.420949e+003
         vertex 2.600000e+002 -1.635752e+002 1.434500e+003
         vertex 2.530991e+002 -1.637347e+002 1.434200e+003
      endloop
   endfacet
   facet normal 0.000000e+000 -8.829476e-001 4.694716e-001
      outer loop
         vertex 2.545856e+002 -1.707805e+002 1.420949e+003
         vertex 2.530991e+002 -1.637347e+002 1.434200e+003
         vertex 2.492076e+002 -1.711336e+002 1.420285e+003
      endloop
   endfacet
   facet normal 0.000000e+000 -8.829476e-001 4.694716e-001
      outer loop
         vertex 2.492076e+002 -1.711336e+002 1.420285e+003
         vertex 2.530991e+002 -1.637347e+002 1.434200e+003
         vertex 2.462503e+002 -1.642122e+002 1.433302e+003
      endloop
   endfacet
   facet normal 0.000000e+000 -8.829476e-001 4.694716e-001
      outer loop
         vertex 2.492076e+002 -1.711336e+002 1.420285e+003
         vertex 2.462503e+002 -1.642122e+002 1.433302e+003
         vertex 2.439019e+002 -1.717195e+002 1.419183e+003
      endloop
   endfacet
   facet normal 0.000000e+000 -8.829476e-001 4.694716e-001
      outer loop
         vertex 2.439019e+002 -1.717195e+002 1.419183e+003
         vertex 2.462503e+002 -1.642122e+002 1.433302e+003
         vertex 2.395053e+002 -1.650039e+002 1.431813e+003
      endloop
   endfacet
   facet normal 0.000000e+000 -8.829476e-001 4.694716e-001
      outer loop
         vertex 2.439019e+002 -1.717195e+002 1.419183e+003
         vertex 2.395053e+002 -1.650039e+002 1.431813e+003
         vertex 2.387042e+002 -1.725343e+002 1.417650e+003
      endloop
   endfacet
   facet normal 0.000000e+000 -8.829476e-001 4.694716e-001
      outer loop
         vertex 2.387042e+002 -1.725343e+002 1.417650e+003
         vertex 2.395053e+002 -1.650039e+002 1.431813e+003
         vertex 2.329150e+002 -1.661040e+002 1.429744e+003
      endloop
   endfacet
   facet normal 0.000000e+000 -8.829476e-001 4.694716e-001
      outer loop
         vertex 2.387042e+002 -1.725343e+002 1.417650e+003
         vertex 2.329150e+002 -1.661040e+002 1.429744e+003
         vertex 2.336494e+002 -1.735726e+002 1.415698e+003
      endloop
   endfacet
   facet normal 0.000000e+000 -8.829476e-001 4.694716e-001
      outer loop
         vertex 2.336494e+002 -1.735726e+002 1.415698e+003
         vertex 2.329150e+002 -1.661040e+002 1.429744e+003
         vertex 2.265292e+002 -1.675041e+002 1.427111e+003
      endloop
   endfacet
   facet normal 0.000000e+000 -8.829476e-001 4.694716e-001
      outer loop
         vertex 2.336494e+002 -1.735726e+002 1.415698e+003
         vertex 2.265292e+002 -1.675041e+002 1.427111e+003
         vertex 2.287712e+002 -1.748272e+002 1.413338e+003
      endloop
   endfacet
   facet normal 0.000000e+000 -8.829476e-001 4.694716e-001
      outer loop
         vertex 2.287712e+002 -1.748272e+002 1.413338e+003
         vertex 2.265292e+002 -1.675041e+002 1.427111e+003
         vertex 2.203961e+002 -1.691936e+002 1.423933e+003
      endloop
   endfacet
   facet normal 0.000000e+000 -8.829476e-001 4.694716e-001
      outer loop
         vertex 2.287712e+002 -1.748272e+002 1.413338e+003
         vertex 2.203961e+002 -1.691936e+002 1.423933e+003
         vertex 2.145619e+002 -1.711599e+002 1.420235e+003
      endloop
   endfacet
   facet normal 0.000000e+000 -9.563048e-001 2.923717e-001
      outer loop
         vertex 2.020346e+002 -2.619503e+002 1.229162e+003
         vertex 3.179655e+002 -2.619503e+002 1.229162e+003
         vertex 2.698336e+002 -2.529157e+002 1.258712e+003
      endloop
   endfacet
   facet normal 0.000000e+000 -9.563048e-001 2.923717e-001
      outer loop
         vertex 3.272159e+002 -2.473317e+002 1.276977e+003
         vertex 2.982646e+002 -2.473317e+002 1.276977e+003
         vertex 3.179655e+002 -2.619503e+002 1.229162e+003
      endloop
   endfacet
   facet normal 0.000000e+000 -9.563048e-001 2.923717e-001
      outer loop
         vertex 3.179655e+002 -2.619503e+002 1.229162e+003
         vertex 2.982646e+002 -2.473317e+002 1.276977e+003
         vertex 2.871888e+002 -2.507179e+002 1.265901e+003
      endloop
   endfacet
   facet normal 0.000000e+000 -9.563048e-001 2.923717e-001
      outer loop
         vertex 3.179655e+002 -2.619503e+002 1.229162e+003
         vertex 2.871888e+002 -2.507179e+002 1.265901e+003
         vertex 2.698336e+002 -2.529157e+002 1.258712e+003
      endloop
   endfacet
   facet normal 0.000000e+000 -9.563048e-001 2.923717e-001
      outer loop
         vertex 2.217354e+002 -2.473317e+002 1.276977e+003
         vertex 1.927841e+002 -2.473317e+002 1.276977e+003
         vertex 2.328113e+002 -2.507179e+002 1.265901e+003
      endloop
   endfacet
   facet normal 0.000000e+000 -9.563048e-001 2.923717e-001
      outer loop
         vertex 2.328113e+002 -2.507179e+002 1.265901e+003
         vertex 1.927841e+002 -2.473317e+002 1.276977e+003
         vertex 2.020346e+002 -2.619503e+002 1.229162e+003
      endloop
   endfacet
   facet normal 0.000000e+000 -9.563048e-001 2.923717e-001
      outer loop
         vertex 2.328113e+002 -2.507179e+002 1.265901e+003
         vertex 2.020346e+002 -2.619503e+002 1.229162e+003
         vertex 2.501664e+002 -2.529157e+002 1.258712e+003
      endloop
   endfacet
   facet normal 0.000000e+000 -9.563048e-001 2.923717e-001
      outer loop
         vertex 2.501664e+002 -2.529157e+002 1.258712e+003
         vertex 2.020346e+002 -2.619503e+002 1.229162e+003
         vertex 2.698336e+002 -2.529157e+002 1.258712e+003
      endloop
   endfacet
   facet normal 0.000000e+000 -9.986295e-001 5.233596e-002
      outer loop
         vertex 3.177154e+002 -2.755000e+002 1.109292e+003
         vertex 3.169366e+002 -2.722915e+002 1.170514e+003
         vertex 2.022845e+002 -2.755000e+002 1.109292e+003
      endloop
   endfacet
   facet normal 0.000000e+000 -9.986295e-001 5.233596e-002
      outer loop
         vertex 2.022845e+002 -2.755000e+002 1.109292e+003
         vertex 3.169366e+002 -2.722915e+002 1.170514e+003
         vertex 2.030634e+002 -2.722915e+002 1.170514e+003
      endloop
   endfacet
   facet normal 0.000000e+000 -9.848078e-001 1.736482e-001
      outer loop
         vertex 2.310000e+002 -2.649479e+002 1.212162e+003
         vertex 2.890000e+002 -2.649479e+002 1.212162e+003
         vertex 3.179655e+002 -2.619503e+002 1.229162e+003
      endloop
   endfacet
   facet normal 0.000000e+000 -9.848078e-001 1.736482e-001
      outer loop
         vertex 3.179655e+002 -2.619503e+002 1.229162e+003
         vertex 2.020346e+002 -2.619503e+002 1.229162e+003
         vertex 2.310000e+002 -2.649479e+002 1.212162e+003
      endloop
   endfacet
   facet normal 0.000000e+000 -9.848078e-001 1.736482e-001
      outer loop
         vertex 2.310000e+002 -2.649479e+002 1.212162e+003
         vertex 2.020346e+002 -2.619503e+002 1.229162e+003
         vertex 2.026248e+002 -2.625558e+002 1.225728e+003
      endloop
   endfacet
   facet normal 0.000000e+000 -9.848078e-001 1.736482e-001
      outer loop
         vertex 2.310000e+002 -2.649479e+002 1.212162e+003
         vertex 2.026248e+002 -2.625558e+002 1.225728e+003
         vertex 2.310000e+002 -2.705000e+002 1.180674e+003
      endloop
   endfacet
   facet normal 0.000000e+000 -9.848078e-001 1.736482e-001
      outer loop
         vertex 2.310000e+002 -2.705000e+002 1.180674e+003
         vertex 2.026248e+002 -2.625558e+002 1.225728e+003
         vertex 2.030634e+002 -2.722915e+002 1.170514e+003
      endloop
   endfacet
   facet normal 0.000000e+000 -9.848078e-001 1.736482e-001
      outer loop
         vertex 2.310000e+002 -2.705000e+002 1.180674e+003
         vertex 2.030634e+002 -2.722915e+002 1.170514e+003
         vertex 2.890000e+002 -2.705000e+002 1.180674e+003
      endloop
   endfacet
   facet normal 0.000000e+000 -9.848078e-001 1.736482e-001
      outer loop
         vertex 2.890000e+002 -2.705000e+002 1.180674e+003
         vertex 2.030634e+002 -2.722915e+002 1.170514e+003
         vertex 3.169366e+002 -2.722915e+002 1.170514e+003
      endloop
   endfacet
   facet normal 0.000000e+000 -9.848078e-001 1.736482e-001
      outer loop
         vertex 2.890000e+002 -2.705000e+002 1.180674e+003
         vertex 3.169366e+002 -2.722915e+002 1.170514e+003
         vertex 2.890000e+002 -2.649479e+002 1.212162e+003
      endloop
   endfacet
   facet normal 0.000000e+000 -9.848078e-001 1.736482e-001
      outer loop
         vertex 2.890000e+002 -2.649479e+002 1.212162e+003
         vertex 3.169366e+002 -2.722915e+002 1.170514e+003
         vertex 3.173752e+002 -2.625558e+002 1.225728e+003
      endloop
   endfacet
   facet normal 0.000000e+000 -9.848078e-001 1.736482e-001
      outer loop
         vertex 2.890000e+002 -2.649479e+002 1.212162e+003
         vertex 3.173752e+002 -2.625558e+002 1.225728e+003
         vertex 3.179655e+002 -2.619503e+002 1.229162e+003
      endloop
   endfacet
   facet normal 0.000000e+000 -9.396927e-001 -3.420202e-001
      outer loop
         vertex 2.258579e+002 -2.575157e+002 7.980798e+002
         vertex 2.455147e+002 -2.604792e+002 8.062219e+002
         vertex 1.902614e+002 -2.639998e+002 8.158947e+002
      endloop
   endfacet
   facet normal 0.000000e+000 -9.396927e-001 -3.420202e-001
      outer loop
         vertex 1.902614e+002 -2.639998e+002 8.158947e+002
         vertex 2.455147e+002 -2.604792e+002 8.062219e+002
         vertex 2.744853e+002 -2.604792e+002 8.062219e+002
      endloop
   endfacet
   facet normal 0.000000e+000 -9.396927e-001 -3.420202e-001
      outer loop
         vertex 1.902614e+002 -2.639998e+002 8.158947e+002
         vertex 2.744853e+002 -2.604792e+002 8.062219e+002
         vertex 3.297386e+002 -2.639998e+002 8.158947e+002
      endloop
   endfacet
   facet normal 0.000000e+000 -9.396927e-001 -3.420202e-001
      outer loop
         vertex 1.838808e+002 -2.414749e+002 7.540080e+002
         vertex 1.990937e+002 -2.414749e+002 7.540080e+002
         vertex 1.842726e+002 -2.420703e+002 7.556441e+002
      endloop
   endfacet
   facet normal 0.000000e+000 -9.396927e-001 -3.420202e-001
      outer loop
         vertex 1.842726e+002 -2.420703e+002 7.556441e+002
         vertex 1.990937e+002 -2.414749e+002 7.540080e+002
         vertex 2.005692e+002 -2.451627e+002 7.641403e+002
      endloop
   endfacet
   facet normal 0.000000e+000 -9.396927e-001 -3.420202e-001
      outer loop
         vertex 1.842726e+002 -2.420703e+002 7.556441e+002
         vertex 2.005692e+002 -2.451627e+002 7.641403e+002
         vertex 1.902614e+002 -2.639998e+002 8.158947e+002
      endloop
   endfacet
   facet normal 0.000000e+000 -9.396927e-001 -3.420202e-001
      outer loop
         vertex 1.902614e+002 -2.639998e+002 8.158947e+002
         vertex 2.005692e+002 -2.451627e+002 7.641403e+002
         vertex 2.066863e+002 -2.505378e+002 7.789082e+002
      endloop
   endfacet
   facet normal 0.000000e+000 -9.396927e-001 -3.420202e-001
      outer loop
         vertex 1.902614e+002 -2.639998e+002 8.158947e+002
         vertex 2.066863e+002 -2.505378e+002 7.789082e+002
         vertex 2.258579e+002 -2.575157e+002 7.980798e+002
      endloop
   endfacet
   facet normal 0.000000e+000 -9.396927e-001 -3.420202e-001
      outer loop
         vertex 3.209063e+002 -2.414749e+002 7.540080e+002
         vertex 3.361191e+002 -2.414749e+002 7.540080e+002
         vertex 3.194308e+002 -2.451627e+002 7.641403e+002
      endloop
   endfacet
   facet normal 0.000000e+000 -9.396927e-001 -3.420202e-001
      outer loop
         vertex 3.194308e+002 -2.451627e+002 7.641403e+002
         vertex 3.361191e+002 -2.414749e+002 7.540080e+002
         vertex 3.357274e+002 -2.420703e+002 7.556441e+002
      endloop
   endfacet
   facet normal 0.000000e+000 -9.396927e-001 -3.420202e-001
      outer loop
         vertex 3.194308e+002 -2.451627e+002 7.641403e+002
         vertex 3.357274e+002 -2.420703e+002 7.556441e+002
         vertex 3.133137e+002 -2.505378e+002 7.789082e+002
      endloop
   endfacet
   facet normal 0.000000e+000 -9.396927e-001 -3.420202e-001
      outer loop
         vertex 3.133137e+002 -2.505378e+002 7.789082e+002
         vertex 3.357274e+002 -2.420703e+002 7.556441e+002
         vertex 3.297386e+002 -2.639998e+002 8.158947e+002
      endloop
   endfacet
   facet normal 0.000000e+000 -9.396927e-001 -3.420202e-001
      outer loop
         vertex 3.133137e+002 -2.505378e+002 7.789082e+002
         vertex 3.297386e+002 -2.639998e+002 8.158947e+002
         vertex 2.941421e+002 -2.575157e+002 7.980798e+002
      endloop
   endfacet
   facet normal 0.000000e+000 -9.396927e-001 -3.420202e-001
      outer loop
         vertex 2.941421e+002 -2.575157e+002 7.980798e+002
         vertex 3.297386e+002 -2.639998e+002 8.158947e+002
         vertex 2.744853e+002 -2.604792e+002 8.062219e+002
      endloop
   endfacet
   facet normal 0.000000e+000 -1.000000e+000 0.000000e+000
      outer loop
         vertex 2.007280e+002 -2.755000e+002 1.036762e+003
         vertex 1.934155e+002 -2.755000e+002 8.478369e+002
         vertex 2.310000e+002 -2.755000e+002 8.808369e+002
      endloop
   endfacet
   facet normal 0.000000e+000 -1.000000e+000 0.000000e+000
      outer loop
         vertex 2.310000e+002 -2.755000e+002 8.808369e+002
         vertex 1.934155e+002 -2.755000e+002 8.478369e+002
         vertex 2.310000e+002 -2.755000e+002 8.478369e+002
      endloop
   endfacet
   facet normal 0.000000e+000 -1.000000e+000 0.000000e+000
      outer loop
         vertex 2.890000e+002 -2.755000e+002 8.478369e+002
         vertex 3.265845e+002 -2.755000e+002 8.478369e+002
         vertex 2.890000e+002 -2.755000e+002 8.808369e+002
      endloop
   endfacet
   facet normal 0.000000e+000 -1.000000e+000 0.000000e+000
      outer loop
         vertex 2.890000e+002 -2.755000e+002 8.808369e+002
         vertex 3.265845e+002 -2.755000e+002 8.478369e+002
         vertex 3.192719e+002 -2.755000e+002 1.036762e+003
      endloop
   endfacet
   facet normal 0.000000e+000 -1.000000e+000 0.000000e+000
      outer loop
         vertex 3.177154e+002 -2.755000e+002 1.109292e+003
         vertex 2.022845e+002 -2.755000e+002 1.109292e+003
         vertex 3.192719e+002 -2.755000e+002 1.036762e+003
      endloop
   endfacet
   facet normal 0.000000e+000 -1.000000e+000 0.000000e+000
      outer loop
         vertex 3.192719e+002 -2.755000e+002 1.036762e+003
         vertex 2.022845e+002 -2.755000e+002 1.109292e+003
         vertex 2.007280e+002 -2.755000e+002 1.036762e+003
      endloop
   endfacet
   facet normal 0.000000e+000 -1.000000e+000 0.000000e+000
      outer loop
         vertex 3.192719e+002 -2.755000e+002 1.036762e+003
         vertex 2.007280e+002 -2.755000e+002 1.036762e+003
         vertex 2.890000e+002 -2.755000e+002 8.808369e+002
      endloop
   endfacet
   facet normal 0.000000e+000 -1.000000e+000 0.000000e+000
      outer loop
         vertex 2.890000e+002 -2.755000e+002 8.808369e+002
         vertex 2.007280e+002 -2.755000e+002 1.036762e+003
         vertex 2.310000e+002 -2.755000e+002 8.808369e+002
      endloop
   endfacet
   facet normal 0.000000e+000 0.000000e+000 -1.000000e+000
      outer loop
         vertex 1.924370e+002 -2.696320e+002 8.478369e+002
         vertex 3.275630e+002 -2.696320e+002 8.478369e+002
         vertex 2.890000e+002 -2.755000e+002 8.478369e+002
      endloop
   endfacet
   facet normal 0.000000e+000 0.000000e+000 -1.000000e+000
      outer loop
         vertex 2.890000e+002 -2.755000e+002 8.478369e+002
         vertex 3.275630e+002 -2.696320e+002 8.478369e+002
         vertex 3.265845e+002 -2.755000e+002 8.478369e+002
      endloop
   endfacet
   facet normal 0.000000e+000 0.000000e+000 -1.000000e+000
      outer loop
         vertex 1.934155e+002 -2.755000e+002 8.478369e+002
         vertex 1.924370e+002 -2.696320e+002 8.478369e+002
         vertex 2.310000e+002 -2.755000e+002 8.478369e+002
      endloop
   endfacet
   facet normal 0.000000e+000 0.000000e+000 -1.000000e+000
      outer loop
         vertex 2.310000e+002 -2.755000e+002 8.478369e+002
         vertex 1.924370e+002 -2.696320e+002 8.478369e+002
         vertex 2.890000e+002 -2.755000e+002 8.478369e+002
      endloop
   endfacet
   facet normal 0.000000e+000 0.000000e+000 -1.000000e+000
      outer loop
         vertex 2.310000e+002 -2.755000e+002 8.478369e+002
         vertex 2.890000e+002 -2.755000e+002 8.478369e+002
         vertex 2.310000e+002 -2.765000e+002 8.478369e+002
      endloop
   endfacet
   facet normal 0.000000e+000 0.000000e+000 -1.000000e+000
      outer loop
         vertex 2.310000e+002 -2.765000e+002 8.478369e+002
         vertex 2.890000e+002 -2.755000e+002 8.478369e+002
         vertex 2.890000e+002 -2.765000e+002 8.478369e+002
      endloop
   endfacet
   facet normal 0.000000e+000 -9.848078e-001 -1.736482e-001
      outer loop
         vertex 3.275630e+002 -2.696320e+002 8.478369e+002
         vertex 1.924370e+002 -2.696320e+002 8.478369e+002
         vertex 3.297386e+002 -2.639998e+002 8.158947e+002
      endloop
   endfacet
   facet normal 0.000000e+000 -9.848078e-001 -1.736482e-001
      outer loop
         vertex 3.297386e+002 -2.639998e+002 8.158947e+002
         vertex 1.924370e+002 -2.696320e+002 8.478369e+002
         vertex 1.902614e+002 -2.639998e+002 8.158947e+002
      endloop
   endfacet
   facet normal 3.061516e-017 -1.000000e+000 5.302701e-017
      outer loop
         vertex 3.549999e+002 -1.440000e+002 6.748930e+002
         vertex 3.546439e+002 -1.440000e+002 6.832182e+002
         vertex 3.508565e+002 -1.440000e+002 6.832182e+002
      endloop
   endfacet
   facet normal 3.061516e-017 -1.000000e+000 5.302701e-017
      outer loop
         vertex 3.506086e+002 -1.440000e+002 6.665690e+002
         vertex 3.546251e+002 -1.440000e+002 6.665687e+002
         vertex 3.509805e+002 -1.440000e+002 6.731149e+002
      endloop
   endfacet
   facet normal 3.061516e-017 -1.000000e+000 5.302701e-017
      outer loop
         vertex 3.509805e+002 -1.440000e+002 6.731149e+002
         vertex 3.546251e+002 -1.440000e+002 6.665687e+002
         vertex 3.549999e+002 -1.440000e+002 6.748930e+002
      endloop
   endfacet
   facet normal 3.061516e-017 -1.000000e+000 5.302701e-017
      outer loop
         vertex 3.509805e+002 -1.440000e+002 6.731149e+002
         vertex 3.549999e+002 -1.440000e+002 6.748930e+002
         vertex 3.509446e+002 -1.440000e+002 6.781758e+002
      endloop
   endfacet
   facet normal 3.061516e-017 -1.000000e+000 5.302701e-017
      outer loop
         vertex 3.509446e+002 -1.440000e+002 6.781758e+002
         vertex 3.549999e+002 -1.440000e+002 6.748930e+002
         vertex 3.508565e+002 -1.440000e+002 6.832182e+002
      endloop
   endfacet
   facet normal 0.000000e+000 -8.829476e-001 -4.694716e-001
      outer loop
         vertex 3.361191e+002 -2.414749e+002 7.540080e+002
         vertex 3.209063e+002 -2.414749e+002 7.540080e+002
         vertex 3.505637e+002 -2.127554e+002 6.999946e+002
      endloop
   endfacet
   facet normal 0.000000e+000 -8.829476e-001 -4.694716e-001
      outer loop
         vertex 3.505637e+002 -2.127554e+002 6.999946e+002
         vertex 3.209063e+002 -2.414749e+002 7.540080e+002
         vertex 3.300000e+002 -2.082720e+002 6.915626e+002
      endloop
   endfacet
   facet normal 0.000000e+000 -8.829476e-001 -4.694716e-001
      outer loop
         vertex 3.505637e+002 -2.127554e+002 6.999946e+002
         vertex 3.300000e+002 -2.082720e+002 6.915626e+002
         vertex 3.509446e+002 -2.011542e+002 6.781758e+002
      endloop
   endfacet
   facet normal 0.000000e+000 -8.829476e-001 -4.694716e-001
      outer loop
         vertex 3.384112e+002 -1.749107e+002 6.288190e+002
         vertex 3.300000e+002 -1.846536e+002 6.471428e+002
         vertex 3.300653e+002 -1.685904e+002 6.169323e+002
      endloop
   endfacet
   facet normal 0.000000e+000 -8.829476e-001 -4.694716e-001
      outer loop
         vertex 3.300653e+002 -1.685904e+002 6.169323e+002
         vertex 3.300000e+002 -1.846536e+002 6.471428e+002
         vertex 3.174984e+002 -1.703986e+002 6.203330e+002
      endloop
   endfacet
   facet normal 0.000000e+000 -8.829476e-001 -4.694716e-001
      outer loop
         vertex 3.300653e+002 -1.685904e+002 6.169323e+002
         vertex 3.174984e+002 -1.703986e+002 6.203330e+002
         vertex 3.145316e+002 -1.685904e+002 6.169323e+002
      endloop
   endfacet
   facet normal 0.000000e+000 -8.829476e-001 -4.694716e-001
      outer loop
         vertex 3.384112e+002 -1.749107e+002 6.288190e+002
         vertex 3.451105e+002 -1.823415e+002 6.427943e+002
         vertex 3.300000e+002 -1.846536e+002 6.471428e+002
      endloop
   endfacet
   facet normal 0.000000e+000 -8.829476e-001 -4.694716e-001
      outer loop
         vertex 3.300000e+002 -1.846536e+002 6.471428e+002
         vertex 3.451105e+002 -1.823415e+002 6.427943e+002
         vertex 3.493412e+002 -1.902690e+002 6.577037e+002
      endloop
   endfacet
   facet normal 0.000000e+000 -8.829476e-001 -4.694716e-001
      outer loop
         vertex 3.300000e+002 -1.846536e+002 6.471428e+002
         vertex 3.493412e+002 -1.902690e+002 6.577037e+002
         vertex 3.300000e+002 -2.082720e+002 6.915626e+002
      endloop
   endfacet
   facet normal 0.000000e+000 -8.829476e-001 -4.694716e-001
      outer loop
         vertex 3.300000e+002 -2.082720e+002 6.915626e+002
         vertex 3.493412e+002 -1.902690e+002 6.577037e+002
         vertex 3.509805e+002 -1.984632e+002 6.731149e+002
      endloop
   endfacet
   facet normal 0.000000e+000 -8.829476e-001 -4.694716e-001
      outer loop
         vertex 3.300000e+002 -2.082720e+002 6.915626e+002
         vertex 3.509805e+002 -1.984632e+002 6.731149e+002
         vertex 3.509446e+002 -2.011542e+002 6.781758e+002
      endloop
   endfacet
   facet normal 9.713950e-001 -1.619821e-001 1.736482e-001
      outer loop
         vertex 3.505637e+002 -2.127554e+002 6.999946e+002
         vertex 3.495923e+002 -1.589232e+002 7.556441e+002
         vertex 3.361191e+002 -2.414749e+002 7.540080e+002
      endloop
   endfacet
   facet normal 9.713950e-001 -1.619821e-001 1.736482e-001
      outer loop
         vertex 3.361191e+002 -2.414749e+002 7.540080e+002
         vertex 3.495923e+002 -1.589232e+002 7.556441e+002
         vertex 3.357274e+002 -2.420703e+002 7.556441e+002
      endloop
   endfacet
   facet normal 0.000000e+000 0.000000e+000 1.000000e+000
      outer loop
         vertex 3.679378e+002 -1.280000e+002 6.832182e+002
         vertex 3.506281e+002 -1.280000e+002 6.832182e+002
         vertex 3.508565e+002 -1.305000e+002 6.832182e+002
      endloop
   endfacet
   facet normal 0.000000e+000 0.000000e+000 1.000000e+000
      outer loop
         vertex 3.508565e+002 -1.305000e+002 6.832182e+002
         vertex 3.506281e+002 -1.280000e+002 6.832182e+002
         vertex 3.506281e+002 -1.305000e+002 6.832182e+002
      endloop
   endfacet
   facet normal 0.000000e+000 0.000000e+000 1.000000e+000
      outer loop
         vertex 3.679378e+002 -1.400000e+002 6.832182e+002
         vertex 3.679378e+002 -1.280000e+002 6.832182e+002
         vertex 3.546439e+002 -1.400000e+002 6.832182e+002
      endloop
   endfacet
   facet normal 0.000000e+000 0.000000e+000 1.000000e+000
      outer loop
         vertex 3.546439e+002 -1.400000e+002 6.832182e+002
         vertex 3.679378e+002 -1.280000e+002 6.832182e+002
         vertex 3.508565e+002 -1.305000e+002 6.832182e+002
      endloop
   endfacet
   facet normal 0.000000e+000 0.000000e+000 1.000000e+000
      outer loop
         vertex 3.546439e+002 -1.400000e+002 6.832182e+002
         vertex 3.508565e+002 -1.305000e+002 6.832182e+002
         vertex 3.546439e+002 -1.440000e+002 6.832182e+002
      endloop
   endfacet
   facet normal 0.000000e+000 0.000000e+000 1.000000e+000
      outer loop
         vertex 3.546439e+002 -1.440000e+002 6.832182e+002
         vertex 3.508565e+002 -1.305000e+002 6.832182e+002
         vertex 3.508565e+002 -1.440000e+002 6.832182e+002
      endloop
   endfacet
   facet normal 0.000000e+000 1.000000e+000 0.000000e+000
      outer loop
         vertex 2.525098e+002 -7.700000e+001 1.204073e+003
         vertex 2.548004e+002 -7.700000e+001 1.247780e+003
         vertex 2.726494e+002 -7.700000e+001 1.199792e+003
      endloop
   endfacet
   facet normal 0.000000e+000 1.000000e+000 0.000000e+000
      outer loop
         vertex 2.726494e+002 -7.700000e+001 1.199792e+003
         vertex 2.548004e+002 -7.700000e+001 1.247780e+003
         vertex 2.945519e+002 -7.700000e+001 1.253367e+003
      endloop
   endfacet
   facet normal 0.000000e+000 1.000000e+000 0.000000e+000
      outer loop
         vertex 2.726494e+002 -7.700000e+001 1.199792e+003
         vertex 2.945519e+002 -7.700000e+001 1.253367e+003
         vertex 2.941288e+002 -7.700000e+001 1.202811e+003
      endloop
   endfacet
   facet normal 0.000000e+000 1.000000e+000 0.000000e+000
      outer loop
         vertex 2.941288e+002 -7.700000e+001 1.202811e+003
         vertex 2.945519e+002 -7.700000e+001 1.253367e+003
         vertex 3.082865e+002 -7.700000e+001 1.213479e+003
      endloop
   endfacet
   facet normal 9.563048e-001 0.000000e+000 -2.923717e-001
      outer loop
         vertex 2.927216e+002 -9.050000e+001 8.035834e+002
         vertex 2.927216e+002 -1.305000e+002 8.035834e+002
         vertex 2.920272e+002 -9.050000e+001 8.013121e+002
      endloop
   endfacet
   facet normal 9.563048e-001 0.000000e+000 -2.923717e-001
      outer loop
         vertex 2.920272e+002 -9.050000e+001 8.013121e+002
         vertex 2.927216e+002 -1.305000e+002 8.035834e+002
         vertex 2.805150e+002 -1.305000e+002 7.636574e+002
      endloop
   endfacet
   facet normal 9.563048e-001 0.000000e+000 -2.923717e-001
      outer loop
         vertex 2.920272e+002 -9.050000e+001 8.013121e+002
         vertex 2.805150e+002 -1.305000e+002 7.636574e+002
         vertex 2.920272e+002 -8.300000e+001 8.013121e+002
      endloop
   endfacet
   facet normal 9.563048e-001 0.000000e+000 -2.923717e-001
      outer loop
         vertex 2.920272e+002 -8.300000e+001 8.013121e+002
         vertex 2.805150e+002 -1.305000e+002 7.636574e+002
         vertex 2.805150e+002 -8.300000e+001 7.636574e+002
      endloop
   endfacet
   facet normal 9.902681e-001 0.000000e+000 1.391731e-001
      outer loop
         vertex 2.927216e+002 -1.305000e+002 8.035834e+002
         vertex 2.927216e+002 -9.050000e+001 8.035834e+002
         vertex 2.917125e+002 -1.305000e+002 8.107633e+002
      endloop
   endfacet
   facet normal 9.902681e-001 0.000000e+000 1.391731e-001
      outer loop
         vertex 2.917125e+002 -1.305000e+002 8.107633e+002
         vertex 2.927216e+002 -9.050000e+001 8.035834e+002
         vertex 2.917125e+002 -9.050000e+001 8.107633e+002
      endloop
   endfacet
   facet normal 8.386706e-001 0.000000e+000 5.446391e-001
      outer loop
         vertex 2.917125e+002 -1.305000e+002 8.107633e+002
         vertex 2.917125e+002 -9.050000e+001 8.107633e+002
         vertex 2.714547e+002 -1.305000e+002 8.419575e+002
      endloop
   endfacet
   facet normal 8.386706e-001 0.000000e+000 5.446391e-001
      outer loop
         vertex 2.714547e+002 -1.305000e+002 8.419575e+002
         vertex 2.917125e+002 -9.050000e+001 8.107633e+002
         vertex 2.714547e+002 -9.050000e+001 8.419575e+002
      endloop
   endfacet
   facet normal 4.771588e-001 0.000000e+000 8.788171e-001
      outer loop
         vertex 2.714547e+002 -1.305000e+002 8.419575e+002
         vertex 2.714547e+002 -9.050000e+001 8.419575e+002
         vertex 2.652762e+002 -1.305000e+002 8.453122e+002
      endloop
   endfacet
   facet normal 4.771588e-001 0.000000e+000 8.788171e-001
      outer loop
         vertex 2.652762e+002 -1.305000e+002 8.453122e+002
         vertex 2.714547e+002 -9.050000e+001 8.419575e+002
         vertex 2.652762e+002 -9.050000e+001 8.453122e+002
      endloop
   endfacet
   facet normal 6.962400e-015 0.000000e+000 1.000000e+000
      outer loop
         vertex 2.563302e+002 -1.305000e+002 8.453122e+002
         vertex 2.652762e+002 -1.305000e+002 8.453122e+002
         vertex 2.563302e+002 -9.050000e+001 8.453122e+002
      endloop
   endfacet
   facet normal 6.962400e-015 0.000000e+000 1.000000e+000
      outer loop
         vertex 2.563302e+002 -9.050000e+001 8.453122e+002
         vertex 2.652762e+002 -1.305000e+002 8.453122e+002
         vertex 2.652762e+002 -9.050000e+001 8.453122e+002
      endloop
   endfacet
   facet normal -6.293204e-001 0.000000e+000 7.771460e-001
      outer loop
         vertex 2.527065e+002 -1.305000e+002 8.423777e+002
         vertex 2.563302e+002 -1.305000e+002 8.453122e+002
         vertex 2.527065e+002 -9.050000e+001 8.423777e+002
      endloop
   endfacet
   facet normal -6.293204e-001 0.000000e+000 7.771460e-001
      outer loop
         vertex 2.527065e+002 -9.050000e+001 8.423777e+002
         vertex 2.563302e+002 -1.305000e+002 8.453122e+002
         vertex 2.563302e+002 -9.050000e+001 8.453122e+002
      endloop
   endfacet
   facet normal -9.781476e-001 0.000000e+000 2.079117e-001
      outer loop
         vertex 2.453515e+002 -1.305000e+002 8.077750e+002
         vertex 2.527065e+002 -1.305000e+002 8.423777e+002
         vertex 2.453515e+002 -9.050000e+001 8.077750e+002
      endloop
   endfacet
   facet normal -9.781476e-001 0.000000e+000 2.079117e-001
      outer loop
         vertex 2.453515e+002 -9.050000e+001 8.077750e+002
         vertex 2.527065e+002 -1.305000e+002 8.423777e+002
         vertex 2.527065e+002 -9.050000e+001 8.423777e+002
      endloop
   endfacet
   facet normal -9.876884e-001 0.000000e+000 -1.564345e-001
      outer loop
         vertex 2.463751e+002 -8.300000e+001 8.013121e+002
         vertex 2.520234e+002 -8.300000e+001 7.656497e+002
         vertex 2.463751e+002 -9.050000e+001 8.013121e+002
      endloop
   endfacet
   facet normal -9.876884e-001 0.000000e+000 -1.564345e-001
      outer loop
         vertex 2.463751e+002 -9.050000e+001 8.013121e+002
         vertex 2.520234e+002 -8.300000e+001 7.656497e+002
         vertex 2.520234e+002 -1.305000e+002 7.656497e+002
      endloop
   endfacet
   facet normal -9.876884e-001 0.000000e+000 -1.564345e-001
      outer loop
         vertex 2.463751e+002 -9.050000e+001 8.013121e+002
         vertex 2.520234e+002 -1.305000e+002 7.656497e+002
         vertex 2.453515e+002 -9.050000e+001 8.077750e+002
      endloop
   endfacet
   facet normal -9.876884e-001 0.000000e+000 -1.564345e-001
      outer loop
         vertex 2.453515e+002 -9.050000e+001 8.077750e+002
         vertex 2.520234e+002 -1.305000e+002 7.656497e+002
         vertex 2.453515e+002 -1.305000e+002 8.077750e+002
      endloop
   endfacet
   facet normal 8.359248e-001 0.000000e+000 -5.488439e-001
      outer loop
         vertex 3.348305e+002 -1.440000e+002 6.232178e+002
         vertex 3.348305e+002 -1.380000e+002 6.232178e+002
         vertex 3.384112e+002 -1.380000e+002 6.288190e+002
      endloop
   endfacet
   facet normal -1.263208e-001 0.000000e+000 -9.919894e-001
      outer loop
         vertex 2.536522e+002 -1.579621e+002 5.842217e+002
         vertex 2.459451e+002 -1.582448e+002 5.850919e+002
         vertex 2.459451e+002 -8.300000e+001 5.850919e+002
      endloop
   endfacet
   facet normal -9.986157e-001 0.000000e+000 5.259821e-002
      outer loop
         vertex 1.691211e+002 -1.280000e+002 6.703060e+002
         vertex 1.693719e+002 -1.280000e+002 6.832182e+002
         vertex 1.696426e+002 -8.300000e+001 6.857952e+002
      endloop
   endfacet
   facet normal -9.999866e-001 0.000000e+000 5.171129e-003
      outer loop
         vertex 1.696426e+002 -8.300000e+001 6.857952e+002
         vertex 1.691211e+002 -8.300000e+001 6.703060e+002
         vertex 1.691211e+002 -1.280000e+002 6.703060e+002
      endloop
   endfacet
   facet normal -9.941323e-001 0.000000e+000 -1.081707e-001
      outer loop
         vertex 1.691211e+002 -1.280000e+002 6.703060e+002
         vertex 1.691211e+002 -8.300000e+001 6.703060e+002
         vertex 1.712357e+002 -8.300000e+001 6.549528e+002
      endloop
   endfacet
   facet normal -9.863618e-001 0.000000e+000 -1.645915e-001
      outer loop
         vertex 1.691211e+002 -1.280000e+002 6.703060e+002
         vertex 1.712357e+002 -8.300000e+001 6.549528e+002
         vertex 1.712357e+002 -1.280000e+002 6.549528e+002
      endloop
   endfacet
   facet normal -9.613594e-001 0.000000e+000 -2.752962e-001
      outer loop
         vertex 1.712357e+002 -1.280000e+002 6.549528e+002
         vertex 1.712357e+002 -8.300000e+001 6.549528e+002
         vertex 1.759248e+002 -8.300000e+001 6.401812e+002
      endloop
   endfacet
   facet normal -9.441276e-001 0.000000e+000 -3.295801e-001
      outer loop
         vertex 1.712357e+002 -1.280000e+002 6.549528e+002
         vertex 1.759248e+002 -8.300000e+001 6.401812e+002
         vertex 1.759248e+002 -1.280000e+002 6.401812e+002
      endloop
   endfacet
   facet normal -9.007024e-001 0.000000e+000 -4.344367e-001
      outer loop
         vertex 1.759248e+002 -1.280000e+002 6.401812e+002
         vertex 1.759248e+002 -8.300000e+001 6.401812e+002
         vertex 1.830525e+002 -8.300000e+001 6.264194e+002
      endloop
   endfacet
   facet normal -8.745090e-001 0.000000e+000 -4.850093e-001
      outer loop
         vertex 1.759248e+002 -1.280000e+002 6.401812e+002
         vertex 1.830525e+002 -8.300000e+001 6.264194e+002
         vertex 1.830525e+002 -1.280000e+002 6.264194e+002
      endloop
   endfacet
   facet normal -8.139204e-001 0.000000e+000 -5.809763e-001
      outer loop
         vertex 1.830525e+002 -1.280000e+002 6.264194e+002
         vertex 1.830525e+002 -8.300000e+001 6.264194e+002
         vertex 1.924120e+002 -8.300000e+001 6.140667e+002
      endloop
   endfacet
   facet normal -7.795253e-001 0.000000e+000 -6.263708e-001
      outer loop
         vertex 1.830525e+002 -1.280000e+002 6.264194e+002
         vertex 1.924120e+002 -8.300000e+001 6.140667e+002
         vertex 1.924120e+002 -1.280000e+002 6.140667e+002
      endloop
   endfacet
   facet normal -6.424811e-001 0.000000e+000 -7.663014e-001
      outer loop
         vertex 2.037320e+002 -1.642199e+002 6.034814e+002
         vertex 2.004565e+002 -1.440000e+002 6.061845e+002
         vertex 2.004565e+002 -1.280000e+002 6.061845e+002
      endloop
   endfacet
   facet normal -8.302217e-001 0.000000e+000 -5.574332e-001
      outer loop
         vertex 1.830525e+002 -1.380000e+002 6.264194e+002
         vertex 1.851709e+002 -1.380000e+002 6.232158e+002
         vertex 1.851709e+002 -1.440000e+002 6.232158e+002
      endloop
   endfacet
   facet normal -6.735350e-001 0.000000e+000 -7.391554e-001
      outer loop
         vertex 2.004565e+002 -1.440000e+002 6.061845e+002
         vertex 2.037320e+002 -1.642199e+002 6.034814e+002
         vertex 1.924120e+002 -1.440000e+002 6.140667e+002
      endloop
   endfacet
   facet normal -7.035307e-001 0.000000e+000 -7.106648e-001
      outer loop
         vertex 1.924120e+002 -1.440000e+002 6.140667e+002
         vertex 2.037320e+002 -1.642199e+002 6.034814e+002
         vertex 1.924120e+002 -1.676593e+002 6.140667e+002
      endloop
   endfacet
   facet normal -7.706581e-001 0.000000e+000 -6.372489e-001
      outer loop
         vertex 1.924120e+002 -1.440000e+002 6.140667e+002
         vertex 1.924120e+002 -1.676593e+002 6.140667e+002
         vertex 1.851709e+002 -1.440000e+002 6.232158e+002
      endloop
   endfacet
   facet normal -9.925511e-001 0.000000e+000 -1.218282e-001
      outer loop
         vertex 1.691211e+002 -1.440000e+002 6.703060e+002
         vertex 1.693913e+002 -1.440000e+002 6.665698e+002
         vertex 1.712357e+002 -1.888063e+002 6.549528e+002
      endloop
   endfacet
   facet normal -7.794364e-001 0.000000e+000 -6.264814e-001
      outer loop
         vertex 1.924120e+002 -1.676593e+002 6.140667e+002
         vertex 1.899347e+002 -1.685904e+002 6.169323e+002
         vertex 1.851709e+002 -1.440000e+002 6.232158e+002
      endloop
   endfacet
   facet normal -8.137785e-001 0.000000e+000 -5.811751e-001
      outer loop
         vertex 1.851709e+002 -1.440000e+002 6.232158e+002
         vertex 1.899347e+002 -1.685904e+002 6.169323e+002
         vertex 1.830525e+002 -1.736348e+002 6.264194e+002
      endloop
   endfacet
   facet normal -8.379832e-001 0.000000e+000 -5.456960e-001
      outer loop
         vertex 1.851709e+002 -1.440000e+002 6.232158e+002
         vertex 1.830525e+002 -1.736348e+002 6.264194e+002
         vertex 1.830525e+002 -1.380000e+002 6.264194e+002
      endloop
   endfacet
   facet normal -8.745090e-001 0.000000e+000 -4.850093e-001
      outer loop
         vertex 1.830525e+002 -1.380000e+002 6.264194e+002
         vertex 1.830525e+002 -1.736348e+002 6.264194e+002
         vertex 1.759248e+002 -1.809520e+002 6.401812e+002
      endloop
   endfacet
   facet normal -9.007024e-001 0.000000e+000 -4.344367e-001
      outer loop
         vertex 1.830525e+002 -1.380000e+002 6.264194e+002
         vertex 1.759248e+002 -1.809520e+002 6.401812e+002
         vertex 1.759248e+002 -1.380000e+002 6.401812e+002
      endloop
   endfacet
   facet normal -9.441276e-001 0.000000e+000 -3.295801e-001
      outer loop
         vertex 1.759248e+002 -1.380000e+002 6.401812e+002
         vertex 1.759248e+002 -1.809520e+002 6.401812e+002
         vertex 1.712357e+002 -1.888063e+002 6.549528e+002
      endloop
   endfacet
   facet normal -9.613594e-001 0.000000e+000 -2.752962e-001
      outer loop
         vertex 1.759248e+002 -1.380000e+002 6.401812e+002
         vertex 1.712357e+002 -1.888063e+002 6.549528e+002
         vertex 1.712357e+002 -1.380000e+002 6.549528e+002
      endloop
   endfacet
   facet normal -9.840167e-001 0.000000e+000 -1.780765e-001
      outer loop
         vertex 1.712357e+002 -1.380000e+002 6.549528e+002
         vertex 1.712357e+002 -1.888063e+002 6.549528e+002
         vertex 1.693913e+002 -1.440000e+002 6.665698e+002
      endloop
   endfacet
   facet normal -9.907850e-001 0.000000e+000 -1.354440e-001
      outer loop
         vertex 1.712357e+002 -1.380000e+002 6.549528e+002
         vertex 1.693913e+002 -1.440000e+002 6.665698e+002
         vertex 1.693913e+002 -1.380000e+002 6.665698e+002
      endloop
   endfacet
   facet normal -9.941323e-001 0.000000e+000 -1.081707e-001
      outer loop
         vertex 1.712357e+002 -1.888063e+002 6.549528e+002
         vertex 1.691211e+002 -1.969697e+002 6.703060e+002
         vertex 1.691211e+002 -1.440000e+002 6.703060e+002
      endloop
   endfacet
   facet normal -9.997406e-001 0.000000e+000 -2.277438e-002
      outer loop
         vertex 1.691211e+002 -1.440000e+002 6.703060e+002
         vertex 1.691211e+002 -1.969697e+002 6.703060e+002
         vertex 1.690554e+002 -2.011542e+002 6.781758e+002
      endloop
   endfacet
   facet normal -9.999815e-001 0.000000e+000 6.077078e-003
      outer loop
         vertex 1.691211e+002 -1.440000e+002 6.703060e+002
         vertex 1.690554e+002 -2.011542e+002 6.781758e+002
         vertex 1.690554e+002 -1.440000e+002 6.781758e+002
      endloop
   endfacet
   facet normal -7.144748e-001 0.000000e+000 -6.996611e-001
      outer loop
         vertex 1.924120e+002 -1.280000e+002 6.140667e+002
         vertex 1.924120e+002 -8.300000e+001 6.140667e+002
         vertex 2.004565e+002 -1.280000e+002 6.061845e+002
      endloop
   endfacet
   facet normal -6.735350e-001 0.000000e+000 -7.391554e-001
      outer loop
         vertex 2.004565e+002 -1.280000e+002 6.061845e+002
         vertex 1.924120e+002 -8.300000e+001 6.140667e+002
         vertex 2.037320e+002 -8.300000e+001 6.034814e+002
      endloop
   endfacet
   facet normal -6.304802e-001 0.000000e+000 -7.762052e-001
      outer loop
         vertex 2.004565e+002 -1.280000e+002 6.061845e+002
         vertex 2.037320e+002 -8.300000e+001 6.034814e+002
         vertex 2.037320e+002 -1.642199e+002 6.034814e+002
      endloop
   endfacet
   facet normal -5.727352e-001 0.000000e+000 -8.197405e-001
      outer loop
         vertex 2.037320e+002 -1.642199e+002 6.034814e+002
         vertex 2.037320e+002 -8.300000e+001 6.034814e+002
         vertex 2.166840e+002 -8.300000e+001 5.949705e+002
      endloop
   endfacet
   facet normal -5.251383e-001 0.000000e+000 -8.510169e-001
      outer loop
         vertex 2.037320e+002 -1.642199e+002 6.034814e+002
         vertex 2.166840e+002 -8.300000e+001 5.949705e+002
         vertex 2.166840e+002 -1.614546e+002 5.949705e+002
      endloop
   endfacet
   facet normal -2.102666e-001 0.000000e+000 -9.776441e-001
      outer loop
         vertex 2.459451e+002 -8.300000e+001 5.850919e+002
         vertex 2.459451e+002 -1.582448e+002 5.850919e+002
         vertex 2.308924e+002 -8.300000e+001 5.887808e+002
      endloop
   endfacet
   facet normal -2.380214e-001 0.000000e+000 -9.712599e-001
      outer loop
         vertex 2.459451e+002 -1.582448e+002 5.850919e+002
         vertex 2.383401e+002 -1.587398e+002 5.866153e+002
         vertex 2.308924e+002 -8.300000e+001 5.887808e+002
      endloop
   endfacet
   facet normal -2.928194e-001 0.000000e+000 -9.561678e-001
      outer loop
         vertex 2.308924e+002 -8.300000e+001 5.887808e+002
         vertex 2.383401e+002 -1.587398e+002 5.866153e+002
         vertex 2.308924e+002 -1.594434e+002 5.887808e+002
      endloop
   endfacet
   facet normal -3.731135e-001 0.000000e+000 -9.277857e-001
      outer loop
         vertex 2.308924e+002 -8.300000e+001 5.887808e+002
         vertex 2.308924e+002 -1.594434e+002 5.887808e+002
         vertex 2.166840e+002 -8.300000e+001 5.949705e+002
      endloop
   endfacet
   facet normal -3.993825e-001 0.000000e+000 -9.167844e-001
      outer loop
         vertex 2.166840e+002 -8.300000e+001 5.949705e+002
         vertex 2.308924e+002 -1.594434e+002 5.887808e+002
         vertex 2.236562e+002 -1.603506e+002 5.915726e+002
      endloop
   endfacet
   facet normal -4.508248e-001 0.000000e+000 -8.926125e-001
      outer loop
         vertex 2.166840e+002 -8.300000e+001 5.949705e+002
         vertex 2.236562e+002 -1.603506e+002 5.915726e+002
         vertex 2.166840e+002 -1.614546e+002 5.949705e+002
      endloop
   endfacet
   facet normal -6.975647e-002 0.000000e+000 -9.975641e-001
      outer loop
         vertex 2.536522e+002 -1.579621e+002 5.842217e+002
         vertex 2.459451e+002 -8.300000e+001 5.850919e+002
         vertex 2.614054e+002 -1.578936e+002 5.840109e+002
      endloop
   endfacet
   facet normal -4.132088e-002 0.000000e+000 -9.991459e-001
      outer loop
         vertex 2.614054e+002 -1.578936e+002 5.840109e+002
         vertex 2.459451e+002 -8.300000e+001 5.850919e+002
         vertex 2.614054e+002 -8.300000e+001 5.840109e+002
      endloop
   endfacet
   facet normal 4.384178e-002 0.000000e+000 -9.990385e-001
      outer loop
         vertex 2.614054e+002 -1.578936e+002 5.840109e+002
         vertex 2.614054e+002 -8.300000e+001 5.840109e+002
         vertex 2.691484e+002 -1.580399e+002 5.844611e+002
      endloop
   endfacet
   facet normal 1.005317e-001 0.000000e+000 -9.949338e-001
      outer loop
         vertex 2.691484e+002 -1.580399e+002 5.844611e+002
         vertex 2.614054e+002 -8.300000e+001 5.840109e+002
         vertex 2.768249e+002 -8.300000e+001 5.855689e+002
      endloop
   endfacet
   facet normal 1.568968e-001 0.000000e+000 -9.876150e-001
      outer loop
         vertex 2.691484e+002 -1.580399e+002 5.844611e+002
         vertex 2.768249e+002 -8.300000e+001 5.855689e+002
         vertex 2.768249e+002 -1.583998e+002 5.855689e+002
      endloop
   endfacet
   facet normal 2.127327e-001 0.000000e+000 -9.771104e-001
      outer loop
         vertex 2.768249e+002 -1.583998e+002 5.855689e+002
         vertex 2.768249e+002 -8.300000e+001 5.855689e+002
         vertex 2.843793e+002 -1.589709e+002 5.873265e+002
      endloop
   endfacet
   facet normal 2.679039e-001 0.000000e+000 -9.634456e-001
      outer loop
         vertex 2.843793e+002 -1.589709e+002 5.873265e+002
         vertex 2.768249e+002 -8.300000e+001 5.855689e+002
         vertex 2.917565e+002 -8.300000e+001 5.897209e+002
      endloop
   endfacet
   facet normal 3.222098e-001 0.000000e+000 -9.466683e-001
      outer loop
         vertex 2.843793e+002 -1.589709e+002 5.873265e+002
         vertex 2.917565e+002 -8.300000e+001 5.897209e+002
         vertex 2.917565e+002 -1.597489e+002 5.897209e+002
      endloop
   endfacet
   facet normal 3.754533e-001 0.000000e+000 -9.268413e-001
      outer loop
         vertex 2.917565e+002 -1.597489e+002 5.897209e+002
         vertex 2.917565e+002 -8.300000e+001 5.897209e+002
         vertex 2.989030e+002 -1.607282e+002 5.927349e+002
      endloop
   endfacet
   facet normal 4.275056e-001 0.000000e+000 -9.040127e-001
      outer loop
         vertex 2.989030e+002 -1.607282e+002 5.927349e+002
         vertex 2.917565e+002 -8.300000e+001 5.897209e+002
         vertex 3.057669e+002 -8.300000e+001 5.963464e+002
      endloop
   endfacet
   facet normal 4.781769e-001 0.000000e+000 -8.782635e-001
      outer loop
         vertex 2.989030e+002 -1.607282e+002 5.927349e+002
         vertex 3.057669e+002 -8.300000e+001 5.963464e+002
         vertex 3.057669e+002 -1.619017e+002 5.963464e+002
      endloop
   endfacet
   facet normal 5.511703e-001 0.000000e+000 -8.343927e-001
      outer loop
         vertex 3.057669e+002 -1.619017e+002 5.963464e+002
         vertex 3.057669e+002 -8.300000e+001 5.963464e+002
         vertex 3.184499e+002 -8.300000e+001 6.052533e+002
      endloop
   endfacet
   facet normal 5.977786e-001 0.000000e+000 -8.016613e-001
      outer loop
         vertex 3.057669e+002 -1.619017e+002 5.963464e+002
         vertex 3.184499e+002 -8.300000e+001 6.052533e+002
         vertex 3.184499e+002 -1.647957e+002 6.052533e+002
      endloop
   endfacet
   facet normal 6.885964e-001 0.000000e+000 -7.251447e-001
      outer loop
         vertex 3.294376e+002 -1.280000e+002 6.161831e+002
         vertex 3.195435e+002 -1.280000e+002 6.061845e+002
         vertex 3.184499e+002 -8.300000e+001 6.052533e+002
      endloop
   endfacet
   facet normal 6.463304e-001 0.000000e+000 -7.630577e-001
      outer loop
         vertex 3.184499e+002 -8.300000e+001 6.052533e+002
         vertex 3.195435e+002 -1.280000e+002 6.061845e+002
         vertex 3.184499e+002 -1.647957e+002 6.052533e+002
      endloop
   endfacet
   facet normal 6.503361e-001 0.000000e+000 -7.596466e-001
      outer loop
         vertex 3.184499e+002 -1.647957e+002 6.052533e+002
         vertex 3.195435e+002 -1.280000e+002 6.061845e+002
         vertex 3.195435e+002 -1.440000e+002 6.061845e+002
      endloop
   endfacet
   facet normal 6.885965e-001 0.000000e+000 -7.251447e-001
      outer loop
         vertex 3.184499e+002 -1.647957e+002 6.052533e+002
         vertex 3.195435e+002 -1.440000e+002 6.061845e+002
         vertex 3.294376e+002 -1.683470e+002 6.161831e+002
      endloop
   endfacet
   facet normal 7.287454e-001 0.000000e+000 -6.847848e-001
      outer loop
         vertex 3.294376e+002 -1.683470e+002 6.161831e+002
         vertex 3.195435e+002 -1.440000e+002 6.061845e+002
         vertex 3.294376e+002 -1.440000e+002 6.161831e+002
      endloop
   endfacet
   facet normal 7.653594e-001 0.000000e+000 -6.436031e-001
      outer loop
         vertex 3.294376e+002 -1.683470e+002 6.161831e+002
         vertex 3.294376e+002 -1.440000e+002 6.161831e+002
         vertex 3.300653e+002 -1.685904e+002 6.169323e+002
      endloop
   endfacet
   facet normal 7.858514e-001 0.000000e+000 -6.184154e-001
      outer loop
         vertex 3.300653e+002 -1.685904e+002 6.169323e+002
         vertex 3.294376e+002 -1.440000e+002 6.161831e+002
         vertex 3.348305e+002 -1.440000e+002 6.232178e+002
      endloop
   endfacet
   facet normal 8.197212e-001 0.000000e+000 -5.727627e-001
      outer loop
         vertex 3.300653e+002 -1.685904e+002 6.169323e+002
         vertex 3.348305e+002 -1.440000e+002 6.232178e+002
         vertex 3.384112e+002 -1.749107e+002 6.288190e+002
      endloop
   endfacet
   facet normal 9.921244e-001 0.000000e+000 -1.252564e-001
      outer loop
         vertex 3.493412e+002 -1.380000e+002 6.577037e+002
         vertex 3.506086e+002 -1.380000e+002 6.665690e+002
         vertex 3.506086e+002 -1.440000e+002 6.665690e+002
      endloop
   endfacet
   facet normal 8.490488e-001 0.000000e+000 -5.283145e-001
      outer loop
         vertex 3.348305e+002 -1.440000e+002 6.232178e+002
         vertex 3.384112e+002 -1.380000e+002 6.288190e+002
         vertex 3.384112e+002 -1.749107e+002 6.288190e+002
      endloop
   endfacet
   facet normal 8.890707e-001 0.000000e+000 -4.577698e-001
      outer loop
         vertex 3.384112e+002 -1.749107e+002 6.288190e+002
         vertex 3.384112e+002 -1.380000e+002 6.288190e+002
         vertex 3.451105e+002 -1.380000e+002 6.427943e+002
      endloop
   endfacet
   facet normal 9.136897e-001 0.000000e+000 -4.064124e-001
      outer loop
         vertex 3.384112e+002 -1.749107e+002 6.288190e+002
         vertex 3.451105e+002 -1.380000e+002 6.427943e+002
         vertex 3.451105e+002 -1.823415e+002 6.427943e+002
      endloop
   endfacet
   facet normal 9.538559e-001 0.000000e+000 -3.002647e-001
      outer loop
         vertex 3.451105e+002 -1.823415e+002 6.427943e+002
         vertex 3.451105e+002 -1.380000e+002 6.427943e+002
         vertex 3.493412e+002 -1.380000e+002 6.577037e+002
      endloop
   endfacet
   facet normal 9.694030e-001 0.000000e+000 -2.454745e-001
      outer loop
         vertex 3.451105e+002 -1.823415e+002 6.427943e+002
         vertex 3.493412e+002 -1.380000e+002 6.577037e+002
         vertex 3.493412e+002 -1.902690e+002 6.577037e+002
      endloop
   endfacet
   facet normal 9.874767e-001 0.000000e+000 -1.577650e-001
      outer loop
         vertex 3.493412e+002 -1.902690e+002 6.577037e+002
         vertex 3.493412e+002 -1.380000e+002 6.577037e+002
         vertex 3.506086e+002 -1.440000e+002 6.665690e+002
      endloop
   endfacet
   facet normal 9.948466e-001 0.000000e+000 -1.013916e-001
      outer loop
         vertex 3.493412e+002 -1.902690e+002 6.577037e+002
         vertex 3.506086e+002 -1.440000e+002 6.665690e+002
         vertex 3.509805e+002 -1.984632e+002 6.731149e+002
      endloop
   endfacet
   facet normal 9.989996e-001 0.000000e+000 -4.471888e-002
      outer loop
         vertex 3.506086e+002 -1.440000e+002 6.665690e+002
         vertex 3.509805e+002 -1.440000e+002 6.731149e+002
         vertex 3.509805e+002 -1.984632e+002 6.731149e+002
      endloop
   endfacet
   facet normal 9.999976e-001 0.000000e+000 -2.178047e-003
      outer loop
         vertex 3.509805e+002 -1.984632e+002 6.731149e+002
         vertex 3.509805e+002 -1.440000e+002 6.731149e+002
         vertex 3.509446e+002 -1.440000e+002 6.781758e+002
      endloop
   endfacet
   facet normal 9.998660e-001 0.000000e+000 1.636672e-002
      outer loop
         vertex 3.509805e+002 -1.984632e+002 6.731149e+002
         vertex 3.509446e+002 -1.440000e+002 6.781758e+002
         vertex 3.509446e+002 -2.011542e+002 6.781758e+002
      endloop
   endfacet
   facet normal 7.251431e-001 0.000000e+000 -6.885982e-001
      outer loop
         vertex 3.184499e+002 -8.300000e+001 6.052533e+002
         vertex 3.294376e+002 -8.300000e+001 6.161831e+002
         vertex 3.294376e+002 -1.280000e+002 6.161831e+002
      endloop
   endfacet
   facet normal 7.984980e-001 0.000000e+000 -6.019973e-001
      outer loop
         vertex 3.294376e+002 -1.280000e+002 6.161831e+002
         vertex 3.294376e+002 -8.300000e+001 6.161831e+002
         vertex 3.384112e+002 -8.300000e+001 6.288190e+002
      endloop
   endfacet
   facet normal 8.314749e-001 0.000000e+000 -5.555623e-001
      outer loop
         vertex 3.294376e+002 -1.280000e+002 6.161831e+002
         vertex 3.384112e+002 -8.300000e+001 6.288190e+002
         vertex 3.384112e+002 -1.280000e+002 6.288190e+002
      endloop
   endfacet
   facet normal 8.890707e-001 0.000000e+000 -4.577698e-001
      outer loop
         vertex 3.384112e+002 -1.280000e+002 6.288190e+002
         vertex 3.384112e+002 -8.300000e+001 6.288190e+002
         vertex 3.451105e+002 -8.300000e+001 6.427943e+002
      endloop
   endfacet
   facet normal 9.136897e-001 0.000000e+000 -4.064124e-001
      outer loop
         vertex 3.384112e+002 -1.280000e+002 6.288190e+002
         vertex 3.451105e+002 -8.300000e+001 6.427943e+002
         vertex 3.451105e+002 -1.280000e+002 6.427943e+002
      endloop
   endfacet
   facet normal 9.538559e-001 0.000000e+000 -3.002647e-001
      outer loop
         vertex 3.451105e+002 -1.280000e+002 6.427943e+002
         vertex 3.451105e+002 -8.300000e+001 6.427943e+002
         vertex 3.493412e+002 -8.300000e+001 6.577037e+002
      endloop
   endfacet
   facet normal 9.694030e-001 0.000000e+000 -2.454745e-001
      outer loop
         vertex 3.451105e+002 -1.280000e+002 6.427943e+002
         vertex 3.493412e+002 -8.300000e+001 6.577037e+002
         vertex 3.493412e+002 -1.280000e+002 6.577037e+002
      endloop
   endfacet
   facet normal 9.909745e-001 0.000000e+000 -1.340504e-001
      outer loop
         vertex 3.493412e+002 -1.280000e+002 6.577037e+002
         vertex 3.493412e+002 -8.300000e+001 6.577037e+002
         vertex 3.509805e+002 -8.300000e+001 6.731149e+002
      endloop
   endfacet
   facet normal 9.969988e-001 0.000000e+000 -7.741661e-002
      outer loop
         vertex 3.493412e+002 -1.280000e+002 6.577037e+002
         vertex 3.509805e+002 -8.300000e+001 6.731149e+002
         vertex 3.509805e+002 -1.280000e+002 6.731149e+002
      endloop
   endfacet
   facet normal 9.939320e-001 0.000000e+000 1.099957e-001
      outer loop
         vertex 3.499809e+002 -1.305000e+002 6.885807e+002
         vertex 3.506281e+002 -1.305000e+002 6.832182e+002
         vertex 3.506281e+002 -1.280000e+002 6.832182e+002
      endloop
   endfacet
   facet normal 9.998669e-001 0.000000e+000 1.631521e-002
      outer loop
         vertex 3.509805e+002 -1.280000e+002 6.731149e+002
         vertex 3.509805e+002 -8.300000e+001 6.731149e+002
         vertex 3.506281e+002 -1.280000e+002 6.832182e+002
      endloop
   endfacet
   facet normal 9.973227e-001 0.000000e+000 7.312664e-002
      outer loop
         vertex 3.506281e+002 -1.280000e+002 6.832182e+002
         vertex 3.509805e+002 -8.300000e+001 6.731149e+002
         vertex 3.499809e+002 -8.300000e+001 6.885807e+002
      endloop
   endfacet
   facet normal 9.915603e-001 0.000000e+000 1.296462e-001
      outer loop
         vertex 3.506281e+002 -1.280000e+002 6.832182e+002
         vertex 3.499809e+002 -8.300000e+001 6.885807e+002
         vertex 3.499809e+002 -1.305000e+002 6.885807e+002
      endloop
   endfacet
   facet normal 9.787392e-001 0.000000e+000 2.051087e-001
      outer loop
         vertex 3.499809e+002 -1.305000e+002 6.885807e+002
         vertex 3.499809e+002 -8.300000e+001 6.885807e+002
         vertex 3.463715e+002 -8.300000e+001 7.036526e+002
      endloop
   endfacet
   facet normal 9.654750e-001 0.000000e+000 2.604959e-001
      outer loop
         vertex 3.499809e+002 -1.305000e+002 6.885807e+002
         vertex 3.463715e+002 -8.300000e+001 7.036526e+002
         vertex 3.463715e+002 -1.305000e+002 7.036526e+002
      endloop
   endfacet
   facet normal 9.297402e-001 0.000000e+000 3.682163e-001
      outer loop
         vertex 3.463715e+002 -1.305000e+002 7.036526e+002
         vertex 3.463715e+002 -8.300000e+001 7.036526e+002
         vertex 3.402568e+002 -8.300000e+001 7.178934e+002
      endloop
   endfacet
   facet normal 9.072697e-001 0.000000e+000 4.205494e-001
      outer loop
         vertex 3.463715e+002 -1.305000e+002 7.036526e+002
         vertex 3.402568e+002 -8.300000e+001 7.178934e+002
         vertex 3.402568e+002 -1.305000e+002 7.178934e+002
      endloop
   endfacet
   facet normal 8.537741e-001 0.000000e+000 5.206437e-001
      outer loop
         vertex 3.402568e+002 -1.305000e+002 7.178934e+002
         vertex 3.402568e+002 -8.300000e+001 7.178934e+002
         vertex 3.318143e+002 -8.300000e+001 7.308901e+002
      endloop
   endfacet
   facet normal 8.227490e-001 0.000000e+000 5.684049e-001
      outer loop
         vertex 3.402568e+002 -1.305000e+002 7.178934e+002
         vertex 3.318143e+002 -8.300000e+001 7.308901e+002
         vertex 3.318143e+002 -1.305000e+002 7.308901e+002
      endloop
   endfacet
   facet normal 7.530442e-001 0.000000e+000 6.579699e-001
      outer loop
         vertex 3.318143e+002 -1.305000e+002 7.308901e+002
         vertex 3.318143e+002 -8.300000e+001 7.308901e+002
         vertex 3.212888e+002 -8.300000e+001 7.422657e+002
      endloop
   endfacet
   facet normal 7.143645e-001 0.000000e+000 6.997738e-001
      outer loop
         vertex 3.318143e+002 -1.305000e+002 7.308901e+002
         vertex 3.212888e+002 -8.300000e+001 7.422657e+002
         vertex 3.212888e+002 -1.305000e+002 7.422657e+002
      endloop
   endfacet
   facet normal 6.304724e-001 0.000000e+000 7.762117e-001
      outer loop
         vertex 3.212888e+002 -1.305000e+002 7.422657e+002
         vertex 3.212888e+002 -8.300000e+001 7.422657e+002
         vertex 3.089857e+002 -8.300000e+001 7.516903e+002
      endloop
   endfacet
   facet normal 5.852600e-001 0.000000e+000 8.108457e-001
      outer loop
         vertex 3.212888e+002 -1.305000e+002 7.422657e+002
         vertex 3.089857e+002 -8.300000e+001 7.516903e+002
         vertex 3.089857e+002 -1.305000e+002 7.516903e+002
      endloop
   endfacet
   facet normal 4.896137e-001 0.000000e+000 8.719395e-001
      outer loop
         vertex 3.089857e+002 -1.305000e+002 7.516903e+002
         vertex 3.089857e+002 -8.300000e+001 7.516903e+002
         vertex 2.952617e+002 -8.300000e+001 7.588904e+002
      endloop
   endfacet
   facet normal 4.391799e-001 0.000000e+000 8.983992e-001
      outer loop
         vertex 3.089857e+002 -1.305000e+002 7.516903e+002
         vertex 2.952617e+002 -8.300000e+001 7.588904e+002
         vertex 2.952617e+002 -1.305000e+002 7.588904e+002
      endloop
   endfacet
   facet normal 3.345537e-001 0.000000e+000 9.423766e-001
      outer loop
         vertex 2.952617e+002 -1.305000e+002 7.588904e+002
         vertex 2.952617e+002 -8.300000e+001 7.588904e+002
         vertex 2.805150e+002 -8.300000e+001 7.636574e+002
      endloop
   endfacet
   facet normal 2.803615e-001 0.000000e+000 9.598945e-001
      outer loop
         vertex 2.952617e+002 -1.305000e+002 7.588904e+002
         vertex 2.805150e+002 -8.300000e+001 7.636574e+002
         vertex 2.805150e+002 -1.305000e+002 7.636574e+002
      endloop
   endfacet
   facet normal -1.440415e-001 0.000000e+000 9.895716e-001
      outer loop
         vertex 2.520234e+002 -1.305000e+002 7.656497e+002
         vertex 2.520234e+002 -8.300000e+001 7.656497e+002
         vertex 2.367568e+002 -8.300000e+001 7.629815e+002
      endloop
   endfacet
   facet normal -2.001444e-001 0.000000e+000 9.797664e-001
      outer loop
         vertex 2.520234e+002 -1.305000e+002 7.656497e+002
         vertex 2.367568e+002 -8.300000e+001 7.629815e+002
         vertex 2.367568e+002 -1.305000e+002 7.629815e+002
      endloop
   endfacet
   facet normal -3.098728e-001 0.000000e+000 9.507780e-001
      outer loop
         vertex 2.367568e+002 -1.305000e+002 7.629815e+002
         vertex 2.367568e+002 -8.300000e+001 7.629815e+002
         vertex 2.221643e+002 -8.300000e+001 7.577615e+002
      endloop
   endfacet
   facet normal -3.634983e-001 0.000000e+000 9.315948e-001
      outer loop
         vertex 2.367568e+002 -1.305000e+002 7.629815e+002
         vertex 2.221643e+002 -8.300000e+001 7.577615e+002
         vertex 2.221643e+002 -1.305000e+002 7.577615e+002
      endloop
   endfacet
   facet normal -4.667163e-001 0.000000e+000 8.844071e-001
      outer loop
         vertex 2.221643e+002 -1.305000e+002 7.577615e+002
         vertex 2.221643e+002 -8.300000e+001 7.577615e+002
         vertex 2.086692e+002 -8.300000e+001 7.501409e+002
      endloop
   endfacet
   facet normal -5.163088e-001 0.000000e+000 8.564024e-001
      outer loop
         vertex 2.221643e+002 -1.305000e+002 7.577615e+002
         vertex 2.086692e+002 -8.300000e+001 7.501409e+002
         vertex 2.086692e+002 -1.305000e+002 7.501409e+002
      endloop
   endfacet
   facet normal -6.100226e-001 0.000000e+000 7.923839e-001
      outer loop
         vertex 2.086692e+002 -1.305000e+002 7.501409e+002
         vertex 2.086692e+002 -8.300000e+001 7.501409e+002
         vertex 1.966630e+002 -8.300000e+001 7.403408e+002
      endloop
   endfacet
   facet normal -6.541439e-001 0.000000e+000 7.563701e-001
      outer loop
         vertex 2.086692e+002 -1.305000e+002 7.501409e+002
         vertex 1.966630e+002 -8.300000e+001 7.403408e+002
         vertex 1.966630e+002 -1.305000e+002 7.403408e+002
      endloop
   endfacet
   facet normal -7.356354e-001 0.000000e+000 6.773777e-001
      outer loop
         vertex 1.966630e+002 -1.305000e+002 7.403408e+002
         vertex 1.966630e+002 -8.300000e+001 7.403408e+002
         vertex 1.864939e+002 -8.300000e+001 7.286456e+002
      endloop
   endfacet
   facet normal -7.730056e-001 0.000000e+000 6.343992e-001
      outer loop
         vertex 1.966630e+002 -1.305000e+002 7.403408e+002
         vertex 1.864939e+002 -8.300000e+001 7.286456e+002
         vertex 1.864939e+002 -1.305000e+002 7.286456e+002
      endloop
   endfacet
   facet normal -8.399109e-001 0.000000e+000 5.427242e-001
      outer loop
         vertex 1.864939e+002 -1.305000e+002 7.286456e+002
         vertex 1.864939e+002 -8.300000e+001 7.286456e+002
         vertex 1.784568e+002 -8.300000e+001 7.153943e+002
      endloop
   endfacet
   facet normal -8.694462e-001 0.000000e+000 4.940276e-001
      outer loop
         vertex 1.864939e+002 -1.305000e+002 7.286456e+002
         vertex 1.784568e+002 -8.300000e+001 7.153943e+002
         vertex 1.784568e+002 -1.305000e+002 7.153943e+002
      endloop
   endfacet
   facet normal -9.198250e-001 0.000000e+000 3.923289e-001
      outer loop
         vertex 1.784568e+002 -1.305000e+002 7.153943e+002
         vertex 1.784568e+002 -8.300000e+001 7.153943e+002
         vertex 1.727848e+002 -8.300000e+001 7.009714e+002
      endloop
   endfacet
   facet normal -9.406686e-001 0.000000e+000 3.393268e-001
      outer loop
         vertex 1.784568e+002 -1.305000e+002 7.153943e+002
         vertex 1.727848e+002 -8.300000e+001 7.009714e+002
         vertex 1.727848e+002 -1.305000e+002 7.009714e+002
      endloop
   endfacet
   facet normal -9.730595e-001 0.000000e+000 2.305542e-001
      outer loop
         vertex 1.727848e+002 -1.305000e+002 7.009714e+002
         vertex 1.727848e+002 -8.300000e+001 7.009714e+002
         vertex 1.696426e+002 -8.300000e+001 6.857952e+002
      endloop
   endfacet
   facet normal -9.846068e-001 0.000000e+000 1.747837e-001
      outer loop
         vertex 1.727848e+002 -1.305000e+002 7.009714e+002
         vertex 1.696426e+002 -8.300000e+001 6.857952e+002
         vertex 1.696426e+002 -1.305000e+002 6.857952e+002
      endloop
   endfacet
   facet normal -9.940199e-001 0.000000e+000 1.091992e-001
      outer loop
         vertex 1.696426e+002 -1.305000e+002 6.857952e+002
         vertex 1.696426e+002 -8.300000e+001 6.857952e+002
         vertex 1.693719e+002 -1.280000e+002 6.832182e+002
      endloop
   endfacet
   facet normal -9.950116e-001 0.000000e+000 9.975861e-002
      outer loop
         vertex 1.696426e+002 -1.305000e+002 6.857952e+002
         vertex 1.693719e+002 -1.280000e+002 6.832182e+002
         vertex 1.693719e+002 -1.305000e+002 6.832182e+002
      endloop
   endfacet
   facet normal -9.998477e-001 0.000000e+000 1.745241e-002
      outer loop
         vertex 1.691434e+002 -1.440000e+002 6.832182e+002
         vertex 1.690554e+002 -1.440000e+002 6.781758e+002
         vertex 1.690554e+002 -2.011542e+002 6.781758e+002
      endloop
   endfacet
   facet normal -9.998477e-001 0.000000e+000 1.745241e-002
      outer loop
         vertex 1.743007e+002 -1.305000e+002 9.786747e+002
         vertex 1.691434e+002 -1.305000e+002 6.832182e+002
         vertex 1.704077e+002 -1.589232e+002 7.556441e+002
      endloop
   endfacet
   facet normal -9.998477e-001 0.000000e+000 1.745241e-002
      outer loop
         vertex 1.704077e+002 -1.589232e+002 7.556441e+002
         vertex 1.691434e+002 -1.305000e+002 6.832182e+002
         vertex 1.691434e+002 -1.440000e+002 6.832182e+002
      endloop
   endfacet
   facet normal -9.998477e-001 0.000000e+000 1.745241e-002
      outer loop
         vertex 1.704077e+002 -1.589232e+002 7.556441e+002
         vertex 1.691434e+002 -1.440000e+002 6.832182e+002
         vertex 1.694363e+002 -2.127554e+002 6.999946e+002
      endloop
   endfacet
   facet normal -9.998477e-001 0.000000e+000 1.745241e-002
      outer loop
         vertex 1.694363e+002 -2.127554e+002 6.999946e+002
         vertex 1.691434e+002 -1.440000e+002 6.832182e+002
         vertex 1.690554e+002 -2.011542e+002 6.781758e+002
      endloop
   endfacet
   facet normal -9.856622e-001 -1.643612e-001 3.815109e-002
      outer loop
         vertex 1.924370e+002 -2.696320e+002 8.478369e+002
         vertex 1.934155e+002 -2.755000e+002 8.478369e+002
         vertex 2.007280e+002 -2.755000e+002 1.036762e+003
      endloop
   endfacet
   facet normal -9.856622e-001 -1.643612e-001 3.815109e-002
      outer loop
         vertex 2.007280e+002 -2.755000e+002 1.036762e+003
         vertex 1.765490e+002 -1.305000e+002 1.036762e+003
         vertex 1.924370e+002 -2.696320e+002 8.478369e+002
      endloop
   endfacet
   facet normal -9.856622e-001 -1.643612e-001 3.815109e-002
      outer loop
         vertex 1.924370e+002 -2.696320e+002 8.478369e+002
         vertex 1.765490e+002 -1.305000e+002 1.036762e+003
         vertex 1.743007e+002 -1.305000e+002 9.786747e+002
      endloop
   endfacet
   facet normal -9.856622e-001 -1.643612e-001 3.815109e-002
      outer loop
         vertex 1.924370e+002 -2.696320e+002 8.478369e+002
         vertex 1.743007e+002 -1.305000e+002 9.786747e+002
         vertex 1.902614e+002 -2.639998e+002 8.158947e+002
      endloop
   endfacet
   facet normal -9.856622e-001 -1.643612e-001 3.815109e-002
      outer loop
         vertex 1.902614e+002 -2.639998e+002 8.158947e+002
         vertex 1.743007e+002 -1.305000e+002 9.786747e+002
         vertex 1.704077e+002 -1.589232e+002 7.556441e+002
      endloop
   endfacet
   facet normal -9.856622e-001 -1.643612e-001 3.815109e-002
      outer loop
         vertex 1.902614e+002 -2.639998e+002 8.158947e+002
         vertex 1.704077e+002 -1.589232e+002 7.556441e+002
         vertex 1.842726e+002 -2.420703e+002 7.556441e+002
      endloop
   endfacet
   facet normal -9.861594e-001 -1.644441e-001 2.116316e-002
      outer loop
         vertex 2.026248e+002 -2.625558e+002 1.225728e+003
         vertex 1.806042e+002 -1.305000e+002 1.225728e+003
         vertex 2.030634e+002 -2.722915e+002 1.170514e+003
      endloop
   endfacet
   facet normal -9.861594e-001 -1.644441e-001 2.116316e-002
      outer loop
         vertex 2.030634e+002 -2.722915e+002 1.170514e+003
         vertex 1.806042e+002 -1.305000e+002 1.225728e+003
         vertex 1.765490e+002 -1.305000e+002 1.036762e+003
      endloop
   endfacet
   facet normal -9.861594e-001 -1.644441e-001 2.116316e-002
      outer loop
         vertex 2.030634e+002 -2.722915e+002 1.170514e+003
         vertex 1.765490e+002 -1.305000e+002 1.036762e+003
         vertex 2.022845e+002 -2.755000e+002 1.109292e+003
      endloop
   endfacet
   facet normal -9.861594e-001 -1.644441e-001 2.116316e-002
      outer loop
         vertex 2.022845e+002 -2.755000e+002 1.109292e+003
         vertex 1.765490e+002 -1.305000e+002 1.036762e+003
         vertex 2.007280e+002 -2.755000e+002 1.036762e+003
      endloop
   endfacet
   facet normal -9.767809e-001 -1.628802e-001 -1.391731e-001
      outer loop
         vertex 1.804397e+002 -2.189356e+002 1.330382e+003
         vertex 1.788303e+002 -1.305000e+002 1.238178e+003
         vertex 1.927841e+002 -2.473317e+002 1.276977e+003
      endloop
   endfacet
   facet normal -9.767809e-001 -1.628802e-001 -1.391731e-001
      outer loop
         vertex 1.927841e+002 -2.473317e+002 1.276977e+003
         vertex 1.788303e+002 -1.305000e+002 1.238178e+003
         vertex 1.806042e+002 -1.305000e+002 1.225728e+003
      endloop
   endfacet
   facet normal -9.767809e-001 -1.628802e-001 -1.391731e-001
      outer loop
         vertex 1.927841e+002 -2.473317e+002 1.276977e+003
         vertex 1.806042e+002 -1.305000e+002 1.225728e+003
         vertex 2.020346e+002 -2.619503e+002 1.229162e+003
      endloop
   endfacet
   facet normal -9.767809e-001 -1.628802e-001 -1.391731e-001
      outer loop
         vertex 2.020346e+002 -2.619503e+002 1.229162e+003
         vertex 1.806042e+002 -1.305000e+002 1.225728e+003
         vertex 2.026248e+002 -2.625558e+002 1.225728e+003
      endloop
   endfacet
   facet normal -9.998477e-001 0.000000e+000 1.745241e-002
      outer loop
         vertex 1.806868e+002 -1.305000e+002 1.344539e+003
         vertex 1.788303e+002 -1.305000e+002 1.238178e+003
         vertex 1.806868e+002 -1.345000e+002 1.344539e+003
      endloop
   endfacet
   facet normal -9.998477e-001 0.000000e+000 1.745241e-002
      outer loop
         vertex 1.806868e+002 -1.345000e+002 1.344539e+003
         vertex 1.788303e+002 -1.305000e+002 1.238178e+003
         vertex 1.804397e+002 -2.189356e+002 1.330382e+003
      endloop
   endfacet
   facet normal -9.998477e-001 0.000000e+000 1.745241e-002
      outer loop
         vertex 1.806868e+002 -1.345000e+002 1.344539e+003
         vertex 1.804397e+002 -2.189356e+002 1.330382e+003
         vertex 1.807578e+002 -1.345000e+002 1.348603e+003
      endloop
   endfacet
   facet normal -9.998477e-001 0.000000e+000 1.745241e-002
      outer loop
         vertex 1.807578e+002 -1.345000e+002 1.348603e+003
         vertex 1.804397e+002 -2.189356e+002 1.330382e+003
         vertex 1.807578e+002 -2.092474e+002 1.348603e+003
      endloop
   endfacet
   facet normal -9.917396e-001 0.000000e+000 -1.282677e-001
      outer loop
         vertex 1.817956e+002 -1.305000e+002 1.338146e+003
         vertex 1.806868e+002 -1.305000e+002 1.344539e+003
         vertex 1.800721e+002 -1.170000e+002 1.351605e+003
      endloop
   endfacet
   facet normal -9.878993e-001 0.000000e+000 -1.550965e-001
      outer loop
         vertex 1.800721e+002 -1.170000e+002 1.351605e+003
         vertex 1.817956e+002 -1.170000e+002 1.338146e+003
         vertex 1.817956e+002 -1.305000e+002 1.338146e+003
      endloop
   endfacet
   facet normal -9.640865e-001 0.000000e+000 -2.655886e-001
      outer loop
         vertex 1.817956e+002 -1.305000e+002 1.338146e+003
         vertex 1.817956e+002 -1.170000e+002 1.338146e+003
         vertex 1.857689e+002 -1.170000e+002 1.325172e+003
      endloop
   endfacet
   facet normal -9.474779e-001 0.000000e+000 -3.198213e-001
      outer loop
         vertex 1.817956e+002 -1.305000e+002 1.338146e+003
         vertex 1.857689e+002 -1.170000e+002 1.325172e+003
         vertex 1.857689e+002 -1.305000e+002 1.325172e+003
      endloop
   endfacet
   facet normal -9.053342e-001 0.000000e+000 -4.246998e-001
      outer loop
         vertex 1.857689e+002 -1.305000e+002 1.325172e+003
         vertex 1.857689e+002 -1.170000e+002 1.325172e+003
         vertex 1.918777e+002 -1.170000e+002 1.313055e+003
      endloop
   endfacet
   facet normal -8.797992e-001 0.000000e+000 -4.753455e-001
      outer loop
         vertex 1.857689e+002 -1.305000e+002 1.325172e+003
         vertex 1.918777e+002 -1.170000e+002 1.313055e+003
         vertex 1.918777e+002 -1.305000e+002 1.313055e+003
      endloop
   endfacet
   facet normal -8.205372e-001 0.000000e+000 -5.715931e-001
      outer loop
         vertex 1.918777e+002 -1.305000e+002 1.313055e+003
         vertex 1.918777e+002 -1.170000e+002 1.313055e+003
         vertex 1.999462e+002 -1.170000e+002 1.302146e+003
      endloop
   endfacet
   facet normal -7.868103e-001 0.000000e+000 -6.171949e-001
      outer loop
         vertex 1.918777e+002 -1.305000e+002 1.313055e+003
         vertex 1.999462e+002 -1.170000e+002 1.302146e+003
         vertex 1.999462e+002 -1.305000e+002 1.302146e+003
      endloop
   endfacet
   facet normal -7.121348e-001 0.000000e+000 -7.020428e-001
      outer loop
         vertex 1.999462e+002 -1.305000e+002 1.302146e+003
         vertex 1.999462e+002 -1.170000e+002 1.302146e+003
         vertex 2.097424e+002 -1.170000e+002 1.292757e+003
      endloop
   endfacet
   facet normal -6.711863e-001 0.000000e+000 -7.412888e-001
      outer loop
         vertex 1.999462e+002 -1.305000e+002 1.302146e+003
         vertex 2.097424e+002 -1.170000e+002 1.292757e+003
         vertex 2.097424e+002 -1.305000e+002 1.292757e+003
      endloop
   endfacet
   facet normal -5.832456e-001 0.000000e+000 -8.122959e-001
      outer loop
         vertex 2.097424e+002 -1.305000e+002 1.292757e+003
         vertex 2.097424e+002 -1.170000e+002 1.292757e+003
         vertex 2.209844e+002 -1.170000e+002 1.285159e+003
      endloop
   endfacet
   facet normal -5.362535e-001 0.000000e+000 -8.440570e-001
      outer loop
         vertex 2.097424e+002 -1.305000e+002 1.292757e+003
         vertex 2.209844e+002 -1.170000e+002 1.285159e+003
         vertex 2.209844e+002 -1.305000e+002 1.285159e+003
      endloop
   endfacet
   facet normal -4.375775e-001 0.000000e+000 -8.991807e-001
      outer loop
         vertex 2.209844e+002 -1.305000e+002 1.285159e+003
         vertex 2.209844e+002 -1.170000e+002 1.285159e+003
         vertex 2.333488e+002 -1.170000e+002 1.279570e+003
      endloop
   endfacet
   facet normal -3.858936e-001 0.000000e+000 -9.225433e-001
      outer loop
         vertex 2.209844e+002 -1.305000e+002 1.285159e+003
         vertex 2.333488e+002 -1.170000e+002 1.279570e+003
         vertex 2.333488e+002 -1.305000e+002 1.279570e+003
      endloop
   endfacet
   facet normal -2.793211e-001 0.000000e+000 -9.601977e-001
      outer loop
         vertex 2.333488e+002 -1.305000e+002 1.279570e+003
         vertex 2.333488e+002 -1.170000e+002 1.279570e+003
         vertex 2.464799e+002 -1.170000e+002 1.276151e+003
      endloop
   endfacet
   facet normal -2.244324e-001 0.000000e+000 -9.744897e-001
      outer loop
         vertex 2.333488e+002 -1.305000e+002 1.279570e+003
         vertex 2.464799e+002 -1.170000e+002 1.276151e+003
         vertex 2.464799e+002 -1.305000e+002 1.276151e+003
      endloop
   endfacet
   facet normal -1.130291e-001 0.000000e+000 -9.935917e-001
      outer loop
         vertex 2.464799e+002 -1.305000e+002 1.276151e+003
         vertex 2.464799e+002 -1.170000e+002 1.276151e+003
         vertex 2.600000e+002 -1.170000e+002 1.275000e+003
      endloop
   endfacet
   facet normal -5.651454e-002 0.000000e+000 -9.984018e-001
      outer loop
         vertex 2.464799e+002 -1.305000e+002 1.276151e+003
         vertex 2.600000e+002 -1.170000e+002 1.275000e+003
         vertex 2.600000e+002 -1.305000e+002 1.275000e+003
      endloop
   endfacet
   facet normal 5.651454e-002 0.000000e+000 -9.984018e-001
      outer loop
         vertex 2.600000e+002 -1.305000e+002 1.275000e+003
         vertex 2.600000e+002 -1.170000e+002 1.275000e+003
         vertex 2.735201e+002 -1.170000e+002 1.276151e+003
      endloop
   endfacet
   facet normal 1.130291e-001 0.000000e+000 -9.935917e-001
      outer loop
         vertex 2.600000e+002 -1.305000e+002 1.275000e+003
         vertex 2.735201e+002 -1.170000e+002 1.276151e+003
         vertex 2.735201e+002 -1.305000e+002 1.276151e+003
      endloop
   endfacet
   facet normal 2.244324e-001 0.000000e+000 -9.744897e-001
      outer loop
         vertex 2.735201e+002 -1.305000e+002 1.276151e+003
         vertex 2.735201e+002 -1.170000e+002 1.276151e+003
         vertex 2.866512e+002 -1.170000e+002 1.279570e+003
      endloop
   endfacet
   facet normal 2.793211e-001 0.000000e+000 -9.601977e-001
      outer loop
         vertex 2.735201e+002 -1.305000e+002 1.276151e+003
         vertex 2.866512e+002 -1.170000e+002 1.279570e+003
         vertex 2.866512e+002 -1.305000e+002 1.279570e+003
      endloop
   endfacet
   facet normal 3.858936e-001 0.000000e+000 -9.225433e-001
      outer loop
         vertex 2.866512e+002 -1.305000e+002 1.279570e+003
         vertex 2.866512e+002 -1.170000e+002 1.279570e+003
         vertex 2.990156e+002 -1.170000e+002 1.285159e+003
      endloop
   endfacet
   facet normal 4.375775e-001 0.000000e+000 -8.991807e-001
      outer loop
         vertex 2.866512e+002 -1.305000e+002 1.279570e+003
         vertex 2.990156e+002 -1.170000e+002 1.285159e+003
         vertex 2.990156e+002 -1.305000e+002 1.285159e+003
      endloop
   endfacet
   facet normal 5.362535e-001 0.000000e+000 -8.440570e-001
      outer loop
         vertex 2.990156e+002 -1.305000e+002 1.285159e+003
         vertex 2.990156e+002 -1.170000e+002 1.285159e+003
         vertex 3.102576e+002 -1.170000e+002 1.292757e+003
      endloop
   endfacet
   facet normal 5.832456e-001 0.000000e+000 -8.122959e-001
      outer loop
         vertex 2.990156e+002 -1.305000e+002 1.285159e+003
         vertex 3.102576e+002 -1.170000e+002 1.292757e+003
         vertex 3.102576e+002 -1.305000e+002 1.292757e+003
      endloop
   endfacet
   facet normal 6.711863e-001 0.000000e+000 -7.412888e-001
      outer loop
         vertex 3.102576e+002 -1.305000e+002 1.292757e+003
         vertex 3.102576e+002 -1.170000e+002 1.292757e+003
         vertex 3.200538e+002 -1.170000e+002 1.302146e+003
      endloop
   endfacet
   facet normal 7.121348e-001 0.000000e+000 -7.020428e-001
      outer loop
         vertex 3.102576e+002 -1.305000e+002 1.292757e+003
         vertex 3.200538e+002 -1.170000e+002 1.302146e+003
         vertex 3.200538e+002 -1.305000e+002 1.302146e+003
      endloop
   endfacet
   facet normal 7.868103e-001 0.000000e+000 -6.171949e-001
      outer loop
         vertex 3.200538e+002 -1.305000e+002 1.302146e+003
         vertex 3.200538e+002 -1.170000e+002 1.302146e+003
         vertex 3.281223e+002 -1.170000e+002 1.313055e+003
      endloop
   endfacet
   facet normal 8.205372e-001 0.000000e+000 -5.715931e-001
      outer loop
         vertex 3.200538e+002 -1.305000e+002 1.302146e+003
         vertex 3.281223e+002 -1.170000e+002 1.313055e+003
         vertex 3.281223e+002 -1.305000e+002 1.313055e+003
      endloop
   endfacet
   facet normal 8.797992e-001 0.000000e+000 -4.753455e-001
      outer loop
         vertex 3.281223e+002 -1.305000e+002 1.313055e+003
         vertex 3.281223e+002 -1.170000e+002 1.313055e+003
         vertex 3.342311e+002 -1.170000e+002 1.325172e+003
      endloop
   endfacet
   facet normal 9.053342e-001 0.000000e+000 -4.246998e-001
      outer loop
         vertex 3.281223e+002 -1.305000e+002 1.313055e+003
         vertex 3.342311e+002 -1.170000e+002 1.325172e+003
         vertex 3.342311e+002 -1.305000e+002 1.325172e+003
      endloop
   endfacet
   facet normal 9.474779e-001 0.000000e+000 -3.198213e-001
      outer loop
         vertex 3.342311e+002 -1.305000e+002 1.325172e+003
         vertex 3.342311e+002 -1.170000e+002 1.325172e+003
         vertex 3.382044e+002 -1.170000e+002 1.338146e+003
      endloop
   endfacet
   facet normal 9.640865e-001 0.000000e+000 -2.655886e-001
      outer loop
         vertex 3.342311e+002 -1.305000e+002 1.325172e+003
         vertex 3.382044e+002 -1.170000e+002 1.338146e+003
         vertex 3.382044e+002 -1.305000e+002 1.338146e+003
      endloop
   endfacet
   facet normal 9.828937e-001 0.000000e+000 -1.841735e-001
      outer loop
         vertex 3.382044e+002 -1.305000e+002 1.338146e+003
         vertex 3.382044e+002 -1.170000e+002 1.338146e+003
         vertex 3.393131e+002 -1.305000e+002 1.344539e+003
      endloop
   endfacet
   facet normal 9.917396e-001 0.000000e+000 -1.282677e-001
      outer loop
         vertex 3.393131e+002 -1.305000e+002 1.344539e+003
         vertex 3.382044e+002 -1.170000e+002 1.338146e+003
         vertex 3.399279e+002 -1.170000e+002 1.351605e+003
      endloop
   endfacet
   facet normal 9.948449e-001 0.000000e+000 -1.014076e-001
      outer loop
         vertex 3.393131e+002 -1.305000e+002 1.344539e+003
         vertex 3.399279e+002 -1.170000e+002 1.351605e+003
         vertex 3.393131e+002 -1.345000e+002 1.344539e+003
      endloop
   endfacet
   facet normal 9.974087e-001 0.000000e+000 -7.194293e-002
      outer loop
         vertex 3.393131e+002 -1.345000e+002 1.344539e+003
         vertex 3.399279e+002 -1.170000e+002 1.351605e+003
         vertex 3.399279e+002 -1.345000e+002 1.351605e+003
      endloop
   endfacet
   facet normal 9.999007e-001 0.000000e+000 1.409025e-002
      outer loop
         vertex 3.399279e+002 -1.345000e+002 1.351605e+003
         vertex 3.399279e+002 -1.170000e+002 1.351605e+003
         vertex 3.393521e+002 -1.170000e+002 1.365161e+003
      endloop
   endfacet
   facet normal 9.974935e-001 0.000000e+000 7.075802e-002
      outer loop
         vertex 3.399279e+002 -1.345000e+002 1.351605e+003
         vertex 3.393521e+002 -1.170000e+002 1.365161e+003
         vertex 3.393521e+002 -1.345000e+002 1.365161e+003
      endloop
   endfacet
   facet normal 9.831368e-001 0.000000e+000 1.828716e-001
      outer loop
         vertex 3.393521e+002 -1.345000e+002 1.365161e+003
         vertex 3.393521e+002 -1.170000e+002 1.365161e+003
         vertex 3.364933e+002 -1.170000e+002 1.378426e+003
      endloop
   endfacet
   facet normal 9.711873e-001 0.000000e+000 2.383175e-001
      outer loop
         vertex 3.393521e+002 -1.345000e+002 1.365161e+003
         vertex 3.364933e+002 -1.170000e+002 1.378426e+003
         vertex 3.364933e+002 -1.345000e+002 1.378426e+003
      endloop
   endfacet
   facet normal 9.380898e-001 0.000000e+000 3.463921e-001
      outer loop
         vertex 3.364933e+002 -1.345000e+002 1.378426e+003
         vertex 3.364933e+002 -1.170000e+002 1.378426e+003
         vertex 3.314341e+002 -1.170000e+002 1.391016e+003
      endloop
   endfacet
   facet normal 9.169418e-001 0.000000e+000 3.990209e-001
      outer loop
         vertex 3.364933e+002 -1.345000e+002 1.378426e+003
         vertex 3.314341e+002 -1.170000e+002 1.391016e+003
         vertex 3.314341e+002 -1.345000e+002 1.391016e+003
      endloop
   endfacet
   facet normal 8.660557e-001 0.000000e+000 4.999475e-001
      outer loop
         vertex 3.314341e+002 -1.345000e+002 1.391016e+003
         vertex 3.314341e+002 -1.170000e+002 1.391016e+003
         vertex 3.243198e+002 -1.170000e+002 1.402571e+003
      endloop
   endfacet
   facet normal 8.363176e-001 0.000000e+000 5.482453e-001
      outer loop
         vertex 3.314341e+002 -1.345000e+002 1.391016e+003
         vertex 3.243198e+002 -1.170000e+002 1.402571e+003
         vertex 3.243198e+002 -1.345000e+002 1.402571e+003
      endloop
   endfacet
   facet normal 7.691067e-001 0.000000e+000 6.391203e-001
      outer loop
         vertex 3.243198e+002 -1.345000e+002 1.402571e+003
         vertex 3.243198e+002 -1.170000e+002 1.402571e+003
         vertex 3.153551e+002 -1.170000e+002 1.412756e+003
      endloop
   endfacet
   facet normal 7.316340e-001 0.000000e+000 6.816977e-001
      outer loop
         vertex 3.243198e+002 -1.345000e+002 1.402571e+003
         vertex 3.153551e+002 -1.170000e+002 1.412756e+003
         vertex 3.153551e+002 -1.345000e+002 1.412756e+003
      endloop
   endfacet
   facet normal 6.500320e-001 0.000000e+000 7.599069e-001
      outer loop
         vertex 3.153551e+002 -1.345000e+002 1.412756e+003
         vertex 3.153551e+002 -1.170000e+002 1.412756e+003
         vertex 3.047980e+002 -1.170000e+002 1.421281e+003
      endloop
   endfacet
   facet normal 6.059027e-001 0.000000e+000 7.955388e-001
      outer loop
         vertex 3.153551e+002 -1.345000e+002 1.412756e+003
         vertex 3.047980e+002 -1.170000e+002 1.421281e+003
         vertex 3.047980e+002 -1.345000e+002 1.421281e+003
      endloop
   endfacet
   facet normal 5.122570e-001 0.000000e+000 8.588322e-001
      outer loop
         vertex 3.047980e+002 -1.345000e+002 1.421281e+003
         vertex 3.047980e+002 -1.170000e+002 1.421281e+003
         vertex 2.929521e+002 -1.170000e+002 1.427898e+003
      endloop
   endfacet
   facet normal 4.627406e-001 0.000000e+000 8.864937e-001
      outer loop
         vertex 3.047980e+002 -1.345000e+002 1.421281e+003
         vertex 2.929521e+002 -1.170000e+002 1.427898e+003
         vertex 2.929521e+002 -1.345000e+002 1.427898e+003
      endloop
   endfacet
   facet normal 3.597453e-001 0.000000e+000 9.330506e-001
      outer loop
         vertex 2.929521e+002 -1.345000e+002 1.427898e+003
         vertex 2.929521e+002 -1.170000e+002 1.427898e+003
         vertex 2.801583e+002 -1.170000e+002 1.432419e+003
      endloop
   endfacet
   facet normal 3.062663e-001 0.000000e+000 9.519458e-001
      outer loop
         vertex 2.929521e+002 -1.345000e+002 1.427898e+003
         vertex 2.801583e+002 -1.170000e+002 1.432419e+003
         vertex 2.801583e+002 -1.345000e+002 1.432419e+003
      endloop
   endfacet
   facet normal 1.968844e-001 0.000000e+000 9.804267e-001
      outer loop
         vertex 2.801583e+002 -1.345000e+002 1.432419e+003
         vertex 2.801583e+002 -1.170000e+002 1.432419e+003
         vertex 2.667845e+002 -1.170000e+002 1.434712e+003
      endloop
   endfacet
   facet normal 1.409813e-001 0.000000e+000 9.900123e-001
      outer loop
         vertex 2.801583e+002 -1.345000e+002 1.432419e+003
         vertex 2.667845e+002 -1.170000e+002 1.434712e+003
         vertex 2.667845e+002 -1.345000e+002 1.434712e+003
      endloop
   endfacet
   facet normal 2.835944e-002 0.000000e+000 9.995977e-001
      outer loop
         vertex 2.667845e+002 -1.345000e+002 1.434712e+003
         vertex 2.667845e+002 -1.170000e+002 1.434712e+003
         vertex 2.532155e+002 -1.170000e+002 1.434712e+003
      endloop
   endfacet
   facet normal -2.835944e-002 0.000000e+000 9.995977e-001
      outer loop
         vertex 2.667845e+002 -1.345000e+002 1.434712e+003
         vertex 2.532155e+002 -1.170000e+002 1.434712e+003
         vertex 2.532155e+002 -1.345000e+002 1.434712e+003
      endloop
   endfacet
   facet normal -1.409813e-001 0.000000e+000 9.900123e-001
      outer loop
         vertex 2.532155e+002 -1.345000e+002 1.434712e+003
         vertex 2.532155e+002 -1.170000e+002 1.434712e+003
         vertex 2.398418e+002 -1.170000e+002 1.432419e+003
      endloop
   endfacet
   facet normal -1.968844e-001 0.000000e+000 9.804267e-001
      outer loop
         vertex 2.532155e+002 -1.345000e+002 1.434712e+003
         vertex 2.398418e+002 -1.170000e+002 1.432419e+003
         vertex 2.398418e+002 -1.345000e+002 1.432419e+003
      endloop
   endfacet
   facet normal -3.062663e-001 0.000000e+000 9.519458e-001
      outer loop
         vertex 2.398418e+002 -1.345000e+002 1.432419e+003
         vertex 2.398418e+002 -1.170000e+002 1.432419e+003
         vertex 2.270479e+002 -1.170000e+002 1.427898e+003
      endloop
   endfacet
   facet normal -3.597453e-001 0.000000e+000 9.330506e-001
      outer loop
         vertex 2.398418e+002 -1.345000e+002 1.432419e+003
         vertex 2.270479e+002 -1.170000e+002 1.427898e+003
         vertex 2.270479e+002 -1.345000e+002 1.427898e+003
      endloop
   endfacet
   facet normal -4.627406e-001 0.000000e+000 8.864937e-001
      outer loop
         vertex 2.270479e+002 -1.345000e+002 1.427898e+003
         vertex 2.270479e+002 -1.170000e+002 1.427898e+003
         vertex 2.152020e+002 -1.170000e+002 1.421281e+003
      endloop
   endfacet
   facet normal -5.122570e-001 0.000000e+000 8.588322e-001
      outer loop
         vertex 2.270479e+002 -1.345000e+002 1.427898e+003
         vertex 2.152020e+002 -1.170000e+002 1.421281e+003
         vertex 2.152020e+002 -1.345000e+002 1.421281e+003
      endloop
   endfacet
   facet normal -6.059027e-001 0.000000e+000 7.955388e-001
      outer loop
         vertex 2.152020e+002 -1.345000e+002 1.421281e+003
         vertex 2.152020e+002 -1.170000e+002 1.421281e+003
         vertex 2.046449e+002 -1.170000e+002 1.412756e+003
      endloop
   endfacet
   facet normal -6.500320e-001 0.000000e+000 7.599069e-001
      outer loop
         vertex 2.152020e+002 -1.345000e+002 1.421281e+003
         vertex 2.046449e+002 -1.170000e+002 1.412756e+003
         vertex 2.046449e+002 -1.345000e+002 1.412756e+003
      endloop
   endfacet
   facet normal -7.316340e-001 0.000000e+000 6.816977e-001
      outer loop
         vertex 2.046449e+002 -1.345000e+002 1.412756e+003
         vertex 2.046449e+002 -1.170000e+002 1.412756e+003
         vertex 1.956802e+002 -1.170000e+002 1.402571e+003
      endloop
   endfacet
   facet normal -7.691067e-001 0.000000e+000 6.391203e-001
      outer loop
         vertex 2.046449e+002 -1.345000e+002 1.412756e+003
         vertex 1.956802e+002 -1.170000e+002 1.402571e+003
         vertex 1.956802e+002 -1.345000e+002 1.402571e+003
      endloop
   endfacet
   facet normal -8.363176e-001 0.000000e+000 5.482453e-001
      outer loop
         vertex 1.956802e+002 -1.345000e+002 1.402571e+003
         vertex 1.956802e+002 -1.170000e+002 1.402571e+003
         vertex 1.885659e+002 -1.170000e+002 1.391016e+003
      endloop
   endfacet
   facet normal -8.660557e-001 0.000000e+000 4.999475e-001
      outer loop
         vertex 1.956802e+002 -1.345000e+002 1.402571e+003
         vertex 1.885659e+002 -1.170000e+002 1.391016e+003
         vertex 1.885659e+002 -1.345000e+002 1.391016e+003
      endloop
   endfacet
   facet normal -9.169418e-001 0.000000e+000 3.990209e-001
      outer loop
         vertex 1.885659e+002 -1.345000e+002 1.391016e+003
         vertex 1.885659e+002 -1.170000e+002 1.391016e+003
         vertex 1.835067e+002 -1.170000e+002 1.378426e+003
      endloop
   endfacet
   facet normal -9.380898e-001 0.000000e+000 3.463921e-001
      outer loop
         vertex 1.885659e+002 -1.345000e+002 1.391016e+003
         vertex 1.835067e+002 -1.170000e+002 1.378426e+003
         vertex 1.835067e+002 -1.345000e+002 1.378426e+003
      endloop
   endfacet
   facet normal -9.711873e-001 0.000000e+000 2.383175e-001
      outer loop
         vertex 1.835067e+002 -1.345000e+002 1.378426e+003
         vertex 1.835067e+002 -1.170000e+002 1.378426e+003
         vertex 1.806480e+002 -1.170000e+002 1.365161e+003
      endloop
   endfacet
   facet normal -9.831368e-001 0.000000e+000 1.828716e-001
      outer loop
         vertex 1.835067e+002 -1.345000e+002 1.378426e+003
         vertex 1.806480e+002 -1.170000e+002 1.365161e+003
         vertex 1.806480e+002 -1.345000e+002 1.365161e+003
      endloop
   endfacet
   facet normal -9.974935e-001 0.000000e+000 7.075802e-002
      outer loop
         vertex 1.806480e+002 -1.345000e+002 1.365161e+003
         vertex 1.806480e+002 -1.170000e+002 1.365161e+003
         vertex 1.800721e+002 -1.170000e+002 1.351605e+003
      endloop
   endfacet
   facet normal -9.999007e-001 0.000000e+000 1.409025e-002
      outer loop
         vertex 1.806480e+002 -1.345000e+002 1.365161e+003
         vertex 1.800721e+002 -1.170000e+002 1.351605e+003
         vertex 1.800721e+002 -1.345000e+002 1.351605e+003
      endloop
   endfacet
   facet normal -9.974087e-001 0.000000e+000 -7.194294e-002
      outer loop
         vertex 1.800721e+002 -1.345000e+002 1.351605e+003
         vertex 1.800721e+002 -1.170000e+002 1.351605e+003
         vertex 1.806868e+002 -1.305000e+002 1.344539e+003
      endloop
   endfacet
   facet normal -9.948449e-001 0.000000e+000 -1.014076e-001
      outer loop
         vertex 1.800721e+002 -1.345000e+002 1.351605e+003
         vertex 1.806868e+002 -1.305000e+002 1.344539e+003
         vertex 1.806868e+002 -1.345000e+002 1.344539e+003
      endloop
   endfacet
   facet normal 9.998477e-001 0.000000e+000 1.745241e-002
      outer loop
         vertex 3.411697e+002 -1.305000e+002 1.238178e+003
         vertex 3.393131e+002 -1.305000e+002 1.344539e+003
         vertex 3.393131e+002 -1.345000e+002 1.344539e+003
      endloop
   endfacet
   facet normal 9.998477e-001 0.000000e+000 1.745241e-002
      outer loop
         vertex 3.392422e+002 -1.345000e+002 1.348603e+003
         vertex 3.392422e+002 -2.092474e+002 1.348603e+003
         vertex 3.393131e+002 -1.345000e+002 1.344539e+003
      endloop
   endfacet
   facet normal 9.998477e-001 0.000000e+000 1.745241e-002
      outer loop
         vertex 3.393131e+002 -1.345000e+002 1.344539e+003
         vertex 3.392422e+002 -2.092474e+002 1.348603e+003
         vertex 3.395603e+002 -2.189356e+002 1.330382e+003
      endloop
   endfacet
   facet normal 9.998477e-001 0.000000e+000 1.745241e-002
      outer loop
         vertex 3.393131e+002 -1.345000e+002 1.344539e+003
         vertex 3.395603e+002 -2.189356e+002 1.330382e+003
         vertex 3.411697e+002 -1.305000e+002 1.238178e+003
      endloop
   endfacet
   facet normal 9.767809e-001 -1.628802e-001 -1.391731e-001
      outer loop
         vertex 3.179655e+002 -2.619503e+002 1.229162e+003
         vertex 3.173752e+002 -2.625558e+002 1.225728e+003
         vertex 3.393958e+002 -1.305000e+002 1.225728e+003
      endloop
   endfacet
   facet normal 9.767809e-001 -1.628802e-001 -1.391731e-001
      outer loop
         vertex 3.411697e+002 -1.305000e+002 1.238178e+003
         vertex 3.395603e+002 -2.189356e+002 1.330382e+003
         vertex 3.393958e+002 -1.305000e+002 1.225728e+003
      endloop
   endfacet
   facet normal 9.767809e-001 -1.628802e-001 -1.391731e-001
      outer loop
         vertex 3.393958e+002 -1.305000e+002 1.225728e+003
         vertex 3.395603e+002 -2.189356e+002 1.330382e+003
         vertex 3.272159e+002 -2.473317e+002 1.276977e+003
      endloop
   endfacet
   facet normal 9.767809e-001 -1.628802e-001 -1.391731e-001
      outer loop
         vertex 3.393958e+002 -1.305000e+002 1.225728e+003
         vertex 3.272159e+002 -2.473317e+002 1.276977e+003
         vertex 3.179655e+002 -2.619503e+002 1.229162e+003
      endloop
   endfacet
   facet normal 9.861594e-001 -1.644441e-001 2.116316e-002
      outer loop
         vertex 3.177154e+002 -2.755000e+002 1.109292e+003
         vertex 3.192719e+002 -2.755000e+002 1.036762e+003
         vertex 3.434510e+002 -1.305000e+002 1.036762e+003
      endloop
   endfacet
   facet normal 9.861594e-001 -1.644441e-001 2.116316e-002
      outer loop
         vertex 3.177154e+002 -2.755000e+002 1.109292e+003
         vertex 3.434510e+002 -1.305000e+002 1.036762e+003
         vertex 3.169366e+002 -2.722915e+002 1.170514e+003
      endloop
   endfacet
   facet normal 9.861594e-001 -1.644441e-001 2.116316e-002
      outer loop
         vertex 3.169366e+002 -2.722915e+002 1.170514e+003
         vertex 3.434510e+002 -1.305000e+002 1.036762e+003
         vertex 3.393958e+002 -1.305000e+002 1.225728e+003
      endloop
   endfacet
   facet normal 9.861594e-001 -1.644441e-001 2.116316e-002
      outer loop
         vertex 3.169366e+002 -2.722915e+002 1.170514e+003
         vertex 3.393958e+002 -1.305000e+002 1.225728e+003
         vertex 3.173752e+002 -2.625558e+002 1.225728e+003
      endloop
   endfacet
   facet normal 9.856622e-001 -1.643612e-001 3.815109e-002
      outer loop
         vertex 3.357274e+002 -2.420703e+002 7.556441e+002
         vertex 3.495923e+002 -1.589232e+002 7.556441e+002
         vertex 3.297386e+002 -2.639998e+002 8.158947e+002
      endloop
   endfacet
   facet normal 9.856622e-001 -1.643612e-001 3.815109e-002
      outer loop
         vertex 3.297386e+002 -2.639998e+002 8.158947e+002
         vertex 3.495923e+002 -1.589232e+002 7.556441e+002
         vertex 3.456993e+002 -1.305000e+002 9.786747e+002
      endloop
   endfacet
   facet normal 9.856622e-001 -1.643612e-001 3.815109e-002
      outer loop
         vertex 3.297386e+002 -2.639998e+002 8.158947e+002
         vertex 3.456993e+002 -1.305000e+002 9.786747e+002
         vertex 3.275630e+002 -2.696320e+002 8.478369e+002
      endloop
   endfacet
   facet normal 9.856622e-001 -1.643612e-001 3.815109e-002
      outer loop
         vertex 3.275630e+002 -2.696320e+002 8.478369e+002
         vertex 3.456993e+002 -1.305000e+002 9.786747e+002
         vertex 3.434510e+002 -1.305000e+002 1.036762e+003
      endloop
   endfacet
   facet normal 9.856622e-001 -1.643612e-001 3.815109e-002
      outer loop
         vertex 3.275630e+002 -2.696320e+002 8.478369e+002
         vertex 3.434510e+002 -1.305000e+002 1.036762e+003
         vertex 3.265845e+002 -2.755000e+002 8.478369e+002
      endloop
   endfacet
   facet normal 9.856622e-001 -1.643612e-001 3.815109e-002
      outer loop
         vertex 3.265845e+002 -2.755000e+002 8.478369e+002
         vertex 3.434510e+002 -1.305000e+002 1.036762e+003
         vertex 3.192719e+002 -2.755000e+002 1.036762e+003
      endloop
   endfacet
   facet normal 9.998477e-001 0.000000e+000 1.745241e-002
      outer loop
         vertex 3.509446e+002 -2.011542e+002 6.781758e+002
         vertex 3.509446e+002 -1.440000e+002 6.781758e+002
         vertex 3.505637e+002 -2.127554e+002 6.999946e+002
      endloop
   endfacet
   facet normal 9.998477e-001 0.000000e+000 1.745241e-002
      outer loop
         vertex 3.505637e+002 -2.127554e+002 6.999946e+002
         vertex 3.509446e+002 -1.440000e+002 6.781758e+002
         vertex 3.508565e+002 -1.440000e+002 6.832182e+002
      endloop
   endfacet
   facet normal 9.998477e-001 0.000000e+000 1.745241e-002
      outer loop
         vertex 3.505637e+002 -2.127554e+002 6.999946e+002
         vertex 3.508565e+002 -1.440000e+002 6.832182e+002
         vertex 3.495923e+002 -1.589232e+002 7.556441e+002
      endloop
   endfacet
   facet normal 9.998477e-001 0.000000e+000 1.745241e-002
      outer loop
         vertex 3.495923e+002 -1.589232e+002 7.556441e+002
         vertex 3.508565e+002 -1.440000e+002 6.832182e+002
         vertex 3.508565e+002 -1.305000e+002 6.832182e+002
      endloop
   endfacet
   facet normal 9.998477e-001 0.000000e+000 1.745241e-002
      outer loop
         vertex 3.495923e+002 -1.589232e+002 7.556441e+002
         vertex 3.508565e+002 -1.305000e+002 6.832182e+002
         vertex 3.456993e+002 -1.305000e+002 9.786747e+002
      endloop
   endfacet
   facet normal 9.455186e-001 0.000000e+000 3.255682e-001
      outer loop
         vertex 3.082865e+002 -1.305000e+002 1.213479e+003
         vertex 3.082865e+002 -7.700000e+001 1.213479e+003
         vertex 2.945519e+002 -1.305000e+002 1.253367e+003
      endloop
   endfacet
   facet normal 9.455186e-001 0.000000e+000 3.255682e-001
      outer loop
         vertex 2.945519e+002 -1.305000e+002 1.253367e+003
         vertex 3.082865e+002 -7.700000e+001 1.213479e+003
         vertex 2.945519e+002 -7.700000e+001 1.253367e+003
      endloop
   endfacet
   facet normal -1.391731e-001 0.000000e+000 9.902681e-001
      outer loop
         vertex 2.548004e+002 -1.305000e+002 1.247780e+003
         vertex 2.945519e+002 -1.305000e+002 1.253367e+003
         vertex 2.548004e+002 -7.700000e+001 1.247780e+003
      endloop
   endfacet
   facet normal -1.391731e-001 0.000000e+000 9.902681e-001
      outer loop
         vertex 2.548004e+002 -7.700000e+001 1.247780e+003
         vertex 2.945519e+002 -1.305000e+002 1.253367e+003
         vertex 2.945519e+002 -7.700000e+001 1.253367e+003
      endloop
   endfacet
   facet normal -9.986295e-001 0.000000e+000 5.233596e-002
      outer loop
         vertex 2.525098e+002 -1.305000e+002 1.204073e+003
         vertex 2.548004e+002 -1.305000e+002 1.247780e+003
         vertex 2.525098e+002 -7.700000e+001 1.204073e+003
      endloop
   endfacet
   facet normal -9.986295e-001 0.000000e+000 5.233596e-002
      outer loop
         vertex 2.525098e+002 -7.700000e+001 1.204073e+003
         vertex 2.548004e+002 -1.305000e+002 1.247780e+003
         vertex 2.548004e+002 -7.700000e+001 1.247780e+003
      endloop
   endfacet
   facet normal -2.079117e-001 0.000000e+000 -9.781476e-001
      outer loop
         vertex 2.726494e+002 -1.305000e+002 1.199792e+003
         vertex 2.525098e+002 -1.305000e+002 1.204073e+003
         vertex 2.726494e+002 -7.700000e+001 1.199792e+003
      endloop
   endfacet
   facet normal -2.079117e-001 0.000000e+000 -9.781476e-001
      outer loop
         vertex 2.726494e+002 -7.700000e+001 1.199792e+003
         vertex 2.525098e+002 -1.305000e+002 1.204073e+003
         vertex 2.525098e+002 -7.700000e+001 1.204073e+003
      endloop
   endfacet
   facet normal 1.391731e-001 0.000000e+000 -9.902681e-001
      outer loop
         vertex 2.726494e+002 -1.305000e+002 1.199792e+003
         vertex 2.726494e+002 -7.700000e+001 1.199792e+003
         vertex 2.941288e+002 -1.305000e+002 1.202811e+003
      endloop
   endfacet
   facet normal 1.391731e-001 0.000000e+000 -9.902681e-001
      outer loop
         vertex 2.941288e+002 -1.305000e+002 1.202811e+003
         vertex 2.726494e+002 -7.700000e+001 1.199792e+003
         vertex 2.941288e+002 -7.700000e+001 1.202811e+003
      endloop
   endfacet
   facet normal 6.018150e-001 0.000000e+000 -7.986355e-001
      outer loop
         vertex 2.941288e+002 -1.305000e+002 1.202811e+003
         vertex 2.941288e+002 -7.700000e+001 1.202811e+003
         vertex 3.082865e+002 -1.305000e+002 1.213479e+003
      endloop
   endfacet
   facet normal 6.018150e-001 0.000000e+000 -7.986355e-001
      outer loop
         vertex 3.082865e+002 -1.305000e+002 1.213479e+003
         vertex 2.941288e+002 -7.700000e+001 1.202811e+003
         vertex 3.082865e+002 -7.700000e+001 1.213479e+003
      endloop
   endfacet
   facet normal 0.000000e+000 1.000000e+000 0.000000e+000
      outer loop
         vertex 3.382044e+002 -1.305000e+002 1.338146e+003
         vertex 3.393131e+002 -1.305000e+002 1.344539e+003
         vertex 3.411697e+002 -1.305000e+002 1.238178e+003
      endloop
   endfacet
   facet normal 0.000000e+000 1.000000e+000 0.000000e+000
      outer loop
         vertex 1.857689e+002 -1.305000e+002 1.325172e+003
         vertex 1.788303e+002 -1.305000e+002 1.238178e+003
         vertex 1.817956e+002 -1.305000e+002 1.338146e+003
      endloop
   endfacet
   facet normal 0.000000e+000 1.000000e+000 0.000000e+000
      outer loop
         vertex 1.817956e+002 -1.305000e+002 1.338146e+003
         vertex 1.788303e+002 -1.305000e+002 1.238178e+003
         vertex 1.806868e+002 -1.305000e+002 1.344539e+003
      endloop
   endfacet
   facet normal 0.000000e+000 1.000000e+000 0.000000e+000
      outer loop
         vertex 1.999462e+002 -1.305000e+002 1.302146e+003
         vertex 2.097424e+002 -1.305000e+002 1.292757e+003
         vertex 2.548004e+002 -1.305000e+002 1.247780e+003
      endloop
   endfacet
   facet normal 0.000000e+000 1.000000e+000 0.000000e+000
      outer loop
         vertex 2.548004e+002 -1.305000e+002 1.247780e+003
         vertex 2.097424e+002 -1.305000e+002 1.292757e+003
         vertex 2.209844e+002 -1.305000e+002 1.285159e+003
      endloop
   endfacet
   facet normal 0.000000e+000 1.000000e+000 0.000000e+000
      outer loop
         vertex 2.548004e+002 -1.305000e+002 1.247780e+003
         vertex 2.209844e+002 -1.305000e+002 1.285159e+003
         vertex 2.333488e+002 -1.305000e+002 1.279570e+003
      endloop
   endfacet
   facet normal 0.000000e+000 1.000000e+000 0.000000e+000
      outer loop
         vertex 3.434510e+002 -1.305000e+002 1.036762e+003
         vertex 2.652762e+002 -1.305000e+002 8.453122e+002
         vertex 2.563302e+002 -1.305000e+002 8.453122e+002
      endloop
   endfacet
   facet normal 0.000000e+000 1.000000e+000 0.000000e+000
      outer loop
         vertex 2.520234e+002 -1.305000e+002 7.656497e+002
         vertex 2.367568e+002 -1.305000e+002 7.629815e+002
         vertex 2.453515e+002 -1.305000e+002 8.077750e+002
      endloop
   endfacet
   facet normal 0.000000e+000 1.000000e+000 0.000000e+000
      outer loop
         vertex 2.453515e+002 -1.305000e+002 8.077750e+002
         vertex 2.367568e+002 -1.305000e+002 7.629815e+002
         vertex 2.221643e+002 -1.305000e+002 7.577615e+002
      endloop
   endfacet
   facet normal 0.000000e+000 1.000000e+000 0.000000e+000
      outer loop
         vertex 2.453515e+002 -1.305000e+002 8.077750e+002
         vertex 2.221643e+002 -1.305000e+002 7.577615e+002
         vertex 2.086692e+002 -1.305000e+002 7.501409e+002
      endloop
   endfacet
   facet normal 0.000000e+000 1.000000e+000 0.000000e+000
      outer loop
         vertex 2.945519e+002 -1.305000e+002 1.253367e+003
         vertex 3.411697e+002 -1.305000e+002 1.238178e+003
         vertex 3.082865e+002 -1.305000e+002 1.213479e+003
      endloop
   endfacet
   facet normal 0.000000e+000 1.000000e+000 0.000000e+000
      outer loop
         vertex 3.082865e+002 -1.305000e+002 1.213479e+003
         vertex 3.411697e+002 -1.305000e+002 1.238178e+003
         vertex 3.393958e+002 -1.305000e+002 1.225728e+003
      endloop
   endfacet
   facet normal 0.000000e+000 1.000000e+000 0.000000e+000
      outer loop
         vertex 3.082865e+002 -1.305000e+002 1.213479e+003
         vertex 3.393958e+002 -1.305000e+002 1.225728e+003
         vertex 3.434510e+002 -1.305000e+002 1.036762e+003
      endloop
   endfacet
   facet normal 0.000000e+000 1.000000e+000 0.000000e+000
      outer loop
         vertex 2.333488e+002 -1.305000e+002 1.279570e+003
         vertex 2.464799e+002 -1.305000e+002 1.276151e+003
         vertex 2.548004e+002 -1.305000e+002 1.247780e+003
      endloop
   endfacet
   facet normal 0.000000e+000 1.000000e+000 0.000000e+000
      outer loop
         vertex 2.548004e+002 -1.305000e+002 1.247780e+003
         vertex 2.464799e+002 -1.305000e+002 1.276151e+003
         vertex 2.600000e+002 -1.305000e+002 1.275000e+003
      endloop
   endfacet
   facet normal 0.000000e+000 1.000000e+000 0.000000e+000
      outer loop
         vertex 2.548004e+002 -1.305000e+002 1.247780e+003
         vertex 2.600000e+002 -1.305000e+002 1.275000e+003
         vertex 2.945519e+002 -1.305000e+002 1.253367e+003
      endloop
   endfacet
   facet normal 0.000000e+000 1.000000e+000 0.000000e+000
      outer loop
         vertex 2.945519e+002 -1.305000e+002 1.253367e+003
         vertex 2.600000e+002 -1.305000e+002 1.275000e+003
         vertex 2.735201e+002 -1.305000e+002 1.276151e+003
      endloop
   endfacet
   facet normal 0.000000e+000 1.000000e+000 0.000000e+000
      outer loop
         vertex 2.735201e+002 -1.305000e+002 1.276151e+003
         vertex 2.866512e+002 -1.305000e+002 1.279570e+003
         vertex 2.945519e+002 -1.305000e+002 1.253367e+003
      endloop
   endfacet
   facet normal 0.000000e+000 1.000000e+000 0.000000e+000
      outer loop
         vertex 2.945519e+002 -1.305000e+002 1.253367e+003
         vertex 2.866512e+002 -1.305000e+002 1.279570e+003
         vertex 2.990156e+002 -1.305000e+002 1.285159e+003
      endloop
   endfacet
   facet normal 0.000000e+000 1.000000e+000 0.000000e+000
      outer loop
         vertex 2.945519e+002 -1.305000e+002 1.253367e+003
         vertex 2.990156e+002 -1.305000e+002 1.285159e+003
         vertex 3.102576e+002 -1.305000e+002 1.292757e+003
      endloop
   endfacet
   facet normal 0.000000e+000 1.000000e+000 0.000000e+000
      outer loop
         vertex 3.102576e+002 -1.305000e+002 1.292757e+003
         vertex 3.200538e+002 -1.305000e+002 1.302146e+003
         vertex 2.945519e+002 -1.305000e+002 1.253367e+003
      endloop
   endfacet
   facet normal 0.000000e+000 1.000000e+000 0.000000e+000
      outer loop
         vertex 2.945519e+002 -1.305000e+002 1.253367e+003
         vertex 3.200538e+002 -1.305000e+002 1.302146e+003
         vertex 3.281223e+002 -1.305000e+002 1.313055e+003
      endloop
   endfacet
   facet normal 0.000000e+000 1.000000e+000 0.000000e+000
      outer loop
         vertex 2.945519e+002 -1.305000e+002 1.253367e+003
         vertex 3.281223e+002 -1.305000e+002 1.313055e+003
         vertex 3.411697e+002 -1.305000e+002 1.238178e+003
      endloop
   endfacet
   facet normal 0.000000e+000 1.000000e+000 0.000000e+000
      outer loop
         vertex 3.411697e+002 -1.305000e+002 1.238178e+003
         vertex 3.281223e+002 -1.305000e+002 1.313055e+003
         vertex 3.342311e+002 -1.305000e+002 1.325172e+003
      endloop
   endfacet
   facet normal 0.000000e+000 1.000000e+000 0.000000e+000
      outer loop
         vertex 3.411697e+002 -1.305000e+002 1.238178e+003
         vertex 3.342311e+002 -1.305000e+002 1.325172e+003
         vertex 3.382044e+002 -1.305000e+002 1.338146e+003
      endloop
   endfacet
   facet normal 0.000000e+000 1.000000e+000 0.000000e+000
      outer loop
         vertex 1.765490e+002 -1.305000e+002 1.036762e+003
         vertex 2.563302e+002 -1.305000e+002 8.453122e+002
         vertex 1.743007e+002 -1.305000e+002 9.786747e+002
      endloop
   endfacet
   facet normal 0.000000e+000 1.000000e+000 0.000000e+000
      outer loop
         vertex 1.743007e+002 -1.305000e+002 9.786747e+002
         vertex 2.563302e+002 -1.305000e+002 8.453122e+002
         vertex 2.527065e+002 -1.305000e+002 8.423777e+002
      endloop
   endfacet
   facet normal 0.000000e+000 1.000000e+000 0.000000e+000
      outer loop
         vertex 1.743007e+002 -1.305000e+002 9.786747e+002
         vertex 2.527065e+002 -1.305000e+002 8.423777e+002
         vertex 2.453515e+002 -1.305000e+002 8.077750e+002
      endloop
   endfacet
   facet normal 0.000000e+000 1.000000e+000 0.000000e+000
      outer loop
         vertex 1.693719e+002 -1.305000e+002 6.832182e+002
         vertex 1.691434e+002 -1.305000e+002 6.832182e+002
         vertex 1.696426e+002 -1.305000e+002 6.857952e+002
      endloop
   endfacet
   facet normal 0.000000e+000 1.000000e+000 0.000000e+000
      outer loop
         vertex 1.696426e+002 -1.305000e+002 6.857952e+002
         vertex 1.691434e+002 -1.305000e+002 6.832182e+002
         vertex 1.743007e+002 -1.305000e+002 9.786747e+002
      endloop
   endfacet
   facet normal 0.000000e+000 1.000000e+000 0.000000e+000
      outer loop
         vertex 1.696426e+002 -1.305000e+002 6.857952e+002
         vertex 1.743007e+002 -1.305000e+002 9.786747e+002
         vertex 1.727848e+002 -1.305000e+002 7.009714e+002
      endloop
   endfacet
   facet normal 0.000000e+000 1.000000e+000 0.000000e+000
      outer loop
         vertex 2.086692e+002 -1.305000e+002 7.501409e+002
         vertex 1.966630e+002 -1.305000e+002 7.403408e+002
         vertex 2.453515e+002 -1.305000e+002 8.077750e+002
      endloop
   endfacet
   facet normal 0.000000e+000 1.000000e+000 0.000000e+000
      outer loop
         vertex 2.453515e+002 -1.305000e+002 8.077750e+002
         vertex 1.966630e+002 -1.305000e+002 7.403408e+002
         vertex 1.864939e+002 -1.305000e+002 7.286456e+002
      endloop
   endfacet
   facet normal 0.000000e+000 1.000000e+000 0.000000e+000
      outer loop
         vertex 2.453515e+002 -1.305000e+002 8.077750e+002
         vertex 1.864939e+002 -1.305000e+002 7.286456e+002
         vertex 1.743007e+002 -1.305000e+002 9.786747e+002
      endloop
   endfacet
   facet normal 0.000000e+000 1.000000e+000 0.000000e+000
      outer loop
         vertex 1.743007e+002 -1.305000e+002 9.786747e+002
         vertex 1.864939e+002 -1.305000e+002 7.286456e+002
         vertex 1.784568e+002 -1.305000e+002 7.153943e+002
      endloop
   endfacet
   facet normal 0.000000e+000 1.000000e+000 0.000000e+000
      outer loop
         vertex 1.743007e+002 -1.305000e+002 9.786747e+002
         vertex 1.784568e+002 -1.305000e+002 7.153943e+002
         vertex 1.727848e+002 -1.305000e+002 7.009714e+002
      endloop
   endfacet
   facet normal 0.000000e+000 1.000000e+000 0.000000e+000
      outer loop
         vertex 3.212888e+002 -1.305000e+002 7.422657e+002
         vertex 3.089857e+002 -1.305000e+002 7.516903e+002
         vertex 2.927216e+002 -1.305000e+002 8.035834e+002
      endloop
   endfacet
   facet normal 0.000000e+000 1.000000e+000 0.000000e+000
      outer loop
         vertex 2.927216e+002 -1.305000e+002 8.035834e+002
         vertex 3.089857e+002 -1.305000e+002 7.516903e+002
         vertex 2.952617e+002 -1.305000e+002 7.588904e+002
      endloop
   endfacet
   facet normal 0.000000e+000 1.000000e+000 0.000000e+000
      outer loop
         vertex 2.927216e+002 -1.305000e+002 8.035834e+002
         vertex 2.952617e+002 -1.305000e+002 7.588904e+002
         vertex 2.805150e+002 -1.305000e+002 7.636574e+002
      endloop
   endfacet
   facet normal 0.000000e+000 1.000000e+000 0.000000e+000
      outer loop
         vertex 3.456993e+002 -1.305000e+002 9.786747e+002
         vertex 3.463715e+002 -1.305000e+002 7.036526e+002
         vertex 3.402568e+002 -1.305000e+002 7.178934e+002
      endloop
   endfacet
   facet normal 0.000000e+000 1.000000e+000 0.000000e+000
      outer loop
         vertex 1.857689e+002 -1.305000e+002 1.325172e+003
         vertex 1.918777e+002 -1.305000e+002 1.313055e+003
         vertex 1.788303e+002 -1.305000e+002 1.238178e+003
      endloop
   endfacet
   facet normal 0.000000e+000 1.000000e+000 0.000000e+000
      outer loop
         vertex 1.788303e+002 -1.305000e+002 1.238178e+003
         vertex 1.918777e+002 -1.305000e+002 1.313055e+003
         vertex 1.999462e+002 -1.305000e+002 1.302146e+003
      endloop
   endfacet
   facet normal 0.000000e+000 1.000000e+000 0.000000e+000
      outer loop
         vertex 1.788303e+002 -1.305000e+002 1.238178e+003
         vertex 1.999462e+002 -1.305000e+002 1.302146e+003
         vertex 1.806042e+002 -1.305000e+002 1.225728e+003
      endloop
   endfacet
   facet normal 0.000000e+000 1.000000e+000 0.000000e+000
      outer loop
         vertex 1.806042e+002 -1.305000e+002 1.225728e+003
         vertex 1.999462e+002 -1.305000e+002 1.302146e+003
         vertex 2.548004e+002 -1.305000e+002 1.247780e+003
      endloop
   endfacet
   facet normal 0.000000e+000 1.000000e+000 0.000000e+000
      outer loop
         vertex 1.806042e+002 -1.305000e+002 1.225728e+003
         vertex 2.548004e+002 -1.305000e+002 1.247780e+003
         vertex 1.765490e+002 -1.305000e+002 1.036762e+003
      endloop
   endfacet
   facet normal 0.000000e+000 1.000000e+000 0.000000e+000
      outer loop
         vertex 1.765490e+002 -1.305000e+002 1.036762e+003
         vertex 2.548004e+002 -1.305000e+002 1.247780e+003
         vertex 2.525098e+002 -1.305000e+002 1.204073e+003
      endloop
   endfacet
   facet normal 0.000000e+000 1.000000e+000 0.000000e+000
      outer loop
         vertex 1.765490e+002 -1.305000e+002 1.036762e+003
         vertex 2.525098e+002 -1.305000e+002 1.204073e+003
         vertex 2.563302e+002 -1.305000e+002 8.453122e+002
      endloop
   endfacet
   facet normal 0.000000e+000 1.000000e+000 0.000000e+000
      outer loop
         vertex 2.563302e+002 -1.305000e+002 8.453122e+002
         vertex 2.525098e+002 -1.305000e+002 1.204073e+003
         vertex 2.726494e+002 -1.305000e+002 1.199792e+003
      endloop
   endfacet
   facet normal 0.000000e+000 1.000000e+000 0.000000e+000
      outer loop
         vertex 2.563302e+002 -1.305000e+002 8.453122e+002
         vertex 2.726494e+002 -1.305000e+002 1.199792e+003
         vertex 3.434510e+002 -1.305000e+002 1.036762e+003
      endloop
   endfacet
   facet normal 0.000000e+000 1.000000e+000 0.000000e+000
      outer loop
         vertex 3.434510e+002 -1.305000e+002 1.036762e+003
         vertex 2.726494e+002 -1.305000e+002 1.199792e+003
         vertex 2.941288e+002 -1.305000e+002 1.202811e+003
      endloop
   endfacet
   facet normal 0.000000e+000 1.000000e+000 0.000000e+000
      outer loop
         vertex 3.434510e+002 -1.305000e+002 1.036762e+003
         vertex 2.941288e+002 -1.305000e+002 1.202811e+003
         vertex 3.082865e+002 -1.305000e+002 1.213479e+003
      endloop
   endfacet
   facet normal 0.000000e+000 1.000000e+000 0.000000e+000
      outer loop
         vertex 3.463715e+002 -1.305000e+002 7.036526e+002
         vertex 3.456993e+002 -1.305000e+002 9.786747e+002
         vertex 3.499809e+002 -1.305000e+002 6.885807e+002
      endloop
   endfacet
   facet normal 0.000000e+000 1.000000e+000 0.000000e+000
      outer loop
         vertex 3.499809e+002 -1.305000e+002 6.885807e+002
         vertex 3.456993e+002 -1.305000e+002 9.786747e+002
         vertex 3.508565e+002 -1.305000e+002 6.832182e+002
      endloop
   endfacet
   facet normal 0.000000e+000 1.000000e+000 0.000000e+000
      outer loop
         vertex 3.499809e+002 -1.305000e+002 6.885807e+002
         vertex 3.508565e+002 -1.305000e+002 6.832182e+002
         vertex 3.506281e+002 -1.305000e+002 6.832182e+002
      endloop
   endfacet
   facet normal 0.000000e+000 1.000000e+000 0.000000e+000
      outer loop
         vertex 2.652762e+002 -1.305000e+002 8.453122e+002
         vertex 3.434510e+002 -1.305000e+002 1.036762e+003
         vertex 2.714547e+002 -1.305000e+002 8.419575e+002
      endloop
   endfacet
   facet normal 0.000000e+000 1.000000e+000 0.000000e+000
      outer loop
         vertex 2.714547e+002 -1.305000e+002 8.419575e+002
         vertex 3.434510e+002 -1.305000e+002 1.036762e+003
         vertex 3.456993e+002 -1.305000e+002 9.786747e+002
      endloop
   endfacet
   facet normal 0.000000e+000 1.000000e+000 0.000000e+000
      outer loop
         vertex 2.714547e+002 -1.305000e+002 8.419575e+002
         vertex 3.456993e+002 -1.305000e+002 9.786747e+002
         vertex 2.917125e+002 -1.305000e+002 8.107633e+002
      endloop
   endfacet
   facet normal 0.000000e+000 1.000000e+000 0.000000e+000
      outer loop
         vertex 2.917125e+002 -1.305000e+002 8.107633e+002
         vertex 3.456993e+002 -1.305000e+002 9.786747e+002
         vertex 3.402568e+002 -1.305000e+002 7.178934e+002
      endloop
   endfacet
   facet normal 0.000000e+000 1.000000e+000 0.000000e+000
      outer loop
         vertex 2.917125e+002 -1.305000e+002 8.107633e+002
         vertex 3.402568e+002 -1.305000e+002 7.178934e+002
         vertex 2.927216e+002 -1.305000e+002 8.035834e+002
      endloop
   endfacet
   facet normal 0.000000e+000 1.000000e+000 0.000000e+000
      outer loop
         vertex 2.927216e+002 -1.305000e+002 8.035834e+002
         vertex 3.402568e+002 -1.305000e+002 7.178934e+002
         vertex 3.318143e+002 -1.305000e+002 7.308901e+002
      endloop
   endfacet
   facet normal 0.000000e+000 1.000000e+000 0.000000e+000
      outer loop
         vertex 2.927216e+002 -1.305000e+002 8.035834e+002
         vertex 3.318143e+002 -1.305000e+002 7.308901e+002
         vertex 3.212888e+002 -1.305000e+002 7.422657e+002
      endloop
   endfacet
endsolid