solid KR16_2_Link1_3_plate_д╛хо_sldprt
   facet normal 1.000000e+000 0.000000e+000 0.000000e+000
      outer loop
         vertex -2.905000e+002 -1.061988e+002 2.647769e+002
         vertex -2.905000e+002 -1.066273e+002 2.651877e+002
         vertex -2.905000e+002 -1.150000e+002 1.130000e+002
      endloop
   endfacet
   facet normal 1.000000e+000 0.000000e+000 0.000000e+000
      outer loop
         vertex -2.905000e+002 -1.150000e+002 1.130000e+002
         vertex -2.905000e+002 -1.069804e+002 1.216649e+002
         vertex -2.905000e+002 -1.072476e+002 1.221950e+002
      endloop
   endfacet
   facet normal 1.000000e+000 0.000000e+000 0.000000e+000
      outer loop
         vertex -2.905000e+002 -1.071252e+002 2.690757e+002
         vertex -2.905000e+002 -1.068140e+002 2.695812e+002
         vertex -2.905000e+002 -1.150000e+002 2.780000e+002
      endloop
   endfacet
   facet normal 1.000000e+000 0.000000e+000 0.000000e+000
      outer loop
         vertex -2.905000e+002 -1.150000e+002 2.780000e+002
         vertex -2.905000e+002 -1.068140e+002 2.695812e+002
         vertex -2.905000e+002 -1.064218e+002 2.700268e+002
      endloop
   endfacet
   facet normal 1.000000e+000 0.000000e+000 0.000000e+000
      outer loop
         vertex -2.905000e+002 -1.150000e+002 2.780000e+002
         vertex -2.905000e+002 -1.064218e+002 2.700268e+002
         vertex -2.905000e+002 -1.059599e+002 2.703998e+002
      endloop
   endfacet
   facet normal 1.000000e+000 0.000000e+000 0.000000e+000
      outer loop
         vertex -2.905000e+002 -1.006534e+002 1.245249e+002
         vertex -2.905000e+002 -1.005284e+002 1.239446e+002
         vertex -2.905000e+002 1.022931e+002 2.644444e+002
      endloop
   endfacet
   facet normal 1.000000e+000 0.000000e+000 0.000000e+000
      outer loop
         vertex -2.905000e+002 -1.040000e+002 1.200000e+002
         vertex -2.905000e+002 -1.045915e+002 1.200503e+002
         vertex -2.905000e+002 -1.150000e+002 1.130000e+002
      endloop
   endfacet
   facet normal 1.000000e+000 0.000000e+000 0.000000e+000
      outer loop
         vertex -2.905000e+002 -1.150000e+002 1.130000e+002
         vertex -2.905000e+002 -1.045915e+002 1.200503e+002
         vertex -2.905000e+002 -1.051660e+002 1.201999e+002
      endloop
   endfacet
   facet normal 1.000000e+000 0.000000e+000 0.000000e+000
      outer loop
         vertex -2.905000e+002 -1.150000e+002 1.130000e+002
         vertex -2.905000e+002 -1.051660e+002 1.201999e+002
         vertex -2.905000e+002 -1.057069e+002 1.204445e+002
      endloop
   endfacet
   facet normal 1.000000e+000 0.000000e+000 0.000000e+000
      outer loop
         vertex -2.905000e+002 -1.045915e+002 2.640503e+002
         vertex -2.905000e+002 -1.051660e+002 2.642000e+002
         vertex -2.905000e+002 -1.150000e+002 1.130000e+002
      endloop
   endfacet
   facet normal 1.000000e+000 0.000000e+000 0.000000e+000
      outer loop
         vertex -2.905000e+002 -1.150000e+002 1.130000e+002
         vertex -2.905000e+002 -1.051660e+002 2.642000e+002
         vertex -2.905000e+002 -1.057069e+002 2.644444e+002
      endloop
   endfacet
   facet normal 1.000000e+000 0.000000e+000 0.000000e+000
      outer loop
         vertex -2.905000e+002 -1.150000e+002 1.130000e+002
         vertex -2.905000e+002 -1.057069e+002 2.644444e+002
         vertex -2.905000e+002 -1.061988e+002 2.647769e+002
      endloop
   endfacet
   facet normal 1.000000e+000 0.000000e+000 0.000000e+000
      outer loop
         vertex -2.905000e+002 -1.074716e+002 1.239446e+002
         vertex -2.905000e+002 -1.022931e+002 2.644444e+002
         vertex -2.905000e+002 -1.028340e+002 2.642000e+002
      endloop
   endfacet
   facet normal 1.000000e+000 0.000000e+000 0.000000e+000
      outer loop
         vertex -2.905000e+002 1.150000e+002 1.130000e+002
         vertex -2.905000e+002 -1.028340e+002 1.201999e+002
         vertex -2.905000e+002 -1.150000e+002 1.130000e+002
      endloop
   endfacet
   facet normal 1.000000e+000 0.000000e+000 0.000000e+000
      outer loop
         vertex -2.905000e+002 -1.150000e+002 1.130000e+002
         vertex -2.905000e+002 -1.028340e+002 1.201999e+002
         vertex -2.905000e+002 -1.034085e+002 1.200503e+002
      endloop
   endfacet
   facet normal 1.000000e+000 0.000000e+000 0.000000e+000
      outer loop
         vertex -2.905000e+002 -1.150000e+002 1.130000e+002
         vertex -2.905000e+002 -1.034085e+002 1.200503e+002
         vertex -2.905000e+002 -1.040000e+002 1.200000e+002
      endloop
   endfacet
   facet normal 1.000000e+000 0.000000e+000 0.000000e+000
      outer loop
         vertex -2.905000e+002 -1.006534e+002 1.245249e+002
         vertex -2.905000e+002 1.022931e+002 2.644444e+002
         vertex -2.905000e+002 -1.008748e+002 1.250757e+002
      endloop
   endfacet
   facet normal 1.000000e+000 0.000000e+000 0.000000e+000
      outer loop
         vertex -2.905000e+002 -1.057069e+002 1.204445e+002
         vertex -2.905000e+002 -1.061988e+002 1.207769e+002
         vertex -2.905000e+002 -1.150000e+002 1.130000e+002
      endloop
   endfacet
   facet normal 1.000000e+000 0.000000e+000 0.000000e+000
      outer loop
         vertex -2.905000e+002 -1.150000e+002 1.130000e+002
         vertex -2.905000e+002 -1.061988e+002 1.207769e+002
         vertex -2.905000e+002 -1.066273e+002 1.211876e+002
      endloop
   endfacet
   facet normal 1.000000e+000 0.000000e+000 0.000000e+000
      outer loop
         vertex -2.905000e+002 -1.150000e+002 1.130000e+002
         vertex -2.905000e+002 -1.066273e+002 1.211876e+002
         vertex -2.905000e+002 -1.069804e+002 1.216649e+002
      endloop
   endfacet
   facet normal 1.000000e+000 0.000000e+000 0.000000e+000
      outer loop
         vertex -2.905000e+002 -1.040000e+002 2.640000e+002
         vertex -2.905000e+002 -1.045915e+002 2.640503e+002
         vertex -2.905000e+002 -1.074968e+002 1.233515e+002
      endloop
   endfacet
   facet normal 1.000000e+000 0.000000e+000 0.000000e+000
      outer loop
         vertex -2.905000e+002 -1.074968e+002 1.233515e+002
         vertex -2.905000e+002 -1.045915e+002 2.640503e+002
         vertex -2.905000e+002 -1.150000e+002 1.130000e+002
      endloop
   endfacet
   facet normal 1.000000e+000 0.000000e+000 0.000000e+000
      outer loop
         vertex -2.905000e+002 -1.074968e+002 1.233515e+002
         vertex -2.905000e+002 -1.150000e+002 1.130000e+002
         vertex -2.905000e+002 -1.074214e+002 1.227626e+002
      endloop
   endfacet
   facet normal 1.000000e+000 0.000000e+000 0.000000e+000
      outer loop
         vertex -2.905000e+002 -1.074214e+002 1.227626e+002
         vertex -2.905000e+002 -1.150000e+002 1.130000e+002
         vertex -2.905000e+002 -1.072476e+002 1.221950e+002
      endloop
   endfacet
   facet normal 1.000000e+000 0.000000e+000 0.000000e+000
      outer loop
         vertex -2.905000e+002 -1.074968e+002 2.673514e+002
         vertex -2.905000e+002 -1.074716e+002 2.679446e+002
         vertex -2.905000e+002 -1.150000e+002 2.780000e+002
      endloop
   endfacet
   facet normal 1.000000e+000 0.000000e+000 0.000000e+000
      outer loop
         vertex -2.905000e+002 -1.150000e+002 2.780000e+002
         vertex -2.905000e+002 -1.074716e+002 2.679446e+002
         vertex -2.905000e+002 -1.073466e+002 2.685249e+002
      endloop
   endfacet
   facet normal 1.000000e+000 0.000000e+000 0.000000e+000
      outer loop
         vertex -2.905000e+002 -1.150000e+002 2.780000e+002
         vertex -2.905000e+002 -1.073466e+002 2.685249e+002
         vertex -2.905000e+002 -1.071252e+002 2.690757e+002
      endloop
   endfacet
   facet normal 1.000000e+000 0.000000e+000 0.000000e+000
      outer loop
         vertex -2.905000e+002 -1.018012e+002 2.647769e+002
         vertex -2.905000e+002 -1.022931e+002 2.644444e+002
         vertex -2.905000e+002 1.020401e+002 2.703998e+002
      endloop
   endfacet
   facet normal 1.000000e+000 0.000000e+000 0.000000e+000
      outer loop
         vertex -2.905000e+002 -1.074716e+002 1.239446e+002
         vertex -2.905000e+002 -1.028340e+002 2.642000e+002
         vertex -2.905000e+002 -1.074968e+002 1.233515e+002
      endloop
   endfacet
   facet normal 1.000000e+000 0.000000e+000 0.000000e+000
      outer loop
         vertex -2.905000e+002 -1.074968e+002 1.233515e+002
         vertex -2.905000e+002 -1.028340e+002 2.642000e+002
         vertex -2.905000e+002 -1.034085e+002 2.640503e+002
      endloop
   endfacet
   facet normal 1.000000e+000 0.000000e+000 0.000000e+000
      outer loop
         vertex -2.905000e+002 -1.074968e+002 1.233515e+002
         vertex -2.905000e+002 -1.034085e+002 2.640503e+002
         vertex -2.905000e+002 -1.040000e+002 2.640000e+002
      endloop
   endfacet
   facet normal 1.000000e+000 0.000000e+000 0.000000e+000
      outer loop
         vertex -2.905000e+002 1.018012e+002 1.207769e+002
         vertex -2.905000e+002 1.013726e+002 1.211876e+002
         vertex -2.905000e+002 -1.028340e+002 1.201999e+002
      endloop
   endfacet
   facet normal 1.000000e+000 0.000000e+000 0.000000e+000
      outer loop
         vertex -2.905000e+002 -1.005284e+002 1.239446e+002
         vertex -2.905000e+002 -1.005032e+002 1.233515e+002
         vertex -2.905000e+002 1.022931e+002 2.644444e+002
      endloop
   endfacet
   facet normal 1.000000e+000 0.000000e+000 0.000000e+000
      outer loop
         vertex -2.905000e+002 1.022931e+002 2.644444e+002
         vertex -2.905000e+002 -1.005032e+002 1.233515e+002
         vertex -2.905000e+002 -1.005786e+002 1.227626e+002
      endloop
   endfacet
   facet normal 1.000000e+000 0.000000e+000 0.000000e+000
      outer loop
         vertex -2.905000e+002 1.022931e+002 2.644444e+002
         vertex -2.905000e+002 -1.005786e+002 1.227626e+002
         vertex -2.905000e+002 -1.007524e+002 1.221950e+002
      endloop
   endfacet
   facet normal 1.000000e+000 0.000000e+000 0.000000e+000
      outer loop
         vertex -2.905000e+002 -1.007524e+002 1.221950e+002
         vertex -2.905000e+002 -1.010197e+002 1.216649e+002
         vertex -2.905000e+002 1.022931e+002 2.644444e+002
      endloop
   endfacet
   facet normal 1.000000e+000 0.000000e+000 0.000000e+000
      outer loop
         vertex -2.905000e+002 1.022931e+002 2.644444e+002
         vertex -2.905000e+002 -1.010197e+002 1.216649e+002
         vertex -2.905000e+002 -1.013726e+002 1.211876e+002
      endloop
   endfacet
   facet normal 1.000000e+000 0.000000e+000 0.000000e+000
      outer loop
         vertex -2.905000e+002 1.022931e+002 2.644444e+002
         vertex -2.905000e+002 -1.013726e+002 1.211876e+002
         vertex -2.905000e+002 -1.018012e+002 1.207769e+002
      endloop
   endfacet
   facet normal 1.000000e+000 0.000000e+000 0.000000e+000
      outer loop
         vertex -2.905000e+002 -1.066273e+002 2.651877e+002
         vertex -2.905000e+002 -1.069804e+002 2.656649e+002
         vertex -2.905000e+002 -1.150000e+002 1.130000e+002
      endloop
   endfacet
   facet normal 1.000000e+000 0.000000e+000 0.000000e+000
      outer loop
         vertex -2.905000e+002 -1.150000e+002 1.130000e+002
         vertex -2.905000e+002 -1.069804e+002 2.656649e+002
         vertex -2.905000e+002 -1.072476e+002 2.661950e+002
      endloop
   endfacet
   facet normal 1.000000e+000 0.000000e+000 0.000000e+000
      outer loop
         vertex -2.905000e+002 -1.150000e+002 1.130000e+002
         vertex -2.905000e+002 -1.072476e+002 2.661950e+002
         vertex -2.905000e+002 -1.150000e+002 2.780000e+002
      endloop
   endfacet
   facet normal 1.000000e+000 0.000000e+000 0.000000e+000
      outer loop
         vertex -2.905000e+002 -1.150000e+002 2.780000e+002
         vertex -2.905000e+002 -1.072476e+002 2.661950e+002
         vertex -2.905000e+002 -1.074214e+002 2.667626e+002
      endloop
   endfacet
   facet normal 1.000000e+000 0.000000e+000 0.000000e+000
      outer loop
         vertex -2.905000e+002 -1.150000e+002 2.780000e+002
         vertex -2.905000e+002 -1.074214e+002 2.667626e+002
         vertex -2.905000e+002 -1.074968e+002 2.673514e+002
      endloop
   endfacet
   facet normal 1.000000e+000 0.000000e+000 0.000000e+000
      outer loop
         vertex -2.905000e+002 -1.037032e+002 1.269874e+002
         vertex -2.905000e+002 -1.031181e+002 1.268871e+002
         vertex -2.905000e+002 -1.022931e+002 2.644444e+002
      endloop
   endfacet
   facet normal 1.000000e+000 0.000000e+000 0.000000e+000
      outer loop
         vertex -2.905000e+002 -1.022931e+002 2.644444e+002
         vertex -2.905000e+002 -1.031181e+002 1.268871e+002
         vertex -2.905000e+002 -1.025583e+002 1.266893e+002
      endloop
   endfacet
   facet normal 1.000000e+000 0.000000e+000 0.000000e+000
      outer loop
         vertex -2.905000e+002 -1.022931e+002 2.644444e+002
         vertex -2.905000e+002 -1.025583e+002 1.266893e+002
         vertex -2.905000e+002 1.020401e+002 2.703998e+002
      endloop
   endfacet
   facet normal 1.000000e+000 0.000000e+000 0.000000e+000
      outer loop
         vertex -2.905000e+002 1.150000e+002 1.130000e+002
         vertex -2.905000e+002 1.034085e+002 1.200503e+002
         vertex -2.905000e+002 1.028340e+002 1.201999e+002
      endloop
   endfacet
   facet normal 1.000000e+000 0.000000e+000 0.000000e+000
      outer loop
         vertex -2.905000e+002 1.150000e+002 1.130000e+002
         vertex -2.905000e+002 1.028340e+002 1.201999e+002
         vertex -2.905000e+002 -1.028340e+002 1.201999e+002
      endloop
   endfacet
   facet normal 1.000000e+000 0.000000e+000 0.000000e+000
      outer loop
         vertex -2.905000e+002 -1.028340e+002 1.201999e+002
         vertex -2.905000e+002 1.028340e+002 1.201999e+002
         vertex -2.905000e+002 1.022931e+002 1.204445e+002
      endloop
   endfacet
   facet normal 1.000000e+000 0.000000e+000 0.000000e+000
      outer loop
         vertex -2.905000e+002 -1.028340e+002 1.201999e+002
         vertex -2.905000e+002 1.022931e+002 1.204445e+002
         vertex -2.905000e+002 1.018012e+002 1.207769e+002
      endloop
   endfacet
   facet normal 1.000000e+000 0.000000e+000 0.000000e+000
      outer loop
         vertex -2.905000e+002 1.013726e+002 1.211876e+002
         vertex -2.905000e+002 1.010197e+002 1.216649e+002
         vertex -2.905000e+002 -1.028340e+002 1.201999e+002
      endloop
   endfacet
   facet normal 1.000000e+000 0.000000e+000 0.000000e+000
      outer loop
         vertex -2.905000e+002 -1.028340e+002 1.201999e+002
         vertex -2.905000e+002 1.010197e+002 1.216649e+002
         vertex -2.905000e+002 1.007524e+002 1.221950e+002
      endloop
   endfacet
   facet normal 1.000000e+000 0.000000e+000 0.000000e+000
      outer loop
         vertex -2.905000e+002 -1.028340e+002 1.201999e+002
         vertex -2.905000e+002 1.007524e+002 1.221950e+002
         vertex -2.905000e+002 1.005786e+002 1.227626e+002
      endloop
   endfacet
   facet normal 1.000000e+000 0.000000e+000 0.000000e+000
      outer loop
         vertex -2.905000e+002 -1.059599e+002 2.703998e+002
         vertex -2.905000e+002 -1.054417e+002 2.706893e+002
         vertex -2.905000e+002 -1.150000e+002 2.780000e+002
      endloop
   endfacet
   facet normal 1.000000e+000 0.000000e+000 0.000000e+000
      outer loop
         vertex -2.905000e+002 -1.150000e+002 2.780000e+002
         vertex -2.905000e+002 -1.054417e+002 2.706893e+002
         vertex -2.905000e+002 -1.048819e+002 2.708871e+002
      endloop
   endfacet
   facet normal 1.000000e+000 0.000000e+000 0.000000e+000
      outer loop
         vertex -2.905000e+002 -1.150000e+002 2.780000e+002
         vertex -2.905000e+002 -1.048819e+002 2.708871e+002
         vertex -2.905000e+002 -1.042968e+002 2.709874e+002
      endloop
   endfacet
   facet normal 1.000000e+000 0.000000e+000 0.000000e+000
      outer loop
         vertex -2.905000e+002 1.005284e+002 1.239446e+002
         vertex -2.905000e+002 1.057069e+002 2.644444e+002
         vertex -2.905000e+002 1.051660e+002 2.642000e+002
      endloop
   endfacet
   facet normal 1.000000e+000 0.000000e+000 0.000000e+000
      outer loop
         vertex -2.905000e+002 1.042968e+002 1.269874e+002
         vertex -2.905000e+002 1.048819e+002 1.268871e+002
         vertex -2.905000e+002 1.057069e+002 2.644444e+002
      endloop
   endfacet
   facet normal 1.000000e+000 0.000000e+000 0.000000e+000
      outer loop
         vertex -2.905000e+002 1.057069e+002 2.644444e+002
         vertex -2.905000e+002 1.064218e+002 1.260268e+002
         vertex -2.905000e+002 1.068140e+002 1.255812e+002
      endloop
   endfacet
   facet normal 1.000000e+000 0.000000e+000 0.000000e+000
      outer loop
         vertex -2.905000e+002 1.018012e+002 2.647769e+002
         vertex -2.905000e+002 1.013726e+002 2.651877e+002
         vertex -2.905000e+002 -1.015782e+002 1.260268e+002
      endloop
   endfacet
   facet normal 1.000000e+000 0.000000e+000 0.000000e+000
      outer loop
         vertex -2.905000e+002 -1.015782e+002 1.260268e+002
         vertex -2.905000e+002 1.013726e+002 2.651877e+002
         vertex -2.905000e+002 1.010197e+002 2.656649e+002
      endloop
   endfacet
   facet normal 1.000000e+000 0.000000e+000 0.000000e+000
      outer loop
         vertex -2.905000e+002 -1.015782e+002 1.260268e+002
         vertex -2.905000e+002 1.010197e+002 2.656649e+002
         vertex -2.905000e+002 1.007524e+002 2.661950e+002
      endloop
   endfacet
   facet normal 1.000000e+000 0.000000e+000 0.000000e+000
      outer loop
         vertex -2.905000e+002 1.007524e+002 2.661950e+002
         vertex -2.905000e+002 1.005786e+002 2.667626e+002
         vertex -2.905000e+002 -1.015782e+002 1.260268e+002
      endloop
   endfacet
   facet normal 1.000000e+000 0.000000e+000 0.000000e+000
      outer loop
         vertex -2.905000e+002 -1.015782e+002 1.260268e+002
         vertex -2.905000e+002 1.005786e+002 2.667626e+002
         vertex -2.905000e+002 1.005032e+002 2.673514e+002
      endloop
   endfacet
   facet normal 1.000000e+000 0.000000e+000 0.000000e+000
      outer loop
         vertex -2.905000e+002 -1.015782e+002 1.260268e+002
         vertex -2.905000e+002 1.005032e+002 2.673514e+002
         vertex -2.905000e+002 1.005284e+002 2.679446e+002
      endloop
   endfacet
   facet normal 1.000000e+000 0.000000e+000 0.000000e+000
      outer loop
         vertex -2.905000e+002 1.005284e+002 2.679446e+002
         vertex -2.905000e+002 1.006534e+002 2.685249e+002
         vertex -2.905000e+002 -1.015782e+002 1.260268e+002
      endloop
   endfacet
   facet normal 1.000000e+000 0.000000e+000 0.000000e+000
      outer loop
         vertex -2.905000e+002 -1.015782e+002 1.260268e+002
         vertex -2.905000e+002 1.006534e+002 2.685249e+002
         vertex -2.905000e+002 1.008748e+002 2.690757e+002
      endloop
   endfacet
   facet normal 1.000000e+000 0.000000e+000 0.000000e+000
      outer loop
         vertex -2.905000e+002 -1.015782e+002 1.260268e+002
         vertex -2.905000e+002 1.008748e+002 2.690757e+002
         vertex -2.905000e+002 1.011860e+002 2.695812e+002
      endloop
   endfacet
   facet normal 1.000000e+000 0.000000e+000 0.000000e+000
      outer loop
         vertex -2.905000e+002 -1.020401e+002 2.703998e+002
         vertex -2.905000e+002 -1.015782e+002 2.700268e+002
         vertex -2.905000e+002 1.031181e+002 2.708871e+002
      endloop
   endfacet
   facet normal 1.000000e+000 0.000000e+000 0.000000e+000
      outer loop
         vertex -2.905000e+002 -1.150000e+002 2.780000e+002
         vertex -2.905000e+002 1.031181e+002 2.708871e+002
         vertex -2.905000e+002 1.150000e+002 2.780000e+002
      endloop
   endfacet
   facet normal 1.000000e+000 0.000000e+000 0.000000e+000
      outer loop
         vertex -2.905000e+002 1.150000e+002 2.780000e+002
         vertex -2.905000e+002 1.031181e+002 2.708871e+002
         vertex -2.905000e+002 1.037032e+002 2.709874e+002
      endloop
   endfacet
   facet normal 1.000000e+000 0.000000e+000 0.000000e+000
      outer loop
         vertex -2.905000e+002 1.150000e+002 2.780000e+002
         vertex -2.905000e+002 1.037032e+002 2.709874e+002
         vertex -2.905000e+002 1.042968e+002 2.709874e+002
      endloop
   endfacet
   facet normal 1.000000e+000 0.000000e+000 0.000000e+000
      outer loop
         vertex -2.905000e+002 1.042968e+002 2.709874e+002
         vertex -2.905000e+002 1.048819e+002 2.708871e+002
         vertex -2.905000e+002 1.150000e+002 2.780000e+002
      endloop
   endfacet
   facet normal 1.000000e+000 0.000000e+000 0.000000e+000
      outer loop
         vertex -2.905000e+002 1.150000e+002 2.780000e+002
         vertex -2.905000e+002 1.048819e+002 2.708871e+002
         vertex -2.905000e+002 1.054417e+002 2.706893e+002
      endloop
   endfacet
   facet normal 1.000000e+000 0.000000e+000 0.000000e+000
      outer loop
         vertex -2.905000e+002 1.150000e+002 2.780000e+002
         vertex -2.905000e+002 1.054417e+002 2.706893e+002
         vertex -2.905000e+002 1.059599e+002 2.703998e+002
      endloop
   endfacet
   facet normal 1.000000e+000 0.000000e+000 0.000000e+000
      outer loop
         vertex -2.905000e+002 1.068140e+002 1.255812e+002
         vertex -2.905000e+002 1.071252e+002 1.250757e+002
         vertex -2.905000e+002 1.057069e+002 2.644444e+002
      endloop
   endfacet
   facet normal 1.000000e+000 0.000000e+000 0.000000e+000
      outer loop
         vertex -2.905000e+002 1.057069e+002 2.644444e+002
         vertex -2.905000e+002 1.071252e+002 1.250757e+002
         vertex -2.905000e+002 1.073466e+002 1.245249e+002
      endloop
   endfacet
   facet normal 1.000000e+000 0.000000e+000 0.000000e+000
      outer loop
         vertex -2.905000e+002 1.057069e+002 2.644444e+002
         vertex -2.905000e+002 1.073466e+002 1.245249e+002
         vertex -2.905000e+002 1.150000e+002 1.130000e+002
      endloop
   endfacet
   facet normal 1.000000e+000 0.000000e+000 0.000000e+000
      outer loop
         vertex -2.905000e+002 1.150000e+002 1.130000e+002
         vertex -2.905000e+002 1.073466e+002 1.245249e+002
         vertex -2.905000e+002 1.074716e+002 1.239446e+002
      endloop
   endfacet
   facet normal 1.000000e+000 0.000000e+000 0.000000e+000
      outer loop
         vertex -2.905000e+002 1.074716e+002 1.239446e+002
         vertex -2.905000e+002 1.074968e+002 1.233515e+002
         vertex -2.905000e+002 1.150000e+002 1.130000e+002
      endloop
   endfacet
   facet normal 1.000000e+000 0.000000e+000 0.000000e+000
      outer loop
         vertex -2.905000e+002 1.150000e+002 1.130000e+002
         vertex -2.905000e+002 1.074968e+002 1.233515e+002
         vertex -2.905000e+002 1.074214e+002 1.227626e+002
      endloop
   endfacet
   facet normal 1.000000e+000 0.000000e+000 0.000000e+000
      outer loop
         vertex -2.905000e+002 1.150000e+002 1.130000e+002
         vertex -2.905000e+002 1.074214e+002 1.227626e+002
         vertex -2.905000e+002 1.072476e+002 1.221950e+002
      endloop
   endfacet
   facet normal 1.000000e+000 0.000000e+000 0.000000e+000
      outer loop
         vertex -2.905000e+002 1.051660e+002 1.201999e+002
         vertex -2.905000e+002 1.150000e+002 1.130000e+002
         vertex -2.905000e+002 1.057069e+002 1.204445e+002
      endloop
   endfacet
   facet normal 1.000000e+000 0.000000e+000 0.000000e+000
      outer loop
         vertex -2.905000e+002 1.057069e+002 1.204445e+002
         vertex -2.905000e+002 1.150000e+002 1.130000e+002
         vertex -2.905000e+002 1.061988e+002 1.207769e+002
      endloop
   endfacet
   facet normal 1.000000e+000 0.000000e+000 0.000000e+000
      outer loop
         vertex -2.905000e+002 1.051660e+002 1.201999e+002
         vertex -2.905000e+002 1.045915e+002 1.200503e+002
         vertex -2.905000e+002 1.150000e+002 1.130000e+002
      endloop
   endfacet
   facet normal 1.000000e+000 0.000000e+000 0.000000e+000
      outer loop
         vertex -2.905000e+002 1.150000e+002 1.130000e+002
         vertex -2.905000e+002 1.045915e+002 1.200503e+002
         vertex -2.905000e+002 1.040000e+002 1.200000e+002
      endloop
   endfacet
   facet normal 1.000000e+000 0.000000e+000 0.000000e+000
      outer loop
         vertex -2.905000e+002 1.150000e+002 1.130000e+002
         vertex -2.905000e+002 1.040000e+002 1.200000e+002
         vertex -2.905000e+002 1.034085e+002 1.200503e+002
      endloop
   endfacet
   facet normal 1.000000e+000 0.000000e+000 0.000000e+000
      outer loop
         vertex -2.905000e+002 -1.074716e+002 1.239446e+002
         vertex -2.905000e+002 -1.073466e+002 1.245249e+002
         vertex -2.905000e+002 -1.022931e+002 2.644444e+002
      endloop
   endfacet
   facet normal 1.000000e+000 0.000000e+000 0.000000e+000
      outer loop
         vertex -2.905000e+002 -1.022931e+002 2.644444e+002
         vertex -2.905000e+002 -1.073466e+002 1.245249e+002
         vertex -2.905000e+002 -1.071252e+002 1.250757e+002
      endloop
   endfacet
   facet normal 1.000000e+000 0.000000e+000 0.000000e+000
      outer loop
         vertex -2.905000e+002 -1.022931e+002 2.644444e+002
         vertex -2.905000e+002 -1.071252e+002 1.250757e+002
         vertex -2.905000e+002 -1.068140e+002 1.255812e+002
      endloop
   endfacet
   facet normal 1.000000e+000 0.000000e+000 0.000000e+000
      outer loop
         vertex -2.905000e+002 -1.068140e+002 1.255812e+002
         vertex -2.905000e+002 -1.064218e+002 1.260268e+002
         vertex -2.905000e+002 -1.022931e+002 2.644444e+002
      endloop
   endfacet
   facet normal 1.000000e+000 0.000000e+000 0.000000e+000
      outer loop
         vertex -2.905000e+002 -1.022931e+002 2.644444e+002
         vertex -2.905000e+002 -1.064218e+002 1.260268e+002
         vertex -2.905000e+002 -1.059599e+002 1.263998e+002
      endloop
   endfacet
   facet normal 1.000000e+000 0.000000e+000 0.000000e+000
      outer loop
         vertex -2.905000e+002 -1.022931e+002 2.644444e+002
         vertex -2.905000e+002 -1.059599e+002 1.263998e+002
         vertex -2.905000e+002 -1.054417e+002 1.266893e+002
      endloop
   endfacet
   facet normal 1.000000e+000 0.000000e+000 0.000000e+000
      outer loop
         vertex -2.905000e+002 -1.054417e+002 1.266893e+002
         vertex -2.905000e+002 -1.048819e+002 1.268871e+002
         vertex -2.905000e+002 -1.022931e+002 2.644444e+002
      endloop
   endfacet
   facet normal 1.000000e+000 0.000000e+000 0.000000e+000
      outer loop
         vertex -2.905000e+002 -1.022931e+002 2.644444e+002
         vertex -2.905000e+002 -1.048819e+002 1.268871e+002
         vertex -2.905000e+002 -1.042968e+002 1.269874e+002
      endloop
   endfacet
   facet normal 1.000000e+000 0.000000e+000 0.000000e+000
      outer loop
         vertex -2.905000e+002 -1.022931e+002 2.644444e+002
         vertex -2.905000e+002 -1.042968e+002 1.269874e+002
         vertex -2.905000e+002 -1.037032e+002 1.269874e+002
      endloop
   endfacet
   facet normal 1.000000e+000 0.000000e+000 0.000000e+000
      outer loop
         vertex -2.905000e+002 1.005032e+002 1.233515e+002
         vertex -2.905000e+002 -1.018012e+002 1.207769e+002
         vertex -2.905000e+002 1.005786e+002 1.227626e+002
      endloop
   endfacet
   facet normal 1.000000e+000 0.000000e+000 0.000000e+000
      outer loop
         vertex -2.905000e+002 1.005786e+002 1.227626e+002
         vertex -2.905000e+002 -1.018012e+002 1.207769e+002
         vertex -2.905000e+002 -1.022931e+002 1.204445e+002
      endloop
   endfacet
   facet normal 1.000000e+000 0.000000e+000 0.000000e+000
      outer loop
         vertex -2.905000e+002 1.005786e+002 1.227626e+002
         vertex -2.905000e+002 -1.022931e+002 1.204445e+002
         vertex -2.905000e+002 -1.028340e+002 1.201999e+002
      endloop
   endfacet
   facet normal 1.000000e+000 0.000000e+000 0.000000e+000
      outer loop
         vertex -2.905000e+002 1.051660e+002 2.642000e+002
         vertex -2.905000e+002 1.045915e+002 2.640503e+002
         vertex -2.905000e+002 1.005284e+002 1.239446e+002
      endloop
   endfacet
   facet normal 1.000000e+000 0.000000e+000 0.000000e+000
      outer loop
         vertex -2.905000e+002 1.005284e+002 1.239446e+002
         vertex -2.905000e+002 1.045915e+002 2.640503e+002
         vertex -2.905000e+002 1.040000e+002 2.640000e+002
      endloop
   endfacet
   facet normal 1.000000e+000 0.000000e+000 0.000000e+000
      outer loop
         vertex -2.905000e+002 1.005284e+002 1.239446e+002
         vertex -2.905000e+002 1.040000e+002 2.640000e+002
         vertex -2.905000e+002 1.005032e+002 1.233515e+002
      endloop
   endfacet
   facet normal 1.000000e+000 0.000000e+000 0.000000e+000
      outer loop
         vertex -2.905000e+002 1.005032e+002 1.233515e+002
         vertex -2.905000e+002 1.040000e+002 2.640000e+002
         vertex -2.905000e+002 1.034085e+002 2.640503e+002
      endloop
   endfacet
   facet normal 1.000000e+000 0.000000e+000 0.000000e+000
      outer loop
         vertex -2.905000e+002 1.005032e+002 1.233515e+002
         vertex -2.905000e+002 1.034085e+002 2.640503e+002
         vertex -2.905000e+002 -1.018012e+002 1.207769e+002
      endloop
   endfacet
   facet normal 1.000000e+000 0.000000e+000 0.000000e+000
      outer loop
         vertex -2.905000e+002 -1.018012e+002 1.207769e+002
         vertex -2.905000e+002 1.034085e+002 2.640503e+002
         vertex -2.905000e+002 1.028340e+002 2.642000e+002
      endloop
   endfacet
   facet normal 1.000000e+000 0.000000e+000 0.000000e+000
      outer loop
         vertex -2.905000e+002 -1.018012e+002 1.207769e+002
         vertex -2.905000e+002 1.028340e+002 2.642000e+002
         vertex -2.905000e+002 1.022931e+002 2.644444e+002
      endloop
   endfacet
   facet normal 1.000000e+000 0.000000e+000 0.000000e+000
      outer loop
         vertex -2.905000e+002 1.018012e+002 2.647769e+002
         vertex -2.905000e+002 -1.015782e+002 1.260268e+002
         vertex -2.905000e+002 1.022931e+002 2.644444e+002
      endloop
   endfacet
   facet normal 1.000000e+000 0.000000e+000 0.000000e+000
      outer loop
         vertex -2.905000e+002 1.022931e+002 2.644444e+002
         vertex -2.905000e+002 -1.015782e+002 1.260268e+002
         vertex -2.905000e+002 -1.011860e+002 1.255812e+002
      endloop
   endfacet
   facet normal 1.000000e+000 0.000000e+000 0.000000e+000
      outer loop
         vertex -2.905000e+002 1.022931e+002 2.644444e+002
         vertex -2.905000e+002 -1.011860e+002 1.255812e+002
         vertex -2.905000e+002 -1.008748e+002 1.250757e+002
      endloop
   endfacet
   facet normal 1.000000e+000 0.000000e+000 0.000000e+000
      outer loop
         vertex -2.905000e+002 -1.025583e+002 1.266893e+002
         vertex -2.905000e+002 -1.020401e+002 1.263998e+002
         vertex -2.905000e+002 1.020401e+002 2.703998e+002
      endloop
   endfacet
   facet normal 1.000000e+000 0.000000e+000 0.000000e+000
      outer loop
         vertex -2.905000e+002 1.020401e+002 2.703998e+002
         vertex -2.905000e+002 -1.020401e+002 1.263998e+002
         vertex -2.905000e+002 -1.015782e+002 1.260268e+002
      endloop
   endfacet
   facet normal 1.000000e+000 0.000000e+000 0.000000e+000
      outer loop
         vertex -2.905000e+002 1.020401e+002 2.703998e+002
         vertex -2.905000e+002 -1.015782e+002 1.260268e+002
         vertex -2.905000e+002 1.015782e+002 2.700268e+002
      endloop
   endfacet
   facet normal 1.000000e+000 0.000000e+000 0.000000e+000
      outer loop
         vertex -2.905000e+002 1.015782e+002 2.700268e+002
         vertex -2.905000e+002 -1.015782e+002 1.260268e+002
         vertex -2.905000e+002 1.011860e+002 2.695812e+002
      endloop
   endfacet
   facet normal 1.000000e+000 0.000000e+000 0.000000e+000
      outer loop
         vertex -2.905000e+002 1.073466e+002 2.685249e+002
         vertex -2.905000e+002 1.074716e+002 2.679446e+002
         vertex -2.905000e+002 1.150000e+002 2.780000e+002
      endloop
   endfacet
   facet normal 1.000000e+000 0.000000e+000 0.000000e+000
      outer loop
         vertex -2.905000e+002 1.005284e+002 1.239446e+002
         vertex -2.905000e+002 1.006534e+002 1.245249e+002
         vertex -2.905000e+002 1.057069e+002 2.644444e+002
      endloop
   endfacet
   facet normal 1.000000e+000 0.000000e+000 0.000000e+000
      outer loop
         vertex -2.905000e+002 1.057069e+002 2.644444e+002
         vertex -2.905000e+002 1.006534e+002 1.245249e+002
         vertex -2.905000e+002 1.008748e+002 1.250757e+002
      endloop
   endfacet
   facet normal 1.000000e+000 0.000000e+000 0.000000e+000
      outer loop
         vertex -2.905000e+002 1.057069e+002 2.644444e+002
         vertex -2.905000e+002 1.008748e+002 1.250757e+002
         vertex -2.905000e+002 1.011860e+002 1.255812e+002
      endloop
   endfacet
   facet normal 1.000000e+000 0.000000e+000 0.000000e+000
      outer loop
         vertex -2.905000e+002 1.011860e+002 1.255812e+002
         vertex -2.905000e+002 1.015782e+002 1.260268e+002
         vertex -2.905000e+002 1.057069e+002 2.644444e+002
      endloop
   endfacet
   facet normal 1.000000e+000 0.000000e+000 0.000000e+000
      outer loop
         vertex -2.905000e+002 1.057069e+002 2.644444e+002
         vertex -2.905000e+002 1.015782e+002 1.260268e+002
         vertex -2.905000e+002 1.020401e+002 1.263998e+002
      endloop
   endfacet
   facet normal 1.000000e+000 0.000000e+000 0.000000e+000
      outer loop
         vertex -2.905000e+002 1.057069e+002 2.644444e+002
         vertex -2.905000e+002 1.020401e+002 1.263998e+002
         vertex -2.905000e+002 1.025583e+002 1.266893e+002
      endloop
   endfacet
   facet normal 1.000000e+000 0.000000e+000 0.000000e+000
      outer loop
         vertex -2.905000e+002 1.025583e+002 1.266893e+002
         vertex -2.905000e+002 1.031181e+002 1.268871e+002
         vertex -2.905000e+002 1.057069e+002 2.644444e+002
      endloop
   endfacet
   facet normal 1.000000e+000 0.000000e+000 0.000000e+000
      outer loop
         vertex -2.905000e+002 1.057069e+002 2.644444e+002
         vertex -2.905000e+002 1.031181e+002 1.268871e+002
         vertex -2.905000e+002 1.037032e+002 1.269874e+002
      endloop
   endfacet
   facet normal 1.000000e+000 0.000000e+000 0.000000e+000
      outer loop
         vertex -2.905000e+002 1.057069e+002 2.644444e+002
         vertex -2.905000e+002 1.037032e+002 1.269874e+002
         vertex -2.905000e+002 1.042968e+002 1.269874e+002
      endloop
   endfacet
   facet normal 1.000000e+000 0.000000e+000 0.000000e+000
      outer loop
         vertex -2.905000e+002 1.048819e+002 1.268871e+002
         vertex -2.905000e+002 1.054417e+002 1.266893e+002
         vertex -2.905000e+002 1.057069e+002 2.644444e+002
      endloop
   endfacet
   facet normal 1.000000e+000 0.000000e+000 0.000000e+000
      outer loop
         vertex -2.905000e+002 1.057069e+002 2.644444e+002
         vertex -2.905000e+002 1.054417e+002 1.266893e+002
         vertex -2.905000e+002 1.059599e+002 1.263998e+002
      endloop
   endfacet
   facet normal 1.000000e+000 0.000000e+000 0.000000e+000
      outer loop
         vertex -2.905000e+002 1.057069e+002 2.644444e+002
         vertex -2.905000e+002 1.059599e+002 1.263998e+002
         vertex -2.905000e+002 1.064218e+002 1.260268e+002
      endloop
   endfacet
   facet normal 1.000000e+000 0.000000e+000 0.000000e+000
      outer loop
         vertex -2.905000e+002 -1.042968e+002 2.709874e+002
         vertex -2.905000e+002 -1.037032e+002 2.709874e+002
         vertex -2.905000e+002 -1.150000e+002 2.780000e+002
      endloop
   endfacet
   facet normal 1.000000e+000 0.000000e+000 0.000000e+000
      outer loop
         vertex -2.905000e+002 -1.150000e+002 2.780000e+002
         vertex -2.905000e+002 -1.037032e+002 2.709874e+002
         vertex -2.905000e+002 -1.031181e+002 2.708871e+002
      endloop
   endfacet
   facet normal 1.000000e+000 0.000000e+000 0.000000e+000
      outer loop
         vertex -2.905000e+002 -1.150000e+002 2.780000e+002
         vertex -2.905000e+002 -1.031181e+002 2.708871e+002
         vertex -2.905000e+002 1.031181e+002 2.708871e+002
      endloop
   endfacet
   facet normal 1.000000e+000 0.000000e+000 0.000000e+000
      outer loop
         vertex -2.905000e+002 1.031181e+002 2.708871e+002
         vertex -2.905000e+002 -1.031181e+002 2.708871e+002
         vertex -2.905000e+002 -1.025583e+002 2.706893e+002
      endloop
   endfacet
   facet normal 1.000000e+000 0.000000e+000 0.000000e+000
      outer loop
         vertex -2.905000e+002 1.031181e+002 2.708871e+002
         vertex -2.905000e+002 -1.025583e+002 2.706893e+002
         vertex -2.905000e+002 -1.020401e+002 2.703998e+002
      endloop
   endfacet
   facet normal 1.000000e+000 0.000000e+000 0.000000e+000
      outer loop
         vertex -2.905000e+002 1.073466e+002 2.685249e+002
         vertex -2.905000e+002 1.150000e+002 2.780000e+002
         vertex -2.905000e+002 1.071252e+002 2.690757e+002
      endloop
   endfacet
   facet normal 1.000000e+000 0.000000e+000 0.000000e+000
      outer loop
         vertex -2.905000e+002 1.069804e+002 2.656649e+002
         vertex -2.905000e+002 1.066273e+002 2.651877e+002
         vertex -2.905000e+002 1.150000e+002 1.130000e+002
      endloop
   endfacet
   facet normal 1.000000e+000 0.000000e+000 0.000000e+000
      outer loop
         vertex -2.905000e+002 1.150000e+002 1.130000e+002
         vertex -2.905000e+002 1.066273e+002 2.651877e+002
         vertex -2.905000e+002 1.061988e+002 2.647769e+002
      endloop
   endfacet
   facet normal 1.000000e+000 0.000000e+000 0.000000e+000
      outer loop
         vertex -2.905000e+002 1.150000e+002 1.130000e+002
         vertex -2.905000e+002 1.061988e+002 2.647769e+002
         vertex -2.905000e+002 1.057069e+002 2.644444e+002
      endloop
   endfacet
   facet normal 1.000000e+000 0.000000e+000 0.000000e+000
      outer loop
         vertex -2.905000e+002 1.072476e+002 1.221950e+002
         vertex -2.905000e+002 1.069804e+002 1.216649e+002
         vertex -2.905000e+002 1.150000e+002 1.130000e+002
      endloop
   endfacet
   facet normal 1.000000e+000 0.000000e+000 0.000000e+000
      outer loop
         vertex -2.905000e+002 1.150000e+002 1.130000e+002
         vertex -2.905000e+002 1.069804e+002 1.216649e+002
         vertex -2.905000e+002 1.066273e+002 1.211876e+002
      endloop
   endfacet
   facet normal 1.000000e+000 0.000000e+000 0.000000e+000
      outer loop
         vertex -2.905000e+002 1.150000e+002 1.130000e+002
         vertex -2.905000e+002 1.066273e+002 1.211876e+002
         vertex -2.905000e+002 1.061988e+002 1.207769e+002
      endloop
   endfacet
   facet normal 1.000000e+000 0.000000e+000 0.000000e+000
      outer loop
         vertex -2.905000e+002 -1.011860e+002 2.695812e+002
         vertex -2.905000e+002 -1.008748e+002 2.690757e+002
         vertex -2.905000e+002 1.020401e+002 2.703998e+002
      endloop
   endfacet
   facet normal 1.000000e+000 0.000000e+000 0.000000e+000
      outer loop
         vertex -2.905000e+002 1.020401e+002 2.703998e+002
         vertex -2.905000e+002 -1.008748e+002 2.690757e+002
         vertex -2.905000e+002 -1.006534e+002 2.685249e+002
      endloop
   endfacet
   facet normal 1.000000e+000 0.000000e+000 0.000000e+000
      outer loop
         vertex -2.905000e+002 1.020401e+002 2.703998e+002
         vertex -2.905000e+002 -1.006534e+002 2.685249e+002
         vertex -2.905000e+002 -1.005284e+002 2.679446e+002
      endloop
   endfacet
   facet normal 1.000000e+000 0.000000e+000 0.000000e+000
      outer loop
         vertex -2.905000e+002 -1.011860e+002 2.695812e+002
         vertex -2.905000e+002 1.020401e+002 2.703998e+002
         vertex -2.905000e+002 -1.015782e+002 2.700268e+002
      endloop
   endfacet
   facet normal 1.000000e+000 0.000000e+000 0.000000e+000
      outer loop
         vertex -2.905000e+002 -1.015782e+002 2.700268e+002
         vertex -2.905000e+002 1.020401e+002 2.703998e+002
         vertex -2.905000e+002 1.025583e+002 2.706893e+002
      endloop
   endfacet
   facet normal 1.000000e+000 0.000000e+000 0.000000e+000
      outer loop
         vertex -2.905000e+002 -1.015782e+002 2.700268e+002
         vertex -2.905000e+002 1.025583e+002 2.706893e+002
         vertex -2.905000e+002 1.031181e+002 2.708871e+002
      endloop
   endfacet
   facet normal 1.000000e+000 0.000000e+000 0.000000e+000
      outer loop
         vertex -2.905000e+002 -1.007524e+002 2.661950e+002
         vertex -2.905000e+002 -1.010197e+002 2.656649e+002
         vertex -2.905000e+002 1.020401e+002 2.703998e+002
      endloop
   endfacet
   facet normal 1.000000e+000 0.000000e+000 0.000000e+000
      outer loop
         vertex -2.905000e+002 1.020401e+002 2.703998e+002
         vertex -2.905000e+002 -1.010197e+002 2.656649e+002
         vertex -2.905000e+002 -1.013726e+002 2.651877e+002
      endloop
   endfacet
   facet normal 1.000000e+000 0.000000e+000 0.000000e+000
      outer loop
         vertex -2.905000e+002 1.020401e+002 2.703998e+002
         vertex -2.905000e+002 -1.013726e+002 2.651877e+002
         vertex -2.905000e+002 -1.018012e+002 2.647769e+002
      endloop
   endfacet
   facet normal 1.000000e+000 0.000000e+000 0.000000e+000
      outer loop
         vertex -2.905000e+002 1.074716e+002 2.679446e+002
         vertex -2.905000e+002 1.074968e+002 2.673514e+002
         vertex -2.905000e+002 1.150000e+002 2.780000e+002
      endloop
   endfacet
   facet normal 1.000000e+000 0.000000e+000 0.000000e+000
      outer loop
         vertex -2.905000e+002 1.150000e+002 2.780000e+002
         vertex -2.905000e+002 1.074968e+002 2.673514e+002
         vertex -2.905000e+002 1.074214e+002 2.667626e+002
      endloop
   endfacet
   facet normal 1.000000e+000 0.000000e+000 0.000000e+000
      outer loop
         vertex -2.905000e+002 1.150000e+002 2.780000e+002
         vertex -2.905000e+002 1.074214e+002 2.667626e+002
         vertex -2.905000e+002 1.150000e+002 1.130000e+002
      endloop
   endfacet
   facet normal 1.000000e+000 0.000000e+000 0.000000e+000
      outer loop
         vertex -2.905000e+002 1.150000e+002 1.130000e+002
         vertex -2.905000e+002 1.074214e+002 2.667626e+002
         vertex -2.905000e+002 1.072476e+002 2.661950e+002
      endloop
   endfacet
   facet normal 1.000000e+000 0.000000e+000 0.000000e+000
      outer loop
         vertex -2.905000e+002 1.150000e+002 1.130000e+002
         vertex -2.905000e+002 1.072476e+002 2.661950e+002
         vertex -2.905000e+002 1.069804e+002 2.656649e+002
      endloop
   endfacet
   facet normal 1.000000e+000 0.000000e+000 0.000000e+000
      outer loop
         vertex -2.905000e+002 -1.005284e+002 2.679446e+002
         vertex -2.905000e+002 -1.005032e+002 2.673514e+002
         vertex -2.905000e+002 1.020401e+002 2.703998e+002
      endloop
   endfacet
   facet normal 1.000000e+000 0.000000e+000 0.000000e+000
      outer loop
         vertex -2.905000e+002 1.020401e+002 2.703998e+002
         vertex -2.905000e+002 -1.005032e+002 2.673514e+002
         vertex -2.905000e+002 -1.005786e+002 2.667626e+002
      endloop
   endfacet
   facet normal 1.000000e+000 0.000000e+000 0.000000e+000
      outer loop
         vertex -2.905000e+002 1.020401e+002 2.703998e+002
         vertex -2.905000e+002 -1.005786e+002 2.667626e+002
         vertex -2.905000e+002 -1.007524e+002 2.661950e+002
      endloop
   endfacet
   facet normal 1.000000e+000 0.000000e+000 0.000000e+000
      outer loop
         vertex -2.905000e+002 1.059599e+002 2.703998e+002
         vertex -2.905000e+002 1.064218e+002 2.700268e+002
         vertex -2.905000e+002 1.150000e+002 2.780000e+002
      endloop
   endfacet
   facet normal 1.000000e+000 0.000000e+000 0.000000e+000
      outer loop
         vertex -2.905000e+002 1.150000e+002 2.780000e+002
         vertex -2.905000e+002 1.064218e+002 2.700268e+002
         vertex -2.905000e+002 1.068140e+002 2.695812e+002
      endloop
   endfacet
   facet normal 1.000000e+000 0.000000e+000 0.000000e+000
      outer loop
         vertex -2.905000e+002 1.150000e+002 2.780000e+002
         vertex -2.905000e+002 1.068140e+002 2.695812e+002
         vertex -2.905000e+002 1.071252e+002 2.690757e+002
      endloop
   endfacet
   facet normal 0.000000e+000 -5.651454e-002 9.984018e-001
      outer loop
         vertex -2.935000e+002 1.040000e+002 1.200000e+002
         vertex -2.905000e+002 1.040000e+002 1.200000e+002
         vertex -2.935000e+002 1.045915e+002 1.200503e+002
      endloop
   endfacet
   facet normal 0.000000e+000 -1.130291e-001 9.935917e-001
      outer loop
         vertex -2.935000e+002 1.045915e+002 1.200503e+002
         vertex -2.905000e+002 1.040000e+002 1.200000e+002
         vertex -2.905000e+002 1.045915e+002 1.200503e+002
      endloop
   endfacet
   facet normal 0.000000e+000 -2.244324e-001 9.744897e-001
      outer loop
         vertex -2.935000e+002 1.045915e+002 1.200503e+002
         vertex -2.905000e+002 1.045915e+002 1.200503e+002
         vertex -2.935000e+002 1.051660e+002 1.201999e+002
      endloop
   endfacet
   facet normal 0.000000e+000 -2.793211e-001 9.601977e-001
      outer loop
         vertex -2.935000e+002 1.051660e+002 1.201999e+002
         vertex -2.905000e+002 1.045915e+002 1.200503e+002
         vertex -2.905000e+002 1.051660e+002 1.201999e+002
      endloop
   endfacet
   facet normal 0.000000e+000 -3.858936e-001 9.225433e-001
      outer loop
         vertex -2.935000e+002 1.051660e+002 1.201999e+002
         vertex -2.905000e+002 1.051660e+002 1.201999e+002
         vertex -2.935000e+002 1.057069e+002 1.204445e+002
      endloop
   endfacet
   facet normal 0.000000e+000 -4.375775e-001 8.991807e-001
      outer loop
         vertex -2.935000e+002 1.057069e+002 1.204445e+002
         vertex -2.905000e+002 1.051660e+002 1.201999e+002
         vertex -2.905000e+002 1.057069e+002 1.204445e+002
      endloop
   endfacet
   facet normal 0.000000e+000 -5.362535e-001 8.440570e-001
      outer loop
         vertex -2.935000e+002 1.057069e+002 1.204445e+002
         vertex -2.905000e+002 1.057069e+002 1.204445e+002
         vertex -2.935000e+002 1.061988e+002 1.207769e+002
      endloop
   endfacet
   facet normal 0.000000e+000 -5.832456e-001 8.122959e-001
      outer loop
         vertex -2.935000e+002 1.061988e+002 1.207769e+002
         vertex -2.905000e+002 1.057069e+002 1.204445e+002
         vertex -2.905000e+002 1.061988e+002 1.207769e+002
      endloop
   endfacet
   facet normal 0.000000e+000 -6.711863e-001 7.412888e-001
      outer loop
         vertex -2.935000e+002 1.061988e+002 1.207769e+002
         vertex -2.905000e+002 1.061988e+002 1.207769e+002
         vertex -2.935000e+002 1.066273e+002 1.211876e+002
      endloop
   endfacet
   facet normal 0.000000e+000 -7.121348e-001 7.020428e-001
      outer loop
         vertex -2.935000e+002 1.066273e+002 1.211876e+002
         vertex -2.905000e+002 1.061988e+002 1.207769e+002
         vertex -2.905000e+002 1.066273e+002 1.211876e+002
      endloop
   endfacet
   facet normal 0.000000e+000 -7.868103e-001 6.171949e-001
      outer loop
         vertex -2.935000e+002 1.066273e+002 1.211876e+002
         vertex -2.905000e+002 1.066273e+002 1.211876e+002
         vertex -2.935000e+002 1.069804e+002 1.216649e+002
      endloop
   endfacet
   facet normal 0.000000e+000 -8.205372e-001 5.715931e-001
      outer loop
         vertex -2.935000e+002 1.069804e+002 1.216649e+002
         vertex -2.905000e+002 1.066273e+002 1.211876e+002
         vertex -2.905000e+002 1.069804e+002 1.216649e+002
      endloop
   endfacet
   facet normal 0.000000e+000 -8.797992e-001 4.753455e-001
      outer loop
         vertex -2.935000e+002 1.069804e+002 1.216649e+002
         vertex -2.905000e+002 1.069804e+002 1.216649e+002
         vertex -2.935000e+002 1.072476e+002 1.221950e+002
      endloop
   endfacet
   facet normal 0.000000e+000 -9.053342e-001 4.246998e-001
      outer loop
         vertex -2.935000e+002 1.072476e+002 1.221950e+002
         vertex -2.905000e+002 1.069804e+002 1.216649e+002
         vertex -2.905000e+002 1.072476e+002 1.221950e+002
      endloop
   endfacet
   facet normal 0.000000e+000 -9.474779e-001 3.198213e-001
      outer loop
         vertex -2.935000e+002 1.072476e+002 1.221950e+002
         vertex -2.905000e+002 1.072476e+002 1.221950e+002
         vertex -2.935000e+002 1.074214e+002 1.227626e+002
      endloop
   endfacet
   facet normal 0.000000e+000 -9.640865e-001 2.655886e-001
      outer loop
         vertex -2.935000e+002 1.074214e+002 1.227626e+002
         vertex -2.905000e+002 1.072476e+002 1.221950e+002
         vertex -2.905000e+002 1.074214e+002 1.227626e+002
      endloop
   endfacet
   facet normal 0.000000e+000 -9.878993e-001 1.550965e-001
      outer loop
         vertex -2.935000e+002 1.074214e+002 1.227626e+002
         vertex -2.905000e+002 1.074214e+002 1.227626e+002
         vertex -2.935000e+002 1.074968e+002 1.233515e+002
      endloop
   endfacet
   facet normal 0.000000e+000 -9.951036e-001 9.883699e-002
      outer loop
         vertex -2.935000e+002 1.074968e+002 1.233515e+002
         vertex -2.905000e+002 1.074214e+002 1.227626e+002
         vertex -2.905000e+002 1.074968e+002 1.233515e+002
      endloop
   endfacet
   facet normal 0.000000e+000 -9.999007e-001 -1.409025e-002
      outer loop
         vertex -2.935000e+002 1.074968e+002 1.233515e+002
         vertex -2.905000e+002 1.074968e+002 1.233515e+002
         vertex -2.935000e+002 1.074716e+002 1.239446e+002
      endloop
   endfacet
   facet normal 0.000000e+000 -9.974935e-001 -7.075802e-002
      outer loop
         vertex -2.935000e+002 1.074716e+002 1.239446e+002
         vertex -2.905000e+002 1.074968e+002 1.233515e+002
         vertex -2.905000e+002 1.074716e+002 1.239446e+002
      endloop
   endfacet
   facet normal 0.000000e+000 -9.831368e-001 -1.828716e-001
      outer loop
         vertex -2.935000e+002 1.074716e+002 1.239446e+002
         vertex -2.905000e+002 1.074716e+002 1.239446e+002
         vertex -2.935000e+002 1.073466e+002 1.245249e+002
      endloop
   endfacet
   facet normal 0.000000e+000 -9.711873e-001 -2.383175e-001
      outer loop
         vertex -2.935000e+002 1.073466e+002 1.245249e+002
         vertex -2.905000e+002 1.074716e+002 1.239446e+002
         vertex -2.905000e+002 1.073466e+002 1.245249e+002
      endloop
   endfacet
   facet normal 0.000000e+000 -9.380898e-001 -3.463921e-001
      outer loop
         vertex -2.935000e+002 1.073466e+002 1.245249e+002
         vertex -2.905000e+002 1.073466e+002 1.245249e+002
         vertex -2.935000e+002 1.071252e+002 1.250757e+002
      endloop
   endfacet
   facet normal 0.000000e+000 -9.169418e-001 -3.990209e-001
      outer loop
         vertex -2.935000e+002 1.071252e+002 1.250757e+002
         vertex -2.905000e+002 1.073466e+002 1.245249e+002
         vertex -2.905000e+002 1.071252e+002 1.250757e+002
      endloop
   endfacet
   facet normal 0.000000e+000 -8.660557e-001 -4.999475e-001
      outer loop
         vertex -2.935000e+002 1.071252e+002 1.250757e+002
         vertex -2.905000e+002 1.071252e+002 1.250757e+002
         vertex -2.935000e+002 1.068140e+002 1.255812e+002
      endloop
   endfacet
   facet normal 0.000000e+000 -8.363176e-001 -5.482453e-001
      outer loop
         vertex -2.935000e+002 1.068140e+002 1.255812e+002
         vertex -2.905000e+002 1.071252e+002 1.250757e+002
         vertex -2.905000e+002 1.068140e+002 1.255812e+002
      endloop
   endfacet
   facet normal 0.000000e+000 -7.691067e-001 -6.391203e-001
      outer loop
         vertex -2.935000e+002 1.068140e+002 1.255812e+002
         vertex -2.905000e+002 1.068140e+002 1.255812e+002
         vertex -2.935000e+002 1.064218e+002 1.260268e+002
      endloop
   endfacet
   facet normal 0.000000e+000 -7.316340e-001 -6.816977e-001
      outer loop
         vertex -2.935000e+002 1.064218e+002 1.260268e+002
         vertex -2.905000e+002 1.068140e+002 1.255812e+002
         vertex -2.905000e+002 1.064218e+002 1.260268e+002
      endloop
   endfacet
   facet normal 0.000000e+000 -6.500320e-001 -7.599069e-001
      outer loop
         vertex -2.935000e+002 1.064218e+002 1.260268e+002
         vertex -2.905000e+002 1.064218e+002 1.260268e+002
         vertex -2.935000e+002 1.059599e+002 1.263998e+002
      endloop
   endfacet
   facet normal 0.000000e+000 -6.059027e-001 -7.955388e-001
      outer loop
         vertex -2.935000e+002 1.059599e+002 1.263998e+002
         vertex -2.905000e+002 1.064218e+002 1.260268e+002
         vertex -2.905000e+002 1.059599e+002 1.263998e+002
      endloop
   endfacet
   facet normal 0.000000e+000 -5.122570e-001 -8.588322e-001
      outer loop
         vertex -2.935000e+002 1.059599e+002 1.263998e+002
         vertex -2.905000e+002 1.059599e+002 1.263998e+002
         vertex -2.935000e+002 1.054417e+002 1.266893e+002
      endloop
   endfacet
   facet normal 0.000000e+000 -4.627406e-001 -8.864937e-001
      outer loop
         vertex -2.935000e+002 1.054417e+002 1.266893e+002
         vertex -2.905000e+002 1.059599e+002 1.263998e+002
         vertex -2.905000e+002 1.054417e+002 1.266893e+002
      endloop
   endfacet
   facet normal 0.000000e+000 -3.597453e-001 -9.330506e-001
      outer loop
         vertex -2.935000e+002 1.054417e+002 1.266893e+002
         vertex -2.905000e+002 1.054417e+002 1.266893e+002
         vertex -2.935000e+002 1.048819e+002 1.268871e+002
      endloop
   endfacet
   facet normal 0.000000e+000 -3.062663e-001 -9.519458e-001
      outer loop
         vertex -2.935000e+002 1.048819e+002 1.268871e+002
         vertex -2.905000e+002 1.054417e+002 1.266893e+002
         vertex -2.905000e+002 1.048819e+002 1.268871e+002
      endloop
   endfacet
   facet normal 0.000000e+000 -1.968844e-001 -9.804267e-001
      outer loop
         vertex -2.935000e+002 1.048819e+002 1.268871e+002
         vertex -2.905000e+002 1.048819e+002 1.268871e+002
         vertex -2.935000e+002 1.042968e+002 1.269874e+002
      endloop
   endfacet
   facet normal 0.000000e+000 -1.409813e-001 -9.900123e-001
      outer loop
         vertex -2.935000e+002 1.042968e+002 1.269874e+002
         vertex -2.905000e+002 1.048819e+002 1.268871e+002
         vertex -2.905000e+002 1.042968e+002 1.269874e+002
      endloop
   endfacet
   facet normal 0.000000e+000 -2.835944e-002 -9.995977e-001
      outer loop
         vertex -2.935000e+002 1.042968e+002 1.269874e+002
         vertex -2.905000e+002 1.042968e+002 1.269874e+002
         vertex -2.935000e+002 1.037032e+002 1.269874e+002
      endloop
   endfacet
   facet normal 0.000000e+000 2.835944e-002 -9.995977e-001
      outer loop
         vertex -2.935000e+002 1.037032e+002 1.269874e+002
         vertex -2.905000e+002 1.042968e+002 1.269874e+002
         vertex -2.905000e+002 1.037032e+002 1.269874e+002
      endloop
   endfacet
   facet normal 0.000000e+000 1.409813e-001 -9.900123e-001
      outer loop
         vertex -2.935000e+002 1.037032e+002 1.269874e+002
         vertex -2.905000e+002 1.037032e+002 1.269874e+002
         vertex -2.935000e+002 1.031181e+002 1.268871e+002
      endloop
   endfacet
   facet normal 0.000000e+000 1.968844e-001 -9.804267e-001
      outer loop
         vertex -2.935000e+002 1.031181e+002 1.268871e+002
         vertex -2.905000e+002 1.037032e+002 1.269874e+002
         vertex -2.905000e+002 1.031181e+002 1.268871e+002
      endloop
   endfacet
   facet normal 0.000000e+000 3.062663e-001 -9.519458e-001
      outer loop
         vertex -2.935000e+002 1.031181e+002 1.268871e+002
         vertex -2.905000e+002 1.031181e+002 1.268871e+002
         vertex -2.935000e+002 1.025583e+002 1.266893e+002
      endloop
   endfacet
   facet normal 0.000000e+000 3.597453e-001 -9.330506e-001
      outer loop
         vertex -2.935000e+002 1.025583e+002 1.266893e+002
         vertex -2.905000e+002 1.031181e+002 1.268871e+002
         vertex -2.905000e+002 1.025583e+002 1.266893e+002
      endloop
   endfacet
   facet normal 0.000000e+000 4.627406e-001 -8.864937e-001
      outer loop
         vertex -2.935000e+002 1.025583e+002 1.266893e+002
         vertex -2.905000e+002 1.025583e+002 1.266893e+002
         vertex -2.935000e+002 1.020401e+002 1.263998e+002
      endloop
   endfacet
   facet normal 0.000000e+000 5.122570e-001 -8.588322e-001
      outer loop
         vertex -2.935000e+002 1.020401e+002 1.263998e+002
         vertex -2.905000e+002 1.025583e+002 1.266893e+002
         vertex -2.905000e+002 1.020401e+002 1.263998e+002
      endloop
   endfacet
   facet normal 0.000000e+000 6.059027e-001 -7.955388e-001
      outer loop
         vertex -2.935000e+002 1.020401e+002 1.263998e+002
         vertex -2.905000e+002 1.020401e+002 1.263998e+002
         vertex -2.935000e+002 1.015782e+002 1.260268e+002
      endloop
   endfacet
   facet normal 0.000000e+000 6.500320e-001 -7.599069e-001
      outer loop
         vertex -2.935000e+002 1.015782e+002 1.260268e+002
         vertex -2.905000e+002 1.020401e+002 1.263998e+002
         vertex -2.905000e+002 1.015782e+002 1.260268e+002
      endloop
   endfacet
   facet normal 0.000000e+000 7.316340e-001 -6.816977e-001
      outer loop
         vertex -2.935000e+002 1.015782e+002 1.260268e+002
         vertex -2.905000e+002 1.015782e+002 1.260268e+002
         vertex -2.935000e+002 1.011860e+002 1.255812e+002
      endloop
   endfacet
   facet normal 0.000000e+000 7.691067e-001 -6.391203e-001
      outer loop
         vertex -2.935000e+002 1.011860e+002 1.255812e+002
         vertex -2.905000e+002 1.015782e+002 1.260268e+002
         vertex -2.905000e+002 1.011860e+002 1.255812e+002
      endloop
   endfacet
   facet normal 0.000000e+000 8.363176e-001 -5.482453e-001
      outer loop
         vertex -2.935000e+002 1.011860e+002 1.255812e+002
         vertex -2.905000e+002 1.011860e+002 1.255812e+002
         vertex -2.935000e+002 1.008748e+002 1.250757e+002
      endloop
   endfacet
   facet normal 0.000000e+000 8.660557e-001 -4.999475e-001
      outer loop
         vertex -2.935000e+002 1.008748e+002 1.250757e+002
         vertex -2.905000e+002 1.011860e+002 1.255812e+002
         vertex -2.905000e+002 1.008748e+002 1.250757e+002
      endloop
   endfacet
   facet normal 0.000000e+000 9.169418e-001 -3.990209e-001
      outer loop
         vertex -2.935000e+002 1.008748e+002 1.250757e+002
         vertex -2.905000e+002 1.008748e+002 1.250757e+002
         vertex -2.935000e+002 1.006534e+002 1.245249e+002
      endloop
   endfacet
   facet normal 0.000000e+000 9.380898e-001 -3.463921e-001
      outer loop
         vertex -2.935000e+002 1.006534e+002 1.245249e+002
         vertex -2.905000e+002 1.008748e+002 1.250757e+002
         vertex -2.905000e+002 1.006534e+002 1.245249e+002
      endloop
   endfacet
   facet normal 0.000000e+000 9.711873e-001 -2.383175e-001
      outer loop
         vertex -2.935000e+002 1.006534e+002 1.245249e+002
         vertex -2.905000e+002 1.006534e+002 1.245249e+002
         vertex -2.935000e+002 1.005284e+002 1.239446e+002
      endloop
   endfacet
   facet normal 0.000000e+000 9.831368e-001 -1.828716e-001
      outer loop
         vertex -2.935000e+002 1.005284e+002 1.239446e+002
         vertex -2.905000e+002 1.006534e+002 1.245249e+002
         vertex -2.905000e+002 1.005284e+002 1.239446e+002
      endloop
   endfacet
   facet normal 0.000000e+000 9.974935e-001 -7.075802e-002
      outer loop
         vertex -2.935000e+002 1.005284e+002 1.239446e+002
         vertex -2.905000e+002 1.005284e+002 1.239446e+002
         vertex -2.935000e+002 1.005032e+002 1.233515e+002
      endloop
   endfacet
   facet normal 0.000000e+000 9.999007e-001 -1.409025e-002
      outer loop
         vertex -2.935000e+002 1.005032e+002 1.233515e+002
         vertex -2.905000e+002 1.005284e+002 1.239446e+002
         vertex -2.905000e+002 1.005032e+002 1.233515e+002
      endloop
   endfacet
   facet normal 0.000000e+000 9.951036e-001 9.883699e-002
      outer loop
         vertex -2.935000e+002 1.005032e+002 1.233515e+002
         vertex -2.905000e+002 1.005032e+002 1.233515e+002
         vertex -2.935000e+002 1.005786e+002 1.227626e+002
      endloop
   endfacet
   facet normal 0.000000e+000 9.878993e-001 1.550965e-001
      outer loop
         vertex -2.935000e+002 1.005786e+002 1.227626e+002
         vertex -2.905000e+002 1.005032e+002 1.233515e+002
         vertex -2.905000e+002 1.005786e+002 1.227626e+002
      endloop
   endfacet
   facet normal 0.000000e+000 9.640865e-001 2.655886e-001
      outer loop
         vertex -2.935000e+002 1.005786e+002 1.227626e+002
         vertex -2.905000e+002 1.005786e+002 1.227626e+002
         vertex -2.935000e+002 1.007524e+002 1.221950e+002
      endloop
   endfacet
   facet normal 0.000000e+000 9.474779e-001 3.198213e-001
      outer loop
         vertex -2.935000e+002 1.007524e+002 1.221950e+002
         vertex -2.905000e+002 1.005786e+002 1.227626e+002
         vertex -2.905000e+002 1.007524e+002 1.221950e+002
      endloop
   endfacet
   facet normal 0.000000e+000 9.053342e-001 4.246998e-001
      outer loop
         vertex -2.935000e+002 1.007524e+002 1.221950e+002
         vertex -2.905000e+002 1.007524e+002 1.221950e+002
         vertex -2.935000e+002 1.010197e+002 1.216649e+002
      endloop
   endfacet
   facet normal 0.000000e+000 8.797992e-001 4.753455e-001
      outer loop
         vertex -2.935000e+002 1.010197e+002 1.216649e+002
         vertex -2.905000e+002 1.007524e+002 1.221950e+002
         vertex -2.905000e+002 1.010197e+002 1.216649e+002
      endloop
   endfacet
   facet normal 0.000000e+000 8.205372e-001 5.715931e-001
      outer loop
         vertex -2.935000e+002 1.010197e+002 1.216649e+002
         vertex -2.905000e+002 1.010197e+002 1.216649e+002
         vertex -2.935000e+002 1.013726e+002 1.211876e+002
      endloop
   endfacet
   facet normal 0.000000e+000 7.868103e-001 6.171949e-001
      outer loop
         vertex -2.935000e+002 1.013726e+002 1.211876e+002
         vertex -2.905000e+002 1.010197e+002 1.216649e+002
         vertex -2.905000e+002 1.013726e+002 1.211876e+002
      endloop
   endfacet
   facet normal 0.000000e+000 7.121348e-001 7.020428e-001
      outer loop
         vertex -2.935000e+002 1.013726e+002 1.211876e+002
         vertex -2.905000e+002 1.013726e+002 1.211876e+002
         vertex -2.935000e+002 1.018012e+002 1.207769e+002
      endloop
   endfacet
   facet normal 0.000000e+000 6.711863e-001 7.412888e-001
      outer loop
         vertex -2.935000e+002 1.018012e+002 1.207769e+002
         vertex -2.905000e+002 1.013726e+002 1.211876e+002
         vertex -2.905000e+002 1.018012e+002 1.207769e+002
      endloop
   endfacet
   facet normal 0.000000e+000 5.832456e-001 8.122959e-001
      outer loop
         vertex -2.935000e+002 1.018012e+002 1.207769e+002
         vertex -2.905000e+002 1.018012e+002 1.207769e+002
         vertex -2.935000e+002 1.022931e+002 1.204445e+002
      endloop
   endfacet
   facet normal 0.000000e+000 5.362535e-001 8.440570e-001
      outer loop
         vertex -2.935000e+002 1.022931e+002 1.204445e+002
         vertex -2.905000e+002 1.018012e+002 1.207769e+002
         vertex -2.905000e+002 1.022931e+002 1.204445e+002
      endloop
   endfacet
   facet normal 0.000000e+000 4.375775e-001 8.991807e-001
      outer loop
         vertex -2.935000e+002 1.022931e+002 1.204445e+002
         vertex -2.905000e+002 1.022931e+002 1.204445e+002
         vertex -2.935000e+002 1.028340e+002 1.201999e+002
      endloop
   endfacet
   facet normal 0.000000e+000 3.858936e-001 9.225433e-001
      outer loop
         vertex -2.935000e+002 1.028340e+002 1.201999e+002
         vertex -2.905000e+002 1.022931e+002 1.204445e+002
         vertex -2.905000e+002 1.028340e+002 1.201999e+002
      endloop
   endfacet
   facet normal 0.000000e+000 2.793211e-001 9.601977e-001
      outer loop
         vertex -2.935000e+002 1.028340e+002 1.201999e+002
         vertex -2.905000e+002 1.028340e+002 1.201999e+002
         vertex -2.935000e+002 1.034085e+002 1.200503e+002
      endloop
   endfacet
   facet normal 0.000000e+000 2.244324e-001 9.744897e-001
      outer loop
         vertex -2.935000e+002 1.034085e+002 1.200503e+002
         vertex -2.905000e+002 1.028340e+002 1.201999e+002
         vertex -2.905000e+002 1.034085e+002 1.200503e+002
      endloop
   endfacet
   facet normal 0.000000e+000 1.130291e-001 9.935917e-001
      outer loop
         vertex -2.935000e+002 1.034085e+002 1.200503e+002
         vertex -2.905000e+002 1.034085e+002 1.200503e+002
         vertex -2.935000e+002 1.040000e+002 1.200000e+002
      endloop
   endfacet
   facet normal 0.000000e+000 5.651454e-002 9.984018e-001
      outer loop
         vertex -2.935000e+002 1.040000e+002 1.200000e+002
         vertex -2.905000e+002 1.034085e+002 1.200503e+002
         vertex -2.905000e+002 1.040000e+002 1.200000e+002
      endloop
   endfacet
   facet normal 0.000000e+000 -5.651454e-002 9.984018e-001
      outer loop
         vertex -2.935000e+002 -1.040000e+002 1.200000e+002
         vertex -2.905000e+002 -1.040000e+002 1.200000e+002
         vertex -2.935000e+002 -1.034085e+002 1.200503e+002
      endloop
   endfacet
   facet normal 0.000000e+000 -1.130291e-001 9.935917e-001
      outer loop
         vertex -2.935000e+002 -1.034085e+002 1.200503e+002
         vertex -2.905000e+002 -1.040000e+002 1.200000e+002
         vertex -2.905000e+002 -1.034085e+002 1.200503e+002
      endloop
   endfacet
   facet normal 0.000000e+000 -2.244324e-001 9.744897e-001
      outer loop
         vertex -2.935000e+002 -1.034085e+002 1.200503e+002
         vertex -2.905000e+002 -1.034085e+002 1.200503e+002
         vertex -2.935000e+002 -1.028340e+002 1.201999e+002
      endloop
   endfacet
   facet normal 0.000000e+000 -2.793211e-001 9.601977e-001
      outer loop
         vertex -2.935000e+002 -1.028340e+002 1.201999e+002
         vertex -2.905000e+002 -1.034085e+002 1.200503e+002
         vertex -2.905000e+002 -1.028340e+002 1.201999e+002
      endloop
   endfacet
   facet normal 0.000000e+000 -3.858936e-001 9.225433e-001
      outer loop
         vertex -2.935000e+002 -1.028340e+002 1.201999e+002
         vertex -2.905000e+002 -1.028340e+002 1.201999e+002
         vertex -2.935000e+002 -1.022931e+002 1.204445e+002
      endloop
   endfacet
   facet normal 0.000000e+000 -4.375775e-001 8.991807e-001
      outer loop
         vertex -2.935000e+002 -1.022931e+002 1.204445e+002
         vertex -2.905000e+002 -1.028340e+002 1.201999e+002
         vertex -2.905000e+002 -1.022931e+002 1.204445e+002
      endloop
   endfacet
   facet normal 0.000000e+000 -5.362535e-001 8.440570e-001
      outer loop
         vertex -2.935000e+002 -1.022931e+002 1.204445e+002
         vertex -2.905000e+002 -1.022931e+002 1.204445e+002
         vertex -2.935000e+002 -1.018012e+002 1.207769e+002
      endloop
   endfacet
   facet normal 0.000000e+000 -5.832456e-001 8.122959e-001
      outer loop
         vertex -2.935000e+002 -1.018012e+002 1.207769e+002
         vertex -2.905000e+002 -1.022931e+002 1.204445e+002
         vertex -2.905000e+002 -1.018012e+002 1.207769e+002
      endloop
   endfacet
   facet normal 0.000000e+000 -6.711863e-001 7.412888e-001
      outer loop
         vertex -2.935000e+002 -1.018012e+002 1.207769e+002
         vertex -2.905000e+002 -1.018012e+002 1.207769e+002
         vertex -2.935000e+002 -1.013726e+002 1.211876e+002
      endloop
   endfacet
   facet normal 0.000000e+000 -7.121348e-001 7.020428e-001
      outer loop
         vertex -2.935000e+002 -1.013726e+002 1.211876e+002
         vertex -2.905000e+002 -1.018012e+002 1.207769e+002
         vertex -2.905000e+002 -1.013726e+002 1.211876e+002
      endloop
   endfacet
   facet normal 0.000000e+000 -7.868103e-001 6.171949e-001
      outer loop
         vertex -2.935000e+002 -1.013726e+002 1.211876e+002
         vertex -2.905000e+002 -1.013726e+002 1.211876e+002
         vertex -2.935000e+002 -1.010197e+002 1.216649e+002
      endloop
   endfacet
   facet normal 0.000000e+000 -8.205372e-001 5.715931e-001
      outer loop
         vertex -2.935000e+002 -1.010197e+002 1.216649e+002
         vertex -2.905000e+002 -1.013726e+002 1.211876e+002
         vertex -2.905000e+002 -1.010197e+002 1.216649e+002
      endloop
   endfacet
   facet normal 0.000000e+000 -8.797992e-001 4.753455e-001
      outer loop
         vertex -2.935000e+002 -1.010197e+002 1.216649e+002
         vertex -2.905000e+002 -1.010197e+002 1.216649e+002
         vertex -2.935000e+002 -1.007524e+002 1.221950e+002
      endloop
   endfacet
   facet normal 0.000000e+000 -9.053342e-001 4.246998e-001
      outer loop
         vertex -2.935000e+002 -1.007524e+002 1.221950e+002
         vertex -2.905000e+002 -1.010197e+002 1.216649e+002
         vertex -2.905000e+002 -1.007524e+002 1.221950e+002
      endloop
   endfacet
   facet normal 0.000000e+000 -9.474779e-001 3.198213e-001
      outer loop
         vertex -2.935000e+002 -1.007524e+002 1.221950e+002
         vertex -2.905000e+002 -1.007524e+002 1.221950e+002
         vertex -2.935000e+002 -1.005786e+002 1.227626e+002
      endloop
   endfacet
   facet normal 0.000000e+000 -9.640865e-001 2.655886e-001
      outer loop
         vertex -2.935000e+002 -1.005786e+002 1.227626e+002
         vertex -2.905000e+002 -1.007524e+002 1.221950e+002
         vertex -2.905000e+002 -1.005786e+002 1.227626e+002
      endloop
   endfacet
   facet normal 0.000000e+000 -9.878993e-001 1.550965e-001
      outer loop
         vertex -2.935000e+002 -1.005786e+002 1.227626e+002
         vertex -2.905000e+002 -1.005786e+002 1.227626e+002
         vertex -2.935000e+002 -1.005032e+002 1.233515e+002
      endloop
   endfacet
   facet normal 0.000000e+000 -9.951036e-001 9.883699e-002
      outer loop
         vertex -2.935000e+002 -1.005032e+002 1.233515e+002
         vertex -2.905000e+002 -1.005786e+002 1.227626e+002
         vertex -2.905000e+002 -1.005032e+002 1.233515e+002
      endloop
   endfacet
   facet normal 0.000000e+000 -9.999007e-001 -1.409025e-002
      outer loop
         vertex -2.935000e+002 -1.005032e+002 1.233515e+002
         vertex -2.905000e+002 -1.005032e+002 1.233515e+002
         vertex -2.935000e+002 -1.005284e+002 1.239446e+002
      endloop
   endfacet
   facet normal 0.000000e+000 -9.974935e-001 -7.075802e-002
      outer loop
         vertex -2.935000e+002 -1.005284e+002 1.239446e+002
         vertex -2.905000e+002 -1.005032e+002 1.233515e+002
         vertex -2.905000e+002 -1.005284e+002 1.239446e+002
      endloop
   endfacet
   facet normal 0.000000e+000 -9.831368e-001 -1.828716e-001
      outer loop
         vertex -2.935000e+002 -1.005284e+002 1.239446e+002
         vertex -2.905000e+002 -1.005284e+002 1.239446e+002
         vertex -2.935000e+002 -1.006534e+002 1.245249e+002
      endloop
   endfacet
   facet normal 0.000000e+000 -9.711873e-001 -2.383175e-001
      outer loop
         vertex -2.935000e+002 -1.006534e+002 1.245249e+002
         vertex -2.905000e+002 -1.005284e+002 1.239446e+002
         vertex -2.905000e+002 -1.006534e+002 1.245249e+002
      endloop
   endfacet
   facet normal 0.000000e+000 -9.380898e-001 -3.463921e-001
      outer loop
         vertex -2.935000e+002 -1.006534e+002 1.245249e+002
         vertex -2.905000e+002 -1.006534e+002 1.245249e+002
         vertex -2.935000e+002 -1.008748e+002 1.250757e+002
      endloop
   endfacet
   facet normal 0.000000e+000 -9.169418e-001 -3.990209e-001
      outer loop
         vertex -2.935000e+002 -1.008748e+002 1.250757e+002
         vertex -2.905000e+002 -1.006534e+002 1.245249e+002
         vertex -2.905000e+002 -1.008748e+002 1.250757e+002
      endloop
   endfacet
   facet normal 0.000000e+000 -8.660557e-001 -4.999475e-001
      outer loop
         vertex -2.935000e+002 -1.008748e+002 1.250757e+002
         vertex -2.905000e+002 -1.008748e+002 1.250757e+002
         vertex -2.935000e+002 -1.011860e+002 1.255812e+002
      endloop
   endfacet
   facet normal 0.000000e+000 -8.363176e-001 -5.482453e-001
      outer loop
         vertex -2.935000e+002 -1.011860e+002 1.255812e+002
         vertex -2.905000e+002 -1.008748e+002 1.250757e+002
         vertex -2.905000e+002 -1.011860e+002 1.255812e+002
      endloop
   endfacet
   facet normal 0.000000e+000 -7.691067e-001 -6.391203e-001
      outer loop
         vertex -2.935000e+002 -1.011860e+002 1.255812e+002
         vertex -2.905000e+002 -1.011860e+002 1.255812e+002
         vertex -2.935000e+002 -1.015782e+002 1.260268e+002
      endloop
   endfacet
   facet normal 0.000000e+000 -7.316340e-001 -6.816977e-001
      outer loop
         vertex -2.935000e+002 -1.015782e+002 1.260268e+002
         vertex -2.905000e+002 -1.011860e+002 1.255812e+002
         vertex -2.905000e+002 -1.015782e+002 1.260268e+002
      endloop
   endfacet
   facet normal 0.000000e+000 -6.500320e-001 -7.599069e-001
      outer loop
         vertex -2.935000e+002 -1.015782e+002 1.260268e+002
         vertex -2.905000e+002 -1.015782e+002 1.260268e+002
         vertex -2.935000e+002 -1.020401e+002 1.263998e+002
      endloop
   endfacet
   facet normal 0.000000e+000 -6.059027e-001 -7.955388e-001
      outer loop
         vertex -2.935000e+002 -1.020401e+002 1.263998e+002
         vertex -2.905000e+002 -1.015782e+002 1.260268e+002
         vertex -2.905000e+002 -1.020401e+002 1.263998e+002
      endloop
   endfacet
   facet normal 0.000000e+000 -5.122570e-001 -8.588322e-001
      outer loop
         vertex -2.935000e+002 -1.020401e+002 1.263998e+002
         vertex -2.905000e+002 -1.020401e+002 1.263998e+002
         vertex -2.935000e+002 -1.025583e+002 1.266893e+002
      endloop
   endfacet
   facet normal 0.000000e+000 -4.627406e-001 -8.864937e-001
      outer loop
         vertex -2.935000e+002 -1.025583e+002 1.266893e+002
         vertex -2.905000e+002 -1.020401e+002 1.263998e+002
         vertex -2.905000e+002 -1.025583e+002 1.266893e+002
      endloop
   endfacet
   facet normal 0.000000e+000 -3.597453e-001 -9.330506e-001
      outer loop
         vertex -2.935000e+002 -1.025583e+002 1.266893e+002
         vertex -2.905000e+002 -1.025583e+002 1.266893e+002
         vertex -2.935000e+002 -1.031181e+002 1.268871e+002
      endloop
   endfacet
   facet normal 0.000000e+000 -3.062663e-001 -9.519458e-001
      outer loop
         vertex -2.935000e+002 -1.031181e+002 1.268871e+002
         vertex -2.905000e+002 -1.025583e+002 1.266893e+002
         vertex -2.905000e+002 -1.031181e+002 1.268871e+002
      endloop
   endfacet
   facet normal 0.000000e+000 -1.968844e-001 -9.804267e-001
      outer loop
         vertex -2.935000e+002 -1.031181e+002 1.268871e+002
         vertex -2.905000e+002 -1.031181e+002 1.268871e+002
         vertex -2.935000e+002 -1.037032e+002 1.269874e+002
      endloop
   endfacet
   facet normal 0.000000e+000 -1.409813e-001 -9.900123e-001
      outer loop
         vertex -2.935000e+002 -1.037032e+002 1.269874e+002
         vertex -2.905000e+002 -1.031181e+002 1.268871e+002
         vertex -2.905000e+002 -1.037032e+002 1.269874e+002
      endloop
   endfacet
   facet normal 0.000000e+000 -2.835944e-002 -9.995977e-001
      outer loop
         vertex -2.935000e+002 -1.037032e+002 1.269874e+002
         vertex -2.905000e+002 -1.037032e+002 1.269874e+002
         vertex -2.935000e+002 -1.042968e+002 1.269874e+002
      endloop
   endfacet
   facet normal 0.000000e+000 2.835944e-002 -9.995977e-001
      outer loop
         vertex -2.935000e+002 -1.042968e+002 1.269874e+002
         vertex -2.905000e+002 -1.037032e+002 1.269874e+002
         vertex -2.905000e+002 -1.042968e+002 1.269874e+002
      endloop
   endfacet
   facet normal 0.000000e+000 1.409813e-001 -9.900123e-001
      outer loop
         vertex -2.935000e+002 -1.042968e+002 1.269874e+002
         vertex -2.905000e+002 -1.042968e+002 1.269874e+002
         vertex -2.935000e+002 -1.048819e+002 1.268871e+002
      endloop
   endfacet
   facet normal 0.000000e+000 1.968844e-001 -9.804267e-001
      outer loop
         vertex -2.935000e+002 -1.048819e+002 1.268871e+002
         vertex -2.905000e+002 -1.042968e+002 1.269874e+002
         vertex -2.905000e+002 -1.048819e+002 1.268871e+002
      endloop
   endfacet
   facet normal 0.000000e+000 3.062663e-001 -9.519458e-001
      outer loop
         vertex -2.935000e+002 -1.048819e+002 1.268871e+002
         vertex -2.905000e+002 -1.048819e+002 1.268871e+002
         vertex -2.935000e+002 -1.054417e+002 1.266893e+002
      endloop
   endfacet
   facet normal 0.000000e+000 3.597453e-001 -9.330506e-001
      outer loop
         vertex -2.935000e+002 -1.054417e+002 1.266893e+002
         vertex -2.905000e+002 -1.048819e+002 1.268871e+002
         vertex -2.905000e+002 -1.054417e+002 1.266893e+002
      endloop
   endfacet
   facet normal 0.000000e+000 4.627406e-001 -8.864937e-001
      outer loop
         vertex -2.935000e+002 -1.054417e+002 1.266893e+002
         vertex -2.905000e+002 -1.054417e+002 1.266893e+002
         vertex -2.935000e+002 -1.059599e+002 1.263998e+002
      endloop
   endfacet
   facet normal 0.000000e+000 5.122570e-001 -8.588322e-001
      outer loop
         vertex -2.935000e+002 -1.059599e+002 1.263998e+002
         vertex -2.905000e+002 -1.054417e+002 1.266893e+002
         vertex -2.905000e+002 -1.059599e+002 1.263998e+002
      endloop
   endfacet
   facet normal 0.000000e+000 6.059027e-001 -7.955388e-001
      outer loop
         vertex -2.935000e+002 -1.059599e+002 1.263998e+002
         vertex -2.905000e+002 -1.059599e+002 1.263998e+002
         vertex -2.935000e+002 -1.064218e+002 1.260268e+002
      endloop
   endfacet
   facet normal 0.000000e+000 6.500320e-001 -7.599069e-001
      outer loop
         vertex -2.935000e+002 -1.064218e+002 1.260268e+002
         vertex -2.905000e+002 -1.059599e+002 1.263998e+002
         vertex -2.905000e+002 -1.064218e+002 1.260268e+002
      endloop
   endfacet
   facet normal 0.000000e+000 7.316340e-001 -6.816977e-001
      outer loop
         vertex -2.935000e+002 -1.064218e+002 1.260268e+002
         vertex -2.905000e+002 -1.064218e+002 1.260268e+002
         vertex -2.935000e+002 -1.068140e+002 1.255812e+002
      endloop
   endfacet
   facet normal 0.000000e+000 7.691067e-001 -6.391203e-001
      outer loop
         vertex -2.935000e+002 -1.068140e+002 1.255812e+002
         vertex -2.905000e+002 -1.064218e+002 1.260268e+002
         vertex -2.905000e+002 -1.068140e+002 1.255812e+002
      endloop
   endfacet
   facet normal 0.000000e+000 8.363176e-001 -5.482453e-001
      outer loop
         vertex -2.935000e+002 -1.068140e+002 1.255812e+002
         vertex -2.905000e+002 -1.068140e+002 1.255812e+002
         vertex -2.935000e+002 -1.071252e+002 1.250757e+002
      endloop
   endfacet
   facet normal 0.000000e+000 8.660557e-001 -4.999475e-001
      outer loop
         vertex -2.935000e+002 -1.071252e+002 1.250757e+002
         vertex -2.905000e+002 -1.068140e+002 1.255812e+002
         vertex -2.905000e+002 -1.071252e+002 1.250757e+002
      endloop
   endfacet
   facet normal 0.000000e+000 9.169418e-001 -3.990209e-001
      outer loop
         vertex -2.935000e+002 -1.071252e+002 1.250757e+002
         vertex -2.905000e+002 -1.071252e+002 1.250757e+002
         vertex -2.935000e+002 -1.073466e+002 1.245249e+002
      endloop
   endfacet
   facet normal 0.000000e+000 9.380898e-001 -3.463921e-001
      outer loop
         vertex -2.935000e+002 -1.073466e+002 1.245249e+002
         vertex -2.905000e+002 -1.071252e+002 1.250757e+002
         vertex -2.905000e+002 -1.073466e+002 1.245249e+002
      endloop
   endfacet
   facet normal 0.000000e+000 9.711873e-001 -2.383175e-001
      outer loop
         vertex -2.935000e+002 -1.073466e+002 1.245249e+002
         vertex -2.905000e+002 -1.073466e+002 1.245249e+002
         vertex -2.935000e+002 -1.074716e+002 1.239446e+002
      endloop
   endfacet
   facet normal 0.000000e+000 9.831368e-001 -1.828716e-001
      outer loop
         vertex -2.935000e+002 -1.074716e+002 1.239446e+002
         vertex -2.905000e+002 -1.073466e+002 1.245249e+002
         vertex -2.905000e+002 -1.074716e+002 1.239446e+002
      endloop
   endfacet
   facet normal 0.000000e+000 9.974935e-001 -7.075802e-002
      outer loop
         vertex -2.935000e+002 -1.074716e+002 1.239446e+002
         vertex -2.905000e+002 -1.074716e+002 1.239446e+002
         vertex -2.935000e+002 -1.074968e+002 1.233515e+002
      endloop
   endfacet
   facet normal 0.000000e+000 9.999007e-001 -1.409025e-002
      outer loop
         vertex -2.935000e+002 -1.074968e+002 1.233515e+002
         vertex -2.905000e+002 -1.074716e+002 1.239446e+002
         vertex -2.905000e+002 -1.074968e+002 1.233515e+002
      endloop
   endfacet
   facet normal 0.000000e+000 9.951036e-001 9.883699e-002
      outer loop
         vertex -2.935000e+002 -1.074968e+002 1.233515e+002
         vertex -2.905000e+002 -1.074968e+002 1.233515e+002
         vertex -2.935000e+002 -1.074214e+002 1.227626e+002
      endloop
   endfacet
   facet normal 0.000000e+000 9.878993e-001 1.550965e-001
      outer loop
         vertex -2.935000e+002 -1.074214e+002 1.227626e+002
         vertex -2.905000e+002 -1.074968e+002 1.233515e+002
         vertex -2.905000e+002 -1.074214e+002 1.227626e+002
      endloop
   endfacet
   facet normal 0.000000e+000 9.640865e-001 2.655886e-001
      outer loop
         vertex -2.935000e+002 -1.074214e+002 1.227626e+002
         vertex -2.905000e+002 -1.074214e+002 1.227626e+002
         vertex -2.935000e+002 -1.072476e+002 1.221950e+002
      endloop
   endfacet
   facet normal 0.000000e+000 9.474779e-001 3.198213e-001
      outer loop
         vertex -2.935000e+002 -1.072476e+002 1.221950e+002
         vertex -2.905000e+002 -1.074214e+002 1.227626e+002
         vertex -2.905000e+002 -1.072476e+002 1.221950e+002
      endloop
   endfacet
   facet normal 0.000000e+000 9.053342e-001 4.246998e-001
      outer loop
         vertex -2.935000e+002 -1.072476e+002 1.221950e+002
         vertex -2.905000e+002 -1.072476e+002 1.221950e+002
         vertex -2.935000e+002 -1.069804e+002 1.216649e+002
      endloop
   endfacet
   facet normal 0.000000e+000 8.797992e-001 4.753455e-001
      outer loop
         vertex -2.935000e+002 -1.069804e+002 1.216649e+002
         vertex -2.905000e+002 -1.072476e+002 1.221950e+002
         vertex -2.905000e+002 -1.069804e+002 1.216649e+002
      endloop
   endfacet
   facet normal 0.000000e+000 8.205372e-001 5.715931e-001
      outer loop
         vertex -2.935000e+002 -1.069804e+002 1.216649e+002
         vertex -2.905000e+002 -1.069804e+002 1.216649e+002
         vertex -2.935000e+002 -1.066273e+002 1.211876e+002
      endloop
   endfacet
   facet normal 0.000000e+000 7.868103e-001 6.171949e-001
      outer loop
         vertex -2.935000e+002 -1.066273e+002 1.211876e+002
         vertex -2.905000e+002 -1.069804e+002 1.216649e+002
         vertex -2.905000e+002 -1.066273e+002 1.211876e+002
      endloop
   endfacet
   facet normal 0.000000e+000 7.121348e-001 7.020428e-001
      outer loop
         vertex -2.935000e+002 -1.066273e+002 1.211876e+002
         vertex -2.905000e+002 -1.066273e+002 1.211876e+002
         vertex -2.935000e+002 -1.061988e+002 1.207769e+002
      endloop
   endfacet
   facet normal 0.000000e+000 6.711863e-001 7.412888e-001
      outer loop
         vertex -2.935000e+002 -1.061988e+002 1.207769e+002
         vertex -2.905000e+002 -1.066273e+002 1.211876e+002
         vertex -2.905000e+002 -1.061988e+002 1.207769e+002
      endloop
   endfacet
   facet normal 0.000000e+000 5.832456e-001 8.122959e-001
      outer loop
         vertex -2.935000e+002 -1.061988e+002 1.207769e+002
         vertex -2.905000e+002 -1.061988e+002 1.207769e+002
         vertex -2.935000e+002 -1.057069e+002 1.204445e+002
      endloop
   endfacet
   facet normal 0.000000e+000 5.362535e-001 8.440570e-001
      outer loop
         vertex -2.935000e+002 -1.057069e+002 1.204445e+002
         vertex -2.905000e+002 -1.061988e+002 1.207769e+002
         vertex -2.905000e+002 -1.057069e+002 1.204445e+002
      endloop
   endfacet
   facet normal 0.000000e+000 4.375775e-001 8.991807e-001
      outer loop
         vertex -2.935000e+002 -1.057069e+002 1.204445e+002
         vertex -2.905000e+002 -1.057069e+002 1.204445e+002
         vertex -2.935000e+002 -1.051660e+002 1.201999e+002
      endloop
   endfacet
   facet normal 0.000000e+000 3.858936e-001 9.225433e-001
      outer loop
         vertex -2.935000e+002 -1.051660e+002 1.201999e+002
         vertex -2.905000e+002 -1.057069e+002 1.204445e+002
         vertex -2.905000e+002 -1.051660e+002 1.201999e+002
      endloop
   endfacet
   facet normal 0.000000e+000 2.793211e-001 9.601977e-001
      outer loop
         vertex -2.935000e+002 -1.051660e+002 1.201999e+002
         vertex -2.905000e+002 -1.051660e+002 1.201999e+002
         vertex -2.935000e+002 -1.045915e+002 1.200503e+002
      endloop
   endfacet
   facet normal 0.000000e+000 2.244324e-001 9.744897e-001
      outer loop
         vertex -2.935000e+002 -1.045915e+002 1.200503e+002
         vertex -2.905000e+002 -1.051660e+002 1.201999e+002
         vertex -2.905000e+002 -1.045915e+002 1.200503e+002
      endloop
   endfacet
   facet normal 0.000000e+000 1.130291e-001 9.935917e-001
      outer loop
         vertex -2.935000e+002 -1.045915e+002 1.200503e+002
         vertex -2.905000e+002 -1.045915e+002 1.200503e+002
         vertex -2.935000e+002 -1.040000e+002 1.200000e+002
      endloop
   endfacet
   facet normal 0.000000e+000 5.651454e-002 9.984018e-001
      outer loop
         vertex -2.935000e+002 -1.040000e+002 1.200000e+002
         vertex -2.905000e+002 -1.045915e+002 1.200503e+002
         vertex -2.905000e+002 -1.040000e+002 1.200000e+002
      endloop
   endfacet
   facet normal 0.000000e+000 -5.651454e-002 9.984018e-001
      outer loop
         vertex -2.935000e+002 -1.040000e+002 2.640000e+002
         vertex -2.905000e+002 -1.040000e+002 2.640000e+002
         vertex -2.935000e+002 -1.034085e+002 2.640503e+002
      endloop
   endfacet
   facet normal 0.000000e+000 -1.130291e-001 9.935917e-001
      outer loop
         vertex -2.935000e+002 -1.034085e+002 2.640503e+002
         vertex -2.905000e+002 -1.040000e+002 2.640000e+002
         vertex -2.905000e+002 -1.034085e+002 2.640503e+002
      endloop
   endfacet
   facet normal 0.000000e+000 -2.244324e-001 9.744897e-001
      outer loop
         vertex -2.935000e+002 -1.034085e+002 2.640503e+002
         vertex -2.905000e+002 -1.034085e+002 2.640503e+002
         vertex -2.935000e+002 -1.028340e+002 2.642000e+002
      endloop
   endfacet
   facet normal 0.000000e+000 -2.793211e-001 9.601977e-001
      outer loop
         vertex -2.935000e+002 -1.028340e+002 2.642000e+002
         vertex -2.905000e+002 -1.034085e+002 2.640503e+002
         vertex -2.905000e+002 -1.028340e+002 2.642000e+002
      endloop
   endfacet
   facet normal 0.000000e+000 -3.858936e-001 9.225433e-001
      outer loop
         vertex -2.935000e+002 -1.028340e+002 2.642000e+002
         vertex -2.905000e+002 -1.028340e+002 2.642000e+002
         vertex -2.935000e+002 -1.022931e+002 2.644444e+002
      endloop
   endfacet
   facet normal 0.000000e+000 -4.375775e-001 8.991807e-001
      outer loop
         vertex -2.935000e+002 -1.022931e+002 2.644444e+002
         vertex -2.905000e+002 -1.028340e+002 2.642000e+002
         vertex -2.905000e+002 -1.022931e+002 2.644444e+002
      endloop
   endfacet
   facet normal 0.000000e+000 -5.362535e-001 8.440570e-001
      outer loop
         vertex -2.935000e+002 -1.022931e+002 2.644444e+002
         vertex -2.905000e+002 -1.022931e+002 2.644444e+002
         vertex -2.935000e+002 -1.018012e+002 2.647769e+002
      endloop
   endfacet
   facet normal 0.000000e+000 -5.832456e-001 8.122959e-001
      outer loop
         vertex -2.935000e+002 -1.018012e+002 2.647769e+002
         vertex -2.905000e+002 -1.022931e+002 2.644444e+002
         vertex -2.905000e+002 -1.018012e+002 2.647769e+002
      endloop
   endfacet
   facet normal 0.000000e+000 -6.711863e-001 7.412888e-001
      outer loop
         vertex -2.935000e+002 -1.018012e+002 2.647769e+002
         vertex -2.905000e+002 -1.018012e+002 2.647769e+002
         vertex -2.935000e+002 -1.013726e+002 2.651877e+002
      endloop
   endfacet
   facet normal 0.000000e+000 -7.121348e-001 7.020428e-001
      outer loop
         vertex -2.935000e+002 -1.013726e+002 2.651877e+002
         vertex -2.905000e+002 -1.018012e+002 2.647769e+002
         vertex -2.905000e+002 -1.013726e+002 2.651877e+002
      endloop
   endfacet
   facet normal 0.000000e+000 -7.868103e-001 6.171949e-001
      outer loop
         vertex -2.935000e+002 -1.013726e+002 2.651877e+002
         vertex -2.905000e+002 -1.013726e+002 2.651877e+002
         vertex -2.935000e+002 -1.010197e+002 2.656649e+002
      endloop
   endfacet
   facet normal 0.000000e+000 -8.205372e-001 5.715931e-001
      outer loop
         vertex -2.935000e+002 -1.010197e+002 2.656649e+002
         vertex -2.905000e+002 -1.013726e+002 2.651877e+002
         vertex -2.905000e+002 -1.010197e+002 2.656649e+002
      endloop
   endfacet
   facet normal 0.000000e+000 -8.797992e-001 4.753455e-001
      outer loop
         vertex -2.935000e+002 -1.010197e+002 2.656649e+002
         vertex -2.905000e+002 -1.010197e+002 2.656649e+002
         vertex -2.935000e+002 -1.007524e+002 2.661950e+002
      endloop
   endfacet
   facet normal 0.000000e+000 -9.053342e-001 4.246998e-001
      outer loop
         vertex -2.935000e+002 -1.007524e+002 2.661950e+002
         vertex -2.905000e+002 -1.010197e+002 2.656649e+002
         vertex -2.905000e+002 -1.007524e+002 2.661950e+002
      endloop
   endfacet
   facet normal 0.000000e+000 -9.474779e-001 3.198213e-001
      outer loop
         vertex -2.935000e+002 -1.007524e+002 2.661950e+002
         vertex -2.905000e+002 -1.007524e+002 2.661950e+002
         vertex -2.935000e+002 -1.005786e+002 2.667626e+002
      endloop
   endfacet
   facet normal 0.000000e+000 -9.640865e-001 2.655886e-001
      outer loop
         vertex -2.935000e+002 -1.005786e+002 2.667626e+002
         vertex -2.905000e+002 -1.007524e+002 2.661950e+002
         vertex -2.905000e+002 -1.005786e+002 2.667626e+002
      endloop
   endfacet
   facet normal 0.000000e+000 -9.878993e-001 1.550965e-001
      outer loop
         vertex -2.935000e+002 -1.005786e+002 2.667626e+002
         vertex -2.905000e+002 -1.005786e+002 2.667626e+002
         vertex -2.935000e+002 -1.005032e+002 2.673514e+002
      endloop
   endfacet
   facet normal 0.000000e+000 -9.951036e-001 9.883699e-002
      outer loop
         vertex -2.935000e+002 -1.005032e+002 2.673514e+002
         vertex -2.905000e+002 -1.005786e+002 2.667626e+002
         vertex -2.905000e+002 -1.005032e+002 2.673514e+002
      endloop
   endfacet
   facet normal 0.000000e+000 -9.999007e-001 -1.409025e-002
      outer loop
         vertex -2.935000e+002 -1.005032e+002 2.673514e+002
         vertex -2.905000e+002 -1.005032e+002 2.673514e+002
         vertex -2.935000e+002 -1.005284e+002 2.679446e+002
      endloop
   endfacet
   facet normal 0.000000e+000 -9.974935e-001 -7.075802e-002
      outer loop
         vertex -2.935000e+002 -1.005284e+002 2.679446e+002
         vertex -2.905000e+002 -1.005032e+002 2.673514e+002
         vertex -2.905000e+002 -1.005284e+002 2.679446e+002
      endloop
   endfacet
   facet normal 0.000000e+000 -9.831368e-001 -1.828716e-001
      outer loop
         vertex -2.935000e+002 -1.005284e+002 2.679446e+002
         vertex -2.905000e+002 -1.005284e+002 2.679446e+002
         vertex -2.935000e+002 -1.006534e+002 2.685249e+002
      endloop
   endfacet
   facet normal 0.000000e+000 -9.711873e-001 -2.383175e-001
      outer loop
         vertex -2.935000e+002 -1.006534e+002 2.685249e+002
         vertex -2.905000e+002 -1.005284e+002 2.679446e+002
         vertex -2.905000e+002 -1.006534e+002 2.685249e+002
      endloop
   endfacet
   facet normal 0.000000e+000 -9.380898e-001 -3.463921e-001
      outer loop
         vertex -2.935000e+002 -1.006534e+002 2.685249e+002
         vertex -2.905000e+002 -1.006534e+002 2.685249e+002
         vertex -2.935000e+002 -1.008748e+002 2.690757e+002
      endloop
   endfacet
   facet normal 0.000000e+000 -9.169418e-001 -3.990209e-001
      outer loop
         vertex -2.935000e+002 -1.008748e+002 2.690757e+002
         vertex -2.905000e+002 -1.006534e+002 2.685249e+002
         vertex -2.905000e+002 -1.008748e+002 2.690757e+002
      endloop
   endfacet
   facet normal 0.000000e+000 -8.660557e-001 -4.999475e-001
      outer loop
         vertex -2.935000e+002 -1.008748e+002 2.690757e+002
         vertex -2.905000e+002 -1.008748e+002 2.690757e+002
         vertex -2.935000e+002 -1.011860e+002 2.695812e+002
      endloop
   endfacet
   facet normal 0.000000e+000 -8.363176e-001 -5.482453e-001
      outer loop
         vertex -2.935000e+002 -1.011860e+002 2.695812e+002
         vertex -2.905000e+002 -1.008748e+002 2.690757e+002
         vertex -2.905000e+002 -1.011860e+002 2.695812e+002
      endloop
   endfacet
   facet normal 0.000000e+000 -7.691067e-001 -6.391203e-001
      outer loop
         vertex -2.935000e+002 -1.011860e+002 2.695812e+002
         vertex -2.905000e+002 -1.011860e+002 2.695812e+002
         vertex -2.935000e+002 -1.015782e+002 2.700268e+002
      endloop
   endfacet
   facet normal 0.000000e+000 -7.316340e-001 -6.816977e-001
      outer loop
         vertex -2.935000e+002 -1.015782e+002 2.700268e+002
         vertex -2.905000e+002 -1.011860e+002 2.695812e+002
         vertex -2.905000e+002 -1.015782e+002 2.700268e+002
      endloop
   endfacet
   facet normal 0.000000e+000 -6.500320e-001 -7.599069e-001
      outer loop
         vertex -2.935000e+002 -1.015782e+002 2.700268e+002
         vertex -2.905000e+002 -1.015782e+002 2.700268e+002
         vertex -2.935000e+002 -1.020401e+002 2.703998e+002
      endloop
   endfacet
   facet normal 0.000000e+000 -6.059027e-001 -7.955388e-001
      outer loop
         vertex -2.935000e+002 -1.020401e+002 2.703998e+002
         vertex -2.905000e+002 -1.015782e+002 2.700268e+002
         vertex -2.905000e+002 -1.020401e+002 2.703998e+002
      endloop
   endfacet
   facet normal 0.000000e+000 -5.122570e-001 -8.588322e-001
      outer loop
         vertex -2.935000e+002 -1.020401e+002 2.703998e+002
         vertex -2.905000e+002 -1.020401e+002 2.703998e+002
         vertex -2.935000e+002 -1.025583e+002 2.706893e+002
      endloop
   endfacet
   facet normal 0.000000e+000 -4.627406e-001 -8.864937e-001
      outer loop
         vertex -2.935000e+002 -1.025583e+002 2.706893e+002
         vertex -2.905000e+002 -1.020401e+002 2.703998e+002
         vertex -2.905000e+002 -1.025583e+002 2.706893e+002
      endloop
   endfacet
   facet normal 0.000000e+000 -3.597453e-001 -9.330506e-001
      outer loop
         vertex -2.935000e+002 -1.025583e+002 2.706893e+002
         vertex -2.905000e+002 -1.025583e+002 2.706893e+002
         vertex -2.935000e+002 -1.031181e+002 2.708871e+002
      endloop
   endfacet
   facet normal 0.000000e+000 -3.062663e-001 -9.519458e-001
      outer loop
         vertex -2.935000e+002 -1.031181e+002 2.708871e+002
         vertex -2.905000e+002 -1.025583e+002 2.706893e+002
         vertex -2.905000e+002 -1.031181e+002 2.708871e+002
      endloop
   endfacet
   facet normal 0.000000e+000 -1.968844e-001 -9.804267e-001
      outer loop
         vertex -2.935000e+002 -1.031181e+002 2.708871e+002
         vertex -2.905000e+002 -1.031181e+002 2.708871e+002
         vertex -2.935000e+002 -1.037032e+002 2.709874e+002
      endloop
   endfacet
   facet normal 0.000000e+000 -1.409813e-001 -9.900123e-001
      outer loop
         vertex -2.935000e+002 -1.037032e+002 2.709874e+002
         vertex -2.905000e+002 -1.031181e+002 2.708871e+002
         vertex -2.905000e+002 -1.037032e+002 2.709874e+002
      endloop
   endfacet
   facet normal 0.000000e+000 -2.835944e-002 -9.995977e-001
      outer loop
         vertex -2.935000e+002 -1.037032e+002 2.709874e+002
         vertex -2.905000e+002 -1.037032e+002 2.709874e+002
         vertex -2.935000e+002 -1.042968e+002 2.709874e+002
      endloop
   endfacet
   facet normal 0.000000e+000 2.835944e-002 -9.995977e-001
      outer loop
         vertex -2.935000e+002 -1.042968e+002 2.709874e+002
         vertex -2.905000e+002 -1.037032e+002 2.709874e+002
         vertex -2.905000e+002 -1.042968e+002 2.709874e+002
      endloop
   endfacet
   facet normal 0.000000e+000 1.409813e-001 -9.900123e-001
      outer loop
         vertex -2.935000e+002 -1.042968e+002 2.709874e+002
         vertex -2.905000e+002 -1.042968e+002 2.709874e+002
         vertex -2.935000e+002 -1.048819e+002 2.708871e+002
      endloop
   endfacet
   facet normal 0.000000e+000 1.968844e-001 -9.804267e-001
      outer loop
         vertex -2.935000e+002 -1.048819e+002 2.708871e+002
         vertex -2.905000e+002 -1.042968e+002 2.709874e+002
         vertex -2.905000e+002 -1.048819e+002 2.708871e+002
      endloop
   endfacet
   facet normal 0.000000e+000 3.062663e-001 -9.519458e-001
      outer loop
         vertex -2.935000e+002 -1.048819e+002 2.708871e+002
         vertex -2.905000e+002 -1.048819e+002 2.708871e+002
         vertex -2.935000e+002 -1.054417e+002 2.706893e+002
      endloop
   endfacet
   facet normal 0.000000e+000 3.597453e-001 -9.330506e-001
      outer loop
         vertex -2.935000e+002 -1.054417e+002 2.706893e+002
         vertex -2.905000e+002 -1.048819e+002 2.708871e+002
         vertex -2.905000e+002 -1.054417e+002 2.706893e+002
      endloop
   endfacet
   facet normal 0.000000e+000 4.627406e-001 -8.864937e-001
      outer loop
         vertex -2.935000e+002 -1.054417e+002 2.706893e+002
         vertex -2.905000e+002 -1.054417e+002 2.706893e+002
         vertex -2.935000e+002 -1.059599e+002 2.703998e+002
      endloop
   endfacet
   facet normal 0.000000e+000 5.122570e-001 -8.588322e-001
      outer loop
         vertex -2.935000e+002 -1.059599e+002 2.703998e+002
         vertex -2.905000e+002 -1.054417e+002 2.706893e+002
         vertex -2.905000e+002 -1.059599e+002 2.703998e+002
      endloop
   endfacet
   facet normal 0.000000e+000 6.059027e-001 -7.955388e-001
      outer loop
         vertex -2.935000e+002 -1.059599e+002 2.703998e+002
         vertex -2.905000e+002 -1.059599e+002 2.703998e+002
         vertex -2.935000e+002 -1.064218e+002 2.700268e+002
      endloop
   endfacet
   facet normal 0.000000e+000 6.500320e-001 -7.599069e-001
      outer loop
         vertex -2.935000e+002 -1.064218e+002 2.700268e+002
         vertex -2.905000e+002 -1.059599e+002 2.703998e+002
         vertex -2.905000e+002 -1.064218e+002 2.700268e+002
      endloop
   endfacet
   facet normal 0.000000e+000 7.316340e-001 -6.816977e-001
      outer loop
         vertex -2.935000e+002 -1.064218e+002 2.700268e+002
         vertex -2.905000e+002 -1.064218e+002 2.700268e+002
         vertex -2.935000e+002 -1.068140e+002 2.695812e+002
      endloop
   endfacet
   facet normal 0.000000e+000 7.691067e-001 -6.391203e-001
      outer loop
         vertex -2.935000e+002 -1.068140e+002 2.695812e+002
         vertex -2.905000e+002 -1.064218e+002 2.700268e+002
         vertex -2.905000e+002 -1.068140e+002 2.695812e+002
      endloop
   endfacet
   facet normal 0.000000e+000 8.363176e-001 -5.482453e-001
      outer loop
         vertex -2.935000e+002 -1.068140e+002 2.695812e+002
         vertex -2.905000e+002 -1.068140e+002 2.695812e+002
         vertex -2.935000e+002 -1.071252e+002 2.690757e+002
      endloop
   endfacet
   facet normal 0.000000e+000 8.660557e-001 -4.999475e-001
      outer loop
         vertex -2.935000e+002 -1.071252e+002 2.690757e+002
         vertex -2.905000e+002 -1.068140e+002 2.695812e+002
         vertex -2.905000e+002 -1.071252e+002 2.690757e+002
      endloop
   endfacet
   facet normal 0.000000e+000 9.169418e-001 -3.990209e-001
      outer loop
         vertex -2.935000e+002 -1.071252e+002 2.690757e+002
         vertex -2.905000e+002 -1.071252e+002 2.690757e+002
         vertex -2.935000e+002 -1.073466e+002 2.685249e+002
      endloop
   endfacet
   facet normal 0.000000e+000 9.380898e-001 -3.463921e-001
      outer loop
         vertex -2.935000e+002 -1.073466e+002 2.685249e+002
         vertex -2.905000e+002 -1.071252e+002 2.690757e+002
         vertex -2.905000e+002 -1.073466e+002 2.685249e+002
      endloop
   endfacet
   facet normal 0.000000e+000 9.711873e-001 -2.383175e-001
      outer loop
         vertex -2.935000e+002 -1.073466e+002 2.685249e+002
         vertex -2.905000e+002 -1.073466e+002 2.685249e+002
         vertex -2.935000e+002 -1.074716e+002 2.679446e+002
      endloop
   endfacet
   facet normal 0.000000e+000 9.831368e-001 -1.828716e-001
      outer loop
         vertex -2.935000e+002 -1.074716e+002 2.679446e+002
         vertex -2.905000e+002 -1.073466e+002 2.685249e+002
         vertex -2.905000e+002 -1.074716e+002 2.679446e+002
      endloop
   endfacet
   facet normal 0.000000e+000 9.974935e-001 -7.075802e-002
      outer loop
         vertex -2.935000e+002 -1.074716e+002 2.679446e+002
         vertex -2.905000e+002 -1.074716e+002 2.679446e+002
         vertex -2.935000e+002 -1.074968e+002 2.673514e+002
      endloop
   endfacet
   facet normal 0.000000e+000 9.999007e-001 -1.409025e-002
      outer loop
         vertex -2.935000e+002 -1.074968e+002 2.673514e+002
         vertex -2.905000e+002 -1.074716e+002 2.679446e+002
         vertex -2.905000e+002 -1.074968e+002 2.673514e+002
      endloop
   endfacet
   facet normal 0.000000e+000 9.951036e-001 9.883699e-002
      outer loop
         vertex -2.935000e+002 -1.074968e+002 2.673514e+002
         vertex -2.905000e+002 -1.074968e+002 2.673514e+002
         vertex -2.935000e+002 -1.074214e+002 2.667626e+002
      endloop
   endfacet
   facet normal 0.000000e+000 9.878993e-001 1.550965e-001
      outer loop
         vertex -2.935000e+002 -1.074214e+002 2.667626e+002
         vertex -2.905000e+002 -1.074968e+002 2.673514e+002
         vertex -2.905000e+002 -1.074214e+002 2.667626e+002
      endloop
   endfacet
   facet normal 0.000000e+000 9.640865e-001 2.655886e-001
      outer loop
         vertex -2.935000e+002 -1.074214e+002 2.667626e+002
         vertex -2.905000e+002 -1.074214e+002 2.667626e+002
         vertex -2.935000e+002 -1.072476e+002 2.661950e+002
      endloop
   endfacet
   facet normal 0.000000e+000 9.474779e-001 3.198213e-001
      outer loop
         vertex -2.935000e+002 -1.072476e+002 2.661950e+002
         vertex -2.905000e+002 -1.074214e+002 2.667626e+002
         vertex -2.905000e+002 -1.072476e+002 2.661950e+002
      endloop
   endfacet
   facet normal 0.000000e+000 9.053342e-001 4.246998e-001
      outer loop
         vertex -2.935000e+002 -1.072476e+002 2.661950e+002
         vertex -2.905000e+002 -1.072476e+002 2.661950e+002
         vertex -2.935000e+002 -1.069804e+002 2.656649e+002
      endloop
   endfacet
   facet normal 0.000000e+000 8.797992e-001 4.753455e-001
      outer loop
         vertex -2.935000e+002 -1.069804e+002 2.656649e+002
         vertex -2.905000e+002 -1.072476e+002 2.661950e+002
         vertex -2.905000e+002 -1.069804e+002 2.656649e+002
      endloop
   endfacet
   facet normal 0.000000e+000 8.205372e-001 5.715931e-001
      outer loop
         vertex -2.935000e+002 -1.069804e+002 2.656649e+002
         vertex -2.905000e+002 -1.069804e+002 2.656649e+002
         vertex -2.935000e+002 -1.066273e+002 2.651877e+002
      endloop
   endfacet
   facet normal 0.000000e+000 7.868103e-001 6.171949e-001
      outer loop
         vertex -2.935000e+002 -1.066273e+002 2.651877e+002
         vertex -2.905000e+002 -1.069804e+002 2.656649e+002
         vertex -2.905000e+002 -1.066273e+002 2.651877e+002
      endloop
   endfacet
   facet normal 0.000000e+000 7.121348e-001 7.020428e-001
      outer loop
         vertex -2.935000e+002 -1.066273e+002 2.651877e+002
         vertex -2.905000e+002 -1.066273e+002 2.651877e+002
         vertex -2.935000e+002 -1.061988e+002 2.647769e+002
      endloop
   endfacet
   facet normal 0.000000e+000 6.711863e-001 7.412888e-001
      outer loop
         vertex -2.935000e+002 -1.061988e+002 2.647769e+002
         vertex -2.905000e+002 -1.066273e+002 2.651877e+002
         vertex -2.905000e+002 -1.061988e+002 2.647769e+002
      endloop
   endfacet
   facet normal 0.000000e+000 5.832456e-001 8.122959e-001
      outer loop
         vertex -2.935000e+002 -1.061988e+002 2.647769e+002
         vertex -2.905000e+002 -1.061988e+002 2.647769e+002
         vertex -2.935000e+002 -1.057069e+002 2.644444e+002
      endloop
   endfacet
   facet normal 0.000000e+000 5.362535e-001 8.440570e-001
      outer loop
         vertex -2.935000e+002 -1.057069e+002 2.644444e+002
         vertex -2.905000e+002 -1.061988e+002 2.647769e+002
         vertex -2.905000e+002 -1.057069e+002 2.644444e+002
      endloop
   endfacet
   facet normal 0.000000e+000 4.375775e-001 8.991807e-001
      outer loop
         vertex -2.935000e+002 -1.057069e+002 2.644444e+002
         vertex -2.905000e+002 -1.057069e+002 2.644444e+002
         vertex -2.935000e+002 -1.051660e+002 2.642000e+002
      endloop
   endfacet
   facet normal 0.000000e+000 3.858936e-001 9.225433e-001
      outer loop
         vertex -2.935000e+002 -1.051660e+002 2.642000e+002
         vertex -2.905000e+002 -1.057069e+002 2.644444e+002
         vertex -2.905000e+002 -1.051660e+002 2.642000e+002
      endloop
   endfacet
   facet normal 0.000000e+000 2.793211e-001 9.601977e-001
      outer loop
         vertex -2.935000e+002 -1.051660e+002 2.642000e+002
         vertex -2.905000e+002 -1.051660e+002 2.642000e+002
         vertex -2.935000e+002 -1.045915e+002 2.640503e+002
      endloop
   endfacet
   facet normal 0.000000e+000 2.244324e-001 9.744897e-001
      outer loop
         vertex -2.935000e+002 -1.045915e+002 2.640503e+002
         vertex -2.905000e+002 -1.051660e+002 2.642000e+002
         vertex -2.905000e+002 -1.045915e+002 2.640503e+002
      endloop
   endfacet
   facet normal 0.000000e+000 1.130291e-001 9.935917e-001
      outer loop
         vertex -2.935000e+002 -1.045915e+002 2.640503e+002
         vertex -2.905000e+002 -1.045915e+002 2.640503e+002
         vertex -2.935000e+002 -1.040000e+002 2.640000e+002
      endloop
   endfacet
   facet normal 0.000000e+000 5.651454e-002 9.984018e-001
      outer loop
         vertex -2.935000e+002 -1.040000e+002 2.640000e+002
         vertex -2.905000e+002 -1.045915e+002 2.640503e+002
         vertex -2.905000e+002 -1.040000e+002 2.640000e+002
      endloop
   endfacet
   facet normal 0.000000e+000 -5.651454e-002 9.984018e-001
      outer loop
         vertex -2.935000e+002 1.040000e+002 2.640000e+002
         vertex -2.905000e+002 1.040000e+002 2.640000e+002
         vertex -2.935000e+002 1.045915e+002 2.640503e+002
      endloop
   endfacet
   facet normal 0.000000e+000 -1.130291e-001 9.935917e-001
      outer loop
         vertex -2.935000e+002 1.045915e+002 2.640503e+002
         vertex -2.905000e+002 1.040000e+002 2.640000e+002
         vertex -2.905000e+002 1.045915e+002 2.640503e+002
      endloop
   endfacet
   facet normal 0.000000e+000 -2.244324e-001 9.744897e-001
      outer loop
         vertex -2.935000e+002 1.045915e+002 2.640503e+002
         vertex -2.905000e+002 1.045915e+002 2.640503e+002
         vertex -2.935000e+002 1.051660e+002 2.642000e+002
      endloop
   endfacet
   facet normal 0.000000e+000 -2.793211e-001 9.601977e-001
      outer loop
         vertex -2.935000e+002 1.051660e+002 2.642000e+002
         vertex -2.905000e+002 1.045915e+002 2.640503e+002
         vertex -2.905000e+002 1.051660e+002 2.642000e+002
      endloop
   endfacet
   facet normal 0.000000e+000 -3.858936e-001 9.225433e-001
      outer loop
         vertex -2.935000e+002 1.051660e+002 2.642000e+002
         vertex -2.905000e+002 1.051660e+002 2.642000e+002
         vertex -2.935000e+002 1.057069e+002 2.644444e+002
      endloop
   endfacet
   facet normal 0.000000e+000 -4.375775e-001 8.991807e-001
      outer loop
         vertex -2.935000e+002 1.057069e+002 2.644444e+002
         vertex -2.905000e+002 1.051660e+002 2.642000e+002
         vertex -2.905000e+002 1.057069e+002 2.644444e+002
      endloop
   endfacet
   facet normal 0.000000e+000 -5.362535e-001 8.440570e-001
      outer loop
         vertex -2.935000e+002 1.057069e+002 2.644444e+002
         vertex -2.905000e+002 1.057069e+002 2.644444e+002
         vertex -2.935000e+002 1.061988e+002 2.647769e+002
      endloop
   endfacet
   facet normal 0.000000e+000 -5.832456e-001 8.122959e-001
      outer loop
         vertex -2.935000e+002 1.061988e+002 2.647769e+002
         vertex -2.905000e+002 1.057069e+002 2.644444e+002
         vertex -2.905000e+002 1.061988e+002 2.647769e+002
      endloop
   endfacet
   facet normal 0.000000e+000 -6.711863e-001 7.412888e-001
      outer loop
         vertex -2.935000e+002 1.061988e+002 2.647769e+002
         vertex -2.905000e+002 1.061988e+002 2.647769e+002
         vertex -2.935000e+002 1.066273e+002 2.651877e+002
      endloop
   endfacet
   facet normal 0.000000e+000 -7.121348e-001 7.020428e-001
      outer loop
         vertex -2.935000e+002 1.066273e+002 2.651877e+002
         vertex -2.905000e+002 1.061988e+002 2.647769e+002
         vertex -2.905000e+002 1.066273e+002 2.651877e+002
      endloop
   endfacet
   facet normal 0.000000e+000 -7.868103e-001 6.171949e-001
      outer loop
         vertex -2.935000e+002 1.066273e+002 2.651877e+002
         vertex -2.905000e+002 1.066273e+002 2.651877e+002
         vertex -2.935000e+002 1.069804e+002 2.656649e+002
      endloop
   endfacet
   facet normal 0.000000e+000 -8.205372e-001 5.715931e-001
      outer loop
         vertex -2.935000e+002 1.069804e+002 2.656649e+002
         vertex -2.905000e+002 1.066273e+002 2.651877e+002
         vertex -2.905000e+002 1.069804e+002 2.656649e+002
      endloop
   endfacet
   facet normal 0.000000e+000 -8.797992e-001 4.753455e-001
      outer loop
         vertex -2.935000e+002 1.069804e+002 2.656649e+002
         vertex -2.905000e+002 1.069804e+002 2.656649e+002
         vertex -2.935000e+002 1.072476e+002 2.661950e+002
      endloop
   endfacet
   facet normal 0.000000e+000 -9.053342e-001 4.246998e-001
      outer loop
         vertex -2.935000e+002 1.072476e+002 2.661950e+002
         vertex -2.905000e+002 1.069804e+002 2.656649e+002
         vertex -2.905000e+002 1.072476e+002 2.661950e+002
      endloop
   endfacet
   facet normal 0.000000e+000 -9.474779e-001 3.198213e-001
      outer loop
         vertex -2.935000e+002 1.072476e+002 2.661950e+002
         vertex -2.905000e+002 1.072476e+002 2.661950e+002
         vertex -2.935000e+002 1.074214e+002 2.667626e+002
      endloop
   endfacet
   facet normal 0.000000e+000 -9.640865e-001 2.655886e-001
      outer loop
         vertex -2.935000e+002 1.074214e+002 2.667626e+002
         vertex -2.905000e+002 1.072476e+002 2.661950e+002
         vertex -2.905000e+002 1.074214e+002 2.667626e+002
      endloop
   endfacet
   facet normal 0.000000e+000 -9.878993e-001 1.550965e-001
      outer loop
         vertex -2.935000e+002 1.074214e+002 2.667626e+002
         vertex -2.905000e+002 1.074214e+002 2.667626e+002
         vertex -2.935000e+002 1.074968e+002 2.673514e+002
      endloop
   endfacet
   facet normal 0.000000e+000 -9.951036e-001 9.883699e-002
      outer loop
         vertex -2.935000e+002 1.074968e+002 2.673514e+002
         vertex -2.905000e+002 1.074214e+002 2.667626e+002
         vertex -2.905000e+002 1.074968e+002 2.673514e+002
      endloop
   endfacet
   facet normal 0.000000e+000 -9.999007e-001 -1.409025e-002
      outer loop
         vertex -2.935000e+002 1.074968e+002 2.673514e+002
         vertex -2.905000e+002 1.074968e+002 2.673514e+002
         vertex -2.935000e+002 1.074716e+002 2.679446e+002
      endloop
   endfacet
   facet normal 0.000000e+000 -9.974935e-001 -7.075802e-002
      outer loop
         vertex -2.935000e+002 1.074716e+002 2.679446e+002
         vertex -2.905000e+002 1.074968e+002 2.673514e+002
         vertex -2.905000e+002 1.074716e+002 2.679446e+002
      endloop
   endfacet
   facet normal 0.000000e+000 -9.831368e-001 -1.828716e-001
      outer loop
         vertex -2.935000e+002 1.074716e+002 2.679446e+002
         vertex -2.905000e+002 1.074716e+002 2.679446e+002
         vertex -2.935000e+002 1.073466e+002 2.685249e+002
      endloop
   endfacet
   facet normal 0.000000e+000 -9.711873e-001 -2.383175e-001
      outer loop
         vertex -2.935000e+002 1.073466e+002 2.685249e+002
         vertex -2.905000e+002 1.074716e+002 2.679446e+002
         vertex -2.905000e+002 1.073466e+002 2.685249e+002
      endloop
   endfacet
   facet normal 0.000000e+000 -9.380898e-001 -3.463921e-001
      outer loop
         vertex -2.935000e+002 1.073466e+002 2.685249e+002
         vertex -2.905000e+002 1.073466e+002 2.685249e+002
         vertex -2.935000e+002 1.071252e+002 2.690757e+002
      endloop
   endfacet
   facet normal 0.000000e+000 -9.169418e-001 -3.990209e-001
      outer loop
         vertex -2.935000e+002 1.071252e+002 2.690757e+002
         vertex -2.905000e+002 1.073466e+002 2.685249e+002
         vertex -2.905000e+002 1.071252e+002 2.690757e+002
      endloop
   endfacet
   facet normal 0.000000e+000 -8.660557e-001 -4.999475e-001
      outer loop
         vertex -2.935000e+002 1.071252e+002 2.690757e+002
         vertex -2.905000e+002 1.071252e+002 2.690757e+002
         vertex -2.935000e+002 1.068140e+002 2.695812e+002
      endloop
   endfacet
   facet normal 0.000000e+000 -8.363176e-001 -5.482453e-001
      outer loop
         vertex -2.935000e+002 1.068140e+002 2.695812e+002
         vertex -2.905000e+002 1.071252e+002 2.690757e+002
         vertex -2.905000e+002 1.068140e+002 2.695812e+002
      endloop
   endfacet
   facet normal 0.000000e+000 -7.691067e-001 -6.391203e-001
      outer loop
         vertex -2.935000e+002 1.068140e+002 2.695812e+002
         vertex -2.905000e+002 1.068140e+002 2.695812e+002
         vertex -2.935000e+002 1.064218e+002 2.700268e+002
      endloop
   endfacet
   facet normal 0.000000e+000 -7.316340e-001 -6.816977e-001
      outer loop
         vertex -2.935000e+002 1.064218e+002 2.700268e+002
         vertex -2.905000e+002 1.068140e+002 2.695812e+002
         vertex -2.905000e+002 1.064218e+002 2.700268e+002
      endloop
   endfacet
   facet normal 0.000000e+000 -6.500320e-001 -7.599069e-001
      outer loop
         vertex -2.935000e+002 1.064218e+002 2.700268e+002
         vertex -2.905000e+002 1.064218e+002 2.700268e+002
         vertex -2.935000e+002 1.059599e+002 2.703998e+002
      endloop
   endfacet
   facet normal 0.000000e+000 -6.059027e-001 -7.955388e-001
      outer loop
         vertex -2.935000e+002 1.059599e+002 2.703998e+002
         vertex -2.905000e+002 1.064218e+002 2.700268e+002
         vertex -2.905000e+002 1.059599e+002 2.703998e+002
      endloop
   endfacet
   facet normal 0.000000e+000 -5.122570e-001 -8.588322e-001
      outer loop
         vertex -2.935000e+002 1.059599e+002 2.703998e+002
         vertex -2.905000e+002 1.059599e+002 2.703998e+002
         vertex -2.935000e+002 1.054417e+002 2.706893e+002
      endloop
   endfacet
   facet normal 0.000000e+000 -4.627406e-001 -8.864937e-001
      outer loop
         vertex -2.935000e+002 1.054417e+002 2.706893e+002
         vertex -2.905000e+002 1.059599e+002 2.703998e+002
         vertex -2.905000e+002 1.054417e+002 2.706893e+002
      endloop
   endfacet
   facet normal 0.000000e+000 -3.597453e-001 -9.330506e-001
      outer loop
         vertex -2.935000e+002 1.054417e+002 2.706893e+002
         vertex -2.905000e+002 1.054417e+002 2.706893e+002
         vertex -2.935000e+002 1.048819e+002 2.708871e+002
      endloop
   endfacet
   facet normal 0.000000e+000 -3.062663e-001 -9.519458e-001
      outer loop
         vertex -2.935000e+002 1.048819e+002 2.708871e+002
         vertex -2.905000e+002 1.054417e+002 2.706893e+002
         vertex -2.905000e+002 1.048819e+002 2.708871e+002
      endloop
   endfacet
   facet normal 0.000000e+000 -1.968844e-001 -9.804267e-001
      outer loop
         vertex -2.935000e+002 1.048819e+002 2.708871e+002
         vertex -2.905000e+002 1.048819e+002 2.708871e+002
         vertex -2.935000e+002 1.042968e+002 2.709874e+002
      endloop
   endfacet
   facet normal 0.000000e+000 -1.409813e-001 -9.900123e-001
      outer loop
         vertex -2.935000e+002 1.042968e+002 2.709874e+002
         vertex -2.905000e+002 1.048819e+002 2.708871e+002
         vertex -2.905000e+002 1.042968e+002 2.709874e+002
      endloop
   endfacet
   facet normal 0.000000e+000 -2.835944e-002 -9.995977e-001
      outer loop
         vertex -2.935000e+002 1.042968e+002 2.709874e+002
         vertex -2.905000e+002 1.042968e+002 2.709874e+002
         vertex -2.935000e+002 1.037032e+002 2.709874e+002
      endloop
   endfacet
   facet normal 0.000000e+000 2.835944e-002 -9.995977e-001
      outer loop
         vertex -2.935000e+002 1.037032e+002 2.709874e+002
         vertex -2.905000e+002 1.042968e+002 2.709874e+002
         vertex -2.905000e+002 1.037032e+002 2.709874e+002
      endloop
   endfacet
   facet normal 0.000000e+000 1.409813e-001 -9.900123e-001
      outer loop
         vertex -2.935000e+002 1.037032e+002 2.709874e+002
         vertex -2.905000e+002 1.037032e+002 2.709874e+002
         vertex -2.935000e+002 1.031181e+002 2.708871e+002
      endloop
   endfacet
   facet normal 0.000000e+000 1.968844e-001 -9.804267e-001
      outer loop
         vertex -2.935000e+002 1.031181e+002 2.708871e+002
         vertex -2.905000e+002 1.037032e+002 2.709874e+002
         vertex -2.905000e+002 1.031181e+002 2.708871e+002
      endloop
   endfacet
   facet normal 0.000000e+000 3.062663e-001 -9.519458e-001
      outer loop
         vertex -2.935000e+002 1.031181e+002 2.708871e+002
         vertex -2.905000e+002 1.031181e+002 2.708871e+002
         vertex -2.935000e+002 1.025583e+002 2.706893e+002
      endloop
   endfacet
   facet normal 0.000000e+000 3.597453e-001 -9.330506e-001
      outer loop
         vertex -2.935000e+002 1.025583e+002 2.706893e+002
         vertex -2.905000e+002 1.031181e+002 2.708871e+002
         vertex -2.905000e+002 1.025583e+002 2.706893e+002
      endloop
   endfacet
   facet normal 0.000000e+000 4.627406e-001 -8.864937e-001
      outer loop
         vertex -2.935000e+002 1.025583e+002 2.706893e+002
         vertex -2.905000e+002 1.025583e+002 2.706893e+002
         vertex -2.935000e+002 1.020401e+002 2.703998e+002
      endloop
   endfacet
   facet normal 0.000000e+000 5.122570e-001 -8.588322e-001
      outer loop
         vertex -2.935000e+002 1.020401e+002 2.703998e+002
         vertex -2.905000e+002 1.025583e+002 2.706893e+002
         vertex -2.905000e+002 1.020401e+002 2.703998e+002
      endloop
   endfacet
   facet normal 0.000000e+000 6.059027e-001 -7.955388e-001
      outer loop
         vertex -2.935000e+002 1.020401e+002 2.703998e+002
         vertex -2.905000e+002 1.020401e+002 2.703998e+002
         vertex -2.935000e+002 1.015782e+002 2.700268e+002
      endloop
   endfacet
   facet normal 0.000000e+000 6.500320e-001 -7.599069e-001
      outer loop
         vertex -2.935000e+002 1.015782e+002 2.700268e+002
         vertex -2.905000e+002 1.020401e+002 2.703998e+002
         vertex -2.905000e+002 1.015782e+002 2.700268e+002
      endloop
   endfacet
   facet normal 0.000000e+000 7.316340e-001 -6.816977e-001
      outer loop
         vertex -2.935000e+002 1.015782e+002 2.700268e+002
         vertex -2.905000e+002 1.015782e+002 2.700268e+002
         vertex -2.935000e+002 1.011860e+002 2.695812e+002
      endloop
   endfacet
   facet normal 0.000000e+000 7.691067e-001 -6.391203e-001
      outer loop
         vertex -2.935000e+002 1.011860e+002 2.695812e+002
         vertex -2.905000e+002 1.015782e+002 2.700268e+002
         vertex -2.905000e+002 1.011860e+002 2.695812e+002
      endloop
   endfacet
   facet normal 0.000000e+000 8.363176e-001 -5.482453e-001
      outer loop
         vertex -2.935000e+002 1.011860e+002 2.695812e+002
         vertex -2.905000e+002 1.011860e+002 2.695812e+002
         vertex -2.935000e+002 1.008748e+002 2.690757e+002
      endloop
   endfacet
   facet normal 0.000000e+000 8.660557e-001 -4.999475e-001
      outer loop
         vertex -2.935000e+002 1.008748e+002 2.690757e+002
         vertex -2.905000e+002 1.011860e+002 2.695812e+002
         vertex -2.905000e+002 1.008748e+002 2.690757e+002
      endloop
   endfacet
   facet normal 0.000000e+000 9.169418e-001 -3.990209e-001
      outer loop
         vertex -2.935000e+002 1.008748e+002 2.690757e+002
         vertex -2.905000e+002 1.008748e+002 2.690757e+002
         vertex -2.935000e+002 1.006534e+002 2.685249e+002
      endloop
   endfacet
   facet normal 0.000000e+000 9.380898e-001 -3.463921e-001
      outer loop
         vertex -2.935000e+002 1.006534e+002 2.685249e+002
         vertex -2.905000e+002 1.008748e+002 2.690757e+002
         vertex -2.905000e+002 1.006534e+002 2.685249e+002
      endloop
   endfacet
   facet normal 0.000000e+000 9.711873e-001 -2.383175e-001
      outer loop
         vertex -2.935000e+002 1.006534e+002 2.685249e+002
         vertex -2.905000e+002 1.006534e+002 2.685249e+002
         vertex -2.935000e+002 1.005284e+002 2.679446e+002
      endloop
   endfacet
   facet normal 0.000000e+000 9.831368e-001 -1.828716e-001
      outer loop
         vertex -2.935000e+002 1.005284e+002 2.679446e+002
         vertex -2.905000e+002 1.006534e+002 2.685249e+002
         vertex -2.905000e+002 1.005284e+002 2.679446e+002
      endloop
   endfacet
   facet normal 0.000000e+000 9.974935e-001 -7.075802e-002
      outer loop
         vertex -2.935000e+002 1.005284e+002 2.679446e+002
         vertex -2.905000e+002 1.005284e+002 2.679446e+002
         vertex -2.935000e+002 1.005032e+002 2.673514e+002
      endloop
   endfacet
   facet normal 0.000000e+000 9.999007e-001 -1.409025e-002
      outer loop
         vertex -2.935000e+002 1.005032e+002 2.673514e+002
         vertex -2.905000e+002 1.005284e+002 2.679446e+002
         vertex -2.905000e+002 1.005032e+002 2.673514e+002
      endloop
   endfacet
   facet normal 0.000000e+000 9.951036e-001 9.883699e-002
      outer loop
         vertex -2.935000e+002 1.005032e+002 2.673514e+002
         vertex -2.905000e+002 1.005032e+002 2.673514e+002
         vertex -2.935000e+002 1.005786e+002 2.667626e+002
      endloop
   endfacet
   facet normal 0.000000e+000 9.878993e-001 1.550965e-001
      outer loop
         vertex -2.935000e+002 1.005786e+002 2.667626e+002
         vertex -2.905000e+002 1.005032e+002 2.673514e+002
         vertex -2.905000e+002 1.005786e+002 2.667626e+002
      endloop
   endfacet
   facet normal 0.000000e+000 9.640865e-001 2.655886e-001
      outer loop
         vertex -2.935000e+002 1.005786e+002 2.667626e+002
         vertex -2.905000e+002 1.005786e+002 2.667626e+002
         vertex -2.935000e+002 1.007524e+002 2.661950e+002
      endloop
   endfacet
   facet normal 0.000000e+000 9.474779e-001 3.198213e-001
      outer loop
         vertex -2.935000e+002 1.007524e+002 2.661950e+002
         vertex -2.905000e+002 1.005786e+002 2.667626e+002
         vertex -2.905000e+002 1.007524e+002 2.661950e+002
      endloop
   endfacet
   facet normal 0.000000e+000 9.053342e-001 4.246998e-001
      outer loop
         vertex -2.935000e+002 1.007524e+002 2.661950e+002
         vertex -2.905000e+002 1.007524e+002 2.661950e+002
         vertex -2.935000e+002 1.010197e+002 2.656649e+002
      endloop
   endfacet
   facet normal 0.000000e+000 8.797992e-001 4.753455e-001
      outer loop
         vertex -2.935000e+002 1.010197e+002 2.656649e+002
         vertex -2.905000e+002 1.007524e+002 2.661950e+002
         vertex -2.905000e+002 1.010197e+002 2.656649e+002
      endloop
   endfacet
   facet normal 0.000000e+000 8.205372e-001 5.715931e-001
      outer loop
         vertex -2.935000e+002 1.010197e+002 2.656649e+002
         vertex -2.905000e+002 1.010197e+002 2.656649e+002
         vertex -2.935000e+002 1.013726e+002 2.651877e+002
      endloop
   endfacet
   facet normal 0.000000e+000 7.868103e-001 6.171949e-001
      outer loop
         vertex -2.935000e+002 1.013726e+002 2.651877e+002
         vertex -2.905000e+002 1.010197e+002 2.656649e+002
         vertex -2.905000e+002 1.013726e+002 2.651877e+002
      endloop
   endfacet
   facet normal 0.000000e+000 7.121348e-001 7.020428e-001
      outer loop
         vertex -2.935000e+002 1.013726e+002 2.651877e+002
         vertex -2.905000e+002 1.013726e+002 2.651877e+002
         vertex -2.935000e+002 1.018012e+002 2.647769e+002
      endloop
   endfacet
   facet normal 0.000000e+000 6.711863e-001 7.412888e-001
      outer loop
         vertex -2.935000e+002 1.018012e+002 2.647769e+002
         vertex -2.905000e+002 1.013726e+002 2.651877e+002
         vertex -2.905000e+002 1.018012e+002 2.647769e+002
      endloop
   endfacet
   facet normal 0.000000e+000 5.832456e-001 8.122959e-001
      outer loop
         vertex -2.935000e+002 1.018012e+002 2.647769e+002
         vertex -2.905000e+002 1.018012e+002 2.647769e+002
         vertex -2.935000e+002 1.022931e+002 2.644444e+002
      endloop
   endfacet
   facet normal 0.000000e+000 5.362535e-001 8.440570e-001
      outer loop
         vertex -2.935000e+002 1.022931e+002 2.644444e+002
         vertex -2.905000e+002 1.018012e+002 2.647769e+002
         vertex -2.905000e+002 1.022931e+002 2.644444e+002
      endloop
   endfacet
   facet normal 0.000000e+000 4.375775e-001 8.991807e-001
      outer loop
         vertex -2.935000e+002 1.022931e+002 2.644444e+002
         vertex -2.905000e+002 1.022931e+002 2.644444e+002
         vertex -2.935000e+002 1.028340e+002 2.642000e+002
      endloop
   endfacet
   facet normal 0.000000e+000 3.858936e-001 9.225433e-001
      outer loop
         vertex -2.935000e+002 1.028340e+002 2.642000e+002
         vertex -2.905000e+002 1.022931e+002 2.644444e+002
         vertex -2.905000e+002 1.028340e+002 2.642000e+002
      endloop
   endfacet
   facet normal 0.000000e+000 2.793211e-001 9.601977e-001
      outer loop
         vertex -2.935000e+002 1.028340e+002 2.642000e+002
         vertex -2.905000e+002 1.028340e+002 2.642000e+002
         vertex -2.935000e+002 1.034085e+002 2.640503e+002
      endloop
   endfacet
   facet normal 0.000000e+000 2.244324e-001 9.744897e-001
      outer loop
         vertex -2.935000e+002 1.034085e+002 2.640503e+002
         vertex -2.905000e+002 1.028340e+002 2.642000e+002
         vertex -2.905000e+002 1.034085e+002 2.640503e+002
      endloop
   endfacet
   facet normal 0.000000e+000 1.130291e-001 9.935917e-001
      outer loop
         vertex -2.935000e+002 1.034085e+002 2.640503e+002
         vertex -2.905000e+002 1.034085e+002 2.640503e+002
         vertex -2.935000e+002 1.040000e+002 2.640000e+002
      endloop
   endfacet
   facet normal 0.000000e+000 5.651454e-002 9.984018e-001
      outer loop
         vertex -2.935000e+002 1.040000e+002 2.640000e+002
         vertex -2.905000e+002 1.034085e+002 2.640503e+002
         vertex -2.905000e+002 1.040000e+002 2.640000e+002
      endloop
   endfacet
   facet normal 0.000000e+000 1.000000e+000 -1.781304e-016
      outer loop
         vertex -2.905000e+002 1.150000e+002 2.780000e+002
         vertex -2.905000e+002 1.150000e+002 1.130000e+002
         vertex -2.935000e+002 1.150000e+002 2.780000e+002
      endloop
   endfacet
   facet normal 0.000000e+000 1.000000e+000 -1.781304e-016
      outer loop
         vertex -2.935000e+002 1.150000e+002 2.780000e+002
         vertex -2.905000e+002 1.150000e+002 1.130000e+002
         vertex -2.935000e+002 1.150000e+002 1.130000e+002
      endloop
   endfacet
   facet normal 0.000000e+000 0.000000e+000 1.000000e+000
      outer loop
         vertex -2.905000e+002 -1.150000e+002 2.780000e+002
         vertex -2.905000e+002 1.150000e+002 2.780000e+002
         vertex -2.935000e+002 -1.150000e+002 2.780000e+002
      endloop
   endfacet
   facet normal 0.000000e+000 0.000000e+000 1.000000e+000
      outer loop
         vertex -2.935000e+002 -1.150000e+002 2.780000e+002
         vertex -2.905000e+002 1.150000e+002 2.780000e+002
         vertex -2.935000e+002 1.150000e+002 2.780000e+002
      endloop
   endfacet
   facet normal 0.000000e+000 -1.000000e+000 0.000000e+000
      outer loop
         vertex -2.905000e+002 -1.150000e+002 1.130000e+002
         vertex -2.905000e+002 -1.150000e+002 2.780000e+002
         vertex -2.935000e+002 -1.150000e+002 1.130000e+002
      endloop
   endfacet
   facet normal 0.000000e+000 -1.000000e+000 0.000000e+000
      outer loop
         vertex -2.935000e+002 -1.150000e+002 1.130000e+002
         vertex -2.905000e+002 -1.150000e+002 2.780000e+002
         vertex -2.935000e+002 -1.150000e+002 2.780000e+002
      endloop
   endfacet
   facet normal 0.000000e+000 -1.235726e-016 -1.000000e+000
      outer loop
         vertex -2.905000e+002 1.150000e+002 1.130000e+002
         vertex -2.905000e+002 -1.150000e+002 1.130000e+002
         vertex -2.935000e+002 1.150000e+002 1.130000e+002
      endloop
   endfacet
   facet normal 0.000000e+000 -1.235726e-016 -1.000000e+000
      outer loop
         vertex -2.935000e+002 1.150000e+002 1.130000e+002
         vertex -2.905000e+002 -1.150000e+002 1.130000e+002
         vertex -2.935000e+002 -1.150000e+002 1.130000e+002
      endloop
   endfacet
   facet normal -1.000000e+000 0.000000e+000 0.000000e+000
      outer loop
         vertex -2.935000e+002 -1.031181e+002 2.708871e+002
         vertex -2.935000e+002 -1.037032e+002 2.709874e+002
         vertex -2.935000e+002 -1.150000e+002 2.780000e+002
      endloop
   endfacet
   facet normal -1.000000e+000 0.000000e+000 0.000000e+000
      outer loop
         vertex -2.935000e+002 -1.037032e+002 2.709874e+002
         vertex -2.935000e+002 -1.042968e+002 2.709874e+002
         vertex -2.935000e+002 -1.150000e+002 2.780000e+002
      endloop
   endfacet
   facet normal -1.000000e+000 0.000000e+000 0.000000e+000
      outer loop
         vertex -2.935000e+002 -1.150000e+002 2.780000e+002
         vertex -2.935000e+002 -1.042968e+002 2.709874e+002
         vertex -2.935000e+002 -1.048819e+002 2.708871e+002
      endloop
   endfacet
   facet normal -1.000000e+000 0.000000e+000 0.000000e+000
      outer loop
         vertex -2.935000e+002 -1.150000e+002 2.780000e+002
         vertex -2.935000e+002 -1.048819e+002 2.708871e+002
         vertex -2.935000e+002 -1.054417e+002 2.706893e+002
      endloop
   endfacet
   facet normal -1.000000e+000 0.000000e+000 0.000000e+000
      outer loop
         vertex -2.935000e+002 -1.054417e+002 2.706893e+002
         vertex -2.935000e+002 -1.059599e+002 2.703998e+002
         vertex -2.935000e+002 -1.150000e+002 2.780000e+002
      endloop
   endfacet
   facet normal -1.000000e+000 0.000000e+000 0.000000e+000
      outer loop
         vertex -2.935000e+002 -1.150000e+002 2.780000e+002
         vertex -2.935000e+002 -1.059599e+002 2.703998e+002
         vertex -2.935000e+002 -1.064218e+002 2.700268e+002
      endloop
   endfacet
   facet normal -1.000000e+000 0.000000e+000 0.000000e+000
      outer loop
         vertex -2.935000e+002 -1.150000e+002 2.780000e+002
         vertex -2.935000e+002 -1.064218e+002 2.700268e+002
         vertex -2.935000e+002 -1.068140e+002 2.695812e+002
      endloop
   endfacet
   facet normal -1.000000e+000 0.000000e+000 0.000000e+000
      outer loop
         vertex -2.935000e+002 -1.150000e+002 2.780000e+002
         vertex -2.935000e+002 1.150000e+002 2.780000e+002
         vertex -2.935000e+002 1.031181e+002 2.708871e+002
      endloop
   endfacet
   facet normal -1.000000e+000 0.000000e+000 0.000000e+000
      outer loop
         vertex -2.935000e+002 1.031181e+002 2.708871e+002
         vertex -2.935000e+002 1.150000e+002 2.780000e+002
         vertex -2.935000e+002 1.037032e+002 2.709874e+002
      endloop
   endfacet
   facet normal -1.000000e+000 0.000000e+000 0.000000e+000
      outer loop
         vertex -2.935000e+002 -1.068140e+002 2.695812e+002
         vertex -2.935000e+002 -1.071252e+002 2.690757e+002
         vertex -2.935000e+002 -1.150000e+002 2.780000e+002
      endloop
   endfacet
   facet normal -1.000000e+000 0.000000e+000 0.000000e+000
      outer loop
         vertex -2.935000e+002 -1.150000e+002 2.780000e+002
         vertex -2.935000e+002 -1.071252e+002 2.690757e+002
         vertex -2.935000e+002 -1.073466e+002 2.685249e+002
      endloop
   endfacet
   facet normal -1.000000e+000 0.000000e+000 0.000000e+000
      outer loop
         vertex -2.935000e+002 -1.150000e+002 2.780000e+002
         vertex -2.935000e+002 -1.073466e+002 2.685249e+002
         vertex -2.935000e+002 -1.074716e+002 2.679446e+002
      endloop
   endfacet
   facet normal -1.000000e+000 0.000000e+000 0.000000e+000
      outer loop
         vertex -2.935000e+002 -1.069804e+002 2.656649e+002
         vertex -2.935000e+002 -1.066273e+002 2.651877e+002
         vertex -2.935000e+002 -1.150000e+002 1.130000e+002
      endloop
   endfacet
   facet normal -1.000000e+000 0.000000e+000 0.000000e+000
      outer loop
         vertex -2.935000e+002 -1.150000e+002 1.130000e+002
         vertex -2.935000e+002 -1.066273e+002 2.651877e+002
         vertex -2.935000e+002 -1.061988e+002 2.647769e+002
      endloop
   endfacet
   facet normal -1.000000e+000 0.000000e+000 0.000000e+000
      outer loop
         vertex -2.935000e+002 -1.150000e+002 1.130000e+002
         vertex -2.935000e+002 -1.061988e+002 2.647769e+002
         vertex -2.935000e+002 -1.057069e+002 2.644444e+002
      endloop
   endfacet
   facet normal -1.000000e+000 0.000000e+000 0.000000e+000
      outer loop
         vertex -2.935000e+002 1.054417e+002 2.706893e+002
         vertex -2.935000e+002 1.048819e+002 2.708871e+002
         vertex -2.935000e+002 1.150000e+002 2.780000e+002
      endloop
   endfacet
   facet normal -1.000000e+000 0.000000e+000 0.000000e+000
      outer loop
         vertex -2.935000e+002 1.150000e+002 2.780000e+002
         vertex -2.935000e+002 1.048819e+002 2.708871e+002
         vertex -2.935000e+002 1.042968e+002 2.709874e+002
      endloop
   endfacet
   facet normal -1.000000e+000 0.000000e+000 0.000000e+000
      outer loop
         vertex -2.935000e+002 1.150000e+002 2.780000e+002
         vertex -2.935000e+002 1.042968e+002 2.709874e+002
         vertex -2.935000e+002 1.037032e+002 2.709874e+002
      endloop
   endfacet
   facet normal -1.000000e+000 0.000000e+000 0.000000e+000
      outer loop
         vertex -2.935000e+002 -1.057069e+002 2.644444e+002
         vertex -2.935000e+002 -1.051660e+002 2.642000e+002
         vertex -2.935000e+002 -1.150000e+002 1.130000e+002
      endloop
   endfacet
   facet normal -1.000000e+000 0.000000e+000 0.000000e+000
      outer loop
         vertex -2.935000e+002 -1.150000e+002 1.130000e+002
         vertex -2.935000e+002 -1.051660e+002 2.642000e+002
         vertex -2.935000e+002 -1.045915e+002 2.640503e+002
      endloop
   endfacet
   facet normal -1.000000e+000 0.000000e+000 0.000000e+000
      outer loop
         vertex -2.935000e+002 -1.150000e+002 1.130000e+002
         vertex -2.935000e+002 -1.045915e+002 2.640503e+002
         vertex -2.935000e+002 -1.040000e+002 2.640000e+002
      endloop
   endfacet
   facet normal -1.000000e+000 0.000000e+000 0.000000e+000
      outer loop
         vertex -2.935000e+002 -1.040000e+002 2.640000e+002
         vertex -2.935000e+002 -1.034085e+002 2.640503e+002
         vertex -2.935000e+002 -1.150000e+002 1.130000e+002
      endloop
   endfacet
   facet normal -1.000000e+000 0.000000e+000 0.000000e+000
      outer loop
         vertex -2.935000e+002 -1.150000e+002 1.130000e+002
         vertex -2.935000e+002 -1.034085e+002 2.640503e+002
         vertex -2.935000e+002 -1.028340e+002 2.642000e+002
      endloop
   endfacet
   facet normal -1.000000e+000 0.000000e+000 0.000000e+000
      outer loop
         vertex -2.935000e+002 -1.150000e+002 1.130000e+002
         vertex -2.935000e+002 -1.028340e+002 2.642000e+002
         vertex -2.935000e+002 -1.022931e+002 2.644444e+002
      endloop
   endfacet
   facet normal -1.000000e+000 0.000000e+000 0.000000e+000
      outer loop
         vertex -2.935000e+002 -1.005786e+002 1.227626e+002
         vertex -2.935000e+002 -1.005032e+002 1.233515e+002
         vertex -2.935000e+002 1.022931e+002 2.644444e+002
      endloop
   endfacet
   facet normal -1.000000e+000 0.000000e+000 0.000000e+000
      outer loop
         vertex -2.935000e+002 1.022931e+002 2.644444e+002
         vertex -2.935000e+002 -1.005032e+002 1.233515e+002
         vertex -2.935000e+002 -1.005284e+002 1.239446e+002
      endloop
   endfacet
   facet normal -1.000000e+000 0.000000e+000 0.000000e+000
      outer loop
         vertex -2.935000e+002 1.022931e+002 2.644444e+002
         vertex -2.935000e+002 -1.005284e+002 1.239446e+002
         vertex -2.935000e+002 1.018012e+002 2.647769e+002
      endloop
   endfacet
   facet normal -1.000000e+000 0.000000e+000 0.000000e+000
      outer loop
         vertex -2.935000e+002 1.031181e+002 2.708871e+002
         vertex -2.935000e+002 -1.008748e+002 2.690757e+002
         vertex -2.935000e+002 -1.011860e+002 2.695812e+002
      endloop
   endfacet
   facet normal -1.000000e+000 0.000000e+000 0.000000e+000
      outer loop
         vertex -2.935000e+002 -1.074716e+002 2.679446e+002
         vertex -2.935000e+002 -1.074968e+002 2.673514e+002
         vertex -2.935000e+002 -1.150000e+002 2.780000e+002
      endloop
   endfacet
   facet normal -1.000000e+000 0.000000e+000 0.000000e+000
      outer loop
         vertex -2.935000e+002 -1.150000e+002 2.780000e+002
         vertex -2.935000e+002 -1.074968e+002 2.673514e+002
         vertex -2.935000e+002 -1.074214e+002 2.667626e+002
      endloop
   endfacet
   facet normal -1.000000e+000 0.000000e+000 0.000000e+000
      outer loop
         vertex -2.935000e+002 -1.150000e+002 2.780000e+002
         vertex -2.935000e+002 -1.074214e+002 2.667626e+002
         vertex -2.935000e+002 -1.150000e+002 1.130000e+002
      endloop
   endfacet
   facet normal -1.000000e+000 0.000000e+000 0.000000e+000
      outer loop
         vertex -2.935000e+002 -1.150000e+002 1.130000e+002
         vertex -2.935000e+002 -1.074214e+002 2.667626e+002
         vertex -2.935000e+002 -1.072476e+002 2.661950e+002
      endloop
   endfacet
   facet normal -1.000000e+000 0.000000e+000 0.000000e+000
      outer loop
         vertex -2.935000e+002 -1.150000e+002 1.130000e+002
         vertex -2.935000e+002 -1.072476e+002 2.661950e+002
         vertex -2.935000e+002 -1.069804e+002 2.656649e+002
      endloop
   endfacet
   facet normal -1.000000e+000 0.000000e+000 0.000000e+000
      outer loop
         vertex -2.935000e+002 1.010197e+002 2.656649e+002
         vertex -2.935000e+002 -1.006534e+002 1.245249e+002
         vertex -2.935000e+002 -1.008748e+002 1.250757e+002
      endloop
   endfacet
   facet normal -1.000000e+000 0.000000e+000 0.000000e+000
      outer loop
         vertex -2.935000e+002 -1.011860e+002 2.695812e+002
         vertex -2.935000e+002 -1.015782e+002 2.700268e+002
         vertex -2.935000e+002 1.031181e+002 2.708871e+002
      endloop
   endfacet
   facet normal -1.000000e+000 0.000000e+000 0.000000e+000
      outer loop
         vertex -2.935000e+002 1.031181e+002 2.708871e+002
         vertex -2.935000e+002 -1.015782e+002 2.700268e+002
         vertex -2.935000e+002 -1.020401e+002 2.703998e+002
      endloop
   endfacet
   facet normal -1.000000e+000 0.000000e+000 0.000000e+000
      outer loop
         vertex -2.935000e+002 1.031181e+002 2.708871e+002
         vertex -2.935000e+002 -1.020401e+002 2.703998e+002
         vertex -2.935000e+002 -1.150000e+002 2.780000e+002
      endloop
   endfacet
   facet normal -1.000000e+000 0.000000e+000 0.000000e+000
      outer loop
         vertex -2.935000e+002 -1.150000e+002 2.780000e+002
         vertex -2.935000e+002 -1.020401e+002 2.703998e+002
         vertex -2.935000e+002 -1.025583e+002 2.706893e+002
      endloop
   endfacet
   facet normal -1.000000e+000 0.000000e+000 0.000000e+000
      outer loop
         vertex -2.935000e+002 -1.150000e+002 2.780000e+002
         vertex -2.935000e+002 -1.025583e+002 2.706893e+002
         vertex -2.935000e+002 -1.031181e+002 2.708871e+002
      endloop
   endfacet
   facet normal -1.000000e+000 0.000000e+000 0.000000e+000
      outer loop
         vertex -2.935000e+002 1.005284e+002 2.679446e+002
         vertex -2.935000e+002 1.005032e+002 2.673514e+002
         vertex -2.935000e+002 -1.015782e+002 1.260268e+002
      endloop
   endfacet
   facet normal -1.000000e+000 0.000000e+000 0.000000e+000
      outer loop
         vertex -2.935000e+002 -1.015782e+002 1.260268e+002
         vertex -2.935000e+002 1.005032e+002 2.673514e+002
         vertex -2.935000e+002 1.005786e+002 2.667626e+002
      endloop
   endfacet
   facet normal -1.000000e+000 0.000000e+000 0.000000e+000
      outer loop
         vertex -2.935000e+002 1.005786e+002 2.667626e+002
         vertex -2.935000e+002 1.007524e+002 2.661950e+002
         vertex -2.935000e+002 -1.015782e+002 1.260268e+002
      endloop
   endfacet
   facet normal -1.000000e+000 0.000000e+000 0.000000e+000
      outer loop
         vertex -2.935000e+002 -1.015782e+002 1.260268e+002
         vertex -2.935000e+002 1.007524e+002 2.661950e+002
         vertex -2.935000e+002 1.010197e+002 2.656649e+002
      endloop
   endfacet
   facet normal -1.000000e+000 0.000000e+000 0.000000e+000
      outer loop
         vertex -2.935000e+002 -1.015782e+002 1.260268e+002
         vertex -2.935000e+002 1.010197e+002 2.656649e+002
         vertex -2.935000e+002 -1.011860e+002 1.255812e+002
      endloop
   endfacet
   facet normal -1.000000e+000 0.000000e+000 0.000000e+000
      outer loop
         vertex -2.935000e+002 -1.011860e+002 1.255812e+002
         vertex -2.935000e+002 1.010197e+002 2.656649e+002
         vertex -2.935000e+002 -1.008748e+002 1.250757e+002
      endloop
   endfacet
   facet normal -1.000000e+000 0.000000e+000 0.000000e+000
      outer loop
         vertex -2.935000e+002 1.059599e+002 1.263998e+002
         vertex -2.935000e+002 1.054417e+002 1.266893e+002
         vertex -2.935000e+002 1.150000e+002 2.780000e+002
      endloop
   endfacet
   facet normal -1.000000e+000 0.000000e+000 0.000000e+000
      outer loop
         vertex -2.935000e+002 1.150000e+002 2.780000e+002
         vertex -2.935000e+002 1.054417e+002 1.266893e+002
         vertex -2.935000e+002 1.048819e+002 1.268871e+002
      endloop
   endfacet
   facet normal -1.000000e+000 0.000000e+000 0.000000e+000
      outer loop
         vertex -2.935000e+002 1.150000e+002 2.780000e+002
         vertex -2.935000e+002 1.048819e+002 1.268871e+002
         vertex -2.935000e+002 1.042968e+002 1.269874e+002
      endloop
   endfacet
   facet normal -1.000000e+000 0.000000e+000 0.000000e+000
      outer loop
         vertex -2.935000e+002 -1.005032e+002 2.673514e+002
         vertex -2.935000e+002 -1.005284e+002 2.679446e+002
         vertex -2.935000e+002 1.031181e+002 2.708871e+002
      endloop
   endfacet
   facet normal -1.000000e+000 0.000000e+000 0.000000e+000
      outer loop
         vertex -2.935000e+002 1.031181e+002 2.708871e+002
         vertex -2.935000e+002 -1.005284e+002 2.679446e+002
         vertex -2.935000e+002 -1.006534e+002 2.685249e+002
      endloop
   endfacet
   facet normal -1.000000e+000 0.000000e+000 0.000000e+000
      outer loop
         vertex -2.935000e+002 1.031181e+002 2.708871e+002
         vertex -2.935000e+002 -1.006534e+002 2.685249e+002
         vertex -2.935000e+002 -1.008748e+002 2.690757e+002
      endloop
   endfacet
   facet normal -1.000000e+000 0.000000e+000 0.000000e+000
      outer loop
         vertex -2.935000e+002 -1.013726e+002 1.211876e+002
         vertex -2.935000e+002 -1.010197e+002 1.216649e+002
         vertex -2.935000e+002 1.022931e+002 2.644444e+002
      endloop
   endfacet
   facet normal -1.000000e+000 0.000000e+000 0.000000e+000
      outer loop
         vertex -2.935000e+002 1.022931e+002 2.644444e+002
         vertex -2.935000e+002 -1.010197e+002 1.216649e+002
         vertex -2.935000e+002 -1.007524e+002 1.221950e+002
      endloop
   endfacet
   facet normal -1.000000e+000 0.000000e+000 0.000000e+000
      outer loop
         vertex -2.935000e+002 1.022931e+002 2.644444e+002
         vertex -2.935000e+002 -1.007524e+002 1.221950e+002
         vertex -2.935000e+002 -1.005786e+002 1.227626e+002
      endloop
   endfacet
   facet normal -1.000000e+000 0.000000e+000 0.000000e+000
      outer loop
         vertex -2.935000e+002 -1.006534e+002 1.245249e+002
         vertex -2.935000e+002 1.010197e+002 2.656649e+002
         vertex -2.935000e+002 -1.005284e+002 1.239446e+002
      endloop
   endfacet
   facet normal -1.000000e+000 0.000000e+000 0.000000e+000
      outer loop
         vertex -2.935000e+002 -1.005284e+002 1.239446e+002
         vertex -2.935000e+002 1.010197e+002 2.656649e+002
         vertex -2.935000e+002 1.013726e+002 2.651877e+002
      endloop
   endfacet
   facet normal -1.000000e+000 0.000000e+000 0.000000e+000
      outer loop
         vertex -2.935000e+002 -1.005284e+002 1.239446e+002
         vertex -2.935000e+002 1.013726e+002 2.651877e+002
         vertex -2.935000e+002 1.018012e+002 2.647769e+002
      endloop
   endfacet
   facet normal -1.000000e+000 0.000000e+000 0.000000e+000
      outer loop
         vertex -2.935000e+002 -1.007524e+002 2.661950e+002
         vertex -2.935000e+002 -1.005786e+002 2.667626e+002
         vertex -2.935000e+002 -1.037032e+002 1.269874e+002
      endloop
   endfacet
   facet normal -1.000000e+000 0.000000e+000 0.000000e+000
      outer loop
         vertex -2.935000e+002 -1.037032e+002 1.269874e+002
         vertex -2.935000e+002 -1.005786e+002 2.667626e+002
         vertex -2.935000e+002 -1.005032e+002 2.673514e+002
      endloop
   endfacet
   facet normal -1.000000e+000 0.000000e+000 0.000000e+000
      outer loop
         vertex -2.935000e+002 -1.037032e+002 1.269874e+002
         vertex -2.935000e+002 -1.005032e+002 2.673514e+002
         vertex -2.935000e+002 -1.031181e+002 1.268871e+002
      endloop
   endfacet
   facet normal -1.000000e+000 0.000000e+000 0.000000e+000
      outer loop
         vertex -2.935000e+002 1.051660e+002 2.642000e+002
         vertex -2.935000e+002 1.057069e+002 2.644444e+002
         vertex -2.935000e+002 1.042968e+002 1.269874e+002
      endloop
   endfacet
   facet normal -1.000000e+000 0.000000e+000 0.000000e+000
      outer loop
         vertex -2.935000e+002 1.042968e+002 1.269874e+002
         vertex -2.935000e+002 1.057069e+002 2.644444e+002
         vertex -2.935000e+002 1.061988e+002 2.647769e+002
      endloop
   endfacet
   facet normal -1.000000e+000 0.000000e+000 0.000000e+000
      outer loop
         vertex -2.935000e+002 1.042968e+002 1.269874e+002
         vertex -2.935000e+002 1.061988e+002 2.647769e+002
         vertex -2.935000e+002 1.066273e+002 2.651877e+002
      endloop
   endfacet
   facet normal -1.000000e+000 0.000000e+000 0.000000e+000
      outer loop
         vertex -2.935000e+002 1.074968e+002 2.673514e+002
         vertex -2.935000e+002 1.074716e+002 2.679446e+002
         vertex -2.935000e+002 1.150000e+002 2.780000e+002
      endloop
   endfacet
   facet normal -1.000000e+000 0.000000e+000 0.000000e+000
      outer loop
         vertex -2.935000e+002 1.011860e+002 2.695812e+002
         vertex -2.935000e+002 1.008748e+002 2.690757e+002
         vertex -2.935000e+002 -1.015782e+002 1.260268e+002
      endloop
   endfacet
   facet normal -1.000000e+000 0.000000e+000 0.000000e+000
      outer loop
         vertex -2.935000e+002 -1.015782e+002 1.260268e+002
         vertex -2.935000e+002 1.008748e+002 2.690757e+002
         vertex -2.935000e+002 1.006534e+002 2.685249e+002
      endloop
   endfacet
   facet normal -1.000000e+000 0.000000e+000 0.000000e+000
      outer loop
         vertex -2.935000e+002 -1.015782e+002 1.260268e+002
         vertex -2.935000e+002 1.006534e+002 2.685249e+002
         vertex -2.935000e+002 1.005284e+002 2.679446e+002
      endloop
   endfacet
   facet normal -1.000000e+000 0.000000e+000 0.000000e+000
      outer loop
         vertex -2.935000e+002 -1.015782e+002 1.260268e+002
         vertex -2.935000e+002 -1.020401e+002 1.263998e+002
         vertex -2.935000e+002 -1.005032e+002 2.673514e+002
      endloop
   endfacet
   facet normal -1.000000e+000 0.000000e+000 0.000000e+000
      outer loop
         vertex -2.935000e+002 -1.005032e+002 2.673514e+002
         vertex -2.935000e+002 -1.020401e+002 1.263998e+002
         vertex -2.935000e+002 -1.025583e+002 1.266893e+002
      endloop
   endfacet
   facet normal -1.000000e+000 0.000000e+000 0.000000e+000
      outer loop
         vertex -2.935000e+002 -1.005032e+002 2.673514e+002
         vertex -2.935000e+002 -1.025583e+002 1.266893e+002
         vertex -2.935000e+002 -1.031181e+002 1.268871e+002
      endloop
   endfacet
   facet normal -1.000000e+000 0.000000e+000 0.000000e+000
      outer loop
         vertex -2.935000e+002 1.011860e+002 1.255812e+002
         vertex -2.935000e+002 1.008748e+002 1.250757e+002
         vertex -2.935000e+002 -1.028340e+002 1.201999e+002
      endloop
   endfacet
   facet normal -1.000000e+000 0.000000e+000 0.000000e+000
      outer loop
         vertex -2.935000e+002 1.034085e+002 2.640503e+002
         vertex -2.935000e+002 1.040000e+002 2.640000e+002
         vertex -2.935000e+002 -1.018012e+002 1.207769e+002
      endloop
   endfacet
   facet normal -1.000000e+000 0.000000e+000 0.000000e+000
      outer loop
         vertex -2.935000e+002 -1.018012e+002 2.647769e+002
         vertex -2.935000e+002 -1.013726e+002 2.651877e+002
         vertex -2.935000e+002 -1.037032e+002 1.269874e+002
      endloop
   endfacet
   facet normal -1.000000e+000 0.000000e+000 0.000000e+000
      outer loop
         vertex -2.935000e+002 -1.037032e+002 1.269874e+002
         vertex -2.935000e+002 -1.013726e+002 2.651877e+002
         vertex -2.935000e+002 -1.010197e+002 2.656649e+002
      endloop
   endfacet
   facet normal -1.000000e+000 0.000000e+000 0.000000e+000
      outer loop
         vertex -2.935000e+002 -1.037032e+002 1.269874e+002
         vertex -2.935000e+002 -1.010197e+002 2.656649e+002
         vertex -2.935000e+002 -1.007524e+002 2.661950e+002
      endloop
   endfacet
   facet normal -1.000000e+000 0.000000e+000 0.000000e+000
      outer loop
         vertex -2.935000e+002 1.071252e+002 1.250757e+002
         vertex -2.935000e+002 1.150000e+002 2.780000e+002
         vertex -2.935000e+002 1.073466e+002 1.245249e+002
      endloop
   endfacet
   facet normal -1.000000e+000 0.000000e+000 0.000000e+000
      outer loop
         vertex -2.935000e+002 1.073466e+002 1.245249e+002
         vertex -2.935000e+002 1.150000e+002 2.780000e+002
         vertex -2.935000e+002 1.150000e+002 1.130000e+002
      endloop
   endfacet
   facet normal -1.000000e+000 0.000000e+000 0.000000e+000
      outer loop
         vertex -2.935000e+002 1.071252e+002 1.250757e+002
         vertex -2.935000e+002 1.068140e+002 1.255812e+002
         vertex -2.935000e+002 1.150000e+002 2.780000e+002
      endloop
   endfacet
   facet normal -1.000000e+000 0.000000e+000 0.000000e+000
      outer loop
         vertex -2.935000e+002 1.150000e+002 2.780000e+002
         vertex -2.935000e+002 1.068140e+002 1.255812e+002
         vertex -2.935000e+002 1.064218e+002 1.260268e+002
      endloop
   endfacet
   facet normal -1.000000e+000 0.000000e+000 0.000000e+000
      outer loop
         vertex -2.935000e+002 1.150000e+002 2.780000e+002
         vertex -2.935000e+002 1.064218e+002 1.260268e+002
         vertex -2.935000e+002 1.059599e+002 1.263998e+002
      endloop
   endfacet
   facet normal -1.000000e+000 0.000000e+000 0.000000e+000
      outer loop
         vertex -2.935000e+002 1.066273e+002 2.651877e+002
         vertex -2.935000e+002 1.069804e+002 2.656649e+002
         vertex -2.935000e+002 1.042968e+002 1.269874e+002
      endloop
   endfacet
   facet normal -1.000000e+000 0.000000e+000 0.000000e+000
      outer loop
         vertex -2.935000e+002 1.042968e+002 1.269874e+002
         vertex -2.935000e+002 1.069804e+002 2.656649e+002
         vertex -2.935000e+002 1.072476e+002 2.661950e+002
      endloop
   endfacet
   facet normal -1.000000e+000 0.000000e+000 0.000000e+000
      outer loop
         vertex -2.935000e+002 1.042968e+002 1.269874e+002
         vertex -2.935000e+002 1.072476e+002 2.661950e+002
         vertex -2.935000e+002 1.150000e+002 2.780000e+002
      endloop
   endfacet
   facet normal -1.000000e+000 0.000000e+000 0.000000e+000
      outer loop
         vertex -2.935000e+002 1.150000e+002 2.780000e+002
         vertex -2.935000e+002 1.072476e+002 2.661950e+002
         vertex -2.935000e+002 1.074214e+002 2.667626e+002
      endloop
   endfacet
   facet normal -1.000000e+000 0.000000e+000 0.000000e+000
      outer loop
         vertex -2.935000e+002 1.150000e+002 2.780000e+002
         vertex -2.935000e+002 1.074214e+002 2.667626e+002
         vertex -2.935000e+002 1.074968e+002 2.673514e+002
      endloop
   endfacet
   facet normal -1.000000e+000 0.000000e+000 0.000000e+000
      outer loop
         vertex -2.935000e+002 1.074716e+002 2.679446e+002
         vertex -2.935000e+002 1.073466e+002 2.685249e+002
         vertex -2.935000e+002 1.150000e+002 2.780000e+002
      endloop
   endfacet
   facet normal -1.000000e+000 0.000000e+000 0.000000e+000
      outer loop
         vertex -2.935000e+002 1.150000e+002 2.780000e+002
         vertex -2.935000e+002 1.073466e+002 2.685249e+002
         vertex -2.935000e+002 1.071252e+002 2.690757e+002
      endloop
   endfacet
   facet normal -1.000000e+000 0.000000e+000 0.000000e+000
      outer loop
         vertex -2.935000e+002 1.150000e+002 2.780000e+002
         vertex -2.935000e+002 1.071252e+002 2.690757e+002
         vertex -2.935000e+002 1.068140e+002 2.695812e+002
      endloop
   endfacet
   facet normal -1.000000e+000 0.000000e+000 0.000000e+000
      outer loop
         vertex -2.935000e+002 1.031181e+002 2.708871e+002
         vertex -2.935000e+002 1.025583e+002 2.706893e+002
         vertex -2.935000e+002 -1.005032e+002 2.673514e+002
      endloop
   endfacet
   facet normal -1.000000e+000 0.000000e+000 0.000000e+000
      outer loop
         vertex -2.935000e+002 -1.005032e+002 2.673514e+002
         vertex -2.935000e+002 1.025583e+002 2.706893e+002
         vertex -2.935000e+002 1.020401e+002 2.703998e+002
      endloop
   endfacet
   facet normal -1.000000e+000 0.000000e+000 0.000000e+000
      outer loop
         vertex -2.935000e+002 -1.005032e+002 2.673514e+002
         vertex -2.935000e+002 1.020401e+002 2.703998e+002
         vertex -2.935000e+002 -1.015782e+002 1.260268e+002
      endloop
   endfacet
   facet normal -1.000000e+000 0.000000e+000 0.000000e+000
      outer loop
         vertex -2.935000e+002 -1.015782e+002 1.260268e+002
         vertex -2.935000e+002 1.020401e+002 2.703998e+002
         vertex -2.935000e+002 1.015782e+002 2.700268e+002
      endloop
   endfacet
   facet normal -1.000000e+000 0.000000e+000 0.000000e+000
      outer loop
         vertex -2.935000e+002 -1.015782e+002 1.260268e+002
         vertex -2.935000e+002 1.015782e+002 2.700268e+002
         vertex -2.935000e+002 1.011860e+002 2.695812e+002
      endloop
   endfacet
   facet normal -1.000000e+000 0.000000e+000 0.000000e+000
      outer loop
         vertex -2.935000e+002 -1.013726e+002 1.211876e+002
         vertex -2.935000e+002 1.022931e+002 2.644444e+002
         vertex -2.935000e+002 -1.018012e+002 1.207769e+002
      endloop
   endfacet
   facet normal -1.000000e+000 0.000000e+000 0.000000e+000
      outer loop
         vertex -2.935000e+002 -1.018012e+002 1.207769e+002
         vertex -2.935000e+002 1.022931e+002 2.644444e+002
         vertex -2.935000e+002 1.028340e+002 2.642000e+002
      endloop
   endfacet
   facet normal -1.000000e+000 0.000000e+000 0.000000e+000
      outer loop
         vertex -2.935000e+002 -1.018012e+002 1.207769e+002
         vertex -2.935000e+002 1.028340e+002 2.642000e+002
         vertex -2.935000e+002 1.034085e+002 2.640503e+002
      endloop
   endfacet
   facet normal -1.000000e+000 0.000000e+000 0.000000e+000
      outer loop
         vertex -2.935000e+002 1.068140e+002 2.695812e+002
         vertex -2.935000e+002 1.064218e+002 2.700268e+002
         vertex -2.935000e+002 1.150000e+002 2.780000e+002
      endloop
   endfacet
   facet normal -1.000000e+000 0.000000e+000 0.000000e+000
      outer loop
         vertex -2.935000e+002 1.150000e+002 2.780000e+002
         vertex -2.935000e+002 1.064218e+002 2.700268e+002
         vertex -2.935000e+002 1.059599e+002 2.703998e+002
      endloop
   endfacet
   facet normal -1.000000e+000 0.000000e+000 0.000000e+000
      outer loop
         vertex -2.935000e+002 1.150000e+002 2.780000e+002
         vertex -2.935000e+002 1.059599e+002 2.703998e+002
         vertex -2.935000e+002 1.054417e+002 2.706893e+002
      endloop
   endfacet
   facet normal -1.000000e+000 0.000000e+000 0.000000e+000
      outer loop
         vertex -2.935000e+002 -1.022931e+002 1.204445e+002
         vertex -2.935000e+002 1.037032e+002 1.269874e+002
         vertex -2.935000e+002 -1.028340e+002 1.201999e+002
      endloop
   endfacet
   facet normal -1.000000e+000 0.000000e+000 0.000000e+000
      outer loop
         vertex -2.935000e+002 -1.028340e+002 1.201999e+002
         vertex -2.935000e+002 1.037032e+002 1.269874e+002
         vertex -2.935000e+002 1.031181e+002 1.268871e+002
      endloop
   endfacet
   facet normal -1.000000e+000 0.000000e+000 0.000000e+000
      outer loop
         vertex -2.935000e+002 -1.028340e+002 1.201999e+002
         vertex -2.935000e+002 1.031181e+002 1.268871e+002
         vertex -2.935000e+002 1.025583e+002 1.266893e+002
      endloop
   endfacet
   facet normal -1.000000e+000 0.000000e+000 0.000000e+000
      outer loop
         vertex -2.935000e+002 -1.028340e+002 1.201999e+002
         vertex -2.935000e+002 1.008748e+002 1.250757e+002
         vertex -2.935000e+002 -1.034085e+002 1.200503e+002
      endloop
   endfacet
   facet normal -1.000000e+000 0.000000e+000 0.000000e+000
      outer loop
         vertex -2.935000e+002 -1.034085e+002 1.200503e+002
         vertex -2.935000e+002 1.008748e+002 1.250757e+002
         vertex -2.935000e+002 1.006534e+002 1.245249e+002
      endloop
   endfacet
   facet normal -1.000000e+000 0.000000e+000 0.000000e+000
      outer loop
         vertex -2.935000e+002 -1.034085e+002 1.200503e+002
         vertex -2.935000e+002 1.006534e+002 1.245249e+002
         vertex -2.935000e+002 -1.040000e+002 1.200000e+002
      endloop
   endfacet
   facet normal -1.000000e+000 0.000000e+000 0.000000e+000
      outer loop
         vertex -2.935000e+002 -1.022931e+002 1.204445e+002
         vertex -2.935000e+002 -1.018012e+002 1.207769e+002
         vertex -2.935000e+002 1.037032e+002 1.269874e+002
      endloop
   endfacet
   facet normal -1.000000e+000 0.000000e+000 0.000000e+000
      outer loop
         vertex -2.935000e+002 1.037032e+002 1.269874e+002
         vertex -2.935000e+002 -1.018012e+002 1.207769e+002
         vertex -2.935000e+002 1.040000e+002 2.640000e+002
      endloop
   endfacet
   facet normal -1.000000e+000 0.000000e+000 0.000000e+000
      outer loop
         vertex -2.935000e+002 1.037032e+002 1.269874e+002
         vertex -2.935000e+002 1.040000e+002 2.640000e+002
         vertex -2.935000e+002 1.042968e+002 1.269874e+002
      endloop
   endfacet
   facet normal -1.000000e+000 0.000000e+000 0.000000e+000
      outer loop
         vertex -2.935000e+002 1.042968e+002 1.269874e+002
         vertex -2.935000e+002 1.040000e+002 2.640000e+002
         vertex -2.935000e+002 1.045915e+002 2.640503e+002
      endloop
   endfacet
   facet normal -1.000000e+000 0.000000e+000 0.000000e+000
      outer loop
         vertex -2.935000e+002 1.042968e+002 1.269874e+002
         vertex -2.935000e+002 1.045915e+002 2.640503e+002
         vertex -2.935000e+002 1.051660e+002 2.642000e+002
      endloop
   endfacet
   facet normal -1.000000e+000 0.000000e+000 0.000000e+000
      outer loop
         vertex -2.935000e+002 -1.150000e+002 1.130000e+002
         vertex -2.935000e+002 -1.074968e+002 1.233515e+002
         vertex -2.935000e+002 -1.074214e+002 1.227626e+002
      endloop
   endfacet
   facet normal -1.000000e+000 0.000000e+000 0.000000e+000
      outer loop
         vertex -2.935000e+002 1.025583e+002 1.266893e+002
         vertex -2.935000e+002 1.020401e+002 1.263998e+002
         vertex -2.935000e+002 -1.028340e+002 1.201999e+002
      endloop
   endfacet
   facet normal -1.000000e+000 0.000000e+000 0.000000e+000
      outer loop
         vertex -2.935000e+002 -1.028340e+002 1.201999e+002
         vertex -2.935000e+002 1.020401e+002 1.263998e+002
         vertex -2.935000e+002 1.015782e+002 1.260268e+002
      endloop
   endfacet
   facet normal -1.000000e+000 0.000000e+000 0.000000e+000
      outer loop
         vertex -2.935000e+002 -1.028340e+002 1.201999e+002
         vertex -2.935000e+002 1.015782e+002 1.260268e+002
         vertex -2.935000e+002 1.011860e+002 1.255812e+002
      endloop
   endfacet
   facet normal -1.000000e+000 0.000000e+000 0.000000e+000
      outer loop
         vertex -2.935000e+002 -1.048819e+002 1.268871e+002
         vertex -2.935000e+002 -1.054417e+002 1.266893e+002
         vertex -2.935000e+002 -1.022931e+002 2.644444e+002
      endloop
   endfacet
   facet normal -1.000000e+000 0.000000e+000 0.000000e+000
      outer loop
         vertex -2.935000e+002 -1.068140e+002 1.255812e+002
         vertex -2.935000e+002 -1.071252e+002 1.250757e+002
         vertex -2.935000e+002 -1.022931e+002 2.644444e+002
      endloop
   endfacet
   facet normal -1.000000e+000 0.000000e+000 0.000000e+000
      outer loop
         vertex -2.935000e+002 -1.022931e+002 2.644444e+002
         vertex -2.935000e+002 -1.071252e+002 1.250757e+002
         vertex -2.935000e+002 -1.073466e+002 1.245249e+002
      endloop
   endfacet
   facet normal -1.000000e+000 0.000000e+000 0.000000e+000
      outer loop
         vertex -2.935000e+002 -1.022931e+002 2.644444e+002
         vertex -2.935000e+002 -1.073466e+002 1.245249e+002
         vertex -2.935000e+002 -1.150000e+002 1.130000e+002
      endloop
   endfacet
   facet normal -1.000000e+000 0.000000e+000 0.000000e+000
      outer loop
         vertex -2.935000e+002 -1.150000e+002 1.130000e+002
         vertex -2.935000e+002 -1.073466e+002 1.245249e+002
         vertex -2.935000e+002 -1.074716e+002 1.239446e+002
      endloop
   endfacet
   facet normal -1.000000e+000 0.000000e+000 0.000000e+000
      outer loop
         vertex -2.935000e+002 -1.150000e+002 1.130000e+002
         vertex -2.935000e+002 -1.074716e+002 1.239446e+002
         vertex -2.935000e+002 -1.074968e+002 1.233515e+002
      endloop
   endfacet
   facet normal -1.000000e+000 0.000000e+000 0.000000e+000
      outer loop
         vertex -2.935000e+002 1.074214e+002 1.227626e+002
         vertex -2.935000e+002 1.074968e+002 1.233515e+002
         vertex -2.935000e+002 1.150000e+002 1.130000e+002
      endloop
   endfacet
   facet normal -1.000000e+000 0.000000e+000 0.000000e+000
      outer loop
         vertex -2.935000e+002 1.150000e+002 1.130000e+002
         vertex -2.935000e+002 1.074968e+002 1.233515e+002
         vertex -2.935000e+002 1.074716e+002 1.239446e+002
      endloop
   endfacet
   facet normal -1.000000e+000 0.000000e+000 0.000000e+000
      outer loop
         vertex -2.935000e+002 1.150000e+002 1.130000e+002
         vertex -2.935000e+002 1.074716e+002 1.239446e+002
         vertex -2.935000e+002 1.073466e+002 1.245249e+002
      endloop
   endfacet
   facet normal -1.000000e+000 0.000000e+000 0.000000e+000
      outer loop
         vertex -2.935000e+002 -1.018012e+002 2.647769e+002
         vertex -2.935000e+002 -1.037032e+002 1.269874e+002
         vertex -2.935000e+002 -1.022931e+002 2.644444e+002
      endloop
   endfacet
   facet normal -1.000000e+000 0.000000e+000 0.000000e+000
      outer loop
         vertex -2.935000e+002 -1.022931e+002 2.644444e+002
         vertex -2.935000e+002 -1.037032e+002 1.269874e+002
         vertex -2.935000e+002 -1.042968e+002 1.269874e+002
      endloop
   endfacet
   facet normal -1.000000e+000 0.000000e+000 0.000000e+000
      outer loop
         vertex -2.935000e+002 -1.022931e+002 2.644444e+002
         vertex -2.935000e+002 -1.042968e+002 1.269874e+002
         vertex -2.935000e+002 -1.048819e+002 1.268871e+002
      endloop
   endfacet
   facet normal -1.000000e+000 0.000000e+000 0.000000e+000
      outer loop
         vertex -2.935000e+002 -1.054417e+002 1.266893e+002
         vertex -2.935000e+002 -1.059599e+002 1.263998e+002
         vertex -2.935000e+002 -1.022931e+002 2.644444e+002
      endloop
   endfacet
   facet normal -1.000000e+000 0.000000e+000 0.000000e+000
      outer loop
         vertex -2.935000e+002 -1.022931e+002 2.644444e+002
         vertex -2.935000e+002 -1.059599e+002 1.263998e+002
         vertex -2.935000e+002 -1.064218e+002 1.260268e+002
      endloop
   endfacet
   facet normal -1.000000e+000 0.000000e+000 0.000000e+000
      outer loop
         vertex -2.935000e+002 -1.022931e+002 2.644444e+002
         vertex -2.935000e+002 -1.064218e+002 1.260268e+002
         vertex -2.935000e+002 -1.068140e+002 1.255812e+002
      endloop
   endfacet
   facet normal -1.000000e+000 0.000000e+000 0.000000e+000
      outer loop
         vertex -2.935000e+002 1.010197e+002 1.216649e+002
         vertex -2.935000e+002 1.013726e+002 1.211876e+002
         vertex -2.935000e+002 -1.150000e+002 1.130000e+002
      endloop
   endfacet
   facet normal -1.000000e+000 0.000000e+000 0.000000e+000
      outer loop
         vertex -2.935000e+002 1.010197e+002 1.216649e+002
         vertex -2.935000e+002 -1.150000e+002 1.130000e+002
         vertex -2.935000e+002 1.007524e+002 1.221950e+002
      endloop
   endfacet
   facet normal -1.000000e+000 0.000000e+000 0.000000e+000
      outer loop
         vertex -2.935000e+002 1.057069e+002 1.204445e+002
         vertex -2.935000e+002 1.061988e+002 1.207769e+002
         vertex -2.935000e+002 1.150000e+002 1.130000e+002
      endloop
   endfacet
   facet normal -1.000000e+000 0.000000e+000 0.000000e+000
      outer loop
         vertex -2.935000e+002 1.150000e+002 1.130000e+002
         vertex -2.935000e+002 1.061988e+002 1.207769e+002
         vertex -2.935000e+002 1.066273e+002 1.211876e+002
      endloop
   endfacet
   facet normal -1.000000e+000 0.000000e+000 0.000000e+000
      outer loop
         vertex -2.935000e+002 1.034085e+002 1.200503e+002
         vertex -2.935000e+002 1.040000e+002 1.200000e+002
         vertex -2.935000e+002 1.150000e+002 1.130000e+002
      endloop
   endfacet
   facet normal -1.000000e+000 0.000000e+000 0.000000e+000
      outer loop
         vertex -2.935000e+002 1.066273e+002 1.211876e+002
         vertex -2.935000e+002 1.069804e+002 1.216649e+002
         vertex -2.935000e+002 1.150000e+002 1.130000e+002
      endloop
   endfacet
   facet normal -1.000000e+000 0.000000e+000 0.000000e+000
      outer loop
         vertex -2.935000e+002 1.150000e+002 1.130000e+002
         vertex -2.935000e+002 1.069804e+002 1.216649e+002
         vertex -2.935000e+002 1.072476e+002 1.221950e+002
      endloop
   endfacet
   facet normal -1.000000e+000 0.000000e+000 0.000000e+000
      outer loop
         vertex -2.935000e+002 1.150000e+002 1.130000e+002
         vertex -2.935000e+002 1.072476e+002 1.221950e+002
         vertex -2.935000e+002 1.074214e+002 1.227626e+002
      endloop
   endfacet
   facet normal -1.000000e+000 0.000000e+000 0.000000e+000
      outer loop
         vertex -2.935000e+002 -1.074214e+002 1.227626e+002
         vertex -2.935000e+002 -1.072476e+002 1.221950e+002
         vertex -2.935000e+002 -1.150000e+002 1.130000e+002
      endloop
   endfacet
   facet normal -1.000000e+000 0.000000e+000 0.000000e+000
      outer loop
         vertex -2.935000e+002 -1.150000e+002 1.130000e+002
         vertex -2.935000e+002 -1.072476e+002 1.221950e+002
         vertex -2.935000e+002 -1.069804e+002 1.216649e+002
      endloop
   endfacet
   facet normal -1.000000e+000 0.000000e+000 0.000000e+000
      outer loop
         vertex -2.935000e+002 -1.150000e+002 1.130000e+002
         vertex -2.935000e+002 -1.069804e+002 1.216649e+002
         vertex -2.935000e+002 -1.066273e+002 1.211876e+002
      endloop
   endfacet
   facet normal -1.000000e+000 0.000000e+000 0.000000e+000
      outer loop
         vertex -2.935000e+002 -1.051660e+002 1.201999e+002
         vertex -2.935000e+002 -1.045915e+002 1.200503e+002
         vertex -2.935000e+002 -1.150000e+002 1.130000e+002
      endloop
   endfacet
   facet normal -1.000000e+000 0.000000e+000 0.000000e+000
      outer loop
         vertex -2.935000e+002 -1.150000e+002 1.130000e+002
         vertex -2.935000e+002 -1.045915e+002 1.200503e+002
         vertex -2.935000e+002 -1.040000e+002 1.200000e+002
      endloop
   endfacet
   facet normal -1.000000e+000 0.000000e+000 0.000000e+000
      outer loop
         vertex -2.935000e+002 1.013726e+002 1.211876e+002
         vertex -2.935000e+002 1.018012e+002 1.207769e+002
         vertex -2.935000e+002 -1.150000e+002 1.130000e+002
      endloop
   endfacet
   facet normal -1.000000e+000 0.000000e+000 0.000000e+000
      outer loop
         vertex -2.935000e+002 -1.150000e+002 1.130000e+002
         vertex -2.935000e+002 1.018012e+002 1.207769e+002
         vertex -2.935000e+002 1.022931e+002 1.204445e+002
      endloop
   endfacet
   facet normal -1.000000e+000 0.000000e+000 0.000000e+000
      outer loop
         vertex -2.935000e+002 -1.150000e+002 1.130000e+002
         vertex -2.935000e+002 1.022931e+002 1.204445e+002
         vertex -2.935000e+002 1.150000e+002 1.130000e+002
      endloop
   endfacet
   facet normal -1.000000e+000 0.000000e+000 0.000000e+000
      outer loop
         vertex -2.935000e+002 1.150000e+002 1.130000e+002
         vertex -2.935000e+002 1.022931e+002 1.204445e+002
         vertex -2.935000e+002 1.028340e+002 1.201999e+002
      endloop
   endfacet
   facet normal -1.000000e+000 0.000000e+000 0.000000e+000
      outer loop
         vertex -2.935000e+002 1.150000e+002 1.130000e+002
         vertex -2.935000e+002 1.028340e+002 1.201999e+002
         vertex -2.935000e+002 1.034085e+002 1.200503e+002
      endloop
   endfacet
   facet normal -1.000000e+000 0.000000e+000 0.000000e+000
      outer loop
         vertex -2.935000e+002 1.040000e+002 1.200000e+002
         vertex -2.935000e+002 1.045915e+002 1.200503e+002
         vertex -2.935000e+002 1.150000e+002 1.130000e+002
      endloop
   endfacet
   facet normal -1.000000e+000 0.000000e+000 0.000000e+000
      outer loop
         vertex -2.935000e+002 1.150000e+002 1.130000e+002
         vertex -2.935000e+002 1.045915e+002 1.200503e+002
         vertex -2.935000e+002 1.051660e+002 1.201999e+002
      endloop
   endfacet
   facet normal -1.000000e+000 0.000000e+000 0.000000e+000
      outer loop
         vertex -2.935000e+002 1.150000e+002 1.130000e+002
         vertex -2.935000e+002 1.051660e+002 1.201999e+002
         vertex -2.935000e+002 1.057069e+002 1.204445e+002
      endloop
   endfacet
   facet normal -1.000000e+000 0.000000e+000 0.000000e+000
      outer loop
         vertex -2.935000e+002 -1.066273e+002 1.211876e+002
         vertex -2.935000e+002 -1.061988e+002 1.207769e+002
         vertex -2.935000e+002 -1.150000e+002 1.130000e+002
      endloop
   endfacet
   facet normal -1.000000e+000 0.000000e+000 0.000000e+000
      outer loop
         vertex -2.935000e+002 -1.150000e+002 1.130000e+002
         vertex -2.935000e+002 -1.061988e+002 1.207769e+002
         vertex -2.935000e+002 -1.057069e+002 1.204445e+002
      endloop
   endfacet
   facet normal -1.000000e+000 0.000000e+000 0.000000e+000
      outer loop
         vertex -2.935000e+002 -1.150000e+002 1.130000e+002
         vertex -2.935000e+002 -1.057069e+002 1.204445e+002
         vertex -2.935000e+002 -1.051660e+002 1.201999e+002
      endloop
   endfacet
   facet normal -1.000000e+000 0.000000e+000 0.000000e+000
      outer loop
         vertex -2.935000e+002 1.006534e+002 1.245249e+002
         vertex -2.935000e+002 1.005284e+002 1.239446e+002
         vertex -2.935000e+002 -1.040000e+002 1.200000e+002
      endloop
   endfacet
   facet normal -1.000000e+000 0.000000e+000 0.000000e+000
      outer loop
         vertex -2.935000e+002 -1.040000e+002 1.200000e+002
         vertex -2.935000e+002 1.005284e+002 1.239446e+002
         vertex -2.935000e+002 1.005032e+002 1.233515e+002
      endloop
   endfacet
   facet normal -1.000000e+000 0.000000e+000 0.000000e+000
      outer loop
         vertex -2.935000e+002 -1.040000e+002 1.200000e+002
         vertex -2.935000e+002 1.005032e+002 1.233515e+002
         vertex -2.935000e+002 -1.150000e+002 1.130000e+002
      endloop
   endfacet
   facet normal -1.000000e+000 0.000000e+000 0.000000e+000
      outer loop
         vertex -2.935000e+002 -1.150000e+002 1.130000e+002
         vertex -2.935000e+002 1.005032e+002 1.233515e+002
         vertex -2.935000e+002 1.005786e+002 1.227626e+002
      endloop
   endfacet
   facet normal -1.000000e+000 0.000000e+000 0.000000e+000
      outer loop
         vertex -2.935000e+002 -1.150000e+002 1.130000e+002
         vertex -2.935000e+002 1.005786e+002 1.227626e+002
         vertex -2.935000e+002 1.007524e+002 1.221950e+002
      endloop
   endfacet
endsolid