solid JOINT6_д╛хо_sldprt
   facet normal 1.000000e+000 0.000000e+000 0.000000e+000
      outer loop
         vertex 1.078000e+003 1.637767e+001 1.304571e+003
         vertex 1.078000e+003 1.637767e+001 1.300068e+003
         vertex 1.078000e+003 1.767767e+001 1.304919e+003
      endloop
   endfacet
   facet normal 1.000000e+000 0.000000e+000 0.000000e+000
      outer loop
         vertex 1.078000e+003 1.767767e+001 1.304919e+003
         vertex 1.078000e+003 1.637767e+001 1.300068e+003
         vertex 1.078000e+003 1.767767e+001 1.299719e+003
      endloop
   endfacet
   facet normal 1.000000e+000 0.000000e+000 0.000000e+000
      outer loop
         vertex 1.078000e+003 1.767767e+001 1.304919e+003
         vertex 1.078000e+003 1.767767e+001 1.299719e+003
         vertex 1.078000e+003 1.897767e+001 1.304571e+003
      endloop
   endfacet
   facet normal 1.000000e+000 0.000000e+000 0.000000e+000
      outer loop
         vertex 1.078000e+003 1.897767e+001 1.304571e+003
         vertex 1.078000e+003 1.767767e+001 1.299719e+003
         vertex 1.078000e+003 1.897767e+001 1.300068e+003
      endloop
   endfacet
   facet normal 1.000000e+000 0.000000e+000 0.000000e+000
      outer loop
         vertex 1.078000e+003 1.637767e+001 1.304571e+003
         vertex 1.078000e+003 1.542600e+001 1.303619e+003
         vertex 1.078000e+003 1.637767e+001 1.300068e+003
      endloop
   endfacet
   facet normal 1.000000e+000 0.000000e+000 0.000000e+000
      outer loop
         vertex 1.078000e+003 1.637767e+001 1.300068e+003
         vertex 1.078000e+003 1.542600e+001 1.303619e+003
         vertex 1.078000e+003 1.507767e+001 1.302319e+003
      endloop
   endfacet
   facet normal 1.000000e+000 0.000000e+000 0.000000e+000
      outer loop
         vertex 1.078000e+003 1.637767e+001 1.300068e+003
         vertex 1.078000e+003 1.507767e+001 1.302319e+003
         vertex 1.078000e+003 1.542600e+001 1.301019e+003
      endloop
   endfacet
   facet normal 1.000000e+000 0.000000e+000 0.000000e+000
      outer loop
         vertex 1.078000e+003 1.897767e+001 1.300068e+003
         vertex 1.078000e+003 1.992934e+001 1.301019e+003
         vertex 1.078000e+003 1.897767e+001 1.304571e+003
      endloop
   endfacet
   facet normal 1.000000e+000 0.000000e+000 0.000000e+000
      outer loop
         vertex 1.078000e+003 1.897767e+001 1.304571e+003
         vertex 1.078000e+003 1.992934e+001 1.301019e+003
         vertex 1.078000e+003 2.027767e+001 1.302319e+003
      endloop
   endfacet
   facet normal 1.000000e+000 0.000000e+000 0.000000e+000
      outer loop
         vertex 1.078000e+003 1.897767e+001 1.304571e+003
         vertex 1.078000e+003 2.027767e+001 1.302319e+003
         vertex 1.078000e+003 1.992934e+001 1.303619e+003
      endloop
   endfacet
   facet normal 1.000000e+000 0.000000e+000 0.000000e+000
      outer loop
         vertex 1.078000e+003 1.300000e+000 1.292745e+003
         vertex 1.078000e+003 1.300000e+000 1.297249e+003
         vertex 1.078000e+003 -7.673840e-008 1.292397e+003
      endloop
   endfacet
   facet normal 1.000000e+000 0.000000e+000 0.000000e+000
      outer loop
         vertex 1.078000e+003 -7.673840e-008 1.292397e+003
         vertex 1.078000e+003 1.300000e+000 1.297249e+003
         vertex 1.078000e+003 -7.673840e-008 1.297597e+003
      endloop
   endfacet
   facet normal 1.000000e+000 0.000000e+000 0.000000e+000
      outer loop
         vertex 1.078000e+003 -7.673840e-008 1.292397e+003
         vertex 1.078000e+003 -7.673840e-008 1.297597e+003
         vertex 1.078000e+003 -1.300000e+000 1.292745e+003
      endloop
   endfacet
   facet normal 1.000000e+000 0.000000e+000 0.000000e+000
      outer loop
         vertex 1.078000e+003 -1.300000e+000 1.292745e+003
         vertex 1.078000e+003 -7.673840e-008 1.297597e+003
         vertex 1.078000e+003 -1.300000e+000 1.297249e+003
      endloop
   endfacet
   facet normal 1.000000e+000 0.000000e+000 0.000000e+000
      outer loop
         vertex 1.078000e+003 1.300000e+000 1.292745e+003
         vertex 1.078000e+003 2.251666e+000 1.293697e+003
         vertex 1.078000e+003 1.300000e+000 1.297249e+003
      endloop
   endfacet
   facet normal 1.000000e+000 0.000000e+000 0.000000e+000
      outer loop
         vertex 1.078000e+003 1.300000e+000 1.297249e+003
         vertex 1.078000e+003 2.251666e+000 1.293697e+003
         vertex 1.078000e+003 2.600000e+000 1.294997e+003
      endloop
   endfacet
   facet normal 1.000000e+000 0.000000e+000 0.000000e+000
      outer loop
         vertex 1.078000e+003 1.300000e+000 1.297249e+003
         vertex 1.078000e+003 2.600000e+000 1.294997e+003
         vertex 1.078000e+003 2.251666e+000 1.296297e+003
      endloop
   endfacet
   facet normal 1.000000e+000 0.000000e+000 0.000000e+000
      outer loop
         vertex 1.078000e+003 -1.300000e+000 1.297249e+003
         vertex 1.078000e+003 -2.251666e+000 1.296297e+003
         vertex 1.078000e+003 -1.300000e+000 1.292745e+003
      endloop
   endfacet
   facet normal 1.000000e+000 0.000000e+000 0.000000e+000
      outer loop
         vertex 1.078000e+003 -1.300000e+000 1.292745e+003
         vertex 1.078000e+003 -2.251666e+000 1.296297e+003
         vertex 1.078000e+003 -2.600000e+000 1.294997e+003
      endloop
   endfacet
   facet normal 1.000000e+000 0.000000e+000 0.000000e+000
      outer loop
         vertex 1.078000e+003 -1.300000e+000 1.292745e+003
         vertex 1.078000e+003 -2.600000e+000 1.294997e+003
         vertex 1.078000e+003 -2.251666e+000 1.293697e+003
      endloop
   endfacet
   facet normal 1.000000e+000 0.000000e+000 0.000000e+000
      outer loop
         vertex 1.078000e+003 -1.897767e+001 1.304571e+003
         vertex 1.078000e+003 -1.897767e+001 1.300068e+003
         vertex 1.078000e+003 -1.767767e+001 1.304919e+003
      endloop
   endfacet
   facet normal 1.000000e+000 0.000000e+000 0.000000e+000
      outer loop
         vertex 1.078000e+003 -1.767767e+001 1.304919e+003
         vertex 1.078000e+003 -1.897767e+001 1.300068e+003
         vertex 1.078000e+003 -1.767767e+001 1.299719e+003
      endloop
   endfacet
   facet normal 1.000000e+000 0.000000e+000 0.000000e+000
      outer loop
         vertex 1.078000e+003 -1.767767e+001 1.304919e+003
         vertex 1.078000e+003 -1.767767e+001 1.299719e+003
         vertex 1.078000e+003 -1.637767e+001 1.304571e+003
      endloop
   endfacet
   facet normal 1.000000e+000 0.000000e+000 0.000000e+000
      outer loop
         vertex 1.078000e+003 -1.637767e+001 1.304571e+003
         vertex 1.078000e+003 -1.767767e+001 1.299719e+003
         vertex 1.078000e+003 -1.637767e+001 1.300068e+003
      endloop
   endfacet
   facet normal 1.000000e+000 0.000000e+000 0.000000e+000
      outer loop
         vertex 1.078000e+003 -1.897767e+001 1.304571e+003
         vertex 1.078000e+003 -1.992934e+001 1.303619e+003
         vertex 1.078000e+003 -1.897767e+001 1.300068e+003
      endloop
   endfacet
   facet normal 1.000000e+000 0.000000e+000 0.000000e+000
      outer loop
         vertex 1.078000e+003 -1.897767e+001 1.300068e+003
         vertex 1.078000e+003 -1.992934e+001 1.303619e+003
         vertex 1.078000e+003 -2.027767e+001 1.302319e+003
      endloop
   endfacet
   facet normal 1.000000e+000 0.000000e+000 0.000000e+000
      outer loop
         vertex 1.078000e+003 -1.897767e+001 1.300068e+003
         vertex 1.078000e+003 -2.027767e+001 1.302319e+003
         vertex 1.078000e+003 -1.992934e+001 1.301019e+003
      endloop
   endfacet
   facet normal 1.000000e+000 0.000000e+000 0.000000e+000
      outer loop
         vertex 1.078000e+003 -1.637767e+001 1.300068e+003
         vertex 1.078000e+003 -1.542600e+001 1.301019e+003
         vertex 1.078000e+003 -1.637767e+001 1.304571e+003
      endloop
   endfacet
   facet normal 1.000000e+000 0.000000e+000 0.000000e+000
      outer loop
         vertex 1.078000e+003 -1.637767e+001 1.304571e+003
         vertex 1.078000e+003 -1.542600e+001 1.301019e+003
         vertex 1.078000e+003 -1.507767e+001 1.302319e+003
      endloop
   endfacet
   facet normal 1.000000e+000 0.000000e+000 0.000000e+000
      outer loop
         vertex 1.078000e+003 -1.637767e+001 1.304571e+003
         vertex 1.078000e+003 -1.507767e+001 1.302319e+003
         vertex 1.078000e+003 -1.542600e+001 1.303619e+003
      endloop
   endfacet
   facet normal 1.000000e+000 0.000000e+000 0.000000e+000
      outer loop
         vertex 1.078000e+003 -2.630000e+001 1.322249e+003
         vertex 1.078000e+003 -2.630000e+001 1.317745e+003
         vertex 1.078000e+003 -2.500000e+001 1.322597e+003
      endloop
   endfacet
   facet normal 1.000000e+000 0.000000e+000 0.000000e+000
      outer loop
         vertex 1.078000e+003 -2.500000e+001 1.322597e+003
         vertex 1.078000e+003 -2.630000e+001 1.317745e+003
         vertex 1.078000e+003 -2.500000e+001 1.317397e+003
      endloop
   endfacet
   facet normal 1.000000e+000 0.000000e+000 0.000000e+000
      outer loop
         vertex 1.078000e+003 -2.500000e+001 1.322597e+003
         vertex 1.078000e+003 -2.500000e+001 1.317397e+003
         vertex 1.078000e+003 -2.370000e+001 1.322249e+003
      endloop
   endfacet
   facet normal 1.000000e+000 0.000000e+000 0.000000e+000
      outer loop
         vertex 1.078000e+003 -2.370000e+001 1.322249e+003
         vertex 1.078000e+003 -2.500000e+001 1.317397e+003
         vertex 1.078000e+003 -2.370000e+001 1.317745e+003
      endloop
   endfacet
   facet normal 1.000000e+000 0.000000e+000 0.000000e+000
      outer loop
         vertex 1.078000e+003 -2.630000e+001 1.322249e+003
         vertex 1.078000e+003 -2.725167e+001 1.321297e+003
         vertex 1.078000e+003 -2.630000e+001 1.317745e+003
      endloop
   endfacet
   facet normal 1.000000e+000 0.000000e+000 0.000000e+000
      outer loop
         vertex 1.078000e+003 -2.630000e+001 1.317745e+003
         vertex 1.078000e+003 -2.725167e+001 1.321297e+003
         vertex 1.078000e+003 -2.760000e+001 1.319997e+003
      endloop
   endfacet
   facet normal 1.000000e+000 0.000000e+000 0.000000e+000
      outer loop
         vertex 1.078000e+003 -2.630000e+001 1.317745e+003
         vertex 1.078000e+003 -2.760000e+001 1.319997e+003
         vertex 1.078000e+003 -2.725167e+001 1.318697e+003
      endloop
   endfacet
   facet normal 1.000000e+000 0.000000e+000 0.000000e+000
      outer loop
         vertex 1.078000e+003 -2.370000e+001 1.317745e+003
         vertex 1.078000e+003 -2.274833e+001 1.318697e+003
         vertex 1.078000e+003 -2.370000e+001 1.322249e+003
      endloop
   endfacet
   facet normal 1.000000e+000 0.000000e+000 0.000000e+000
      outer loop
         vertex 1.078000e+003 -2.370000e+001 1.322249e+003
         vertex 1.078000e+003 -2.274833e+001 1.318697e+003
         vertex 1.078000e+003 -2.240000e+001 1.319997e+003
      endloop
   endfacet
   facet normal 1.000000e+000 0.000000e+000 0.000000e+000
      outer loop
         vertex 1.078000e+003 -2.370000e+001 1.322249e+003
         vertex 1.078000e+003 -2.240000e+001 1.319997e+003
         vertex 1.078000e+003 -2.274833e+001 1.321297e+003
      endloop
   endfacet
   facet normal 1.000000e+000 0.000000e+000 0.000000e+000
      outer loop
         vertex 1.078000e+003 -1.897767e+001 1.339926e+003
         vertex 1.078000e+003 -1.897767e+001 1.335423e+003
         vertex 1.078000e+003 -1.767767e+001 1.340275e+003
      endloop
   endfacet
   facet normal 1.000000e+000 0.000000e+000 0.000000e+000
      outer loop
         vertex 1.078000e+003 -1.767767e+001 1.340275e+003
         vertex 1.078000e+003 -1.897767e+001 1.335423e+003
         vertex 1.078000e+003 -1.767767e+001 1.335075e+003
      endloop
   endfacet
   facet normal 1.000000e+000 0.000000e+000 0.000000e+000
      outer loop
         vertex 1.078000e+003 -1.767767e+001 1.340275e+003
         vertex 1.078000e+003 -1.767767e+001 1.335075e+003
         vertex 1.078000e+003 -1.637767e+001 1.339926e+003
      endloop
   endfacet
   facet normal 1.000000e+000 0.000000e+000 0.000000e+000
      outer loop
         vertex 1.078000e+003 -1.637767e+001 1.339926e+003
         vertex 1.078000e+003 -1.767767e+001 1.335075e+003
         vertex 1.078000e+003 -1.637767e+001 1.335423e+003
      endloop
   endfacet
   facet normal 1.000000e+000 0.000000e+000 0.000000e+000
      outer loop
         vertex 1.078000e+003 -1.897767e+001 1.339926e+003
         vertex 1.078000e+003 -1.992934e+001 1.338974e+003
         vertex 1.078000e+003 -1.897767e+001 1.335423e+003
      endloop
   endfacet
   facet normal 1.000000e+000 0.000000e+000 0.000000e+000
      outer loop
         vertex 1.078000e+003 -1.897767e+001 1.335423e+003
         vertex 1.078000e+003 -1.992934e+001 1.338974e+003
         vertex 1.078000e+003 -2.027767e+001 1.337674e+003
      endloop
   endfacet
   facet normal 1.000000e+000 0.000000e+000 0.000000e+000
      outer loop
         vertex 1.078000e+003 -1.897767e+001 1.335423e+003
         vertex 1.078000e+003 -2.027767e+001 1.337674e+003
         vertex 1.078000e+003 -1.992934e+001 1.336375e+003
      endloop
   endfacet
   facet normal 1.000000e+000 0.000000e+000 0.000000e+000
      outer loop
         vertex 1.078000e+003 -1.637767e+001 1.335423e+003
         vertex 1.078000e+003 -1.542600e+001 1.336375e+003
         vertex 1.078000e+003 -1.637767e+001 1.339926e+003
      endloop
   endfacet
   facet normal 1.000000e+000 0.000000e+000 0.000000e+000
      outer loop
         vertex 1.078000e+003 -1.637767e+001 1.339926e+003
         vertex 1.078000e+003 -1.542600e+001 1.336375e+003
         vertex 1.078000e+003 -1.507767e+001 1.337674e+003
      endloop
   endfacet
   facet normal 1.000000e+000 0.000000e+000 0.000000e+000
      outer loop
         vertex 1.078000e+003 -1.637767e+001 1.339926e+003
         vertex 1.078000e+003 -1.507767e+001 1.337674e+003
         vertex 1.078000e+003 -1.542600e+001 1.338974e+003
      endloop
   endfacet
   facet normal 1.000000e+000 0.000000e+000 0.000000e+000
      outer loop
         vertex 1.078000e+003 1.300000e+000 1.342745e+003
         vertex 1.078000e+003 1.300000e+000 1.347249e+003
         vertex 1.078000e+003 -8.129430e-008 1.342397e+003
      endloop
   endfacet
   facet normal 1.000000e+000 0.000000e+000 0.000000e+000
      outer loop
         vertex 1.078000e+003 -8.129430e-008 1.342397e+003
         vertex 1.078000e+003 1.300000e+000 1.347249e+003
         vertex 1.078000e+003 -8.129430e-008 1.347597e+003
      endloop
   endfacet
   facet normal 1.000000e+000 0.000000e+000 0.000000e+000
      outer loop
         vertex 1.078000e+003 -8.129430e-008 1.342397e+003
         vertex 1.078000e+003 -8.129430e-008 1.347597e+003
         vertex 1.078000e+003 -1.300000e+000 1.342745e+003
      endloop
   endfacet
   facet normal 1.000000e+000 0.000000e+000 0.000000e+000
      outer loop
         vertex 1.078000e+003 -1.300000e+000 1.342745e+003
         vertex 1.078000e+003 -8.129430e-008 1.347597e+003
         vertex 1.078000e+003 -1.300000e+000 1.347249e+003
      endloop
   endfacet
   facet normal 1.000000e+000 0.000000e+000 0.000000e+000
      outer loop
         vertex 1.078000e+003 1.300000e+000 1.342745e+003
         vertex 1.078000e+003 2.251666e+000 1.343697e+003
         vertex 1.078000e+003 1.300000e+000 1.347249e+003
      endloop
   endfacet
   facet normal 1.000000e+000 0.000000e+000 0.000000e+000
      outer loop
         vertex 1.078000e+003 1.300000e+000 1.347249e+003
         vertex 1.078000e+003 2.251666e+000 1.343697e+003
         vertex 1.078000e+003 2.600000e+000 1.344997e+003
      endloop
   endfacet
   facet normal 1.000000e+000 0.000000e+000 0.000000e+000
      outer loop
         vertex 1.078000e+003 1.300000e+000 1.347249e+003
         vertex 1.078000e+003 2.600000e+000 1.344997e+003
         vertex 1.078000e+003 2.251666e+000 1.346297e+003
      endloop
   endfacet
   facet normal 1.000000e+000 0.000000e+000 0.000000e+000
      outer loop
         vertex 1.078000e+003 -1.300000e+000 1.347249e+003
         vertex 1.078000e+003 -2.251666e+000 1.346297e+003
         vertex 1.078000e+003 -1.300000e+000 1.342745e+003
      endloop
   endfacet
   facet normal 1.000000e+000 0.000000e+000 0.000000e+000
      outer loop
         vertex 1.078000e+003 -1.300000e+000 1.342745e+003
         vertex 1.078000e+003 -2.251666e+000 1.346297e+003
         vertex 1.078000e+003 -2.600000e+000 1.344997e+003
      endloop
   endfacet
   facet normal 1.000000e+000 0.000000e+000 0.000000e+000
      outer loop
         vertex 1.078000e+003 -1.300000e+000 1.342745e+003
         vertex 1.078000e+003 -2.600000e+000 1.344997e+003
         vertex 1.078000e+003 -2.251666e+000 1.343697e+003
      endloop
   endfacet
   facet normal 1.000000e+000 0.000000e+000 0.000000e+000
      outer loop
         vertex 1.078000e+003 1.637767e+001 1.339926e+003
         vertex 1.078000e+003 1.637767e+001 1.335423e+003
         vertex 1.078000e+003 1.767767e+001 1.340275e+003
      endloop
   endfacet
   facet normal 1.000000e+000 0.000000e+000 0.000000e+000
      outer loop
         vertex 1.078000e+003 1.767767e+001 1.340275e+003
         vertex 1.078000e+003 1.637767e+001 1.335423e+003
         vertex 1.078000e+003 1.767767e+001 1.335075e+003
      endloop
   endfacet
   facet normal 1.000000e+000 0.000000e+000 0.000000e+000
      outer loop
         vertex 1.078000e+003 1.767767e+001 1.340275e+003
         vertex 1.078000e+003 1.767767e+001 1.335075e+003
         vertex 1.078000e+003 1.897767e+001 1.339926e+003
      endloop
   endfacet
   facet normal 1.000000e+000 0.000000e+000 0.000000e+000
      outer loop
         vertex 1.078000e+003 1.897767e+001 1.339926e+003
         vertex 1.078000e+003 1.767767e+001 1.335075e+003
         vertex 1.078000e+003 1.897767e+001 1.335423e+003
      endloop
   endfacet
   facet normal 1.000000e+000 0.000000e+000 0.000000e+000
      outer loop
         vertex 1.078000e+003 1.637767e+001 1.339926e+003
         vertex 1.078000e+003 1.542600e+001 1.338974e+003
         vertex 1.078000e+003 1.637767e+001 1.335423e+003
      endloop
   endfacet
   facet normal 1.000000e+000 0.000000e+000 0.000000e+000
      outer loop
         vertex 1.078000e+003 1.637767e+001 1.335423e+003
         vertex 1.078000e+003 1.542600e+001 1.338974e+003
         vertex 1.078000e+003 1.507767e+001 1.337674e+003
      endloop
   endfacet
   facet normal 1.000000e+000 0.000000e+000 0.000000e+000
      outer loop
         vertex 1.078000e+003 1.637767e+001 1.335423e+003
         vertex 1.078000e+003 1.507767e+001 1.337674e+003
         vertex 1.078000e+003 1.542600e+001 1.336375e+003
      endloop
   endfacet
   facet normal 1.000000e+000 0.000000e+000 0.000000e+000
      outer loop
         vertex 1.078000e+003 1.897767e+001 1.335423e+003
         vertex 1.078000e+003 1.992934e+001 1.336375e+003
         vertex 1.078000e+003 1.897767e+001 1.339926e+003
      endloop
   endfacet
   facet normal 1.000000e+000 0.000000e+000 0.000000e+000
      outer loop
         vertex 1.078000e+003 1.897767e+001 1.339926e+003
         vertex 1.078000e+003 1.992934e+001 1.336375e+003
         vertex 1.078000e+003 2.027767e+001 1.337674e+003
      endloop
   endfacet
   facet normal 1.000000e+000 0.000000e+000 0.000000e+000
      outer loop
         vertex 1.078000e+003 1.897767e+001 1.339926e+003
         vertex 1.078000e+003 2.027767e+001 1.337674e+003
         vertex 1.078000e+003 1.992934e+001 1.338974e+003
      endloop
   endfacet
   facet normal 1.000000e+000 0.000000e+000 0.000000e+000
      outer loop
         vertex 1.078000e+003 2.370000e+001 1.322249e+003
         vertex 1.078000e+003 2.370000e+001 1.317745e+003
         vertex 1.078000e+003 2.500000e+001 1.322597e+003
      endloop
   endfacet
   facet normal 1.000000e+000 0.000000e+000 0.000000e+000
      outer loop
         vertex 1.078000e+003 2.500000e+001 1.322597e+003
         vertex 1.078000e+003 2.370000e+001 1.317745e+003
         vertex 1.078000e+003 2.500000e+001 1.317397e+003
      endloop
   endfacet
   facet normal 1.000000e+000 0.000000e+000 0.000000e+000
      outer loop
         vertex 1.078000e+003 2.500000e+001 1.322597e+003
         vertex 1.078000e+003 2.500000e+001 1.317397e+003
         vertex 1.078000e+003 2.630000e+001 1.322249e+003
      endloop
   endfacet
   facet normal 1.000000e+000 0.000000e+000 0.000000e+000
      outer loop
         vertex 1.078000e+003 2.630000e+001 1.322249e+003
         vertex 1.078000e+003 2.500000e+001 1.317397e+003
         vertex 1.078000e+003 2.630000e+001 1.317745e+003
      endloop
   endfacet
   facet normal 1.000000e+000 0.000000e+000 0.000000e+000
      outer loop
         vertex 1.078000e+003 2.370000e+001 1.322249e+003
         vertex 1.078000e+003 2.274833e+001 1.321297e+003
         vertex 1.078000e+003 2.370000e+001 1.317745e+003
      endloop
   endfacet
   facet normal 1.000000e+000 0.000000e+000 0.000000e+000
      outer loop
         vertex 1.078000e+003 2.370000e+001 1.317745e+003
         vertex 1.078000e+003 2.274833e+001 1.321297e+003
         vertex 1.078000e+003 2.240000e+001 1.319997e+003
      endloop
   endfacet
   facet normal 1.000000e+000 0.000000e+000 0.000000e+000
      outer loop
         vertex 1.078000e+003 2.370000e+001 1.317745e+003
         vertex 1.078000e+003 2.240000e+001 1.319997e+003
         vertex 1.078000e+003 2.274833e+001 1.318697e+003
      endloop
   endfacet
   facet normal 1.000000e+000 0.000000e+000 0.000000e+000
      outer loop
         vertex 1.078000e+003 2.630000e+001 1.317745e+003
         vertex 1.078000e+003 2.725167e+001 1.318697e+003
         vertex 1.078000e+003 2.630000e+001 1.322249e+003
      endloop
   endfacet
   facet normal 1.000000e+000 0.000000e+000 0.000000e+000
      outer loop
         vertex 1.078000e+003 2.630000e+001 1.322249e+003
         vertex 1.078000e+003 2.725167e+001 1.318697e+003
         vertex 1.078000e+003 2.760000e+001 1.319997e+003
      endloop
   endfacet
   facet normal 1.000000e+000 0.000000e+000 0.000000e+000
      outer loop
         vertex 1.078000e+003 2.630000e+001 1.322249e+003
         vertex 1.078000e+003 2.760000e+001 1.319997e+003
         vertex 1.078000e+003 2.725167e+001 1.321297e+003
      endloop
   endfacet
   facet normal 0.000000e+000 1.718619e-001 -9.851210e-001
      outer loop
         vertex 1.088000e+003 1.637767e+001 1.304571e+003
         vertex 1.078000e+003 1.767767e+001 1.304919e+003
         vertex 1.088000e+003 1.767767e+001 1.304919e+003
      endloop
   endfacet
   facet normal 0.000000e+000 -1.718619e-001 -9.851210e-001
      outer loop
         vertex 1.088000e+003 1.767767e+001 1.304919e+003
         vertex 1.078000e+003 1.767767e+001 1.304919e+003
         vertex 1.078000e+003 1.897767e+001 1.304571e+003
      endloop
   endfacet
   facet normal 0.000000e+000 -3.437238e-001 -9.390708e-001
      outer loop
         vertex 1.088000e+003 1.767767e+001 1.304919e+003
         vertex 1.078000e+003 1.897767e+001 1.304571e+003
         vertex 1.088000e+003 1.897767e+001 1.304571e+003
      endloop
   endfacet
   facet normal 0.000000e+000 -6.413973e-001 -7.672089e-001
      outer loop
         vertex 1.088000e+003 1.897767e+001 1.304571e+003
         vertex 1.078000e+003 1.897767e+001 1.304571e+003
         vertex 1.078000e+003 1.992934e+001 1.303619e+003
      endloop
   endfacet
   facet normal 0.000000e+000 -7.672089e-001 -6.413973e-001
      outer loop
         vertex 1.088000e+003 1.897767e+001 1.304571e+003
         vertex 1.078000e+003 1.992934e+001 1.303619e+003
         vertex 1.088000e+003 1.992934e+001 1.303619e+003
      endloop
   endfacet
   facet normal 0.000000e+000 -9.390708e-001 -3.437238e-001
      outer loop
         vertex 1.088000e+003 1.992934e+001 1.303619e+003
         vertex 1.078000e+003 1.992934e+001 1.303619e+003
         vertex 1.078000e+003 2.027767e+001 1.302319e+003
      endloop
   endfacet
   facet normal 0.000000e+000 -9.851210e-001 -1.718619e-001
      outer loop
         vertex 1.088000e+003 1.992934e+001 1.303619e+003
         vertex 1.078000e+003 2.027767e+001 1.302319e+003
         vertex 1.088000e+003 2.027767e+001 1.302319e+003
      endloop
   endfacet
   facet normal 0.000000e+000 -9.851210e-001 1.718619e-001
      outer loop
         vertex 1.088000e+003 2.027767e+001 1.302319e+003
         vertex 1.078000e+003 2.027767e+001 1.302319e+003
         vertex 1.078000e+003 1.992934e+001 1.301019e+003
      endloop
   endfacet
   facet normal 0.000000e+000 -9.390708e-001 3.437238e-001
      outer loop
         vertex 1.088000e+003 2.027767e+001 1.302319e+003
         vertex 1.078000e+003 1.992934e+001 1.301019e+003
         vertex 1.088000e+003 1.992934e+001 1.301019e+003
      endloop
   endfacet
   facet normal 0.000000e+000 -7.672089e-001 6.413973e-001
      outer loop
         vertex 1.088000e+003 1.992934e+001 1.301019e+003
         vertex 1.078000e+003 1.992934e+001 1.301019e+003
         vertex 1.078000e+003 1.897767e+001 1.300068e+003
      endloop
   endfacet
   facet normal 0.000000e+000 -6.413973e-001 7.672089e-001
      outer loop
         vertex 1.088000e+003 1.992934e+001 1.301019e+003
         vertex 1.078000e+003 1.897767e+001 1.300068e+003
         vertex 1.088000e+003 1.897767e+001 1.300068e+003
      endloop
   endfacet
   facet normal 0.000000e+000 -3.437238e-001 9.390708e-001
      outer loop
         vertex 1.088000e+003 1.897767e+001 1.300068e+003
         vertex 1.078000e+003 1.897767e+001 1.300068e+003
         vertex 1.078000e+003 1.767767e+001 1.299719e+003
      endloop
   endfacet
   facet normal 0.000000e+000 -1.718619e-001 9.851210e-001
      outer loop
         vertex 1.088000e+003 1.897767e+001 1.300068e+003
         vertex 1.078000e+003 1.767767e+001 1.299719e+003
         vertex 1.088000e+003 1.767767e+001 1.299719e+003
      endloop
   endfacet
   facet normal 0.000000e+000 1.718619e-001 9.851210e-001
      outer loop
         vertex 1.088000e+003 1.767767e+001 1.299719e+003
         vertex 1.078000e+003 1.767767e+001 1.299719e+003
         vertex 1.078000e+003 1.637767e+001 1.300068e+003
      endloop
   endfacet
   facet normal 0.000000e+000 3.437238e-001 9.390708e-001
      outer loop
         vertex 1.088000e+003 1.767767e+001 1.299719e+003
         vertex 1.078000e+003 1.637767e+001 1.300068e+003
         vertex 1.088000e+003 1.637767e+001 1.300068e+003
      endloop
   endfacet
   facet normal 0.000000e+000 6.413973e-001 7.672089e-001
      outer loop
         vertex 1.088000e+003 1.637767e+001 1.300068e+003
         vertex 1.078000e+003 1.637767e+001 1.300068e+003
         vertex 1.078000e+003 1.542600e+001 1.301019e+003
      endloop
   endfacet
   facet normal 0.000000e+000 7.672089e-001 6.413973e-001
      outer loop
         vertex 1.088000e+003 1.637767e+001 1.300068e+003
         vertex 1.078000e+003 1.542600e+001 1.301019e+003
         vertex 1.088000e+003 1.542600e+001 1.301019e+003
      endloop
   endfacet
   facet normal 0.000000e+000 9.390708e-001 3.437238e-001
      outer loop
         vertex 1.088000e+003 1.542600e+001 1.301019e+003
         vertex 1.078000e+003 1.542600e+001 1.301019e+003
         vertex 1.078000e+003 1.507767e+001 1.302319e+003
      endloop
   endfacet
   facet normal 0.000000e+000 9.851210e-001 1.718619e-001
      outer loop
         vertex 1.088000e+003 1.542600e+001 1.301019e+003
         vertex 1.078000e+003 1.507767e+001 1.302319e+003
         vertex 1.088000e+003 1.507767e+001 1.302319e+003
      endloop
   endfacet
   facet normal 0.000000e+000 9.851210e-001 -1.718619e-001
      outer loop
         vertex 1.088000e+003 1.507767e+001 1.302319e+003
         vertex 1.078000e+003 1.507767e+001 1.302319e+003
         vertex 1.078000e+003 1.542600e+001 1.303619e+003
      endloop
   endfacet
   facet normal 0.000000e+000 9.390708e-001 -3.437238e-001
      outer loop
         vertex 1.088000e+003 1.507767e+001 1.302319e+003
         vertex 1.078000e+003 1.542600e+001 1.303619e+003
         vertex 1.088000e+003 1.542600e+001 1.303619e+003
      endloop
   endfacet
   facet normal 0.000000e+000 7.672089e-001 -6.413973e-001
      outer loop
         vertex 1.088000e+003 1.542600e+001 1.303619e+003
         vertex 1.078000e+003 1.542600e+001 1.303619e+003
         vertex 1.078000e+003 1.637767e+001 1.304571e+003
      endloop
   endfacet
   facet normal 0.000000e+000 6.413973e-001 -7.672089e-001
      outer loop
         vertex 1.088000e+003 1.542600e+001 1.303619e+003
         vertex 1.078000e+003 1.637767e+001 1.304571e+003
         vertex 1.088000e+003 1.637767e+001 1.304571e+003
      endloop
   endfacet
   facet normal 0.000000e+000 3.437238e-001 -9.390708e-001
      outer loop
         vertex 1.088000e+003 1.637767e+001 1.304571e+003
         vertex 1.078000e+003 1.637767e+001 1.304571e+003
         vertex 1.078000e+003 1.767767e+001 1.304919e+003
      endloop
   endfacet
   facet normal 0.000000e+000 1.718619e-001 -9.851210e-001
      outer loop
         vertex 1.088000e+003 -1.300000e+000 1.297249e+003
         vertex 1.078000e+003 -7.673840e-008 1.297597e+003
         vertex 1.088000e+003 -7.673840e-008 1.297597e+003
      endloop
   endfacet
   facet normal 0.000000e+000 -1.718619e-001 -9.851210e-001
      outer loop
         vertex 1.088000e+003 -7.673840e-008 1.297597e+003
         vertex 1.078000e+003 -7.673840e-008 1.297597e+003
         vertex 1.078000e+003 1.300000e+000 1.297249e+003
      endloop
   endfacet
   facet normal 0.000000e+000 -3.437238e-001 -9.390708e-001
      outer loop
         vertex 1.088000e+003 -7.673840e-008 1.297597e+003
         vertex 1.078000e+003 1.300000e+000 1.297249e+003
         vertex 1.088000e+003 1.300000e+000 1.297249e+003
      endloop
   endfacet
   facet normal 0.000000e+000 -6.413973e-001 -7.672089e-001
      outer loop
         vertex 1.088000e+003 1.300000e+000 1.297249e+003
         vertex 1.078000e+003 1.300000e+000 1.297249e+003
         vertex 1.078000e+003 2.251666e+000 1.296297e+003
      endloop
   endfacet
   facet normal 0.000000e+000 -7.672089e-001 -6.413973e-001
      outer loop
         vertex 1.088000e+003 1.300000e+000 1.297249e+003
         vertex 1.078000e+003 2.251666e+000 1.296297e+003
         vertex 1.088000e+003 2.251666e+000 1.296297e+003
      endloop
   endfacet
   facet normal 0.000000e+000 -9.390708e-001 -3.437238e-001
      outer loop
         vertex 1.088000e+003 2.251666e+000 1.296297e+003
         vertex 1.078000e+003 2.251666e+000 1.296297e+003
         vertex 1.078000e+003 2.600000e+000 1.294997e+003
      endloop
   endfacet
   facet normal 0.000000e+000 -9.851210e-001 -1.718619e-001
      outer loop
         vertex 1.088000e+003 2.251666e+000 1.296297e+003
         vertex 1.078000e+003 2.600000e+000 1.294997e+003
         vertex 1.088000e+003 2.600000e+000 1.294997e+003
      endloop
   endfacet
   facet normal 0.000000e+000 -9.851210e-001 1.718619e-001
      outer loop
         vertex 1.088000e+003 2.600000e+000 1.294997e+003
         vertex 1.078000e+003 2.600000e+000 1.294997e+003
         vertex 1.078000e+003 2.251666e+000 1.293697e+003
      endloop
   endfacet
   facet normal 0.000000e+000 -9.390708e-001 3.437238e-001
      outer loop
         vertex 1.088000e+003 2.600000e+000 1.294997e+003
         vertex 1.078000e+003 2.251666e+000 1.293697e+003
         vertex 1.088000e+003 2.251666e+000 1.293697e+003
      endloop
   endfacet
   facet normal 0.000000e+000 -7.672089e-001 6.413973e-001
      outer loop
         vertex 1.088000e+003 2.251666e+000 1.293697e+003
         vertex 1.078000e+003 2.251666e+000 1.293697e+003
         vertex 1.078000e+003 1.300000e+000 1.292745e+003
      endloop
   endfacet
   facet normal 0.000000e+000 -6.413973e-001 7.672089e-001
      outer loop
         vertex 1.088000e+003 2.251666e+000 1.293697e+003
         vertex 1.078000e+003 1.300000e+000 1.292745e+003
         vertex 1.088000e+003 1.300000e+000 1.292745e+003
      endloop
   endfacet
   facet normal 0.000000e+000 -3.437238e-001 9.390708e-001
      outer loop
         vertex 1.088000e+003 1.300000e+000 1.292745e+003
         vertex 1.078000e+003 1.300000e+000 1.292745e+003
         vertex 1.078000e+003 -7.673840e-008 1.292397e+003
      endloop
   endfacet
   facet normal 0.000000e+000 -1.718619e-001 9.851210e-001
      outer loop
         vertex 1.088000e+003 1.300000e+000 1.292745e+003
         vertex 1.078000e+003 -7.673840e-008 1.292397e+003
         vertex 1.088000e+003 -7.673840e-008 1.292397e+003
      endloop
   endfacet
   facet normal 0.000000e+000 1.718619e-001 9.851210e-001
      outer loop
         vertex 1.088000e+003 -7.673840e-008 1.292397e+003
         vertex 1.078000e+003 -7.673840e-008 1.292397e+003
         vertex 1.078000e+003 -1.300000e+000 1.292745e+003
      endloop
   endfacet
   facet normal 0.000000e+000 3.437238e-001 9.390708e-001
      outer loop
         vertex 1.088000e+003 -7.673840e-008 1.292397e+003
         vertex 1.078000e+003 -1.300000e+000 1.292745e+003
         vertex 1.088000e+003 -1.300000e+000 1.292745e+003
      endloop
   endfacet
   facet normal 0.000000e+000 6.413973e-001 7.672089e-001
      outer loop
         vertex 1.088000e+003 -1.300000e+000 1.292745e+003
         vertex 1.078000e+003 -1.300000e+000 1.292745e+003
         vertex 1.078000e+003 -2.251666e+000 1.293697e+003
      endloop
   endfacet
   facet normal 0.000000e+000 7.672089e-001 6.413973e-001
      outer loop
         vertex 1.088000e+003 -1.300000e+000 1.292745e+003
         vertex 1.078000e+003 -2.251666e+000 1.293697e+003
         vertex 1.088000e+003 -2.251666e+000 1.293697e+003
      endloop
   endfacet
   facet normal 0.000000e+000 9.390708e-001 3.437238e-001
      outer loop
         vertex 1.088000e+003 -2.251666e+000 1.293697e+003
         vertex 1.078000e+003 -2.251666e+000 1.293697e+003
         vertex 1.078000e+003 -2.600000e+000 1.294997e+003
      endloop
   endfacet
   facet normal 0.000000e+000 9.851210e-001 1.718619e-001
      outer loop
         vertex 1.088000e+003 -2.251666e+000 1.293697e+003
         vertex 1.078000e+003 -2.600000e+000 1.294997e+003
         vertex 1.088000e+003 -2.600000e+000 1.294997e+003
      endloop
   endfacet
   facet normal 0.000000e+000 9.851210e-001 -1.718619e-001
      outer loop
         vertex 1.088000e+003 -2.600000e+000 1.294997e+003
         vertex 1.078000e+003 -2.600000e+000 1.294997e+003
         vertex 1.078000e+003 -2.251666e+000 1.296297e+003
      endloop
   endfacet
   facet normal 0.000000e+000 9.390708e-001 -3.437238e-001
      outer loop
         vertex 1.088000e+003 -2.600000e+000 1.294997e+003
         vertex 1.078000e+003 -2.251666e+000 1.296297e+003
         vertex 1.088000e+003 -2.251666e+000 1.296297e+003
      endloop
   endfacet
   facet normal 0.000000e+000 7.672089e-001 -6.413973e-001
      outer loop
         vertex 1.088000e+003 -2.251666e+000 1.296297e+003
         vertex 1.078000e+003 -2.251666e+000 1.296297e+003
         vertex 1.078000e+003 -1.300000e+000 1.297249e+003
      endloop
   endfacet
   facet normal 0.000000e+000 6.413973e-001 -7.672089e-001
      outer loop
         vertex 1.088000e+003 -2.251666e+000 1.296297e+003
         vertex 1.078000e+003 -1.300000e+000 1.297249e+003
         vertex 1.088000e+003 -1.300000e+000 1.297249e+003
      endloop
   endfacet
   facet normal 0.000000e+000 3.437238e-001 -9.390708e-001
      outer loop
         vertex 1.088000e+003 -1.300000e+000 1.297249e+003
         vertex 1.078000e+003 -1.300000e+000 1.297249e+003
         vertex 1.078000e+003 -7.673840e-008 1.297597e+003
      endloop
   endfacet
   facet normal 0.000000e+000 1.718619e-001 -9.851210e-001
      outer loop
         vertex 1.088000e+003 -1.897767e+001 1.304571e+003
         vertex 1.078000e+003 -1.767767e+001 1.304919e+003
         vertex 1.088000e+003 -1.767767e+001 1.304919e+003
      endloop
   endfacet
   facet normal 0.000000e+000 -1.718619e-001 -9.851210e-001
      outer loop
         vertex 1.088000e+003 -1.767767e+001 1.304919e+003
         vertex 1.078000e+003 -1.767767e+001 1.304919e+003
         vertex 1.078000e+003 -1.637767e+001 1.304571e+003
      endloop
   endfacet
   facet normal 0.000000e+000 -3.437238e-001 -9.390708e-001
      outer loop
         vertex 1.088000e+003 -1.767767e+001 1.304919e+003
         vertex 1.078000e+003 -1.637767e+001 1.304571e+003
         vertex 1.088000e+003 -1.637767e+001 1.304571e+003
      endloop
   endfacet
   facet normal 0.000000e+000 -6.413973e-001 -7.672089e-001
      outer loop
         vertex 1.088000e+003 -1.637767e+001 1.304571e+003
         vertex 1.078000e+003 -1.637767e+001 1.304571e+003
         vertex 1.078000e+003 -1.542600e+001 1.303619e+003
      endloop
   endfacet
   facet normal 0.000000e+000 -7.672089e-001 -6.413973e-001
      outer loop
         vertex 1.088000e+003 -1.637767e+001 1.304571e+003
         vertex 1.078000e+003 -1.542600e+001 1.303619e+003
         vertex 1.088000e+003 -1.542600e+001 1.303619e+003
      endloop
   endfacet
   facet normal 0.000000e+000 -9.390708e-001 -3.437238e-001
      outer loop
         vertex 1.088000e+003 -1.542600e+001 1.303619e+003
         vertex 1.078000e+003 -1.542600e+001 1.303619e+003
         vertex 1.078000e+003 -1.507767e+001 1.302319e+003
      endloop
   endfacet
   facet normal 0.000000e+000 -9.851210e-001 -1.718619e-001
      outer loop
         vertex 1.088000e+003 -1.542600e+001 1.303619e+003
         vertex 1.078000e+003 -1.507767e+001 1.302319e+003
         vertex 1.088000e+003 -1.507767e+001 1.302319e+003
      endloop
   endfacet
   facet normal 0.000000e+000 -9.851210e-001 1.718619e-001
      outer loop
         vertex 1.088000e+003 -1.507767e+001 1.302319e+003
         vertex 1.078000e+003 -1.507767e+001 1.302319e+003
         vertex 1.078000e+003 -1.542600e+001 1.301019e+003
      endloop
   endfacet
   facet normal 0.000000e+000 -9.390708e-001 3.437238e-001
      outer loop
         vertex 1.088000e+003 -1.507767e+001 1.302319e+003
         vertex 1.078000e+003 -1.542600e+001 1.301019e+003
         vertex 1.088000e+003 -1.542600e+001 1.301019e+003
      endloop
   endfacet
   facet normal 0.000000e+000 -7.672089e-001 6.413973e-001
      outer loop
         vertex 1.088000e+003 -1.542600e+001 1.301019e+003
         vertex 1.078000e+003 -1.542600e+001 1.301019e+003
         vertex 1.078000e+003 -1.637767e+001 1.300068e+003
      endloop
   endfacet
   facet normal 0.000000e+000 -6.413973e-001 7.672089e-001
      outer loop
         vertex 1.088000e+003 -1.542600e+001 1.301019e+003
         vertex 1.078000e+003 -1.637767e+001 1.300068e+003
         vertex 1.088000e+003 -1.637767e+001 1.300068e+003
      endloop
   endfacet
   facet normal 0.000000e+000 -3.437238e-001 9.390708e-001
      outer loop
         vertex 1.088000e+003 -1.637767e+001 1.300068e+003
         vertex 1.078000e+003 -1.637767e+001 1.300068e+003
         vertex 1.078000e+003 -1.767767e+001 1.299719e+003
      endloop
   endfacet
   facet normal 0.000000e+000 -1.718619e-001 9.851210e-001
      outer loop
         vertex 1.088000e+003 -1.637767e+001 1.300068e+003
         vertex 1.078000e+003 -1.767767e+001 1.299719e+003
         vertex 1.088000e+003 -1.767767e+001 1.299719e+003
      endloop
   endfacet
   facet normal 0.000000e+000 1.718619e-001 9.851210e-001
      outer loop
         vertex 1.088000e+003 -1.767767e+001 1.299719e+003
         vertex 1.078000e+003 -1.767767e+001 1.299719e+003
         vertex 1.078000e+003 -1.897767e+001 1.300068e+003
      endloop
   endfacet
   facet normal 0.000000e+000 3.437238e-001 9.390708e-001
      outer loop
         vertex 1.088000e+003 -1.767767e+001 1.299719e+003
         vertex 1.078000e+003 -1.897767e+001 1.300068e+003
         vertex 1.088000e+003 -1.897767e+001 1.300068e+003
      endloop
   endfacet
   facet normal 0.000000e+000 6.413973e-001 7.672089e-001
      outer loop
         vertex 1.088000e+003 -1.897767e+001 1.300068e+003
         vertex 1.078000e+003 -1.897767e+001 1.300068e+003
         vertex 1.078000e+003 -1.992934e+001 1.301019e+003
      endloop
   endfacet
   facet normal 0.000000e+000 7.672089e-001 6.413973e-001
      outer loop
         vertex 1.088000e+003 -1.897767e+001 1.300068e+003
         vertex 1.078000e+003 -1.992934e+001 1.301019e+003
         vertex 1.088000e+003 -1.992934e+001 1.301019e+003
      endloop
   endfacet
   facet normal 0.000000e+000 9.390708e-001 3.437238e-001
      outer loop
         vertex 1.088000e+003 -1.992934e+001 1.301019e+003
         vertex 1.078000e+003 -1.992934e+001 1.301019e+003
         vertex 1.078000e+003 -2.027767e+001 1.302319e+003
      endloop
   endfacet
   facet normal 0.000000e+000 9.851210e-001 1.718619e-001
      outer loop
         vertex 1.088000e+003 -1.992934e+001 1.301019e+003
         vertex 1.078000e+003 -2.027767e+001 1.302319e+003
         vertex 1.088000e+003 -2.027767e+001 1.302319e+003
      endloop
   endfacet
   facet normal 0.000000e+000 9.851210e-001 -1.718619e-001
      outer loop
         vertex 1.088000e+003 -2.027767e+001 1.302319e+003
         vertex 1.078000e+003 -2.027767e+001 1.302319e+003
         vertex 1.078000e+003 -1.992934e+001 1.303619e+003
      endloop
   endfacet
   facet normal 0.000000e+000 9.390708e-001 -3.437238e-001
      outer loop
         vertex 1.088000e+003 -2.027767e+001 1.302319e+003
         vertex 1.078000e+003 -1.992934e+001 1.303619e+003
         vertex 1.088000e+003 -1.992934e+001 1.303619e+003
      endloop
   endfacet
   facet normal 0.000000e+000 7.672089e-001 -6.413973e-001
      outer loop
         vertex 1.088000e+003 -1.992934e+001 1.303619e+003
         vertex 1.078000e+003 -1.992934e+001 1.303619e+003
         vertex 1.078000e+003 -1.897767e+001 1.304571e+003
      endloop
   endfacet
   facet normal 0.000000e+000 6.413973e-001 -7.672089e-001
      outer loop
         vertex 1.088000e+003 -1.992934e+001 1.303619e+003
         vertex 1.078000e+003 -1.897767e+001 1.304571e+003
         vertex 1.088000e+003 -1.897767e+001 1.304571e+003
      endloop
   endfacet
   facet normal 0.000000e+000 3.437238e-001 -9.390708e-001
      outer loop
         vertex 1.088000e+003 -1.897767e+001 1.304571e+003
         vertex 1.078000e+003 -1.897767e+001 1.304571e+003
         vertex 1.078000e+003 -1.767767e+001 1.304919e+003
      endloop
   endfacet
   facet normal 0.000000e+000 1.718619e-001 -9.851210e-001
      outer loop
         vertex 1.088000e+003 -2.630000e+001 1.322249e+003
         vertex 1.078000e+003 -2.500000e+001 1.322597e+003
         vertex 1.088000e+003 -2.500000e+001 1.322597e+003
      endloop
   endfacet
   facet normal 0.000000e+000 -1.718619e-001 -9.851210e-001
      outer loop
         vertex 1.088000e+003 -2.500000e+001 1.322597e+003
         vertex 1.078000e+003 -2.500000e+001 1.322597e+003
         vertex 1.078000e+003 -2.370000e+001 1.322249e+003
      endloop
   endfacet
   facet normal 0.000000e+000 -3.437238e-001 -9.390708e-001
      outer loop
         vertex 1.088000e+003 -2.500000e+001 1.322597e+003
         vertex 1.078000e+003 -2.370000e+001 1.322249e+003
         vertex 1.088000e+003 -2.370000e+001 1.322249e+003
      endloop
   endfacet
   facet normal 0.000000e+000 -6.413973e-001 -7.672089e-001
      outer loop
         vertex 1.088000e+003 -2.370000e+001 1.322249e+003
         vertex 1.078000e+003 -2.370000e+001 1.322249e+003
         vertex 1.078000e+003 -2.274833e+001 1.321297e+003
      endloop
   endfacet
   facet normal 0.000000e+000 -7.672089e-001 -6.413973e-001
      outer loop
         vertex 1.088000e+003 -2.370000e+001 1.322249e+003
         vertex 1.078000e+003 -2.274833e+001 1.321297e+003
         vertex 1.088000e+003 -2.274833e+001 1.321297e+003
      endloop
   endfacet
   facet normal 0.000000e+000 -9.390708e-001 -3.437238e-001
      outer loop
         vertex 1.088000e+003 -2.274833e+001 1.321297e+003
         vertex 1.078000e+003 -2.274833e+001 1.321297e+003
         vertex 1.078000e+003 -2.240000e+001 1.319997e+003
      endloop
   endfacet
   facet normal 0.000000e+000 -9.851210e-001 -1.718619e-001
      outer loop
         vertex 1.088000e+003 -2.274833e+001 1.321297e+003
         vertex 1.078000e+003 -2.240000e+001 1.319997e+003
         vertex 1.088000e+003 -2.240000e+001 1.319997e+003
      endloop
   endfacet
   facet normal 0.000000e+000 -9.851210e-001 1.718619e-001
      outer loop
         vertex 1.088000e+003 -2.240000e+001 1.319997e+003
         vertex 1.078000e+003 -2.240000e+001 1.319997e+003
         vertex 1.078000e+003 -2.274833e+001 1.318697e+003
      endloop
   endfacet
   facet normal 0.000000e+000 -9.390708e-001 3.437238e-001
      outer loop
         vertex 1.088000e+003 -2.240000e+001 1.319997e+003
         vertex 1.078000e+003 -2.274833e+001 1.318697e+003
         vertex 1.088000e+003 -2.274833e+001 1.318697e+003
      endloop
   endfacet
   facet normal 0.000000e+000 -7.672089e-001 6.413973e-001
      outer loop
         vertex 1.088000e+003 -2.274833e+001 1.318697e+003
         vertex 1.078000e+003 -2.274833e+001 1.318697e+003
         vertex 1.078000e+003 -2.370000e+001 1.317745e+003
      endloop
   endfacet
   facet normal 0.000000e+000 -6.413973e-001 7.672089e-001
      outer loop
         vertex 1.088000e+003 -2.274833e+001 1.318697e+003
         vertex 1.078000e+003 -2.370000e+001 1.317745e+003
         vertex 1.088000e+003 -2.370000e+001 1.317745e+003
      endloop
   endfacet
   facet normal 0.000000e+000 -3.437238e-001 9.390708e-001
      outer loop
         vertex 1.088000e+003 -2.370000e+001 1.317745e+003
         vertex 1.078000e+003 -2.370000e+001 1.317745e+003
         vertex 1.078000e+003 -2.500000e+001 1.317397e+003
      endloop
   endfacet
   facet normal 0.000000e+000 -1.718619e-001 9.851210e-001
      outer loop
         vertex 1.088000e+003 -2.370000e+001 1.317745e+003
         vertex 1.078000e+003 -2.500000e+001 1.317397e+003
         vertex 1.088000e+003 -2.500000e+001 1.317397e+003
      endloop
   endfacet
   facet normal 0.000000e+000 1.718619e-001 9.851210e-001
      outer loop
         vertex 1.088000e+003 -2.500000e+001 1.317397e+003
         vertex 1.078000e+003 -2.500000e+001 1.317397e+003
         vertex 1.078000e+003 -2.630000e+001 1.317745e+003
      endloop
   endfacet
   facet normal 0.000000e+000 3.437238e-001 9.390708e-001
      outer loop
         vertex 1.088000e+003 -2.500000e+001 1.317397e+003
         vertex 1.078000e+003 -2.630000e+001 1.317745e+003
         vertex 1.088000e+003 -2.630000e+001 1.317745e+003
      endloop
   endfacet
   facet normal 0.000000e+000 6.413973e-001 7.672089e-001
      outer loop
         vertex 1.088000e+003 -2.630000e+001 1.317745e+003
         vertex 1.078000e+003 -2.630000e+001 1.317745e+003
         vertex 1.078000e+003 -2.725167e+001 1.318697e+003
      endloop
   endfacet
   facet normal 0.000000e+000 7.672089e-001 6.413973e-001
      outer loop
         vertex 1.088000e+003 -2.630000e+001 1.317745e+003
         vertex 1.078000e+003 -2.725167e+001 1.318697e+003
         vertex 1.088000e+003 -2.725167e+001 1.318697e+003
      endloop
   endfacet
   facet normal 0.000000e+000 9.390708e-001 3.437238e-001
      outer loop
         vertex 1.088000e+003 -2.725167e+001 1.318697e+003
         vertex 1.078000e+003 -2.725167e+001 1.318697e+003
         vertex 1.078000e+003 -2.760000e+001 1.319997e+003
      endloop
   endfacet
   facet normal 0.000000e+000 9.851210e-001 1.718619e-001
      outer loop
         vertex 1.088000e+003 -2.725167e+001 1.318697e+003
         vertex 1.078000e+003 -2.760000e+001 1.319997e+003
         vertex 1.088000e+003 -2.760000e+001 1.319997e+003
      endloop
   endfacet
   facet normal 0.000000e+000 9.851210e-001 -1.718619e-001
      outer loop
         vertex 1.088000e+003 -2.760000e+001 1.319997e+003
         vertex 1.078000e+003 -2.760000e+001 1.319997e+003
         vertex 1.078000e+003 -2.725167e+001 1.321297e+003
      endloop
   endfacet
   facet normal 0.000000e+000 9.390708e-001 -3.437238e-001
      outer loop
         vertex 1.088000e+003 -2.760000e+001 1.319997e+003
         vertex 1.078000e+003 -2.725167e+001 1.321297e+003
         vertex 1.088000e+003 -2.725167e+001 1.321297e+003
      endloop
   endfacet
   facet normal 0.000000e+000 7.672089e-001 -6.413973e-001
      outer loop
         vertex 1.088000e+003 -2.725167e+001 1.321297e+003
         vertex 1.078000e+003 -2.725167e+001 1.321297e+003
         vertex 1.078000e+003 -2.630000e+001 1.322249e+003
      endloop
   endfacet
   facet normal 0.000000e+000 6.413973e-001 -7.672089e-001
      outer loop
         vertex 1.088000e+003 -2.725167e+001 1.321297e+003
         vertex 1.078000e+003 -2.630000e+001 1.322249e+003
         vertex 1.088000e+003 -2.630000e+001 1.322249e+003
      endloop
   endfacet
   facet normal 0.000000e+000 3.437238e-001 -9.390708e-001
      outer loop
         vertex 1.088000e+003 -2.630000e+001 1.322249e+003
         vertex 1.078000e+003 -2.630000e+001 1.322249e+003
         vertex 1.078000e+003 -2.500000e+001 1.322597e+003
      endloop
   endfacet
   facet normal 0.000000e+000 1.718619e-001 -9.851210e-001
      outer loop
         vertex 1.088000e+003 -1.897767e+001 1.339926e+003
         vertex 1.078000e+003 -1.767767e+001 1.340275e+003
         vertex 1.088000e+003 -1.767767e+001 1.340275e+003
      endloop
   endfacet
   facet normal 0.000000e+000 -1.718619e-001 -9.851210e-001
      outer loop
         vertex 1.088000e+003 -1.767767e+001 1.340275e+003
         vertex 1.078000e+003 -1.767767e+001 1.340275e+003
         vertex 1.078000e+003 -1.637767e+001 1.339926e+003
      endloop
   endfacet
   facet normal 0.000000e+000 -3.437238e-001 -9.390708e-001
      outer loop
         vertex 1.088000e+003 -1.767767e+001 1.340275e+003
         vertex 1.078000e+003 -1.637767e+001 1.339926e+003
         vertex 1.088000e+003 -1.637767e+001 1.339926e+003
      endloop
   endfacet
   facet normal 0.000000e+000 -6.413973e-001 -7.672089e-001
      outer loop
         vertex 1.088000e+003 -1.637767e+001 1.339926e+003
         vertex 1.078000e+003 -1.637767e+001 1.339926e+003
         vertex 1.078000e+003 -1.542600e+001 1.338974e+003
      endloop
   endfacet
   facet normal 0.000000e+000 -7.672089e-001 -6.413973e-001
      outer loop
         vertex 1.088000e+003 -1.637767e+001 1.339926e+003
         vertex 1.078000e+003 -1.542600e+001 1.338974e+003
         vertex 1.088000e+003 -1.542600e+001 1.338974e+003
      endloop
   endfacet
   facet normal 0.000000e+000 -9.390708e-001 -3.437238e-001
      outer loop
         vertex 1.088000e+003 -1.542600e+001 1.338974e+003
         vertex 1.078000e+003 -1.542600e+001 1.338974e+003
         vertex 1.078000e+003 -1.507767e+001 1.337674e+003
      endloop
   endfacet
   facet normal 0.000000e+000 -9.851210e-001 -1.718619e-001
      outer loop
         vertex 1.088000e+003 -1.542600e+001 1.338974e+003
         vertex 1.078000e+003 -1.507767e+001 1.337674e+003
         vertex 1.088000e+003 -1.507767e+001 1.337674e+003
      endloop
   endfacet
   facet normal 0.000000e+000 -9.851210e-001 1.718619e-001
      outer loop
         vertex 1.088000e+003 -1.507767e+001 1.337674e+003
         vertex 1.078000e+003 -1.507767e+001 1.337674e+003
         vertex 1.078000e+003 -1.542600e+001 1.336375e+003
      endloop
   endfacet
   facet normal 0.000000e+000 -9.390708e-001 3.437238e-001
      outer loop
         vertex 1.088000e+003 -1.507767e+001 1.337674e+003
         vertex 1.078000e+003 -1.542600e+001 1.336375e+003
         vertex 1.088000e+003 -1.542600e+001 1.336375e+003
      endloop
   endfacet
   facet normal 0.000000e+000 -7.672089e-001 6.413973e-001
      outer loop
         vertex 1.088000e+003 -1.542600e+001 1.336375e+003
         vertex 1.078000e+003 -1.542600e+001 1.336375e+003
         vertex 1.078000e+003 -1.637767e+001 1.335423e+003
      endloop
   endfacet
   facet normal 0.000000e+000 -6.413973e-001 7.672089e-001
      outer loop
         vertex 1.088000e+003 -1.542600e+001 1.336375e+003
         vertex 1.078000e+003 -1.637767e+001 1.335423e+003
         vertex 1.088000e+003 -1.637767e+001 1.335423e+003
      endloop
   endfacet
   facet normal 0.000000e+000 -3.437238e-001 9.390708e-001
      outer loop
         vertex 1.088000e+003 -1.637767e+001 1.335423e+003
         vertex 1.078000e+003 -1.637767e+001 1.335423e+003
         vertex 1.078000e+003 -1.767767e+001 1.335075e+003
      endloop
   endfacet
   facet normal 0.000000e+000 -1.718619e-001 9.851210e-001
      outer loop
         vertex 1.088000e+003 -1.637767e+001 1.335423e+003
         vertex 1.078000e+003 -1.767767e+001 1.335075e+003
         vertex 1.088000e+003 -1.767767e+001 1.335075e+003
      endloop
   endfacet
   facet normal 0.000000e+000 1.718619e-001 9.851210e-001
      outer loop
         vertex 1.088000e+003 -1.767767e+001 1.335075e+003
         vertex 1.078000e+003 -1.767767e+001 1.335075e+003
         vertex 1.078000e+003 -1.897767e+001 1.335423e+003
      endloop
   endfacet
   facet normal 0.000000e+000 3.437238e-001 9.390708e-001
      outer loop
         vertex 1.088000e+003 -1.767767e+001 1.335075e+003
         vertex 1.078000e+003 -1.897767e+001 1.335423e+003
         vertex 1.088000e+003 -1.897767e+001 1.335423e+003
      endloop
   endfacet
   facet normal 0.000000e+000 6.413973e-001 7.672089e-001
      outer loop
         vertex 1.088000e+003 -1.897767e+001 1.335423e+003
         vertex 1.078000e+003 -1.897767e+001 1.335423e+003
         vertex 1.078000e+003 -1.992934e+001 1.336375e+003
      endloop
   endfacet
   facet normal 0.000000e+000 7.672089e-001 6.413973e-001
      outer loop
         vertex 1.088000e+003 -1.897767e+001 1.335423e+003
         vertex 1.078000e+003 -1.992934e+001 1.336375e+003
         vertex 1.088000e+003 -1.992934e+001 1.336375e+003
      endloop
   endfacet
   facet normal 0.000000e+000 9.390708e-001 3.437238e-001
      outer loop
         vertex 1.088000e+003 -1.992934e+001 1.336375e+003
         vertex 1.078000e+003 -1.992934e+001 1.336375e+003
         vertex 1.078000e+003 -2.027767e+001 1.337674e+003
      endloop
   endfacet
   facet normal 0.000000e+000 9.851210e-001 1.718619e-001
      outer loop
         vertex 1.088000e+003 -1.992934e+001 1.336375e+003
         vertex 1.078000e+003 -2.027767e+001 1.337674e+003
         vertex 1.088000e+003 -2.027767e+001 1.337674e+003
      endloop
   endfacet
   facet normal 0.000000e+000 9.851210e-001 -1.718619e-001
      outer loop
         vertex 1.088000e+003 -2.027767e+001 1.337674e+003
         vertex 1.078000e+003 -2.027767e+001 1.337674e+003
         vertex 1.078000e+003 -1.992934e+001 1.338974e+003
      endloop
   endfacet
   facet normal 0.000000e+000 9.390708e-001 -3.437238e-001
      outer loop
         vertex 1.088000e+003 -2.027767e+001 1.337674e+003
         vertex 1.078000e+003 -1.992934e+001 1.338974e+003
         vertex 1.088000e+003 -1.992934e+001 1.338974e+003
      endloop
   endfacet
   facet normal 0.000000e+000 7.672089e-001 -6.413973e-001
      outer loop
         vertex 1.088000e+003 -1.992934e+001 1.338974e+003
         vertex 1.078000e+003 -1.992934e+001 1.338974e+003
         vertex 1.078000e+003 -1.897767e+001 1.339926e+003
      endloop
   endfacet
   facet normal 0.000000e+000 6.413973e-001 -7.672089e-001
      outer loop
         vertex 1.088000e+003 -1.992934e+001 1.338974e+003
         vertex 1.078000e+003 -1.897767e+001 1.339926e+003
         vertex 1.088000e+003 -1.897767e+001 1.339926e+003
      endloop
   endfacet
   facet normal 0.000000e+000 3.437238e-001 -9.390708e-001
      outer loop
         vertex 1.088000e+003 -1.897767e+001 1.339926e+003
         vertex 1.078000e+003 -1.897767e+001 1.339926e+003
         vertex 1.078000e+003 -1.767767e+001 1.340275e+003
      endloop
   endfacet
   facet normal 0.000000e+000 1.718619e-001 -9.851210e-001
      outer loop
         vertex 1.088000e+003 -1.300000e+000 1.347249e+003
         vertex 1.078000e+003 -8.129430e-008 1.347597e+003
         vertex 1.088000e+003 -8.129430e-008 1.347597e+003
      endloop
   endfacet
   facet normal 0.000000e+000 -1.718619e-001 -9.851210e-001
      outer loop
         vertex 1.088000e+003 -8.129430e-008 1.347597e+003
         vertex 1.078000e+003 -8.129430e-008 1.347597e+003
         vertex 1.078000e+003 1.300000e+000 1.347249e+003
      endloop
   endfacet
   facet normal 0.000000e+000 -3.437238e-001 -9.390708e-001
      outer loop
         vertex 1.088000e+003 -8.129430e-008 1.347597e+003
         vertex 1.078000e+003 1.300000e+000 1.347249e+003
         vertex 1.088000e+003 1.300000e+000 1.347249e+003
      endloop
   endfacet
   facet normal 0.000000e+000 -6.413973e-001 -7.672089e-001
      outer loop
         vertex 1.088000e+003 1.300000e+000 1.347249e+003
         vertex 1.078000e+003 1.300000e+000 1.347249e+003
         vertex 1.078000e+003 2.251666e+000 1.346297e+003
      endloop
   endfacet
   facet normal 0.000000e+000 -7.672089e-001 -6.413973e-001
      outer loop
         vertex 1.088000e+003 1.300000e+000 1.347249e+003
         vertex 1.078000e+003 2.251666e+000 1.346297e+003
         vertex 1.088000e+003 2.251666e+000 1.346297e+003
      endloop
   endfacet
   facet normal 0.000000e+000 -9.390708e-001 -3.437238e-001
      outer loop
         vertex 1.088000e+003 2.251666e+000 1.346297e+003
         vertex 1.078000e+003 2.251666e+000 1.346297e+003
         vertex 1.078000e+003 2.600000e+000 1.344997e+003
      endloop
   endfacet
   facet normal 0.000000e+000 -9.851210e-001 -1.718619e-001
      outer loop
         vertex 1.088000e+003 2.251666e+000 1.346297e+003
         vertex 1.078000e+003 2.600000e+000 1.344997e+003
         vertex 1.088000e+003 2.600000e+000 1.344997e+003
      endloop
   endfacet
   facet normal 0.000000e+000 -9.851210e-001 1.718619e-001
      outer loop
         vertex 1.088000e+003 2.600000e+000 1.344997e+003
         vertex 1.078000e+003 2.600000e+000 1.344997e+003
         vertex 1.078000e+003 2.251666e+000 1.343697e+003
      endloop
   endfacet
   facet normal 0.000000e+000 -9.390708e-001 3.437238e-001
      outer loop
         vertex 1.088000e+003 2.600000e+000 1.344997e+003
         vertex 1.078000e+003 2.251666e+000 1.343697e+003
         vertex 1.088000e+003 2.251666e+000 1.343697e+003
      endloop
   endfacet
   facet normal 0.000000e+000 -7.672089e-001 6.413973e-001
      outer loop
         vertex 1.088000e+003 2.251666e+000 1.343697e+003
         vertex 1.078000e+003 2.251666e+000 1.343697e+003
         vertex 1.078000e+003 1.300000e+000 1.342745e+003
      endloop
   endfacet
   facet normal 0.000000e+000 -6.413973e-001 7.672089e-001
      outer loop
         vertex 1.088000e+003 2.251666e+000 1.343697e+003
         vertex 1.078000e+003 1.300000e+000 1.342745e+003
         vertex 1.088000e+003 1.300000e+000 1.342745e+003
      endloop
   endfacet
   facet normal 0.000000e+000 -3.437238e-001 9.390708e-001
      outer loop
         vertex 1.088000e+003 1.300000e+000 1.342745e+003
         vertex 1.078000e+003 1.300000e+000 1.342745e+003
         vertex 1.078000e+003 -8.129430e-008 1.342397e+003
      endloop
   endfacet
   facet normal 0.000000e+000 -1.718619e-001 9.851210e-001
      outer loop
         vertex 1.088000e+003 1.300000e+000 1.342745e+003
         vertex 1.078000e+003 -8.129430e-008 1.342397e+003
         vertex 1.088000e+003 -8.129430e-008 1.342397e+003
      endloop
   endfacet
   facet normal 0.000000e+000 1.718619e-001 9.851210e-001
      outer loop
         vertex 1.088000e+003 -8.129430e-008 1.342397e+003
         vertex 1.078000e+003 -8.129430e-008 1.342397e+003
         vertex 1.078000e+003 -1.300000e+000 1.342745e+003
      endloop
   endfacet
   facet normal 0.000000e+000 3.437238e-001 9.390708e-001
      outer loop
         vertex 1.088000e+003 -8.129430e-008 1.342397e+003
         vertex 1.078000e+003 -1.300000e+000 1.342745e+003
         vertex 1.088000e+003 -1.300000e+000 1.342745e+003
      endloop
   endfacet
   facet normal 0.000000e+000 6.413973e-001 7.672089e-001
      outer loop
         vertex 1.088000e+003 -1.300000e+000 1.342745e+003
         vertex 1.078000e+003 -1.300000e+000 1.342745e+003
         vertex 1.078000e+003 -2.251666e+000 1.343697e+003
      endloop
   endfacet
   facet normal 0.000000e+000 7.672089e-001 6.413973e-001
      outer loop
         vertex 1.088000e+003 -1.300000e+000 1.342745e+003
         vertex 1.078000e+003 -2.251666e+000 1.343697e+003
         vertex 1.088000e+003 -2.251666e+000 1.343697e+003
      endloop
   endfacet
   facet normal 0.000000e+000 9.390708e-001 3.437238e-001
      outer loop
         vertex 1.088000e+003 -2.251666e+000 1.343697e+003
         vertex 1.078000e+003 -2.251666e+000 1.343697e+003
         vertex 1.078000e+003 -2.600000e+000 1.344997e+003
      endloop
   endfacet
   facet normal 0.000000e+000 9.851210e-001 1.718619e-001
      outer loop
         vertex 1.088000e+003 -2.251666e+000 1.343697e+003
         vertex 1.078000e+003 -2.600000e+000 1.344997e+003
         vertex 1.088000e+003 -2.600000e+000 1.344997e+003
      endloop
   endfacet
   facet normal 0.000000e+000 9.851210e-001 -1.718619e-001
      outer loop
         vertex 1.088000e+003 -2.600000e+000 1.344997e+003
         vertex 1.078000e+003 -2.600000e+000 1.344997e+003
         vertex 1.078000e+003 -2.251666e+000 1.346297e+003
      endloop
   endfacet
   facet normal 0.000000e+000 9.390708e-001 -3.437238e-001
      outer loop
         vertex 1.088000e+003 -2.600000e+000 1.344997e+003
         vertex 1.078000e+003 -2.251666e+000 1.346297e+003
         vertex 1.088000e+003 -2.251666e+000 1.346297e+003
      endloop
   endfacet
   facet normal 0.000000e+000 7.672089e-001 -6.413973e-001
      outer loop
         vertex 1.088000e+003 -2.251666e+000 1.346297e+003
         vertex 1.078000e+003 -2.251666e+000 1.346297e+003
         vertex 1.078000e+003 -1.300000e+000 1.347249e+003
      endloop
   endfacet
   facet normal 0.000000e+000 6.413973e-001 -7.672089e-001
      outer loop
         vertex 1.088000e+003 -2.251666e+000 1.346297e+003
         vertex 1.078000e+003 -1.300000e+000 1.347249e+003
         vertex 1.088000e+003 -1.300000e+000 1.347249e+003
      endloop
   endfacet
   facet normal 0.000000e+000 3.437238e-001 -9.390708e-001
      outer loop
         vertex 1.088000e+003 -1.300000e+000 1.347249e+003
         vertex 1.078000e+003 -1.300000e+000 1.347249e+003
         vertex 1.078000e+003 -8.129430e-008 1.347597e+003
      endloop
   endfacet
   facet normal 0.000000e+000 1.718619e-001 -9.851210e-001
      outer loop
         vertex 1.088000e+003 1.637767e+001 1.339926e+003
         vertex 1.078000e+003 1.767767e+001 1.340275e+003
         vertex 1.088000e+003 1.767767e+001 1.340275e+003
      endloop
   endfacet
   facet normal 0.000000e+000 -1.718619e-001 -9.851210e-001
      outer loop
         vertex 1.088000e+003 1.767767e+001 1.340275e+003
         vertex 1.078000e+003 1.767767e+001 1.340275e+003
         vertex 1.078000e+003 1.897767e+001 1.339926e+003
      endloop
   endfacet
   facet normal 0.000000e+000 -3.437238e-001 -9.390708e-001
      outer loop
         vertex 1.088000e+003 1.767767e+001 1.340275e+003
         vertex 1.078000e+003 1.897767e+001 1.339926e+003
         vertex 1.088000e+003 1.897767e+001 1.339926e+003
      endloop
   endfacet
   facet normal 0.000000e+000 -6.413973e-001 -7.672089e-001
      outer loop
         vertex 1.088000e+003 1.897767e+001 1.339926e+003
         vertex 1.078000e+003 1.897767e+001 1.339926e+003
         vertex 1.078000e+003 1.992934e+001 1.338974e+003
      endloop
   endfacet
   facet normal 0.000000e+000 -7.672089e-001 -6.413973e-001
      outer loop
         vertex 1.088000e+003 1.897767e+001 1.339926e+003
         vertex 1.078000e+003 1.992934e+001 1.338974e+003
         vertex 1.088000e+003 1.992934e+001 1.338974e+003
      endloop
   endfacet
   facet normal 0.000000e+000 -9.390708e-001 -3.437238e-001
      outer loop
         vertex 1.088000e+003 1.992934e+001 1.338974e+003
         vertex 1.078000e+003 1.992934e+001 1.338974e+003
         vertex 1.078000e+003 2.027767e+001 1.337674e+003
      endloop
   endfacet
   facet normal 0.000000e+000 -9.851210e-001 -1.718619e-001
      outer loop
         vertex 1.088000e+003 1.992934e+001 1.338974e+003
         vertex 1.078000e+003 2.027767e+001 1.337674e+003
         vertex 1.088000e+003 2.027767e+001 1.337674e+003
      endloop
   endfacet
   facet normal 0.000000e+000 -9.851210e-001 1.718619e-001
      outer loop
         vertex 1.088000e+003 2.027767e+001 1.337674e+003
         vertex 1.078000e+003 2.027767e+001 1.337674e+003
         vertex 1.078000e+003 1.992934e+001 1.336375e+003
      endloop
   endfacet
   facet normal 0.000000e+000 -9.390708e-001 3.437238e-001
      outer loop
         vertex 1.088000e+003 2.027767e+001 1.337674e+003
         vertex 1.078000e+003 1.992934e+001 1.336375e+003
         vertex 1.088000e+003 1.992934e+001 1.336375e+003
      endloop
   endfacet
   facet normal 0.000000e+000 -7.672089e-001 6.413973e-001
      outer loop
         vertex 1.088000e+003 1.992934e+001 1.336375e+003
         vertex 1.078000e+003 1.992934e+001 1.336375e+003
         vertex 1.078000e+003 1.897767e+001 1.335423e+003
      endloop
   endfacet
   facet normal 0.000000e+000 -6.413973e-001 7.672089e-001
      outer loop
         vertex 1.088000e+003 1.992934e+001 1.336375e+003
         vertex 1.078000e+003 1.897767e+001 1.335423e+003
         vertex 1.088000e+003 1.897767e+001 1.335423e+003
      endloop
   endfacet
   facet normal 0.000000e+000 -3.437238e-001 9.390708e-001
      outer loop
         vertex 1.088000e+003 1.897767e+001 1.335423e+003
         vertex 1.078000e+003 1.897767e+001 1.335423e+003
         vertex 1.078000e+003 1.767767e+001 1.335075e+003
      endloop
   endfacet
   facet normal 0.000000e+000 -1.718619e-001 9.851210e-001
      outer loop
         vertex 1.088000e+003 1.897767e+001 1.335423e+003
         vertex 1.078000e+003 1.767767e+001 1.335075e+003
         vertex 1.088000e+003 1.767767e+001 1.335075e+003
      endloop
   endfacet
   facet normal 0.000000e+000 1.718619e-001 9.851210e-001
      outer loop
         vertex 1.088000e+003 1.767767e+001 1.335075e+003
         vertex 1.078000e+003 1.767767e+001 1.335075e+003
         vertex 1.078000e+003 1.637767e+001 1.335423e+003
      endloop
   endfacet
   facet normal 0.000000e+000 3.437238e-001 9.390708e-001
      outer loop
         vertex 1.088000e+003 1.767767e+001 1.335075e+003
         vertex 1.078000e+003 1.637767e+001 1.335423e+003
         vertex 1.088000e+003 1.637767e+001 1.335423e+003
      endloop
   endfacet
   facet normal 0.000000e+000 6.413973e-001 7.672089e-001
      outer loop
         vertex 1.088000e+003 1.637767e+001 1.335423e+003
         vertex 1.078000e+003 1.637767e+001 1.335423e+003
         vertex 1.078000e+003 1.542600e+001 1.336375e+003
      endloop
   endfacet
   facet normal 0.000000e+000 7.672089e-001 6.413973e-001
      outer loop
         vertex 1.088000e+003 1.637767e+001 1.335423e+003
         vertex 1.078000e+003 1.542600e+001 1.336375e+003
         vertex 1.088000e+003 1.542600e+001 1.336375e+003
      endloop
   endfacet
   facet normal 0.000000e+000 9.390708e-001 3.437238e-001
      outer loop
         vertex 1.088000e+003 1.542600e+001 1.336375e+003
         vertex 1.078000e+003 1.542600e+001 1.336375e+003
         vertex 1.078000e+003 1.507767e+001 1.337674e+003
      endloop
   endfacet
   facet normal 0.000000e+000 9.851210e-001 1.718619e-001
      outer loop
         vertex 1.088000e+003 1.542600e+001 1.336375e+003
         vertex 1.078000e+003 1.507767e+001 1.337674e+003
         vertex 1.088000e+003 1.507767e+001 1.337674e+003
      endloop
   endfacet
   facet normal 0.000000e+000 9.851210e-001 -1.718619e-001
      outer loop
         vertex 1.088000e+003 1.507767e+001 1.337674e+003
         vertex 1.078000e+003 1.507767e+001 1.337674e+003
         vertex 1.078000e+003 1.542600e+001 1.338974e+003
      endloop
   endfacet
   facet normal 0.000000e+000 9.390708e-001 -3.437238e-001
      outer loop
         vertex 1.088000e+003 1.507767e+001 1.337674e+003
         vertex 1.078000e+003 1.542600e+001 1.338974e+003
         vertex 1.088000e+003 1.542600e+001 1.338974e+003
      endloop
   endfacet
   facet normal 0.000000e+000 7.672089e-001 -6.413973e-001
      outer loop
         vertex 1.088000e+003 1.542600e+001 1.338974e+003
         vertex 1.078000e+003 1.542600e+001 1.338974e+003
         vertex 1.078000e+003 1.637767e+001 1.339926e+003
      endloop
   endfacet
   facet normal 0.000000e+000 6.413973e-001 -7.672089e-001
      outer loop
         vertex 1.088000e+003 1.542600e+001 1.338974e+003
         vertex 1.078000e+003 1.637767e+001 1.339926e+003
         vertex 1.088000e+003 1.637767e+001 1.339926e+003
      endloop
   endfacet
   facet normal 0.000000e+000 3.437238e-001 -9.390708e-001
      outer loop
         vertex 1.088000e+003 1.637767e+001 1.339926e+003
         vertex 1.078000e+003 1.637767e+001 1.339926e+003
         vertex 1.078000e+003 1.767767e+001 1.340275e+003
      endloop
   endfacet
   facet normal 0.000000e+000 1.718619e-001 -9.851210e-001
      outer loop
         vertex 1.088000e+003 2.370000e+001 1.322249e+003
         vertex 1.078000e+003 2.500000e+001 1.322597e+003
         vertex 1.088000e+003 2.500000e+001 1.322597e+003
      endloop
   endfacet
   facet normal 0.000000e+000 -1.718619e-001 -9.851210e-001
      outer loop
         vertex 1.088000e+003 2.500000e+001 1.322597e+003
         vertex 1.078000e+003 2.500000e+001 1.322597e+003
         vertex 1.078000e+003 2.630000e+001 1.322249e+003
      endloop
   endfacet
   facet normal 0.000000e+000 -3.437238e-001 -9.390708e-001
      outer loop
         vertex 1.088000e+003 2.500000e+001 1.322597e+003
         vertex 1.078000e+003 2.630000e+001 1.322249e+003
         vertex 1.088000e+003 2.630000e+001 1.322249e+003
      endloop
   endfacet
   facet normal 0.000000e+000 -6.413973e-001 -7.672089e-001
      outer loop
         vertex 1.088000e+003 2.630000e+001 1.322249e+003
         vertex 1.078000e+003 2.630000e+001 1.322249e+003
         vertex 1.078000e+003 2.725167e+001 1.321297e+003
      endloop
   endfacet
   facet normal 0.000000e+000 -7.672089e-001 -6.413973e-001
      outer loop
         vertex 1.088000e+003 2.630000e+001 1.322249e+003
         vertex 1.078000e+003 2.725167e+001 1.321297e+003
         vertex 1.088000e+003 2.725167e+001 1.321297e+003
      endloop
   endfacet
   facet normal 0.000000e+000 -9.390708e-001 -3.437238e-001
      outer loop
         vertex 1.088000e+003 2.725167e+001 1.321297e+003
         vertex 1.078000e+003 2.725167e+001 1.321297e+003
         vertex 1.078000e+003 2.760000e+001 1.319997e+003
      endloop
   endfacet
   facet normal 0.000000e+000 -9.851210e-001 -1.718619e-001
      outer loop
         vertex 1.088000e+003 2.725167e+001 1.321297e+003
         vertex 1.078000e+003 2.760000e+001 1.319997e+003
         vertex 1.088000e+003 2.760000e+001 1.319997e+003
      endloop
   endfacet
   facet normal 0.000000e+000 -9.851210e-001 1.718619e-001
      outer loop
         vertex 1.088000e+003 2.760000e+001 1.319997e+003
         vertex 1.078000e+003 2.760000e+001 1.319997e+003
         vertex 1.078000e+003 2.725167e+001 1.318697e+003
      endloop
   endfacet
   facet normal 0.000000e+000 -9.390708e-001 3.437238e-001
      outer loop
         vertex 1.088000e+003 2.760000e+001 1.319997e+003
         vertex 1.078000e+003 2.725167e+001 1.318697e+003
         vertex 1.088000e+003 2.725167e+001 1.318697e+003
      endloop
   endfacet
   facet normal 0.000000e+000 -7.672089e-001 6.413973e-001
      outer loop
         vertex 1.088000e+003 2.725167e+001 1.318697e+003
         vertex 1.078000e+003 2.725167e+001 1.318697e+003
         vertex 1.078000e+003 2.630000e+001 1.317745e+003
      endloop
   endfacet
   facet normal 0.000000e+000 -6.413973e-001 7.672089e-001
      outer loop
         vertex 1.088000e+003 2.725167e+001 1.318697e+003
         vertex 1.078000e+003 2.630000e+001 1.317745e+003
         vertex 1.088000e+003 2.630000e+001 1.317745e+003
      endloop
   endfacet
   facet normal 0.000000e+000 -3.437238e-001 9.390708e-001
      outer loop
         vertex 1.088000e+003 2.630000e+001 1.317745e+003
         vertex 1.078000e+003 2.630000e+001 1.317745e+003
         vertex 1.078000e+003 2.500000e+001 1.317397e+003
      endloop
   endfacet
   facet normal 0.000000e+000 -1.718619e-001 9.851210e-001
      outer loop
         vertex 1.088000e+003 2.630000e+001 1.317745e+003
         vertex 1.078000e+003 2.500000e+001 1.317397e+003
         vertex 1.088000e+003 2.500000e+001 1.317397e+003
      endloop
   endfacet
   facet normal 0.000000e+000 1.718619e-001 9.851210e-001
      outer loop
         vertex 1.088000e+003 2.500000e+001 1.317397e+003
         vertex 1.078000e+003 2.500000e+001 1.317397e+003
         vertex 1.078000e+003 2.370000e+001 1.317745e+003
      endloop
   endfacet
   facet normal 0.000000e+000 3.437238e-001 9.390708e-001
      outer loop
         vertex 1.088000e+003 2.500000e+001 1.317397e+003
         vertex 1.078000e+003 2.370000e+001 1.317745e+003
         vertex 1.088000e+003 2.370000e+001 1.317745e+003
      endloop
   endfacet
   facet normal 0.000000e+000 6.413973e-001 7.672089e-001
      outer loop
         vertex 1.088000e+003 2.370000e+001 1.317745e+003
         vertex 1.078000e+003 2.370000e+001 1.317745e+003
         vertex 1.078000e+003 2.274833e+001 1.318697e+003
      endloop
   endfacet
   facet normal 0.000000e+000 7.672089e-001 6.413973e-001
      outer loop
         vertex 1.088000e+003 2.370000e+001 1.317745e+003
         vertex 1.078000e+003 2.274833e+001 1.318697e+003
         vertex 1.088000e+003 2.274833e+001 1.318697e+003
      endloop
   endfacet
   facet normal 0.000000e+000 9.390708e-001 3.437238e-001
      outer loop
         vertex 1.088000e+003 2.274833e+001 1.318697e+003
         vertex 1.078000e+003 2.274833e+001 1.318697e+003
         vertex 1.078000e+003 2.240000e+001 1.319997e+003
      endloop
   endfacet
   facet normal 0.000000e+000 9.851210e-001 1.718619e-001
      outer loop
         vertex 1.088000e+003 2.274833e+001 1.318697e+003
         vertex 1.078000e+003 2.240000e+001 1.319997e+003
         vertex 1.088000e+003 2.240000e+001 1.319997e+003
      endloop
   endfacet
   facet normal 0.000000e+000 9.851210e-001 -1.718619e-001
      outer loop
         vertex 1.088000e+003 2.240000e+001 1.319997e+003
         vertex 1.078000e+003 2.240000e+001 1.319997e+003
         vertex 1.078000e+003 2.274833e+001 1.321297e+003
      endloop
   endfacet
   facet normal 0.000000e+000 9.390708e-001 -3.437238e-001
      outer loop
         vertex 1.088000e+003 2.240000e+001 1.319997e+003
         vertex 1.078000e+003 2.274833e+001 1.321297e+003
         vertex 1.088000e+003 2.274833e+001 1.321297e+003
      endloop
   endfacet
   facet normal 0.000000e+000 7.672089e-001 -6.413973e-001
      outer loop
         vertex 1.088000e+003 2.274833e+001 1.321297e+003
         vertex 1.078000e+003 2.274833e+001 1.321297e+003
         vertex 1.078000e+003 2.370000e+001 1.322249e+003
      endloop
   endfacet
   facet normal 0.000000e+000 6.413973e-001 -7.672089e-001
      outer loop
         vertex 1.088000e+003 2.274833e+001 1.321297e+003
         vertex 1.078000e+003 2.370000e+001 1.322249e+003
         vertex 1.088000e+003 2.370000e+001 1.322249e+003
      endloop
   endfacet
   facet normal 0.000000e+000 3.437238e-001 -9.390708e-001
      outer loop
         vertex 1.088000e+003 2.370000e+001 1.322249e+003
         vertex 1.078000e+003 2.370000e+001 1.322249e+003
         vertex 1.078000e+003 2.500000e+001 1.322597e+003
      endloop
   endfacet
   facet normal 1.000000e+000 0.000000e+000 0.000000e+000
      outer loop
         vertex 1.088000e+003 8.838834e+000 1.328836e+003
         vertex 1.088000e+003 8.838834e+000 1.341336e+003
         vertex 1.088000e+003 -8.838835e+000 1.341336e+003
      endloop
   endfacet
   facet normal 1.000000e+000 0.000000e+000 0.000000e+000
      outer loop
         vertex 1.088000e+003 2.133883e+001 1.311158e+003
         vertex 1.088000e+003 2.133883e+001 1.328836e+003
         vertex 1.088000e+003 8.838834e+000 1.328836e+003
      endloop
   endfacet
   facet normal 1.000000e+000 0.000000e+000 0.000000e+000
      outer loop
         vertex 1.088000e+003 2.276804e+001 1.341765e+003
         vertex 1.088000e+003 2.133883e+001 1.343014e+003
         vertex 1.088000e+003 2.133883e+001 1.341336e+003
      endloop
   endfacet
   facet normal 1.000000e+000 0.000000e+000 0.000000e+000
      outer loop
         vertex 1.088000e+003 1.366734e+001 1.348377e+003
         vertex 1.088000e+003 1.055127e+001 1.349547e+003
         vertex 1.088000e+003 8.838834e+000 1.349547e+003
      endloop
   endfacet
   facet normal 1.000000e+000 0.000000e+000 0.000000e+000
      outer loop
         vertex 1.088000e+003 -2.251666e+000 1.293697e+003
         vertex 1.088000e+003 -2.600000e+000 1.294997e+003
         vertex 1.088000e+003 -8.838835e+000 1.298658e+003
      endloop
   endfacet
   facet normal 1.000000e+000 0.000000e+000 0.000000e+000
      outer loop
         vertex 1.088000e+003 -8.838835e+000 1.298658e+003
         vertex 1.088000e+003 -2.600000e+000 1.294997e+003
         vertex 1.088000e+003 -2.251666e+000 1.296297e+003
      endloop
   endfacet
   facet normal 1.000000e+000 0.000000e+000 0.000000e+000
      outer loop
         vertex 1.088000e+003 -8.838835e+000 1.298658e+003
         vertex 1.088000e+003 -2.251666e+000 1.296297e+003
         vertex 1.088000e+003 -1.300000e+000 1.297249e+003
      endloop
   endfacet
   facet normal 1.000000e+000 0.000000e+000 0.000000e+000
      outer loop
         vertex 1.088000e+003 -7.673840e-008 1.297597e+003
         vertex 1.088000e+003 1.300000e+000 1.297249e+003
         vertex 1.088000e+003 8.838834e+000 1.298658e+003
      endloop
   endfacet
   facet normal 1.000000e+000 0.000000e+000 0.000000e+000
      outer loop
         vertex 1.088000e+003 8.838834e+000 1.298658e+003
         vertex 1.088000e+003 1.300000e+000 1.297249e+003
         vertex 1.088000e+003 2.251666e+000 1.296297e+003
      endloop
   endfacet
   facet normal 1.000000e+000 0.000000e+000 0.000000e+000
      outer loop
         vertex 1.088000e+003 8.838834e+000 1.298658e+003
         vertex 1.088000e+003 2.251666e+000 1.296297e+003
         vertex 1.088000e+003 2.600000e+000 1.294997e+003
      endloop
   endfacet
   facet normal 1.000000e+000 0.000000e+000 0.000000e+000
      outer loop
         vertex 1.088000e+003 8.838834e+000 1.289890e+003
         vertex 1.088000e+003 2.251666e+000 1.293697e+003
         vertex 1.088000e+003 5.624542e+000 1.289003e+003
      endloop
   endfacet
   facet normal 1.000000e+000 0.000000e+000 0.000000e+000
      outer loop
         vertex 1.088000e+003 5.624542e+000 1.289003e+003
         vertex 1.088000e+003 2.251666e+000 1.293697e+003
         vertex 1.088000e+003 1.300000e+000 1.292745e+003
      endloop
   endfacet
   facet normal 1.000000e+000 0.000000e+000 0.000000e+000
      outer loop
         vertex 1.088000e+003 5.624542e+000 1.289003e+003
         vertex 1.088000e+003 1.300000e+000 1.292745e+003
         vertex 1.088000e+003 -7.901647e-008 1.288497e+003
      endloop
   endfacet
   facet normal 1.000000e+000 0.000000e+000 0.000000e+000
      outer loop
         vertex 1.088000e+003 -7.901647e-008 1.288497e+003
         vertex 1.088000e+003 1.300000e+000 1.292745e+003
         vertex 1.088000e+003 -7.673840e-008 1.292397e+003
      endloop
   endfacet
   facet normal 1.000000e+000 0.000000e+000 0.000000e+000
      outer loop
         vertex 1.088000e+003 -7.901647e-008 1.288497e+003
         vertex 1.088000e+003 -7.673840e-008 1.292397e+003
         vertex 1.088000e+003 -5.624543e+000 1.289003e+003
      endloop
   endfacet
   facet normal 1.000000e+000 0.000000e+000 0.000000e+000
      outer loop
         vertex 1.088000e+003 -5.624543e+000 1.289003e+003
         vertex 1.088000e+003 -7.673840e-008 1.292397e+003
         vertex 1.088000e+003 -1.300000e+000 1.292745e+003
      endloop
   endfacet
   facet normal 1.000000e+000 0.000000e+000 0.000000e+000
      outer loop
         vertex 1.088000e+003 -5.624543e+000 1.289003e+003
         vertex 1.088000e+003 -1.300000e+000 1.292745e+003
         vertex 1.088000e+003 -8.838835e+000 1.289890e+003
      endloop
   endfacet
   facet normal 1.000000e+000 0.000000e+000 0.000000e+000
      outer loop
         vertex 1.088000e+003 -1.300000e+000 1.292745e+003
         vertex 1.088000e+003 -2.251666e+000 1.293697e+003
         vertex 1.088000e+003 -8.838835e+000 1.289890e+003
      endloop
   endfacet
   facet normal 1.000000e+000 0.000000e+000 0.000000e+000
      outer loop
         vertex 1.088000e+003 -8.838835e+000 1.289890e+003
         vertex 1.088000e+003 -2.251666e+000 1.293697e+003
         vertex 1.088000e+003 -8.838835e+000 1.298658e+003
      endloop
   endfacet
   facet normal 1.000000e+000 0.000000e+000 0.000000e+000
      outer loop
         vertex 1.088000e+003 -8.838835e+000 1.289890e+003
         vertex 1.088000e+003 -8.838835e+000 1.298658e+003
         vertex 1.088000e+003 -1.106831e+001 1.290505e+003
      endloop
   endfacet
   facet normal 1.000000e+000 0.000000e+000 0.000000e+000
      outer loop
         vertex 1.088000e+003 -1.106831e+001 1.290505e+003
         vertex 1.088000e+003 -8.838835e+000 1.298658e+003
         vertex 1.088000e+003 -1.615633e+001 1.292956e+003
      endloop
   endfacet
   facet normal 1.000000e+000 0.000000e+000 0.000000e+000
      outer loop
         vertex 1.088000e+003 -2.462769e+001 1.300357e+003
         vertex 1.088000e+003 -2.300337e+001 1.298658e+003
         vertex 1.088000e+003 -2.133883e+001 1.298658e+003
      endloop
   endfacet
   facet normal 1.000000e+000 0.000000e+000 0.000000e+000
      outer loop
         vertex 1.088000e+003 -2.133883e+001 1.298658e+003
         vertex 1.088000e+003 -2.300337e+001 1.298658e+003
         vertex 1.088000e+003 -2.133883e+001 1.296917e+003
      endloop
   endfacet
   facet normal 1.000000e+000 0.000000e+000 0.000000e+000
      outer loop
         vertex 1.088000e+003 -2.133883e+001 1.298658e+003
         vertex 1.088000e+003 -2.133883e+001 1.296917e+003
         vertex 1.088000e+003 -8.838835e+000 1.298658e+003
      endloop
   endfacet
   facet normal 1.000000e+000 0.000000e+000 0.000000e+000
      outer loop
         vertex 1.088000e+003 -8.838835e+000 1.298658e+003
         vertex 1.088000e+003 -2.133883e+001 1.296917e+003
         vertex 1.088000e+003 -2.072507e+001 1.296275e+003
      endloop
   endfacet
   facet normal 1.000000e+000 0.000000e+000 0.000000e+000
      outer loop
         vertex 1.088000e+003 -8.838835e+000 1.298658e+003
         vertex 1.088000e+003 -2.072507e+001 1.296275e+003
         vertex 1.088000e+003 -1.615633e+001 1.292956e+003
      endloop
   endfacet
   facet normal 1.000000e+000 0.000000e+000 0.000000e+000
      outer loop
         vertex 1.088000e+003 -2.773876e+001 1.305070e+003
         vertex 1.088000e+003 -2.133883e+001 1.311158e+003
         vertex 1.088000e+003 -2.955000e+001 1.309308e+003
      endloop
   endfacet
   facet normal 1.000000e+000 0.000000e+000 0.000000e+000
      outer loop
         vertex 1.088000e+003 -2.955000e+001 1.309308e+003
         vertex 1.088000e+003 -2.133883e+001 1.311158e+003
         vertex 1.088000e+003 -2.955000e+001 1.311158e+003
      endloop
   endfacet
   facet normal 1.000000e+000 0.000000e+000 0.000000e+000
      outer loop
         vertex 1.088000e+003 -2.955000e+001 1.309308e+003
         vertex 1.088000e+003 -2.955000e+001 1.311158e+003
         vertex 1.088000e+003 -2.995828e+001 1.310263e+003
      endloop
   endfacet
   facet normal 1.000000e+000 0.000000e+000 0.000000e+000
      outer loop
         vertex 1.088000e+003 -3.071023e+001 1.327006e+003
         vertex 1.088000e+003 -3.146828e+001 1.321410e+003
         vertex 1.088000e+003 -2.955000e+001 1.311158e+003
      endloop
   endfacet
   facet normal 1.000000e+000 0.000000e+000 0.000000e+000
      outer loop
         vertex 1.088000e+003 -3.146828e+001 1.321410e+003
         vertex 1.088000e+003 -3.121492e+001 1.315768e+003
         vertex 1.088000e+003 -2.955000e+001 1.311158e+003
      endloop
   endfacet
   facet normal 1.000000e+000 0.000000e+000 0.000000e+000
      outer loop
         vertex 1.088000e+003 -2.955000e+001 1.311158e+003
         vertex 1.088000e+003 -3.121492e+001 1.315768e+003
         vertex 1.088000e+003 -3.016261e+001 1.311158e+003
      endloop
   endfacet
   facet normal 1.000000e+000 0.000000e+000 0.000000e+000
      outer loop
         vertex 1.088000e+003 -2.955000e+001 1.311158e+003
         vertex 1.088000e+003 -3.016261e+001 1.311158e+003
         vertex 1.088000e+003 -2.995828e+001 1.310263e+003
      endloop
   endfacet
   facet normal 1.000000e+000 0.000000e+000 0.000000e+000
      outer loop
         vertex 1.088000e+003 -2.311066e+001 1.341336e+003
         vertex 1.088000e+003 -2.628906e+001 1.337350e+003
         vertex 1.088000e+003 -2.133883e+001 1.328836e+003
      endloop
   endfacet
   facet normal 1.000000e+000 0.000000e+000 0.000000e+000
      outer loop
         vertex 1.088000e+003 -2.628906e+001 1.337350e+003
         vertex 1.088000e+003 -2.896512e+001 1.332377e+003
         vertex 1.088000e+003 -2.133883e+001 1.328836e+003
      endloop
   endfacet
   facet normal 1.000000e+000 0.000000e+000 0.000000e+000
      outer loop
         vertex 1.088000e+003 -2.133883e+001 1.328836e+003
         vertex 1.088000e+003 -2.896512e+001 1.332377e+003
         vertex 1.088000e+003 -2.955000e+001 1.330577e+003
      endloop
   endfacet
   facet normal 1.000000e+000 0.000000e+000 0.000000e+000
      outer loop
         vertex 1.088000e+003 -2.133883e+001 1.328836e+003
         vertex 1.088000e+003 -2.955000e+001 1.330577e+003
         vertex 1.088000e+003 -2.955000e+001 1.328836e+003
      endloop
   endfacet
   facet normal 1.000000e+000 0.000000e+000 0.000000e+000
      outer loop
         vertex 1.088000e+003 -2.955000e+001 1.328836e+003
         vertex 1.088000e+003 -2.955000e+001 1.330577e+003
         vertex 1.088000e+003 -3.011581e+001 1.328836e+003
      endloop
   endfacet
   facet normal 1.000000e+000 0.000000e+000 0.000000e+000
      outer loop
         vertex 1.088000e+003 -1.055127e+001 1.349547e+003
         vertex 1.088000e+003 -1.366734e+001 1.348377e+003
         vertex 1.088000e+003 -8.838835e+000 1.341336e+003
      endloop
   endfacet
   facet normal 1.000000e+000 0.000000e+000 0.000000e+000
      outer loop
         vertex 1.088000e+003 -8.838835e+000 1.341336e+003
         vertex 1.088000e+003 -1.366734e+001 1.348377e+003
         vertex 1.088000e+003 -1.851523e+001 1.345481e+003
      endloop
   endfacet
   facet normal 1.000000e+000 0.000000e+000 0.000000e+000
      outer loop
         vertex 1.088000e+003 -8.838835e+000 1.341336e+003
         vertex 1.088000e+003 -1.851523e+001 1.345481e+003
         vertex 1.088000e+003 -2.133883e+001 1.341336e+003
      endloop
   endfacet
   facet normal 1.000000e+000 0.000000e+000 0.000000e+000
      outer loop
         vertex 1.088000e+003 -2.133883e+001 1.341336e+003
         vertex 1.088000e+003 -1.851523e+001 1.345481e+003
         vertex 1.088000e+003 -2.133883e+001 1.343014e+003
      endloop
   endfacet
   facet normal 1.000000e+000 0.000000e+000 0.000000e+000
      outer loop
         vertex 1.088000e+003 -2.133883e+001 1.341336e+003
         vertex 1.088000e+003 -2.133883e+001 1.343014e+003
         vertex 1.088000e+003 -2.276804e+001 1.341765e+003
      endloop
   endfacet
   facet normal 1.000000e+000 0.000000e+000 0.000000e+000
      outer loop
         vertex 1.088000e+003 -2.823638e+000 1.351370e+003
         vertex 1.088000e+003 -8.380160e+000 1.350362e+003
         vertex 1.088000e+003 -8.838835e+000 1.349547e+003
      endloop
   endfacet
   facet normal 1.000000e+000 0.000000e+000 0.000000e+000
      outer loop
         vertex 1.088000e+003 -8.838835e+000 1.349547e+003
         vertex 1.088000e+003 -8.380160e+000 1.350362e+003
         vertex 1.088000e+003 -8.838835e+000 1.350190e+003
      endloop
   endfacet
   facet normal 1.000000e+000 0.000000e+000 0.000000e+000
      outer loop
         vertex 1.088000e+003 -8.838835e+000 1.349547e+003
         vertex 1.088000e+003 -8.838835e+000 1.350190e+003
         vertex 1.088000e+003 -1.055127e+001 1.349547e+003
      endloop
   endfacet
   facet normal 1.000000e+000 0.000000e+000 0.000000e+000
      outer loop
         vertex 1.088000e+003 1.055127e+001 1.349547e+003
         vertex 1.088000e+003 8.838834e+000 1.350190e+003
         vertex 1.088000e+003 8.838834e+000 1.349547e+003
      endloop
   endfacet
   facet normal 1.000000e+000 0.000000e+000 0.000000e+000
      outer loop
         vertex 1.088000e+003 8.838834e+000 1.349547e+003
         vertex 1.088000e+003 8.838834e+000 1.350190e+003
         vertex 1.088000e+003 8.380160e+000 1.350362e+003
      endloop
   endfacet
   facet normal 1.000000e+000 0.000000e+000 0.000000e+000
      outer loop
         vertex 1.088000e+003 8.838834e+000 1.349547e+003
         vertex 1.088000e+003 8.380160e+000 1.350362e+003
         vertex 1.088000e+003 -8.838835e+000 1.349547e+003
      endloop
   endfacet
   facet normal 1.000000e+000 0.000000e+000 0.000000e+000
      outer loop
         vertex 1.088000e+003 -8.838835e+000 1.349547e+003
         vertex 1.088000e+003 8.380160e+000 1.350362e+003
         vertex 1.088000e+003 2.823638e+000 1.351370e+003
      endloop
   endfacet
   facet normal 1.000000e+000 0.000000e+000 0.000000e+000
      outer loop
         vertex 1.088000e+003 -8.838835e+000 1.349547e+003
         vertex 1.088000e+003 2.823638e+000 1.351370e+003
         vertex 1.088000e+003 -2.823638e+000 1.351370e+003
      endloop
   endfacet
   facet normal 1.000000e+000 0.000000e+000 0.000000e+000
      outer loop
         vertex 1.088000e+003 2.133883e+001 1.341336e+003
         vertex 1.088000e+003 2.133883e+001 1.343014e+003
         vertex 1.088000e+003 8.838834e+000 1.341336e+003
      endloop
   endfacet
   facet normal 1.000000e+000 0.000000e+000 0.000000e+000
      outer loop
         vertex 1.088000e+003 8.838834e+000 1.341336e+003
         vertex 1.088000e+003 2.133883e+001 1.343014e+003
         vertex 1.088000e+003 1.851523e+001 1.345481e+003
      endloop
   endfacet
   facet normal 1.000000e+000 0.000000e+000 0.000000e+000
      outer loop
         vertex 1.088000e+003 8.838834e+000 1.341336e+003
         vertex 1.088000e+003 1.851523e+001 1.345481e+003
         vertex 1.088000e+003 1.366734e+001 1.348377e+003
      endloop
   endfacet
   facet normal 1.000000e+000 0.000000e+000 0.000000e+000
      outer loop
         vertex 1.088000e+003 3.011581e+001 1.328836e+003
         vertex 1.088000e+003 2.896512e+001 1.332377e+003
         vertex 1.088000e+003 2.133883e+001 1.328836e+003
      endloop
   endfacet
   facet normal 1.000000e+000 0.000000e+000 0.000000e+000
      outer loop
         vertex 1.088000e+003 2.133883e+001 1.328836e+003
         vertex 1.088000e+003 2.896512e+001 1.332377e+003
         vertex 1.088000e+003 2.628906e+001 1.337350e+003
      endloop
   endfacet
   facet normal 1.000000e+000 0.000000e+000 0.000000e+000
      outer loop
         vertex 1.088000e+003 2.133883e+001 1.328836e+003
         vertex 1.088000e+003 2.628906e+001 1.337350e+003
         vertex 1.088000e+003 2.133883e+001 1.341336e+003
      endloop
   endfacet
   facet normal 1.000000e+000 0.000000e+000 0.000000e+000
      outer loop
         vertex 1.088000e+003 2.133883e+001 1.341336e+003
         vertex 1.088000e+003 2.628906e+001 1.337350e+003
         vertex 1.088000e+003 2.311066e+001 1.341336e+003
      endloop
   endfacet
   facet normal 1.000000e+000 0.000000e+000 0.000000e+000
      outer loop
         vertex 1.088000e+003 2.133883e+001 1.341336e+003
         vertex 1.088000e+003 2.311066e+001 1.341336e+003
         vertex 1.088000e+003 2.276804e+001 1.341765e+003
      endloop
   endfacet
   facet normal 1.000000e+000 0.000000e+000 0.000000e+000
      outer loop
         vertex 1.088000e+003 2.630000e+001 1.317745e+003
         vertex 1.088000e+003 2.500000e+001 1.317397e+003
         vertex 1.088000e+003 2.133883e+001 1.311158e+003
      endloop
   endfacet
   facet normal 1.000000e+000 0.000000e+000 0.000000e+000
      outer loop
         vertex 1.088000e+003 2.133883e+001 1.311158e+003
         vertex 1.088000e+003 2.500000e+001 1.317397e+003
         vertex 1.088000e+003 2.370000e+001 1.317745e+003
      endloop
   endfacet
   facet normal 1.000000e+000 0.000000e+000 0.000000e+000
      outer loop
         vertex 1.088000e+003 2.370000e+001 1.317745e+003
         vertex 1.088000e+003 2.274833e+001 1.318697e+003
         vertex 1.088000e+003 2.133883e+001 1.311158e+003
      endloop
   endfacet
   facet normal 1.000000e+000 0.000000e+000 0.000000e+000
      outer loop
         vertex 1.088000e+003 2.133883e+001 1.311158e+003
         vertex 1.088000e+003 2.274833e+001 1.318697e+003
         vertex 1.088000e+003 2.240000e+001 1.319997e+003
      endloop
   endfacet
   facet normal 1.000000e+000 0.000000e+000 0.000000e+000
      outer loop
         vertex 1.088000e+003 2.133883e+001 1.311158e+003
         vertex 1.088000e+003 2.240000e+001 1.319997e+003
         vertex 1.088000e+003 2.133883e+001 1.328836e+003
      endloop
   endfacet
   facet normal 1.000000e+000 0.000000e+000 0.000000e+000
      outer loop
         vertex 1.088000e+003 2.133883e+001 1.328836e+003
         vertex 1.088000e+003 2.240000e+001 1.319997e+003
         vertex 1.088000e+003 2.274833e+001 1.321297e+003
      endloop
   endfacet
   facet normal 1.000000e+000 0.000000e+000 0.000000e+000
      outer loop
         vertex 1.088000e+003 2.630000e+001 1.322249e+003
         vertex 1.088000e+003 2.725167e+001 1.321297e+003
         vertex 1.088000e+003 3.146828e+001 1.321410e+003
      endloop
   endfacet
   facet normal 1.000000e+000 0.000000e+000 0.000000e+000
      outer loop
         vertex 1.088000e+003 3.146828e+001 1.321410e+003
         vertex 1.088000e+003 2.725167e+001 1.321297e+003
         vertex 1.088000e+003 2.760000e+001 1.319997e+003
      endloop
   endfacet
   facet normal 1.000000e+000 0.000000e+000 0.000000e+000
      outer loop
         vertex 1.088000e+003 3.146828e+001 1.321410e+003
         vertex 1.088000e+003 2.760000e+001 1.319997e+003
         vertex 1.088000e+003 3.121492e+001 1.315768e+003
      endloop
   endfacet
   facet normal 1.000000e+000 0.000000e+000 0.000000e+000
      outer loop
         vertex 1.088000e+003 3.121492e+001 1.315768e+003
         vertex 1.088000e+003 2.760000e+001 1.319997e+003
         vertex 1.088000e+003 2.725167e+001 1.318697e+003
      endloop
   endfacet
   facet normal 1.000000e+000 0.000000e+000 0.000000e+000
      outer loop
         vertex 1.088000e+003 3.121492e+001 1.315768e+003
         vertex 1.088000e+003 2.725167e+001 1.318697e+003
         vertex 1.088000e+003 3.016261e+001 1.311158e+003
      endloop
   endfacet
   facet normal 1.000000e+000 0.000000e+000 0.000000e+000
      outer loop
         vertex 1.088000e+003 2.274833e+001 1.321297e+003
         vertex 1.088000e+003 2.370000e+001 1.322249e+003
         vertex 1.088000e+003 2.133883e+001 1.328836e+003
      endloop
   endfacet
   facet normal 1.000000e+000 0.000000e+000 0.000000e+000
      outer loop
         vertex 1.088000e+003 2.133883e+001 1.328836e+003
         vertex 1.088000e+003 2.370000e+001 1.322249e+003
         vertex 1.088000e+003 2.500000e+001 1.322597e+003
      endloop
   endfacet
   facet normal 1.000000e+000 0.000000e+000 0.000000e+000
      outer loop
         vertex 1.088000e+003 2.133883e+001 1.328836e+003
         vertex 1.088000e+003 2.500000e+001 1.322597e+003
         vertex 1.088000e+003 3.011581e+001 1.328836e+003
      endloop
   endfacet
   facet normal 1.000000e+000 0.000000e+000 0.000000e+000
      outer loop
         vertex 1.088000e+003 3.011581e+001 1.328836e+003
         vertex 1.088000e+003 2.500000e+001 1.322597e+003
         vertex 1.088000e+003 2.630000e+001 1.322249e+003
      endloop
   endfacet
   facet normal 1.000000e+000 0.000000e+000 0.000000e+000
      outer loop
         vertex 1.088000e+003 3.011581e+001 1.328836e+003
         vertex 1.088000e+003 2.630000e+001 1.322249e+003
         vertex 1.088000e+003 3.071023e+001 1.327006e+003
      endloop
   endfacet
   facet normal 1.000000e+000 0.000000e+000 0.000000e+000
      outer loop
         vertex 1.088000e+003 3.071023e+001 1.327006e+003
         vertex 1.088000e+003 2.630000e+001 1.322249e+003
         vertex 1.088000e+003 3.146828e+001 1.321410e+003
      endloop
   endfacet
   facet normal 1.000000e+000 0.000000e+000 0.000000e+000
      outer loop
         vertex 1.088000e+003 2.725167e+001 1.318697e+003
         vertex 1.088000e+003 2.630000e+001 1.317745e+003
         vertex 1.088000e+003 3.016261e+001 1.311158e+003
      endloop
   endfacet
   facet normal 1.000000e+000 0.000000e+000 0.000000e+000
      outer loop
         vertex 1.088000e+003 3.016261e+001 1.311158e+003
         vertex 1.088000e+003 2.630000e+001 1.317745e+003
         vertex 1.088000e+003 2.133883e+001 1.311158e+003
      endloop
   endfacet
   facet normal 1.000000e+000 0.000000e+000 0.000000e+000
      outer loop
         vertex 1.088000e+003 3.016261e+001 1.311158e+003
         vertex 1.088000e+003 2.133883e+001 1.311158e+003
         vertex 1.088000e+003 2.995828e+001 1.310263e+003
      endloop
   endfacet
   facet normal 1.000000e+000 0.000000e+000 0.000000e+000
      outer loop
         vertex 1.088000e+003 2.995828e+001 1.310263e+003
         vertex 1.088000e+003 2.133883e+001 1.311158e+003
         vertex 1.088000e+003 2.773876e+001 1.305070e+003
      endloop
   endfacet
   facet normal 1.000000e+000 0.000000e+000 0.000000e+000
      outer loop
         vertex 1.088000e+003 2.133883e+001 1.298658e+003
         vertex 1.088000e+003 2.300337e+001 1.298658e+003
         vertex 1.088000e+003 2.133883e+001 1.311158e+003
      endloop
   endfacet
   facet normal 1.000000e+000 0.000000e+000 0.000000e+000
      outer loop
         vertex 1.088000e+003 2.133883e+001 1.311158e+003
         vertex 1.088000e+003 2.300337e+001 1.298658e+003
         vertex 1.088000e+003 2.462769e+001 1.300357e+003
      endloop
   endfacet
   facet normal 1.000000e+000 0.000000e+000 0.000000e+000
      outer loop
         vertex 1.088000e+003 2.133883e+001 1.311158e+003
         vertex 1.088000e+003 2.462769e+001 1.300357e+003
         vertex 1.088000e+003 2.773876e+001 1.305070e+003
      endloop
   endfacet
   facet normal 1.000000e+000 0.000000e+000 0.000000e+000
      outer loop
         vertex 1.088000e+003 1.106831e+001 1.290505e+003
         vertex 1.088000e+003 8.838834e+000 1.298658e+003
         vertex 1.088000e+003 8.838834e+000 1.289890e+003
      endloop
   endfacet
   facet normal 1.000000e+000 0.000000e+000 0.000000e+000
      outer loop
         vertex 1.088000e+003 8.838834e+000 1.289890e+003
         vertex 1.088000e+003 8.838834e+000 1.298658e+003
         vertex 1.088000e+003 2.600000e+000 1.294997e+003
      endloop
   endfacet
   facet normal 1.000000e+000 0.000000e+000 0.000000e+000
      outer loop
         vertex 1.088000e+003 8.838834e+000 1.289890e+003
         vertex 1.088000e+003 2.600000e+000 1.294997e+003
         vertex 1.088000e+003 2.251666e+000 1.293697e+003
      endloop
   endfacet
   facet normal 1.000000e+000 0.000000e+000 0.000000e+000
      outer loop
         vertex 1.088000e+003 1.106831e+001 1.290505e+003
         vertex 1.088000e+003 1.615633e+001 1.292956e+003
         vertex 1.088000e+003 8.838834e+000 1.298658e+003
      endloop
   endfacet
   facet normal 1.000000e+000 0.000000e+000 0.000000e+000
      outer loop
         vertex 1.088000e+003 8.838834e+000 1.298658e+003
         vertex 1.088000e+003 1.615633e+001 1.292956e+003
         vertex 1.088000e+003 2.072507e+001 1.296275e+003
      endloop
   endfacet
   facet normal 1.000000e+000 0.000000e+000 0.000000e+000
      outer loop
         vertex 1.088000e+003 8.838834e+000 1.298658e+003
         vertex 1.088000e+003 2.072507e+001 1.296275e+003
         vertex 1.088000e+003 2.133883e+001 1.298658e+003
      endloop
   endfacet
   facet normal 1.000000e+000 0.000000e+000 0.000000e+000
      outer loop
         vertex 1.088000e+003 2.133883e+001 1.298658e+003
         vertex 1.088000e+003 2.072507e+001 1.296275e+003
         vertex 1.088000e+003 2.133883e+001 1.296917e+003
      endloop
   endfacet
   facet normal 1.000000e+000 0.000000e+000 0.000000e+000
      outer loop
         vertex 1.088000e+003 2.133883e+001 1.298658e+003
         vertex 1.088000e+003 2.133883e+001 1.296917e+003
         vertex 1.088000e+003 2.300337e+001 1.298658e+003
      endloop
   endfacet
   facet normal 1.000000e+000 0.000000e+000 0.000000e+000
      outer loop
         vertex 1.088000e+003 1.637767e+001 1.300068e+003
         vertex 1.088000e+003 1.542600e+001 1.301019e+003
         vertex 1.088000e+003 8.838834e+000 1.298658e+003
      endloop
   endfacet
   facet normal 1.000000e+000 0.000000e+000 0.000000e+000
      outer loop
         vertex 1.088000e+003 1.637767e+001 1.300068e+003
         vertex 1.088000e+003 8.838834e+000 1.298658e+003
         vertex 1.088000e+003 1.767767e+001 1.299719e+003
      endloop
   endfacet
   facet normal 1.000000e+000 0.000000e+000 0.000000e+000
      outer loop
         vertex 1.088000e+003 1.767767e+001 1.299719e+003
         vertex 1.088000e+003 8.838834e+000 1.298658e+003
         vertex 1.088000e+003 2.133883e+001 1.298658e+003
      endloop
   endfacet
   facet normal 1.000000e+000 0.000000e+000 0.000000e+000
      outer loop
         vertex 1.088000e+003 1.767767e+001 1.299719e+003
         vertex 1.088000e+003 2.133883e+001 1.298658e+003
         vertex 1.088000e+003 1.897767e+001 1.300068e+003
      endloop
   endfacet
   facet normal 1.000000e+000 0.000000e+000 0.000000e+000
      outer loop
         vertex 1.088000e+003 1.507767e+001 1.302319e+003
         vertex 1.088000e+003 1.542600e+001 1.303619e+003
         vertex 1.088000e+003 8.838834e+000 1.311158e+003
      endloop
   endfacet
   facet normal 1.000000e+000 0.000000e+000 0.000000e+000
      outer loop
         vertex 1.088000e+003 8.838834e+000 1.311158e+003
         vertex 1.088000e+003 1.542600e+001 1.303619e+003
         vertex 1.088000e+003 1.637767e+001 1.304571e+003
      endloop
   endfacet
   facet normal 1.000000e+000 0.000000e+000 0.000000e+000
      outer loop
         vertex 1.088000e+003 1.767767e+001 1.304919e+003
         vertex 1.088000e+003 1.897767e+001 1.304571e+003
         vertex 1.088000e+003 2.133883e+001 1.311158e+003
      endloop
   endfacet
   facet normal 1.000000e+000 0.000000e+000 0.000000e+000
      outer loop
         vertex 1.088000e+003 1.897767e+001 1.304571e+003
         vertex 1.088000e+003 1.992934e+001 1.303619e+003
         vertex 1.088000e+003 2.133883e+001 1.311158e+003
      endloop
   endfacet
   facet normal 1.000000e+000 0.000000e+000 0.000000e+000
      outer loop
         vertex 1.088000e+003 2.133883e+001 1.311158e+003
         vertex 1.088000e+003 1.992934e+001 1.303619e+003
         vertex 1.088000e+003 2.027767e+001 1.302319e+003
      endloop
   endfacet
   facet normal 1.000000e+000 0.000000e+000 0.000000e+000
      outer loop
         vertex 1.088000e+003 2.133883e+001 1.311158e+003
         vertex 1.088000e+003 2.027767e+001 1.302319e+003
         vertex 1.088000e+003 2.133883e+001 1.298658e+003
      endloop
   endfacet
   facet normal 1.000000e+000 0.000000e+000 0.000000e+000
      outer loop
         vertex 1.088000e+003 2.133883e+001 1.298658e+003
         vertex 1.088000e+003 2.027767e+001 1.302319e+003
         vertex 1.088000e+003 1.992934e+001 1.301019e+003
      endloop
   endfacet
   facet normal 1.000000e+000 0.000000e+000 0.000000e+000
      outer loop
         vertex 1.088000e+003 2.133883e+001 1.298658e+003
         vertex 1.088000e+003 1.992934e+001 1.301019e+003
         vertex 1.088000e+003 1.897767e+001 1.300068e+003
      endloop
   endfacet
   facet normal 1.000000e+000 0.000000e+000 0.000000e+000
      outer loop
         vertex 1.088000e+003 1.992934e+001 1.336375e+003
         vertex 1.088000e+003 1.897767e+001 1.335423e+003
         vertex 1.088000e+003 2.133883e+001 1.328836e+003
      endloop
   endfacet
   facet normal 1.000000e+000 0.000000e+000 0.000000e+000
      outer loop
         vertex 1.088000e+003 2.133883e+001 1.328836e+003
         vertex 1.088000e+003 1.897767e+001 1.335423e+003
         vertex 1.088000e+003 1.767767e+001 1.335075e+003
      endloop
   endfacet
   facet normal 1.000000e+000 0.000000e+000 0.000000e+000
      outer loop
         vertex 1.088000e+003 2.133883e+001 1.328836e+003
         vertex 1.088000e+003 1.767767e+001 1.335075e+003
         vertex 1.088000e+003 8.838834e+000 1.328836e+003
      endloop
   endfacet
   facet normal 1.000000e+000 0.000000e+000 0.000000e+000
      outer loop
         vertex 1.088000e+003 1.767767e+001 1.335075e+003
         vertex 1.088000e+003 1.637767e+001 1.335423e+003
         vertex 1.088000e+003 8.838834e+000 1.328836e+003
      endloop
   endfacet
   facet normal 1.000000e+000 0.000000e+000 0.000000e+000
      outer loop
         vertex 1.088000e+003 8.838834e+000 1.328836e+003
         vertex 1.088000e+003 1.637767e+001 1.335423e+003
         vertex 1.088000e+003 1.542600e+001 1.336375e+003
      endloop
   endfacet
   facet normal 1.000000e+000 0.000000e+000 0.000000e+000
      outer loop
         vertex 1.088000e+003 8.838834e+000 1.328836e+003
         vertex 1.088000e+003 1.542600e+001 1.336375e+003
         vertex 1.088000e+003 8.838834e+000 1.341336e+003
      endloop
   endfacet
   facet normal 1.000000e+000 0.000000e+000 0.000000e+000
      outer loop
         vertex 1.088000e+003 8.838834e+000 1.341336e+003
         vertex 1.088000e+003 1.542600e+001 1.336375e+003
         vertex 1.088000e+003 1.507767e+001 1.337674e+003
      endloop
   endfacet
   facet normal 1.000000e+000 0.000000e+000 0.000000e+000
      outer loop
         vertex 1.088000e+003 8.838834e+000 1.341336e+003
         vertex 1.088000e+003 1.507767e+001 1.337674e+003
         vertex 1.088000e+003 1.542600e+001 1.338974e+003
      endloop
   endfacet
   facet normal 1.000000e+000 0.000000e+000 0.000000e+000
      outer loop
         vertex 1.088000e+003 1.992934e+001 1.336375e+003
         vertex 1.088000e+003 2.133883e+001 1.328836e+003
         vertex 1.088000e+003 2.027767e+001 1.337674e+003
      endloop
   endfacet
   facet normal 1.000000e+000 0.000000e+000 0.000000e+000
      outer loop
         vertex 1.088000e+003 2.027767e+001 1.337674e+003
         vertex 1.088000e+003 2.133883e+001 1.328836e+003
         vertex 1.088000e+003 2.133883e+001 1.341336e+003
      endloop
   endfacet
   facet normal 1.000000e+000 0.000000e+000 0.000000e+000
      outer loop
         vertex 1.088000e+003 2.027767e+001 1.337674e+003
         vertex 1.088000e+003 2.133883e+001 1.341336e+003
         vertex 1.088000e+003 1.992934e+001 1.338974e+003
      endloop
   endfacet
   facet normal 1.000000e+000 0.000000e+000 0.000000e+000
      outer loop
         vertex 1.088000e+003 1.542600e+001 1.338974e+003
         vertex 1.088000e+003 1.637767e+001 1.339926e+003
         vertex 1.088000e+003 8.838834e+000 1.341336e+003
      endloop
   endfacet
   facet normal 1.000000e+000 0.000000e+000 0.000000e+000
      outer loop
         vertex 1.088000e+003 8.838834e+000 1.341336e+003
         vertex 1.088000e+003 1.637767e+001 1.339926e+003
         vertex 1.088000e+003 1.767767e+001 1.340275e+003
      endloop
   endfacet
   facet normal 1.000000e+000 0.000000e+000 0.000000e+000
      outer loop
         vertex 1.088000e+003 8.838834e+000 1.341336e+003
         vertex 1.088000e+003 1.767767e+001 1.340275e+003
         vertex 1.088000e+003 2.133883e+001 1.341336e+003
      endloop
   endfacet
   facet normal 1.000000e+000 0.000000e+000 0.000000e+000
      outer loop
         vertex 1.088000e+003 2.133883e+001 1.341336e+003
         vertex 1.088000e+003 1.767767e+001 1.340275e+003
         vertex 1.088000e+003 1.897767e+001 1.339926e+003
      endloop
   endfacet
   facet normal 1.000000e+000 0.000000e+000 0.000000e+000
      outer loop
         vertex 1.088000e+003 2.133883e+001 1.341336e+003
         vertex 1.088000e+003 1.897767e+001 1.339926e+003
         vertex 1.088000e+003 1.992934e+001 1.338974e+003
      endloop
   endfacet
   facet normal 1.000000e+000 0.000000e+000 0.000000e+000
      outer loop
         vertex 1.088000e+003 -1.300000e+000 1.297249e+003
         vertex 1.088000e+003 -7.673840e-008 1.297597e+003
         vertex 1.088000e+003 -8.838835e+000 1.298658e+003
      endloop
   endfacet
   facet normal 1.000000e+000 0.000000e+000 0.000000e+000
      outer loop
         vertex 1.088000e+003 -8.838835e+000 1.298658e+003
         vertex 1.088000e+003 -7.673840e-008 1.297597e+003
         vertex 1.088000e+003 8.838834e+000 1.298658e+003
      endloop
   endfacet
   facet normal 1.000000e+000 0.000000e+000 0.000000e+000
      outer loop
         vertex 1.088000e+003 -8.838835e+000 1.298658e+003
         vertex 1.088000e+003 8.838834e+000 1.298658e+003
         vertex 1.088000e+003 -8.838835e+000 1.311158e+003
      endloop
   endfacet
   facet normal 1.000000e+000 0.000000e+000 0.000000e+000
      outer loop
         vertex 1.088000e+003 -8.838835e+000 1.341336e+003
         vertex 1.088000e+003 -2.251666e+000 1.343697e+003
         vertex 1.088000e+003 -2.600000e+000 1.344997e+003
      endloop
   endfacet
   facet normal 1.000000e+000 0.000000e+000 0.000000e+000
      outer loop
         vertex 1.088000e+003 -1.055127e+001 1.349547e+003
         vertex 1.088000e+003 -8.838835e+000 1.341336e+003
         vertex 1.088000e+003 -8.838835e+000 1.349547e+003
      endloop
   endfacet
   facet normal 1.000000e+000 0.000000e+000 0.000000e+000
      outer loop
         vertex 1.088000e+003 -8.838835e+000 1.349547e+003
         vertex 1.088000e+003 -8.838835e+000 1.341336e+003
         vertex 1.088000e+003 -2.600000e+000 1.344997e+003
      endloop
   endfacet
   facet normal 1.000000e+000 0.000000e+000 0.000000e+000
      outer loop
         vertex 1.088000e+003 -8.838835e+000 1.349547e+003
         vertex 1.088000e+003 -2.600000e+000 1.344997e+003
         vertex 1.088000e+003 -2.251666e+000 1.346297e+003
      endloop
   endfacet
   facet normal 1.000000e+000 0.000000e+000 0.000000e+000
      outer loop
         vertex 1.088000e+003 2.600000e+000 1.344997e+003
         vertex 1.088000e+003 2.251666e+000 1.343697e+003
         vertex 1.088000e+003 8.838834e+000 1.341336e+003
      endloop
   endfacet
   facet normal 1.000000e+000 0.000000e+000 0.000000e+000
      outer loop
         vertex 1.088000e+003 1.366734e+001 1.348377e+003
         vertex 1.088000e+003 8.838834e+000 1.349547e+003
         vertex 1.088000e+003 8.838834e+000 1.341336e+003
      endloop
   endfacet
   facet normal 1.000000e+000 0.000000e+000 0.000000e+000
      outer loop
         vertex 1.088000e+003 8.838834e+000 1.341336e+003
         vertex 1.088000e+003 8.838834e+000 1.349547e+003
         vertex 1.088000e+003 2.251666e+000 1.346297e+003
      endloop
   endfacet
   facet normal 1.000000e+000 0.000000e+000 0.000000e+000
      outer loop
         vertex 1.088000e+003 8.838834e+000 1.341336e+003
         vertex 1.088000e+003 2.251666e+000 1.346297e+003
         vertex 1.088000e+003 2.600000e+000 1.344997e+003
      endloop
   endfacet
   facet normal 1.000000e+000 0.000000e+000 0.000000e+000
      outer loop
         vertex 1.088000e+003 2.251666e+000 1.343697e+003
         vertex 1.088000e+003 1.300000e+000 1.342745e+003
         vertex 1.088000e+003 8.838834e+000 1.341336e+003
      endloop
   endfacet
   facet normal 1.000000e+000 0.000000e+000 0.000000e+000
      outer loop
         vertex 1.088000e+003 8.838834e+000 1.341336e+003
         vertex 1.088000e+003 1.300000e+000 1.342745e+003
         vertex 1.088000e+003 -8.129430e-008 1.342397e+003
      endloop
   endfacet
   facet normal 1.000000e+000 0.000000e+000 0.000000e+000
      outer loop
         vertex 1.088000e+003 8.838834e+000 1.341336e+003
         vertex 1.088000e+003 -8.129430e-008 1.342397e+003
         vertex 1.088000e+003 -8.838835e+000 1.341336e+003
      endloop
   endfacet
   facet normal 1.000000e+000 0.000000e+000 0.000000e+000
      outer loop
         vertex 1.088000e+003 -8.838835e+000 1.341336e+003
         vertex 1.088000e+003 -8.129430e-008 1.342397e+003
         vertex 1.088000e+003 -1.300000e+000 1.342745e+003
      endloop
   endfacet
   facet normal 1.000000e+000 0.000000e+000 0.000000e+000
      outer loop
         vertex 1.088000e+003 -8.838835e+000 1.341336e+003
         vertex 1.088000e+003 -1.300000e+000 1.342745e+003
         vertex 1.088000e+003 -2.251666e+000 1.343697e+003
      endloop
   endfacet
   facet normal 1.000000e+000 0.000000e+000 0.000000e+000
      outer loop
         vertex 1.088000e+003 -2.251666e+000 1.346297e+003
         vertex 1.088000e+003 -1.300000e+000 1.347249e+003
         vertex 1.088000e+003 -8.838835e+000 1.349547e+003
      endloop
   endfacet
   facet normal 1.000000e+000 0.000000e+000 0.000000e+000
      outer loop
         vertex 1.088000e+003 -8.838835e+000 1.349547e+003
         vertex 1.088000e+003 -1.300000e+000 1.347249e+003
         vertex 1.088000e+003 -8.129430e-008 1.347597e+003
      endloop
   endfacet
   facet normal 1.000000e+000 0.000000e+000 0.000000e+000
      outer loop
         vertex 1.088000e+003 -8.838835e+000 1.349547e+003
         vertex 1.088000e+003 -8.129430e-008 1.347597e+003
         vertex 1.088000e+003 8.838834e+000 1.349547e+003
      endloop
   endfacet
   facet normal 1.000000e+000 0.000000e+000 0.000000e+000
      outer loop
         vertex 1.088000e+003 8.838834e+000 1.349547e+003
         vertex 1.088000e+003 -8.129430e-008 1.347597e+003
         vertex 1.088000e+003 1.300000e+000 1.347249e+003
      endloop
   endfacet
   facet normal 1.000000e+000 0.000000e+000 0.000000e+000
      outer loop
         vertex 1.088000e+003 8.838834e+000 1.349547e+003
         vertex 1.088000e+003 1.300000e+000 1.347249e+003
         vertex 1.088000e+003 2.251666e+000 1.346297e+003
      endloop
   endfacet
   facet normal 1.000000e+000 0.000000e+000 0.000000e+000
      outer loop
         vertex 1.088000e+003 -1.637767e+001 1.304571e+003
         vertex 1.088000e+003 -1.542600e+001 1.303619e+003
         vertex 1.088000e+003 -8.838835e+000 1.311158e+003
      endloop
   endfacet
   facet normal 1.000000e+000 0.000000e+000 0.000000e+000
      outer loop
         vertex 1.088000e+003 -8.838835e+000 1.311158e+003
         vertex 1.088000e+003 -1.542600e+001 1.303619e+003
         vertex 1.088000e+003 -8.838835e+000 1.298658e+003
      endloop
   endfacet
   facet normal 1.000000e+000 0.000000e+000 0.000000e+000
      outer loop
         vertex 1.088000e+003 -8.838835e+000 1.298658e+003
         vertex 1.088000e+003 -1.542600e+001 1.303619e+003
         vertex 1.088000e+003 -1.507767e+001 1.302319e+003
      endloop
   endfacet
   facet normal 1.000000e+000 0.000000e+000 0.000000e+000
      outer loop
         vertex 1.088000e+003 -8.838835e+000 1.298658e+003
         vertex 1.088000e+003 -1.507767e+001 1.302319e+003
         vertex 1.088000e+003 -1.542600e+001 1.301019e+003
      endloop
   endfacet
   facet normal 1.000000e+000 0.000000e+000 0.000000e+000
      outer loop
         vertex 1.088000e+003 -1.542600e+001 1.301019e+003
         vertex 1.088000e+003 -1.637767e+001 1.300068e+003
         vertex 1.088000e+003 -8.838835e+000 1.298658e+003
      endloop
   endfacet
   facet normal 1.000000e+000 0.000000e+000 0.000000e+000
      outer loop
         vertex 1.088000e+003 -8.838835e+000 1.298658e+003
         vertex 1.088000e+003 -1.637767e+001 1.300068e+003
         vertex 1.088000e+003 -1.767767e+001 1.299719e+003
      endloop
   endfacet
   facet normal 1.000000e+000 0.000000e+000 0.000000e+000
      outer loop
         vertex 1.088000e+003 -8.838835e+000 1.298658e+003
         vertex 1.088000e+003 -1.767767e+001 1.299719e+003
         vertex 1.088000e+003 -2.133883e+001 1.298658e+003
      endloop
   endfacet
   facet normal 1.000000e+000 0.000000e+000 0.000000e+000
      outer loop
         vertex 1.088000e+003 -2.133883e+001 1.298658e+003
         vertex 1.088000e+003 -1.767767e+001 1.299719e+003
         vertex 1.088000e+003 -1.897767e+001 1.300068e+003
      endloop
   endfacet
   facet normal 1.000000e+000 0.000000e+000 0.000000e+000
      outer loop
         vertex 1.088000e+003 -2.133883e+001 1.298658e+003
         vertex 1.088000e+003 -1.897767e+001 1.300068e+003
         vertex 1.088000e+003 -1.992934e+001 1.301019e+003
      endloop
   endfacet
   facet normal 1.000000e+000 0.000000e+000 0.000000e+000
      outer loop
         vertex 1.088000e+003 -1.992934e+001 1.301019e+003
         vertex 1.088000e+003 -2.027767e+001 1.302319e+003
         vertex 1.088000e+003 -2.133883e+001 1.298658e+003
      endloop
   endfacet
   facet normal 1.000000e+000 0.000000e+000 0.000000e+000
      outer loop
         vertex 1.088000e+003 -2.133883e+001 1.298658e+003
         vertex 1.088000e+003 -2.027767e+001 1.302319e+003
         vertex 1.088000e+003 -2.133883e+001 1.311158e+003
      endloop
   endfacet
   facet normal 1.000000e+000 0.000000e+000 0.000000e+000
      outer loop
         vertex 1.088000e+003 -2.133883e+001 1.298658e+003
         vertex 1.088000e+003 -2.133883e+001 1.311158e+003
         vertex 1.088000e+003 -2.462769e+001 1.300357e+003
      endloop
   endfacet
   facet normal 1.000000e+000 0.000000e+000 0.000000e+000
      outer loop
         vertex 1.088000e+003 -2.462769e+001 1.300357e+003
         vertex 1.088000e+003 -2.133883e+001 1.311158e+003
         vertex 1.088000e+003 -2.773876e+001 1.305070e+003
      endloop
   endfacet
   facet normal 1.000000e+000 0.000000e+000 0.000000e+000
      outer loop
         vertex 1.088000e+003 -2.027767e+001 1.302319e+003
         vertex 1.088000e+003 -1.992934e+001 1.303619e+003
         vertex 1.088000e+003 -2.133883e+001 1.311158e+003
      endloop
   endfacet
   facet normal 1.000000e+000 0.000000e+000 0.000000e+000
      outer loop
         vertex 1.088000e+003 -2.133883e+001 1.311158e+003
         vertex 1.088000e+003 -1.992934e+001 1.303619e+003
         vertex 1.088000e+003 -1.897767e+001 1.304571e+003
      endloop
   endfacet
   facet normal 1.000000e+000 0.000000e+000 0.000000e+000
      outer loop
         vertex 1.088000e+003 -2.133883e+001 1.311158e+003
         vertex 1.088000e+003 -1.897767e+001 1.304571e+003
         vertex 1.088000e+003 -1.767767e+001 1.304919e+003
      endloop
   endfacet
   facet normal 1.000000e+000 0.000000e+000 0.000000e+000
      outer loop
         vertex 1.088000e+003 -1.992934e+001 1.336375e+003
         vertex 1.088000e+003 -2.133883e+001 1.328836e+003
         vertex 1.088000e+003 -1.897767e+001 1.335423e+003
      endloop
   endfacet
   facet normal 1.000000e+000 0.000000e+000 0.000000e+000
      outer loop
         vertex 1.088000e+003 -1.897767e+001 1.335423e+003
         vertex 1.088000e+003 -2.133883e+001 1.328836e+003
         vertex 1.088000e+003 -1.767767e+001 1.335075e+003
      endloop
   endfacet
   facet normal 1.000000e+000 0.000000e+000 0.000000e+000
      outer loop
         vertex 1.088000e+003 -2.027767e+001 1.337674e+003
         vertex 1.088000e+003 -1.992934e+001 1.338974e+003
         vertex 1.088000e+003 -2.133883e+001 1.341336e+003
      endloop
   endfacet
   facet normal 1.000000e+000 0.000000e+000 0.000000e+000
      outer loop
         vertex 1.088000e+003 -1.507767e+001 1.337674e+003
         vertex 1.088000e+003 -1.542600e+001 1.336375e+003
         vertex 1.088000e+003 -8.838835e+000 1.328836e+003
      endloop
   endfacet
   facet normal 1.000000e+000 0.000000e+000 0.000000e+000
      outer loop
         vertex 1.088000e+003 -8.838835e+000 1.328836e+003
         vertex 1.088000e+003 -1.542600e+001 1.336375e+003
         vertex 1.088000e+003 -1.637767e+001 1.335423e+003
      endloop
   endfacet
   facet normal 1.000000e+000 0.000000e+000 0.000000e+000
      outer loop
         vertex 1.088000e+003 -1.542600e+001 1.338974e+003
         vertex 1.088000e+003 -1.507767e+001 1.337674e+003
         vertex 1.088000e+003 -8.838835e+000 1.341336e+003
      endloop
   endfacet
   facet normal 1.000000e+000 0.000000e+000 0.000000e+000
      outer loop
         vertex 1.088000e+003 -8.838835e+000 1.341336e+003
         vertex 1.088000e+003 -1.507767e+001 1.337674e+003
         vertex 1.088000e+003 -8.838835e+000 1.328836e+003
      endloop
   endfacet
   facet normal 1.000000e+000 0.000000e+000 0.000000e+000
      outer loop
         vertex 1.088000e+003 -8.838835e+000 1.341336e+003
         vertex 1.088000e+003 -8.838835e+000 1.328836e+003
         vertex 1.088000e+003 8.838834e+000 1.328836e+003
      endloop
   endfacet
   facet normal 1.000000e+000 0.000000e+000 0.000000e+000
      outer loop
         vertex 1.088000e+003 8.838834e+000 1.328836e+003
         vertex 1.088000e+003 -8.838835e+000 1.328836e+003
         vertex 1.088000e+003 8.838834e+000 1.311158e+003
      endloop
   endfacet
   facet normal 1.000000e+000 0.000000e+000 0.000000e+000
      outer loop
         vertex 1.088000e+003 8.838834e+000 1.328836e+003
         vertex 1.088000e+003 8.838834e+000 1.311158e+003
         vertex 1.088000e+003 2.133883e+001 1.311158e+003
      endloop
   endfacet
   facet normal 1.000000e+000 0.000000e+000 0.000000e+000
      outer loop
         vertex 1.088000e+003 2.133883e+001 1.311158e+003
         vertex 1.088000e+003 8.838834e+000 1.311158e+003
         vertex 1.088000e+003 1.637767e+001 1.304571e+003
      endloop
   endfacet
   facet normal 1.000000e+000 0.000000e+000 0.000000e+000
      outer loop
         vertex 1.088000e+003 2.133883e+001 1.311158e+003
         vertex 1.088000e+003 1.637767e+001 1.304571e+003
         vertex 1.088000e+003 1.767767e+001 1.304919e+003
      endloop
   endfacet
   facet normal 1.000000e+000 0.000000e+000 0.000000e+000
      outer loop
         vertex 1.088000e+003 1.542600e+001 1.301019e+003
         vertex 1.088000e+003 1.507767e+001 1.302319e+003
         vertex 1.088000e+003 8.838834e+000 1.298658e+003
      endloop
   endfacet
   facet normal 1.000000e+000 0.000000e+000 0.000000e+000
      outer loop
         vertex 1.088000e+003 8.838834e+000 1.298658e+003
         vertex 1.088000e+003 1.507767e+001 1.302319e+003
         vertex 1.088000e+003 8.838834e+000 1.311158e+003
      endloop
   endfacet
   facet normal 1.000000e+000 0.000000e+000 0.000000e+000
      outer loop
         vertex 1.088000e+003 8.838834e+000 1.298658e+003
         vertex 1.088000e+003 8.838834e+000 1.311158e+003
         vertex 1.088000e+003 -8.838835e+000 1.311158e+003
      endloop
   endfacet
   facet normal 1.000000e+000 0.000000e+000 0.000000e+000
      outer loop
         vertex 1.088000e+003 -8.838835e+000 1.311158e+003
         vertex 1.088000e+003 8.838834e+000 1.311158e+003
         vertex 1.088000e+003 -8.838835e+000 1.328836e+003
      endloop
   endfacet
   facet normal 1.000000e+000 0.000000e+000 0.000000e+000
      outer loop
         vertex 1.088000e+003 -8.838835e+000 1.311158e+003
         vertex 1.088000e+003 -8.838835e+000 1.328836e+003
         vertex 1.088000e+003 -2.133883e+001 1.328836e+003
      endloop
   endfacet
   facet normal 1.000000e+000 0.000000e+000 0.000000e+000
      outer loop
         vertex 1.088000e+003 -2.133883e+001 1.328836e+003
         vertex 1.088000e+003 -8.838835e+000 1.328836e+003
         vertex 1.088000e+003 -1.637767e+001 1.335423e+003
      endloop
   endfacet
   facet normal 1.000000e+000 0.000000e+000 0.000000e+000
      outer loop
         vertex 1.088000e+003 -2.133883e+001 1.328836e+003
         vertex 1.088000e+003 -1.637767e+001 1.335423e+003
         vertex 1.088000e+003 -1.767767e+001 1.335075e+003
      endloop
   endfacet
   facet normal 1.000000e+000 0.000000e+000 0.000000e+000
      outer loop
         vertex 1.088000e+003 -2.276804e+001 1.341765e+003
         vertex 1.088000e+003 -2.311066e+001 1.341336e+003
         vertex 1.088000e+003 -2.133883e+001 1.341336e+003
      endloop
   endfacet
   facet normal 1.000000e+000 0.000000e+000 0.000000e+000
      outer loop
         vertex 1.088000e+003 -2.133883e+001 1.341336e+003
         vertex 1.088000e+003 -2.311066e+001 1.341336e+003
         vertex 1.088000e+003 -2.133883e+001 1.328836e+003
      endloop
   endfacet
   facet normal 1.000000e+000 0.000000e+000 0.000000e+000
      outer loop
         vertex 1.088000e+003 -2.133883e+001 1.341336e+003
         vertex 1.088000e+003 -2.133883e+001 1.328836e+003
         vertex 1.088000e+003 -2.027767e+001 1.337674e+003
      endloop
   endfacet
   facet normal 1.000000e+000 0.000000e+000 0.000000e+000
      outer loop
         vertex 1.088000e+003 -2.027767e+001 1.337674e+003
         vertex 1.088000e+003 -2.133883e+001 1.328836e+003
         vertex 1.088000e+003 -1.992934e+001 1.336375e+003
      endloop
   endfacet
   facet normal 1.000000e+000 0.000000e+000 0.000000e+000
      outer loop
         vertex 1.088000e+003 -1.992934e+001 1.338974e+003
         vertex 1.088000e+003 -1.897767e+001 1.339926e+003
         vertex 1.088000e+003 -2.133883e+001 1.341336e+003
      endloop
   endfacet
   facet normal 1.000000e+000 0.000000e+000 0.000000e+000
      outer loop
         vertex 1.088000e+003 -2.133883e+001 1.341336e+003
         vertex 1.088000e+003 -1.897767e+001 1.339926e+003
         vertex 1.088000e+003 -1.767767e+001 1.340275e+003
      endloop
   endfacet
   facet normal 1.000000e+000 0.000000e+000 0.000000e+000
      outer loop
         vertex 1.088000e+003 -2.133883e+001 1.341336e+003
         vertex 1.088000e+003 -1.767767e+001 1.340275e+003
         vertex 1.088000e+003 -8.838835e+000 1.341336e+003
      endloop
   endfacet
   facet normal 1.000000e+000 0.000000e+000 0.000000e+000
      outer loop
         vertex 1.088000e+003 -8.838835e+000 1.341336e+003
         vertex 1.088000e+003 -1.767767e+001 1.340275e+003
         vertex 1.088000e+003 -1.637767e+001 1.339926e+003
      endloop
   endfacet
   facet normal 1.000000e+000 0.000000e+000 0.000000e+000
      outer loop
         vertex 1.088000e+003 -8.838835e+000 1.341336e+003
         vertex 1.088000e+003 -1.637767e+001 1.339926e+003
         vertex 1.088000e+003 -1.542600e+001 1.338974e+003
      endloop
   endfacet
   facet normal 1.000000e+000 0.000000e+000 0.000000e+000
      outer loop
         vertex 1.088000e+003 -2.370000e+001 1.322249e+003
         vertex 1.088000e+003 -2.274833e+001 1.321297e+003
         vertex 1.088000e+003 -2.133883e+001 1.328836e+003
      endloop
   endfacet
   facet normal 1.000000e+000 0.000000e+000 0.000000e+000
      outer loop
         vertex 1.088000e+003 -2.240000e+001 1.319997e+003
         vertex 1.088000e+003 -2.274833e+001 1.318697e+003
         vertex 1.088000e+003 -2.133883e+001 1.311158e+003
      endloop
   endfacet
   facet normal 1.000000e+000 0.000000e+000 0.000000e+000
      outer loop
         vertex 1.088000e+003 -2.274833e+001 1.318697e+003
         vertex 1.088000e+003 -2.370000e+001 1.317745e+003
         vertex 1.088000e+003 -2.133883e+001 1.311158e+003
      endloop
   endfacet
   facet normal 1.000000e+000 0.000000e+000 0.000000e+000
      outer loop
         vertex 1.088000e+003 -2.133883e+001 1.311158e+003
         vertex 1.088000e+003 -2.370000e+001 1.317745e+003
         vertex 1.088000e+003 -2.500000e+001 1.317397e+003
      endloop
   endfacet
   facet normal 1.000000e+000 0.000000e+000 0.000000e+000
      outer loop
         vertex 1.088000e+003 -2.133883e+001 1.311158e+003
         vertex 1.088000e+003 -2.500000e+001 1.317397e+003
         vertex 1.088000e+003 -2.955000e+001 1.311158e+003
      endloop
   endfacet
   facet normal 1.000000e+000 0.000000e+000 0.000000e+000
      outer loop
         vertex 1.088000e+003 -2.955000e+001 1.311158e+003
         vertex 1.088000e+003 -2.500000e+001 1.317397e+003
         vertex 1.088000e+003 -2.630000e+001 1.317745e+003
      endloop
   endfacet
   facet normal 1.000000e+000 0.000000e+000 0.000000e+000
      outer loop
         vertex 1.088000e+003 -2.955000e+001 1.311158e+003
         vertex 1.088000e+003 -2.630000e+001 1.317745e+003
         vertex 1.088000e+003 -2.725167e+001 1.318697e+003
      endloop
   endfacet
   facet normal 1.000000e+000 0.000000e+000 0.000000e+000
      outer loop
         vertex 1.088000e+003 -2.274833e+001 1.321297e+003
         vertex 1.088000e+003 -2.240000e+001 1.319997e+003
         vertex 1.088000e+003 -2.133883e+001 1.328836e+003
      endloop
   endfacet
   facet normal 1.000000e+000 0.000000e+000 0.000000e+000
      outer loop
         vertex 1.088000e+003 -2.133883e+001 1.328836e+003
         vertex 1.088000e+003 -2.240000e+001 1.319997e+003
         vertex 1.088000e+003 -2.133883e+001 1.311158e+003
      endloop
   endfacet
   facet normal 1.000000e+000 0.000000e+000 0.000000e+000
      outer loop
         vertex 1.088000e+003 -2.133883e+001 1.328836e+003
         vertex 1.088000e+003 -2.133883e+001 1.311158e+003
         vertex 1.088000e+003 -8.838835e+000 1.311158e+003
      endloop
   endfacet
   facet normal 1.000000e+000 0.000000e+000 0.000000e+000
      outer loop
         vertex 1.088000e+003 -8.838835e+000 1.311158e+003
         vertex 1.088000e+003 -2.133883e+001 1.311158e+003
         vertex 1.088000e+003 -1.767767e+001 1.304919e+003
      endloop
   endfacet
   facet normal 1.000000e+000 0.000000e+000 0.000000e+000
      outer loop
         vertex 1.088000e+003 -8.838835e+000 1.311158e+003
         vertex 1.088000e+003 -1.767767e+001 1.304919e+003
         vertex 1.088000e+003 -1.637767e+001 1.304571e+003
      endloop
   endfacet
   facet normal 1.000000e+000 0.000000e+000 0.000000e+000
      outer loop
         vertex 1.088000e+003 -2.725167e+001 1.318697e+003
         vertex 1.088000e+003 -2.760000e+001 1.319997e+003
         vertex 1.088000e+003 -2.955000e+001 1.311158e+003
      endloop
   endfacet
   facet normal 1.000000e+000 0.000000e+000 0.000000e+000
      outer loop
         vertex 1.088000e+003 -2.955000e+001 1.311158e+003
         vertex 1.088000e+003 -2.760000e+001 1.319997e+003
         vertex 1.088000e+003 -2.955000e+001 1.328836e+003
      endloop
   endfacet
   facet normal 1.000000e+000 0.000000e+000 0.000000e+000
      outer loop
         vertex 1.088000e+003 -2.955000e+001 1.311158e+003
         vertex 1.088000e+003 -2.955000e+001 1.328836e+003
         vertex 1.088000e+003 -3.071023e+001 1.327006e+003
      endloop
   endfacet
   facet normal 1.000000e+000 0.000000e+000 0.000000e+000
      outer loop
         vertex 1.088000e+003 -3.071023e+001 1.327006e+003
         vertex 1.088000e+003 -2.955000e+001 1.328836e+003
         vertex 1.088000e+003 -3.011581e+001 1.328836e+003
      endloop
   endfacet
   facet normal 1.000000e+000 0.000000e+000 0.000000e+000
      outer loop
         vertex 1.088000e+003 -2.760000e+001 1.319997e+003
         vertex 1.088000e+003 -2.725167e+001 1.321297e+003
         vertex 1.088000e+003 -2.955000e+001 1.328836e+003
      endloop
   endfacet
   facet normal 1.000000e+000 0.000000e+000 0.000000e+000
      outer loop
         vertex 1.088000e+003 -2.955000e+001 1.328836e+003
         vertex 1.088000e+003 -2.725167e+001 1.321297e+003
         vertex 1.088000e+003 -2.630000e+001 1.322249e+003
      endloop
   endfacet
   facet normal 1.000000e+000 0.000000e+000 0.000000e+000
      outer loop
         vertex 1.088000e+003 -2.955000e+001 1.328836e+003
         vertex 1.088000e+003 -2.630000e+001 1.322249e+003
         vertex 1.088000e+003 -2.133883e+001 1.328836e+003
      endloop
   endfacet
   facet normal 1.000000e+000 0.000000e+000 0.000000e+000
      outer loop
         vertex 1.088000e+003 -2.133883e+001 1.328836e+003
         vertex 1.088000e+003 -2.630000e+001 1.322249e+003
         vertex 1.088000e+003 -2.500000e+001 1.322597e+003
      endloop
   endfacet
   facet normal 1.000000e+000 0.000000e+000 0.000000e+000
      outer loop
         vertex 1.088000e+003 -2.133883e+001 1.328836e+003
         vertex 1.088000e+003 -2.500000e+001 1.322597e+003
         vertex 1.088000e+003 -2.370000e+001 1.322249e+003
      endloop
   endfacet
   facet normal 0.000000e+000 -4.869263e-001 8.734431e-001
      outer loop
         vertex 1.088000e+003 -1.366734e+001 1.348377e+003
         vertex 1.081700e+003 -1.366734e+001 1.348377e+003
         vertex 1.081700e+003 -1.851523e+001 1.345481e+003
      endloop
   endfacet
   facet normal 0.000000e+000 -4.607060e-001 -8.875528e-001
      outer loop
         vertex 1.081700e+003 -1.106831e+001 1.290505e+003
         vertex 1.088000e+003 -1.615633e+001 1.292956e+003
         vertex 1.081700e+003 -1.615633e+001 1.292956e+003
      endloop
   endfacet
   facet normal 0.000000e+000 -5.632609e-001 -8.262791e-001
      outer loop
         vertex 1.081700e+003 -1.615633e+001 1.292956e+003
         vertex 1.088000e+003 -1.615633e+001 1.292956e+003
         vertex 1.088000e+003 -2.072507e+001 1.296275e+003
      endloop
   endfacet
   facet normal 0.000000e+000 -6.117809e-001 -7.910272e-001
      outer loop
         vertex 1.081700e+003 -1.615633e+001 1.292956e+003
         vertex 1.088000e+003 -2.072507e+001 1.296275e+003
         vertex 1.081700e+003 -2.072507e+001 1.296275e+003
      endloop
   endfacet
   facet normal 0.000000e+000 -6.649746e-001 -7.468659e-001
      outer loop
         vertex 1.088000e+003 -2.072507e+001 1.296275e+003
         vertex 1.088000e+003 -2.133883e+001 1.296917e+003
         vertex 1.081700e+003 -2.072507e+001 1.296275e+003
      endloop
   endfacet
   facet normal 0.000000e+000 -6.906589e-001 -7.231807e-001
      outer loop
         vertex 1.081700e+003 -2.072507e+001 1.296275e+003
         vertex 1.088000e+003 -2.133883e+001 1.296917e+003
         vertex 1.088000e+003 -2.300337e+001 1.298658e+003
      endloop
   endfacet
   facet normal 0.000000e+000 -7.262689e-001 -6.874108e-001
      outer loop
         vertex 1.081700e+003 -2.072507e+001 1.296275e+003
         vertex 1.088000e+003 -2.300337e+001 1.298658e+003
         vertex 1.081700e+003 -2.462769e+001 1.300357e+003
      endloop
   endfacet
   facet normal 0.000000e+000 -7.660736e-001 -6.427528e-001
      outer loop
         vertex 1.088000e+003 -2.300337e+001 1.298658e+003
         vertex 1.088000e+003 -2.462769e+001 1.300357e+003
         vertex 1.081700e+003 -2.462769e+001 1.300357e+003
      endloop
   endfacet
   facet normal 0.000000e+000 -8.176782e-001 -5.756756e-001
      outer loop
         vertex 1.081700e+003 -2.462769e+001 1.300357e+003
         vertex 1.088000e+003 -2.462769e+001 1.300357e+003
         vertex 1.088000e+003 -2.773876e+001 1.305070e+003
      endloop
   endfacet
   facet normal 0.000000e+000 -8.507177e-001 -5.256228e-001
      outer loop
         vertex 1.081700e+003 -2.462769e+001 1.300357e+003
         vertex 1.088000e+003 -2.773876e+001 1.305070e+003
         vertex 1.081700e+003 -2.773876e+001 1.305070e+003
      endloop
   endfacet
   facet normal 0.000000e+000 -9.026731e-001 -4.303269e-001
      outer loop
         vertex 1.081700e+003 -2.773876e+001 1.305070e+003
         vertex 1.088000e+003 -2.773876e+001 1.305070e+003
         vertex 1.088000e+003 -2.955000e+001 1.309308e+003
      endloop
   endfacet
   facet normal 0.000000e+000 -9.268257e-001 -3.754919e-001
      outer loop
         vertex 1.081700e+003 -2.773876e+001 1.305070e+003
         vertex 1.088000e+003 -2.955000e+001 1.309308e+003
         vertex 1.081700e+003 -2.995828e+001 1.310263e+003
      endloop
   endfacet
   facet normal 0.000000e+000 -9.476073e-001 -3.194375e-001
      outer loop
         vertex 1.088000e+003 -2.955000e+001 1.309308e+003
         vertex 1.088000e+003 -2.995828e+001 1.310263e+003
         vertex 1.081700e+003 -2.995828e+001 1.310263e+003
      endloop
   endfacet
   facet normal 0.000000e+000 -9.540091e-001 -2.997775e-001
      outer loop
         vertex 1.081700e+003 -2.995828e+001 1.310263e+003
         vertex 1.088000e+003 -2.995828e+001 1.310263e+003
         vertex 1.088000e+003 -3.016261e+001 1.311158e+003
      endloop
   endfacet
   facet normal 0.000000e+000 -9.702171e-001 -2.422371e-001
      outer loop
         vertex 1.081700e+003 -2.995828e+001 1.310263e+003
         vertex 1.088000e+003 -3.016261e+001 1.311158e+003
         vertex 1.081700e+003 -3.121492e+001 1.315768e+003
      endloop
   endfacet
   facet normal 0.000000e+000 -9.829845e-001 -1.836883e-001
      outer loop
         vertex 1.088000e+003 -3.016261e+001 1.311158e+003
         vertex 1.088000e+003 -3.121492e+001 1.315768e+003
         vertex 1.081700e+003 -3.121492e+001 1.315768e+003
      endloop
   endfacet
   facet normal 0.000000e+000 -9.971984e-001 -7.480150e-002
      outer loop
         vertex 1.081700e+003 -3.121492e+001 1.315768e+003
         vertex 1.088000e+003 -3.121492e+001 1.315768e+003
         vertex 1.088000e+003 -3.146828e+001 1.321410e+003
      endloop
   endfacet
   facet normal 0.000000e+000 -9.998891e-001 -1.488780e-002
      outer loop
         vertex 1.081700e+003 -3.121492e+001 1.315768e+003
         vertex 1.088000e+003 -3.146828e+001 1.321410e+003
         vertex 1.081700e+003 -3.146828e+001 1.321410e+003
      endloop
   endfacet
   facet normal 0.000000e+000 -9.945294e-001 1.044572e-001
      outer loop
         vertex 1.081700e+003 -3.146828e+001 1.321410e+003
         vertex 1.088000e+003 -3.146828e+001 1.321410e+003
         vertex 1.088000e+003 -3.071023e+001 1.327006e+003
      endloop
   endfacet
   facet normal 0.000000e+000 -9.864789e-001 1.638886e-001
      outer loop
         vertex 1.081700e+003 -3.146828e+001 1.321410e+003
         vertex 1.088000e+003 -3.071023e+001 1.327006e+003
         vertex 1.081700e+003 -3.071023e+001 1.327006e+003
      endloop
   endfacet
   facet normal 0.000000e+000 -9.701964e-001 2.423198e-001
      outer loop
         vertex 1.088000e+003 -3.071023e+001 1.327006e+003
         vertex 1.088000e+003 -3.011581e+001 1.328836e+003
         vertex 1.081700e+003 -3.071023e+001 1.327006e+003
      endloop
   endfacet
   facet normal 0.000000e+000 -9.597831e-001 2.807425e-001
      outer loop
         vertex 1.081700e+003 -3.071023e+001 1.327006e+003
         vertex 1.088000e+003 -3.011581e+001 1.328836e+003
         vertex 1.088000e+003 -2.955000e+001 1.330577e+003
      endloop
   endfacet
   facet normal 0.000000e+000 -9.479461e-001 3.184308e-001
      outer loop
         vertex 1.081700e+003 -3.071023e+001 1.327006e+003
         vertex 1.088000e+003 -2.955000e+001 1.330577e+003
         vertex 1.081700e+003 -2.896512e+001 1.332377e+003
      endloop
   endfacet
   facet normal 0.000000e+000 -9.272147e-001 3.745301e-001
      outer loop
         vertex 1.088000e+003 -2.955000e+001 1.330577e+003
         vertex 1.088000e+003 -2.896512e+001 1.332377e+003
         vertex 1.081700e+003 -2.896512e+001 1.332377e+003
      endloop
   endfacet
   facet normal 0.000000e+000 -8.944094e-001 4.472491e-001
      outer loop
         vertex 1.081700e+003 -2.896512e+001 1.332377e+003
         vertex 1.088000e+003 -2.896512e+001 1.332377e+003
         vertex 1.088000e+003 -2.628906e+001 1.337350e+003
      endloop
   endfacet
   facet normal 0.000000e+000 -8.659896e-001 5.000620e-001
      outer loop
         vertex 1.081700e+003 -2.896512e+001 1.332377e+003
         vertex 1.088000e+003 -2.628906e+001 1.337350e+003
         vertex 1.081700e+003 -2.628906e+001 1.337350e+003
      endloop
   endfacet
   facet normal 0.000000e+000 -8.036305e-001 5.951285e-001
      outer loop
         vertex 1.081700e+003 -2.628906e+001 1.337350e+003
         vertex 1.088000e+003 -2.628906e+001 1.337350e+003
         vertex 1.088000e+003 -2.311066e+001 1.341336e+003
      endloop
   endfacet
   facet normal 0.000000e+000 -7.665284e-001 6.422104e-001
      outer loop
         vertex 1.081700e+003 -2.628906e+001 1.337350e+003
         vertex 1.088000e+003 -2.311066e+001 1.341336e+003
         vertex 1.081700e+003 -2.276804e+001 1.341765e+003
      endloop
   endfacet
   facet normal 0.000000e+000 -7.267910e-001 6.868587e-001
      outer loop
         vertex 1.088000e+003 -2.311066e+001 1.341336e+003
         vertex 1.088000e+003 -2.276804e+001 1.341765e+003
         vertex 1.081700e+003 -2.276804e+001 1.341765e+003
      endloop
   endfacet
   facet normal 0.000000e+000 -7.087710e-001 7.054386e-001
      outer loop
         vertex 1.081700e+003 -2.276804e+001 1.341765e+003
         vertex 1.088000e+003 -2.276804e+001 1.341765e+003
         vertex 1.088000e+003 -2.133883e+001 1.343014e+003
      endloop
   endfacet
   facet normal 0.000000e+000 -6.653318e-001 7.465478e-001
      outer loop
         vertex 1.081700e+003 -2.276804e+001 1.341765e+003
         vertex 1.088000e+003 -2.133883e+001 1.343014e+003
         vertex 1.081700e+003 -1.851523e+001 1.345481e+003
      endloop
   endfacet
   facet normal 0.000000e+000 -6.194572e-001 7.850304e-001
      outer loop
         vertex 1.081700e+003 -1.851523e+001 1.345481e+003
         vertex 1.088000e+003 -2.133883e+001 1.343014e+003
         vertex 1.088000e+003 -1.851523e+001 1.345481e+003
      endloop
   endfacet
   facet normal 0.000000e+000 -5.384110e-001 8.426824e-001
      outer loop
         vertex 1.081700e+003 -1.851523e+001 1.345481e+003
         vertex 1.088000e+003 -1.851523e+001 1.345481e+003
         vertex 1.088000e+003 -1.366734e+001 1.348377e+003
      endloop
   endfacet
   facet normal 0.000000e+000 -3.792917e-001 9.252771e-001
      outer loop
         vertex 1.081700e+003 -1.366734e+001 1.348377e+003
         vertex 1.088000e+003 -1.366734e+001 1.348377e+003
         vertex 1.081700e+003 -8.380160e+000 1.350362e+003
      endloop
   endfacet
   facet normal 0.000000e+000 -3.463367e-001 9.381103e-001
      outer loop
         vertex 1.081700e+003 -8.380160e+000 1.350362e+003
         vertex 1.088000e+003 -1.366734e+001 1.348377e+003
         vertex 1.088000e+003 -1.055127e+001 1.349547e+003
      endloop
   endfacet
   facet normal 0.000000e+000 -2.945695e-001 9.556301e-001
      outer loop
         vertex 1.081700e+003 -8.380160e+000 1.350362e+003
         vertex 1.088000e+003 -1.055127e+001 1.349547e+003
         vertex 1.088000e+003 -8.838835e+000 1.350190e+003
      endloop
   endfacet
   facet normal 0.000000e+000 -2.710171e-001 9.625745e-001
      outer loop
         vertex 1.088000e+003 -8.838835e+000 1.350190e+003
         vertex 1.088000e+003 -8.380160e+000 1.350362e+003
         vertex 1.081700e+003 -8.380160e+000 1.350362e+003
      endloop
   endfacet
   facet normal 0.000000e+000 -2.079817e-001 9.781327e-001
      outer loop
         vertex 1.081700e+003 -8.380160e+000 1.350362e+003
         vertex 1.088000e+003 -8.380160e+000 1.350362e+003
         vertex 1.088000e+003 -2.823638e+000 1.351370e+003
      endloop
   endfacet
   facet normal 0.000000e+000 -1.489714e-001 9.888415e-001
      outer loop
         vertex 1.081700e+003 -8.380160e+000 1.350362e+003
         vertex 1.088000e+003 -2.823638e+000 1.351370e+003
         vertex 1.081700e+003 -2.823638e+000 1.351370e+003
      endloop
   endfacet
   facet normal 0.000000e+000 -2.998705e-002 9.995503e-001
      outer loop
         vertex 1.081700e+003 -2.823638e+000 1.351370e+003
         vertex 1.088000e+003 -2.823638e+000 1.351370e+003
         vertex 1.088000e+003 2.823638e+000 1.351370e+003
      endloop
   endfacet
   facet normal 0.000000e+000 2.998705e-002 9.995503e-001
      outer loop
         vertex 1.081700e+003 -2.823638e+000 1.351370e+003
         vertex 1.088000e+003 2.823638e+000 1.351370e+003
         vertex 1.081700e+003 2.823638e+000 1.351370e+003
      endloop
   endfacet
   facet normal 0.000000e+000 1.489714e-001 9.888415e-001
      outer loop
         vertex 1.081700e+003 2.823638e+000 1.351370e+003
         vertex 1.088000e+003 2.823638e+000 1.351370e+003
         vertex 1.088000e+003 8.380160e+000 1.350362e+003
      endloop
   endfacet
   facet normal 0.000000e+000 2.079818e-001 9.781327e-001
      outer loop
         vertex 1.081700e+003 2.823638e+000 1.351370e+003
         vertex 1.088000e+003 8.380160e+000 1.350362e+003
         vertex 1.081700e+003 8.380160e+000 1.350362e+003
      endloop
   endfacet
   facet normal 0.000000e+000 2.710171e-001 9.625745e-001
      outer loop
         vertex 1.088000e+003 8.380160e+000 1.350362e+003
         vertex 1.088000e+003 8.838834e+000 1.350190e+003
         vertex 1.081700e+003 8.380160e+000 1.350362e+003
      endloop
   endfacet
   facet normal 0.000000e+000 2.945695e-001 9.556301e-001
      outer loop
         vertex 1.081700e+003 8.380160e+000 1.350362e+003
         vertex 1.088000e+003 8.838834e+000 1.350190e+003
         vertex 1.088000e+003 1.055127e+001 1.349547e+003
      endloop
   endfacet
   facet normal 0.000000e+000 3.463368e-001 9.381103e-001
      outer loop
         vertex 1.081700e+003 8.380160e+000 1.350362e+003
         vertex 1.088000e+003 1.055127e+001 1.349547e+003
         vertex 1.081700e+003 1.366734e+001 1.348377e+003
      endloop
   endfacet
   facet normal 0.000000e+000 4.018463e-001 9.157071e-001
      outer loop
         vertex 1.088000e+003 1.055127e+001 1.349547e+003
         vertex 1.088000e+003 1.366734e+001 1.348377e+003
         vertex 1.081700e+003 1.366734e+001 1.348377e+003
      endloop
   endfacet
   facet normal 0.000000e+000 4.869263e-001 8.734431e-001
      outer loop
         vertex 1.081700e+003 1.366734e+001 1.348377e+003
         vertex 1.088000e+003 1.366734e+001 1.348377e+003
         vertex 1.088000e+003 1.851523e+001 1.345481e+003
      endloop
   endfacet
   facet normal 0.000000e+000 5.384110e-001 8.426824e-001
      outer loop
         vertex 1.081700e+003 1.366734e+001 1.348377e+003
         vertex 1.088000e+003 1.851523e+001 1.345481e+003
         vertex 1.081700e+003 1.851523e+001 1.345481e+003
      endloop
   endfacet
   facet normal 0.000000e+000 6.194572e-001 7.850304e-001
      outer loop
         vertex 1.081700e+003 1.851523e+001 1.345481e+003
         vertex 1.088000e+003 1.851523e+001 1.345481e+003
         vertex 1.088000e+003 2.133883e+001 1.343014e+003
      endloop
   endfacet
   facet normal 0.000000e+000 6.653317e-001 7.465478e-001
      outer loop
         vertex 1.081700e+003 1.851523e+001 1.345481e+003
         vertex 1.088000e+003 2.133883e+001 1.343014e+003
         vertex 1.081700e+003 2.276804e+001 1.341765e+003
      endloop
   endfacet
   facet normal 0.000000e+000 7.087710e-001 7.054386e-001
      outer loop
         vertex 1.088000e+003 2.133883e+001 1.343014e+003
         vertex 1.088000e+003 2.276804e+001 1.341765e+003
         vertex 1.081700e+003 2.276804e+001 1.341765e+003
      endloop
   endfacet
   facet normal 0.000000e+000 7.267910e-001 6.868587e-001
      outer loop
         vertex 1.081700e+003 2.276804e+001 1.341765e+003
         vertex 1.088000e+003 2.276804e+001 1.341765e+003
         vertex 1.088000e+003 2.311066e+001 1.341336e+003
      endloop
   endfacet
   facet normal 0.000000e+000 7.665284e-001 6.422104e-001
      outer loop
         vertex 1.081700e+003 2.276804e+001 1.341765e+003
         vertex 1.088000e+003 2.311066e+001 1.341336e+003
         vertex 1.081700e+003 2.628906e+001 1.337350e+003
      endloop
   endfacet
   facet normal 0.000000e+000 8.036305e-001 5.951285e-001
      outer loop
         vertex 1.088000e+003 2.311066e+001 1.341336e+003
         vertex 1.088000e+003 2.628906e+001 1.337350e+003
         vertex 1.081700e+003 2.628906e+001 1.337350e+003
      endloop
   endfacet
   facet normal 0.000000e+000 8.659896e-001 5.000620e-001
      outer loop
         vertex 1.081700e+003 2.628906e+001 1.337350e+003
         vertex 1.088000e+003 2.628906e+001 1.337350e+003
         vertex 1.088000e+003 2.896512e+001 1.332377e+003
      endloop
   endfacet
   facet normal 0.000000e+000 8.944094e-001 4.472491e-001
      outer loop
         vertex 1.081700e+003 2.628906e+001 1.337350e+003
         vertex 1.088000e+003 2.896512e+001 1.332377e+003
         vertex 1.081700e+003 2.896512e+001 1.332377e+003
      endloop
   endfacet
   facet normal 0.000000e+000 9.343166e-001 3.564442e-001
      outer loop
         vertex 1.081700e+003 2.896512e+001 1.332377e+003
         vertex 1.088000e+003 2.896512e+001 1.332377e+003
         vertex 1.088000e+003 3.011581e+001 1.328836e+003
      endloop
   endfacet
   facet normal 0.000000e+000 9.539750e-001 2.998863e-001
      outer loop
         vertex 1.081700e+003 2.896512e+001 1.332377e+003
         vertex 1.088000e+003 3.011581e+001 1.328836e+003
         vertex 1.081700e+003 3.071023e+001 1.327006e+003
      endloop
   endfacet
   facet normal 0.000000e+000 9.701964e-001 2.423198e-001
      outer loop
         vertex 1.088000e+003 3.011581e+001 1.328836e+003
         vertex 1.088000e+003 3.071023e+001 1.327006e+003
         vertex 1.081700e+003 3.071023e+001 1.327006e+003
      endloop
   endfacet
   facet normal 0.000000e+000 9.864789e-001 1.638886e-001
      outer loop
         vertex 1.081700e+003 3.071023e+001 1.327006e+003
         vertex 1.088000e+003 3.071023e+001 1.327006e+003
         vertex 1.088000e+003 3.146828e+001 1.321410e+003
      endloop
   endfacet
   facet normal 0.000000e+000 9.945294e-001 1.044572e-001
      outer loop
         vertex 1.081700e+003 3.071023e+001 1.327006e+003
         vertex 1.088000e+003 3.146828e+001 1.321410e+003
         vertex 1.081700e+003 3.146828e+001 1.321410e+003
      endloop
   endfacet
   facet normal 0.000000e+000 9.998891e-001 -1.488780e-002
      outer loop
         vertex 1.081700e+003 3.146828e+001 1.321410e+003
         vertex 1.088000e+003 3.146828e+001 1.321410e+003
         vertex 1.088000e+003 3.121492e+001 1.315768e+003
      endloop
   endfacet
   facet normal 0.000000e+000 9.971984e-001 -7.480150e-002
      outer loop
         vertex 1.081700e+003 3.146828e+001 1.321410e+003
         vertex 1.088000e+003 3.121492e+001 1.315768e+003
         vertex 1.081700e+003 3.121492e+001 1.315768e+003
      endloop
   endfacet
   facet normal 0.000000e+000 9.829845e-001 -1.836883e-001
      outer loop
         vertex 1.081700e+003 3.121492e+001 1.315768e+003
         vertex 1.088000e+003 3.121492e+001 1.315768e+003
         vertex 1.088000e+003 3.016261e+001 1.311158e+003
      endloop
   endfacet
   facet normal 0.000000e+000 9.702171e-001 -2.422371e-001
      outer loop
         vertex 1.081700e+003 3.121492e+001 1.315768e+003
         vertex 1.088000e+003 3.016261e+001 1.311158e+003
         vertex 1.081700e+003 2.995828e+001 1.310263e+003
      endloop
   endfacet
   facet normal 0.000000e+000 9.540091e-001 -2.997775e-001
      outer loop
         vertex 1.088000e+003 3.016261e+001 1.311158e+003
         vertex 1.088000e+003 2.995828e+001 1.310263e+003
         vertex 1.081700e+003 2.995828e+001 1.310263e+003
      endloop
   endfacet
   facet normal 0.000000e+000 9.308999e-001 -3.652743e-001
      outer loop
         vertex 1.081700e+003 2.995828e+001 1.310263e+003
         vertex 1.088000e+003 2.995828e+001 1.310263e+003
         vertex 1.088000e+003 2.773876e+001 1.305070e+003
      endloop
   endfacet
   facet normal 0.000000e+000 9.073286e-001 -4.204222e-001
      outer loop
         vertex 1.081700e+003 2.995828e+001 1.310263e+003
         vertex 1.088000e+003 2.773876e+001 1.305070e+003
         vertex 1.081700e+003 2.773876e+001 1.305070e+003
      endloop
   endfacet
   facet normal 0.000000e+000 8.507177e-001 -5.256228e-001
      outer loop
         vertex 1.081700e+003 2.773876e+001 1.305070e+003
         vertex 1.088000e+003 2.773876e+001 1.305070e+003
         vertex 1.088000e+003 2.462769e+001 1.300357e+003
      endloop
   endfacet
   facet normal 0.000000e+000 8.176782e-001 -5.756756e-001
      outer loop
         vertex 1.081700e+003 2.773876e+001 1.305070e+003
         vertex 1.088000e+003 2.462769e+001 1.300357e+003
         vertex 1.081700e+003 2.462769e+001 1.300357e+003
      endloop
   endfacet
   facet normal 0.000000e+000 7.660736e-001 -6.427528e-001
      outer loop
         vertex 1.088000e+003 2.462769e+001 1.300357e+003
         vertex 1.088000e+003 2.300337e+001 1.298658e+003
         vertex 1.081700e+003 2.462769e+001 1.300357e+003
      endloop
   endfacet
   facet normal 0.000000e+000 7.326772e-001 -6.805763e-001
      outer loop
         vertex 1.081700e+003 2.462769e+001 1.300357e+003
         vertex 1.088000e+003 2.300337e+001 1.298658e+003
         vertex 1.088000e+003 2.133883e+001 1.296917e+003
      endloop
   endfacet
   facet normal 0.000000e+000 7.084132e-001 -7.057979e-001
      outer loop
         vertex 1.081700e+003 2.462769e+001 1.300357e+003
         vertex 1.088000e+003 2.133883e+001 1.296917e+003
         vertex 1.081700e+003 2.072507e+001 1.296275e+003
      endloop
   endfacet
   facet normal 0.000000e+000 6.649746e-001 -7.468659e-001
      outer loop
         vertex 1.088000e+003 2.133883e+001 1.296917e+003
         vertex 1.088000e+003 2.072507e+001 1.296275e+003
         vertex 1.081700e+003 2.072507e+001 1.296275e+003
      endloop
   endfacet
   facet normal 0.000000e+000 6.117809e-001 -7.910272e-001
      outer loop
         vertex 1.081700e+003 2.072507e+001 1.296275e+003
         vertex 1.088000e+003 2.072507e+001 1.296275e+003
         vertex 1.088000e+003 1.615633e+001 1.292956e+003
      endloop
   endfacet
   facet normal 0.000000e+000 5.632609e-001 -8.262791e-001
      outer loop
         vertex 1.081700e+003 2.072507e+001 1.296275e+003
         vertex 1.088000e+003 1.615633e+001 1.292956e+003
         vertex 1.081700e+003 1.615633e+001 1.292956e+003
      endloop
   endfacet
   facet normal 0.000000e+000 4.607060e-001 -8.875528e-001
      outer loop
         vertex 1.081700e+003 1.615633e+001 1.292956e+003
         vertex 1.088000e+003 1.615633e+001 1.292956e+003
         vertex 1.088000e+003 1.106831e+001 1.290505e+003
      endloop
   endfacet
   facet normal 0.000000e+000 4.066712e-001 -9.135746e-001
      outer loop
         vertex 1.081700e+003 1.615633e+001 1.292956e+003
         vertex 1.088000e+003 1.106831e+001 1.290505e+003
         vertex 1.081700e+003 1.106831e+001 1.290505e+003
      endloop
   endfacet
   facet normal 0.000000e+000 3.283451e-001 -9.445578e-001
      outer loop
         vertex 1.081700e+003 1.106831e+001 1.290505e+003
         vertex 1.088000e+003 1.106831e+001 1.290505e+003
         vertex 1.088000e+003 8.838834e+000 1.289890e+003
      endloop
   endfacet
   facet normal 0.000000e+000 2.712782e-001 -9.625010e-001
      outer loop
         vertex 1.081700e+003 1.106831e+001 1.290505e+003
         vertex 1.088000e+003 8.838834e+000 1.289890e+003
         vertex 1.081700e+003 5.624542e+000 1.289003e+003
      endloop
   endfacet
   facet normal 0.000000e+000 2.132025e-001 -9.770080e-001
      outer loop
         vertex 1.088000e+003 8.838834e+000 1.289890e+003
         vertex 1.088000e+003 5.624542e+000 1.289003e+003
         vertex 1.081700e+003 5.624542e+000 1.289003e+003
      endloop
   endfacet
   facet normal 0.000000e+000 1.194653e-001 -9.928383e-001
      outer loop
         vertex 1.081700e+003 5.624542e+000 1.289003e+003
         vertex 1.088000e+003 5.624542e+000 1.289003e+003
         vertex 1.088000e+003 -7.901646e-008 1.288497e+003
      endloop
   endfacet
   facet normal 0.000000e+000 5.973266e-002 -9.982144e-001
      outer loop
         vertex 1.081700e+003 5.624542e+000 1.289003e+003
         vertex 1.088000e+003 -7.901646e-008 1.288497e+003
         vertex 1.081700e+003 -7.901646e-008 1.288497e+003
      endloop
   endfacet
   facet normal 0.000000e+000 -5.973266e-002 -9.982144e-001
      outer loop
         vertex 1.081700e+003 -7.901646e-008 1.288497e+003
         vertex 1.088000e+003 -7.901646e-008 1.288497e+003
         vertex 1.088000e+003 -5.624543e+000 1.289003e+003
      endloop
   endfacet
   facet normal 0.000000e+000 -1.194653e-001 -9.928383e-001
      outer loop
         vertex 1.081700e+003 -7.901646e-008 1.288497e+003
         vertex 1.088000e+003 -5.624543e+000 1.289003e+003
         vertex 1.081700e+003 -5.624543e+000 1.289003e+003
      endloop
   endfacet
   facet normal 0.000000e+000 -2.132025e-001 -9.770080e-001
      outer loop
         vertex 1.081700e+003 -5.624543e+000 1.289003e+003
         vertex 1.088000e+003 -5.624543e+000 1.289003e+003
         vertex 1.088000e+003 -8.838835e+000 1.289890e+003
      endloop
   endfacet
   facet normal 0.000000e+000 -2.712782e-001 -9.625010e-001
      outer loop
         vertex 1.081700e+003 -5.624543e+000 1.289003e+003
         vertex 1.088000e+003 -8.838835e+000 1.289890e+003
         vertex 1.081700e+003 -1.106831e+001 1.290505e+003
      endloop
   endfacet
   facet normal 0.000000e+000 -3.283451e-001 -9.445578e-001
      outer loop
         vertex 1.081700e+003 -1.106831e+001 1.290505e+003
         vertex 1.088000e+003 -8.838835e+000 1.289890e+003
         vertex 1.088000e+003 -1.106831e+001 1.290505e+003
      endloop
   endfacet
   facet normal 0.000000e+000 -4.066712e-001 -9.135746e-001
      outer loop
         vertex 1.081700e+003 -1.106831e+001 1.290505e+003
         vertex 1.088000e+003 -1.106831e+001 1.290505e+003
         vertex 1.088000e+003 -1.615633e+001 1.292956e+003
      endloop
   endfacet
   facet normal 1.000000e+000 0.000000e+000 0.000000e+000
      outer loop
         vertex 1.081700e+003 2.072507e+001 1.296275e+003
         vertex 1.081700e+003 1.615633e+001 1.292956e+003
         vertex 1.081700e+003 1.812420e+001 1.285464e+003
      endloop
   endfacet
   facet normal 1.000000e+000 0.000000e+000 0.000000e+000
      outer loop
         vertex 1.081700e+003 1.812420e+001 1.285464e+003
         vertex 1.081700e+003 1.615633e+001 1.292956e+003
         vertex 1.081700e+003 1.235005e+001 1.283004e+003
      endloop
   endfacet
   facet normal 1.000000e+000 0.000000e+000 0.000000e+000
      outer loop
         vertex 1.081700e+003 1.235005e+001 1.283004e+003
         vertex 1.081700e+003 1.615633e+001 1.292956e+003
         vertex 1.081700e+003 1.106831e+001 1.290505e+003
      endloop
   endfacet
   facet normal 1.000000e+000 0.000000e+000 0.000000e+000
      outer loop
         vertex 1.081700e+003 1.235005e+001 1.283004e+003
         vertex 1.081700e+003 1.106831e+001 1.290505e+003
         vertex 1.081700e+003 6.256040e+000 1.281502e+003
      endloop
   endfacet
   facet normal 1.000000e+000 0.000000e+000 0.000000e+000
      outer loop
         vertex 1.081700e+003 6.256040e+000 1.281502e+003
         vertex 1.081700e+003 1.106831e+001 1.290505e+003
         vertex 1.081700e+003 5.624542e+000 1.289003e+003
      endloop
   endfacet
   facet normal 1.000000e+000 0.000000e+000 0.000000e+000
      outer loop
         vertex 1.081700e+003 6.256040e+000 1.281502e+003
         vertex 1.081700e+003 5.624542e+000 1.289003e+003
         vertex 1.081700e+003 -7.901646e-008 1.288497e+003
      endloop
   endfacet
   facet normal 1.000000e+000 0.000000e+000 0.000000e+000
      outer loop
         vertex 1.081700e+003 -2.462769e+001 1.300357e+003
         vertex 1.081700e+003 -2.812690e+001 1.292981e+003
         vertex 1.081700e+003 -2.072507e+001 1.296275e+003
      endloop
   endfacet
   facet normal 1.000000e+000 0.000000e+000 0.000000e+000
      outer loop
         vertex 1.081700e+003 -2.072507e+001 1.296275e+003
         vertex 1.081700e+003 -2.812690e+001 1.292981e+003
         vertex 1.081700e+003 -2.342895e+001 1.288819e+003
      endloop
   endfacet
   facet normal 1.000000e+000 0.000000e+000 0.000000e+000
      outer loop
         vertex 1.081700e+003 -2.072507e+001 1.296275e+003
         vertex 1.081700e+003 -2.342895e+001 1.288819e+003
         vertex 1.081700e+003 -1.615633e+001 1.292956e+003
      endloop
   endfacet
   facet normal 1.000000e+000 0.000000e+000 0.000000e+000
      outer loop
         vertex 1.081700e+003 -1.615633e+001 1.292956e+003
         vertex 1.081700e+003 -2.342895e+001 1.288819e+003
         vertex 1.081700e+003 -1.812420e+001 1.285464e+003
      endloop
   endfacet
   facet normal 1.000000e+000 0.000000e+000 0.000000e+000
      outer loop
         vertex 1.081700e+003 -1.615633e+001 1.292956e+003
         vertex 1.081700e+003 -1.812420e+001 1.285464e+003
         vertex 1.081700e+003 -1.106831e+001 1.290505e+003
      endloop
   endfacet
   facet normal 1.000000e+000 0.000000e+000 0.000000e+000
      outer loop
         vertex 1.081700e+003 -1.106831e+001 1.290505e+003
         vertex 1.081700e+003 -1.812420e+001 1.285464e+003
         vertex 1.081700e+003 -1.235005e+001 1.283004e+003
      endloop
   endfacet
   facet normal 1.000000e+000 0.000000e+000 0.000000e+000
      outer loop
         vertex 1.081700e+003 -1.106831e+001 1.290505e+003
         vertex 1.081700e+003 -1.235005e+001 1.283004e+003
         vertex 1.081700e+003 -5.624543e+000 1.289003e+003
      endloop
   endfacet
   facet normal 1.000000e+000 0.000000e+000 0.000000e+000
      outer loop
         vertex 1.081700e+003 -5.624543e+000 1.289003e+003
         vertex 1.081700e+003 -1.235005e+001 1.283004e+003
         vertex 1.081700e+003 -6.256040e+000 1.281502e+003
      endloop
   endfacet
   facet normal 1.000000e+000 0.000000e+000 0.000000e+000
      outer loop
         vertex 1.081700e+003 -5.624543e+000 1.289003e+003
         vertex 1.081700e+003 -6.256040e+000 1.281502e+003
         vertex 1.081700e+003 -7.901646e-008 1.288497e+003
      endloop
   endfacet
   facet normal 1.000000e+000 0.000000e+000 0.000000e+000
      outer loop
         vertex 1.081700e+003 -7.901646e-008 1.288497e+003
         vertex 1.081700e+003 -6.256040e+000 1.281502e+003
         vertex 1.081700e+003 -7.901647e-008 1.280997e+003
      endloop
   endfacet
   facet normal 1.000000e+000 0.000000e+000 0.000000e+000
      outer loop
         vertex 1.081700e+003 -7.901646e-008 1.288497e+003
         vertex 1.081700e+003 -7.901647e-008 1.280997e+003
         vertex 1.081700e+003 6.256040e+000 1.281502e+003
      endloop
   endfacet
   facet normal 1.000000e+000 0.000000e+000 0.000000e+000
      outer loop
         vertex 1.081700e+003 2.276804e+001 1.341765e+003
         vertex 1.081700e+003 2.586178e+001 1.349189e+003
         vertex 1.081700e+003 1.851523e+001 1.345481e+003
      endloop
   endfacet
   facet normal 1.000000e+000 0.000000e+000 0.000000e+000
      outer loop
         vertex 1.081700e+003 1.851523e+001 1.345481e+003
         vertex 1.081700e+003 2.586178e+001 1.349189e+003
         vertex 1.081700e+003 2.084417e+001 1.352959e+003
      endloop
   endfacet
   facet normal 1.000000e+000 0.000000e+000 0.000000e+000
      outer loop
         vertex 1.081700e+003 1.851523e+001 1.345481e+003
         vertex 1.081700e+003 2.084417e+001 1.352959e+003
         vertex 1.081700e+003 1.366734e+001 1.348377e+003
      endloop
   endfacet
   facet normal 1.000000e+000 0.000000e+000 0.000000e+000
      outer loop
         vertex 1.081700e+003 1.366734e+001 1.348377e+003
         vertex 1.081700e+003 2.084417e+001 1.352959e+003
         vertex 1.081700e+003 1.528670e+001 1.355876e+003
      endloop
   endfacet
   facet normal 1.000000e+000 0.000000e+000 0.000000e+000
      outer loop
         vertex 1.081700e+003 1.366734e+001 1.348377e+003
         vertex 1.081700e+003 1.528670e+001 1.355876e+003
         vertex 1.081700e+003 8.380160e+000 1.350362e+003
      endloop
   endfacet
   facet normal 1.000000e+000 0.000000e+000 0.000000e+000
      outer loop
         vertex 1.081700e+003 8.380160e+000 1.350362e+003
         vertex 1.081700e+003 1.528670e+001 1.355876e+003
         vertex 1.081700e+003 9.333311e+000 1.357864e+003
      endloop
   endfacet
   facet normal 1.000000e+000 0.000000e+000 0.000000e+000
      outer loop
         vertex 1.081700e+003 8.380160e+000 1.350362e+003
         vertex 1.081700e+003 9.333311e+000 1.357864e+003
         vertex 1.081700e+003 2.823638e+000 1.351370e+003
      endloop
   endfacet
   facet normal 1.000000e+000 0.000000e+000 0.000000e+000
      outer loop
         vertex 1.081700e+003 2.823638e+000 1.351370e+003
         vertex 1.081700e+003 9.333311e+000 1.357864e+003
         vertex 1.081700e+003 3.138196e+000 1.358870e+003
      endloop
   endfacet
   facet normal 1.000000e+000 0.000000e+000 0.000000e+000
      outer loop
         vertex 1.081700e+003 2.823638e+000 1.351370e+003
         vertex 1.081700e+003 3.138196e+000 1.358870e+003
         vertex 1.081700e+003 -2.823638e+000 1.351370e+003
      endloop
   endfacet
   facet normal 1.000000e+000 0.000000e+000 0.000000e+000
      outer loop
         vertex 1.081700e+003 -2.823638e+000 1.351370e+003
         vertex 1.081700e+003 3.138196e+000 1.358870e+003
         vertex 1.081700e+003 -3.138196e+000 1.358870e+003
      endloop
   endfacet
   facet normal 1.000000e+000 0.000000e+000 0.000000e+000
      outer loop
         vertex 1.081700e+003 -2.823638e+000 1.351370e+003
         vertex 1.081700e+003 -3.138196e+000 1.358870e+003
         vertex 1.081700e+003 -8.380160e+000 1.350362e+003
      endloop
   endfacet
   facet normal 1.000000e+000 0.000000e+000 0.000000e+000
      outer loop
         vertex 1.081700e+003 -8.380160e+000 1.350362e+003
         vertex 1.081700e+003 -3.138196e+000 1.358870e+003
         vertex 1.081700e+003 -9.333311e+000 1.357864e+003
      endloop
   endfacet
   facet normal 1.000000e+000 0.000000e+000 0.000000e+000
      outer loop
         vertex 1.081700e+003 -8.380160e+000 1.350362e+003
         vertex 1.081700e+003 -9.333311e+000 1.357864e+003
         vertex 1.081700e+003 -1.366734e+001 1.348377e+003
      endloop
   endfacet
   facet normal 1.000000e+000 0.000000e+000 0.000000e+000
      outer loop
         vertex 1.081700e+003 -1.366734e+001 1.348377e+003
         vertex 1.081700e+003 -9.333311e+000 1.357864e+003
         vertex 1.081700e+003 -1.528670e+001 1.355876e+003
      endloop
   endfacet
   facet normal 1.000000e+000 0.000000e+000 0.000000e+000
      outer loop
         vertex 1.081700e+003 -1.366734e+001 1.348377e+003
         vertex 1.081700e+003 -1.528670e+001 1.355876e+003
         vertex 1.081700e+003 -1.851523e+001 1.345481e+003
      endloop
   endfacet
   facet normal 1.000000e+000 0.000000e+000 0.000000e+000
      outer loop
         vertex 1.081700e+003 -1.528670e+001 1.355876e+003
         vertex 1.081700e+003 -2.084417e+001 1.352959e+003
         vertex 1.081700e+003 -1.851523e+001 1.345481e+003
      endloop
   endfacet
   facet normal 1.000000e+000 0.000000e+000 0.000000e+000
      outer loop
         vertex 1.081700e+003 -1.851523e+001 1.345481e+003
         vertex 1.081700e+003 -2.084417e+001 1.352959e+003
         vertex 1.081700e+003 -2.586178e+001 1.349189e+003
      endloop
   endfacet
   facet normal 1.000000e+000 0.000000e+000 0.000000e+000
      outer loop
         vertex 1.081700e+003 -1.851523e+001 1.345481e+003
         vertex 1.081700e+003 -2.586178e+001 1.349189e+003
         vertex 1.081700e+003 -2.276804e+001 1.341765e+003
      endloop
   endfacet
   facet normal 1.000000e+000 0.000000e+000 0.000000e+000
      outer loop
         vertex 1.081700e+003 -2.276804e+001 1.341765e+003
         vertex 1.081700e+003 -2.586178e+001 1.349189e+003
         vertex 1.081700e+003 -3.020959e+001 1.344662e+003
      endloop
   endfacet
   facet normal 1.000000e+000 0.000000e+000 0.000000e+000
      outer loop
         vertex 1.081700e+003 -2.276804e+001 1.341765e+003
         vertex 1.081700e+003 -3.020959e+001 1.344662e+003
         vertex 1.081700e+003 -2.628906e+001 1.337350e+003
      endloop
   endfacet
   facet normal 1.000000e+000 0.000000e+000 0.000000e+000
      outer loop
         vertex 1.081700e+003 -2.628906e+001 1.337350e+003
         vertex 1.081700e+003 -3.020959e+001 1.344662e+003
         vertex 1.081700e+003 -3.377499e+001 1.339497e+003
      endloop
   endfacet
   facet normal 1.000000e+000 0.000000e+000 0.000000e+000
      outer loop
         vertex 1.081700e+003 -2.628906e+001 1.337350e+003
         vertex 1.081700e+003 -3.377499e+001 1.339497e+003
         vertex 1.081700e+003 -2.896512e+001 1.332377e+003
      endloop
   endfacet
   facet normal 1.000000e+000 0.000000e+000 0.000000e+000
      outer loop
         vertex 1.081700e+003 -2.896512e+001 1.332377e+003
         vertex 1.081700e+003 -3.377499e+001 1.339497e+003
         vertex 1.081700e+003 -3.646563e+001 1.333826e+003
      endloop
   endfacet
   facet normal 1.000000e+000 0.000000e+000 0.000000e+000
      outer loop
         vertex 1.081700e+003 -2.896512e+001 1.332377e+003
         vertex 1.081700e+003 -3.646563e+001 1.333826e+003
         vertex 1.081700e+003 -3.071023e+001 1.327006e+003
      endloop
   endfacet
   facet normal 1.000000e+000 0.000000e+000 0.000000e+000
      outer loop
         vertex 1.081700e+003 -3.071023e+001 1.327006e+003
         vertex 1.081700e+003 -3.646563e+001 1.333826e+003
         vertex 1.081700e+003 -3.821183e+001 1.327798e+003
      endloop
   endfacet
   facet normal 1.000000e+000 0.000000e+000 0.000000e+000
      outer loop
         vertex 1.081700e+003 -3.071023e+001 1.327006e+003
         vertex 1.081700e+003 -3.821183e+001 1.327798e+003
         vertex 1.081700e+003 -3.146828e+001 1.321410e+003
      endloop
   endfacet
   facet normal 1.000000e+000 0.000000e+000 0.000000e+000
      outer loop
         vertex 1.081700e+003 -3.146828e+001 1.321410e+003
         vertex 1.081700e+003 -3.821183e+001 1.327798e+003
         vertex 1.081700e+003 -3.896837e+001 1.321567e+003
      endloop
   endfacet
   facet normal 1.000000e+000 0.000000e+000 0.000000e+000
      outer loop
         vertex 1.081700e+003 -3.146828e+001 1.321410e+003
         vertex 1.081700e+003 -3.896837e+001 1.321567e+003
         vertex 1.081700e+003 -3.121492e+001 1.315768e+003
      endloop
   endfacet
   facet normal 1.000000e+000 0.000000e+000 0.000000e+000
      outer loop
         vertex 1.081700e+003 -3.121492e+001 1.315768e+003
         vertex 1.081700e+003 -3.896837e+001 1.321567e+003
         vertex 1.081700e+003 -3.871564e+001 1.315296e+003
      endloop
   endfacet
   facet normal 1.000000e+000 0.000000e+000 0.000000e+000
      outer loop
         vertex 1.081700e+003 -3.121492e+001 1.315768e+003
         vertex 1.081700e+003 -3.871564e+001 1.315296e+003
         vertex 1.081700e+003 -2.995828e+001 1.310263e+003
      endloop
   endfacet
   facet normal 1.000000e+000 0.000000e+000 0.000000e+000
      outer loop
         vertex 1.081700e+003 -2.995828e+001 1.310263e+003
         vertex 1.081700e+003 -3.871564e+001 1.315296e+003
         vertex 1.081700e+003 -3.746021e+001 1.309146e+003
      endloop
   endfacet
   facet normal 1.000000e+000 0.000000e+000 0.000000e+000
      outer loop
         vertex 1.081700e+003 -2.995828e+001 1.310263e+003
         vertex 1.081700e+003 -3.746021e+001 1.309146e+003
         vertex 1.081700e+003 -2.773876e+001 1.305070e+003
      endloop
   endfacet
   facet normal 1.000000e+000 0.000000e+000 0.000000e+000
      outer loop
         vertex 1.081700e+003 -2.773876e+001 1.305070e+003
         vertex 1.081700e+003 -3.746021e+001 1.309146e+003
         vertex 1.081700e+003 -3.523457e+001 1.303278e+003
      endloop
   endfacet
   facet normal 1.000000e+000 0.000000e+000 0.000000e+000
      outer loop
         vertex 1.081700e+003 -2.773876e+001 1.305070e+003
         vertex 1.081700e+003 -3.523457e+001 1.303278e+003
         vertex 1.081700e+003 -2.462769e+001 1.300357e+003
      endloop
   endfacet
   facet normal 1.000000e+000 0.000000e+000 0.000000e+000
      outer loop
         vertex 1.081700e+003 -2.462769e+001 1.300357e+003
         vertex 1.081700e+003 -3.523457e+001 1.303278e+003
         vertex 1.081700e+003 -3.209637e+001 1.297842e+003
      endloop
   endfacet
   facet normal 1.000000e+000 0.000000e+000 0.000000e+000
      outer loop
         vertex 1.081700e+003 -2.462769e+001 1.300357e+003
         vertex 1.081700e+003 -3.209637e+001 1.297842e+003
         vertex 1.081700e+003 -2.812690e+001 1.292981e+003
      endloop
   endfacet
   facet normal 1.000000e+000 0.000000e+000 0.000000e+000
      outer loop
         vertex 1.081700e+003 1.812420e+001 1.285464e+003
         vertex 1.081700e+003 2.342895e+001 1.288819e+003
         vertex 1.081700e+003 2.072507e+001 1.296275e+003
      endloop
   endfacet
   facet normal 1.000000e+000 0.000000e+000 0.000000e+000
      outer loop
         vertex 1.081700e+003 2.072507e+001 1.296275e+003
         vertex 1.081700e+003 2.342895e+001 1.288819e+003
         vertex 1.081700e+003 2.812690e+001 1.292981e+003
      endloop
   endfacet
   facet normal 1.000000e+000 0.000000e+000 0.000000e+000
      outer loop
         vertex 1.081700e+003 2.072507e+001 1.296275e+003
         vertex 1.081700e+003 2.812690e+001 1.292981e+003
         vertex 1.081700e+003 2.462769e+001 1.300357e+003
      endloop
   endfacet
   facet normal 1.000000e+000 0.000000e+000 0.000000e+000
      outer loop
         vertex 1.081700e+003 2.462769e+001 1.300357e+003
         vertex 1.081700e+003 2.812690e+001 1.292981e+003
         vertex 1.081700e+003 3.209637e+001 1.297842e+003
      endloop
   endfacet
   facet normal 1.000000e+000 0.000000e+000 0.000000e+000
      outer loop
         vertex 1.081700e+003 2.462769e+001 1.300357e+003
         vertex 1.081700e+003 3.209637e+001 1.297842e+003
         vertex 1.081700e+003 2.773876e+001 1.305070e+003
      endloop
   endfacet
   facet normal 1.000000e+000 0.000000e+000 0.000000e+000
      outer loop
         vertex 1.081700e+003 2.773876e+001 1.305070e+003
         vertex 1.081700e+003 3.209637e+001 1.297842e+003
         vertex 1.081700e+003 3.523457e+001 1.303278e+003
      endloop
   endfacet
   facet normal 1.000000e+000 0.000000e+000 0.000000e+000
      outer loop
         vertex 1.081700e+003 2.773876e+001 1.305070e+003
         vertex 1.081700e+003 3.523457e+001 1.303278e+003
         vertex 1.081700e+003 2.995828e+001 1.310263e+003
      endloop
   endfacet
   facet normal 1.000000e+000 0.000000e+000 0.000000e+000
      outer loop
         vertex 1.081700e+003 2.995828e+001 1.310263e+003
         vertex 1.081700e+003 3.523457e+001 1.303278e+003
         vertex 1.081700e+003 3.746021e+001 1.309146e+003
      endloop
   endfacet
   facet normal 1.000000e+000 0.000000e+000 0.000000e+000
      outer loop
         vertex 1.081700e+003 2.995828e+001 1.310263e+003
         vertex 1.081700e+003 3.746021e+001 1.309146e+003
         vertex 1.081700e+003 3.121492e+001 1.315768e+003
      endloop
   endfacet
   facet normal 1.000000e+000 0.000000e+000 0.000000e+000
      outer loop
         vertex 1.081700e+003 3.121492e+001 1.315768e+003
         vertex 1.081700e+003 3.746021e+001 1.309146e+003
         vertex 1.081700e+003 3.871564e+001 1.315296e+003
      endloop
   endfacet
   facet normal 1.000000e+000 0.000000e+000 0.000000e+000
      outer loop
         vertex 1.081700e+003 3.121492e+001 1.315768e+003
         vertex 1.081700e+003 3.871564e+001 1.315296e+003
         vertex 1.081700e+003 3.146828e+001 1.321410e+003
      endloop
   endfacet
   facet normal 1.000000e+000 0.000000e+000 0.000000e+000
      outer loop
         vertex 1.081700e+003 3.146828e+001 1.321410e+003
         vertex 1.081700e+003 3.871564e+001 1.315296e+003
         vertex 1.081700e+003 3.896837e+001 1.321567e+003
      endloop
   endfacet
   facet normal 1.000000e+000 0.000000e+000 0.000000e+000
      outer loop
         vertex 1.081700e+003 3.146828e+001 1.321410e+003
         vertex 1.081700e+003 3.896837e+001 1.321567e+003
         vertex 1.081700e+003 3.071023e+001 1.327006e+003
      endloop
   endfacet
   facet normal 1.000000e+000 0.000000e+000 0.000000e+000
      outer loop
         vertex 1.081700e+003 3.071023e+001 1.327006e+003
         vertex 1.081700e+003 3.896837e+001 1.321567e+003
         vertex 1.081700e+003 3.821183e+001 1.327798e+003
      endloop
   endfacet
   facet normal 1.000000e+000 0.000000e+000 0.000000e+000
      outer loop
         vertex 1.081700e+003 3.071023e+001 1.327006e+003
         vertex 1.081700e+003 3.821183e+001 1.327798e+003
         vertex 1.081700e+003 2.896512e+001 1.332377e+003
      endloop
   endfacet
   facet normal 1.000000e+000 0.000000e+000 0.000000e+000
      outer loop
         vertex 1.081700e+003 2.896512e+001 1.332377e+003
         vertex 1.081700e+003 3.821183e+001 1.327798e+003
         vertex 1.081700e+003 3.646563e+001 1.333826e+003
      endloop
   endfacet
   facet normal 1.000000e+000 0.000000e+000 0.000000e+000
      outer loop
         vertex 1.081700e+003 2.896512e+001 1.332377e+003
         vertex 1.081700e+003 3.646563e+001 1.333826e+003
         vertex 1.081700e+003 2.628906e+001 1.337350e+003
      endloop
   endfacet
   facet normal 1.000000e+000 0.000000e+000 0.000000e+000
      outer loop
         vertex 1.081700e+003 2.628906e+001 1.337350e+003
         vertex 1.081700e+003 3.646563e+001 1.333826e+003
         vertex 1.081700e+003 3.377499e+001 1.339497e+003
      endloop
   endfacet
   facet normal 1.000000e+000 0.000000e+000 0.000000e+000
      outer loop
         vertex 1.081700e+003 2.628906e+001 1.337350e+003
         vertex 1.081700e+003 3.377499e+001 1.339497e+003
         vertex 1.081700e+003 2.276804e+001 1.341765e+003
      endloop
   endfacet
   facet normal 1.000000e+000 0.000000e+000 0.000000e+000
      outer loop
         vertex 1.081700e+003 2.276804e+001 1.341765e+003
         vertex 1.081700e+003 3.377499e+001 1.339497e+003
         vertex 1.081700e+003 3.020959e+001 1.344662e+003
      endloop
   endfacet
   facet normal 1.000000e+000 0.000000e+000 0.000000e+000
      outer loop
         vertex 1.081700e+003 2.276804e+001 1.341765e+003
         vertex 1.081700e+003 3.020959e+001 1.344662e+003
         vertex 1.081700e+003 2.586178e+001 1.349189e+003
      endloop
   endfacet
   facet normal 0.000000e+000 5.362497e-002 -9.985611e-001
      outer loop
         vertex 1.076000e+003 6.256040e+000 1.281502e+003
         vertex 1.081700e+003 -7.901646e-008 1.280997e+003
         vertex 1.076000e+003 -7.901646e-008 1.280997e+003
      endloop
   endfacet
   facet normal 0.000000e+000 -5.362497e-002 -9.985611e-001
      outer loop
         vertex 1.076000e+003 -7.901646e-008 1.280997e+003
         vertex 1.081700e+003 -7.901646e-008 1.280997e+003
         vertex 1.081700e+003 -6.256040e+000 1.281502e+003
      endloop
   endfacet
   facet normal 0.000000e+000 -1.072499e-001 -9.942321e-001
      outer loop
         vertex 1.076000e+003 -7.901646e-008 1.280997e+003
         vertex 1.081700e+003 -6.256040e+000 1.281502e+003
         vertex 1.076000e+003 -6.256040e+000 1.281502e+003
      endloop
   endfacet
   facet normal 0.000000e+000 -2.131110e-001 -9.770280e-001
      outer loop
         vertex 1.076000e+003 -6.256040e+000 1.281502e+003
         vertex 1.081700e+003 -6.256040e+000 1.281502e+003
         vertex 1.081700e+003 -1.235005e+001 1.283004e+003
      endloop
   endfacet
   facet normal 0.000000e+000 -2.653471e-001 -9.641529e-001
      outer loop
         vertex 1.076000e+003 -6.256040e+000 1.281502e+003
         vertex 1.081700e+003 -1.235005e+001 1.283004e+003
         vertex 1.076000e+003 -1.235005e+001 1.283004e+003
      endloop
   endfacet
   facet normal 0.000000e+000 -3.670776e-001 -9.301903e-001
      outer loop
         vertex 1.076000e+003 -1.235005e+001 1.283004e+003
         vertex 1.081700e+003 -1.235005e+001 1.283004e+003
         vertex 1.081700e+003 -1.812420e+001 1.285464e+003
      endloop
   endfacet
   facet normal 0.000000e+000 -4.165719e-001 -9.091028e-001
      outer loop
         vertex 1.076000e+003 -1.235005e+001 1.283004e+003
         vertex 1.081700e+003 -1.812420e+001 1.285464e+003
         vertex 1.076000e+003 -1.812420e+001 1.285464e+003
      endloop
   endfacet
   facet normal 0.000000e+000 -5.115370e-001 -8.592612e-001
      outer loop
         vertex 1.076000e+003 -1.812420e+001 1.285464e+003
         vertex 1.081700e+003 -1.812420e+001 1.285464e+003
         vertex 1.081700e+003 -2.342895e+001 1.288819e+003
      endloop
   endfacet
   facet normal 0.000000e+000 -5.570078e-001 -8.305073e-001
      outer loop
         vertex 1.076000e+003 -1.812420e+001 1.285464e+003
         vertex 1.081700e+003 -2.342895e+001 1.288819e+003
         vertex 1.076000e+003 -2.342895e+001 1.288819e+003
      endloop
   endfacet
   facet normal 0.000000e+000 -6.427480e-001 -7.660777e-001
      outer loop
         vertex 1.076000e+003 -2.342895e+001 1.288819e+003
         vertex 1.081700e+003 -2.342895e+001 1.288819e+003
         vertex 1.081700e+003 -2.812690e+001 1.292981e+003
      endloop
   endfacet
   facet normal 0.000000e+000 -6.830174e-001 -7.304021e-001
      outer loop
         vertex 1.076000e+003 -2.342895e+001 1.288819e+003
         vertex 1.081700e+003 -2.812690e+001 1.292981e+003
         vertex 1.076000e+003 -2.812690e+001 1.292981e+003
      endloop
   endfacet
   facet normal 0.000000e+000 -7.573121e-001 -6.530532e-001
      outer loop
         vertex 1.076000e+003 -2.812690e+001 1.292981e+003
         vertex 1.081700e+003 -2.812690e+001 1.292981e+003
         vertex 1.081700e+003 -3.209637e+001 1.297842e+003
      endloop
   endfacet
   facet normal 0.000000e+000 -7.913373e-001 -6.113799e-001
      outer loop
         vertex 1.076000e+003 -2.812690e+001 1.292981e+003
         vertex 1.081700e+003 -3.209637e+001 1.297842e+003
         vertex 1.076000e+003 -3.209637e+001 1.297842e+003
      endloop
   endfacet
   facet normal 0.000000e+000 -8.522622e-001 -5.231149e-001
      outer loop
         vertex 1.076000e+003 -3.209637e+001 1.297842e+003
         vertex 1.081700e+003 -3.209637e+001 1.297842e+003
         vertex 1.081700e+003 -3.523457e+001 1.303278e+003
      endloop
   endfacet
   facet normal 0.000000e+000 -8.791618e-001 -4.765233e-001
      outer loop
         vertex 1.076000e+003 -3.209637e+001 1.297842e+003
         vertex 1.081700e+003 -3.523457e+001 1.303278e+003
         vertex 1.076000e+003 -3.523457e+001 1.303278e+003
      endloop
   endfacet
   facet normal 0.000000e+000 -9.251391e-001 -3.796283e-001
      outer loop
         vertex 1.076000e+003 -3.523457e+001 1.303278e+003
         vertex 1.081700e+003 -3.523457e+001 1.303278e+003
         vertex 1.081700e+003 -3.746021e+001 1.309146e+003
      endloop
   endfacet
   facet normal 0.000000e+000 -9.442167e-001 -3.293249e-001
      outer loop
         vertex 1.076000e+003 -3.523457e+001 1.303278e+003
         vertex 1.081700e+003 -3.746021e+001 1.309146e+003
         vertex 1.076000e+003 -3.746021e+001 1.309146e+003
      endloop
   endfacet
   facet normal 0.000000e+000 -9.740555e-001 -2.263094e-001
      outer loop
         vertex 1.076000e+003 -3.746021e+001 1.309146e+003
         vertex 1.081700e+003 -3.746021e+001 1.309146e+003
         vertex 1.081700e+003 -3.871564e+001 1.315296e+003
      endloop
   endfacet
   facet normal 0.000000e+000 -9.848167e-001 -1.735972e-001
      outer loop
         vertex 1.076000e+003 -3.746021e+001 1.309146e+003
         vertex 1.081700e+003 -3.871564e+001 1.315296e+003
         vertex 1.076000e+003 -3.871564e+001 1.315296e+003
      endloop
   endfacet
   facet normal 0.000000e+000 -9.977443e-001 -6.712926e-002
      outer loop
         vertex 1.076000e+003 -3.871564e+001 1.315296e+003
         vertex 1.081700e+003 -3.871564e+001 1.315296e+003
         vertex 1.081700e+003 -3.896837e+001 1.321567e+003
      endloop
   endfacet
   facet normal 0.000000e+000 -9.999106e-001 -1.337347e-002
      outer loop
         vertex 1.076000e+003 -3.871564e+001 1.315296e+003
         vertex 1.081700e+003 -3.896837e+001 1.321567e+003
         vertex 1.076000e+003 -3.896837e+001 1.321567e+003
      endloop
   endfacet
   facet normal 0.000000e+000 -9.955921e-001 9.378947e-002
      outer loop
         vertex 1.076000e+003 -3.896837e+001 1.321567e+003
         vertex 1.081700e+003 -3.896837e+001 1.321567e+003
         vertex 1.081700e+003 -3.821183e+001 1.327798e+003
      endloop
   endfacet
   facet normal 0.000000e+000 -9.891073e-001 1.471967e-001
      outer loop
         vertex 1.076000e+003 -3.896837e+001 1.321567e+003
         vertex 1.081700e+003 -3.821183e+001 1.327798e+003
         vertex 1.076000e+003 -3.821183e+001 1.327798e+003
      endloop
   endfacet
   facet normal 0.000000e+000 -9.676545e-001 2.522791e-001
      outer loop
         vertex 1.076000e+003 -3.821183e+001 1.327798e+003
         vertex 1.081700e+003 -3.821183e+001 1.327798e+003
         vertex 1.081700e+003 -3.646563e+001 1.333826e+003
      endloop
   endfacet
   facet normal 0.000000e+000 -9.526865e-001 3.039545e-001
      outer loop
         vertex 1.076000e+003 -3.821183e+001 1.327798e+003
         vertex 1.081700e+003 -3.646563e+001 1.333826e+003
         vertex 1.076000e+003 -3.646563e+001 1.333826e+003
      endloop
   endfacet
   facet normal 0.000000e+000 -9.146552e-001 4.042349e-001
      outer loop
         vertex 1.076000e+003 -3.646563e+001 1.333826e+003
         vertex 1.081700e+003 -3.646563e+001 1.333826e+003
         vertex 1.081700e+003 -3.377499e+001 1.339497e+003
      endloop
   endfacet
   facet normal 0.000000e+000 -8.915918e-001 4.528400e-001
      outer loop
         vertex 1.076000e+003 -3.646563e+001 1.333826e+003
         vertex 1.081700e+003 -3.377499e+001 1.339497e+003
         vertex 1.076000e+003 -3.377499e+001 1.339497e+003
      endloop
   endfacet
   facet normal 0.000000e+000 -8.379669e-001 5.457212e-001
      outer loop
         vertex 1.076000e+003 -3.377499e+001 1.339497e+003
         vertex 1.081700e+003 -3.377499e+001 1.339497e+003
         vertex 1.081700e+003 -3.020959e+001 1.344662e+003
      endloop
   endfacet
   facet normal 0.000000e+000 -8.074053e-001 5.899972e-001
      outer loop
         vertex 1.076000e+003 -3.377499e+001 1.339497e+003
         vertex 1.081700e+003 -3.020959e+001 1.344662e+003
         vertex 1.076000e+003 -3.020959e+001 1.344662e+003
      endloop
   endfacet
   facet normal 0.000000e+000 -7.395756e-001 6.730735e-001
      outer loop
         vertex 1.076000e+003 -3.020959e+001 1.344662e+003
         vertex 1.081700e+003 -3.020959e+001 1.344662e+003
         vertex 1.081700e+003 -2.586178e+001 1.349189e+003
      endloop
   endfacet
   facet normal 0.000000e+000 -7.023074e-001 7.118738e-001
      outer loop
         vertex 1.076000e+003 -3.020959e+001 1.344662e+003
         vertex 1.081700e+003 -2.586178e+001 1.349189e+003
         vertex 1.076000e+003 -2.586178e+001 1.349189e+003
      endloop
   endfacet
   facet normal 0.000000e+000 -6.220297e-001 7.829937e-001
      outer loop
         vertex 1.076000e+003 -2.586178e+001 1.349189e+003
         vertex 1.081700e+003 -2.586178e+001 1.349189e+003
         vertex 1.081700e+003 -2.084417e+001 1.352959e+003
      endloop
   endfacet
   facet normal 0.000000e+000 -5.790201e-001 8.153133e-001
      outer loop
         vertex 1.076000e+003 -2.586178e+001 1.349189e+003
         vertex 1.081700e+003 -2.084417e+001 1.352959e+003
         vertex 1.076000e+003 -2.084417e+001 1.352959e+003
      endloop
   endfacet
   facet normal 0.000000e+000 -4.883735e-001 8.726347e-001
      outer loop
         vertex 1.076000e+003 -2.084417e+001 1.352959e+003
         vertex 1.081700e+003 -2.084417e+001 1.352959e+003
         vertex 1.081700e+003 -1.528670e+001 1.355876e+003
      endloop
   endfacet
   facet normal 0.000000e+000 -4.407364e-001 8.976365e-001
      outer loop
         vertex 1.076000e+003 -2.084417e+001 1.352959e+003
         vertex 1.081700e+003 -1.528670e+001 1.355876e+003
         vertex 1.076000e+003 -1.528670e+001 1.355876e+003
      endloop
   endfacet
   facet normal 0.000000e+000 -3.420688e-001 9.396749e-001
      outer loop
         vertex 1.076000e+003 -1.528670e+001 1.355876e+003
         vertex 1.081700e+003 -1.528670e+001 1.355876e+003
         vertex 1.081700e+003 -9.333311e+000 1.357864e+003
      endloop
   endfacet
   facet normal 0.000000e+000 -2.910380e-001 9.567115e-001
      outer loop
         vertex 1.076000e+003 -1.528670e+001 1.355876e+003
         vertex 1.081700e+003 -9.333311e+000 1.357864e+003
         vertex 1.076000e+003 -9.333311e+000 1.357864e+003
      endloop
   endfacet
   facet normal 0.000000e+000 -1.869046e-001 9.823781e-001
      outer loop
         vertex 1.076000e+003 -9.333311e+000 1.357864e+003
         vertex 1.081700e+003 -9.333311e+000 1.357864e+003
         vertex 1.081700e+003 -3.138196e+000 1.358870e+003
      endloop
   endfacet
   facet normal 0.000000e+000 -1.338019e-001 9.910081e-001
      outer loop
         vertex 1.076000e+003 -9.333311e+000 1.357864e+003
         vertex 1.081700e+003 -3.138196e+000 1.358870e+003
         vertex 1.076000e+003 -3.138196e+000 1.358870e+003
      endloop
   endfacet
   facet normal 0.000000e+000 -2.689971e-002 9.996382e-001
      outer loop
         vertex 1.076000e+003 -3.138196e+000 1.358870e+003
         vertex 1.081700e+003 -3.138196e+000 1.358870e+003
         vertex 1.081700e+003 3.138196e+000 1.358870e+003
      endloop
   endfacet
   facet normal 0.000000e+000 2.689971e-002 9.996382e-001
      outer loop
         vertex 1.076000e+003 -3.138196e+000 1.358870e+003
         vertex 1.081700e+003 3.138196e+000 1.358870e+003
         vertex 1.076000e+003 3.138196e+000 1.358870e+003
      endloop
   endfacet
   facet normal 0.000000e+000 1.338019e-001 9.910081e-001
      outer loop
         vertex 1.076000e+003 3.138196e+000 1.358870e+003
         vertex 1.081700e+003 3.138196e+000 1.358870e+003
         vertex 1.081700e+003 9.333311e+000 1.357864e+003
      endloop
   endfacet
   facet normal 0.000000e+000 1.869046e-001 9.823781e-001
      outer loop
         vertex 1.076000e+003 3.138196e+000 1.358870e+003
         vertex 1.081700e+003 9.333311e+000 1.357864e+003
         vertex 1.076000e+003 9.333311e+000 1.357864e+003
      endloop
   endfacet
   facet normal 0.000000e+000 2.910380e-001 9.567115e-001
      outer loop
         vertex 1.076000e+003 9.333311e+000 1.357864e+003
         vertex 1.081700e+003 9.333311e+000 1.357864e+003
         vertex 1.081700e+003 1.528670e+001 1.355876e+003
      endloop
   endfacet
   facet normal 0.000000e+000 3.420688e-001 9.396749e-001
      outer loop
         vertex 1.076000e+003 9.333311e+000 1.357864e+003
         vertex 1.081700e+003 1.528670e+001 1.355876e+003
         vertex 1.076000e+003 1.528670e+001 1.355876e+003
      endloop
   endfacet
   facet normal 0.000000e+000 4.407365e-001 8.976365e-001
      outer loop
         vertex 1.076000e+003 1.528670e+001 1.355876e+003
         vertex 1.081700e+003 1.528670e+001 1.355876e+003
         vertex 1.081700e+003 2.084417e+001 1.352959e+003
      endloop
   endfacet
   facet normal 0.000000e+000 4.883736e-001 8.726347e-001
      outer loop
         vertex 1.076000e+003 1.528670e+001 1.355876e+003
         vertex 1.081700e+003 2.084417e+001 1.352959e+003
         vertex 1.076000e+003 2.084417e+001 1.352959e+003
      endloop
   endfacet
   facet normal 0.000000e+000 5.790201e-001 8.153133e-001
      outer loop
         vertex 1.076000e+003 2.084417e+001 1.352959e+003
         vertex 1.081700e+003 2.084417e+001 1.352959e+003
         vertex 1.081700e+003 2.586178e+001 1.349189e+003
      endloop
   endfacet
   facet normal 0.000000e+000 6.220297e-001 7.829937e-001
      outer loop
         vertex 1.076000e+003 2.084417e+001 1.352959e+003
         vertex 1.081700e+003 2.586178e+001 1.349189e+003
         vertex 1.076000e+003 2.586178e+001 1.349189e+003
      endloop
   endfacet
   facet normal 0.000000e+000 7.023074e-001 7.118738e-001
      outer loop
         vertex 1.076000e+003 2.586178e+001 1.349189e+003
         vertex 1.081700e+003 2.586178e+001 1.349189e+003
         vertex 1.081700e+003 3.020959e+001 1.344662e+003
      endloop
   endfacet
   facet normal 0.000000e+000 7.395756e-001 6.730735e-001
      outer loop
         vertex 1.076000e+003 2.586178e+001 1.349189e+003
         vertex 1.081700e+003 3.020959e+001 1.344662e+003
         vertex 1.076000e+003 3.020959e+001 1.344662e+003
      endloop
   endfacet
   facet normal 0.000000e+000 8.074053e-001 5.899972e-001
      outer loop
         vertex 1.076000e+003 3.020959e+001 1.344662e+003
         vertex 1.081700e+003 3.020959e+001 1.344662e+003
         vertex 1.081700e+003 3.377499e+001 1.339497e+003
      endloop
   endfacet
   facet normal 0.000000e+000 8.379669e-001 5.457212e-001
      outer loop
         vertex 1.076000e+003 3.020959e+001 1.344662e+003
         vertex 1.081700e+003 3.377499e+001 1.339497e+003
         vertex 1.076000e+003 3.377499e+001 1.339497e+003
      endloop
   endfacet
   facet normal 0.000000e+000 8.915918e-001 4.528400e-001
      outer loop
         vertex 1.076000e+003 3.377499e+001 1.339497e+003
         vertex 1.081700e+003 3.377499e+001 1.339497e+003
         vertex 1.081700e+003 3.646563e+001 1.333826e+003
      endloop
   endfacet
   facet normal 0.000000e+000 9.146552e-001 4.042349e-001
      outer loop
         vertex 1.076000e+003 3.377499e+001 1.339497e+003
         vertex 1.081700e+003 3.646563e+001 1.333826e+003
         vertex 1.076000e+003 3.646563e+001 1.333826e+003
      endloop
   endfacet
   facet normal 0.000000e+000 9.526865e-001 3.039545e-001
      outer loop
         vertex 1.076000e+003 3.646563e+001 1.333826e+003
         vertex 1.081700e+003 3.646563e+001 1.333826e+003
         vertex 1.081700e+003 3.821183e+001 1.327798e+003
      endloop
   endfacet
   facet normal 0.000000e+000 9.676545e-001 2.522791e-001
      outer loop
         vertex 1.076000e+003 3.646563e+001 1.333826e+003
         vertex 1.081700e+003 3.821183e+001 1.327798e+003
         vertex 1.076000e+003 3.821183e+001 1.327798e+003
      endloop
   endfacet
   facet normal 0.000000e+000 9.891073e-001 1.471967e-001
      outer loop
         vertex 1.076000e+003 3.821183e+001 1.327798e+003
         vertex 1.081700e+003 3.821183e+001 1.327798e+003
         vertex 1.081700e+003 3.896837e+001 1.321567e+003
      endloop
   endfacet
   facet normal 0.000000e+000 9.955921e-001 9.378949e-002
      outer loop
         vertex 1.076000e+003 3.821183e+001 1.327798e+003
         vertex 1.081700e+003 3.896837e+001 1.321567e+003
         vertex 1.076000e+003 3.896837e+001 1.321567e+003
      endloop
   endfacet
   facet normal 0.000000e+000 9.999106e-001 -1.337347e-002
      outer loop
         vertex 1.076000e+003 3.896837e+001 1.321567e+003
         vertex 1.081700e+003 3.896837e+001 1.321567e+003
         vertex 1.081700e+003 3.871564e+001 1.315296e+003
      endloop
   endfacet
   facet normal 0.000000e+000 9.977443e-001 -6.712926e-002
      outer loop
         vertex 1.076000e+003 3.896837e+001 1.321567e+003
         vertex 1.081700e+003 3.871564e+001 1.315296e+003
         vertex 1.076000e+003 3.871564e+001 1.315296e+003
      endloop
   endfacet
   facet normal 0.000000e+000 9.848167e-001 -1.735972e-001
      outer loop
         vertex 1.076000e+003 3.871564e+001 1.315296e+003
         vertex 1.081700e+003 3.871564e+001 1.315296e+003
         vertex 1.081700e+003 3.746021e+001 1.309146e+003
      endloop
   endfacet
   facet normal 0.000000e+000 9.740555e-001 -2.263094e-001
      outer loop
         vertex 1.076000e+003 3.871564e+001 1.315296e+003
         vertex 1.081700e+003 3.746021e+001 1.309146e+003
         vertex 1.076000e+003 3.746021e+001 1.309146e+003
      endloop
   endfacet
   facet normal 0.000000e+000 9.442167e-001 -3.293249e-001
      outer loop
         vertex 1.076000e+003 3.746021e+001 1.309146e+003
         vertex 1.081700e+003 3.746021e+001 1.309146e+003
         vertex 1.081700e+003 3.523457e+001 1.303278e+003
      endloop
   endfacet
   facet normal 0.000000e+000 9.251391e-001 -3.796282e-001
      outer loop
         vertex 1.076000e+003 3.746021e+001 1.309146e+003
         vertex 1.081700e+003 3.523457e+001 1.303278e+003
         vertex 1.076000e+003 3.523457e+001 1.303278e+003
      endloop
   endfacet
   facet normal 0.000000e+000 8.791618e-001 -4.765233e-001
      outer loop
         vertex 1.076000e+003 3.523457e+001 1.303278e+003
         vertex 1.081700e+003 3.523457e+001 1.303278e+003
         vertex 1.081700e+003 3.209637e+001 1.297842e+003
      endloop
   endfacet
   facet normal 0.000000e+000 8.522622e-001 -5.231149e-001
      outer loop
         vertex 1.076000e+003 3.523457e+001 1.303278e+003
         vertex 1.081700e+003 3.209637e+001 1.297842e+003
         vertex 1.076000e+003 3.209637e+001 1.297842e+003
      endloop
   endfacet
   facet normal 0.000000e+000 7.913373e-001 -6.113799e-001
      outer loop
         vertex 1.076000e+003 3.209637e+001 1.297842e+003
         vertex 1.081700e+003 3.209637e+001 1.297842e+003
         vertex 1.081700e+003 2.812690e+001 1.292981e+003
      endloop
   endfacet
   facet normal 0.000000e+000 7.573121e-001 -6.530532e-001
      outer loop
         vertex 1.076000e+003 3.209637e+001 1.297842e+003
         vertex 1.081700e+003 2.812690e+001 1.292981e+003
         vertex 1.076000e+003 2.812690e+001 1.292981e+003
      endloop
   endfacet
   facet normal 0.000000e+000 6.830174e-001 -7.304021e-001
      outer loop
         vertex 1.076000e+003 2.812690e+001 1.292981e+003
         vertex 1.081700e+003 2.812690e+001 1.292981e+003
         vertex 1.081700e+003 2.342895e+001 1.288819e+003
      endloop
   endfacet
   facet normal 0.000000e+000 6.427480e-001 -7.660777e-001
      outer loop
         vertex 1.076000e+003 2.812690e+001 1.292981e+003
         vertex 1.081700e+003 2.342895e+001 1.288819e+003
         vertex 1.076000e+003 2.342895e+001 1.288819e+003
      endloop
   endfacet
   facet normal 0.000000e+000 5.570078e-001 -8.305073e-001
      outer loop
         vertex 1.076000e+003 2.342895e+001 1.288819e+003
         vertex 1.081700e+003 2.342895e+001 1.288819e+003
         vertex 1.081700e+003 1.812420e+001 1.285464e+003
      endloop
   endfacet
   facet normal 0.000000e+000 5.115370e-001 -8.592612e-001
      outer loop
         vertex 1.076000e+003 2.342895e+001 1.288819e+003
         vertex 1.081700e+003 1.812420e+001 1.285464e+003
         vertex 1.076000e+003 1.812420e+001 1.285464e+003
      endloop
   endfacet
   facet normal 0.000000e+000 4.165719e-001 -9.091027e-001
      outer loop
         vertex 1.076000e+003 1.812420e+001 1.285464e+003
         vertex 1.081700e+003 1.812420e+001 1.285464e+003
         vertex 1.081700e+003 1.235005e+001 1.283004e+003
      endloop
   endfacet
   facet normal 0.000000e+000 3.670776e-001 -9.301903e-001
      outer loop
         vertex 1.076000e+003 1.812420e+001 1.285464e+003
         vertex 1.081700e+003 1.235005e+001 1.283004e+003
         vertex 1.076000e+003 1.235005e+001 1.283004e+003
      endloop
   endfacet
   facet normal 0.000000e+000 2.653471e-001 -9.641529e-001
      outer loop
         vertex 1.076000e+003 1.235005e+001 1.283004e+003
         vertex 1.081700e+003 1.235005e+001 1.283004e+003
         vertex 1.081700e+003 6.256040e+000 1.281502e+003
      endloop
   endfacet
   facet normal 0.000000e+000 2.131110e-001 -9.770280e-001
      outer loop
         vertex 1.076000e+003 1.235005e+001 1.283004e+003
         vertex 1.081700e+003 6.256040e+000 1.281502e+003
         vertex 1.076000e+003 6.256040e+000 1.281502e+003
      endloop
   endfacet
   facet normal 0.000000e+000 1.072499e-001 -9.942321e-001
      outer loop
         vertex 1.076000e+003 6.256040e+000 1.281502e+003
         vertex 1.081700e+003 6.256040e+000 1.281502e+003
         vertex 1.081700e+003 -7.901646e-008 1.280997e+003
      endloop
   endfacet
   facet normal -1.000000e+000 0.000000e+000 0.000000e+000
      outer loop
         vertex 1.076000e+003 1.812420e+001 1.285464e+003
         vertex 1.076000e+003 -1.528670e+001 1.355876e+003
         vertex 1.076000e+003 -9.333311e+000 1.357864e+003
      endloop
   endfacet
   facet normal -1.000000e+000 0.000000e+000 0.000000e+000
      outer loop
         vertex 1.076000e+003 1.812420e+001 1.285464e+003
         vertex 1.076000e+003 1.235005e+001 1.283004e+003
         vertex 1.076000e+003 -1.528670e+001 1.355876e+003
      endloop
   endfacet
   facet normal -1.000000e+000 0.000000e+000 0.000000e+000
      outer loop
         vertex 1.076000e+003 -1.528670e+001 1.355876e+003
         vertex 1.076000e+003 1.235005e+001 1.283004e+003
         vertex 1.076000e+003 6.256040e+000 1.281502e+003
      endloop
   endfacet
   facet normal -1.000000e+000 0.000000e+000 0.000000e+000
      outer loop
         vertex 1.076000e+003 -1.528670e+001 1.355876e+003
         vertex 1.076000e+003 6.256040e+000 1.281502e+003
         vertex 1.076000e+003 -7.901646e-008 1.280997e+003
      endloop
   endfacet
   facet normal -1.000000e+000 0.000000e+000 0.000000e+000
      outer loop
         vertex 1.076000e+003 -7.901646e-008 1.280997e+003
         vertex 1.076000e+003 -6.256040e+000 1.281502e+003
         vertex 1.076000e+003 -1.528670e+001 1.355876e+003
      endloop
   endfacet
   facet normal -1.000000e+000 0.000000e+000 0.000000e+000
      outer loop
         vertex 1.076000e+003 -1.528670e+001 1.355876e+003
         vertex 1.076000e+003 -6.256040e+000 1.281502e+003
         vertex 1.076000e+003 -1.235005e+001 1.283004e+003
      endloop
   endfacet
   facet normal -1.000000e+000 0.000000e+000 0.000000e+000
      outer loop
         vertex 1.076000e+003 -1.528670e+001 1.355876e+003
         vertex 1.076000e+003 -1.235005e+001 1.283004e+003
         vertex 1.076000e+003 -1.812420e+001 1.285464e+003
      endloop
   endfacet
   facet normal -1.000000e+000 0.000000e+000 0.000000e+000
      outer loop
         vertex 1.076000e+003 -9.333311e+000 1.357864e+003
         vertex 1.076000e+003 -3.138196e+000 1.358870e+003
         vertex 1.076000e+003 1.812420e+001 1.285464e+003
      endloop
   endfacet
   facet normal -1.000000e+000 0.000000e+000 0.000000e+000
      outer loop
         vertex 1.076000e+003 1.812420e+001 1.285464e+003
         vertex 1.076000e+003 -3.138196e+000 1.358870e+003
         vertex 1.076000e+003 3.138196e+000 1.358870e+003
      endloop
   endfacet
   facet normal -1.000000e+000 0.000000e+000 0.000000e+000
      outer loop
         vertex 1.076000e+003 1.812420e+001 1.285464e+003
         vertex 1.076000e+003 3.138196e+000 1.358870e+003
         vertex 1.076000e+003 9.333311e+000 1.357864e+003
      endloop
   endfacet
   facet normal -1.000000e+000 0.000000e+000 0.000000e+000
      outer loop
         vertex 1.076000e+003 -2.586178e+001 1.349189e+003
         vertex 1.076000e+003 -2.084417e+001 1.352959e+003
         vertex 1.076000e+003 -2.812690e+001 1.292981e+003
      endloop
   endfacet
   facet normal -1.000000e+000 0.000000e+000 0.000000e+000
      outer loop
         vertex 1.076000e+003 -2.812690e+001 1.292981e+003
         vertex 1.076000e+003 -2.084417e+001 1.352959e+003
         vertex 1.076000e+003 -1.528670e+001 1.355876e+003
      endloop
   endfacet
   facet normal -1.000000e+000 0.000000e+000 0.000000e+000
      outer loop
         vertex 1.076000e+003 -2.812690e+001 1.292981e+003
         vertex 1.076000e+003 -1.528670e+001 1.355876e+003
         vertex 1.076000e+003 -2.342895e+001 1.288819e+003
      endloop
   endfacet
   facet normal -1.000000e+000 0.000000e+000 0.000000e+000
      outer loop
         vertex 1.076000e+003 -2.342895e+001 1.288819e+003
         vertex 1.076000e+003 -1.528670e+001 1.355876e+003
         vertex 1.076000e+003 -1.812420e+001 1.285464e+003
      endloop
   endfacet
   facet normal -1.000000e+000 0.000000e+000 0.000000e+000
      outer loop
         vertex 1.076000e+003 3.871564e+001 1.315296e+003
         vertex 1.076000e+003 3.746021e+001 1.309146e+003
         vertex 1.076000e+003 2.084417e+001 1.352959e+003
      endloop
   endfacet
   facet normal -1.000000e+000 0.000000e+000 0.000000e+000
      outer loop
         vertex 1.076000e+003 9.333311e+000 1.357864e+003
         vertex 1.076000e+003 1.528670e+001 1.355876e+003
         vertex 1.076000e+003 1.812420e+001 1.285464e+003
      endloop
   endfacet
   facet normal -1.000000e+000 0.000000e+000 0.000000e+000
      outer loop
         vertex 1.076000e+003 1.812420e+001 1.285464e+003
         vertex 1.076000e+003 1.528670e+001 1.355876e+003
         vertex 1.076000e+003 2.084417e+001 1.352959e+003
      endloop
   endfacet
   facet normal -1.000000e+000 0.000000e+000 0.000000e+000
      outer loop
         vertex 1.076000e+003 1.812420e+001 1.285464e+003
         vertex 1.076000e+003 2.084417e+001 1.352959e+003
         vertex 1.076000e+003 2.342895e+001 1.288819e+003
      endloop
   endfacet
   facet normal -1.000000e+000 0.000000e+000 0.000000e+000
      outer loop
         vertex 1.076000e+003 2.342895e+001 1.288819e+003
         vertex 1.076000e+003 2.084417e+001 1.352959e+003
         vertex 1.076000e+003 2.812690e+001 1.292981e+003
      endloop
   endfacet
   facet normal -1.000000e+000 0.000000e+000 0.000000e+000
      outer loop
         vertex 1.076000e+003 -2.812690e+001 1.292981e+003
         vertex 1.076000e+003 -3.209637e+001 1.297842e+003
         vertex 1.076000e+003 -2.586178e+001 1.349189e+003
      endloop
   endfacet
   facet normal -1.000000e+000 0.000000e+000 0.000000e+000
      outer loop
         vertex 1.076000e+003 -2.586178e+001 1.349189e+003
         vertex 1.076000e+003 -3.209637e+001 1.297842e+003
         vertex 1.076000e+003 -3.523457e+001 1.303278e+003
      endloop
   endfacet
   facet normal -1.000000e+000 0.000000e+000 0.000000e+000
      outer loop
         vertex 1.076000e+003 -2.586178e+001 1.349189e+003
         vertex 1.076000e+003 -3.523457e+001 1.303278e+003
         vertex 1.076000e+003 -3.746021e+001 1.309146e+003
      endloop
   endfacet
   facet normal -1.000000e+000 0.000000e+000 0.000000e+000
      outer loop
         vertex 1.076000e+003 -3.746021e+001 1.309146e+003
         vertex 1.076000e+003 -3.871564e+001 1.315296e+003
         vertex 1.076000e+003 -2.586178e+001 1.349189e+003
      endloop
   endfacet
   facet normal -1.000000e+000 0.000000e+000 0.000000e+000
      outer loop
         vertex 1.076000e+003 -2.586178e+001 1.349189e+003
         vertex 1.076000e+003 -3.871564e+001 1.315296e+003
         vertex 1.076000e+003 -3.896837e+001 1.321567e+003
      endloop
   endfacet
   facet normal -1.000000e+000 0.000000e+000 0.000000e+000
      outer loop
         vertex 1.076000e+003 -2.586178e+001 1.349189e+003
         vertex 1.076000e+003 -3.896837e+001 1.321567e+003
         vertex 1.076000e+003 -3.821183e+001 1.327798e+003
      endloop
   endfacet
   facet normal -1.000000e+000 0.000000e+000 0.000000e+000
      outer loop
         vertex 1.076000e+003 -3.821183e+001 1.327798e+003
         vertex 1.076000e+003 -3.646563e+001 1.333826e+003
         vertex 1.076000e+003 -2.586178e+001 1.349189e+003
      endloop
   endfacet
   facet normal -1.000000e+000 0.000000e+000 0.000000e+000
      outer loop
         vertex 1.076000e+003 -2.586178e+001 1.349189e+003
         vertex 1.076000e+003 -3.646563e+001 1.333826e+003
         vertex 1.076000e+003 -3.377499e+001 1.339497e+003
      endloop
   endfacet
   facet normal -1.000000e+000 0.000000e+000 0.000000e+000
      outer loop
         vertex 1.076000e+003 -2.586178e+001 1.349189e+003
         vertex 1.076000e+003 -3.377499e+001 1.339497e+003
         vertex 1.076000e+003 -3.020959e+001 1.344662e+003
      endloop
   endfacet
   facet normal -1.000000e+000 0.000000e+000 0.000000e+000
      outer loop
         vertex 1.076000e+003 3.377499e+001 1.339497e+003
         vertex 1.076000e+003 3.646563e+001 1.333826e+003
         vertex 1.076000e+003 3.020959e+001 1.344662e+003
      endloop
   endfacet
   facet normal -1.000000e+000 0.000000e+000 0.000000e+000
      outer loop
         vertex 1.076000e+003 3.020959e+001 1.344662e+003
         vertex 1.076000e+003 3.646563e+001 1.333826e+003
         vertex 1.076000e+003 3.821183e+001 1.327798e+003
      endloop
   endfacet
   facet normal -1.000000e+000 0.000000e+000 0.000000e+000
      outer loop
         vertex 1.076000e+003 3.020959e+001 1.344662e+003
         vertex 1.076000e+003 3.821183e+001 1.327798e+003
         vertex 1.076000e+003 2.586178e+001 1.349189e+003
      endloop
   endfacet
   facet normal -1.000000e+000 0.000000e+000 0.000000e+000
      outer loop
         vertex 1.076000e+003 3.746021e+001 1.309146e+003
         vertex 1.076000e+003 3.523457e+001 1.303278e+003
         vertex 1.076000e+003 2.084417e+001 1.352959e+003
      endloop
   endfacet
   facet normal -1.000000e+000 0.000000e+000 0.000000e+000
      outer loop
         vertex 1.076000e+003 2.084417e+001 1.352959e+003
         vertex 1.076000e+003 3.523457e+001 1.303278e+003
         vertex 1.076000e+003 3.209637e+001 1.297842e+003
      endloop
   endfacet
   facet normal -1.000000e+000 0.000000e+000 0.000000e+000
      outer loop
         vertex 1.076000e+003 2.084417e+001 1.352959e+003
         vertex 1.076000e+003 3.209637e+001 1.297842e+003
         vertex 1.076000e+003 2.812690e+001 1.292981e+003
      endloop
   endfacet
   facet normal -1.000000e+000 0.000000e+000 0.000000e+000
      outer loop
         vertex 1.076000e+003 2.586178e+001 1.349189e+003
         vertex 1.076000e+003 3.821183e+001 1.327798e+003
         vertex 1.076000e+003 2.084417e+001 1.352959e+003
      endloop
   endfacet
   facet normal -1.000000e+000 0.000000e+000 0.000000e+000
      outer loop
         vertex 1.076000e+003 2.084417e+001 1.352959e+003
         vertex 1.076000e+003 3.821183e+001 1.327798e+003
         vertex 1.076000e+003 3.896837e+001 1.321567e+003
      endloop
   endfacet
   facet normal -1.000000e+000 0.000000e+000 0.000000e+000
      outer loop
         vertex 1.076000e+003 2.084417e+001 1.352959e+003
         vertex 1.076000e+003 3.896837e+001 1.321567e+003
         vertex 1.076000e+003 3.871564e+001 1.315296e+003
      endloop
   endfacet
endsolid