solid prt1_д╛хо_sldprt
   facet normal 0.000000e+000 -1.000000e+000 0.000000e+000
      outer loop
         vertex -3.566110e+002 -7.839387e+002 2.000000e+001
         vertex -3.389476e+002 -7.839387e+002 2.000000e+001
         vertex -3.613763e+002 -7.839387e+002 1.102863e+002
      endloop
   endfacet
   facet normal 0.000000e+000 -1.000000e+000 0.000000e+000
      outer loop
         vertex -3.613763e+002 -7.839387e+002 1.102863e+002
         vertex -3.389476e+002 -7.839387e+002 2.000000e+001
         vertex -3.389476e+002 -7.839387e+002 2.800000e+002
      endloop
   endfacet
   facet normal 0.000000e+000 -1.000000e+000 0.000000e+000
      outer loop
         vertex -3.613763e+002 -7.839387e+002 1.102863e+002
         vertex -3.389476e+002 -7.839387e+002 2.800000e+002
         vertex -3.703337e+002 -7.839387e+002 2.800000e+002
      endloop
   endfacet
   facet normal 0.000000e+000 0.000000e+000 1.000000e+000
      outer loop
         vertex -5.889476e+002 -8.857224e+002 3.000000e+002
         vertex -5.889476e+002 -9.057223e+002 3.000000e+002
         vertex 5.889476e+002 -8.857224e+002 3.000000e+002
      endloop
   endfacet
   facet normal 0.000000e+000 0.000000e+000 1.000000e+000
      outer loop
         vertex 5.889476e+002 -8.857224e+002 3.000000e+002
         vertex -5.889476e+002 -9.057223e+002 3.000000e+002
         vertex 5.889476e+002 -9.057223e+002 3.000000e+002
      endloop
   endfacet
   facet normal 0.000000e+000 0.000000e+000 1.000000e+000
      outer loop
         vertex 9.845067e+001 -1.506900e+002 3.000000e+002
         vertex 4.418739e+001 -1.744921e+002 3.000000e+002
         vertex 3.703337e+002 -7.639387e+002 3.000000e+002
      endloop
   endfacet
   facet normal 0.000000e+000 0.000000e+000 1.000000e+000
      outer loop
         vertex 3.703337e+002 -7.639387e+002 3.000000e+002
         vertex 4.418739e+001 -1.744921e+002 3.000000e+002
         vertex -3.703337e+002 -7.639387e+002 3.000000e+002
      endloop
   endfacet
   facet normal 0.000000e+000 0.000000e+000 1.000000e+000
      outer loop
         vertex -3.703337e+002 -7.639387e+002 3.000000e+002
         vertex 4.418739e+001 -1.744921e+002 3.000000e+002
         vertex -1.486428e+001 -1.793852e+002 3.000000e+002
      endloop
   endfacet
   facet normal 0.000000e+000 0.000000e+000 1.000000e+000
      outer loop
         vertex -3.703337e+002 -7.639387e+002 3.000000e+002
         vertex -1.486428e+001 -1.793852e+002 3.000000e+002
         vertex -7.230518e+001 -1.648392e+002 3.000000e+002
      endloop
   endfacet
   facet normal 0.000000e+000 0.000000e+000 1.000000e+000
      outer loop
         vertex -1.583053e+002 -8.567053e+001 3.000000e+002
         vertex -4.114089e+002 -2.219106e+002 3.000000e+002
         vertex -4.076496e+002 -3.161067e+002 3.000000e+002
      endloop
   endfacet
   facet normal 0.000000e+000 0.000000e+000 1.000000e+000
      outer loop
         vertex -1.583053e+002 -8.567053e+001 3.000000e+002
         vertex -4.076496e+002 -3.161067e+002 3.000000e+002
         vertex -1.219107e+002 -1.324303e+002 3.000000e+002
      endloop
   endfacet
   facet normal 0.000000e+000 0.000000e+000 1.000000e+000
      outer loop
         vertex -1.219107e+002 -1.324303e+002 3.000000e+002
         vertex -4.076496e+002 -3.161067e+002 3.000000e+002
         vertex -3.981496e+002 -4.741395e+002 3.000000e+002
      endloop
   endfacet
   facet normal 0.000000e+000 0.000000e+000 1.000000e+000
      outer loop
         vertex -1.219107e+002 -1.324303e+002 3.000000e+002
         vertex -3.981496e+002 -4.741395e+002 3.000000e+002
         vertex -7.230518e+001 -1.648392e+002 3.000000e+002
      endloop
   endfacet
   facet normal 0.000000e+000 0.000000e+000 1.000000e+000
      outer loop
         vertex -7.230518e+001 -1.648392e+002 3.000000e+002
         vertex -3.981496e+002 -4.741395e+002 3.000000e+002
         vertex -3.846555e+002 -6.321042e+002 3.000000e+002
      endloop
   endfacet
   facet normal 0.000000e+000 0.000000e+000 1.000000e+000
      outer loop
         vertex -7.230518e+001 -1.648392e+002 3.000000e+002
         vertex -3.846555e+002 -6.321042e+002 3.000000e+002
         vertex -3.703337e+002 -7.639387e+002 3.000000e+002
      endloop
   endfacet
   facet normal 0.000000e+000 0.000000e+000 1.000000e+000
      outer loop
         vertex -4.114089e+002 -2.219106e+002 3.000000e+002
         vertex -1.583053e+002 -8.567053e+001 3.000000e+002
         vertex -4.145194e+002 -6.434747e+001 3.000000e+002
      endloop
   endfacet
   facet normal 0.000000e+000 0.000000e+000 1.000000e+000
      outer loop
         vertex -4.145194e+002 -6.434747e+001 3.000000e+002
         vertex -1.583053e+002 -8.567053e+001 3.000000e+002
         vertex -1.775450e+002 -2.962703e+001 3.000000e+002
      endloop
   endfacet
   facet normal 0.000000e+000 0.000000e+000 1.000000e+000
      outer loop
         vertex -4.145194e+002 -6.434747e+001 3.000000e+002
         vertex -1.775450e+002 -2.962703e+001 3.000000e+002
         vertex -4.136521e+002 9.319965e+001 3.000000e+002
      endloop
   endfacet
   facet normal 0.000000e+000 0.000000e+000 1.000000e+000
      outer loop
         vertex -4.136521e+002 9.319965e+001 3.000000e+002
         vertex -1.775450e+002 -2.962703e+001 3.000000e+002
         vertex -1.775450e+002 2.962703e+001 3.000000e+002
      endloop
   endfacet
   facet normal 0.000000e+000 0.000000e+000 1.000000e+000
      outer loop
         vertex -4.136521e+002 9.319965e+001 3.000000e+002
         vertex -1.775450e+002 2.962703e+001 3.000000e+002
         vertex -4.088055e+002 2.507811e+002 3.000000e+002
      endloop
   endfacet
   facet normal 0.000000e+000 0.000000e+000 1.000000e+000
      outer loop
         vertex -4.088055e+002 2.507811e+002 3.000000e+002
         vertex -1.775450e+002 2.962703e+001 3.000000e+002
         vertex -1.583053e+002 8.567053e+001 3.000000e+002
      endloop
   endfacet
   facet normal 0.000000e+000 0.000000e+000 1.000000e+000
      outer loop
         vertex -4.088055e+002 2.507811e+002 3.000000e+002
         vertex -1.583053e+002 8.567053e+001 3.000000e+002
         vertex -3.999787e+002 4.083646e+002 3.000000e+002
      endloop
   endfacet
   facet normal 0.000000e+000 0.000000e+000 1.000000e+000
      outer loop
         vertex -3.999787e+002 4.083646e+002 3.000000e+002
         vertex -1.583053e+002 8.567053e+001 3.000000e+002
         vertex -1.219107e+002 1.324303e+002 3.000000e+002
      endloop
   endfacet
   facet normal 0.000000e+000 0.000000e+000 1.000000e+000
      outer loop
         vertex -3.999787e+002 4.083646e+002 3.000000e+002
         vertex -1.219107e+002 1.324303e+002 3.000000e+002
         vertex -3.956116e+002 4.441289e+002 3.000000e+002
      endloop
   endfacet
   facet normal 0.000000e+000 0.000000e+000 1.000000e+000
      outer loop
         vertex 3.924793e+002 4.597480e+002 3.000000e+002
         vertex 3.908999e+002 4.664492e+002 3.000000e+002
         vertex 9.845067e+001 1.506900e+002 3.000000e+002
      endloop
   endfacet
   facet normal 0.000000e+000 0.000000e+000 1.000000e+000
      outer loop
         vertex -3.956116e+002 4.441289e+002 3.000000e+002
         vertex -1.219107e+002 1.324303e+002 3.000000e+002
         vertex -3.875665e+002 4.789479e+002 3.000000e+002
      endloop
   endfacet
   facet normal 0.000000e+000 0.000000e+000 1.000000e+000
      outer loop
         vertex -3.875665e+002 4.789479e+002 3.000000e+002
         vertex -1.219107e+002 1.324303e+002 3.000000e+002
         vertex -7.230518e+001 1.648392e+002 3.000000e+002
      endloop
   endfacet
   facet normal 0.000000e+000 0.000000e+000 1.000000e+000
      outer loop
         vertex -3.875665e+002 4.789479e+002 3.000000e+002
         vertex -7.230518e+001 1.648392e+002 3.000000e+002
         vertex -3.759070e+002 5.127353e+002 3.000000e+002
      endloop
   endfacet
   facet normal 0.000000e+000 0.000000e+000 1.000000e+000
      outer loop
         vertex 9.845067e+001 1.506900e+002 3.000000e+002
         vertex 3.492080e+002 5.650889e+002 3.000000e+002
         vertex 4.418739e+001 1.744921e+002 3.000000e+002
      endloop
   endfacet
   facet normal 0.000000e+000 0.000000e+000 1.000000e+000
      outer loop
         vertex 4.418739e+001 1.744921e+002 3.000000e+002
         vertex 3.492080e+002 5.650889e+002 3.000000e+002
         vertex 3.454343e+002 5.709945e+002 3.000000e+002
      endloop
   endfacet
   facet normal 0.000000e+000 0.000000e+000 1.000000e+000
      outer loop
         vertex 4.418739e+001 1.744921e+002 3.000000e+002
         vertex 3.454343e+002 5.709945e+002 3.000000e+002
         vertex 3.243448e+002 5.998219e+002 3.000000e+002
      endloop
   endfacet
   facet normal 0.000000e+000 0.000000e+000 1.000000e+000
      outer loop
         vertex 2.678515e+002 6.546253e+002 3.000000e+002
         vertex 2.383993e+002 6.748282e+002 3.000000e+002
         vertex 4.418739e+001 1.744921e+002 3.000000e+002
      endloop
   endfacet
   facet normal 0.000000e+000 0.000000e+000 1.000000e+000
      outer loop
         vertex 4.418739e+001 1.744921e+002 3.000000e+002
         vertex 2.383993e+002 6.748282e+002 3.000000e+002
         vertex 2.069939e+002 6.918192e+002 3.000000e+002
      endloop
   endfacet
   facet normal 0.000000e+000 0.000000e+000 1.000000e+000
      outer loop
         vertex 3.924793e+002 4.597480e+002 3.000000e+002
         vertex 9.845067e+001 1.506900e+002 3.000000e+002
         vertex 3.984911e+002 4.244425e+002 3.000000e+002
      endloop
   endfacet
   facet normal 0.000000e+000 0.000000e+000 1.000000e+000
      outer loop
         vertex 3.908999e+002 4.664492e+002 3.000000e+002
         vertex 3.805328e+002 5.006619e+002 3.000000e+002
         vertex 9.845067e+001 1.506900e+002 3.000000e+002
      endloop
   endfacet
   facet normal 0.000000e+000 0.000000e+000 1.000000e+000
      outer loop
         vertex 9.845067e+001 1.506900e+002 3.000000e+002
         vertex 3.805328e+002 5.006619e+002 3.000000e+002
         vertex 3.666363e+002 5.335774e+002 3.000000e+002
      endloop
   endfacet
   facet normal 0.000000e+000 0.000000e+000 1.000000e+000
      outer loop
         vertex 9.845067e+001 1.506900e+002 3.000000e+002
         vertex 3.666363e+002 5.335774e+002 3.000000e+002
         vertex 3.492080e+002 5.650889e+002 3.000000e+002
      endloop
   endfacet
   facet normal 0.000000e+000 0.000000e+000 1.000000e+000
      outer loop
         vertex -2.854502e+002 6.401745e+002 3.000000e+002
         vertex -3.111852e+002 6.150115e+002 3.000000e+002
         vertex -7.230518e+001 1.648392e+002 3.000000e+002
      endloop
   endfacet
   facet normal 0.000000e+000 0.000000e+000 1.000000e+000
      outer loop
         vertex -7.230518e+001 1.648392e+002 3.000000e+002
         vertex -3.111852e+002 6.150115e+002 3.000000e+002
         vertex -3.159726e+002 6.096942e+002 3.000000e+002
      endloop
   endfacet
   facet normal 0.000000e+000 0.000000e+000 1.000000e+000
      outer loop
         vertex -7.230518e+001 1.648392e+002 3.000000e+002
         vertex -3.159726e+002 6.096942e+002 3.000000e+002
         vertex -3.381451e+002 5.816945e+002 3.000000e+002
      endloop
   endfacet
   facet normal 0.000000e+000 0.000000e+000 1.000000e+000
      outer loop
         vertex 2.069939e+002 6.918192e+002 3.000000e+002
         vertex 1.737010e+002 7.055131e+002 3.000000e+002
         vertex 4.418739e+001 1.744921e+002 3.000000e+002
      endloop
   endfacet
   facet normal 0.000000e+000 0.000000e+000 1.000000e+000
      outer loop
         vertex 4.418739e+001 1.744921e+002 3.000000e+002
         vertex 1.737010e+002 7.055131e+002 3.000000e+002
         vertex 1.670159e+002 7.077790e+002 3.000000e+002
      endloop
   endfacet
   facet normal 0.000000e+000 0.000000e+000 1.000000e+000
      outer loop
         vertex 4.418739e+001 1.744921e+002 3.000000e+002
         vertex 1.670159e+002 7.077790e+002 3.000000e+002
         vertex 1.325094e+002 7.170974e+002 3.000000e+002
      endloop
   endfacet
   facet normal 0.000000e+000 0.000000e+000 1.000000e+000
      outer loop
         vertex 3.243448e+002 5.998219e+002 3.000000e+002
         vertex 3.003506e+002 6.262620e+002 3.000000e+002
         vertex 4.418739e+001 1.744921e+002 3.000000e+002
      endloop
   endfacet
   facet normal 0.000000e+000 0.000000e+000 1.000000e+000
      outer loop
         vertex 4.418739e+001 1.744921e+002 3.000000e+002
         vertex 3.003506e+002 6.262620e+002 3.000000e+002
         vertex 2.734843e+002 6.502133e+002 3.000000e+002
      endloop
   endfacet
   facet normal 0.000000e+000 0.000000e+000 1.000000e+000
      outer loop
         vertex 4.418739e+001 1.744921e+002 3.000000e+002
         vertex 2.734843e+002 6.502133e+002 3.000000e+002
         vertex 2.678515e+002 6.546253e+002 3.000000e+002
      endloop
   endfacet
   facet normal 0.000000e+000 0.000000e+000 1.000000e+000
      outer loop
         vertex 3.703337e+002 -7.639387e+002 3.000000e+002
         vertex 3.846555e+002 -6.321042e+002 3.000000e+002
         vertex 9.845067e+001 -1.506900e+002 3.000000e+002
      endloop
   endfacet
   facet normal 0.000000e+000 0.000000e+000 1.000000e+000
      outer loop
         vertex 9.845067e+001 -1.506900e+002 3.000000e+002
         vertex 3.846555e+002 -6.321042e+002 3.000000e+002
         vertex 3.981496e+002 -4.741395e+002 3.000000e+002
      endloop
   endfacet
   facet normal 0.000000e+000 0.000000e+000 1.000000e+000
      outer loop
         vertex 9.845067e+001 -1.506900e+002 3.000000e+002
         vertex 3.981496e+002 -4.741395e+002 3.000000e+002
         vertex 1.420453e+002 -1.105583e+002 3.000000e+002
      endloop
   endfacet
   facet normal 0.000000e+000 0.000000e+000 1.000000e+000
      outer loop
         vertex 1.420453e+002 -1.105583e+002 3.000000e+002
         vertex 3.981496e+002 -4.741395e+002 3.000000e+002
         vertex 4.076496e+002 -3.161067e+002 3.000000e+002
      endloop
   endfacet
   facet normal 0.000000e+000 0.000000e+000 1.000000e+000
      outer loop
         vertex 1.420453e+002 -1.105583e+002 3.000000e+002
         vertex 4.076496e+002 -3.161067e+002 3.000000e+002
         vertex 1.702471e+002 -5.844590e+001 3.000000e+002
      endloop
   endfacet
   facet normal 0.000000e+000 0.000000e+000 1.000000e+000
      outer loop
         vertex 1.702471e+002 -5.844590e+001 3.000000e+002
         vertex 4.076496e+002 -3.161067e+002 3.000000e+002
         vertex 4.114089e+002 -2.219106e+002 3.000000e+002
      endloop
   endfacet
   facet normal 0.000000e+000 0.000000e+000 1.000000e+000
      outer loop
         vertex 1.702471e+002 -5.844590e+001 3.000000e+002
         vertex 4.114089e+002 -2.219106e+002 3.000000e+002
         vertex 1.800000e+002 0.000000e+000 3.000000e+002
      endloop
   endfacet
   facet normal 0.000000e+000 0.000000e+000 1.000000e+000
      outer loop
         vertex 1.800000e+002 0.000000e+000 3.000000e+002
         vertex 4.114089e+002 -2.219106e+002 3.000000e+002
         vertex 4.145194e+002 -6.434747e+001 3.000000e+002
      endloop
   endfacet
   facet normal 0.000000e+000 0.000000e+000 1.000000e+000
      outer loop
         vertex 1.800000e+002 0.000000e+000 3.000000e+002
         vertex 4.145194e+002 -6.434747e+001 3.000000e+002
         vertex 1.702471e+002 5.844590e+001 3.000000e+002
      endloop
   endfacet
   facet normal 0.000000e+000 0.000000e+000 1.000000e+000
      outer loop
         vertex 1.702471e+002 5.844590e+001 3.000000e+002
         vertex 4.145194e+002 -6.434747e+001 3.000000e+002
         vertex 4.136521e+002 9.319965e+001 3.000000e+002
      endloop
   endfacet
   facet normal 0.000000e+000 0.000000e+000 1.000000e+000
      outer loop
         vertex 1.702471e+002 5.844590e+001 3.000000e+002
         vertex 4.136521e+002 9.319965e+001 3.000000e+002
         vertex 1.420453e+002 1.105583e+002 3.000000e+002
      endloop
   endfacet
   facet normal 0.000000e+000 0.000000e+000 1.000000e+000
      outer loop
         vertex 1.420453e+002 1.105583e+002 3.000000e+002
         vertex 4.136521e+002 9.319965e+001 3.000000e+002
         vertex 4.088055e+002 2.507811e+002 3.000000e+002
      endloop
   endfacet
   facet normal 0.000000e+000 0.000000e+000 1.000000e+000
      outer loop
         vertex 1.420453e+002 1.105583e+002 3.000000e+002
         vertex 4.088055e+002 2.507811e+002 3.000000e+002
         vertex 9.845067e+001 1.506900e+002 3.000000e+002
      endloop
   endfacet
   facet normal 0.000000e+000 0.000000e+000 1.000000e+000
      outer loop
         vertex 9.845067e+001 1.506900e+002 3.000000e+002
         vertex 4.088055e+002 2.507811e+002 3.000000e+002
         vertex 3.999787e+002 4.083646e+002 3.000000e+002
      endloop
   endfacet
   facet normal 0.000000e+000 0.000000e+000 1.000000e+000
      outer loop
         vertex 9.845067e+001 1.506900e+002 3.000000e+002
         vertex 3.999787e+002 4.083646e+002 3.000000e+002
         vertex 3.984911e+002 4.244425e+002 3.000000e+002
      endloop
   endfacet
   facet normal 0.000000e+000 0.000000e+000 1.000000e+000
      outer loop
         vertex -3.381451e+002 5.816945e+002 3.000000e+002
         vertex -3.572468e+002 5.515265e+002 3.000000e+002
         vertex -7.230518e+001 1.648392e+002 3.000000e+002
      endloop
   endfacet
   facet normal 0.000000e+000 0.000000e+000 1.000000e+000
      outer loop
         vertex -7.230518e+001 1.648392e+002 3.000000e+002
         vertex -3.572468e+002 5.515265e+002 3.000000e+002
         vertex -3.731886e+002 5.192496e+002 3.000000e+002
      endloop
   endfacet
   facet normal 0.000000e+000 0.000000e+000 1.000000e+000
      outer loop
         vertex -7.230518e+001 1.648392e+002 3.000000e+002
         vertex -3.731886e+002 5.192496e+002 3.000000e+002
         vertex -3.759070e+002 5.127353e+002 3.000000e+002
      endloop
   endfacet
   facet normal 0.000000e+000 0.000000e+000 1.000000e+000
      outer loop
         vertex -7.738368e+001 7.242637e+002 3.000000e+002
         vertex -1.130180e+002 7.206838e+002 3.000000e+002
         vertex -1.486428e+001 1.793852e+002 3.000000e+002
      endloop
   endfacet
   facet normal 0.000000e+000 0.000000e+000 1.000000e+000
      outer loop
         vertex -1.486428e+001 1.793852e+002 3.000000e+002
         vertex -1.130180e+002 7.206838e+002 3.000000e+002
         vertex -1.198116e+002 7.195670e+002 3.000000e+002
      endloop
   endfacet
   facet normal 0.000000e+000 0.000000e+000 1.000000e+000
      outer loop
         vertex -1.486428e+001 1.793852e+002 3.000000e+002
         vertex -1.198116e+002 7.195670e+002 3.000000e+002
         vertex -1.546540e+002 7.115671e+002 3.000000e+002
      endloop
   endfacet
   facet normal 0.000000e+000 0.000000e+000 1.000000e+000
      outer loop
         vertex -2.854502e+002 6.401745e+002 3.000000e+002
         vertex -7.230518e+001 1.648392e+002 3.000000e+002
         vertex -2.574291e+002 6.623018e+002 3.000000e+002
      endloop
   endfacet
   facet normal 0.000000e+000 0.000000e+000 1.000000e+000
      outer loop
         vertex -2.574291e+002 6.623018e+002 3.000000e+002
         vertex -7.230518e+001 1.648392e+002 3.000000e+002
         vertex -1.486428e+001 1.793852e+002 3.000000e+002
      endloop
   endfacet
   facet normal 0.000000e+000 0.000000e+000 1.000000e+000
      outer loop
         vertex -2.574291e+002 6.623018e+002 3.000000e+002
         vertex -1.486428e+001 1.793852e+002 3.000000e+002
         vertex -2.272251e+002 6.813676e+002 3.000000e+002
      endloop
   endfacet
   facet normal 0.000000e+000 0.000000e+000 1.000000e+000
      outer loop
         vertex 1.325094e+002 7.170974e+002 3.000000e+002
         vertex 9.722115e+001 7.227391e+002 3.000000e+002
         vertex 4.418739e+001 1.744921e+002 3.000000e+002
      endloop
   endfacet
   facet normal 0.000000e+000 0.000000e+000 1.000000e+000
      outer loop
         vertex 4.418739e+001 1.744921e+002 3.000000e+002
         vertex 9.722115e+001 7.227391e+002 3.000000e+002
         vertex 6.124178e+001 7.246467e+002 3.000000e+002
      endloop
   endfacet
   facet normal 0.000000e+000 0.000000e+000 1.000000e+000
      outer loop
         vertex 4.418739e+001 1.744921e+002 3.000000e+002
         vertex 6.124178e+001 7.246467e+002 3.000000e+002
         vertex -1.486428e+001 1.793852e+002 3.000000e+002
      endloop
   endfacet
   facet normal 0.000000e+000 0.000000e+000 1.000000e+000
      outer loop
         vertex -1.486428e+001 1.793852e+002 3.000000e+002
         vertex 6.124178e+001 7.246467e+002 3.000000e+002
         vertex -6.124178e+001 7.246467e+002 3.000000e+002
      endloop
   endfacet
   facet normal 0.000000e+000 0.000000e+000 1.000000e+000
      outer loop
         vertex -1.486428e+001 1.793852e+002 3.000000e+002
         vertex -6.124178e+001 7.246467e+002 3.000000e+002
         vertex -7.738368e+001 7.242637e+002 3.000000e+002
      endloop
   endfacet
   facet normal 0.000000e+000 0.000000e+000 1.000000e+000
      outer loop
         vertex -1.546540e+002 7.115671e+002 3.000000e+002
         vertex -1.884438e+002 6.999574e+002 3.000000e+002
         vertex -1.486428e+001 1.793852e+002 3.000000e+002
      endloop
   endfacet
   facet normal 0.000000e+000 0.000000e+000 1.000000e+000
      outer loop
         vertex -1.486428e+001 1.793852e+002 3.000000e+002
         vertex -1.884438e+002 6.999574e+002 3.000000e+002
         vertex -2.210750e+002 6.847280e+002 3.000000e+002
      endloop
   endfacet
   facet normal 0.000000e+000 0.000000e+000 1.000000e+000
      outer loop
         vertex -1.486428e+001 1.793852e+002 3.000000e+002
         vertex -2.210750e+002 6.847280e+002 3.000000e+002
         vertex -2.272251e+002 6.813676e+002 3.000000e+002
      endloop
   endfacet
   facet normal 0.000000e+000 0.000000e+000 -1.000000e+000
      outer loop
         vertex 3.389476e+002 -8.857224e+002 0.000000e+000
         vertex 5.889476e+002 -8.857224e+002 0.000000e+000
         vertex 5.889476e+002 -9.057223e+002 0.000000e+000
      endloop
   endfacet
   facet normal 0.000000e+000 0.000000e+000 -1.000000e+000
      outer loop
         vertex 3.973174e+002 -2.356022e+002 0.000000e+000
         vertex 3.933087e+002 -3.304805e+002 0.000000e+000
         vertex -4.010070e+002 -4.372301e+001 0.000000e+000
      endloop
   endfacet
   facet normal 0.000000e+000 0.000000e+000 -1.000000e+000
      outer loop
         vertex 3.566110e+002 -7.639387e+002 0.000000e+000
         vertex 3.389476e+002 -7.639387e+002 0.000000e+000
         vertex 3.695758e+002 -6.460689e+002 0.000000e+000
      endloop
   endfacet
   facet normal 0.000000e+000 0.000000e+000 -1.000000e+000
      outer loop
         vertex 3.695758e+002 -6.460689e+002 0.000000e+000
         vertex 3.389476e+002 -7.639387e+002 0.000000e+000
         vertex -4.010070e+002 -4.372301e+001 0.000000e+000
      endloop
   endfacet
   facet normal 0.000000e+000 0.000000e+000 -1.000000e+000
      outer loop
         vertex 3.695758e+002 -6.460689e+002 0.000000e+000
         vertex -4.010070e+002 -4.372301e+001 0.000000e+000
         vertex 3.834395e+002 -4.882928e+002 0.000000e+000
      endloop
   endfacet
   facet normal 0.000000e+000 0.000000e+000 -1.000000e+000
      outer loop
         vertex 3.834395e+002 -4.882928e+002 0.000000e+000
         vertex -4.010070e+002 -4.372301e+001 0.000000e+000
         vertex 3.933087e+002 -3.304805e+002 0.000000e+000
      endloop
   endfacet
   facet normal 0.000000e+000 0.000000e+000 -1.000000e+000
      outer loop
         vertex -5.889476e+002 -9.057223e+002 0.000000e+000
         vertex -5.889476e+002 -8.857224e+002 0.000000e+000
         vertex -3.389476e+002 -8.857224e+002 0.000000e+000
      endloop
   endfacet
   facet normal 0.000000e+000 0.000000e+000 -1.000000e+000
      outer loop
         vertex 5.889476e+002 -9.057223e+002 0.000000e+000
         vertex -5.889476e+002 -9.057223e+002 0.000000e+000
         vertex 3.389476e+002 -8.857224e+002 0.000000e+000
      endloop
   endfacet
   facet normal 0.000000e+000 0.000000e+000 -1.000000e+000
      outer loop
         vertex 3.389476e+002 -8.857224e+002 0.000000e+000
         vertex -5.889476e+002 -9.057223e+002 0.000000e+000
         vertex -3.389476e+002 -8.857224e+002 0.000000e+000
      endloop
   endfacet
   facet normal 0.000000e+000 0.000000e+000 -1.000000e+000
      outer loop
         vertex 3.389476e+002 -8.857224e+002 0.000000e+000
         vertex -3.389476e+002 -8.857224e+002 0.000000e+000
         vertex 3.389476e+002 -7.639387e+002 0.000000e+000
      endloop
   endfacet
   facet normal 0.000000e+000 0.000000e+000 -1.000000e+000
      outer loop
         vertex 3.389476e+002 -7.639387e+002 0.000000e+000
         vertex -3.389476e+002 -8.857224e+002 0.000000e+000
         vertex -3.389476e+002 -7.639387e+002 0.000000e+000
      endloop
   endfacet
   facet normal 0.000000e+000 0.000000e+000 -1.000000e+000
      outer loop
         vertex 3.389476e+002 -7.639387e+002 0.000000e+000
         vertex -3.389476e+002 -7.639387e+002 0.000000e+000
         vertex -4.010070e+002 -4.372301e+001 0.000000e+000
      endloop
   endfacet
   facet normal 0.000000e+000 0.000000e+000 -1.000000e+000
      outer loop
         vertex -3.942453e+002 2.712152e+002 0.000000e+000
         vertex 3.957687e+002 2.365778e+002 0.000000e+000
         vertex -3.996169e+002 1.137716e+002 0.000000e+000
      endloop
   endfacet
   facet normal 0.000000e+000 0.000000e+000 -1.000000e+000
      outer loop
         vertex -3.996169e+002 1.137716e+002 0.000000e+000
         vertex 3.957687e+002 2.365778e+002 0.000000e+000
         vertex 4.002639e+002 7.916673e+001 0.000000e+000
      endloop
   endfacet
   facet normal 0.000000e+000 0.000000e+000 -1.000000e+000
      outer loop
         vertex -3.996169e+002 1.137716e+002 0.000000e+000
         vertex 4.002639e+002 7.916673e+001 0.000000e+000
         vertex -4.010070e+002 -4.372301e+001 0.000000e+000
      endloop
   endfacet
   facet normal 0.000000e+000 0.000000e+000 -1.000000e+000
      outer loop
         vertex -4.010070e+002 -4.372301e+001 0.000000e+000
         vertex 4.002639e+002 7.916673e+001 0.000000e+000
         vertex 4.007797e+002 -7.820962e+001 0.000000e+000
      endloop
   endfacet
   facet normal 0.000000e+000 0.000000e+000 -1.000000e+000
      outer loop
         vertex -4.010070e+002 -4.372301e+001 0.000000e+000
         vertex 4.007797e+002 -7.820962e+001 0.000000e+000
         vertex 3.973174e+002 -2.356022e+002 0.000000e+000
      endloop
   endfacet
   facet normal 0.000000e+000 0.000000e+000 -1.000000e+000
      outer loop
         vertex -3.566110e+002 -7.639387e+002 0.000000e+000
         vertex -3.733845e+002 -6.069631e+002 0.000000e+000
         vertex -3.389476e+002 -7.639387e+002 0.000000e+000
      endloop
   endfacet
   facet normal 0.000000e+000 0.000000e+000 -1.000000e+000
      outer loop
         vertex -3.389476e+002 -7.639387e+002 0.000000e+000
         vertex -3.733845e+002 -6.069631e+002 0.000000e+000
         vertex -3.862106e+002 -4.498706e+002 0.000000e+000
      endloop
   endfacet
   facet normal 0.000000e+000 0.000000e+000 -1.000000e+000
      outer loop
         vertex -3.942453e+002 2.712152e+002 0.000000e+000
         vertex 3.781642e+002 4.528229e+002 0.000000e+000
         vertex 3.797436e+002 4.461219e+002 0.000000e+000
      endloop
   endfacet
   facet normal 0.000000e+000 0.000000e+000 -1.000000e+000
      outer loop
         vertex -3.862106e+002 -4.498706e+002 0.000000e+000
         vertex -3.950799e+002 -2.926613e+002 0.000000e+000
         vertex -3.389476e+002 -7.639387e+002 0.000000e+000
      endloop
   endfacet
   facet normal 0.000000e+000 0.000000e+000 -1.000000e+000
      outer loop
         vertex -3.389476e+002 -7.639387e+002 0.000000e+000
         vertex -3.950799e+002 -2.926613e+002 0.000000e+000
         vertex -3.999830e+002 -1.353341e+002 0.000000e+000
      endloop
   endfacet
   facet normal 0.000000e+000 0.000000e+000 -1.000000e+000
      outer loop
         vertex -3.389476e+002 -7.639387e+002 0.000000e+000
         vertex -3.999830e+002 -1.353341e+002 0.000000e+000
         vertex -4.010070e+002 -4.372301e+001 0.000000e+000
      endloop
   endfacet
   facet normal 0.000000e+000 0.000000e+000 -1.000000e+000
      outer loop
         vertex -1.763822e+002 6.860586e+002 0.000000e+000
         vertex -1.426174e+002 6.977406e+002 0.000000e+000
         vertex -3.872918e+002 3.940123e+002 0.000000e+000
      endloop
   endfacet
   facet normal 0.000000e+000 0.000000e+000 -1.000000e+000
      outer loop
         vertex -3.872918e+002 3.940123e+002 0.000000e+000
         vertex -1.426174e+002 6.977406e+002 0.000000e+000
         vertex -1.077924e+002 7.058149e+002 0.000000e+000
      endloop
   endfacet
   facet normal 0.000000e+000 0.000000e+000 -1.000000e+000
      outer loop
         vertex -3.872918e+002 3.940123e+002 0.000000e+000
         vertex -1.077924e+002 7.058149e+002 0.000000e+000
         vertex -3.942453e+002 2.712152e+002 0.000000e+000
      endloop
   endfacet
   facet normal 0.000000e+000 0.000000e+000 -1.000000e+000
      outer loop
         vertex -3.942453e+002 2.712152e+002 0.000000e+000
         vertex -1.077924e+002 7.058149e+002 0.000000e+000
         vertex -1.010013e+002 7.069462e+002 0.000000e+000
      endloop
   endfacet
   facet normal 0.000000e+000 0.000000e+000 -1.000000e+000
      outer loop
         vertex -3.942453e+002 2.712152e+002 0.000000e+000
         vertex -1.010013e+002 7.069462e+002 0.000000e+000
         vertex -6.537390e+001 7.106024e+002 0.000000e+000
      endloop
   endfacet
   facet normal 0.000000e+000 0.000000e+000 -1.000000e+000
      outer loop
         vertex -3.942453e+002 2.712152e+002 0.000000e+000
         vertex 3.326991e+002 5.573683e+002 0.000000e+000
         vertex 3.364730e+002 5.514624e+002 0.000000e+000
      endloop
   endfacet
   facet normal 0.000000e+000 0.000000e+000 -1.000000e+000
      outer loop
         vertex 3.797436e+002 4.461219e+002 0.000000e+000
         vertex 3.857553e+002 4.108156e+002 0.000000e+000
         vertex -3.942453e+002 2.712152e+002 0.000000e+000
      endloop
   endfacet
   facet normal 0.000000e+000 0.000000e+000 -1.000000e+000
      outer loop
         vertex -3.942453e+002 2.712152e+002 0.000000e+000
         vertex 3.857553e+002 4.108156e+002 0.000000e+000
         vertex 3.872918e+002 3.940123e+002 0.000000e+000
      endloop
   endfacet
   facet normal 0.000000e+000 0.000000e+000 -1.000000e+000
      outer loop
         vertex -3.942453e+002 2.712152e+002 0.000000e+000
         vertex 3.872918e+002 3.940123e+002 0.000000e+000
         vertex 3.957687e+002 2.365778e+002 0.000000e+000
      endloop
   endfacet
   facet normal 0.000000e+000 0.000000e+000 -1.000000e+000
      outer loop
         vertex -3.830014e+002 4.297859e+002 0.000000e+000
         vertex -3.750310e+002 4.646223e+002 0.000000e+000
         vertex -2.151237e+002 6.673857e+002 0.000000e+000
      endloop
   endfacet
   facet normal 0.000000e+000 0.000000e+000 -1.000000e+000
      outer loop
         vertex -2.151237e+002 6.673857e+002 0.000000e+000
         vertex -3.750310e+002 4.646223e+002 0.000000e+000
         vertex -3.634439e+002 4.984346e+002 0.000000e+000
      endloop
   endfacet
   facet normal 0.000000e+000 0.000000e+000 -1.000000e+000
      outer loop
         vertex -2.151237e+002 6.673857e+002 0.000000e+000
         vertex -3.634439e+002 4.984346e+002 0.000000e+000
         vertex -3.607394e+002 5.049550e+002 0.000000e+000
      endloop
   endfacet
   facet normal 0.000000e+000 0.000000e+000 -1.000000e+000
      outer loop
         vertex -3.830014e+002 4.297859e+002 0.000000e+000
         vertex -2.151237e+002 6.673857e+002 0.000000e+000
         vertex -3.872918e+002 3.940123e+002 0.000000e+000
      endloop
   endfacet
   facet normal 0.000000e+000 0.000000e+000 -1.000000e+000
      outer loop
         vertex -3.872918e+002 3.940123e+002 0.000000e+000
         vertex -2.151237e+002 6.673857e+002 0.000000e+000
         vertex -2.089805e+002 6.707596e+002 0.000000e+000
      endloop
   endfacet
   facet normal 0.000000e+000 0.000000e+000 -1.000000e+000
      outer loop
         vertex -3.872918e+002 3.940123e+002 0.000000e+000
         vertex -2.089805e+002 6.707596e+002 0.000000e+000
         vertex -1.763822e+002 6.860586e+002 0.000000e+000
      endloop
   endfacet
   facet normal 0.000000e+000 0.000000e+000 -1.000000e+000
      outer loop
         vertex -2.732602e+002 6.260682e+002 0.000000e+000
         vertex -2.452867e+002 6.482554e+002 0.000000e+000
         vertex -2.989412e+002 6.008502e+002 0.000000e+000
      endloop
   endfacet
   facet normal 0.000000e+000 0.000000e+000 -1.000000e+000
      outer loop
         vertex -2.989412e+002 6.008502e+002 0.000000e+000
         vertex -2.452867e+002 6.482554e+002 0.000000e+000
         vertex -2.151237e+002 6.673857e+002 0.000000e+000
      endloop
   endfacet
   facet normal 0.000000e+000 0.000000e+000 -1.000000e+000
      outer loop
         vertex -2.989412e+002 6.008502e+002 0.000000e+000
         vertex -2.151237e+002 6.673857e+002 0.000000e+000
         vertex -3.037176e+002 5.955220e+002 0.000000e+000
      endloop
   endfacet
   facet normal 0.000000e+000 0.000000e+000 -1.000000e+000
      outer loop
         vertex -6.537390e+001 7.106024e+002 0.000000e+000
         vertex -4.850581e+001 7.110207e+002 0.000000e+000
         vertex -3.942453e+002 2.712152e+002 0.000000e+000
      endloop
   endfacet
   facet normal 0.000000e+000 0.000000e+000 -1.000000e+000
      outer loop
         vertex -3.942453e+002 2.712152e+002 0.000000e+000
         vertex -4.850581e+001 7.110207e+002 0.000000e+000
         vertex 4.850581e+001 7.110207e+002 0.000000e+000
      endloop
   endfacet
   facet normal 0.000000e+000 0.000000e+000 -1.000000e+000
      outer loop
         vertex -3.942453e+002 2.712152e+002 0.000000e+000
         vertex 4.850581e+001 7.110207e+002 0.000000e+000
         vertex 8.448528e+001 7.091130e+002 0.000000e+000
      endloop
   endfacet
   facet normal 0.000000e+000 0.000000e+000 -1.000000e+000
      outer loop
         vertex 8.448528e+001 7.091130e+002 0.000000e+000
         vertex 1.197736e+002 7.034714e+002 0.000000e+000
         vertex -3.942453e+002 2.712152e+002 0.000000e+000
      endloop
   endfacet
   facet normal 0.000000e+000 0.000000e+000 -1.000000e+000
      outer loop
         vertex -3.942453e+002 2.712152e+002 0.000000e+000
         vertex 1.197736e+002 7.034714e+002 0.000000e+000
         vertex 1.542802e+002 6.941530e+002 0.000000e+000
      endloop
   endfacet
   facet normal 0.000000e+000 0.000000e+000 -1.000000e+000
      outer loop
         vertex -3.942453e+002 2.712152e+002 0.000000e+000
         vertex 1.542802e+002 6.941530e+002 0.000000e+000
         vertex 1.609656e+002 6.918870e+002 0.000000e+000
      endloop
   endfacet
   facet normal 0.000000e+000 0.000000e+000 -1.000000e+000
      outer loop
         vertex -3.942453e+002 2.712152e+002 0.000000e+000
         vertex 2.551161e+002 6.409994e+002 0.000000e+000
         vertex 2.607494e+002 6.365870e+002 0.000000e+000
      endloop
   endfacet
   facet normal 0.000000e+000 0.000000e+000 -1.000000e+000
      outer loop
         vertex 3.364730e+002 5.514624e+002 0.000000e+000
         vertex 3.539010e+002 5.199509e+002 0.000000e+000
         vertex -3.942453e+002 2.712152e+002 0.000000e+000
      endloop
   endfacet
   facet normal 0.000000e+000 0.000000e+000 -1.000000e+000
      outer loop
         vertex -3.942453e+002 2.712152e+002 0.000000e+000
         vertex 3.539010e+002 5.199509e+002 0.000000e+000
         vertex 3.677973e+002 4.870356e+002 0.000000e+000
      endloop
   endfacet
   facet normal 0.000000e+000 0.000000e+000 -1.000000e+000
      outer loop
         vertex -3.942453e+002 2.712152e+002 0.000000e+000
         vertex 3.677973e+002 4.870356e+002 0.000000e+000
         vertex 3.781642e+002 4.528229e+002 0.000000e+000
      endloop
   endfacet
   facet normal 0.000000e+000 0.000000e+000 -1.000000e+000
      outer loop
         vertex -3.607394e+002 5.049550e+002 0.000000e+000
         vertex -3.448669e+002 5.372659e+002 0.000000e+000
         vertex -2.151237e+002 6.673857e+002 0.000000e+000
      endloop
   endfacet
   facet normal 0.000000e+000 0.000000e+000 -1.000000e+000
      outer loop
         vertex -2.151237e+002 6.673857e+002 0.000000e+000
         vertex -3.448669e+002 5.372659e+002 0.000000e+000
         vertex -3.258300e+002 5.674750e+002 0.000000e+000
      endloop
   endfacet
   facet normal 0.000000e+000 0.000000e+000 -1.000000e+000
      outer loop
         vertex -2.151237e+002 6.673857e+002 0.000000e+000
         vertex -3.258300e+002 5.674750e+002 0.000000e+000
         vertex -3.037176e+002 5.955220e+002 0.000000e+000
      endloop
   endfacet
   facet normal 0.000000e+000 0.000000e+000 -1.000000e+000
      outer loop
         vertex 1.609656e+002 6.918870e+002 0.000000e+000
         vertex 1.942585e+002 6.781931e+002 0.000000e+000
         vertex -3.942453e+002 2.712152e+002 0.000000e+000
      endloop
   endfacet
   facet normal 0.000000e+000 0.000000e+000 -1.000000e+000
      outer loop
         vertex -3.942453e+002 2.712152e+002 0.000000e+000
         vertex 1.942585e+002 6.781931e+002 0.000000e+000
         vertex 2.256638e+002 6.612023e+002 0.000000e+000
      endloop
   endfacet
   facet normal 0.000000e+000 0.000000e+000 -1.000000e+000
      outer loop
         vertex -3.942453e+002 2.712152e+002 0.000000e+000
         vertex 2.256638e+002 6.612023e+002 0.000000e+000
         vertex 2.551161e+002 6.409994e+002 0.000000e+000
      endloop
   endfacet
   facet normal 0.000000e+000 0.000000e+000 -1.000000e+000
      outer loop
         vertex 2.607494e+002 6.365870e+002 0.000000e+000
         vertex 2.876156e+002 6.126356e+002 0.000000e+000
         vertex -3.942453e+002 2.712152e+002 0.000000e+000
      endloop
   endfacet
   facet normal 0.000000e+000 0.000000e+000 -1.000000e+000
      outer loop
         vertex -3.942453e+002 2.712152e+002 0.000000e+000
         vertex 2.876156e+002 6.126356e+002 0.000000e+000
         vertex 3.116097e+002 5.861956e+002 0.000000e+000
      endloop
   endfacet
   facet normal 0.000000e+000 0.000000e+000 -1.000000e+000
      outer loop
         vertex -3.942453e+002 2.712152e+002 0.000000e+000
         vertex 3.116097e+002 5.861956e+002 0.000000e+000
         vertex 3.326991e+002 5.573683e+002 0.000000e+000
      endloop
   endfacet
   facet normal 1.000000e+000 0.000000e+000 0.000000e+000
      outer loop
         vertex 5.889476e+002 -9.057223e+002 3.000000e+002
         vertex 5.889476e+002 -9.057223e+002 0.000000e+000
         vertex 5.889476e+002 -8.857224e+002 3.000000e+002
      endloop
   endfacet
   facet normal 1.000000e+000 0.000000e+000 0.000000e+000
      outer loop
         vertex 5.889476e+002 -8.857224e+002 3.000000e+002
         vertex 5.889476e+002 -9.057223e+002 0.000000e+000
         vertex 5.889476e+002 -8.857224e+002 0.000000e+000
      endloop
   endfacet
   facet normal -9.924024e-001 -1.113474e-001 -5.233836e-002
      outer loop
         vertex -3.812081e+002 -7.663059e+002 1.092396e+002
         vertex -3.901659e+002 -7.663026e+002 2.789533e+002
         vertex -4.045327e+002 -6.340537e+002 2.789533e+002
      endloop
   endfacet
   facet normal -9.968356e-001 5.983148e-002 -5.233617e-002
      outer loop
         vertex -4.092069e+002 3.975899e+002 5.963423e+001
         vertex -4.072204e+002 3.953373e+002 1.895332e+001
         vertex -4.141961e+002 2.721482e+002 1.895333e+001
      endloop
   endfacet
   facet normal -9.968269e-001 5.997322e-002 -5.233756e-002
      outer loop
         vertex -4.287593e+002 2.516467e+002 2.789533e+002
         vertex -4.199044e+002 4.097324e+002 2.789533e+002
         vertex -4.189950e+002 4.086993e+002 2.602915e+002
      endloop
   endfacet
   facet normal -9.968114e-001 6.023273e-002 -5.233634e-002
      outer loop
         vertex -4.092069e+002 3.975899e+002 5.963423e+001
         vertex -4.141961e+002 2.721482e+002 1.895333e+001
         vertex -4.143601e+002 4.034366e+002 1.652329e+002
      endloop
   endfacet
   facet normal -9.968457e-001 5.966204e-002 -5.233742e-002
      outer loop
         vertex -4.189950e+002 4.086993e+002 2.602915e+002
         vertex -4.143601e+002 4.034366e+002 1.652329e+002
         vertex -4.287593e+002 2.516467e+002 2.789533e+002
      endloop
   endfacet
   facet normal -9.972504e-001 5.246527e-002 -5.233657e-002
      outer loop
         vertex -4.287593e+002 2.516467e+002 2.789533e+002
         vertex -4.143601e+002 4.034366e+002 1.652329e+002
         vertex -4.141961e+002 2.721482e+002 1.895333e+001
      endloop
   endfacet
   facet normal -9.978333e-001 3.987195e-002 -5.233447e-002
      outer loop
         vertex -4.287593e+002 2.516467e+002 2.789533e+002
         vertex -4.141961e+002 2.721482e+002 1.895333e+001
         vertex -4.313874e+002 1.661971e+002 2.789533e+002
      endloop
   endfacet
   facet normal -9.980042e-001 3.533810e-002 -5.233457e-002
      outer loop
         vertex -4.313874e+002 1.661971e+002 2.789533e+002
         vertex -4.141961e+002 2.721482e+002 1.895333e+001
         vertex -4.178247e+002 1.657925e+002 1.895335e+001
      endloop
   endfacet
   facet normal -9.982958e-001 2.582171e-002 -5.233339e-002
      outer loop
         vertex -4.313874e+002 1.661971e+002 2.789533e+002
         vertex -4.178247e+002 1.657925e+002 1.895335e+001
         vertex -4.336214e+002 9.356168e+001 2.789533e+002
      endloop
   endfacet
   facet normal -9.983631e-001 2.307429e-002 -5.233316e-002
      outer loop
         vertex -4.336214e+002 9.356168e+001 2.789533e+002
         vertex -4.178247e+002 1.657925e+002 1.895335e+001
         vertex -4.195850e+002 1.142004e+002 1.895335e+001
      endloop
   endfacet
   facet normal -9.985710e-001 1.081157e-002 -5.233665e-002
      outer loop
         vertex -4.336214e+002 9.356168e+001 2.789533e+002
         vertex -4.195850e+002 1.142004e+002 1.895335e+001
         vertex -4.344915e+002 -6.448963e+001 2.789533e+002
      endloop
   endfacet
   facet normal -9.986234e-001 3.505280e-003 -5.233661e-002
      outer loop
         vertex -4.344915e+002 -6.448963e+001 2.789533e+002
         vertex -4.195850e+002 1.142004e+002 1.895335e+001
         vertex -4.209794e+002 -4.379933e+001 1.895336e+001
      endloop
   endfacet
   facet normal -9.986047e-001 -7.065916e-003 -5.233247e-002
      outer loop
         vertex -4.344915e+002 -6.448963e+001 2.789533e+002
         vertex -4.209794e+002 -4.379933e+001 1.895336e+001
         vertex -4.340997e+002 -8.433533e+001 2.789533e+002
      endloop
   endfacet
   facet normal -9.985967e-001 -8.121360e-003 -5.233254e-002
      outer loop
         vertex -4.209794e+002 -4.379933e+001 1.895336e+001
         vertex -4.205279e+002 -8.419767e+001 1.895335e+001
         vertex -4.340997e+002 -8.433533e+001 2.789533e+002
      endloop
   endfacet
   facet normal -9.985449e-001 -1.301765e-002 -5.233275e-002
      outer loop
         vertex -4.340997e+002 -8.433533e+001 2.789533e+002
         vertex -4.205279e+002 -8.419767e+001 1.895335e+001
         vertex -4.199521e+002 -1.357042e+002 1.895335e+001
      endloop
   endfacet
   facet normal -9.984220e-001 -2.036122e-002 -5.233467e-002
      outer loop
         vertex -4.340997e+002 -8.433533e+001 2.789533e+002
         vertex -4.199521e+002 -1.357042e+002 1.895335e+001
         vertex -4.313711e+002 -2.225567e+002 2.789533e+002
      endloop
   endfacet
   facet normal -9.981325e-001 -3.150231e-002 -5.233558e-002
      outer loop
         vertex -4.313711e+002 -2.225567e+002 2.789533e+002
         vertex -4.199521e+002 -1.357042e+002 1.895335e+001
         vertex -4.150333e+002 -2.935352e+002 1.895334e+001
      endloop
   endfacet
   facet normal -9.925327e-001 -1.101795e-001 -5.233936e-002
      outer loop
         vertex -3.764426e+002 -7.663077e+002 1.895328e+001
         vertex -3.812081e+002 -7.663059e+002 1.092396e+002
         vertex -3.932690e+002 -6.088374e+002 1.895329e+001
      endloop
   endfacet
   facet normal -9.932839e-001 -1.031874e-001 -5.233875e-002
      outer loop
         vertex -3.932690e+002 -6.088374e+002 1.895329e+001
         vertex -3.812081e+002 -7.663059e+002 1.092396e+002
         vertex -4.045327e+002 -6.340537e+002 2.789533e+002
      endloop
   endfacet
   facet normal -9.942276e-001 -9.366199e-002 -5.233567e-002
      outer loop
         vertex -3.932690e+002 -6.088374e+002 1.895329e+001
         vertex -4.045327e+002 -6.340537e+002 2.789533e+002
         vertex -3.952952e+002 -5.840199e+002 1.895329e+001
      endloop
   endfacet
   facet normal -9.943495e-001 -9.235747e-002 -5.233570e-002
      outer loop
         vertex -3.952952e+002 -5.840199e+002 1.895329e+001
         vertex -4.045327e+002 -6.340537e+002 2.789533e+002
         vertex -4.087035e+002 -5.852301e+002 2.789533e+002
      endloop
   endfacet
   facet normal -9.951913e-001 -8.279575e-002 -5.233753e-002
      outer loop
         vertex -3.952952e+002 -5.840199e+002 1.895329e+001
         vertex -4.087035e+002 -5.852301e+002 2.789533e+002
         vertex -4.061357e+002 -4.512462e+002 1.895331e+001
      endloop
   endfacet
   facet normal -9.956548e-001 -7.702233e-002 -5.233689e-002
      outer loop
         vertex -4.061357e+002 -4.512462e+002 1.895331e+001
         vertex -4.087035e+002 -5.852301e+002 2.789533e+002
         vertex -4.180695e+002 -4.755891e+002 2.789533e+002
      endloop
   endfacet
   facet normal -9.965889e-001 -6.380767e-002 -5.233658e-002
      outer loop
         vertex -4.061357e+002 -4.512462e+002 1.895331e+001
         vertex -4.180695e+002 -4.755891e+002 2.789533e+002
         vertex -4.127469e+002 -3.340616e+002 1.895333e+001
      endloop
   endfacet
   facet normal -9.969670e-001 -5.759889e-002 -5.233670e-002
      outer loop
         vertex -4.127469e+002 -3.340616e+002 1.895333e+001
         vertex -4.180695e+002 -4.755891e+002 2.789533e+002
         vertex -4.265356e+002 -3.347552e+002 2.789533e+002
      endloop
   endfacet
   facet normal -9.974754e-001 -4.800035e-002 -5.233360e-002
      outer loop
         vertex -4.127469e+002 -3.340616e+002 1.895333e+001
         vertex -4.265356e+002 -3.347552e+002 2.789533e+002
         vertex -4.150333e+002 -2.935352e+002 1.895334e+001
      endloop
   endfacet
   facet normal -9.975202e-001 -4.706139e-002 -5.233350e-002
      outer loop
         vertex -4.150333e+002 -2.935352e+002 1.895334e+001
         vertex -4.265356e+002 -3.347552e+002 2.789533e+002
         vertex -4.275998e+002 -3.170534e+002 2.789533e+002
      endloop
   endfacet
   facet normal -9.977830e-001 -4.111226e-002 -5.233417e-002
      outer loop
         vertex -4.150333e+002 -2.935352e+002 1.895334e+001
         vertex -4.275998e+002 -3.170534e+002 2.789533e+002
         vertex -4.313711e+002 -2.225567e+002 2.789533e+002
      endloop
   endfacet
   facet normal 9.968784e-001 5.911231e-002 -5.233715e-002
      outer loop
         vertex 4.092069e+002 3.975899e+002 5.963423e+001
         vertex 4.143601e+002 4.034366e+002 1.652329e+002
         vertex 4.287593e+002 2.516467e+002 2.789533e+002
      endloop
   endfacet
   facet normal 9.968457e-001 5.966204e-002 -5.233742e-002
      outer loop
         vertex 4.287593e+002 2.516467e+002 2.789533e+002
         vertex 4.143601e+002 4.034366e+002 1.652329e+002
         vertex 4.189950e+002 4.086993e+002 2.602915e+002
      endloop
   endfacet
   facet normal 9.968269e-001 5.997322e-002 -5.233756e-002
      outer loop
         vertex 4.287593e+002 2.516467e+002 2.789533e+002
         vertex 4.189950e+002 4.086993e+002 2.602915e+002
         vertex 4.199044e+002 4.097324e+002 2.789533e+002
      endloop
   endfacet
   facet normal 9.986296e-001 -1.876610e-004 -5.233573e-002
      outer loop
         vertex 4.202339e+002 7.948456e+001 1.895335e+001
         vertex 4.344915e+002 -6.448963e+001 2.789533e+002
         vertex 4.207514e+002 -7.839655e+001 1.895335e+001
      endloop
   endfacet
   facet normal 9.985900e-001 -8.909374e-003 -5.233235e-002
      outer loop
         vertex 4.207514e+002 -7.839655e+001 1.895335e+001
         vertex 4.344915e+002 -6.448963e+001 2.789533e+002
         vertex 4.340997e+002 -8.433533e+001 2.789533e+002
      endloop
   endfacet
   facet normal 9.985800e-001 -9.964798e-003 -5.233232e-002
      outer loop
         vertex 4.207514e+002 -7.839655e+001 1.895335e+001
         vertex 4.340997e+002 -8.433533e+001 2.789533e+002
         vertex 4.206238e+002 -8.419798e+001 1.895335e+001
      endloop
   endfacet
   facet normal 9.969445e-001 5.798627e-002 -5.233756e-002
      outer loop
         vertex 4.072204e+002 3.953373e+002 1.895332e+001
         vertex 4.092069e+002 3.975899e+002 5.963423e+001
         vertex 4.157244e+002 2.373999e+002 1.895334e+001
      endloop
   endfacet
   facet normal 9.973604e-001 5.032948e-002 -5.233697e-002
      outer loop
         vertex 4.157244e+002 2.373999e+002 1.895334e+001
         vertex 4.092069e+002 3.975899e+002 5.963423e+001
         vertex 4.287593e+002 2.516467e+002 2.789533e+002
      endloop
   endfacet
   facet normal 9.979054e-001 3.802523e-002 -5.233392e-002
      outer loop
         vertex 4.157244e+002 2.373999e+002 1.895334e+001
         vertex 4.287593e+002 2.516467e+002 2.789533e+002
         vertex 4.177692e+002 1.657934e+002 1.895334e+001
      endloop
   endfacet
   facet normal 9.980433e-001 3.421633e-002 -5.233393e-002
      outer loop
         vertex 4.177692e+002 1.657934e+002 1.895334e+001
         vertex 4.287593e+002 2.516467e+002 2.789533e+002
         vertex 4.313874e+002 1.661971e+002 2.789533e+002
      endloop
   endfacet
   facet normal 9.983145e-001 2.508537e-002 -5.233370e-002
      outer loop
         vertex 4.177692e+002 1.657934e+002 1.895334e+001
         vertex 4.313874e+002 1.661971e+002 2.789533e+002
         vertex 4.202339e+002 7.948456e+001 1.895335e+001
      endloop
   endfacet
   facet normal 9.984041e-001 2.122483e-002 -5.233347e-002
      outer loop
         vertex 4.202339e+002 7.948456e+001 1.895335e+001
         vertex 4.313874e+002 1.661971e+002 2.789533e+002
         vertex 4.336214e+002 9.356168e+001 2.789533e+002
      endloop
   endfacet
   facet normal 9.985893e-001 8.962108e-003 -5.233577e-002
      outer loop
         vertex 4.202339e+002 7.948456e+001 1.895335e+001
         vertex 4.336214e+002 9.356168e+001 2.789533e+002
         vertex 4.344915e+002 -6.448963e+001 2.789533e+002
      endloop
   endfacet
   facet normal 9.974231e-001 -4.907597e-002 -5.233344e-002
      outer loop
         vertex 4.265356e+002 -3.347552e+002 2.789533e+002
         vertex 4.132565e+002 -3.314753e+002 1.895333e+001
         vertex 4.275998e+002 -3.170534e+002 2.789533e+002
      endloop
   endfacet
   facet normal 9.976650e-001 -4.388165e-002 -5.233437e-002
      outer loop
         vertex 4.275998e+002 -3.170534e+002 2.789533e+002
         vertex 4.132565e+002 -3.314753e+002 1.895333e+001
         vertex 4.172781e+002 -2.362935e+002 1.895334e+001
      endloop
   endfacet
   facet normal 9.984605e-001 -1.837256e-002 -5.233593e-002
      outer loop
         vertex 4.206238e+002 -8.419798e+001 1.895335e+001
         vertex 4.340997e+002 -8.433533e+001 2.789533e+002
         vertex 4.172781e+002 -2.362935e+002 1.895334e+001
      endloop
   endfacet
   facet normal 9.982984e-001 -2.571572e-002 -5.233580e-002
      outer loop
         vertex 4.172781e+002 -2.362935e+002 1.895334e+001
         vertex 4.340997e+002 -8.433533e+001 2.789533e+002
         vertex 4.313711e+002 -2.225567e+002 2.789533e+002
      endloop
   endfacet
   facet normal 9.979038e-001 -3.806951e-002 -5.233414e-002
      outer loop
         vertex 4.172781e+002 -2.362935e+002 1.895334e+001
         vertex 4.313711e+002 -2.225567e+002 2.789533e+002
         vertex 4.275998e+002 -3.170534e+002 2.789533e+002
      endloop
   endfacet
   facet normal 9.923052e-001 -1.122106e-001 -5.233786e-002
      outer loop
         vertex 3.854005e+002 -7.663044e+002 1.886670e+002
         vertex 3.764426e+002 -7.663077e+002 1.895328e+001
         vertex 3.894482e+002 -6.480668e+002 1.895329e+001
      endloop
   endfacet
   facet normal 9.924053e-001 -1.113216e-001 -5.233835e-002
      outer loop
         vertex 3.901659e+002 -7.663026e+002 2.789533e+002
         vertex 3.854005e+002 -7.663044e+002 1.886670e+002
         vertex 4.045327e+002 -6.340537e+002 2.789533e+002
      endloop
   endfacet
   facet normal 9.930707e-001 -1.052203e-001 -5.233799e-002
      outer loop
         vertex 4.045327e+002 -6.340537e+002 2.789533e+002
         vertex 3.854005e+002 -7.663044e+002 1.886670e+002
         vertex 3.894482e+002 -6.480668e+002 1.895329e+001
      endloop
   endfacet
   facet normal 9.940313e-001 -9.572200e-002 -5.233597e-002
      outer loop
         vertex 4.045327e+002 -6.340537e+002 2.789533e+002
         vertex 3.894482e+002 -6.480668e+002 1.895329e+001
         vertex 4.087035e+002 -5.852301e+002 2.789533e+002
      endloop
   endfacet
   facet normal 9.942744e-001 -9.316368e-002 -5.233598e-002
      outer loop
         vertex 4.087035e+002 -5.852301e+002 2.789533e+002
         vertex 3.894482e+002 -6.480668e+002 1.895329e+001
         vertex 3.950778e+002 -5.839991e+002 1.895329e+001
      endloop
   endfacet
   facet normal 9.950880e-001 -8.402860e-002 -5.233676e-002
      outer loop
         vertex 4.087035e+002 -5.852301e+002 2.789533e+002
         vertex 3.950778e+002 -5.839991e+002 1.895329e+001
         vertex 4.180695e+002 -4.755891e+002 2.789533e+002
      endloop
   endfacet
   facet normal 9.954951e-001 -7.905935e-002 -5.233632e-002
      outer loop
         vertex 4.180695e+002 -4.755891e+002 2.789533e+002
         vertex 3.950778e+002 -5.839991e+002 1.895329e+001
         vertex 4.033559e+002 -4.897907e+002 1.895331e+001
      endloop
   endfacet
   facet normal 9.964563e-001 -6.584549e-002 -5.233743e-002
      outer loop
         vertex 4.180695e+002 -4.755891e+002 2.789533e+002
         vertex 4.033559e+002 -4.897907e+002 1.895331e+001
         vertex 4.265356e+002 -3.347552e+002 2.789533e+002
      endloop
   endfacet
   facet normal 9.969202e-001 -5.840294e-002 -5.233740e-002
      outer loop
         vertex 4.265356e+002 -3.347552e+002 2.789533e+002
         vertex 4.033559e+002 -4.897907e+002 1.895331e+001
         vertex 4.130935e+002 -3.340810e+002 1.895333e+001
      endloop
   endfacet
   facet normal 9.973764e-001 -5.001483e-002 -5.233344e-002
      outer loop
         vertex 4.265356e+002 -3.347552e+002 2.789533e+002
         vertex 4.130935e+002 -3.340810e+002 1.895333e+001
         vertex 4.132565e+002 -3.314753e+002 1.895333e+001
      endloop
   endfacet
   facet normal 0.000000e+000 9.986295e-001 -5.233596e-002
      outer loop
         vertex 4.850581e+001 7.309933e+002 1.895328e+001
         vertex -4.850581e+001 7.309933e+002 1.895328e+001
         vertex 5.050032e+001 7.331252e+002 5.963360e+001
      endloop
   endfacet
   facet normal 0.000000e+000 9.986295e-001 -5.233596e-002
      outer loop
         vertex 5.050032e+001 7.331252e+002 5.963360e+001
         vertex -4.850581e+001 7.309933e+002 1.895328e+001
         vertex -5.050032e+001 7.331252e+002 5.963360e+001
      endloop
   endfacet
   facet normal 0.000000e+000 9.986295e-001 -5.233596e-002
      outer loop
         vertex 5.050032e+001 7.331252e+002 5.963360e+001
         vertex -5.050032e+001 7.331252e+002 5.963360e+001
         vertex 5.567458e+001 7.386594e+002 1.652323e+002
      endloop
   endfacet
   facet normal 0.000000e+000 9.986295e-001 -5.233596e-002
      outer loop
         vertex 5.567458e+001 7.386594e+002 1.652323e+002
         vertex -5.050032e+001 7.331252e+002 5.963360e+001
         vertex -5.567458e+001 7.386594e+002 1.652323e+002
      endloop
   endfacet
   facet normal 0.000000e+000 9.986295e-001 -5.233596e-002
      outer loop
         vertex 5.567458e+001 7.386594e+002 1.652323e+002
         vertex -5.567458e+001 7.386594e+002 1.652323e+002
         vertex 6.032853e+001 7.436412e+002 2.602910e+002
      endloop
   endfacet
   facet normal 0.000000e+000 9.986295e-001 -5.233596e-002
      outer loop
         vertex 6.032853e+001 7.436412e+002 2.602910e+002
         vertex -5.567458e+001 7.386594e+002 1.652323e+002
         vertex -6.032853e+001 7.436412e+002 2.602910e+002
      endloop
   endfacet
   facet normal 0.000000e+000 9.986295e-001 -5.233596e-002
      outer loop
         vertex 6.032853e+001 7.436412e+002 2.602910e+002
         vertex -6.032853e+001 7.436412e+002 2.602910e+002
         vertex 6.124178e+001 7.446193e+002 2.789533e+002
      endloop
   endfacet
   facet normal 0.000000e+000 9.986295e-001 -5.233596e-002
      outer loop
         vertex 6.124178e+001 7.446193e+002 2.789533e+002
         vertex -6.032853e+001 7.436412e+002 2.602910e+002
         vertex -6.124178e+001 7.446193e+002 2.789533e+002
      endloop
   endfacet
   facet normal -9.592356e-001 2.758374e-001 -6.148813e-002
      outer loop
         vertex -3.956873e+002 4.733950e+002 5.632420e+001
         vertex -3.938104e+002 4.713136e+002 1.876956e+001
         vertex -3.942294e+002 4.700913e+002 1.877197e+001
      endloop
   endfacet
   facet normal -9.766263e-001 2.067693e-001 -5.871607e-002
      outer loop
         vertex -3.956873e+002 4.733950e+002 5.632420e+001
         vertex -3.942294e+002 4.700913e+002 1.877197e+001
         vertex -4.092069e+002 3.975899e+002 5.963423e+001
      endloop
   endfacet
   facet normal -9.836012e-001 1.710496e-001 -5.719121e-002
      outer loop
         vertex -4.092069e+002 3.975899e+002 5.963423e+001
         vertex -3.942294e+002 4.700913e+002 1.877197e+001
         vertex -4.026729e+002 4.332102e+002 1.885592e+001
      endloop
   endfacet
   facet normal -9.933699e-001 1.014767e-001 -5.402450e-002
      outer loop
         vertex -4.092069e+002 3.975899e+002 5.963423e+001
         vertex -4.026729e+002 4.332102e+002 1.885592e+001
         vertex -4.072204e+002 3.953373e+002 1.895332e+001
      endloop
   endfacet
   facet normal -8.916737e-001 4.476659e-001 -6.718029e-002
      outer loop
         vertex -3.663462e+002 5.446269e+002 5.402941e+001
         vertex -3.644438e+002 5.426061e+002 1.864262e+001
         vertex -3.790931e+002 5.127922e+002 1.868929e+001
      endloop
   endfacet
   facet normal -9.215152e-001 3.828229e-001 -6.524068e-002
      outer loop
         vertex -3.663462e+002 5.446269e+002 5.402941e+001
         vertex -3.790931e+002 5.127922e+002 1.868929e+001
         vertex -3.956873e+002 4.733950e+002 5.632420e+001
      endloop
   endfacet
   facet normal -9.353986e-001 3.477389e-001 -6.408712e-002
      outer loop
         vertex -3.956873e+002 4.733950e+002 5.632420e+001
         vertex -3.790931e+002 5.127922e+002 1.868929e+001
         vertex -3.819573e+002 5.058889e+002 1.870152e+001
      endloop
   endfacet
   facet normal -9.489002e-001 3.092780e-001 -6.273372e-002
      outer loop
         vertex -3.956873e+002 4.733950e+002 5.632420e+001
         vertex -3.819573e+002 5.058889e+002 1.870152e+001
         vertex -3.938104e+002 4.713136e+002 1.876956e+001
      endloop
   endfacet
   facet normal -7.536964e-001 6.533553e-001 -7.119457e-002
      outer loop
         vertex -3.187115e+002 6.086807e+002 1.857516e+001
         vertex -3.207609e+002 6.060816e+002 1.857714e+001
         vertex -3.225284e+002 6.080208e+002 5.285505e+001
      endloop
   endfacet
   facet normal -7.761806e-001 6.265128e-001 -7.089034e-002
      outer loop
         vertex -3.225284e+002 6.080208e+002 5.285505e+001
         vertex -3.207609e+002 6.060816e+002 1.857714e+001
         vertex -3.421257e+002 5.789850e+002 1.859772e+001
      endloop
   endfacet
   facet normal -8.190725e-001 5.694038e-001 -6.999648e-002
      outer loop
         vertex -3.225284e+002 6.080208e+002 5.285505e+001
         vertex -3.421257e+002 5.789850e+002 1.859772e+001
         vertex -3.663462e+002 5.446269e+002 5.402941e+001
      endloop
   endfacet
   facet normal -8.555358e-001 5.131467e-001 -6.883978e-002
      outer loop
         vertex -3.663462e+002 5.446269e+002 5.402941e+001
         vertex -3.421257e+002 5.789850e+002 1.859772e+001
         vertex -3.622843e+002 5.470010e+002 1.863574e+001
      endloop
   endfacet
   facet normal -8.752409e-001 4.788819e-001 -6.801037e-002
      outer loop
         vertex -3.663462e+002 5.446269e+002 5.402941e+001
         vertex -3.622843e+002 5.470010e+002 1.863574e+001
         vertex -3.644438e+002 5.426061e+002 1.864262e+001
      endloop
   endfacet
   facet normal -6.200117e-001 7.813417e-001 -7.134760e-002
      outer loop
         vertex -2.662424e+002 6.606709e+002 5.285495e+001
         vertex -2.643622e+002 6.585528e+002 1.857800e+001
         vertex -2.864622e+002 6.410234e+002 1.856887e+001
      endloop
   endfacet
   facet normal -6.743172e-001 7.349647e-001 -7.157640e-002
      outer loop
         vertex -2.662424e+002 6.606709e+002 5.285495e+001
         vertex -2.864622e+002 6.410234e+002 1.856887e+001
         vertex -3.225284e+002 6.080208e+002 5.285505e+001
      endloop
   endfacet
   facet normal -7.183462e-001 6.920031e-001 -7.148661e-002
      outer loop
         vertex -3.225284e+002 6.080208e+002 5.285505e+001
         vertex -2.864622e+002 6.410234e+002 1.856887e+001
         vertex -3.136540e+002 6.143222e+002 1.857253e+001
      endloop
   endfacet
   facet normal -7.470496e-001 6.609373e-001 -7.126599e-002
      outer loop
         vertex -3.225284e+002 6.080208e+002 5.285505e+001
         vertex -3.136540e+002 6.143222e+002 1.857253e+001
         vertex -3.187115e+002 6.086807e+002 1.857516e+001
      endloop
   endfacet
   facet normal -4.342417e-001 8.981985e-001 -6.836361e-002
      outer loop
         vertex -1.981512e+002 6.978531e+002 1.864362e+001
         vertex -2.184036e+002 6.883461e+002 1.861626e+001
         vertex -2.000680e+002 7.001641e+002 5.402911e+001
      endloop
   endfacet
   facet normal -4.588954e-001 8.858130e-001 -6.892338e-002
      outer loop
         vertex -2.000680e+002 7.001641e+002 5.402911e+001
         vertex -2.184036e+002 6.883461e+002 1.861626e+001
         vertex -2.249079e+002 6.847735e+002 1.860898e+001
      endloop
   endfacet
   facet normal -5.032804e-001 8.612985e-001 -6.981219e-002
      outer loop
         vertex -2.000680e+002 7.001641e+002 5.402911e+001
         vertex -2.249079e+002 6.847735e+002 1.860898e+001
         vertex -2.662424e+002 6.606709e+002 5.285495e+001
      endloop
   endfacet
   facet normal -5.563475e-001 8.279393e-001 -7.066797e-002
      outer loop
         vertex -2.662424e+002 6.606709e+002 5.285495e+001
         vertex -2.249079e+002 6.847735e+002 1.860898e+001
         vertex -2.568438e+002 6.645164e+002 1.858110e+001
      endloop
   endfacet
   facet normal -5.922194e-001 8.026337e-001 -7.110070e-002
      outer loop
         vertex -2.662424e+002 6.606709e+002 5.285495e+001
         vertex -2.568438e+002 6.645164e+002 1.858110e+001
         vertex -2.643622e+002 6.585528e+002 1.857800e+001
      endloop
   endfacet
   facet normal -1.997837e-001 9.779364e-001 -6.104698e-002
      outer loop
         vertex -1.112723e+002 7.254732e+002 1.879911e+001
         vertex -1.251061e+002 7.222640e+002 1.877091e+001
         vertex -1.270382e+002 7.246902e+002 5.632372e+001
      endloop
   endfacet
   facet normal -2.339422e-001 9.702512e-001 -6.231916e-002
      outer loop
         vertex -1.270382e+002 7.246902e+002 5.632372e+001
         vertex -1.251061e+002 7.222640e+002 1.877091e+001
         vertex -1.481422e+002 7.169200e+002 1.872394e+001
      endloop
   endfacet
   facet normal -3.026530e-001 9.509041e-001 -6.467240e-002
      outer loop
         vertex -1.270382e+002 7.246902e+002 5.632372e+001
         vertex -1.481422e+002 7.169200e+002 1.872394e+001
         vertex -2.000680e+002 7.001641e+002 5.402911e+001
      endloop
   endfacet
   facet normal -3.563935e-001 9.319795e-001 -6.631681e-002
      outer loop
         vertex -2.000680e+002 7.001641e+002 5.402911e+001
         vertex -1.481422e+002 7.169200e+002 1.872394e+001
         vertex -1.838900e+002 7.045477e+002 1.866288e+001
      endloop
   endfacet
   facet normal -4.022194e-001 9.130464e-001 -6.757160e-002
      outer loop
         vertex -2.000680e+002 7.001641e+002 5.402911e+001
         vertex -1.838900e+002 7.045477e+002 1.866288e+001
         vertex -1.981512e+002 6.978531e+002 1.864362e+001
      endloop
   endfacet
   facet normal -1.650335e-002 9.984509e-001 -5.313587e-002
      outer loop
         vertex -5.050032e+001 7.331252e+002 5.963360e+001
         vertex -4.850581e+001 7.309933e+002 1.895328e+001
         vertex -6.636383e+001 7.305479e+002 1.890616e+001
      endloop
   endfacet
   facet normal -8.773568e-002 9.945446e-001 -5.642300e-002
      outer loop
         vertex -5.050032e+001 7.331252e+002 5.963360e+001
         vertex -6.636383e+001 7.305479e+002 1.890616e+001
         vertex -1.270382e+002 7.246902e+002 5.632372e+001
      endloop
   endfacet
   facet normal -1.390436e-001 9.885495e-001 -5.862476e-002
      outer loop
         vertex -1.270382e+002 7.246902e+002 5.632372e+001
         vertex -6.636383e+001 7.305479e+002 1.890616e+001
         vertex -1.040825e+002 7.266719e+002 1.881513e+001
      endloop
   endfacet
   facet normal -1.802750e-001 9.817667e-001 -6.029110e-002
      outer loop
         vertex -1.270382e+002 7.246902e+002 5.632372e+001
         vertex -1.040825e+002 7.266719e+002 1.881513e+001
         vertex -1.112723e+002 7.254732e+002 1.879911e+001
      endloop
   endfacet
   facet normal -1.989108e-001 9.781176e-001 -6.099445e-002
      outer loop
         vertex -1.377334e+002 7.359054e+002 2.787716e+002
         vertex -1.232495e+002 7.392328e+002 2.788011e+002
         vertex -1.367839e+002 7.352249e+002 2.569904e+002
      endloop
   endfacet
   facet normal -1.787979e-001 9.820414e-001 -6.021598e-002
      outer loop
         vertex -1.367839e+002 7.352249e+002 2.569904e+002
         vertex -1.232495e+002 7.392328e+002 2.788011e+002
         vertex -1.160570e+002 7.404162e+002 2.788172e+002
      endloop
   endfacet
   facet normal -1.219361e-001 9.908480e-001 -5.789521e-002
      outer loop
         vertex -1.367839e+002 7.352249e+002 2.569904e+002
         vertex -1.160570e+002 7.404162e+002 2.788172e+002
         vertex -6.032853e+001 7.436412e+002 2.602910e+002
      endloop
   endfacet
   facet normal -6.657415e-002 9.962385e-001 -5.546821e-002
      outer loop
         vertex -6.032853e+001 7.436412e+002 2.602910e+002
         vertex -1.160570e+002 7.404162e+002 2.788172e+002
         vertex -7.833100e+001 7.442114e+002 2.789082e+002
      endloop
   endfacet
   facet normal -1.579261e-002 9.984643e-001 -5.310005e-002
      outer loop
         vertex -6.032853e+001 7.436412e+002 2.602910e+002
         vertex -7.833100e+001 7.442114e+002 2.789082e+002
         vertex -6.124178e+001 7.446193e+002 2.789533e+002
      endloop
   endfacet
   facet normal -4.332784e-001 8.986685e-001 -6.829879e-002
      outer loop
         vertex -2.304605e+002 7.023350e+002 2.786180e+002
         vertex -2.106857e+002 7.115661e+002 2.786448e+002
         vertex -2.097426e+002 7.107516e+002 2.547024e+002
      endloop
   endfacet
   facet normal -4.012400e-001 9.134819e-001 -6.750753e-002
      outer loop
         vertex -2.097426e+002 7.107516e+002 2.547024e+002
         vertex -2.106857e+002 7.115661e+002 2.786448e+002
         vertex -1.959122e+002 7.184625e+002 2.786648e+002
      endloop
   endfacet
   facet normal -3.350333e-001 9.399161e-001 -6.565409e-002
      outer loop
         vertex -2.097426e+002 7.107516e+002 2.547024e+002
         vertex -1.959122e+002 7.184625e+002 2.786648e+002
         vertex -1.367839e+002 7.352249e+002 2.569904e+002
      endloop
   endfacet
   facet normal -2.873561e-001 9.556735e-001 -6.414577e-002
      outer loop
         vertex -1.367839e+002 7.352249e+002 2.569904e+002
         vertex -1.959122e+002 7.184625e+002 2.786648e+002
         vertex -1.601377e+002 7.307585e+002 2.787259e+002
      endloop
   endfacet
   facet normal -2.330765e-001 9.704630e-001 -6.226501e-002
      outer loop
         vertex -1.367839e+002 7.352249e+002 2.569904e+002
         vertex -1.601377e+002 7.307585e+002 2.787259e+002
         vertex -1.377334e+002 7.359054e+002 2.787716e+002
      endloop
   endfacet
   facet normal -5.912134e-001 8.033810e-001 -7.103316e-002
      outer loop
         vertex -2.758680e+002 6.713408e+002 2.535317e+002
         vertex -2.768276e+002 6.723678e+002 2.785794e+002
         vertex -2.689514e+002 6.785876e+002 2.785827e+002
      endloop
   endfacet
   facet normal -5.323628e-001 8.435953e-001 -7.026259e-002
      outer loop
         vertex -2.758680e+002 6.713408e+002 2.535317e+002
         vertex -2.689514e+002 6.785876e+002 2.785827e+002
         vertex -2.097426e+002 7.107516e+002 2.547024e+002
      endloop
   endfacet
   facet normal -4.942702e-001 8.665178e-001 -6.959808e-002
      outer loop
         vertex -2.097426e+002 7.107516e+002 2.547024e+002
         vertex -2.689514e+002 6.785876e+002 2.785827e+002
         vertex -2.369721e+002 6.987764e+002 2.786107e+002
      endloop
   endfacet
   facet normal -4.574931e-001 8.865438e-001 -6.884815e-002
      outer loop
         vertex -2.097426e+002 7.107516e+002 2.547024e+002
         vertex -2.369721e+002 6.987764e+002 2.786107e+002
         vertex -2.304605e+002 7.023350e+002 2.786180e+002
      endloop
   endfacet
   facet normal -7.527589e-001 6.544420e-001 -7.113244e-002
      outer loop
         vertex -3.331981e+002 6.200317e+002 2.785786e+002
         vertex -3.309383e+002 6.228851e+002 2.785764e+002
         vertex -3.321359e+002 6.187948e+002 2.535318e+002
      endloop
   endfacet
   facet normal -7.458987e-001 6.622424e-001 -7.120558e-002
      outer loop
         vertex -3.321359e+002 6.187948e+002 2.535318e+002
         vertex -3.309383e+002 6.228851e+002 2.785764e+002
         vertex -3.258692e+002 6.285151e+002 2.785739e+002
      endloop
   endfacet
   facet normal -6.990982e-001 7.114421e-001 -7.149614e-002
      outer loop
         vertex -3.321359e+002 6.187948e+002 2.535318e+002
         vertex -3.258692e+002 6.285151e+002 2.785739e+002
         vertex -2.758680e+002 6.713408e+002 2.535317e+002
      endloop
   endfacet
   facet normal -6.656781e-001 7.428055e-001 -7.150202e-002
      outer loop
         vertex -2.758680e+002 6.713408e+002 2.535317e+002
         vertex -3.258692e+002 6.285151e+002 2.785739e+002
         vertex -2.986202e+002 6.551581e+002 2.785703e+002
      endloop
   endfacet
   facet normal -6.190327e-001 7.821238e-001 -7.128029e-002
      outer loop
         vertex -2.758680e+002 6.713408e+002 2.535317e+002
         vertex -2.986202e+002 6.551581e+002 2.785703e+002
         vertex -2.768276e+002 6.723678e+002 2.785794e+002
      endloop
   endfacet
   facet normal -8.909503e-001 4.491110e-001 -6.713390e-002
      outer loop
         vertex -3.915255e+002 5.271262e+002 2.786900e+002
         vertex -3.769096e+002 5.567114e+002 2.786438e+002
         vertex -3.759729e+002 5.555168e+002 2.547027e+002
      endloop
   endfacet
   facet normal -8.744670e-001 4.803008e-001 -6.796185e-002
      outer loop
         vertex -3.759729e+002 5.555168e+002 2.547027e+002
         vertex -3.769096e+002 5.567114e+002 2.786438e+002
         vertex -3.746433e+002 5.612989e+002 2.786366e+002
      endloop
   endfacet
   facet normal -8.378814e-001 5.414253e-001 -6.937759e-002
      outer loop
         vertex -3.759729e+002 5.555168e+002 2.547027e+002
         vertex -3.746433e+002 5.612989e+002 2.786366e+002
         vertex -3.321359e+002 6.187948e+002 2.535318e+002
      endloop
   endfacet
   facet normal -8.155168e-001 5.744830e-001 -7.001284e-002
      outer loop
         vertex -3.321359e+002 6.187948e+002 2.535318e+002
         vertex -3.746433e+002 5.612989e+002 2.786366e+002
         vertex -3.544162e+002 5.932397e+002 2.785988e+002
      endloop
   endfacet
   facet normal -7.752820e-001 6.276312e-001 -7.082944e-002
      outer loop
         vertex -3.321359e+002 6.187948e+002 2.535318e+002
         vertex -3.544162e+002 5.932397e+002 2.785988e+002
         vertex -3.331981e+002 6.200317e+002 2.785786e+002
      endloop
   endfacet
   facet normal -9.887137e-001 1.390883e-001 -5.567397e-002
      outer loop
         vertex -4.189950e+002 4.086993e+002 2.602915e+002
         vertex -4.199044e+002 4.097324e+002 2.789533e+002
         vertex -4.053741e+002 4.844009e+002 2.569908e+002
      endloop
   endfacet
   facet normal -9.830683e-001 1.740737e-001 -5.722850e-002
      outer loop
         vertex -4.053741e+002 4.844009e+002 2.569908e+002
         vertex -4.199044e+002 4.097324e+002 2.789533e+002
         vertex -4.152757e+002 4.475953e+002 2.788561e+002
      endloop
   endfacet
   facet normal -9.682235e-001 2.427574e-001 -6.010127e-002
      outer loop
         vertex -4.152757e+002 4.475953e+002 2.788561e+002
         vertex -4.067532e+002 4.844582e+002 2.787724e+002
         vertex -4.053741e+002 4.844009e+002 2.569908e+002
      endloop
   endfacet
   facet normal -9.587389e-001 2.775649e-001 -6.146117e-002
      outer loop
         vertex -4.053741e+002 4.844009e+002 2.569908e+002
         vertex -4.067532e+002 4.844582e+002 2.787724e+002
         vertex -4.063675e+002 4.855755e+002 2.787702e+002
      endloop
   endfacet
   facet normal -9.359874e-001 3.461769e-001 -6.394631e-002
      outer loop
         vertex -4.053741e+002 4.844009e+002 2.569908e+002
         vertex -4.063675e+002 4.855755e+002 2.787702e+002
         vertex -3.759729e+002 5.555168e+002 2.547027e+002
      endloop
   endfacet
   facet normal -9.235539e-001 3.779199e-001 -6.499854e-002
      outer loop
         vertex -3.759729e+002 5.555168e+002 2.547027e+002
         vertex -4.063675e+002 4.855755e+002 2.787702e+002
         vertex -3.944044e+002 5.202294e+002 2.787022e+002
      endloop
   endfacet
   facet normal -9.072483e-001 4.153589e-001 -6.616262e-002
      outer loop
         vertex -3.759729e+002 5.555168e+002 2.547027e+002
         vertex -3.944044e+002 5.202294e+002 2.787022e+002
         vertex -3.915255e+002 5.271262e+002 2.786900e+002
      endloop
   endfacet
   facet normal -9.887879e-001 1.385586e-001 -5.567749e-002
      outer loop
         vertex -4.143601e+002 4.034366e+002 1.652329e+002
         vertex -4.189950e+002 4.086993e+002 2.602915e+002
         vertex -4.007871e+002 4.791873e+002 1.619278e+002
      endloop
   endfacet
   facet normal -9.760912e-001 2.092715e-001 -5.874920e-002
      outer loop
         vertex -4.007871e+002 4.791873e+002 1.619278e+002
         vertex -4.189950e+002 4.086993e+002 2.602915e+002
         vertex -4.053741e+002 4.844009e+002 2.569908e+002
      endloop
   endfacet
   facet normal -9.361463e-001 3.457448e-001 -6.395786e-002
      outer loop
         vertex -4.007871e+002 4.791873e+002 1.619278e+002
         vertex -4.053741e+002 4.844009e+002 2.569908e+002
         vertex -3.714143e+002 5.503581e+002 1.596365e+002
      endloop
   endfacet
   facet normal -9.087191e-001 4.121440e-001 -6.608309e-002
      outer loop
         vertex -3.714143e+002 5.503581e+002 1.596365e+002
         vertex -4.053741e+002 4.844009e+002 2.569908e+002
         vertex -3.759729e+002 5.555168e+002 2.547027e+002
      endloop
   endfacet
   facet normal -8.406613e-001 5.371075e-001 -6.931116e-002
      outer loop
         vertex -3.714143e+002 5.503581e+002 1.596365e+002
         vertex -3.759729e+002 5.555168e+002 2.547027e+002
         vertex -3.275865e+002 6.136909e+002 1.584640e+002
      endloop
   endfacet
   facet normal -7.997730e-001 5.961609e-001 -7.039369e-002
      outer loop
         vertex -3.275865e+002 6.136909e+002 1.584640e+002
         vertex -3.759729e+002 5.555168e+002 2.547027e+002
         vertex -3.321359e+002 6.187948e+002 2.535318e+002
      endloop
   endfacet
   facet normal -7.067028e-001 7.038893e-001 -7.149237e-002
      outer loop
         vertex -3.275865e+002 6.136909e+002 1.584640e+002
         vertex -3.321359e+002 6.187948e+002 2.535318e+002
         vertex -2.713100e+002 6.662861e+002 1.584639e+002
      endloop
   endfacet
   facet normal -6.542374e-001 7.529035e-001 -7.148375e-002
      outer loop
         vertex -2.713100e+002 6.662861e+002 1.584639e+002
         vertex -3.321359e+002 6.187948e+002 2.535318e+002
         vertex -2.758680e+002 6.713408e+002 2.535317e+002
      endloop
   endfacet
   facet normal -5.404013e-001 8.384569e-001 -7.040168e-002
      outer loop
         vertex -2.713100e+002 6.662861e+002 1.584639e+002
         vertex -2.758680e+002 6.713408e+002 2.535317e+002
         vertex -2.051613e+002 7.057359e+002 1.596362e+002
      endloop
   endfacet
   facet normal -4.787703e-001 8.752006e-001 -6.930345e-002
      outer loop
         vertex -2.051613e+002 7.057359e+002 1.596362e+002
         vertex -2.758680e+002 6.713408e+002 2.535317e+002
         vertex -2.097426e+002 7.107516e+002 2.547024e+002
      endloop
   endfacet
   facet normal -3.493681e-001 9.346520e-001 -6.608900e-002
      outer loop
         vertex -2.051613e+002 7.057359e+002 1.596362e+002
         vertex -2.097426e+002 7.107516e+002 2.547024e+002
         vertex -1.321690e+002 7.302343e+002 1.619273e+002
      endloop
   endfacet
   facet normal -2.813994e-001 9.574574e-001 -6.395250e-002
      outer loop
         vertex -1.321690e+002 7.302343e+002 1.619273e+002
         vertex -2.097426e+002 7.107516e+002 2.547024e+002
         vertex -1.367839e+002 7.352249e+002 2.569904e+002
      endloop
   endfacet
   facet normal -1.423457e-001 9.880719e-001 -5.875171e-002
      outer loop
         vertex -1.321690e+002 7.302343e+002 1.619273e+002
         vertex -1.367839e+002 7.352249e+002 2.569904e+002
         vertex -5.567458e+001 7.386594e+002 1.652323e+002
      endloop
   endfacet
   facet normal -7.115450e-002 9.959102e-001 -5.567571e-002
      outer loop
         vertex -5.567458e+001 7.386594e+002 1.652323e+002
         vertex -1.367839e+002 7.352249e+002 2.569904e+002
         vertex -6.032853e+001 7.436412e+002 2.602910e+002
      endloop
   endfacet
   facet normal -9.888983e-001 1.377667e-001 -5.568221e-002
      outer loop
         vertex -4.092069e+002 3.975899e+002 5.963423e+001
         vertex -4.143601e+002 4.034366e+002 1.652329e+002
         vertex -3.956873e+002 4.733950e+002 5.632420e+001
      endloop
   endfacet
   facet normal -9.762440e-001 2.085550e-001 -5.875801e-002
      outer loop
         vertex -3.956873e+002 4.733950e+002 5.632420e+001
         vertex -4.143601e+002 4.034366e+002 1.652329e+002
         vertex -4.007871e+002 4.791873e+002 1.619278e+002
      endloop
   endfacet
   facet normal -9.363805e-001 3.451069e-001 -6.397454e-002
      outer loop
         vertex -3.956873e+002 4.733950e+002 5.632420e+001
         vertex -4.007871e+002 4.791873e+002 1.619278e+002
         vertex -3.663462e+002 5.446269e+002 5.402941e+001
      endloop
   endfacet
   facet normal -9.089724e-001 4.115818e-001 -6.610221e-002
      outer loop
         vertex -3.663462e+002 5.446269e+002 5.402941e+001
         vertex -4.007871e+002 4.791873e+002 1.619278e+002
         vertex -3.714143e+002 5.503581e+002 1.596365e+002
      endloop
   endfacet
   facet normal -8.409607e-001 5.366354e-001 -6.933574e-002
      outer loop
         vertex -3.663462e+002 5.446269e+002 5.402941e+001
         vertex -3.714143e+002 5.503581e+002 1.596365e+002
         vertex -3.225284e+002 6.080208e+002 5.285505e+001
      endloop
   endfacet
   facet normal -8.000706e-001 5.957585e-001 -7.041898e-002
      outer loop
         vertex -3.225284e+002 6.080208e+002 5.285505e+001
         vertex -3.714143e+002 5.503581e+002 1.596365e+002
         vertex -3.275865e+002 6.136909e+002 1.584640e+002
      endloop
   endfacet
   facet normal -7.070109e-001 7.035769e-001 -7.152022e-002
      outer loop
         vertex -3.225284e+002 6.080208e+002 5.285505e+001
         vertex -3.275865e+002 6.136909e+002 1.584640e+002
         vertex -2.662424e+002 6.606709e+002 5.285495e+001
      endloop
   endfacet
   facet normal -6.545261e-001 7.526499e-001 -7.151061e-002
      outer loop
         vertex -2.662424e+002 6.606709e+002 5.285495e+001
         vertex -3.275865e+002 6.136909e+002 1.584640e+002
         vertex -2.713100e+002 6.662861e+002 1.584639e+002
      endloop
   endfacet
   facet normal -5.406680e-001 8.382828e-001 -7.042786e-002
      outer loop
         vertex -2.662424e+002 6.606709e+002 5.285495e+001
         vertex -2.713100e+002 6.662861e+002 1.584639e+002
         vertex -2.000680e+002 7.001641e+002 5.402911e+001
      endloop
   endfacet
   facet normal -4.790047e-001 8.750705e-001 -6.932709e-002
      outer loop
         vertex -2.000680e+002 7.001641e+002 5.402911e+001
         vertex -2.713100e+002 6.662861e+002 1.584639e+002
         vertex -2.051613e+002 7.057359e+002 1.596362e+002
      endloop
   endfacet
   facet normal -3.495533e-001 9.345813e-001 -6.610871e-002
      outer loop
         vertex -2.000680e+002 7.001641e+002 5.402911e+001
         vertex -2.051613e+002 7.057359e+002 1.596362e+002
         vertex -1.270382e+002 7.246902e+002 5.632372e+001
      endloop
   endfacet
   facet normal -2.815453e-001 9.574133e-001 -6.396845e-002
      outer loop
         vertex -1.270382e+002 7.246902e+002 5.632372e+001
         vertex -2.051613e+002 7.057359e+002 1.596362e+002
         vertex -1.321690e+002 7.302343e+002 1.619273e+002
      endloop
   endfacet
   facet normal -1.424233e-001 9.880601e-001 -5.876068e-002
      outer loop
         vertex -1.270382e+002 7.246902e+002 5.632372e+001
         vertex -1.321690e+002 7.302343e+002 1.619273e+002
         vertex -5.050032e+001 7.331252e+002 5.963360e+001
      endloop
   endfacet
   facet normal -7.119122e-002 9.959074e-001 -5.568009e-002
      outer loop
         vertex -5.050032e+001 7.331252e+002 5.963360e+001
         vertex -1.321690e+002 7.302343e+002 1.619273e+002
         vertex -5.567458e+001 7.386594e+002 1.652323e+002
      endloop
   endfacet
   facet normal 2.114736e-001 9.754475e-001 -6.148976e-002
      outer loop
         vertex 1.270382e+002 7.246902e+002 5.632372e+001
         vertex 1.251954e+002 7.226558e+002 1.876953e+001
         vertex 1.239569e+002 7.229904e+002 1.877192e+001
      endloop
   endfacet
   facet normal 1.413004e-001 9.882239e-001 -5.871832e-002
      outer loop
         vertex 1.270382e+002 7.246902e+002 5.632372e+001
         vertex 1.239569e+002 7.229904e+002 1.877192e+001
         vertex 5.050032e+001 7.331252e+002 5.963360e+001
      endloop
   endfacet
   facet normal 1.053068e-001 9.927937e-001 -5.719395e-002
      outer loop
         vertex 5.050032e+001 7.331252e+002 5.963360e+001
         vertex 1.239569e+002 7.229904e+002 1.877192e+001
         vertex 8.659695e+001 7.289684e+002 1.885588e+001
      endloop
   endfacet
   facet normal 3.523830e-002 9.979175e-001 -5.402660e-002
      outer loop
         vertex 5.050032e+001 7.331252e+002 5.963360e+001
         vertex 8.659695e+001 7.289684e+002 1.885588e+001
         vertex 4.850581e+001 7.309933e+002 1.895328e+001
      endloop
   endfacet
   facet normal 3.874071e-001 9.194577e-001 -6.718129e-002
      outer loop
         vertex 2.000680e+002 7.001641e+002 5.402911e+001
         vertex 1.982736e+002 6.980871e+002 1.864261e+001
         vertex 1.675680e+002 7.107203e+002 1.868924e+001
      endloop
   endfacet
   facet normal 3.206322e-001 9.449542e-001 -6.524217e-002
      outer loop
         vertex 2.000680e+002 7.001641e+002 5.402911e+001
         vertex 1.675680e+002 7.107203e+002 1.868924e+001
         vertex 1.270382e+002 7.246902e+002 5.632372e+001
      endloop
   endfacet
   facet normal 2.848088e-001 9.564395e-001 -6.408953e-002
      outer loop
         vertex 1.270382e+002 7.246902e+002 5.632372e+001
         vertex 1.675680e+002 7.107203e+002 1.868924e+001
         vertex 1.604899e+002 7.131202e+002 1.870148e+001
      endloop
   endfacet
   facet normal 2.455271e-001 9.673576e-001 -6.273558e-002
      outer loop
         vertex 1.270382e+002 7.246902e+002 5.632372e+001
         vertex 1.604899e+002 7.131202e+002 1.870148e+001
         vertex 1.251954e+002 7.226558e+002 1.876953e+001
      endloop
   endfacet
   facet normal 6.018105e-001 7.954593e-001 -7.119498e-002
      outer loop
         vertex 2.672511e+002 6.568333e+002 1.857515e+001
         vertex 2.645061e+002 6.587163e+002 1.857713e+001
         vertex 2.662424e+002 6.606709e+002 5.285495e+001
      endloop
   endfacet
   facet normal 5.735327e-001 8.161096e-001 -7.089066e-002
      outer loop
         vertex 2.662424e+002 6.606709e+002 5.285495e+001
         vertex 2.645061e+002 6.587163e+002 1.857713e+001
         vertex 2.360675e+002 6.782257e+002 1.859770e+001
      endloop
   endfacet
   facet normal 5.136186e-001 8.551587e-001 -6.999733e-002
      outer loop
         vertex 2.662424e+002 6.606709e+002 5.285495e+001
         vertex 2.360675e+002 6.782257e+002 1.859770e+001
         vertex 2.000680e+002 7.001641e+002 5.402911e+001
      endloop
   endfacet
   facet normal 4.551580e-001 8.877455e-001 -6.884140e-002
      outer loop
         vertex 2.000680e+002 7.001641e+002 5.402911e+001
         vertex 2.360675e+002 6.782257e+002 1.859770e+001
         vertex 2.028166e+002 6.962180e+002 1.863571e+001
      endloop
   endfacet
   facet normal 4.196463e-001 9.051362e-001 -6.801154e-002
      outer loop
         vertex 2.000680e+002 7.001641e+002 5.402911e+001
         vertex 2.028166e+002 6.962180e+002 1.863571e+001
         vertex 1.982736e+002 6.980871e+002 1.864261e+001
      endloop
   endfacet
   facet normal 7.384002e-001 6.705779e-001 -7.134711e-002
      outer loop
         vertex 3.225284e+002 6.080208e+002 5.285505e+001
         vertex 3.206063e+002 6.059263e+002 1.857800e+001
         vertex 3.016620e+002 6.268007e+002 1.856888e+001
      endloop
   endfacet
   facet normal 6.884480e-001 7.217453e-001 -7.157649e-002
      outer loop
         vertex 3.225284e+002 6.080208e+002 5.285505e+001
         vertex 3.016620e+002 6.268007e+002 1.856888e+001
         vertex 2.662424e+002 6.606709e+002 5.285495e+001
      endloop
   endfacet
   facet normal 6.427360e-001 7.627450e-001 -7.148725e-002
      outer loop
         vertex 2.662424e+002 6.606709e+002 5.285495e+001
         vertex 3.016620e+002 6.268007e+002 1.856888e+001
         vertex 2.732156e+002 6.521611e+002 1.857252e+001
      endloop
   endfacet
   facet normal 6.098314e-001 7.893205e-001 -7.126655e-002
      outer loop
         vertex 2.662424e+002 6.606709e+002 5.285495e+001
         vertex 2.732156e+002 6.521611e+002 1.857252e+001
         vertex 2.672511e+002 6.568333e+002 1.857515e+001
      endloop
   endfacet
   facet normal 8.673486e-001 4.929838e-001 -6.836238e-002
      outer loop
         vertex 3.642178e+002 5.424681e+002 1.864363e+001
         vertex 3.533957e+002 5.620316e+002 1.861629e+001
         vertex 3.663462e+002 5.446269e+002 5.402941e+001
      endloop
   endfacet
   facet normal 8.533593e-001 5.167473e-001 -6.892174e-002
      outer loop
         vertex 3.663462e+002 5.446269e+002 5.402941e+001
         vertex 3.533957e+002 5.620316e+002 1.861629e+001
         vertex 3.493994e+002 5.682845e+002 1.860901e+001
      endloop
   endfacet
   facet normal 8.258868e-001 5.594973e-001 -6.981147e-002
      outer loop
         vertex 3.663462e+002 5.446269e+002 5.402941e+001
         vertex 3.493994e+002 5.682845e+002 1.860901e+001
         vertex 3.225284e+002 6.080208e+002 5.285505e+001
      endloop
   endfacet
   facet normal 7.891373e-001 6.101381e-001 -7.066754e-002
      outer loop
         vertex 3.225284e+002 6.080208e+002 5.285505e+001
         vertex 3.493994e+002 5.682845e+002 1.860901e+001
         vertex 3.270681e+002 5.988061e+002 1.858112e+001
      endloop
   endfacet
   facet normal 7.614924e-001 6.442624e-001 -7.110031e-002
      outer loop
         vertex 3.225284e+002 6.080208e+002 5.285505e+001
         vertex 3.270681e+002 5.988061e+002 1.858112e+001
         vertex 3.206063e+002 6.059263e+002 1.857800e+001
      endloop
   endfacet
   facet normal 9.624959e-001 2.643388e-001 -6.104545e-002
      outer loop
         vertex 3.975483e+002 4.575993e+002 1.879916e+001
         vertex 3.934258e+002 4.711985e+002 1.877094e+001
         vertex 3.956873e+002 4.733950e+002 5.632420e+001
      endloop
   endfacet
   facet normal 9.525574e-001 2.979109e-001 -6.231738e-002
      outer loop
         vertex 3.956873e+002 4.733950e+002 5.632420e+001
         vertex 3.934258e+002 4.711985e+002 1.877094e+001
         vertex 3.865680e+002 4.938206e+002 1.872399e+001
      endloop
   endfacet
   facet normal 9.286487e-001 3.652797e-001 -6.467114e-002
      outer loop
         vertex 3.956873e+002 4.733950e+002 5.632420e+001
         vertex 3.865680e+002 4.938206e+002 1.872399e+001
         vertex 3.663462e+002 5.446269e+002 5.402941e+001
      endloop
   endfacet
   facet normal 9.062353e-001 4.175401e-001 -6.631561e-002
      outer loop
         vertex 3.663462e+002 5.446269e+002 5.402941e+001
         vertex 3.865680e+002 4.938206e+002 1.872399e+001
         vertex 3.718512e+002 5.286689e+002 1.866292e+001
      endloop
   endfacet
   facet normal 8.842920e-001 4.620193e-001 -6.757051e-002
      outer loop
         vertex 3.663462e+002 5.446269e+002 5.402941e+001
         vertex 3.718512e+002 5.286689e+002 1.866292e+001
         vertex 3.642178e+002 5.424681e+002 1.864363e+001
      endloop
   endfacet
   facet normal 9.951472e-001 8.281865e-002 -5.313394e-002
      outer loop
         vertex 4.092069e+002 3.975899e+002 5.963423e+001
         vertex 4.072204e+002 3.953373e+002 1.895332e+001
         vertex 4.055912e+002 4.131265e+002 1.890620e+001
      endloop
   endfacet
   facet normal 9.864985e-001 1.537440e-001 -5.642156e-002
      outer loop
         vertex 4.092069e+002 3.975899e+002 5.963423e+001
         vertex 4.055912e+002 4.131265e+002 1.890620e+001
         vertex 3.956873e+002 4.733950e+002 5.632420e+001
      endloop
   endfacet
   facet normal 9.771242e-001 2.044300e-001 -5.862341e-002
      outer loop
         vertex 3.956873e+002 4.733950e+002 5.632420e+001
         vertex 4.055912e+002 4.131265e+002 1.890620e+001
         vertex 3.992214e+002 4.505050e+002 1.881517e+001
      endloop
   endfacet
   facet normal 9.676164e-001 2.451196e-001 -6.028941e-002
      outer loop
         vertex 3.956873e+002 4.733950e+002 5.632420e+001
         vertex 3.992214e+002 4.505050e+002 1.881517e+001
         vertex 3.975483e+002 4.575993e+002 1.879916e+001
      endloop
   endfacet
   facet normal 9.622110e-001 2.653862e-001 -6.099287e-002
      outer loop
         vertex 4.059700e+002 4.854565e+002 2.787716e+002
         vertex 4.102841e+002 4.712257e+002 2.788012e+002
         vertex 4.053741e+002 4.844009e+002 2.569908e+002
      endloop
   endfacet
   facet normal 9.675041e-001 2.455810e-001 -6.021402e-002
      outer loop
         vertex 4.053741e+002 4.844009e+002 2.569908e+002
         vertex 4.102841e+002 4.712257e+002 2.788012e+002
         vertex 4.119572e+002 4.641311e+002 2.788172e+002
      endloop
   endfacet
   facet normal 9.801908e-001 1.894050e-001 -5.789359e-002
      outer loop
         vertex 4.053741e+002 4.844009e+002 2.569908e+002
         vertex 4.119572e+002 4.641311e+002 2.788172e+002
         vertex 4.189950e+002 4.086993e+002 2.602915e+002
      endloop
   endfacet
   facet normal 9.893476e-001 1.345917e-001 -5.546649e-002
      outer loop
         vertex 4.189950e+002 4.086993e+002 2.602915e+002
         vertex 4.119572e+002 4.641311e+002 2.788172e+002
         vertex 4.183271e+002 4.267536e+002 2.789083e+002
      endloop
   endfacet
   facet normal 9.950432e-001 8.408146e-002 -5.309836e-002
      outer loop
         vertex 4.189950e+002 4.086993e+002 2.602915e+002
         vertex 4.183271e+002 4.267536e+002 2.789083e+002
         vertex 4.199044e+002 4.097324e+002 2.789533e+002
      endloop
   endfacet
   facet normal 8.669052e-001 4.937720e-001 -6.829782e-002
      outer loop
         vertex 3.661308e+002 5.756582e+002 2.786181e+002
         vertex 3.766871e+002 5.565754e+002 2.786448e+002
         vertex 3.759729e+002 5.555168e+002 2.547027e+002
      endloop
   endfacet
   facet normal 8.838767e-001 4.628226e-001 -6.750635e-002
      outer loop
         vertex 3.759729e+002 5.555168e+002 2.547027e+002
         vertex 3.766871e+002 5.565754e+002 2.786448e+002
         vertex 3.845865e+002 5.422955e+002 2.786648e+002
      endloop
   endfacet
   facet normal 9.148065e-001 3.985206e-001 -6.565291e-002
      outer loop
         vertex 3.759729e+002 5.555168e+002 2.547027e+002
         vertex 3.845865e+002 5.422955e+002 2.786648e+002
         vertex 4.053741e+002 4.844009e+002 2.569908e+002
      endloop
   endfacet
   facet normal 9.337692e-001 3.520803e-001 -6.414426e-002
      outer loop
         vertex 4.053741e+002 4.844009e+002 2.569908e+002
         vertex 3.845865e+002 5.422955e+002 2.786648e+002
         vertex 3.993035e+002 5.074470e+002 2.787260e+002
      endloop
   endfacet
   facet normal 9.522361e-001 2.989478e-001 -6.226351e-002
      outer loop
         vertex 4.053741e+002 4.844009e+002 2.569908e+002
         vertex 3.993035e+002 5.074470e+002 2.787260e+002
         vertex 4.059700e+002 4.854565e+002 2.787716e+002
      endloop
   endfacet
   facet normal 7.610292e-001 6.448169e-001 -7.103270e-002
      outer loop
         vertex 3.321359e+002 6.187948e+002 2.535318e+002
         vertex 3.330461e+002 6.198781e+002 2.785794e+002
         vertex 3.398033e+002 6.124324e+002 2.785827e+002
      endloop
   endfacet
   facet normal 8.052178e-001 5.888018e-001 -7.026216e-002
      outer loop
         vertex 3.321359e+002 6.187948e+002 2.535318e+002
         vertex 3.398033e+002 6.124324e+002 2.785827e+002
         vertex 3.759729e+002 5.555168e+002 2.547027e+002
      endloop
   endfacet
   facet normal 8.306633e-001 5.524082e-001 -6.959739e-002
      outer loop
         vertex 3.759729e+002 5.555168e+002 2.547027e+002
         vertex 3.398033e+002 6.124324e+002 2.785827e+002
         vertex 3.621348e+002 5.819108e+002 2.786108e+002
      endloop
   endfacet
   facet normal 8.531590e-001 5.170878e-001 -6.884709e-002
      outer loop
         vertex 3.759729e+002 5.555168e+002 2.547027e+002
         vertex 3.621348e+002 5.819108e+002 2.786108e+002
         vertex 3.661308e+002 5.756582e+002 2.786181e+002
      endloop
   endfacet
   facet normal 6.013820e-001 7.957888e-001 -7.113281e-002
      outer loop
         vertex 2.769697e+002 6.725289e+002 2.785786e+002
         vertex 2.799866e+002 6.704592e+002 2.785764e+002
         vertex 2.758680e+002 6.713408e+002 2.535317e+002
      endloop
   endfacet
   facet normal 6.096475e-001 7.894679e-001 -7.120597e-002
      outer loop
         vertex 2.758680e+002 6.713408e+002 2.535317e+002
         vertex 2.799866e+002 6.704592e+002 2.785764e+002
         vertex 2.859505e+002 6.657876e+002 2.785738e+002
      endloop
   endfacet
   facet normal 6.619726e-001 7.461103e-001 -7.149649e-002
      outer loop
         vertex 2.758680e+002 6.713408e+002 2.535317e+002
         vertex 2.859505e+002 6.657876e+002 2.785738e+002
         vertex 3.321359e+002 6.187948e+002 2.535318e+002
      endloop
   endfacet
   facet normal 6.955113e-001 7.149485e-001 -7.150235e-002
      outer loop
         vertex 3.321359e+002 6.187948e+002 2.535318e+002
         vertex 2.859505e+002 6.657876e+002 2.785738e+002
         vertex 3.143970e+002 6.404271e+002 2.785703e+002
      endloop
   endfacet
   facet normal 7.379177e-001 6.711159e-001 -7.128011e-002
      outer loop
         vertex 3.321359e+002 6.187948e+002 2.535318e+002
         vertex 3.143970e+002 6.404271e+002 2.785703e+002
         vertex 3.330461e+002 6.198781e+002 2.785794e+002
      endloop
   endfacet
   facet normal 3.870765e-001 9.196002e-001 -6.713518e-002
      outer loop
         vertex 1.803034e+002 7.243464e+002 2.786899e+002
         vertex 2.108058e+002 7.117968e+002 2.786438e+002
         vertex 2.097426e+002 7.107516e+002 2.547024e+002
      endloop
   endfacet
   facet normal 4.193212e-001 9.052904e-001 -6.796293e-002
      outer loop
         vertex 2.097426e+002 7.107516e+002 2.547024e+002
         vertex 2.108058e+002 7.117968e+002 2.786438e+002
         vertex 2.155520e+002 7.098441e+002 2.786366e+002
      endloop
   endfacet
   facet normal 4.828638e-001 8.729429e-001 -6.937873e-002
      outer loop
         vertex 2.097426e+002 7.107516e+002 2.547024e+002
         vertex 2.155520e+002 7.098441e+002 2.786366e+002
         vertex 2.758680e+002 6.713408e+002 2.535317e+002
      endloop
   endfacet
   facet normal 5.173296e-001 8.529174e-001 -7.001425e-002
      outer loop
         vertex 2.758680e+002 6.713408e+002 2.535317e+002
         vertex 2.155520e+002 7.098441e+002 2.786366e+002
         vertex 2.488030e+002 6.918517e+002 2.785988e+002
      endloop
   endfacet
   facet normal 5.730926e-001 8.164239e-001 -7.083008e-002
      outer loop
         vertex 2.758680e+002 6.713408e+002 2.535317e+002
         vertex 2.488030e+002 6.918517e+002 2.785988e+002
         vertex 2.769697e+002 6.725289e+002 2.785786e+002
      endloop
   endfacet
   facet normal 7.115450e-002 9.959102e-001 -5.567571e-002
      outer loop
         vertex 6.032853e+001 7.436412e+002 2.602910e+002
         vertex 6.124178e+001 7.446193e+002 2.789533e+002
         vertex 1.367839e+002 7.352249e+002 2.569904e+002
      endloop
   endfacet
   facet normal 1.063933e-001 9.926757e-001 -5.723048e-002
      outer loop
         vertex 1.367839e+002 7.352249e+002 2.569904e+002
         vertex 6.124178e+001 7.446193e+002 2.789533e+002
         vertex 9.933282e+001 7.425944e+002 2.788561e+002
      endloop
   endfacet
   facet normal 1.759320e-001 9.825658e-001 -6.010322e-002
      outer loop
         vertex 9.933282e+001 7.425944e+002 2.788561e+002
         vertex 1.366927e+002 7.366164e+002 2.787723e+002
         vertex 1.367839e+002 7.352249e+002 2.569904e+002
      endloop
   endfacet
   facet normal 2.112986e-001 9.754872e-001 -6.146273e-002
      outer loop
         vertex 1.367839e+002 7.352249e+002 2.569904e+002
         vertex 1.366927e+002 7.366164e+002 2.787723e+002
         vertex 1.378250e+002 7.363105e+002 2.787702e+002
      endloop
   endfacet
   facet normal 2.813556e-001 9.574704e-001 -6.394769e-002
      outer loop
         vertex 1.367839e+002 7.352249e+002 2.569904e+002
         vertex 1.378250e+002 7.363105e+002 2.787702e+002
         vertex 2.097426e+002 7.107516e+002 2.547024e+002
      endloop
   endfacet
   facet normal 3.138261e-001 9.472529e-001 -6.500033e-002
      outer loop
         vertex 2.097426e+002 7.107516e+002 2.547024e+002
         vertex 1.378250e+002 7.363105e+002 2.787702e+002
         vertex 1.732256e+002 7.267462e+002 2.787021e+002
      endloop
   endfacet
   facet normal 3.523013e-001 9.335449e-001 -6.616449e-002
      outer loop
         vertex 2.097426e+002 7.107516e+002 2.547024e+002
         vertex 1.732256e+002 7.267462e+002 2.787021e+002
         vertex 1.803034e+002 7.243464e+002 2.786899e+002
      endloop
   endfacet
   facet normal 7.119123e-002 9.959074e-001 -5.568009e-002
      outer loop
         vertex 5.567458e+001 7.386594e+002 1.652323e+002
         vertex 6.032853e+001 7.436412e+002 2.602910e+002
         vertex 1.321690e+002 7.302343e+002 1.619273e+002
      endloop
   endfacet
   facet normal 1.423457e-001 9.880719e-001 -5.875172e-002
      outer loop
         vertex 1.321690e+002 7.302343e+002 1.619273e+002
         vertex 6.032853e+001 7.436412e+002 2.602910e+002
         vertex 1.367839e+002 7.352249e+002 2.569904e+002
      endloop
   endfacet
   facet normal 2.814700e-001 9.574360e-001 -6.396017e-002
      outer loop
         vertex 1.321690e+002 7.302343e+002 1.619273e+002
         vertex 1.367839e+002 7.352249e+002 2.569904e+002
         vertex 2.051613e+002 7.057359e+002 1.596362e+002
      endloop
   endfacet
   facet normal 3.493336e-001 9.346651e-001 -6.608528e-002
      outer loop
         vertex 2.051613e+002 7.057359e+002 1.596362e+002
         vertex 1.367839e+002 7.352249e+002 2.569904e+002
         vertex 2.097426e+002 7.107516e+002 2.547024e+002
      endloop
   endfacet
   facet normal 4.788671e-001 8.751468e-001 -6.931306e-002
      outer loop
         vertex 2.051613e+002 7.057359e+002 1.596362e+002
         vertex 2.097426e+002 7.107516e+002 2.547024e+002
         vertex 2.713100e+002 6.662861e+002 1.584639e+002
      endloop
   endfacet
   facet normal 5.403395e-001 8.384973e-001 -7.039543e-002
      outer loop
         vertex 2.713100e+002 6.662861e+002 1.584639e+002
         vertex 2.097426e+002 7.107516e+002 2.547024e+002
         vertex 2.758680e+002 6.713408e+002 2.535317e+002
      endloop
   endfacet
   facet normal 6.543485e-001 7.528058e-001 -7.149379e-002
      outer loop
         vertex 2.713100e+002 6.662861e+002 1.584639e+002
         vertex 2.758680e+002 6.713408e+002 2.535317e+002
         vertex 3.275865e+002 6.136909e+002 1.584640e+002
      endloop
   endfacet
   facet normal 7.066247e-001 7.039683e-001 -7.148500e-002
      outer loop
         vertex 3.275865e+002 6.136909e+002 1.584640e+002
         vertex 2.758680e+002 6.713408e+002 2.535317e+002
         vertex 3.321359e+002 6.187948e+002 2.535318e+002
      endloop
   endfacet
   facet normal 7.998832e-001 5.960121e-001 -7.040256e-002
      outer loop
         vertex 3.275865e+002 6.136909e+002 1.584640e+002
         vertex 3.321359e+002 6.187948e+002 2.535318e+002
         vertex 3.714143e+002 5.503581e+002 1.596365e+002
      endloop
   endfacet
   facet normal 8.405820e-001 5.372326e-001 -6.930412e-002
      outer loop
         vertex 3.714143e+002 5.503581e+002 1.596365e+002
         vertex 3.321359e+002 6.187948e+002 2.535318e+002
         vertex 3.759729e+002 5.555168e+002 2.547027e+002
      endloop
   endfacet
   facet normal 9.088104e-001 4.119414e-001 -6.608928e-002
      outer loop
         vertex 3.714143e+002 5.503581e+002 1.596365e+002
         vertex 3.759729e+002 5.555168e+002 2.547027e+002
         vertex 4.007871e+002 4.791873e+002 1.619278e+002
      endloop
   endfacet
   facet normal 9.360825e-001 3.459186e-001 -6.395258e-002
      outer loop
         vertex 4.007871e+002 4.791873e+002 1.619278e+002
         vertex 3.759729e+002 5.555168e+002 2.547027e+002
         vertex 4.053741e+002 4.844009e+002 2.569908e+002
      endloop
   endfacet
   facet normal 9.761454e-001 2.090179e-001 -5.875138e-002
      outer loop
         vertex 4.007871e+002 4.791873e+002 1.619278e+002
         vertex 4.053741e+002 4.844009e+002 2.569908e+002
         vertex 4.143601e+002 4.034366e+002 1.652329e+002
      endloop
   endfacet
   facet normal 9.887572e-001 1.387788e-001 -5.567520e-002
      outer loop
         vertex 4.143601e+002 4.034366e+002 1.652329e+002
         vertex 4.053741e+002 4.844009e+002 2.569908e+002
         vertex 4.189950e+002 4.086993e+002 2.602915e+002
      endloop
   endfacet
   facet normal 7.123210e-002 9.959042e-001 -5.568497e-002
      outer loop
         vertex 5.050032e+001 7.331252e+002 5.963360e+001
         vertex 5.567458e+001 7.386594e+002 1.652323e+002
         vertex 1.270382e+002 7.246902e+002 5.632372e+001
      endloop
   endfacet
   facet normal 1.424233e-001 9.880601e-001 -5.876068e-002
      outer loop
         vertex 1.270382e+002 7.246902e+002 5.632372e+001
         vertex 5.567458e+001 7.386594e+002 1.652323e+002
         vertex 1.321690e+002 7.302343e+002 1.619273e+002
      endloop
   endfacet
   facet normal 2.816239e-001 9.573897e-001 -6.397701e-002
      outer loop
         vertex 1.270382e+002 7.246902e+002 5.632372e+001
         vertex 1.321690e+002 7.302343e+002 1.619273e+002
         vertex 2.000680e+002 7.001641e+002 5.402911e+001
      endloop
   endfacet
   facet normal 3.495150e-001 9.345959e-001 -6.610456e-002
      outer loop
         vertex 2.000680e+002 7.001641e+002 5.402911e+001
         vertex 1.321690e+002 7.302343e+002 1.619273e+002
         vertex 2.051613e+002 7.057359e+002 1.596362e+002
      endloop
   endfacet
   facet normal 4.791125e-001 8.750106e-001 -6.933782e-002
      outer loop
         vertex 2.000680e+002 7.001641e+002 5.402911e+001
         vertex 2.051613e+002 7.057359e+002 1.596362e+002
         vertex 2.662424e+002 6.606709e+002 5.285495e+001
      endloop
   endfacet
   facet normal 5.405990e-001 8.383278e-001 -7.042088e-002
      outer loop
         vertex 2.662424e+002 6.606709e+002 5.285495e+001
         vertex 2.051613e+002 7.057359e+002 1.596362e+002
         vertex 2.713100e+002 6.662861e+002 1.584639e+002
      endloop
   endfacet
   facet normal 6.546497e-001 7.525412e-001 -7.152180e-002
      outer loop
         vertex 2.662424e+002 6.606709e+002 5.285495e+001
         vertex 2.713100e+002 6.662861e+002 1.584639e+002
         vertex 3.225284e+002 6.080208e+002 5.285505e+001
      endloop
   endfacet
   facet normal 7.069241e-001 7.036649e-001 -7.151200e-002
      outer loop
         vertex 3.225284e+002 6.080208e+002 5.285505e+001
         vertex 2.713100e+002 6.662861e+002 1.584639e+002
         vertex 3.275865e+002 6.136909e+002 1.584640e+002
      endloop
   endfacet
   facet normal 8.001931e-001 5.955929e-001 -7.042886e-002
      outer loop
         vertex 3.225284e+002 6.080208e+002 5.285505e+001
         vertex 3.275865e+002 6.136909e+002 1.584640e+002
         vertex 3.663462e+002 5.446269e+002 5.402941e+001
      endloop
   endfacet
   facet normal 8.408725e-001 5.367746e-001 -6.932790e-002
      outer loop
         vertex 3.663462e+002 5.446269e+002 5.402941e+001
         vertex 3.275865e+002 6.136909e+002 1.584640e+002
         vertex 3.714143e+002 5.503581e+002 1.596365e+002
      endloop
   endfacet
   facet normal 9.090741e-001 4.113563e-001 -6.610910e-002
      outer loop
         vertex 3.663462e+002 5.446269e+002 5.402941e+001
         vertex 3.714143e+002 5.503581e+002 1.596365e+002
         vertex 3.956873e+002 4.733950e+002 5.632420e+001
      endloop
   endfacet
   facet normal 9.363096e-001 3.453005e-001 -6.396864e-002
      outer loop
         vertex 3.956873e+002 4.733950e+002 5.632420e+001
         vertex 3.714143e+002 5.503581e+002 1.596365e+002
         vertex 4.007871e+002 4.791873e+002 1.619278e+002
      endloop
   endfacet
   facet normal 9.763041e-001 2.082727e-001 -5.876045e-002
      outer loop
         vertex 3.956873e+002 4.733950e+002 5.632420e+001
         vertex 4.007871e+002 4.791873e+002 1.619278e+002
         vertex 4.092069e+002 3.975899e+002 5.963423e+001
      endloop
   endfacet
   facet normal 9.888642e-001 1.380118e-001 -5.567965e-002
      outer loop
         vertex 4.092069e+002 3.975899e+002 5.963423e+001
         vertex 4.007871e+002 4.791873e+002 1.619278e+002
         vertex 4.143601e+002 4.034366e+002 1.652329e+002
      endloop
   endfacet
   facet normal -9.939802e-001 1.095604e-001 0.000000e+000
      outer loop
         vertex 1.702471e+002 -5.844590e+001 1.800000e+002
         vertex 1.800000e+002 -4.408729e-014 3.000000e+002
         vertex 1.800000e+002 -4.408729e-014 1.800000e+002
      endloop
   endfacet
   facet normal -9.939802e-001 -1.095604e-001 0.000000e+000
      outer loop
         vertex 1.800000e+002 -4.408729e-014 1.800000e+002
         vertex 1.800000e+002 -4.408729e-014 3.000000e+002
         vertex 1.702471e+002 5.844590e+001 3.000000e+002
      endloop
   endfacet
   facet normal -9.756978e-001 -2.191207e-001 0.000000e+000
      outer loop
         vertex 1.800000e+002 -4.408729e-014 1.800000e+002
         vertex 1.702471e+002 5.844590e+001 3.000000e+002
         vertex 1.702471e+002 5.844590e+001 1.800000e+002
      endloop
   endfacet
   facet normal -9.045494e-001 -4.263689e-001 0.000000e+000
      outer loop
         vertex 1.702471e+002 5.844590e+001 1.800000e+002
         vertex 1.702471e+002 5.844590e+001 3.000000e+002
         vertex 1.420453e+002 1.105583e+002 3.000000e+002
      endloop
   endfacet
   facet normal -8.516834e-001 -5.240567e-001 0.000000e+000
      outer loop
         vertex 1.702471e+002 5.844590e+001 1.800000e+002
         vertex 1.420453e+002 1.105583e+002 3.000000e+002
         vertex 1.420453e+002 1.105583e+002 1.800000e+002
      endloop
   endfacet
   facet normal -7.170966e-001 -6.969737e-001 0.000000e+000
      outer loop
         vertex 1.420453e+002 1.105583e+002 1.800000e+002
         vertex 1.420453e+002 1.105583e+002 3.000000e+002
         vertex 9.845067e+001 1.506900e+002 3.000000e+002
      endloop
   endfacet
   facet normal -6.353759e-001 -7.722030e-001 0.000000e+000
      outer loop
         vertex 1.420453e+002 1.105583e+002 1.800000e+002
         vertex 9.845067e+001 1.506900e+002 3.000000e+002
         vertex 9.845067e+001 1.506900e+002 1.800000e+002
      endloop
   endfacet
   facet normal -4.519353e-001 -8.920507e-001 0.000000e+000
      outer loop
         vertex 9.845067e+001 1.506900e+002 1.800000e+002
         vertex 9.845067e+001 1.506900e+002 3.000000e+002
         vertex 4.418739e+001 1.744921e+002 3.000000e+002
      endloop
   endfacet
   facet normal -3.502155e-001 -9.366692e-001 0.000000e+000
      outer loop
         vertex 9.845067e+001 1.506900e+002 1.800000e+002
         vertex 4.418739e+001 1.744921e+002 3.000000e+002
         vertex 4.418739e+001 1.744921e+002 1.800000e+002
      endloop
   endfacet
   facet normal -1.377998e-001 -9.904601e-001 0.000000e+000
      outer loop
         vertex 4.418739e+001 1.744921e+002 1.800000e+002
         vertex 4.418739e+001 1.744921e+002 3.000000e+002
         vertex -1.486428e+001 1.793852e+002 3.000000e+002
      endloop
   endfacet
   facet normal -2.710393e-002 -9.996326e-001 0.000000e+000
      outer loop
         vertex 4.418739e+001 1.744921e+002 1.800000e+002
         vertex -1.486428e+001 1.793852e+002 3.000000e+002
         vertex -1.486428e+001 1.793852e+002 1.800000e+002
      endloop
   endfacet
   facet normal 1.912684e-001 -9.815378e-001 0.000000e+000
      outer loop
         vertex -1.486428e+001 1.793852e+002 1.800000e+002
         vertex -1.486428e+001 1.793852e+002 3.000000e+002
         vertex -7.230518e+001 1.648392e+002 3.000000e+002
      endloop
   endfacet
   facet normal 2.989448e-001 -9.542704e-001 0.000000e+000
      outer loop
         vertex -1.486428e+001 1.793852e+002 1.800000e+002
         vertex -7.230518e+001 1.648392e+002 3.000000e+002
         vertex -7.230518e+001 1.648392e+002 1.800000e+002
      endloop
   endfacet
   facet normal 4.996097e-001 -8.662506e-001 0.000000e+000
      outer loop
         vertex -7.230518e+001 1.648392e+002 1.800000e+002
         vertex -7.230518e+001 1.648392e+002 3.000000e+002
         vertex -1.219107e+002 1.324303e+002 3.000000e+002
      endloop
   endfacet
   facet normal 5.925983e-001 -8.054982e-001 0.000000e+000
      outer loop
         vertex -7.230518e+001 1.648392e+002 1.800000e+002
         vertex -1.219107e+002 1.324303e+002 3.000000e+002
         vertex -1.219107e+002 1.324303e+002 1.800000e+002
      endloop
   endfacet
   facet normal 7.538106e-001 -6.570917e-001 0.000000e+000
      outer loop
         vertex -1.219107e+002 1.324303e+002 1.800000e+002
         vertex -1.219107e+002 1.324303e+002 3.000000e+002
         vertex -1.583053e+002 8.567053e+001 3.000000e+002
      endloop
   endfacet
   facet normal 8.220344e-001 -5.694377e-001 0.000000e+000
      outer loop
         vertex -1.219107e+002 1.324303e+002 1.800000e+002
         vertex -1.583053e+002 8.567053e+001 3.000000e+002
         vertex -1.583053e+002 8.567053e+001 1.800000e+002
      endloop
   endfacet
   facet normal 9.263244e-001 -3.767268e-001 0.000000e+000
      outer loop
         vertex -1.583053e+002 8.567053e+001 1.800000e+002
         vertex -1.583053e+002 8.567053e+001 3.000000e+002
         vertex -1.775450e+002 2.962703e+001 3.000000e+002
      endloop
   endfacet
   facet normal 9.623905e-001 -2.716698e-001 0.000000e+000
      outer loop
         vertex -1.583053e+002 8.567053e+001 1.800000e+002
         vertex -1.775450e+002 2.962703e+001 3.000000e+002
         vertex -1.775450e+002 2.962703e+001 1.800000e+002
      endloop
   endfacet
   facet normal 9.984566e-001 -5.553765e-002 0.000000e+000
      outer loop
         vertex -1.775450e+002 2.962703e+001 1.800000e+002
         vertex -1.775450e+002 2.962703e+001 3.000000e+002
         vertex -1.775450e+002 -2.962703e+001 3.000000e+002
      endloop
   endfacet
   facet normal 9.984566e-001 5.553765e-002 0.000000e+000
      outer loop
         vertex -1.775450e+002 2.962703e+001 1.800000e+002
         vertex -1.775450e+002 -2.962703e+001 3.000000e+002
         vertex -1.775450e+002 -2.962703e+001 1.800000e+002
      endloop
   endfacet
   facet normal 9.623905e-001 2.716698e-001 0.000000e+000
      outer loop
         vertex -1.775450e+002 -2.962703e+001 1.800000e+002
         vertex -1.775450e+002 -2.962703e+001 3.000000e+002
         vertex -1.583053e+002 -8.567053e+001 3.000000e+002
      endloop
   endfacet
   facet normal 9.263244e-001 3.767268e-001 0.000000e+000
      outer loop
         vertex -1.775450e+002 -2.962703e+001 1.800000e+002
         vertex -1.583053e+002 -8.567053e+001 3.000000e+002
         vertex -1.583053e+002 -8.567053e+001 1.800000e+002
      endloop
   endfacet
   facet normal 8.220344e-001 5.694377e-001 0.000000e+000
      outer loop
         vertex -1.583053e+002 -8.567053e+001 1.800000e+002
         vertex -1.583053e+002 -8.567053e+001 3.000000e+002
         vertex -1.219107e+002 -1.324303e+002 3.000000e+002
      endloop
   endfacet
   facet normal 7.538106e-001 6.570918e-001 0.000000e+000
      outer loop
         vertex -1.583053e+002 -8.567053e+001 1.800000e+002
         vertex -1.219107e+002 -1.324303e+002 3.000000e+002
         vertex -1.219107e+002 -1.324303e+002 1.800000e+002
      endloop
   endfacet
   facet normal 5.925983e-001 8.054982e-001 0.000000e+000
      outer loop
         vertex -1.219107e+002 -1.324303e+002 1.800000e+002
         vertex -1.219107e+002 -1.324303e+002 3.000000e+002
         vertex -7.230518e+001 -1.648392e+002 3.000000e+002
      endloop
   endfacet
   facet normal 4.996097e-001 8.662506e-001 0.000000e+000
      outer loop
         vertex -1.219107e+002 -1.324303e+002 1.800000e+002
         vertex -7.230518e+001 -1.648392e+002 3.000000e+002
         vertex -7.230518e+001 -1.648392e+002 1.800000e+002
      endloop
   endfacet
   facet normal 2.989448e-001 9.542704e-001 0.000000e+000
      outer loop
         vertex -7.230518e+001 -1.648392e+002 1.800000e+002
         vertex -7.230518e+001 -1.648392e+002 3.000000e+002
         vertex -1.486428e+001 -1.793852e+002 3.000000e+002
      endloop
   endfacet
   facet normal 1.912684e-001 9.815378e-001 0.000000e+000
      outer loop
         vertex -7.230518e+001 -1.648392e+002 1.800000e+002
         vertex -1.486428e+001 -1.793852e+002 3.000000e+002
         vertex -1.486428e+001 -1.793852e+002 1.800000e+002
      endloop
   endfacet
   facet normal -2.710393e-002 9.996326e-001 0.000000e+000
      outer loop
         vertex -1.486428e+001 -1.793852e+002 1.800000e+002
         vertex -1.486428e+001 -1.793852e+002 3.000000e+002
         vertex 4.418739e+001 -1.744921e+002 3.000000e+002
      endloop
   endfacet
   facet normal -1.377998e-001 9.904601e-001 0.000000e+000
      outer loop
         vertex -1.486428e+001 -1.793852e+002 1.800000e+002
         vertex 4.418739e+001 -1.744921e+002 3.000000e+002
         vertex 4.418739e+001 -1.744921e+002 1.800000e+002
      endloop
   endfacet
   facet normal -3.502155e-001 9.366692e-001 0.000000e+000
      outer loop
         vertex 4.418739e+001 -1.744921e+002 1.800000e+002
         vertex 4.418739e+001 -1.744921e+002 3.000000e+002
         vertex 9.845067e+001 -1.506900e+002 3.000000e+002
      endloop
   endfacet
   facet normal -4.519353e-001 8.920507e-001 0.000000e+000
      outer loop
         vertex 4.418739e+001 -1.744921e+002 1.800000e+002
         vertex 9.845067e+001 -1.506900e+002 3.000000e+002
         vertex 9.845067e+001 -1.506900e+002 1.800000e+002
      endloop
   endfacet
   facet normal -6.353759e-001 7.722030e-001 0.000000e+000
      outer loop
         vertex 9.845067e+001 -1.506900e+002 1.800000e+002
         vertex 9.845067e+001 -1.506900e+002 3.000000e+002
         vertex 1.420453e+002 -1.105583e+002 3.000000e+002
      endloop
   endfacet
   facet normal -7.170966e-001 6.969737e-001 0.000000e+000
      outer loop
         vertex 9.845067e+001 -1.506900e+002 1.800000e+002
         vertex 1.420453e+002 -1.105583e+002 3.000000e+002
         vertex 1.420453e+002 -1.105583e+002 1.800000e+002
      endloop
   endfacet
   facet normal -8.516834e-001 5.240567e-001 0.000000e+000
      outer loop
         vertex 1.420453e+002 -1.105583e+002 1.800000e+002
         vertex 1.420453e+002 -1.105583e+002 3.000000e+002
         vertex 1.702471e+002 -5.844590e+001 3.000000e+002
      endloop
   endfacet
   facet normal -9.045494e-001 4.263689e-001 0.000000e+000
      outer loop
         vertex 1.420453e+002 -1.105583e+002 1.800000e+002
         vertex 1.702471e+002 -5.844590e+001 3.000000e+002
         vertex 1.702471e+002 -5.844590e+001 1.800000e+002
      endloop
   endfacet
   facet normal -9.756978e-001 2.191207e-001 0.000000e+000
      outer loop
         vertex 1.702471e+002 -5.844590e+001 1.800000e+002
         vertex 1.702471e+002 -5.844590e+001 3.000000e+002
         vertex 1.800000e+002 -4.408729e-014 3.000000e+002
      endloop
   endfacet
   facet normal 0.000000e+000 0.000000e+000 1.000000e+000
      outer loop
         vertex -1.775450e+002 -2.962703e+001 1.800000e+002
         vertex -1.583053e+002 -8.567053e+001 1.800000e+002
         vertex 1.702471e+002 5.844590e+001 1.800000e+002
      endloop
   endfacet
   facet normal 0.000000e+000 0.000000e+000 1.000000e+000
      outer loop
         vertex 1.702471e+002 5.844590e+001 1.800000e+002
         vertex -1.583053e+002 -8.567053e+001 1.800000e+002
         vertex -1.219107e+002 -1.324303e+002 1.800000e+002
      endloop
   endfacet
   facet normal 0.000000e+000 0.000000e+000 1.000000e+000
      outer loop
         vertex -1.775450e+002 2.962703e+001 1.800000e+002
         vertex -1.775450e+002 -2.962703e+001 1.800000e+002
         vertex -1.583053e+002 8.567053e+001 1.800000e+002
      endloop
   endfacet
   facet normal 0.000000e+000 0.000000e+000 1.000000e+000
      outer loop
         vertex -1.583053e+002 8.567053e+001 1.800000e+002
         vertex -1.775450e+002 -2.962703e+001 1.800000e+002
         vertex -1.486428e+001 1.793852e+002 1.800000e+002
      endloop
   endfacet
   facet normal 0.000000e+000 0.000000e+000 1.000000e+000
      outer loop
         vertex -1.583053e+002 8.567053e+001 1.800000e+002
         vertex -1.486428e+001 1.793852e+002 1.800000e+002
         vertex -1.219107e+002 1.324303e+002 1.800000e+002
      endloop
   endfacet
   facet normal 0.000000e+000 0.000000e+000 1.000000e+000
      outer loop
         vertex -1.219107e+002 1.324303e+002 1.800000e+002
         vertex -1.486428e+001 1.793852e+002 1.800000e+002
         vertex -7.230518e+001 1.648392e+002 1.800000e+002
      endloop
   endfacet
   facet normal 0.000000e+000 0.000000e+000 1.000000e+000
      outer loop
         vertex 4.418739e+001 1.744921e+002 1.800000e+002
         vertex -1.486428e+001 1.793852e+002 1.800000e+002
         vertex 9.845067e+001 1.506900e+002 1.800000e+002
      endloop
   endfacet
   facet normal 0.000000e+000 0.000000e+000 1.000000e+000
      outer loop
         vertex 9.845067e+001 1.506900e+002 1.800000e+002
         vertex -1.486428e+001 1.793852e+002 1.800000e+002
         vertex -1.775450e+002 -2.962703e+001 1.800000e+002
      endloop
   endfacet
   facet normal 0.000000e+000 0.000000e+000 1.000000e+000
      outer loop
         vertex 9.845067e+001 1.506900e+002 1.800000e+002
         vertex -1.775450e+002 -2.962703e+001 1.800000e+002
         vertex 1.420453e+002 1.105583e+002 1.800000e+002
      endloop
   endfacet
   facet normal 0.000000e+000 0.000000e+000 1.000000e+000
      outer loop
         vertex 1.420453e+002 1.105583e+002 1.800000e+002
         vertex -1.775450e+002 -2.962703e+001 1.800000e+002
         vertex 1.702471e+002 5.844590e+001 1.800000e+002
      endloop
   endfacet
   facet normal 0.000000e+000 0.000000e+000 1.000000e+000
      outer loop
         vertex -1.219107e+002 -1.324303e+002 1.800000e+002
         vertex -7.230518e+001 -1.648392e+002 1.800000e+002
         vertex 1.702471e+002 5.844590e+001 1.800000e+002
      endloop
   endfacet
   facet normal 0.000000e+000 0.000000e+000 1.000000e+000
      outer loop
         vertex 1.702471e+002 5.844590e+001 1.800000e+002
         vertex -7.230518e+001 -1.648392e+002 1.800000e+002
         vertex -1.486428e+001 -1.793852e+002 1.800000e+002
      endloop
   endfacet
   facet normal 0.000000e+000 0.000000e+000 1.000000e+000
      outer loop
         vertex 1.702471e+002 5.844590e+001 1.800000e+002
         vertex -1.486428e+001 -1.793852e+002 1.800000e+002
         vertex 4.418739e+001 -1.744921e+002 1.800000e+002
      endloop
   endfacet
   facet normal 0.000000e+000 0.000000e+000 1.000000e+000
      outer loop
         vertex 1.702471e+002 -5.844590e+001 1.800000e+002
         vertex 1.800000e+002 -4.408729e-014 1.800000e+002
         vertex 1.420453e+002 -1.105583e+002 1.800000e+002
      endloop
   endfacet
   facet normal 0.000000e+000 0.000000e+000 1.000000e+000
      outer loop
         vertex 1.420453e+002 -1.105583e+002 1.800000e+002
         vertex 1.800000e+002 -4.408729e-014 1.800000e+002
         vertex 1.702471e+002 5.844590e+001 1.800000e+002
      endloop
   endfacet
   facet normal 0.000000e+000 0.000000e+000 1.000000e+000
      outer loop
         vertex 1.420453e+002 -1.105583e+002 1.800000e+002
         vertex 1.702471e+002 5.844590e+001 1.800000e+002
         vertex 9.845067e+001 -1.506900e+002 1.800000e+002
      endloop
   endfacet
   facet normal 0.000000e+000 0.000000e+000 1.000000e+000
      outer loop
         vertex 9.845067e+001 -1.506900e+002 1.800000e+002
         vertex 1.702471e+002 5.844590e+001 1.800000e+002
         vertex 4.418739e+001 -1.744921e+002 1.800000e+002
      endloop
   endfacet
   facet normal -1.000000e+000 0.000000e+000 0.000000e+000
      outer loop
         vertex -5.889476e+002 -8.857224e+002 0.000000e+000
         vertex -5.889476e+002 -9.057223e+002 0.000000e+000
         vertex -5.889476e+002 -8.857224e+002 3.000000e+002
      endloop
   endfacet
   facet normal -1.000000e+000 0.000000e+000 0.000000e+000
      outer loop
         vertex -5.889476e+002 -8.857224e+002 3.000000e+002
         vertex -5.889476e+002 -9.057223e+002 0.000000e+000
         vertex -5.889476e+002 -9.057223e+002 3.000000e+002
      endloop
   endfacet
   facet normal 0.000000e+000 -1.000000e+000 0.000000e+000
      outer loop
         vertex 5.889476e+002 -9.057223e+002 0.000000e+000
         vertex 5.889476e+002 -9.057223e+002 3.000000e+002
         vertex -5.889476e+002 -9.057223e+002 0.000000e+000
      endloop
   endfacet
   facet normal 0.000000e+000 -1.000000e+000 0.000000e+000
      outer loop
         vertex -5.889476e+002 -9.057223e+002 0.000000e+000
         vertex 5.889476e+002 -9.057223e+002 3.000000e+002
         vertex -5.889476e+002 -9.057223e+002 3.000000e+002
      endloop
   endfacet
   facet normal 0.000000e+000 -1.000000e+000 0.000000e+000
      outer loop
         vertex 3.389476e+002 -7.839387e+002 2.000000e+001
         vertex 3.566110e+002 -7.839387e+002 2.000000e+001
         vertex 3.389476e+002 -7.839387e+002 2.800000e+002
      endloop
   endfacet
   facet normal 0.000000e+000 -1.000000e+000 0.000000e+000
      outer loop
         vertex 3.389476e+002 -7.839387e+002 2.800000e+002
         vertex 3.566110e+002 -7.839387e+002 2.000000e+001
         vertex 3.655684e+002 -7.839387e+002 1.897137e+002
      endloop
   endfacet
   facet normal 0.000000e+000 -1.000000e+000 0.000000e+000
      outer loop
         vertex 3.389476e+002 -7.839387e+002 2.800000e+002
         vertex 3.655684e+002 -7.839387e+002 1.897137e+002
         vertex 3.703337e+002 -7.839387e+002 2.800000e+002
      endloop
   endfacet
   facet normal 0.000000e+000 1.000000e+000 0.000000e+000
      outer loop
         vertex -3.389476e+002 -8.857224e+002 5.551115e-014
         vertex -5.889476e+002 -8.857224e+002 0.000000e+000
         vertex -3.389476e+002 -8.857224e+002 2.800000e+002
      endloop
   endfacet
   facet normal 0.000000e+000 1.000000e+000 0.000000e+000
      outer loop
         vertex -3.389476e+002 -8.857224e+002 2.800000e+002
         vertex -5.889476e+002 -8.857224e+002 0.000000e+000
         vertex -5.889476e+002 -8.857224e+002 3.000000e+002
      endloop
   endfacet
   facet normal 0.000000e+000 1.000000e+000 0.000000e+000
      outer loop
         vertex -3.389476e+002 -8.857224e+002 2.800000e+002
         vertex -5.889476e+002 -8.857224e+002 3.000000e+002
         vertex 3.389476e+002 -8.857224e+002 2.800000e+002
      endloop
   endfacet
   facet normal 0.000000e+000 1.000000e+000 0.000000e+000
      outer loop
         vertex 3.389476e+002 -8.857224e+002 2.800000e+002
         vertex -5.889476e+002 -8.857224e+002 3.000000e+002
         vertex 5.889476e+002 -8.857224e+002 3.000000e+002
      endloop
   endfacet
   facet normal 0.000000e+000 1.000000e+000 0.000000e+000
      outer loop
         vertex 3.389476e+002 -8.857224e+002 2.800000e+002
         vertex 5.889476e+002 -8.857224e+002 3.000000e+002
         vertex 3.389476e+002 -8.857224e+002 5.551115e-014
      endloop
   endfacet
   facet normal 0.000000e+000 1.000000e+000 0.000000e+000
      outer loop
         vertex 3.389476e+002 -8.857224e+002 5.551115e-014
         vertex 5.889476e+002 -8.857224e+002 3.000000e+002
         vertex 5.889476e+002 -8.857224e+002 0.000000e+000
      endloop
   endfacet
   facet normal -1.000000e+000 0.000000e+000 -3.700743e-016
      outer loop
         vertex -3.389476e+002 -7.739387e+002 2.679492e+000
         vertex -3.389476e+002 -7.639387e+002 5.551115e-014
         vertex -3.389476e+002 -8.857224e+002 5.551115e-014
      endloop
   endfacet
   facet normal -1.000000e+000 0.000000e+000 -3.700743e-016
      outer loop
         vertex -3.389476e+002 -7.739387e+002 2.679492e+000
         vertex -3.389476e+002 -8.857224e+002 5.551115e-014
         vertex -3.389476e+002 -7.812592e+002 1.000000e+001
      endloop
   endfacet
   facet normal -1.000000e+000 0.000000e+000 -3.700743e-016
      outer loop
         vertex -3.389476e+002 -8.857224e+002 2.800000e+002
         vertex -3.389476e+002 -7.839387e+002 2.800000e+002
         vertex -3.389476e+002 -8.857224e+002 5.551115e-014
      endloop
   endfacet
   facet normal -1.000000e+000 0.000000e+000 -3.700743e-016
      outer loop
         vertex -3.389476e+002 -8.857224e+002 5.551115e-014
         vertex -3.389476e+002 -7.839387e+002 2.800000e+002
         vertex -3.389476e+002 -7.839387e+002 2.000000e+001
      endloop
   endfacet
   facet normal -1.000000e+000 0.000000e+000 -3.700743e-016
      outer loop
         vertex -3.389476e+002 -8.857224e+002 5.551115e-014
         vertex -3.389476e+002 -7.839387e+002 2.000000e+001
         vertex -3.389476e+002 -7.812592e+002 1.000000e+001
      endloop
   endfacet
   facet normal 1.000000e+000 0.000000e+000 -3.700743e-016
      outer loop
         vertex 3.389476e+002 -8.857224e+002 5.551115e-014
         vertex 3.389476e+002 -7.639387e+002 0.000000e+000
         vertex 3.389476e+002 -7.739387e+002 2.679492e+000
      endloop
   endfacet
   facet normal 1.000000e+000 0.000000e+000 -3.700743e-016
      outer loop
         vertex 3.389476e+002 -7.839387e+002 2.800000e+002
         vertex 3.389476e+002 -8.857224e+002 2.800000e+002
         vertex 3.389476e+002 -7.839387e+002 2.000000e+001
      endloop
   endfacet
   facet normal 1.000000e+000 0.000000e+000 -3.700743e-016
      outer loop
         vertex 3.389476e+002 -7.839387e+002 2.000000e+001
         vertex 3.389476e+002 -8.857224e+002 2.800000e+002
         vertex 3.389476e+002 -8.857224e+002 5.551115e-014
      endloop
   endfacet
   facet normal 1.000000e+000 0.000000e+000 -3.700743e-016
      outer loop
         vertex 3.389476e+002 -7.839387e+002 2.000000e+001
         vertex 3.389476e+002 -8.857224e+002 5.551115e-014
         vertex 3.389476e+002 -7.812592e+002 1.000000e+001
      endloop
   endfacet
   facet normal 1.000000e+000 0.000000e+000 -3.700743e-016
      outer loop
         vertex 3.389476e+002 -7.812592e+002 1.000000e+001
         vertex 3.389476e+002 -8.857224e+002 5.551115e-014
         vertex 3.389476e+002 -7.739387e+002 2.679492e+000
      endloop
   endfacet
   facet normal -2.220446e-016 0.000000e+000 1.000000e+000
      outer loop
         vertex -3.389476e+002 -8.857224e+002 2.800000e+002
         vertex 3.389476e+002 -8.857224e+002 2.800000e+002
         vertex -3.389476e+002 -7.839387e+002 2.800000e+002
      endloop
   endfacet
   facet normal -2.220446e-016 0.000000e+000 1.000000e+000
      outer loop
         vertex -3.389476e+002 -7.839387e+002 2.800000e+002
         vertex 3.389476e+002 -8.857224e+002 2.800000e+002
         vertex 3.389476e+002 -7.839387e+002 2.800000e+002
      endloop
   endfacet
   facet normal 1.306343e-001 -1.560454e-002 -9.913078e-001
      outer loop
         vertex 3.641455e+002 -7.648387e+002 1.962408e+000
         vertex 3.566110e+002 -7.639387e+002 -3.469447e-015
         vertex 3.695758e+002 -6.460689e+002 -3.469447e-015
      endloop
   endfacet
   facet normal 5.616898e-001 -6.402528e-002 -8.248668e-001
      outer loop
         vertex 3.702904e+002 -7.655728e+002 6.379840e+000
         vertex 3.662387e+002 -7.650888e+002 2.507606e+000
         vertex 3.792234e+002 -6.470388e+002 2.507607e+000
      endloop
   endfacet
   facet normal 4.501843e-001 -5.072943e-002 -8.914934e-001
      outer loop
         vertex 3.792234e+002 -6.470388e+002 2.507607e+000
         vertex 3.662387e+002 -7.650888e+002 2.507606e+000
         vertex 3.641455e+002 -7.648387e+002 1.962408e+000
      endloop
   endfacet
   facet normal 8.711686e-001 -9.872422e-002 -4.809563e-001
      outer loop
         vertex 3.744690e+002 -7.660719e+002 1.264937e+001
         vertex 3.734522e+002 -7.659504e+002 9.401615e+000
         vertex 3.864517e+002 -6.477655e+002 9.401619e+000
      endloop
   endfacet
   facet normal 8.016964e-001 -9.041383e-002 -5.908538e-001
      outer loop
         vertex 3.864517e+002 -6.477655e+002 9.401619e+000
         vertex 3.734522e+002 -7.659504e+002 9.401615e+000
         vertex 3.702904e+002 -7.655728e+002 6.379840e+000
      endloop
   endfacet
   facet normal 9.803821e-001 -1.107631e-001 -1.630412e-001
      outer loop
         vertex 3.764426e+002 -7.663077e+002 1.895328e+001
         vertex 3.744690e+002 -7.660719e+002 1.264937e+001
         vertex 3.894482e+002 -6.480668e+002 1.895329e+001
      endloop
   endfacet
   facet normal 9.395373e-001 -1.003814e-001 -3.274038e-001
      outer loop
         vertex 3.894482e+002 -6.480668e+002 1.895329e+001
         vertex 3.744690e+002 -7.660719e+002 1.264937e+001
         vertex 3.864517e+002 -6.477655e+002 9.401619e+000
      endloop
   endfacet
   facet normal 9.713712e-001 -9.416006e-002 -2.181102e-001
      outer loop
         vertex 3.894482e+002 -6.480668e+002 1.895329e+001
         vertex 3.864517e+002 -6.477655e+002 9.401619e+000
         vertex 3.950778e+002 -5.839991e+002 1.895329e+001
      endloop
   endfacet
   facet normal 9.205813e-001 -8.170778e-002 -3.819083e-001
      outer loop
         vertex 3.950778e+002 -5.839991e+002 1.895329e+001
         vertex 3.864517e+002 -6.477655e+002 9.401619e+000
         vertex 4.003527e+002 -4.895648e+002 9.401629e+000
      endloop
   endfacet
   facet normal 9.234260e-001 -4.162093e-002 -3.815131e-001
      outer loop
         vertex 4.142683e+002 -2.361892e+002 9.401650e+000
         vertex 4.132565e+002 -3.314753e+002 1.895333e+001
         vertex 4.102486e+002 -3.313253e+002 9.401644e+000
      endloop
   endfacet
   facet normal 9.747953e-001 -4.875460e-002 -2.177083e-001
      outer loop
         vertex 4.102486e+002 -3.313253e+002 9.401644e+000
         vertex 4.132565e+002 -3.314753e+002 1.895333e+001
         vertex 4.130935e+002 -3.340810e+002 1.895333e+001
      endloop
   endfacet
   facet normal 9.227968e-001 -5.351168e-002 -3.815527e-001
      outer loop
         vertex 4.102486e+002 -3.313253e+002 9.401644e+000
         vertex 4.130935e+002 -3.340810e+002 1.895333e+001
         vertex 4.003527e+002 -4.895648e+002 9.401629e+000
      endloop
   endfacet
   facet normal 9.738627e-001 -6.471378e-002 -2.177235e-001
      outer loop
         vertex 4.003527e+002 -4.895648e+002 9.401629e+000
         vertex 4.130935e+002 -3.340810e+002 1.895333e+001
         vertex 4.033559e+002 -4.897907e+002 1.895331e+001
      endloop
   endfacet
   facet normal 9.727772e-001 -7.830334e-002 -2.181125e-001
      outer loop
         vertex 4.003527e+002 -4.895648e+002 9.401629e+000
         vertex 4.033559e+002 -4.897907e+002 1.895331e+001
         vertex 3.950778e+002 -5.839991e+002 1.895329e+001
      endloop
   endfacet
   facet normal 2.961097e-001 -3.225549e-002 -9.546092e-001
      outer loop
         vertex 3.641455e+002 -7.648387e+002 1.962408e+000
         vertex 3.695758e+002 -6.460689e+002 -3.469447e-015
         vertex 3.792234e+002 -6.470388e+002 2.507607e+000
      endloop
   endfacet
   facet normal 1.654691e-001 -1.663511e-002 -9.860746e-001
      outer loop
         vertex 3.792234e+002 -6.470388e+002 2.507607e+000
         vertex 3.695758e+002 -6.460689e+002 -3.469447e-015
         vertex 3.834395e+002 -4.882928e+002 0.000000e+000
      endloop
   endfacet
   facet normal 3.313071e-001 -2.910707e-002 -9.430739e-001
      outer loop
         vertex 3.792234e+002 -6.470388e+002 2.507607e+000
         vertex 3.834395e+002 -4.882928e+002 0.000000e+000
         vertex 3.931084e+002 -4.890200e+002 2.507610e+000
      endloop
   endfacet
   facet normal 1.658351e-001 -1.247171e-002 -9.860746e-001
      outer loop
         vertex 3.931084e+002 -4.890200e+002 2.507610e+000
         vertex 3.834395e+002 -4.882928e+002 0.000000e+000
         vertex 3.933087e+002 -3.304805e+002 0.000000e+000
      endloop
   endfacet
   facet normal 3.319351e-001 -2.075495e-002 -9.430739e-001
      outer loop
         vertex 3.931084e+002 -4.890200e+002 2.507610e+000
         vertex 3.933087e+002 -3.304805e+002 0.000000e+000
         vertex 4.029929e+002 -3.309634e+002 2.507614e+000
      endloop
   endfacet
   facet normal 1.660971e-001 -8.283054e-003 -9.860746e-001
      outer loop
         vertex 4.029929e+002 -3.309634e+002 2.507614e+000
         vertex 3.933087e+002 -3.304805e+002 0.000000e+000
         vertex 3.973174e+002 -2.356022e+002 -3.469447e-015
      endloop
   endfacet
   facet normal 3.323020e-001 -1.403948e-002 -9.430686e-001
      outer loop
         vertex 4.029929e+002 -3.309634e+002 2.507614e+000
         vertex 3.973174e+002 -2.356022e+002 -3.469447e-015
         vertex 4.070078e+002 -2.359378e+002 2.507616e+000
      endloop
   endfacet
   facet normal 1.662039e-001 -5.756378e-003 -9.860746e-001
      outer loop
         vertex 4.070078e+002 -2.359378e+002 2.507616e+000
         vertex 3.973174e+002 -2.356022e+002 -3.469447e-015
         vertex 4.007797e+002 -7.820962e+001 3.469447e-015
      endloop
   endfacet
   facet normal 3.325031e-001 -7.312946e-003 -9.430738e-001
      outer loop
         vertex 4.070078e+002 -2.359378e+002 2.507616e+000
         vertex 4.007797e+002 -7.820962e+001 3.469447e-015
         vertex 4.104755e+002 -7.830037e+001 2.507618e+000
      endloop
   endfacet
   facet normal 1.662963e-001 -1.556505e-003 -9.860746e-001
      outer loop
         vertex 4.104755e+002 -7.830037e+001 2.507618e+000
         vertex 4.007797e+002 -7.820962e+001 3.469447e-015
         vertex 4.002639e+002 7.916673e+001 -3.469447e-015
      endloop
   endfacet
   facet normal 3.325818e-001 1.089941e-003 -9.430738e-001
      outer loop
         vertex 4.104755e+002 -7.830037e+001 2.507618e+000
         vertex 4.002639e+002 7.916673e+001 -3.469447e-015
         vertex 4.099589e+002 7.932103e+001 2.507617e+000
      endloop
   endfacet
   facet normal 6.922189e-001 -7.414106e-002 -7.178691e-001
      outer loop
         vertex 3.702904e+002 -7.655728e+002 6.379840e+000
         vertex 3.792234e+002 -6.470388e+002 2.507607e+000
         vertex 3.864517e+002 -6.477655e+002 9.401619e+000
      endloop
   endfacet
   facet normal 6.207643e-001 -5.820701e-002 -7.818335e-001
      outer loop
         vertex 3.864517e+002 -6.477655e+002 9.401619e+000
         vertex 3.792234e+002 -6.470388e+002 2.507607e+000
         vertex 3.931084e+002 -4.890200e+002 2.507610e+000
      endloop
   endfacet
   facet normal 7.453966e-001 -6.338915e-002 -6.636005e-001
      outer loop
         vertex 3.864517e+002 -6.477655e+002 9.401619e+000
         vertex 3.931084e+002 -4.890200e+002 2.507610e+000
         vertex 4.003527e+002 -4.895648e+002 9.401629e+000
      endloop
   endfacet
   facet normal 6.220323e-001 -4.257179e-002 -7.818334e-001
      outer loop
         vertex 4.003527e+002 -4.895648e+002 9.401629e+000
         vertex 3.931084e+002 -4.890200e+002 2.507610e+000
         vertex 4.029929e+002 -3.309634e+002 2.507614e+000
      endloop
   endfacet
   facet normal 7.467572e-001 -4.458998e-002 -6.636003e-001
      outer loop
         vertex 4.003527e+002 -4.895648e+002 9.401629e+000
         vertex 4.029929e+002 -3.309634e+002 2.507614e+000
         vertex 4.102486e+002 -3.313253e+002 9.401644e+000
      endloop
   endfacet
   facet normal 6.228498e-001 -2.852872e-002 -7.818211e-001
      outer loop
         vertex 4.102486e+002 -3.313253e+002 9.401644e+000
         vertex 4.029929e+002 -3.309634e+002 2.507614e+000
         vertex 4.070078e+002 -2.359378e+002 2.507616e+000
      endloop
   endfacet
   facet normal 7.474890e-001 -3.031516e-002 -6.635820e-001
      outer loop
         vertex 4.102486e+002 -3.313253e+002 9.401644e+000
         vertex 4.070078e+002 -2.359378e+002 2.507616e+000
         vertex 4.142683e+002 -2.361892e+002 9.401650e+000
      endloop
   endfacet
   facet normal 6.232456e-001 -1.738258e-002 -7.818330e-001
      outer loop
         vertex 4.142683e+002 -2.361892e+002 9.401650e+000
         vertex 4.070078e+002 -2.359378e+002 2.507616e+000
         vertex 4.104755e+002 -7.830037e+001 2.507618e+000
      endloop
   endfacet
   facet normal 7.479501e-001 -1.434909e-002 -6.635998e-001
      outer loop
         vertex 4.142683e+002 -2.361892e+002 9.401650e+000
         vertex 4.104755e+002 -7.830037e+001 2.507618e+000
         vertex 4.177399e+002 -7.836836e+001 9.401656e+000
      endloop
   endfacet
   facet normal 6.234859e-001 -1.632805e-003 -7.818329e-001
      outer loop
         vertex 4.177399e+002 -7.836836e+001 9.401656e+000
         vertex 4.104755e+002 -7.830037e+001 2.507618e+000
         vertex 4.099589e+002 7.932103e+001 2.507617e+000
      endloop
   endfacet
   facet normal 7.480740e-001 4.553180e-003 -6.635997e-001
      outer loop
         vertex 4.177399e+002 -7.836836e+001 9.401656e+000
         vertex 4.099589e+002 7.932103e+001 2.507617e+000
         vertex 4.172227e+002 7.943663e+001 9.401655e+000
      endloop
   endfacet
   facet normal 9.757112e-001 2.026047e-002 -2.181220e-001
      outer loop
         vertex 4.177692e+002 1.657934e+002 1.895334e+001
         vertex 4.202339e+002 7.948456e+001 1.895335e+001
         vertex 4.172227e+002 7.943663e+001 9.401655e+000
      endloop
   endfacet
   facet normal 9.759928e-001 6.874803e-003 -2.176944e-001
      outer loop
         vertex 4.172227e+002 7.943663e+001 9.401655e+000
         vertex 4.202339e+002 7.948456e+001 1.895335e+001
         vertex 4.207514e+002 -7.839655e+001 1.895335e+001
      endloop
   endfacet
   facet normal 9.243569e-001 -1.299668e-003 -3.815266e-001
      outer loop
         vertex 4.172227e+002 7.943663e+001 9.401655e+000
         vertex 4.207514e+002 -7.839655e+001 1.895335e+001
         vertex 4.177399e+002 -7.836836e+001 9.401656e+000
      endloop
   endfacet
   facet normal 9.759609e-001 -9.452970e-003 -2.177405e-001
      outer loop
         vertex 4.177399e+002 -7.836836e+001 9.401656e+000
         vertex 4.207514e+002 -7.839655e+001 1.895335e+001
         vertex 4.206238e+002 -8.419798e+001 1.895335e+001
      endloop
   endfacet
   facet normal 9.241912e-001 -1.631678e-002 -3.815814e-001
      outer loop
         vertex 4.177399e+002 -7.836836e+001 9.401656e+000
         vertex 4.206238e+002 -8.419798e+001 1.895335e+001
         vertex 4.142683e+002 -2.361892e+002 9.401650e+000
      endloop
   endfacet
   facet normal 9.756716e-001 -2.545206e-002 -2.177548e-001
      outer loop
         vertex 4.142683e+002 -2.361892e+002 9.401650e+000
         vertex 4.206238e+002 -8.419798e+001 1.895335e+001
         vertex 4.172781e+002 -2.362935e+002 1.895334e+001
      endloop
   endfacet
   facet normal 9.752399e-001 -3.898917e-002 -2.176854e-001
      outer loop
         vertex 4.142683e+002 -2.361892e+002 9.401650e+000
         vertex 4.172781e+002 -2.362935e+002 1.895334e+001
         vertex 4.132565e+002 -3.314753e+002 1.895333e+001
      endloop
   endfacet
   facet normal 9.752480e-001 3.625478e-002 -2.181210e-001
      outer loop
         vertex 4.157244e+002 2.373999e+002 1.895334e+001
         vertex 4.177692e+002 1.657934e+002 1.895334e+001
         vertex 4.127153e+002 2.372760e+002 9.401648e+000
      endloop
   endfacet
   facet normal 9.238082e-001 2.678228e-002 -3.819177e-001
      outer loop
         vertex 4.127153e+002 2.372760e+002 9.401648e+000
         vertex 4.177692e+002 1.657934e+002 1.895334e+001
         vertex 4.172227e+002 7.943663e+001 9.401655e+000
      endloop
   endfacet
   facet normal 7.477200e-001 2.345079e-002 -6.636000e-001
      outer loop
         vertex 4.127153e+002 2.372760e+002 9.401648e+000
         vertex 4.172227e+002 7.943663e+001 9.401655e+000
         vertex 4.054567e+002 2.369769e+002 2.507615e+000
      endloop
   endfacet
   facet normal 6.233280e-001 1.412175e-002 -7.818329e-001
      outer loop
         vertex 4.054567e+002 2.369769e+002 2.507615e+000
         vertex 4.172227e+002 7.943663e+001 9.401655e+000
         vertex 4.099589e+002 7.932103e+001 2.507617e+000
      endloop
   endfacet
   facet normal 3.324480e-001 9.492248e-003 -9.430738e-001
      outer loop
         vertex 4.054567e+002 2.369769e+002 2.507615e+000
         vertex 4.099589e+002 7.932103e+001 2.507617e+000
         vertex 3.957687e+002 2.365778e+002 3.469447e-015
      endloop
   endfacet
   facet normal 1.662825e-001 2.646436e-003 -9.860746e-001
      outer loop
         vertex 3.957687e+002 2.365778e+002 3.469447e-015
         vertex 4.099589e+002 7.932103e+001 2.507617e+000
         vertex 4.002639e+002 7.916673e+001 -3.469447e-015
      endloop
   endfacet
   facet normal 9.744014e-001 5.613061e-002 -2.176955e-001
      outer loop
         vertex 4.072204e+002 3.953373e+002 1.895332e+001
         vertex 4.157244e+002 2.373999e+002 1.895334e+001
         vertex 4.042154e+002 3.951375e+002 9.401635e+000
      endloop
   endfacet
   facet normal 9.232430e-001 4.537797e-002 -3.815274e-001
      outer loop
         vertex 4.042154e+002 3.951375e+002 9.401635e+000
         vertex 4.157244e+002 2.373999e+002 1.895334e+001
         vertex 4.127153e+002 2.372760e+002 9.401648e+000
      endloop
   endfacet
   facet normal 7.468901e-001 4.230906e-002 -6.636003e-001
      outer loop
         vertex 4.042154e+002 3.951375e+002 9.401635e+000
         vertex 4.127153e+002 2.372760e+002 9.401648e+000
         vertex 3.969667e+002 3.946555e+002 2.507612e+000
      endloop
   endfacet
   facet normal 6.227726e-001 2.985430e-002 -7.818331e-001
      outer loop
         vertex 3.969667e+002 3.946555e+002 2.507612e+000
         vertex 4.127153e+002 2.372760e+002 9.401648e+000
         vertex 4.054567e+002 2.369769e+002 2.507615e+000
      endloop
   endfacet
   facet normal 3.321025e-001 1.787892e-002 -9.430739e-001
      outer loop
         vertex 3.969667e+002 3.946555e+002 2.507612e+000
         vertex 4.054567e+002 2.369769e+002 2.507615e+000
         vertex 3.872918e+002 3.940123e+002 3.469447e-015
      endloop
   endfacet
   facet normal 1.661626e-001 6.845729e-003 -9.860746e-001
      outer loop
         vertex 3.872918e+002 3.940123e+002 3.469447e-015
         vertex 4.054567e+002 2.369769e+002 2.507615e+000
         vertex 3.957687e+002 2.365778e+002 3.469447e-015
      endloop
   endfacet
   facet normal 1.659370e-001 1.103304e-002 -9.860746e-001
      outer loop
         vertex 3.969667e+002 3.946555e+002 2.507612e+000
         vertex 3.872918e+002 3.940123e+002 0.000000e+000
         vertex 3.857553e+002 4.108156e+002 3.469447e-015
      endloop
   endfacet
   facet normal 6.212381e-001 4.955712e-002 -7.820533e-001
      outer loop
         vertex 4.042154e+002 3.951375e+002 9.401635e+000
         vertex 3.969667e+002 3.946555e+002 2.507612e+000
         vertex 3.953727e+002 4.119360e+002 2.499991e+000
      endloop
   endfacet
   facet normal 9.426496e-001 2.461963e-001 -2.253864e-001
      outer loop
         vertex 3.934258e+002 4.711985e+002 1.877094e+001
         vertex 3.975483e+002 4.575993e+002 1.879916e+001
         vertex 3.945794e+002 4.568678e+002 9.314481e+000
      endloop
   endfacet
   facet normal 9.478875e-001 2.264266e-001 -2.241436e-001
      outer loop
         vertex 3.945794e+002 4.568678e+002 9.314481e+000
         vertex 3.975483e+002 4.575993e+002 1.879916e+001
         vertex 3.992214e+002 4.505050e+002 1.881517e+001
      endloop
   endfacet
   facet normal 8.984269e-001 2.081902e-001 -3.866342e-001
      outer loop
         vertex 3.945794e+002 4.568678e+002 9.314481e+000
         vertex 3.992214e+002 4.505050e+002 1.881517e+001
         vertex 3.962430e+002 4.498347e+002 9.323525e+000
      endloop
   endfacet
   facet normal 9.584221e-001 1.787073e-001 -2.224652e-001
      outer loop
         vertex 3.962430e+002 4.498347e+002 9.323525e+000
         vertex 3.992214e+002 4.505050e+002 1.881517e+001
         vertex 4.055912e+002 4.131265e+002 1.890620e+001
      endloop
   endfacet
   facet normal 9.128727e-001 1.370994e-001 -3.845351e-001
      outer loop
         vertex 3.962430e+002 4.498347e+002 9.323525e+000
         vertex 4.055912e+002 4.131265e+002 1.890620e+001
         vertex 4.025858e+002 4.127764e+002 9.374969e+000
      endloop
   endfacet
   facet normal 9.709851e-001 9.602420e-002 -2.190148e-001
      outer loop
         vertex 4.025858e+002 4.127764e+002 9.374969e+000
         vertex 4.055912e+002 4.131265e+002 1.890620e+001
         vertex 4.072204e+002 3.953373e+002 1.895332e+001
      endloop
   endfacet
   facet normal 9.210236e-001 7.568080e-002 -3.820838e-001
      outer loop
         vertex 4.025858e+002 4.127764e+002 9.374969e+000
         vertex 4.072204e+002 3.953373e+002 1.895332e+001
         vertex 4.042154e+002 3.951375e+002 9.401635e+000
      endloop
   endfacet
   facet normal 9.325943e-001 2.807759e-001 -2.267882e-001
      outer loop
         vertex 3.934258e+002 4.711985e+002 1.877094e+001
         vertex 3.945794e+002 4.568678e+002 9.314481e+000
         vertex 3.865680e+002 4.938206e+002 1.872399e+001
      endloop
   endfacet
   facet normal 8.761318e-001 2.842853e-001 -3.893261e-001
      outer loop
         vertex 3.865680e+002 4.938206e+002 1.872399e+001
         vertex 3.945794e+002 4.568678e+002 9.314481e+000
         vertex 3.836714e+002 4.927736e+002 9.272072e+000
      endloop
   endfacet
   facet normal 8.548737e-001 3.413357e-001 -3.907439e-001
      outer loop
         vertex 3.865680e+002 4.938206e+002 1.872399e+001
         vertex 3.836714e+002 4.927736e+002 9.272072e+000
         vertex 3.690646e+002 5.273155e+002 9.237662e+000
      endloop
   endfacet
   facet normal 8.513222e-001 4.704709e-001 -2.321798e-001
      outer loop
         vertex 3.533957e+002 5.620316e+002 1.861629e+001
         vertex 3.642178e+002 5.424681e+002 1.864363e+001
         vertex 3.690646e+002 5.273155e+002 9.237662e+000
      endloop
   endfacet
   facet normal 8.684777e-001 4.384830e-001 -2.312555e-001
      outer loop
         vertex 3.690646e+002 5.273155e+002 9.237662e+000
         vertex 3.642178e+002 5.424681e+002 1.864363e+001
         vertex 3.718512e+002 5.286689e+002 1.866292e+001
      endloop
   endfacet
   facet normal 8.906202e-001 3.925323e-001 -2.295956e-001
      outer loop
         vertex 3.690646e+002 5.273155e+002 9.237662e+000
         vertex 3.718512e+002 5.286689e+002 1.866292e+001
         vertex 3.865680e+002 4.938206e+002 1.872399e+001
      endloop
   endfacet
   facet normal 7.955493e-001 4.607336e-001 -3.934792e-001
      outer loop
         vertex 3.690646e+002 5.273155e+002 9.237662e+000
         vertex 3.507567e+002 5.603834e+002 9.211412e+000
         vertex 3.533957e+002 5.620316e+002 1.861629e+001
      endloop
   endfacet
   facet normal 7.765127e-001 4.920031e-001 -3.936507e-001
      outer loop
         vertex 3.533957e+002 5.620316e+002 1.861629e+001
         vertex 3.507567e+002 5.603834e+002 9.211412e+000
         vertex 3.467932e+002 5.665809e+002 9.207314e+000
      endloop
   endfacet
   facet normal 8.179383e-001 5.262045e-001 -2.325633e-001
      outer loop
         vertex 3.533957e+002 5.620316e+002 1.861629e+001
         vertex 3.467932e+002 5.665809e+002 9.207314e+000
         vertex 3.493994e+002 5.682845e+002 1.860901e+001
      endloop
   endfacet
   facet normal 7.521236e-001 5.278958e-001 -3.945074e-001
      outer loop
         vertex 3.493994e+002 5.682845e+002 1.860901e+001
         vertex 3.467932e+002 5.665809e+002 9.207314e+000
         vertex 3.246492e+002 5.968328e+002 9.191626e+000
      endloop
   endfacet
   facet normal 7.238691e-001 6.487511e-001 -2.348094e-001
      outer loop
         vertex 3.016620e+002 6.268007e+002 1.856888e+001
         vertex 3.206063e+002 6.059263e+002 1.857800e+001
         vertex 3.246492e+002 5.968328e+002 9.191626e+000
      endloop
   endfacet
   facet normal 7.474686e-001 6.215668e-001 -2.344046e-001
      outer loop
         vertex 3.246492e+002 5.968328e+002 9.191626e+000
         vertex 3.206063e+002 6.059263e+002 1.857800e+001
         vertex 3.270681e+002 5.988061e+002 1.858112e+001
      endloop
   endfacet
   facet normal 7.756575e-001 5.862911e-001 -2.337053e-001
      outer loop
         vertex 3.246492e+002 5.968328e+002 9.191626e+000
         vertex 3.270681e+002 5.988061e+002 1.858112e+001
         vertex 3.493994e+002 5.682845e+002 1.860901e+001
      endloop
   endfacet
   facet normal 6.679074e-001 6.304454e-001 -3.955229e-001
      outer loop
         vertex 3.246492e+002 5.968328e+002 9.191626e+000
         vertex 2.994615e+002 6.245816e+002 9.184745e+000
         vertex 3.016620e+002 6.268007e+002 1.856888e+001
      endloop
   endfacet
   facet normal 6.245989e-001 6.733217e-001 -3.956188e-001
      outer loop
         vertex 3.016620e+002 6.268007e+002 1.856888e+001
         vertex 2.994615e+002 6.245816e+002 9.184745e+000
         vertex 2.712633e+002 6.497221e+002 9.186790e+000
      endloop
   endfacet
   facet normal 6.353653e-001 7.357117e-001 -2.346042e-001
      outer loop
         vertex 3.016620e+002 6.268007e+002 1.856888e+001
         vertex 2.712633e+002 6.497221e+002 9.186790e+000
         vertex 2.732156e+002 6.521611e+002 1.857252e+001
      endloop
   endfacet
   facet normal 5.692971e-001 7.209637e-001 -3.951104e-001
      outer loop
         vertex 2.732156e+002 6.521611e+002 1.857252e+001
         vertex 2.712633e+002 6.497221e+002 9.186790e+000
         vertex 2.653511e+002 6.543541e+002 9.188270e+000
      endloop
   endfacet
   facet normal 5.970877e-001 7.672268e-001 -2.341996e-001
      outer loop
         vertex 2.732156e+002 6.521611e+002 1.857252e+001
         vertex 2.653511e+002 6.543541e+002 9.188270e+000
         vertex 2.672511e+002 6.568333e+002 1.857515e+001
      endloop
   endfacet
   facet normal 5.888469e-001 7.735383e-001 -2.343029e-001
      outer loop
         vertex 2.672511e+002 6.568333e+002 1.857515e+001
         vertex 2.653511e+002 6.543541e+002 9.188270e+000
         vertex 2.645061e+002 6.587163e+002 1.857713e+001
      endloop
   endfacet
   facet normal 5.317648e-001 7.489761e-001 -3.952986e-001
      outer loop
         vertex 2.645061e+002 6.587163e+002 1.857713e+001
         vertex 2.653511e+002 6.543541e+002 9.188270e+000
         vertex 2.344421e+002 6.755662e+002 9.200953e+000
      endloop
   endfacet
   facet normal 5.347217e-001 8.120049e-001 -2.339246e-001
      outer loop
         vertex 2.645061e+002 6.587163e+002 1.857713e+001
         vertex 2.344421e+002 6.755662e+002 9.200953e+000
         vertex 2.360675e+002 6.782257e+002 1.859770e+001
      endloop
   endfacet
   facet normal 4.530526e-001 7.995805e-001 -3.942262e-001
      outer loop
         vertex 2.360675e+002 6.782257e+002 1.859770e+001
         vertex 2.344421e+002 6.755662e+002 9.200953e+000
         vertex 2.014845e+002 6.934124e+002 9.222340e+000
      endloop
   endfacet
   facet normal 4.493753e-001 8.625802e-001 -2.324159e-001
      outer loop
         vertex 2.360675e+002 6.782257e+002 1.859770e+001
         vertex 2.014845e+002 6.934124e+002 9.222340e+000
         vertex 2.028166e+002 6.962180e+002 1.863571e+001
      endloop
   endfacet
   facet normal 4.130119e-001 8.807697e-001 -2.316588e-001
      outer loop
         vertex 2.028166e+002 6.962180e+002 1.863571e+001
         vertex 2.014845e+002 6.934124e+002 9.222340e+000
         vertex 1.982736e+002 6.980871e+002 1.864261e+001
      endloop
   endfacet
   facet normal 3.622386e-001 8.452789e-001 -3.927935e-001
      outer loop
         vertex 1.982736e+002 6.980871e+002 1.864261e+001
         vertex 2.014845e+002 6.934124e+002 9.222340e+000
         vertex 1.665457e+002 7.078041e+002 9.252490e+000
      endloop
   endfacet
   facet normal 3.515737e-001 9.073600e-001 -2.304207e-001
      outer loop
         vertex 1.982736e+002 6.980871e+002 1.864261e+001
         vertex 1.665457e+002 7.078041e+002 9.252490e+000
         vertex 1.675680e+002 7.107203e+002 1.868924e+001
      endloop
   endfacet
   facet normal 2.988331e-001 8.705977e-001 -3.908432e-001
      outer loop
         vertex 1.675680e+002 7.107203e+002 1.868924e+001
         vertex 1.665457e+002 7.078041e+002 9.252490e+000
         vertex 1.595296e+002 7.101868e+002 9.259384e+000
      endloop
   endfacet
   facet normal 3.096330e-001 9.229026e-001 -2.288627e-001
      outer loop
         vertex 1.675680e+002 7.107203e+002 1.868924e+001
         vertex 1.595296e+002 7.101868e+002 9.259384e+000
         vertex 1.604899e+002 7.131202e+002 1.870148e+001
      endloop
   endfacet
   facet normal 3.308851e-001 3.025052e-002 -9.431861e-001
      outer loop
         vertex 3.969667e+002 3.946555e+002 2.507612e+000
         vertex 3.857553e+002 4.108156e+002 3.469447e-015
         vertex 3.953727e+002 4.119360e+002 2.499991e+000
      endloop
   endfacet
   facet normal 1.649369e-001 1.921609e-002 -9.861169e-001
      outer loop
         vertex 3.953727e+002 4.119360e+002 2.499991e+000
         vertex 3.857553e+002 4.108156e+002 3.469447e-015
         vertex 3.797436e+002 4.461219e+002 -3.469447e-015
      endloop
   endfacet
   facet normal 3.265148e-001 5.557463e-002 -9.435568e-001
      outer loop
         vertex 3.953727e+002 4.119360e+002 2.499991e+000
         vertex 3.797436e+002 4.461219e+002 -3.469447e-015
         vertex 3.891639e+002 4.482417e+002 2.485299e+000
      endloop
   endfacet
   facet normal 1.615284e-001 3.634858e-002 -9.861984e-001
      outer loop
         vertex 3.891639e+002 4.482417e+002 2.485299e+000
         vertex 3.797436e+002 4.461219e+002 -3.469447e-015
         vertex 3.781642e+002 4.528229e+002 3.469447e-015
      endloop
   endfacet
   facet normal 3.222065e-001 7.594105e-002 -9.436185e-001
      outer loop
         vertex 3.891639e+002 4.482417e+002 2.485299e+000
         vertex 3.781642e+002 4.528229e+002 3.469447e-015
         vertex 3.875351e+002 4.551320e+002 2.482718e+000
      endloop
   endfacet
   facet normal 1.606763e-001 3.959199e-002 -9.862128e-001
      outer loop
         vertex 3.875351e+002 4.551320e+002 2.482718e+000
         vertex 3.781642e+002 4.528229e+002 3.469447e-015
         vertex 3.677973e+002 4.870356e+002 0.000000e+000
      endloop
   endfacet
   facet normal 3.159742e-001 9.572576e-002 -9.439263e-001
      outer loop
         vertex 3.875351e+002 4.551320e+002 2.482718e+000
         vertex 3.677973e+002 4.870356e+002 0.000000e+000
         vertex 3.768531e+002 4.903089e+002 2.470617e+000
      endloop
   endfacet
   facet normal 1.552505e-001 5.611812e-002 -9.862799e-001
      outer loop
         vertex 3.768531e+002 4.903089e+002 2.470617e+000
         vertex 3.677973e+002 4.870356e+002 0.000000e+000
         vertex 3.539010e+002 5.199509e+002 -3.469447e-015
      endloop
   endfacet
   facet normal 3.034974e-001 1.281163e-001 -9.441798e-001
      outer loop
         vertex 3.768531e+002 4.903089e+002 2.470617e+000
         vertex 3.539010e+002 5.199509e+002 -3.469447e-015
         vertex 3.625466e+002 5.241498e+002 2.460804e+000
      endloop
   endfacet
   facet normal 1.482016e-001 7.197799e-002 -9.863343e-001
      outer loop
         vertex 3.625466e+002 5.241498e+002 2.460804e+000
         vertex 3.539010e+002 5.199509e+002 -3.469447e-015
         vertex 3.364730e+002 5.514624e+002 -3.469447e-015
      endloop
   endfacet
   facet normal 2.877751e-001 1.591469e-001 -9.443822e-001
      outer loop
         vertex 3.625466e+002 5.241498e+002 2.460804e+000
         vertex 3.364730e+002 5.514624e+002 -3.469447e-015
         vertex 3.446133e+002 5.565466e+002 2.453323e+000
      endloop
   endfacet
   facet normal 1.395299e-001 8.714394e-002 -9.863759e-001
      outer loop
         vertex 3.446133e+002 5.565466e+002 2.453323e+000
         vertex 3.364730e+002 5.514624e+002 -3.469447e-015
         vertex 3.326991e+002 5.573683e+002 0.000000e+000
      endloop
   endfacet
   facet normal 2.771991e-001 1.771312e-001 -9.443438e-001
      outer loop
         vertex 3.446133e+002 5.565466e+002 2.453323e+000
         vertex 3.326991e+002 5.573683e+002 0.000000e+000
         vertex 3.407309e+002 5.626183e+002 2.452155e+000
      endloop
   endfacet
   facet normal 1.376676e-001 8.998622e-002 -9.863823e-001
      outer loop
         vertex 3.407309e+002 5.626183e+002 2.452155e+000
         vertex 3.326991e+002 5.573683e+002 0.000000e+000
         vertex 3.116097e+002 5.861956e+002 0.000000e+000
      endloop
   endfacet
   facet normal 2.650343e-001 1.938845e-001 -9.445452e-001
      outer loop
         vertex 3.407309e+002 5.626183e+002 2.452155e+000
         vertex 3.116097e+002 5.861956e+002 0.000000e+000
         vertex 3.190387e+002 5.922559e+002 2.447686e+000
      endloop
   endfacet
   facet normal 1.273272e-001 1.038689e-001 -9.864071e-001
      outer loop
         vertex 3.190387e+002 5.922559e+002 2.447686e+000
         vertex 3.116097e+002 5.861956e+002 0.000000e+000
         vertex 2.876156e+002 6.126356e+002 -3.469447e-015
      endloop
   endfacet
   facet normal 2.430193e-001 2.205349e-001 -9.446195e-001
      outer loop
         vertex 3.190387e+002 5.922559e+002 2.447686e+000
         vertex 2.876156e+002 6.126356e+002 -3.469447e-015
         vertex 2.943637e+002 6.194407e+002 2.445726e+000
      endloop
   endfacet
   facet normal 1.156559e-001 1.166329e-001 -9.864180e-001
      outer loop
         vertex 2.943637e+002 6.194407e+002 2.445726e+000
         vertex 2.876156e+002 6.126356e+002 -3.469447e-015
         vertex 2.607494e+002 6.365870e+002 0.000000e+000
      endloop
   endfacet
   facet normal 2.183448e-001 2.449186e-001 -9.446377e-001
      outer loop
         vertex 2.943637e+002 6.194407e+002 2.445726e+000
         vertex 2.607494e+002 6.365870e+002 0.000000e+000
         vertex 2.667390e+002 6.440698e+002 2.446308e+000
      endloop
   endfacet
   facet normal 1.026557e-001 1.282485e-001 -9.864148e-001
      outer loop
         vertex 2.667390e+002 6.440698e+002 2.446308e+000
         vertex 2.607494e+002 6.365870e+002 0.000000e+000
         vertex 2.551161e+002 6.409994e+002 0.000000e+000
      endloop
   endfacet
   facet normal 2.025925e-001 2.586471e-001 -9.444882e-001
      outer loop
         vertex 2.667390e+002 6.440698e+002 2.446308e+000
         vertex 2.551161e+002 6.409994e+002 0.000000e+000
         vertex 2.609470e+002 6.486075e+002 2.446729e+000
      endloop
   endfacet
   facet normal 9.993561e-002 1.303970e-001 -9.864125e-001
      outer loop
         vertex 2.609470e+002 6.486075e+002 2.446729e+000
         vertex 2.551161e+002 6.409994e+002 0.000000e+000
         vertex 2.256638e+002 6.612023e+002 3.469447e-015
      endloop
   endfacet
   facet normal 1.856968e-001 2.707223e-001 -9.445772e-001
      outer loop
         vertex 2.609470e+002 6.486075e+002 2.446729e+000
         vertex 2.256638e+002 6.612023e+002 3.469447e-015
         vertex 2.306658e+002 6.693870e+002 2.450343e+000
      endloop
   endfacet
   facet normal 8.573305e-002 1.402850e-001 -9.863924e-001
      outer loop
         vertex 2.306658e+002 6.693870e+002 2.450343e+000
         vertex 2.256638e+002 6.612023e+002 3.469447e-015
         vertex 1.942585e+002 6.781931e+002 3.469447e-015
      endloop
   endfacet
   facet normal 1.563594e-001 2.890293e-001 -9.444648e-001
      outer loop
         vertex 2.306658e+002 6.693870e+002 2.450343e+000
         vertex 1.942585e+002 6.781931e+002 3.469447e-015
         vertex 1.983774e+002 6.868682e+002 2.456437e+000
      endloop
   endfacet
   facet normal 7.060240e-002 1.487012e-001 -9.863586e-001
      outer loop
         vertex 1.983774e+002 6.868682e+002 2.456437e+000
         vertex 1.942585e+002 6.781931e+002 3.469447e-015
         vertex 1.609656e+002 6.918870e+002 0.000000e+000
      endloop
   endfacet
   facet normal 1.251747e-001 3.043587e-001 -9.442971e-001
      outer loop
         vertex 1.983774e+002 6.868682e+002 2.456437e+000
         vertex 1.609656e+002 6.918870e+002 0.000000e+000
         vertex 1.641479e+002 7.009644e+002 2.465032e+000
      endloop
   endfacet
   facet normal 5.455238e-002 1.556113e-001 -9.863109e-001
      outer loop
         vertex 1.641479e+002 7.009644e+002 2.465032e+000
         vertex 1.609656e+002 6.918870e+002 0.000000e+000
         vertex 1.542802e+002 6.941530e+002 0.000000e+000
      endloop
   endfacet
   facet normal 1.058793e-001 3.123867e-001 -9.440361e-001
      outer loop
         vertex 1.641479e+002 7.009644e+002 2.465032e+000
         vertex 1.542802e+002 6.941530e+002 0.000000e+000
         vertex 1.572742e+002 7.032979e+002 2.466998e+000
      endloop
   endfacet
   facet normal 5.132623e-002 1.567736e-001 -9.863000e-001
      outer loop
         vertex 1.572742e+002 7.032979e+002 2.466998e+000
         vertex 1.542802e+002 6.941530e+002 0.000000e+000
         vertex 1.197736e+002 7.034714e+002 3.469447e-015
      endloop
   endfacet
   facet normal 8.598872e-002 3.184873e-001 -9.440190e-001
      outer loop
         vertex 1.572742e+002 7.032979e+002 2.466998e+000
         vertex 1.197736e+002 7.034714e+002 3.469447e-015
         vertex 1.217945e+002 7.129004e+002 2.478330e+000
      endloop
   endfacet
   facet normal 3.464838e-002 1.616659e-001 -9.862371e-001
      outer loop
         vertex 1.217945e+002 7.129004e+002 2.478330e+000
         vertex 1.197736e+002 7.034714e+002 3.469447e-015
         vertex 8.448528e+001 7.091130e+002 -3.469447e-015
      endloop
   endfacet
   facet normal 5.219043e-002 3.265700e-001 -9.437310e-001
      outer loop
         vertex 1.217945e+002 7.129004e+002 2.478330e+000
         vertex 8.448528e+001 7.091130e+002 -3.469447e-015
         vertex 8.550771e+001 7.187266e+002 2.491865e+000
      endloop
   endfacet
   facet normal 1.753277e-002 1.648548e-001 -9.861620e-001
      outer loop
         vertex 8.550771e+001 7.187266e+002 2.491865e+000
         vertex 8.448528e+001 7.091130e+002 -3.469447e-015
         vertex 4.850581e+001 7.110207e+002 3.469447e-015
      endloop
   endfacet
   facet normal 1.753711e-002 3.312091e-001 -9.433944e-001
      outer loop
         vertex 8.550771e+001 7.187266e+002 2.491865e+000
         vertex 4.850581e+001 7.110207e+002 3.469447e-015
         vertex 4.850581e+001 7.207169e+002 2.507606e+000
      endloop
   endfacet
   facet normal 7.440024e-001 7.216022e-002 -6.642690e-001
      outer loop
         vertex 4.042154e+002 3.951375e+002 9.401635e+000
         vertex 3.953727e+002 4.119360e+002 2.499991e+000
         vertex 4.025858e+002 4.127764e+002 9.374969e+000
      endloop
   endfacet
   facet normal 6.154445e-001 8.924432e-002 -7.831115e-001
      outer loop
         vertex 4.025858e+002 4.127764e+002 9.374969e+000
         vertex 3.953727e+002 4.119360e+002 2.499991e+000
         vertex 3.891639e+002 4.482417e+002 2.485299e+000
      endloop
   endfacet
   facet normal 7.336966e-001 1.337558e-001 -6.661821e-001
      outer loop
         vertex 4.025858e+002 4.127764e+002 9.374969e+000
         vertex 3.891639e+002 4.482417e+002 2.485299e+000
         vertex 3.962430e+002 4.498347e+002 9.323525e+000
      endloop
   endfacet
   facet normal 6.051404e-001 1.396095e-001 -7.837821e-001
      outer loop
         vertex 3.962430e+002 4.498347e+002 9.323525e+000
         vertex 3.891639e+002 4.482417e+002 2.485299e+000
         vertex 3.875351e+002 4.551320e+002 2.482718e+000
      endloop
   endfacet
   facet normal 7.250828e-001 1.726179e-001 -6.666769e-001
      outer loop
         vertex 3.962430e+002 4.498347e+002 9.323525e+000
         vertex 3.875351e+002 4.551320e+002 2.482718e+000
         vertex 3.945794e+002 4.568678e+002 9.314481e+000
      endloop
   endfacet
   facet normal 5.977015e-001 1.651530e-001 -7.845236e-001
      outer loop
         vertex 3.945794e+002 4.568678e+002 9.314481e+000
         vertex 3.875351e+002 4.551320e+002 2.482718e+000
         vertex 3.768531e+002 4.903089e+002 2.470617e+000
      endloop
   endfacet
   facet normal 7.094349e-001 2.240296e-001 -6.682161e-001
      outer loop
         vertex 3.945794e+002 4.568678e+002 9.314481e+000
         vertex 3.768531e+002 4.903089e+002 2.470617e+000
         vertex 3.836714e+002 4.927736e+002 9.272072e+000
      endloop
   endfacet
   facet normal 5.758858e-001 2.265830e-001 -7.855034e-001
      outer loop
         vertex 3.836714e+002 4.927736e+002 9.272072e+000
         vertex 3.768531e+002 4.903089e+002 2.470617e+000
         vertex 3.625466e+002 5.241498e+002 2.460804e+000
      endloop
   endfacet
   facet normal 6.808223e-001 2.968320e-001 -6.696057e-001
      outer loop
         vertex 3.836714e+002 4.927736e+002 9.272072e+000
         vertex 3.625466e+002 5.241498e+002 2.460804e+000
         vertex 3.690646e+002 5.273155e+002 9.237662e+000
      endloop
   endfacet
   facet normal 5.479320e-001 2.855058e-001 -7.862931e-001
      outer loop
         vertex 3.690646e+002 5.273155e+002 9.237662e+000
         vertex 3.625466e+002 5.241498e+002 2.460804e+000
         vertex 3.446133e+002 5.565466e+002 2.453323e+000
      endloop
   endfacet
   facet normal 6.448018e-001 3.665877e-001 -6.707042e-001
      outer loop
         vertex 3.690646e+002 5.273155e+002 9.237662e+000
         vertex 3.446133e+002 5.565466e+002 2.453323e+000
         vertex 3.507567e+002 5.603834e+002 9.211412e+000
      endloop
   endfacet
   facet normal 5.220399e-001 3.300476e-001 -7.864749e-001
      outer loop
         vertex 3.507567e+002 5.603834e+002 9.211412e+000
         vertex 3.446133e+002 5.565466e+002 2.453323e+000
         vertex 3.407309e+002 5.626183e+002 2.452155e+000
      endloop
   endfacet
   facet normal 6.240958e-001 4.008159e-001 -6.707093e-001
      outer loop
         vertex 3.507567e+002 5.603834e+002 9.211412e+000
         vertex 3.407309e+002 5.626183e+002 2.452155e+000
         vertex 3.467932e+002 5.665809e+002 9.207314e+000
      endloop
   endfacet
   facet normal 5.068009e-001 3.519215e-001 -7.869586e-001
      outer loop
         vertex 3.467932e+002 5.665809e+002 9.207314e+000
         vertex 3.407309e+002 5.626183e+002 2.452155e+000
         vertex 3.190387e+002 5.922559e+002 2.447686e+000
      endloop
   endfacet
   facet normal 5.928410e-001 4.444263e-001 -6.715839e-001
      outer loop
         vertex 3.467932e+002 5.665809e+002 9.207314e+000
         vertex 3.190387e+002 5.922559e+002 2.447686e+000
         vertex 3.246492e+002 5.968328e+002 9.191626e+000
      endloop
   endfacet
   facet normal 4.666722e-001 4.029891e-001 -7.872844e-001
      outer loop
         vertex 3.246492e+002 5.968328e+002 9.191626e+000
         vertex 3.190387e+002 5.922559e+002 2.447686e+000
         vertex 2.943637e+002 6.194407e+002 2.445726e+000
      endloop
   endfacet
   facet normal 5.425701e-001 5.040594e-001 -6.719686e-001
      outer loop
         vertex 3.246492e+002 5.968328e+002 9.191626e+000
         vertex 2.943637e+002 6.194407e+002 2.445726e+000
         vertex 2.994615e+002 6.245816e+002 9.184745e+000
      endloop
   endfacet
   facet normal 4.215114e-001 4.498079e-001 -7.874014e-001
      outer loop
         vertex 2.994615e+002 6.245816e+002 9.184745e+000
         vertex 2.943637e+002 6.194407e+002 2.445726e+000
         vertex 2.667390e+002 6.440698e+002 2.446308e+000
      endloop
   endfacet
   facet normal 4.862353e-001 5.585209e-001 -6.720340e-001
      outer loop
         vertex 2.994615e+002 6.245816e+002 9.184745e+000
         vertex 2.667390e+002 6.440698e+002 2.446308e+000
         vertex 2.712633e+002 6.497221e+002 9.186790e+000
      endloop
   endfacet
   facet normal 3.827948e-001 4.837752e-001 -7.870386e-001
      outer loop
         vertex 2.712633e+002 6.497221e+002 9.186790e+000
         vertex 2.667390e+002 6.440698e+002 2.446308e+000
         vertex 2.609470e+002 6.486075e+002 2.446729e+000
      endloop
   endfacet
   facet normal 4.555658e-001 5.844250e-001 -6.714962e-001
      outer loop
         vertex 2.712633e+002 6.497221e+002 9.186790e+000
         vertex 2.609470e+002 6.486075e+002 2.446729e+000
         vertex 2.653511e+002 6.543541e+002 9.188270e+000
      endloop
   endfacet
   facet normal 3.612261e-001 4.997610e-001 -7.872450e-001
      outer loop
         vertex 2.653511e+002 6.543541e+002 9.188270e+000
         vertex 2.609470e+002 6.486075e+002 2.446729e+000
         vertex 2.306658e+002 6.693870e+002 2.450343e+000
      endloop
   endfacet
   facet normal 4.118996e-001 6.157994e-001 -6.716620e-001
      outer loop
         vertex 2.653511e+002 6.543541e+002 9.188270e+000
         vertex 2.306658e+002 6.693870e+002 2.450343e+000
         vertex 2.344421e+002 6.755662e+002 9.200953e+000
      endloop
   endfacet
   facet normal 3.069047e-001 5.353730e-001 -7.868832e-001
      outer loop
         vertex 2.344421e+002 6.755662e+002 9.200953e+000
         vertex 2.306658e+002 6.693870e+002 2.450343e+000
         vertex 1.983774e+002 6.868682e+002 2.456437e+000
      endloop
   endfacet
   facet normal 3.451590e-001 6.562179e-001 -6.710018e-001
      outer loop
         vertex 2.344421e+002 6.755662e+002 9.200953e+000
         vertex 1.983774e+002 6.868682e+002 2.456437e+000
         vertex 2.014845e+002 6.934124e+002 9.222340e+000
      endloop
   endfacet
   facet normal 2.491032e-001 5.653810e-001 -7.863154e-001
      outer loop
         vertex 2.014845e+002 6.934124e+002 9.222340e+000
         vertex 1.983774e+002 6.868682e+002 2.456437e+000
         vertex 1.641479e+002 7.009644e+002 2.465032e+000
      endloop
   endfacet
   facet normal 2.742587e-001 6.898158e-001 -6.700271e-001
      outer loop
         vertex 2.014845e+002 6.934124e+002 9.222340e+000
         vertex 1.641479e+002 7.009644e+002 2.465032e+000
         vertex 1.665457e+002 7.078041e+002 9.252490e+000
      endloop
   endfacet
   facet normal 2.015358e-001 5.852479e-001 -7.854096e-001
      outer loop
         vertex 1.665457e+002 7.078041e+002 9.252490e+000
         vertex 1.641479e+002 7.009644e+002 2.465032e+000
         vertex 1.572742e+002 7.032979e+002 2.466998e+000
      endloop
   endfacet
   facet normal 2.369774e-001 7.045188e-001 -6.689506e-001
      outer loop
         vertex 1.665457e+002 7.078041e+002 9.252490e+000
         vertex 1.572742e+002 7.032979e+002 2.466998e+000
         vertex 1.595296e+002 7.101868e+002 9.259384e+000
      endloop
   endfacet
   facet normal 1.760218e-001 5.934966e-001 -7.853523e-001
      outer loop
         vertex 1.595296e+002 7.101868e+002 9.259384e+000
         vertex 1.572742e+002 7.032979e+002 2.466998e+000
         vertex 1.217945e+002 7.129004e+002 2.478330e+000
      endloop
   endfacet
   facet normal 1.854710e-001 7.202687e-001 -6.684411e-001
      outer loop
         vertex 1.595296e+002 7.101868e+002 9.259384e+000
         vertex 1.217945e+002 7.129004e+002 2.478330e+000
         vertex 1.233145e+002 7.199926e+002 9.299107e+000
      endloop
   endfacet
   facet normal 1.129262e-001 6.099661e-001 -7.843399e-001
      outer loop
         vertex 1.233145e+002 7.199926e+002 9.299107e+000
         vertex 1.217945e+002 7.129004e+002 2.478330e+000
         vertex 8.550771e+001 7.187266e+002 2.491865e+000
      endloop
   endfacet
   facet normal 1.090111e-001 7.372171e-001 -6.668040e-001
      outer loop
         vertex 1.233145e+002 7.199926e+002 9.299107e+000
         vertex 8.550771e+001 7.187266e+002 2.491865e+000
         vertex 8.627536e+001 7.259446e+002 9.346521e+000
      endloop
   endfacet
   facet normal 4.824545e-002 6.199637e-001 -7.831458e-001
      outer loop
         vertex 8.627536e+001 7.259446e+002 9.346521e+000
         vertex 8.550771e+001 7.187266e+002 2.491865e+000
         vertex 4.850581e+001 7.207169e+002 2.507606e+000
      endloop
   endfacet
   facet normal 3.071950e-002 7.463089e-001 -6.648905e-001
      outer loop
         vertex 8.627536e+001 7.259446e+002 9.346521e+000
         vertex 4.850581e+001 7.207169e+002 2.507606e+000
         vertex 4.850581e+001 7.279817e+002 9.401615e+000
      endloop
   endfacet
   facet normal 2.697001e-001 9.355997e-001 -2.278486e-001
      outer loop
         vertex 1.604899e+002 7.131202e+002 1.870148e+001
         vertex 1.595296e+002 7.101868e+002 9.259384e+000
         vertex 1.251954e+002 7.226558e+002 1.876953e+001
      endloop
   endfacet
   facet normal 2.238677e-001 8.935321e-001 -3.892091e-001
      outer loop
         vertex 1.251954e+002 7.226558e+002 1.876953e+001
         vertex 1.595296e+002 7.101868e+002 9.259384e+000
         vertex 1.233145e+002 7.199926e+002 9.299107e+000
      endloop
   endfacet
   facet normal 2.053467e-001 9.523112e-001 -2.256901e-001
      outer loop
         vertex 1.251954e+002 7.226558e+002 1.876953e+001
         vertex 1.233145e+002 7.199926e+002 9.299107e+000
         vertex 1.239569e+002 7.229904e+002 1.877192e+001
      endloop
   endfacet
   facet normal 1.632664e-001 9.072890e-001 -3.875188e-001
      outer loop
         vertex 1.239569e+002 7.229904e+002 1.877192e+001
         vertex 1.233145e+002 7.199926e+002 9.299107e+000
         vertex 8.627536e+001 7.259446e+002 9.346521e+000
      endloop
   endfacet
   facet normal 1.387778e-001 9.647548e-001 -2.235818e-001
      outer loop
         vertex 1.239569e+002 7.229904e+002 1.877192e+001
         vertex 8.627536e+001 7.259446e+002 9.346521e+000
         vertex 8.659695e+001 7.289684e+002 1.885588e+001
      endloop
   endfacet
   facet normal 6.696470e-002 9.207441e-001 -3.843773e-001
      outer loop
         vertex 8.659695e+001 7.289684e+002 1.885588e+001
         vertex 8.627536e+001 7.259446e+002 9.346521e+000
         vertex 4.850581e+001 7.279817e+002 9.401615e+000
      endloop
   endfacet
   facet normal 3.625210e-002 9.749253e-001 -2.195597e-001
      outer loop
         vertex 8.659695e+001 7.289684e+002 1.885588e+001
         vertex 4.850581e+001 7.279817e+002 9.401615e+000
         vertex 4.850581e+001 7.309933e+002 1.895328e+001
      endloop
   endfacet
   facet normal 0.000000e+000 9.760197e-001 -2.176825e-001
      outer loop
         vertex -4.850581e+001 7.309933e+002 1.895328e+001
         vertex 4.850581e+001 7.309933e+002 1.895328e+001
         vertex 4.850581e+001 7.279817e+002 9.401615e+000
      endloop
   endfacet
   facet normal 0.000000e+000 9.243660e-001 -3.815069e-001
      outer loop
         vertex -4.850581e+001 7.309933e+002 1.895328e+001
         vertex 4.850581e+001 7.279817e+002 9.401615e+000
         vertex -4.850581e+001 7.279817e+002 9.401615e+000
      endloop
   endfacet
   facet normal 0.000000e+000 7.481115e-001 -6.635731e-001
      outer loop
         vertex -4.850581e+001 7.279817e+002 9.401615e+000
         vertex 4.850581e+001 7.279817e+002 9.401615e+000
         vertex 4.850581e+001 7.207169e+002 2.507606e+000
      endloop
   endfacet
   facet normal 0.000000e+000 6.235106e-001 -7.818149e-001
      outer loop
         vertex -4.850581e+001 7.279817e+002 9.401615e+000
         vertex 4.850581e+001 7.207169e+002 2.507606e+000
         vertex -4.850581e+001 7.207169e+002 2.507606e+000
      endloop
   endfacet
   facet normal 0.000000e+000 3.326064e-001 -9.430658e-001
      outer loop
         vertex -4.850581e+001 7.207169e+002 2.507606e+000
         vertex 4.850581e+001 7.207169e+002 2.507606e+000
         vertex 4.850581e+001 7.110207e+002 0.000000e+000
      endloop
   endfacet
   facet normal 0.000000e+000 1.663032e-001 -9.860746e-001
      outer loop
         vertex -4.850581e+001 7.207169e+002 2.507606e+000
         vertex 4.850581e+001 7.110207e+002 0.000000e+000
         vertex -4.850581e+001 7.110207e+002 0.000000e+000
      endloop
   endfacet
   facet normal 0.000000e+000 1.663032e-001 -9.860746e-001
      outer loop
         vertex -4.850581e+001 7.207169e+002 2.507606e+000
         vertex -4.850581e+001 7.110207e+002 3.469447e-015
         vertex -6.537390e+001 7.106024e+002 3.469447e-015
      endloop
   endfacet
   facet normal -8.233207e-003 6.231565e-001 -7.820538e-001
      outer loop
         vertex -4.850581e+001 7.279817e+002 9.401615e+000
         vertex -4.850581e+001 7.207169e+002 2.507606e+000
         vertex -6.585387e+001 7.202729e+002 2.499985e+000
      endloop
   endfacet
   facet normal -1.831070e-001 9.569076e-001 -2.253879e-001
      outer loop
         vertex -1.251061e+002 7.222640e+002 1.877091e+001
         vertex -1.112723e+002 7.254732e+002 1.879911e+001
         vertex -1.107393e+002 7.224623e+002 9.314456e+000
      endloop
   endfacet
   facet normal -1.630420e-001 9.608206e-001 -2.241455e-001
      outer loop
         vertex -1.107393e+002 7.224623e+002 9.314456e+000
         vertex -1.112723e+002 7.254732e+002 1.879911e+001
         vertex -1.040825e+002 7.266719e+002 1.881513e+001
      endloop
   endfacet
   facet normal -1.481270e-001 9.102589e-001 -3.866357e-001
      outer loop
         vertex -1.107393e+002 7.224623e+002 9.314456e+000
         vertex -1.040825e+002 7.266719e+002 1.881513e+001
         vertex -1.036114e+002 7.236555e+002 9.323500e+000
      endloop
   endfacet
   facet normal -1.147289e-001 9.681662e-001 -2.224670e-001
      outer loop
         vertex -1.036114e+002 7.236555e+002 9.323500e+000
         vertex -1.040825e+002 7.266719e+002 1.881513e+001
         vertex -6.636383e+001 7.305479e+002 1.890616e+001
      endloop
   endfacet
   facet normal -7.623458e-002 9.199564e-001 -3.845365e-001
      outer loop
         vertex -1.036114e+002 7.236555e+002 9.323500e+000
         vertex -6.636383e+001 7.305479e+002 1.890616e+001
         vertex -6.621384e+001 7.275258e+002 9.374948e+000
      endloop
   endfacet
   facet normal -3.139461e-002 9.752160e-001 -2.190164e-001
      outer loop
         vertex -6.621384e+001 7.275258e+002 9.374948e+000
         vertex -6.636383e+001 7.305479e+002 1.890616e+001
         vertex -4.850581e+001 7.309933e+002 1.895328e+001
      endloop
   endfacet
   facet normal -1.441069e-002 9.240148e-001 -3.820851e-001
      outer loop
         vertex -6.621384e+001 7.275258e+002 9.374948e+000
         vertex -4.850581e+001 7.309933e+002 1.895328e+001
         vertex -4.850581e+001 7.279817e+002 9.401615e+000
      endloop
   endfacet
   facet normal -2.182776e-001 9.491687e-001 -2.267897e-001
      outer loop
         vertex -1.251061e+002 7.222640e+002 1.877091e+001
         vertex -1.107393e+002 7.224623e+002 9.314456e+000
         vertex -1.481422e+002 7.169200e+002 1.872394e+001
      endloop
   endfacet
   facet normal -2.255336e-001 8.930614e-001 -3.893277e-001
      outer loop
         vertex -1.481422e+002 7.169200e+002 1.872394e+001
         vertex -1.107393e+002 7.224623e+002 9.314456e+000
         vertex -1.472896e+002 7.139604e+002 9.272046e+000
      endloop
   endfacet
   facet normal -2.838685e-001 8.756350e-001 -3.907454e-001
      outer loop
         vertex -1.481422e+002 7.169200e+002 1.872394e+001
         vertex -1.472896e+002 7.139604e+002 9.272046e+000
         vertex -1.827245e+002 7.016774e+002 9.237639e+000
      endloop
   endfacet
   facet normal -4.129416e-001 8.806652e-001 -2.321809e-001
      outer loop
         vertex -2.184036e+002 6.883461e+002 1.861626e+001
         vertex -1.981512e+002 6.978531e+002 1.864362e+001
         vertex -1.827245e+002 7.016774e+002 9.237639e+000
      endloop
   endfacet
   facet normal -3.798859e-001 8.956602e-001 -2.312566e-001
      outer loop
         vertex -1.827245e+002 7.016774e+002 9.237639e+000
         vertex -1.981512e+002 6.978531e+002 1.864362e+001
         vertex -1.838900e+002 7.045477e+002 1.866288e+001
      endloop
   endfacet
   facet normal -3.325810e-001 9.146994e-001 -2.295974e-001
      outer loop
         vertex -1.827245e+002 7.016774e+002 9.237639e+000
         vertex -1.838900e+002 7.045477e+002 1.866288e+001
         vertex -1.481422e+002 7.169200e+002 1.872394e+001
      endloop
   endfacet
   facet normal -4.069392e-001 8.243626e-001 -3.934804e-001
      outer loop
         vertex -1.827245e+002 7.016774e+002 9.237639e+000
         vertex -2.169341e+002 6.856036e+002 9.211396e+000
         vertex -2.184036e+002 6.883461e+002 1.861626e+001
      endloop
   endfacet
   facet normal -4.394028e-001 8.074425e-001 -3.936518e-001
      outer loop
         vertex -2.184036e+002 6.883461e+002 1.861626e+001
         vertex -2.169341e+002 6.856036e+002 9.211396e+000
         vertex -2.233810e+002 6.820601e+002 9.207299e+000
      endloop
   endfacet
   facet normal -4.707806e-001 8.510460e-001 -2.325646e-001
      outer loop
         vertex -2.184036e+002 6.883461e+002 1.861626e+001
         vertex -2.233810e+002 6.820601e+002 9.207299e+000
         vertex -2.249079e+002 6.847735e+002 1.860898e+001
      endloop
   endfacet
   facet normal -4.768345e-001 7.854884e-001 -3.945083e-001
      outer loop
         vertex -2.249079e+002 6.847735e+002 1.860898e+001
         vertex -2.233810e+002 6.820601e+002 9.207299e+000
         vertex -2.550353e+002 6.619719e+002 9.191616e+000
      endloop
   endfacet
   facet normal -5.992842e-001 7.653255e-001 -2.348093e-001
      outer loop
         vertex -2.864622e+002 6.410234e+002 1.856887e+001
         vertex -2.643622e+002 6.585528e+002 1.857800e+001
         vertex -2.550353e+002 6.619719e+002 9.191616e+000
      endloop
   endfacet
   facet normal -5.705937e-001 7.870689e-001 -2.344045e-001
      outer loop
         vertex -2.550353e+002 6.619719e+002 9.191616e+000
         vertex -2.643622e+002 6.585528e+002 1.857800e+001
         vertex -2.568438e+002 6.645164e+002 1.858110e+001
      endloop
   endfacet
   facet normal -5.335400e-001 8.128447e-001 -2.337063e-001
      outer loop
         vertex -2.550353e+002 6.619719e+002 9.191616e+000
         vertex -2.568438e+002 6.645164e+002 1.858110e+001
         vertex -2.249079e+002 6.847735e+002 1.860898e+001
      endloop
   endfacet
   facet normal -5.847453e-001 7.082614e-001 -3.955233e-001
      outer loop
         vertex -2.550353e+002 6.619719e+002 9.191616e+000
         vertex -2.843940e+002 6.386805e+002 9.184743e+000
         vertex -2.864622e+002 6.410234e+002 1.856887e+001
      endloop
   endfacet
   facet normal -6.304007e-001 6.678928e-001 -3.956188e-001
      outer loop
         vertex -2.864622e+002 6.410234e+002 1.856887e+001
         vertex -2.843940e+002 6.386805e+002 9.184743e+000
         vertex -3.113499e+002 6.122123e+002 9.186795e+000
      endloop
   endfacet
   facet normal -6.919390e-001 6.827748e-001 -2.346040e-001
      outer loop
         vertex -2.864622e+002 6.410234e+002 1.856887e+001
         vertex -3.113499e+002 6.122123e+002 9.186795e+000
         vertex -3.136540e+002 6.143222e+002 1.857253e+001
      endloop
   endfacet
   facet normal -6.816067e-001 6.158737e-001 -3.951100e-001
      outer loop
         vertex -3.136540e+002 6.143222e+002 1.857253e+001
         vertex -3.113499e+002 6.122123e+002 9.186795e+000
         vertex -3.163640e+002 6.066205e+002 9.188276e+000
      endloop
   endfacet
   facet normal -7.259241e-001 6.466722e-001 -2.341991e-001
      outer loop
         vertex -3.136540e+002 6.143222e+002 1.857253e+001
         vertex -3.163640e+002 6.066205e+002 9.188276e+000
         vertex -3.187115e+002 6.086807e+002 1.857516e+001
      endloop
   endfacet
   facet normal -7.327568e-001 6.388820e-001 -2.343015e-001
      outer loop
         vertex -3.187115e+002 6.086807e+002 1.857516e+001
         vertex -3.163640e+002 6.066205e+002 9.188276e+000
         vertex -3.207609e+002 6.060816e+002 1.857714e+001
      endloop
   endfacet
   facet normal -7.120363e-001 5.802967e-001 -3.952974e-001
      outer loop
         vertex -3.207609e+002 6.060816e+002 1.857714e+001
         vertex -3.163640e+002 6.066205e+002 9.188276e+000
         vertex -3.395799e+002 5.771869e+002 9.200967e+000
      endloop
   endfacet
   facet normal -7.747305e-001 5.874289e-001 -2.339232e-001
      outer loop
         vertex -3.207609e+002 6.060816e+002 1.857714e+001
         vertex -3.395799e+002 5.771869e+002 9.200967e+000
         vertex -3.421257e+002 5.789850e+002 1.859772e+001
      endloop
   endfacet
   facet normal -7.677626e-001 5.051011e-001 -3.942252e-001
      outer loop
         vertex -3.421257e+002 5.789850e+002 1.859772e+001
         vertex -3.395799e+002 5.771869e+002 9.200967e+000
         vertex -3.595732e+002 5.454858e+002 9.222361e+000
      endloop
   endfacet
   facet normal -8.308673e-001 5.056114e-001 -2.324146e-001
      outer loop
         vertex -3.421257e+002 5.789850e+002 1.859772e+001
         vertex -3.595732e+002 5.454858e+002 9.222361e+000
         vertex -3.622843e+002 5.470010e+002 1.863574e+001
      endloop
   endfacet
   facet normal -8.514221e-001 4.705481e-001 -2.316569e-001
      outer loop
         vertex -3.622843e+002 5.470010e+002 1.863574e+001
         vertex -3.595732e+002 5.454858e+002 9.222361e+000
         vertex -3.644438e+002 5.426061e+002 1.864262e+001
      endloop
   endfacet
   facet normal -8.193786e-001 4.175322e-001 -3.927920e-001
      outer loop
         vertex -3.644438e+002 5.426061e+002 1.864262e+001
         vertex -3.595732e+002 5.454858e+002 9.222361e+000
         vertex -3.762513e+002 5.115787e+002 9.252514e+000
      endloop
   endfacet
   facet normal -8.820307e-001 4.110097e-001 -2.304188e-001
      outer loop
         vertex -3.644438e+002 5.426061e+002 1.864262e+001
         vertex -3.762513e+002 5.115787e+002 9.252514e+000
         vertex -3.790931e+002 5.127922e+002 1.868929e+001
      endloop
   endfacet
   facet normal -8.488548e-001 3.559329e-001 -3.908417e-001
      outer loop
         vertex -3.790931e+002 5.127922e+002 1.868929e+001
         vertex -3.762513e+002 5.115787e+002 9.252514e+000
         vertex -3.790941e+002 5.047361e+002 9.259408e+000
      endloop
   endfacet
   facet normal -9.003279e-001 3.701790e-001 -2.288609e-001
      outer loop
         vertex -3.790931e+002 5.127922e+002 1.868929e+001
         vertex -3.790941e+002 5.047361e+002 9.259408e+000
         vertex -3.819573e+002 5.058889e+002 1.870152e+001
      endloop
   endfacet
   facet normal -8.231980e-003 3.321626e-001 -9.431862e-001
      outer loop
         vertex -4.850581e+001 7.207169e+002 2.507606e+000
         vertex -6.537390e+001 7.106024e+002 3.469447e-015
         vertex -6.585387e+001 7.202729e+002 2.499985e+000
      endloop
   endfacet
   facet normal -8.231332e-003 1.658482e-001 -9.861169e-001
      outer loop
         vertex -6.585387e+001 7.202729e+002 2.499985e+000
         vertex -6.537390e+001 7.106024e+002 3.469447e-015
         vertex -1.010013e+002 7.069462e+002 0.000000e+000
      endloop
   endfacet
   facet normal -3.379017e-002 3.294820e-001 -9.435570e-001
      outer loop
         vertex -6.585387e+001 7.202729e+002 2.499985e+000
         vertex -1.010013e+002 7.069462e+002 0.000000e+000
         vertex -1.024915e+002 7.164864e+002 2.485292e+000
      endloop
   endfacet
   facet normal -2.555218e-002 1.635838e-001 -9.861985e-001
      outer loop
         vertex -1.024915e+002 7.164864e+002 2.485292e+000
         vertex -1.010013e+002 7.069462e+002 0.000000e+000
         vertex -1.077924e+002 7.058149e+002 3.469447e-015
      endloop
   endfacet
   facet normal -5.439752e-002 3.265344e-001 -9.436187e-001
      outer loop
         vertex -1.024915e+002 7.164864e+002 2.485292e+000
         vertex -1.077924e+002 7.058149e+002 3.469447e-015
         vertex -1.094746e+002 7.153183e+002 2.482710e+000
      endloop
   endfacet
   facet normal -2.884497e-002 1.629487e-001 -9.862128e-001
      outer loop
         vertex -1.094746e+002 7.153183e+002 2.482710e+000
         vertex -1.077924e+002 7.058149e+002 3.469447e-015
         vertex -1.426174e+002 6.977406e+002 0.000000e+000
      endloop
   endfacet
   facet normal -7.455207e-002 3.216284e-001 -9.439265e-001
      outer loop
         vertex -1.094746e+002 7.153183e+002 2.482710e+000
         vertex -1.426174e+002 6.977406e+002 0.000000e+000
         vertex -1.452828e+002 7.069935e+002 2.470609e+000
      endloop
   endfacet
   facet normal -4.569463e-002 1.586313e-001 -9.862800e-001
      outer loop
         vertex -1.452828e+002 7.069935e+002 2.470609e+000
         vertex -1.426174e+002 6.977406e+002 0.000000e+000
         vertex -1.763822e+002 6.860586e+002 0.000000e+000
      endloop
   endfacet
   facet normal -1.076990e-001 3.113280e-001 -9.441800e-001
      outer loop
         vertex -1.452828e+002 7.069935e+002 2.470609e+000
         vertex -1.763822e+002 6.860586e+002 0.000000e+000
         vertex -1.799983e+002 6.949637e+002 2.460798e+000
      endloop
   endfacet
   facet normal -6.198720e-002 1.526502e-001 -9.863344e-001
      outer loop
         vertex -1.799983e+002 6.949637e+002 2.460798e+000
         vertex -1.763822e+002 6.860586e+002 0.000000e+000
         vertex -2.089805e+002 6.707596e+002 -3.469447e-015
      endloop
   endfacet
   facet normal -1.397043e-001 2.976991e-001 -9.443823e-001
      outer loop
         vertex -1.799983e+002 6.949637e+002 2.460798e+000
         vertex -2.089805e+002 6.707596e+002 -3.469447e-015
         vertex -2.135133e+002 6.792192e+002 2.453318e+000
      endloop
   endfacet
   facet normal -7.769506e-002 1.450038e-001 -9.863759e-001
      outer loop
         vertex -2.135133e+002 6.792192e+002 2.453318e+000
         vertex -2.089805e+002 6.707596e+002 -3.469447e-015
         vertex -2.151237e+002 6.673857e+002 0.000000e+000
      endloop
   endfacet
   facet normal -1.583506e-001 2.883395e-001 -9.443439e-001
      outer loop
         vertex -2.135133e+002 6.792192e+002 2.453318e+000
         vertex -2.151237e+002 6.673857e+002 0.000000e+000
         vertex -2.198293e+002 6.757482e+002 2.452151e+000
      endloop
   endfacet
   facet normal -8.065464e-002 1.433341e-001 -9.863824e-001
      outer loop
         vertex -2.198293e+002 6.757482e+002 2.452151e+000
         vertex -2.151237e+002 6.673857e+002 0.000000e+000
         vertex -2.452867e+002 6.482554e+002 0.000000e+000
      endloop
   endfacet
   facet normal -1.758741e-001 2.773130e-001 -9.445453e-001
      outer loop
         vertex -2.198293e+002 6.757482e+002 2.452151e+000
         vertex -2.452867e+002 6.482554e+002 0.000000e+000
         vertex -2.508407e+002 6.560700e+002 2.447683e+000
      endloop
   endfacet
   facet normal -9.519272e-002 1.339376e-001 -9.864072e-001
      outer loop
         vertex -2.508407e+002 6.560700e+002 2.447683e+000
         vertex -2.452867e+002 6.482554e+002 0.000000e+000
         vertex -2.732602e+002 6.260682e+002 0.000000e+000
      endloop
   endfacet
   facet normal -2.039263e-001 2.571147e-001 -9.446195e-001
      outer loop
         vertex -2.508407e+002 6.560700e+002 2.447683e+000
         vertex -2.732602e+002 6.260682e+002 0.000000e+000
         vertex -2.796027e+002 6.332529e+002 2.445725e+000
      endloop
   endfacet
   facet normal -1.087030e-001 1.231388e-001 -9.864180e-001
      outer loop
         vertex -2.796027e+002 6.332529e+002 2.445725e+000
         vertex -2.732602e+002 6.260682e+002 0.000000e+000
         vertex -2.989412e+002 6.008502e+002 3.469447e-015
      endloop
   endfacet
   facet normal -2.298934e-001 2.341124e-001 -9.446377e-001
      outer loop
         vertex -2.796027e+002 6.332529e+002 2.445725e+000
         vertex -2.989412e+002 6.008502e+002 3.469447e-015
         vertex -3.060102e+002 6.073230e+002 2.446310e+000
      endloop
   endfacet
   facet normal -1.211556e-001 1.109379e-001 -9.864148e-001
      outer loop
         vertex -3.060102e+002 6.073230e+002 2.446310e+000
         vertex -2.989412e+002 6.008502e+002 3.469447e-015
         vertex -3.037176e+002 5.955220e+002 -3.469447e-015
      endloop
   endfacet
   facet normal -2.446367e-001 2.193056e-001 -9.444882e-001
      outer loop
         vertex -3.060102e+002 6.073230e+002 2.446310e+000
         vertex -3.037176e+002 5.955220e+002 -3.469447e-015
         vertex -3.109222e+002 6.018448e+002 2.446732e+000
      endloop
   endfacet
   facet normal -1.234797e-001 1.083664e-001 -9.864124e-001
      outer loop
         vertex -3.109222e+002 6.018448e+002 2.446732e+000
         vertex -3.037176e+002 5.955220e+002 -3.469447e-015
         vertex -3.258300e+002 5.674750e+002 0.000000e+000
      endloop
   endfacet
   facet normal -2.578064e-001 2.032483e-001 -9.445772e-001
      outer loop
         vertex -3.109222e+002 6.018448e+002 2.446732e+000
         vertex -3.258300e+002 5.674750e+002 0.000000e+000
         vertex -3.336648e+002 5.730089e+002 2.450347e+000
      endloop
   endfacet
   facet normal -1.342883e-001 9.485114e-002 -9.863923e-001
      outer loop
         vertex -3.336648e+002 5.730089e+002 2.450347e+000
         vertex -3.258300e+002 5.674750e+002 0.000000e+000
         vertex -3.448669e+002 5.372659e+002 -3.469447e-015
      endloop
   endfacet
   facet normal -2.780195e-001 1.751901e-001 -9.444647e-001
      outer loop
         vertex -3.336648e+002 5.730089e+002 2.450347e+000
         vertex -3.448669e+002 5.372659e+002 -3.469447e-015
         vertex -3.532496e+002 5.419514e+002 2.456443e+000
      endloop
   endfacet
   facet normal -1.436898e-001 8.031221e-002 -9.863586e-001
      outer loop
         vertex -3.532496e+002 5.419514e+002 2.456443e+000
         vertex -3.448669e+002 5.372659e+002 -3.469447e-015
         vertex -3.607394e+002 5.049550e+002 3.469447e-015
      endloop
   endfacet
   facet normal -2.953840e-001 1.450911e-001 -9.442970e-001
      outer loop
         vertex -3.532496e+002 5.419514e+002 2.456443e+000
         vertex -3.607394e+002 5.049550e+002 3.469447e-015
         vertex -3.695856e+002 5.087325e+002 2.465039e+000
      endloop
   endfacet
   facet normal -1.516495e-001 6.475597e-002 -9.863108e-001
      outer loop
         vertex -3.695856e+002 5.087325e+002 2.465039e+000
         vertex -3.607394e+002 5.049550e+002 3.469447e-015
         vertex -3.634439e+002 4.984346e+002 3.469447e-015
      endloop
   endfacet
   facet normal -3.046746e-001 1.263708e-001 -9.440359e-001
      outer loop
         vertex -3.695856e+002 5.087325e+002 2.465039e+000
         vertex -3.634439e+002 4.984346e+002 3.469447e-015
         vertex -3.723701e+002 5.020287e+002 2.467005e+000
      endloop
   endfacet
   facet normal -1.530233e-001 6.161404e-002 -9.862999e-001
      outer loop
         vertex -3.723701e+002 5.020287e+002 2.467005e+000
         vertex -3.634439e+002 4.984346e+002 3.469447e-015
         vertex -3.750310e+002 4.646223e+002 0.000000e+000
      endloop
   endfacet
   facet normal -3.120814e-001 1.069288e-001 -9.440188e-001
      outer loop
         vertex -3.723701e+002 5.020287e+002 2.467005e+000
         vertex -3.750310e+002 4.646223e+002 0.000000e+000
         vertex -3.843052e+002 4.672642e+002 2.478337e+000
      endloop
   endfacet
   facet normal -1.590113e-001 4.529749e-002 -9.862371e-001
      outer loop
         vertex -3.843052e+002 4.672642e+002 2.478337e+000
         vertex -3.750310e+002 4.646223e+002 0.000000e+000
         vertex -3.830014e+002 4.297859e+002 -3.469447e-015
      endloop
   endfacet
   facet normal -3.223885e-001 7.374113e-002 -9.437309e-001
      outer loop
         vertex -3.843052e+002 4.672642e+002 2.478337e+000
         vertex -3.830014e+002 4.297859e+002 -3.469447e-015
         vertex -3.925259e+002 4.314439e+002 2.491872e+000
      endloop
   endfacet
   facet normal -1.633287e-001 2.843112e-002 -9.861619e-001
      outer loop
         vertex -3.925259e+002 4.314439e+002 2.491872e+000
         vertex -3.830014e+002 4.297859e+002 -3.469447e-015
         vertex -3.872918e+002 3.940123e+002 0.000000e+000
      endloop
   endfacet
   facet normal -3.293164e-001 3.947188e-002 -9.433942e-001
      outer loop
         vertex -3.925259e+002 4.314439e+002 2.491872e+000
         vertex -3.872918e+002 3.940123e+002 0.000000e+000
         vertex -3.969667e+002 3.946555e+002 2.507612e+000
      endloop
   endfacet
   facet normal -2.264190e-002 7.471498e-001 -6.642699e-001
      outer loop
         vertex -4.850581e+001 7.279817e+002 9.401615e+000
         vertex -6.585387e+001 7.202729e+002 2.499985e+000
         vertex -6.621384e+001 7.275258e+002 9.374948e+000
      endloop
   endfacet
   facet normal -4.821718e-002 6.200086e-001 -7.831120e-001
      outer loop
         vertex -6.621384e+001 7.275258e+002 9.374948e+000
         vertex -6.585387e+001 7.202729e+002 2.499985e+000
         vertex -1.024915e+002 7.164864e+002 2.485292e+000
      endloop
   endfacet
   facet normal -8.478541e-002 7.409532e-001 -6.661831e-001
      outer loop
         vertex -6.621384e+001 7.275258e+002 9.374948e+000
         vertex -1.024915e+002 7.164864e+002 2.485292e+000
         vertex -1.036114e+002 7.236555e+002 9.323500e+000
      endloop
   endfacet
   facet normal -9.915496e-002 6.130685e-001 -7.837827e-001
      outer loop
         vertex -1.036114e+002 7.236555e+002 9.323500e+000
         vertex -1.024915e+002 7.164864e+002 2.485292e+000
         vertex -1.094746e+002 7.153183e+002 2.482710e+000
      endloop
   endfacet
   facet normal -1.241332e-001 7.349365e-001 -6.666777e-001
      outer loop
         vertex -1.036114e+002 7.236555e+002 9.323500e+000
         vertex -1.094746e+002 7.153183e+002 2.482710e+000
         vertex -1.107393e+002 7.224623e+002 9.314456e+000
      endloop
   endfacet
   facet normal -1.251357e-001 6.073407e-001 -7.845243e-001
      outer loop
         vertex -1.107393e+002 7.224623e+002 9.314456e+000
         vertex -1.094746e+002 7.153183e+002 2.482710e+000
         vertex -1.452828e+002 7.069935e+002 2.470609e+000
      endloop
   endfacet
   facet normal -1.764698e-001 7.227340e-001 -6.682171e-001
      outer loop
         vertex -1.107393e+002 7.224623e+002 9.314456e+000
         vertex -1.452828e+002 7.069935e+002 2.470609e+000
         vertex -1.472896e+002 7.139604e+002 9.272046e+000
      endloop
   endfacet
   facet normal -1.878777e-001 5.896486e-001 -7.855040e-001
      outer loop
         vertex -1.472896e+002 7.139604e+002 9.272046e+000
         vertex -1.452828e+002 7.069935e+002 2.470609e+000
         vertex -1.799983e+002 6.949637e+002 2.460798e+000
      endloop
   endfacet
   facet normal -2.510100e-001 6.990144e-001 -6.696065e-001
      outer loop
         vertex -1.472896e+002 7.139604e+002 9.272046e+000
         vertex -1.799983e+002 6.949637e+002 2.460798e+000
         vertex -1.827245e+002 7.016774e+002 9.237639e+000
      endloop
   endfacet
   facet normal -2.485251e-001 5.656656e-001 -7.862937e-001
      outer loop
         vertex -1.827245e+002 7.016774e+002 9.237639e+000
         vertex -1.799983e+002 6.949637e+002 2.460798e+000
         vertex -2.135133e+002 6.792192e+002 2.453318e+000
      endloop
   endfacet
   facet normal -3.230017e-001 6.677012e-001 -6.707048e-001
      outer loop
         vertex -1.827245e+002 7.016774e+002 9.237639e+000
         vertex -2.135133e+002 6.792192e+002 2.453318e+000
         vertex -2.169341e+002 6.856036e+002 9.211396e+000
      endloop
   endfacet
   facet normal -2.946866e-001 5.427856e-001 -7.864754e-001
      outer loop
         vertex -2.169341e+002 6.856036e+002 9.211396e+000
         vertex -2.135133e+002 6.792192e+002 2.453318e+000
         vertex -2.198293e+002 6.757482e+002 2.452151e+000
      endloop
   endfacet
   facet normal -3.585283e-001 6.493117e-001 -6.707100e-001
      outer loop
         vertex -2.169341e+002 6.856036e+002 9.211396e+000
         vertex -2.198293e+002 6.757482e+002 2.452151e+000
         vertex -2.233810e+002 6.820601e+002 9.207299e+000
      endloop
   endfacet
   facet normal -3.175233e-001 5.290315e-001 -7.869591e-001
      outer loop
         vertex -2.233810e+002 6.820601e+002 9.207299e+000
         vertex -2.198293e+002 6.757482e+002 2.452151e+000
         vertex -2.508407e+002 6.560700e+002 2.447683e+000
      endloop
   endfacet
   facet normal -4.041162e-001 6.210190e-001 -6.715843e-001
      outer loop
         vertex -2.233810e+002 6.820601e+002 9.207299e+000
         vertex -2.508407e+002 6.560700e+002 2.447683e+000
         vertex -2.550353e+002 6.619719e+002 9.191616e+000
      endloop
   endfacet
   facet normal -3.711407e-001 4.923793e-001 -7.872847e-001
      outer loop
         vertex -2.550353e+002 6.619719e+002 9.191616e+000
         vertex -2.508407e+002 6.560700e+002 2.447683e+000
         vertex -2.796027e+002 6.332529e+002 2.445725e+000
      endloop
   endfacet
   facet normal -4.669532e-001 5.748153e-001 -6.719688e-001
      outer loop
         vertex -2.550353e+002 6.619719e+002 9.191616e+000
         vertex -2.796027e+002 6.332529e+002 2.445725e+000
         vertex -2.843940e+002 6.386805e+002 9.184743e+000
      endloop
   endfacet
   facet normal -4.208526e-001 4.504243e-001 -7.874014e-001
      outer loop
         vertex -2.843940e+002 6.386805e+002 9.184743e+000
         vertex -2.796027e+002 6.332529e+002 2.445725e+000
         vertex -3.060102e+002 6.073230e+002 2.446310e+000
      endloop
   endfacet
   facet normal -5.250322e-001 5.222180e-001 -6.720338e-001
      outer loop
         vertex -2.843940e+002 6.386805e+002 9.184743e+000
         vertex -3.060102e+002 6.073230e+002 2.446310e+000
         vertex -3.113499e+002 6.122123e+002 9.186795e+000
      endloop
   endfacet
   facet normal -4.573139e-001 4.140466e-001 -7.870384e-001
      outer loop
         vertex -3.113499e+002 6.122123e+002 9.186795e+000
         vertex -3.060102e+002 6.073230e+002 2.446310e+000
         vertex -3.109222e+002 6.018448e+002 2.446732e+000
      endloop
   endfacet
   facet normal -5.529141e-001 4.933347e-001 -6.714961e-001
      outer loop
         vertex -3.113499e+002 6.122123e+002 9.186795e+000
         vertex -3.109222e+002 6.018448e+002 2.446732e+000
         vertex -3.163640e+002 6.066205e+002 9.188276e+000
      endloop
   endfacet
   facet normal -4.746954e-001 3.935860e-001 -7.872449e-001
      outer loop
         vertex -3.163640e+002 6.066205e+002 9.188276e+000
         vertex -3.109222e+002 6.018448e+002 2.446732e+000
         vertex -3.336648e+002 5.730089e+002 2.450347e+000
      endloop
   endfacet
   facet normal -5.871164e-001 4.518462e-001 -6.716616e-001
      outer loop
         vertex -3.163640e+002 6.066205e+002 9.188276e+000
         vertex -3.336648e+002 5.730089e+002 2.450347e+000
         vertex -3.395799e+002 5.771869e+002 9.200967e+000
      endloop
   endfacet
   facet normal -5.138329e-001 3.417470e-001 -7.868829e-001
      outer loop
         vertex -3.395799e+002 5.771869e+002 9.200967e+000
         vertex -3.336648e+002 5.730089e+002 2.450347e+000
         vertex -3.532496e+002 5.419514e+002 2.456443e+000
      endloop
   endfacet
   facet normal -6.318738e-001 3.879342e-001 -6.710011e-001
      outer loop
         vertex -3.395799e+002 5.771869e+002 9.200967e+000
         vertex -3.532496e+002 5.419514e+002 2.456443e+000
         vertex -3.595732e+002 5.454858e+002 9.222361e+000
      endloop
   endfacet
   facet normal -5.476097e-001 2.860637e-001 -7.863150e-001
      outer loop
         vertex -3.595732e+002 5.454858e+002 9.222361e+000
         vertex -3.532496e+002 5.419514e+002 2.456443e+000
         vertex -3.695856e+002 5.087325e+002 2.465039e+000
      endloop
   endfacet
   facet normal -6.701016e-001 3.194191e-001 -6.700263e-001
      outer loop
         vertex -3.595732e+002 5.454858e+002 9.222361e+000
         vertex -3.695856e+002 5.087325e+002 2.465039e+000
         vertex -3.762513e+002 5.115787e+002 9.252514e+000
      endloop
   endfacet
   facet normal -5.705888e-001 2.399191e-001 -7.854090e-001
      outer loop
         vertex -3.762513e+002 5.115787e+002 9.252514e+000
         vertex -3.695856e+002 5.087325e+002 2.465039e+000
         vertex -3.723701e+002 5.020287e+002 2.467005e+000
      endloop
   endfacet
   facet normal -6.872457e-001 2.831954e-001 -6.689498e-001
      outer loop
         vertex -3.762513e+002 5.115787e+002 9.252514e+000
         vertex -3.723701e+002 5.020287e+002 2.467005e+000
         vertex -3.790941e+002 5.047361e+002 9.259408e+000
      endloop
   endfacet
   facet normal -5.805119e-001 2.150085e-001 -7.853517e-001
      outer loop
         vertex -3.790941e+002 5.047361e+002 9.259408e+000
         vertex -3.723701e+002 5.020287e+002 2.467005e+000
         vertex -3.843052e+002 4.672642e+002 2.478337e+000
      endloop
   endfacet
   facet normal -7.063780e-001 2.328472e-001 -6.684401e-001
      outer loop
         vertex -3.790941e+002 5.047361e+002 9.259408e+000
         vertex -3.843052e+002 4.672642e+002 2.478337e+000
         vertex -3.912810e+002 4.692514e+002 9.299133e+000
      endloop
   endfacet
   facet normal -6.011311e-001 1.531445e-001 -7.843393e-001
      outer loop
         vertex -3.912810e+002 4.692514e+002 9.299133e+000
         vertex -3.843052e+002 4.672642e+002 2.478337e+000
         vertex -3.925259e+002 4.314439e+002 2.491872e+000
      endloop
   endfacet
   facet normal -7.283617e-001 1.576802e-001 -6.668029e-001
      outer loop
         vertex -3.912810e+002 4.692514e+002 9.299133e+000
         vertex -3.925259e+002 4.314439e+002 2.491872e+000
         vertex -3.996771e+002 4.326887e+002 9.346545e+000
      endloop
   endfacet
   facet normal -6.153979e-001 8.926941e-002 -7.831452e-001
      outer loop
         vertex -3.996771e+002 4.326887e+002 9.346545e+000
         vertex -3.925259e+002 4.314439e+002 2.491872e+000
         vertex -3.969667e+002 3.946555e+002 2.507612e+000
      endloop
   endfacet
   facet normal -7.426274e-001 8.016414e-002 -6.648897e-001
      outer loop
         vertex -3.996771e+002 4.326887e+002 9.346545e+000
         vertex -3.969667e+002 3.946555e+002 2.507612e+000
         vertex -4.042154e+002 3.951375e+002 9.401635e+000
      endloop
   endfacet
   facet normal -9.156431e-001 3.311847e-001 -2.278473e-001
      outer loop
         vertex -3.819573e+002 5.058889e+002 1.870152e+001
         vertex -3.790941e+002 5.047361e+002 9.259408e+000
         vertex -3.938104e+002 4.713136e+002 1.876956e+001
      endloop
   endfacet
   facet normal -8.767093e-001 2.826625e-001 -3.892081e-001
      outer loop
         vertex -3.938104e+002 4.713136e+002 1.876956e+001
         vertex -3.790941e+002 5.047361e+002 9.259408e+000
         vertex -3.912810e+002 4.692514e+002 9.299133e+000
      endloop
   endfacet
   facet normal -9.365878e-001 2.680819e-001 -2.256889e-001
      outer loop
         vertex -3.938104e+002 4.713136e+002 1.876956e+001
         vertex -3.912810e+002 4.692514e+002 9.299133e+000
         vertex -3.942294e+002 4.700913e+002 1.877197e+001
      endloop
   endfacet
   facet normal -8.944592e-001 2.230990e-001 -3.875172e-001
      outer loop
         vertex -3.942294e+002 4.700913e+002 1.877197e+001
         vertex -3.912810e+002 4.692514e+002 9.299133e+000
         vertex -3.996771e+002 4.326887e+002 9.346545e+000
      endloop
   endfacet
   facet normal -9.534229e-001 2.024767e-001 -2.235799e-001
      outer loop
         vertex -3.942294e+002 4.700913e+002 1.877197e+001
         vertex -3.996771e+002 4.326887e+002 9.346545e+000
         vertex -4.026729e+002 4.332102e+002 1.885592e+001
      endloop
   endfacet
   facet normal -9.142736e-001 1.279020e-001 -3.843759e-001
      outer loop
         vertex -4.026729e+002 4.332102e+002 1.885592e+001
         vertex -3.996771e+002 4.326887e+002 9.346545e+000
         vertex -4.042154e+002 3.951375e+002 9.401635e+000
      endloop
   endfacet
   facet normal -9.703727e-001 1.008516e-001 -2.195580e-001
      outer loop
         vertex -4.026729e+002 4.332102e+002 1.885592e+001
         vertex -4.042154e+002 3.951375e+002 9.401635e+000
         vertex -4.072204e+002 3.953373e+002 1.895332e+001
      endloop
   endfacet
   facet normal -6.223316e-001 3.810136e-002 -7.818259e-001
      outer loop
         vertex -4.042154e+002 3.951375e+002 9.401635e+000
         vertex -3.969667e+002 3.946555e+002 2.507612e+000
         vertex -4.039309e+002 2.716681e+002 2.507614e+000
      endloop
   endfacet
   facet normal -9.746148e-001 5.231865e-002 -2.176896e-001
      outer loop
         vertex -4.141961e+002 2.721482e+002 1.895333e+001
         vertex -4.072204e+002 3.953373e+002 1.895332e+001
         vertex -4.111878e+002 2.720075e+002 9.401645e+000
      endloop
   endfacet
   facet normal -9.226863e-001 5.561633e-002 -3.815190e-001
      outer loop
         vertex -4.111878e+002 2.720075e+002 9.401645e+000
         vertex -4.072204e+002 3.953373e+002 1.895332e+001
         vertex -4.042154e+002 3.951375e+002 9.401635e+000
      endloop
   endfacet
   facet normal -9.751214e-001 3.976986e-002 -2.180746e-001
      outer loop
         vertex -4.141961e+002 2.721482e+002 1.895333e+001
         vertex -4.111878e+002 2.720075e+002 9.401645e+000
         vertex -4.178247e+002 1.657925e+002 1.895335e+001
      endloop
   endfacet
   facet normal -9.237274e-001 3.001233e-002 -3.818730e-001
      outer loop
         vertex -4.178247e+002 1.657925e+002 1.895335e+001
         vertex -4.111878e+002 2.720075e+002 9.401645e+000
         vertex -4.165740e+002 1.141357e+002 9.401654e+000
      endloop
   endfacet
   facet normal -9.756436e-001 2.377908e-002 -2.180690e-001
      outer loop
         vertex -4.178247e+002 1.657925e+002 1.895335e+001
         vertex -4.165740e+002 1.141357e+002 9.401654e+000
         vertex -4.195850e+002 1.142004e+002 1.895335e+001
      endloop
   endfacet
   facet normal -9.242734e-001 1.248850e-002 -3.815268e-001
      outer loop
         vertex -4.195850e+002 1.142004e+002 1.895335e+001
         vertex -4.165740e+002 1.141357e+002 9.401654e+000
         vertex -4.179678e+002 -4.378782e+001 9.401657e+000
      endloop
   endfacet
   facet normal -9.760045e-001 4.933796e-003 -2.176945e-001
      outer loop
         vertex -4.195850e+002 1.142004e+002 1.895335e+001
         vertex -4.179678e+002 -4.378782e+001 9.401657e+000
         vertex -4.209794e+002 -4.379933e+001 1.895336e+001
      endloop
   endfacet
   facet normal -9.759697e-001 -5.944815e-003 -2.178253e-001
      outer loop
         vertex -4.209794e+002 -4.379933e+001 1.895336e+001
         vertex -4.179678e+002 -4.378782e+001 9.401657e+000
         vertex -4.205279e+002 -8.419767e+001 1.895335e+001
      endloop
   endfacet
   facet normal -9.242562e-001 -1.002606e-002 -3.816412e-001
      outer loop
         vertex -4.205279e+002 -8.419767e+001 1.895335e+001
         vertex -4.179678e+002 -4.378782e+001 9.401657e+000
         vertex -4.169410e+002 -1.356484e+002 9.401655e+000
      endloop
   endfacet
   facet normal -9.758683e-001 -1.526217e-002 -2.178260e-001
      outer loop
         vertex -4.205279e+002 -8.419767e+001 1.895335e+001
         vertex -4.169410e+002 -1.356484e+002 9.401655e+000
         vertex -4.199521e+002 -1.357042e+002 1.895335e+001
      endloop
   endfacet
   facet normal -9.240339e-001 -2.446801e-002 -3.815269e-001
      outer loop
         vertex -4.199521e+002 -1.357042e+002 1.895335e+001
         vertex -4.169410e+002 -1.356484e+002 9.401655e+000
         vertex -4.120246e+002 -2.934034e+002 9.401647e+000
      endloop
   endfacet
   facet normal -9.754222e-001 -3.406683e-002 -2.176948e-001
      outer loop
         vertex -4.199521e+002 -1.357042e+002 1.895335e+001
         vertex -4.120246e+002 -2.934034e+002 9.401647e+000
         vertex -4.150333e+002 -2.935352e+002 1.895334e+001
      endloop
   endfacet
   facet normal -9.749112e-001 -4.491752e-002 -2.180154e-001
      outer loop
         vertex -4.150333e+002 -2.935352e+002 1.895334e+001
         vertex -4.120246e+002 -2.934034e+002 9.401647e+000
         vertex -4.127469e+002 -3.340616e+002 1.895333e+001
      endloop
   endfacet
   facet normal -9.228829e-001 -4.996354e-002 -3.818255e-001
      outer loop
         vertex -4.127469e+002 -3.340616e+002 1.895333e+001
         vertex -4.120246e+002 -2.934034e+002 9.401647e+000
         vertex -4.031313e+002 -4.510388e+002 9.401633e+000
      endloop
   endfacet
   facet normal -9.740460e-001 -6.083049e-002 -2.180232e-001
      outer loop
         vertex -4.127469e+002 -3.340616e+002 1.895333e+001
         vertex -4.031313e+002 -4.510388e+002 9.401633e+000
         vertex -4.061357e+002 -4.512462e+002 1.895331e+001
      endloop
   endfacet
   facet normal -7.469915e-001 4.065749e-002 -6.635892e-001
      outer loop
         vertex -4.042154e+002 3.951375e+002 9.401635e+000
         vertex -4.039309e+002 2.716681e+002 2.507614e+000
         vertex -4.111878e+002 2.720075e+002 9.401645e+000
      endloop
   endfacet
   facet normal -6.229892e-001 2.492791e-002 -7.818331e-001
      outer loop
         vertex -4.111878e+002 2.720075e+002 9.401645e+000
         vertex -4.039309e+002 2.716681e+002 2.507614e+000
         vertex -4.093109e+002 1.139798e+002 2.507617e+000
      endloop
   endfacet
   facet normal -7.477214e-001 2.340521e-002 -6.635999e-001
      outer loop
         vertex -4.111878e+002 2.720075e+002 9.401645e+000
         vertex -4.093109e+002 1.139798e+002 2.507617e+000
         vertex -4.165740e+002 1.141357e+002 9.401654e+000
      endloop
   endfacet
   facet normal -6.234202e-001 9.180238e-003 -7.818330e-001
      outer loop
         vertex -4.165740e+002 1.141357e+002 9.401654e+000
         vertex -4.093109e+002 1.139798e+002 2.507617e+000
         vertex -4.107031e+002 -4.376006e+001 2.507618e+000
      endloop
   endfacet
   facet normal -7.480742e-001 4.498270e-003 -6.635998e-001
      outer loop
         vertex -4.165740e+002 1.141357e+002 9.401654e+000
         vertex -4.107031e+002 -4.376006e+001 2.507618e+000
         vertex -4.179678e+002 -4.378782e+001 9.401657e+000
      endloop
   endfacet
   facet normal -6.234850e-001 -4.828863e-003 -7.818204e-001
      outer loop
         vertex -4.179678e+002 -4.378782e+001 9.401657e+000
         vertex -4.107031e+002 -4.376006e+001 2.507618e+000
         vertex -4.096775e+002 -1.355138e+002 2.507617e+000
      endloop
   endfacet
   facet normal -7.480429e-001 -9.583982e-003 -6.635811e-001
      outer loop
         vertex -4.179678e+002 -4.378782e+001 9.401657e+000
         vertex -4.096775e+002 -1.355138e+002 2.507617e+000
         vertex -4.169410e+002 -1.356484e+002 9.401655e+000
      endloop
   endfacet
   facet normal -6.232890e-001 -1.574908e-002 -7.818330e-001
      outer loop
         vertex -4.169410e+002 -1.356484e+002 9.401655e+000
         vertex -4.096775e+002 -1.355138e+002 2.507617e+000
         vertex -4.047668e+002 -2.930855e+002 2.507615e+000
      endloop
   endfacet
   facet normal -7.476565e-001 -2.539649e-002 -6.635999e-001
      outer loop
         vertex -4.169410e+002 -1.356484e+002 9.401655e+000
         vertex -4.047668e+002 -2.930855e+002 2.507615e+000
         vertex -4.120246e+002 -2.934034e+002 9.401647e+000
      endloop
   endfacet
   facet normal -6.226936e-001 -3.145948e-002 -7.818331e-001
      outer loop
         vertex -4.120246e+002 -2.934034e+002 9.401647e+000
         vertex -4.047668e+002 -2.930855e+002 2.507615e+000
         vertex -3.958837e+002 -4.505384e+002 2.507611e+000
      endloop
   endfacet
   facet normal -7.467794e-001 -4.421959e-002 -6.636001e-001
      outer loop
         vertex -4.120246e+002 -2.934034e+002 9.401647e+000
         vertex -3.958837e+002 -4.505384e+002 2.507611e+000
         vertex -4.031313e+002 -4.510388e+002 9.401633e+000
      endloop
   endfacet
   facet normal -6.217063e-001 -4.709636e-002 -7.818332e-001
      outer loop
         vertex -4.031313e+002 -4.510388e+002 9.401633e+000
         vertex -3.958837e+002 -4.505384e+002 2.507611e+000
         vertex -3.830379e+002 -6.078731e+002 2.507608e+000
      endloop
   endfacet
   facet normal -7.454346e-001 -6.294242e-002 -6.636003e-001
      outer loop
         vertex -4.031313e+002 -4.510388e+002 9.401633e+000
         vertex -3.830379e+002 -6.078731e+002 2.507608e+000
         vertex -3.902706e+002 -6.085548e+002 9.401621e+000
      endloop
   endfacet
   facet normal -1.306343e-001 -1.560454e-002 -9.913078e-001
      outer loop
         vertex -3.733845e+002 -6.069631e+002 3.469447e-015
         vertex -3.566110e+002 -7.639387e+002 -3.469447e-015
         vertex -3.641455e+002 -7.648387e+002 1.962408e+000
      endloop
   endfacet
   facet normal -2.962104e-001 -3.123131e-002 -9.546120e-001
      outer loop
         vertex -3.641455e+002 -7.648387e+002 1.962408e+000
         vertex -3.830379e+002 -6.078731e+002 2.507608e+000
         vertex -3.733845e+002 -6.069631e+002 3.469447e-015
      endloop
   endfacet
   facet normal -3.314808e-001 -2.705995e-002 -9.430738e-001
      outer loop
         vertex -3.733845e+002 -6.069631e+002 3.469447e-015
         vertex -3.830379e+002 -6.078731e+002 2.507608e+000
         vertex -3.958837e+002 -4.505384e+002 2.507611e+000
      endloop
   endfacet
   facet normal -1.659085e-001 -1.145385e-002 -9.860746e-001
      outer loop
         vertex -3.733845e+002 -6.069631e+002 3.469447e-015
         vertex -3.958837e+002 -4.505384e+002 2.507611e+000
         vertex -3.862106e+002 -4.498706e+002 3.469447e-015
      endloop
   endfacet
   facet normal -3.320556e-001 -1.873053e-002 -9.430738e-001
      outer loop
         vertex -3.862106e+002 -4.498706e+002 3.469447e-015
         vertex -3.958837e+002 -4.505384e+002 2.507611e+000
         vertex -4.047668e+002 -2.930855e+002 2.507615e+000
      endloop
   endfacet
   facet normal -1.661442e-001 -7.276516e-003 -9.860746e-001
      outer loop
         vertex -3.862106e+002 -4.498706e+002 3.469447e-015
         vertex -4.047668e+002 -2.930855e+002 2.507615e+000
         vertex -3.950799e+002 -2.926613e+002 0.000000e+000
      endloop
   endfacet
   facet normal -3.324222e-001 -1.035825e-002 -9.430738e-001
      outer loop
         vertex -3.950799e+002 -2.926613e+002 0.000000e+000
         vertex -4.047668e+002 -2.930855e+002 2.507615e+000
         vertex -4.096775e+002 -1.355138e+002 2.507617e+000
      endloop
   endfacet
   facet normal -1.662750e-001 -3.081646e-003 -9.860746e-001
      outer loop
         vertex -3.950799e+002 -2.926613e+002 0.000000e+000
         vertex -4.096775e+002 -1.355138e+002 2.507617e+000
         vertex -3.999830e+002 -1.353341e+002 -3.469447e-015
      endloop
   endfacet
   facet normal -3.325784e-001 -3.717171e-003 -9.430683e-001
      outer loop
         vertex -3.999830e+002 -1.353341e+002 -3.469447e-015
         vertex -4.096775e+002 -1.355138e+002 2.507617e+000
         vertex -4.107031e+002 -4.376006e+001 2.507618e+000
      endloop
   endfacet
   facet normal -1.663024e-001 -6.355132e-004 -9.860746e-001
      outer loop
         vertex -3.999830e+002 -1.353341e+002 -3.469447e-015
         vertex -4.107031e+002 -4.376006e+001 2.507618e+000
         vertex -4.010070e+002 -4.372301e+001 0.000000e+000
      endloop
   endfacet
   facet normal -3.325706e-001 2.934784e-003 -9.430738e-001
      outer loop
         vertex -4.010070e+002 -4.372301e+001 0.000000e+000
         vertex -4.107031e+002 -4.376006e+001 2.507618e+000
         vertex -4.093109e+002 1.139798e+002 2.507617e+000
      endloop
   endfacet
   facet normal -1.662652e-001 3.570272e-003 -9.860746e-001
      outer loop
         vertex -4.010070e+002 -4.372301e+001 0.000000e+000
         vertex -4.093109e+002 1.139798e+002 2.507617e+000
         vertex -3.996169e+002 1.137716e+002 3.469447e-015
      endloop
   endfacet
   facet normal -3.323901e-001 1.133872e-002 -9.430738e-001
      outer loop
         vertex -3.996169e+002 1.137716e+002 3.469447e-015
         vertex -4.093109e+002 1.139798e+002 2.507617e+000
         vertex -4.039309e+002 2.716681e+002 2.507614e+000
      endloop
   endfacet
   facet normal -1.661220e-001 7.768346e-003 -9.860746e-001
      outer loop
         vertex -3.996169e+002 1.137716e+002 3.469447e-015
         vertex -4.039309e+002 2.716681e+002 2.507614e+000
         vertex -3.942453e+002 2.712152e+002 0.000000e+000
      endloop
   endfacet
   facet normal -3.320608e-001 1.880148e-002 -9.430707e-001
      outer loop
         vertex -3.942453e+002 2.712152e+002 0.000000e+000
         vertex -4.039309e+002 2.716681e+002 2.507614e+000
         vertex -3.969667e+002 3.946555e+002 2.507612e+000
      endloop
   endfacet
   facet normal -1.659370e-001 1.103304e-002 -9.860746e-001
      outer loop
         vertex -3.942453e+002 2.712152e+002 0.000000e+000
         vertex -3.969667e+002 3.946555e+002 2.507612e+000
         vertex -3.872918e+002 3.940123e+002 0.000000e+000
      endloop
   endfacet
   facet normal -4.502848e-001 -4.972830e-002 -8.914992e-001
      outer loop
         vertex -3.641455e+002 -7.648387e+002 1.962408e+000
         vertex -3.662387e+002 -7.650888e+002 2.507606e+000
         vertex -3.830379e+002 -6.078731e+002 2.507608e+000
      endloop
   endfacet
   facet normal -5.617931e-001 -6.301660e-002 -8.248742e-001
      outer loop
         vertex -3.830379e+002 -6.078731e+002 2.507608e+000
         vertex -3.662387e+002 -7.650888e+002 2.507606e+000
         vertex -3.702904e+002 -7.655728e+002 6.379840e+000
      endloop
   endfacet
   facet normal -6.925030e-001 -7.133245e-002 -7.178798e-001
      outer loop
         vertex -3.830379e+002 -6.078731e+002 2.507608e+000
         vertex -3.702904e+002 -7.655728e+002 6.379840e+000
         vertex -3.902706e+002 -6.085548e+002 9.401621e+000
      endloop
   endfacet
   facet normal -8.018838e-001 -8.865652e-002 -5.908657e-001
      outer loop
         vertex -3.902706e+002 -6.085548e+002 9.401621e+000
         vertex -3.702904e+002 -7.655728e+002 6.379840e+000
         vertex -3.734522e+002 -7.659504e+002 9.401615e+000
      endloop
   endfacet
   facet normal -8.713593e-001 -9.697121e-002 -4.809672e-001
      outer loop
         vertex -3.902706e+002 -6.085548e+002 9.401621e+000
         vertex -3.734522e+002 -7.659504e+002 9.401615e+000
         vertex -3.744690e+002 -7.660719e+002 1.264937e+001
      endloop
   endfacet
   facet normal -9.731239e-001 -7.443174e-002 -2.179217e-001
      outer loop
         vertex -4.061357e+002 -4.512462e+002 1.895331e+001
         vertex -4.031313e+002 -4.510388e+002 9.401633e+000
         vertex -3.952952e+002 -5.840199e+002 1.895329e+001
      endloop
   endfacet
   facet normal -9.209640e-001 -7.813410e-002 -3.817333e-001
      outer loop
         vertex -3.952952e+002 -5.840199e+002 1.895329e+001
         vertex -4.031313e+002 -4.510388e+002 9.401633e+000
         vertex -3.902706e+002 -6.085548e+002 9.401621e+000
      endloop
   endfacet
   facet normal -9.717872e-001 -9.024305e-002 -2.179121e-001
      outer loop
         vertex -3.952952e+002 -5.840199e+002 1.895329e+001
         vertex -3.902706e+002 -6.085548e+002 9.401621e+000
         vertex -3.932690e+002 -6.088374e+002 1.895329e+001
      endloop
   endfacet
   facet normal -9.399420e-001 -9.648856e-002 -3.274125e-001
      outer loop
         vertex -3.932690e+002 -6.088374e+002 1.895329e+001
         vertex -3.902706e+002 -6.085548e+002 9.401621e+000
         vertex -3.744690e+002 -7.660719e+002 1.264937e+001
      endloop
   endfacet
   facet normal -9.806144e-001 -1.086801e-001 -1.630460e-001
      outer loop
         vertex -3.932690e+002 -6.088374e+002 1.895329e+001
         vertex -3.744690e+002 -7.660719e+002 1.264937e+001
         vertex -3.764426e+002 -7.663077e+002 1.895328e+001
      endloop
   endfacet
   facet normal 9.743358e-001 5.884265e-002 2.172722e-001
      outer loop
         vertex 4.199044e+002 4.097324e+002 2.789533e+002
         vertex 4.186985e+002 4.096496e+002 2.869224e+002
         vertex 4.275517e+002 2.515943e+002 2.869224e+002
      endloop
   endfacet
   facet normal 9.906255e-001 -1.109545e-001 7.968829e-002
      outer loop
         vertex 3.889869e+002 -7.661621e+002 2.867808e+002
         vertex 3.901659e+002 -7.663026e+002 2.789533e+002
         vertex 4.045327e+002 -6.340537e+002 2.789533e+002
      endloop
   endfacet
   facet normal 9.705704e-001 -1.085618e-001 2.149589e-001
      outer loop
         vertex 3.889869e+002 -7.661621e+002 2.867808e+002
         vertex 4.045327e+002 -6.340537e+002 2.789533e+002
         vertex 3.889656e+002 -7.661595e+002 2.869223e+002
      endloop
   endfacet
   facet normal 8.778834e-001 -9.794324e-002 4.687514e-001
      outer loop
         vertex 3.847392e+002 -7.656558e+002 2.937671e+002
         vertex 3.889656e+002 -7.661595e+002 2.869223e+002
         vertex 4.033297e+002 -6.339357e+002 2.869223e+002
      endloop
   endfacet
   facet normal 6.233307e-001 -6.912204e-002 7.788973e-001
      outer loop
         vertex 3.782119e+002 -7.648777e+002 2.983485e+002
         vertex 3.847392e+002 -7.656558e+002 2.937671e+002
         vertex 3.990937e+002 -6.335203e+002 2.937671e+002
      endloop
   endfacet
   facet normal 5.119378e-001 -5.584426e-002 8.572054e-001
      outer loop
         vertex 3.782119e+002 -7.648777e+002 2.983485e+002
         vertex 3.990937e+002 -6.335203e+002 2.937671e+002
         vertex 3.781731e+002 -7.648732e+002 2.983758e+002
      endloop
   endfacet
   facet normal 2.664633e-001 -2.894401e-002 9.634104e-001
      outer loop
         vertex 3.703337e+002 -7.639387e+002 3.000000e+002
         vertex 3.781731e+002 -7.648732e+002 2.983758e+002
         vertex 3.925127e+002 -6.328748e+002 2.983758e+002
      endloop
   endfacet
   facet normal 9.707800e-001 -1.018901e-001 2.172662e-001
      outer loop
         vertex 3.889656e+002 -7.661595e+002 2.869223e+002
         vertex 4.045327e+002 -6.340537e+002 2.789533e+002
         vertex 4.033297e+002 -6.339357e+002 2.869223e+002
      endloop
   endfacet
   facet normal 9.921585e-001 -9.467696e-002 8.159407e-002
      outer loop
         vertex 4.033297e+002 -6.339357e+002 2.869223e+002
         vertex 4.045327e+002 -6.340537e+002 2.789533e+002
         vertex 4.087035e+002 -5.852301e+002 2.789533e+002
      endloop
   endfacet
   facet normal 9.725105e-001 -8.470959e-002 2.169047e-001
      outer loop
         vertex 4.033297e+002 -6.339357e+002 2.869223e+002
         vertex 4.087035e+002 -5.852301e+002 2.789533e+002
         vertex 4.168639e+002 -4.755014e+002 2.869224e+002
      endloop
   endfacet
   facet normal 9.935912e-001 -7.822042e-002 8.159691e-002
      outer loop
         vertex 4.168639e+002 -4.755014e+002 2.869224e+002
         vertex 4.087035e+002 -5.852301e+002 2.789533e+002
         vertex 4.180695e+002 -4.755891e+002 2.789533e+002
      endloop
   endfacet
   facet normal 9.740868e-001 -6.283103e-002 2.172720e-001
      outer loop
         vertex 4.168639e+002 -4.755014e+002 2.869224e+002
         vertex 4.180695e+002 -4.755891e+002 2.789533e+002
         vertex 4.263923e+002 -3.169961e+002 2.869224e+002
      endloop
   endfacet
   facet normal 9.950319e-001 -5.673948e-002 8.180565e-002
      outer loop
         vertex 4.180695e+002 -4.755891e+002 2.789533e+002
         vertex 4.265356e+002 -3.347552e+002 2.789533e+002
         vertex 4.263923e+002 -3.169961e+002 2.869224e+002
      endloop
   endfacet
   facet normal 9.954825e-001 -4.819888e-002 8.180090e-002
      outer loop
         vertex 4.263923e+002 -3.169961e+002 2.869224e+002
         vertex 4.265356e+002 -3.347552e+002 2.789533e+002
         vertex 4.275998e+002 -3.170534e+002 2.789533e+002
      endloop
   endfacet
   facet normal 9.957427e-001 -4.213914e-002 8.197932e-002
      outer loop
         vertex 4.263923e+002 -3.169961e+002 2.869224e+002
         vertex 4.275998e+002 -3.170534e+002 2.789533e+002
         vertex 4.313711e+002 -2.225567e+002 2.789533e+002
      endloop
   endfacet
   facet normal 9.965094e-001 -1.672381e-002 8.178867e-002
      outer loop
         vertex 4.340997e+002 -8.433533e+001 2.789533e+002
         vertex 4.332827e+002 -6.448103e+001 2.869224e+002
         vertex 4.313711e+002 -2.225567e+002 2.789533e+002
      endloop
   endfacet
   facet normal 9.758269e-001 -2.353952e-002 2.172733e-001
      outer loop
         vertex 4.313711e+002 -2.225567e+002 2.789533e+002
         vertex 4.332827e+002 -6.448103e+001 2.869224e+002
         vertex 4.301629e+002 -2.225175e+002 2.869224e+002
      endloop
   endfacet
   facet normal 9.754351e-001 -3.637070e-002 2.172637e-001
      outer loop
         vertex 4.313711e+002 -2.225567e+002 2.789533e+002
         vertex 4.301629e+002 -2.225175e+002 2.869224e+002
         vertex 4.263923e+002 -3.169961e+002 2.869224e+002
      endloop
   endfacet
   facet normal 9.966167e-001 -8.168492e-003 8.178377e-002
      outer loop
         vertex 4.340997e+002 -8.433533e+001 2.789533e+002
         vertex 4.344915e+002 -6.448963e+001 2.789533e+002
         vertex 4.332827e+002 -6.448103e+001 2.869224e+002
      endloop
   endfacet
   facet normal 9.966326e-001 1.465271e-003 8.198380e-002
      outer loop
         vertex 4.332827e+002 -6.448103e+001 2.869224e+002
         vertex 4.344915e+002 -6.448963e+001 2.789533e+002
         vertex 4.336214e+002 9.356168e+001 2.789533e+002
      endloop
   endfacet
   facet normal 9.760630e-001 9.652662e-003 2.172735e-001
      outer loop
         vertex 4.332827e+002 -6.448103e+001 2.869224e+002
         vertex 4.336214e+002 9.356168e+001 2.789533e+002
         vertex 4.324128e+002 9.353976e+001 2.869224e+002
      endloop
   endfacet
   facet normal 9.964278e-001 2.199729e-002 8.153316e-002
      outer loop
         vertex 4.324128e+002 9.353976e+001 2.869224e+002
         vertex 4.336214e+002 9.356168e+001 2.789533e+002
         vertex 4.313874e+002 1.661971e+002 2.789533e+002
      endloop
   endfacet
   facet normal 9.757553e-001 2.966129e-002 2.168449e-001
      outer loop
         vertex 4.324128e+002 9.353976e+001 2.869224e+002
         vertex 4.313874e+002 1.661971e+002 2.789533e+002
         vertex 4.275517e+002 2.515943e+002 2.869224e+002
      endloop
   endfacet
   facet normal 9.959236e-001 3.858133e-002 8.153319e-002
      outer loop
         vertex 4.275517e+002 2.515943e+002 2.869224e+002
         vertex 4.313874e+002 1.661971e+002 2.789533e+002
         vertex 4.287593e+002 2.516467e+002 2.789533e+002
      endloop
   endfacet
   facet normal 9.952906e-001 5.172432e-002 8.198263e-002
      outer loop
         vertex 4.275517e+002 2.515943e+002 2.869224e+002
         vertex 4.287593e+002 2.516467e+002 2.789533e+002
         vertex 4.199044e+002 4.097324e+002 2.789533e+002
      endloop
   endfacet
   facet normal 8.066813e-001 -8.428063e-002 5.849461e-001
      outer loop
         vertex 3.847392e+002 -7.656558e+002 2.937671e+002
         vertex 4.033297e+002 -6.339357e+002 2.869223e+002
         vertex 3.990937e+002 -6.335203e+002 2.937671e+002
      endloop
   endfacet
   facet normal 8.798525e-001 -7.825357e-002 4.687600e-001
      outer loop
         vertex 3.990937e+002 -6.335203e+002 2.937671e+002
         vertex 4.033297e+002 -6.339357e+002 2.869223e+002
         vertex 4.168639e+002 -4.755014e+002 2.869224e+002
      endloop
   endfacet
   facet normal 8.084545e-001 -6.503560e-002 5.849545e-001
      outer loop
         vertex 3.990937e+002 -6.335203e+002 2.937671e+002
         vertex 4.168639e+002 -4.755014e+002 2.869224e+002
         vertex 4.126188e+002 -4.751924e+002 2.937671e+002
      endloop
   endfacet
   facet normal 8.815421e-001 -5.609639e-002 4.687609e-001
      outer loop
         vertex 4.126188e+002 -4.751924e+002 2.937671e+002
         vertex 4.168639e+002 -4.755014e+002 2.869224e+002
         vertex 4.263923e+002 -3.169961e+002 2.869224e+002
      endloop
   endfacet
   facet normal 8.098357e-001 -4.464996e-002 5.849553e-001
      outer loop
         vertex 4.126188e+002 -4.751924e+002 2.937671e+002
         vertex 4.263923e+002 -3.169961e+002 2.869224e+002
         vertex 4.221408e+002 -3.167944e+002 2.937671e+002
      endloop
   endfacet
   facet normal 8.825554e-001 -3.707733e-002 4.687441e-001
      outer loop
         vertex 4.221408e+002 -3.167944e+002 2.937671e+002
         vertex 4.263923e+002 -3.169961e+002 2.869224e+002
         vertex 4.301629e+002 -2.225175e+002 2.869224e+002
      endloop
   endfacet
   facet normal 8.105244e-001 -2.994428e-002 5.849389e-001
      outer loop
         vertex 4.221408e+002 -3.167944e+002 2.937671e+002
         vertex 4.301629e+002 -2.225175e+002 2.869224e+002
         vertex 4.259088e+002 -2.223799e+002 2.937671e+002
      endloop
   endfacet
   facet normal 8.830858e-001 -2.053814e-002 4.687617e-001
      outer loop
         vertex 4.259088e+002 -2.223799e+002 2.937671e+002
         vertex 4.301629e+002 -2.225175e+002 2.869224e+002
         vertex 4.332827e+002 -6.448103e+001 2.869224e+002
      endloop
   endfacet
   facet normal 8.109766e-001 -1.198688e-002 5.849559e-001
      outer loop
         vertex 4.259088e+002 -2.223799e+002 2.937671e+002
         vertex 4.332827e+002 -6.448103e+001 2.869224e+002
         vertex 4.290265e+002 -6.445074e+001 2.937671e+002
      endloop
   endfacet
   facet normal 8.833228e-001 1.753659e-003 4.687620e-001
      outer loop
         vertex 4.290265e+002 -6.445074e+001 2.937671e+002
         vertex 4.332827e+002 -6.448103e+001 2.869224e+002
         vertex 4.324128e+002 9.353976e+001 2.869224e+002
      endloop
   endfacet
   facet normal 8.110207e-001 8.485055e-003 5.849559e-001
      outer loop
         vertex 4.290265e+002 -6.445074e+001 2.937671e+002
         vertex 4.324128e+002 9.353976e+001 2.869224e+002
         vertex 4.281572e+002 9.346262e+001 2.937671e+002
      endloop
   endfacet
   facet normal 8.829974e-001 2.404512e-002 4.687617e-001
      outer loop
         vertex 4.281572e+002 9.346262e+001 2.937671e+002
         vertex 4.324128e+002 9.353976e+001 2.869224e+002
         vertex 4.275517e+002 2.515943e+002 2.869224e+002
      endloop
   endfacet
   facet normal 8.105487e-001 2.894582e-002 5.849556e-001
      outer loop
         vertex 4.281572e+002 9.346262e+001 2.937671e+002
         vertex 4.275517e+002 2.515943e+002 2.869224e+002
         vertex 4.232993e+002 2.514099e+002 2.937671e+002
      endloop
   endfacet
   facet normal 8.821110e-001 4.629689e-002 4.687610e-001
      outer loop
         vertex 4.232993e+002 2.514099e+002 2.937671e+002
         vertex 4.275517e+002 2.515943e+002 2.869224e+002
         vertex 4.186985e+002 4.096496e+002 2.869224e+002
      endloop
   endfacet
   facet normal 8.095626e-001 4.935575e-002 5.849550e-001
      outer loop
         vertex 4.232993e+002 2.514099e+002 2.937671e+002
         vertex 4.186985e+002 4.096496e+002 2.869224e+002
         vertex 4.144521e+002 4.093581e+002 2.937671e+002
      endloop
   endfacet
   facet normal 5.115686e-001 -5.298310e-002 8.576074e-001
      outer loop
         vertex 3.781731e+002 -7.648732e+002 2.983758e+002
         vertex 3.990937e+002 -6.335203e+002 2.937671e+002
         vertex 3.925127e+002 -6.328748e+002 2.983758e+002
      endloop
   endfacet
   facet normal 6.241282e-001 -5.499680e-002 7.793840e-001
      outer loop
         vertex 3.925127e+002 -6.328748e+002 2.983758e+002
         vertex 3.990937e+002 -6.335203e+002 2.937671e+002
         vertex 4.126188e+002 -4.751924e+002 2.937671e+002
      endloop
   endfacet
   facet normal 5.126859e-001 -4.068462e-002 8.576118e-001
      outer loop
         vertex 3.925127e+002 -6.328748e+002 2.983758e+002
         vertex 4.126188e+002 -4.751924e+002 2.937671e+002
         vertex 4.060236e+002 -4.747125e+002 2.983758e+002
      endloop
   endfacet
   facet normal 6.253137e-001 -3.927750e-002 7.793844e-001
      outer loop
         vertex 4.060236e+002 -4.747125e+002 2.983758e+002
         vertex 4.126188e+002 -4.751924e+002 2.937671e+002
         vertex 4.221408e+002 -3.167944e+002 2.937671e+002
      endloop
   endfacet
   facet normal 5.135477e-001 -2.775479e-002 8.576121e-001
      outer loop
         vertex 4.060236e+002 -4.747125e+002 2.983758e+002
         vertex 4.221408e+002 -3.167944e+002 2.937671e+002
         vertex 4.155356e+002 -3.164809e+002 2.983758e+002
      endloop
   endfacet
   facet normal 6.260249e-001 -2.599350e-002 7.793697e-001
      outer loop
         vertex 4.155356e+002 -3.164809e+002 2.983758e+002
         vertex 4.221408e+002 -3.167944e+002 2.937671e+002
         vertex 4.259088e+002 -2.223799e+002 2.937671e+002
      endloop
   endfacet
   facet normal 5.139734e-001 -1.865451e-002 8.576033e-001
      outer loop
         vertex 4.155356e+002 -3.164809e+002 2.983758e+002
         vertex 4.259088e+002 -2.223799e+002 2.937671e+002
         vertex 4.192997e+002 -2.221660e+002 2.983759e+002
      endloop
   endfacet
   facet normal 6.263878e-001 -1.405479e-002 7.793849e-001
      outer loop
         vertex 4.192997e+002 -2.221660e+002 2.983759e+002
         vertex 4.259088e+002 -2.223799e+002 2.937671e+002
         vertex 4.290265e+002 -6.445074e+001 2.937671e+002
      endloop
   endfacet
   facet normal 5.142485e-001 -7.042114e-003 8.576123e-001
      outer loop
         vertex 4.192997e+002 -2.221660e+002 2.983759e+002
         vertex 4.290265e+002 -6.445074e+001 2.937671e+002
         vertex 4.224141e+002 -6.440367e+001 2.983759e+002
      endloop
   endfacet
   facet normal 6.265430e-001 1.757195e-003 7.793849e-001
      outer loop
         vertex 4.224141e+002 -6.440367e+001 2.983759e+002
         vertex 4.290265e+002 -6.445074e+001 2.937671e+002
         vertex 4.281572e+002 9.346262e+001 2.937671e+002
      endloop
   endfacet
   facet normal 5.142624e-001 5.939380e-003 8.576123e-001
      outer loop
         vertex 4.224141e+002 -6.440367e+001 2.983759e+002
         vertex 4.281572e+002 9.346262e+001 2.937671e+002
         vertex 4.215456e+002 9.334276e+001 2.983759e+002
      endloop
   endfacet
   facet normal 6.262992e-001 1.756813e-002 7.793847e-001
      outer loop
         vertex 4.215456e+002 9.334276e+001 2.983759e+002
         vertex 4.281572e+002 9.346262e+001 2.937671e+002
         vertex 4.232993e+002 2.514099e+002 2.937671e+002
      endloop
   endfacet
   facet normal 5.139490e-001 1.891291e-002 8.576121e-001
      outer loop
         vertex 4.215456e+002 9.334276e+001 2.983759e+002
         vertex 4.232993e+002 2.514099e+002 2.937671e+002
         vertex 4.166929e+002 2.511232e+002 2.983758e+002
      endloop
   endfacet
   facet normal 6.256578e-001 3.334984e-002 7.793844e-001
      outer loop
         vertex 4.166929e+002 2.511232e+002 2.983758e+002
         vertex 4.232993e+002 2.514099e+002 2.937671e+002
         vertex 4.144521e+002 4.093581e+002 2.937671e+002
      endloop
   endfacet
   facet normal 5.133100e-001 3.185304e-002 8.576120e-001
      outer loop
         vertex 4.166929e+002 2.511232e+002 2.983758e+002
         vertex 4.144521e+002 4.093581e+002 2.937671e+002
         vertex 4.078551e+002 4.089053e+002 2.983758e+002
      endloop
   endfacet
   facet normal 1.333821e-001 -1.308165e-002 9.909783e-001
      outer loop
         vertex 3.703337e+002 -7.639387e+002 3.000000e+002
         vertex 3.925127e+002 -6.328748e+002 2.983758e+002
         vertex 3.846555e+002 -6.321042e+002 3.000000e+002
      endloop
   endfacet
   facet normal 2.670522e-001 -2.280919e-002 9.634121e-001
      outer loop
         vertex 3.846555e+002 -6.321042e+002 3.000000e+002
         vertex 3.925127e+002 -6.328748e+002 2.983758e+002
         vertex 4.060236e+002 -4.747125e+002 2.983758e+002
      endloop
   endfacet
   facet normal 1.336685e-001 -9.727403e-003 9.909783e-001
      outer loop
         vertex 3.846555e+002 -6.321042e+002 3.000000e+002
         vertex 4.060236e+002 -4.747125e+002 2.983758e+002
         vertex 3.981496e+002 -4.741395e+002 3.000000e+002
      endloop
   endfacet
   facet normal 2.675413e-001 -1.608041e-002 9.634122e-001
      outer loop
         vertex 3.981496e+002 -4.741395e+002 3.000000e+002
         vertex 4.060236e+002 -4.747125e+002 2.983758e+002
         vertex 4.155356e+002 -3.164809e+002 2.983758e+002
      endloop
   endfacet
   facet normal 1.338713e-001 -6.352920e-003 9.909783e-001
      outer loop
         vertex 3.981496e+002 -4.741395e+002 3.000000e+002
         vertex 4.155356e+002 -3.164809e+002 2.983758e+002
         vertex 4.076496e+002 -3.161067e+002 3.000000e+002
      endloop
   endfacet
   facet normal 2.678235e-001 -1.068814e-002 9.634087e-001
      outer loop
         vertex 4.076496e+002 -3.161067e+002 3.000000e+002
         vertex 4.155356e+002 -3.164809e+002 2.983758e+002
         vertex 4.192997e+002 -2.221660e+002 2.983759e+002
      endloop
   endfacet
   facet normal 1.339517e-001 -4.335196e-003 9.909783e-001
      outer loop
         vertex 4.076496e+002 -3.161067e+002 3.000000e+002
         vertex 4.192997e+002 -2.221660e+002 2.983759e+002
         vertex 4.114089e+002 -2.219106e+002 3.000000e+002
      endloop
   endfacet
   facet normal 2.679717e-001 -5.289138e-003 9.634123e-001
      outer loop
         vertex 4.114089e+002 -2.219106e+002 3.000000e+002
         vertex 4.192997e+002 -2.221660e+002 2.983759e+002
         vertex 4.224141e+002 -6.440367e+001 2.983759e+002
      endloop
   endfacet
   facet normal 1.340184e-001 -9.539119e-004 9.909784e-001
      outer loop
         vertex 4.114089e+002 -2.219106e+002 3.000000e+002
         vertex 4.224141e+002 -6.440367e+001 2.983759e+002
         vertex 4.145194e+002 -6.434747e+001 3.000000e+002
      endloop
   endfacet
   facet normal 2.680198e-001 1.475346e-003 9.634123e-001
      outer loop
         vertex 4.145194e+002 -6.434747e+001 3.000000e+002
         vertex 4.224141e+002 -6.440367e+001 2.983759e+002
         vertex 4.215456e+002 9.334276e+001 2.983759e+002
      endloop
   endfacet
   facet normal 1.339998e-001 2.429249e-003 9.909784e-001
      outer loop
         vertex 4.145194e+002 -6.434747e+001 3.000000e+002
         vertex 4.215456e+002 9.334276e+001 2.983759e+002
         vertex 4.136521e+002 9.319965e+001 3.000000e+002
      endloop
   endfacet
   facet normal 2.678973e-001 8.238238e-003 9.634123e-001
      outer loop
         vertex 4.136521e+002 9.319965e+001 3.000000e+002
         vertex 4.215456e+002 9.334276e+001 2.983759e+002
         vertex 4.166929e+002 2.511232e+002 2.983758e+002
      endloop
   endfacet
   facet normal 1.338959e-001 5.808941e-003 9.909783e-001
      outer loop
         vertex 4.136521e+002 9.319965e+001 3.000000e+002
         vertex 4.166929e+002 2.511232e+002 2.983758e+002
         vertex 4.088055e+002 2.507811e+002 3.000000e+002
      endloop
   endfacet
   facet normal 2.676049e-001 1.498712e-002 9.634122e-001
      outer loop
         vertex 4.088055e+002 2.507811e+002 3.000000e+002
         vertex 4.166929e+002 2.511232e+002 2.983758e+002
         vertex 4.078551e+002 4.089053e+002 2.983758e+002
      endloop
   endfacet
   facet normal 1.337073e-001 9.178088e-003 9.909783e-001
      outer loop
         vertex 4.088055e+002 2.507811e+002 3.000000e+002
         vertex 4.078551e+002 4.089053e+002 2.983758e+002
         vertex 3.999787e+002 4.083646e+002 3.000000e+002
      endloop
   endfacet
   facet normal 9.931235e-001 8.429625e-002 8.124029e-002
      outer loop
         vertex 4.186985e+002 4.096496e+002 2.869224e+002
         vertex 4.199044e+002 4.097324e+002 2.789533e+002
         vertex 4.183271e+002 4.267536e+002 2.789083e+002
      endloop
   endfacet
   facet normal 8.803166e-001 7.558705e-002 4.683260e-001
      outer loop
         vertex 4.144521e+002 4.093581e+002 2.937671e+002
         vertex 4.186985e+002 4.096496e+002 2.869224e+002
         vertex 4.171405e+002 4.266154e+002 2.868906e+002
      endloop
   endfacet
   facet normal 6.243871e-001 5.458432e-002 7.792056e-001
      outer loop
         vertex 4.078551e+002 4.089053e+002 2.983758e+002
         vertex 4.144521e+002 4.093581e+002 2.937671e+002
         vertex 4.129165e+002 4.261232e+002 2.937507e+002
      endloop
   endfacet
   facet normal 2.670158e-001 2.471000e-002 9.633753e-001
      outer loop
         vertex 3.999787e+002 4.083646e+002 3.000000e+002
         vertex 4.078551e+002 4.089053e+002 2.983758e+002
         vertex 4.063433e+002 4.253573e+002 2.983714e+002
      endloop
   endfacet
   facet normal 9.714586e-001 9.796993e-002 2.160326e-001
      outer loop
         vertex 4.186985e+002 4.096496e+002 2.869224e+002
         vertex 4.183271e+002 4.267536e+002 2.789083e+002
         vertex 4.171405e+002 4.266154e+002 2.868906e+002
      endloop
   endfacet
   facet normal 9.854512e-001 1.507546e-001 7.847968e-002
      outer loop
         vertex 4.171405e+002 4.266154e+002 2.868906e+002
         vertex 4.183271e+002 4.267536e+002 2.789083e+002
         vertex 4.119572e+002 4.641311e+002 2.788172e+002
      endloop
   endfacet
   facet normal 9.600018e-001 1.816254e-001 2.130930e-001
      outer loop
         vertex 4.171405e+002 4.266154e+002 2.868906e+002
         vertex 4.119572e+002 4.641311e+002 2.788172e+002
         vertex 4.108196e+002 4.638751e+002 2.868264e+002
      endloop
   endfacet
   facet normal 9.712901e-001 2.256097e-001 7.547140e-002
      outer loop
         vertex 4.108196e+002 4.638751e+002 2.868264e+002
         vertex 4.119572e+002 4.641311e+002 2.788172e+002
         vertex 4.102841e+002 4.712257e+002 2.788012e+002
      endloop
   endfacet
   facet normal 9.505647e-001 2.275737e-001 2.112748e-001
      outer loop
         vertex 4.108196e+002 4.638751e+002 2.868264e+002
         vertex 4.102841e+002 4.712257e+002 2.788012e+002
         vertex 4.091568e+002 4.709479e+002 2.868150e+002
      endloop
   endfacet
   facet normal 9.648455e-001 2.521792e-001 7.401793e-002
      outer loop
         vertex 4.091568e+002 4.709479e+002 2.868150e+002
         vertex 4.102841e+002 4.712257e+002 2.788012e+002
         vertex 4.059700e+002 4.854565e+002 2.787716e+002
      endloop
   endfacet
   facet normal 9.369137e-001 2.799227e-001 2.093703e-001
      outer loop
         vertex 4.091568e+002 4.709479e+002 2.868150e+002
         vertex 4.059700e+002 4.854565e+002 2.787716e+002
         vertex 3.982341e+002 5.070605e+002 2.867618e+002
      endloop
   endfacet
   facet normal 9.451565e-001 3.186169e-001 7.184972e-002
      outer loop
         vertex 4.059700e+002 4.854565e+002 2.787716e+002
         vertex 3.993035e+002 5.074470e+002 2.787260e+002
         vertex 3.982341e+002 5.070605e+002 2.867618e+002
      endloop
   endfacet
   facet normal 9.253784e-001 3.724100e-001 7.060956e-002
      outer loop
         vertex 3.982341e+002 5.070605e+002 2.867618e+002
         vertex 3.993035e+002 5.074470e+002 2.787260e+002
         vertex 3.845865e+002 5.422955e+002 2.786648e+002
      endloop
   endfacet
   facet normal 8.943022e-001 3.969617e-001 2.065065e-001
      outer loop
         vertex 3.982341e+002 5.070605e+002 2.867618e+002
         vertex 3.845865e+002 5.422955e+002 2.786648e+002
         vertex 3.835812e+002 5.418072e+002 2.867186e+002
      endloop
   endfacet
   facet normal 8.906171e-001 4.496647e-001 6.784511e-002
      outer loop
         vertex 3.835812e+002 5.418072e+002 2.867186e+002
         vertex 3.845865e+002 5.422955e+002 2.786648e+002
         vertex 3.766871e+002 5.565754e+002 2.786448e+002
      endloop
   endfacet
   facet normal 8.578781e-001 4.715201e-001 2.042400e-001
      outer loop
         vertex 3.835812e+002 5.418072e+002 2.867186e+002
         vertex 3.766871e+002 5.565754e+002 2.786448e+002
         vertex 3.651956e+002 5.750741e+002 2.866855e+002
      endloop
   endfacet
   facet normal 8.570079e-001 5.109949e-001 6.649731e-002
      outer loop
         vertex 3.766871e+002 5.565754e+002 2.786448e+002
         vertex 3.661308e+002 5.756582e+002 2.786181e+002
         vertex 3.651956e+002 5.750741e+002 2.866855e+002
      endloop
   endfacet
   facet normal 8.425620e-001 5.344809e-001 6.647834e-002
      outer loop
         vertex 3.651956e+002 5.750741e+002 2.866855e+002
         vertex 3.661308e+002 5.756582e+002 2.786181e+002
         vertex 3.621348e+002 5.819108e+002 2.786108e+002
      endloop
   endfacet
   facet normal 8.231449e-001 5.301505e-001 2.034034e-001
      outer loop
         vertex 3.651956e+002 5.750741e+002 2.866855e+002
         vertex 3.621348e+002 5.819108e+002 2.786108e+002
         vertex 3.612137e+002 5.813088e+002 2.866803e+002
      endloop
   endfacet
   facet normal 8.151759e-001 5.754555e-001 6.587259e-002
      outer loop
         vertex 3.612137e+002 5.813088e+002 2.866803e+002
         vertex 3.621348e+002 5.819108e+002 2.786108e+002
         vertex 3.398033e+002 6.124324e+002 2.785827e+002
      endloop
   endfacet
   facet normal 7.796367e-001 5.925043e-001 2.027443e-001
      outer loop
         vertex 3.612137e+002 5.813088e+002 2.866803e+002
         vertex 3.398033e+002 6.124324e+002 2.785827e+002
         vertex 3.389577e+002 6.117426e+002 2.866604e+002
      endloop
   endfacet
   facet normal 7.672331e-001 6.381217e-001 6.445311e-002
      outer loop
         vertex 3.389577e+002 6.117426e+002 2.866604e+002
         vertex 3.398033e+002 6.124324e+002 2.785827e+002
         vertex 3.330461e+002 6.198781e+002 2.785794e+002
      endloop
   endfacet
   facet normal 7.309011e-001 6.520000e-001 2.016915e-001
      outer loop
         vertex 3.389577e+002 6.117426e+002 2.866604e+002
         vertex 3.330461e+002 6.198781e+002 2.785794e+002
         vertex 3.136314e+002 6.396550e+002 2.866517e+002
      endloop
   endfacet
   facet normal 7.210312e-001 6.899285e-001 6.412988e-002
      outer loop
         vertex 3.330461e+002 6.198781e+002 2.785794e+002
         vertex 3.143970e+002 6.404271e+002 2.785703e+002
         vertex 3.136314e+002 6.396550e+002 2.866517e+002
      endloop
   endfacet
   facet normal 6.766726e-001 7.334493e-001 6.454644e-002
      outer loop
         vertex 3.136314e+002 6.396550e+002 2.866517e+002
         vertex 3.143970e+002 6.404271e+002 2.785703e+002
         vertex 2.859505e+002 6.657876e+002 2.785738e+002
      endloop
   endfacet
   facet normal 6.381904e-001 7.429076e-001 2.019932e-001
      outer loop
         vertex 3.136314e+002 6.396550e+002 2.866517e+002
         vertex 2.859505e+002 6.657876e+002 2.785738e+002
         vertex 2.852703e+002 6.649378e+002 2.866541e+002
      endloop
   endfacet
   facet normal 6.180031e-001 7.835159e-001 6.461314e-002
      outer loop
         vertex 2.852703e+002 6.649378e+002 2.866541e+002
         vertex 2.859505e+002 6.657876e+002 2.785738e+002
         vertex 2.799866e+002 6.704592e+002 2.785764e+002
      endloop
   endfacet
   facet normal 6.011214e-001 7.732385e-001 2.018792e-001
      outer loop
         vertex 2.852703e+002 6.649378e+002 2.866541e+002
         vertex 2.799866e+002 6.704592e+002 2.785764e+002
         vertex 2.793240e+002 6.695946e+002 2.866560e+002
      endloop
   endfacet
   facet normal 6.042886e-001 7.941495e-001 6.451320e-002
      outer loop
         vertex 2.793240e+002 6.695946e+002 2.866560e+002
         vertex 2.799866e+002 6.704592e+002 2.785764e+002
         vertex 2.769697e+002 6.725289e+002 2.785786e+002
      endloop
   endfacet
   facet normal 5.658038e-001 7.993554e-001 2.022296e-001
      outer loop
         vertex 2.793240e+002 6.695946e+002 2.866560e+002
         vertex 2.769697e+002 6.725289e+002 2.785786e+002
         vertex 2.482312e+002 6.909161e+002 2.866718e+002
      endloop
   endfacet
   facet normal 5.475817e-001 8.342058e-001 6.522937e-002
      outer loop
         vertex 2.769697e+002 6.725289e+002 2.785786e+002
         vertex 2.488030e+002 6.918517e+002 2.785988e+002
         vertex 2.482312e+002 6.909161e+002 2.866718e+002
      endloop
   endfacet
   facet normal 4.895596e-001 8.694356e-001 6.643165e-002
      outer loop
         vertex 2.482312e+002 6.909161e+002 2.866718e+002
         vertex 2.488030e+002 6.918517e+002 2.785988e+002
         vertex 2.155520e+002 7.098441e+002 2.786366e+002
      endloop
   endfacet
   facet normal 4.500562e-001 8.693565e-001 2.041289e-001
      outer loop
         vertex 2.482312e+002 6.909161e+002 2.866718e+002
         vertex 2.155520e+002 7.098441e+002 2.786366e+002
         vertex 2.150765e+002 7.088426e+002 2.866986e+002
      endloop
   endfacet
   facet normal 4.235594e-001 9.033649e-001 6.730050e-002
      outer loop
         vertex 2.150765e+002 7.088426e+002 2.866986e+002
         vertex 2.155520e+002 7.098441e+002 2.786366e+002
         vertex 2.108058e+002 7.117968e+002 2.786438e+002
      endloop
   endfacet
   facet normal 3.844565e-001 9.000731e-001 2.050895e-001
      outer loop
         vertex 2.150765e+002 7.088426e+002 2.866986e+002
         vertex 2.108058e+002 7.117968e+002 2.786438e+002
         vertex 1.799310e+002 7.232841e+002 2.867364e+002
      endloop
   endfacet
   facet normal 3.592331e-001 9.306999e-001 6.891505e-002
      outer loop
         vertex 2.108058e+002 7.117968e+002 2.786438e+002
         vertex 1.803034e+002 7.243464e+002 2.786899e+002
         vertex 1.799310e+002 7.232841e+002 2.867364e+002
      endloop
   endfacet
   facet normal 3.233586e-001 9.436760e-001 7.010630e-002
      outer loop
         vertex 1.799310e+002 7.232841e+002 2.867364e+002
         vertex 1.803034e+002 7.243464e+002 2.786899e+002
         vertex 1.732256e+002 7.267462e+002 2.787021e+002
      endloop
   endfacet
   facet normal 3.107198e-001 9.277121e-001 2.068899e-001
      outer loop
         vertex 1.799310e+002 7.232841e+002 2.867364e+002
         vertex 1.732256e+002 7.267462e+002 2.787021e+002
         vertex 1.728741e+002 7.256727e+002 2.867450e+002
      endloop
   endfacet
   facet normal 2.773182e-001 9.581048e-001 7.162316e-002
      outer loop
         vertex 1.728741e+002 7.256727e+002 2.867450e+002
         vertex 1.732256e+002 7.267462e+002 2.787021e+002
         vertex 1.378250e+002 7.363105e+002 2.787702e+002
      endloop
   endfacet
   facet normal 2.387572e-001 9.482847e-001 2.091676e-001
      outer loop
         vertex 1.728741e+002 7.256727e+002 2.867450e+002
         vertex 1.378250e+002 7.363105e+002 2.787702e+002
         vertex 1.364513e+002 7.354901e+002 2.867947e+002
      endloop
   endfacet
   facet normal 2.100739e-001 9.749126e-001 7.358148e-002
      outer loop
         vertex 1.378250e+002 7.363105e+002 2.787702e+002
         vertex 1.366927e+002 7.366164e+002 2.787723e+002
         vertex 1.364513e+002 7.354901e+002 2.867947e+002
      endloop
   endfacet
   facet normal 1.739993e-001 9.818718e-001 7.518028e-002
      outer loop
         vertex 1.364513e+002 7.354901e+002 2.867947e+002
         vertex 1.366927e+002 7.366164e+002 2.787723e+002
         vertex 9.933282e+001 7.425944e+002 2.788561e+002
      endloop
   endfacet
   facet normal 1.366522e-001 9.675553e-001 2.125158e-001
      outer loop
         vertex 1.364513e+002 7.354901e+002 2.867947e+002
         vertex 9.933282e+001 7.425944e+002 2.788561e+002
         vertex 9.920821e+001 7.414227e+002 2.868538e+002
      endloop
   endfacet
   facet normal 6.965921e-002 9.944177e-001 7.925223e-002
      outer loop
         vertex 9.920821e+001 7.414227e+002 2.868538e+002
         vertex 9.933282e+001 7.425944e+002 2.788561e+002
         vertex 6.124178e+001 7.446193e+002 2.789533e+002
      endloop
   endfacet
   facet normal 3.376627e-002 9.757403e-001 2.163117e-001
      outer loop
         vertex 9.920821e+001 7.414227e+002 2.868538e+002
         vertex 6.124178e+001 7.446193e+002 2.789533e+002
         vertex 6.124178e+001 7.434106e+002 2.869223e+002
      endloop
   endfacet
   facet normal 8.073794e-001 8.230576e-002 5.842639e-001
      outer loop
         vertex 4.144521e+002 4.093581e+002 2.937671e+002
         vertex 4.171405e+002 4.266154e+002 2.868906e+002
         vertex 4.129165e+002 4.261232e+002 2.937507e+002
      endloop
   endfacet
   facet normal 8.738706e-001 1.356453e-001 4.668518e-001
      outer loop
         vertex 4.129165e+002 4.261232e+002 2.937507e+002
         vertex 4.171405e+002 4.266154e+002 2.868906e+002
         vertex 4.108196e+002 4.638751e+002 2.868264e+002
      endloop
   endfacet
   facet normal 7.980949e-001 1.529957e-001 5.827837e-001
      outer loop
         vertex 4.129165e+002 4.261232e+002 2.937507e+002
         vertex 4.108196e+002 4.638751e+002 2.868264e+002
         vertex 4.066786e+002 4.629432e+002 2.937176e+002
      endloop
   endfacet
   facet normal 8.625026e-001 2.007196e-001 4.645438e-001
      outer loop
         vertex 4.066786e+002 4.629432e+002 2.937176e+002
         vertex 4.108196e+002 4.638751e+002 2.868264e+002
         vertex 4.091568e+002 4.709479e+002 2.868150e+002
      endloop
   endfacet
   facet normal 7.911318e-001 1.897907e-001 5.814551e-001
      outer loop
         vertex 4.066786e+002 4.629432e+002 2.937176e+002
         vertex 4.091568e+002 4.709479e+002 2.868150e+002
         vertex 4.050368e+002 4.699327e+002 2.937118e+002
      endloop
   endfacet
   facet normal 8.515200e-001 2.444458e-001 4.638533e-001
      outer loop
         vertex 4.050368e+002 4.699327e+002 2.937118e+002
         vertex 4.091568e+002 4.709479e+002 2.868150e+002
         vertex 3.982341e+002 5.070605e+002 2.867618e+002
      endloop
   endfacet
   facet normal 7.742075e-001 2.522112e-001 5.805105e-001
      outer loop
         vertex 4.050368e+002 4.699327e+002 2.937118e+002
         vertex 3.982341e+002 5.070605e+002 2.867618e+002
         vertex 3.942498e+002 5.056202e+002 2.936843e+002
      endloop
   endfacet
   facet normal 8.221326e-001 3.329566e-001 4.617768e-001
      outer loop
         vertex 3.942498e+002 5.056202e+002 2.936843e+002
         vertex 3.982341e+002 5.070605e+002 2.867618e+002
         vertex 3.835812e+002 5.418072e+002 2.867186e+002
      endloop
   endfacet
   facet normal 7.444335e-001 3.326001e-001 5.789610e-001
      outer loop
         vertex 3.942498e+002 5.056202e+002 2.936843e+002
         vertex 3.835812e+002 5.418072e+002 2.867186e+002
         vertex 3.797752e+002 5.399587e+002 2.936619e+002
      endloop
   endfacet
   facet normal 7.832236e-001 4.181424e-001 4.601279e-001
      outer loop
         vertex 3.797752e+002 5.399587e+002 2.936619e+002
         vertex 3.835812e+002 5.418072e+002 2.867186e+002
         vertex 3.651956e+002 5.750741e+002 2.866855e+002
      endloop
   endfacet
   facet normal 7.058556e-001 4.098341e-001 5.777577e-001
      outer loop
         vertex 3.797752e+002 5.399587e+002 2.936619e+002
         vertex 3.651956e+002 5.750741e+002 2.866855e+002
         vertex 3.616104e+002 5.728350e+002 2.936448e+002
      endloop
   endfacet
   facet normal 7.501376e-001 4.763013e-001 4.587271e-001
      outer loop
         vertex 3.616104e+002 5.728350e+002 2.936448e+002
         vertex 3.651956e+002 5.750741e+002 2.866855e+002
         vertex 3.612137e+002 5.813088e+002 2.866803e+002
      endloop
   endfacet
   facet normal 6.865203e-001 4.426171e-001 5.768707e-001
      outer loop
         vertex 3.616104e+002 5.728350e+002 2.936448e+002
         vertex 3.612137e+002 5.813088e+002 2.866803e+002
         vertex 3.576761e+002 5.789964e+002 2.936421e+002
      endloop
   endfacet
   facet normal 7.248008e-001 5.140406e-001 4.587222e-001
      outer loop
         vertex 3.576761e+002 5.789964e+002 2.936421e+002
         vertex 3.612137e+002 5.813088e+002 2.866803e+002
         vertex 3.389577e+002 6.117426e+002 2.866604e+002
      endloop
   endfacet
   facet normal 6.491919e-001 4.958571e-001 5.767805e-001
      outer loop
         vertex 3.576761e+002 5.789964e+002 2.936421e+002
         vertex 3.389577e+002 6.117426e+002 2.866604e+002
         vertex 3.356848e+002 6.090727e+002 2.936319e+002
      endloop
   endfacet
   facet normal 6.669961e-001 5.876175e-001 4.580631e-001
      outer loop
         vertex 3.356848e+002 6.090727e+002 2.936319e+002
         vertex 3.389577e+002 6.117426e+002 2.866604e+002
         vertex 3.136314e+002 6.396550e+002 2.866517e+002
      endloop
   endfacet
   facet normal 5.936739e-001 5.615517e-001 5.763774e-001
      outer loop
         vertex 3.356848e+002 6.090727e+002 2.936319e+002
         vertex 3.136314e+002 6.396550e+002 2.866517e+002
         vertex 3.106581e+002 6.366566e+002 2.936273e+002
      endloop
   endfacet
   facet normal 6.013901e-001 6.547334e-001 4.578800e-001
      outer loop
         vertex 3.106581e+002 6.366566e+002 2.936273e+002
         vertex 3.136314e+002 6.396550e+002 2.866517e+002
         vertex 2.852703e+002 6.649378e+002 2.866541e+002
      endloop
   endfacet
   facet normal 5.309914e-001 6.211757e-001 5.763583e-001
      outer loop
         vertex 3.106581e+002 6.366566e+002 2.936273e+002
         vertex 2.852703e+002 6.649378e+002 2.866541e+002
         vertex 2.826314e+002 6.616409e+002 2.936286e+002
      endloop
   endfacet
   facet normal 5.503731e-001 6.984004e-001 4.575220e-001
      outer loop
         vertex 2.826314e+002 6.616409e+002 2.936286e+002
         vertex 2.852703e+002 6.649378e+002 2.866541e+002
         vertex 2.793240e+002 6.695946e+002 2.866560e+002
      endloop
   endfacet
   facet normal 5.014107e-001 6.456227e-001 5.759850e-001
      outer loop
         vertex 2.826314e+002 6.616409e+002 2.936286e+002
         vertex 2.793240e+002 6.695946e+002 2.866560e+002
         vertex 2.767551e+002 6.662427e+002 2.936295e+002
      endloop
   endfacet
   facet normal 5.135242e-001 7.254549e-001 4.582662e-001
      outer loop
         vertex 2.767551e+002 6.662427e+002 2.936295e+002
         vertex 2.793240e+002 6.695946e+002 2.866560e+002
         vertex 2.482312e+002 6.909161e+002 2.866718e+002
      endloop
   endfacet
   facet normal 4.480727e-001 6.830186e-001 5.768159e-001
      outer loop
         vertex 2.767551e+002 6.662427e+002 2.936295e+002
         vertex 2.482312e+002 6.909161e+002 2.866718e+002
         vertex 2.460279e+002 6.873109e+002 2.936377e+002
      endloop
   endfacet
   facet normal 4.342021e-001 7.750422e-001 4.591057e-001
      outer loop
         vertex 2.460279e+002 6.873109e+002 2.936377e+002
         vertex 2.482312e+002 6.909161e+002 2.866718e+002
         vertex 2.150765e+002 7.088426e+002 2.866986e+002
      endloop
   endfacet
   facet normal 3.735442e-001 7.258317e-001 5.776098e-001
      outer loop
         vertex 2.460279e+002 6.873109e+002 2.936377e+002
         vertex 2.150765e+002 7.088426e+002 2.866986e+002
         vertex 2.132628e+002 7.050227e+002 2.936516e+002
      endloop
   endfacet
   facet normal 3.498423e-001 8.158618e-001 4.604128e-001
      outer loop
         vertex 2.132628e+002 7.050227e+002 2.936516e+002
         vertex 2.150765e+002 7.088426e+002 2.866986e+002
         vertex 1.799310e+002 7.232841e+002 2.867364e+002
      endloop
   endfacet
   facet normal 2.944676e-001 7.604628e-001 5.787790e-001
      outer loop
         vertex 2.132628e+002 7.050227e+002 2.936516e+002
         vertex 1.799310e+002 7.232841e+002 2.867364e+002
         vertex 1.785305e+002 7.192891e+002 2.936711e+002
      endloop
   endfacet
   facet normal 2.872832e-001 8.395655e-001 4.610837e-001
      outer loop
         vertex 1.785305e+002 7.192891e+002 2.936711e+002
         vertex 1.799310e+002 7.232841e+002 2.867364e+002
         vertex 1.728741e+002 7.256727e+002 2.867450e+002
      endloop
   endfacet
   facet normal 2.585939e-001 7.732992e-001 5.789108e-001
      outer loop
         vertex 1.785305e+002 7.192891e+002 2.936711e+002
         vertex 1.728741e+002 7.256727e+002 2.867450e+002
         vertex 1.715566e+002 7.216484e+002 2.936756e+002
      endloop
   endfacet
   facet normal 2.437354e-001 8.524359e-001 4.625430e-001
      outer loop
         vertex 1.715566e+002 7.216484e+002 2.936756e+002
         vertex 1.728741e+002 7.256727e+002 2.867450e+002
         vertex 1.364513e+002 7.354901e+002 2.867947e+002
      endloop
   endfacet
   facet normal 1.960101e-001 7.902325e-001 5.806141e-001
      outer loop
         vertex 1.715566e+002 7.216484e+002 2.936756e+002
         vertex 1.364513e+002 7.354901e+002 2.867947e+002
         vertex 1.355626e+002 7.313435e+002 2.937012e+002
      endloop
   endfacet
   facet normal 1.526445e-001 8.721702e-001 4.647782e-001
      outer loop
         vertex 1.355626e+002 7.313435e+002 2.937012e+002
         vertex 1.364513e+002 7.354901e+002 2.867947e+002
         vertex 9.920821e+001 7.414227e+002 2.868538e+002
      endloop
   endfacet
   facet normal 1.117577e-001 8.051063e-001 5.825066e-001
      outer loop
         vertex 1.355626e+002 7.313435e+002 2.937012e+002
         vertex 9.920821e+001 7.414227e+002 2.868538e+002
         vertex 9.875895e+001 7.371985e+002 2.937318e+002
      endloop
   endfacet
   facet normal 5.989495e-002 8.820057e-001 4.674169e-001
      outer loop
         vertex 9.875895e+001 7.371985e+002 2.937318e+002
         vertex 9.920821e+001 7.414227e+002 2.868538e+002
         vertex 6.124178e+001 7.434106e+002 2.869223e+002
      endloop
   endfacet
   facet normal 2.612310e-002 8.108135e-001 5.847213e-001
      outer loop
         vertex 9.875895e+001 7.371985e+002 2.937318e+002
         vertex 6.124178e+001 7.434106e+002 2.869223e+002
         vertex 6.124178e+001 7.391542e+002 2.937671e+002
      endloop
   endfacet
   facet normal 5.119557e-001 5.324819e-002 8.573598e-001
      outer loop
         vertex 4.078551e+002 4.089053e+002 2.983758e+002
         vertex 4.129165e+002 4.261232e+002 2.937507e+002
         vertex 4.063433e+002 4.253573e+002 2.983714e+002
      endloop
   endfacet
   facet normal 6.196430e-001 9.837244e-002 7.786946e-001
      outer loop
         vertex 4.063433e+002 4.253573e+002 2.983714e+002
         vertex 4.129165e+002 4.261232e+002 2.937507e+002
         vertex 4.066786e+002 4.629432e+002 2.937176e+002
      endloop
   endfacet
   facet normal 5.058591e-001 9.936274e-002 8.568743e-001
      outer loop
         vertex 4.063433e+002 4.253573e+002 2.983714e+002
         vertex 4.066786e+002 4.629432e+002 2.937176e+002
         vertex 4.002121e+002 4.614881e+002 2.983623e+002
      endloop
   endfacet
   facet normal 6.124189e-001 1.429466e-001 7.775020e-001
      outer loop
         vertex 4.002121e+002 4.614881e+002 2.983623e+002
         vertex 4.066786e+002 4.629432e+002 2.937176e+002
         vertex 4.050368e+002 4.699327e+002 2.937118e+002
      endloop
   endfacet
   facet normal 5.020603e-001 1.209072e-001 8.563393e-001
      outer loop
         vertex 4.002121e+002 4.614881e+002 2.983623e+002
         vertex 4.050368e+002 4.699327e+002 2.937118e+002
         vertex 3.985994e+002 4.683464e+002 2.983608e+002
      endloop
   endfacet
   facet normal 6.040231e-001 1.756528e-001 7.773687e-001
      outer loop
         vertex 3.985994e+002 4.683464e+002 2.983608e+002
         vertex 4.050368e+002 4.699327e+002 2.937118e+002
         vertex 3.942498e+002 5.056202e+002 2.936843e+002
      endloop
   endfacet
   facet normal 4.907271e-001 1.623367e-001 8.560570e-001
      outer loop
         vertex 3.985994e+002 4.683464e+002 2.983608e+002
         vertex 3.942498e+002 5.056202e+002 2.936843e+002
         vertex 3.880067e+002 5.033636e+002 2.983533e+002
      endloop
   endfacet
   facet normal 5.832753e-001 2.385657e-001 7.764512e-001
      outer loop
         vertex 3.880067e+002 5.033636e+002 2.983533e+002
         vertex 3.942498e+002 5.056202e+002 2.936843e+002
         vertex 3.797752e+002 5.399587e+002 2.936619e+002
      endloop
   endfacet
   facet normal 4.717948e-001 2.133725e-001 8.555009e-001
      outer loop
         vertex 3.880067e+002 5.033636e+002 2.983533e+002
         vertex 3.797752e+002 5.399587e+002 2.936619e+002
         vertex 3.737975e+002 5.370554e+002 2.983472e+002
      endloop
   endfacet
   facet normal 5.556641e-001 2.991416e-001 7.757266e-001
      outer loop
         vertex 3.737975e+002 5.370554e+002 2.983472e+002
         vertex 3.797752e+002 5.399587e+002 2.936619e+002
         vertex 3.616104e+002 5.728350e+002 2.936448e+002
      endloop
   endfacet
   facet normal 4.472062e-001 2.624114e-001 8.550712e-001
      outer loop
         vertex 3.737975e+002 5.370554e+002 2.983472e+002
         vertex 3.616104e+002 5.728350e+002 2.936448e+002
         vertex 3.559696e+002 5.693119e+002 2.983425e+002
      endloop
   endfacet
   facet normal 5.333588e-001 3.391622e-001 7.749178e-001
      outer loop
         vertex 3.559696e+002 5.693119e+002 2.983425e+002
         vertex 3.616104e+002 5.728350e+002 2.936448e+002
         vertex 3.576761e+002 5.789964e+002 2.936421e+002
      endloop
   endfacet
   facet normal 4.360772e-001 2.817018e-001 8.546817e-001
      outer loop
         vertex 3.559696e+002 5.693119e+002 2.983425e+002
         vertex 3.576761e+002 5.789964e+002 2.936421e+002
         vertex 3.521086e+002 5.753572e+002 2.983418e+002
      endloop
   endfacet
   facet normal 5.141128e-001 3.672884e-001 7.751046e-001
      outer loop
         vertex 3.521086e+002 5.753572e+002 2.983418e+002
         vertex 3.576761e+002 5.789964e+002 2.936421e+002
         vertex 3.356848e+002 6.090727e+002 2.936319e+002
      endloop
   endfacet
   facet normal 4.110780e-001 3.169623e-001 8.547221e-001
      outer loop
         vertex 3.521086e+002 5.753572e+002 2.983418e+002
         vertex 3.356848e+002 6.090727e+002 2.936319e+002
         vertex 3.305284e+002 6.048663e+002 2.983390e+002
      endloop
   endfacet
   facet normal 4.729148e-001 4.195364e-001 7.748166e-001
      outer loop
         vertex 3.305284e+002 6.048663e+002 2.983390e+002
         vertex 3.356848e+002 6.090727e+002 2.936319e+002
         vertex 3.106581e+002 6.366566e+002 2.936273e+002
      endloop
   endfacet
   facet normal 3.756477e-001 3.585809e-001 8.545809e-001
      outer loop
         vertex 3.305284e+002 6.048663e+002 2.983390e+002
         vertex 3.106581e+002 6.366566e+002 2.936273e+002
         vertex 3.059715e+002 6.319304e+002 2.983378e+002
      endloop
   endfacet
   facet normal 4.260961e-001 4.671341e-001 7.747437e-001
      outer loop
         vertex 3.059715e+002 6.319304e+002 2.983378e+002
         vertex 3.106581e+002 6.366566e+002 2.936273e+002
         vertex 2.826314e+002 6.616409e+002 2.936286e+002
      endloop
   endfacet
   facet normal 3.356217e-001 3.962962e-001 8.545802e-001
      outer loop
         vertex 3.059715e+002 6.319304e+002 2.983378e+002
         vertex 2.826314e+002 6.616409e+002 2.936286e+002
         vertex 2.784723e+002 6.564449e+002 2.983381e+002
      endloop
   endfacet
   facet normal 3.912792e-001 4.972212e-001 7.743847e-001
      outer loop
         vertex 2.784723e+002 6.564449e+002 2.983381e+002
         vertex 2.826314e+002 6.616409e+002 2.936286e+002
         vertex 2.767551e+002 6.662427e+002 2.936295e+002
      endloop
   endfacet
   facet normal 3.183818e-001 4.107256e-001 8.543638e-001
      outer loop
         vertex 2.784723e+002 6.564449e+002 2.983381e+002
         vertex 2.767551e+002 6.662427e+002 2.936295e+002
         vertex 2.727067e+002 6.609603e+002 2.983383e+002
      endloop
   endfacet
   facet normal 3.634062e-001 5.171437e-001 7.749183e-001
      outer loop
         vertex 2.727067e+002 6.609603e+002 2.983383e+002
         vertex 2.767551e+002 6.662427e+002 2.936295e+002
         vertex 2.460279e+002 6.873109e+002 2.936377e+002
      endloop
   endfacet
   facet normal 2.827239e-001 4.352802e-001 8.547505e-001
      outer loop
         vertex 2.727067e+002 6.609603e+002 2.983383e+002
         vertex 2.460279e+002 6.873109e+002 2.936377e+002
         vertex 2.425587e+002 6.816343e+002 2.983406e+002
      endloop
   endfacet
   facet normal 3.068056e-001 5.520743e-001 7.752963e-001
      outer loop
         vertex 2.425587e+002 6.816343e+002 2.983406e+002
         vertex 2.460279e+002 6.873109e+002 2.936377e+002
         vertex 2.132628e+002 7.050227e+002 2.936516e+002
      endloop
   endfacet
   facet normal 2.351914e-001 4.621551e-001 8.550425e-001
      outer loop
         vertex 2.425587e+002 6.816343e+002 2.983406e+002
         vertex 2.132628e+002 7.050227e+002 2.936516e+002
         vertex 2.104113e+002 6.990167e+002 2.983444e+002
      endloop
   endfacet
   facet normal 2.466239e-001 5.806707e-001 7.758854e-001
      outer loop
         vertex 2.104113e+002 6.990167e+002 2.983444e+002
         vertex 2.132628e+002 7.050227e+002 2.936516e+002
         vertex 1.785305e+002 7.192891e+002 2.936711e+002
      endloop
   endfacet
   facet normal 1.847788e-001 4.837613e-001 8.554717e-001
      outer loop
         vertex 2.104113e+002 6.990167e+002 2.983444e+002
         vertex 1.785305e+002 7.192891e+002 2.936711e+002
         vertex 1.763329e+002 7.130206e+002 2.983497e+002
      endloop
   endfacet
   facet normal 2.038075e-001 5.969326e-001 7.759729e-001
      outer loop
         vertex 1.763329e+002 7.130206e+002 2.983497e+002
         vertex 1.785305e+002 7.192891e+002 2.936711e+002
         vertex 1.715566e+002 7.216484e+002 2.936756e+002
      endloop
   endfacet
   facet normal 1.638139e-001 4.913349e-001 8.554268e-001
      outer loop
         vertex 1.763329e+002 7.130206e+002 2.983497e+002
         vertex 1.715566e+002 7.216484e+002 2.936756e+002
         vertex 1.694903e+002 7.153369e+002 2.983509e+002
      endloop
   endfacet
   facet normal 1.710446e-001 6.060303e-001 7.768340e-001
      outer loop
         vertex 1.694903e+002 7.153369e+002 2.983509e+002
         vertex 1.715566e+002 7.216484e+002 2.936756e+002
         vertex 1.355626e+002 7.313435e+002 2.937012e+002
      endloop
   endfacet
   facet normal 1.221261e-001 5.021062e-001 8.561394e-001
      outer loop
         vertex 1.694903e+002 7.153369e+002 2.983509e+002
         vertex 1.355626e+002 7.313435e+002 2.937012e+002
         vertex 1.341726e+002 7.248575e+002 2.983579e+002
      endloop
   endfacet
   facet normal 1.062387e-001 6.194299e-001 7.778302e-001
      outer loop
         vertex 1.341726e+002 7.248575e+002 2.983579e+002
         vertex 1.355626e+002 7.313435e+002 2.937012e+002
         vertex 9.875895e+001 7.371985e+002 2.937318e+002
      endloop
   endfacet
   facet normal 6.857736e-002 5.110222e-001 8.568274e-001
      outer loop
         vertex 1.341726e+002 7.248575e+002 2.983579e+002
         vertex 9.875895e+001 7.371985e+002 2.937318e+002
         vertex 9.805845e+001 7.306119e+002 2.983662e+002
      endloop
   endfacet
   facet normal 4.034073e-002 6.257148e-001 7.790082e-001
      outer loop
         vertex 9.805845e+001 7.306119e+002 2.983662e+002
         vertex 9.875895e+001 7.371985e+002 2.937318e+002
         vertex 6.124178e+001 7.391542e+002 2.937671e+002
      endloop
   endfacet
   facet normal 1.421720e-002 5.140656e-001 8.576331e-001
      outer loop
         vertex 9.805845e+001 7.306119e+002 2.983662e+002
         vertex 6.124178e+001 7.391542e+002 2.937671e+002
         vertex 6.124178e+001 7.325416e+002 2.983758e+002
      endloop
   endfacet
   facet normal 1.333030e-001 1.553157e-002 9.909536e-001
      outer loop
         vertex 3.999787e+002 4.083646e+002 3.000000e+002
         vertex 4.063433e+002 4.253573e+002 2.983714e+002
         vertex 3.984911e+002 4.244425e+002 3.000000e+002
      endloop
   endfacet
   facet normal 2.646206e-001 4.508021e-002 9.632984e-001
      outer loop
         vertex 3.984911e+002 4.244425e+002 3.000000e+002
         vertex 4.063433e+002 4.253573e+002 2.983714e+002
         vertex 4.002121e+002 4.614881e+002 2.983623e+002
      endloop
   endfacet
   facet normal 1.312910e-001 2.954485e-002 9.909035e-001
      outer loop
         vertex 3.984911e+002 4.244425e+002 3.000000e+002
         vertex 4.002121e+002 4.614881e+002 2.983623e+002
         vertex 3.924793e+002 4.597480e+002 3.000000e+002
      endloop
   endfacet
   facet normal 2.620208e-001 6.175838e-002 9.630841e-001
      outer loop
         vertex 3.924793e+002 4.597480e+002 3.000000e+002
         vertex 4.002121e+002 4.614881e+002 2.983623e+002
         vertex 3.985994e+002 4.683464e+002 2.983608e+002
      endloop
   endfacet
   facet normal 1.307289e-001 3.221333e-002 9.908947e-001
      outer loop
         vertex 3.924793e+002 4.597480e+002 3.000000e+002
         vertex 3.985994e+002 4.683464e+002 2.983608e+002
         vertex 3.908999e+002 4.664492e+002 3.000000e+002
      endloop
   endfacet
   facet normal 2.576629e-001 7.809441e-002 9.630737e-001
      outer loop
         vertex 3.908999e+002 4.664492e+002 3.000000e+002
         vertex 3.985994e+002 4.683464e+002 2.983608e+002
         vertex 3.880067e+002 5.033636e+002 2.983533e+002
      endloop
   endfacet
   facet normal 1.269080e-001 4.587380e-002 9.908531e-001
      outer loop
         vertex 3.908999e+002 4.664492e+002 3.000000e+002
         vertex 3.880067e+002 5.033636e+002 2.983533e+002
         vertex 3.805328e+002 5.006619e+002 3.000000e+002
      endloop
   endfacet
   facet normal 2.485419e-001 1.049469e-001 9.629190e-001
      outer loop
         vertex 3.805328e+002 5.006619e+002 3.000000e+002
         vertex 3.880067e+002 5.033636e+002 2.983533e+002
         vertex 3.737975e+002 5.370554e+002 2.983472e+002
      endloop
   endfacet
   facet normal 1.216086e-001 5.906295e-002 9.908193e-001
      outer loop
         vertex 3.805328e+002 5.006619e+002 3.000000e+002
         vertex 3.737975e+002 5.370554e+002 2.983472e+002
         vertex 3.666363e+002 5.335774e+002 3.000000e+002
      endloop
   endfacet
   facet normal 2.364601e-001 1.307922e-001 9.627981e-001
      outer loop
         vertex 3.666363e+002 5.335774e+002 3.000000e+002
         vertex 3.737975e+002 5.370554e+002 2.983472e+002
         vertex 3.559696e+002 5.693119e+002 2.983425e+002
      endloop
   endfacet
   facet normal 1.148269e-001 7.171611e-002 9.907934e-001
      outer loop
         vertex 3.666363e+002 5.335774e+002 3.000000e+002
         vertex 3.559696e+002 5.693119e+002 2.983425e+002
         vertex 3.492080e+002 5.650889e+002 3.000000e+002
      endloop
   endfacet
   facet normal 2.281738e-001 1.458054e-001 9.626409e-001
      outer loop
         vertex 3.492080e+002 5.650889e+002 3.000000e+002
         vertex 3.559696e+002 5.693119e+002 2.983425e+002
         vertex 3.521086e+002 5.753572e+002 2.983418e+002
      endloop
   endfacet
   facet normal 1.133459e-001 7.408876e-002 9.907894e-001
      outer loop
         vertex 3.492080e+002 5.650889e+002 3.000000e+002
         vertex 3.521086e+002 5.753572e+002 2.983418e+002
         vertex 3.454343e+002 5.709945e+002 3.000000e+002
      endloop
   endfacet
   facet normal 2.183838e-001 1.597729e-001 9.626948e-001
      outer loop
         vertex 3.454343e+002 5.709945e+002 3.000000e+002
         vertex 3.521086e+002 5.753572e+002 2.983418e+002
         vertex 3.305284e+002 6.048663e+002 2.983390e+002
      endloop
   endfacet
   facet normal 1.050155e-001 8.566806e-002 9.907738e-001
      outer loop
         vertex 3.454343e+002 5.709945e+002 3.000000e+002
         vertex 3.305284e+002 6.048663e+002 2.983390e+002
         vertex 3.243448e+002 5.998219e+002 3.000000e+002
      endloop
   endfacet
   facet normal 2.004986e-001 1.819558e-001 9.626486e-001
      outer loop
         vertex 3.243448e+002 5.998219e+002 3.000000e+002
         vertex 3.305284e+002 6.048663e+002 2.983390e+002
         vertex 3.059715e+002 6.319304e+002 2.983378e+002
      endloop
   endfacet
   facet normal 9.546264e-002 9.626932e-002 9.907669e-001
      outer loop
         vertex 3.243448e+002 5.998219e+002 3.000000e+002
         vertex 3.059715e+002 6.319304e+002 2.983378e+002
         vertex 3.003506e+002 6.262620e+002 3.000000e+002
      endloop
   endfacet
   facet normal 1.801947e-001 2.021237e-001 9.626400e-001
      outer loop
         vertex 3.003506e+002 6.262620e+002 3.000000e+002
         vertex 3.059715e+002 6.319304e+002 2.983378e+002
         vertex 2.784723e+002 6.564449e+002 2.983381e+002
      endloop
   endfacet
   facet normal 8.471341e-002 1.058334e-001 9.907688e-001
      outer loop
         vertex 3.003506e+002 6.262620e+002 3.000000e+002
         vertex 2.784723e+002 6.564449e+002 2.983381e+002
         vertex 2.734843e+002 6.502133e+002 3.000000e+002
      endloop
   endfacet
   facet normal 1.671697e-001 2.134229e-001 9.625513e-001
      outer loop
         vertex 2.734843e+002 6.502133e+002 3.000000e+002
         vertex 2.784723e+002 6.564449e+002 2.983381e+002
         vertex 2.727067e+002 6.609603e+002 2.983383e+002
      endloop
   endfacet
   facet normal 8.245554e-002 1.075886e-001 9.907703e-001
      outer loop
         vertex 2.734843e+002 6.502133e+002 3.000000e+002
         vertex 2.727067e+002 6.609603e+002 2.983383e+002
         vertex 2.678515e+002 6.546253e+002 3.000000e+002
      endloop
   endfacet
   facet normal 1.531091e-001 2.231963e-001 9.626739e-001
      outer loop
         vertex 2.678515e+002 6.546253e+002 3.000000e+002
         vertex 2.727067e+002 6.609603e+002 2.983383e+002
         vertex 2.425587e+002 6.816343e+002 2.983406e+002
      endloop
   endfacet
   facet normal 7.063810e-002 1.155849e-001 9.907827e-001
      outer loop
         vertex 2.678515e+002 6.546253e+002 3.000000e+002
         vertex 2.425587e+002 6.816343e+002 2.983406e+002
         vertex 2.383993e+002 6.748282e+002 3.000000e+002
      endloop
   endfacet
   facet normal 1.286849e-001 2.378389e-001 9.627424e-001
      outer loop
         vertex 2.383993e+002 6.748282e+002 3.000000e+002
         vertex 2.425587e+002 6.816343e+002 2.983406e+002
         vertex 2.104113e+002 6.990167e+002 2.983444e+002
      endloop
   endfacet
   facet normal 5.803403e-002 1.222297e-001 9.908037e-001
      outer loop
         vertex 2.383993e+002 6.748282e+002 3.000000e+002
         vertex 2.104113e+002 6.990167e+002 2.983444e+002
         vertex 2.069939e+002 6.918192e+002 3.000000e+002
      endloop
   endfacet
   facet normal 1.027361e-001 2.497394e-001 9.628476e-001
      outer loop
         vertex 2.069939e+002 6.918192e+002 3.000000e+002
         vertex 2.104113e+002 6.990167e+002 2.983444e+002
         vertex 1.763329e+002 7.130206e+002 2.983497e+002
      endloop
   endfacet
   facet normal 4.469191e-002 1.274839e-001 9.908332e-001
      outer loop
         vertex 2.069939e+002 6.918192e+002 3.000000e+002
         vertex 1.763329e+002 7.130206e+002 2.983497e+002
         vertex 1.737010e+002 7.055131e+002 3.000000e+002
      endloop
   endfacet
   facet normal 8.670920e-002 2.558232e-001 9.628271e-001
      outer loop
         vertex 1.737010e+002 7.055131e+002 3.000000e+002
         vertex 1.763329e+002 7.130206e+002 2.983497e+002
         vertex 1.694903e+002 7.153369e+002 2.983509e+002
      endloop
   endfacet
   facet normal 4.201697e-002 1.283383e-001 9.908400e-001
      outer loop
         vertex 1.737010e+002 7.055131e+002 3.000000e+002
         vertex 1.694903e+002 7.153369e+002 2.983509e+002
         vertex 1.670159e+002 7.077790e+002 3.000000e+002
      endloop
   endfacet
   facet normal 7.026344e-002 2.601287e-001 9.630141e-001
      outer loop
         vertex 1.670159e+002 7.077790e+002 3.000000e+002
         vertex 1.694903e+002 7.153369e+002 2.983509e+002
         vertex 1.341726e+002 7.248575e+002 2.983579e+002
      endloop
   endfacet
   facet normal 2.823994e-002 1.317640e-001 9.908788e-001
      outer loop
         vertex 1.670159e+002 7.077790e+002 3.000000e+002
         vertex 1.341726e+002 7.248575e+002 2.983579e+002
         vertex 1.325094e+002 7.170974e+002 3.000000e+002
      endloop
   endfacet
   facet normal 4.245900e-002 2.654533e-001 9.631884e-001
      outer loop
         vertex 1.325094e+002 7.170974e+002 3.000000e+002
         vertex 1.341726e+002 7.248575e+002 2.983579e+002
         vertex 9.805845e+001 7.306119e+002 2.983662e+002
      endloop
   endfacet
   facet normal 1.421548e-002 1.336626e-001 9.909250e-001
      outer loop
         vertex 1.325094e+002 7.170974e+002 3.000000e+002
         vertex 9.805845e+001 7.306119e+002 2.983662e+002
         vertex 9.722115e+001 7.227391e+002 3.000000e+002
      endloop
   endfacet
   facet normal 1.421613e-002 2.677118e-001 9.633942e-001
      outer loop
         vertex 9.722115e+001 7.227391e+002 3.000000e+002
         vertex 9.805845e+001 7.306119e+002 2.983662e+002
         vertex 6.124178e+001 7.325416e+002 2.983758e+002
      endloop
   endfacet
   facet normal 0.000000e+000 1.340221e-001 9.909783e-001
      outer loop
         vertex 9.722115e+001 7.227391e+002 3.000000e+002
         vertex 6.124178e+001 7.325416e+002 2.983758e+002
         vertex 6.124178e+001 7.246467e+002 3.000000e+002
      endloop
   endfacet
   facet normal 0.000000e+000 9.966344e-001 8.197466e-002
      outer loop
         vertex 6.124178e+001 7.446193e+002 2.789533e+002
         vertex -6.124178e+001 7.446193e+002 2.789533e+002
         vertex -6.124178e+001 7.434106e+002 2.869223e+002
      endloop
   endfacet
   facet normal 0.000000e+000 9.761146e-001 2.172561e-001
      outer loop
         vertex 6.124178e+001 7.446193e+002 2.789533e+002
         vertex -6.124178e+001 7.434106e+002 2.869223e+002
         vertex 6.124178e+001 7.434106e+002 2.869223e+002
      endloop
   endfacet
   facet normal 0.000000e+000 8.833399e-001 4.687329e-001
      outer loop
         vertex 6.124178e+001 7.434106e+002 2.869223e+002
         vertex -6.124178e+001 7.434106e+002 2.869223e+002
         vertex -6.124178e+001 7.391542e+002 2.937671e+002
      endloop
   endfacet
   facet normal 0.000000e+000 8.110850e-001 5.849283e-001
      outer loop
         vertex 6.124178e+001 7.434106e+002 2.869223e+002
         vertex -6.124178e+001 7.391542e+002 2.937671e+002
         vertex 6.124178e+001 7.391542e+002 2.937671e+002
      endloop
   endfacet
   facet normal 0.000000e+000 6.265756e-001 7.793607e-001
      outer loop
         vertex 6.124178e+001 7.391542e+002 2.937671e+002
         vertex -6.124178e+001 7.391542e+002 2.937671e+002
         vertex -6.124178e+001 7.325416e+002 2.983758e+002
      endloop
   endfacet
   facet normal 0.000000e+000 5.143210e-001 8.575978e-001
      outer loop
         vertex 6.124178e+001 7.391542e+002 2.937671e+002
         vertex -6.124178e+001 7.325416e+002 2.983758e+002
         vertex 6.124178e+001 7.325416e+002 2.983758e+002
      endloop
   endfacet
   facet normal 0.000000e+000 2.680442e-001 9.634066e-001
      outer loop
         vertex 6.124178e+001 7.325416e+002 2.983758e+002
         vertex -6.124178e+001 7.325416e+002 2.983758e+002
         vertex -6.124178e+001 7.246467e+002 3.000000e+002
      endloop
   endfacet
   facet normal 0.000000e+000 1.340221e-001 9.909783e-001
      outer loop
         vertex 6.124178e+001 7.325416e+002 2.983758e+002
         vertex -6.124178e+001 7.246467e+002 3.000000e+002
         vertex 6.124178e+001 7.246467e+002 3.000000e+002
      endloop
   endfacet
   facet normal -1.608724e-002 9.965648e-001 8.123868e-002
      outer loop
         vertex -6.124178e+001 7.434106e+002 2.869223e+002
         vertex -6.124178e+001 7.446193e+002 2.789533e+002
         vertex -7.833100e+001 7.442114e+002 2.789082e+002
      endloop
   endfacet
   facet normal -1.512373e-002 8.834268e-001 4.683250e-001
      outer loop
         vertex -6.124178e+001 7.391542e+002 2.937671e+002
         vertex -6.124178e+001 7.434106e+002 2.869223e+002
         vertex -7.827433e+001 7.430180e+002 2.868906e+002
      endloop
   endfacet
   facet normal -1.169689e-002 6.266599e-001 7.792051e-001
      outer loop
         vertex -6.124178e+001 7.325416e+002 2.983758e+002
         vertex -6.124178e+001 7.391542e+002 2.937671e+002
         vertex -7.807261e+001 7.387703e+002 2.937507e+002
      endloop
   endfacet
   facet normal -6.366204e-003 2.680814e-001 9.633753e-001
      outer loop
         vertex -6.124178e+001 7.246467e+002 3.000000e+002
         vertex -6.124178e+001 7.325416e+002 2.983758e+002
         vertex -7.775868e+001 7.321600e+002 2.983714e+002
      endloop
   endfacet
   facet normal -3.121242e-002 9.758875e-001 2.160311e-001
      outer loop
         vertex -6.124178e+001 7.434106e+002 2.869223e+002
         vertex -7.833100e+001 7.442114e+002 2.789082e+002
         vertex -7.827433e+001 7.430180e+002 2.868906e+002
      endloop
   endfacet
   facet normal -8.291483e-002 9.934618e-001 7.847788e-002
      outer loop
         vertex -7.827433e+001 7.430180e+002 2.868906e+002
         vertex -7.833100e+001 7.442114e+002 2.789082e+002
         vertex -1.160570e+002 7.404162e+002 2.788172e+002
      endloop
   endfacet
   facet normal -1.154561e-001 9.701865e-001 2.130913e-001
      outer loop
         vertex -7.827433e+001 7.430180e+002 2.868906e+002
         vertex -1.160570e+002 7.404162e+002 2.788172e+002
         vertex -1.158795e+002 7.392637e+002 2.868264e+002
      endloop
   endfacet
   facet normal -1.585640e-001 9.844602e-001 7.546944e-002
      outer loop
         vertex -1.158795e+002 7.392637e+002 2.868264e+002
         vertex -1.160570e+002 7.404162e+002 2.788172e+002
         vertex -1.232495e+002 7.392328e+002 2.788011e+002
      endloop
   endfacet
   facet normal -1.619428e-001 9.639181e-001 2.112731e-001
      outer loop
         vertex -1.158795e+002 7.392637e+002 2.868264e+002
         vertex -1.232495e+002 7.392328e+002 2.788011e+002
         vertex -1.230496e+002 7.380892e+002 2.868150e+002
      endloop
   endfacet
   facet normal -1.855041e-001 9.798519e-001 7.401634e-002
      outer loop
         vertex -1.230496e+002 7.380892e+002 2.868150e+002
         vertex -1.232495e+002 7.392328e+002 2.788011e+002
         vertex -1.377334e+002 7.359054e+002 2.787716e+002
      endloop
   endfacet
   facet normal -2.150954e-001 9.538860e-001 2.093690e-001
      outer loop
         vertex -1.230496e+002 7.380892e+002 2.868150e+002
         vertex -1.377334e+002 7.359054e+002 2.787716e+002
         vertex -1.598253e+002 7.296651e+002 2.867618e+002
      endloop
   endfacet
   facet normal -2.531344e-001 9.647595e-001 7.184818e-002
      outer loop
         vertex -1.377334e+002 7.359054e+002 2.787716e+002
         vertex -1.601377e+002 7.307585e+002 2.787259e+002
         vertex -1.598253e+002 7.296651e+002 2.867618e+002
      endloop
   endfacet
   facet normal -3.081639e-001 9.487095e-001 7.060767e-002
      outer loop
         vertex -1.598253e+002 7.296651e+002 2.867618e+002
         vertex -1.601377e+002 7.307585e+002 2.787259e+002
         vertex -1.959122e+002 7.184625e+002 2.786648e+002
      endloop
   endfacet
   facet normal -3.347862e-001 9.193878e-001 2.065049e-001
      outer loop
         vertex -1.598253e+002 7.296651e+002 2.867618e+002
         vertex -1.959122e+002 7.184625e+002 2.786648e+002
         vertex -1.954939e+002 7.174261e+002 2.867185e+002
      endloop
   endfacet
   facet normal -3.876043e-001 9.193259e-001 6.784385e-002
      outer loop
         vertex -1.954939e+002 7.174261e+002 2.867185e+002
         vertex -1.959122e+002 7.184625e+002 2.786648e+002
         vertex -2.106857e+002 7.115661e+002 2.786448e+002
      endloop
   endfacet
   facet normal -4.116507e-001 8.881611e-001 2.042391e-001
      outer loop
         vertex -1.954939e+002 7.174261e+002 2.867185e+002
         vertex -2.106857e+002 7.115661e+002 2.786448e+002
         vertex -2.299418e+002 7.013618e+002 2.866855e+002
      endloop
   endfacet
   facet normal -4.510926e-001 8.899965e-001 6.649635e-002
      outer loop
         vertex -2.106857e+002 7.115661e+002 2.786448e+002
         vertex -2.304605e+002 7.023350e+002 2.786180e+002
         vertex -2.299418e+002 7.013618e+002 2.866855e+002
      endloop
   endfacet
   facet normal -4.755259e-001 8.771864e-001 6.647701e-002
      outer loop
         vertex -2.299418e+002 7.013618e+002 2.866855e+002
         vertex -2.304605e+002 7.023350e+002 2.786180e+002
         vertex -2.369721e+002 6.987764e+002 2.786107e+002
      endloop
   endfacet
   facet normal -4.725354e-001 8.575184e-001 2.034023e-001
      outer loop
         vertex -2.299418e+002 7.013618e+002 2.866855e+002
         vertex -2.369721e+002 6.987764e+002 2.786107e+002
         vertex -2.364346e+002 6.978163e+002 2.866803e+002
      endloop
   endfacet
   facet normal -5.182797e-001 8.526706e-001 6.587149e-002
      outer loop
         vertex -2.364346e+002 6.978163e+002 2.866803e+002
         vertex -2.369721e+002 6.987764e+002 2.786107e+002
         vertex -2.689514e+002 6.785876e+002 2.785827e+002
      endloop
   endfacet
   facet normal -5.377223e-001 8.183824e-001 2.027435e-001
      outer loop
         vertex -2.364346e+002 6.978163e+002 2.866803e+002
         vertex -2.689514e+002 6.785876e+002 2.785827e+002
         vertex -2.683211e+002 6.776967e+002 2.866604e+002
      endloop
   endfacet
   facet normal -5.840675e-001 8.091421e-001 6.445304e-002
      outer loop
         vertex -2.683211e+002 6.776967e+002 2.866604e+002
         vertex -2.689514e+002 6.785876e+002 2.785827e+002
         vertex -2.768276e+002 6.723678e+002 2.785794e+002
      endloop
   endfacet
   facet normal -6.004018e-001 7.738463e-001 2.016917e-001
      outer loop
         vertex -2.683211e+002 6.776967e+002 2.866604e+002
         vertex -2.768276e+002 6.723678e+002 2.785794e+002
         vertex -2.979024e+002 6.543414e+002 2.866517e+002
      endloop
   endfacet
   facet normal -6.389175e-001 7.665974e-001 6.413027e-002
      outer loop
         vertex -2.768276e+002 6.723678e+002 2.785794e+002
         vertex -2.986202e+002 6.551581e+002 2.785703e+002
         vertex -2.979024e+002 6.543414e+002 2.866517e+002
      endloop
   endfacet
   facet normal -6.853875e-001 7.253122e-001 6.454648e-002
      outer loop
         vertex -2.979024e+002 6.543414e+002 2.866517e+002
         vertex -2.986202e+002 6.551581e+002 2.785703e+002
         vertex -3.258692e+002 6.285151e+002 2.785739e+002
      endloop
   endfacet
   facet normal -6.974589e-001 6.875681e-001 2.019934e-001
      outer loop
         vertex -2.979024e+002 6.543414e+002 2.866517e+002
         vertex -3.258692e+002 6.285151e+002 2.785739e+002
         vertex -3.250680e+002 6.277783e+002 2.866541e+002
      endloop
   endfacet
   facet normal -7.393544e-001 6.702090e-001 6.461362e-002
      outer loop
         vertex -3.250680e+002 6.277783e+002 2.866541e+002
         vertex -3.258692e+002 6.285151e+002 2.785739e+002
         vertex -3.309383e+002 6.228851e+002 2.785764e+002
      endloop
   endfacet
   facet normal -7.302573e-001 6.526630e-001 2.018797e-001
      outer loop
         vertex -3.250680e+002 6.277783e+002 2.866541e+002
         vertex -3.309383e+002 6.228851e+002 2.785764e+002
         vertex -3.301211e+002 6.221648e+002 2.866560e+002
      endloop
   endfacet
   facet normal -7.508904e-001 6.572681e-001 6.451454e-002
      outer loop
         vertex -3.301211e+002 6.221648e+002 2.866560e+002
         vertex -3.309383e+002 6.228851e+002 2.785764e+002
         vertex -3.331981e+002 6.200317e+002 2.785786e+002
      endloop
   endfacet
   facet normal -7.587200e-001 6.192305e-001 2.022311e-001
      outer loop
         vertex -3.301211e+002 6.221648e+002 2.866560e+002
         vertex -3.331981e+002 6.200317e+002 2.785786e+002
         vertex -3.535219e+002 5.926051e+002 2.866718e+002
      endloop
   endfacet
   facet normal -7.947371e-001 6.034383e-001 6.523114e-002
      outer loop
         vertex -3.331981e+002 6.200317e+002 2.785786e+002
         vertex -3.544162e+002 5.932397e+002 2.785988e+002
         vertex -3.535219e+002 5.926051e+002 2.866718e+002
      endloop
   endfacet
   facet normal -8.338684e-001 5.479509e-001 6.643292e-002
      outer loop
         vertex -3.535219e+002 5.926051e+002 2.866718e+002
         vertex -3.544162e+002 5.932397e+002 2.785988e+002
         vertex -3.746433e+002 5.612989e+002 2.786366e+002
      endloop
   endfacet
   facet normal -8.364947e-001 5.085347e-001 2.041302e-001
      outer loop
         vertex -3.535219e+002 5.926051e+002 2.866718e+002
         vertex -3.746433e+002 5.612989e+002 2.786366e+002
         vertex -3.736768e+002 5.607560e+002 2.866986e+002
      endloop
   endfacet
   facet normal -8.722307e-001 4.844419e-001 6.730241e-002
      outer loop
         vertex -3.736768e+002 5.607560e+002 2.866986e+002
         vertex -3.746433e+002 5.612989e+002 2.786366e+002
         vertex -3.769096e+002 5.567114e+002 2.786438e+002
      endloop
   endfacet
   facet normal -8.716247e-001 4.452055e-001 2.050913e-001
      outer loop
         vertex -3.736768e+002 5.607560e+002 2.866986e+002
         vertex -3.769096e+002 5.567114e+002 2.786438e+002
         vertex -3.904912e+002 5.266819e+002 2.867364e+002
      endloop
   endfacet
   facet normal -9.039077e-001 4.221390e-001 6.891721e-002
      outer loop
         vertex -3.769096e+002 5.567114e+002 2.786438e+002
         vertex -3.915255e+002 5.271262e+002 2.786900e+002
         vertex -3.904912e+002 5.266819e+002 2.867364e+002
      endloop
   endfacet
   facet normal -9.193162e-001 3.872242e-001 7.010818e-002
      outer loop
         vertex -3.904912e+002 5.266819e+002 2.867364e+002
         vertex -3.915255e+002 5.271262e+002 2.786900e+002
         vertex -3.944044e+002 5.202294e+002 2.787022e+002
      endloop
   endfacet
   facet normal -9.042551e-001 3.735218e-001 2.068916e-001
      outer loop
         vertex -3.904912e+002 5.266819e+002 2.867364e+002
         vertex -3.944044e+002 5.202294e+002 2.787022e+002
         vertex -3.933575e+002 5.198052e+002 2.867451e+002
      endloop
   endfacet
   facet normal -9.368612e-001 3.422881e-001 7.162432e-002
      outer loop
         vertex -3.933575e+002 5.198052e+002 2.867451e+002
         vertex -3.944044e+002 5.202294e+002 2.787022e+002
         vertex -4.063675e+002 4.855755e+002 2.787702e+002
      endloop
   endfacet
   facet normal -9.297050e-001 3.031452e-001 2.091686e-001
      outer loop
         vertex -3.933575e+002 5.198052e+002 2.867451e+002
         vertex -4.063675e+002 4.855755e+002 2.787702e+002
         vertex -4.056461e+002 4.841402e+002 2.867947e+002
      endloop
   endfacet
   facet normal -9.582351e-001 2.763529e-001 7.358273e-002
      outer loop
         vertex -4.063675e+002 4.855755e+002 2.787702e+002
         vertex -4.067532e+002 4.844582e+002 2.787724e+002
         vertex -4.056461e+002 4.841402e+002 2.867947e+002
      endloop
   endfacet
   facet normal -9.676507e-001 2.408313e-001 7.518223e-002
      outer loop
         vertex -4.056461e+002 4.841402e+002 2.867947e+002
         vertex -4.067532e+002 4.844582e+002 2.787724e+002
         vertex -4.152757e+002 4.475953e+002 2.788561e+002
      endloop
   endfacet
   facet normal -9.559252e-001 2.025915e-001 2.125176e-001
      outer loop
         vertex -4.056461e+002 4.841402e+002 2.867947e+002
         vertex -4.152757e+002 4.475953e+002 2.788561e+002
         vertex -4.141153e+002 4.473908e+002 2.868539e+002
      endloop
   endfacet
   facet normal -9.873127e-001 1.375953e-001 7.925398e-002
      outer loop
         vertex -4.141153e+002 4.473908e+002 2.868539e+002
         vertex -4.152757e+002 4.475953e+002 2.788561e+002
         vertex -4.199044e+002 4.097324e+002 2.789533e+002
      endloop
   endfacet
   facet normal -9.711369e-001 1.005076e-001 2.163132e-001
      outer loop
         vertex -4.141153e+002 4.473908e+002 2.868539e+002
         vertex -4.199044e+002 4.097324e+002 2.789533e+002
         vertex -4.186985e+002 4.096496e+002 2.869224e+002
      endloop
   endfacet
   facet normal -2.682152e-002 8.111210e-001 5.842630e-001
      outer loop
         vertex -6.124178e+001 7.391542e+002 2.937671e+002
         vertex -7.827433e+001 7.430180e+002 2.868906e+002
         vertex -7.807261e+001 7.387703e+002 2.937507e+002
      endloop
   endfacet
   facet normal -7.548238e-002 8.811089e-001 4.668507e-001
      outer loop
         vertex -7.807261e+001 7.387703e+002 2.937507e+002
         vertex -7.827433e+001 7.430180e+002 2.868906e+002
         vertex -1.158795e+002 7.392637e+002 2.868264e+002
      endloop
   endfacet
   facet normal -9.798132e-002 8.066995e-001 5.827828e-001
      outer loop
         vertex -7.807261e+001 7.387703e+002 2.937507e+002
         vertex -1.158795e+002 7.392637e+002 2.868264e+002
         vertex -1.152334e+002 7.350685e+002 2.937176e+002
      endloop
   endfacet
   facet normal -1.411824e-001 8.742241e-001 4.645424e-001
      outer loop
         vertex -1.152334e+002 7.350685e+002 2.937176e+002
         vertex -1.158795e+002 7.392637e+002 2.868264e+002
         vertex -1.230496e+002 7.380892e+002 2.868150e+002
      endloop
   endfacet
   facet normal -1.351669e-001 8.022724e-001 5.814540e-001
      outer loop
         vertex -1.152334e+002 7.350685e+002 2.937176e+002
         vertex -1.230496e+002 7.380892e+002 2.868150e+002
         vertex -1.223189e+002 7.339093e+002 2.937117e+002
      endloop
   endfacet
   facet normal -1.855582e-001 8.662618e-001 4.638520e-001
      outer loop
         vertex -1.223189e+002 7.339093e+002 2.937117e+002
         vertex -1.230496e+002 7.380892e+002 2.868150e+002
         vertex -1.598253e+002 7.296651e+002 2.867618e+002
      endloop
   endfacet
   facet normal -1.985999e-001 7.896625e-001 5.805095e-001
      outer loop
         vertex -1.223189e+002 7.339093e+002 2.937117e+002
         vertex -1.598253e+002 7.296651e+002 2.867618e+002
         vertex -1.586613e+002 7.255916e+002 2.936843e+002
      endloop
   endfacet
   facet normal -2.758738e-001 8.430048e-001 4.617756e-001
      outer loop
         vertex -1.586613e+002 7.255916e+002 2.936843e+002
         vertex -1.598253e+002 7.296651e+002 2.867618e+002
         vertex -1.954939e+002 7.174261e+002 2.867185e+002
      endloop
   endfacet
   facet normal -2.808391e-001 7.654636e-001 5.789601e-001
      outer loop
         vertex -1.586613e+002 7.255916e+002 2.936843e+002
         vertex -1.954939e+002 7.174261e+002 2.867185e+002
         vertex -1.939104e+002 7.135024e+002 2.936619e+002
      endloop
   endfacet
   facet normal -3.635241e-001 8.100207e-001 4.601269e-001
      outer loop
         vertex -1.939104e+002 7.135024e+002 2.936619e+002
         vertex -1.954939e+002 7.174261e+002 2.867185e+002
         vertex -2.299418e+002 7.013618e+002 2.866855e+002
      endloop
   endfacet
   facet normal -3.605337e-001 7.322652e-001 5.777569e-001
      outer loop
         vertex -1.939104e+002 7.135024e+002 2.936619e+002
         vertex -2.299418e+002 7.013618e+002 2.866855e+002
         vertex -2.279535e+002 6.976318e+002 2.936448e+002
      endloop
   endfacet
   facet normal -4.238124e-001 7.809951e-001 4.587262e-001
      outer loop
         vertex -2.279535e+002 6.976318e+002 2.936448e+002
         vertex -2.299418e+002 7.013618e+002 2.866855e+002
         vertex -2.364346e+002 6.978163e+002 2.866803e+002
      endloop
   endfacet
   facet normal -3.945640e-001 7.152203e-001 5.768701e-001
      outer loop
         vertex -2.279535e+002 6.976318e+002 2.936448e+002
         vertex -2.364346e+002 6.978163e+002 2.866803e+002
         vertex -2.343699e+002 6.941287e+002 2.936421e+002
      endloop
   endfacet
   facet normal -4.631982e-001 7.583020e-001 4.587215e-001
      outer loop
         vertex -2.343699e+002 6.941287e+002 2.936421e+002
         vertex -2.364346e+002 6.978163e+002 2.866803e+002
         vertex -2.683211e+002 6.776967e+002 2.866604e+002
      endloop
   endfacet
   facet normal -4.502352e-001 6.816254e-001 5.767800e-001
      outer loop
         vertex -2.343699e+002 6.941287e+002 2.936421e+002
         vertex -2.683211e+002 6.776967e+002 2.866604e+002
         vertex -2.658816e+002 6.742487e+002 2.936319e+002
      endloop
   endfacet
   facet normal -5.405609e-001 7.056716e-001 4.580628e-001
      outer loop
         vertex -2.658816e+002 6.742487e+002 2.936319e+002
         vertex -2.683211e+002 6.776967e+002 2.866604e+002
         vertex -2.979024e+002 6.543414e+002 2.866517e+002
      endloop
   endfacet
   facet normal -5.195776e-001 6.307365e-001 5.763772e-001
      outer loop
         vertex -2.658816e+002 6.742487e+002 2.936319e+002
         vertex -2.979024e+002 6.543414e+002 2.866517e+002
         vertex -2.951146e+002 6.511698e+002 2.936273e+002
      endloop
   endfacet
   facet normal -6.120120e-001 6.448156e-001 4.578800e-001
      outer loop
         vertex -2.951146e+002 6.511698e+002 2.936273e+002
         vertex -2.979024e+002 6.543414e+002 2.866517e+002
         vertex -3.250680e+002 6.277783e+002 2.866541e+002
      endloop
   endfacet
   facet normal -5.833541e-001 5.722841e-001 5.763584e-001
      outer loop
         vertex -2.951146e+002 6.511698e+002 2.936273e+002
         vertex -3.250680e+002 6.277783e+002 2.866541e+002
         vertex -3.219596e+002 6.249198e+002 2.936286e+002
      endloop
   endfacet
   facet normal -6.590700e-001 5.969087e-001 4.575223e-001
      outer loop
         vertex -3.219596e+002 6.249198e+002 2.936286e+002
         vertex -3.250680e+002 6.277783e+002 2.866541e+002
         vertex -3.301211e+002 6.221648e+002 2.866560e+002
      endloop
   endfacet
   facet normal -6.097693e-001 5.444468e-001 5.759853e-001
      outer loop
         vertex -3.219596e+002 6.249198e+002 2.936286e+002
         vertex -3.301211e+002 6.221648e+002 2.866560e+002
         vertex -3.269530e+002 6.193724e+002 2.936295e+002
      endloop
   endfacet
   facet normal -6.885845e-001 5.619990e-001 4.582667e-001
      outer loop
         vertex -3.269530e+002 6.193724e+002 2.936295e+002
         vertex -3.301211e+002 6.221648e+002 2.866560e+002
         vertex -3.535219e+002 5.926051e+002 2.866718e+002
      endloop
   endfacet
   facet normal -6.507299e-001 4.937949e-001 5.768164e-001
      outer loop
         vertex -3.269530e+002 6.193724e+002 2.936295e+002
         vertex -3.535219e+002 5.926051e+002 2.866718e+002
         vertex -3.500760e+002 5.901601e+002 2.936378e+002
      endloop
   endfacet
   facet normal -7.434874e-001 4.862589e-001 4.591065e-001
      outer loop
         vertex -3.500760e+002 5.901601e+002 2.936378e+002
         vertex -3.535219e+002 5.926051e+002 2.866718e+002
         vertex -3.736768e+002 5.607560e+002 2.866986e+002
      endloop
   endfacet
   facet normal -6.985462e-001 4.223734e-001 5.776105e-001
      outer loop
         vertex -3.500760e+002 5.901601e+002 2.936378e+002
         vertex -3.736768e+002 5.607560e+002 2.866986e+002
         vertex -3.699900e+002 5.586849e+002 2.936516e+002
      endloop
   endfacet
   facet normal -7.899880e-001 4.048925e-001 4.604139e-001
      outer loop
         vertex -3.699900e+002 5.586849e+002 2.936516e+002
         vertex -3.736768e+002 5.607560e+002 2.866986e+002
         vertex -3.904912e+002 5.266819e+002 2.867364e+002
      endloop
   endfacet
   facet normal -7.385111e-001 3.458540e-001 5.787800e-001
      outer loop
         vertex -3.699900e+002 5.586849e+002 2.936516e+002
         vertex -3.904912e+002 5.266819e+002 2.867364e+002
         vertex -3.866014e+002 5.250110e+002 2.936711e+002
      endloop
   endfacet
   facet normal -8.179201e-001 3.441036e-001 4.610849e-001
      outer loop
         vertex -3.866014e+002 5.250110e+002 2.936711e+002
         vertex -3.904912e+002 5.266819e+002 2.867364e+002
         vertex -3.933575e+002 5.198052e+002 2.867451e+002
      endloop
   endfacet
   facet normal -7.537740e-001 3.109436e-001 5.789117e-001
      outer loop
         vertex -3.866014e+002 5.250110e+002 2.936711e+002
         vertex -3.933575e+002 5.198052e+002 2.867451e+002
         vertex -3.894328e+002 5.182152e+002 2.936756e+002
      endloop
   endfacet
   facet normal -8.337426e-001 3.015394e-001 4.625443e-001
      outer loop
         vertex -3.894328e+002 5.182152e+002 2.936756e+002
         vertex -3.933575e+002 5.198052e+002 2.867451e+002
         vertex -4.056461e+002 4.841402e+002 2.867947e+002
      endloop
   endfacet
   facet normal -7.749534e-001 2.496664e-001 5.806150e-001
      outer loop
         vertex -3.894328e+002 5.182152e+002 2.936756e+002
         vertex -4.056461e+002 4.841402e+002 2.867947e+002
         vertex -4.015701e+002 4.829696e+002 2.937012e+002
      endloop
   endfacet
   facet normal -8.596686e-001 2.120139e-001 4.647795e-001
      outer loop
         vertex -4.015701e+002 4.829696e+002 2.937012e+002
         vertex -4.056461e+002 4.841402e+002 2.867947e+002
         vertex -4.141153e+002 4.473908e+002 2.868539e+002
      endloop
   endfacet
   facet normal -7.955622e-001 1.666305e-001 5.825076e-001
      outer loop
         vertex -4.015701e+002 4.829696e+002 2.937012e+002
         vertex -4.141153e+002 4.473908e+002 2.868539e+002
         vertex -4.099318e+002 4.466533e+002 2.937318e+002
      endloop
   endfacet
   facet normal -8.758327e-001 1.201557e-001 4.674180e-001
      outer loop
         vertex -4.099318e+002 4.466533e+002 2.937318e+002
         vertex -4.141153e+002 4.473908e+002 2.868539e+002
         vertex -4.186985e+002 4.096496e+002 2.869224e+002
      endloop
   endfacet
   facet normal -8.071204e-001 8.158781e-002 5.847222e-001
      outer loop
         vertex -4.099318e+002 4.466533e+002 2.937318e+002
         vertex -4.186985e+002 4.096496e+002 2.869224e+002
         vertex -4.144521e+002 4.093581e+002 2.937671e+002
      endloop
   endfacet
   facet normal -1.806339e-002 5.144009e-001 8.573596e-001
      outer loop
         vertex -6.124178e+001 7.325416e+002 2.983758e+002
         vertex -7.807261e+001 7.387703e+002 2.937507e+002
         vertex -7.775868e+001 7.321600e+002 2.983714e+002
      endloop
   endfacet
   facet normal -5.570707e-002 6.249257e-001 7.786942e-001
      outer loop
         vertex -7.775868e+001 7.321600e+002 2.983714e+002
         vertex -7.807261e+001 7.387703e+002 2.937507e+002
         vertex -1.152334e+002 7.350685e+002 2.937176e+002
      endloop
   endfacet
   facet normal -6.448722e-002 5.114768e-001 8.568740e-001
      outer loop
         vertex -7.775868e+001 7.321600e+002 2.983714e+002
         vertex -1.152334e+002 7.350685e+002 2.937176e+002
         vertex -1.142245e+002 7.285176e+002 2.983623e+002
      endloop
   endfacet
   facet normal -1.006713e-001 6.207711e-001 7.775015e-001
      outer loop
         vertex -1.142245e+002 7.285176e+002 2.983623e+002
         vertex -1.152334e+002 7.350685e+002 2.937176e+002
         vertex -1.223189e+002 7.339093e+002 2.937117e+002
      endloop
   endfacet
   facet normal -8.624133e-002 5.091622e-001 8.563389e-001
      outer loop
         vertex -1.142245e+002 7.285176e+002 2.983623e+002
         vertex -1.223189e+002 7.339093e+002 2.937117e+002
         vertex -1.211772e+002 7.273784e+002 2.983608e+002
      endloop
   endfacet
   facet normal -1.338758e-001 6.146349e-001 7.773681e-001
      outer loop
         vertex -1.211772e+002 7.273784e+002 2.983608e+002
         vertex -1.223189e+002 7.339093e+002 2.937117e+002
         vertex -1.586613e+002 7.255916e+002 2.936843e+002
      endloop
   endfacet
   facet normal -1.283497e-001 5.006928e-001 8.560567e-001
      outer loop
         vertex -1.211772e+002 7.273784e+002 2.983608e+002
         vertex -1.586613e+002 7.255916e+002 2.936843e+002
         vertex -1.568375e+002 7.192086e+002 2.983533e+002
      endloop
   endfacet
   facet normal -1.980619e-001 5.982441e-001 7.764506e-001
      outer loop
         vertex -1.568375e+002 7.192086e+002 2.983533e+002
         vertex -1.586613e+002 7.255916e+002 2.936843e+002
         vertex -1.939104e+002 7.135024e+002 2.936619e+002
      endloop
   endfacet
   facet normal -1.805623e-001 4.852999e-001 8.555006e-001
      outer loop
         vertex -1.568375e+002 7.192086e+002 2.983533e+002
         vertex -1.939104e+002 7.135024e+002 2.936619e+002
         vertex -1.914234e+002 7.073401e+002 2.983472e+002
      endloop
   endfacet
   facet normal -2.603865e-001 5.748459e-001 7.757261e-001
      outer loop
         vertex -1.914234e+002 7.073401e+002 2.983472e+002
         vertex -1.939104e+002 7.135024e+002 2.936619e+002
         vertex -2.279535e+002 6.976318e+002 2.936448e+002
      endloop
   endfacet
   facet normal -2.311699e-001 4.641272e-001 8.550710e-001
      outer loop
         vertex -1.914234e+002 7.073401e+002 2.983472e+002
         vertex -2.279535e+002 6.976318e+002 2.936448e+002
         vertex -2.248250e+002 6.917629e+002 2.983425e+002
      endloop
   endfacet
   facet normal -3.018407e-001 5.553335e-001 7.749174e-001
      outer loop
         vertex -2.248250e+002 6.917629e+002 2.983425e+002
         vertex -2.279535e+002 6.976318e+002 2.936448e+002
         vertex -2.343699e+002 6.941287e+002 2.936421e+002
      endloop
   endfacet
   facet normal -2.511773e-001 4.543454e-001 8.546814e-001
      outer loop
         vertex -2.248250e+002 6.917629e+002 2.983425e+002
         vertex -2.343699e+002 6.941287e+002 2.936421e+002
         vertex -2.311205e+002 6.883250e+002 2.983418e+002
      endloop
   endfacet
   facet normal -3.312189e-001 5.380588e-001 7.751044e-001
      outer loop
         vertex -2.311205e+002 6.883250e+002 2.983418e+002
         vertex -2.343699e+002 6.941287e+002 2.936421e+002
         vertex -2.658816e+002 6.742487e+002 2.936319e+002
      endloop
   endfacet
   facet normal -2.880669e-001 4.318194e-001 8.547218e-001
      outer loop
         vertex -2.311205e+002 6.883250e+002 2.983418e+002
         vertex -2.658816e+002 6.742487e+002 2.936319e+002
         vertex -2.620381e+002 6.688163e+002 2.983390e+002
      endloop
   endfacet
   facet normal -3.861654e-001 5.005354e-001 7.748165e-001
      outer loop
         vertex -2.620381e+002 6.688163e+002 2.983390e+002
         vertex -2.658816e+002 6.742487e+002 2.936319e+002
         vertex -2.951146e+002 6.511698e+002 2.936273e+002
      endloop
   endfacet
   facet normal -3.320141e-001 3.993222e-001 8.545808e-001
      outer loop
         vertex -2.620381e+002 6.688163e+002 2.983390e+002
         vertex -2.951146e+002 6.511698e+002 2.936273e+002
         vertex -2.907205e+002 6.461705e+002 2.983378e+002
      endloop
   endfacet
   facet normal -4.368576e-001 4.570860e-001 7.747437e-001
      outer loop
         vertex -2.907205e+002 6.461705e+002 2.983378e+002
         vertex -2.951146e+002 6.511698e+002 2.936273e+002
         vertex -3.219596e+002 6.249198e+002 2.936286e+002
      endloop
   endfacet
   facet normal -3.723817e-001 3.619729e-001 8.545803e-001
      outer loop
         vertex -2.907205e+002 6.461705e+002 2.983378e+002
         vertex -3.219596e+002 6.249198e+002 2.936286e+002
         vertex -3.170606e+002 6.204146e+002 2.983381e+002
      endloop
   endfacet
   facet normal -4.692582e-001 4.244112e-001 7.743849e-001
      outer loop
         vertex -3.170606e+002 6.204146e+002 2.983381e+002
         vertex -3.219596e+002 6.249198e+002 2.936286e+002
         vertex -3.269530e+002 6.193724e+002 2.936295e+002
      endloop
   endfacet
   facet normal -3.879578e-001 3.457616e-001 8.543639e-001
      outer loop
         vertex -3.170606e+002 6.204146e+002 2.983381e+002
         vertex -3.269530e+002 6.193724e+002 2.936295e+002
         vertex -3.219602e+002 6.149717e+002 2.983383e+002
      endloop
   endfacet
   facet normal -4.910426e-001 3.979679e-001 7.749185e-001
      outer loop
         vertex -3.219602e+002 6.149717e+002 2.983383e+002
         vertex -3.269530e+002 6.193724e+002 2.936295e+002
         vertex -3.500760e+002 5.901601e+002 2.936378e+002
      endloop
   endfacet
   facet normal -4.148965e-001 3.118688e-001 8.547506e-001
      outer loop
         vertex -3.219602e+002 6.149717e+002 2.983383e+002
         vertex -3.500760e+002 5.901601e+002 2.936378e+002
         vertex -3.446503e+002 5.863103e+002 2.983406e+002
      endloop
   endfacet
   facet normal -5.297672e-001 3.438921e-001 7.752967e-001
      outer loop
         vertex -3.446503e+002 5.863103e+002 2.983406e+002
         vertex -3.500760e+002 5.901601e+002 2.936378e+002
         vertex -3.699900e+002 5.586849e+002 2.936516e+002
      endloop
   endfacet
   facet normal -4.449635e-001 2.662883e-001 8.550428e-001
      outer loop
         vertex -3.446503e+002 5.863103e+002 2.983406e+002
         vertex -3.699900e+002 5.586849e+002 2.936516e+002
         vertex -3.641935e+002 5.554288e+002 2.983444e+002
      endloop
   endfacet
   facet normal -5.624177e-001 2.858101e-001 7.758859e-001
      outer loop
         vertex -3.641935e+002 5.554288e+002 2.983444e+002
         vertex -3.699900e+002 5.586849e+002 2.936516e+002
         vertex -3.866014e+002 5.250110e+002 2.936711e+002
      endloop
   endfacet
   facet normal -4.699711e-001 2.174737e-001 8.554720e-001
      outer loop
         vertex -3.641935e+002 5.554288e+002 2.983444e+002
         vertex -3.866014e+002 5.250110e+002 2.936711e+002
         vertex -3.804982e+002 5.223894e+002 2.983497e+002
      endloop
   endfacet
   facet normal -5.815734e-001 2.442079e-001 7.759734e-001
      outer loop
         vertex -3.804982e+002 5.223894e+002 2.983497e+002
         vertex -3.866014e+002 5.250110e+002 2.936711e+002
         vertex -3.894328e+002 5.182152e+002 2.936756e+002
      endloop
   endfacet
   facet normal -4.789626e-001 1.970766e-001 8.554271e-001
      outer loop
         vertex -3.804982e+002 5.223894e+002 2.983497e+002
         vertex -3.894328e+002 5.182152e+002 2.936756e+002
         vertex -3.832776e+002 5.157214e+002 2.983509e+002
      endloop
   endfacet
   facet normal -5.928935e-001 2.121450e-001 7.768345e-001
      outer loop
         vertex -3.832776e+002 5.157214e+002 2.983509e+002
         vertex -3.894328e+002 5.182152e+002 2.936756e+002
         vertex -4.015701e+002 4.829696e+002 2.937012e+002
      endloop
   endfacet
   facet normal -4.925635e-001 1.562244e-001 8.561397e-001
      outer loop
         vertex -3.832776e+002 5.157214e+002 2.983509e+002
         vertex -4.015701e+002 4.829696e+002 2.937012e+002
         vertex -3.951946e+002 4.811386e+002 2.983579e+002
      endloop
   endfacet
   facet normal -6.106996e-001 1.484089e-001 7.778308e-001
      outer loop
         vertex -3.951946e+002 4.811386e+002 2.983579e+002
         vertex -4.015701e+002 4.829696e+002 2.937012e+002
         vertex -4.099318e+002 4.466533e+002 2.937318e+002
      endloop
   endfacet
   facet normal -5.051256e-001 1.034120e-001 8.568279e-001
      outer loop
         vertex -3.951946e+002 4.811386e+002 2.983579e+002
         vertex -4.099318e+002 4.466533e+002 2.937318e+002
         vertex -4.034086e+002 4.455034e+002 2.983662e+002
      endloop
   endfacet
   facet normal -6.214825e-001 8.309609e-002 7.790087e-001
      outer loop
         vertex -4.034086e+002 4.455034e+002 2.983662e+002
         vertex -4.099318e+002 4.466533e+002 2.937318e+002
         vertex -4.144521e+002 4.093581e+002 2.937671e+002
      endloop
   endfacet
   facet normal -5.118846e-001 4.938799e-002 8.576334e-001
      outer loop
         vertex -4.034086e+002 4.455034e+002 2.983662e+002
         vertex -4.144521e+002 4.093581e+002 2.937671e+002
         vertex -4.078551e+002 4.089053e+002 2.983758e+002
      endloop
   endfacet
   facet normal -6.366238e-003 1.340538e-001 9.909536e-001
      outer loop
         vertex -6.124178e+001 7.246467e+002 3.000000e+002
         vertex -7.775868e+001 7.321600e+002 2.983714e+002
         vertex -7.738368e+001 7.242637e+002 3.000000e+002
      endloop
   endfacet
   facet normal -2.685262e-002 2.670869e-001 9.632983e-001
      outer loop
         vertex -7.738368e+001 7.242637e+002 3.000000e+002
         vertex -7.775868e+001 7.321600e+002 2.983714e+002
         vertex -1.142245e+002 7.285176e+002 2.983623e+002
      endloop
   endfacet
   facet normal -2.048443e-002 1.330062e-001 9.909035e-001
      outer loop
         vertex -7.738368e+001 7.242637e+002 3.000000e+002
         vertex -1.142245e+002 7.285176e+002 2.983623e+002
         vertex -1.130180e+002 7.206838e+002 3.000000e+002
      endloop
   endfacet
   facet normal -4.366970e-002 2.656354e-001 9.630840e-001
      outer loop
         vertex -1.130180e+002 7.206838e+002 3.000000e+002
         vertex -1.142245e+002 7.285176e+002 2.983623e+002
         vertex -1.211772e+002 7.273784e+002 2.983608e+002
      endloop
   endfacet
   facet normal -2.318515e-002 1.326282e-001 9.908947e-001
      outer loop
         vertex -1.130180e+002 7.206838e+002 3.000000e+002
         vertex -1.211772e+002 7.273784e+002 2.983608e+002
         vertex -1.198116e+002 7.195670e+002 3.000000e+002
      endloop
   endfacet
   facet normal -6.026583e-002 2.624065e-001 9.630736e-001
      outer loop
         vertex -1.198116e+002 7.195670e+002 3.000000e+002
         vertex -1.211772e+002 7.273784e+002 2.983608e+002
         vertex -1.568375e+002 7.192086e+002 2.983533e+002
      endloop
   endfacet
   facet normal -3.707523e-002 1.297517e-001 9.908531e-001
      outer loop
         vertex -1.198116e+002 7.195670e+002 3.000000e+002
         vertex -1.568375e+002 7.192086e+002 2.983533e+002
         vertex -1.546540e+002 7.115671e+002 3.000000e+002
      endloop
   endfacet
   facet normal -8.767995e-002 2.551457e-001 9.629190e-001
      outer loop
         vertex -1.546540e+002 7.115671e+002 3.000000e+002
         vertex -1.568375e+002 7.192086e+002 2.983533e+002
         vertex -1.914234e+002 7.073401e+002 2.983472e+002
      endloop
   endfacet
   facet normal -5.059634e-002 1.253680e-001 9.908193e-001
      outer loop
         vertex -1.546540e+002 7.115671e+002 3.000000e+002
         vertex -1.914234e+002 7.073401e+002 2.983472e+002
         vertex -1.884438e+002 6.999574e+002 3.000000e+002
      endloop
   endfacet
   facet normal -1.142920e-001 2.448621e-001 9.627980e-001
      outer loop
         vertex -1.884438e+002 6.999574e+002 3.000000e+002
         vertex -1.914234e+002 7.073401e+002 2.983472e+002
         vertex -2.248250e+002 6.917629e+002 2.983425e+002
      endloop
   endfacet
   facet normal -6.368422e-002 1.194687e-001 9.907934e-001
      outer loop
         vertex -1.884438e+002 6.999574e+002 3.000000e+002
         vertex -2.248250e+002 6.917629e+002 2.983425e+002
         vertex -2.210750e+002 6.847280e+002 3.000000e+002
      endloop
   endfacet
   facet normal -1.298374e-001 2.376233e-001 9.626409e-001
      outer loop
         vertex -2.210750e+002 6.847280e+002 3.000000e+002
         vertex -2.248250e+002 6.917629e+002 2.983425e+002
         vertex -2.311205e+002 6.883250e+002 2.983418e+002
      endloop
   endfacet
   facet normal -6.615272e-002 1.181537e-001 9.907894e-001
      outer loop
         vertex -2.210750e+002 6.847280e+002 3.000000e+002
         vertex -2.311205e+002 6.883250e+002 2.983418e+002
         vertex -2.272251e+002 6.813676e+002 3.000000e+002
      endloop
   endfacet
   facet normal -1.444425e-001 2.288128e-001 9.626947e-001
      outer loop
         vertex -2.272251e+002 6.813676e+002 3.000000e+002
         vertex -2.311205e+002 6.883250e+002 2.983418e+002
         vertex -2.620381e+002 6.688163e+002 2.983390e+002
      endloop
   endfacet
   facet normal -7.827532e-002 1.106357e-001 9.907737e-001
      outer loop
         vertex -2.272251e+002 6.813676e+002 3.000000e+002
         vertex -2.620381e+002 6.688163e+002 2.983390e+002
         vertex -2.574291e+002 6.623018e+002 3.000000e+002
      endloop
   endfacet
   facet normal -1.677982e-001 2.124887e-001 9.626486e-001
      outer loop
         vertex -2.574291e+002 6.623018e+002 3.000000e+002
         vertex -2.620381e+002 6.688163e+002 2.983390e+002
         vertex -2.907205e+002 6.461705e+002 2.983378e+002
      endloop
   endfacet
   facet normal -8.950585e-002 1.018312e-001 9.907669e-001
      outer loop
         vertex -2.574291e+002 6.623018e+002 3.000000e+002
         vertex -2.907205e+002 6.461705e+002 2.983378e+002
         vertex -2.854502e+002 6.401745e+002 3.000000e+002
      endloop
   endfacet
   facet normal -1.893090e-001 1.936135e-001 9.626400e-001
      outer loop
         vertex -2.854502e+002 6.401745e+002 3.000000e+002
         vertex -2.907205e+002 6.461705e+002 2.983378e+002
         vertex -3.170606e+002 6.204146e+002 2.983381e+002
      endloop
   endfacet
   facet normal -9.978359e-002 9.176220e-002 9.907688e-001
      outer loop
         vertex -2.854502e+002 6.401745e+002 3.000000e+002
         vertex -3.170606e+002 6.204146e+002 2.983381e+002
         vertex -3.111852e+002 6.150115e+002 3.000000e+002
      endloop
   endfacet
   facet normal -2.014737e-001 1.813928e-001 9.625514e-001
      outer loop
         vertex -3.111852e+002 6.150115e+002 3.000000e+002
         vertex -3.170606e+002 6.204146e+002 2.983381e+002
         vertex -3.219602e+002 6.149717e+002 2.983383e+002
      endloop
   endfacet
   facet normal -1.016892e-001 8.962981e-002 9.907703e-001
      outer loop
         vertex -3.111852e+002 6.150115e+002 3.000000e+002
         vertex -3.219602e+002 6.149717e+002 2.983383e+002
         vertex -3.159726e+002 6.096942e+002 3.000000e+002
      endloop
   endfacet
   facet normal -2.121870e-001 1.680345e-001 9.626740e-001
      outer loop
         vertex -3.159726e+002 6.096942e+002 3.000000e+002
         vertex -3.219602e+002 6.149717e+002 2.983383e+002
         vertex -3.446503e+002 5.863103e+002 2.983406e+002
      endloop
   endfacet
   facet normal -1.104760e-001 7.838769e-002 9.907827e-001
      outer loop
         vertex -3.159726e+002 6.096942e+002 3.000000e+002
         vertex -3.446503e+002 5.863103e+002 2.983406e+002
         vertex -3.381451e+002 5.816945e+002 3.000000e+002
      endloop
   endfacet
   facet normal -2.284677e-001 1.446703e-001 9.627424e-001
      outer loop
         vertex -3.381451e+002 5.816945e+002 3.000000e+002
         vertex -3.446503e+002 5.863103e+002 2.983406e+002
         vertex -3.641935e+002 5.554288e+002 2.983444e+002
      endloop
   endfacet
   facet normal -1.179683e-001 6.626824e-002 9.908037e-001
      outer loop
         vertex -3.381451e+002 5.816945e+002 3.000000e+002
         vertex -3.641935e+002 5.554288e+002 2.983444e+002
         vertex -3.572468e+002 5.515265e+002 3.000000e+002
      endloop
   endfacet
   facet normal -2.421173e-001 1.195974e-001 9.628477e-001
      outer loop
         vertex -3.572468e+002 5.515265e+002 3.000000e+002
         vertex -3.641935e+002 5.554288e+002 2.983444e+002
         vertex -3.804982e+002 5.223894e+002 2.983497e+002
      endloop
   endfacet
   facet normal -1.241239e-001 5.331727e-002 9.908333e-001
      outer loop
         vertex -3.572468e+002 5.515265e+002 3.000000e+002
         vertex -3.804982e+002 5.223894e+002 2.983497e+002
         vertex -3.731886e+002 5.192496e+002 3.000000e+002
      endloop
   endfacet
   facet normal -2.492843e-001 1.040248e-001 9.628272e-001
      outer loop
         vertex -3.731886e+002 5.192496e+002 3.000000e+002
         vertex -3.804982e+002 5.223894e+002 2.983497e+002
         vertex -3.832776e+002 5.157214e+002 2.983509e+002
      endloop
   endfacet
   facet normal -1.251595e-001 5.070712e-002 9.908400e-001
      outer loop
         vertex -3.731886e+002 5.192496e+002 3.000000e+002
         vertex -3.832776e+002 5.157214e+002 2.983509e+002
         vertex -3.759070e+002 5.127353e+002 3.000000e+002
      endloop
   endfacet
   facet normal -2.547059e-001 8.791249e-002 9.630142e-001
      outer loop
         vertex -3.759070e+002 5.127353e+002 3.000000e+002
         vertex -3.832776e+002 5.157214e+002 2.983509e+002
         vertex -3.951946e+002 4.811386e+002 2.983579e+002
      endloop
   endfacet
   facet normal -1.295206e-001 3.719705e-002 9.908788e-001
      outer loop
         vertex -3.759070e+002 5.127353e+002 3.000000e+002
         vertex -3.951946e+002 4.811386e+002 2.983579e+002
         vertex -3.875665e+002 4.789479e+002 3.000000e+002
      endloop
   endfacet
   facet normal -2.619221e-001 6.053801e-002 9.631884e-001
      outer loop
         vertex -3.875665e+002 4.789479e+002 3.000000e+002
         vertex -3.951946e+002 4.811386e+002 2.983579e+002
         vertex -4.034086e+002 4.455034e+002 2.983662e+002
      endloop
   endfacet
   facet normal -1.323752e-001 2.333556e-002 9.909250e-001
      outer loop
         vertex -3.875665e+002 4.789479e+002 3.000000e+002
         vertex -4.034086e+002 4.455034e+002 2.983662e+002
         vertex -3.956116e+002 4.441289e+002 3.000000e+002
      endloop
   endfacet
   facet normal -2.661095e-001 3.251615e-002 9.633943e-001
      outer loop
         vertex -3.956116e+002 4.441289e+002 3.000000e+002
         vertex -4.034086e+002 4.455034e+002 2.983662e+002
         vertex -4.078551e+002 4.089053e+002 2.983758e+002
      endloop
   endfacet
   facet normal -1.337073e-001 9.178088e-003 9.909783e-001
      outer loop
         vertex -3.956116e+002 4.441289e+002 3.000000e+002
         vertex -4.078551e+002 4.089053e+002 2.983758e+002
         vertex -3.999787e+002 4.083646e+002 3.000000e+002
      endloop
   endfacet
   facet normal -9.964278e-001 2.199729e-002 8.153316e-002
      outer loop
         vertex -4.313874e+002 1.661971e+002 2.789533e+002
         vertex -4.336214e+002 9.356168e+001 2.789533e+002
         vertex -4.324128e+002 9.353976e+001 2.869224e+002
      endloop
   endfacet
   facet normal -9.963421e-001 -2.476064e-002 8.178782e-002
      outer loop
         vertex -4.340997e+002 -8.433533e+001 2.789533e+002
         vertex -4.313711e+002 -2.225567e+002 2.789533e+002
         vertex -4.301629e+002 -2.225175e+002 2.869224e+002
      endloop
   endfacet
   facet normal -9.945421e-001 -6.475983e-002 8.180473e-002
      outer loop
         vertex -4.265356e+002 -3.347552e+002 2.789533e+002
         vertex -4.180695e+002 -4.755891e+002 2.789533e+002
         vertex -4.168639e+002 -4.755014e+002 2.869224e+002
      endloop
   endfacet
   facet normal -9.921585e-001 -9.467696e-002 8.159407e-002
      outer loop
         vertex -4.087035e+002 -5.852301e+002 2.789533e+002
         vertex -4.045327e+002 -6.340537e+002 2.789533e+002
         vertex -4.033297e+002 -6.339357e+002 2.869223e+002
      endloop
   endfacet
   facet normal -1.330801e-001 -1.586224e-002 9.909783e-001
      outer loop
         vertex -3.703337e+002 -7.639387e+002 3.000000e+002
         vertex -3.846555e+002 -6.321042e+002 3.000000e+002
         vertex -3.781731e+002 -7.648732e+002 2.983758e+002
      endloop
   endfacet
   facet normal -2.664633e-001 -2.894401e-002 9.634104e-001
      outer loop
         vertex -3.781731e+002 -7.648732e+002 2.983758e+002
         vertex -3.846555e+002 -6.321042e+002 3.000000e+002
         vertex -3.925127e+002 -6.328748e+002 2.983758e+002
      endloop
   endfacet
   facet normal -3.929796e-001 -4.407516e-002 9.184903e-001
      outer loop
         vertex -3.781731e+002 -7.648732e+002 2.983758e+002
         vertex -3.925127e+002 -6.328748e+002 2.983758e+002
         vertex -3.782119e+002 -7.648777e+002 2.983485e+002
      endloop
   endfacet
   facet normal -5.122382e-001 -5.306375e-002 8.572026e-001
      outer loop
         vertex -3.782119e+002 -7.648777e+002 2.983485e+002
         vertex -3.925127e+002 -6.328748e+002 2.983758e+002
         vertex -3.990937e+002 -6.335203e+002 2.937671e+002
      endloop
   endfacet
   facet normal -6.233307e-001 -6.912204e-002 7.788973e-001
      outer loop
         vertex -3.782119e+002 -7.648777e+002 2.983485e+002
         vertex -3.990937e+002 -6.335203e+002 2.937671e+002
         vertex -3.847392e+002 -7.656558e+002 2.937671e+002
      endloop
   endfacet
   facet normal -8.059636e-001 -9.088948e-002 5.849460e-001
      outer loop
         vertex -3.847392e+002 -7.656558e+002 2.937671e+002
         vertex -3.990937e+002 -6.335203e+002 2.937671e+002
         vertex -3.889656e+002 -7.661595e+002 2.869223e+002
      endloop
   endfacet
   facet normal -8.784384e-001 -9.283348e-002 4.687515e-001
      outer loop
         vertex -3.889656e+002 -7.661595e+002 2.869223e+002
         vertex -3.990937e+002 -6.335203e+002 2.937671e+002
         vertex -4.033297e+002 -6.339357e+002 2.869223e+002
      endloop
   endfacet
   facet normal -9.331436e-001 -1.046517e-001 3.439347e-001
      outer loop
         vertex -3.889656e+002 -7.661595e+002 2.869223e+002
         vertex -4.033297e+002 -6.339357e+002 2.869223e+002
         vertex -3.889869e+002 -7.661621e+002 2.867808e+002
      endloop
   endfacet
   facet normal -9.712868e-001 -1.019548e-001 2.149588e-001
      outer loop
         vertex -3.889869e+002 -7.661621e+002 2.867808e+002
         vertex -4.033297e+002 -6.339357e+002 2.869223e+002
         vertex -4.045327e+002 -6.340537e+002 2.789533e+002
      endloop
   endfacet
   facet normal -9.906255e-001 -1.109545e-001 7.968829e-002
      outer loop
         vertex -3.889869e+002 -7.661621e+002 2.867808e+002
         vertex -4.045327e+002 -6.340537e+002 2.789533e+002
         vertex -3.901659e+002 -7.663026e+002 2.789533e+002
      endloop
   endfacet
   facet normal -1.333821e-001 -1.308165e-002 9.909783e-001
      outer loop
         vertex -3.846555e+002 -6.321042e+002 3.000000e+002
         vertex -3.981496e+002 -4.741395e+002 3.000000e+002
         vertex -3.925127e+002 -6.328748e+002 2.983758e+002
      endloop
   endfacet
   facet normal -2.670522e-001 -2.280919e-002 9.634121e-001
      outer loop
         vertex -3.925127e+002 -6.328748e+002 2.983758e+002
         vertex -3.981496e+002 -4.741395e+002 3.000000e+002
         vertex -4.060236e+002 -4.747125e+002 2.983758e+002
      endloop
   endfacet
   facet normal -5.121596e-001 -4.684843e-002 8.576117e-001
      outer loop
         vertex -3.925127e+002 -6.328748e+002 2.983758e+002
         vertex -4.060236e+002 -4.747125e+002 2.983758e+002
         vertex -3.990937e+002 -6.335203e+002 2.937671e+002
      endloop
   endfacet
   facet normal -6.244146e-001 -5.164246e-002 7.793840e-001
      outer loop
         vertex -3.990937e+002 -6.335203e+002 2.937671e+002
         vertex -4.060236e+002 -4.747125e+002 2.983758e+002
         vertex -4.126188e+002 -4.751924e+002 2.937671e+002
      endloop
   endfacet
   facet normal -8.077737e-001 -7.300802e-002 5.849543e-001
      outer loop
         vertex -3.990937e+002 -6.335203e+002 2.937671e+002
         vertex -4.126188e+002 -4.751924e+002 2.937671e+002
         vertex -4.033297e+002 -6.339357e+002 2.869223e+002
      endloop
   endfacet
   facet normal -8.803789e-001 -7.208951e-002 4.687602e-001
      outer loop
         vertex -4.033297e+002 -6.339357e+002 2.869223e+002
         vertex -4.126188e+002 -4.751924e+002 2.937671e+002
         vertex -4.168639e+002 -4.755014e+002 2.869224e+002
      endloop
   endfacet
   facet normal -9.725105e-001 -8.470959e-002 2.169047e-001
      outer loop
         vertex -4.033297e+002 -6.339357e+002 2.869223e+002
         vertex -4.168639e+002 -4.755014e+002 2.869224e+002
         vertex -4.087035e+002 -5.852301e+002 2.789533e+002
      endloop
   endfacet
   facet normal -9.935912e-001 -7.822042e-002 8.159691e-002
      outer loop
         vertex -4.087035e+002 -5.852301e+002 2.789533e+002
         vertex -4.168639e+002 -4.755014e+002 2.869224e+002
         vertex -4.180695e+002 -4.755891e+002 2.789533e+002
      endloop
   endfacet
   facet normal -9.954825e-001 -4.819888e-002 8.180090e-002
      outer loop
         vertex -4.275998e+002 -3.170534e+002 2.789533e+002
         vertex -4.265356e+002 -3.347552e+002 2.789533e+002
         vertex -4.263923e+002 -3.169961e+002 2.869224e+002
      endloop
   endfacet
   facet normal -9.745838e-001 -5.525110e-002 2.171031e-001
      outer loop
         vertex -4.263923e+002 -3.169961e+002 2.869224e+002
         vertex -4.265356e+002 -3.347552e+002 2.789533e+002
         vertex -4.168639e+002 -4.755014e+002 2.869224e+002
      endloop
   endfacet
   facet normal -8.819147e-001 -4.989515e-002 4.687611e-001
      outer loop
         vertex -4.263923e+002 -3.169961e+002 2.869224e+002
         vertex -4.168639e+002 -4.755014e+002 2.869224e+002
         vertex -4.221408e+002 -3.167944e+002 2.937671e+002
      endloop
   endfacet
   facet normal -8.093537e-001 -5.267048e-002 5.849550e-001
      outer loop
         vertex -4.221408e+002 -3.167944e+002 2.937671e+002
         vertex -4.168639e+002 -4.755014e+002 2.869224e+002
         vertex -4.126188e+002 -4.751924e+002 2.937671e+002
      endloop
   endfacet
   facet normal -6.255164e-001 -3.590291e-002 7.793845e-001
      outer loop
         vertex -4.221408e+002 -3.167944e+002 2.937671e+002
         vertex -4.126188e+002 -4.751924e+002 2.937671e+002
         vertex -4.155356e+002 -3.164809e+002 2.983758e+002
      endloop
   endfacet
   facet normal -5.131751e-001 -3.395579e-002 8.576120e-001
      outer loop
         vertex -4.155356e+002 -3.164809e+002 2.983758e+002
         vertex -4.126188e+002 -4.751924e+002 2.937671e+002
         vertex -4.060236e+002 -4.747125e+002 2.983758e+002
      endloop
   endfacet
   facet normal -2.675413e-001 -1.608041e-002 9.634122e-001
      outer loop
         vertex -4.155356e+002 -3.164809e+002 2.983758e+002
         vertex -4.060236e+002 -4.747125e+002 2.983758e+002
         vertex -4.076496e+002 -3.161067e+002 3.000000e+002
      endloop
   endfacet
   facet normal -1.336685e-001 -9.727403e-003 9.909783e-001
      outer loop
         vertex -4.076496e+002 -3.161067e+002 3.000000e+002
         vertex -4.060236e+002 -4.747125e+002 2.983758e+002
         vertex -3.981496e+002 -4.741395e+002 3.000000e+002
      endloop
   endfacet
   facet normal -9.959341e-001 -3.734347e-002 8.197945e-002
      outer loop
         vertex -4.313711e+002 -2.225567e+002 2.789533e+002
         vertex -4.275998e+002 -3.170534e+002 2.789533e+002
         vertex -4.301629e+002 -2.225175e+002 2.869224e+002
      endloop
   endfacet
   facet normal -9.752314e-001 -4.147530e-002 2.172635e-001
      outer loop
         vertex -4.301629e+002 -2.225175e+002 2.869224e+002
         vertex -4.275998e+002 -3.170534e+002 2.789533e+002
         vertex -4.263923e+002 -3.169961e+002 2.869224e+002
      endloop
   endfacet
   facet normal -8.827034e-001 -3.336953e-002 4.687443e-001
      outer loop
         vertex -4.301629e+002 -2.225175e+002 2.869224e+002
         vertex -4.263923e+002 -3.169961e+002 2.869224e+002
         vertex -4.259088e+002 -2.223799e+002 2.937671e+002
      endloop
   endfacet
   facet normal -8.103331e-001 -3.473991e-002 5.849388e-001
      outer loop
         vertex -4.259088e+002 -2.223799e+002 2.937671e+002
         vertex -4.263923e+002 -3.169961e+002 2.869224e+002
         vertex -4.221408e+002 -3.167944e+002 2.937671e+002
      endloop
   endfacet
   facet normal -6.261054e-001 -2.397575e-002 7.793698e-001
      outer loop
         vertex -4.259088e+002 -2.223799e+002 2.937671e+002
         vertex -4.221408e+002 -3.167944e+002 2.937671e+002
         vertex -4.192997e+002 -2.221660e+002 2.983759e+002
      endloop
   endfacet
   facet normal -5.138255e-001 -2.236226e-002 8.576032e-001
      outer loop
         vertex -4.192997e+002 -2.221660e+002 2.983759e+002
         vertex -4.221408e+002 -3.167944e+002 2.937671e+002
         vertex -4.155356e+002 -3.164809e+002 2.983758e+002
      endloop
   endfacet
   facet normal -2.678235e-001 -1.068814e-002 9.634087e-001
      outer loop
         vertex -4.192997e+002 -2.221660e+002 2.983759e+002
         vertex -4.155356e+002 -3.164809e+002 2.983758e+002
         vertex -4.114089e+002 -2.219106e+002 3.000000e+002
      endloop
   endfacet
   facet normal -1.338713e-001 -6.352920e-003 9.909783e-001
      outer loop
         vertex -4.114089e+002 -2.219106e+002 3.000000e+002
         vertex -4.155356e+002 -3.164809e+002 2.983758e+002
         vertex -4.076496e+002 -3.161067e+002 3.000000e+002
      endloop
   endfacet
   facet normal -9.966167e-001 -8.168492e-003 8.178377e-002
      outer loop
         vertex -4.344915e+002 -6.448963e+001 2.789533e+002
         vertex -4.340997e+002 -8.433533e+001 2.789533e+002
         vertex -4.332827e+002 -6.448103e+001 2.869224e+002
      endloop
   endfacet
   facet normal -9.760202e-001 -1.606035e-002 2.170868e-001
      outer loop
         vertex -4.332827e+002 -6.448103e+001 2.869224e+002
         vertex -4.340997e+002 -8.433533e+001 2.789533e+002
         vertex -4.301629e+002 -2.225175e+002 2.869224e+002
      endloop
   endfacet
   facet normal -8.832085e-001 -1.432440e-002 4.687618e-001
      outer loop
         vertex -4.332827e+002 -6.448103e+001 2.869224e+002
         vertex -4.301629e+002 -2.225175e+002 2.869224e+002
         vertex -4.290265e+002 -6.445074e+001 2.937671e+002
      endloop
   endfacet
   facet normal -8.108180e-001 -2.002357e-002 5.849558e-001
      outer loop
         vertex -4.290265e+002 -6.445074e+001 2.937671e+002
         vertex -4.301629e+002 -2.225175e+002 2.869224e+002
         vertex -4.259088e+002 -2.223799e+002 2.937671e+002
      endloop
   endfacet
   facet normal -6.264546e-001 -1.067340e-002 7.793849e-001
      outer loop
         vertex -4.290265e+002 -6.445074e+001 2.937671e+002
         vertex -4.259088e+002 -2.223799e+002 2.937671e+002
         vertex -4.224141e+002 -6.440367e+001 2.983759e+002
      endloop
   endfacet
   facet normal -5.141259e-001 -1.325560e-002 8.576123e-001
      outer loop
         vertex -4.224141e+002 -6.440367e+001 2.983759e+002
         vertex -4.259088e+002 -2.223799e+002 2.937671e+002
         vertex -4.192997e+002 -2.221660e+002 2.983759e+002
      endloop
   endfacet
   facet normal -2.679717e-001 -5.289138e-003 9.634123e-001
      outer loop
         vertex -4.224141e+002 -6.440367e+001 2.983759e+002
         vertex -4.192997e+002 -2.221660e+002 2.983759e+002
         vertex -4.145194e+002 -6.434747e+001 3.000000e+002
      endloop
   endfacet
   facet normal -1.339517e-001 -4.335196e-003 9.909783e-001
      outer loop
         vertex -4.145194e+002 -6.434747e+001 3.000000e+002
         vertex -4.192997e+002 -2.221660e+002 2.983759e+002
         vertex -4.114089e+002 -2.219106e+002 3.000000e+002
      endloop
   endfacet
   facet normal -9.965883e-001 9.506640e-003 8.198377e-002
      outer loop
         vertex -4.336214e+002 9.356168e+001 2.789533e+002
         vertex -4.344915e+002 -6.448963e+001 2.789533e+002
         vertex -4.324128e+002 9.353976e+001 2.869224e+002
      endloop
   endfacet
   facet normal -9.761101e-001 1.093296e-003 2.172735e-001
      outer loop
         vertex -4.324128e+002 9.353976e+001 2.869224e+002
         vertex -4.344915e+002 -6.448963e+001 2.789533e+002
         vertex -4.332827e+002 -6.448103e+001 2.869224e+002
      endloop
   endfacet
   facet normal -8.832887e-001 7.970856e-003 4.687619e-001
      outer loop
         vertex -4.324128e+002 9.353976e+001 2.869224e+002
         vertex -4.332827e+002 -6.448103e+001 2.869224e+002
         vertex -4.281572e+002 9.346262e+001 2.937671e+002
      endloop
   endfacet
   facet normal -8.110650e-001 4.439004e-004 5.849559e-001
      outer loop
         vertex -4.281572e+002 9.346262e+001 2.937671e+002
         vertex -4.332827e+002 -6.448103e+001 2.869224e+002
         vertex -4.290265e+002 -6.445074e+001 2.937671e+002
      endloop
   endfacet
   facet normal -6.265244e-001 5.140457e-003 7.793849e-001
      outer loop
         vertex -4.281572e+002 9.346262e+001 2.937671e+002
         vertex -4.290265e+002 -6.445074e+001 2.937671e+002
         vertex -4.215456e+002 9.334276e+001 2.983759e+002
      endloop
   endfacet
   facet normal -5.142967e-001 -2.775597e-004 8.576123e-001
      outer loop
         vertex -4.215456e+002 9.334276e+001 2.983759e+002
         vertex -4.290265e+002 -6.445074e+001 2.937671e+002
         vertex -4.224141e+002 -6.440367e+001 2.983759e+002
      endloop
   endfacet
   facet normal -2.680198e-001 1.475346e-003 9.634123e-001
      outer loop
         vertex -4.215456e+002 9.334276e+001 2.983759e+002
         vertex -4.224141e+002 -6.440367e+001 2.983759e+002
         vertex -4.136521e+002 9.319965e+001 3.000000e+002
      endloop
   endfacet
   facet normal -1.340184e-001 -9.539119e-004 9.909784e-001
      outer loop
         vertex -4.136521e+002 9.319965e+001 3.000000e+002
         vertex -4.224141e+002 -6.440367e+001 2.983759e+002
         vertex -4.145194e+002 -6.434747e+001 3.000000e+002
      endloop
   endfacet
   facet normal -1.339998e-001 2.429249e-003 9.909784e-001
      outer loop
         vertex -4.136521e+002 9.319965e+001 3.000000e+002
         vertex -4.088055e+002 2.507811e+002 3.000000e+002
         vertex -4.215456e+002 9.334276e+001 2.983759e+002
      endloop
   endfacet
   facet normal -2.678973e-001 8.238238e-003 9.634123e-001
      outer loop
         vertex -4.215456e+002 9.334276e+001 2.983759e+002
         vertex -4.088055e+002 2.507811e+002 3.000000e+002
         vertex -4.166929e+002 2.511232e+002 2.983758e+002
      endloop
   endfacet
   facet normal -5.141399e-001 1.270234e-002 8.576123e-001
      outer loop
         vertex -4.215456e+002 9.334276e+001 2.983759e+002
         vertex -4.166929e+002 2.511232e+002 2.983758e+002
         vertex -4.281572e+002 9.346262e+001 2.937671e+002
      endloop
   endfacet
   facet normal -6.261954e-001 2.094793e-002 7.793847e-001
      outer loop
         vertex -4.281572e+002 9.346262e+001 2.937671e+002
         vertex -4.166929e+002 2.511232e+002 2.983758e+002
         vertex -4.232993e+002 2.514099e+002 2.937671e+002
      endloop
   endfacet
   facet normal -8.107956e-001 2.091291e-002 5.849558e-001
      outer loop
         vertex -4.281572e+002 9.346262e+001 2.937671e+002
         vertex -4.232993e+002 2.514099e+002 2.937671e+002
         vertex -4.324128e+002 9.353976e+001 2.869224e+002
      endloop
   endfacet
   facet normal -8.828065e-001 3.025595e-002 4.687616e-001
      outer loop
         vertex -4.324128e+002 9.353976e+001 2.869224e+002
         vertex -4.232993e+002 2.514099e+002 2.937671e+002
         vertex -4.275517e+002 2.515943e+002 2.869224e+002
      endloop
   endfacet
   facet normal -9.757553e-001 2.966129e-002 2.168449e-001
      outer loop
         vertex -4.324128e+002 9.353976e+001 2.869224e+002
         vertex -4.275517e+002 2.515943e+002 2.869224e+002
         vertex -4.313874e+002 1.661971e+002 2.789533e+002
      endloop
   endfacet
   facet normal -9.959236e-001 3.858133e-002 8.153319e-002
      outer loop
         vertex -4.313874e+002 1.661971e+002 2.789533e+002
         vertex -4.275517e+002 2.515943e+002 2.869224e+002
         vertex -4.287593e+002 2.516467e+002 2.789533e+002
      endloop
   endfacet
   facet normal -9.948422e-001 5.973236e-002 8.198235e-002
      outer loop
         vertex -4.199044e+002 4.097324e+002 2.789533e+002
         vertex -4.287593e+002 2.516467e+002 2.789533e+002
         vertex -4.186985e+002 4.096496e+002 2.869224e+002
      endloop
   endfacet
   facet normal -9.748132e-001 5.031876e-002 2.172725e-001
      outer loop
         vertex -4.186985e+002 4.096496e+002 2.869224e+002
         vertex -4.287593e+002 2.516467e+002 2.789533e+002
         vertex -4.275517e+002 2.515943e+002 2.869224e+002
      endloop
   endfacet
   facet normal -8.817642e-001 5.248832e-002 4.687608e-001
      outer loop
         vertex -4.186985e+002 4.096496e+002 2.869224e+002
         vertex -4.275517e+002 2.515943e+002 2.869224e+002
         vertex -4.144521e+002 4.093581e+002 2.937671e+002
      endloop
   endfacet
   facet normal -8.100110e-001 4.134791e-002 5.849552e-001
      outer loop
         vertex -4.144521e+002 4.093581e+002 2.937671e+002
         vertex -4.275517e+002 2.515943e+002 2.869224e+002
         vertex -4.232993e+002 2.514099e+002 2.937671e+002
      endloop
   endfacet
   facet normal -6.254691e-001 3.671908e-002 7.793844e-001
      outer loop
         vertex -4.144521e+002 4.093581e+002 2.937671e+002
         vertex -4.232993e+002 2.514099e+002 2.937671e+002
         vertex -4.078551e+002 4.089053e+002 2.983758e+002
      endloop
   endfacet
   facet normal -5.136565e-001 2.566186e-002 8.576121e-001
      outer loop
         vertex -4.078551e+002 4.089053e+002 2.983758e+002
         vertex -4.232993e+002 2.514099e+002 2.937671e+002
         vertex -4.166929e+002 2.511232e+002 2.983758e+002
      endloop
   endfacet
   facet normal -2.676049e-001 1.498712e-002 9.634122e-001
      outer loop
         vertex -4.078551e+002 4.089053e+002 2.983758e+002
         vertex -4.166929e+002 2.511232e+002 2.983758e+002
         vertex -3.999787e+002 4.083646e+002 3.000000e+002
      endloop
   endfacet
   facet normal -1.338959e-001 5.808941e-003 9.909783e-001
      outer loop
         vertex -3.999787e+002 4.083646e+002 3.000000e+002
         vertex -4.166929e+002 2.511232e+002 2.983758e+002
         vertex -4.088055e+002 2.507811e+002 3.000000e+002
      endloop
   endfacet
   facet normal 0.000000e+000 -1.305403e-001 -9.914430e-001
      outer loop
         vertex -3.566110e+002 -7.639387e+002 0.000000e+000
         vertex -3.389476e+002 -7.639387e+002 0.000000e+000
         vertex -3.566110e+002 -7.716359e+002 1.540494e+000
      endloop
   endfacet
   facet normal 0.000000e+000 -3.024121e-001 -9.531772e-001
      outer loop
         vertex -3.566110e+002 -7.716359e+002 1.540494e+000
         vertex -3.389476e+002 -7.639387e+002 0.000000e+000
         vertex -3.389476e+002 -7.739387e+002 2.679492e+000
      endloop
   endfacet
   facet normal 0.000000e+000 -4.621144e-001 -8.868204e-001
      outer loop
         vertex -3.566110e+002 -7.716359e+002 1.540494e+000
         vertex -3.389476e+002 -7.739387e+002 2.679492e+000
         vertex -3.566110e+002 -7.737481e+002 2.962630e+000
      endloop
   endfacet
   facet normal 0.000000e+000 -5.743423e-001 -8.186153e-001
      outer loop
         vertex -3.566110e+002 -7.737481e+002 2.962630e+000
         vertex -3.389476e+002 -7.739387e+002 2.679492e+000
         vertex -3.566110e+002 -7.781473e+002 5.924664e+000
      endloop
   endfacet
   facet normal 0.000000e+000 -7.082424e-001 -7.059693e-001
      outer loop
         vertex -3.566110e+002 -7.781473e+002 5.924664e+000
         vertex -3.389476e+002 -7.739387e+002 2.679492e+000
         vertex -3.389476e+002 -7.812592e+002 1.000000e+001
      endloop
   endfacet
   facet normal 0.000000e+000 -8.203776e-001 -5.718222e-001
      outer loop
         vertex -3.566110e+002 -7.781473e+002 5.924664e+000
         vertex -3.389476e+002 -7.812592e+002 1.000000e+001
         vertex -3.566110e+002 -7.809642e+002 1.019463e+001
      endloop
   endfacet
   facet normal 0.000000e+000 -8.882456e-001 -4.593688e-001
      outer loop
         vertex -3.566110e+002 -7.809642e+002 1.019463e+001
         vertex -3.389476e+002 -7.812592e+002 1.000000e+001
         vertex -3.566110e+002 -7.824700e+002 1.247713e+001
      endloop
   endfacet
   facet normal 0.000000e+000 -9.541428e-001 -2.993518e-001
      outer loop
         vertex -3.566110e+002 -7.824700e+002 1.247713e+001
         vertex -3.389476e+002 -7.812592e+002 1.000000e+001
         vertex -3.389476e+002 -7.839387e+002 2.000000e+001
      endloop
   endfacet
   facet normal 0.000000e+000 -9.918413e-001 -1.274788e-001
      outer loop
         vertex -3.566110e+002 -7.824700e+002 1.247713e+001
         vertex -3.389476e+002 -7.839387e+002 2.000000e+001
         vertex -3.566110e+002 -7.839387e+002 2.000000e+001
      endloop
   endfacet
   facet normal -6.085911e-002 -2.465717e-001 -9.672117e-001
      outer loop
         vertex -3.566110e+002 -7.716359e+002 1.540494e+000
         vertex -3.601924e+002 -7.707520e+002 1.540494e+000
         vertex -3.566110e+002 -7.639387e+002 1.734723e-014
      endloop
   endfacet
   facet normal -6.160769e-001 -6.052675e-001 -5.040839e-001
      outer loop
         vertex -3.652335e+002 -7.803417e+002 1.247713e+001
         vertex -3.718755e+002 -7.744459e+002 1.247713e+001
         vertex -3.683149e+002 -7.719950e+002 5.924664e+000
      endloop
   endfacet
   facet normal -1.471756e-001 -8.921065e-001 -4.271831e-001
      outer loop
         vertex -3.566110e+002 -7.809642e+002 1.019463e+001
         vertex -3.566110e+002 -7.824700e+002 1.247713e+001
         vertex -3.652335e+002 -7.803417e+002 1.247713e+001
      endloop
   endfacet
   facet normal -8.930121e-001 -4.192869e-001 -1.634867e-001
      outer loop
         vertex -3.718755e+002 -7.744459e+002 1.247713e+001
         vertex -3.730674e+002 -7.752672e+002 1.913143e+001
         vertex -3.764426e+002 -7.663077e+002 1.895328e+001
      endloop
   endfacet
   facet normal -8.134775e-001 -5.601838e-001 -1.563599e-001
      outer loop
         vertex -3.730674e+002 -7.752672e+002 1.913143e+001
         vertex -3.718755e+002 -7.744459e+002 1.247713e+001
         vertex -3.730637e+002 -7.752769e+002 1.913162e+001
      endloop
   endfacet
   facet normal -6.976425e-001 -6.614742e-001 -2.752215e-001
      outer loop
         vertex -3.730637e+002 -7.752769e+002 1.913162e+001
         vertex -3.718755e+002 -7.744459e+002 1.247713e+001
         vertex -3.652335e+002 -7.803417e+002 1.247713e+001
      endloop
   endfacet
   facet normal -5.961463e-001 -7.879627e-001 -1.540271e-001
      outer loop
         vertex -3.730637e+002 -7.752769e+002 1.913162e+001
         vertex -3.652335e+002 -7.803417e+002 1.247713e+001
         vertex -3.659124e+002 -7.816346e+002 1.950907e+001
      endloop
   endfacet
   facet normal -4.602952e-001 -8.760396e-001 -1.438159e-001
      outer loop
         vertex -3.659124e+002 -7.816346e+002 1.950907e+001
         vertex -3.652335e+002 -7.803417e+002 1.247713e+001
         vertex -3.659049e+002 -7.816413e+002 1.950946e+001
      endloop
   endfacet
   facet normal -3.103372e-001 -9.117407e-001 -2.691091e-001
      outer loop
         vertex -3.659049e+002 -7.816413e+002 1.950946e+001
         vertex -3.652335e+002 -7.803417e+002 1.247713e+001
         vertex -3.566110e+002 -7.824700e+002 1.247713e+001
      endloop
   endfacet
   facet normal -1.614732e-001 -9.770070e-001 -1.392250e-001
      outer loop
         vertex -3.659049e+002 -7.816413e+002 1.950946e+001
         vertex -3.566110e+002 -7.824700e+002 1.247713e+001
         vertex -3.566110e+002 -7.839387e+002 2.000000e+001
      endloop
   endfacet
   facet normal -1.126268e-001 -5.153860e-001 -8.495248e-001
      outer loop
         vertex -3.566110e+002 -7.716359e+002 1.540494e+000
         vertex -3.566110e+002 -7.737481e+002 2.962630e+000
         vertex -3.632222e+002 -7.765156e+002 5.924664e+000
      endloop
   endfacet
   facet normal -1.123280e-001 -6.246518e-001 -7.727823e-001
      outer loop
         vertex -3.632222e+002 -7.765156e+002 5.924664e+000
         vertex -3.566110e+002 -7.737481e+002 2.962630e+000
         vertex -3.566110e+002 -7.781473e+002 5.924664e+000
      endloop
   endfacet
   facet normal -1.126541e-001 -7.517408e-001 -6.497652e-001
      outer loop
         vertex -3.632222e+002 -7.765156e+002 5.924664e+000
         vertex -3.566110e+002 -7.781473e+002 5.924664e+000
         vertex -3.566110e+002 -7.809642e+002 1.019463e+001
      endloop
   endfacet
   facet normal -1.738336e-001 -4.619654e-001 -8.696952e-001
      outer loop
         vertex -3.566110e+002 -7.716359e+002 1.540494e+000
         vertex -3.632222e+002 -7.765156e+002 5.924664e+000
         vertex -3.601924e+002 -7.707520e+002 1.540494e+000
      endloop
   endfacet
   facet normal -2.819660e-001 -4.051239e-001 -8.696952e-001
      outer loop
         vertex -3.601924e+002 -7.707520e+002 1.540494e+000
         vertex -3.632222e+002 -7.765156e+002 5.924664e+000
         vertex -3.629513e+002 -7.683030e+002 1.540494e+000
      endloop
   endfacet
   facet normal -1.685986e-001 -1.899367e-001 -9.672117e-001
      outer loop
         vertex -3.601924e+002 -7.707520e+002 1.540494e+000
         vertex -3.629513e+002 -7.683030e+002 1.540494e+000
         vertex -3.566110e+002 -7.639387e+002 1.734723e-014
      endloop
   endfacet
   facet normal -2.386308e-001 -8.980627e-002 -9.669489e-001
      outer loop
         vertex -3.641455e+002 -7.648387e+002 1.962408e+000
         vertex -3.566110e+002 -7.639387e+002 1.734723e-014
         vertex -3.629513e+002 -7.683030e+002 1.540494e+000
      endloop
   endfacet
   facet normal -9.243148e-001 -2.605000e-001 -2.788939e-001
      outer loop
         vertex -3.764426e+002 -7.663077e+002 1.895328e+001
         vertex -3.744690e+002 -7.660719e+002 1.264937e+001
         vertex -3.718755e+002 -7.744459e+002 1.247713e+001
      endloop
   endfacet
   facet normal -8.626443e-001 -2.514158e-001 -4.389019e-001
      outer loop
         vertex -3.718755e+002 -7.744459e+002 1.247713e+001
         vertex -3.744690e+002 -7.660719e+002 1.264937e+001
         vertex -3.734522e+002 -7.659504e+002 9.401615e+000
      endloop
   endfacet
   facet normal -7.536333e-001 -3.539434e-001 -5.538601e-001
      outer loop
         vertex -3.718755e+002 -7.744459e+002 1.247713e+001
         vertex -3.734522e+002 -7.659504e+002 9.401615e+000
         vertex -3.683149e+002 -7.719950e+002 5.924664e+000
      endloop
   endfacet
   facet normal -7.254651e-001 -1.998665e-001 -6.585999e-001
      outer loop
         vertex -3.683149e+002 -7.719950e+002 5.924664e+000
         vertex -3.734522e+002 -7.659504e+002 9.401615e+000
         vertex -3.702904e+002 -7.655728e+002 6.379840e+000
      endloop
   endfacet
   facet normal -6.029412e-001 -1.852543e-001 -7.759786e-001
      outer loop
         vertex -3.683149e+002 -7.719950e+002 5.924664e+000
         vertex -3.702904e+002 -7.655728e+002 6.379840e+000
         vertex -3.662387e+002 -7.650888e+002 2.507606e+000
      endloop
   endfacet
   facet normal -2.622589e-001 -7.972758e-001 -5.436649e-001
      outer loop
         vertex -3.566110e+002 -7.809642e+002 1.019463e+001
         vertex -3.652335e+002 -7.803417e+002 1.247713e+001
         vertex -3.632222e+002 -7.765156e+002 5.924664e+000
      endloop
   endfacet
   facet normal -4.640344e-001 -6.379935e-001 -6.145213e-001
      outer loop
         vertex -3.632222e+002 -7.765156e+002 5.924664e+000
         vertex -3.652335e+002 -7.803417e+002 1.247713e+001
         vertex -3.683149e+002 -7.719950e+002 5.924664e+000
      endloop
   endfacet
   facet normal -4.225100e-001 -4.283701e-001 -7.987393e-001
      outer loop
         vertex -3.632222e+002 -7.765156e+002 5.924664e+000
         vertex -3.683149e+002 -7.719950e+002 5.924664e+000
         vertex -3.629513e+002 -7.683030e+002 1.540494e+000
      endloop
   endfacet
   facet normal -4.709398e-001 -2.309538e-001 -8.513965e-001
      outer loop
         vertex -3.629513e+002 -7.683030e+002 1.540494e+000
         vertex -3.683149e+002 -7.719950e+002 5.924664e+000
         vertex -3.662387e+002 -7.650888e+002 2.507606e+000
      endloop
   endfacet
   facet normal -3.967120e-001 -1.078442e-001 -9.115861e-001
      outer loop
         vertex -3.629513e+002 -7.683030e+002 1.540494e+000
         vertex -3.662387e+002 -7.650888e+002 2.507606e+000
         vertex -3.641455e+002 -7.648387e+002 1.962408e+000
      endloop
   endfacet
   facet normal -9.601868e-001 -2.747235e-001 -5.067781e-002
      outer loop
         vertex -3.867920e+002 -7.752643e+002 2.791313e+002
         vertex -3.901659e+002 -7.663026e+002 2.789533e+002
         vertex -3.812081e+002 -7.663059e+002 1.092396e+002
      endloop
   endfacet
   facet normal -9.024195e-001 -4.282178e-001 -4.762892e-002
      outer loop
         vertex -3.867920e+002 -7.752643e+002 2.791313e+002
         vertex -3.812081e+002 -7.663059e+002 1.092396e+002
         vertex -3.867883e+002 -7.752741e+002 2.791315e+002
      endloop
   endfacet
   facet normal -1.590209e-001 -9.872395e-001 -8.393090e-003
      outer loop
         vertex -3.613763e+002 -7.839387e+002 1.102863e+002
         vertex -3.703337e+002 -7.839387e+002 2.800000e+002
         vertex -3.706708e+002 -7.816411e+002 1.097957e+002
      endloop
   endfacet
   facet normal -3.180595e-001 -9.479221e-001 -1.678695e-002
      outer loop
         vertex -3.706708e+002 -7.816411e+002 1.097957e+002
         vertex -3.703337e+002 -7.839387e+002 2.800000e+002
         vertex -3.796291e+002 -7.816405e+002 2.795094e+002
      endloop
   endfacet
   facet normal -5.995607e-001 -7.997035e-001 -3.164452e-002
      outer loop
         vertex -3.706708e+002 -7.816411e+002 1.097957e+002
         vertex -3.796291e+002 -7.816405e+002 2.795094e+002
         vertex -3.778297e+002 -7.752759e+002 1.094179e+002
      endloop
   endfacet
   facet normal -5.997074e-001 -7.995931e-001 -3.165210e-002
      outer loop
         vertex -3.778297e+002 -7.752759e+002 1.094179e+002
         vertex -3.796291e+002 -7.816405e+002 2.795094e+002
         vertex -3.796367e+002 -7.816339e+002 2.795090e+002
      endloop
   endfacet
   facet normal -9.601480e-001 -2.748593e-001 -5.067675e-002
      outer loop
         vertex -3.764426e+002 -7.663077e+002 1.895328e+001
         vertex -3.730674e+002 -7.752672e+002 1.913143e+001
         vertex -3.812081e+002 -7.663059e+002 1.092396e+002
      endloop
   endfacet
   facet normal -9.023789e-001 -4.283035e-001 -4.762752e-002
      outer loop
         vertex -3.812081e+002 -7.663059e+002 1.092396e+002
         vertex -3.730674e+002 -7.752672e+002 1.913143e+001
         vertex -3.778297e+002 -7.752759e+002 1.094179e+002
      endloop
   endfacet
   facet normal -9.023299e-001 -4.284071e-001 -4.762449e-002
      outer loop
         vertex -3.812081e+002 -7.663059e+002 1.092396e+002
         vertex -3.778297e+002 -7.752759e+002 1.094179e+002
         vertex -3.867883e+002 -7.752741e+002 2.791315e+002
      endloop
   endfacet
   facet normal -7.221762e-001 -6.906582e-001 -3.811585e-002
      outer loop
         vertex -3.867883e+002 -7.752741e+002 2.791315e+002
         vertex -3.778297e+002 -7.752759e+002 1.094179e+002
         vertex -3.796367e+002 -7.816339e+002 2.795090e+002
      endloop
   endfacet
   facet normal -1.590114e-001 -9.872410e-001 -8.392680e-003
      outer loop
         vertex -3.566110e+002 -7.839387e+002 2.000000e+001
         vertex -3.613763e+002 -7.839387e+002 1.102863e+002
         vertex -3.659049e+002 -7.816413e+002 1.950946e+001
      endloop
   endfacet
   facet normal -3.180323e-001 -9.479312e-001 -1.678577e-002
      outer loop
         vertex -3.659049e+002 -7.816413e+002 1.950946e+001
         vertex -3.613763e+002 -7.839387e+002 1.102863e+002
         vertex -3.706708e+002 -7.816411e+002 1.097957e+002
      endloop
   endfacet
   facet normal -4.648503e-001 -8.850493e-001 -2.453488e-002
      outer loop
         vertex -3.659049e+002 -7.816413e+002 1.950946e+001
         vertex -3.706708e+002 -7.816411e+002 1.097957e+002
         vertex -3.659124e+002 -7.816346e+002 1.950907e+001
      endloop
   endfacet
   facet normal -5.996695e-001 -7.996216e-001 -3.165052e-002
      outer loop
         vertex -3.659124e+002 -7.816346e+002 1.950907e+001
         vertex -3.706708e+002 -7.816411e+002 1.097957e+002
         vertex -3.778297e+002 -7.752759e+002 1.094179e+002
      endloop
   endfacet
   facet normal -7.221175e-001 -6.907197e-001 -3.811346e-002
      outer loop
         vertex -3.659124e+002 -7.816346e+002 1.950907e+001
         vertex -3.778297e+002 -7.752759e+002 1.094179e+002
         vertex -3.730637e+002 -7.752769e+002 1.913162e+001
      endloop
   endfacet
   facet normal -8.227426e-001 -5.667529e-001 -4.342449e-002
      outer loop
         vertex -3.730637e+002 -7.752769e+002 1.913162e+001
         vertex -3.778297e+002 -7.752759e+002 1.094179e+002
         vertex -3.730674e+002 -7.752672e+002 1.913143e+001
      endloop
   endfacet
   facet normal -6.001065e-001 -7.943380e-001 9.433608e-002
      outer loop
         vertex -3.867883e+002 -7.752741e+002 2.791315e+002
         vertex -3.796367e+002 -7.816339e+002 2.795090e+002
         vertex -3.790891e+002 -7.805912e+002 2.867851e+002
      endloop
   endfacet
   facet normal -4.629572e-001 -8.809222e-001 9.821772e-002
      outer loop
         vertex -3.790891e+002 -7.805912e+002 2.867851e+002
         vertex -3.796367e+002 -7.816339e+002 2.795090e+002
         vertex -3.796291e+002 -7.816405e+002 2.795094e+002
      endloop
   endfacet
   facet normal -8.206837e-001 -5.649393e-001 8.556830e-002
      outer loop
         vertex -3.858328e+002 -7.746035e+002 2.867851e+002
         vertex -3.867920e+002 -7.752643e+002 2.791313e+002
         vertex -3.867883e+002 -7.752741e+002 2.791315e+002
      endloop
   endfacet
   facet normal -6.282251e-002 -2.497973e-001 9.662581e-001
      outer loop
         vertex -3.703337e+002 -7.639387e+002 3.000000e+002
         vertex -3.740285e+002 -7.709662e+002 2.983565e+002
         vertex -3.703337e+002 -7.715801e+002 2.984183e+002
      endloop
   endfacet
   facet normal -6.182747e-002 -3.786969e-001 9.234533e-001
      outer loop
         vertex -3.703337e+002 -7.715801e+002 2.984183e+002
         vertex -3.740285e+002 -7.709662e+002 2.983565e+002
         vertex -3.703337e+002 -7.718783e+002 2.983565e+002
      endloop
   endfacet
   facet normal -2.446505e-001 -9.246658e-002 9.651923e-001
      outer loop
         vertex -3.768744e+002 -7.684393e+002 2.983565e+002
         vertex -3.703337e+002 -7.639387e+002 3.000000e+002
         vertex -3.781731e+002 -7.648732e+002 2.983758e+002
      endloop
   endfacet
   facet normal -6.293623e-002 -4.960726e-001 8.659971e-001
      outer loop
         vertex -3.703337e+002 -7.718783e+002 2.983565e+002
         vertex -3.740285e+002 -7.709662e+002 2.983565e+002
         vertex -3.703337e+002 -7.780139e+002 2.940469e+002
      endloop
   endfacet
   facet normal -1.795758e-001 -5.841773e-001 7.915108e-001
      outer loop
         vertex -3.703337e+002 -7.780139e+002 2.940469e+002
         vertex -3.740285e+002 -7.709662e+002 2.983565e+002
         vertex -3.771161e+002 -7.768387e+002 2.936963e+002
      endloop
   endfacet
   facet normal -1.145948e-001 -7.033796e-001 7.015163e-001
      outer loop
         vertex -3.703337e+002 -7.780139e+002 2.940469e+002
         vertex -3.771161e+002 -7.768387e+002 2.936963e+002
         vertex -3.703337e+002 -7.785131e+002 2.936963e+002
      endloop
   endfacet
   facet normal -1.165756e-001 -7.899831e-001 6.019442e-001
      outer loop
         vertex -3.703337e+002 -7.785131e+002 2.936963e+002
         vertex -3.771161e+002 -7.768387e+002 2.936963e+002
         vertex -3.703337e+002 -7.822736e+002 2.875661e+002
      endloop
   endfacet
   facet normal -2.688768e-001 -8.313128e-001 4.864404e-001
      outer loop
         vertex -3.703337e+002 -7.822736e+002 2.875661e+002
         vertex -3.771161e+002 -7.768387e+002 2.936963e+002
         vertex -3.790891e+002 -7.805912e+002 2.867851e+002
      endloop
   endfacet
   facet normal -1.493418e-001 -9.202955e-001 3.615984e-001
      outer loop
         vertex -3.703337e+002 -7.822736e+002 2.875661e+002
         vertex -3.790891e+002 -7.805912e+002 2.867851e+002
         vertex -3.703337e+002 -7.827526e+002 2.867851e+002
      endloop
   endfacet
   facet normal -3.131006e-001 -9.222242e-001 2.268713e-001
      outer loop
         vertex -3.703337e+002 -7.827526e+002 2.867851e+002
         vertex -3.790891e+002 -7.805912e+002 2.867851e+002
         vertex -3.796291e+002 -7.816405e+002 2.795094e+002
      endloop
   endfacet
   facet normal -1.613238e-001 -9.808368e-001 1.092418e-001
      outer loop
         vertex -3.703337e+002 -7.827526e+002 2.867851e+002
         vertex -3.796291e+002 -7.816405e+002 2.795094e+002
         vertex -3.703337e+002 -7.839387e+002 2.800000e+002
      endloop
   endfacet
   facet normal -7.073074e-001 -6.715751e-001 2.206880e-001
      outer loop
         vertex -3.867883e+002 -7.752741e+002 2.791315e+002
         vertex -3.790891e+002 -7.805912e+002 2.867851e+002
         vertex -3.858328e+002 -7.746035e+002 2.867851e+002
      endloop
   endfacet
   facet normal -5.383170e-001 -6.975406e-001 4.729184e-001
      outer loop
         vertex -3.858328e+002 -7.746035e+002 2.867851e+002
         vertex -3.790891e+002 -7.805912e+002 2.867851e+002
         vertex -3.771161e+002 -7.768387e+002 2.936963e+002
      endloop
   endfacet
   facet normal -5.918174e-001 -5.493262e-001 5.899093e-001
      outer loop
         vertex -3.858328e+002 -7.746035e+002 2.867851e+002
         vertex -3.771161e+002 -7.768387e+002 2.936963e+002
         vertex -3.823402e+002 -7.722003e+002 2.936963e+002
      endloop
   endfacet
   facet normal -3.859862e-001 -4.839272e-001 7.853847e-001
      outer loop
         vertex -3.823402e+002 -7.722003e+002 2.936963e+002
         vertex -3.771161e+002 -7.768387e+002 2.936963e+002
         vertex -3.740285e+002 -7.709662e+002 2.983565e+002
      endloop
   endfacet
   facet normal -3.799197e-001 -3.380284e-001 8.610446e-001
      outer loop
         vertex -3.823402e+002 -7.722003e+002 2.936963e+002
         vertex -3.740285e+002 -7.709662e+002 2.983565e+002
         vertex -3.768744e+002 -7.684393e+002 2.983565e+002
      endloop
   endfacet
   facet normal -1.741608e-001 -1.961523e-001 9.649830e-001
      outer loop
         vertex -3.768744e+002 -7.684393e+002 2.983565e+002
         vertex -3.740285e+002 -7.709662e+002 2.983565e+002
         vertex -3.703337e+002 -7.639387e+002 3.000000e+002
      endloop
   endfacet
   facet normal -9.570783e-001 -2.771238e-001 8.487316e-002
      outer loop
         vertex -3.901659e+002 -7.663026e+002 2.789533e+002
         vertex -3.867920e+002 -7.752643e+002 2.791313e+002
         vertex -3.889869e+002 -7.661621e+002 2.867808e+002
      endloop
   endfacet
   facet normal -8.798754e-001 -4.208013e-001 2.207839e-001
      outer loop
         vertex -3.889869e+002 -7.661621e+002 2.867808e+002
         vertex -3.867920e+002 -7.752643e+002 2.791313e+002
         vertex -3.858328e+002 -7.746035e+002 2.867851e+002
      endloop
   endfacet
   facet normal -9.007419e-001 -2.577522e-001 3.496111e-001
      outer loop
         vertex -3.889869e+002 -7.661621e+002 2.867808e+002
         vertex -3.858328e+002 -7.746035e+002 2.867851e+002
         vertex -3.889656e+002 -7.661595e+002 2.869223e+002
      endloop
   endfacet
   facet normal -7.999058e-001 -3.666371e-001 4.751085e-001
      outer loop
         vertex -3.889656e+002 -7.661595e+002 2.869223e+002
         vertex -3.858328e+002 -7.746035e+002 2.867851e+002
         vertex -3.823402e+002 -7.722003e+002 2.936963e+002
      endloop
   endfacet
   facet normal -7.770638e-001 -2.104550e-001 5.931951e-001
      outer loop
         vertex -3.889656e+002 -7.661595e+002 2.869223e+002
         vertex -3.823402e+002 -7.722003e+002 2.936963e+002
         vertex -3.847392e+002 -7.656558e+002 2.937671e+002
      endloop
   endfacet
   facet normal -5.655522e-001 -2.485000e-001 7.863830e-001
      outer loop
         vertex -3.847392e+002 -7.656558e+002 2.937671e+002
         vertex -3.823402e+002 -7.722003e+002 2.936963e+002
         vertex -3.768744e+002 -7.684393e+002 2.983565e+002
      endloop
   endfacet
   facet normal -4.921897e-001 -1.221951e-001 8.618687e-001
      outer loop
         vertex -3.847392e+002 -7.656558e+002 2.937671e+002
         vertex -3.768744e+002 -7.684393e+002 2.983565e+002
         vertex -3.782119e+002 -7.648777e+002 2.983485e+002
      endloop
   endfacet
   facet normal -3.725337e-001 -1.066707e-001 9.218677e-001
      outer loop
         vertex -3.782119e+002 -7.648777e+002 2.983485e+002
         vertex -3.768744e+002 -7.684393e+002 2.983565e+002
         vertex -3.781731e+002 -7.648732e+002 2.983758e+002
      endloop
   endfacet
   facet normal 0.000000e+000 -1.299602e-001 9.915192e-001
      outer loop
         vertex 3.703337e+002 -7.639387e+002 3.000000e+002
         vertex -3.703337e+002 -7.639387e+002 3.000000e+002
         vertex -3.703337e+002 -7.715801e+002 2.984183e+002
      endloop
   endfacet
   facet normal 0.000000e+000 -8.718797e-001 4.897201e-001
      outer loop
         vertex -3.703337e+002 -7.822736e+002 2.875661e+002
         vertex 3.703337e+002 -7.822736e+002 2.875661e+002
         vertex -3.703337e+002 -7.785131e+002 2.936963e+002
      endloop
   endfacet
   facet normal 0.000000e+000 -8.056917e-001 5.923352e-001
      outer loop
         vertex -3.703337e+002 -7.785131e+002 2.936963e+002
         vertex 3.703337e+002 -7.822736e+002 2.875661e+002
         vertex 3.703337e+002 -7.785131e+002 2.936963e+002
      endloop
   endfacet
   facet normal 0.000000e+000 -7.218239e-001 6.920768e-001
      outer loop
         vertex -3.703337e+002 -7.785131e+002 2.936963e+002
         vertex 3.703337e+002 -7.785131e+002 2.936963e+002
         vertex -3.703337e+002 -7.780139e+002 2.940469e+002
      endloop
   endfacet
   facet normal 0.000000e+000 -7.148571e-001 6.992706e-001
      outer loop
         vertex -3.703337e+002 -7.780139e+002 2.940469e+002
         vertex 3.703337e+002 -7.785131e+002 2.936963e+002
         vertex 3.703337e+002 -7.780139e+002 2.940469e+002
      endloop
   endfacet
   facet normal 0.000000e+000 -6.139233e-001 7.893657e-001
      outer loop
         vertex -3.703337e+002 -7.780139e+002 2.940469e+002
         vertex 3.703337e+002 -7.780139e+002 2.940469e+002
         vertex -3.703337e+002 -7.718783e+002 2.983565e+002
      endloop
   endfacet
   facet normal 0.000000e+000 -5.086437e-001 8.609771e-001
      outer loop
         vertex -3.703337e+002 -7.718783e+002 2.983565e+002
         vertex 3.703337e+002 -7.780139e+002 2.940469e+002
         vertex 3.703337e+002 -7.718783e+002 2.983565e+002
      endloop
   endfacet
   facet normal 0.000000e+000 -3.923994e-001 9.197950e-001
      outer loop
         vertex -3.703337e+002 -7.718783e+002 2.983565e+002
         vertex 3.703337e+002 -7.718783e+002 2.983565e+002
         vertex -3.703337e+002 -7.715801e+002 2.984183e+002
      endloop
   endfacet
   facet normal 0.000000e+000 -3.878092e-001 9.217397e-001
      outer loop
         vertex -3.703337e+002 -7.715801e+002 2.984183e+002
         vertex 3.703337e+002 -7.718783e+002 2.983565e+002
         vertex 3.703337e+002 -7.715801e+002 2.984183e+002
      endloop
   endfacet
   facet normal 0.000000e+000 -2.599204e-001 9.656301e-001
      outer loop
         vertex -3.703337e+002 -7.715801e+002 2.984183e+002
         vertex 3.703337e+002 -7.715801e+002 2.984183e+002
         vertex 3.703337e+002 -7.639387e+002 3.000000e+002
      endloop
   endfacet
   facet normal 0.000000e+000 -9.934111e-001 1.146055e-001
      outer loop
         vertex -3.703337e+002 -7.827526e+002 2.867851e+002
         vertex -3.703337e+002 -7.839387e+002 2.800000e+002
         vertex -3.389476e+002 -7.839387e+002 2.800000e+002
      endloop
   endfacet
   facet normal 0.000000e+000 -9.934111e-001 1.146055e-001
      outer loop
         vertex 3.703337e+002 -7.839387e+002 2.800000e+002
         vertex 3.703337e+002 -7.827526e+002 2.867851e+002
         vertex 3.389476e+002 -7.839387e+002 2.800000e+002
      endloop
   endfacet
   facet normal 0.000000e+000 -9.697875e-001 2.439512e-001
      outer loop
         vertex 3.389476e+002 -7.839387e+002 2.800000e+002
         vertex 3.703337e+002 -7.827526e+002 2.867851e+002
         vertex 3.703337e+002 -7.822736e+002 2.875661e+002
      endloop
   endfacet
   facet normal 0.000000e+000 -9.915997e-001 1.293450e-001
      outer loop
         vertex 3.389476e+002 -7.839387e+002 2.800000e+002
         vertex 3.703337e+002 -7.822736e+002 2.875661e+002
         vertex -3.389476e+002 -7.839387e+002 2.800000e+002
      endloop
   endfacet
   facet normal 0.000000e+000 -9.659604e-001 2.586900e-001
      outer loop
         vertex -3.389476e+002 -7.839387e+002 2.800000e+002
         vertex 3.703337e+002 -7.822736e+002 2.875661e+002
         vertex -3.703337e+002 -7.822736e+002 2.875661e+002
      endloop
   endfacet
   facet normal 0.000000e+000 -9.697875e-001 2.439512e-001
      outer loop
         vertex -3.389476e+002 -7.839387e+002 2.800000e+002
         vertex -3.703337e+002 -7.822736e+002 2.875661e+002
         vertex -3.703337e+002 -7.827526e+002 2.867851e+002
      endloop
   endfacet
   facet normal 1.493418e-001 -9.202955e-001 3.615983e-001
      outer loop
         vertex 3.703337e+002 -7.822736e+002 2.875661e+002
         vertex 3.703337e+002 -7.827526e+002 2.867851e+002
         vertex 3.790891e+002 -7.805912e+002 2.867851e+002
      endloop
   endfacet
   facet normal 7.770638e-001 -2.104550e-001 5.931951e-001
      outer loop
         vertex 3.889656e+002 -7.661595e+002 2.869223e+002
         vertex 3.847392e+002 -7.656558e+002 2.937671e+002
         vertex 3.823402e+002 -7.722003e+002 2.936963e+002
      endloop
   endfacet
   facet normal 1.145948e-001 -7.033796e-001 7.015163e-001
      outer loop
         vertex 3.703337e+002 -7.780139e+002 2.940469e+002
         vertex 3.703337e+002 -7.785131e+002 2.936963e+002
         vertex 3.771161e+002 -7.768387e+002 2.936963e+002
      endloop
   endfacet
   facet normal 9.392327e-001 -2.652817e-001 2.178706e-001
      outer loop
         vertex 3.889869e+002 -7.661621e+002 2.867808e+002
         vertex 3.858328e+002 -7.746035e+002 2.867851e+002
         vertex 3.901659e+002 -7.663026e+002 2.789533e+002
      endloop
   endfacet
   facet normal 9.016747e-001 -4.240228e-001 8.477829e-002
      outer loop
         vertex 3.901659e+002 -7.663026e+002 2.789533e+002
         vertex 3.858328e+002 -7.746035e+002 2.867851e+002
         vertex 3.867920e+002 -7.752643e+002 2.791313e+002
      endloop
   endfacet
   facet normal 8.206837e-001 -5.649393e-001 8.556830e-002
      outer loop
         vertex 3.867920e+002 -7.752643e+002 2.791313e+002
         vertex 3.858328e+002 -7.746035e+002 2.867851e+002
         vertex 3.867883e+002 -7.752741e+002 2.791315e+002
      endloop
   endfacet
   facet normal 7.073074e-001 -6.715751e-001 2.206880e-001
      outer loop
         vertex 3.867883e+002 -7.752741e+002 2.791315e+002
         vertex 3.858328e+002 -7.746035e+002 2.867851e+002
         vertex 3.790891e+002 -7.805912e+002 2.867851e+002
      endloop
   endfacet
   facet normal 6.001065e-001 -7.943380e-001 9.433608e-002
      outer loop
         vertex 3.867883e+002 -7.752741e+002 2.791315e+002
         vertex 3.790891e+002 -7.805912e+002 2.867851e+002
         vertex 3.796367e+002 -7.816339e+002 2.795090e+002
      endloop
   endfacet
   facet normal 4.629572e-001 -8.809222e-001 9.821772e-002
      outer loop
         vertex 3.796367e+002 -7.816339e+002 2.795090e+002
         vertex 3.790891e+002 -7.805912e+002 2.867851e+002
         vertex 3.796291e+002 -7.816405e+002 2.795094e+002
      endloop
   endfacet
   facet normal 3.131006e-001 -9.222242e-001 2.268713e-001
      outer loop
         vertex 3.796291e+002 -7.816405e+002 2.795094e+002
         vertex 3.790891e+002 -7.805912e+002 2.867851e+002
         vertex 3.703337e+002 -7.827526e+002 2.867851e+002
      endloop
   endfacet
   facet normal 1.613238e-001 -9.808368e-001 1.092418e-001
      outer loop
         vertex 3.796291e+002 -7.816405e+002 2.795094e+002
         vertex 3.703337e+002 -7.827526e+002 2.867851e+002
         vertex 3.703337e+002 -7.839387e+002 2.800000e+002
      endloop
   endfacet
   facet normal 6.182747e-002 -3.786969e-001 9.234533e-001
      outer loop
         vertex 3.703337e+002 -7.718783e+002 2.983565e+002
         vertex 3.740285e+002 -7.709662e+002 2.983565e+002
         vertex 3.703337e+002 -7.715801e+002 2.984183e+002
      endloop
   endfacet
   facet normal 6.282251e-002 -2.497973e-001 9.662581e-001
      outer loop
         vertex 3.703337e+002 -7.715801e+002 2.984183e+002
         vertex 3.740285e+002 -7.709662e+002 2.983565e+002
         vertex 3.703337e+002 -7.639387e+002 3.000000e+002
      endloop
   endfacet
   facet normal 1.741608e-001 -1.961523e-001 9.649830e-001
      outer loop
         vertex 3.768744e+002 -7.684393e+002 2.983565e+002
         vertex 3.703337e+002 -7.639387e+002 3.000000e+002
         vertex 3.740285e+002 -7.709662e+002 2.983565e+002
      endloop
   endfacet
   facet normal 3.725337e-001 -1.066707e-001 9.218677e-001
      outer loop
         vertex 3.782119e+002 -7.648777e+002 2.983485e+002
         vertex 3.781731e+002 -7.648732e+002 2.983758e+002
         vertex 3.768744e+002 -7.684393e+002 2.983565e+002
      endloop
   endfacet
   facet normal 2.446505e-001 -9.246658e-002 9.651923e-001
      outer loop
         vertex 3.768744e+002 -7.684393e+002 2.983565e+002
         vertex 3.781731e+002 -7.648732e+002 2.983758e+002
         vertex 3.703337e+002 -7.639387e+002 3.000000e+002
      endloop
   endfacet
   facet normal 6.293623e-002 -4.960726e-001 8.659971e-001
      outer loop
         vertex 3.703337e+002 -7.718783e+002 2.983565e+002
         vertex 3.703337e+002 -7.780139e+002 2.940469e+002
         vertex 3.740285e+002 -7.709662e+002 2.983565e+002
      endloop
   endfacet
   facet normal 1.795758e-001 -5.841773e-001 7.915108e-001
      outer loop
         vertex 3.740285e+002 -7.709662e+002 2.983565e+002
         vertex 3.703337e+002 -7.780139e+002 2.940469e+002
         vertex 3.771161e+002 -7.768387e+002 2.936963e+002
      endloop
   endfacet
   facet normal 2.906870e-001 -4.172569e-001 8.610446e-001
      outer loop
         vertex 3.740285e+002 -7.709662e+002 2.983565e+002
         vertex 3.771161e+002 -7.768387e+002 2.936963e+002
         vertex 3.768744e+002 -7.684393e+002 2.983565e+002
      endloop
   endfacet
   facet normal 4.348423e-001 -4.405486e-001 7.853847e-001
      outer loop
         vertex 3.768744e+002 -7.684393e+002 2.983565e+002
         vertex 3.771161e+002 -7.768387e+002 2.936963e+002
         vertex 3.823402e+002 -7.722003e+002 2.936963e+002
      endloop
   endfacet
   facet normal 4.514421e-001 -2.340402e-001 8.610605e-001
      outer loop
         vertex 3.768744e+002 -7.684393e+002 2.983565e+002
         vertex 3.823402e+002 -7.722003e+002 2.936963e+002
         vertex 3.782119e+002 -7.648777e+002 2.983485e+002
      endloop
   endfacet
   facet normal 5.885870e-001 -1.873868e-001 7.864169e-001
      outer loop
         vertex 3.782119e+002 -7.648777e+002 2.983485e+002
         vertex 3.823402e+002 -7.722003e+002 2.936963e+002
         vertex 3.847392e+002 -7.656558e+002 2.937671e+002
      endloop
   endfacet
   facet normal 1.165756e-001 -7.899831e-001 6.019442e-001
      outer loop
         vertex 3.703337e+002 -7.785131e+002 2.936963e+002
         vertex 3.703337e+002 -7.822736e+002 2.875661e+002
         vertex 3.771161e+002 -7.768387e+002 2.936963e+002
      endloop
   endfacet
   facet normal 2.688768e-001 -8.313128e-001 4.864404e-001
      outer loop
         vertex 3.771161e+002 -7.768387e+002 2.936963e+002
         vertex 3.703337e+002 -7.822736e+002 2.875661e+002
         vertex 3.790891e+002 -7.805912e+002 2.867851e+002
      endloop
   endfacet
   facet normal 4.754204e-001 -6.526734e-001 5.899093e-001
      outer loop
         vertex 3.771161e+002 -7.768387e+002 2.936963e+002
         vertex 3.790891e+002 -7.805912e+002 2.867851e+002
         vertex 3.823402e+002 -7.722003e+002 2.936963e+002
      endloop
   endfacet
   facet normal 6.289251e-001 -6.170911e-001 4.729184e-001
      outer loop
         vertex 3.823402e+002 -7.722003e+002 2.936963e+002
         vertex 3.790891e+002 -7.805912e+002 2.867851e+002
         vertex 3.858328e+002 -7.746035e+002 2.867851e+002
      endloop
   endfacet
   facet normal 7.999058e-001 -3.666371e-001 4.751084e-001
      outer loop
         vertex 3.823402e+002 -7.722003e+002 2.936963e+002
         vertex 3.858328e+002 -7.746035e+002 2.867851e+002
         vertex 3.889656e+002 -7.661595e+002 2.869223e+002
      endloop
   endfacet
   facet normal 9.007418e-001 -2.577522e-001 3.496111e-001
      outer loop
         vertex 3.889656e+002 -7.661595e+002 2.869223e+002
         vertex 3.858328e+002 -7.746035e+002 2.867851e+002
         vertex 3.889869e+002 -7.661621e+002 2.867808e+002
      endloop
   endfacet
   facet normal 9.601552e-001 -2.748340e-001 -5.067697e-002
      outer loop
         vertex 3.730674e+002 -7.752672e+002 1.913143e+001
         vertex 3.764426e+002 -7.663077e+002 1.895328e+001
         vertex 3.854005e+002 -7.663044e+002 1.886670e+002
      endloop
   endfacet
   facet normal 9.023812e-001 -4.282988e-001 -4.762764e-002
      outer loop
         vertex 3.730674e+002 -7.752672e+002 1.913143e+001
         vertex 3.854005e+002 -7.663044e+002 1.886670e+002
         vertex 3.730637e+002 -7.752769e+002 1.913162e+001
      endloop
   endfacet
   facet normal 1.590292e-001 -9.872382e-001 -8.393450e-003
      outer loop
         vertex 3.655684e+002 -7.839387e+002 1.897137e+002
         vertex 3.566110e+002 -7.839387e+002 2.000000e+001
         vertex 3.748633e+002 -7.816408e+002 1.892231e+002
      endloop
   endfacet
   facet normal 3.180406e-001 -9.479285e-001 -1.678613e-002
      outer loop
         vertex 3.748633e+002 -7.816408e+002 1.892231e+002
         vertex 3.566110e+002 -7.839387e+002 2.000000e+001
         vertex 3.659049e+002 -7.816413e+002 1.950946e+001
      endloop
   endfacet
   facet normal 5.995581e-001 -7.997054e-001 -3.164443e-002
      outer loop
         vertex 3.748633e+002 -7.816408e+002 1.892231e+002
         vertex 3.659049e+002 -7.816413e+002 1.950946e+001
         vertex 3.820224e+002 -7.752751e+002 1.888453e+002
      endloop
   endfacet
   facet normal 5.996750e-001 -7.996175e-001 -3.165076e-002
      outer loop
         vertex 3.820224e+002 -7.752751e+002 1.888453e+002
         vertex 3.659049e+002 -7.816413e+002 1.950946e+001
         vertex 3.659124e+002 -7.816346e+002 1.950907e+001
      endloop
   endfacet
   facet normal 9.601941e-001 -2.746982e-001 -5.067802e-002
      outer loop
         vertex 3.901659e+002 -7.663026e+002 2.789533e+002
         vertex 3.867920e+002 -7.752643e+002 2.791313e+002
         vertex 3.854005e+002 -7.663044e+002 1.886670e+002
      endloop
   endfacet
   facet normal 9.024218e-001 -4.282130e-001 -4.762904e-002
      outer loop
         vertex 3.854005e+002 -7.663044e+002 1.886670e+002
         vertex 3.867920e+002 -7.752643e+002 2.791313e+002
         vertex 3.820224e+002 -7.752751e+002 1.888453e+002
      endloop
   endfacet
   facet normal 9.023237e-001 -4.284204e-001 -4.762431e-002
      outer loop
         vertex 3.854005e+002 -7.663044e+002 1.886670e+002
         vertex 3.820224e+002 -7.752751e+002 1.888453e+002
         vertex 3.730637e+002 -7.752769e+002 1.913162e+001
      endloop
   endfacet
   facet normal 7.221296e-001 -6.907070e-001 -3.811396e-002
      outer loop
         vertex 3.730637e+002 -7.752769e+002 1.913162e+001
         vertex 3.820224e+002 -7.752751e+002 1.888453e+002
         vertex 3.659124e+002 -7.816346e+002 1.950907e+001
      endloop
   endfacet
   facet normal 1.590386e-001 -9.872366e-001 -8.393859e-003
      outer loop
         vertex 3.703337e+002 -7.839387e+002 2.800000e+002
         vertex 3.655684e+002 -7.839387e+002 1.897137e+002
         vertex 3.796291e+002 -7.816405e+002 2.795094e+002
      endloop
   endfacet
   facet normal 3.180678e-001 -9.479194e-001 -1.678731e-002
      outer loop
         vertex 3.796291e+002 -7.816405e+002 2.795094e+002
         vertex 3.655684e+002 -7.839387e+002 1.897137e+002
         vertex 3.748633e+002 -7.816408e+002 1.892231e+002
      endloop
   endfacet
   facet normal 4.649082e-001 -8.850189e-001 -2.453735e-002
      outer loop
         vertex 3.796291e+002 -7.816405e+002 2.795094e+002
         vertex 3.748633e+002 -7.816408e+002 1.892231e+002
         vertex 3.796367e+002 -7.816339e+002 2.795090e+002
      endloop
   endfacet
   facet normal 5.997129e-001 -7.995890e-001 -3.165234e-002
      outer loop
         vertex 3.796367e+002 -7.816339e+002 2.795090e+002
         vertex 3.748633e+002 -7.816408e+002 1.892231e+002
         vertex 3.820224e+002 -7.752751e+002 1.888453e+002
      endloop
   endfacet
   facet normal 7.221884e-001 -6.906455e-001 -3.811635e-002
      outer loop
         vertex 3.796367e+002 -7.816339e+002 2.795090e+002
         vertex 3.820224e+002 -7.752751e+002 1.888453e+002
         vertex 3.867883e+002 -7.752741e+002 2.791315e+002
      endloop
   endfacet
   facet normal 8.228166e-001 -5.666454e-001 -4.342738e-002
      outer loop
         vertex 3.867883e+002 -7.752741e+002 2.791315e+002
         vertex 3.820224e+002 -7.752751e+002 1.888453e+002
         vertex 3.867920e+002 -7.752643e+002 2.791313e+002
      endloop
   endfacet
   facet normal 5.279227e-001 -6.835181e-001 -5.040839e-001
      outer loop
         vertex 3.718755e+002 -7.744459e+002 1.247713e+001
         vertex 3.652335e+002 -7.803417e+002 1.247713e+001
         vertex 3.632222e+002 -7.765156e+002 5.924664e+000
      endloop
   endfacet
   facet normal 8.626443e-001 -2.514159e-001 -4.389019e-001
      outer loop
         vertex 3.734522e+002 -7.659504e+002 9.401615e+000
         vertex 3.744690e+002 -7.660719e+002 1.264937e+001
         vertex 3.718755e+002 -7.744459e+002 1.247713e+001
      endloop
   endfacet
   facet normal 1.614732e-001 -9.770070e-001 -1.392250e-001
      outer loop
         vertex 3.659049e+002 -7.816413e+002 1.950946e+001
         vertex 3.566110e+002 -7.839387e+002 2.000000e+001
         vertex 3.566110e+002 -7.824700e+002 1.247713e+001
      endloop
   endfacet
   facet normal 4.602952e-001 -8.760396e-001 -1.438159e-001
      outer loop
         vertex 3.652335e+002 -7.803417e+002 1.247713e+001
         vertex 3.659124e+002 -7.816346e+002 1.950907e+001
         vertex 3.659049e+002 -7.816413e+002 1.950946e+001
      endloop
   endfacet
   facet normal 5.961463e-001 -7.879627e-001 -1.540271e-001
      outer loop
         vertex 3.659124e+002 -7.816346e+002 1.950907e+001
         vertex 3.652335e+002 -7.803417e+002 1.247713e+001
         vertex 3.730637e+002 -7.752769e+002 1.913162e+001
      endloop
   endfacet
   facet normal 6.976425e-001 -6.614742e-001 -2.752216e-001
      outer loop
         vertex 3.730637e+002 -7.752769e+002 1.913162e+001
         vertex 3.652335e+002 -7.803417e+002 1.247713e+001
         vertex 3.718755e+002 -7.744459e+002 1.247713e+001
      endloop
   endfacet
   facet normal 8.134775e-001 -5.601838e-001 -1.563599e-001
      outer loop
         vertex 3.730637e+002 -7.752769e+002 1.913162e+001
         vertex 3.718755e+002 -7.744459e+002 1.247713e+001
         vertex 3.730674e+002 -7.752672e+002 1.913143e+001
      endloop
   endfacet
   facet normal 8.666238e-001 -4.156696e-001 -2.760109e-001
      outer loop
         vertex 3.730674e+002 -7.752672e+002 1.913143e+001
         vertex 3.718755e+002 -7.744459e+002 1.247713e+001
         vertex 3.744690e+002 -7.660719e+002 1.264937e+001
      endloop
   endfacet
   facet normal 9.471983e-001 -2.753711e-001 -1.642745e-001
      outer loop
         vertex 3.730674e+002 -7.752672e+002 1.913143e+001
         vertex 3.744690e+002 -7.660719e+002 1.264937e+001
         vertex 3.764426e+002 -7.663077e+002 1.895328e+001
      endloop
   endfacet
   facet normal 6.029412e-001 -1.852543e-001 -7.759786e-001
      outer loop
         vertex 3.662387e+002 -7.650888e+002 2.507606e+000
         vertex 3.702904e+002 -7.655728e+002 6.379840e+000
         vertex 3.683149e+002 -7.719950e+002 5.924664e+000
      endloop
   endfacet
   facet normal 7.254651e-001 -1.998665e-001 -6.585999e-001
      outer loop
         vertex 3.683149e+002 -7.719950e+002 5.924664e+000
         vertex 3.702904e+002 -7.655728e+002 6.379840e+000
         vertex 3.734522e+002 -7.659504e+002 9.401615e+000
      endloop
   endfacet
   facet normal 2.386308e-001 -8.980627e-002 -9.669489e-001
      outer loop
         vertex 3.566110e+002 -7.639387e+002 -3.122502e-014
         vertex 3.641455e+002 -7.648387e+002 1.962408e+000
         vertex 3.629513e+002 -7.683030e+002 1.540494e+000
      endloop
   endfacet
   facet normal 3.967120e-001 -1.078442e-001 -9.115861e-001
      outer loop
         vertex 3.629513e+002 -7.683030e+002 1.540494e+000
         vertex 3.641455e+002 -7.648387e+002 1.962408e+000
         vertex 3.662387e+002 -7.650888e+002 2.507606e+000
      endloop
   endfacet
   facet normal 4.709398e-001 -2.309538e-001 -8.513965e-001
      outer loop
         vertex 3.662387e+002 -7.650888e+002 2.507606e+000
         vertex 3.683149e+002 -7.719950e+002 5.924664e+000
         vertex 3.629513e+002 -7.683030e+002 1.540494e+000
      endloop
   endfacet
   facet normal 3.688205e-001 -3.280269e-001 -8.696952e-001
      outer loop
         vertex 3.629513e+002 -7.683030e+002 1.540494e+000
         vertex 3.683149e+002 -7.719950e+002 5.924664e+000
         vertex 3.601924e+002 -7.707520e+002 1.540494e+000
      endloop
   endfacet
   facet normal 1.685986e-001 -1.899367e-001 -9.672117e-001
      outer loop
         vertex 3.629513e+002 -7.683030e+002 1.540494e+000
         vertex 3.601924e+002 -7.707520e+002 1.540494e+000
         vertex 3.566110e+002 -7.639387e+002 -3.122502e-014
      endloop
   endfacet
   facet normal 6.085911e-002 -2.465717e-001 -9.672117e-001
      outer loop
         vertex 3.566110e+002 -7.716359e+002 1.540494e+000
         vertex 3.566110e+002 -7.639387e+002 -3.122502e-014
         vertex 3.601924e+002 -7.707520e+002 1.540494e+000
      endloop
   endfacet
   facet normal 3.103372e-001 -9.117407e-001 -2.691091e-001
      outer loop
         vertex 3.659049e+002 -7.816413e+002 1.950946e+001
         vertex 3.566110e+002 -7.824700e+002 1.247713e+001
         vertex 3.652335e+002 -7.803417e+002 1.247713e+001
      endloop
   endfacet
   facet normal 1.471756e-001 -8.921065e-001 -4.271831e-001
      outer loop
         vertex 3.652335e+002 -7.803417e+002 1.247713e+001
         vertex 3.566110e+002 -7.824700e+002 1.247713e+001
         vertex 3.566110e+002 -7.809642e+002 1.019463e+001
      endloop
   endfacet
   facet normal 2.622589e-001 -7.972758e-001 -5.436649e-001
      outer loop
         vertex 3.652335e+002 -7.803417e+002 1.247713e+001
         vertex 3.566110e+002 -7.809642e+002 1.019463e+001
         vertex 3.632222e+002 -7.765156e+002 5.924664e+000
      endloop
   endfacet
   facet normal 1.126541e-001 -7.517408e-001 -6.497652e-001
      outer loop
         vertex 3.632222e+002 -7.765156e+002 5.924664e+000
         vertex 3.566110e+002 -7.809642e+002 1.019463e+001
         vertex 3.566110e+002 -7.781473e+002 5.924664e+000
      endloop
   endfacet
   facet normal 1.123281e-001 -6.246519e-001 -7.727823e-001
      outer loop
         vertex 3.632222e+002 -7.765156e+002 5.924664e+000
         vertex 3.566110e+002 -7.781473e+002 5.924664e+000
         vertex 3.566110e+002 -7.737481e+002 2.962630e+000
      endloop
   endfacet
   facet normal 7.536333e-001 -3.539434e-001 -5.538601e-001
      outer loop
         vertex 3.734522e+002 -7.659504e+002 9.401615e+000
         vertex 3.718755e+002 -7.744459e+002 1.247713e+001
         vertex 3.683149e+002 -7.719950e+002 5.924664e+000
      endloop
   endfacet
   facet normal 5.784513e-001 -5.364305e-001 -6.145213e-001
      outer loop
         vertex 3.683149e+002 -7.719950e+002 5.924664e+000
         vertex 3.718755e+002 -7.744459e+002 1.247713e+001
         vertex 3.632222e+002 -7.765156e+002 5.924664e+000
      endloop
   endfacet
   facet normal 3.752328e-001 -4.703360e-001 -7.987392e-001
      outer loop
         vertex 3.683149e+002 -7.719950e+002 5.924664e+000
         vertex 3.632222e+002 -7.765156e+002 5.924664e+000
         vertex 3.601924e+002 -7.707520e+002 1.540494e+000
      endloop
   endfacet
   facet normal 1.734515e-001 -4.997848e-001 -8.486046e-001
      outer loop
         vertex 3.601924e+002 -7.707520e+002 1.540494e+000
         vertex 3.632222e+002 -7.765156e+002 5.924664e+000
         vertex 3.566110e+002 -7.737481e+002 2.962630e+000
      endloop
   endfacet
   facet normal 6.006109e-002 -4.106902e-001 -9.097946e-001
      outer loop
         vertex 3.601924e+002 -7.707520e+002 1.540494e+000
         vertex 3.566110e+002 -7.737481e+002 2.962630e+000
         vertex 3.566110e+002 -7.716359e+002 1.540494e+000
      endloop
   endfacet
   facet normal 0.000000e+000 -9.918413e-001 -1.274788e-001
      outer loop
         vertex 3.566110e+002 -7.839387e+002 2.000000e+001
         vertex 3.389476e+002 -7.839387e+002 2.000000e+001
         vertex 3.566110e+002 -7.824700e+002 1.247713e+001
      endloop
   endfacet
   facet normal 0.000000e+000 -9.541428e-001 -2.993518e-001
      outer loop
         vertex 3.566110e+002 -7.824700e+002 1.247713e+001
         vertex 3.389476e+002 -7.839387e+002 2.000000e+001
         vertex 3.389476e+002 -7.812592e+002 1.000000e+001
      endloop
   endfacet
   facet normal 0.000000e+000 -8.882456e-001 -4.593688e-001
      outer loop
         vertex 3.566110e+002 -7.824700e+002 1.247713e+001
         vertex 3.389476e+002 -7.812592e+002 1.000000e+001
         vertex 3.566110e+002 -7.809642e+002 1.019463e+001
      endloop
   endfacet
   facet normal 0.000000e+000 -8.203776e-001 -5.718222e-001
      outer loop
         vertex 3.566110e+002 -7.809642e+002 1.019463e+001
         vertex 3.389476e+002 -7.812592e+002 1.000000e+001
         vertex 3.566110e+002 -7.781473e+002 5.924664e+000
      endloop
   endfacet
   facet normal 0.000000e+000 -7.082424e-001 -7.059693e-001
      outer loop
         vertex 3.566110e+002 -7.781473e+002 5.924664e+000
         vertex 3.389476e+002 -7.812592e+002 1.000000e+001
         vertex 3.389476e+002 -7.739387e+002 2.679492e+000
      endloop
   endfacet
   facet normal 0.000000e+000 -5.743423e-001 -8.186153e-001
      outer loop
         vertex 3.566110e+002 -7.781473e+002 5.924664e+000
         vertex 3.389476e+002 -7.739387e+002 2.679492e+000
         vertex 3.566110e+002 -7.737481e+002 2.962630e+000
      endloop
   endfacet
   facet normal 0.000000e+000 -4.621144e-001 -8.868204e-001
      outer loop
         vertex 3.566110e+002 -7.737481e+002 2.962630e+000
         vertex 3.389476e+002 -7.739387e+002 2.679492e+000
         vertex 3.566110e+002 -7.716359e+002 1.540494e+000
      endloop
   endfacet
   facet normal 0.000000e+000 -3.024121e-001 -9.531772e-001
      outer loop
         vertex 3.566110e+002 -7.716359e+002 1.540494e+000
         vertex 3.389476e+002 -7.739387e+002 2.679492e+000
         vertex 3.389476e+002 -7.639387e+002 0.000000e+000
      endloop
   endfacet
   facet normal 0.000000e+000 -1.305403e-001 -9.914430e-001
      outer loop
         vertex 3.566110e+002 -7.716359e+002 1.540494e+000
         vertex 3.389476e+002 -7.639387e+002 0.000000e+000
         vertex 3.566110e+002 -7.639387e+002 0.000000e+000
      endloop
   endfacet
endsolid