solid leftdown_д╛хо_sldprt
   facet normal 2.274398e-001 -7.776858e-001 -5.860682e-001
      outer loop
         vertex 4.082098e+001 -4.316686e+001 1.713973e+000
         vertex 4.037388e+001 -4.326508e+001 1.635074e+000
         vertex 4.038334e+001 -4.319695e+001 1.558458e+000
      endloop
   endfacet
   facet normal -2.781395e-001 -9.126329e-001 -2.995655e-001
      outer loop
         vertex 3.996401e+001 -4.324363e+001 1.674254e+000
         vertex 3.990536e+001 -4.321160e+001 1.670403e+000
         vertex 3.991841e+001 -4.319270e+001 1.579648e+000
      endloop
   endfacet
   facet normal 1.013278e-001 2.450017e-002 -9.945514e-001
      outer loop
         vertex 4.002504e+001 -4.292593e+001 1.469939e+000
         vertex 4.019894e+001 -4.299698e+001 1.484820e+000
         vertex 3.998359e+001 -4.303965e+001 1.465682e+000
      endloop
   endfacet
   facet normal 1.041310e-001 -1.023297e-001 -9.892853e-001
      outer loop
         vertex 3.998359e+001 -4.303965e+001 1.465682e+000
         vertex 4.019894e+001 -4.299698e+001 1.484820e+000
         vertex 4.038717e+001 -4.310378e+001 1.514793e+000
      endloop
   endfacet
   facet normal 1.022086e-001 -3.553329e-001 -9.291350e-001
      outer loop
         vertex 3.998359e+001 -4.303965e+001 1.465682e+000
         vertex 4.038717e+001 -4.310378e+001 1.514793e+000
         vertex 4.038334e+001 -4.319695e+001 1.558458e+000
      endloop
   endfacet
   facet normal 1.013279e-001 2.450014e-002 -9.945514e-001
      outer loop
         vertex 4.002504e+001 -4.292593e+001 1.469939e+000
         vertex 3.998359e+001 -4.303965e+001 1.465682e+000
         vertex 3.976537e+001 -4.281983e+001 1.447720e+000
      endloop
   endfacet
   facet normal 1.872620e-002 -7.188988e-002 -9.972368e-001
      outer loop
         vertex 3.976537e+001 -4.281983e+001 1.447720e+000
         vertex 3.998359e+001 -4.303965e+001 1.465682e+000
         vertex 3.962836e+001 -4.283318e+001 1.448067e+000
      endloop
   endfacet
   facet normal 6.138889e-002 4.769769e-002 -9.969736e-001
      outer loop
         vertex 3.976537e+001 -4.281983e+001 1.447720e+000
         vertex 3.962836e+001 -4.283318e+001 1.448067e+000
         vertex 3.969027e+001 -4.276111e+001 1.445350e+000
      endloop
   endfacet
   facet normal -1.562103e-001 -9.447198e-001 -2.882756e-001
      outer loop
         vertex 3.996401e+001 -4.324363e+001 1.674254e+000
         vertex 3.991841e+001 -4.319270e+001 1.579648e+000
         vertex 4.036243e+001 -4.326337e+001 1.729043e+000
      endloop
   endfacet
   facet normal 1.912390e-001 2.707726e-002 -9.811699e-001
      outer loop
         vertex 4.038267e+001 -4.298302e+001 1.513422e+000
         vertex 4.066047e+001 -4.296191e+001 1.556669e+000
         vertex 4.078333e+001 -4.301675e+001 1.584702e+000
      endloop
   endfacet
   facet normal 1.912389e-001 2.707725e-002 -9.811700e-001
      outer loop
         vertex 4.078333e+001 -4.301675e+001 1.584702e+000
         vertex 4.066047e+001 -4.296191e+001 1.556669e+000
         vertex 4.073867e+001 -4.291423e+001 1.574882e+000
      endloop
   endfacet
   facet normal 1.912389e-001 2.707723e-002 -9.811700e-001
      outer loop
         vertex 4.078333e+001 -4.301675e+001 1.584702e+000
         vertex 4.073867e+001 -4.291423e+001 1.574882e+000
         vertex 4.105382e+001 -4.272206e+001 1.648282e+000
      endloop
   endfacet
   facet normal 2.763112e-001 -6.450920e-002 -9.589007e-001
      outer loop
         vertex 4.105382e+001 -4.272206e+001 1.648282e+000
         vertex 4.111656e+001 -4.279062e+001 1.668399e+000
         vertex 4.078333e+001 -4.301675e+001 1.584702e+000
      endloop
   endfacet
   facet normal 3.676251e-001 -1.676699e-001 -9.147342e-001
      outer loop
         vertex 4.078333e+001 -4.301675e+001 1.584702e+000
         vertex 4.111656e+001 -4.279062e+001 1.668399e+000
         vertex 4.112616e+001 -4.280111e+001 1.671479e+000
      endloop
   endfacet
   facet normal 3.724042e-001 -3.118699e-001 -8.741009e-001
      outer loop
         vertex 4.078333e+001 -4.301675e+001 1.584702e+000
         vertex 4.112616e+001 -4.280111e+001 1.671479e+000
         vertex 4.081024e+001 -4.310316e+001 1.633792e+000
      endloop
   endfacet
   facet normal 4.967879e-001 -4.013996e-001 -7.694674e-001
      outer loop
         vertex 4.081024e+001 -4.310316e+001 1.633792e+000
         vertex 4.112616e+001 -4.280111e+001 1.671479e+000
         vertex 4.117993e+001 -4.287481e+001 1.740354e+000
      endloop
   endfacet
   facet normal 5.929198e-001 -5.498034e-001 -5.883555e-001
      outer loop
         vertex 4.081024e+001 -4.310316e+001 1.633792e+000
         vertex 4.117993e+001 -4.287481e+001 1.740354e+000
         vertex 4.119396e+001 -4.290839e+001 1.807912e+000
      endloop
   endfacet
   facet normal -5.288979e-001 -8.122071e-001 -2.461437e-001
      outer loop
         vertex 3.990536e+001 -4.321160e+001 1.670403e+000
         vertex 3.949290e+001 -4.298635e+001 1.643315e+000
         vertex 3.950015e+001 -4.297879e+001 1.606485e+000
      endloop
   endfacet
   facet normal -3.985617e-001 -8.431341e-001 -3.609341e-001
      outer loop
         vertex 3.990536e+001 -4.321160e+001 1.670403e+000
         vertex 3.950015e+001 -4.297879e+001 1.606485e+000
         vertex 3.991841e+001 -4.319270e+001 1.579648e+000
      endloop
   endfacet
   facet normal -4.715755e-001 -7.380106e-001 -4.826562e-001
      outer loop
         vertex 3.991841e+001 -4.319270e+001 1.579648e+000
         vertex 3.950015e+001 -4.297879e+001 1.606485e+000
         vertex 3.952129e+001 -4.295529e+001 1.559297e+000
      endloop
   endfacet
   facet normal -3.103409e-001 -6.922591e-001 -6.515104e-001
      outer loop
         vertex 3.991841e+001 -4.319270e+001 1.579648e+000
         vertex 3.952129e+001 -4.295529e+001 1.559297e+000
         vertex 3.994844e+001 -4.312783e+001 1.505536e+000
      endloop
   endfacet
   facet normal -3.733581e-001 -5.873844e-001 -7.180413e-001
      outer loop
         vertex 3.994844e+001 -4.312783e+001 1.505536e+000
         vertex 3.952129e+001 -4.295529e+001 1.559297e+000
         vertex 3.954466e+001 -4.292931e+001 1.507123e+000
      endloop
   endfacet
   facet normal -2.431524e-001 -4.396556e-001 -8.646270e-001
      outer loop
         vertex 3.994844e+001 -4.312783e+001 1.505536e+000
         vertex 3.954466e+001 -4.292931e+001 1.507123e+000
         vertex 3.961494e+001 -4.284881e+001 1.448656e+000
      endloop
   endfacet
   facet normal 6.661133e-002 -9.640889e-001 -2.570904e-001
      outer loop
         vertex 4.036245e+001 -4.326337e+001 1.729046e+000
         vertex 4.036243e+001 -4.326337e+001 1.729043e+000
         vertex 4.037388e+001 -4.326508e+001 1.635074e+000
      endloop
   endfacet
   facet normal -3.194713e-002 -9.178624e-001 -3.956111e-001
      outer loop
         vertex 4.037388e+001 -4.326508e+001 1.635074e+000
         vertex 4.036243e+001 -4.326337e+001 1.729043e+000
         vertex 3.991841e+001 -4.319270e+001 1.579648e+000
      endloop
   endfacet
   facet normal -3.105978e-003 -7.842946e-001 -6.203809e-001
      outer loop
         vertex 4.037388e+001 -4.326508e+001 1.635074e+000
         vertex 3.991841e+001 -4.319270e+001 1.579648e+000
         vertex 4.038334e+001 -4.319695e+001 1.558458e+000
      endloop
   endfacet
   facet normal -7.855812e-002 -6.759629e-001 -7.327365e-001
      outer loop
         vertex 4.038334e+001 -4.319695e+001 1.558458e+000
         vertex 3.991841e+001 -4.319270e+001 1.579648e+000
         vertex 3.994844e+001 -4.312783e+001 1.505536e+000
      endloop
   endfacet
   facet normal 9.417631e-003 -4.677987e-001 -8.837849e-001
      outer loop
         vertex 4.038334e+001 -4.319695e+001 1.558458e+000
         vertex 3.994844e+001 -4.312783e+001 1.505536e+000
         vertex 3.998359e+001 -4.303965e+001 1.465682e+000
      endloop
   endfacet
   facet normal -8.906008e-002 -3.308263e-001 -9.394798e-001
      outer loop
         vertex 3.998359e+001 -4.303965e+001 1.465682e+000
         vertex 3.994844e+001 -4.312783e+001 1.505536e+000
         vertex 3.961494e+001 -4.284881e+001 1.448656e+000
      endloop
   endfacet
   facet normal -8.074943e-002 -1.864084e-001 -9.791483e-001
      outer loop
         vertex 3.998359e+001 -4.303965e+001 1.465682e+000
         vertex 3.961494e+001 -4.284881e+001 1.448656e+000
         vertex 3.962836e+001 -4.283318e+001 1.448067e+000
      endloop
   endfacet
   facet normal 4.201524e-001 -8.863230e-001 -1.946880e-001
      outer loop
         vertex 4.082098e+001 -4.316686e+001 1.713973e+000
         vertex 4.079972e+001 -4.316453e+001 1.806611e+000
         vertex 4.079971e+001 -4.316453e+001 1.806608e+000
      endloop
   endfacet
   facet normal 3.202352e-001 -8.843102e-001 -3.397718e-001
      outer loop
         vertex 4.082098e+001 -4.316686e+001 1.713973e+000
         vertex 4.079971e+001 -4.316453e+001 1.806608e+000
         vertex 4.037388e+001 -4.326508e+001 1.635074e+000
      endloop
   endfacet
   facet normal 2.436672e-001 -9.422490e-001 -2.297675e-001
      outer loop
         vertex 4.037388e+001 -4.326508e+001 1.635074e+000
         vertex 4.079971e+001 -4.316453e+001 1.806608e+000
         vertex 4.056482e+001 -4.327339e+001 1.756874e+000
      endloop
   endfacet
   facet normal 1.205284e-001 -9.609206e-001 -2.492079e-001
      outer loop
         vertex 4.037388e+001 -4.326508e+001 1.635074e+000
         vertex 4.056482e+001 -4.327339e+001 1.756874e+000
         vertex 4.036245e+001 -4.326337e+001 1.729046e+000
      endloop
   endfacet
   facet normal 6.906136e-001 -7.186514e-001 -8.119741e-002
      outer loop
         vertex 4.119734e+001 -4.293754e+001 1.896980e+000
         vertex 4.109877e+001 -4.302593e+001 1.869930e+000
         vertex 4.120083e+001 -4.292483e+001 1.840987e+000
      endloop
   endfacet
   facet normal 5.960364e-001 -7.958099e-001 -1.068991e-001
      outer loop
         vertex 4.120083e+001 -4.292483e+001 1.840987e+000
         vertex 4.109877e+001 -4.302593e+001 1.869930e+000
         vertex 4.079972e+001 -4.316453e+001 1.806611e+000
      endloop
   endfacet
   facet normal 6.290031e-001 -7.444015e-001 -2.241016e-001
      outer loop
         vertex 4.120083e+001 -4.292483e+001 1.840987e+000
         vertex 4.079972e+001 -4.316453e+001 1.806611e+000
         vertex 4.119396e+001 -4.290839e+001 1.807912e+000
      endloop
   endfacet
   facet normal 5.308381e-001 -7.940100e-001 -2.962413e-001
      outer loop
         vertex 4.119396e+001 -4.290839e+001 1.807912e+000
         vertex 4.079972e+001 -4.316453e+001 1.806611e+000
         vertex 4.082098e+001 -4.316686e+001 1.713973e+000
      endloop
   endfacet
   facet normal 5.247604e-001 -6.683282e-001 -5.272230e-001
      outer loop
         vertex 4.119396e+001 -4.290839e+001 1.807912e+000
         vertex 4.082098e+001 -4.316686e+001 1.713973e+000
         vertex 4.081024e+001 -4.310316e+001 1.633792e+000
      endloop
   endfacet
   facet normal 3.261194e-001 -6.643634e-001 -6.725082e-001
      outer loop
         vertex 4.081024e+001 -4.310316e+001 1.633792e+000
         vertex 4.082098e+001 -4.316686e+001 1.713973e+000
         vertex 4.038334e+001 -4.319695e+001 1.558458e+000
      endloop
   endfacet
   facet normal 2.743815e-001 -4.602039e-001 -8.443502e-001
      outer loop
         vertex 4.081024e+001 -4.310316e+001 1.633792e+000
         vertex 4.038334e+001 -4.319695e+001 1.558458e+000
         vertex 4.078333e+001 -4.301675e+001 1.584702e+000
      endloop
   endfacet
   facet normal 1.926541e-001 -3.527404e-001 -9.156739e-001
      outer loop
         vertex 4.078333e+001 -4.301675e+001 1.584702e+000
         vertex 4.038334e+001 -4.319695e+001 1.558458e+000
         vertex 4.038717e+001 -4.310378e+001 1.514793e+000
      endloop
   endfacet
   facet normal 1.941386e-001 -9.974980e-002 -9.758894e-001
      outer loop
         vertex 4.078333e+001 -4.301675e+001 1.584702e+000
         vertex 4.038717e+001 -4.310378e+001 1.514793e+000
         vertex 4.038267e+001 -4.298302e+001 1.513422e+000
      endloop
   endfacet
   facet normal 1.467021e-001 1.729063e-002 -9.890296e-001
      outer loop
         vertex 4.038267e+001 -4.298302e+001 1.513422e+000
         vertex 4.038717e+001 -4.310378e+001 1.514793e+000
         vertex 4.019894e+001 -4.299698e+001 1.484820e+000
      endloop
   endfacet
   facet normal -9.004226e-002 -2.542035e-001 9.629502e-001
      outer loop
         vertex 4.091275e+001 -4.285685e+001 2.126589e+000
         vertex 4.066417e+001 -4.297754e+001 2.073162e+000
         vertex 4.071640e+001 -4.308367e+001 2.047173e+000
      endloop
   endfacet
   facet normal -9.004220e-002 -2.542034e-001 9.629502e-001
      outer loop
         vertex 4.071640e+001 -4.308367e+001 2.047173e+000
         vertex 4.066417e+001 -4.297754e+001 2.073162e+000
         vertex 4.049778e+001 -4.305832e+001 2.037401e+000
      endloop
   endfacet
   facet normal -8.069889e-002 -3.745842e-001 9.236744e-001
      outer loop
         vertex 4.049778e+001 -4.305832e+001 2.037401e+000
         vertex 4.032024e+001 -4.317069e+001 1.977263e+000
         vertex 4.071640e+001 -4.308367e+001 2.047173e+000
      endloop
   endfacet
   facet normal -5.523900e-002 -6.006252e-001 7.976202e-001
      outer loop
         vertex 4.071640e+001 -4.308367e+001 2.047173e+000
         vertex 4.032024e+001 -4.317069e+001 1.977263e+000
         vertex 4.033243e+001 -4.324784e+001 1.910167e+000
      endloop
   endfacet
   facet normal 4.733262e-002 -6.872462e-001 7.248809e-001
      outer loop
         vertex 4.071640e+001 -4.308367e+001 2.047173e+000
         vertex 4.033243e+001 -4.324784e+001 1.910167e+000
         vertex 4.075934e+001 -4.315406e+001 1.985502e+000
      endloop
   endfacet
   facet normal -7.638628e-002 -9.967242e-001 -2.656749e-002
      outer loop
         vertex 3.996401e+001 -4.324363e+001 1.674254e+000
         vertex 4.036243e+001 -4.326337e+001 1.729043e+000
         vertex 4.034737e+001 -4.329157e+001 1.818160e+000
      endloop
   endfacet
   facet normal 3.125927e-002 -9.994289e-001 -1.283619e-002
      outer loop
         vertex 4.034737e+001 -4.329157e+001 1.818160e+000
         vertex 4.036243e+001 -4.326337e+001 1.729043e+000
         vertex 4.036245e+001 -4.326337e+001 1.729046e+000
      endloop
   endfacet
   facet normal 1.267352e-001 -9.828045e-001 1.342889e-001
      outer loop
         vertex 4.034737e+001 -4.329157e+001 1.818160e+000
         vertex 4.036245e+001 -4.326337e+001 1.729046e+000
         vertex 4.079448e+001 -4.319336e+001 1.897059e+000
      endloop
   endfacet
   facet normal 2.002571e-001 -9.796141e-001 1.591764e-002
      outer loop
         vertex 4.079448e+001 -4.319336e+001 1.897059e+000
         vertex 4.036245e+001 -4.326337e+001 1.729046e+000
         vertex 4.056482e+001 -4.327339e+001 1.756874e+000
      endloop
   endfacet
   facet normal -5.580919e-001 -8.277737e-001 5.765460e-002
      outer loop
         vertex 3.949553e+001 -4.298104e+001 1.738000e+000
         vertex 3.949290e+001 -4.298635e+001 1.643315e+000
         vertex 3.989191e+001 -4.321918e+001 1.762736e+000
      endloop
   endfacet
   facet normal -4.459242e-001 -8.927467e-001 -6.445756e-002
      outer loop
         vertex 3.989191e+001 -4.321918e+001 1.762736e+000
         vertex 3.949290e+001 -4.298635e+001 1.643315e+000
         vertex 3.990536e+001 -4.321160e+001 1.670402e+000
      endloop
   endfacet
   facet normal -1.799538e-001 -2.567795e-001 9.495688e-001
      outer loop
         vertex 4.031312e+001 -4.305491e+001 2.011178e+000
         vertex 4.003409e+001 -4.304975e+001 1.971554e+000
         vertex 3.991667e+001 -4.310656e+001 1.928154e+000
      endloop
   endfacet
   facet normal -1.799537e-001 -2.567795e-001 9.495688e-001
      outer loop
         vertex 3.991667e+001 -4.310656e+001 1.928154e+000
         vertex 4.003409e+001 -4.304975e+001 1.971554e+000
         vertex 3.995140e+001 -4.300666e+001 1.965824e+000
      endloop
   endfacet
   facet normal -1.799537e-001 -2.567795e-001 9.495688e-001
      outer loop
         vertex 3.991667e+001 -4.310656e+001 1.928154e+000
         vertex 3.995140e+001 -4.300666e+001 1.965824e+000
         vertex 3.961831e+001 -4.283308e+001 1.942746e+000
      endloop
   endfacet
   facet normal -2.561088e-001 -3.467227e-001 9.023257e-001
      outer loop
         vertex 3.961831e+001 -4.283308e+001 1.942746e+000
         vertex 3.956353e+001 -4.289792e+001 1.900376e+000
         vertex 3.991667e+001 -4.310656e+001 1.928154e+000
      endloop
   endfacet
   facet normal -3.531487e-001 -4.610691e-001 8.140646e-001
      outer loop
         vertex 3.991667e+001 -4.310656e+001 1.928154e+000
         vertex 3.956353e+001 -4.289792e+001 1.900376e+000
         vertex 3.954243e+001 -4.292289e+001 1.884060e+000
      endloop
   endfacet
   facet normal -3.435677e-001 -5.872340e-001 7.328830e-001
      outer loop
         vertex 3.991667e+001 -4.310656e+001 1.928154e+000
         vertex 3.954243e+001 -4.292289e+001 1.884060e+000
         vertex 3.989754e+001 -4.317872e+001 1.857247e+000
      endloop
   endfacet
   facet normal -4.441842e-001 -6.363654e-001 6.306657e-001
      outer loop
         vertex 3.989754e+001 -4.317872e+001 1.857247e+000
         vertex 3.954243e+001 -4.292289e+001 1.884060e+000
         vertex 3.951948e+001 -4.295094e+001 1.829261e+000
      endloop
   endfacet
   facet normal -5.063571e-001 -7.125517e-001 4.856671e-001
      outer loop
         vertex 3.989754e+001 -4.317872e+001 1.857247e+000
         vertex 3.951948e+001 -4.295094e+001 1.829261e+000
         vertex 3.949653e+001 -4.297899e+001 1.774461e+000
      endloop
   endfacet
   facet normal 3.198768e-001 -9.467297e-001 3.716930e-002
      outer loop
         vertex 4.056482e+001 -4.327339e+001 1.756874e+000
         vertex 4.079971e+001 -4.316453e+001 1.806608e+000
         vertex 4.079448e+001 -4.319336e+001 1.897059e+000
      endloop
   endfacet
   facet normal 3.848101e-001 -9.216639e-001 4.956776e-002
      outer loop
         vertex 4.079448e+001 -4.319336e+001 1.897059e+000
         vertex 4.079971e+001 -4.316453e+001 1.806608e+000
         vertex 4.079972e+001 -4.316453e+001 1.806611e+000
      endloop
   endfacet
   facet normal 4.588969e-001 -8.658496e-001 1.992943e-001
      outer loop
         vertex 4.079448e+001 -4.319336e+001 1.897059e+000
         vertex 4.079972e+001 -4.316453e+001 1.806611e+000
         vertex 4.116819e+001 -4.293417e+001 1.986048e+000
      endloop
   endfacet
   facet normal 5.711856e-001 -8.021662e-001 1.740010e-001
      outer loop
         vertex 4.116819e+001 -4.293417e+001 1.986048e+000
         vertex 4.079972e+001 -4.316453e+001 1.806611e+000
         vertex 4.118463e+001 -4.294103e+001 1.952973e+000
      endloop
   endfacet
   facet normal 5.741584e-001 -8.176261e-001 4.277499e-002
      outer loop
         vertex 4.118463e+001 -4.294103e+001 1.952973e+000
         vertex 4.079972e+001 -4.316453e+001 1.806611e+000
         vertex 4.109877e+001 -4.302593e+001 1.869930e+000
      endloop
   endfacet
   facet normal 6.691884e-001 -7.400765e-001 6.688515e-002
      outer loop
         vertex 4.118463e+001 -4.294103e+001 1.952973e+000
         vertex 4.109877e+001 -4.302593e+001 1.869930e+000
         vertex 4.119734e+001 -4.293754e+001 1.896980e+000
      endloop
   endfacet
   facet normal -5.249308e-002 -2.287869e-001 9.720602e-001
      outer loop
         vertex 4.098185e+001 -4.279402e+001 2.145678e+000
         vertex 4.091275e+001 -4.285685e+001 2.126589e+000
         vertex 4.105041e+001 -4.285676e+001 2.125561e+000
      endloop
   endfacet
   facet normal 1.476878e-003 -3.393432e-001 9.406614e-001
      outer loop
         vertex 4.105041e+001 -4.285676e+001 2.125561e+000
         vertex 4.091275e+001 -4.285685e+001 2.126589e+000
         vertex 4.071640e+001 -4.308367e+001 2.047173e+000
      endloop
   endfacet
   facet normal 1.055332e-001 -4.297608e-001 8.967544e-001
      outer loop
         vertex 4.105041e+001 -4.285676e+001 2.125561e+000
         vertex 4.071640e+001 -4.308367e+001 2.047173e+000
         vertex 4.106091e+001 -4.286636e+001 2.122481e+000
      endloop
   endfacet
   facet normal 1.271979e-001 -5.570738e-001 8.206640e-001
      outer loop
         vertex 4.106091e+001 -4.286636e+001 2.122481e+000
         vertex 4.071640e+001 -4.308367e+001 2.047173e+000
         vertex 4.075934e+001 -4.315406e+001 1.985502e+000
      endloop
   endfacet
   facet normal 2.792425e-001 -6.189430e-001 7.341208e-001
      outer loop
         vertex 4.106091e+001 -4.286636e+001 2.122481e+000
         vertex 4.075934e+001 -4.315406e+001 1.985502e+000
         vertex 4.113460e+001 -4.292013e+001 2.053606e+000
      endloop
   endfacet
   facet normal -3.134984e-001 -9.479811e-001 -5.523245e-002
      outer loop
         vertex 3.990536e+001 -4.321160e+001 1.670402e+000
         vertex 3.996401e+001 -4.324363e+001 1.674254e+000
         vertex 3.989191e+001 -4.321918e+001 1.762736e+000
      endloop
   endfacet
   facet normal -2.115978e-001 -9.735459e-001 8.622510e-002
      outer loop
         vertex 3.989191e+001 -4.321918e+001 1.762736e+000
         vertex 3.996401e+001 -4.324363e+001 1.674254e+000
         vertex 4.034737e+001 -4.329157e+001 1.818160e+000
      endloop
   endfacet
   facet normal -1.437846e-001 -9.249551e-001 3.518294e-001
      outer loop
         vertex 3.989191e+001 -4.321918e+001 1.762736e+000
         vertex 4.034737e+001 -4.329157e+001 1.818160e+000
         vertex 4.033243e+001 -4.324784e+001 1.910167e+000
      endloop
   endfacet
   facet normal 8.676244e-002 -9.183502e-001 3.861414e-001
      outer loop
         vertex 4.033243e+001 -4.324784e+001 1.910167e+000
         vertex 4.034737e+001 -4.329157e+001 1.818160e+000
         vertex 4.079448e+001 -4.319336e+001 1.897059e+000
      endloop
   endfacet
   facet normal 1.529206e-001 -8.375550e-001 5.245159e-001
      outer loop
         vertex 4.033243e+001 -4.324784e+001 1.910167e+000
         vertex 4.079448e+001 -4.319336e+001 1.897059e+000
         vertex 4.075934e+001 -4.315406e+001 1.985502e+000
      endloop
   endfacet
   facet normal 3.840955e-001 -8.089911e-001 4.449764e-001
      outer loop
         vertex 4.075934e+001 -4.315406e+001 1.985502e+000
         vertex 4.079448e+001 -4.319336e+001 1.897059e+000
         vertex 4.116819e+001 -4.293417e+001 1.986048e+000
      endloop
   endfacet
   facet normal 4.277770e-001 -7.149453e-001 5.530463e-001
      outer loop
         vertex 4.075934e+001 -4.315406e+001 1.985502e+000
         vertex 4.116819e+001 -4.293417e+001 1.986048e+000
         vertex 4.113460e+001 -4.292013e+001 2.053606e+000
      endloop
   endfacet
   facet normal -1.345808e-001 -2.639897e-001 9.550903e-001
      outer loop
         vertex 4.049778e+001 -4.305832e+001 2.037401e+000
         vertex 4.031312e+001 -4.305491e+001 2.011178e+000
         vertex 4.032024e+001 -4.317069e+001 1.977263e+000
      endloop
   endfacet
   facet normal -1.707070e-001 -3.771630e-001 9.102786e-001
      outer loop
         vertex 4.032024e+001 -4.317069e+001 1.977263e+000
         vertex 4.031312e+001 -4.305491e+001 2.011178e+000
         vertex 3.991667e+001 -4.310656e+001 1.928154e+000
      endloop
   endfacet
   facet normal -1.456850e-001 -6.032165e-001 7.841593e-001
      outer loop
         vertex 4.032024e+001 -4.317069e+001 1.977263e+000
         vertex 3.991667e+001 -4.310656e+001 1.928154e+000
         vertex 4.033243e+001 -4.324784e+001 1.910167e+000
      endloop
   endfacet
   facet normal -2.176327e-001 -6.948375e-001 6.854464e-001
      outer loop
         vertex 4.033243e+001 -4.324784e+001 1.910167e+000
         vertex 3.991667e+001 -4.310656e+001 1.928154e+000
         vertex 3.989754e+001 -4.317872e+001 1.857247e+000
      endloop
   endfacet
   facet normal -2.517590e-001 -8.491489e-001 4.642881e-001
      outer loop
         vertex 4.033243e+001 -4.324784e+001 1.910167e+000
         vertex 3.989754e+001 -4.317872e+001 1.857247e+000
         vertex 3.989191e+001 -4.321918e+001 1.762736e+000
      endloop
   endfacet
   facet normal -4.411791e-001 -8.186933e-001 3.675626e-001
      outer loop
         vertex 3.989191e+001 -4.321918e+001 1.762736e+000
         vertex 3.989754e+001 -4.317872e+001 1.857247e+000
         vertex 3.949653e+001 -4.297899e+001 1.774461e+000
      endloop
   endfacet
   facet normal -5.450350e-001 -8.057660e-001 2.316850e-001
      outer loop
         vertex 3.989191e+001 -4.321918e+001 1.762736e+000
         vertex 3.949653e+001 -4.297899e+001 1.774461e+000
         vertex 3.949553e+001 -4.298104e+001 1.738000e+000
      endloop
   endfacet
   facet normal -4.513184e-003 -1.820488e-001 9.832791e-001
      outer loop
         vertex 4.256209e+001 -4.117342e+001 2.584909e+000
         vertex 4.245751e+001 -4.114560e+001 2.597678e+000
         vertex 4.220938e+001 -4.156649e+001 2.500881e+000
      endloop
   endfacet
   facet normal -2.590021e-003 -1.116051e-001 9.937493e-001
      outer loop
         vertex 4.257721e+001 -4.061965e+001 2.667217e+000
         vertex 4.247119e+001 -4.064437e+001 2.672177e+000
         vertex 4.245751e+001 -4.114560e+001 2.597678e+000
      endloop
   endfacet
   facet normal -6.161419e-002 -7.292064e-002 9.954327e-001
      outer loop
         vertex 4.224665e+001 -4.020089e+001 2.703854e+000
         vertex 4.247119e+001 -4.064437e+001 2.672177e+000
         vertex 4.230822e+001 -4.014783e+001 2.707137e+000
      endloop
   endfacet
   facet normal 7.978505e-002 -4.038406e-002 9.959937e-001
      outer loop
         vertex 4.230822e+001 -4.014783e+001 2.707137e+000
         vertex 4.247119e+001 -4.064437e+001 2.672177e+000
         vertex 4.257721e+001 -4.061965e+001 2.667217e+000
      endloop
   endfacet
   facet normal 1.868871e-001 5.350148e-002 9.809235e-001
      outer loop
         vertex 4.230822e+001 -4.014783e+001 2.707137e+000
         vertex 4.257721e+001 -4.061965e+001 2.667217e+000
         vertex 4.232760e+001 -4.013091e+001 2.697151e+000
      endloop
   endfacet
   facet normal 3.823523e-001 5.426827e-002 9.224216e-001
      outer loop
         vertex 4.232760e+001 -4.013091e+001 2.697151e+000
         vertex 4.257721e+001 -4.061965e+001 2.667217e+000
         vertex 4.267380e+001 -4.059173e+001 2.614262e+000
      endloop
   endfacet
   facet normal 4.427513e-001 1.972984e-001 8.746684e-001
      outer loop
         vertex 4.232760e+001 -4.013091e+001 2.697151e+000
         vertex 4.267380e+001 -4.059173e+001 2.614262e+000
         vertex 4.239636e+001 -4.007088e+001 2.661719e+000
      endloop
   endfacet
   facet normal 6.233284e-001 3.548082e-001 6.968306e-001
      outer loop
         vertex 4.239636e+001 -4.007088e+001 2.661719e+000
         vertex 4.267380e+001 -4.059173e+001 2.614262e+000
         vertex 4.245670e+001 -4.001692e+001 2.565805e+000
      endloop
   endfacet
   facet normal 7.846270e-001 2.831521e-001 5.515299e-001
      outer loop
         vertex 4.245670e+001 -4.001692e+001 2.565805e+000
         vertex 4.267380e+001 -4.059173e+001 2.614262e+000
         vertex 4.273700e+001 -4.056714e+001 2.523073e+000
      endloop
   endfacet
   facet normal 7.803352e-001 4.557970e-001 4.281659e-001
      outer loop
         vertex 4.245670e+001 -4.001692e+001 2.565805e+000
         vertex 4.273700e+001 -4.056714e+001 2.523073e+000
         vertex 4.245721e+001 -4.001641e+001 2.562274e+000
      endloop
   endfacet
   facet normal 9.000537e-001 3.421154e-001 2.699266e-001
      outer loop
         vertex 4.245721e+001 -4.001641e+001 2.562274e+000
         vertex 4.273700e+001 -4.056714e+001 2.523073e+000
         vertex 4.275414e+001 -4.055082e+001 2.411925e+000
      endloop
   endfacet
   facet normal 8.493179e-001 5.150543e-001 1.156645e-001
      outer loop
         vertex 4.245721e+001 -4.001641e+001 2.562274e+000
         vertex 4.275414e+001 -4.055082e+001 2.411925e+000
         vertex 4.247449e+001 -3.999913e+001 2.442842e+000
      endloop
   endfacet
   facet normal 8.980632e-001 3.926514e-001 -1.982607e-001
      outer loop
         vertex 4.247449e+001 -3.999913e+001 2.442842e+000
         vertex 4.275414e+001 -4.055082e+001 2.411925e+000
         vertex 4.272179e+001 -4.054603e+001 2.303092e+000
      endloop
   endfacet
   facet normal 7.875727e-001 5.152515e-001 -3.380017e-001
      outer loop
         vertex 4.247449e+001 -3.999913e+001 2.442842e+000
         vertex 4.272179e+001 -4.054603e+001 2.303092e+000
         vertex 4.245008e+001 -4.001819e+001 2.342250e+000
      endloop
   endfacet
   facet normal 7.313693e-001 4.735537e-001 -4.907605e-001
      outer loop
         vertex 4.245008e+001 -4.001819e+001 2.342250e+000
         vertex 4.272179e+001 -4.054603e+001 2.303092e+000
         vertex 4.244538e+001 -4.002186e+001 2.322890e+000
      endloop
   endfacet
   facet normal 7.004030e-001 3.525493e-001 -6.206003e-001
      outer loop
         vertex 4.244538e+001 -4.002186e+001 2.322890e+000
         vertex 4.272179e+001 -4.054603e+001 2.303092e+000
         vertex 4.264643e+001 -4.055374e+001 2.218385e+000
      endloop
   endfacet
   facet normal 5.590577e-001 4.033016e-001 -7.244323e-001
      outer loop
         vertex 4.244538e+001 -4.002186e+001 2.322890e+000
         vertex 4.264643e+001 -4.055374e+001 2.218385e+000
         vertex 4.239424e+001 -4.006470e+001 2.257849e+000
      endloop
   endfacet
   facet normal 4.590408e-001 3.205767e-001 -8.285603e-001
      outer loop
         vertex 4.239424e+001 -4.006470e+001 2.257849e+000
         vertex 4.264643e+001 -4.055374e+001 2.218385e+000
         vertex 4.237649e+001 -4.007956e+001 2.235271e+000
      endloop
   endfacet
   facet normal 3.604760e-001 2.357295e-001 -9.024902e-001
      outer loop
         vertex 4.237649e+001 -4.007956e+001 2.235271e+000
         vertex 4.264643e+001 -4.055374e+001 2.218385e+000
         vertex 4.254316e+001 -4.057240e+001 2.174781e+000
      endloop
   endfacet
   facet normal 2.202582e-001 2.089527e-001 -9.527985e-001
      outer loop
         vertex 4.237649e+001 -4.007956e+001 2.235271e+000
         vertex 4.254316e+001 -4.057240e+001 2.174781e+000
         vertex 4.231862e+001 -4.012892e+001 2.206459e+000
      endloop
   endfacet
   facet normal 2.418005e-001 3.875289e-002 -9.695519e-001
      outer loop
         vertex 4.228135e+001 -4.149453e+001 2.003485e+000
         vertex 4.252948e+001 -4.107363e+001 2.100282e+000
         vertex 4.235369e+001 -4.157359e+001 2.026682e+000
      endloop
   endfacet
   facet normal 3.795908e-001 -9.579063e-003 -9.251049e-001
      outer loop
         vertex 4.235369e+001 -4.157359e+001 2.026682e+000
         vertex 4.252948e+001 -4.107363e+001 2.100282e+000
         vertex 4.263125e+001 -4.110964e+001 2.135761e+000
      endloop
   endfacet
   facet normal 4.707166e-001 -1.173395e-001 -8.744469e-001
      outer loop
         vertex 4.235369e+001 -4.157359e+001 2.026682e+000
         vertex 4.263125e+001 -4.110964e+001 2.135761e+000
         vertex 4.235557e+001 -4.157616e+001 2.029094e+000
      endloop
   endfacet
   facet normal 6.229924e-001 -1.108189e-001 -7.743381e-001
      outer loop
         vertex 4.235557e+001 -4.157616e+001 2.029094e+000
         vertex 4.263125e+001 -4.110964e+001 2.135761e+000
         vertex 4.270543e+001 -4.114565e+001 2.213969e+000
      endloop
   endfacet
   facet normal 9.018054e-001 -4.321355e-001 -2.438955e-003
      outer loop
         vertex 4.271999e+001 -4.119023e+001 2.430463e+000
         vertex 4.242797e+001 -4.169768e+001 2.198803e+000
         vertex 4.273712e+001 -4.117443e+001 2.319235e+000
      endloop
   endfacet
   facet normal 8.217604e-001 -5.380374e-001 -1.876851e-001
      outer loop
         vertex 4.273712e+001 -4.117443e+001 2.319235e+000
         vertex 4.242797e+001 -4.169768e+001 2.198803e+000
         vertex 4.242836e+001 -4.169730e+001 2.196190e+000
      endloop
   endfacet
   facet normal 8.786830e-001 -3.682975e-001 -3.037649e-001
      outer loop
         vertex 4.273712e+001 -4.117443e+001 2.319235e+000
         vertex 4.242836e+001 -4.169730e+001 2.196190e+000
         vertex 4.270543e+001 -4.114565e+001 2.213969e+000
      endloop
   endfacet
   facet normal 7.627799e-001 -4.376564e-001 -4.760502e-001
      outer loop
         vertex 4.270543e+001 -4.114565e+001 2.213969e+000
         vertex 4.242836e+001 -4.169730e+001 2.196190e+000
         vertex 4.240745e+001 -4.164728e+001 2.095557e+000
      endloop
   endfacet
   facet normal 6.594490e-001 -2.702721e-001 -7.014842e-001
      outer loop
         vertex 4.270543e+001 -4.114565e+001 2.213969e+000
         vertex 4.240745e+001 -4.164728e+001 2.095557e+000
         vertex 4.235557e+001 -4.157616e+001 2.029094e+000
      endloop
   endfacet
   facet normal 6.945339e-001 -4.421975e-001 5.675245e-001
      outer loop
         vertex 4.265747e+001 -4.118987e+001 2.525360e+000
         vertex 4.236213e+001 -4.169260e+001 2.408810e+000
         vertex 4.271999e+001 -4.119023e+001 2.430463e+000
      endloop
   endfacet
   facet normal 7.020285e-001 -5.859160e-001 4.047942e-001
      outer loop
         vertex 4.271999e+001 -4.119023e+001 2.430463e+000
         vertex 4.236213e+001 -4.169260e+001 2.408810e+000
         vertex 4.241216e+001 -4.171350e+001 2.308177e+000
      endloop
   endfacet
   facet normal 7.953280e-001 -5.949999e-001 1.158808e-001
      outer loop
         vertex 4.271999e+001 -4.119023e+001 2.430463e+000
         vertex 4.241216e+001 -4.171350e+001 2.308177e+000
         vertex 4.242797e+001 -4.169768e+001 2.198803e+000
      endloop
   endfacet
   facet normal 1.011214e-001 -2.792252e-001 9.548863e-001
      outer loop
         vertex 4.220938e+001 -4.156649e+001 2.500881e+000
         vertex 4.228795e+001 -4.163840e+001 2.477826e+000
         vertex 4.256209e+001 -4.117342e+001 2.584909e+000
      endloop
   endfacet
   facet normal 2.035538e-001 -3.695143e-001 9.066560e-001
      outer loop
         vertex 4.256209e+001 -4.117342e+001 2.584909e+000
         vertex 4.228795e+001 -4.163840e+001 2.477826e+000
         vertex 4.228843e+001 -4.163884e+001 2.477685e+000
      endloop
   endfacet
   facet normal 3.728826e-001 -3.414062e-001 8.627864e-001
      outer loop
         vertex 4.256209e+001 -4.117342e+001 2.584909e+000
         vertex 4.228843e+001 -4.163884e+001 2.477685e+000
         vertex 4.265747e+001 -4.118987e+001 2.525360e+000
      endloop
   endfacet
   facet normal 4.396437e-001 -4.765616e-001 7.613162e-001
      outer loop
         vertex 4.265747e+001 -4.118987e+001 2.525360e+000
         vertex 4.228843e+001 -4.163884e+001 2.477685e+000
         vertex 4.236127e+001 -4.169198e+001 2.409613e+000
      endloop
   endfacet
   facet normal 5.295929e-001 -5.392040e-001 6.548209e-001
      outer loop
         vertex 4.265747e+001 -4.118987e+001 2.525360e+000
         vertex 4.236127e+001 -4.169198e+001 2.409613e+000
         vertex 4.236213e+001 -4.169260e+001 2.408810e+000
      endloop
   endfacet
   facet normal 1.379902e-001 -1.492941e-001 9.791169e-001
      outer loop
         vertex 4.245751e+001 -4.114560e+001 2.597678e+000
         vertex 4.256209e+001 -4.117342e+001 2.584909e+000
         vertex 4.257721e+001 -4.061965e+001 2.667217e+000
      endloop
   endfacet
   facet normal 4.094999e-001 -2.101935e-001 8.877661e-001
      outer loop
         vertex 4.257721e+001 -4.061965e+001 2.667217e+000
         vertex 4.256209e+001 -4.117342e+001 2.584909e+000
         vertex 4.265747e+001 -4.118987e+001 2.525360e+000
      endloop
   endfacet
   facet normal 5.455483e-001 -1.019445e-001 8.318561e-001
      outer loop
         vertex 4.257721e+001 -4.061965e+001 2.667217e+000
         vertex 4.265747e+001 -4.118987e+001 2.525360e+000
         vertex 4.267380e+001 -4.059173e+001 2.614262e+000
      endloop
   endfacet
   facet normal 7.634848e-001 -1.976319e-001 6.148434e-001
      outer loop
         vertex 4.267380e+001 -4.059173e+001 2.614262e+000
         vertex 4.265747e+001 -4.118987e+001 2.525360e+000
         vertex 4.271999e+001 -4.119023e+001 2.430463e+000
      endloop
   endfacet
   facet normal 8.582326e-001 -3.129146e-002 5.123062e-001
      outer loop
         vertex 4.267380e+001 -4.059173e+001 2.614262e+000
         vertex 4.271999e+001 -4.119023e+001 2.430463e+000
         vertex 4.273700e+001 -4.056714e+001 2.523073e+000
      endloop
   endfacet
   facet normal 9.672335e-001 -1.439746e-001 2.091187e-001
      outer loop
         vertex 4.273700e+001 -4.056714e+001 2.523073e+000
         vertex 4.271999e+001 -4.119023e+001 2.430463e+000
         vertex 4.273712e+001 -4.117443e+001 2.319235e+000
      endloop
   endfacet
   facet normal 9.956416e-001 4.697809e-002 8.056583e-002
      outer loop
         vertex 4.273700e+001 -4.056714e+001 2.523073e+000
         vertex 4.273712e+001 -4.117443e+001 2.319235e+000
         vertex 4.275414e+001 -4.055082e+001 2.411925e+000
      endloop
   endfacet
   facet normal 9.681938e-001 -5.965843e-002 -2.429850e-001
      outer loop
         vertex 4.275414e+001 -4.055082e+001 2.411925e+000
         vertex 4.273712e+001 -4.117443e+001 2.319235e+000
         vertex 4.270543e+001 -4.114565e+001 2.213969e+000
      endloop
   endfacet
   facet normal 9.234694e-001 1.150173e-001 -3.660265e-001
      outer loop
         vertex 4.275414e+001 -4.055082e+001 2.411925e+000
         vertex 4.270543e+001 -4.114565e+001 2.213969e+000
         vertex 4.272179e+001 -4.054603e+001 2.303092e+000
      endloop
   endfacet
   facet normal 7.688214e-001 3.581581e-002 -6.384597e-001
      outer loop
         vertex 4.272179e+001 -4.054603e+001 2.303092e+000
         vertex 4.270543e+001 -4.114565e+001 2.213969e+000
         vertex 4.263125e+001 -4.110964e+001 2.135761e+000
      endloop
   endfacet
   facet normal 6.655889e-001 1.583565e-001 -7.293248e-001
      outer loop
         vertex 4.272179e+001 -4.054603e+001 2.303092e+000
         vertex 4.263125e+001 -4.110964e+001 2.135761e+000
         vertex 4.264643e+001 -4.055374e+001 2.218385e+000
      endloop
   endfacet
   facet normal 4.216247e-001 1.220406e-001 -8.985203e-001
      outer loop
         vertex 4.264643e+001 -4.055374e+001 2.218385e+000
         vertex 4.263125e+001 -4.110964e+001 2.135761e+000
         vertex 4.252948e+001 -4.107363e+001 2.100282e+000
      endloop
   endfacet
   facet normal 2.837360e-001 1.700799e-001 -9.436985e-001
      outer loop
         vertex 4.264643e+001 -4.055374e+001 2.218385e+000
         vertex 4.252948e+001 -4.107363e+001 2.100282e+000
         vertex 4.254316e+001 -4.057240e+001 2.174781e+000
      endloop
   endfacet
   facet normal -2.274399e-001 7.776858e-001 -5.860682e-001
      outer loop
         vertex -2.141219e+001 2.532203e+001 1.713973e+000
         vertex -2.096509e+001 2.542025e+001 1.635074e+000
         vertex -2.097454e+001 2.535212e+001 1.558458e+000
      endloop
   endfacet
   facet normal -1.013278e-001 -2.450015e-002 -9.945514e-001
      outer loop
         vertex -2.061625e+001 2.508110e+001 1.469939e+000
         vertex -2.079015e+001 2.515215e+001 1.484820e+000
         vertex -2.057480e+001 2.519482e+001 1.465682e+000
      endloop
   endfacet
   facet normal -1.041310e-001 1.023297e-001 -9.892853e-001
      outer loop
         vertex -2.057480e+001 2.519482e+001 1.465682e+000
         vertex -2.079015e+001 2.515215e+001 1.484820e+000
         vertex -2.097838e+001 2.525895e+001 1.514793e+000
      endloop
   endfacet
   facet normal -1.022087e-001 3.553329e-001 -9.291350e-001
      outer loop
         vertex -2.057480e+001 2.519482e+001 1.465682e+000
         vertex -2.097838e+001 2.525895e+001 1.514793e+000
         vertex -2.097454e+001 2.535212e+001 1.558458e+000
      endloop
   endfacet
   facet normal -1.013279e-001 -2.450014e-002 -9.945514e-001
      outer loop
         vertex -2.061625e+001 2.508110e+001 1.469939e+000
         vertex -2.057480e+001 2.519482e+001 1.465682e+000
         vertex -2.035658e+001 2.497500e+001 1.447720e+000
      endloop
   endfacet
   facet normal -1.872621e-002 7.188989e-002 -9.972368e-001
      outer loop
         vertex -2.035658e+001 2.497500e+001 1.447720e+000
         vertex -2.057480e+001 2.519482e+001 1.465682e+000
         vertex -2.021958e+001 2.498835e+001 1.448067e+000
      endloop
   endfacet
   facet normal -6.138889e-002 -4.769769e-002 -9.969736e-001
      outer loop
         vertex -2.035658e+001 2.497500e+001 1.447720e+000
         vertex -2.021958e+001 2.498835e+001 1.448067e+000
         vertex -2.028148e+001 2.491628e+001 1.445350e+000
      endloop
   endfacet
   facet normal 2.781396e-001 9.126329e-001 -2.995655e-001
      outer loop
         vertex -2.049657e+001 2.536677e+001 1.670403e+000
         vertex -2.050962e+001 2.534787e+001 1.579648e+000
         vertex -2.055522e+001 2.539879e+001 1.674254e+000
      endloop
   endfacet
   facet normal 1.562104e-001 9.447197e-001 -2.882757e-001
      outer loop
         vertex -2.055522e+001 2.539879e+001 1.674254e+000
         vertex -2.050962e+001 2.534787e+001 1.579648e+000
         vertex -2.095364e+001 2.541854e+001 1.729043e+000
      endloop
   endfacet
   facet normal -1.912390e-001 -2.707726e-002 -9.811699e-001
      outer loop
         vertex -2.097388e+001 2.513819e+001 1.513422e+000
         vertex -2.125168e+001 2.511708e+001 1.556669e+000
         vertex -2.137453e+001 2.517192e+001 1.584702e+000
      endloop
   endfacet
   facet normal -1.912389e-001 -2.707725e-002 -9.811700e-001
      outer loop
         vertex -2.137453e+001 2.517192e+001 1.584702e+000
         vertex -2.125168e+001 2.511708e+001 1.556669e+000
         vertex -2.132988e+001 2.506940e+001 1.574882e+000
      endloop
   endfacet
   facet normal -1.912389e-001 -2.707723e-002 -9.811700e-001
      outer loop
         vertex -2.137453e+001 2.517192e+001 1.584702e+000
         vertex -2.132988e+001 2.506940e+001 1.574882e+000
         vertex -2.164503e+001 2.487723e+001 1.648282e+000
      endloop
   endfacet
   facet normal -2.763112e-001 6.450920e-002 -9.589007e-001
      outer loop
         vertex -2.164503e+001 2.487723e+001 1.648282e+000
         vertex -2.170777e+001 2.494579e+001 1.668399e+000
         vertex -2.137453e+001 2.517192e+001 1.584702e+000
      endloop
   endfacet
   facet normal -3.676251e-001 1.676699e-001 -9.147342e-001
      outer loop
         vertex -2.137453e+001 2.517192e+001 1.584702e+000
         vertex -2.170777e+001 2.494579e+001 1.668399e+000
         vertex -2.171737e+001 2.495628e+001 1.671479e+000
      endloop
   endfacet
   facet normal -3.724042e-001 3.118698e-001 -8.741009e-001
      outer loop
         vertex -2.137453e+001 2.517192e+001 1.584702e+000
         vertex -2.171737e+001 2.495628e+001 1.671479e+000
         vertex -2.140145e+001 2.525834e+001 1.633792e+000
      endloop
   endfacet
   facet normal -4.967879e-001 4.013996e-001 -7.694674e-001
      outer loop
         vertex -2.140145e+001 2.525834e+001 1.633792e+000
         vertex -2.171737e+001 2.495628e+001 1.671479e+000
         vertex -2.177114e+001 2.502998e+001 1.740354e+000
      endloop
   endfacet
   facet normal -5.929198e-001 5.498034e-001 -5.883555e-001
      outer loop
         vertex -2.140145e+001 2.525834e+001 1.633792e+000
         vertex -2.177114e+001 2.502998e+001 1.740354e+000
         vertex -2.178517e+001 2.506356e+001 1.807912e+000
      endloop
   endfacet
   facet normal 5.284619e-001 8.124952e-001 -2.461292e-001
      outer loop
         vertex -2.008411e+001 2.514153e+001 1.643315e+000
         vertex -2.009136e+001 2.513396e+001 1.606485e+000
         vertex -2.049657e+001 2.536677e+001 1.670402e+000
      endloop
   endfacet
   facet normal 5.001951e-001 7.842209e-001 -3.671545e-001
      outer loop
         vertex -2.049657e+001 2.536677e+001 1.670402e+000
         vertex -2.009136e+001 2.513396e+001 1.606485e+000
         vertex -2.011250e+001 2.511046e+001 1.559297e+000
      endloop
   endfacet
   facet normal 2.947237e-001 9.069064e-001 -3.010959e-001
      outer loop
         vertex -2.049657e+001 2.536677e+001 1.670403e+000
         vertex -2.049657e+001 2.536677e+001 1.670402e+000
         vertex -2.050962e+001 2.534787e+001 1.579648e+000
      endloop
   endfacet
   facet normal 3.758245e-001 8.202410e-001 -4.312315e-001
      outer loop
         vertex -2.050962e+001 2.534787e+001 1.579648e+000
         vertex -2.049657e+001 2.536677e+001 1.670402e+000
         vertex -2.011250e+001 2.511046e+001 1.559297e+000
      endloop
   endfacet
   facet normal 3.103408e-001 6.922591e-001 -6.515104e-001
      outer loop
         vertex -2.050962e+001 2.534787e+001 1.579648e+000
         vertex -2.011250e+001 2.511046e+001 1.559297e+000
         vertex -2.053965e+001 2.528301e+001 1.505536e+000
      endloop
   endfacet
   facet normal 3.733581e-001 5.873844e-001 -7.180413e-001
      outer loop
         vertex -2.053965e+001 2.528301e+001 1.505536e+000
         vertex -2.011250e+001 2.511046e+001 1.559297e+000
         vertex -2.013587e+001 2.508447e+001 1.507123e+000
      endloop
   endfacet
   facet normal 2.431523e-001 4.396556e-001 -8.646270e-001
      outer loop
         vertex -2.053965e+001 2.528301e+001 1.505536e+000
         vertex -2.013587e+001 2.508447e+001 1.507123e+000
         vertex -2.020615e+001 2.500398e+001 1.448656e+000
      endloop
   endfacet
   facet normal -6.661140e-002 9.640889e-001 -2.570904e-001
      outer loop
         vertex -2.095366e+001 2.541854e+001 1.729046e+000
         vertex -2.095364e+001 2.541854e+001 1.729043e+000
         vertex -2.096509e+001 2.542025e+001 1.635074e+000
      endloop
   endfacet
   facet normal 3.194706e-002 9.178624e-001 -3.956110e-001
      outer loop
         vertex -2.096509e+001 2.542025e+001 1.635074e+000
         vertex -2.095364e+001 2.541854e+001 1.729043e+000
         vertex -2.050962e+001 2.534787e+001 1.579648e+000
      endloop
   endfacet
   facet normal 3.105865e-003 7.842946e-001 -6.203808e-001
      outer loop
         vertex -2.096509e+001 2.542025e+001 1.635074e+000
         vertex -2.050962e+001 2.534787e+001 1.579648e+000
         vertex -2.097454e+001 2.535212e+001 1.558458e+000
      endloop
   endfacet
   facet normal 7.855802e-002 6.759629e-001 -7.327365e-001
      outer loop
         vertex -2.097454e+001 2.535212e+001 1.558458e+000
         vertex -2.050962e+001 2.534787e+001 1.579648e+000
         vertex -2.053965e+001 2.528301e+001 1.505536e+000
      endloop
   endfacet
   facet normal -9.417707e-003 4.677987e-001 -8.837849e-001
      outer loop
         vertex -2.097454e+001 2.535212e+001 1.558458e+000
         vertex -2.053965e+001 2.528301e+001 1.505536e+000
         vertex -2.057480e+001 2.519482e+001 1.465682e+000
      endloop
   endfacet
   facet normal 8.906002e-002 3.308263e-001 -9.394798e-001
      outer loop
         vertex -2.057480e+001 2.519482e+001 1.465682e+000
         vertex -2.053965e+001 2.528301e+001 1.505536e+000
         vertex -2.020615e+001 2.500398e+001 1.448656e+000
      endloop
   endfacet
   facet normal 8.074941e-002 1.864084e-001 -9.791483e-001
      outer loop
         vertex -2.057480e+001 2.519482e+001 1.465682e+000
         vertex -2.020615e+001 2.500398e+001 1.448656e+000
         vertex -2.021958e+001 2.498835e+001 1.448067e+000
      endloop
   endfacet
   facet normal -4.201524e-001 8.863230e-001 -1.946880e-001
      outer loop
         vertex -2.141219e+001 2.532203e+001 1.713973e+000
         vertex -2.139093e+001 2.531970e+001 1.806611e+000
         vertex -2.139092e+001 2.531970e+001 1.806608e+000
      endloop
   endfacet
   facet normal -3.202352e-001 8.843102e-001 -3.397718e-001
      outer loop
         vertex -2.141219e+001 2.532203e+001 1.713973e+000
         vertex -2.139092e+001 2.531970e+001 1.806608e+000
         vertex -2.096509e+001 2.542025e+001 1.635074e+000
      endloop
   endfacet
   facet normal -2.436671e-001 9.422491e-001 -2.297675e-001
      outer loop
         vertex -2.096509e+001 2.542025e+001 1.635074e+000
         vertex -2.139092e+001 2.531970e+001 1.806608e+000
         vertex -2.115603e+001 2.542857e+001 1.756874e+000
      endloop
   endfacet
   facet normal -1.205284e-001 9.609206e-001 -2.492079e-001
      outer loop
         vertex -2.096509e+001 2.542025e+001 1.635074e+000
         vertex -2.115603e+001 2.542857e+001 1.756874e+000
         vertex -2.095366e+001 2.541854e+001 1.729046e+000
      endloop
   endfacet
   facet normal -6.906136e-001 7.186515e-001 -8.119746e-002
      outer loop
         vertex -2.178855e+001 2.509271e+001 1.896980e+000
         vertex -2.168998e+001 2.518110e+001 1.869930e+000
         vertex -2.179204e+001 2.508000e+001 1.840987e+000
      endloop
   endfacet
   facet normal -5.960363e-001 7.958099e-001 -1.068991e-001
      outer loop
         vertex -2.179204e+001 2.508000e+001 1.840987e+000
         vertex -2.168998e+001 2.518110e+001 1.869930e+000
         vertex -2.139093e+001 2.531970e+001 1.806611e+000
      endloop
   endfacet
   facet normal -6.290031e-001 7.444015e-001 -2.241016e-001
      outer loop
         vertex -2.179204e+001 2.508000e+001 1.840987e+000
         vertex -2.139093e+001 2.531970e+001 1.806611e+000
         vertex -2.178517e+001 2.506356e+001 1.807912e+000
      endloop
   endfacet
   facet normal -5.308381e-001 7.940100e-001 -2.962413e-001
      outer loop
         vertex -2.178517e+001 2.506356e+001 1.807912e+000
         vertex -2.139093e+001 2.531970e+001 1.806611e+000
         vertex -2.141219e+001 2.532203e+001 1.713973e+000
      endloop
   endfacet
   facet normal -5.247604e-001 6.683281e-001 -5.272230e-001
      outer loop
         vertex -2.178517e+001 2.506356e+001 1.807912e+000
         vertex -2.141219e+001 2.532203e+001 1.713973e+000
         vertex -2.140145e+001 2.525834e+001 1.633792e+000
      endloop
   endfacet
   facet normal -3.261195e-001 6.643634e-001 -6.725083e-001
      outer loop
         vertex -2.140145e+001 2.525834e+001 1.633792e+000
         vertex -2.141219e+001 2.532203e+001 1.713973e+000
         vertex -2.097454e+001 2.535212e+001 1.558458e+000
      endloop
   endfacet
   facet normal -2.743816e-001 4.602038e-001 -8.443502e-001
      outer loop
         vertex -2.140145e+001 2.525834e+001 1.633792e+000
         vertex -2.097454e+001 2.535212e+001 1.558458e+000
         vertex -2.137453e+001 2.517192e+001 1.584702e+000
      endloop
   endfacet
   facet normal -1.926541e-001 3.527403e-001 -9.156739e-001
      outer loop
         vertex -2.137453e+001 2.517192e+001 1.584702e+000
         vertex -2.097454e+001 2.535212e+001 1.558458e+000
         vertex -2.097838e+001 2.525895e+001 1.514793e+000
      endloop
   endfacet
   facet normal -1.941386e-001 9.974979e-002 -9.758894e-001
      outer loop
         vertex -2.137453e+001 2.517192e+001 1.584702e+000
         vertex -2.097838e+001 2.525895e+001 1.514793e+000
         vertex -2.097388e+001 2.513819e+001 1.513422e+000
      endloop
   endfacet
   facet normal -1.467022e-001 -1.729064e-002 -9.890296e-001
      outer loop
         vertex -2.097388e+001 2.513819e+001 1.513422e+000
         vertex -2.097838e+001 2.525895e+001 1.514793e+000
         vertex -2.079015e+001 2.515215e+001 1.484820e+000
      endloop
   endfacet
   facet normal 1.799537e-001 2.567795e-001 9.495688e-001
      outer loop
         vertex -2.062530e+001 2.520492e+001 1.971554e+000
         vertex -2.054260e+001 2.516183e+001 1.965824e+000
         vertex -2.050788e+001 2.526173e+001 1.928154e+000
      endloop
   endfacet
   facet normal 1.437847e-001 9.249551e-001 3.518294e-001
      outer loop
         vertex -2.048312e+001 2.537436e+001 1.762736e+000
         vertex -2.093859e+001 2.544674e+001 1.818160e+000
         vertex -2.092364e+001 2.540301e+001 1.910167e+000
      endloop
   endfacet
   facet normal 5.580919e-001 8.277737e-001 5.765461e-002
      outer loop
         vertex -2.048312e+001 2.537436e+001 1.762736e+000
         vertex -2.008476e+001 2.513850e+001 1.738309e+000
         vertex -2.008411e+001 2.514153e+001 1.643315e+000
      endloop
   endfacet
   facet normal 9.004221e-002 2.542035e-001 9.629502e-001
      outer loop
         vertex -2.125537e+001 2.513271e+001 2.073162e+000
         vertex -2.108899e+001 2.521350e+001 2.037401e+000
         vertex -2.130761e+001 2.523884e+001 2.047173e+000
      endloop
   endfacet
   facet normal 8.069892e-002 3.745842e-001 9.236744e-001
      outer loop
         vertex -2.130761e+001 2.523884e+001 2.047173e+000
         vertex -2.108899e+001 2.521350e+001 2.037401e+000
         vertex -2.091145e+001 2.532586e+001 1.977263e+000
      endloop
   endfacet
   facet normal 5.523906e-002 6.006252e-001 7.976202e-001
      outer loop
         vertex -2.130761e+001 2.523884e+001 2.047173e+000
         vertex -2.091145e+001 2.532586e+001 1.977263e+000
         vertex -2.092364e+001 2.540301e+001 1.910167e+000
      endloop
   endfacet
   facet normal 9.004226e-002 2.542035e-001 9.629502e-001
      outer loop
         vertex -2.125537e+001 2.513271e+001 2.073162e+000
         vertex -2.130761e+001 2.523884e+001 2.047173e+000
         vertex -2.150396e+001 2.501203e+001 2.126589e+000
      endloop
   endfacet
   facet normal -1.476869e-003 3.393432e-001 9.406614e-001
      outer loop
         vertex -2.150396e+001 2.501203e+001 2.126589e+000
         vertex -2.130761e+001 2.523884e+001 2.047173e+000
         vertex -2.164162e+001 2.501193e+001 2.125561e+000
      endloop
   endfacet
   facet normal 5.249308e-002 2.287869e-001 9.720602e-001
      outer loop
         vertex -2.150396e+001 2.501203e+001 2.126589e+000
         vertex -2.164162e+001 2.501193e+001 2.125561e+000
         vertex -2.157306e+001 2.494919e+001 2.145678e+000
      endloop
   endfacet
   facet normal 4.952531e-001 7.006346e-001 5.136493e-001
      outer loop
         vertex -2.048875e+001 2.533389e+001 1.857247e+000
         vertex -2.012172e+001 2.509239e+001 1.865756e+000
         vertex -2.008490e+001 2.513785e+001 1.758910e+000
      endloop
   endfacet
   facet normal 1.799538e-001 2.567795e-001 9.495688e-001
      outer loop
         vertex -2.062530e+001 2.520492e+001 1.971554e+000
         vertex -2.050788e+001 2.526173e+001 1.928154e+000
         vertex -2.090433e+001 2.521008e+001 2.011178e+000
      endloop
   endfacet
   facet normal 3.999453e-001 5.837004e-001 7.066382e-001
      outer loop
         vertex -2.012172e+001 2.509239e+001 1.865756e+000
         vertex -2.048875e+001 2.533389e+001 1.857247e+000
         vertex -2.015529e+001 2.505244e+001 1.900690e+000
      endloop
   endfacet
   facet normal 3.191809e-001 5.586937e-001 7.654965e-001
      outer loop
         vertex -2.015529e+001 2.505244e+001 1.900690e+000
         vertex -2.048875e+001 2.533389e+001 1.857247e+000
         vertex -2.050788e+001 2.526173e+001 1.928154e+000
      endloop
   endfacet
   facet normal 2.851834e-001 3.804631e-001 8.797262e-001
      outer loop
         vertex -2.015529e+001 2.505244e+001 1.900690e+000
         vertex -2.050788e+001 2.526173e+001 1.928154e+000
         vertex -2.018565e+001 2.501630e+001 1.932286e+000
      endloop
   endfacet
   facet normal 2.110763e-001 2.932182e-001 9.324537e-001
      outer loop
         vertex -2.018565e+001 2.501630e+001 1.932286e+000
         vertex -2.050788e+001 2.526173e+001 1.928154e+000
         vertex -2.054260e+001 2.516183e+001 1.965824e+000
      endloop
   endfacet
   facet normal 1.735221e-001 1.790425e-001 9.684182e-001
      outer loop
         vertex -2.018565e+001 2.501630e+001 1.932286e+000
         vertex -2.054260e+001 2.516183e+001 1.965824e+000
         vertex -2.020951e+001 2.498825e+001 1.942746e+000
      endloop
   endfacet
   facet normal -2.002570e-001 9.796141e-001 1.591763e-002
      outer loop
         vertex -2.095366e+001 2.541854e+001 1.729046e+000
         vertex -2.115603e+001 2.542857e+001 1.756874e+000
         vertex -2.138569e+001 2.534853e+001 1.897059e+000
      endloop
   endfacet
   facet normal -3.198768e-001 9.467298e-001 3.716928e-002
      outer loop
         vertex -2.138569e+001 2.534853e+001 1.897059e+000
         vertex -2.115603e+001 2.542857e+001 1.756874e+000
         vertex -2.139092e+001 2.531970e+001 1.806608e+000
      endloop
   endfacet
   facet normal -3.848100e-001 9.216639e-001 4.956776e-002
      outer loop
         vertex -2.138569e+001 2.534853e+001 1.897059e+000
         vertex -2.139092e+001 2.531970e+001 1.806608e+000
         vertex -2.139093e+001 2.531970e+001 1.806611e+000
      endloop
   endfacet
   facet normal -6.691883e-001 7.400765e-001 6.688514e-002
      outer loop
         vertex -2.178855e+001 2.509271e+001 1.896980e+000
         vertex -2.177584e+001 2.509620e+001 1.952973e+000
         vertex -2.168998e+001 2.518110e+001 1.869930e+000
      endloop
   endfacet
   facet normal -5.741583e-001 8.176262e-001 4.277497e-002
      outer loop
         vertex -2.168998e+001 2.518110e+001 1.869930e+000
         vertex -2.177584e+001 2.509620e+001 1.952973e+000
         vertex -2.139093e+001 2.531970e+001 1.806611e+000
      endloop
   endfacet
   facet normal -4.751440e-001 8.669084e-001 1.506916e-001
      outer loop
         vertex -2.139093e+001 2.531970e+001 1.806611e+000
         vertex -2.177584e+001 2.509620e+001 1.952973e+000
         vertex -2.138569e+001 2.534853e+001 1.897059e+000
      endloop
   endfacet
   facet normal -5.378721e-001 7.893243e-001 2.960755e-001
      outer loop
         vertex -2.138569e+001 2.534853e+001 1.897059e+000
         vertex -2.177584e+001 2.509620e+001 1.952973e+000
         vertex -2.175939e+001 2.508933e+001 1.986048e+000
      endloop
   endfacet
   facet normal -3.840955e-001 8.089911e-001 4.449764e-001
      outer loop
         vertex -2.138569e+001 2.534853e+001 1.897059e+000
         vertex -2.175939e+001 2.508933e+001 1.986048e+000
         vertex -2.135055e+001 2.530923e+001 1.985502e+000
      endloop
   endfacet
   facet normal -4.277770e-001 7.149453e-001 5.530463e-001
      outer loop
         vertex -2.135055e+001 2.530923e+001 1.985502e+000
         vertex -2.175939e+001 2.508933e+001 1.986048e+000
         vertex -2.172581e+001 2.507530e+001 2.053606e+000
      endloop
   endfacet
   facet normal -2.792425e-001 6.189429e-001 7.341208e-001
      outer loop
         vertex -2.135055e+001 2.530923e+001 1.985502e+000
         vertex -2.172581e+001 2.507530e+001 2.053606e+000
         vertex -2.165212e+001 2.502153e+001 2.122481e+000
      endloop
   endfacet
   facet normal -3.125921e-002 9.994289e-001 -1.283619e-002
      outer loop
         vertex -2.095364e+001 2.541854e+001 1.729043e+000
         vertex -2.095366e+001 2.541854e+001 1.729046e+000
         vertex -2.093859e+001 2.544674e+001 1.818160e+000
      endloop
   endfacet
   facet normal -1.267351e-001 9.828045e-001 1.342889e-001
      outer loop
         vertex -2.093859e+001 2.544674e+001 1.818160e+000
         vertex -2.095366e+001 2.541854e+001 1.729046e+000
         vertex -2.138569e+001 2.534853e+001 1.897059e+000
      endloop
   endfacet
   facet normal -8.676234e-002 9.183502e-001 3.861414e-001
      outer loop
         vertex -2.093859e+001 2.544674e+001 1.818160e+000
         vertex -2.138569e+001 2.534853e+001 1.897059e+000
         vertex -2.092364e+001 2.540301e+001 1.910167e+000
      endloop
   endfacet
   facet normal -1.529206e-001 8.375550e-001 5.245159e-001
      outer loop
         vertex -2.092364e+001 2.540301e+001 1.910167e+000
         vertex -2.138569e+001 2.534853e+001 1.897059e+000
         vertex -2.135055e+001 2.530923e+001 1.985502e+000
      endloop
   endfacet
   facet normal -4.733256e-002 6.872462e-001 7.248809e-001
      outer loop
         vertex -2.092364e+001 2.540301e+001 1.910167e+000
         vertex -2.135055e+001 2.530923e+001 1.985502e+000
         vertex -2.130761e+001 2.523884e+001 2.047173e+000
      endloop
   endfacet
   facet normal -1.271979e-001 5.570739e-001 8.206640e-001
      outer loop
         vertex -2.130761e+001 2.523884e+001 2.047173e+000
         vertex -2.135055e+001 2.530923e+001 1.985502e+000
         vertex -2.165212e+001 2.502153e+001 2.122481e+000
      endloop
   endfacet
   facet normal -1.055332e-001 4.297608e-001 8.967544e-001
      outer loop
         vertex -2.130761e+001 2.523884e+001 2.047173e+000
         vertex -2.165212e+001 2.502153e+001 2.122481e+000
         vertex -2.164162e+001 2.501193e+001 2.125561e+000
      endloop
   endfacet
   facet normal 4.459243e-001 8.927467e-001 -6.445757e-002
      outer loop
         vertex -2.008411e+001 2.514153e+001 1.643315e+000
         vertex -2.049657e+001 2.536677e+001 1.670402e+000
         vertex -2.048312e+001 2.537436e+001 1.762736e+000
      endloop
   endfacet
   facet normal 3.300706e-001 9.422434e-001 -5.684046e-002
      outer loop
         vertex -2.048312e+001 2.537436e+001 1.762736e+000
         vertex -2.049657e+001 2.536677e+001 1.670402e+000
         vertex -2.049657e+001 2.536677e+001 1.670403e+000
      endloop
   endfacet
   facet normal 2.288856e-001 9.697589e-001 8.472913e-002
      outer loop
         vertex -2.048312e+001 2.537436e+001 1.762736e+000
         vertex -2.049657e+001 2.536677e+001 1.670403e+000
         vertex -2.093859e+001 2.544674e+001 1.818160e+000
      endloop
   endfacet
   facet normal 2.008758e-001 9.787263e-001 -4.176030e-002
      outer loop
         vertex -2.093859e+001 2.544674e+001 1.818160e+000
         vertex -2.049657e+001 2.536677e+001 1.670403e+000
         vertex -2.055522e+001 2.539879e+001 1.674254e+000
      endloop
   endfacet
   facet normal 7.638650e-002 9.967242e-001 -2.656751e-002
      outer loop
         vertex -2.093859e+001 2.544674e+001 1.818160e+000
         vertex -2.055522e+001 2.539879e+001 1.674254e+000
         vertex -2.095364e+001 2.541854e+001 1.729043e+000
      endloop
   endfacet
   facet normal 1.345808e-001 2.639897e-001 9.550903e-001
      outer loop
         vertex -2.108899e+001 2.521350e+001 2.037401e+000
         vertex -2.090433e+001 2.521008e+001 2.011178e+000
         vertex -2.091145e+001 2.532586e+001 1.977263e+000
      endloop
   endfacet
   facet normal 1.707070e-001 3.771630e-001 9.102786e-001
      outer loop
         vertex -2.091145e+001 2.532586e+001 1.977263e+000
         vertex -2.090433e+001 2.521008e+001 2.011178e+000
         vertex -2.050788e+001 2.526173e+001 1.928154e+000
      endloop
   endfacet
   facet normal 1.456850e-001 6.032165e-001 7.841593e-001
      outer loop
         vertex -2.091145e+001 2.532586e+001 1.977263e+000
         vertex -2.050788e+001 2.526173e+001 1.928154e+000
         vertex -2.092364e+001 2.540301e+001 1.910167e+000
      endloop
   endfacet
   facet normal 2.176327e-001 6.948375e-001 6.854464e-001
      outer loop
         vertex -2.092364e+001 2.540301e+001 1.910167e+000
         vertex -2.050788e+001 2.526173e+001 1.928154e+000
         vertex -2.048875e+001 2.533389e+001 1.857247e+000
      endloop
   endfacet
   facet normal 2.517590e-001 8.491489e-001 4.642881e-001
      outer loop
         vertex -2.092364e+001 2.540301e+001 1.910167e+000
         vertex -2.048875e+001 2.533389e+001 1.857247e+000
         vertex -2.048312e+001 2.537436e+001 1.762736e+000
      endloop
   endfacet
   facet normal 4.457710e-001 8.250672e-001 3.472063e-001
      outer loop
         vertex -2.048312e+001 2.537436e+001 1.762736e+000
         vertex -2.048875e+001 2.533389e+001 1.857247e+000
         vertex -2.008490e+001 2.513785e+001 1.758910e+000
      endloop
   endfacet
   facet normal 5.480294e-001 8.095022e-001 2.106419e-001
      outer loop
         vertex -2.048312e+001 2.537436e+001 1.762736e+000
         vertex -2.008490e+001 2.513785e+001 1.758910e+000
         vertex -2.008476e+001 2.513850e+001 1.738309e+000
      endloop
   endfacet
   facet normal -7.326604e-001 -4.727277e-001 -4.896297e-001
      outer loop
         vertex -2.303440e+001 2.217897e+001 2.325322e+000
         vertex -2.304439e+001 2.217067e+001 2.340987e+000
         vertex -2.331458e+001 2.270825e+001 2.302301e+000
      endloop
   endfacet
   facet normal 4.630397e-003 1.824524e-001 9.832038e-001
      outer loop
         vertex -2.315238e+001 2.333176e+001 2.584317e+000
         vertex -2.304789e+001 2.330364e+001 2.597142e+000
         vertex -2.280059e+001 2.372167e+001 2.500881e+000
      endloop
   endfacet
   facet normal 2.403899e-003 1.124332e-001 9.936563e-001
      outer loop
         vertex -2.316988e+001 2.278133e+001 2.666487e+000
         vertex -2.306373e+001 2.280543e+001 2.671516e+000
         vertex -2.304789e+001 2.330364e+001 2.597142e+000
      endloop
   endfacet
   facet normal 6.114147e-002 7.251396e-002 9.954916e-001
      outer loop
         vertex -2.283786e+001 2.235606e+001 2.703854e+000
         vertex -2.306373e+001 2.280543e+001 2.671516e+000
         vertex -2.289933e+001 2.230300e+001 2.702632e+000
      endloop
   endfacet
   facet normal -8.046339e-002 4.079480e-002 9.959224e-001
      outer loop
         vertex -2.289933e+001 2.230300e+001 2.702632e+000
         vertex -2.306373e+001 2.280543e+001 2.671516e+000
         vertex -2.316988e+001 2.278133e+001 2.666487e+000
      endloop
   endfacet
   facet normal -1.883162e-001 -5.375456e-002 9.806362e-001
      outer loop
         vertex -2.289933e+001 2.230300e+001 2.702632e+000
         vertex -2.316988e+001 2.278133e+001 2.666487e+000
         vertex -2.292035e+001 2.228486e+001 2.702215e+000
      endloop
   endfacet
   facet normal -2.418005e-001 -3.875289e-002 -9.695519e-001
      outer loop
         vertex -2.287255e+001 2.364970e+001 2.003485e+000
         vertex -2.311985e+001 2.323167e+001 2.099746e+000
         vertex -2.294489e+001 2.372876e+001 2.026682e+000
      endloop
   endfacet
   facet normal -3.794567e-001 1.000023e-002 -9.251554e-001
      outer loop
         vertex -2.294489e+001 2.372876e+001 2.026682e+000
         vertex -2.311985e+001 2.323167e+001 2.099746e+000
         vertex -2.322154e+001 2.326800e+001 2.135166e+000
      endloop
   endfacet
   facet normal -4.705685e-001 1.177458e-001 -8.744720e-001
      outer loop
         vertex -2.294489e+001 2.372876e+001 2.026682e+000
         vertex -2.322154e+001 2.326800e+001 2.135166e+000
         vertex -2.294678e+001 2.373134e+001 2.029094e+000
      endloop
   endfacet
   facet normal -6.225922e-001 1.119957e-001 -7.744908e-001
      outer loop
         vertex -2.294678e+001 2.373134e+001 2.029094e+000
         vertex -2.322154e+001 2.326800e+001 2.135166e+000
         vertex -2.329563e+001 2.330425e+001 2.213328e+000
      endloop
   endfacet
   facet normal -9.009454e-001 4.339234e-001 -2.798693e-003
      outer loop
         vertex -2.331017e+001 2.334897e+001 2.429796e+000
         vertex -2.301919e+001 2.385285e+001 2.198803e+000
         vertex -2.332729e+001 2.333318e+001 2.318568e+000
      endloop
   endfacet
   facet normal -8.212260e-001 5.388119e-001 -1.878021e-001
      outer loop
         vertex -2.332729e+001 2.333318e+001 2.318568e+000
         vertex -2.301919e+001 2.385285e+001 2.198803e+000
         vertex -2.301957e+001 2.385247e+001 2.196190e+000
      endloop
   endfacet
   facet normal -8.779166e-001 3.699279e-001 -3.039996e-001
      outer loop
         vertex -2.332729e+001 2.333318e+001 2.318568e+000
         vertex -2.301957e+001 2.385247e+001 2.196190e+000
         vertex -2.329563e+001 2.330425e+001 2.213328e+000
      endloop
   endfacet
   facet normal -7.623761e-001 4.383249e-001 -4.760821e-001
      outer loop
         vertex -2.329563e+001 2.330425e+001 2.213328e+000
         vertex -2.301957e+001 2.385247e+001 2.196190e+000
         vertex -2.299866e+001 2.380245e+001 2.095557e+000
      endloop
   endfacet
   facet normal -6.591199e-001 2.709953e-001 -7.015144e-001
      outer loop
         vertex -2.329563e+001 2.330425e+001 2.213328e+000
         vertex -2.299866e+001 2.380245e+001 2.095557e+000
         vertex -2.294678e+001 2.373134e+001 2.029094e+000
      endloop
   endfacet
   facet normal -6.938742e-001 4.438102e-001 5.670724e-001
      outer loop
         vertex -2.324769e+001 2.334846e+001 2.524720e+000
         vertex -2.295334e+001 2.384778e+001 2.408810e+000
         vertex -2.331017e+001 2.334897e+001 2.429796e+000
      endloop
   endfacet
   facet normal -7.015426e-001 5.867038e-001 4.044957e-001
      outer loop
         vertex -2.331017e+001 2.334897e+001 2.429796e+000
         vertex -2.295334e+001 2.384778e+001 2.408810e+000
         vertex -2.300336e+001 2.386868e+001 2.308177e+000
      endloop
   endfacet
   facet normal -7.947857e-001 5.957665e-001 1.156628e-001
      outer loop
         vertex -2.331017e+001 2.334897e+001 2.429796e+000
         vertex -2.300336e+001 2.386868e+001 2.308177e+000
         vertex -2.301919e+001 2.385285e+001 2.198803e+000
      endloop
   endfacet
   facet normal -1.010009e-001 2.796216e-001 9.547830e-001
      outer loop
         vertex -2.280059e+001 2.372167e+001 2.500881e+000
         vertex -2.287916e+001 2.379357e+001 2.477826e+000
         vertex -2.315238e+001 2.333176e+001 2.584317e+000
      endloop
   endfacet
   facet normal -2.034270e-001 3.698906e-001 9.065310e-001
      outer loop
         vertex -2.315238e+001 2.333176e+001 2.584317e+000
         vertex -2.287916e+001 2.379357e+001 2.477826e+000
         vertex -2.287964e+001 2.379401e+001 2.477685e+000
      endloop
   endfacet
   facet normal -3.725150e-001 3.425355e-001 8.624976e-001
      outer loop
         vertex -2.315238e+001 2.333176e+001 2.584317e+000
         vertex -2.287964e+001 2.379401e+001 2.477685e+000
         vertex -2.324769e+001 2.334846e+001 2.524720e+000
      endloop
   endfacet
   facet normal -4.393556e-001 4.772423e-001 7.610561e-001
      outer loop
         vertex -2.324769e+001 2.334846e+001 2.524720e+000
         vertex -2.287964e+001 2.379401e+001 2.477685e+000
         vertex -2.295248e+001 2.384715e+001 2.409613e+000
      endloop
   endfacet
   facet normal -5.292743e-001 5.398396e-001 6.545547e-001
      outer loop
         vertex -2.324769e+001 2.334846e+001 2.524720e+000
         vertex -2.295248e+001 2.384715e+001 2.409613e+000
         vertex -2.295334e+001 2.384778e+001 2.408810e+000
      endloop
   endfacet
   facet normal -3.102714e-001 -1.581824e-001 9.373953e-001
      outer loop
         vertex -2.292035e+001 2.228486e+001 2.702215e+000
         vertex -2.316988e+001 2.278133e+001 2.666487e+000
         vertex -2.298652e+001 2.222691e+001 2.658959e+000
      endloop
   endfacet
   facet normal -4.763530e-001 -1.328563e-001 8.691589e-001
      outer loop
         vertex -2.298652e+001 2.222691e+001 2.658959e+000
         vertex -2.316988e+001 2.278133e+001 2.666487e+000
         vertex -2.326659e+001 2.275393e+001 2.613474e+000
      endloop
   endfacet
   facet normal -5.395616e-001 -2.833227e-001 7.928439e-001
      outer loop
         vertex -2.298652e+001 2.222691e+001 2.658959e+000
         vertex -2.326659e+001 2.275393e+001 2.613474e+000
         vertex -2.299706e+001 2.221767e+001 2.652064e+000
      endloop
   endfacet
   facet normal -6.350823e-001 -3.638413e-001 6.813883e-001
      outer loop
         vertex -2.299706e+001 2.221767e+001 2.652064e+000
         vertex -2.326659e+001 2.275393e+001 2.613474e+000
         vertex -2.304742e+001 2.217250e+001 2.565311e+000
      endloop
   endfacet
   facet normal -7.859895e-001 -2.798592e-001 5.512707e-001
      outer loop
         vertex -2.304742e+001 2.217250e+001 2.565311e+000
         vertex -2.326659e+001 2.275393e+001 2.613474e+000
         vertex -2.332986e+001 2.272963e+001 2.522252e+000
      endloop
   endfacet
   facet normal -7.814266e-001 -4.543032e-001 4.277628e-001
      outer loop
         vertex -2.304742e+001 2.217250e+001 2.565311e+000
         vertex -2.332986e+001 2.272963e+001 2.522252e+000
         vertex -2.304908e+001 2.217101e+001 2.562452e+000
      endloop
   endfacet
   facet normal -9.016001e-001 -3.384466e-001 2.693903e-001
      outer loop
         vertex -2.304908e+001 2.217101e+001 2.562452e+000
         vertex -2.332986e+001 2.272963e+001 2.522252e+000
         vertex -2.334700e+001 2.271332e+001 2.411103e+000
      endloop
   endfacet
   facet normal -8.492031e-001 -5.126233e-001 1.267732e-001
      outer loop
         vertex -2.304908e+001 2.217101e+001 2.562452e+000
         vertex -2.334700e+001 2.271332e+001 2.411103e+000
         vertex -2.306599e+001 2.215422e+001 2.451337e+000
      endloop
   endfacet
   facet normal -8.673086e-001 -3.656351e-001 -3.377672e-001
      outer loop
         vertex -2.331458e+001 2.270825e+001 2.302301e+000
         vertex -2.304439e+001 2.217067e+001 2.340987e+000
         vertex -2.334700e+001 2.271332e+001 2.411103e+000
      endloop
   endfacet
   facet normal -8.385834e-001 -5.107105e-001 -1.896119e-001
      outer loop
         vertex -2.334700e+001 2.271332e+001 2.411103e+000
         vertex -2.304439e+001 2.217067e+001 2.340987e+000
         vertex -2.306441e+001 2.215542e+001 2.443264e+000
      endloop
   endfacet
   facet normal -8.515105e-001 -5.230231e-001 -3.710459e-002
      outer loop
         vertex -2.334700e+001 2.271332e+001 2.411103e+000
         vertex -2.306441e+001 2.215542e+001 2.443264e+000
         vertex -2.306599e+001 2.215422e+001 2.451337e+000
      endloop
   endfacet
   facet normal -6.683426e-001 -4.171186e-001 -6.158978e-001
      outer loop
         vertex -2.303440e+001 2.217897e+001 2.325322e+000
         vertex -2.331458e+001 2.270825e+001 2.302301e+000
         vertex -2.298861e+001 2.221706e+001 2.253518e+000
      endloop
   endfacet
   facet normal -6.349409e-001 -2.954032e-001 -7.138537e-001
      outer loop
         vertex -2.298861e+001 2.221706e+001 2.253518e+000
         vertex -2.331458e+001 2.270825e+001 2.302301e+000
         vertex -2.323910e+001 2.271545e+001 2.217653e+000
      endloop
   endfacet
   facet normal -4.603332e-001 -3.206505e-001 -8.278144e-001
      outer loop
         vertex -2.298861e+001 2.221706e+001 2.253518e+000
         vertex -2.323910e+001 2.271545e+001 2.217653e+000
         vertex -2.296609e+001 2.223621e+001 2.240069e+000
      endloop
   endfacet
   facet normal -3.611645e-001 -2.352809e-001 -9.023320e-001
      outer loop
         vertex -2.296609e+001 2.223621e+001 2.240069e+000
         vertex -2.323910e+001 2.271545e+001 2.217653e+000
         vertex -2.313569e+001 2.273346e+001 2.174120e+000
      endloop
   endfacet
   facet normal -2.207448e-001 -2.093686e-001 -9.525946e-001
      outer loop
         vertex -2.296609e+001 2.223621e+001 2.240069e+000
         vertex -2.313569e+001 2.273346e+001 2.174120e+000
         vertex -2.290983e+001 2.228409e+001 2.206459e+000
      endloop
   endfacet
   facet normal -1.380552e-001 1.505244e-001 9.789194e-001
      outer loop
         vertex -2.304789e+001 2.330364e+001 2.597142e+000
         vertex -2.315238e+001 2.333176e+001 2.584317e+000
         vertex -2.316988e+001 2.278133e+001 2.666487e+000
      endloop
   endfacet
   facet normal -4.093164e-001 2.121697e-001 8.873805e-001
      outer loop
         vertex -2.316988e+001 2.278133e+001 2.666487e+000
         vertex -2.315238e+001 2.333176e+001 2.584317e+000
         vertex -2.324769e+001 2.334846e+001 2.524720e+000
      endloop
   endfacet
   facet normal -5.457796e-001 1.050758e-001 8.313145e-001
      outer loop
         vertex -2.316988e+001 2.278133e+001 2.666487e+000
         vertex -2.324769e+001 2.334846e+001 2.524720e+000
         vertex -2.326659e+001 2.275393e+001 2.613474e+000
      endloop
   endfacet
   facet normal -7.631570e-001 2.008632e-001 6.142030e-001
      outer loop
         vertex -2.326659e+001 2.275393e+001 2.613474e+000
         vertex -2.324769e+001 2.334846e+001 2.524720e+000
         vertex -2.331017e+001 2.334897e+001 2.429796e+000
      endloop
   endfacet
   facet normal -8.584925e-001 3.578542e-002 5.115761e-001
      outer loop
         vertex -2.326659e+001 2.275393e+001 2.613474e+000
         vertex -2.331017e+001 2.334897e+001 2.429796e+000
         vertex -2.332986e+001 2.272963e+001 2.522252e+000
      endloop
   endfacet
   facet normal -9.667917e-001 1.478378e-001 2.084656e-001
      outer loop
         vertex -2.332986e+001 2.272963e+001 2.522252e+000
         vertex -2.331017e+001 2.334897e+001 2.429796e+000
         vertex -2.332729e+001 2.333318e+001 2.318568e+000
      endloop
   endfacet
   facet normal -9.959155e-001 -4.202690e-002 7.991284e-002
      outer loop
         vertex -2.332986e+001 2.272963e+001 2.522252e+000
         vertex -2.332729e+001 2.333318e+001 2.318568e+000
         vertex -2.334700e+001 2.271332e+001 2.411103e+000
      endloop
   endfacet
   facet normal -9.678392e-001 6.336491e-002 -2.434588e-001
      outer loop
         vertex -2.334700e+001 2.271332e+001 2.411103e+000
         vertex -2.332729e+001 2.333318e+001 2.318568e+000
         vertex -2.329563e+001 2.330425e+001 2.213328e+000
      endloop
   endfacet
   facet normal -9.238213e-001 -1.106593e-001 -3.664814e-001
      outer loop
         vertex -2.334700e+001 2.271332e+001 2.411103e+000
         vertex -2.329563e+001 2.330425e+001 2.213328e+000
         vertex -2.331458e+001 2.270825e+001 2.302301e+000
      endloop
   endfacet
   facet normal -7.687015e-001 -3.304000e-002 -6.387538e-001
      outer loop
         vertex -2.331458e+001 2.270825e+001 2.302301e+000
         vertex -2.329563e+001 2.330425e+001 2.213328e+000
         vertex -2.322154e+001 2.326800e+001 2.135166e+000
      endloop
   endfacet
   facet normal -6.659528e-001 -1.554824e-001 -7.296109e-001
      outer loop
         vertex -2.331458e+001 2.270825e+001 2.302301e+000
         vertex -2.322154e+001 2.326800e+001 2.135166e+000
         vertex -2.323910e+001 2.271545e+001 2.217653e+000
      endloop
   endfacet
   facet normal -4.216832e-001 -1.207490e-001 -8.986673e-001
      outer loop
         vertex -2.323910e+001 2.271545e+001 2.217653e+000
         vertex -2.322154e+001 2.326800e+001 2.135166e+000
         vertex -2.311985e+001 2.323167e+001 2.099746e+000
      endloop
   endfacet
   facet normal -2.839300e-001 -1.692165e-001 -9.437953e-001
      outer loop
         vertex -2.323910e+001 2.271545e+001 2.217653e+000
         vertex -2.311985e+001 2.323167e+001 2.099746e+000
         vertex -2.313569e+001 2.273346e+001 2.174120e+000
      endloop
   endfacet
   facet normal -6.151775e-001 -7.627651e-001 1.993642e-001
      outer loop
         vertex -4.855621e-001 -3.397304e+000 2.677710e+000
         vertex -4.135971e-001 -3.325339e+000 3.175109e+000
         vertex -9.414160e-001 -3.023539e+000 2.689587e+000
      endloop
   endfacet
   facet normal -6.200449e-001 -7.587802e-001 1.994918e-001
      outer loop
         vertex -9.414160e-001 -3.023539e+000 2.689587e+000
         vertex -4.135971e-001 -3.325339e+000 3.175109e+000
         vertex -8.694516e-001 -2.951575e+000 3.186983e+000
      endloop
   endfacet
   facet normal -6.277184e-001 -7.523950e-001 1.996782e-001
      outer loop
         vertex -9.414160e-001 -3.023539e+000 2.689587e+000
         vertex -8.694516e-001 -2.951575e+000 3.186983e+000
         vertex -1.432355e+000 -2.608857e+000 2.700620e+000
      endloop
   endfacet
   facet normal -6.305407e-001 -7.500144e-001 1.997421e-001
      outer loop
         vertex -1.432355e+000 -2.608857e+000 2.700620e+000
         vertex -8.694516e-001 -2.951575e+000 3.186983e+000
         vertex -1.360390e+000 -2.536893e+000 3.198015e+000
      endloop
   endfacet
   facet normal -6.362765e-001 -7.451219e-001 1.998641e-001
      outer loop
         vertex -1.432355e+000 -2.608857e+000 2.700620e+000
         vertex -1.360390e+000 -2.536893e+000 3.198015e+000
         vertex -1.827186e+000 -2.248196e+000 2.739949e+000
      endloop
   endfacet
   facet normal -7.254294e-001 -6.585276e-001 2.002343e-001
      outer loop
         vertex -3.140946e+000 -9.316174e-001 2.964266e+000
         vertex -3.139056e+000 -9.357296e-001 2.957734e+000
         vertex -3.137852e+000 -9.333708e-001 2.969866e+000
      endloop
   endfacet
   facet normal -7.247234e-001 -6.593014e-001 2.002441e-001
      outer loop
         vertex -3.137852e+000 -9.333708e-001 2.969866e+000
         vertex -3.139056e+000 -9.357296e-001 2.957734e+000
         vertex -3.115178e+000 -9.674166e-001 2.939326e+000
      endloop
   endfacet
   facet normal -6.391921e-001 -7.426066e-001 1.999221e-001
      outer loop
         vertex -1.360390e+000 -2.536893e+000 3.198015e+000
         vertex -1.767370e+000 -2.188475e+000 3.184668e+000
         vertex -1.827186e+000 -2.248196e+000 2.739949e+000
      endloop
   endfacet
   facet normal -6.453465e-001 -7.372339e-001 2.000351e-001
      outer loop
         vertex -1.827186e+000 -2.248196e+000 2.739949e+000
         vertex -1.767370e+000 -2.188475e+000 3.184668e+000
         vertex -2.038409e+000 -1.956437e+000 3.175778e+000
      endloop
   endfacet
   facet normal -6.554029e-001 -7.282651e-001 2.001925e-001
      outer loop
         vertex -1.827186e+000 -2.248196e+000 2.739949e+000
         vertex -2.038409e+000 -1.956437e+000 3.175778e+000
         vertex -2.440526e+000 -1.687937e+000 2.801043e+000
      endloop
   endfacet
   facet normal -6.652064e-001 -7.192882e-001 2.003121e-001
      outer loop
         vertex -2.440526e+000 -1.687937e+000 2.801043e+000
         vertex -2.038409e+000 -1.956437e+000 3.175778e+000
         vertex -2.381284e+000 -1.639729e+000 3.121897e+000
      endloop
   endfacet
   facet normal -6.735590e-001 -7.114516e-001 2.003868e-001
      outer loop
         vertex -2.440526e+000 -1.687937e+000 2.801043e+000
         vertex -2.381284e+000 -1.639729e+000 3.121897e+000
         vertex -2.512885e+000 -1.621840e+000 2.808251e+000
      endloop
   endfacet
   facet normal -6.879545e-001 -6.975219e-001 2.004542e-001
      outer loop
         vertex -2.512885e+000 -1.621840e+000 2.808251e+000
         vertex -2.381284e+000 -1.639729e+000 3.121897e+000
         vertex -2.981657e+000 -1.085173e+000 3.027553e+000
      endloop
   endfacet
   facet normal -7.014133e-001 -6.839896e-001 2.004435e-001
      outer loop
         vertex -2.512885e+000 -1.621840e+000 2.808251e+000
         vertex -2.981657e+000 -1.085173e+000 3.027553e+000
         vertex -2.963948e+000 -1.131736e+000 2.906414e+000
      endloop
   endfacet
   facet normal -7.136956e-001 -6.711863e-001 2.003681e-001
      outer loop
         vertex -2.963948e+000 -1.131736e+000 2.906414e+000
         vertex -2.981657e+000 -1.085173e+000 3.027553e+000
         vertex -2.981849e+000 -1.084984e+000 3.027491e+000
      endloop
   endfacet
   facet normal -7.167000e-001 -6.679859e-001 2.003398e-001
      outer loop
         vertex -2.963948e+000 -1.131736e+000 2.906414e+000
         vertex -2.981849e+000 -1.084984e+000 3.027491e+000
         vertex -3.115178e+000 -9.674166e-001 2.939326e+000
      endloop
   endfacet
   facet normal -7.208208e-001 -6.635507e-001 2.002943e-001
      outer loop
         vertex -3.115178e+000 -9.674166e-001 2.939326e+000
         vertex -2.981849e+000 -1.084984e+000 3.027491e+000
         vertex -3.123778e+000 -9.452704e-001 2.981581e+000
      endloop
   endfacet
   facet normal -7.244393e-001 -6.596124e-001 2.002480e-001
      outer loop
         vertex -3.115178e+000 -9.674166e-001 2.939326e+000
         vertex -3.123778e+000 -9.452704e-001 2.981581e+000
         vertex -3.137852e+000 -9.333708e-001 2.969866e+000
      endloop
   endfacet
   facet normal 2.109950e-001 2.306439e-001 -9.498866e-001
      outer loop
         vertex 1.854350e+001 -1.366630e+001 2.595295e+000
         vertex 1.610034e+001 -1.174594e+001 2.519655e+000
         vertex 1.616708e+001 -1.165982e+001 2.557613e+000
      endloop
   endfacet
   facet normal 3.266621e-001 3.866768e-001 -8.624227e-001
      outer loop
         vertex 1.284628e+001 -9.104060e+000 2.441695e+000
         vertex 1.282864e+001 -9.077246e+000 2.453194e+000
         vertex 1.616708e+001 -1.165982e+001 2.557613e+000
      endloop
   endfacet
   facet normal 5.978173e-001 7.849241e-001 1.628144e-001
      outer loop
         vertex 1.260102e+001 -8.749470e+000 2.677688e+000
         vertex 1.260222e+001 -8.755433e+000 2.705338e+000
         vertex 1.623355e+001 -1.156530e+001 2.824174e+000
      endloop
   endfacet
   facet normal 6.081500e-001 7.929563e-001 3.706498e-002
      outer loop
         vertex 1.260102e+001 -8.749470e+000 2.677688e+000
         vertex 1.623777e+001 -1.156179e+001 2.776425e+000
         vertex 1.260507e+001 -8.752180e+000 2.657469e+000
      endloop
   endfacet
   facet normal 6.098183e-001 7.914912e-001 -4.078347e-002
      outer loop
         vertex 1.260507e+001 -8.752180e+000 2.657469e+000
         vertex 1.623777e+001 -1.156179e+001 2.776425e+000
         vertex 1.262005e+001 -8.768444e+000 2.619497e+000
      endloop
   endfacet
   facet normal 6.044564e-001 7.939742e-001 -6.509533e-002
      outer loop
         vertex 1.260507e+001 -8.752180e+000 2.657469e+000
         vertex 1.262005e+001 -8.768444e+000 2.619497e+000
         vertex 1.260872e+001 -8.754627e+000 2.639224e+000
      endloop
   endfacet
   facet normal 5.487220e-001 6.920128e-001 -4.690655e-001
      outer loop
         vertex 1.273349e+001 -8.932562e+000 2.515245e+000
         vertex 1.267957e+001 -8.850566e+000 2.550410e+000
         vertex 1.623024e+001 -1.157473e+001 2.688232e+000
      endloop
   endfacet
   facet normal 5.737457e-001 7.297559e-001 -3.718497e-001
      outer loop
         vertex 1.623024e+001 -1.157473e+001 2.688232e+000
         vertex 1.267957e+001 -8.850566e+000 2.550410e+000
         vertex 1.264792e+001 -8.802438e+000 2.571050e+000
      endloop
   endfacet
   facet normal 6.035513e-001 7.651563e-001 -2.241912e-001
      outer loop
         vertex 1.623024e+001 -1.157473e+001 2.688232e+000
         vertex 1.264792e+001 -8.802438e+000 2.571050e+000
         vertex 1.623777e+001 -1.156179e+001 2.776425e+000
      endloop
   endfacet
   facet normal 5.991257e-001 7.686044e-001 -2.242669e-001
      outer loop
         vertex 1.623777e+001 -1.156179e+001 2.776425e+000
         vertex 1.264792e+001 -8.802438e+000 2.571050e+000
         vertex 1.264786e+001 -8.802353e+000 2.571087e+000
      endloop
   endfacet
   facet normal 6.054106e-001 7.800621e-001 -1.580541e-001
      outer loop
         vertex 1.623777e+001 -1.156179e+001 2.776425e+000
         vertex 1.264786e+001 -8.802353e+000 2.571087e+000
         vertex 1.262005e+001 -8.768444e+000 2.619497e+000
      endloop
   endfacet
   facet normal 2.109879e-001 2.306351e-001 -9.498903e-001
      outer loop
         vertex 1.610034e+001 -1.174594e+001 2.519655e+000
         vertex 1.292143e+001 -9.247268e+000 2.421236e+000
         vertex 1.616708e+001 -1.165982e+001 2.557613e+000
      endloop
   endfacet
   facet normal 2.380376e-001 2.668933e-001 -9.338662e-001
      outer loop
         vertex 1.616708e+001 -1.165982e+001 2.557613e+000
         vertex 1.292143e+001 -9.247268e+000 2.421236e+000
         vertex 1.288407e+001 -9.176080e+000 2.431406e+000
      endloop
   endfacet
   facet normal 2.903634e-001 3.374182e-001 -8.954542e-001
      outer loop
         vertex 1.616708e+001 -1.165982e+001 2.557613e+000
         vertex 1.288407e+001 -9.176080e+000 2.431406e+000
         vertex 1.284628e+001 -9.104060e+000 2.441695e+000
      endloop
   endfacet
   facet normal 2.128084e-001 2.292001e-001 -9.498315e-001
      outer loop
         vertex 1.973909e+001 -1.464189e+001 2.627126e+000
         vertex 1.854350e+001 -1.366630e+001 2.595295e+000
         vertex 1.978855e+001 -1.457924e+001 2.665423e+000
      endloop
   endfacet
   facet normal 2.800771e-001 3.161140e-001 -9.064374e-001
      outer loop
         vertex 1.978855e+001 -1.457924e+001 2.665423e+000
         vertex 1.854350e+001 -1.366630e+001 2.595295e+000
         vertex 1.616708e+001 -1.165982e+001 2.557613e+000
      endloop
   endfacet
   facet normal 4.007935e-001 4.738002e-001 -7.841416e-001
      outer loop
         vertex 1.978855e+001 -1.457924e+001 2.665423e+000
         vertex 1.616708e+001 -1.165982e+001 2.557613e+000
         vertex 1.620718e+001 -1.160671e+001 2.616956e+000
      endloop
   endfacet
   facet normal 3.973244e-001 4.765419e-001 -7.842456e-001
      outer loop
         vertex 1.620718e+001 -1.160671e+001 2.616956e+000
         vertex 1.616708e+001 -1.165982e+001 2.557613e+000
         vertex 1.282864e+001 -9.077246e+000 2.453194e+000
      endloop
   endfacet
   facet normal 4.335496e-001 5.303404e-001 -7.285423e-001
      outer loop
         vertex 1.620718e+001 -1.160671e+001 2.616956e+000
         vertex 1.282864e+001 -9.077246e+000 2.453194e+000
         vertex 1.276024e+001 -8.973233e+000 2.497802e+000
      endloop
   endfacet
   facet normal 5.706645e-001 6.874721e-001 -4.491371e-001
      outer loop
         vertex 1.985312e+001 -1.449469e+001 2.790787e+000
         vertex 1.985208e+001 -1.449637e+001 2.779339e+000
         vertex 1.620718e+001 -1.160671e+001 2.616956e+000
      endloop
   endfacet
   facet normal 5.134226e-001 6.130894e-001 -6.004321e-001
      outer loop
         vertex 1.620718e+001 -1.160671e+001 2.616956e+000
         vertex 1.985208e+001 -1.449637e+001 2.779339e+000
         vertex 1.980838e+001 -1.455412e+001 2.680774e+000
      endloop
   endfacet
   facet normal 4.254721e-001 5.011309e-001 -7.535524e-001
      outer loop
         vertex 1.620718e+001 -1.160671e+001 2.616956e+000
         vertex 1.980838e+001 -1.455412e+001 2.680774e+000
         vertex 1.978855e+001 -1.457924e+001 2.665423e+000
      endloop
   endfacet
   facet normal 4.803953e-001 5.960978e-001 -6.433411e-001
      outer loop
         vertex 1.276024e+001 -8.973233e+000 2.497802e+000
         vertex 1.273349e+001 -8.932562e+000 2.515245e+000
         vertex 1.620718e+001 -1.160671e+001 2.616956e+000
      endloop
   endfacet
   facet normal 5.320093e-001 6.602450e-001 -5.301346e-001
      outer loop
         vertex 1.620718e+001 -1.160671e+001 2.616956e+000
         vertex 1.273349e+001 -8.932562e+000 2.515245e+000
         vertex 1.623024e+001 -1.157473e+001 2.688232e+000
      endloop
   endfacet
   facet normal 5.703638e-001 6.966110e-001 -4.352221e-001
      outer loop
         vertex 1.620718e+001 -1.160671e+001 2.616956e+000
         vertex 1.623024e+001 -1.157473e+001 2.688232e+000
         vertex 1.985312e+001 -1.449469e+001 2.790787e+000
      endloop
   endfacet
   facet normal 6.124744e-001 7.581128e-001 -2.239201e-001
      outer loop
         vertex 1.985312e+001 -1.449469e+001 2.790787e+000
         vertex 1.623024e+001 -1.157473e+001 2.688232e+000
         vertex 1.623777e+001 -1.156179e+001 2.776425e+000
      endloop
   endfacet
   facet normal 6.276453e-001 7.712036e-001 -1.063317e-001
      outer loop
         vertex 1.985312e+001 -1.449469e+001 2.790787e+000
         vertex 1.623777e+001 -1.156179e+001 2.776425e+000
         vertex 1.986114e+001 -1.448169e+001 2.878928e+000
      endloop
   endfacet
   facet normal 6.093439e-001 7.865380e-001 1.002891e-001
      outer loop
         vertex 1.260102e+001 -8.749470e+000 2.677688e+000
         vertex 1.623355e+001 -1.156530e+001 2.824174e+000
         vertex 1.623777e+001 -1.156179e+001 2.776425e+000
      endloop
   endfacet
   facet normal 6.111490e-001 7.796052e-001 1.367941e-001
      outer loop
         vertex 1.623777e+001 -1.156179e+001 2.776425e+000
         vertex 1.623355e+001 -1.156530e+001 2.824174e+000
         vertex 1.625790e+001 -1.158414e+001 2.824971e+000
      endloop
   endfacet
   facet normal 6.111838e-001 7.795777e-001 1.367952e-001
      outer loop
         vertex 1.623777e+001 -1.156179e+001 2.776425e+000
         vertex 1.625790e+001 -1.158414e+001 2.824971e+000
         vertex 1.625796e+001 -1.158419e+001 2.824973e+000
      endloop
   endfacet
   facet normal 6.163672e-001 7.754593e-001 1.369464e-001
      outer loop
         vertex 1.625796e+001 -1.158419e+001 2.824973e+000
         vertex 1.985837e+001 -1.448351e+001 2.926408e+000
         vertex 1.623777e+001 -1.156179e+001 2.776425e+000
      endloop
   endfacet
   facet normal 6.258966e-001 7.750457e-001 8.693446e-002
      outer loop
         vertex 1.623777e+001 -1.156179e+001 2.776425e+000
         vertex 1.985837e+001 -1.448351e+001 2.926408e+000
         vertex 1.986200e+001 -1.448029e+001 2.888408e+000
      endloop
   endfacet
   facet normal 6.291146e-001 7.769462e-001 2.386381e-002
      outer loop
         vertex 1.623777e+001 -1.156179e+001 2.776425e+000
         vertex 1.986200e+001 -1.448029e+001 2.888408e+000
         vertex 1.986114e+001 -1.448169e+001 2.878928e+000
      endloop
   endfacet
   facet normal 2.155972e-001 2.267947e-001 -9.497800e-001
      outer loop
         vertex 2.158132e+001 -1.621895e+001 2.665490e+000
         vertex 2.110470e+001 -1.581094e+001 2.655565e+000
         vertex 2.116815e+001 -1.573741e+001 2.691223e+000
      endloop
   endfacet
   facet normal 6.233733e-001 7.674232e-001 1.498914e-001
      outer loop
         vertex 1.986200e+001 -1.448029e+001 2.888408e+000
         vertex 1.985837e+001 -1.448351e+001 2.926408e+000
         vertex 2.058324e+001 -1.508340e+001 2.944490e+000
      endloop
   endfacet
   facet normal 6.365467e-001 7.708635e-001 2.403510e-002
      outer loop
         vertex 1.986200e+001 -1.448029e+001 2.888408e+000
         vertex 2.124526e+001 -1.564472e+001 2.910195e+000
         vertex 1.986114e+001 -1.448169e+001 2.878930e+000
      endloop
   endfacet
   facet normal 6.450348e-001 7.567735e-001 -1.059438e-001
      outer loop
         vertex 1.986114e+001 -1.448169e+001 2.878930e+000
         vertex 2.124526e+001 -1.564472e+001 2.910195e+000
         vertex 2.123647e+001 -1.565661e+001 2.821970e+000
      endloop
   endfacet
   facet normal 6.238321e-001 7.488714e-001 -2.236632e-001
      outer loop
         vertex 1.986114e+001 -1.448169e+001 2.878930e+000
         vertex 2.123647e+001 -1.565661e+001 2.821970e+000
         vertex 1.985312e+001 -1.449469e+001 2.790789e+000
      endloop
   endfacet
   facet normal 6.018848e-001 7.173137e-001 -3.509925e-001
      outer loop
         vertex 1.985312e+001 -1.449469e+001 2.790789e+000
         vertex 2.123647e+001 -1.565661e+001 2.821970e+000
         vertex 1.985208e+001 -1.449637e+001 2.779339e+000
      endloop
   endfacet
   facet normal 5.839252e-001 6.764113e-001 -4.488865e-001
      outer loop
         vertex 1.985208e+001 -1.449637e+001 2.779339e+000
         vertex 2.123647e+001 -1.565661e+001 2.821970e+000
         vertex 2.121132e+001 -1.568684e+001 2.750640e+000
      endloop
   endfacet
   facet normal 5.183727e-001 6.089683e-001 -6.003727e-001
      outer loop
         vertex 1.985208e+001 -1.449637e+001 2.779339e+000
         vertex 2.121132e+001 -1.568684e+001 2.750640e+000
         vertex 1.980838e+001 -1.455412e+001 2.680774e+000
      endloop
   endfacet
   facet normal 4.355609e-001 4.926932e-001 -7.533525e-001
      outer loop
         vertex 1.980838e+001 -1.455412e+001 2.680774e+000
         vertex 2.121132e+001 -1.568684e+001 2.750640e+000
         vertex 2.116815e+001 -1.573741e+001 2.691223e+000
      endloop
   endfacet
   facet normal 3.713800e-001 4.252081e-001 -8.253939e-001
      outer loop
         vertex 1.980838e+001 -1.455412e+001 2.680774e+000
         vertex 2.116815e+001 -1.573741e+001 2.691223e+000
         vertex 1.978856e+001 -1.457923e+001 2.665425e+000
      endloop
   endfacet
   facet normal 2.836810e-001 3.130823e-001 -9.063689e-001
      outer loop
         vertex 1.978856e+001 -1.457923e+001 2.665425e+000
         vertex 2.116815e+001 -1.573741e+001 2.691223e+000
         vertex 2.110470e+001 -1.581094e+001 2.655565e+000
      endloop
   endfacet
   facet normal 2.117867e-001 2.299894e-001 -9.498691e-001
      outer loop
         vertex 1.978856e+001 -1.457923e+001 2.665425e+000
         vertex 2.110470e+001 -1.581094e+001 2.655565e+000
         vertex 1.973909e+001 -1.464189e+001 2.627126e+000
      endloop
   endfacet
   facet normal 2.187639e-001 2.115831e-001 -9.525623e-001
      outer loop
         vertex 2.245482e+001 -1.699305e+001 2.698239e+000
         vertex 2.239923e+001 -1.704183e+001 2.664771e+000
         vertex 2.158132e+001 -1.621895e+001 2.665490e+000
      endloop
   endfacet
   facet normal 3.004007e-001 2.854321e-001 -9.101033e-001
      outer loop
         vertex 2.245482e+001 -1.699305e+001 2.698239e+000
         vertex 2.158132e+001 -1.621895e+001 2.665490e+000
         vertex 2.245995e+001 -1.698855e+001 2.701326e+000
      endloop
   endfacet
   facet normal 2.971041e-001 3.005145e-001 -9.063223e-001
      outer loop
         vertex 2.245995e+001 -1.698855e+001 2.701326e+000
         vertex 2.158132e+001 -1.621895e+001 2.665490e+000
         vertex 2.116815e+001 -1.573741e+001 2.691223e+000
      endloop
   endfacet
   facet normal 3.933935e-001 3.870999e-001 -8.339036e-001
      outer loop
         vertex 2.245995e+001 -1.698855e+001 2.701326e+000
         vertex 2.116815e+001 -1.573741e+001 2.691223e+000
         vertex 2.247631e+001 -1.697420e+001 2.711174e+000
      endloop
   endfacet
   facet normal 4.452111e-001 4.676405e-001 -7.636095e-001
      outer loop
         vertex 2.247631e+001 -1.697420e+001 2.711174e+000
         vertex 2.116815e+001 -1.573741e+001 2.691223e+000
         vertex 2.121132e+001 -1.568684e+001 2.750640e+000
      endloop
   endfacet
   facet normal 5.186951e-001 5.153260e-001 -6.821983e-001
      outer loop
         vertex 2.247631e+001 -1.697420e+001 2.711174e+000
         vertex 2.121132e+001 -1.568684e+001 2.750640e+000
         vertex 2.250664e+001 -1.694807e+001 2.761962e+000
      endloop
   endfacet
   facet normal 5.784000e-001 5.682729e-001 -5.852515e-001
      outer loop
         vertex 2.250664e+001 -1.694807e+001 2.761962e+000
         vertex 2.121132e+001 -1.568684e+001 2.750640e+000
         vertex 2.252052e+001 -1.693611e+001 2.785197e+000
      endloop
   endfacet
   facet normal 5.980891e-001 6.302162e-001 -4.950929e-001
      outer loop
         vertex 2.252052e+001 -1.693611e+001 2.785197e+000
         vertex 2.121132e+001 -1.568684e+001 2.750640e+000
         vertex 2.123647e+001 -1.565661e+001 2.821970e+000
      endloop
   endfacet
   facet normal 6.452833e-001 6.380103e-001 -4.201812e-001
      outer loop
         vertex 2.252052e+001 -1.693611e+001 2.785197e+000
         vertex 2.123647e+001 -1.565661e+001 2.821970e+000
         vertex 2.253634e+001 -1.692248e+001 2.811696e+000
      endloop
   endfacet
   facet normal 6.882783e-001 6.755724e-001 -2.643387e-001
      outer loop
         vertex 2.253634e+001 -1.692248e+001 2.811696e+000
         vertex 2.123647e+001 -1.565661e+001 2.821970e+000
         vertex 2.254851e+001 -1.691325e+001 2.902180e+000
      endloop
   endfacet
   facet normal 6.824389e-001 7.201956e-001 -1.248821e-001
      outer loop
         vertex 2.254851e+001 -1.691325e+001 2.902180e+000
         vertex 2.123647e+001 -1.565661e+001 2.821970e+000
         vertex 2.124526e+001 -1.564472e+001 2.910195e+000
      endloop
   endfacet
   facet normal 7.131623e-001 7.009609e-001 -7.300437e-003
      outer loop
         vertex 2.254851e+001 -1.691325e+001 2.902180e+000
         vertex 2.124526e+001 -1.564472e+001 2.910195e+000
         vertex 2.255051e+001 -1.691173e+001 2.917051e+000
      endloop
   endfacet
   facet normal 6.507681e-001 7.466740e-001 1.377636e-001
      outer loop
         vertex 2.124152e+001 -1.564824e+001 2.958009e+000
         vertex 2.124830e+001 -1.565480e+001 2.958041e+000
         vertex 2.124526e+001 -1.564472e+001 2.910195e+000
      endloop
   endfacet
   facet normal 6.399655e-001 7.634307e-001 8.727881e-002
      outer loop
         vertex 1.986200e+001 -1.448029e+001 2.888408e+000
         vertex 2.058324e+001 -1.508340e+001 2.944490e+000
         vertex 2.124526e+001 -1.564472e+001 2.910195e+000
      endloop
   endfacet
   facet normal 6.464507e-001 7.504303e-001 1.376804e-001
      outer loop
         vertex 2.124526e+001 -1.564472e+001 2.910195e+000
         vertex 2.058324e+001 -1.508340e+001 2.944490e+000
         vertex 2.124141e+001 -1.564814e+001 2.958006e+000
      endloop
   endfacet
   facet normal 6.506928e-001 7.467398e-001 1.377622e-001
      outer loop
         vertex 2.124526e+001 -1.564472e+001 2.910195e+000
         vertex 2.124141e+001 -1.564814e+001 2.958006e+000
         vertex 2.124152e+001 -1.564824e+001 2.958009e+000
      endloop
   endfacet
   facet normal 7.130222e-001 7.002997e-001 3.434722e-002
      outer loop
         vertex 2.255051e+001 -1.691173e+001 2.917051e+000
         vertex 2.124526e+001 -1.564472e+001 2.910195e+000
         vertex 2.255273e+001 -1.691005e+001 2.933570e+000
      endloop
   endfacet
   facet normal 6.827319e-001 7.241442e-001 9.742826e-002
      outer loop
         vertex 2.255273e+001 -1.691005e+001 2.933570e+000
         vertex 2.124526e+001 -1.564472e+001 2.910195e+000
         vertex 2.124830e+001 -1.565480e+001 2.958041e+000
      endloop
   endfacet
   facet normal 7.042824e-001 6.915737e-001 1.603498e-001
      outer loop
         vertex 2.255273e+001 -1.691005e+001 2.933570e+000
         vertex 2.124830e+001 -1.565480e+001 2.958041e+000
         vertex 2.254974e+001 -1.691321e+001 2.964265e+000
      endloop
   endfacet
   facet normal 6.519133e-002 4.456046e-002 -9.968773e-001
      outer loop
         vertex 2.941088e+001 -3.450476e+001 1.152653e+000
         vertex 3.362866e+001 -3.778068e+001 1.288923e+000
         vertex 3.357946e+001 -3.784237e+001 1.291073e+000
      endloop
   endfacet
   facet normal 6.138721e-002 4.769931e-002 -9.969736e-001
      outer loop
         vertex 3.461384e+001 -3.854586e+001 1.320752e+000
         vertex 3.969027e+001 -4.276111e+001 1.445350e+000
         vertex 3.962836e+001 -4.283318e+001 1.448067e+000
      endloop
   endfacet
   facet normal -4.390860e-001 -5.432529e-001 -7.155975e-001
      outer loop
         vertex 3.351936e+001 -3.791671e+001 1.329320e+000
         vertex 3.954466e+001 -4.292931e+001 1.507123e+000
         vertex 3.952129e+001 -4.295529e+001 1.559297e+000
      endloop
   endfacet
   facet normal 6.911837e-002 4.156886e-002 -9.967420e-001
      outer loop
         vertex 2.738416e+001 -3.303414e+001 1.072195e+000
         vertex 2.734248e+001 -3.309073e+001 1.076171e+000
         vertex 2.408386e+001 -3.063939e+001 9.411786e-001
      endloop
   endfacet
   facet normal -1.737590e-003 -6.370851e-002 -9.979671e-001
      outer loop
         vertex 2.408386e+001 -3.063939e+001 9.411786e-001
         vertex 2.734248e+001 -3.309073e+001 1.076171e+000
         vertex 2.092720e+001 -2.858596e+001 7.997537e-001
      endloop
   endfacet
   facet normal 7.315474e-002 3.873428e-002 -9.965681e-001
      outer loop
         vertex 2.408386e+001 -3.063939e+001 9.411786e-001
         vertex 2.092720e+001 -2.858596e+001 7.997537e-001
         vertex 2.096589e+001 -2.852871e+001 7.954414e-001
      endloop
   endfacet
   facet normal 7.315473e-002 3.873428e-002 -9.965681e-001
      outer loop
         vertex 2.096589e+001 -2.852871e+001 7.954414e-001
         vertex 2.092720e+001 -2.858596e+001 7.997537e-001
         vertex 1.862998e+001 -2.694744e+001 6.862586e-001
      endloop
   endfacet
   facet normal -5.614505e-001 -7.635663e-001 -3.189668e-001
      outer loop
         vertex 3.292507e+001 -3.758545e+001 1.474482e+000
         vertex 2.717237e+001 -3.331250e+001 1.260389e+000
         vertex 2.724046e+001 -3.322426e+001 1.187631e+000
      endloop
   endfacet
   facet normal -5.457160e-001 -7.751422e-001 -3.183531e-001
      outer loop
         vertex 2.724046e+001 -3.322426e+001 1.187631e+000
         vertex 2.717237e+001 -3.331250e+001 1.260389e+000
         vertex 2.376407e+001 -3.078090e+001 1.133546e+000
      endloop
   endfacet
   facet normal -5.042405e-001 -7.457845e-001 -4.353701e-001
      outer loop
         vertex 2.724046e+001 -3.322426e+001 1.187631e+000
         vertex 2.376407e+001 -3.078090e+001 1.133546e+000
         vertex 2.082980e+001 -2.872273e+001 9.114130e-001
      endloop
   endfacet
   facet normal -5.245454e-001 -7.899913e-001 -3.174364e-001
      outer loop
         vertex 2.082980e+001 -2.872273e+001 9.114130e-001
         vertex 2.376407e+001 -3.078090e+001 1.133546e+000
         vertex 2.076916e+001 -2.880892e+001 9.855461e-001
      endloop
   endfacet
   facet normal -6.177414e-001 -7.460417e-001 -2.486310e-001
      outer loop
         vertex 3.949290e+001 -4.298635e+001 1.643315e+000
         vertex 3.344073e+001 -3.800950e+001 1.487738e+000
         vertex 3.950015e+001 -4.297879e+001 1.606485e+000
      endloop
   endfacet
   facet normal -5.813934e-001 -7.257900e-001 -3.677098e-001
      outer loop
         vertex 3.950015e+001 -4.297879e+001 1.606485e+000
         vertex 3.344073e+001 -3.800950e+001 1.487738e+000
         vertex 3.347295e+001 -3.797248e+001 1.402378e+000
      endloop
   endfacet
   facet normal 6.519133e-002 4.456046e-002 -9.968773e-001
      outer loop
         vertex 3.362866e+001 -3.778068e+001 1.288923e+000
         vertex 3.461384e+001 -3.854586e+001 1.320752e+000
         vertex 3.357946e+001 -3.784237e+001 1.291073e+000
      endloop
   endfacet
   facet normal -1.743236e-002 -5.175172e-002 -9.985079e-001
      outer loop
         vertex 3.357946e+001 -3.784237e+001 1.291073e+000
         vertex 3.461384e+001 -3.854586e+001 1.320752e+000
         vertex 3.962836e+001 -4.283318e+001 1.448067e+000
      endloop
   endfacet
   facet normal -1.769247e-001 -2.510836e-001 -9.516589e-001
      outer loop
         vertex 3.357946e+001 -3.784237e+001 1.291073e+000
         vertex 3.962836e+001 -4.283318e+001 1.448067e+000
         vertex 3.351936e+001 -3.791671e+001 1.329320e+000
      endloop
   endfacet
   facet normal -1.980686e-001 -2.678718e-001 -9.428751e-001
      outer loop
         vertex 3.351936e+001 -3.791671e+001 1.329320e+000
         vertex 3.962836e+001 -4.283318e+001 1.448067e+000
         vertex 3.961494e+001 -4.284881e+001 1.448656e+000
      endloop
   endfacet
   facet normal -3.111983e-001 -3.978536e-001 -8.630574e-001
      outer loop
         vertex 3.351936e+001 -3.791671e+001 1.329320e+000
         vertex 3.961494e+001 -4.284881e+001 1.448656e+000
         vertex 3.954466e+001 -4.292931e+001 1.507123e+000
      endloop
   endfacet
   facet normal -5.083441e-001 -8.008139e-001 -3.166755e-001
      outer loop
         vertex 2.076916e+001 -2.880892e+001 9.855461e-001
         vertex 1.422922e+001 -2.450273e+001 6.623620e-001
         vertex 2.082980e+001 -2.872273e+001 9.114130e-001
      endloop
   endfacet
   facet normal -4.860882e-001 -7.945600e-001 -3.638581e-001
      outer loop
         vertex 2.082980e+001 -2.872273e+001 9.114130e-001
         vertex 1.422922e+001 -2.450273e+001 6.623620e-001
         vertex 1.423610e+001 -2.449489e+001 6.255306e-001
      endloop
   endfacet
   facet normal -4.535487e-001 -7.522823e-001 -4.778755e-001
      outer loop
         vertex 2.082980e+001 -2.872273e+001 9.114130e-001
         vertex 1.423610e+001 -2.449489e+001 6.255306e-001
         vertex 1.425449e+001 -2.446938e+001 5.782315e-001
      endloop
   endfacet
   facet normal -1.536210e-001 -2.688369e-001 -9.508561e-001
      outer loop
         vertex 2.734248e+001 -3.309073e+001 1.076171e+000
         vertex 2.728509e+001 -3.316713e+001 1.114512e+000
         vertex 2.092720e+001 -2.858596e+001 7.997537e-001
      endloop
   endfacet
   facet normal -2.226284e-001 -3.765298e-001 -8.992563e-001
      outer loop
         vertex 2.092720e+001 -2.858596e+001 7.997537e-001
         vertex 2.728509e+001 -3.316713e+001 1.114512e+000
         vertex 2.087260e+001 -2.866432e+001 8.382149e-001
      endloop
   endfacet
   facet normal -2.328313e-001 -4.265685e-001 -8.739731e-001
      outer loop
         vertex 2.092720e+001 -2.858596e+001 7.997537e-001
         vertex 2.087260e+001 -2.866432e+001 8.382149e-001
         vertex 1.427483e+001 -2.444118e+001 5.259425e-001
      endloop
   endfacet
   facet normal 7.728221e-002 3.606886e-002 -9.963567e-001
      outer loop
         vertex 1.439422e+001 -2.425381e+001 4.631386e-001
         vertex 1.862998e+001 -2.694744e+001 6.862586e-001
         vertex 1.434411e+001 -2.433451e+001 4.663196e-001
      endloop
   endfacet
   facet normal 6.426354e-003 -6.920858e-002 -9.975815e-001
      outer loop
         vertex 1.434411e+001 -2.433451e+001 4.663196e-001
         vertex 1.862998e+001 -2.694744e+001 6.862586e-001
         vertex 2.092720e+001 -2.858596e+001 7.997537e-001
      endloop
   endfacet
   facet normal -7.379285e-002 -1.972227e-001 -9.775776e-001
      outer loop
         vertex 1.434411e+001 -2.433451e+001 4.663196e-001
         vertex 2.092720e+001 -2.858596e+001 7.997537e-001
         vertex 1.433325e+001 -2.435201e+001 4.670092e-001
      endloop
   endfacet
   facet normal -1.701258e-001 -3.476853e-001 -9.220478e-001
      outer loop
         vertex 1.433325e+001 -2.435201e+001 4.670092e-001
         vertex 2.092720e+001 -2.858596e+001 7.997537e-001
         vertex 1.427483e+001 -2.444118e+001 5.259425e-001
      endloop
   endfacet
   facet normal -5.819571e-001 -7.477717e-001 -3.196299e-001
      outer loop
         vertex 3.344073e+001 -3.800950e+001 1.487738e+000
         vertex 3.292507e+001 -3.758545e+001 1.474482e+000
         vertex 3.347295e+001 -3.797248e+001 1.402378e+000
      endloop
   endfacet
   facet normal -5.400561e-001 -7.194380e-001 -4.367474e-001
      outer loop
         vertex 3.347295e+001 -3.797248e+001 1.402378e+000
         vertex 3.292507e+001 -3.758545e+001 1.474482e+000
         vertex 2.724046e+001 -3.322426e+001 1.187631e+000
      endloop
   endfacet
   facet normal -4.406302e-001 -6.157636e-001 -6.532075e-001
      outer loop
         vertex 3.347295e+001 -3.797248e+001 1.402378e+000
         vertex 2.724046e+001 -3.322426e+001 1.187631e+000
         vertex 2.728509e+001 -3.316713e+001 1.114512e+000
      endloop
   endfacet
   facet normal -4.204563e-001 -6.305230e-001 -6.524240e-001
      outer loop
         vertex 2.728509e+001 -3.316713e+001 1.114512e+000
         vertex 2.724046e+001 -3.322426e+001 1.187631e+000
         vertex 2.082980e+001 -2.872273e+001 9.114130e-001
      endloop
   endfacet
   facet normal -3.529533e-001 -5.595356e-001 -7.498959e-001
      outer loop
         vertex 2.728509e+001 -3.316713e+001 1.114512e+000
         vertex 2.082980e+001 -2.872273e+001 9.114130e-001
         vertex 2.087260e+001 -2.866432e+001 8.382149e-001
      endloop
   endfacet
   facet normal -3.919978e-001 -6.499164e-001 -6.511117e-001
      outer loop
         vertex 2.087260e+001 -2.866432e+001 8.382149e-001
         vertex 2.082980e+001 -2.872273e+001 9.114130e-001
         vertex 1.425449e+001 -2.446938e+001 5.782315e-001
      endloop
   endfacet
   facet normal -3.488004e-001 -6.093149e-001 -7.120910e-001
      outer loop
         vertex 2.087260e+001 -2.866432e+001 8.382149e-001
         vertex 1.425449e+001 -2.446938e+001 5.782315e-001
         vertex 1.427483e+001 -2.444118e+001 5.259425e-001
      endloop
   endfacet
   facet normal 6.911837e-002 4.156886e-002 -9.967420e-001
      outer loop
         vertex 2.738416e+001 -3.303414e+001 1.072195e+000
         vertex 2.941088e+001 -3.450476e+001 1.152653e+000
         vertex 2.734248e+001 -3.309073e+001 1.076171e+000
      endloop
   endfacet
   facet normal -9.701096e-003 -5.788226e-002 -9.982763e-001
      outer loop
         vertex 2.734248e+001 -3.309073e+001 1.076171e+000
         vertex 2.941088e+001 -3.450476e+001 1.152653e+000
         vertex 3.357946e+001 -3.784237e+001 1.291073e+000
      endloop
   endfacet
   facet normal -1.616068e-001 -2.629943e-001 -9.511662e-001
      outer loop
         vertex 2.734248e+001 -3.309073e+001 1.076171e+000
         vertex 3.357946e+001 -3.784237e+001 1.291073e+000
         vertex 2.728509e+001 -3.316713e+001 1.114512e+000
      endloop
   endfacet
   facet normal -2.459557e-001 -3.594632e-001 -9.001622e-001
      outer loop
         vertex 2.728509e+001 -3.316713e+001 1.114512e+000
         vertex 3.357946e+001 -3.784237e+001 1.291073e+000
         vertex 3.351936e+001 -3.791671e+001 1.329320e+000
      endloop
   endfacet
   facet normal -3.884681e-001 -5.335523e-001 -7.512752e-001
      outer loop
         vertex 2.728509e+001 -3.316713e+001 1.114512e+000
         vertex 3.351936e+001 -3.791671e+001 1.329320e+000
         vertex 3.347295e+001 -3.797248e+001 1.402378e+000
      endloop
   endfacet
   facet normal -4.677811e-001 -5.944692e-001 -6.540545e-001
      outer loop
         vertex 3.347295e+001 -3.797248e+001 1.402378e+000
         vertex 3.351936e+001 -3.791671e+001 1.329320e+000
         vertex 3.952129e+001 -4.295529e+001 1.559297e+000
      endloop
   endfacet
   facet normal -5.554761e-001 -6.776976e-001 -4.818425e-001
      outer loop
         vertex 3.347295e+001 -3.797248e+001 1.402378e+000
         vertex 3.952129e+001 -4.295529e+001 1.559297e+000
         vertex 3.950015e+001 -4.297879e+001 1.606485e+000
      endloop
   endfacet
   facet normal -7.186692e-001 -6.170859e-001 -3.204989e-001
      outer loop
         vertex 1.334481e+001 -2.373818e+001 6.450207e-001
         vertex 1.334120e+001 -2.373228e+001 6.453532e-001
         vertex 1.336193e+001 -2.371108e+001 5.560448e-001
      endloop
   endfacet
   facet normal -3.996972e-001 -5.703686e-001 -7.175805e-001
      outer loop
         vertex 1.341610e+001 -2.366276e+001 4.830357e-001
         vertex 1.427483e+001 -2.444118e+001 5.259425e-001
         vertex 1.425450e+001 -2.446938e+001 5.782278e-001
      endloop
   endfacet
   facet normal -2.667582e-001 9.723583e-002 -9.588458e-001
      outer loop
         vertex 1.230564e+001 -2.051953e+001 7.321683e-001
         vertex 1.233453e+001 -2.051813e+001 7.293047e-001
         vertex 1.248136e+001 -2.160091e+001 5.884073e-001
      endloop
   endfacet
   facet normal -2.217447e-001 1.007630e-001 -9.698846e-001
      outer loop
         vertex 1.248136e+001 -2.160091e+001 5.884073e-001
         vertex 1.233453e+001 -2.051813e+001 7.293047e-001
         vertex 1.234092e+001 -2.051782e+001 7.286713e-001
      endloop
   endfacet
   facet normal -9.844030e-002 1.084756e-001 -9.892130e-001
      outer loop
         vertex 1.248136e+001 -2.160091e+001 5.884073e-001
         vertex 1.234092e+001 -2.051782e+001 7.286713e-001
         vertex 1.249169e+001 -2.115929e+001 6.356006e-001
      endloop
   endfacet
   facet normal 2.479771e-002 1.380728e-001 -9.901116e-001
      outer loop
         vertex 1.249169e+001 -2.115929e+001 6.356006e-001
         vertex 1.234092e+001 -2.051782e+001 7.286713e-001
         vertex 1.242892e+001 -2.051354e+001 7.199469e-001
      endloop
   endfacet
   facet normal -9.757368e-001 -7.910787e-002 -2.041560e-001
      outer loop
         vertex 1.214180e+001 -2.055305e+001 9.317998e-001
         vertex 1.215007e+001 -2.054757e+001 8.947986e-001
         vertex 1.237176e+001 -2.165364e+001 8.058347e-001
      endloop
   endfacet
   facet normal -9.616910e-001 -7.012531e-002 -2.650151e-001
      outer loop
         vertex 1.237176e+001 -2.165364e+001 8.058347e-001
         vertex 1.215007e+001 -2.054757e+001 8.947986e-001
         vertex 1.215478e+001 -2.054626e+001 8.865319e-001
      endloop
   endfacet
   facet normal -9.313667e-001 -1.193740e-001 -3.439561e-001
      outer loop
         vertex 1.237176e+001 -2.165364e+001 8.058347e-001
         vertex 1.215478e+001 -2.054626e+001 8.865319e-001
         vertex 1.232396e+001 -2.165141e+001 7.038673e-001
      endloop
   endfacet
   facet normal -8.918070e-001 -3.682439e-002 -4.509148e-001
      outer loop
         vertex 1.232396e+001 -2.165141e+001 7.038673e-001
         vertex 1.215478e+001 -2.054626e+001 8.865319e-001
         vertex 1.217799e+001 -2.053977e+001 8.458380e-001
      endloop
   endfacet
   facet normal -8.327990e-001 -2.005019e-002 -5.532123e-001
      outer loop
         vertex 1.232396e+001 -2.165141e+001 7.038673e-001
         vertex 1.217799e+001 -2.053977e+001 8.458380e-001
         vertex 1.219867e+001 -2.053398e+001 8.095569e-001
      endloop
   endfacet
   facet normal 2.061193e-002 1.142175e-001 -9.932419e-001
      outer loop
         vertex 1.249169e+001 -2.115929e+001 6.356006e-001
         vertex 1.259753e+001 -2.157291e+001 5.910695e-001
         vertex 1.248136e+001 -2.160091e+001 5.884073e-001
      endloop
   endfacet
   facet normal 2.061281e-002 1.142141e-001 -9.932423e-001
      outer loop
         vertex 1.248136e+001 -2.160091e+001 5.884073e-001
         vertex 1.259753e+001 -2.157291e+001 5.910695e-001
         vertex 1.273923e+001 -2.212666e+001 5.314531e-001
      endloop
   endfacet
   facet normal -9.302427e-002 5.767395e-002 -9.939920e-001
      outer loop
         vertex 1.248136e+001 -2.160091e+001 5.884073e-001
         vertex 1.273923e+001 -2.212666e+001 5.314531e-001
         vertex 1.286528e+001 -2.265894e+001 4.908755e-001
      endloop
   endfacet
   facet normal 3.036257e-002 8.742986e-002 -9.957079e-001
      outer loop
         vertex 1.286528e+001 -2.265894e+001 4.908755e-001
         vertex 1.273923e+001 -2.212666e+001 5.314531e-001
         vertex 1.297077e+001 -2.260705e+001 4.954478e-001
      endloop
   endfacet
   facet normal -3.200622e-001 -5.881991e-002 -9.455689e-001
      outer loop
         vertex 1.286528e+001 -2.265894e+001 4.908755e-001
         vertex 1.278118e+001 -2.270369e+001 5.299340e-001
         vertex 1.248136e+001 -2.160091e+001 5.884073e-001
      endloop
   endfacet
   facet normal -4.520135e-001 -6.715879e-002 -8.894793e-001
      outer loop
         vertex 1.248136e+001 -2.160091e+001 5.884073e-001
         vertex 1.278118e+001 -2.270369e+001 5.299340e-001
         vertex 1.239054e+001 -2.162720e+001 6.291641e-001
      endloop
   endfacet
   facet normal -3.883296e-001 4.001500e-002 -9.206514e-001
      outer loop
         vertex 1.248136e+001 -2.160091e+001 5.884073e-001
         vertex 1.239054e+001 -2.162720e+001 6.291641e-001
         vertex 1.230564e+001 -2.051953e+001 7.321683e-001
      endloop
   endfacet
   facet normal -5.679252e-001 4.237541e-002 -8.219886e-001
      outer loop
         vertex 1.230564e+001 -2.051953e+001 7.321683e-001
         vertex 1.239054e+001 -2.162720e+001 6.291641e-001
         vertex 1.220438e+001 -2.053238e+001 7.995453e-001
      endloop
   endfacet
   facet normal -8.594226e-001 -4.062849e-001 -3.103634e-001
      outer loop
         vertex 1.273959e+001 -2.274741e+001 7.008029e-001
         vertex 1.273234e+001 -2.273555e+001 7.014709e-001
         vertex 1.271900e+001 -2.274001e+001 6.035218e-001
      endloop
   endfacet
   facet normal -8.712480e-001 -3.816943e-001 -3.086040e-001
      outer loop
         vertex 1.271900e+001 -2.274001e+001 6.035218e-001
         vertex 1.273234e+001 -2.273555e+001 7.014709e-001
         vertex 1.252789e+001 -2.240085e+001 7.203149e-001
      endloop
   endfacet
   facet normal -8.601453e-001 -2.871661e-001 -4.215280e-001
      outer loop
         vertex 1.271900e+001 -2.274001e+001 6.035218e-001
         vertex 1.252789e+001 -2.240085e+001 7.203149e-001
         vertex 1.232396e+001 -2.165141e+001 7.038673e-001
      endloop
   endfacet
   facet normal -9.236264e-001 -2.430910e-001 -2.963461e-001
      outer loop
         vertex 1.232396e+001 -2.165141e+001 7.038673e-001
         vertex 1.252789e+001 -2.240085e+001 7.203149e-001
         vertex 1.237601e+001 -2.167396e+001 8.035091e-001
      endloop
   endfacet
   facet normal -9.368929e-001 -1.940031e-001 -2.908511e-001
      outer loop
         vertex 1.232396e+001 -2.165141e+001 7.038673e-001
         vertex 1.237601e+001 -2.167396e+001 8.035091e-001
         vertex 1.237176e+001 -2.165364e+001 8.058347e-001
      endloop
   endfacet
   facet normal -7.165638e-001 -6.195055e-001 -3.205453e-001
      outer loop
         vertex 1.334481e+001 -2.373818e+001 6.450207e-001
         vertex 1.336193e+001 -2.371108e+001 5.560448e-001
         vertex 1.336153e+001 -2.376555e+001 6.434797e-001
      endloop
   endfacet
   facet normal 4.803590e-002 6.092415e-002 -9.969859e-001
      outer loop
         vertex 1.314439e+001 -2.296729e+001 4.684485e-001
         vertex 1.357592e+001 -2.352527e+001 4.501525e-001
         vertex 1.348802e+001 -2.359974e+001 4.448581e-001
      endloop
   endfacet
   facet normal 4.803837e-002 6.092096e-002 -9.969859e-001
      outer loop
         vertex 1.348802e+001 -2.359974e+001 4.448581e-001
         vertex 1.357592e+001 -2.352527e+001 4.501525e-001
         vertex 1.371988e+001 -2.371142e+001 4.440487e-001
      endloop
   endfacet
   facet normal -2.913722e-001 -4.079345e-001 -8.652697e-001
      outer loop
         vertex 1.427483e+001 -2.444118e+001 5.259425e-001
         vertex 1.341610e+001 -2.366276e+001 4.830357e-001
         vertex 1.433325e+001 -2.435201e+001 4.670092e-001
      endloop
   endfacet
   facet normal -2.257374e-001 -2.377636e-001 -9.447280e-001
      outer loop
         vertex 1.433325e+001 -2.435201e+001 4.670092e-001
         vertex 1.341610e+001 -2.366276e+001 4.830357e-001
         vertex 1.348802e+001 -2.359974e+001 4.448581e-001
      endloop
   endfacet
   facet normal -9.874962e-002 -1.756107e-001 -9.794945e-001
      outer loop
         vertex 1.433325e+001 -2.435201e+001 4.670092e-001
         vertex 1.348802e+001 -2.359974e+001 4.448581e-001
         vertex 1.434412e+001 -2.433451e+001 4.663193e-001
      endloop
   endfacet
   facet normal -1.872980e-002 -4.703975e-002 -9.987174e-001
      outer loop
         vertex 1.434412e+001 -2.433451e+001 4.663193e-001
         vertex 1.348802e+001 -2.359974e+001 4.448581e-001
         vertex 1.371988e+001 -2.371142e+001 4.440487e-001
      endloop
   endfacet
   facet normal 7.722159e-002 3.604624e-002 -9.963621e-001
      outer loop
         vertex 1.434412e+001 -2.433451e+001 4.663193e-001
         vertex 1.371988e+001 -2.371142e+001 4.440487e-001
         vertex 1.439422e+001 -2.425381e+001 4.631386e-001
      endloop
   endfacet
   facet normal -7.723191e-001 -5.491282e-001 -3.193452e-001
      outer loop
         vertex 1.334120e+001 -2.373228e+001 6.453532e-001
         vertex 1.273959e+001 -2.274741e+001 7.008029e-001
         vertex 1.336193e+001 -2.371108e+001 5.560448e-001
      endloop
   endfacet
   facet normal -7.813321e-001 -4.484039e-001 -4.341130e-001
      outer loop
         vertex 1.336193e+001 -2.371108e+001 5.560448e-001
         vertex 1.273959e+001 -2.274741e+001 7.008029e-001
         vertex 1.271900e+001 -2.274001e+001 6.035218e-001
      endloop
   endfacet
   facet normal -6.603593e-001 -3.717098e-001 -6.525009e-001
      outer loop
         vertex 1.336193e+001 -2.371108e+001 5.560448e-001
         vertex 1.271900e+001 -2.274001e+001 6.035218e-001
         vertex 1.278118e+001 -2.270369e+001 5.299340e-001
      endloop
   endfacet
   facet normal -7.293670e-001 -2.357115e-001 -6.422336e-001
      outer loop
         vertex 1.278118e+001 -2.270369e+001 5.299340e-001
         vertex 1.271900e+001 -2.274001e+001 6.035218e-001
         vertex 1.232396e+001 -2.165141e+001 7.038673e-001
      endloop
   endfacet
   facet normal -6.639123e-001 -1.349237e-001 -7.355379e-001
      outer loop
         vertex 1.278118e+001 -2.270369e+001 5.299340e-001
         vertex 1.232396e+001 -2.165141e+001 7.038673e-001
         vertex 1.239054e+001 -2.162720e+001 6.291641e-001
      endloop
   endfacet
   facet normal -7.442352e-001 -4.758571e-002 -6.662204e-001
      outer loop
         vertex 1.239054e+001 -2.162720e+001 6.291641e-001
         vertex 1.232396e+001 -2.165141e+001 7.038673e-001
         vertex 1.219867e+001 -2.053398e+001 8.095569e-001
      endloop
   endfacet
   facet normal -7.037900e-001 2.165669e-002 -7.100779e-001
      outer loop
         vertex 1.239054e+001 -2.162720e+001 6.291641e-001
         vertex 1.219867e+001 -2.053398e+001 8.095569e-001
         vertex 1.220438e+001 -2.053238e+001 7.995453e-001
      endloop
   endfacet
   facet normal 3.036410e-002 8.742670e-002 -9.957081e-001
      outer loop
         vertex 1.297077e+001 -2.260705e+001 4.954478e-001
         vertex 1.314439e+001 -2.296729e+001 4.684485e-001
         vertex 1.286528e+001 -2.265894e+001 4.908755e-001
      endloop
   endfacet
   facet normal -6.560016e-002 4.370320e-003 -9.978364e-001
      outer loop
         vertex 1.286528e+001 -2.265894e+001 4.908755e-001
         vertex 1.314439e+001 -2.296729e+001 4.684485e-001
         vertex 1.348802e+001 -2.359974e+001 4.448581e-001
      endloop
   endfacet
   facet normal -2.926209e-001 -1.123439e-001 -9.496062e-001
      outer loop
         vertex 1.286528e+001 -2.265894e+001 4.908755e-001
         vertex 1.348802e+001 -2.359974e+001 4.448581e-001
         vertex 1.278118e+001 -2.270369e+001 5.299340e-001
      endloop
   endfacet
   facet normal -3.717352e-001 -2.237016e-001 -9.009832e-001
      outer loop
         vertex 1.278118e+001 -2.270369e+001 5.299340e-001
         vertex 1.348802e+001 -2.359974e+001 4.448581e-001
         vertex 1.341610e+001 -2.366276e+001 4.830357e-001
      endloop
   endfacet
   facet normal -5.417081e-001 -3.736632e-001 -7.529464e-001
      outer loop
         vertex 1.278118e+001 -2.270369e+001 5.299340e-001
         vertex 1.341610e+001 -2.366276e+001 4.830357e-001
         vertex 1.336193e+001 -2.371108e+001 5.560448e-001
      endloop
   endfacet
   facet normal -5.081110e-001 -5.553378e-001 -6.583488e-001
      outer loop
         vertex 1.336193e+001 -2.371108e+001 5.560448e-001
         vertex 1.341610e+001 -2.366276e+001 4.830357e-001
         vertex 1.425450e+001 -2.446938e+001 5.782278e-001
      endloop
   endfacet
   facet normal -6.137805e-001 -6.551582e-001 -4.405012e-001
      outer loop
         vertex 1.336193e+001 -2.371108e+001 5.560448e-001
         vertex 1.425450e+001 -2.446938e+001 5.782278e-001
         vertex 1.336153e+001 -2.376555e+001 6.434797e-001
      endloop
   endfacet
   facet normal -5.581837e-001 -7.433488e-001 -3.685967e-001
      outer loop
         vertex 1.336153e+001 -2.376555e+001 6.434797e-001
         vertex 1.425450e+001 -2.446938e+001 5.782278e-001
         vertex 1.423610e+001 -2.449489e+001 6.255306e-001
      endloop
   endfacet
   facet normal -5.826599e-001 -7.739280e-001 -2.480785e-001
      outer loop
         vertex 1.336153e+001 -2.376555e+001 6.434797e-001
         vertex 1.423610e+001 -2.449489e+001 6.255306e-001
         vertex 1.422922e+001 -2.450273e+001 6.623620e-001
      endloop
   endfacet
   facet normal 3.420565e-002 9.932825e-002 -9.944666e-001
      outer loop
         vertex 1.129218e+001 -1.534398e+001 1.303426e+000
         vertex 1.137077e+001 -1.556571e+001 1.282716e+000
         vertex 1.130039e+001 -1.559506e+001 1.284126e+000
      endloop
   endfacet
   facet normal -7.591825e-001 1.540708e-002 -6.506954e-001
      outer loop
         vertex 1.220438e+001 -2.053238e+001 7.995453e-001
         vertex 1.219867e+001 -2.053398e+001 8.095569e-001
         vertex 1.189906e+001 -1.805303e+001 1.124303e+000
      endloop
   endfacet
   facet normal -1.558050e-001 -7.786460e-002 -9.847142e-001
      outer loop
         vertex 9.264623e+000 -1.212735e+001 1.514325e+000
         vertex 9.287163e+000 -1.214307e+001 1.512142e+000
         vertex 1.014006e+001 -1.334010e+001 1.442495e+000
      endloop
   endfacet
   facet normal -1.000742e-001 -3.239601e-002 -9.944525e-001
      outer loop
         vertex 1.014006e+001 -1.334010e+001 1.442495e+000
         vertex 9.287163e+000 -1.214307e+001 1.512142e+000
         vertex 9.407182e+000 -1.222674e+001 1.500521e+000
      endloop
   endfacet
   facet normal -3.841583e-001 -2.561506e-001 -8.870227e-001
      outer loop
         vertex 1.006952e+001 -1.338632e+001 1.471456e+000
         vertex 9.050881e+000 -1.197834e+001 1.535021e+000
         vertex 9.117043e+000 -1.202447e+001 1.528615e+000
      endloop
   endfacet
   facet normal -5.520875e-001 -3.966858e-001 -7.333755e-001
      outer loop
         vertex 1.001673e+001 -1.342243e+001 1.521926e+000
         vertex 8.834042e+000 -1.180252e+001 1.589856e+000
         vertex 8.994851e+000 -1.193928e+001 1.540446e+000
      endloop
   endfacet
   facet normal -8.212479e-001 -5.094475e-001 -2.569343e-001
      outer loop
         vertex 9.978159e+000 -1.345086e+001 1.597469e+000
         vertex 9.931520e+000 -1.348630e+001 1.634446e+000
         vertex 9.870136e+000 -1.340320e+001 1.637588e+000
      endloop
   endfacet
   facet normal -7.548581e-001 -6.062256e-001 -2.503594e-001
      outer loop
         vertex 8.440548e+000 -1.146788e+001 1.710760e+000
         vertex 8.558912e+000 -1.156854e+001 1.674391e+000
         vertex 9.870136e+000 -1.340320e+001 1.637588e+000
      endloop
   endfacet
   facet normal -7.448319e-001 -5.902505e-001 -3.111747e-001
      outer loop
         vertex 9.870136e+000 -1.340320e+001 1.637588e+000
         vertex 8.558912e+000 -1.156854e+001 1.674391e+000
         vertex 8.583901e+000 -1.158979e+001 1.666713e+000
      endloop
   endfacet
   facet normal -7.762933e-001 -5.430629e-001 -3.200803e-001
      outer loop
         vertex 9.870136e+000 -1.340320e+001 1.637588e+000
         vertex 8.583901e+000 -1.158979e+001 1.666713e+000
         vertex 9.978159e+000 -1.345086e+001 1.597469e+000
      endloop
   endfacet
   facet normal -7.138015e-001 -5.534983e-001 -4.291002e-001
      outer loop
         vertex 9.978159e+000 -1.345086e+001 1.597469e+000
         vertex 8.583901e+000 -1.158979e+001 1.666713e+000
         vertex 8.693854e+000 -1.168330e+001 1.632930e+000
      endloop
   endfacet
   facet normal -6.757108e-001 -5.083174e-001 -5.338805e-001
      outer loop
         vertex 9.978159e+000 -1.345086e+001 1.597469e+000
         vertex 8.693854e+000 -1.168330e+001 1.632930e+000
         vertex 8.831594e+000 -1.180044e+001 1.590608e+000
      endloop
   endfacet
   facet normal -9.799575e-001 -2.814242e-002 -1.972086e-001
      outer loop
         vertex 1.215007e+001 -2.054757e+001 8.947986e-001
         vertex 1.214180e+001 -2.055305e+001 9.317998e-001
         vertex 1.207471e+001 -1.955680e+001 1.066231e+000
      endloop
   endfacet
   facet normal -9.642957e-001 -1.406996e-001 -2.243599e-001
      outer loop
         vertex 1.207471e+001 -1.955680e+001 1.066231e+000
         vertex 1.176617e+001 -1.809348e+001 1.233309e+000
         vertex 1.185615e+001 -1.807079e+001 1.200760e+000
      endloop
   endfacet
   facet normal -9.658733e-001 -1.914722e-002 -2.583063e-001
      outer loop
         vertex 1.215007e+001 -2.054757e+001 8.947986e-001
         vertex 1.207471e+001 -1.955680e+001 1.066231e+000
         vertex 1.215478e+001 -2.054626e+001 8.865319e-001
      endloop
   endfacet
   facet normal -9.576032e-001 -7.408054e-002 -2.784029e-001
      outer loop
         vertex 1.215478e+001 -2.054626e+001 8.865319e-001
         vertex 1.207471e+001 -1.955680e+001 1.066231e+000
         vertex 1.185615e+001 -1.807079e+001 1.200760e+000
      endloop
   endfacet
   facet normal -9.188390e-001 -3.361183e-002 -3.931986e-001
      outer loop
         vertex 1.215478e+001 -2.054626e+001 8.865319e-001
         vertex 1.185615e+001 -1.807079e+001 1.200760e+000
         vertex 1.217799e+001 -2.053977e+001 8.458380e-001
      endloop
   endfacet
   facet normal -3.698052e-001 7.880142e-002 -9.257616e-001
      outer loop
         vertex 1.233453e+001 -2.051813e+001 7.293047e-001
         vertex 1.230564e+001 -2.051953e+001 7.321683e-001
         vertex 1.195900e+001 -1.803448e+001 1.072326e+000
      endloop
   endfacet
   facet normal 2.567974e-002 1.393076e-001 -9.899161e-001
      outer loop
         vertex 1.242892e+001 -2.051354e+001 7.199469e-001
         vertex 1.234092e+001 -2.051782e+001 7.286713e-001
         vertex 1.226164e+001 -1.873198e+001 9.535053e-001
      endloop
   endfacet
   facet normal -8.995113e-002 1.148995e-001 -9.892961e-001
      outer loop
         vertex 1.226164e+001 -1.873198e+001 9.535053e-001
         vertex 1.234092e+001 -2.051782e+001 7.286713e-001
         vertex 1.203996e+001 -1.801388e+001 1.041167e+000
      endloop
   endfacet
   facet normal 2.810864e-002 1.192812e-001 -9.924625e-001
      outer loop
         vertex 1.226164e+001 -1.873198e+001 9.535053e-001
         vertex 1.203996e+001 -1.801388e+001 1.041167e+000
         vertex 1.210055e+001 -1.800081e+001 1.035987e+000
      endloop
   endfacet
   facet normal 2.810860e-002 1.192815e-001 -9.924625e-001
      outer loop
         vertex 1.210055e+001 -1.800081e+001 1.035987e+000
         vertex 1.203996e+001 -1.801388e+001 1.041167e+000
         vertex 1.188157e+001 -1.700685e+001 1.148113e+000
      endloop
   endfacet
   facet normal -8.289709e-001 -4.971209e-001 -2.562772e-001
      outer loop
         vertex 9.931520e+000 -1.348630e+001 1.634446e+000
         vertex 9.978159e+000 -1.345086e+001 1.597469e+000
         vertex 1.022756e+001 -1.388707e+001 1.619293e+000
      endloop
   endfacet
   facet normal -8.447019e-001 -4.333727e-001 -3.141125e-001
      outer loop
         vertex 1.022756e+001 -1.388707e+001 1.619293e+000
         vertex 9.978159e+000 -1.345086e+001 1.597469e+000
         vertex 1.112509e+001 -1.567976e+001 1.440928e+000
      endloop
   endfacet
   facet normal -8.852468e-001 -3.925857e-001 -2.494287e-001
      outer loop
         vertex 1.022756e+001 -1.388707e+001 1.619293e+000
         vertex 1.112509e+001 -1.567976e+001 1.440928e+000
         vertex 1.102047e+001 -1.565367e+001 1.478417e+000
      endloop
   endfacet
   facet normal -3.184084e-001 -1.977241e-001 -9.271037e-001
      outer loop
         vertex 9.117043e+000 -1.202447e+001 1.528615e+000
         vertex 9.264623e+000 -1.212735e+001 1.514325e+000
         vertex 1.006952e+001 -1.338632e+001 1.471456e+000
      endloop
   endfacet
   facet normal -2.584502e-001 -1.301900e-001 -9.572116e-001
      outer loop
         vertex 1.006952e+001 -1.338632e+001 1.471456e+000
         vertex 9.264623e+000 -1.212735e+001 1.514325e+000
         vertex 1.014006e+001 -1.334010e+001 1.442495e+000
      endloop
   endfacet
   facet normal -3.623258e-001 -1.336404e-001 -9.224208e-001
      outer loop
         vertex 1.006952e+001 -1.338632e+001 1.471456e+000
         vertex 1.014006e+001 -1.334010e+001 1.442495e+000
         vertex 1.122347e+001 -1.562888e+001 1.313957e+000
      endloop
   endfacet
   facet normal -2.777958e-001 -5.323737e-002 -9.591638e-001
      outer loop
         vertex 1.122347e+001 -1.562888e+001 1.313957e+000
         vertex 1.014006e+001 -1.334010e+001 1.442495e+000
         vertex 1.130039e+001 -1.559506e+001 1.284126e+000
      endloop
   endfacet
   facet normal -4.016485e-001 -4.199030e-002 -9.148307e-001
      outer loop
         vertex 1.122347e+001 -1.562888e+001 1.313957e+000
         vertex 1.130039e+001 -1.559506e+001 1.284126e+000
         vertex 1.195900e+001 -1.803448e+001 1.072326e+000
      endloop
   endfacet
   facet normal 3.420057e-002 9.932443e-002 -9.944671e-001
      outer loop
         vertex 1.129218e+001 -1.534398e+001 1.303426e+000
         vertex 1.130039e+001 -1.559506e+001 1.284126e+000
         vertex 1.050296e+001 -1.376724e+001 1.417366e+000
      endloop
   endfacet
   facet normal -6.567314e-002 3.621120e-002 -9.971839e-001
      outer loop
         vertex 1.050296e+001 -1.376724e+001 1.417366e+000
         vertex 1.130039e+001 -1.559506e+001 1.284126e+000
         vertex 1.014006e+001 -1.334010e+001 1.442495e+000
      endloop
   endfacet
   facet normal 4.385656e-002 8.059146e-002 -9.957819e-001
      outer loop
         vertex 1.050296e+001 -1.376724e+001 1.417366e+000
         vertex 1.014006e+001 -1.334010e+001 1.442495e+000
         vertex 1.019586e+001 -1.330525e+001 1.439778e+000
      endloop
   endfacet
   facet normal -8.384152e-003 4.025545e-002 -9.991542e-001
      outer loop
         vertex 1.019586e+001 -1.330525e+001 1.439778e+000
         vertex 1.014006e+001 -1.334010e+001 1.442495e+000
         vertex 9.407182e+000 -1.222674e+001 1.500521e+000
      endloop
   endfacet
   facet normal 9.058029e-002 1.025391e-001 -9.905962e-001
      outer loop
         vertex 1.019586e+001 -1.330525e+001 1.439778e+000
         vertex 9.407182e+000 -1.222674e+001 1.500521e+000
         vertex 9.540895e+000 -1.231996e+001 1.487574e+000
      endloop
   endfacet
   facet normal -9.574574e-001 -1.763207e-001 -2.284431e-001
      outer loop
         vertex 1.176617e+001 -1.809348e+001 1.233309e+000
         vertex 1.175909e+001 -1.805989e+001 1.237144e+000
         vertex 1.185615e+001 -1.807079e+001 1.200760e+000
      endloop
   endfacet
   facet normal -9.493528e-001 -2.114338e-001 -2.324328e-001
      outer loop
         vertex 1.185615e+001 -1.807079e+001 1.200760e+000
         vertex 1.175909e+001 -1.805989e+001 1.237144e+000
         vertex 1.145664e+001 -1.662545e+001 1.400923e+000
      endloop
   endfacet
   facet normal -9.187890e-001 -2.573580e-001 -2.993220e-001
      outer loop
         vertex 1.185615e+001 -1.807079e+001 1.200760e+000
         vertex 1.145664e+001 -1.662545e+001 1.400923e+000
         vertex 1.112509e+001 -1.567976e+001 1.440928e+000
      endloop
   endfacet
   facet normal -9.140493e-001 -3.242989e-001 -2.436064e-001
      outer loop
         vertex 1.112509e+001 -1.567976e+001 1.440928e+000
         vertex 1.145664e+001 -1.662545e+001 1.400923e+000
         vertex 1.104866e+001 -1.571648e+001 1.473409e+000
      endloop
   endfacet
   facet normal -9.046797e-001 -3.481433e-001 -2.456638e-001
      outer loop
         vertex 1.112509e+001 -1.567976e+001 1.440928e+000
         vertex 1.104866e+001 -1.571648e+001 1.473409e+000
         vertex 1.102047e+001 -1.565367e+001 1.478417e+000
      endloop
   endfacet
   facet normal -6.506907e-001 -4.801428e-001 -5.882726e-001
      outer loop
         vertex 8.831594e+000 -1.180044e+001 1.590608e+000
         vertex 8.834042e+000 -1.180252e+001 1.589856e+000
         vertex 9.978159e+000 -1.345086e+001 1.597469e+000
      endloop
   endfacet
   facet normal -6.763386e-001 -4.469680e-001 -5.854791e-001
      outer loop
         vertex 9.978159e+000 -1.345086e+001 1.597469e+000
         vertex 8.834042e+000 -1.180252e+001 1.589856e+000
         vertex 1.001673e+001 -1.342243e+001 1.521926e+000
      endloop
   endfacet
   facet normal -7.814644e-001 -3.981784e-001 -4.803826e-001
      outer loop
         vertex 9.978159e+000 -1.345086e+001 1.597469e+000
         vertex 1.001673e+001 -1.342243e+001 1.521926e+000
         vertex 1.112509e+001 -1.567976e+001 1.440928e+000
      endloop
   endfacet
   facet normal -7.536677e-001 -3.133045e-001 -5.777763e-001
      outer loop
         vertex 1.112509e+001 -1.567976e+001 1.440928e+000
         vertex 1.001673e+001 -1.342243e+001 1.521926e+000
         vertex 1.116631e+001 -1.565649e+001 1.365024e+000
      endloop
   endfacet
   facet normal -8.505704e-001 -2.406506e-001 -4.675653e-001
      outer loop
         vertex 1.112509e+001 -1.567976e+001 1.440928e+000
         vertex 1.116631e+001 -1.565649e+001 1.365024e+000
         vertex 1.185615e+001 -1.807079e+001 1.200760e+000
      endloop
   endfacet
   facet normal -8.103606e-001 -1.597227e-001 -5.637414e-001
      outer loop
         vertex 1.185615e+001 -1.807079e+001 1.200760e+000
         vertex 1.116631e+001 -1.565649e+001 1.365024e+000
         vertex 1.189906e+001 -1.805303e+001 1.124303e+000
      endloop
   endfacet
   facet normal -8.606560e-001 -6.729440e-002 -5.047204e-001
      outer loop
         vertex 1.185615e+001 -1.807079e+001 1.200760e+000
         vertex 1.189906e+001 -1.805303e+001 1.124303e+000
         vertex 1.217799e+001 -2.053977e+001 8.458380e-001
      endloop
   endfacet
   facet normal -8.033241e-001 6.066809e-003 -5.955112e-001
      outer loop
         vertex 1.217799e+001 -2.053977e+001 8.458380e-001
         vertex 1.189906e+001 -1.805303e+001 1.124303e+000
         vertex 1.219867e+001 -2.053398e+001 8.095569e-001
      endloop
   endfacet
   facet normal -4.923199e-001 -3.383986e-001 -8.019398e-001
      outer loop
         vertex 8.994851e+000 -1.193928e+001 1.540446e+000
         vertex 9.050881e+000 -1.197834e+001 1.535021e+000
         vertex 1.001673e+001 -1.342243e+001 1.521926e+000
      endloop
   endfacet
   facet normal -4.911694e-001 -3.001297e-001 -8.177254e-001
      outer loop
         vertex 1.001673e+001 -1.342243e+001 1.521926e+000
         vertex 9.050881e+000 -1.197834e+001 1.535021e+000
         vertex 1.006952e+001 -1.338632e+001 1.471456e+000
      endloop
   endfacet
   facet normal -6.022663e-001 -2.798885e-001 -7.476214e-001
      outer loop
         vertex 1.001673e+001 -1.342243e+001 1.521926e+000
         vertex 1.006952e+001 -1.338632e+001 1.471456e+000
         vertex 1.116631e+001 -1.565649e+001 1.365024e+000
      endloop
   endfacet
   facet normal -5.498061e-001 -1.964252e-001 -8.118685e-001
      outer loop
         vertex 1.116631e+001 -1.565649e+001 1.365024e+000
         vertex 1.006952e+001 -1.338632e+001 1.471456e+000
         vertex 1.122347e+001 -1.562888e+001 1.313957e+000
      endloop
   endfacet
   facet normal -6.595489e-001 -1.484354e-001 -7.368598e-001
      outer loop
         vertex 1.116631e+001 -1.565649e+001 1.365024e+000
         vertex 1.122347e+001 -1.562888e+001 1.313957e+000
         vertex 1.189906e+001 -1.805303e+001 1.124303e+000
      endloop
   endfacet
   facet normal -5.945632e-001 -7.408187e-002 -8.006288e-001
      outer loop
         vertex 1.189906e+001 -1.805303e+001 1.124303e+000
         vertex 1.122347e+001 -1.562888e+001 1.313957e+000
         vertex 1.195900e+001 -1.803448e+001 1.072326e+000
      endloop
   endfacet
   facet normal -6.808136e-001 -9.484098e-003 -7.323953e-001
      outer loop
         vertex 1.189906e+001 -1.805303e+001 1.124303e+000
         vertex 1.195900e+001 -1.803448e+001 1.072326e+000
         vertex 1.220438e+001 -2.053238e+001 7.995453e-001
      endloop
   endfacet
   facet normal -5.469249e-001 5.977147e-002 -8.350452e-001
      outer loop
         vertex 1.220438e+001 -2.053238e+001 7.995453e-001
         vertex 1.195900e+001 -1.803448e+001 1.072326e+000
         vertex 1.230564e+001 -2.051953e+001 7.321683e-001
      endloop
   endfacet
   facet normal 3.420566e-002 9.932826e-002 -9.944666e-001
      outer loop
         vertex 1.137077e+001 -1.556571e+001 1.282716e+000
         vertex 1.188157e+001 -1.700685e+001 1.148113e+000
         vertex 1.130039e+001 -1.559506e+001 1.284126e+000
      endloop
   endfacet
   facet normal -8.142508e-002 7.491151e-002 -9.938603e-001
      outer loop
         vertex 1.130039e+001 -1.559506e+001 1.284126e+000
         vertex 1.188157e+001 -1.700685e+001 1.148113e+000
         vertex 1.203996e+001 -1.801388e+001 1.041167e+000
      endloop
   endfacet
   facet normal -3.050355e-001 2.305269e-002 -9.520619e-001
      outer loop
         vertex 1.130039e+001 -1.559506e+001 1.284126e+000
         vertex 1.203996e+001 -1.801388e+001 1.041167e+000
         vertex 1.195900e+001 -1.803448e+001 1.072326e+000
      endloop
   endfacet
   facet normal -3.135558e-001 6.306180e-002 -9.474735e-001
      outer loop
         vertex 1.195900e+001 -1.803448e+001 1.072326e+000
         vertex 1.203996e+001 -1.801388e+001 1.041167e+000
         vertex 1.234092e+001 -2.051782e+001 7.286713e-001
      endloop
   endfacet
   facet normal -3.250772e-001 8.243442e-002 -9.420878e-001
      outer loop
         vertex 1.195900e+001 -1.803448e+001 1.072326e+000
         vertex 1.234092e+001 -2.051782e+001 7.286713e-001
         vertex 1.233453e+001 -2.051813e+001 7.293047e-001
      endloop
   endfacet
   facet normal -7.326974e-001 -6.800115e-001 2.718453e-002
      outer loop
         vertex 8.388012e+000 -1.141779e+001 1.777078e+000
         vertex 8.387133e+000 -1.141737e+001 1.771071e+000
         vertex 8.389986e+000 -1.142060e+001 1.759130e+000
      endloop
   endfacet
   facet normal -7.644099e-001 -6.226960e-001 -1.671139e-001
      outer loop
         vertex 8.406356e+000 -1.143637e+001 1.735824e+000
         vertex 8.440548e+000 -1.146788e+001 1.710760e+000
         vertex 9.870136e+000 -1.340320e+001 1.637588e+000
      endloop
   endfacet
   facet normal -7.717171e-001 -6.345091e-001 -4.302066e-002
      outer loop
         vertex 8.390346e+000 -1.142100e+001 1.757623e+000
         vertex 8.406356e+000 -1.143637e+001 1.735824e+000
         vertex 9.908863e+000 -1.337717e+001 1.695811e+000
      endloop
   endfacet
   facet normal -7.585377e-001 -6.187192e-001 2.044680e-001
      outer loop
         vertex 8.458847e+000 -1.147658e+001 1.830728e+000
         vertex 9.908863e+000 -1.337717e+001 1.695811e+000
         vertex 8.488056e+000 -1.150121e+001 1.845468e+000
      endloop
   endfacet
   facet normal -7.855703e-001 -5.759126e-001 2.262829e-001
      outer loop
         vertex 8.488056e+000 -1.150121e+001 1.845468e+000
         vertex 9.908863e+000 -1.337717e+001 1.695811e+000
         vertex 9.923629e+000 -1.337220e+001 1.783901e+000
      endloop
   endfacet
   facet normal -7.137263e-001 -5.874684e-001 3.814128e-001
      outer loop
         vertex 8.488056e+000 -1.150121e+001 1.845468e+000
         vertex 9.923629e+000 -1.337220e+001 1.783901e+000
         vertex 8.552578e+000 -1.155563e+001 1.878030e+000
      endloop
   endfacet
   facet normal -7.228366e-001 -6.693839e-001 1.715588e-001
      outer loop
         vertex 8.399116e+000 -1.142621e+001 1.800585e+000
         vertex 8.388997e+000 -1.141825e+001 1.783813e+000
         vertex 8.458847e+000 -1.147658e+001 1.830728e+000
      endloop
   endfacet
   facet normal -7.263708e-001 -6.727511e-001 1.406823e-001
      outer loop
         vertex 8.458847e+000 -1.147658e+001 1.830728e+000
         vertex 8.388997e+000 -1.141825e+001 1.783813e+000
         vertex 8.388012e+000 -1.141779e+001 1.777078e+000
      endloop
   endfacet
   facet normal -7.681882e-001 -6.306488e-001 1.103131e-001
      outer loop
         vertex 8.458847e+000 -1.147658e+001 1.830728e+000
         vertex 8.388012e+000 -1.141779e+001 1.777078e+000
         vertex 9.908863e+000 -1.337717e+001 1.695811e+000
      endloop
   endfacet
   facet normal -7.716379e-001 -6.359274e-001 1.309007e-002
      outer loop
         vertex 9.908863e+000 -1.337717e+001 1.695811e+000
         vertex 8.388012e+000 -1.141779e+001 1.777078e+000
         vertex 8.389986e+000 -1.142060e+001 1.759130e+000
      endloop
   endfacet
   facet normal -7.718099e-001 -6.357301e-001 -1.251625e-002
      outer loop
         vertex 9.908863e+000 -1.337717e+001 1.695811e+000
         vertex 8.389986e+000 -1.142060e+001 1.759130e+000
         vertex 8.390346e+000 -1.142100e+001 1.757623e+000
      endloop
   endfacet
   facet normal -6.814666e-001 -5.537741e-001 4.784742e-001
      outer loop
         vertex 8.552578e+000 -1.155563e+001 1.878030e+000
         vertex 9.923629e+000 -1.337220e+001 1.783901e+000
         vertex 8.682656e+000 -1.165622e+001 1.900908e+000
      endloop
   endfacet
   facet normal -6.797626e-001 -5.047047e-001 5.321615e-001
      outer loop
         vertex 8.682656e+000 -1.165622e+001 1.900908e+000
         vertex 9.923629e+000 -1.337220e+001 1.783901e+000
         vertex 9.958616e+000 -1.335335e+001 1.855020e+000
      endloop
   endfacet
   facet normal -6.080177e-001 -5.016765e-001 6.153333e-001
      outer loop
         vertex 8.682656e+000 -1.165622e+001 1.900908e+000
         vertex 9.958616e+000 -1.335335e+001 1.855020e+000
         vertex 8.699045e+000 -1.166889e+001 1.903790e+000
      endloop
   endfacet
   facet normal -2.372549e-001 -2.017183e-001 9.502736e-001
      outer loop
         vertex 1.022991e+001 -1.350344e+001 1.934248e+000
         vertex 1.007491e+001 -1.328381e+001 1.943598e+000
         vertex 1.001612e+001 -1.331939e+001 1.914108e+000
      endloop
   endfacet
   facet normal -2.372511e-001 -2.017122e-001 9.502758e-001
      outer loop
         vertex 1.001612e+001 -1.331939e+001 1.914108e+000
         vertex 1.007491e+001 -1.328381e+001 1.943598e+000
         vertex 9.218929e+000 -1.207091e+001 1.995229e+000
      endloop
   endfacet
   facet normal -2.798603e-001 -2.361824e-001 9.305354e-001
      outer loop
         vertex 1.001612e+001 -1.331939e+001 1.914108e+000
         vertex 9.218929e+000 -1.207091e+001 1.995229e+000
         vertex 9.091636e+000 -1.197247e+001 1.972840e+000
      endloop
   endfacet
   facet normal -3.634976e-001 -3.052710e-001 8.801585e-001
      outer loop
         vertex 9.091636e+000 -1.197247e+001 1.972840e+000
         vertex 8.961603e+000 -1.187192e+001 1.949970e+000
         vertex 1.001612e+001 -1.331939e+001 1.914108e+000
      endloop
   endfacet
   facet normal -4.026215e-001 -3.386069e-001 8.504359e-001
      outer loop
         vertex 1.001612e+001 -1.331939e+001 1.914108e+000
         vertex 8.961603e+000 -1.187192e+001 1.949970e+000
         vertex 8.941103e+000 -1.185607e+001 1.946364e+000
      endloop
   endfacet
   facet normal -4.921010e-001 -3.752935e-001 7.854881e-001
      outer loop
         vertex 1.001612e+001 -1.331939e+001 1.914108e+000
         vertex 8.941103e+000 -1.185607e+001 1.946364e+000
         vertex 9.958616e+000 -1.335335e+001 1.855020e+000
      endloop
   endfacet
   facet normal -5.204274e-001 -4.202347e-001 7.433425e-001
      outer loop
         vertex 9.958616e+000 -1.335335e+001 1.855020e+000
         vertex 8.941103e+000 -1.185607e+001 1.946364e+000
         vertex 8.830246e+000 -1.177034e+001 1.926866e+000
      endloop
   endfacet
   facet normal -5.836268e-001 -4.777626e-001 6.565993e-001
      outer loop
         vertex 9.958616e+000 -1.335335e+001 1.855020e+000
         vertex 8.830246e+000 -1.177034e+001 1.926866e+000
         vertex 8.699045e+000 -1.166889e+001 1.903790e+000
      endloop
   endfacet
   facet normal -2.534261e-001 -1.625675e-001 9.535968e-001
      outer loop
         vertex 1.233366e+001 -2.011143e+001 1.282562e+000
         vertex 1.211680e+001 -1.837901e+001 1.501837e+000
         vertex 1.196520e+001 -1.804747e+001 1.512032e+000
      endloop
   endfacet
   facet normal -2.559119e-001 -1.422704e-001 9.561737e-001
      outer loop
         vertex 1.235688e+001 -2.058358e+001 1.217610e+000
         vertex 1.233366e+001 -2.011143e+001 1.282562e+000
         vertex 1.227504e+001 -2.058234e+001 1.183872e+000
      endloop
   endfacet
   facet normal -3.656763e-001 -1.611593e-001 9.166834e-001
      outer loop
         vertex 1.227504e+001 -2.058234e+001 1.183872e+000
         vertex 1.233366e+001 -2.011143e+001 1.282562e+000
         vertex 1.196520e+001 -1.804747e+001 1.512032e+000
      endloop
   endfacet
   facet normal -4.797488e-001 -1.572129e-001 8.632063e-001
      outer loop
         vertex 1.227504e+001 -2.058234e+001 1.183872e+000
         vertex 1.196520e+001 -1.804747e+001 1.512032e+000
         vertex 1.226910e+001 -2.058225e+001 1.181422e+000
      endloop
   endfacet
   facet normal -5.743039e-001 -1.902801e-001 7.962214e-001
      outer loop
         vertex 1.226910e+001 -2.058225e+001 1.181422e+000
         vertex 1.196520e+001 -1.804747e+001 1.512032e+000
         vertex 1.189701e+001 -1.805552e+001 1.455148e+000
      endloop
   endfacet
   facet normal -6.151457e-001 -1.671751e-001 7.704857e-001
      outer loop
         vertex 1.226910e+001 -2.058225e+001 1.181422e+000
         vertex 1.189701e+001 -1.805552e+001 1.455148e+000
         vertex 1.224223e+001 -2.058185e+001 1.170346e+000
      endloop
   endfacet
   facet normal -7.592033e-001 -1.531382e-001 6.325812e-001
      outer loop
         vertex 1.224223e+001 -2.058185e+001 1.170346e+000
         vertex 1.189701e+001 -1.805552e+001 1.455148e+000
         vertex 1.216430e+001 -2.057219e+001 1.076579e+000
      endloop
   endfacet
   facet normal -8.622141e-001 -1.359721e-001 4.879534e-001
      outer loop
         vertex 1.216430e+001 -2.057219e+001 1.076579e+000
         vertex 1.189701e+001 -1.805552e+001 1.455148e+000
         vertex 1.216167e+001 -2.057075e+001 1.065345e+000
      endloop
   endfacet
   facet normal -8.640867e-001 -1.849028e-001 4.681508e-001
      outer loop
         vertex 1.216167e+001 -2.057075e+001 1.065345e+000
         vertex 1.189701e+001 -1.805552e+001 1.455148e+000
         vertex 1.185469e+001 -1.805660e+001 1.385540e+000
      endloop
   endfacet
   facet normal -9.366028e-001 -1.280033e-001 3.261755e-001
      outer loop
         vertex 1.216167e+001 -2.057075e+001 1.065345e+000
         vertex 1.185469e+001 -1.805660e+001 1.385540e+000
         vertex 1.215213e+001 -2.056550e+001 1.024612e+000
      endloop
   endfacet
   facet normal -9.633106e-001 -1.716926e-001 2.062869e-001
      outer loop
         vertex 1.215213e+001 -2.056550e+001 1.024612e+000
         vertex 1.185469e+001 -1.805660e+001 1.385540e+000
         vertex 1.183547e+001 -1.805077e+001 1.298368e+000
      endloop
   endfacet
   facet normal -9.896936e-001 -1.053506e-001 9.699386e-002
      outer loop
         vertex 1.215213e+001 -2.056550e+001 1.024612e+000
         vertex 1.183547e+001 -1.805077e+001 1.298368e+000
         vertex 1.214142e+001 -2.055961e+001 9.789243e-001
      endloop
   endfacet
   facet normal -9.952352e-001 -9.489124e-002 2.241853e-002
      outer loop
         vertex 1.214142e+001 -2.055961e+001 9.789243e-001
         vertex 1.183547e+001 -1.805077e+001 1.298368e+000
         vertex 1.213925e+001 -2.055842e+001 9.696470e-001
      endloop
   endfacet
   facet normal -9.931051e-001 -1.088989e-001 -4.339682e-002
      outer loop
         vertex 1.213925e+001 -2.055842e+001 9.696470e-001
         vertex 1.183547e+001 -1.805077e+001 1.298368e+000
         vertex 1.207471e+001 -1.955680e+001 1.066231e+000
      endloop
   endfacet
   facet normal -9.942209e-001 -4.240654e-002 -9.862292e-002
      outer loop
         vertex 1.213925e+001 -2.055842e+001 9.696470e-001
         vertex 1.207471e+001 -1.955680e+001 1.066231e+000
         vertex 1.214180e+001 -2.055305e+001 9.317998e-001
      endloop
   endfacet
   facet normal -9.670687e-001 -2.301237e-001 -1.087252e-001
      outer loop
         vertex 1.145664e+001 -1.662545e+001 1.400923e+000
         vertex 1.175909e+001 -1.805989e+001 1.237144e+000
         vertex 1.183547e+001 -1.805077e+001 1.298368e+000
      endloop
   endfacet
   facet normal -9.751794e-001 -1.949923e-001 -1.048960e-001
      outer loop
         vertex 1.183547e+001 -1.805077e+001 1.298368e+000
         vertex 1.175909e+001 -1.805989e+001 1.237144e+000
         vertex 1.176617e+001 -1.809348e+001 1.233309e+000
      endloop
   endfacet
   facet normal -9.820678e-001 -1.594058e-001 -1.006607e-001
      outer loop
         vertex 1.183547e+001 -1.805077e+001 1.298368e+000
         vertex 1.176617e+001 -1.809348e+001 1.233309e+000
         vertex 1.207471e+001 -1.955680e+001 1.066231e+000
      endloop
   endfacet
   facet normal -9.539321e-001 -2.955498e-001 -5.161179e-002
      outer loop
         vertex 1.145664e+001 -1.662545e+001 1.400923e+000
         vertex 1.183547e+001 -1.805077e+001 1.298368e+000
         vertex 1.108545e+001 -1.562958e+001 1.540155e+000
      endloop
   endfacet
   facet normal -9.509488e-001 -2.799422e-001 1.316390e-001
      outer loop
         vertex 1.108545e+001 -1.562958e+001 1.540155e+000
         vertex 1.183547e+001 -1.805077e+001 1.298368e+000
         vertex 1.185469e+001 -1.805660e+001 1.385540e+000
      endloop
   endfacet
   facet normal -9.092456e-001 -3.379901e-001 2.429718e-001
      outer loop
         vertex 1.108545e+001 -1.562958e+001 1.540155e+000
         vertex 1.185469e+001 -1.805660e+001 1.385540e+000
         vertex 1.110293e+001 -1.562984e+001 1.627883e+000
      endloop
   endfacet
   facet normal -8.424684e-001 -2.856409e-001 4.567892e-001
      outer loop
         vertex 1.110293e+001 -1.562984e+001 1.627883e+000
         vertex 1.185469e+001 -1.805660e+001 1.385540e+000
         vertex 1.189701e+001 -1.805552e+001 1.455148e+000
      endloop
   endfacet
   facet normal -7.738794e-001 -3.220225e-001 5.453550e-001
      outer loop
         vertex 1.110293e+001 -1.562984e+001 1.627883e+000
         vertex 1.189701e+001 -1.805552e+001 1.455148e+000
         vertex 1.114240e+001 -1.561957e+001 1.698407e+000
      endloop
   endfacet
   facet normal -6.434588e-001 -2.600870e-001 7.199413e-001
      outer loop
         vertex 1.114240e+001 -1.561957e+001 1.698407e+000
         vertex 1.189701e+001 -1.805552e+001 1.455148e+000
         vertex 1.196520e+001 -1.804747e+001 1.512032e+000
      endloop
   endfacet
   facet normal -5.459747e-001 -2.694327e-001 7.932954e-001
      outer loop
         vertex 1.114240e+001 -1.561957e+001 1.698407e+000
         vertex 1.196520e+001 -1.804747e+001 1.512032e+000
         vertex 1.120644e+001 -1.559814e+001 1.756628e+000
      endloop
   endfacet
   facet normal -8.055587e-001 -5.835354e-001 -1.027700e-001
      outer loop
         vertex 8.406356e+000 -1.143637e+001 1.735824e+000
         vertex 9.870136e+000 -1.340320e+001 1.637588e+000
         vertex 9.908863e+000 -1.337717e+001 1.695811e+000
      endloop
   endfacet
   facet normal -8.378071e-001 -5.294170e-001 -1.334049e-001
      outer loop
         vertex 9.908863e+000 -1.337717e+001 1.695811e+000
         vertex 9.870136e+000 -1.340320e+001 1.637588e+000
         vertex 9.931520e+000 -1.348630e+001 1.634446e+000
      endloop
   endfacet
   facet normal -8.456070e-001 -5.170408e-001 -1.327315e-001
      outer loop
         vertex 9.908863e+000 -1.337717e+001 1.695811e+000
         vertex 9.931520e+000 -1.348630e+001 1.634446e+000
         vertex 1.022756e+001 -1.388707e+001 1.619293e+000
      endloop
   endfacet
   facet normal -9.024605e-001 -4.120432e-001 -1.256403e-001
      outer loop
         vertex 1.022756e+001 -1.388707e+001 1.619293e+000
         vertex 1.102047e+001 -1.565367e+001 1.478417e+000
         vertex 1.108545e+001 -1.562958e+001 1.540155e+000
      endloop
   endfacet
   facet normal -9.219531e-001 -3.675309e-001 -1.221616e-001
      outer loop
         vertex 1.108545e+001 -1.562958e+001 1.540155e+000
         vertex 1.102047e+001 -1.565367e+001 1.478417e+000
         vertex 1.104866e+001 -1.571648e+001 1.473409e+000
      endloop
   endfacet
   facet normal -9.313918e-001 -3.436584e-001 -1.200338e-001
      outer loop
         vertex 1.108545e+001 -1.562958e+001 1.540155e+000
         vertex 1.104866e+001 -1.571648e+001 1.473409e+000
         vertex 1.145664e+001 -1.662545e+001 1.400923e+000
      endloop
   endfacet
   facet normal -2.534151e-001 -1.625673e-001 9.535999e-001
      outer loop
         vertex 1.211680e+001 -1.837901e+001 1.501837e+000
         vertex 1.203078e+001 -1.803723e+001 1.538842e+000
         vertex 1.196520e+001 -1.804747e+001 1.512032e+000
      endloop
   endfacet
   facet normal -2.534149e-001 -1.625683e-001 9.535998e-001
      outer loop
         vertex 1.196520e+001 -1.804747e+001 1.512032e+000
         vertex 1.203078e+001 -1.803723e+001 1.538842e+000
         vertex 1.168950e+001 -1.668122e+001 1.685656e+000
      endloop
   endfacet
   facet normal -3.569354e-001 -2.016772e-001 9.120984e-001
      outer loop
         vertex 1.196520e+001 -1.804747e+001 1.512032e+000
         vertex 1.168950e+001 -1.668122e+001 1.685656e+000
         vertex 1.120644e+001 -1.559814e+001 1.756628e+000
      endloop
   endfacet
   facet normal -2.471585e-001 -1.827769e-001 9.515805e-001
      outer loop
         vertex 1.120644e+001 -1.559814e+001 1.756628e+000
         vertex 1.168950e+001 -1.668122e+001 1.685656e+000
         vertex 1.126210e+001 -1.557692e+001 1.783591e+000
      endloop
   endfacet
   facet normal -2.471579e-001 -1.827783e-001 9.515803e-001
      outer loop
         vertex 1.120644e+001 -1.559814e+001 1.756628e+000
         vertex 1.126210e+001 -1.557692e+001 1.783591e+000
         vertex 1.105692e+001 -1.504678e+001 1.830608e+000
      endloop
   endfacet
   facet normal -8.786400e-001 -4.728546e-001 -6.633510e-002
      outer loop
         vertex 1.022756e+001 -1.388707e+001 1.619293e+000
         vertex 1.108545e+001 -1.562958e+001 1.540155e+000
         vertex 9.908863e+000 -1.337717e+001 1.695811e+000
      endloop
   endfacet
   facet normal -8.891140e-001 -4.424570e-001 1.170814e-001
      outer loop
         vertex 9.908863e+000 -1.337717e+001 1.695811e+000
         vertex 1.108545e+001 -1.562958e+001 1.540155e+000
         vertex 1.110293e+001 -1.562984e+001 1.627883e+000
      endloop
   endfacet
   facet normal -8.406693e-001 -4.898349e-001 2.309480e-001
      outer loop
         vertex 9.908863e+000 -1.337717e+001 1.695811e+000
         vertex 1.110293e+001 -1.562984e+001 1.627883e+000
         vertex 9.923629e+000 -1.337220e+001 1.783901e+000
      endloop
   endfacet
   facet normal -7.905468e-001 -4.210089e-001 4.447327e-001
      outer loop
         vertex 9.923629e+000 -1.337220e+001 1.783901e+000
         vertex 1.110293e+001 -1.562984e+001 1.627883e+000
         vertex 1.114240e+001 -1.561957e+001 1.698407e+000
      endloop
   endfacet
   facet normal -7.189161e-001 -4.427204e-001 5.358716e-001
      outer loop
         vertex 9.923629e+000 -1.337220e+001 1.783901e+000
         vertex 1.114240e+001 -1.561957e+001 1.698407e+000
         vertex 9.958616e+000 -1.335335e+001 1.855020e+000
      endloop
   endfacet
   facet normal -6.067629e-001 -3.540792e-001 7.116648e-001
      outer loop
         vertex 9.958616e+000 -1.335335e+001 1.855020e+000
         vertex 1.114240e+001 -1.561957e+001 1.698407e+000
         vertex 1.120644e+001 -1.559814e+001 1.756628e+000
      endloop
   endfacet
   facet normal -5.111675e-001 -3.442743e-001 7.875170e-001
      outer loop
         vertex 9.958616e+000 -1.335335e+001 1.855020e+000
         vertex 1.120644e+001 -1.559814e+001 1.756628e+000
         vertex 1.001612e+001 -1.331939e+001 1.914108e+000
      endloop
   endfacet
   facet normal -3.407733e-001 -2.408362e-001 9.087747e-001
      outer loop
         vertex 1.001612e+001 -1.331939e+001 1.914108e+000
         vertex 1.120644e+001 -1.559814e+001 1.756628e+000
         vertex 1.105692e+001 -1.504678e+001 1.830608e+000
      endloop
   endfacet
   facet normal -2.372646e-001 -2.017230e-001 9.502701e-001
      outer loop
         vertex 1.001612e+001 -1.331939e+001 1.914108e+000
         vertex 1.105692e+001 -1.504678e+001 1.830608e+000
         vertex 1.022991e+001 -1.350344e+001 1.934248e+000
      endloop
   endfacet
   facet normal -2.507712e-001 -1.941811e-001 9.483710e-001
      outer loop
         vertex 1.335802e+001 -2.345160e+001 9.475054e-001
         vertex 1.289347e+001 -2.269486e+001 9.897791e-001
         vertex 1.280441e+001 -2.273791e+001 9.524739e-001
      endloop
   endfacet
   facet normal -9.719432e-001 -2.305252e-001 -4.674000e-002
      outer loop
         vertex 1.237601e+001 -2.167396e+001 8.035091e-001
         vertex 1.230233e+001 -2.169803e+001 8.847446e-001
         vertex 1.237176e+001 -2.165364e+001 8.058347e-001
      endloop
   endfacet
   facet normal -9.792225e-001 -1.830275e-001 8.731745e-002
      outer loop
         vertex 1.237176e+001 -2.165364e+001 8.058347e-001
         vertex 1.230233e+001 -2.169803e+001 8.847446e-001
         vertex 1.215213e+001 -2.056550e+001 1.024612e+000
      endloop
   endfacet
   facet normal -9.930503e-001 -1.132878e-001 3.188895e-002
      outer loop
         vertex 1.215213e+001 -2.056550e+001 1.024612e+000
         vertex 1.214142e+001 -2.055961e+001 9.789243e-001
         vertex 1.237176e+001 -2.165364e+001 8.058347e-001
      endloop
   endfacet
   facet normal -9.938175e-001 -1.024177e-001 -4.286522e-002
      outer loop
         vertex 1.237176e+001 -2.165364e+001 8.058347e-001
         vertex 1.214142e+001 -2.055961e+001 9.789243e-001
         vertex 1.213925e+001 -2.055842e+001 9.696470e-001
      endloop
   endfacet
   facet normal -9.900355e-001 -9.357180e-002 -1.052326e-001
      outer loop
         vertex 1.237176e+001 -2.165364e+001 8.058347e-001
         vertex 1.213925e+001 -2.055842e+001 9.696470e-001
         vertex 1.214180e+001 -2.055305e+001 9.317998e-001
      endloop
   endfacet
   facet normal -4.861123e-001 -1.641751e-001 8.583363e-001
      outer loop
         vertex 1.227504e+001 -2.058234e+001 1.183872e+000
         vertex 1.226910e+001 -2.058225e+001 1.181422e+000
         vertex 1.241919e+001 -2.168740e+001 1.048730e+000
      endloop
   endfacet
   facet normal -5.261207e-001 -1.626820e-001 8.347046e-001
      outer loop
         vertex 1.241919e+001 -2.168740e+001 1.048730e+000
         vertex 1.226910e+001 -2.058225e+001 1.181422e+000
         vertex 1.224223e+001 -2.058185e+001 1.170346e+000
      endloop
   endfacet
   facet normal -6.296969e-001 -2.030631e-001 7.498314e-001
      outer loop
         vertex 1.241919e+001 -2.168740e+001 1.048730e+000
         vertex 1.224223e+001 -2.058185e+001 1.170346e+000
         vertex 1.234447e+001 -2.169800e+001 9.786875e-001
      endloop
   endfacet
   facet normal -7.749342e-001 -1.656961e-001 6.099359e-001
      outer loop
         vertex 1.234447e+001 -2.169800e+001 9.786875e-001
         vertex 1.224223e+001 -2.058185e+001 1.170346e+000
         vertex 1.216430e+001 -2.057219e+001 1.076579e+000
      endloop
   endfacet
   facet normal -8.734573e-001 -1.490486e-001 4.635266e-001
      outer loop
         vertex 1.234447e+001 -2.169800e+001 9.786875e-001
         vertex 1.216430e+001 -2.057219e+001 1.076579e+000
         vertex 1.216167e+001 -2.057075e+001 1.065345e+000
      endloop
   endfacet
   facet normal -2.566898e-001 -1.434376e-001 9.557908e-001
      outer loop
         vertex 1.235688e+001 -2.058358e+001 1.217610e+000
         vertex 1.227504e+001 -2.058234e+001 1.183872e+000
         vertex 1.250831e+001 -2.166949e+001 1.082407e+000
      endloop
   endfacet
   facet normal -3.734258e-001 -1.671216e-001 9.124821e-001
      outer loop
         vertex 1.250831e+001 -2.166949e+001 1.082407e+000
         vertex 1.227504e+001 -2.058234e+001 1.183872e+000
         vertex 1.241919e+001 -2.168740e+001 1.048730e+000
      endloop
   endfacet
   facet normal -2.605075e-001 -1.675317e-001 9.508254e-001
      outer loop
         vertex 1.250831e+001 -2.166949e+001 1.082407e+000
         vertex 1.241919e+001 -2.168740e+001 1.048730e+000
         vertex 1.251078e+001 -2.168724e+001 1.080197e+000
      endloop
   endfacet
   facet normal -2.605432e-001 -1.675472e-001 9.508129e-001
      outer loop
         vertex 1.251078e+001 -2.168724e+001 1.080197e+000
         vertex 1.241919e+001 -2.168740e+001 1.048730e+000
         vertex 1.283642e+001 -2.260194e+001 9.949700e-001
      endloop
   endfacet
   facet normal -2.331029e-001 -2.205191e-001 9.471190e-001
      outer loop
         vertex 1.399701e+001 -2.409771e+001 9.464754e-001
         vertex 1.350584e+001 -2.360107e+001 9.472672e-001
         vertex 1.342555e+001 -2.367175e+001 9.072315e-001
      endloop
   endfacet
   facet normal -2.331154e-001 -2.205218e-001 9.471152e-001
      outer loop
         vertex 1.342555e+001 -2.367175e+001 9.072315e-001
         vertex 1.350584e+001 -2.360107e+001 9.472672e-001
         vertex 1.335802e+001 -2.345160e+001 9.475054e-001
      endloop
   endfacet
   facet normal -3.399648e-001 -2.707727e-001 9.006143e-001
      outer loop
         vertex 1.335802e+001 -2.345160e+001 9.475054e-001
         vertex 1.280441e+001 -2.273791e+001 9.524739e-001
         vertex 1.342555e+001 -2.367175e+001 9.072315e-001
      endloop
   endfacet
   facet normal -5.394515e-001 -3.608755e-001 7.607635e-001
      outer loop
         vertex 1.342555e+001 -2.367175e+001 9.072315e-001
         vertex 1.280441e+001 -2.273791e+001 9.524739e-001
         vertex 1.273644e+001 -2.276685e+001 8.807536e-001
      endloop
   endfacet
   facet normal -5.973014e-001 -4.510578e-001 6.631576e-001
      outer loop
         vertex 1.342555e+001 -2.367175e+001 9.072315e-001
         vertex 1.273644e+001 -2.276685e+001 8.807536e-001
         vertex 1.336974e+001 -2.371885e+001 8.346438e-001
      endloop
   endfacet
   facet normal -8.036117e-001 -5.926835e-001 5.417140e-002
      outer loop
         vertex 1.334120e+001 -2.373228e+001 6.453532e-001
         vertex 1.334002e+001 -2.374286e+001 7.390293e-001
         vertex 1.269872e+001 -2.277892e+001 7.857087e-001
      endloop
   endfacet
   facet normal -5.970477e-001 -7.883180e-001 -1.486228e-001
      outer loop
         vertex 1.336153e+001 -2.376555e+001 6.434797e-001
         vertex 1.422922e+001 -2.450273e+001 6.623620e-001
         vertex 1.422527e+001 -2.450573e+001 7.003303e-001
      endloop
   endfacet
   facet normal -6.082557e-001 -7.934223e-001 -2.249347e-002
      outer loop
         vertex 1.422527e+001 -2.450573e+001 7.003303e-001
         vertex 1.422876e+001 -2.449512e+001 7.560255e-001
         vertex 1.336153e+001 -2.376555e+001 6.434797e-001
      endloop
   endfacet
   facet normal -6.847481e-001 -7.268741e-001 5.266858e-002
      outer loop
         vertex 1.336153e+001 -2.376555e+001 6.434797e-001
         vertex 1.422876e+001 -2.449512e+001 7.560255e-001
         vertex 1.334002e+001 -2.374286e+001 7.390293e-001
      endloop
   endfacet
   facet normal -7.516086e-001 -6.551824e-001 -7.629323e-002
      outer loop
         vertex 1.336153e+001 -2.376555e+001 6.434797e-001
         vertex 1.334002e+001 -2.374286e+001 7.390293e-001
         vertex 1.334481e+001 -2.373818e+001 6.450207e-001
      endloop
   endfacet
   facet normal -7.536542e-001 -6.528332e-001 -7.625015e-002
      outer loop
         vertex 1.334481e+001 -2.373818e+001 6.450207e-001
         vertex 1.334002e+001 -2.374286e+001 7.390293e-001
         vertex 1.334120e+001 -2.373228e+001 6.453532e-001
      endloop
   endfacet
   facet normal -2.040528e-001 -2.452298e-001 9.477472e-001
      outer loop
         vertex 1.432225e+001 -2.432578e+001 9.605341e-001
         vertex 1.399701e+001 -2.409771e+001 9.464754e-001
         vertex 1.427829e+001 -2.440033e+001 9.212931e-001
      endloop
   endfacet
   facet normal -2.933103e-001 -3.219156e-001 9.001886e-001
      outer loop
         vertex 1.427829e+001 -2.440033e+001 9.212931e-001
         vertex 1.399701e+001 -2.409771e+001 9.464754e-001
         vertex 1.342555e+001 -2.367175e+001 9.072315e-001
      endloop
   endfacet
   facet normal -3.483763e-001 -4.173669e-001 8.393086e-001
      outer loop
         vertex 1.427829e+001 -2.440033e+001 9.212931e-001
         vertex 1.342555e+001 -2.367175e+001 9.072315e-001
         vertex 1.427828e+001 -2.440034e+001 9.212849e-001
      endloop
   endfacet
   facet normal -4.591238e-001 -4.638015e-001 7.576896e-001
      outer loop
         vertex 1.427828e+001 -2.440034e+001 9.212849e-001
         vertex 1.342555e+001 -2.367175e+001 9.072315e-001
         vertex 1.336974e+001 -2.371885e+001 8.346438e-001
      endloop
   endfacet
   facet normal -4.404792e-001 -5.075202e-001 7.405412e-001
      outer loop
         vertex 1.427828e+001 -2.440034e+001 9.212849e-001
         vertex 1.336974e+001 -2.371885e+001 8.346438e-001
         vertex 1.426875e+001 -2.441651e+001 9.127731e-001
      endloop
   endfacet
   facet normal -5.032914e-001 -6.204214e-001 6.014773e-001
      outer loop
         vertex 1.426875e+001 -2.441651e+001 9.127731e-001
         vertex 1.336974e+001 -2.371885e+001 8.346438e-001
         vertex 1.423262e+001 -2.448339e+001 8.175879e-001
      endloop
   endfacet
   facet normal -9.063625e-001 -4.175918e-001 -6.422013e-002
      outer loop
         vertex 1.252789e+001 -2.240085e+001 7.203149e-001
         vertex 1.273234e+001 -2.273555e+001 7.014709e-001
         vertex 1.269872e+001 -2.277892e+001 7.857087e-001
      endloop
   endfacet
   facet normal -8.943639e-001 -4.424199e-001 -6.616580e-002
      outer loop
         vertex 1.269872e+001 -2.277892e+001 7.857087e-001
         vertex 1.273234e+001 -2.273555e+001 7.014709e-001
         vertex 1.273959e+001 -2.274741e+001 7.008029e-001
      endloop
   endfacet
   facet normal -8.522326e-001 -5.184376e-001 -7.015678e-002
      outer loop
         vertex 1.269872e+001 -2.277892e+001 7.857087e-001
         vertex 1.273959e+001 -2.274741e+001 7.008029e-001
         vertex 1.334120e+001 -2.373228e+001 6.453532e-001
      endloop
   endfacet
   facet normal -9.587452e-001 -2.795413e-001 -5.161681e-002
      outer loop
         vertex 1.237601e+001 -2.167396e+001 8.035091e-001
         vertex 1.252789e+001 -2.240085e+001 7.203149e-001
         vertex 1.230233e+001 -2.169803e+001 8.847446e-001
      endloop
   endfacet
   facet normal -9.303603e-001 -3.601306e-001 6.881573e-002
      outer loop
         vertex 1.230233e+001 -2.169803e+001 8.847446e-001
         vertex 1.252789e+001 -2.240085e+001 7.203149e-001
         vertex 1.269872e+001 -2.277892e+001 7.857087e-001
      endloop
   endfacet
   facet normal -8.679103e-001 -3.779168e-001 3.223519e-001
      outer loop
         vertex 1.230233e+001 -2.169803e+001 8.847446e-001
         vertex 1.269872e+001 -2.277892e+001 7.857087e-001
         vertex 1.273644e+001 -2.276685e+001 8.807536e-001
      endloop
   endfacet
   facet normal -7.990051e-001 -5.132510e-001 3.133117e-001
      outer loop
         vertex 1.273644e+001 -2.276685e+001 8.807536e-001
         vertex 1.269872e+001 -2.277892e+001 7.857087e-001
         vertex 1.334002e+001 -2.374286e+001 7.390293e-001
      endloop
   endfacet
   facet normal -7.130892e-001 -5.472904e-001 4.381519e-001
      outer loop
         vertex 1.273644e+001 -2.276685e+001 8.807536e-001
         vertex 1.334002e+001 -2.374286e+001 7.390293e-001
         vertex 1.336974e+001 -2.371885e+001 8.346438e-001
      endloop
   endfacet
   facet normal -6.475465e-001 -6.960938e-001 3.100596e-001
      outer loop
         vertex 1.336974e+001 -2.371885e+001 8.346438e-001
         vertex 1.334002e+001 -2.374286e+001 7.390293e-001
         vertex 1.422876e+001 -2.449512e+001 7.560255e-001
      endloop
   endfacet
   facet normal -5.597040e-001 -7.309339e-001 3.904703e-001
      outer loop
         vertex 1.336974e+001 -2.371885e+001 8.346438e-001
         vertex 1.422876e+001 -2.449512e+001 7.560255e-001
         vertex 1.423262e+001 -2.448339e+001 8.175879e-001
      endloop
   endfacet
   facet normal -2.507791e-001 -1.941762e-001 9.483699e-001
      outer loop
         vertex 1.289347e+001 -2.269486e+001 9.897791e-001
         vertex 1.283642e+001 -2.260194e+001 9.949700e-001
         vertex 1.280441e+001 -2.273791e+001 9.524739e-001
      endloop
   endfacet
   facet normal -3.673844e-001 -2.177677e-001 9.042156e-001
      outer loop
         vertex 1.280441e+001 -2.273791e+001 9.524739e-001
         vertex 1.283642e+001 -2.260194e+001 9.949700e-001
         vertex 1.241919e+001 -2.168740e+001 1.048730e+000
      endloop
   endfacet
   facet normal -5.668378e-001 -3.076079e-001 7.642462e-001
      outer loop
         vertex 1.280441e+001 -2.273791e+001 9.524739e-001
         vertex 1.241919e+001 -2.168740e+001 1.048730e+000
         vertex 1.273644e+001 -2.276685e+001 8.807536e-001
      endloop
   endfacet
   facet normal -6.775060e-001 -2.953402e-001 6.736170e-001
      outer loop
         vertex 1.273644e+001 -2.276685e+001 8.807536e-001
         vertex 1.241919e+001 -2.168740e+001 1.048730e+000
         vertex 1.234447e+001 -2.169800e+001 9.786875e-001
      endloop
   endfacet
   facet normal -8.352338e-001 -3.098467e-001 4.542900e-001
      outer loop
         vertex 1.273644e+001 -2.276685e+001 8.807536e-001
         vertex 1.234447e+001 -2.169800e+001 9.786875e-001
         vertex 1.230233e+001 -2.169803e+001 8.847446e-001
      endloop
   endfacet
   facet normal -8.970387e-001 -2.029459e-001 3.925997e-001
      outer loop
         vertex 1.230233e+001 -2.169803e+001 8.847446e-001
         vertex 1.234447e+001 -2.169800e+001 9.786875e-001
         vertex 1.216167e+001 -2.057075e+001 1.065345e+000
      endloop
   endfacet
   facet normal -9.520200e-001 -1.406259e-001 2.718128e-001
      outer loop
         vertex 1.230233e+001 -2.169803e+001 8.847446e-001
         vertex 1.216167e+001 -2.057075e+001 1.065345e+000
         vertex 1.215213e+001 -2.056550e+001 1.024612e+000
      endloop
   endfacet
   facet normal -2.081253e-001 -2.425460e-001 9.475523e-001
      outer loop
         vertex 2.531081e+001 -3.162954e+001 1.493658e+000
         vertex 2.089930e+001 -2.859237e+001 1.294816e+000
         vertex 2.086029e+001 -2.865287e+001 1.262226e+000
      endloop
   endfacet
   facet normal -5.080736e-001 -7.685879e-001 3.887592e-001
      outer loop
         vertex 2.082171e+001 -2.871521e+001 1.189927e+000
         vertex 1.423262e+001 -2.448339e+001 8.175879e-001
         vertex 1.422876e+001 -2.449512e+001 7.560170e-001
      endloop
   endfacet
   facet normal -5.708746e-001 -6.682116e-001 4.770696e-001
      outer loop
         vertex 3.949653e+001 -4.297899e+001 1.774461e+000
         vertex 3.951948e+001 -4.295094e+001 1.829261e+000
         vertex 3.346848e+001 -3.796760e+001 1.681032e+000
      endloop
   endfacet
   facet normal -2.121617e-001 -2.397114e-001 9.473784e-001
      outer loop
         vertex 3.060835e+001 -3.553772e+001 1.694673e+000
         vertex 2.731207e+001 -3.310594e+001 1.569596e+000
         vertex 2.727557e+001 -3.315764e+001 1.538643e+000
      endloop
   endfacet
   facet normal -2.160887e-001 -2.367198e-001 9.472430e-001
      outer loop
         vertex 3.351255e+001 -3.790928e+001 1.753545e+000
         vertex 3.355054e+001 -3.786031e+001 1.784321e+000
         vertex 3.060835e+001 -3.553772e+001 1.694673e+000
      endloop
   endfacet
   facet normal -2.842437e-001 -3.324251e-001 8.992770e-001
      outer loop
         vertex 3.060835e+001 -3.553772e+001 1.694673e+000
         vertex 2.727557e+001 -3.315764e+001 1.538643e+000
         vertex 3.351255e+001 -3.790928e+001 1.753545e+000
      endloop
   endfacet
   facet normal -4.087189e-001 -5.101066e-001 7.567959e-001
      outer loop
         vertex 3.351255e+001 -3.790928e+001 1.753545e+000
         vertex 2.727557e+001 -3.315764e+001 1.538643e+000
         vertex 2.723421e+001 -3.321802e+001 1.466224e+000
      endloop
   endfacet
   facet normal -4.716361e-001 -5.851439e-001 6.596711e-001
      outer loop
         vertex 3.351255e+001 -3.790928e+001 1.753545e+000
         vertex 2.723421e+001 -3.321802e+001 1.466224e+000
         vertex 3.346848e+001 -3.796760e+001 1.681032e+000
      endloop
   endfacet
   facet normal -2.160887e-001 -2.367198e-001 9.472430e-001
      outer loop
         vertex 3.355054e+001 -3.786031e+001 1.784321e+000
         vertex 3.351255e+001 -3.790928e+001 1.753545e+000
         vertex 3.577678e+001 -3.961769e+001 1.852153e+000
      endloop
   endfacet
   facet normal -2.919749e-001 -3.262945e-001 8.990454e-001
      outer loop
         vertex 3.577678e+001 -3.961769e+001 1.852153e+000
         vertex 3.351255e+001 -3.790928e+001 1.753545e+000
         vertex 3.956353e+001 -4.289792e+001 1.900376e+000
      endloop
   endfacet
   facet normal -2.198929e-001 -2.335809e-001 9.471468e-001
      outer loop
         vertex 3.577678e+001 -3.961769e+001 1.852153e+000
         vertex 3.956353e+001 -4.289792e+001 1.900376e+000
         vertex 3.961831e+001 -4.283308e+001 1.942746e+000
      endloop
   endfacet
   facet normal -5.810574e-001 -8.104837e-001 -7.408364e-002
      outer loop
         vertex 2.376407e+001 -3.078090e+001 1.133546e+000
         vertex 2.717237e+001 -3.331250e+001 1.260389e+000
         vertex 2.721397e+001 -3.325075e+001 1.370720e+000
      endloop
   endfacet
   facet normal -5.967953e-001 -7.989112e-001 -7.467428e-002
      outer loop
         vertex 2.721397e+001 -3.325075e+001 1.370720e+000
         vertex 2.717237e+001 -3.331250e+001 1.260389e+000
         vertex 3.292507e+001 -3.758545e+001 1.474482e+000
      endloop
   endfacet
   facet normal -6.107459e-001 -7.901279e-001 5.183873e-002
      outer loop
         vertex 2.721397e+001 -3.325075e+001 1.370720e+000
         vertex 3.292507e+001 -3.758545e+001 1.474482e+000
         vertex 3.344646e+001 -3.799897e+001 1.585467e+000
      endloop
   endfacet
   facet normal -5.258900e-001 -8.379273e-001 -1.460050e-001
      outer loop
         vertex 1.422922e+001 -2.450273e+001 6.623620e-001
         vertex 2.076916e+001 -2.880892e+001 9.855461e-001
         vertex 1.422527e+001 -2.450573e+001 7.003303e-001
      endloop
   endfacet
   facet normal -5.468594e-001 -8.369450e-001 -2.162926e-002
      outer loop
         vertex 1.422527e+001 -2.450573e+001 7.003303e-001
         vertex 2.076916e+001 -2.880892e+001 9.855461e-001
         vertex 2.080331e+001 -2.874922e+001 1.094502e+000
      endloop
   endfacet
   facet normal -2.643272e-001 -3.469938e-001 8.998480e-001
      outer loop
         vertex 1.427828e+001 -2.440034e+001 9.212849e-001
         vertex 1.988099e+001 -2.789131e+001 1.248917e+000
         vertex 1.427829e+001 -2.440033e+001 9.212931e-001
      endloop
   endfacet
   facet normal -2.043531e-001 -2.458061e-001 9.475332e-001
      outer loop
         vertex 1.427829e+001 -2.440033e+001 9.212931e-001
         vertex 1.988099e+001 -2.789131e+001 1.248917e+000
         vertex 1.432225e+001 -2.432578e+001 9.605341e-001
      endloop
   endfacet
   facet normal -2.081253e-001 -2.425460e-001 9.475523e-001
      outer loop
         vertex 2.089930e+001 -2.859237e+001 1.294816e+000
         vertex 1.988099e+001 -2.789131e+001 1.248917e+000
         vertex 2.086029e+001 -2.865287e+001 1.262226e+000
      endloop
   endfacet
   facet normal -2.681162e-001 -3.437513e-001 8.999715e-001
      outer loop
         vertex 2.086029e+001 -2.865287e+001 1.262226e+000
         vertex 1.988099e+001 -2.789131e+001 1.248917e+000
         vertex 1.427828e+001 -2.440034e+001 9.212849e-001
      endloop
   endfacet
   facet normal -3.847705e-001 -5.269248e-001 7.578271e-001
      outer loop
         vertex 2.086029e+001 -2.865287e+001 1.262226e+000
         vertex 1.427828e+001 -2.440034e+001 9.212849e-001
         vertex 2.082171e+001 -2.871521e+001 1.189927e+000
      endloop
   endfacet
   facet normal -3.908772e-001 -5.478523e-001 7.396437e-001
      outer loop
         vertex 2.082171e+001 -2.871521e+001 1.189927e+000
         vertex 1.427828e+001 -2.440034e+001 9.212849e-001
         vertex 1.426875e+001 -2.441651e+001 9.127731e-001
      endloop
   endfacet
   facet normal -4.526498e-001 -6.601059e-001 5.994734e-001
      outer loop
         vertex 2.082171e+001 -2.871521e+001 1.189927e+000
         vertex 1.426875e+001 -2.441651e+001 9.127731e-001
         vertex 1.423262e+001 -2.448339e+001 8.175879e-001
      endloop
   endfacet
   facet normal -6.172968e-001 -7.831115e-001 -7.537303e-002
      outer loop
         vertex 3.292507e+001 -3.758545e+001 1.474482e+000
         vertex 3.344073e+001 -3.800950e+001 1.487738e+000
         vertex 3.344646e+001 -3.799897e+001 1.585467e+000
      endloop
   endfacet
   facet normal -6.286363e-001 -7.740088e-001 -7.567479e-002
      outer loop
         vertex 3.344646e+001 -3.799897e+001 1.585467e+000
         vertex 3.344073e+001 -3.800950e+001 1.487738e+000
         vertex 3.949290e+001 -4.298635e+001 1.643315e+000
      endloop
   endfacet
   facet normal -6.415184e-001 -7.654127e-001 5.096547e-002
      outer loop
         vertex 3.344646e+001 -3.799897e+001 1.585467e+000
         vertex 3.949290e+001 -4.298635e+001 1.643315e+000
         vertex 3.949553e+001 -4.298104e+001 1.738000e+000
      endloop
   endfacet
   facet normal -4.865298e-001 -5.733336e-001 6.592247e-001
      outer loop
         vertex 3.346848e+001 -3.796760e+001 1.681032e+000
         vertex 3.951948e+001 -4.295094e+001 1.829261e+000
         vertex 3.351255e+001 -3.790928e+001 1.753545e+000
      endloop
   endfacet
   facet normal -4.548173e-001 -5.202385e-001 7.228369e-001
      outer loop
         vertex 3.351255e+001 -3.790928e+001 1.753545e+000
         vertex 3.951948e+001 -4.295094e+001 1.829261e+000
         vertex 3.954243e+001 -4.292289e+001 1.884060e+000
      endloop
   endfacet
   facet normal -3.879473e-001 -4.401535e-001 8.097913e-001
      outer loop
         vertex 3.351255e+001 -3.790928e+001 1.753545e+000
         vertex 3.954243e+001 -4.292289e+001 1.884060e+000
         vertex 3.956353e+001 -4.289792e+001 1.900376e+000
      endloop
   endfacet
   facet normal -5.598863e-001 -8.253322e-001 -7.317093e-002
      outer loop
         vertex 2.076916e+001 -2.880892e+001 9.855461e-001
         vertex 2.376407e+001 -3.078090e+001 1.133546e+000
         vertex 2.080331e+001 -2.874922e+001 1.094502e+000
      endloop
   endfacet
   facet normal -5.749282e-001 -8.164723e-001 5.320202e-002
      outer loop
         vertex 2.080331e+001 -2.874922e+001 1.094502e+000
         vertex 2.376407e+001 -3.078090e+001 1.133546e+000
         vertex 2.721397e+001 -3.325075e+001 1.370720e+000
      endloop
   endfacet
   facet normal -5.594265e-001 -7.694932e-001 3.080944e-001
      outer loop
         vertex 2.080331e+001 -2.874922e+001 1.094502e+000
         vertex 2.721397e+001 -3.325075e+001 1.370720e+000
         vertex 2.723421e+001 -3.321802e+001 1.466224e+000
      endloop
   endfacet
   facet normal -5.796003e-001 -7.547339e-001 3.073111e-001
      outer loop
         vertex 2.723421e+001 -3.321802e+001 1.466224e+000
         vertex 2.721397e+001 -3.325075e+001 1.370720e+000
         vertex 3.344646e+001 -3.799897e+001 1.585467e+000
      endloop
   endfacet
   facet normal -5.600749e-001 -7.051593e-001 4.348177e-001
      outer loop
         vertex 2.723421e+001 -3.321802e+001 1.466224e+000
         vertex 3.344646e+001 -3.799897e+001 1.585467e+000
         vertex 3.346848e+001 -3.796760e+001 1.681032e+000
      endloop
   endfacet
   facet normal -6.067511e-001 -7.334394e-001 3.064633e-001
      outer loop
         vertex 3.346848e+001 -3.796760e+001 1.681032e+000
         vertex 3.344646e+001 -3.799897e+001 1.585467e+000
         vertex 3.949553e+001 -4.298104e+001 1.738000e+000
      endloop
   endfacet
   facet normal -6.063425e-001 -7.126033e-001 3.529097e-001
      outer loop
         vertex 3.346848e+001 -3.796760e+001 1.681032e+000
         vertex 3.949553e+001 -4.298104e+001 1.738000e+000
         vertex 3.949653e+001 -4.297899e+001 1.774461e+000
      endloop
   endfacet
   facet normal -2.121617e-001 -2.397114e-001 9.473784e-001
      outer loop
         vertex 2.731207e+001 -3.310594e+001 1.569596e+000
         vertex 2.531081e+001 -3.162954e+001 1.493658e+000
         vertex 2.727557e+001 -3.315764e+001 1.538643e+000
      endloop
   endfacet
   facet normal -2.762802e-001 -3.382513e-001 8.995862e-001
      outer loop
         vertex 2.727557e+001 -3.315764e+001 1.538643e+000
         vertex 2.531081e+001 -3.162954e+001 1.493658e+000
         vertex 2.086029e+001 -2.865287e+001 1.262226e+000
      endloop
   endfacet
   facet normal -4.007332e-001 -5.159491e-001 7.571059e-001
      outer loop
         vertex 2.727557e+001 -3.315764e+001 1.538643e+000
         vertex 2.086029e+001 -2.865287e+001 1.262226e+000
         vertex 2.723421e+001 -3.321802e+001 1.466224e+000
      endloop
   endfacet
   facet normal -4.483089e-001 -6.022105e-001 6.605768e-001
      outer loop
         vertex 2.723421e+001 -3.321802e+001 1.466224e+000
         vertex 2.086029e+001 -2.865287e+001 1.262226e+000
         vertex 2.082171e+001 -2.871521e+001 1.189927e+000
      endloop
   endfacet
   facet normal -5.245600e-001 -7.311425e-001 4.361966e-001
      outer loop
         vertex 2.723421e+001 -3.321802e+001 1.466224e+000
         vertex 2.082171e+001 -2.871521e+001 1.189927e+000
         vertex 2.080331e+001 -2.874922e+001 1.094502e+000
      endloop
   endfacet
   facet normal -5.309677e-001 -7.888864e-001 3.094052e-001
      outer loop
         vertex 2.080331e+001 -2.874922e+001 1.094502e+000
         vertex 2.082171e+001 -2.871521e+001 1.189927e+000
         vertex 1.422876e+001 -2.449512e+001 7.560170e-001
      endloop
   endfacet
   facet normal -5.378175e-001 -8.365501e-001 1.045766e-001
      outer loop
         vertex 2.080331e+001 -2.874922e+001 1.094502e+000
         vertex 1.422876e+001 -2.449512e+001 7.560170e-001
         vertex 1.422527e+001 -2.450573e+001 7.003303e-001
      endloop
   endfacet
   facet normal 1.564123e-001 -4.156726e-001 8.959640e-001
      outer loop
         vertex 4.106091e+001 -4.286636e+001 2.122482e+000
         vertex 4.228843e+001 -4.163884e+001 2.477685e+000
         vertex 4.105041e+001 -4.285676e+001 2.125561e+000
      endloop
   endfacet
   facet normal 1.558092e-001 -4.151677e-001 8.963031e-001
      outer loop
         vertex 4.105041e+001 -4.285676e+001 2.125561e+000
         vertex 4.228843e+001 -4.163884e+001 2.477685e+000
         vertex 4.228795e+001 -4.163840e+001 2.477826e+000
      endloop
   endfacet
   facet normal 5.292697e-002 -3.260497e-001 9.438699e-001
      outer loop
         vertex 4.105041e+001 -4.285676e+001 2.125561e+000
         vertex 4.228795e+001 -4.163840e+001 2.477826e+000
         vertex 4.098185e+001 -4.279402e+001 2.145678e+000
      endloop
   endfacet
   facet normal -3.935729e-002 -2.412310e-001 9.696693e-001
      outer loop
         vertex 4.098185e+001 -4.279402e+001 2.145678e+000
         vertex 4.228795e+001 -4.163840e+001 2.477826e+000
         vertex 4.220938e+001 -4.156649e+001 2.500881e+000
      endloop
   endfacet
   facet normal 2.291788e-001 5.208107e-002 -9.719900e-001
      outer loop
         vertex 4.105382e+001 -4.272206e+001 1.648282e+000
         vertex 4.228135e+001 -4.149453e+001 2.003485e+000
         vertex 4.111656e+001 -4.279062e+001 1.668399e+000
      endloop
   endfacet
   facet normal 3.266040e-001 -5.354664e-002 -9.436432e-001
      outer loop
         vertex 4.111656e+001 -4.279062e+001 1.668399e+000
         vertex 4.228135e+001 -4.149453e+001 2.003485e+000
         vertex 4.235369e+001 -4.157359e+001 2.026682e+000
      endloop
   endfacet
   facet normal 4.156738e-001 -1.564132e-001 -8.959633e-001
      outer loop
         vertex 4.111656e+001 -4.279062e+001 1.668399e+000
         vertex 4.235369e+001 -4.157359e+001 2.026682e+000
         vertex 4.112616e+001 -4.280111e+001 1.671478e+000
      endloop
   endfacet
   facet normal 5.089213e-001 -2.726572e-001 -8.164907e-001
      outer loop
         vertex 4.112616e+001 -4.280111e+001 1.671478e+000
         vertex 4.235369e+001 -4.157359e+001 2.026682e+000
         vertex 4.117993e+001 -4.287481e+001 1.740354e+000
      endloop
   endfacet
   facet normal 5.115723e-001 -2.761264e-001 -8.136633e-001
      outer loop
         vertex 4.235369e+001 -4.157359e+001 2.026682e+000
         vertex 4.235557e+001 -4.157616e+001 2.029094e+000
         vertex 4.117993e+001 -4.287481e+001 1.740354e+000
      endloop
   endfacet
   facet normal 5.833072e-001 -3.747857e-001 -7.206166e-001
      outer loop
         vertex 4.117993e+001 -4.287481e+001 1.740354e+000
         vertex 4.235557e+001 -4.157616e+001 2.029094e+000
         vertex 4.240745e+001 -4.164728e+001 2.095557e+000
      endloop
   endfacet
   facet normal 6.692567e-001 -5.139915e-001 -5.365708e-001
      outer loop
         vertex 4.117993e+001 -4.287481e+001 1.740354e+000
         vertex 4.240745e+001 -4.164728e+001 2.095557e+000
         vertex 4.119396e+001 -4.290839e+001 1.807912e+000
      endloop
   endfacet
   facet normal 7.022558e-001 -5.847482e-001 -4.060864e-001
      outer loop
         vertex 4.119396e+001 -4.290839e+001 1.807912e+000
         vertex 4.240745e+001 -4.164728e+001 2.095557e+000
         vertex 4.242836e+001 -4.169730e+001 2.196190e+000
      endloop
   endfacet
   facet normal 7.189491e-001 -6.415826e-001 -2.673649e-001
      outer loop
         vertex 4.119396e+001 -4.290839e+001 1.807912e+000
         vertex 4.242836e+001 -4.169730e+001 2.196190e+000
         vertex 4.120083e+001 -4.292483e+001 1.840987e+000
      endloop
   endfacet
   facet normal 7.204015e-001 -6.776050e-001 -1.478961e-001
      outer loop
         vertex 4.120083e+001 -4.292483e+001 1.840987e+000
         vertex 4.242836e+001 -4.169730e+001 2.196190e+000
         vertex 4.119734e+001 -4.293754e+001 1.896980e+000
      endloop
   endfacet
   facet normal 7.202827e-001 -6.784479e-001 -1.445729e-001
      outer loop
         vertex 4.119734e+001 -4.293754e+001 1.896980e+000
         vertex 4.242836e+001 -4.169730e+001 2.196190e+000
         vertex 4.242797e+001 -4.169768e+001 2.198803e+000
      endloop
   endfacet
   facet normal 7.066221e-001 -7.075834e-001 3.323613e-003
      outer loop
         vertex 4.119734e+001 -4.293754e+001 1.896980e+000
         vertex 4.242797e+001 -4.169768e+001 2.198803e+000
         vertex 4.118463e+001 -4.294103e+001 1.952973e+000
      endloop
   endfacet
   facet normal 6.934750e-001 -7.161909e-001 7.850446e-002
      outer loop
         vertex 4.118463e+001 -4.294103e+001 1.952973e+000
         vertex 4.242797e+001 -4.169768e+001 2.198803e+000
         vertex 4.241216e+001 -4.171350e+001 2.308177e+000
      endloop
   endfacet
   facet normal 6.415825e-001 -7.189485e-001 2.673664e-001
      outer loop
         vertex 4.118463e+001 -4.294103e+001 1.952973e+000
         vertex 4.241216e+001 -4.171350e+001 2.308177e+000
         vertex 4.116819e+001 -4.293417e+001 1.986048e+000
      endloop
   endfacet
   facet normal 5.847481e-001 -7.022552e-001 4.060878e-001
      outer loop
         vertex 4.116819e+001 -4.293417e+001 1.986048e+000
         vertex 4.241216e+001 -4.171350e+001 2.308177e+000
         vertex 4.113460e+001 -4.292013e+001 2.053607e+000
      endloop
   endfacet
   facet normal 5.379304e-001 -6.815038e-001 4.961687e-001
      outer loop
         vertex 4.113460e+001 -4.292013e+001 2.053607e+000
         vertex 4.241216e+001 -4.171350e+001 2.308177e+000
         vertex 4.236213e+001 -4.169260e+001 2.408810e+000
      endloop
   endfacet
   facet normal 3.716857e-001 -5.811689e-001 7.239423e-001
      outer loop
         vertex 4.113460e+001 -4.292013e+001 2.053607e+000
         vertex 4.236213e+001 -4.169260e+001 2.408810e+000
         vertex 4.106091e+001 -4.286636e+001 2.122482e+000
      endloop
   endfacet
   facet normal 3.706175e-001 -5.804304e-001 7.250815e-001
      outer loop
         vertex 4.106091e+001 -4.286636e+001 2.122482e+000
         vertex 4.236213e+001 -4.169260e+001 2.408810e+000
         vertex 4.236127e+001 -4.169198e+001 2.409613e+000
      endloop
   endfacet
   facet normal 2.715425e-001 -5.080673e-001 8.173936e-001
      outer loop
         vertex 4.106091e+001 -4.286636e+001 2.122482e+000
         vertex 4.236127e+001 -4.169198e+001 2.409613e+000
         vertex 4.228843e+001 -4.163884e+001 2.477685e+000
      endloop
   endfacet
   facet normal -6.161346e-002 -7.292049e-002 9.954328e-001
      outer loop
         vertex 4.224665e+001 -4.020089e+001 2.703854e+000
         vertex 4.230822e+001 -4.014783e+001 2.707137e+000
         vertex 2.232726e+001 -1.711379e+001 3.162167e+000
      endloop
   endfacet
   facet normal 2.070128e-002 -1.986232e-003 9.997838e-001
      outer loop
         vertex 2.232726e+001 -1.711379e+001 3.162167e+000
         vertex 4.230822e+001 -4.014783e+001 2.707137e+000
         vertex 2.238777e+001 -1.706000e+001 3.158496e+000
      endloop
   endfacet
   facet normal 5.777355e-001 4.854405e-001 6.561777e-001
      outer loop
         vertex 2.253234e+001 -1.692954e+001 3.021871e+000
         vertex 2.250267e+001 -1.695680e+001 3.084394e+000
         vertex 4.239636e+001 -4.007088e+001 2.661719e+000
      endloop
   endfacet
   facet normal 5.183682e-001 4.326010e-001 7.376658e-001
      outer loop
         vertex 2.250267e+001 -1.695680e+001 3.084394e+000
         vertex 2.249804e+001 -1.696106e+001 3.094150e+000
         vertex 4.239636e+001 -4.007088e+001 2.661719e+000
      endloop
   endfacet
   facet normal 4.800684e-001 3.986880e-001 7.813975e-001
      outer loop
         vertex 4.239636e+001 -4.007088e+001 2.661719e+000
         vertex 2.249804e+001 -1.696106e+001 3.094150e+000
         vertex 2.247265e+001 -1.698393e+001 3.114419e+000
      endloop
   endfacet
   facet normal 3.656753e-001 2.979984e-001 8.817475e-001
      outer loop
         vertex 4.239636e+001 -4.007088e+001 2.661719e+000
         vertex 2.247265e+001 -1.698393e+001 3.114419e+000
         vertex 4.232760e+001 -4.013091e+001 2.697151e+000
      endloop
   endfacet
   facet normal 2.902757e-001 2.320181e-001 9.283898e-001
      outer loop
         vertex 4.232760e+001 -4.013091e+001 2.697151e+000
         vertex 2.247265e+001 -1.698393e+001 3.114419e+000
         vertex 2.241987e+001 -1.703146e+001 3.156548e+000
      endloop
   endfacet
   facet normal 1.701989e-001 1.274490e-001 9.771330e-001
      outer loop
         vertex 4.232760e+001 -4.013091e+001 2.697151e+000
         vertex 2.241987e+001 -1.703146e+001 3.156548e+000
         vertex 4.230822e+001 -4.014783e+001 2.707137e+000
      endloop
   endfacet
   facet normal 1.515402e-001 1.112504e-001 9.821705e-001
      outer loop
         vertex 4.230822e+001 -4.014783e+001 2.707137e+000
         vertex 2.241987e+001 -1.703146e+001 3.156548e+000
         vertex 2.239337e+001 -1.705502e+001 3.158156e+000
      endloop
   endfacet
   facet normal 1.093864e-001 7.470140e-002 9.911883e-001
      outer loop
         vertex 4.230822e+001 -4.014783e+001 2.707137e+000
         vertex 2.239337e+001 -1.705502e+001 3.158156e+000
         vertex 2.238777e+001 -1.706000e+001 3.158496e+000
      endloop
   endfacet
   facet normal 7.512363e-001 6.454199e-001 1.381206e-001
      outer loop
         vertex 2.254851e+001 -1.691325e+001 2.902180e+000
         vertex 2.255051e+001 -1.691173e+001 2.917051e+000
         vertex 4.245670e+001 -4.001692e+001 2.565805e+000
      endloop
   endfacet
   facet normal 7.544584e-001 6.489974e-001 9.795281e-002
      outer loop
         vertex 2.255051e+001 -1.691173e+001 2.917051e+000
         vertex 2.255273e+001 -1.691005e+001 2.933570e+000
         vertex 2.254974e+001 -1.691321e+001 2.964265e+000
      endloop
   endfacet
   facet normal 6.239291e-001 5.268643e-001 5.771711e-001
      outer loop
         vertex 4.239636e+001 -4.007088e+001 2.661719e+000
         vertex 4.245670e+001 -4.001692e+001 2.565805e+000
         vertex 2.253234e+001 -1.692954e+001 3.021871e+000
      endloop
   endfacet
   facet normal 7.249741e-001 6.195278e-001 3.009948e-001
      outer loop
         vertex 2.253234e+001 -1.692954e+001 3.021871e+000
         vertex 4.245670e+001 -4.001692e+001 2.565805e+000
         vertex 2.255051e+001 -1.691173e+001 2.917051e+000
      endloop
   endfacet
   facet normal 7.293496e-001 6.236967e-001 2.811612e-001
      outer loop
         vertex 2.253234e+001 -1.692954e+001 3.021871e+000
         vertex 2.255051e+001 -1.691173e+001 2.917051e+000
         vertex 2.253835e+001 -1.692401e+001 3.009201e+000
      endloop
   endfacet
   facet normal 7.437618e-001 6.377372e-001 2.002738e-001
      outer loop
         vertex 2.253835e+001 -1.692401e+001 3.009201e+000
         vertex 2.255051e+001 -1.691173e+001 2.917051e+000
         vertex 2.254974e+001 -1.691321e+001 2.964265e+000
      endloop
   endfacet
   facet normal 7.230389e-001 6.176932e-001 3.093054e-001
      outer loop
         vertex 2.253835e+001 -1.692401e+001 3.009201e+000
         vertex 2.254974e+001 -1.691321e+001 2.964265e+000
         vertex 2.254218e+001 -1.692050e+001 3.001141e+000
      endloop
   endfacet
   facet normal 7.298949e-001 6.242185e-001 2.785760e-001
      outer loop
         vertex 4.245670e+001 -4.001692e+001 2.565805e+000
         vertex 4.245721e+001 -4.001641e+001 2.562274e+000
         vertex 2.254851e+001 -1.691325e+001 2.902180e+000
      endloop
   endfacet
   facet normal 7.534243e-001 6.478135e-001 1.126469e-001
      outer loop
         vertex 2.254851e+001 -1.691325e+001 2.902180e+000
         vertex 4.245721e+001 -4.001641e+001 2.562274e+000
         vertex 4.247449e+001 -3.999913e+001 2.442842e+000
      endloop
   endfacet
   facet normal 7.447825e-001 6.459205e-001 -1.675883e-001
      outer loop
         vertex 2.254851e+001 -1.691325e+001 2.902180e+000
         vertex 4.247449e+001 -3.999913e+001 2.442842e+000
         vertex 2.253634e+001 -1.692248e+001 2.811696e+000
      endloop
   endfacet
   facet normal 7.178225e-001 6.254059e-001 -3.059385e-001
      outer loop
         vertex 2.253634e+001 -1.692248e+001 2.811696e+000
         vertex 4.247449e+001 -3.999913e+001 2.442842e+000
         vertex 4.245008e+001 -4.001819e+001 2.342250e+000
      endloop
   endfacet
   facet normal 6.685637e-001 5.859234e-001 -4.579479e-001
      outer loop
         vertex 2.253634e+001 -1.692248e+001 2.811696e+000
         vertex 4.245008e+001 -4.001819e+001 2.342250e+000
         vertex 2.252052e+001 -1.693611e+001 2.785197e+000
      endloop
   endfacet
   facet normal 6.518428e-001 5.722836e-001 -4.975865e-001
      outer loop
         vertex 2.252052e+001 -1.693611e+001 2.785197e+000
         vertex 4.245008e+001 -4.001819e+001 2.342250e+000
         vertex 4.244538e+001 -4.002186e+001 2.322890e+000
      endloop
   endfacet
   facet normal 6.253859e-001 5.505564e-001 -5.529739e-001
      outer loop
         vertex 2.252052e+001 -1.693611e+001 2.785197e+000
         vertex 4.244538e+001 -4.002186e+001 2.322890e+000
         vertex 2.250664e+001 -1.694807e+001 2.761962e+000
      endloop
   endfacet
   facet normal 5.672557e-001 5.023789e-001 -6.525614e-001
      outer loop
         vertex 2.250664e+001 -1.694807e+001 2.761962e+000
         vertex 4.244538e+001 -4.002186e+001 2.322890e+000
         vertex 4.239424e+001 -4.006470e+001 2.257849e+000
      endloop
   endfacet
   facet normal 5.001535e-001 4.462609e-001 -7.420900e-001
      outer loop
         vertex 2.250664e+001 -1.694807e+001 2.761962e+000
         vertex 4.239424e+001 -4.006470e+001 2.257849e+000
         vertex 2.247631e+001 -1.697420e+001 2.711174e+000
      endloop
   endfacet
   facet normal 4.305061e-001 3.876192e-001 -8.151171e-001
      outer loop
         vertex 2.247631e+001 -1.697420e+001 2.711174e+000
         vertex 4.239424e+001 -4.006470e+001 2.257849e+000
         vertex 2.245995e+001 -1.698855e+001 2.701326e+000
      endloop
   endfacet
   facet normal 4.041092e-001 3.653102e-001 -8.385965e-001
      outer loop
         vertex 2.245995e+001 -1.698855e+001 2.701326e+000
         vertex 4.239424e+001 -4.006470e+001 2.257849e+000
         vertex 4.237649e+001 -4.007956e+001 2.235271e+000
      endloop
   endfacet
   facet normal 3.771430e-001 3.424789e-001 -8.605065e-001
      outer loop
         vertex 2.245995e+001 -1.698855e+001 2.701326e+000
         vertex 4.237649e+001 -4.007956e+001 2.235271e+000
         vertex 2.245482e+001 -1.699305e+001 2.698239e+000
      endloop
   endfacet
   facet normal 2.975975e-001 2.749145e-001 -9.142525e-001
      outer loop
         vertex 2.245482e+001 -1.699305e+001 2.698239e+000
         vertex 4.237649e+001 -4.007956e+001 2.235271e+000
         vertex 4.231862e+001 -4.012892e+001 2.206459e+000
      endloop
   endfacet
   facet normal 2.207367e-001 2.093607e-001 -9.525983e-001
      outer loop
         vertex 2.245482e+001 -1.699305e+001 2.698239e+000
         vertex 4.231862e+001 -4.012892e+001 2.206459e+000
         vertex 2.239923e+001 -1.704183e+001 2.664771e+000
      endloop
   endfacet
   facet normal 5.167324e-001 5.063433e-001 6.903652e-001
      outer loop
         vertex 2.249804e+001 -1.696106e+001 3.094150e+000
         vertex 2.250267e+001 -1.695680e+001 3.084394e+000
         vertex 2.120644e+001 -1.570016e+001 3.079519e+000
      endloop
   endfacet
   facet normal 5.705841e-001 5.569394e-001 6.035331e-001
      outer loop
         vertex 2.120644e+001 -1.570016e+001 3.079519e+000
         vertex 2.250267e+001 -1.695680e+001 3.084394e+000
         vertex 2.253234e+001 -1.692954e+001 3.021871e+000
      endloop
   endfacet
   facet normal 5.914346e-001 6.289362e-001 5.046231e-001
      outer loop
         vertex 2.120644e+001 -1.570016e+001 3.079519e+000
         vertex 2.253234e+001 -1.692954e+001 3.021871e+000
         vertex 2.123892e+001 -1.566462e+001 3.004129e+000
      endloop
   endfacet
   facet normal 6.543017e-001 6.419775e-001 3.996927e-001
      outer loop
         vertex 2.123892e+001 -1.566462e+001 3.004129e+000
         vertex 2.253234e+001 -1.692954e+001 3.021871e+000
         vertex 2.253835e+001 -1.692401e+001 3.009201e+000
      endloop
   endfacet
   facet normal 6.632863e-001 6.505312e-001 3.699467e-001
      outer loop
         vertex 2.123892e+001 -1.566462e+001 3.004129e+000
         vertex 2.253835e+001 -1.692401e+001 3.009201e+000
         vertex 2.254218e+001 -1.692050e+001 3.001141e+000
      endloop
   endfacet
   facet normal 1.416682e-001 1.343934e-001 9.807490e-001
      outer loop
         vertex 2.110778e+001 -1.581127e+001 3.158340e+000
         vertex 2.239337e+001 -1.705502e+001 3.158156e+000
         vertex 2.241987e+001 -1.703146e+001 3.156548e+000
      endloop
   endfacet
   facet normal -6.593304e-002 -5.478411e-002 9.963190e-001
      outer loop
         vertex 2.110778e+001 -1.581127e+001 3.158340e+000
         vertex 2.104823e+001 -1.587941e+001 3.155706e+000
         vertex 2.111709e+001 -1.593753e+001 3.157262e+000
      endloop
   endfacet
   facet normal -6.593306e-002 -5.478410e-002 9.963190e-001
      outer loop
         vertex 2.111709e+001 -1.593753e+001 3.157262e+000
         vertex 2.232726e+001 -1.711379e+001 3.162167e+000
         vertex 2.110778e+001 -1.581127e+001 3.158340e+000
      endloop
   endfacet
   facet normal 1.456937e-002 1.851847e-002 9.997224e-001
      outer loop
         vertex 2.110778e+001 -1.581127e+001 3.158340e+000
         vertex 2.232726e+001 -1.711379e+001 3.162167e+000
         vertex 2.238777e+001 -1.706000e+001 3.158496e+000
      endloop
   endfacet
   facet normal 1.005501e-001 9.676920e-002 9.902149e-001
      outer loop
         vertex 2.110778e+001 -1.581127e+001 3.158340e+000
         vertex 2.238777e+001 -1.706000e+001 3.158496e+000
         vertex 2.239337e+001 -1.705502e+001 3.158156e+000
      endloop
   endfacet
   facet normal -6.976991e-002 -5.155552e-002 9.962300e-001
      outer loop
         vertex 1.966546e+001 -1.471250e+001 3.124476e+000
         vertex 2.104823e+001 -1.587941e+001 3.155706e+000
         vertex 1.972159e+001 -1.464415e+001 3.120410e+000
      endloop
   endfacet
   facet normal 7.994999e-003 3.735584e-002 9.992700e-001
      outer loop
         vertex 1.972159e+001 -1.464415e+001 3.120410e+000
         vertex 2.104823e+001 -1.587941e+001 3.155706e+000
         vertex 2.110778e+001 -1.581127e+001 3.158340e+000
      endloop
   endfacet
   facet normal 1.602342e-001 2.105764e-001 9.643560e-001
      outer loop
         vertex 1.972159e+001 -1.464415e+001 3.120410e+000
         vertex 2.110778e+001 -1.581127e+001 3.158340e+000
         vertex 2.116369e+001 -1.574797e+001 3.129732e+000
      endloop
   endfacet
   facet normal 2.075611e-001 2.289007e-001 9.510641e-001
      outer loop
         vertex 2.116369e+001 -1.574797e+001 3.129732e+000
         vertex 2.110778e+001 -1.581127e+001 3.158340e+000
         vertex 2.241987e+001 -1.703146e+001 3.156548e+000
      endloop
   endfacet
   facet normal 3.432513e-001 3.816293e-001 8.582177e-001
      outer loop
         vertex 2.116369e+001 -1.574797e+001 3.129732e+000
         vertex 2.241987e+001 -1.703146e+001 3.156548e+000
         vertex 2.120644e+001 -1.570016e+001 3.079519e+000
      endloop
   endfacet
   facet normal 3.868736e-001 3.872438e-001 8.368817e-001
      outer loop
         vertex 2.120644e+001 -1.570016e+001 3.079519e+000
         vertex 2.241987e+001 -1.703146e+001 3.156548e+000
         vertex 2.247265e+001 -1.698393e+001 3.114419e+000
      endloop
   endfacet
   facet normal 4.811763e-001 4.735041e-001 7.377419e-001
      outer loop
         vertex 2.120644e+001 -1.570016e+001 3.079519e+000
         vertex 2.247265e+001 -1.698393e+001 3.114419e+000
         vertex 2.249804e+001 -1.696106e+001 3.094150e+000
      endloop
   endfacet
   facet normal 5.867457e-001 7.209164e-001 3.687940e-001
      outer loop
         vertex 1.985118e+001 -1.449113e+001 2.963257e+000
         vertex 1.984775e+001 -1.449505e+001 2.971345e+000
         vertex 2.123892e+001 -1.566462e+001 3.004129e+000
      endloop
   endfacet
   facet normal 5.498831e-001 6.788949e-001 4.865493e-001
      outer loop
         vertex 2.123892e+001 -1.566462e+001 3.004129e+000
         vertex 1.984775e+001 -1.449505e+001 2.971345e+000
         vertex 1.981590e+001 -1.453152e+001 3.046560e+000
      endloop
   endfacet
   facet normal 5.175639e-001 6.223525e-001 5.872009e-001
      outer loop
         vertex 2.123892e+001 -1.566462e+001 3.004129e+000
         vertex 1.981590e+001 -1.453152e+001 3.046560e+000
         vertex 2.120644e+001 -1.570016e+001 3.079519e+000
      endloop
   endfacet
   facet normal 4.514539e-001 5.667645e-001 6.891786e-001
      outer loop
         vertex 2.120644e+001 -1.570016e+001 3.079519e+000
         vertex 1.981590e+001 -1.453152e+001 3.046560e+000
         vertex 1.981176e+001 -1.453626e+001 3.056330e+000
      endloop
   endfacet
   facet normal 4.087236e-001 5.009960e-001 7.628551e-001
      outer loop
         vertex 2.120644e+001 -1.570016e+001 3.079519e+000
         vertex 1.981176e+001 -1.453626e+001 3.056330e+000
         vertex 2.116369e+001 -1.574797e+001 3.129732e+000
      endloop
   endfacet
   facet normal 3.063772e-001 3.968911e-001 8.652228e-001
      outer loop
         vertex 2.116369e+001 -1.574797e+001 3.129732e+000
         vertex 1.981176e+001 -1.453626e+001 3.056330e+000
         vertex 1.974409e+001 -1.461675e+001 3.118780e+000
      endloop
   endfacet
   facet normal 1.852771e-001 2.493190e-001 9.505327e-001
      outer loop
         vertex 2.116369e+001 -1.574797e+001 3.129732e+000
         vertex 1.974409e+001 -1.461675e+001 3.118780e+000
         vertex 1.972159e+001 -1.464415e+001 3.120410e+000
      endloop
   endfacet
   facet normal 6.329518e-001 7.287145e-001 2.614328e-001
      outer loop
         vertex 2.124152e+001 -1.564824e+001 2.958009e+000
         vertex 2.123892e+001 -1.566462e+001 3.004129e+000
         vertex 2.124830e+001 -1.565480e+001 2.958041e+000
      endloop
   endfacet
   facet normal 6.511775e-001 6.925552e-001 3.103789e-001
      outer loop
         vertex 2.124830e+001 -1.565480e+001 2.958041e+000
         vertex 2.123892e+001 -1.566462e+001 3.004129e+000
         vertex 2.254218e+001 -1.692050e+001 3.001141e+000
      endloop
   endfacet
   facet normal 6.910102e-001 6.783926e-001 2.495763e-001
      outer loop
         vertex 2.124830e+001 -1.565480e+001 2.958041e+000
         vertex 2.254218e+001 -1.692050e+001 3.001141e+000
         vertex 2.254974e+001 -1.691321e+001 2.964265e+000
      endloop
   endfacet
   facet normal 6.091235e-001 7.531599e-001 2.484328e-001
      outer loop
         vertex 1.985837e+001 -1.448351e+001 2.926408e+000
         vertex 1.985118e+001 -1.449113e+001 2.963257e+000
         vertex 2.058324e+001 -1.508340e+001 2.944490e+000
      endloop
   endfacet
   facet normal 6.078932e-001 7.312082e-001 3.095163e-001
      outer loop
         vertex 2.058324e+001 -1.508340e+001 2.944490e+000
         vertex 1.985118e+001 -1.449113e+001 2.963257e+000
         vertex 2.123892e+001 -1.566462e+001 3.004129e+000
      endloop
   endfacet
   facet normal 6.286369e-001 7.324684e-001 2.613537e-001
      outer loop
         vertex 2.058324e+001 -1.508340e+001 2.944490e+000
         vertex 2.123892e+001 -1.566462e+001 3.004129e+000
         vertex 2.124141e+001 -1.564814e+001 2.958006e+000
      endloop
   endfacet
   facet normal 6.328763e-001 7.287806e-001 2.614314e-001
      outer loop
         vertex 2.124141e+001 -1.564814e+001 2.958006e+000
         vertex 2.123892e+001 -1.566462e+001 3.004129e+000
         vertex 2.124152e+001 -1.564824e+001 2.958009e+000
      endloop
   endfacet
   facet normal -7.056927e-002 -5.094483e-002 9.962051e-001
      outer loop
         vertex 1.407168e+001 -1.025682e+001 2.959812e+000
         vertex 1.605356e+001 -1.183548e+001 3.018153e+000
         vertex 1.612373e+001 -1.174650e+001 3.025338e+000
      endloop
   endfacet
   facet normal 6.058484e-001 7.558263e-001 2.483432e-001
      outer loop
         vertex 1.985118e+001 -1.449113e+001 2.963257e+000
         vertex 1.985837e+001 -1.448351e+001 2.926408e+000
         vertex 1.625796e+001 -1.158419e+001 2.824973e+000
      endloop
   endfacet
   facet normal 5.792763e-001 7.270473e-001 3.685665e-001
      outer loop
         vertex 1.985118e+001 -1.449113e+001 2.963257e+000
         vertex 1.624843e+001 -1.159449e+001 2.870966e+000
         vertex 1.984775e+001 -1.449505e+001 2.971343e+000
      endloop
   endfacet
   facet normal 5.374821e-001 6.890251e-001 4.861660e-001
      outer loop
         vertex 1.984775e+001 -1.449505e+001 2.971343e+000
         vertex 1.624843e+001 -1.159449e+001 2.870966e+000
         vertex 1.621723e+001 -1.163110e+001 2.946389e+000
      endloop
   endfacet
   facet normal 5.003904e-001 6.366806e-001 5.867260e-001
      outer loop
         vertex 1.984775e+001 -1.449505e+001 2.971343e+000
         vertex 1.621723e+001 -1.163110e+001 2.946389e+000
         vertex 1.981590e+001 -1.453152e+001 3.046558e+000
      endloop
   endfacet
   facet normal 4.448915e-001 5.722062e-001 6.889496e-001
      outer loop
         vertex 1.981590e+001 -1.453152e+001 3.046558e+000
         vertex 1.621723e+001 -1.163110e+001 2.946389e+000
         vertex 1.981176e+001 -1.453626e+001 3.056330e+000
      endloop
   endfacet
   facet normal 3.909485e-001 5.157310e-001 7.623520e-001
      outer loop
         vertex 1.981176e+001 -1.453626e+001 3.056330e+000
         vertex 1.621723e+001 -1.163110e+001 2.946389e+000
         vertex 1.617658e+001 -1.168066e+001 2.996655e+000
      endloop
   endfacet
   facet normal 3.014078e-001 4.010337e-001 8.650580e-001
      outer loop
         vertex 1.981176e+001 -1.453626e+001 3.056330e+000
         vertex 1.617658e+001 -1.168066e+001 2.996655e+000
         vertex 1.974409e+001 -1.461675e+001 3.118780e+000
      endloop
   endfacet
   facet normal 1.771732e-001 2.560174e-001 9.502972e-001
      outer loop
         vertex 1.974409e+001 -1.461675e+001 3.118780e+000
         vertex 1.617658e+001 -1.168066e+001 2.996655e+000
         vertex 1.612373e+001 -1.174650e+001 3.025338e+000
      endloop
   endfacet
   facet normal 1.079257e-001 1.658205e-001 9.802324e-001
      outer loop
         vertex 1.974409e+001 -1.461675e+001 3.118780e+000
         vertex 1.612373e+001 -1.174650e+001 3.025338e+000
         vertex 1.972159e+001 -1.464415e+001 3.120410e+000
      endloop
   endfacet
   facet normal 4.365137e-003 4.037768e-002 9.991750e-001
      outer loop
         vertex 1.972159e+001 -1.464415e+001 3.120410e+000
         vertex 1.612373e+001 -1.174650e+001 3.025338e+000
         vertex 1.605356e+001 -1.183548e+001 3.018153e+000
      endloop
   endfacet
   facet normal -6.878068e-002 -5.239360e-002 9.962551e-001
      outer loop
         vertex 1.972159e+001 -1.464415e+001 3.120410e+000
         vertex 1.605356e+001 -1.183548e+001 3.018153e+000
         vertex 1.966546e+001 -1.471250e+001 3.124476e+000
      endloop
   endfacet
   facet normal -1.139323e-001 -1.048799e-001 9.879371e-001
      outer loop
         vertex 1.288813e+001 -9.303555e+000 2.915666e+000
         vertex 1.291994e+001 -9.372952e+000 2.921057e+000
         vertex 1.407168e+001 -1.025682e+001 2.959812e+000
      endloop
   endfacet
   facet normal -5.510911e-002 -2.719030e-002 9.981101e-001
      outer loop
         vertex 1.288813e+001 -9.303555e+000 2.915666e+000
         vertex 1.407168e+001 -1.025682e+001 2.959812e+000
         vertex 1.285511e+001 -9.231505e+000 2.910069e+000
      endloop
   endfacet
   facet normal -1.239300e-002 2.900412e-002 9.995024e-001
      outer loop
         vertex 1.285511e+001 -9.231505e+000 2.910069e+000
         vertex 1.407168e+001 -1.025682e+001 2.959812e+000
         vertex 1.284071e+001 -9.200087e+000 2.907629e+000
      endloop
   endfacet
   facet normal 9.398459e-004 4.309529e-002 9.990705e-001
      outer loop
         vertex 1.284071e+001 -9.200087e+000 2.907629e+000
         vertex 1.407168e+001 -1.025682e+001 2.959812e+000
         vertex 1.612373e+001 -1.174650e+001 3.025338e+000
      endloop
   endfacet
   facet normal 9.121644e-002 1.609958e-001 9.827309e-001
      outer loop
         vertex 1.284071e+001 -9.200087e+000 2.907629e+000
         vertex 1.612373e+001 -1.174650e+001 3.025338e+000
         vertex 1.282146e+001 -9.158104e+000 2.904367e+000
      endloop
   endfacet
   facet normal 1.639383e-001 2.487717e-001 9.545873e-001
      outer loop
         vertex 1.282146e+001 -9.158104e+000 2.904367e+000
         vertex 1.612373e+001 -1.174650e+001 3.025338e+000
         vertex 1.617658e+001 -1.168066e+001 2.996655e+000
      endloop
   endfacet
   facet normal 2.095701e-001 3.110414e-001 9.270025e-001
      outer loop
         vertex 1.282146e+001 -9.158104e+000 2.904367e+000
         vertex 1.617658e+001 -1.168066e+001 2.996655e+000
         vertex 1.278854e+001 -9.086263e+000 2.898787e+000
      endloop
   endfacet
   facet normal 2.795926e-001 4.008763e-001 8.724254e-001
      outer loop
         vertex 1.278854e+001 -9.086263e+000 2.898787e+000
         vertex 1.617658e+001 -1.168066e+001 2.996655e+000
         vertex 1.273118e+001 -8.979112e+000 2.865566e+000
      endloop
   endfacet
   facet normal 3.579472e-001 4.915847e-001 7.938629e-001
      outer loop
         vertex 1.273118e+001 -8.979112e+000 2.865566e+000
         vertex 1.617658e+001 -1.168066e+001 2.996655e+000
         vertex 1.621723e+001 -1.163110e+001 2.946389e+000
      endloop
   endfacet
   facet normal 3.827563e-001 5.293925e-001 7.571270e-001
      outer loop
         vertex 1.273118e+001 -8.979112e+000 2.865566e+000
         vertex 1.621723e+001 -1.163110e+001 2.946389e+000
         vertex 1.271899e+001 -8.956333e+000 2.858504e+000
      endloop
   endfacet
   facet normal 5.513828e-001 7.343525e-001 3.958580e-001
      outer loop
         vertex 1.262046e+001 -8.787534e+000 2.752030e+000
         vertex 1.263096e+001 -8.805520e+000 2.763375e+000
         vertex 1.624843e+001 -1.159449e+001 2.870966e+000
      endloop
   endfacet
   facet normal 5.234577e-001 7.012851e-001 4.839331e-001
      outer loop
         vertex 1.624843e+001 -1.159449e+001 2.870966e+000
         vertex 1.263096e+001 -8.805520e+000 2.763375e+000
         vertex 1.267811e+001 -8.886306e+000 2.814332e+000
      endloop
   endfacet
   facet normal 4.937130e-001 6.566651e-001 5.701215e-001
      outer loop
         vertex 1.624843e+001 -1.159449e+001 2.870966e+000
         vertex 1.267811e+001 -8.886306e+000 2.814332e+000
         vertex 1.621723e+001 -1.163110e+001 2.946389e+000
      endloop
   endfacet
   facet normal 4.427041e-001 6.042927e-001 6.624525e-001
      outer loop
         vertex 1.621723e+001 -1.163110e+001 2.946389e+000
         vertex 1.267811e+001 -8.886306e+000 2.814332e+000
         vertex 1.269055e+001 -8.907610e+000 2.827770e+000
      endloop
   endfacet
   facet normal 4.129578e-001 5.672572e-001 7.125202e-001
      outer loop
         vertex 1.621723e+001 -1.163110e+001 2.946389e+000
         vertex 1.269055e+001 -8.907610e+000 2.827770e+000
         vertex 1.271899e+001 -8.956333e+000 2.858504e+000
      endloop
   endfacet
   facet normal 5.886273e-001 7.470184e-001 3.090006e-001
      outer loop
         vertex 1.985118e+001 -1.449113e+001 2.963257e+000
         vertex 1.625796e+001 -1.158419e+001 2.824973e+000
         vertex 1.624843e+001 -1.159449e+001 2.870966e+000
      endloop
   endfacet
   facet normal 5.933256e-001 7.616585e-001 2.604631e-001
      outer loop
         vertex 1.624843e+001 -1.159449e+001 2.870966e+000
         vertex 1.625796e+001 -1.158419e+001 2.824973e+000
         vertex 1.625790e+001 -1.158414e+001 2.824971e+000
      endloop
   endfacet
   facet normal 5.932909e-001 7.616858e-001 2.604622e-001
      outer loop
         vertex 1.624843e+001 -1.159449e+001 2.870966e+000
         vertex 1.625790e+001 -1.158414e+001 2.824971e+000
         vertex 1.623355e+001 -1.156530e+001 2.824174e+000
      endloop
   endfacet
   facet normal 5.566044e-001 7.404148e-001 3.767990e-001
      outer loop
         vertex 1.262046e+001 -8.787534e+000 2.752030e+000
         vertex 1.624843e+001 -1.159449e+001 2.870966e+000
         vertex 1.261843e+001 -8.784053e+000 2.749834e+000
      endloop
   endfacet
   facet normal 5.763535e-001 7.528873e-001 3.177692e-001
      outer loop
         vertex 1.261843e+001 -8.784053e+000 2.749834e+000
         vertex 1.624843e+001 -1.159449e+001 2.870966e+000
         vertex 1.623355e+001 -1.156530e+001 2.824174e+000
      endloop
   endfacet
   facet normal 5.835598e-001 7.703524e-001 2.569338e-001
      outer loop
         vertex 1.261843e+001 -8.784053e+000 2.749834e+000
         vertex 1.623355e+001 -1.156530e+001 2.824174e+000
         vertex 1.260222e+001 -8.755433e+000 2.705338e+000
      endloop
   endfacet
   facet normal -6.519133e-002 -4.456046e-002 -9.968773e-001
      outer loop
         vertex -1.000207e+001 1.665992e+001 1.152652e+000
         vertex -1.421987e+001 1.993586e+001 1.288923e+000
         vertex -1.417067e+001 1.999754e+001 1.291073e+000
      endloop
   endfacet
   facet normal -6.138721e-002 -4.769931e-002 -9.969736e-001
      outer loop
         vertex -1.520504e+001 2.070103e+001 1.320752e+000
         vertex -2.028148e+001 2.491628e+001 1.445350e+000
         vertex -2.021958e+001 2.498835e+001 1.448067e+000
      endloop
   endfacet
   facet normal 4.390860e-001 5.432529e-001 -7.155975e-001
      outer loop
         vertex -1.411058e+001 2.007188e+001 1.329320e+000
         vertex -2.013587e+001 2.508447e+001 1.507123e+000
         vertex -2.011250e+001 2.511046e+001 1.559297e+000
      endloop
   endfacet
   facet normal -6.911837e-002 -4.156886e-002 -9.967420e-001
      outer loop
         vertex -7.975370e+000 1.518931e+001 1.072195e+000
         vertex -7.933694e+000 1.524590e+001 1.076171e+000
         vertex -4.675050e+000 1.279455e+001 9.411773e-001
      endloop
   endfacet
   facet normal 1.737593e-003 6.370851e-002 -9.979671e-001
      outer loop
         vertex -4.675050e+000 1.279455e+001 9.411773e-001
         vertex -7.933694e+000 1.524590e+001 1.076171e+000
         vertex -1.518412e+000 1.074113e+001 7.997537e-001
      endloop
   endfacet
   facet normal -7.315474e-002 -3.873428e-002 -9.965681e-001
      outer loop
         vertex -4.675050e+000 1.279455e+001 9.411773e-001
         vertex -1.518412e+000 1.074113e+001 7.997537e-001
         vertex -1.557101e+000 1.068388e+001 7.954412e-001
      endloop
   endfacet
   facet normal -7.315473e-002 -3.873428e-002 -9.965681e-001
      outer loop
         vertex -1.557101e+000 1.068388e+001 7.954412e-001
         vertex -1.518412e+000 1.074113e+001 7.997537e-001
         vertex 7.788400e-001 9.102592e+000 6.862569e-001
      endloop
   endfacet
   facet normal 5.614505e-001 7.635663e-001 -3.189668e-001
      outer loop
         vertex -1.351629e+001 1.974063e+001 1.474482e+000
         vertex -7.763587e+000 1.546767e+001 1.260389e+000
         vertex -7.831675e+000 1.537943e+001 1.187631e+000
      endloop
   endfacet
   facet normal 5.457160e-001 7.751422e-001 -3.183531e-001
      outer loop
         vertex -7.831675e+000 1.537943e+001 1.187631e+000
         vertex -7.763587e+000 1.546767e+001 1.260389e+000
         vertex -4.355278e+000 1.293607e+001 1.133546e+000
      endloop
   endfacet
   facet normal 5.042405e-001 7.457845e-001 -4.353701e-001
      outer loop
         vertex -7.831675e+000 1.537943e+001 1.187631e+000
         vertex -4.355278e+000 1.293607e+001 1.133546e+000
         vertex -1.421009e+000 1.087790e+001 9.114131e-001
      endloop
   endfacet
   facet normal 5.245454e-001 7.899913e-001 -3.174364e-001
      outer loop
         vertex -1.421009e+000 1.087790e+001 9.114131e-001
         vertex -4.355278e+000 1.293607e+001 1.133546e+000
         vertex -1.360366e+000 1.096409e+001 9.855461e-001
      endloop
   endfacet
   facet normal 6.177415e-001 7.460415e-001 -2.486311e-001
      outer loop
         vertex -2.008411e+001 2.514153e+001 1.643315e+000
         vertex -1.403195e+001 2.016467e+001 1.487738e+000
         vertex -2.009136e+001 2.513396e+001 1.606485e+000
      endloop
   endfacet
   facet normal 5.813934e-001 7.257900e-001 -3.677098e-001
      outer loop
         vertex -2.009136e+001 2.513396e+001 1.606485e+000
         vertex -1.403195e+001 2.016467e+001 1.487738e+000
         vertex -1.406417e+001 2.012765e+001 1.402379e+000
      endloop
   endfacet
   facet normal -6.519133e-002 -4.456046e-002 -9.968773e-001
      outer loop
         vertex -1.421987e+001 1.993586e+001 1.288923e+000
         vertex -1.520504e+001 2.070103e+001 1.320752e+000
         vertex -1.417067e+001 1.999754e+001 1.291073e+000
      endloop
   endfacet
   facet normal 1.743236e-002 5.175172e-002 -9.985079e-001
      outer loop
         vertex -1.417067e+001 1.999754e+001 1.291073e+000
         vertex -1.520504e+001 2.070103e+001 1.320752e+000
         vertex -2.021958e+001 2.498835e+001 1.448067e+000
      endloop
   endfacet
   facet normal 1.769247e-001 2.510836e-001 -9.516589e-001
      outer loop
         vertex -1.417067e+001 1.999754e+001 1.291073e+000
         vertex -2.021958e+001 2.498835e+001 1.448067e+000
         vertex -1.411058e+001 2.007188e+001 1.329320e+000
      endloop
   endfacet
   facet normal 1.980686e-001 2.678718e-001 -9.428751e-001
      outer loop
         vertex -1.411058e+001 2.007188e+001 1.329320e+000
         vertex -2.021958e+001 2.498835e+001 1.448067e+000
         vertex -2.020615e+001 2.500398e+001 1.448656e+000
      endloop
   endfacet
   facet normal 3.111983e-001 3.978536e-001 -8.630574e-001
      outer loop
         vertex -1.411058e+001 2.007188e+001 1.329320e+000
         vertex -2.020615e+001 2.500398e+001 1.448656e+000
         vertex -2.013587e+001 2.508447e+001 1.507123e+000
      endloop
   endfacet
   facet normal 5.083441e-001 8.008139e-001 -3.166755e-001
      outer loop
         vertex -1.360366e+000 1.096409e+001 9.855461e-001
         vertex 5.179572e+000 6.657903e+000 6.623620e-001
         vertex -1.421009e+000 1.087790e+001 9.114131e-001
      endloop
   endfacet
   facet normal 4.860882e-001 7.945600e-001 -3.638581e-001
      outer loop
         vertex -1.421009e+000 1.087790e+001 9.114131e-001
         vertex 5.179572e+000 6.657903e+000 6.623620e-001
         vertex 5.172688e+000 6.650062e+000 6.255306e-001
      endloop
   endfacet
   facet normal 4.535487e-001 7.522823e-001 -4.778754e-001
      outer loop
         vertex -1.421009e+000 1.087790e+001 9.114131e-001
         vertex 5.172688e+000 6.650062e+000 6.255306e-001
         vertex 5.154296e+000 6.624553e+000 5.782315e-001
      endloop
   endfacet
   facet normal 1.536210e-001 2.688369e-001 -9.508561e-001
      outer loop
         vertex -7.933694e+000 1.524590e+001 1.076171e+000
         vertex -7.876306e+000 1.532231e+001 1.114512e+000
         vertex -1.518412e+000 1.074113e+001 7.997537e-001
      endloop
   endfacet
   facet normal 2.226284e-001 3.765298e-001 -8.992563e-001
      outer loop
         vertex -1.518412e+000 1.074113e+001 7.997537e-001
         vertex -7.876306e+000 1.532231e+001 1.114512e+000
         vertex -1.463810e+000 1.081949e+001 8.382149e-001
      endloop
   endfacet
   facet normal 2.328313e-001 4.265685e-001 -8.739731e-001
      outer loop
         vertex -1.518412e+000 1.074113e+001 7.997537e-001
         vertex -1.463810e+000 1.081949e+001 8.382149e-001
         vertex 5.133964e+000 6.596353e+000 5.259425e-001
      endloop
   endfacet
   facet normal -7.728220e-002 -3.606886e-002 -9.963567e-001
      outer loop
         vertex 5.014575e+000 6.408983e+000 4.631386e-001
         vertex 7.788400e-001 9.102592e+000 6.862569e-001
         vertex 5.064680e+000 6.489685e+000 4.663195e-001
      endloop
   endfacet
   facet normal -6.426349e-003 6.920858e-002 -9.975815e-001
      outer loop
         vertex 5.064680e+000 6.489685e+000 4.663195e-001
         vertex 7.788400e-001 9.102592e+000 6.862569e-001
         vertex -1.518412e+000 1.074113e+001 7.997537e-001
      endloop
   endfacet
   facet normal 7.379285e-002 1.972227e-001 -9.775776e-001
      outer loop
         vertex 5.064680e+000 6.489685e+000 4.663195e-001
         vertex -1.518412e+000 1.074113e+001 7.997537e-001
         vertex 5.075544e+000 6.507183e+000 4.670092e-001
      endloop
   endfacet
   facet normal 1.701258e-001 3.476853e-001 -9.220478e-001
      outer loop
         vertex 5.075544e+000 6.507183e+000 4.670092e-001
         vertex -1.518412e+000 1.074113e+001 7.997537e-001
         vertex 5.133964e+000 6.596353e+000 5.259425e-001
      endloop
   endfacet
   facet normal 5.819571e-001 7.477717e-001 -3.196299e-001
      outer loop
         vertex -1.403195e+001 2.016467e+001 1.487738e+000
         vertex -1.351629e+001 1.974063e+001 1.474482e+000
         vertex -1.406417e+001 2.012765e+001 1.402379e+000
      endloop
   endfacet
   facet normal 5.400561e-001 7.194380e-001 -4.367474e-001
      outer loop
         vertex -1.406417e+001 2.012765e+001 1.402379e+000
         vertex -1.351629e+001 1.974063e+001 1.474482e+000
         vertex -7.831675e+000 1.537943e+001 1.187631e+000
      endloop
   endfacet
   facet normal 4.406302e-001 6.157636e-001 -6.532075e-001
      outer loop
         vertex -1.406417e+001 2.012765e+001 1.402379e+000
         vertex -7.831675e+000 1.537943e+001 1.187631e+000
         vertex -7.876306e+000 1.532231e+001 1.114512e+000
      endloop
   endfacet
   facet normal 4.204563e-001 6.305230e-001 -6.524240e-001
      outer loop
         vertex -7.876306e+000 1.532231e+001 1.114512e+000
         vertex -7.831675e+000 1.537943e+001 1.187631e+000
         vertex -1.421009e+000 1.087790e+001 9.114131e-001
      endloop
   endfacet
   facet normal 3.529533e-001 5.595356e-001 -7.498959e-001
      outer loop
         vertex -7.876306e+000 1.532231e+001 1.114512e+000
         vertex -1.421009e+000 1.087790e+001 9.114131e-001
         vertex -1.463810e+000 1.081949e+001 8.382149e-001
      endloop
   endfacet
   facet normal 3.919978e-001 6.499164e-001 -6.511117e-001
      outer loop
         vertex -1.463810e+000 1.081949e+001 8.382149e-001
         vertex -1.421009e+000 1.087790e+001 9.114131e-001
         vertex 5.154296e+000 6.624553e+000 5.782315e-001
      endloop
   endfacet
   facet normal 3.488004e-001 6.093149e-001 -7.120910e-001
      outer loop
         vertex -1.463810e+000 1.081949e+001 8.382149e-001
         vertex 5.154296e+000 6.624553e+000 5.782315e-001
         vertex 5.133964e+000 6.596353e+000 5.259425e-001
      endloop
   endfacet
   facet normal -6.911837e-002 -4.156886e-002 -9.967420e-001
      outer loop
         vertex -7.975370e+000 1.518931e+001 1.072195e+000
         vertex -1.000207e+001 1.665992e+001 1.152652e+000
         vertex -7.933694e+000 1.524590e+001 1.076171e+000
      endloop
   endfacet
   facet normal 9.701096e-003 5.788225e-002 -9.982763e-001
      outer loop
         vertex -7.933694e+000 1.524590e+001 1.076171e+000
         vertex -1.000207e+001 1.665992e+001 1.152652e+000
         vertex -1.417067e+001 1.999754e+001 1.291073e+000
      endloop
   endfacet
   facet normal 1.616068e-001 2.629943e-001 -9.511662e-001
      outer loop
         vertex -7.933694e+000 1.524590e+001 1.076171e+000
         vertex -1.417067e+001 1.999754e+001 1.291073e+000
         vertex -7.876306e+000 1.532231e+001 1.114512e+000
      endloop
   endfacet
   facet normal 2.459557e-001 3.594632e-001 -9.001622e-001
      outer loop
         vertex -7.876306e+000 1.532231e+001 1.114512e+000
         vertex -1.417067e+001 1.999754e+001 1.291073e+000
         vertex -1.411058e+001 2.007188e+001 1.329320e+000
      endloop
   endfacet
   facet normal 3.884681e-001 5.335523e-001 -7.512752e-001
      outer loop
         vertex -7.876306e+000 1.532231e+001 1.114512e+000
         vertex -1.411058e+001 2.007188e+001 1.329320e+000
         vertex -1.406417e+001 2.012765e+001 1.402379e+000
      endloop
   endfacet
   facet normal 4.677811e-001 5.944692e-001 -6.540545e-001
      outer loop
         vertex -1.406417e+001 2.012765e+001 1.402379e+000
         vertex -1.411058e+001 2.007188e+001 1.329320e+000
         vertex -2.011250e+001 2.511046e+001 1.559297e+000
      endloop
   endfacet
   facet normal 5.554761e-001 6.776976e-001 -4.818425e-001
      outer loop
         vertex -1.406417e+001 2.012765e+001 1.402379e+000
         vertex -2.011250e+001 2.511046e+001 1.559297e+000
         vertex -2.009136e+001 2.513396e+001 1.606485e+000
      endloop
   endfacet
   facet normal 7.186692e-001 6.170860e-001 -3.204988e-001
      outer loop
         vertex 6.063982e+000 5.893350e+000 6.450207e-001
         vertex 6.067590e+000 5.887444e+000 6.453532e-001
         vertex 6.046866e+000 5.866250e+000 5.560448e-001
      endloop
   endfacet
   facet normal 3.996973e-001 5.703686e-001 -7.175804e-001
      outer loop
         vertex 5.992690e+000 5.817924e+000 4.830357e-001
         vertex 5.133964e+000 6.596353e+000 5.259425e-001
         vertex 5.154294e+000 6.624550e+000 5.782278e-001
      endloop
   endfacet
   facet normal 2.667583e-001 -9.723582e-002 -9.588458e-001
      outer loop
         vertex 7.103148e+000 2.674699e+000 7.321684e-001
         vertex 7.074262e+000 2.673296e+000 7.293047e-001
         vertex 6.927434e+000 3.756078e+000 5.884073e-001
      endloop
   endfacet
   facet normal 2.217447e-001 -1.007630e-001 -9.698846e-001
      outer loop
         vertex 6.927434e+000 3.756078e+000 5.884073e-001
         vertex 7.074262e+000 2.673296e+000 7.293047e-001
         vertex 7.067873e+000 2.672986e+000 7.286713e-001
      endloop
   endfacet
   facet normal 9.844027e-002 -1.084756e-001 -9.892130e-001
      outer loop
         vertex 6.927434e+000 3.756078e+000 5.884073e-001
         vertex 7.067873e+000 2.672986e+000 7.286713e-001
         vertex 6.917101e+000 3.314455e+000 6.356006e-001
      endloop
   endfacet
   facet normal -2.479772e-002 -1.380728e-001 -9.901116e-001
      outer loop
         vertex 6.917101e+000 3.314455e+000 6.356006e-001
         vertex 7.067873e+000 2.672986e+000 7.286713e-001
         vertex 6.979870e+000 2.668711e+000 7.199469e-001
      endloop
   endfacet
   facet normal 9.757367e-001 7.910785e-002 -2.041562e-001
      outer loop
         vertex 7.266990e+000 2.708216e+000 9.317998e-001
         vertex 7.258720e+000 2.702743e+000 8.947983e-001
         vertex 7.037029e+000 3.808809e+000 8.058347e-001
      endloop
   endfacet
   facet normal 9.616908e-001 7.012527e-002 -2.650153e-001
      outer loop
         vertex 7.037029e+000 3.808809e+000 8.058347e-001
         vertex 7.258720e+000 2.702743e+000 8.947983e-001
         vertex 7.254007e+000 2.701425e+000 8.865318e-001
      endloop
   endfacet
   facet normal 9.313667e-001 1.193740e-001 -3.439561e-001
      outer loop
         vertex 7.037029e+000 3.808809e+000 8.058347e-001
         vertex 7.254007e+000 2.701425e+000 8.865318e-001
         vertex 7.084836e+000 3.806578e+000 7.038673e-001
      endloop
   endfacet
   facet normal 8.918070e-001 3.682439e-002 -4.509148e-001
      outer loop
         vertex 7.084836e+000 3.806578e+000 7.038673e-001
         vertex 7.254007e+000 2.701425e+000 8.865318e-001
         vertex 7.230804e+000 2.694936e+000 8.458379e-001
      endloop
   endfacet
   facet normal 8.327990e-001 2.005020e-002 -5.532123e-001
      outer loop
         vertex 7.084836e+000 3.806578e+000 7.038673e-001
         vertex 7.230804e+000 2.694936e+000 8.458379e-001
         vertex 7.210117e+000 2.689150e+000 8.095569e-001
      endloop
   endfacet
   facet normal -2.061194e-002 -1.142175e-001 -9.932419e-001
      outer loop
         vertex 6.917101e+000 3.314455e+000 6.356006e-001
         vertex 6.811259e+000 3.728083e+000 5.910695e-001
         vertex 6.927434e+000 3.756078e+000 5.884073e-001
      endloop
   endfacet
   facet normal -2.061281e-002 -1.142141e-001 -9.932423e-001
      outer loop
         vertex 6.927434e+000 3.756078e+000 5.884073e-001
         vertex 6.811259e+000 3.728083e+000 5.910695e-001
         vertex 6.669561e+000 4.281829e+000 5.314531e-001
      endloop
   endfacet
   facet normal 9.302425e-002 -5.767395e-002 -9.939920e-001
      outer loop
         vertex 6.927434e+000 3.756078e+000 5.884073e-001
         vertex 6.669561e+000 4.281829e+000 5.314531e-001
         vertex 6.543510e+000 4.814111e+000 4.908755e-001
      endloop
   endfacet
   facet normal -3.036257e-002 -8.742986e-002 -9.957079e-001
      outer loop
         vertex 6.543510e+000 4.814111e+000 4.908755e-001
         vertex 6.669561e+000 4.281829e+000 5.314531e-001
         vertex 6.438025e+000 4.762223e+000 4.954478e-001
      endloop
   endfacet
   facet normal 3.200622e-001 5.881991e-002 -9.455689e-001
      outer loop
         vertex 6.543510e+000 4.814111e+000 4.908755e-001
         vertex 6.627614e+000 4.858854e+000 5.299340e-001
         vertex 6.927434e+000 3.756078e+000 5.884073e-001
      endloop
   endfacet
   facet normal 4.520135e-001 6.715879e-002 -8.894793e-001
      outer loop
         vertex 6.927434e+000 3.756078e+000 5.884073e-001
         vertex 6.627614e+000 4.858854e+000 5.299340e-001
         vertex 7.018250e+000 3.782372e+000 6.291641e-001
      endloop
   endfacet
   facet normal 3.883297e-001 -4.001497e-002 -9.206513e-001
      outer loop
         vertex 6.927434e+000 3.756078e+000 5.884073e-001
         vertex 7.018250e+000 3.782372e+000 6.291641e-001
         vertex 7.103148e+000 2.674699e+000 7.321684e-001
      endloop
   endfacet
   facet normal 5.679254e-001 -4.237538e-002 -8.219885e-001
      outer loop
         vertex 7.103148e+000 2.674699e+000 7.321684e-001
         vertex 7.018250e+000 3.782372e+000 6.291641e-001
         vertex 7.204408e+000 2.687554e+000 7.995454e-001
      endloop
   endfacet
   facet normal 8.594226e-001 4.062849e-001 -3.103634e-001
      outer loop
         vertex 6.669204e+000 4.902580e+000 7.008029e-001
         vertex 6.676452e+000 4.890715e+000 7.014709e-001
         vertex 6.689792e+000 4.895178e+000 6.035218e-001
      endloop
   endfacet
   facet normal 8.712480e-001 3.816943e-001 -3.086040e-001
      outer loop
         vertex 6.689792e+000 4.895178e+000 6.035218e-001
         vertex 6.676452e+000 4.890715e+000 7.014709e-001
         vertex 6.880904e+000 4.556019e+000 7.203149e-001
      endloop
   endfacet
   facet normal 8.601453e-001 2.871661e-001 -4.215280e-001
      outer loop
         vertex 6.689792e+000 4.895178e+000 6.035218e-001
         vertex 6.880904e+000 4.556019e+000 7.203149e-001
         vertex 7.084836e+000 3.806578e+000 7.038673e-001
      endloop
   endfacet
   facet normal 9.236264e-001 2.430910e-001 -2.963461e-001
      outer loop
         vertex 7.084836e+000 3.806578e+000 7.038673e-001
         vertex 6.880904e+000 4.556019e+000 7.203149e-001
         vertex 7.032783e+000 3.829128e+000 8.035091e-001
      endloop
   endfacet
   facet normal 9.368929e-001 1.940031e-001 -2.908511e-001
      outer loop
         vertex 7.084836e+000 3.806578e+000 7.038673e-001
         vertex 7.032783e+000 3.829128e+000 8.035091e-001
         vertex 7.037029e+000 3.808809e+000 8.058347e-001
      endloop
   endfacet
   facet normal 7.165638e-001 6.195055e-001 -3.205453e-001
      outer loop
         vertex 6.063982e+000 5.893350e+000 6.450207e-001
         vertex 6.046866e+000 5.866250e+000 5.560448e-001
         vertex 6.047263e+000 5.920720e+000 6.434797e-001
      endloop
   endfacet
   facet normal -4.803590e-002 -6.092415e-002 -9.969859e-001
      outer loop
         vertex 6.264404e+000 5.122454e+000 4.684485e-001
         vertex 5.832872e+000 5.680442e+000 4.501525e-001
         vertex 5.920767e+000 5.754911e+000 4.448581e-001
      endloop
   endfacet
   facet normal -4.803837e-002 -6.092096e-002 -9.969859e-001
      outer loop
         vertex 5.920767e+000 5.754911e+000 4.448581e-001
         vertex 5.832872e+000 5.680442e+000 4.501525e-001
         vertex 5.688908e+000 5.866595e+000 4.440487e-001
      endloop
   endfacet
   facet normal 2.913722e-001 4.079345e-001 -8.652697e-001
      outer loop
         vertex 5.133964e+000 6.596353e+000 5.259425e-001
         vertex 5.992690e+000 5.817924e+000 4.830357e-001
         vertex 5.075544e+000 6.507183e+000 4.670092e-001
      endloop
   endfacet
   facet normal 2.257374e-001 2.377636e-001 -9.447280e-001
      outer loop
         vertex 5.075544e+000 6.507183e+000 4.670092e-001
         vertex 5.992690e+000 5.817924e+000 4.830357e-001
         vertex 5.920767e+000 5.754911e+000 4.448581e-001
      endloop
   endfacet
   facet normal 9.874962e-002 1.756107e-001 -9.794945e-001
      outer loop
         vertex 5.075544e+000 6.507183e+000 4.670092e-001
         vertex 5.920767e+000 5.754911e+000 4.448581e-001
         vertex 5.064676e+000 6.489678e+000 4.663193e-001
      endloop
   endfacet
   facet normal 1.872981e-002 4.703975e-002 -9.987174e-001
      outer loop
         vertex 5.064676e+000 6.489678e+000 4.663193e-001
         vertex 5.920767e+000 5.754911e+000 4.448581e-001
         vertex 5.688908e+000 5.866595e+000 4.440487e-001
      endloop
   endfacet
   facet normal -7.722159e-002 -3.604625e-002 -9.963621e-001
      outer loop
         vertex 5.064676e+000 6.489678e+000 4.663193e-001
         vertex 5.688908e+000 5.866595e+000 4.440487e-001
         vertex 5.014575e+000 6.408983e+000 4.631386e-001
      endloop
   endfacet
   facet normal 7.723191e-001 5.491282e-001 -3.193452e-001
      outer loop
         vertex 6.067590e+000 5.887444e+000 6.453532e-001
         vertex 6.669204e+000 4.902580e+000 7.008029e-001
         vertex 6.046866e+000 5.866250e+000 5.560448e-001
      endloop
   endfacet
   facet normal 7.813321e-001 4.484039e-001 -4.341130e-001
      outer loop
         vertex 6.046866e+000 5.866250e+000 5.560448e-001
         vertex 6.669204e+000 4.902580e+000 7.008029e-001
         vertex 6.689792e+000 4.895178e+000 6.035218e-001
      endloop
   endfacet
   facet normal 6.603593e-001 3.717098e-001 -6.525009e-001
      outer loop
         vertex 6.046866e+000 5.866250e+000 5.560448e-001
         vertex 6.689792e+000 4.895178e+000 6.035218e-001
         vertex 6.627614e+000 4.858854e+000 5.299340e-001
      endloop
   endfacet
   facet normal 7.293670e-001 2.357115e-001 -6.422336e-001
      outer loop
         vertex 6.627614e+000 4.858854e+000 5.299340e-001
         vertex 6.689792e+000 4.895178e+000 6.035218e-001
         vertex 7.084836e+000 3.806578e+000 7.038673e-001
      endloop
   endfacet
   facet normal 6.639123e-001 1.349237e-001 -7.355379e-001
      outer loop
         vertex 6.627614e+000 4.858854e+000 5.299340e-001
         vertex 7.084836e+000 3.806578e+000 7.038673e-001
         vertex 7.018250e+000 3.782372e+000 6.291641e-001
      endloop
   endfacet
   facet normal 7.442352e-001 4.758571e-002 -6.662204e-001
      outer loop
         vertex 7.018250e+000 3.782372e+000 6.291641e-001
         vertex 7.084836e+000 3.806578e+000 7.038673e-001
         vertex 7.210117e+000 2.689150e+000 8.095569e-001
      endloop
   endfacet
   facet normal 7.037900e-001 -2.165667e-002 -7.100779e-001
      outer loop
         vertex 7.018250e+000 3.782372e+000 6.291641e-001
         vertex 7.210117e+000 2.689150e+000 8.095569e-001
         vertex 7.204408e+000 2.687554e+000 7.995454e-001
      endloop
   endfacet
   facet normal -3.036410e-002 -8.742670e-002 -9.957081e-001
      outer loop
         vertex 6.438025e+000 4.762223e+000 4.954478e-001
         vertex 6.264404e+000 5.122454e+000 4.684485e-001
         vertex 6.543510e+000 4.814111e+000 4.908755e-001
      endloop
   endfacet
   facet normal 6.560016e-002 -4.370322e-003 -9.978364e-001
      outer loop
         vertex 6.543510e+000 4.814111e+000 4.908755e-001
         vertex 6.264404e+000 5.122454e+000 4.684485e-001
         vertex 5.920767e+000 5.754911e+000 4.448581e-001
      endloop
   endfacet
   facet normal 2.926209e-001 1.123439e-001 -9.496062e-001
      outer loop
         vertex 6.543510e+000 4.814111e+000 4.908755e-001
         vertex 5.920767e+000 5.754911e+000 4.448581e-001
         vertex 6.627614e+000 4.858854e+000 5.299340e-001
      endloop
   endfacet
   facet normal 3.717352e-001 2.237016e-001 -9.009832e-001
      outer loop
         vertex 6.627614e+000 4.858854e+000 5.299340e-001
         vertex 5.920767e+000 5.754911e+000 4.448581e-001
         vertex 5.992690e+000 5.817924e+000 4.830357e-001
      endloop
   endfacet
   facet normal 5.417081e-001 3.736632e-001 -7.529464e-001
      outer loop
         vertex 6.627614e+000 4.858854e+000 5.299340e-001
         vertex 5.992690e+000 5.817924e+000 4.830357e-001
         vertex 6.046866e+000 5.866250e+000 5.560448e-001
      endloop
   endfacet
   facet normal 5.081110e-001 5.553378e-001 -6.583488e-001
      outer loop
         vertex 6.046866e+000 5.866250e+000 5.560448e-001
         vertex 5.992690e+000 5.817924e+000 4.830357e-001
         vertex 5.154294e+000 6.624550e+000 5.782278e-001
      endloop
   endfacet
   facet normal 6.137805e-001 6.551582e-001 -4.405012e-001
      outer loop
         vertex 6.046866e+000 5.866250e+000 5.560448e-001
         vertex 5.154294e+000 6.624550e+000 5.782278e-001
         vertex 6.047263e+000 5.920720e+000 6.434797e-001
      endloop
   endfacet
   facet normal 5.581837e-001 7.433488e-001 -3.685967e-001
      outer loop
         vertex 6.047263e+000 5.920720e+000 6.434797e-001
         vertex 5.154294e+000 6.624550e+000 5.782278e-001
         vertex 5.172688e+000 6.650062e+000 6.255306e-001
      endloop
   endfacet
   facet normal 5.826600e-001 7.739279e-001 -2.480785e-001
      outer loop
         vertex 6.047263e+000 5.920720e+000 6.434797e-001
         vertex 5.172688e+000 6.650062e+000 6.255306e-001
         vertex 5.179572e+000 6.657903e+000 6.623620e-001
      endloop
   endfacet
   facet normal -3.420527e-002 -9.932809e-002 -9.944667e-001
      outer loop
         vertex 8.116612e+000 -2.500855e+000 1.303426e+000
         vertex 8.038020e+000 -2.279119e+000 1.282716e+000
         vertex 8.108398e+000 -2.249767e+000 1.284126e+000
      endloop
   endfacet
   facet normal 7.591826e-001 -1.540707e-002 -6.506953e-001
      outer loop
         vertex 7.204408e+000 2.687554e+000 7.995454e-001
         vertex 7.210117e+000 2.689150e+000 8.095569e-001
         vertex 7.509730e+000 2.081969e-001 1.124303e+000
      endloop
   endfacet
   facet normal 1.557979e-001 7.785873e-002 -9.847157e-001
      outer loop
         vertex 1.014415e+001 -5.717463e+000 1.514322e+000
         vertex 1.012163e+001 -5.701761e+000 1.512141e+000
         vertex 9.268726e+000 -4.504725e+000 1.442495e+000
      endloop
   endfacet
   facet normal 1.000696e-001 3.239230e-002 -9.944531e-001
      outer loop
         vertex 9.268726e+000 -4.504725e+000 1.442495e+000
         vertex 1.012163e+001 -5.701761e+000 1.512141e+000
         vertex 1.000160e+001 -5.618081e+000 1.500518e+000
      endloop
   endfacet
   facet normal 3.841509e-001 2.561440e-001 -8.870278e-001
      outer loop
         vertex 9.339272e+000 -4.458511e+000 1.471456e+000
         vertex 1.035791e+001 -5.866488e+000 1.535021e+000
         vertex 1.029172e+001 -5.820347e+000 1.528612e+000
      endloop
   endfacet
   facet normal 5.520875e-001 3.966858e-001 -7.333755e-001
      outer loop
         vertex 9.392064e+000 -4.422400e+000 1.521926e+000
         vertex 1.057475e+001 -6.042309e+000 1.589856e+000
         vertex 1.041394e+001 -5.905550e+000 1.540446e+000
      endloop
   endfacet
   facet normal 8.212479e-001 5.094475e-001 -2.569343e-001
      outer loop
         vertex 9.430631e+000 -4.393967e+000 1.597469e+000
         vertex 9.477272e+000 -4.358530e+000 1.634446e+000
         vertex 9.538655e+000 -4.441629e+000 1.637588e+000
      endloop
   endfacet
   facet normal 7.548572e-001 6.062245e-001 -2.503643e-001
      outer loop
         vertex 1.096825e+001 -6.376951e+000 1.710759e+000
         vertex 1.084987e+001 -6.276280e+000 1.674388e+000
         vertex 9.538655e+000 -4.441629e+000 1.637588e+000
      endloop
   endfacet
   facet normal 7.448310e-001 5.902492e-001 -3.111795e-001
      outer loop
         vertex 9.538655e+000 -4.441629e+000 1.637588e+000
         vertex 1.084987e+001 -6.276280e+000 1.674388e+000
         vertex 1.082489e+001 -6.255036e+000 1.666712e+000
      endloop
   endfacet
   facet normal 7.762933e-001 5.430629e-001 -3.200803e-001
      outer loop
         vertex 9.538655e+000 -4.441629e+000 1.637588e+000
         vertex 1.082489e+001 -6.255036e+000 1.666712e+000
         vertex 9.430631e+000 -4.393967e+000 1.597469e+000
      endloop
   endfacet
   facet normal 7.137995e-001 5.534958e-001 -4.291067e-001
      outer loop
         vertex 9.430631e+000 -4.393967e+000 1.597469e+000
         vertex 1.082489e+001 -6.255036e+000 1.666712e+000
         vertex 1.071492e+001 -6.161518e+000 1.632925e+000
      endloop
   endfacet
   facet normal 6.757048e-001 5.083107e-001 -5.338943e-001
      outer loop
         vertex 9.430631e+000 -4.393967e+000 1.597469e+000
         vertex 1.071492e+001 -6.161518e+000 1.632925e+000
         vertex 1.057718e+001 -6.044375e+000 1.590602e+000
      endloop
   endfacet
   facet normal 9.799575e-001 2.814238e-002 -1.972088e-001
      outer loop
         vertex 7.258720e+000 2.702743e+000 8.947983e-001
         vertex 7.266990e+000 2.708216e+000 9.317998e-001
         vertex 7.334082e+000 1.711976e+000 1.066231e+000
      endloop
   endfacet
   facet normal 9.642957e-001 1.406996e-001 -2.243599e-001
      outer loop
         vertex 7.334082e+000 1.711976e+000 1.066231e+000
         vertex 7.642622e+000 2.486472e-001 1.233309e+000
         vertex 7.552638e+000 2.259595e-001 1.200760e+000
      endloop
   endfacet
   facet normal 9.658732e-001 1.914718e-002 -2.583066e-001
      outer loop
         vertex 7.258720e+000 2.702743e+000 8.947983e-001
         vertex 7.334082e+000 1.711976e+000 1.066231e+000
         vertex 7.254007e+000 2.701425e+000 8.865318e-001
      endloop
   endfacet
   facet normal 9.576032e-001 7.408054e-002 -2.784029e-001
      outer loop
         vertex 7.254007e+000 2.701425e+000 8.865318e-001
         vertex 7.334082e+000 1.711976e+000 1.066231e+000
         vertex 7.552638e+000 2.259595e-001 1.200760e+000
      endloop
   endfacet
   facet normal 9.188390e-001 3.361183e-002 -3.931986e-001
      outer loop
         vertex 7.254007e+000 2.701425e+000 8.865318e-001
         vertex 7.552638e+000 2.259595e-001 1.200760e+000
         vertex 7.230804e+000 2.694936e+000 8.458379e-001
      endloop
   endfacet
   facet normal 3.698053e-001 -7.880142e-002 -9.257615e-001
      outer loop
         vertex 7.074262e+000 2.673296e+000 7.293047e-001
         vertex 7.103148e+000 2.674699e+000 7.321684e-001
         vertex 7.449793e+000 1.896479e-001 1.072326e+000
      endloop
   endfacet
   facet normal -2.567925e-002 -1.393075e-001 -9.899161e-001
      outer loop
         vertex 6.979870e+000 2.668711e+000 7.199469e-001
         vertex 7.067873e+000 2.672986e+000 7.286713e-001
         vertex 7.147151e+000 8.871489e-001 9.535052e-001
      endloop
   endfacet
   facet normal 8.995152e-002 -1.148994e-001 -9.892961e-001
      outer loop
         vertex 7.147151e+000 8.871489e-001 9.535052e-001
         vertex 7.067873e+000 2.672986e+000 7.286713e-001
         vertex 7.368825e+000 1.690520e-001 1.041167e+000
      endloop
   endfacet
   facet normal -2.810823e-002 -1.192812e-001 -9.924625e-001
      outer loop
         vertex 7.147151e+000 8.871489e-001 9.535052e-001
         vertex 7.368825e+000 1.690520e-001 1.041167e+000
         vertex 7.308237e+000 1.559783e-001 1.035987e+000
      endloop
   endfacet
   facet normal -2.810820e-002 -1.192814e-001 -9.924625e-001
      outer loop
         vertex 7.308237e+000 1.559783e-001 1.035987e+000
         vertex 7.368825e+000 1.690520e-001 1.041167e+000
         vertex 7.527219e+000 -8.379830e-001 1.148113e+000
      endloop
   endfacet
   facet normal 8.289709e-001 4.971209e-001 -2.562772e-001
      outer loop
         vertex 9.477272e+000 -4.358530e+000 1.634446e+000
         vertex 9.430631e+000 -4.393967e+000 1.597469e+000
         vertex 9.181229e+000 -3.957759e+000 1.619293e+000
      endloop
   endfacet
   facet normal 8.447019e-001 4.333727e-001 -3.141125e-001
      outer loop
         vertex 9.181229e+000 -3.957759e+000 1.619293e+000
         vertex 9.430631e+000 -4.393967e+000 1.597469e+000
         vertex 8.283702e+000 -2.165067e+000 1.440928e+000
      endloop
   endfacet
   facet normal 8.852468e-001 3.925857e-001 -2.494287e-001
      outer loop
         vertex 9.181229e+000 -3.957759e+000 1.619293e+000
         vertex 8.283702e+000 -2.165067e+000 1.440928e+000
         vertex 8.388324e+000 -2.191163e+000 1.478417e+000
      endloop
   endfacet
   facet normal 3.183941e-001 1.977116e-001 -9.271113e-001
      outer loop
         vertex 1.029172e+001 -5.820347e+000 1.528612e+000
         vertex 1.014415e+001 -5.717463e+000 1.514322e+000
         vertex 9.339272e+000 -4.458511e+000 1.471456e+000
      endloop
   endfacet
   facet normal 2.584433e-001 1.301842e-001 -9.572142e-001
      outer loop
         vertex 9.339272e+000 -4.458511e+000 1.471456e+000
         vertex 1.014415e+001 -5.717463e+000 1.514322e+000
         vertex 9.268726e+000 -4.504725e+000 1.442495e+000
      endloop
   endfacet
   facet normal 3.623258e-001 1.336404e-001 -9.224208e-001
      outer loop
         vertex 9.339272e+000 -4.458511e+000 1.471456e+000
         vertex 9.268726e+000 -4.504725e+000 1.442495e+000
         vertex 8.185319e+000 -2.215950e+000 1.313957e+000
      endloop
   endfacet
   facet normal 2.777958e-001 5.323737e-002 -9.591638e-001
      outer loop
         vertex 8.185319e+000 -2.215950e+000 1.313957e+000
         vertex 9.268726e+000 -4.504725e+000 1.442495e+000
         vertex 8.108398e+000 -2.249767e+000 1.284126e+000
      endloop
   endfacet
   facet normal 4.016485e-001 4.199030e-002 -9.148307e-001
      outer loop
         vertex 8.185319e+000 -2.215950e+000 1.313957e+000
         vertex 8.108398e+000 -2.249767e+000 1.284126e+000
         vertex 7.449793e+000 1.896479e-001 1.072326e+000
      endloop
   endfacet
   facet normal -3.419981e-002 -9.932406e-002 -9.944672e-001
      outer loop
         vertex 8.116612e+000 -2.500855e+000 1.303426e+000
         vertex 8.108398e+000 -2.249767e+000 1.284126e+000
         vertex 8.905827e+000 -4.077587e+000 1.417366e+000
      endloop
   endfacet
   facet normal 6.567349e-002 -3.621099e-002 -9.971839e-001
      outer loop
         vertex 8.905827e+000 -4.077587e+000 1.417366e+000
         vertex 8.108398e+000 -2.249767e+000 1.284126e+000
         vertex 9.268726e+000 -4.504725e+000 1.442495e+000
      endloop
   endfacet
   facet normal -4.385619e-002 -8.059125e-002 -9.957820e-001
      outer loop
         vertex 8.905827e+000 -4.077587e+000 1.417366e+000
         vertex 9.268726e+000 -4.504725e+000 1.442495e+000
         vertex 9.212933e+000 -4.539579e+000 1.439777e+000
      endloop
   endfacet
   facet normal 8.379399e-003 -4.025921e-002 -9.991542e-001
      outer loop
         vertex 9.212933e+000 -4.539579e+000 1.439777e+000
         vertex 9.268726e+000 -4.504725e+000 1.442495e+000
         vertex 1.000160e+001 -5.618081e+000 1.500518e+000
      endloop
   endfacet
   facet normal -9.058464e-002 -1.025425e-001 -9.905955e-001
      outer loop
         vertex 9.212933e+000 -4.539579e+000 1.439777e+000
         vertex 1.000160e+001 -5.618081e+000 1.500518e+000
         vertex 9.867895e+000 -5.524868e+000 1.487572e+000
      endloop
   endfacet
   facet normal 9.574574e-001 1.763207e-001 -2.284431e-001
      outer loop
         vertex 7.642622e+000 2.486472e-001 1.233309e+000
         vertex 7.649704e+000 2.150624e-001 1.237144e+000
         vertex 7.552638e+000 2.259595e-001 1.200760e+000
      endloop
   endfacet
   facet normal 9.493528e-001 2.114338e-001 -2.324328e-001
      outer loop
         vertex 7.552638e+000 2.259595e-001 1.200760e+000
         vertex 7.649704e+000 2.150624e-001 1.237144e+000
         vertex 7.952154e+000 -1.219375e+000 1.400923e+000
      endloop
   endfacet
   facet normal 9.187890e-001 2.573580e-001 -2.993220e-001
      outer loop
         vertex 7.552638e+000 2.259595e-001 1.200760e+000
         vertex 7.952154e+000 -1.219375e+000 1.400923e+000
         vertex 8.283702e+000 -2.165067e+000 1.440928e+000
      endloop
   endfacet
   facet normal 9.140493e-001 3.242989e-001 -2.436064e-001
      outer loop
         vertex 8.283702e+000 -2.165067e+000 1.440928e+000
         vertex 7.952154e+000 -1.219375e+000 1.400923e+000
         vertex 8.360132e+000 -2.128355e+000 1.473409e+000
      endloop
   endfacet
   facet normal 9.046797e-001 3.481434e-001 -2.456638e-001
      outer loop
         vertex 8.283702e+000 -2.165067e+000 1.440928e+000
         vertex 8.360132e+000 -2.128355e+000 1.473409e+000
         vertex 8.388324e+000 -2.191163e+000 1.478417e+000
      endloop
   endfacet
   facet normal 6.506869e-001 4.801387e-001 -5.882800e-001
      outer loop
         vertex 1.057718e+001 -6.044375e+000 1.590602e+000
         vertex 1.057475e+001 -6.042309e+000 1.589856e+000
         vertex 9.430631e+000 -4.393967e+000 1.597469e+000
      endloop
   endfacet
   facet normal 6.763386e-001 4.469680e-001 -5.854791e-001
      outer loop
         vertex 9.430631e+000 -4.393967e+000 1.597469e+000
         vertex 1.057475e+001 -6.042309e+000 1.589856e+000
         vertex 9.392064e+000 -4.422400e+000 1.521926e+000
      endloop
   endfacet
   facet normal 7.814644e-001 3.981784e-001 -4.803826e-001
      outer loop
         vertex 9.430631e+000 -4.393967e+000 1.597469e+000
         vertex 9.392064e+000 -4.422400e+000 1.521926e+000
         vertex 8.283702e+000 -2.165067e+000 1.440928e+000
      endloop
   endfacet
   facet normal 7.536677e-001 3.133045e-001 -5.777763e-001
      outer loop
         vertex 8.283702e+000 -2.165067e+000 1.440928e+000
         vertex 9.392064e+000 -4.422400e+000 1.521926e+000
         vertex 8.242479e+000 -2.188337e+000 1.365024e+000
      endloop
   endfacet
   facet normal 8.505704e-001 2.406506e-001 -4.675653e-001
      outer loop
         vertex 8.283702e+000 -2.165067e+000 1.440928e+000
         vertex 8.242479e+000 -2.188337e+000 1.365024e+000
         vertex 7.552638e+000 2.259595e-001 1.200760e+000
      endloop
   endfacet
   facet normal 8.103606e-001 1.597227e-001 -5.637414e-001
      outer loop
         vertex 7.552638e+000 2.259595e-001 1.200760e+000
         vertex 8.242479e+000 -2.188337e+000 1.365024e+000
         vertex 7.509730e+000 2.081969e-001 1.124303e+000
      endloop
   endfacet
   facet normal 8.606560e-001 6.729440e-002 -5.047204e-001
      outer loop
         vertex 7.552638e+000 2.259595e-001 1.200760e+000
         vertex 7.509730e+000 2.081969e-001 1.124303e+000
         vertex 7.230804e+000 2.694936e+000 8.458379e-001
      endloop
   endfacet
   facet normal 8.033241e-001 -6.066809e-003 -5.955112e-001
      outer loop
         vertex 7.230804e+000 2.694936e+000 8.458379e-001
         vertex 7.509730e+000 2.081969e-001 1.124303e+000
         vertex 7.210117e+000 2.689150e+000 8.095569e-001
      endloop
   endfacet
   facet normal 4.923199e-001 3.383986e-001 -8.019398e-001
      outer loop
         vertex 1.041394e+001 -5.905550e+000 1.540446e+000
         vertex 1.035791e+001 -5.866488e+000 1.535021e+000
         vertex 9.392064e+000 -4.422400e+000 1.521926e+000
      endloop
   endfacet
   facet normal 4.911694e-001 3.001297e-001 -8.177254e-001
      outer loop
         vertex 9.392064e+000 -4.422400e+000 1.521926e+000
         vertex 1.035791e+001 -5.866488e+000 1.535021e+000
         vertex 9.339272e+000 -4.458511e+000 1.471456e+000
      endloop
   endfacet
   facet normal 6.022663e-001 2.798885e-001 -7.476214e-001
      outer loop
         vertex 9.392064e+000 -4.422400e+000 1.521926e+000
         vertex 9.339272e+000 -4.458511e+000 1.471456e+000
         vertex 8.242479e+000 -2.188337e+000 1.365024e+000
      endloop
   endfacet
   facet normal 5.498061e-001 1.964252e-001 -8.118685e-001
      outer loop
         vertex 8.242479e+000 -2.188337e+000 1.365024e+000
         vertex 9.339272e+000 -4.458511e+000 1.471456e+000
         vertex 8.185319e+000 -2.215950e+000 1.313957e+000
      endloop
   endfacet
   facet normal 6.595489e-001 1.484354e-001 -7.368598e-001
      outer loop
         vertex 8.242479e+000 -2.188337e+000 1.365024e+000
         vertex 8.185319e+000 -2.215950e+000 1.313957e+000
         vertex 7.509730e+000 2.081969e-001 1.124303e+000
      endloop
   endfacet
   facet normal 5.945632e-001 7.408187e-002 -8.006288e-001
      outer loop
         vertex 7.509730e+000 2.081969e-001 1.124303e+000
         vertex 8.185319e+000 -2.215950e+000 1.313957e+000
         vertex 7.449793e+000 1.896479e-001 1.072326e+000
      endloop
   endfacet
   facet normal 6.808137e-001 9.484110e-003 -7.323952e-001
      outer loop
         vertex 7.509730e+000 2.081969e-001 1.124303e+000
         vertex 7.449793e+000 1.896479e-001 1.072326e+000
         vertex 7.204408e+000 2.687554e+000 7.995454e-001
      endloop
   endfacet
   facet normal 5.469251e-001 -5.977144e-002 -8.350451e-001
      outer loop
         vertex 7.204408e+000 2.687554e+000 7.995454e-001
         vertex 7.449793e+000 1.896479e-001 1.072326e+000
         vertex 7.103148e+000 2.674699e+000 7.321684e-001
      endloop
   endfacet
   facet normal -3.420526e-002 -9.932815e-002 -9.944667e-001
      outer loop
         vertex 8.038020e+000 -2.279119e+000 1.282716e+000
         vertex 7.527219e+000 -8.379830e-001 1.148113e+000
         vertex 8.108398e+000 -2.249767e+000 1.284126e+000
      endloop
   endfacet
   facet normal 8.142547e-002 -7.491139e-002 -9.938602e-001
      outer loop
         vertex 8.108398e+000 -2.249767e+000 1.284126e+000
         vertex 7.527219e+000 -8.379830e-001 1.148113e+000
         vertex 7.368825e+000 1.690520e-001 1.041167e+000
      endloop
   endfacet
   facet normal 3.050355e-001 -2.305269e-002 -9.520619e-001
      outer loop
         vertex 8.108398e+000 -2.249767e+000 1.284126e+000
         vertex 7.368825e+000 1.690520e-001 1.041167e+000
         vertex 7.449793e+000 1.896479e-001 1.072326e+000
      endloop
   endfacet
   facet normal 3.135558e-001 -6.306180e-002 -9.474735e-001
      outer loop
         vertex 7.449793e+000 1.896479e-001 1.072326e+000
         vertex 7.368825e+000 1.690520e-001 1.041167e+000
         vertex 7.067873e+000 2.672986e+000 7.286713e-001
      endloop
   endfacet
   facet normal 3.250772e-001 -8.243442e-002 -9.420878e-001
      outer loop
         vertex 7.449793e+000 1.896479e-001 1.072326e+000
         vertex 7.067873e+000 2.672986e+000 7.286713e-001
         vertex 7.074262e+000 2.673296e+000 7.293047e-001
      endloop
   endfacet
   facet normal 7.326973e-001 6.800115e-001 2.718483e-002
      outer loop
         vertex 1.102078e+001 -6.427042e+000 1.777078e+000
         vertex 1.102166e+001 -6.427458e+000 1.771071e+000
         vertex 1.101881e+001 -6.424233e+000 1.759130e+000
      endloop
   endfacet
   facet normal 7.644098e-001 6.226961e-001 -1.671147e-001
      outer loop
         vertex 1.100244e+001 -6.408465e+000 1.735824e+000
         vertex 1.096825e+001 -6.376951e+000 1.710759e+000
         vertex 9.538655e+000 -4.441629e+000 1.637588e+000
      endloop
   endfacet
   facet normal 7.717171e-001 6.345092e-001 -4.301948e-002
      outer loop
         vertex 1.101845e+001 -6.423827e+000 1.757624e+000
         vertex 1.100244e+001 -6.408465e+000 1.735824e+000
         vertex 9.499928e+000 -4.467664e+000 1.695811e+000
      endloop
   endfacet
   facet normal 7.585377e-001 6.187192e-001 2.044680e-001
      outer loop
         vertex 1.094994e+001 -6.368248e+000 1.830728e+000
         vertex 9.499928e+000 -4.467664e+000 1.695811e+000
         vertex 1.092074e+001 -6.343615e+000 1.845468e+000
      endloop
   endfacet
   facet normal 7.855703e-001 5.759126e-001 2.262829e-001
      outer loop
         vertex 1.092074e+001 -6.343615e+000 1.845468e+000
         vertex 9.499928e+000 -4.467664e+000 1.695811e+000
         vertex 9.485163e+000 -4.472626e+000 1.783901e+000
      endloop
   endfacet
   facet normal 7.137263e-001 5.874684e-001 3.814128e-001
      outer loop
         vertex 1.092074e+001 -6.343615e+000 1.845468e+000
         vertex 9.485163e+000 -4.472626e+000 1.783901e+000
         vertex 1.085621e+001 -6.289201e+000 1.878030e+000
      endloop
   endfacet
   facet normal 7.228366e-001 6.693839e-001 1.715588e-001
      outer loop
         vertex 1.100968e+001 -6.418620e+000 1.800585e+000
         vertex 1.101979e+001 -6.426577e+000 1.783813e+000
         vertex 1.094994e+001 -6.368248e+000 1.830728e+000
      endloop
   endfacet
   facet normal 7.263708e-001 6.727510e-001 1.406824e-001
      outer loop
         vertex 1.094994e+001 -6.368248e+000 1.830728e+000
         vertex 1.101979e+001 -6.426577e+000 1.783813e+000
         vertex 1.102078e+001 -6.427042e+000 1.777078e+000
      endloop
   endfacet
   facet normal 7.681882e-001 6.306488e-001 1.103131e-001
      outer loop
         vertex 1.094994e+001 -6.368248e+000 1.830728e+000
         vertex 1.102078e+001 -6.427042e+000 1.777078e+000
         vertex 9.499928e+000 -4.467664e+000 1.695811e+000
      endloop
   endfacet
   facet normal 7.716379e-001 6.359274e-001 1.309016e-002
      outer loop
         vertex 9.499928e+000 -4.467664e+000 1.695811e+000
         vertex 1.102078e+001 -6.427042e+000 1.777078e+000
         vertex 1.101881e+001 -6.424233e+000 1.759130e+000
      endloop
   endfacet
   facet normal 7.718099e-001 6.357302e-001 -1.251575e-002
      outer loop
         vertex 9.499928e+000 -4.467664e+000 1.695811e+000
         vertex 1.101881e+001 -6.424233e+000 1.759130e+000
         vertex 1.101845e+001 -6.423827e+000 1.757624e+000
      endloop
   endfacet
   facet normal 6.814666e-001 5.537741e-001 4.784742e-001
      outer loop
         vertex 1.085621e+001 -6.289201e+000 1.878030e+000
         vertex 9.485163e+000 -4.472626e+000 1.783901e+000
         vertex 1.072613e+001 -6.188614e+000 1.900908e+000
      endloop
   endfacet
   facet normal 6.797625e-001 5.047048e-001 5.321616e-001
      outer loop
         vertex 1.072613e+001 -6.188614e+000 1.900908e+000
         vertex 9.485163e+000 -4.472626e+000 1.783901e+000
         vertex 9.450175e+000 -4.491478e+000 1.855020e+000
      endloop
   endfacet
   facet normal 6.080177e-001 5.016766e-001 6.153333e-001
      outer loop
         vertex 1.072613e+001 -6.188614e+000 1.900908e+000
         vertex 9.450175e+000 -4.491478e+000 1.855020e+000
         vertex 1.070975e+001 -6.175941e+000 1.903790e+000
      endloop
   endfacet
   facet normal 2.372549e-001 2.017183e-001 9.502736e-001
      outer loop
         vertex 9.178878e+000 -4.341394e+000 1.934248e+000
         vertex 9.333879e+000 -4.561025e+000 1.943598e+000
         vertex 9.392674e+000 -4.525441e+000 1.914108e+000
      endloop
   endfacet
   facet normal 2.372511e-001 2.017122e-001 9.502758e-001
      outer loop
         vertex 9.392674e+000 -4.525441e+000 1.914108e+000
         vertex 9.333879e+000 -4.561025e+000 1.943598e+000
         vertex 1.018986e+001 -5.773922e+000 1.995229e+000
      endloop
   endfacet
   facet normal 2.798603e-001 2.361824e-001 9.305354e-001
      outer loop
         vertex 9.392674e+000 -4.525441e+000 1.914108e+000
         vertex 1.018986e+001 -5.773922e+000 1.995229e+000
         vertex 1.031715e+001 -5.872357e+000 1.972840e+000
      endloop
   endfacet
   facet normal 3.634976e-001 3.052710e-001 8.801585e-001
      outer loop
         vertex 1.031715e+001 -5.872357e+000 1.972840e+000
         vertex 1.044719e+001 -5.972909e+000 1.949970e+000
         vertex 9.392674e+000 -4.525441e+000 1.914108e+000
      endloop
   endfacet
   facet normal 4.026215e-001 3.386070e-001 8.504359e-001
      outer loop
         vertex 9.392674e+000 -4.525441e+000 1.914108e+000
         vertex 1.044719e+001 -5.972909e+000 1.949970e+000
         vertex 1.046769e+001 -5.988762e+000 1.946364e+000
      endloop
   endfacet
   facet normal 4.921010e-001 3.752935e-001 7.854881e-001
      outer loop
         vertex 9.392674e+000 -4.525441e+000 1.914108e+000
         vertex 1.046769e+001 -5.988762e+000 1.946364e+000
         vertex 9.450175e+000 -4.491478e+000 1.855020e+000
      endloop
   endfacet
   facet normal 5.204274e-001 4.202347e-001 7.433425e-001
      outer loop
         vertex 9.450175e+000 -4.491478e+000 1.855020e+000
         vertex 1.046769e+001 -5.988762e+000 1.946364e+000
         vertex 1.057854e+001 -6.074485e+000 1.926866e+000
      endloop
   endfacet
   facet normal 5.836268e-001 4.777626e-001 6.565993e-001
      outer loop
         vertex 9.450175e+000 -4.491478e+000 1.855020e+000
         vertex 1.057854e+001 -6.074485e+000 1.926866e+000
         vertex 1.070975e+001 -6.175941e+000 1.903790e+000
      endloop
   endfacet
   facet normal 2.534261e-001 1.625675e-001 9.535968e-001
      outer loop
         vertex 7.075133e+000 2.266603e+000 1.282562e+000
         vertex 7.291994e+000 5.341772e-001 1.501837e+000
         vertex 7.443590e+000 2.026403e-001 1.512032e+000
      endloop
   endfacet
   facet normal 2.559119e-001 1.422704e-001 9.561737e-001
      outer loop
         vertex 7.051908e+000 2.738753e+000 1.217610e+000
         vertex 7.075133e+000 2.266603e+000 1.282562e+000
         vertex 7.133749e+000 2.737514e+000 1.183872e+000
      endloop
   endfacet
   facet normal 3.656763e-001 1.611593e-001 9.166834e-001
      outer loop
         vertex 7.133749e+000 2.737514e+000 1.183872e+000
         vertex 7.075133e+000 2.266603e+000 1.282562e+000
         vertex 7.443590e+000 2.026403e-001 1.512032e+000
      endloop
   endfacet
   facet normal 4.797488e-001 1.572129e-001 8.632063e-001
      outer loop
         vertex 7.133749e+000 2.737514e+000 1.183872e+000
         vertex 7.443590e+000 2.026403e-001 1.512032e+000
         vertex 7.139692e+000 2.737424e+000 1.181422e+000
      endloop
   endfacet
   facet normal 5.743039e-001 1.902801e-001 7.962214e-001
      outer loop
         vertex 7.139692e+000 2.737424e+000 1.181422e+000
         vertex 7.443590e+000 2.026403e-001 1.512032e+000
         vertex 7.511783e+000 2.106853e-001 1.455148e+000
      endloop
   endfacet
   facet normal 6.151457e-001 1.671751e-001 7.704857e-001
      outer loop
         vertex 7.139692e+000 2.737424e+000 1.181422e+000
         vertex 7.511783e+000 2.106853e-001 1.455148e+000
         vertex 7.166561e+000 2.737018e+000 1.170346e+000
      endloop
   endfacet
   facet normal 7.592033e-001 1.531382e-001 6.325812e-001
      outer loop
         vertex 7.166561e+000 2.737018e+000 1.170346e+000
         vertex 7.511783e+000 2.106853e-001 1.455148e+000
         vertex 7.244491e+000 2.727363e+000 1.076579e+000
      endloop
   endfacet
   facet normal 8.622141e-001 1.359721e-001 4.879534e-001
      outer loop
         vertex 7.244491e+000 2.727363e+000 1.076579e+000
         vertex 7.511783e+000 2.106853e-001 1.455148e+000
         vertex 7.247122e+000 2.725916e+000 1.065345e+000
      endloop
   endfacet
   facet normal 8.640867e-001 1.849028e-001 4.681508e-001
      outer loop
         vertex 7.247122e+000 2.725916e+000 1.065345e+000
         vertex 7.511783e+000 2.106853e-001 1.455148e+000
         vertex 7.554100e+000 2.117709e-001 1.385540e+000
      endloop
   endfacet
   facet normal 9.366028e-001 1.280033e-001 3.261755e-001
      outer loop
         vertex 7.247122e+000 2.725916e+000 1.065345e+000
         vertex 7.554100e+000 2.117709e-001 1.385540e+000
         vertex 7.256665e+000 2.720670e+000 1.024612e+000
      endloop
   endfacet
   facet normal 9.633106e-001 1.716926e-001 2.062869e-001
      outer loop
         vertex 7.256665e+000 2.720670e+000 1.024612e+000
         vertex 7.554100e+000 2.117709e-001 1.385540e+000
         vertex 7.573319e+000 2.059376e-001 1.298368e+000
      endloop
   endfacet
   facet normal 9.896936e-001 1.053506e-001 9.699386e-002
      outer loop
         vertex 7.256665e+000 2.720670e+000 1.024612e+000
         vertex 7.573319e+000 2.059376e-001 1.298368e+000
         vertex 7.267368e+000 2.714785e+000 9.789243e-001
      endloop
   endfacet
   facet normal 9.952352e-001 9.489124e-002 2.241853e-002
      outer loop
         vertex 7.267368e+000 2.714785e+000 9.789243e-001
         vertex 7.573319e+000 2.059376e-001 1.298368e+000
         vertex 7.269541e+000 2.713590e+000 9.696470e-001
      endloop
   endfacet
   facet normal 9.931051e-001 1.088990e-001 -4.339682e-002
      outer loop
         vertex 7.269541e+000 2.713590e+000 9.696470e-001
         vertex 7.573319e+000 2.059376e-001 1.298368e+000
         vertex 7.334082e+000 1.711976e+000 1.066231e+000
      endloop
   endfacet
   facet normal 9.942209e-001 4.240654e-002 -9.862292e-002
      outer loop
         vertex 7.269541e+000 2.713590e+000 9.696470e-001
         vertex 7.334082e+000 1.711976e+000 1.066231e+000
         vertex 7.266990e+000 2.708216e+000 9.317998e-001
      endloop
   endfacet
   facet normal 9.670687e-001 2.301237e-001 -1.087252e-001
      outer loop
         vertex 7.952154e+000 -1.219375e+000 1.400923e+000
         vertex 7.649704e+000 2.150624e-001 1.237144e+000
         vertex 7.573319e+000 2.059376e-001 1.298368e+000
      endloop
   endfacet
   facet normal 9.751794e-001 1.949923e-001 -1.048960e-001
      outer loop
         vertex 7.573319e+000 2.059376e-001 1.298368e+000
         vertex 7.649704e+000 2.150624e-001 1.237144e+000
         vertex 7.642622e+000 2.486472e-001 1.233309e+000
      endloop
   endfacet
   facet normal 9.820678e-001 1.594058e-001 -1.006607e-001
      outer loop
         vertex 7.573319e+000 2.059376e-001 1.298368e+000
         vertex 7.642622e+000 2.486472e-001 1.233309e+000
         vertex 7.334082e+000 1.711976e+000 1.066231e+000
      endloop
   endfacet
   facet normal 9.539321e-001 2.955499e-001 -5.161180e-002
      outer loop
         vertex 7.952154e+000 -1.219375e+000 1.400923e+000
         vertex 7.573319e+000 2.059376e-001 1.298368e+000
         vertex 8.323346e+000 -2.215246e+000 1.540155e+000
      endloop
   endfacet
   facet normal 9.509488e-001 2.799422e-001 1.316390e-001
      outer loop
         vertex 8.323346e+000 -2.215246e+000 1.540155e+000
         vertex 7.573319e+000 2.059376e-001 1.298368e+000
         vertex 7.554100e+000 2.117709e-001 1.385540e+000
      endloop
   endfacet
   facet normal 9.092456e-001 3.379901e-001 2.429718e-001
      outer loop
         vertex 8.323346e+000 -2.215246e+000 1.540155e+000
         vertex 7.554100e+000 2.117709e-001 1.385540e+000
         vertex 8.305857e+000 -2.214991e+000 1.627883e+000
      endloop
   endfacet
   facet normal 8.424684e-001 2.856409e-001 4.567892e-001
      outer loop
         vertex 8.305857e+000 -2.214991e+000 1.627883e+000
         vertex 7.554100e+000 2.117709e-001 1.385540e+000
         vertex 7.511783e+000 2.106853e-001 1.455148e+000
      endloop
   endfacet
   facet normal 7.738794e-001 3.220225e-001 5.453550e-001
      outer loop
         vertex 8.305857e+000 -2.214991e+000 1.627883e+000
         vertex 7.511783e+000 2.106853e-001 1.455148e+000
         vertex 8.266388e+000 -2.225257e+000 1.698407e+000
      endloop
   endfacet
   facet normal 6.434588e-001 2.600870e-001 7.199413e-001
      outer loop
         vertex 8.266388e+000 -2.225257e+000 1.698407e+000
         vertex 7.511783e+000 2.106853e-001 1.455148e+000
         vertex 7.443590e+000 2.026403e-001 1.512032e+000
      endloop
   endfacet
   facet normal 5.459747e-001 2.694328e-001 7.932954e-001
      outer loop
         vertex 8.266388e+000 -2.225257e+000 1.698407e+000
         vertex 7.443590e+000 2.026403e-001 1.512032e+000
         vertex 8.202349e+000 -2.246694e+000 1.756628e+000
      endloop
   endfacet
   facet normal 8.055587e-001 5.835355e-001 -1.027693e-001
      outer loop
         vertex 1.100244e+001 -6.408465e+000 1.735824e+000
         vertex 9.538655e+000 -4.441629e+000 1.637588e+000
         vertex 9.499928e+000 -4.467664e+000 1.695811e+000
      endloop
   endfacet
   facet normal 8.378071e-001 5.294170e-001 -1.334051e-001
      outer loop
         vertex 9.499928e+000 -4.467664e+000 1.695811e+000
         vertex 9.538655e+000 -4.441629e+000 1.637588e+000
         vertex 9.477272e+000 -4.358530e+000 1.634446e+000
      endloop
   endfacet
   facet normal 8.456070e-001 5.170408e-001 -1.327317e-001
      outer loop
         vertex 9.499928e+000 -4.467664e+000 1.695811e+000
         vertex 9.477272e+000 -4.358530e+000 1.634446e+000
         vertex 9.181229e+000 -3.957759e+000 1.619293e+000
      endloop
   endfacet
   facet normal 9.024605e-001 4.120432e-001 -1.256403e-001
      outer loop
         vertex 9.181229e+000 -3.957759e+000 1.619293e+000
         vertex 8.388324e+000 -2.191163e+000 1.478417e+000
         vertex 8.323346e+000 -2.215246e+000 1.540155e+000
      endloop
   endfacet
   facet normal 9.219531e-001 3.675309e-001 -1.221616e-001
      outer loop
         vertex 8.323346e+000 -2.215246e+000 1.540155e+000
         vertex 8.388324e+000 -2.191163e+000 1.478417e+000
         vertex 8.360132e+000 -2.128355e+000 1.473409e+000
      endloop
   endfacet
   facet normal 9.313918e-001 3.436585e-001 -1.200338e-001
      outer loop
         vertex 8.323346e+000 -2.215246e+000 1.540155e+000
         vertex 8.360132e+000 -2.128355e+000 1.473409e+000
         vertex 7.952154e+000 -1.219375e+000 1.400923e+000
      endloop
   endfacet
   facet normal 2.534151e-001 1.625673e-001 9.535999e-001
      outer loop
         vertex 7.291994e+000 5.341772e-001 1.501837e+000
         vertex 7.378012e+000 1.923959e-001 1.538842e+000
         vertex 7.443590e+000 2.026403e-001 1.512032e+000
      endloop
   endfacet
   facet normal 2.534149e-001 1.625683e-001 9.535998e-001
      outer loop
         vertex 7.443590e+000 2.026403e-001 1.512032e+000
         vertex 7.378012e+000 1.923959e-001 1.538842e+000
         vertex 7.719287e+000 -1.163614e+000 1.685656e+000
      endloop
   endfacet
   facet normal 3.569354e-001 2.016773e-001 9.120984e-001
      outer loop
         vertex 7.443590e+000 2.026403e-001 1.512032e+000
         vertex 7.719287e+000 -1.163614e+000 1.685656e+000
         vertex 8.202349e+000 -2.246694e+000 1.756628e+000
      endloop
   endfacet
   facet normal 2.471585e-001 1.827769e-001 9.515805e-001
      outer loop
         vertex 8.202349e+000 -2.246694e+000 1.756628e+000
         vertex 7.719287e+000 -1.163614e+000 1.685656e+000
         vertex 8.146687e+000 -2.267906e+000 1.783591e+000
      endloop
   endfacet
   facet normal 2.471579e-001 1.827783e-001 9.515803e-001
      outer loop
         vertex 8.202349e+000 -2.246694e+000 1.756628e+000
         vertex 8.146687e+000 -2.267906e+000 1.783591e+000
         vertex 8.351871e+000 -2.798055e+000 1.830608e+000
      endloop
   endfacet
   facet normal 8.786400e-001 4.728546e-001 -6.633510e-002
      outer loop
         vertex 9.181229e+000 -3.957759e+000 1.619293e+000
         vertex 8.323346e+000 -2.215246e+000 1.540155e+000
         vertex 9.499928e+000 -4.467664e+000 1.695811e+000
      endloop
   endfacet
   facet normal 8.891140e-001 4.424570e-001 1.170814e-001
      outer loop
         vertex 9.499928e+000 -4.467664e+000 1.695811e+000
         vertex 8.323346e+000 -2.215246e+000 1.540155e+000
         vertex 8.305857e+000 -2.214991e+000 1.627883e+000
      endloop
   endfacet
   facet normal 8.406693e-001 4.898349e-001 2.309480e-001
      outer loop
         vertex 9.499928e+000 -4.467664e+000 1.695811e+000
         vertex 8.305857e+000 -2.214991e+000 1.627883e+000
         vertex 9.485163e+000 -4.472626e+000 1.783901e+000
      endloop
   endfacet
   facet normal 7.905468e-001 4.210090e-001 4.447327e-001
      outer loop
         vertex 9.485163e+000 -4.472626e+000 1.783901e+000
         vertex 8.305857e+000 -2.214991e+000 1.627883e+000
         vertex 8.266388e+000 -2.225257e+000 1.698407e+000
      endloop
   endfacet
   facet normal 7.189160e-001 4.427204e-001 5.358716e-001
      outer loop
         vertex 9.485163e+000 -4.472626e+000 1.783901e+000
         vertex 8.266388e+000 -2.225257e+000 1.698407e+000
         vertex 9.450175e+000 -4.491478e+000 1.855020e+000
      endloop
   endfacet
   facet normal 6.067628e-001 3.540792e-001 7.116647e-001
      outer loop
         vertex 9.450175e+000 -4.491478e+000 1.855020e+000
         vertex 8.266388e+000 -2.225257e+000 1.698407e+000
         vertex 8.202349e+000 -2.246694e+000 1.756628e+000
      endloop
   endfacet
   facet normal 5.111675e-001 3.442743e-001 7.875170e-001
      outer loop
         vertex 9.450175e+000 -4.491478e+000 1.855020e+000
         vertex 8.202349e+000 -2.246694e+000 1.756628e+000
         vertex 9.392674e+000 -4.525441e+000 1.914108e+000
      endloop
   endfacet
   facet normal 3.407733e-001 2.408362e-001 9.087747e-001
      outer loop
         vertex 9.392674e+000 -4.525441e+000 1.914108e+000
         vertex 8.202349e+000 -2.246694e+000 1.756628e+000
         vertex 8.351871e+000 -2.798055e+000 1.830608e+000
      endloop
   endfacet
   facet normal 2.372646e-001 2.017230e-001 9.502701e-001
      outer loop
         vertex 9.392674e+000 -4.525441e+000 1.914108e+000
         vertex 8.351871e+000 -2.798055e+000 1.830608e+000
         vertex 9.178878e+000 -4.341394e+000 1.934248e+000
      endloop
   endfacet
   facet normal 2.507712e-001 1.941811e-001 9.483710e-001
      outer loop
         vertex 6.050771e+000 5.606768e+000 9.475054e-001
         vertex 6.515326e+000 4.850031e+000 9.897791e-001
         vertex 6.604380e+000 4.893082e+000 9.524739e-001
      endloop
   endfacet
   facet normal 9.719432e-001 2.305251e-001 -4.674000e-002
      outer loop
         vertex 7.032783e+000 3.829128e+000 8.035091e-001
         vertex 7.106458e+000 3.853197e+000 8.847446e-001
         vertex 7.037029e+000 3.808809e+000 8.058347e-001
      endloop
   endfacet
   facet normal 9.792225e-001 1.830275e-001 8.731745e-002
      outer loop
         vertex 7.037029e+000 3.808809e+000 8.058347e-001
         vertex 7.106458e+000 3.853197e+000 8.847446e-001
         vertex 7.256665e+000 2.720670e+000 1.024612e+000
      endloop
   endfacet
   facet normal 9.930503e-001 1.132878e-001 3.188895e-002
      outer loop
         vertex 7.256665e+000 2.720670e+000 1.024612e+000
         vertex 7.267368e+000 2.714785e+000 9.789243e-001
         vertex 7.037029e+000 3.808809e+000 8.058347e-001
      endloop
   endfacet
   facet normal 9.938175e-001 1.024177e-001 -4.286522e-002
      outer loop
         vertex 7.037029e+000 3.808809e+000 8.058347e-001
         vertex 7.267368e+000 2.714785e+000 9.789243e-001
         vertex 7.269541e+000 2.713590e+000 9.696470e-001
      endloop
   endfacet
   facet normal 9.900355e-001 9.357180e-002 -1.052326e-001
      outer loop
         vertex 7.037029e+000 3.808809e+000 8.058347e-001
         vertex 7.269541e+000 2.713590e+000 9.696470e-001
         vertex 7.266990e+000 2.708216e+000 9.317998e-001
      endloop
   endfacet
   facet normal 4.861123e-001 1.641751e-001 8.583363e-001
      outer loop
         vertex 7.133749e+000 2.737514e+000 1.183872e+000
         vertex 7.139692e+000 2.737424e+000 1.181422e+000
         vertex 6.989601e+000 3.842566e+000 1.048730e+000
      endloop
   endfacet
   facet normal 5.261207e-001 1.626820e-001 8.347046e-001
      outer loop
         vertex 6.989601e+000 3.842566e+000 1.048730e+000
         vertex 7.139692e+000 2.737424e+000 1.181422e+000
         vertex 7.166561e+000 2.737018e+000 1.170346e+000
      endloop
   endfacet
   facet normal 6.296969e-001 2.030631e-001 7.498314e-001
      outer loop
         vertex 6.989601e+000 3.842566e+000 1.048730e+000
         vertex 7.166561e+000 2.737018e+000 1.170346e+000
         vertex 7.064316e+000 3.853168e+000 9.786875e-001
      endloop
   endfacet
   facet normal 7.749342e-001 1.656961e-001 6.099359e-001
      outer loop
         vertex 7.064316e+000 3.853168e+000 9.786875e-001
         vertex 7.166561e+000 2.737018e+000 1.170346e+000
         vertex 7.244491e+000 2.727363e+000 1.076579e+000
      endloop
   endfacet
   facet normal 8.734573e-001 1.490486e-001 4.635266e-001
      outer loop
         vertex 7.064316e+000 3.853168e+000 9.786875e-001
         vertex 7.244491e+000 2.727363e+000 1.076579e+000
         vertex 7.247122e+000 2.725916e+000 1.065345e+000
      endloop
   endfacet
   facet normal 2.566898e-001 1.434376e-001 9.557908e-001
      outer loop
         vertex 7.051908e+000 2.738753e+000 1.217610e+000
         vertex 7.133749e+000 2.737514e+000 1.183872e+000
         vertex 6.900481e+000 3.824664e+000 1.082407e+000
      endloop
   endfacet
   facet normal 3.734258e-001 1.671216e-001 9.124821e-001
      outer loop
         vertex 6.900481e+000 3.824664e+000 1.082407e+000
         vertex 7.133749e+000 2.737514e+000 1.183872e+000
         vertex 6.989601e+000 3.842566e+000 1.048730e+000
      endloop
   endfacet
   facet normal 2.605075e-001 1.675317e-001 9.508254e-001
      outer loop
         vertex 6.900481e+000 3.824664e+000 1.082407e+000
         vertex 6.989601e+000 3.842566e+000 1.048730e+000
         vertex 6.898006e+000 3.842412e+000 1.080197e+000
      endloop
   endfacet
   facet normal 2.605432e-001 1.675472e-001 9.508129e-001
      outer loop
         vertex 6.898006e+000 3.842412e+000 1.080197e+000
         vertex 6.989601e+000 3.842566e+000 1.048730e+000
         vertex 6.572369e+000 4.757111e+000 9.949700e-001
      endloop
   endfacet
   facet normal 2.331029e-001 2.205191e-001 9.471190e-001
      outer loop
         vertex 5.411781e+000 6.252876e+000 9.464754e-001
         vertex 5.902949e+000 5.756237e+000 9.472672e-001
         vertex 5.983240e+000 5.826922e+000 9.072315e-001
      endloop
   endfacet
   facet normal 2.331154e-001 2.205218e-001 9.471152e-001
      outer loop
         vertex 5.983240e+000 5.826922e+000 9.072315e-001
         vertex 5.902949e+000 5.756237e+000 9.472672e-001
         vertex 6.050771e+000 5.606768e+000 9.475054e-001
      endloop
   endfacet
   facet normal 3.399648e-001 2.707727e-001 9.006143e-001
      outer loop
         vertex 6.050771e+000 5.606768e+000 9.475054e-001
         vertex 6.604380e+000 4.893082e+000 9.524739e-001
         vertex 5.983240e+000 5.826922e+000 9.072315e-001
      endloop
   endfacet
   facet normal 5.394515e-001 3.608755e-001 7.607635e-001
      outer loop
         vertex 5.983240e+000 5.826922e+000 9.072315e-001
         vertex 6.604380e+000 4.893082e+000 9.524739e-001
         vertex 6.672353e+000 4.922020e+000 8.807536e-001
      endloop
   endfacet
   facet normal 5.973014e-001 4.510578e-001 6.631576e-001
      outer loop
         vertex 5.983240e+000 5.826922e+000 9.072315e-001
         vertex 6.672353e+000 4.922020e+000 8.807536e-001
         vertex 6.039046e+000 5.874022e+000 8.346438e-001
      endloop
   endfacet
   facet normal 8.036117e-001 5.926835e-001 5.417140e-002
      outer loop
         vertex 6.067590e+000 5.887444e+000 6.453532e-001
         vertex 6.068768e+000 5.898026e+000 7.390293e-001
         vertex 6.710067e+000 4.934093e+000 7.857087e-001
      endloop
   endfacet
   facet normal 5.970477e-001 7.883180e-001 -1.486228e-001
      outer loop
         vertex 6.047263e+000 5.920720e+000 6.434797e-001
         vertex 5.179572e+000 6.657903e+000 6.623620e-001
         vertex 5.183522e+000 6.660901e+000 7.003303e-001
      endloop
   endfacet
   facet normal 6.082557e-001 7.934223e-001 -2.249346e-002
      outer loop
         vertex 5.183522e+000 6.660901e+000 7.003303e-001
         vertex 5.180029e+000 6.650290e+000 7.560255e-001
         vertex 6.047263e+000 5.920720e+000 6.434797e-001
      endloop
   endfacet
   facet normal 6.847481e-001 7.268741e-001 5.266858e-002
      outer loop
         vertex 6.047263e+000 5.920720e+000 6.434797e-001
         vertex 5.180029e+000 6.650290e+000 7.560255e-001
         vertex 6.068768e+000 5.898026e+000 7.390293e-001
      endloop
   endfacet
   facet normal 7.516086e-001 6.551824e-001 -7.629323e-002
      outer loop
         vertex 6.047263e+000 5.920720e+000 6.434797e-001
         vertex 6.068768e+000 5.898026e+000 7.390293e-001
         vertex 6.063982e+000 5.893350e+000 6.450207e-001
      endloop
   endfacet
   facet normal 7.536542e-001 6.528332e-001 -7.625015e-002
      outer loop
         vertex 6.063982e+000 5.893350e+000 6.450207e-001
         vertex 6.068768e+000 5.898026e+000 7.390293e-001
         vertex 6.067590e+000 5.887444e+000 6.453532e-001
      endloop
   endfacet
   facet normal 2.040529e-001 2.452300e-001 9.477471e-001
      outer loop
         vertex 5.086539e+000 6.480948e+000 9.605341e-001
         vertex 5.411781e+000 6.252876e+000 9.464754e-001
         vertex 5.130497e+000 6.555496e+000 9.212931e-001
      endloop
   endfacet
   facet normal 2.933103e-001 3.219156e-001 9.001886e-001
      outer loop
         vertex 5.130497e+000 6.555496e+000 9.212931e-001
         vertex 5.411781e+000 6.252876e+000 9.464754e-001
         vertex 5.983240e+000 5.826922e+000 9.072315e-001
      endloop
   endfacet
   facet normal 3.483763e-001 4.173669e-001 8.393086e-001
      outer loop
         vertex 5.130497e+000 6.555496e+000 9.212931e-001
         vertex 5.983240e+000 5.826922e+000 9.072315e-001
         vertex 5.130507e+000 6.555512e+000 9.212849e-001
      endloop
   endfacet
   facet normal 4.591238e-001 4.638015e-001 7.576896e-001
      outer loop
         vertex 5.130507e+000 6.555512e+000 9.212849e-001
         vertex 5.983240e+000 5.826922e+000 9.072315e-001
         vertex 6.039046e+000 5.874022e+000 8.346438e-001
      endloop
   endfacet
   facet normal 4.404792e-001 5.075202e-001 7.405412e-001
      outer loop
         vertex 5.130507e+000 6.555512e+000 9.212849e-001
         vertex 6.039046e+000 5.874022e+000 8.346438e-001
         vertex 5.140042e+000 6.571682e+000 9.127731e-001
      endloop
   endfacet
   facet normal 5.032914e-001 6.204214e-001 6.014773e-001
      outer loop
         vertex 5.140042e+000 6.571682e+000 9.127731e-001
         vertex 6.039046e+000 5.874022e+000 8.346438e-001
         vertex 5.176168e+000 6.638559e+000 8.175879e-001
      endloop
   endfacet
   facet normal 9.063625e-001 4.175918e-001 -6.422013e-002
      outer loop
         vertex 6.880904e+000 4.556019e+000 7.203149e-001
         vertex 6.676452e+000 4.890715e+000 7.014709e-001
         vertex 6.710067e+000 4.934093e+000 7.857087e-001
      endloop
   endfacet
   facet normal 8.943639e-001 4.424199e-001 -6.616580e-002
      outer loop
         vertex 6.710067e+000 4.934093e+000 7.857087e-001
         vertex 6.676452e+000 4.890715e+000 7.014709e-001
         vertex 6.669204e+000 4.902580e+000 7.008029e-001
      endloop
   endfacet
   facet normal 8.522326e-001 5.184375e-001 -7.015678e-002
      outer loop
         vertex 6.710067e+000 4.934093e+000 7.857087e-001
         vertex 6.669204e+000 4.902580e+000 7.008029e-001
         vertex 6.067590e+000 5.887444e+000 6.453532e-001
      endloop
   endfacet
   facet normal 9.587452e-001 2.795413e-001 -5.161681e-002
      outer loop
         vertex 7.032783e+000 3.829128e+000 8.035091e-001
         vertex 6.880904e+000 4.556019e+000 7.203149e-001
         vertex 7.106458e+000 3.853197e+000 8.847446e-001
      endloop
   endfacet
   facet normal 9.303603e-001 3.601307e-001 6.881573e-002
      outer loop
         vertex 7.106458e+000 3.853197e+000 8.847446e-001
         vertex 6.880904e+000 4.556019e+000 7.203149e-001
         vertex 6.710067e+000 4.934093e+000 7.857087e-001
      endloop
   endfacet
   facet normal 8.679103e-001 3.779168e-001 3.223519e-001
      outer loop
         vertex 7.106458e+000 3.853197e+000 8.847446e-001
         vertex 6.710067e+000 4.934093e+000 7.857087e-001
         vertex 6.672353e+000 4.922020e+000 8.807536e-001
      endloop
   endfacet
   facet normal 7.990051e-001 5.132510e-001 3.133117e-001
      outer loop
         vertex 6.672353e+000 4.922020e+000 8.807536e-001
         vertex 6.710067e+000 4.934093e+000 7.857087e-001
         vertex 6.068768e+000 5.898026e+000 7.390293e-001
      endloop
   endfacet
   facet normal 7.130892e-001 5.472904e-001 4.381519e-001
      outer loop
         vertex 6.672353e+000 4.922020e+000 8.807536e-001
         vertex 6.068768e+000 5.898026e+000 7.390293e-001
         vertex 6.039046e+000 5.874022e+000 8.346438e-001
      endloop
   endfacet
   facet normal 6.475465e-001 6.960938e-001 3.100596e-001
      outer loop
         vertex 6.039046e+000 5.874022e+000 8.346438e-001
         vertex 6.068768e+000 5.898026e+000 7.390293e-001
         vertex 5.180029e+000 6.650290e+000 7.560255e-001
      endloop
   endfacet
   facet normal 5.597040e-001 7.309339e-001 3.904703e-001
      outer loop
         vertex 6.039046e+000 5.874022e+000 8.346438e-001
         vertex 5.180029e+000 6.650290e+000 7.560255e-001
         vertex 5.176168e+000 6.638559e+000 8.175879e-001
      endloop
   endfacet
   facet normal 2.507791e-001 1.941762e-001 9.483699e-001
      outer loop
         vertex 6.515326e+000 4.850031e+000 9.897791e-001
         vertex 6.572369e+000 4.757111e+000 9.949700e-001
         vertex 6.604380e+000 4.893082e+000 9.524739e-001
      endloop
   endfacet
   facet normal 3.673844e-001 2.177677e-001 9.042156e-001
      outer loop
         vertex 6.604380e+000 4.893082e+000 9.524739e-001
         vertex 6.572369e+000 4.757111e+000 9.949700e-001
         vertex 6.989601e+000 3.842566e+000 1.048730e+000
      endloop
   endfacet
   facet normal 5.668378e-001 3.076079e-001 7.642462e-001
      outer loop
         vertex 6.604380e+000 4.893082e+000 9.524739e-001
         vertex 6.989601e+000 3.842566e+000 1.048730e+000
         vertex 6.672353e+000 4.922020e+000 8.807536e-001
      endloop
   endfacet
   facet normal 6.775060e-001 2.953402e-001 6.736170e-001
      outer loop
         vertex 6.672353e+000 4.922020e+000 8.807536e-001
         vertex 6.989601e+000 3.842566e+000 1.048730e+000
         vertex 7.064316e+000 3.853168e+000 9.786875e-001
      endloop
   endfacet
   facet normal 8.352338e-001 3.098467e-001 4.542900e-001
      outer loop
         vertex 6.672353e+000 4.922020e+000 8.807536e-001
         vertex 7.064316e+000 3.853168e+000 9.786875e-001
         vertex 7.106458e+000 3.853197e+000 8.847446e-001
      endloop
   endfacet
   facet normal 8.970387e-001 2.029459e-001 3.925997e-001
      outer loop
         vertex 7.106458e+000 3.853197e+000 8.847446e-001
         vertex 7.064316e+000 3.853168e+000 9.786875e-001
         vertex 7.247122e+000 2.725916e+000 1.065345e+000
      endloop
   endfacet
   facet normal 9.520200e-001 1.406259e-001 2.718128e-001
      outer loop
         vertex 7.106458e+000 3.853197e+000 8.847446e-001
         vertex 7.247122e+000 2.725916e+000 1.065345e+000
         vertex 7.256665e+000 2.720670e+000 1.024612e+000
      endloop
   endfacet
   facet normal 2.081253e-001 2.425460e-001 9.475523e-001
      outer loop
         vertex -5.902032e+000 1.378472e+001 1.493659e+000
         vertex -1.490506e+000 1.074754e+001 1.294815e+000
         vertex -1.451500e+000 1.080804e+001 1.262226e+000
      endloop
   endfacet
   facet normal 5.080736e-001 7.685879e-001 3.887592e-001
      outer loop
         vertex -1.412923e+000 1.087038e+001 1.189927e+000
         vertex 5.176168e+000 6.638559e+000 8.175879e-001
         vertex 5.180030e+000 6.650291e+000 7.560170e-001
      endloop
   endfacet
   facet normal 1.735229e-001 1.790423e-001 9.684182e-001
      outer loop
         vertex -2.018565e+001 2.501630e+001 1.932286e+000
         vertex -2.020951e+001 2.498825e+001 1.942746e+000
         vertex -1.636802e+001 2.177289e+001 1.852154e+000
      endloop
   endfacet
   facet normal 2.121617e-001 2.397114e-001 9.473784e-001
      outer loop
         vertex -1.119958e+001 1.769291e+001 1.694673e+000
         vertex -7.903276e+000 1.526111e+001 1.569596e+000
         vertex -7.866783e+000 1.531281e+001 1.538643e+000
      endloop
   endfacet
   facet normal 2.160887e-001 2.367198e-001 9.472430e-001
      outer loop
         vertex -1.410376e+001 2.006445e+001 1.753546e+000
         vertex -1.414175e+001 2.001548e+001 1.784320e+000
         vertex -1.119958e+001 1.769291e+001 1.694673e+000
      endloop
   endfacet
   facet normal 2.842437e-001 3.324251e-001 8.992770e-001
      outer loop
         vertex -1.119958e+001 1.769291e+001 1.694673e+000
         vertex -7.866783e+000 1.531281e+001 1.538643e+000
         vertex -1.410376e+001 2.006445e+001 1.753546e+000
      endloop
   endfacet
   facet normal 4.087189e-001 5.101066e-001 7.567959e-001
      outer loop
         vertex -1.410376e+001 2.006445e+001 1.753546e+000
         vertex -7.866783e+000 1.531281e+001 1.538643e+000
         vertex -7.825420e+000 1.537319e+001 1.466224e+000
      endloop
   endfacet
   facet normal 4.716361e-001 5.851439e-001 6.596711e-001
      outer loop
         vertex -1.410376e+001 2.006445e+001 1.753546e+000
         vertex -7.825420e+000 1.537319e+001 1.466224e+000
         vertex -1.405969e+001 2.012277e+001 1.681032e+000
      endloop
   endfacet
   facet normal 2.507727e-001 2.699806e-001 9.296362e-001
      outer loop
         vertex -2.018565e+001 2.501630e+001 1.932286e+000
         vertex -1.636802e+001 2.177289e+001 1.852154e+000
         vertex -2.015529e+001 2.505244e+001 1.900690e+000
      endloop
   endfacet
   facet normal 5.810574e-001 8.104837e-001 -7.408364e-002
      outer loop
         vertex -4.355278e+000 1.293607e+001 1.133546e+000
         vertex -7.763587e+000 1.546767e+001 1.260390e+000
         vertex -7.805186e+000 1.540592e+001 1.370720e+000
      endloop
   endfacet
   facet normal 5.967953e-001 7.989112e-001 -7.467428e-002
      outer loop
         vertex -7.805186e+000 1.540592e+001 1.370720e+000
         vertex -7.763587e+000 1.546767e+001 1.260390e+000
         vertex -1.351629e+001 1.974063e+001 1.474482e+000
      endloop
   endfacet
   facet normal 6.107459e-001 7.901280e-001 5.183873e-002
      outer loop
         vertex -7.805186e+000 1.540592e+001 1.370720e+000
         vertex -1.351629e+001 1.974063e+001 1.474482e+000
         vertex -1.403767e+001 2.015414e+001 1.585467e+000
      endloop
   endfacet
   facet normal 5.258900e-001 8.379273e-001 -1.460050e-001
      outer loop
         vertex 5.179572e+000 6.657903e+000 6.623620e-001
         vertex -1.360366e+000 1.096409e+001 9.855461e-001
         vertex 5.183522e+000 6.660901e+000 7.003303e-001
      endloop
   endfacet
   facet normal 5.468594e-001 8.369450e-001 -2.162926e-002
      outer loop
         vertex 5.183522e+000 6.660901e+000 7.003303e-001
         vertex -1.360366e+000 1.096409e+001 9.855461e-001
         vertex -1.394518e+000 1.090439e+001 1.094502e+000
      endloop
   endfacet
   facet normal 2.643272e-001 3.469938e-001 8.998480e-001
      outer loop
         vertex 5.130507e+000 6.555512e+000 9.212849e-001
         vertex -4.722130e-001 1.004648e+001 1.248917e+000
         vertex 5.130497e+000 6.555496e+000 9.212931e-001
      endloop
   endfacet
   facet normal 2.043531e-001 2.458061e-001 9.475332e-001
      outer loop
         vertex 5.130497e+000 6.555496e+000 9.212931e-001
         vertex -4.722130e-001 1.004648e+001 1.248917e+000
         vertex 5.086539e+000 6.480948e+000 9.605341e-001
      endloop
   endfacet
   facet normal 2.081253e-001 2.425460e-001 9.475523e-001
      outer loop
         vertex -1.490506e+000 1.074754e+001 1.294815e+000
         vertex -4.722130e-001 1.004648e+001 1.248917e+000
         vertex -1.451500e+000 1.080804e+001 1.262226e+000
      endloop
   endfacet
   facet normal 2.681162e-001 3.437513e-001 8.999715e-001
      outer loop
         vertex -1.451500e+000 1.080804e+001 1.262226e+000
         vertex -4.722130e-001 1.004648e+001 1.248917e+000
         vertex 5.130507e+000 6.555512e+000 9.212849e-001
      endloop
   endfacet
   facet normal 3.847705e-001 5.269248e-001 7.578271e-001
      outer loop
         vertex -1.451500e+000 1.080804e+001 1.262226e+000
         vertex 5.130507e+000 6.555512e+000 9.212849e-001
         vertex -1.412923e+000 1.087038e+001 1.189927e+000
      endloop
   endfacet
   facet normal 3.908772e-001 5.478523e-001 7.396437e-001
      outer loop
         vertex -1.412923e+000 1.087038e+001 1.189927e+000
         vertex 5.130507e+000 6.555512e+000 9.212849e-001
         vertex 5.140042e+000 6.571682e+000 9.127731e-001
      endloop
   endfacet
   facet normal 4.526499e-001 6.601059e-001 5.994734e-001
      outer loop
         vertex -1.412923e+000 1.087038e+001 1.189927e+000
         vertex 5.140042e+000 6.571682e+000 9.127731e-001
         vertex 5.176168e+000 6.638559e+000 8.175879e-001
      endloop
   endfacet
   facet normal 6.172968e-001 7.831115e-001 -7.537303e-002
      outer loop
         vertex -1.351629e+001 1.974063e+001 1.474482e+000
         vertex -1.403195e+001 2.016467e+001 1.487738e+000
         vertex -1.403767e+001 2.015414e+001 1.585467e+000
      endloop
   endfacet
   facet normal 6.286363e-001 7.740088e-001 -7.567479e-002
      outer loop
         vertex -1.403767e+001 2.015414e+001 1.585467e+000
         vertex -1.403195e+001 2.016467e+001 1.487738e+000
         vertex -2.008411e+001 2.514153e+001 1.643315e+000
      endloop
   endfacet
   facet normal 6.415184e-001 7.654127e-001 5.096547e-002
      outer loop
         vertex -1.403767e+001 2.015414e+001 1.585467e+000
         vertex -2.008411e+001 2.514153e+001 1.643315e+000
         vertex -2.008476e+001 2.513850e+001 1.738309e+000
      endloop
   endfacet
   facet normal 5.608947e-001 6.561038e-001 5.049009e-001
      outer loop
         vertex -2.008490e+001 2.513785e+001 1.758910e+000
         vertex -2.012172e+001 2.509239e+001 1.865756e+000
         vertex -1.405969e+001 2.012277e+001 1.681032e+000
      endloop
   endfacet
   facet normal 4.671480e-001 5.421523e-001 6.984580e-001
      outer loop
         vertex -1.405969e+001 2.012277e+001 1.681032e+000
         vertex -2.012172e+001 2.509239e+001 1.865756e+000
         vertex -2.015529e+001 2.505244e+001 1.900690e+000
      endloop
   endfacet
   facet normal 4.240367e-001 4.981957e-001 7.563028e-001
      outer loop
         vertex -1.405969e+001 2.012277e+001 1.681032e+000
         vertex -2.015529e+001 2.505244e+001 1.900690e+000
         vertex -1.410376e+001 2.006445e+001 1.753546e+000
      endloop
   endfacet
   facet normal 2.919749e-001 3.262945e-001 8.990454e-001
      outer loop
         vertex -1.410376e+001 2.006445e+001 1.753546e+000
         vertex -2.015529e+001 2.505244e+001 1.900690e+000
         vertex -1.636802e+001 2.177289e+001 1.852154e+000
      endloop
   endfacet
   facet normal 2.160887e-001 2.367198e-001 9.472430e-001
      outer loop
         vertex -1.410376e+001 2.006445e+001 1.753546e+000
         vertex -1.636802e+001 2.177289e+001 1.852154e+000
         vertex -1.414175e+001 2.001548e+001 1.784320e+000
      endloop
   endfacet
   facet normal 5.598863e-001 8.253322e-001 -7.317093e-002
      outer loop
         vertex -1.360366e+000 1.096409e+001 9.855461e-001
         vertex -4.355278e+000 1.293607e+001 1.133546e+000
         vertex -1.394518e+000 1.090439e+001 1.094502e+000
      endloop
   endfacet
   facet normal 5.749282e-001 8.164723e-001 5.320202e-002
      outer loop
         vertex -1.394518e+000 1.090439e+001 1.094502e+000
         vertex -4.355278e+000 1.293607e+001 1.133546e+000
         vertex -7.805186e+000 1.540592e+001 1.370720e+000
      endloop
   endfacet
   facet normal 5.594265e-001 7.694932e-001 3.080944e-001
      outer loop
         vertex -1.394518e+000 1.090439e+001 1.094502e+000
         vertex -7.805186e+000 1.540592e+001 1.370720e+000
         vertex -7.825420e+000 1.537319e+001 1.466224e+000
      endloop
   endfacet
   facet normal 5.796003e-001 7.547339e-001 3.073111e-001
      outer loop
         vertex -7.825420e+000 1.537319e+001 1.466224e+000
         vertex -7.805186e+000 1.540592e+001 1.370720e+000
         vertex -1.403767e+001 2.015414e+001 1.585467e+000
      endloop
   endfacet
   facet normal 5.600749e-001 7.051593e-001 4.348177e-001
      outer loop
         vertex -7.825420e+000 1.537319e+001 1.466224e+000
         vertex -1.403767e+001 2.015414e+001 1.585467e+000
         vertex -1.405969e+001 2.012277e+001 1.681032e+000
      endloop
   endfacet
   facet normal 6.067511e-001 7.334394e-001 3.064633e-001
      outer loop
         vertex -1.405969e+001 2.012277e+001 1.681032e+000
         vertex -1.403767e+001 2.015414e+001 1.585467e+000
         vertex -2.008476e+001 2.513850e+001 1.738309e+000
      endloop
   endfacet
   facet normal 6.109144e-001 7.184342e-001 3.326197e-001
      outer loop
         vertex -1.405969e+001 2.012277e+001 1.681032e+000
         vertex -2.008476e+001 2.513850e+001 1.738309e+000
         vertex -2.008490e+001 2.513785e+001 1.758910e+000
      endloop
   endfacet
   facet normal 2.121617e-001 2.397114e-001 9.473784e-001
      outer loop
         vertex -7.903276e+000 1.526111e+001 1.569596e+000
         vertex -5.902032e+000 1.378472e+001 1.493659e+000
         vertex -7.866783e+000 1.531281e+001 1.538643e+000
      endloop
   endfacet
   facet normal 2.762802e-001 3.382513e-001 8.995862e-001
      outer loop
         vertex -7.866783e+000 1.531281e+001 1.538643e+000
         vertex -5.902032e+000 1.378472e+001 1.493659e+000
         vertex -1.451500e+000 1.080804e+001 1.262226e+000
      endloop
   endfacet
   facet normal 4.007332e-001 5.159491e-001 7.571059e-001
      outer loop
         vertex -7.866783e+000 1.531281e+001 1.538643e+000
         vertex -1.451500e+000 1.080804e+001 1.262226e+000
         vertex -7.825420e+000 1.537319e+001 1.466224e+000
      endloop
   endfacet
   facet normal 4.483089e-001 6.022105e-001 6.605768e-001
      outer loop
         vertex -7.825420e+000 1.537319e+001 1.466224e+000
         vertex -1.451500e+000 1.080804e+001 1.262226e+000
         vertex -1.412923e+000 1.087038e+001 1.189927e+000
      endloop
   endfacet
   facet normal 5.245600e-001 7.311425e-001 4.361966e-001
      outer loop
         vertex -7.825420e+000 1.537319e+001 1.466224e+000
         vertex -1.412923e+000 1.087038e+001 1.189927e+000
         vertex -1.394518e+000 1.090439e+001 1.094502e+000
      endloop
   endfacet
   facet normal 5.309677e-001 7.888864e-001 3.094052e-001
      outer loop
         vertex -1.394518e+000 1.090439e+001 1.094502e+000
         vertex -1.412923e+000 1.087038e+001 1.189927e+000
         vertex 5.180030e+000 6.650291e+000 7.560170e-001
      endloop
   endfacet
   facet normal 5.378175e-001 8.365501e-001 1.045766e-001
      outer loop
         vertex -1.394518e+000 1.090439e+001 1.094502e+000
         vertex 5.180030e+000 6.650291e+000 7.560170e-001
         vertex 5.183522e+000 6.660901e+000 7.003303e-001
      endloop
   endfacet
   facet normal -1.564123e-001 4.156726e-001 8.959640e-001
      outer loop
         vertex -2.165212e+001 2.502153e+001 2.122482e+000
         vertex -2.287964e+001 2.379401e+001 2.477685e+000
         vertex -2.164162e+001 2.501193e+001 2.125561e+000
      endloop
   endfacet
   facet normal -1.558092e-001 4.151677e-001 8.963031e-001
      outer loop
         vertex -2.164162e+001 2.501193e+001 2.125561e+000
         vertex -2.287964e+001 2.379401e+001 2.477685e+000
         vertex -2.287916e+001 2.379357e+001 2.477826e+000
      endloop
   endfacet
   facet normal -5.292697e-002 3.260497e-001 9.438699e-001
      outer loop
         vertex -2.164162e+001 2.501193e+001 2.125561e+000
         vertex -2.287916e+001 2.379357e+001 2.477826e+000
         vertex -2.157306e+001 2.494919e+001 2.145678e+000
      endloop
   endfacet
   facet normal 3.935729e-002 2.412310e-001 9.696693e-001
      outer loop
         vertex -2.157306e+001 2.494919e+001 2.145678e+000
         vertex -2.287916e+001 2.379357e+001 2.477826e+000
         vertex -2.280059e+001 2.372167e+001 2.500881e+000
      endloop
   endfacet
   facet normal -2.291788e-001 -5.208107e-002 -9.719900e-001
      outer loop
         vertex -2.164503e+001 2.487723e+001 1.648282e+000
         vertex -2.287255e+001 2.364970e+001 2.003485e+000
         vertex -2.170777e+001 2.494579e+001 1.668399e+000
      endloop
   endfacet
   facet normal -3.266040e-001 5.354664e-002 -9.436432e-001
      outer loop
         vertex -2.170777e+001 2.494579e+001 1.668399e+000
         vertex -2.287255e+001 2.364970e+001 2.003485e+000
         vertex -2.294489e+001 2.372876e+001 2.026682e+000
      endloop
   endfacet
   facet normal -4.156738e-001 1.564132e-001 -8.959633e-001
      outer loop
         vertex -2.170777e+001 2.494579e+001 1.668399e+000
         vertex -2.294489e+001 2.372876e+001 2.026682e+000
         vertex -2.171737e+001 2.495628e+001 1.671478e+000
      endloop
   endfacet
   facet normal -5.089213e-001 2.726572e-001 -8.164907e-001
      outer loop
         vertex -2.171737e+001 2.495628e+001 1.671478e+000
         vertex -2.294489e+001 2.372876e+001 2.026682e+000
         vertex -2.177114e+001 2.502998e+001 1.740354e+000
      endloop
   endfacet
   facet normal -5.115723e-001 2.761264e-001 -8.136633e-001
      outer loop
         vertex -2.294489e+001 2.372876e+001 2.026682e+000
         vertex -2.294678e+001 2.373134e+001 2.029094e+000
         vertex -2.177114e+001 2.502998e+001 1.740354e+000
      endloop
   endfacet
   facet normal -5.833072e-001 3.747857e-001 -7.206166e-001
      outer loop
         vertex -2.177114e+001 2.502998e+001 1.740354e+000
         vertex -2.294678e+001 2.373134e+001 2.029094e+000
         vertex -2.299866e+001 2.380245e+001 2.095557e+000
      endloop
   endfacet
   facet normal -6.692567e-001 5.139915e-001 -5.365708e-001
      outer loop
         vertex -2.177114e+001 2.502998e+001 1.740354e+000
         vertex -2.299866e+001 2.380245e+001 2.095557e+000
         vertex -2.178517e+001 2.506356e+001 1.807912e+000
      endloop
   endfacet
   facet normal -7.022558e-001 5.847482e-001 -4.060864e-001
      outer loop
         vertex -2.178517e+001 2.506356e+001 1.807912e+000
         vertex -2.299866e+001 2.380245e+001 2.095557e+000
         vertex -2.301957e+001 2.385247e+001 2.196190e+000
      endloop
   endfacet
   facet normal -7.189491e-001 6.415826e-001 -2.673649e-001
      outer loop
         vertex -2.178517e+001 2.506356e+001 1.807912e+000
         vertex -2.301957e+001 2.385247e+001 2.196190e+000
         vertex -2.179204e+001 2.508000e+001 1.840987e+000
      endloop
   endfacet
   facet normal -7.204015e-001 6.776050e-001 -1.478961e-001
      outer loop
         vertex -2.179204e+001 2.508000e+001 1.840987e+000
         vertex -2.301957e+001 2.385247e+001 2.196190e+000
         vertex -2.178855e+001 2.509271e+001 1.896980e+000
      endloop
   endfacet
   facet normal -7.202827e-001 6.784479e-001 -1.445729e-001
      outer loop
         vertex -2.178855e+001 2.509271e+001 1.896980e+000
         vertex -2.301957e+001 2.385247e+001 2.196190e+000
         vertex -2.301919e+001 2.385285e+001 2.198803e+000
      endloop
   endfacet
   facet normal -7.066221e-001 7.075834e-001 3.323613e-003
      outer loop
         vertex -2.178855e+001 2.509271e+001 1.896980e+000
         vertex -2.301919e+001 2.385285e+001 2.198803e+000
         vertex -2.177584e+001 2.509620e+001 1.952973e+000
      endloop
   endfacet
   facet normal -6.934750e-001 7.161909e-001 7.850446e-002
      outer loop
         vertex -2.177584e+001 2.509620e+001 1.952973e+000
         vertex -2.301919e+001 2.385285e+001 2.198803e+000
         vertex -2.300336e+001 2.386868e+001 2.308177e+000
      endloop
   endfacet
   facet normal -6.415825e-001 7.189485e-001 2.673664e-001
      outer loop
         vertex -2.177584e+001 2.509620e+001 1.952973e+000
         vertex -2.300336e+001 2.386868e+001 2.308177e+000
         vertex -2.175939e+001 2.508933e+001 1.986048e+000
      endloop
   endfacet
   facet normal -5.847481e-001 7.022552e-001 4.060878e-001
      outer loop
         vertex -2.175939e+001 2.508933e+001 1.986048e+000
         vertex -2.300336e+001 2.386868e+001 2.308177e+000
         vertex -2.172581e+001 2.507530e+001 2.053607e+000
      endloop
   endfacet
   facet normal -5.379304e-001 6.815038e-001 4.961687e-001
      outer loop
         vertex -2.172581e+001 2.507530e+001 2.053607e+000
         vertex -2.300336e+001 2.386868e+001 2.308177e+000
         vertex -2.295334e+001 2.384778e+001 2.408810e+000
      endloop
   endfacet
   facet normal -3.716857e-001 5.811689e-001 7.239423e-001
      outer loop
         vertex -2.172581e+001 2.507530e+001 2.053607e+000
         vertex -2.295334e+001 2.384778e+001 2.408810e+000
         vertex -2.165212e+001 2.502153e+001 2.122482e+000
      endloop
   endfacet
   facet normal -3.706175e-001 5.804304e-001 7.250815e-001
      outer loop
         vertex -2.165212e+001 2.502153e+001 2.122482e+000
         vertex -2.295334e+001 2.384778e+001 2.408810e+000
         vertex -2.295248e+001 2.384715e+001 2.409613e+000
      endloop
   endfacet
   facet normal -2.715425e-001 5.080673e-001 8.173936e-001
      outer loop
         vertex -2.165212e+001 2.502153e+001 2.122482e+000
         vertex -2.295248e+001 2.384715e+001 2.409613e+000
         vertex -2.287964e+001 2.379401e+001 2.477685e+000
      endloop
   endfacet
   facet normal 6.129442e-002 7.264601e-002 9.954726e-001
      outer loop
         vertex -1.360390e+000 -2.536893e+000 3.198015e+000
         vertex -2.283786e+001 2.235606e+001 2.703854e+000
         vertex -1.767370e+000 -2.188475e+000 3.184668e+000
      endloop
   endfacet
   facet normal -2.097228e-002 1.752319e-003 9.997785e-001
      outer loop
         vertex -1.767370e+000 -2.188475e+000 3.184668e+000
         vertex -2.283786e+001 2.235606e+001 2.703854e+000
         vertex -2.289933e+001 2.230300e+001 2.702632e+000
      endloop
   endfacet
   facet normal -1.547830e-001 -1.140647e-001 9.813417e-001
      outer loop
         vertex -1.767370e+000 -2.188475e+000 3.184668e+000
         vertex -2.289933e+001 2.230300e+001 2.702632e+000
         vertex -2.038409e+000 -1.956437e+000 3.175778e+000
      endloop
   endfacet
   facet normal -2.738505e-001 -2.176793e-001 9.368146e-001
      outer loop
         vertex -2.038409e+000 -1.956437e+000 3.175778e+000
         vertex -2.289933e+001 2.230300e+001 2.702632e+000
         vertex -2.381284e+000 -1.639729e+000 3.121897e+000
      endloop
   endfacet
   facet normal -7.375731e-001 -6.316329e-001 2.388008e-001
      outer loop
         vertex -3.115178e+000 -9.674166e-001 2.939326e+000
         vertex -3.139056e+000 -9.357296e-001 2.957734e+000
         vertex -2.304742e+001 2.217250e+001 2.565311e+000
      endloop
   endfacet
   facet normal -7.312997e-001 -6.255653e-001 2.717879e-001
      outer loop
         vertex -2.304742e+001 2.217250e+001 2.565311e+000
         vertex -3.139056e+000 -9.357296e-001 2.957734e+000
         vertex -3.140946e+000 -9.316174e-001 2.964266e+000
      endloop
   endfacet
   facet normal -7.279965e-001 -6.224041e-001 2.874618e-001
      outer loop
         vertex -2.304742e+001 2.217250e+001 2.565311e+000
         vertex -3.140946e+000 -9.316174e-001 2.964266e+000
         vertex -3.137852e+000 -9.333708e-001 2.969866e+000
      endloop
   endfacet
   facet normal -2.488591e-001 -1.958844e-001 9.485244e-001
      outer loop
         vertex -2.289933e+001 2.230300e+001 2.702632e+000
         vertex -2.292035e+001 2.228486e+001 2.702215e+000
         vertex -2.381284e+000 -1.639729e+000 3.121897e+000
      endloop
   endfacet
   facet normal -3.650637e-001 -2.974620e-001 8.821819e-001
      outer loop
         vertex -2.381284e+000 -1.639729e+000 3.121897e+000
         vertex -2.292035e+001 2.228486e+001 2.702215e+000
         vertex -2.298652e+001 2.222691e+001 2.658959e+000
      endloop
   endfacet
   facet normal -5.414938e-001 -4.531399e-001 7.081304e-001
      outer loop
         vertex -2.381284e+000 -1.639729e+000 3.121897e+000
         vertex -2.298652e+001 2.222691e+001 2.658959e+000
         vertex -2.981657e+000 -1.085173e+000 3.027553e+000
      endloop
   endfacet
   facet normal -5.535640e-001 -4.638812e-001 6.916510e-001
      outer loop
         vertex -2.981657e+000 -1.085173e+000 3.027553e+000
         vertex -2.298652e+001 2.222691e+001 2.658959e+000
         vertex -2.299706e+001 2.221767e+001 2.652064e+000
      endloop
   endfacet
   facet normal -6.322207e-001 -5.343383e-001 5.610522e-001
      outer loop
         vertex -2.981657e+000 -1.085173e+000 3.027553e+000
         vertex -2.299706e+001 2.221767e+001 2.652064e+000
         vertex -2.981849e+000 -1.084984e+000 3.027491e+000
      endloop
   endfacet
   facet normal -6.323486e-001 -5.344537e-001 5.607981e-001
      outer loop
         vertex -2.981849e+000 -1.084984e+000 3.027491e+000
         vertex -2.299706e+001 2.221767e+001 2.652064e+000
         vertex -2.304742e+001 2.217250e+001 2.565311e+000
      endloop
   endfacet
   facet normal -7.038476e-001 -5.997176e-001 3.807066e-001
      outer loop
         vertex -2.981849e+000 -1.084984e+000 3.027491e+000
         vertex -2.304742e+001 2.217250e+001 2.565311e+000
         vertex -3.123778e+000 -9.452704e-001 2.981581e+000
      endloop
   endfacet
   facet normal -7.230098e-001 -6.176656e-001 3.094287e-001
      outer loop
         vertex -3.123778e+000 -9.452704e-001 2.981581e+000
         vertex -2.304742e+001 2.217250e+001 2.565311e+000
         vertex -3.137852e+000 -9.333708e-001 2.969866e+000
      endloop
   endfacet
   facet normal -7.196538e-001 -6.144956e-001 3.232548e-001
      outer loop
         vertex -2.304742e+001 2.217250e+001 2.565311e+000
         vertex -2.304908e+001 2.217101e+001 2.562452e+000
         vertex -3.115178e+000 -9.674166e-001 2.939326e+000
      endloop
   endfacet
   facet normal -7.475358e-001 -6.415537e-001 1.720441e-001
      outer loop
         vertex -3.115178e+000 -9.674166e-001 2.939326e+000
         vertex -2.304908e+001 2.217101e+001 2.562452e+000
         vertex -2.306599e+001 2.215422e+001 2.451337e+000
      endloop
   endfacet
   facet normal -7.572022e-001 -6.530520e-001 1.296058e-002
      outer loop
         vertex -3.115178e+000 -9.674166e-001 2.939326e+000
         vertex -2.306599e+001 2.215422e+001 2.451337e+000
         vertex -2.963948e+000 -1.131736e+000 2.906414e+000
      endloop
   endfacet
   facet normal -7.563011e-001 -6.532427e-001 -3.581456e-002
      outer loop
         vertex -2.963948e+000 -1.131736e+000 2.906414e+000
         vertex -2.306599e+001 2.215422e+001 2.451337e+000
         vertex -2.306441e+001 2.215542e+001 2.443264e+000
      endloop
   endfacet
   facet normal -7.412359e-001 -6.433359e-001 -1.915415e-001
      outer loop
         vertex -2.963948e+000 -1.131736e+000 2.906414e+000
         vertex -2.306441e+001 2.215542e+001 2.443264e+000
         vertex -2.512885e+000 -1.621840e+000 2.808251e+000
      endloop
   endfacet
   facet normal -7.117509e-001 -6.206250e-001 -3.289914e-001
      outer loop
         vertex -2.306441e+001 2.215542e+001 2.443264e+000
         vertex -2.304439e+001 2.217067e+001 2.340987e+000
         vertex -2.512885e+000 -1.621840e+000 2.808251e+000
      endloop
   endfacet
   facet normal -6.595488e-001 -5.785799e-001 -4.798340e-001
      outer loop
         vertex -2.512885e+000 -1.621840e+000 2.808251e+000
         vertex -2.304439e+001 2.217067e+001 2.340987e+000
         vertex -2.303440e+001 2.217897e+001 2.325322e+000
      endloop
   endfacet
   facet normal -6.499868e-001 -5.707648e-001 -5.017417e-001
      outer loop
         vertex -2.512885e+000 -1.621840e+000 2.808251e+000
         vertex -2.303440e+001 2.217897e+001 2.325322e+000
         vertex -2.440526e+000 -1.687937e+000 2.801043e+000
      endloop
   endfacet
   facet normal -5.883209e-001 -5.198945e-001 -6.193450e-001
      outer loop
         vertex -2.440526e+000 -1.687937e+000 2.801043e+000
         vertex -2.303440e+001 2.217897e+001 2.325322e+000
         vertex -2.298861e+001 2.221706e+001 2.253518e+000
      endloop
   endfacet
   facet normal -4.984215e-001 -4.448069e-001 -7.441256e-001
      outer loop
         vertex -2.440526e+000 -1.687937e+000 2.801043e+000
         vertex -2.298861e+001 2.221706e+001 2.253518e+000
         vertex -1.827186e+000 -2.248196e+000 2.739949e+000
      endloop
   endfacet
   facet normal -3.966900e-001 -3.590326e-001 -8.448270e-001
      outer loop
         vertex -2.298861e+001 2.221706e+001 2.253518e+000
         vertex -2.296609e+001 2.223621e+001 2.240069e+000
         vertex -1.827186e+000 -2.248196e+000 2.739949e+000
      endloop
   endfacet
   facet normal -2.958064e-001 -2.733898e-001 -9.152904e-001
      outer loop
         vertex -1.827186e+000 -2.248196e+000 2.739949e+000
         vertex -2.296609e+001 2.223621e+001 2.240069e+000
         vertex -2.290983e+001 2.228409e+001 2.206459e+000
      endloop
   endfacet
   facet normal -2.184211e-001 -2.073820e-001 -9.535643e-001
      outer loop
         vertex -1.827186e+000 -2.248196e+000 2.739949e+000
         vertex -2.290983e+001 2.228409e+001 2.206459e+000
         vertex -1.432355e+000 -2.608857e+000 2.700620e+000
      endloop
   endfacet
   facet normal -5.877661e-001 -7.842980e-001 1.985136e-001
      outer loop
         vertex 6.954508e+000 -9.065076e+000 3.239410e+000
         vertex 6.944206e+000 -9.062160e+000 3.220441e+000
         vertex 6.676577e+000 -9.063948e+000 2.420829e+000
      endloop
   endfacet
   facet normal -5.879206e-001 -7.841808e-001 1.985190e-001
      outer loop
         vertex 6.676577e+000 -9.063948e+000 2.420829e+000
         vertex 6.944206e+000 -9.062160e+000 3.220441e+000
         vertex 6.824665e+000 -9.004456e+000 3.094475e+000
      endloop
   endfacet
   facet normal -5.881194e-001 -7.840301e-001 1.985260e-001
      outer loop
         vertex 6.824665e+000 -9.004456e+000 3.094475e+000
         vertex 6.781458e+000 -8.979969e+000 3.063196e+000
         vertex 6.676577e+000 -9.063948e+000 2.420829e+000
      endloop
   endfacet
   facet normal -5.883526e-001 -7.838531e-001 1.985341e-001
      outer loop
         vertex 6.676577e+000 -9.063948e+000 2.420829e+000
         vertex 6.781458e+000 -8.979969e+000 3.063196e+000
         vertex 6.647766e+000 -8.893762e+000 3.007149e+000
      endloop
   endfacet
   facet normal -5.884047e-001 -7.838135e-001 1.985359e-001
      outer loop
         vertex 6.676577e+000 -9.063948e+000 2.420829e+000
         vertex 6.647766e+000 -8.893762e+000 3.007149e+000
         vertex 6.652611e+000 -9.044527e+000 2.426429e+000
      endloop
   endfacet
   facet normal -5.886606e-001 -7.836190e-001 1.985448e-001
      outer loop
         vertex 6.652611e+000 -9.044527e+000 2.426429e+000
         vertex 6.647766e+000 -8.893762e+000 3.007149e+000
         vertex 6.576782e+000 -8.847991e+000 2.977391e+000
      endloop
   endfacet
   facet normal -5.887875e-001 -7.835225e-001 1.985492e-001
      outer loop
         vertex 6.652611e+000 -9.044527e+000 2.426429e+000
         vertex 6.576782e+000 -8.847991e+000 2.977391e+000
         vertex 6.480178e+000 -8.904795e+000 2.466721e+000
      endloop
   endfacet
   facet normal -5.891723e-001 -7.832298e-001 1.985625e-001
      outer loop
         vertex 6.576782e+000 -8.847991e+000 2.977391e+000
         vertex 6.459744e+000 -8.762494e+000 2.967324e+000
         vertex 6.480178e+000 -8.904795e+000 2.466721e+000
      endloop
   endfacet
   facet normal -5.926279e-001 -7.805884e-001 1.986803e-001
      outer loop
         vertex 6.480178e+000 -8.904795e+000 2.466721e+000
         vertex 6.459744e+000 -8.762494e+000 2.967324e+000
         vertex 4.159802e+000 -6.988657e+000 3.043433e+000
      endloop
   endfacet
   facet normal -5.991715e-001 -7.755222e-001 1.988941e-001
      outer loop
         vertex 6.480178e+000 -8.904795e+000 2.466721e+000
         vertex 4.159802e+000 -6.988657e+000 3.043433e+000
         vertex 1.815674e+000 -5.263678e+000 2.614793e+000
      endloop
   endfacet
   facet normal -6.091079e-001 -7.676647e-001 1.991949e-001
      outer loop
         vertex 1.815674e+000 -5.263678e+000 2.614793e+000
         vertex 4.159802e+000 -6.988657e+000 3.043433e+000
         vertex -4.135971e-001 -3.325339e+000 3.175109e+000
      endloop
   endfacet
   facet normal -6.156107e-001 -7.624125e-001 1.993758e-001
      outer loop
         vertex 1.815674e+000 -5.263678e+000 2.614793e+000
         vertex -4.135971e-001 -3.325339e+000 3.175109e+000
         vertex -4.855621e-001 -3.397304e+000 2.677710e+000
      endloop
   endfacet
   facet normal -5.877013e-001 -7.843472e-001 1.985114e-001
      outer loop
         vertex 6.954508e+000 -9.065076e+000 3.239410e+000
         vertex 6.676577e+000 -9.063948e+000 2.420829e+000
         vertex 7.006479e+000 -9.079780e+000 3.335102e+000
      endloop
   endfacet
   facet normal -5.875075e-001 -7.844940e-001 1.985046e-001
      outer loop
         vertex 7.006479e+000 -9.079780e+000 3.335102e+000
         vertex 6.676577e+000 -9.063948e+000 2.420829e+000
         vertex 6.982581e+000 -9.275785e+000 2.489392e+000
      endloop
   endfacet
   facet normal -5.872077e-001 -7.847212e-001 1.984941e-001
      outer loop
         vertex 7.006479e+000 -9.079780e+000 3.335102e+000
         vertex 6.982581e+000 -9.275785e+000 2.489392e+000
         vertex 7.038332e+000 -9.071694e+000 3.461215e+000
      endloop
   endfacet
   facet normal -5.875831e-001 -7.844367e-001 1.985072e-001
      outer loop
         vertex 6.676577e+000 -9.063948e+000 2.420829e+000
         vertex 6.806577e+000 -9.186477e+000 2.321671e+000
         vertex 6.982581e+000 -9.275785e+000 2.489392e+000
      endloop
   endfacet
   facet normal -5.873014e-001 -7.846502e-001 1.984974e-001
      outer loop
         vertex 6.982581e+000 -9.275785e+000 2.489392e+000
         vertex 6.806577e+000 -9.186477e+000 2.321671e+000
         vertex 6.855334e+000 -9.232430e+000 2.284482e+000
      endloop
   endfacet
   facet normal -5.871137e-001 -7.847923e-001 1.984908e-001
      outer loop
         vertex 6.982581e+000 -9.275785e+000 2.489392e+000
         vertex 6.855334e+000 -9.232430e+000 2.284482e+000
         vertex 6.917794e+000 -9.306410e+000 2.176768e+000
      endloop
   endfacet
   facet normal -5.869847e-001 -7.848899e-001 1.984862e-001
      outer loop
         vertex 6.917794e+000 -9.306410e+000 2.176768e+000
         vertex 6.928084e+000 -9.318599e+000 2.159021e+000
         vertex 6.982581e+000 -9.275785e+000 2.489392e+000
      endloop
   endfacet
   facet normal -5.869040e-001 -7.849510e-001 1.984834e-001
      outer loop
         vertex 6.982581e+000 -9.275785e+000 2.489392e+000
         vertex 6.928084e+000 -9.318599e+000 2.159021e+000
         vertex 6.954298e+000 -9.369308e+000 2.035982e+000
      endloop
   endfacet
   facet normal -5.868349e-001 -7.850033e-001 1.984810e-001
      outer loop
         vertex 6.982581e+000 -9.275785e+000 2.489392e+000
         vertex 6.954298e+000 -9.369308e+000 2.035982e+000
         vertex 6.955009e+000 -9.376722e+000 2.008756e+000
      endloop
   endfacet
   facet normal 1.417457e-001 1.417458e-001 -9.797022e-001
      outer loop
         vertex 1.279742e+001 -9.865614e+000 2.313831e+000
         vertex 1.292143e+001 -9.247268e+000 2.421236e+000
         vertex 1.610034e+001 -1.174594e+001 2.519655e+000
      endloop
   endfacet
   facet normal 1.417457e-001 1.417458e-001 -9.797022e-001
      outer loop
         vertex 1.129218e+001 -1.534398e+001 1.303426e+000
         vertex 1.050296e+001 -1.376724e+001 1.417366e+000
         vertex 1.034718e+001 -1.224099e+001 1.615649e+000
      endloop
   endfacet
   facet normal 1.417457e-001 1.417458e-001 -9.797022e-001
      outer loop
         vertex 1.034718e+001 -1.224099e+001 1.615649e+000
         vertex 1.050296e+001 -1.376724e+001 1.417366e+000
         vertex 1.019586e+001 -1.330525e+001 1.439778e+000
      endloop
   endfacet
   facet normal 1.417457e-001 1.417458e-001 -9.797022e-001
      outer loop
         vertex 1.034718e+001 -1.224099e+001 1.615649e+000
         vertex 1.019586e+001 -1.330525e+001 1.439778e+000
         vertex 9.540895e+000 -1.231996e+001 1.487574e+000
      endloop
   endfacet
   facet normal 1.417457e-001 1.417458e-001 -9.797022e-001
      outer loop
         vertex 1.188157e+001 -1.700685e+001 1.148113e+000
         vertex 1.862998e+001 -2.694744e+001 6.862586e-001
         vertex 1.210055e+001 -1.800081e+001 1.035987e+000
      endloop
   endfacet
   facet normal 1.417457e-001 1.417458e-001 -9.797022e-001
      outer loop
         vertex 1.210055e+001 -1.800081e+001 1.035987e+000
         vertex 1.862998e+001 -2.694744e+001 6.862586e-001
         vertex 1.226164e+001 -1.873198e+001 9.535053e-001
      endloop
   endfacet
   facet normal 1.417457e-001 1.417458e-001 -9.797022e-001
      outer loop
         vertex 1.314439e+001 -2.296729e+001 4.684485e-001
         vertex 1.862998e+001 -2.694744e+001 6.862586e-001
         vertex 1.357592e+001 -2.352527e+001 4.501525e-001
      endloop
   endfacet
   facet normal 1.417457e-001 1.417458e-001 -9.797022e-001
      outer loop
         vertex 1.357592e+001 -2.352527e+001 4.501525e-001
         vertex 1.862998e+001 -2.694744e+001 6.862586e-001
         vertex 1.439422e+001 -2.425381e+001 4.631386e-001
      endloop
   endfacet
   facet normal 1.417457e-001 1.417458e-001 -9.797022e-001
      outer loop
         vertex 1.357592e+001 -2.352527e+001 4.501525e-001
         vertex 1.439422e+001 -2.425381e+001 4.631386e-001
         vertex 1.371988e+001 -2.371142e+001 4.440487e-001
      endloop
   endfacet
   facet normal 1.417457e-001 1.417458e-001 -9.797022e-001
      outer loop
         vertex 1.314439e+001 -2.296729e+001 4.684485e-001
         vertex 1.297077e+001 -2.260705e+001 4.954478e-001
         vertex 1.862998e+001 -2.694744e+001 6.862586e-001
      endloop
   endfacet
   facet normal 1.417457e-001 1.417458e-001 -9.797022e-001
      outer loop
         vertex 1.862998e+001 -2.694744e+001 6.862586e-001
         vertex 1.297077e+001 -2.260705e+001 4.954478e-001
         vertex 1.273923e+001 -2.212666e+001 5.314531e-001
      endloop
   endfacet
   facet normal 1.417457e-001 1.417458e-001 -9.797022e-001
      outer loop
         vertex 1.862998e+001 -2.694744e+001 6.862586e-001
         vertex 1.273923e+001 -2.212666e+001 5.314531e-001
         vertex 1.259753e+001 -2.157291e+001 5.910695e-001
      endloop
   endfacet
   facet normal 1.417457e-001 1.417458e-001 -9.797022e-001
      outer loop
         vertex 1.184885e+001 -1.146113e+001 1.945748e+000
         vertex 2.941088e+001 -3.450476e+001 1.152653e+000
         vertex 2.738416e+001 -3.303414e+001 1.072195e+000
      endloop
   endfacet
   facet normal 1.417457e-001 1.417458e-001 -9.797022e-001
      outer loop
         vertex 1.973909e+001 -1.464189e+001 2.627126e+000
         vertex 2.110470e+001 -1.581094e+001 2.655565e+000
         vertex 1.238745e+001 -1.083043e+001 2.114924e+000
      endloop
   endfacet
   facet normal 1.417457e-001 1.417458e-001 -9.797022e-001
      outer loop
         vertex 1.259753e+001 -2.157291e+001 5.910695e-001
         vertex 1.249169e+001 -2.115929e+001 6.356006e-001
         vertex 1.862998e+001 -2.694744e+001 6.862586e-001
      endloop
   endfacet
   facet normal 1.417457e-001 1.417458e-001 -9.797022e-001
      outer loop
         vertex 1.862998e+001 -2.694744e+001 6.862586e-001
         vertex 1.249169e+001 -2.115929e+001 6.356006e-001
         vertex 1.242892e+001 -2.051354e+001 7.199469e-001
      endloop
   endfacet
   facet normal 1.417457e-001 1.417458e-001 -9.797022e-001
      outer loop
         vertex 1.862998e+001 -2.694744e+001 6.862586e-001
         vertex 1.242892e+001 -2.051354e+001 7.199469e-001
         vertex 1.226164e+001 -1.873198e+001 9.535053e-001
      endloop
   endfacet
   facet normal 1.417457e-001 1.417458e-001 -9.797022e-001
      outer loop
         vertex 2.738416e+001 -3.303414e+001 1.072195e+000
         vertex 2.408386e+001 -3.063939e+001 9.411786e-001
         vertex 1.184885e+001 -1.146113e+001 1.945748e+000
      endloop
   endfacet
   facet normal 1.417457e-001 1.417458e-001 -9.797022e-001
      outer loop
         vertex 1.184885e+001 -1.146113e+001 1.945748e+000
         vertex 2.408386e+001 -3.063939e+001 9.411786e-001
         vertex 2.096589e+001 -2.852871e+001 7.954414e-001
      endloop
   endfacet
   facet normal 1.417457e-001 1.417458e-001 -9.797022e-001
      outer loop
         vertex 1.184885e+001 -1.146113e+001 1.945748e+000
         vertex 2.096589e+001 -2.852871e+001 7.954414e-001
         vertex 1.115091e+001 -1.194771e+001 1.774368e+000
      endloop
   endfacet
   facet normal 1.417457e-001 1.417458e-001 -9.797022e-001
      outer loop
         vertex 1.115091e+001 -1.194771e+001 1.774368e+000
         vertex 2.096589e+001 -2.852871e+001 7.954414e-001
         vertex 1.862998e+001 -2.694744e+001 6.862586e-001
      endloop
   endfacet
   facet normal 1.417457e-001 1.417458e-001 -9.797022e-001
      outer loop
         vertex 1.115091e+001 -1.194771e+001 1.774368e+000
         vertex 1.862998e+001 -2.694744e+001 6.862586e-001
         vertex 1.077217e+001 -1.208591e+001 1.699575e+000
      endloop
   endfacet
   facet normal 1.417457e-001 1.417458e-001 -9.797022e-001
      outer loop
         vertex 1.077217e+001 -1.208591e+001 1.699575e+000
         vertex 1.862998e+001 -2.694744e+001 6.862586e-001
         vertex 1.188157e+001 -1.700685e+001 1.148113e+000
      endloop
   endfacet
   facet normal 1.417457e-001 1.417458e-001 -9.797022e-001
      outer loop
         vertex 1.077217e+001 -1.208591e+001 1.699575e+000
         vertex 1.188157e+001 -1.700685e+001 1.148113e+000
         vertex 1.034718e+001 -1.224099e+001 1.615649e+000
      endloop
   endfacet
   facet normal 1.417457e-001 1.417458e-001 -9.797022e-001
      outer loop
         vertex 1.034718e+001 -1.224099e+001 1.615649e+000
         vertex 1.188157e+001 -1.700685e+001 1.148113e+000
         vertex 1.137077e+001 -1.556571e+001 1.282716e+000
      endloop
   endfacet
   facet normal 1.417457e-001 1.417458e-001 -9.797022e-001
      outer loop
         vertex 1.034718e+001 -1.224099e+001 1.615649e+000
         vertex 1.137077e+001 -1.556571e+001 1.282716e+000
         vertex 1.129218e+001 -1.534398e+001 1.303426e+000
      endloop
   endfacet
   facet normal 1.417457e-001 1.417458e-001 -9.797022e-001
      outer loop
         vertex 4.066047e+001 -4.296191e+001 1.556669e+000
         vertex 1.184885e+001 -1.146113e+001 1.945748e+000
         vertex 4.073867e+001 -4.291423e+001 1.574882e+000
      endloop
   endfacet
   facet normal 1.417457e-001 1.417458e-001 -9.797022e-001
      outer loop
         vertex 4.073867e+001 -4.291423e+001 1.574882e+000
         vertex 1.184885e+001 -1.146113e+001 1.945748e+000
         vertex 1.225685e+001 -1.098336e+001 2.073902e+000
      endloop
   endfacet
   facet normal 1.417457e-001 1.417458e-001 -9.797022e-001
      outer loop
         vertex 4.073867e+001 -4.291423e+001 1.574882e+000
         vertex 1.225685e+001 -1.098336e+001 2.073902e+000
         vertex 2.239923e+001 -1.704183e+001 2.664771e+000
      endloop
   endfacet
   facet normal 1.417457e-001 1.417458e-001 -9.797022e-001
      outer loop
         vertex 2.239923e+001 -1.704183e+001 2.664771e+000
         vertex 1.225685e+001 -1.098336e+001 2.073902e+000
         vertex 1.238745e+001 -1.083043e+001 2.114924e+000
      endloop
   endfacet
   facet normal 1.417457e-001 1.417458e-001 -9.797022e-001
      outer loop
         vertex 2.239923e+001 -1.704183e+001 2.664771e+000
         vertex 1.238745e+001 -1.083043e+001 2.114924e+000
         vertex 2.158132e+001 -1.621895e+001 2.665490e+000
      endloop
   endfacet
   facet normal 1.417457e-001 1.417458e-001 -9.797022e-001
      outer loop
         vertex 2.158132e+001 -1.621895e+001 2.665490e+000
         vertex 1.238745e+001 -1.083043e+001 2.114924e+000
         vertex 2.110470e+001 -1.581094e+001 2.655565e+000
      endloop
   endfacet
   facet normal 1.417457e-001 1.417458e-001 -9.797022e-001
      outer loop
         vertex 4.066047e+001 -4.296191e+001 1.556669e+000
         vertex 4.038267e+001 -4.298302e+001 1.513422e+000
         vertex 1.184885e+001 -1.146113e+001 1.945748e+000
      endloop
   endfacet
   facet normal 1.417457e-001 1.417458e-001 -9.797022e-001
      outer loop
         vertex 1.184885e+001 -1.146113e+001 1.945748e+000
         vertex 4.038267e+001 -4.298302e+001 1.513422e+000
         vertex 4.019894e+001 -4.299698e+001 1.484820e+000
      endloop
   endfacet
   facet normal 1.417457e-001 1.417458e-001 -9.797022e-001
      outer loop
         vertex 1.184885e+001 -1.146113e+001 1.945748e+000
         vertex 4.019894e+001 -4.299698e+001 1.484820e+000
         vertex 4.002504e+001 -4.292593e+001 1.469939e+000
      endloop
   endfacet
   facet normal 1.417457e-001 1.417458e-001 -9.797022e-001
      outer loop
         vertex 1.973909e+001 -1.464189e+001 2.627126e+000
         vertex 1.238745e+001 -1.083043e+001 2.114924e+000
         vertex 1.854350e+001 -1.366630e+001 2.595295e+000
      endloop
   endfacet
   facet normal 1.417457e-001 1.417458e-001 -9.797022e-001
      outer loop
         vertex 1.854350e+001 -1.366630e+001 2.595295e+000
         vertex 1.238745e+001 -1.083043e+001 2.114924e+000
         vertex 1.257394e+001 -1.044764e+001 2.197288e+000
      endloop
   endfacet
   facet normal 1.417457e-001 1.417458e-001 -9.797022e-001
      outer loop
         vertex 1.854350e+001 -1.366630e+001 2.595295e+000
         vertex 1.257394e+001 -1.044764e+001 2.197288e+000
         vertex 1.610034e+001 -1.174594e+001 2.519655e+000
      endloop
   endfacet
   facet normal 1.417457e-001 1.417458e-001 -9.797022e-001
      outer loop
         vertex 1.610034e+001 -1.174594e+001 2.519655e+000
         vertex 1.257394e+001 -1.044764e+001 2.197288e+000
         vertex 1.275538e+001 -1.007521e+001 2.277424e+000
      endloop
   endfacet
   facet normal 1.417457e-001 1.417458e-001 -9.797022e-001
      outer loop
         vertex 1.610034e+001 -1.174594e+001 2.519655e+000
         vertex 1.275538e+001 -1.007521e+001 2.277424e+000
         vertex 1.279742e+001 -9.865614e+000 2.313831e+000
      endloop
   endfacet
   facet normal 1.417457e-001 1.417458e-001 -9.797022e-001
      outer loop
         vertex 3.976537e+001 -4.281983e+001 1.447720e+000
         vertex 3.969027e+001 -4.276111e+001 1.445350e+000
         vertex 4.002504e+001 -4.292593e+001 1.469939e+000
      endloop
   endfacet
   facet normal 1.417457e-001 1.417458e-001 -9.797022e-001
      outer loop
         vertex 4.002504e+001 -4.292593e+001 1.469939e+000
         vertex 3.969027e+001 -4.276111e+001 1.445350e+000
         vertex 3.461384e+001 -3.854586e+001 1.320752e+000
      endloop
   endfacet
   facet normal 1.417457e-001 1.417458e-001 -9.797022e-001
      outer loop
         vertex 4.002504e+001 -4.292593e+001 1.469939e+000
         vertex 3.461384e+001 -3.854586e+001 1.320752e+000
         vertex 1.184885e+001 -1.146113e+001 1.945748e+000
      endloop
   endfacet
   facet normal 1.417457e-001 1.417458e-001 -9.797022e-001
      outer loop
         vertex 1.184885e+001 -1.146113e+001 1.945748e+000
         vertex 3.461384e+001 -3.854586e+001 1.320752e+000
         vertex 3.362866e+001 -3.778068e+001 1.288923e+000
      endloop
   endfacet
   facet normal 1.417457e-001 1.417458e-001 -9.797022e-001
      outer loop
         vertex 1.184885e+001 -1.146113e+001 1.945748e+000
         vertex 3.362866e+001 -3.778068e+001 1.288923e+000
         vertex 2.941088e+001 -3.450476e+001 1.152653e+000
      endloop
   endfacet
   facet normal 1.417457e-001 1.417458e-001 -9.797022e-001
      outer loop
         vertex 4.254316e+001 -4.057240e+001 2.174781e+000
         vertex 4.252948e+001 -4.107363e+001 2.100282e+000
         vertex 4.231862e+001 -4.012892e+001 2.206459e+000
      endloop
   endfacet
   facet normal 1.417457e-001 1.417458e-001 -9.797022e-001
      outer loop
         vertex 4.231862e+001 -4.012892e+001 2.206459e+000
         vertex 4.252948e+001 -4.107363e+001 2.100282e+000
         vertex 4.228135e+001 -4.149453e+001 2.003485e+000
      endloop
   endfacet
   facet normal 1.417457e-001 1.417458e-001 -9.797022e-001
      outer loop
         vertex 4.231862e+001 -4.012892e+001 2.206459e+000
         vertex 4.228135e+001 -4.149453e+001 2.003485e+000
         vertex 2.239923e+001 -1.704183e+001 2.664771e+000
      endloop
   endfacet
   facet normal 1.417457e-001 1.417458e-001 -9.797022e-001
      outer loop
         vertex 2.239923e+001 -1.704183e+001 2.664771e+000
         vertex 4.228135e+001 -4.149453e+001 2.003485e+000
         vertex 4.105382e+001 -4.272206e+001 1.648282e+000
      endloop
   endfacet
   facet normal 1.417457e-001 1.417458e-001 -9.797022e-001
      outer loop
         vertex 2.239923e+001 -1.704183e+001 2.664771e+000
         vertex 4.105382e+001 -4.272206e+001 1.648282e+000
         vertex 4.073867e+001 -4.291423e+001 1.574882e+000
      endloop
   endfacet
   facet normal -1.417457e-001 -1.417458e-001 9.797022e-001
      outer loop
         vertex 1.220736e+001 -1.096425e+001 2.587726e+000
         vertex 4.224665e+001 -4.020089e+001 2.703854e+000
         vertex 2.232726e+001 -1.711379e+001 3.162167e+000
      endloop
   endfacet
   facet normal -1.417457e-001 -1.417458e-001 9.797022e-001
      outer loop
         vertex 2.531081e+001 -3.162954e+001 1.493658e+000
         vertex 2.731207e+001 -3.310594e+001 1.569596e+000
         vertex 1.159090e+001 -1.153078e+001 2.416570e+000
      endloop
   endfacet
   facet normal -1.417457e-001 -1.417458e-001 9.797022e-001
      outer loop
         vertex 1.291994e+001 -9.372952e+000 2.921057e+000
         vertex 1.289852e+001 -9.500973e+000 2.899431e+000
         vertex 1.407168e+001 -1.025682e+001 2.959812e+000
      endloop
   endfacet
   facet normal -1.417457e-001 -1.417458e-001 9.797022e-001
      outer loop
         vertex 1.407168e+001 -1.025682e+001 2.959812e+000
         vertex 1.289852e+001 -9.500973e+000 2.899431e+000
         vertex 1.274365e+001 -9.984616e+000 2.807054e+000
      endloop
   endfacet
   facet normal -1.417457e-001 -1.417458e-001 9.797022e-001
      outer loop
         vertex 1.407168e+001 -1.025682e+001 2.959812e+000
         vertex 1.274365e+001 -9.984616e+000 2.807054e+000
         vertex 1.605356e+001 -1.183548e+001 3.018153e+000
      endloop
   endfacet
   facet normal -1.417457e-001 -1.417458e-001 9.797022e-001
      outer loop
         vertex 1.220736e+001 -1.096425e+001 2.587726e+000
         vertex 2.232726e+001 -1.711379e+001 3.162167e+000
         vertex 1.246925e+001 -1.055123e+001 2.685375e+000
      endloop
   endfacet
   facet normal -1.417457e-001 -1.417458e-001 9.797022e-001
      outer loop
         vertex 1.246925e+001 -1.055123e+001 2.685375e+000
         vertex 2.232726e+001 -1.711379e+001 3.162167e+000
         vertex 2.111709e+001 -1.593753e+001 3.157262e+000
      endloop
   endfacet
   facet normal -1.417457e-001 -1.417458e-001 9.797022e-001
      outer loop
         vertex 1.246925e+001 -1.055123e+001 2.685375e+000
         vertex 2.111709e+001 -1.593753e+001 3.157262e+000
         vertex 2.104823e+001 -1.587941e+001 3.155706e+000
      endloop
   endfacet
   facet normal -1.417457e-001 -1.417458e-001 9.797022e-001
      outer loop
         vertex 3.355054e+001 -3.786031e+001 1.784321e+000
         vertex 3.577678e+001 -3.961769e+001 1.852153e+000
         vertex 4.224665e+001 -4.020089e+001 2.703854e+000
      endloop
   endfacet
   facet normal -1.417457e-001 -1.417458e-001 9.797022e-001
      outer loop
         vertex 2.104823e+001 -1.587941e+001 3.155706e+000
         vertex 1.966546e+001 -1.471250e+001 3.124476e+000
         vertex 1.246925e+001 -1.055123e+001 2.685375e+000
      endloop
   endfacet
   facet normal -1.417457e-001 -1.417458e-001 9.797022e-001
      outer loop
         vertex 1.246925e+001 -1.055123e+001 2.685375e+000
         vertex 1.966546e+001 -1.471250e+001 3.124476e+000
         vertex 1.605356e+001 -1.183548e+001 3.018153e+000
      endloop
   endfacet
   facet normal -1.417457e-001 -1.417458e-001 9.797022e-001
      outer loop
         vertex 1.246925e+001 -1.055123e+001 2.685375e+000
         vertex 1.605356e+001 -1.183548e+001 3.018153e+000
         vertex 1.265706e+001 -1.025505e+001 2.755401e+000
      endloop
   endfacet
   facet normal -1.417457e-001 -1.417458e-001 9.797022e-001
      outer loop
         vertex 1.265706e+001 -1.025505e+001 2.755401e+000
         vertex 1.605356e+001 -1.183548e+001 3.018153e+000
         vertex 1.274365e+001 -9.984616e+000 2.807054e+000
      endloop
   endfacet
   facet normal -1.417457e-001 -1.417458e-001 9.797022e-001
      outer loop
         vertex 3.355054e+001 -3.786031e+001 1.784321e+000
         vertex 4.224665e+001 -4.020089e+001 2.703854e+000
         vertex 3.060835e+001 -3.553772e+001 1.694673e+000
      endloop
   endfacet
   facet normal -1.417457e-001 -1.417458e-001 9.797022e-001
      outer loop
         vertex 3.060835e+001 -3.553772e+001 1.694673e+000
         vertex 4.224665e+001 -4.020089e+001 2.703854e+000
         vertex 1.220736e+001 -1.096425e+001 2.587726e+000
      endloop
   endfacet
   facet normal -1.417457e-001 -1.417458e-001 9.797022e-001
      outer loop
         vertex 3.060835e+001 -3.553772e+001 1.694673e+000
         vertex 1.220736e+001 -1.096425e+001 2.587726e+000
         vertex 2.731207e+001 -3.310594e+001 1.569596e+000
      endloop
   endfacet
   facet normal -1.417457e-001 -1.417458e-001 9.797022e-001
      outer loop
         vertex 2.731207e+001 -3.310594e+001 1.569596e+000
         vertex 1.220736e+001 -1.096425e+001 2.587726e+000
         vertex 1.210098e+001 -1.106201e+001 2.558190e+000
      endloop
   endfacet
   facet normal -1.417457e-001 -1.417458e-001 9.797022e-001
      outer loop
         vertex 2.731207e+001 -3.310594e+001 1.569596e+000
         vertex 1.210098e+001 -1.106201e+001 2.558190e+000
         vertex 1.159090e+001 -1.153078e+001 2.416570e+000
      endloop
   endfacet
   facet normal -1.417457e-001 -1.417458e-001 9.797022e-001
      outer loop
         vertex 1.126210e+001 -1.557692e+001 1.783591e+000
         vertex 1.085602e+001 -1.191588e+001 2.254528e+000
         vertex 1.105692e+001 -1.504678e+001 1.830608e+000
      endloop
   endfacet
   facet normal -1.417457e-001 -1.417458e-001 9.797022e-001
      outer loop
         vertex 1.105692e+001 -1.504678e+001 1.830608e+000
         vertex 1.085602e+001 -1.191588e+001 2.254528e+000
         vertex 1.048470e+001 -1.200044e+001 2.188568e+000
      endloop
   endfacet
   facet normal -1.417457e-001 -1.417458e-001 9.797022e-001
      outer loop
         vertex 1.105692e+001 -1.504678e+001 1.830608e+000
         vertex 1.048470e+001 -1.200044e+001 2.188568e+000
         vertex 1.022991e+001 -1.350344e+001 1.934248e+000
      endloop
   endfacet
   facet normal -1.417457e-001 -1.417458e-001 9.797022e-001
      outer loop
         vertex 1.022991e+001 -1.350344e+001 1.934248e+000
         vertex 1.048470e+001 -1.200044e+001 2.188568e+000
         vertex 1.004996e+001 -1.209945e+001 2.111344e+000
      endloop
   endfacet
   facet normal -1.417457e-001 -1.417458e-001 9.797022e-001
      outer loop
         vertex 1.022991e+001 -1.350344e+001 1.934248e+000
         vertex 1.004996e+001 -1.209945e+001 2.111344e+000
         vertex 1.007491e+001 -1.328381e+001 1.943598e+000
      endloop
   endfacet
   facet normal -1.417457e-001 -1.417458e-001 9.797022e-001
      outer loop
         vertex 1.007491e+001 -1.328381e+001 1.943598e+000
         vertex 1.004996e+001 -1.209945e+001 2.111344e+000
         vertex 9.858778e+000 -1.209289e+001 2.084631e+000
      endloop
   endfacet
   facet normal -1.417457e-001 -1.417458e-001 9.797022e-001
      outer loop
         vertex 1.007491e+001 -1.328381e+001 1.943598e+000
         vertex 9.858778e+000 -1.209289e+001 2.084631e+000
         vertex 9.218929e+000 -1.207091e+001 1.995229e+000
      endloop
   endfacet
   facet normal -1.417457e-001 -1.417458e-001 9.797022e-001
      outer loop
         vertex 4.003409e+001 -4.304975e+001 1.971554e+000
         vertex 4.031312e+001 -4.305491e+001 2.011178e+000
         vertex 3.995140e+001 -4.300666e+001 1.965824e+000
      endloop
   endfacet
   facet normal -1.417457e-001 -1.417458e-001 9.797022e-001
      outer loop
         vertex 3.995140e+001 -4.300666e+001 1.965824e+000
         vertex 4.031312e+001 -4.305491e+001 2.011178e+000
         vertex 4.224665e+001 -4.020089e+001 2.703854e+000
      endloop
   endfacet
   facet normal -1.417457e-001 -1.417458e-001 9.797022e-001
      outer loop
         vertex 3.995140e+001 -4.300666e+001 1.965824e+000
         vertex 4.224665e+001 -4.020089e+001 2.703854e+000
         vertex 3.961831e+001 -4.283308e+001 1.942746e+000
      endloop
   endfacet
   facet normal -1.417457e-001 -1.417458e-001 9.797022e-001
      outer loop
         vertex 3.961831e+001 -4.283308e+001 1.942746e+000
         vertex 4.224665e+001 -4.020089e+001 2.703854e+000
         vertex 3.577678e+001 -3.961769e+001 1.852153e+000
      endloop
   endfacet
   facet normal -1.417457e-001 -1.417458e-001 9.797022e-001
      outer loop
         vertex 1.168950e+001 -1.668122e+001 1.685656e+000
         vertex 1.203078e+001 -1.803723e+001 1.538842e+000
         vertex 1.432225e+001 -2.432578e+001 9.605341e-001
      endloop
   endfacet
   facet normal -1.417457e-001 -1.417458e-001 9.797022e-001
      outer loop
         vertex 4.031312e+001 -4.305491e+001 2.011178e+000
         vertex 4.049778e+001 -4.305832e+001 2.037401e+000
         vertex 4.224665e+001 -4.020089e+001 2.703854e+000
      endloop
   endfacet
   facet normal -1.417457e-001 -1.417458e-001 9.797022e-001
      outer loop
         vertex 4.224665e+001 -4.020089e+001 2.703854e+000
         vertex 4.049778e+001 -4.305832e+001 2.037401e+000
         vertex 4.066417e+001 -4.297754e+001 2.073162e+000
      endloop
   endfacet
   facet normal -1.417457e-001 -1.417458e-001 9.797022e-001
      outer loop
         vertex 4.224665e+001 -4.020089e+001 2.703854e+000
         vertex 4.066417e+001 -4.297754e+001 2.073162e+000
         vertex 4.091275e+001 -4.285685e+001 2.126589e+000
      endloop
   endfacet
   facet normal -1.417457e-001 -1.417458e-001 9.797022e-001
      outer loop
         vertex 1.126210e+001 -1.557692e+001 1.783591e+000
         vertex 1.168950e+001 -1.668122e+001 1.685656e+000
         vertex 1.085602e+001 -1.191588e+001 2.254528e+000
      endloop
   endfacet
   facet normal -1.417457e-001 -1.417458e-001 9.797022e-001
      outer loop
         vertex 1.085602e+001 -1.191588e+001 2.254528e+000
         vertex 1.168950e+001 -1.668122e+001 1.685656e+000
         vertex 1.432225e+001 -2.432578e+001 9.605341e-001
      endloop
   endfacet
   facet normal -1.417457e-001 -1.417458e-001 9.797022e-001
      outer loop
         vertex 1.085602e+001 -1.191588e+001 2.254528e+000
         vertex 1.432225e+001 -2.432578e+001 9.605341e-001
         vertex 1.108131e+001 -1.179782e+001 2.304204e+000
      endloop
   endfacet
   facet normal -1.417457e-001 -1.417458e-001 9.797022e-001
      outer loop
         vertex 1.108131e+001 -1.179782e+001 2.304204e+000
         vertex 1.432225e+001 -2.432578e+001 9.605341e-001
         vertex 1.988099e+001 -2.789131e+001 1.248917e+000
      endloop
   endfacet
   facet normal -1.417457e-001 -1.417458e-001 9.797022e-001
      outer loop
         vertex 1.108131e+001 -1.179782e+001 2.304204e+000
         vertex 1.988099e+001 -2.789131e+001 1.248917e+000
         vertex 1.159090e+001 -1.153078e+001 2.416570e+000
      endloop
   endfacet
   facet normal -1.417457e-001 -1.417458e-001 9.797022e-001
      outer loop
         vertex 1.159090e+001 -1.153078e+001 2.416570e+000
         vertex 1.988099e+001 -2.789131e+001 1.248917e+000
         vertex 2.089930e+001 -2.859237e+001 1.294816e+000
      endloop
   endfacet
   facet normal -1.417457e-001 -1.417458e-001 9.797022e-001
      outer loop
         vertex 1.159090e+001 -1.153078e+001 2.416570e+000
         vertex 2.089930e+001 -2.859237e+001 1.294816e+000
         vertex 2.531081e+001 -3.162954e+001 1.493658e+000
      endloop
   endfacet
   facet normal -1.417457e-001 -1.417458e-001 9.797022e-001
      outer loop
         vertex 4.245751e+001 -4.114560e+001 2.597678e+000
         vertex 4.247119e+001 -4.064437e+001 2.672177e+000
         vertex 4.220938e+001 -4.156649e+001 2.500881e+000
      endloop
   endfacet
   facet normal -1.417457e-001 -1.417458e-001 9.797022e-001
      outer loop
         vertex 4.220938e+001 -4.156649e+001 2.500881e+000
         vertex 4.247119e+001 -4.064437e+001 2.672177e+000
         vertex 4.224665e+001 -4.020089e+001 2.703854e+000
      endloop
   endfacet
   facet normal -1.417457e-001 -1.417458e-001 9.797022e-001
      outer loop
         vertex 4.220938e+001 -4.156649e+001 2.500881e+000
         vertex 4.224665e+001 -4.020089e+001 2.703854e+000
         vertex 4.098185e+001 -4.279402e+001 2.145678e+000
      endloop
   endfacet
   facet normal -1.417457e-001 -1.417458e-001 9.797022e-001
      outer loop
         vertex 4.098185e+001 -4.279402e+001 2.145678e+000
         vertex 4.224665e+001 -4.020089e+001 2.703854e+000
         vertex 4.091275e+001 -4.285685e+001 2.126589e+000
      endloop
   endfacet
   facet normal -1.417457e-001 -1.417458e-001 9.797022e-001
      outer loop
         vertex 1.235688e+001 -2.058358e+001 1.217610e+000
         vertex 1.250831e+001 -2.166949e+001 1.082407e+000
         vertex 1.289347e+001 -2.269486e+001 9.897791e-001
      endloop
   endfacet
   facet normal -1.417457e-001 -1.417458e-001 9.797022e-001
      outer loop
         vertex 1.289347e+001 -2.269486e+001 9.897791e-001
         vertex 1.250831e+001 -2.166949e+001 1.082407e+000
         vertex 1.251078e+001 -2.168724e+001 1.080197e+000
      endloop
   endfacet
   facet normal -1.417457e-001 -1.417458e-001 9.797022e-001
      outer loop
         vertex 1.289347e+001 -2.269486e+001 9.897791e-001
         vertex 1.251078e+001 -2.168724e+001 1.080197e+000
         vertex 1.283642e+001 -2.260194e+001 9.949700e-001
      endloop
   endfacet
   facet normal -1.417457e-001 -1.417458e-001 9.797022e-001
      outer loop
         vertex 1.235688e+001 -2.058358e+001 1.217610e+000
         vertex 1.289347e+001 -2.269486e+001 9.897791e-001
         vertex 1.233366e+001 -2.011143e+001 1.282562e+000
      endloop
   endfacet
   facet normal -1.417457e-001 -1.417458e-001 9.797022e-001
      outer loop
         vertex 1.233366e+001 -2.011143e+001 1.282562e+000
         vertex 1.289347e+001 -2.269486e+001 9.897791e-001
         vertex 1.335802e+001 -2.345160e+001 9.475054e-001
      endloop
   endfacet
   facet normal -1.417457e-001 -1.417458e-001 9.797022e-001
      outer loop
         vertex 1.233366e+001 -2.011143e+001 1.282562e+000
         vertex 1.335802e+001 -2.345160e+001 9.475054e-001
         vertex 1.350584e+001 -2.360107e+001 9.472672e-001
      endloop
   endfacet
   facet normal -1.417457e-001 -1.417458e-001 9.797022e-001
      outer loop
         vertex 1.203078e+001 -1.803723e+001 1.538842e+000
         vertex 1.211680e+001 -1.837901e+001 1.501837e+000
         vertex 1.432225e+001 -2.432578e+001 9.605341e-001
      endloop
   endfacet
   facet normal -1.417457e-001 -1.417458e-001 9.797022e-001
      outer loop
         vertex 1.432225e+001 -2.432578e+001 9.605341e-001
         vertex 1.211680e+001 -1.837901e+001 1.501837e+000
         vertex 1.233366e+001 -2.011143e+001 1.282562e+000
      endloop
   endfacet
   facet normal -1.417457e-001 -1.417458e-001 9.797022e-001
      outer loop
         vertex 1.432225e+001 -2.432578e+001 9.605341e-001
         vertex 1.233366e+001 -2.011143e+001 1.282562e+000
         vertex 1.399701e+001 -2.409771e+001 9.464754e-001
      endloop
   endfacet
   facet normal -1.417457e-001 -1.417458e-001 9.797022e-001
      outer loop
         vertex 1.399701e+001 -2.409771e+001 9.464754e-001
         vertex 1.233366e+001 -2.011143e+001 1.282562e+000
         vertex 1.350584e+001 -2.360107e+001 9.472672e-001
      endloop
   endfacet
   facet normal -1.417457e-001 -1.417458e-001 -9.797022e-001
      outer loop
         vertex 8.116612e+000 -2.500855e+000 1.303426e+000
         vertex 8.905827e+000 -4.077587e+000 1.417366e+000
         vertex 9.594201e+000 -5.529352e+000 1.527813e+000
      endloop
   endfacet
   facet normal -1.417457e-001 -1.417458e-001 -9.797022e-001
      outer loop
         vertex 9.594201e+000 -5.529352e+000 1.527813e+000
         vertex 8.905827e+000 -4.077587e+000 1.417366e+000
         vertex 9.212933e+000 -4.539579e+000 1.439777e+000
      endloop
   endfacet
   facet normal -1.417457e-001 -1.417458e-001 -9.797022e-001
      outer loop
         vertex 9.594201e+000 -5.529352e+000 1.527813e+000
         vertex 9.212933e+000 -4.539579e+000 1.439777e+000
         vertex 9.867895e+000 -5.524868e+000 1.487572e+000
      endloop
   endfacet
   facet normal -1.417457e-001 -1.417458e-001 -9.797022e-001
      outer loop
         vertex 6.581415e+000 -8.012881e+000 2.323036e+000
         vertex 6.559568e+000 -8.192088e+000 2.352124e+000
         vertex 1.815674e+000 -5.263678e+000 2.614793e+000
      endloop
   endfacet
   facet normal -1.417457e-001 -1.417458e-001 -9.797022e-001
      outer loop
         vertex 1.815674e+000 -5.263678e+000 2.614793e+000
         vertex 6.559568e+000 -8.192088e+000 2.352124e+000
         vertex 6.479309e+000 -8.850452e+000 2.458985e+000
      endloop
   endfacet
   facet normal -1.417457e-001 -1.417458e-001 -9.797022e-001
      outer loop
         vertex 1.815674e+000 -5.263678e+000 2.614793e+000
         vertex 6.479309e+000 -8.850452e+000 2.458985e+000
         vertex 6.480178e+000 -8.904795e+000 2.466721e+000
      endloop
   endfacet
   facet normal -1.417457e-001 -1.417458e-001 -9.797022e-001
      outer loop
         vertex 5.014575e+000 6.408983e+000 4.631386e-001
         vertex 7.147151e+000 8.871489e-001 9.535052e-001
         vertex 7.308237e+000 1.559783e-001 1.035987e+000
      endloop
   endfacet
   facet normal -1.417457e-001 -1.417458e-001 -9.797022e-001
      outer loop
         vertex -1.557101e+000 1.068388e+001 7.954412e-001
         vertex 7.788400e-001 9.102592e+000 6.862569e-001
         vertex 7.981712e+000 -6.058146e+000 1.837622e+000
      endloop
   endfacet
   facet normal -1.417457e-001 -1.417458e-001 -9.797022e-001
      outer loop
         vertex 5.014575e+000 6.408983e+000 4.631386e-001
         vertex 5.688908e+000 5.866595e+000 4.440487e-001
         vertex 7.147151e+000 8.871489e-001 9.535052e-001
      endloop
   endfacet
   facet normal -1.417457e-001 -1.417458e-001 -9.797022e-001
      outer loop
         vertex 7.147151e+000 8.871489e-001 9.535052e-001
         vertex 5.688908e+000 5.866595e+000 4.440487e-001
         vertex 5.832872e+000 5.680442e+000 4.501525e-001
      endloop
   endfacet
   facet normal -1.417457e-001 -1.417458e-001 -9.797022e-001
      outer loop
         vertex 7.147151e+000 8.871489e-001 9.535052e-001
         vertex 5.832872e+000 5.680442e+000 4.501525e-001
         vertex 6.979870e+000 2.668711e+000 7.199469e-001
      endloop
   endfacet
   facet normal -1.417457e-001 -1.417458e-001 -9.797022e-001
      outer loop
         vertex 6.438025e+000 4.762223e+000 4.954478e-001
         vertex 6.669561e+000 4.281829e+000 5.314531e-001
         vertex 6.811259e+000 3.728083e+000 5.910695e-001
      endloop
   endfacet
   facet normal -1.417457e-001 -1.417458e-001 -9.797022e-001
      outer loop
         vertex 9.594201e+000 -5.529352e+000 1.527813e+000
         vertex 9.210845e+000 -5.602094e+000 1.593804e+000
         vertex 8.116612e+000 -2.500855e+000 1.303426e+000
      endloop
   endfacet
   facet normal -1.417457e-001 -1.417458e-001 -9.797022e-001
      outer loop
         vertex 8.116612e+000 -2.500855e+000 1.303426e+000
         vertex 9.210845e+000 -5.602094e+000 1.593804e+000
         vertex 8.751357e+000 -5.689283e+000 1.672899e+000
      endloop
   endfacet
   facet normal -1.417457e-001 -1.417458e-001 -9.797022e-001
      outer loop
         vertex 8.116612e+000 -2.500855e+000 1.303426e+000
         vertex 8.751357e+000 -5.689283e+000 1.672899e+000
         vertex 8.038020e+000 -2.279119e+000 1.282716e+000
      endloop
   endfacet
   facet normal -1.417457e-001 -1.417458e-001 -9.797022e-001
      outer loop
         vertex 8.038020e+000 -2.279119e+000 1.282716e+000
         vertex 8.751357e+000 -5.689283e+000 1.672899e+000
         vertex 7.527219e+000 -8.379830e-001 1.148113e+000
      endloop
   endfacet
   facet normal -1.417457e-001 -1.417458e-001 -9.797022e-001
      outer loop
         vertex -4.855621e-001 -3.397304e+000 2.677710e+000
         vertex 6.893264e+000 -7.226277e+000 2.164109e+000
         vertex 1.815674e+000 -5.263678e+000 2.614793e+000
      endloop
   endfacet
   facet normal -1.417457e-001 -1.417458e-001 -9.797022e-001
      outer loop
         vertex 1.815674e+000 -5.263678e+000 2.614793e+000
         vertex 6.893264e+000 -7.226277e+000 2.164109e+000
         vertex 6.758194e+000 -7.566975e+000 2.232944e+000
      endloop
   endfacet
   facet normal -1.417457e-001 -1.417458e-001 -9.797022e-001
      outer loop
         vertex 1.815674e+000 -5.263678e+000 2.614793e+000
         vertex 6.758194e+000 -7.566975e+000 2.232944e+000
         vertex 6.581415e+000 -8.012881e+000 2.323036e+000
      endloop
   endfacet
   facet normal -1.417457e-001 -1.417458e-001 -9.797022e-001
      outer loop
         vertex 5.832872e+000 5.680442e+000 4.501525e-001
         vertex 6.264404e+000 5.122454e+000 4.684485e-001
         vertex 6.438025e+000 4.762223e+000 4.954478e-001
      endloop
   endfacet
   facet normal -1.417457e-001 -1.417458e-001 -9.797022e-001
      outer loop
         vertex 7.308237e+000 1.559783e-001 1.035987e+000
         vertex 7.527219e+000 -8.379830e-001 1.148113e+000
         vertex 5.014575e+000 6.408983e+000 4.631386e-001
      endloop
   endfacet
   facet normal -1.417457e-001 -1.417458e-001 -9.797022e-001
      outer loop
         vertex 5.014575e+000 6.408983e+000 4.631386e-001
         vertex 7.527219e+000 -8.379830e-001 1.148113e+000
         vertex 8.751357e+000 -5.689283e+000 1.672899e+000
      endloop
   endfacet
   facet normal -1.417457e-001 -1.417458e-001 -9.797022e-001
      outer loop
         vertex 5.014575e+000 6.408983e+000 4.631386e-001
         vertex 8.751357e+000 -5.689283e+000 1.672899e+000
         vertex 7.788400e-001 9.102592e+000 6.862569e-001
      endloop
   endfacet
   facet normal -1.417457e-001 -1.417458e-001 -9.797022e-001
      outer loop
         vertex 7.788400e-001 9.102592e+000 6.862569e-001
         vertex 8.751357e+000 -5.689283e+000 1.672899e+000
         vertex 8.576847e+000 -5.772919e+000 1.710249e+000
      endloop
   endfacet
   facet normal -1.417457e-001 -1.417458e-001 -9.797022e-001
      outer loop
         vertex 7.788400e-001 9.102592e+000 6.862569e-001
         vertex 8.576847e+000 -5.772919e+000 1.710249e+000
         vertex 7.981712e+000 -6.058146e+000 1.837622e+000
      endloop
   endfacet
   facet normal -1.417457e-001 -1.417458e-001 -9.797022e-001
      outer loop
         vertex 6.438025e+000 4.762223e+000 4.954478e-001
         vertex 6.811259e+000 3.728083e+000 5.910695e-001
         vertex 5.832872e+000 5.680442e+000 4.501525e-001
      endloop
   endfacet
   facet normal -1.417457e-001 -1.417458e-001 -9.797022e-001
      outer loop
         vertex 5.832872e+000 5.680442e+000 4.501525e-001
         vertex 6.811259e+000 3.728083e+000 5.910695e-001
         vertex 6.917101e+000 3.314455e+000 6.356006e-001
      endloop
   endfacet
   facet normal -1.417457e-001 -1.417458e-001 -9.797022e-001
      outer loop
         vertex 5.832872e+000 5.680442e+000 4.501525e-001
         vertex 6.917101e+000 3.314455e+000 6.356006e-001
         vertex 6.979870e+000 2.668711e+000 7.199469e-001
      endloop
   endfacet
   facet normal -1.417457e-001 -1.417458e-001 -9.797022e-001
      outer loop
         vertex -2.132988e+001 2.506940e+001 1.574882e+000
         vertex -2.125168e+001 2.511708e+001 1.556669e+000
         vertex -2.097388e+001 2.513819e+001 1.513422e+000
      endloop
   endfacet
   facet normal -1.417457e-001 -1.417458e-001 -9.797022e-001
      outer loop
         vertex -2.164503e+001 2.487723e+001 1.648282e+000
         vertex -2.132988e+001 2.506940e+001 1.574882e+000
         vertex -2.290983e+001 2.228409e+001 2.206459e+000
      endloop
   endfacet
   facet normal -1.417457e-001 -1.417458e-001 -9.797022e-001
      outer loop
         vertex -1.520504e+001 2.070103e+001 1.320752e+000
         vertex -1.421987e+001 1.993586e+001 1.288923e+000
         vertex -2.290983e+001 2.228409e+001 2.206459e+000
      endloop
   endfacet
   facet normal -1.417457e-001 -1.417458e-001 -9.797022e-001
      outer loop
         vertex -2.290983e+001 2.228409e+001 2.206459e+000
         vertex -1.421987e+001 1.993586e+001 1.288923e+000
         vertex -1.000207e+001 1.665992e+001 1.152652e+000
      endloop
   endfacet
   facet normal -1.417457e-001 -1.417458e-001 -9.797022e-001
      outer loop
         vertex -4.855621e-001 -3.397304e+000 2.677710e+000
         vertex -9.414160e-001 -3.023539e+000 2.689587e+000
         vertex 6.893264e+000 -7.226277e+000 2.164109e+000
      endloop
   endfacet
   facet normal -1.417457e-001 -1.417458e-001 -9.797022e-001
      outer loop
         vertex 6.893264e+000 -7.226277e+000 2.164109e+000
         vertex -9.414160e-001 -3.023539e+000 2.689587e+000
         vertex -1.432355e+000 -2.608857e+000 2.700620e+000
      endloop
   endfacet
   facet normal -1.417457e-001 -1.417458e-001 -9.797022e-001
      outer loop
         vertex 6.893264e+000 -7.226277e+000 2.164109e+000
         vertex -1.432355e+000 -2.608857e+000 2.700620e+000
         vertex 7.066192e+000 -6.991063e+000 2.105058e+000
      endloop
   endfacet
   facet normal -1.417457e-001 -1.417458e-001 -9.797022e-001
      outer loop
         vertex 7.066192e+000 -6.991063e+000 2.105058e+000
         vertex -1.432355e+000 -2.608857e+000 2.700620e+000
         vertex -2.290983e+001 2.228409e+001 2.206459e+000
      endloop
   endfacet
   facet normal -1.417457e-001 -1.417458e-001 -9.797022e-001
      outer loop
         vertex 7.066192e+000 -6.991063e+000 2.105058e+000
         vertex -2.290983e+001 2.228409e+001 2.206459e+000
         vertex 7.392939e+000 -6.546627e+000 1.993481e+000
      endloop
   endfacet
   facet normal -1.417457e-001 -1.417458e-001 -9.797022e-001
      outer loop
         vertex 7.392939e+000 -6.546627e+000 1.993481e+000
         vertex -2.290983e+001 2.228409e+001 2.206459e+000
         vertex -1.000207e+001 1.665992e+001 1.152652e+000
      endloop
   endfacet
   facet normal -1.417457e-001 -1.417458e-001 -9.797022e-001
      outer loop
         vertex 7.392939e+000 -6.546627e+000 1.993481e+000
         vertex -1.000207e+001 1.665992e+001 1.152652e+000
         vertex 7.474856e+000 -6.478662e+000 1.971796e+000
      endloop
   endfacet
   facet normal -1.417457e-001 -1.417458e-001 -9.797022e-001
      outer loop
         vertex 7.474856e+000 -6.478662e+000 1.971796e+000
         vertex -1.000207e+001 1.665992e+001 1.152652e+000
         vertex -7.975370e+000 1.518931e+001 1.072195e+000
      endloop
   endfacet
   facet normal -1.417457e-001 -1.417458e-001 -9.797022e-001
      outer loop
         vertex 7.474856e+000 -6.478662e+000 1.971796e+000
         vertex -7.975370e+000 1.518931e+001 1.072195e+000
         vertex 7.981712e+000 -6.058146e+000 1.837622e+000
      endloop
   endfacet
   facet normal -1.417457e-001 -1.417458e-001 -9.797022e-001
      outer loop
         vertex 7.981712e+000 -6.058146e+000 1.837622e+000
         vertex -7.975370e+000 1.518931e+001 1.072195e+000
         vertex -4.675050e+000 1.279455e+001 9.411773e-001
      endloop
   endfacet
   facet normal -1.417457e-001 -1.417458e-001 -9.797022e-001
      outer loop
         vertex 7.981712e+000 -6.058146e+000 1.837622e+000
         vertex -4.675050e+000 1.279455e+001 9.411773e-001
         vertex -1.557101e+000 1.068388e+001 7.954412e-001
      endloop
   endfacet
   facet normal -1.417457e-001 -1.417458e-001 -9.797022e-001
      outer loop
         vertex -2.132988e+001 2.506940e+001 1.574882e+000
         vertex -2.097388e+001 2.513819e+001 1.513422e+000
         vertex -2.290983e+001 2.228409e+001 2.206459e+000
      endloop
   endfacet
   facet normal -1.417457e-001 -1.417458e-001 -9.797022e-001
      outer loop
         vertex -2.290983e+001 2.228409e+001 2.206459e+000
         vertex -2.097388e+001 2.513819e+001 1.513422e+000
         vertex -2.079015e+001 2.515215e+001 1.484820e+000
      endloop
   endfacet
   facet normal -1.417457e-001 -1.417458e-001 -9.797022e-001
      outer loop
         vertex -2.290983e+001 2.228409e+001 2.206459e+000
         vertex -2.079015e+001 2.515215e+001 1.484820e+000
         vertex -2.061625e+001 2.508110e+001 1.469939e+000
      endloop
   endfacet
   facet normal -1.417457e-001 -1.417458e-001 -9.797022e-001
      outer loop
         vertex -2.061625e+001 2.508110e+001 1.469939e+000
         vertex -2.035658e+001 2.497500e+001 1.447720e+000
         vertex -2.290983e+001 2.228409e+001 2.206459e+000
      endloop
   endfacet
   facet normal -1.417457e-001 -1.417458e-001 -9.797022e-001
      outer loop
         vertex -2.290983e+001 2.228409e+001 2.206459e+000
         vertex -2.035658e+001 2.497500e+001 1.447720e+000
         vertex -2.028148e+001 2.491628e+001 1.445350e+000
      endloop
   endfacet
   facet normal -1.417457e-001 -1.417458e-001 -9.797022e-001
      outer loop
         vertex -2.290983e+001 2.228409e+001 2.206459e+000
         vertex -2.028148e+001 2.491628e+001 1.445350e+000
         vertex -1.520504e+001 2.070103e+001 1.320752e+000
      endloop
   endfacet
   facet normal -1.417457e-001 -1.417458e-001 -9.797022e-001
      outer loop
         vertex -2.313569e+001 2.273346e+001 2.174120e+000
         vertex -2.311985e+001 2.323167e+001 2.099746e+000
         vertex -2.290983e+001 2.228409e+001 2.206459e+000
      endloop
   endfacet
   facet normal -1.417457e-001 -1.417458e-001 -9.797022e-001
      outer loop
         vertex -2.290983e+001 2.228409e+001 2.206459e+000
         vertex -2.311985e+001 2.323167e+001 2.099746e+000
         vertex -2.287255e+001 2.364970e+001 2.003485e+000
      endloop
   endfacet
   facet normal -1.417457e-001 -1.417458e-001 -9.797022e-001
      outer loop
         vertex -2.290983e+001 2.228409e+001 2.206459e+000
         vertex -2.287255e+001 2.364970e+001 2.003485e+000
         vertex -2.164503e+001 2.487723e+001 1.648282e+000
      endloop
   endfacet
   facet normal 1.417457e-001 1.417458e-001 9.797022e-001
      outer loop
         vertex 4.159802e+000 -6.988657e+000 3.043433e+000
         vertex 6.459744e+000 -8.762494e+000 2.967324e+000
         vertex 6.520683e+000 -8.292003e+000 2.890422e+000
      endloop
   endfacet
   facet normal 1.417457e-001 1.417458e-001 9.797022e-001
      outer loop
         vertex 6.520683e+000 -8.292003e+000 2.890422e+000
         vertex 6.520958e+000 -8.289878e+000 2.890075e+000
         vertex 4.159802e+000 -6.988657e+000 3.043433e+000
      endloop
   endfacet
   facet normal 1.417457e-001 1.417458e-001 9.797022e-001
      outer loop
         vertex 4.159802e+000 -6.988657e+000 3.043433e+000
         vertex 6.520958e+000 -8.289878e+000 2.890075e+000
         vertex 6.750217e+000 -7.629205e+000 2.761322e+000
      endloop
   endfacet
   facet normal 1.417457e-001 1.417458e-001 9.797022e-001
      outer loop
         vertex 4.159802e+000 -6.988657e+000 3.043433e+000
         vertex 6.750217e+000 -7.629205e+000 2.761322e+000
         vertex -4.135971e-001 -3.325339e+000 3.175109e+000
      endloop
   endfacet
   facet normal 1.417457e-001 1.417458e-001 9.797022e-001
      outer loop
         vertex 6.750217e+000 -7.629205e+000 2.761322e+000
         vertex 6.795285e+000 -7.499331e+000 2.736013e+000
         vertex -4.135971e-001 -3.325339e+000 3.175109e+000
      endloop
   endfacet
   facet normal 1.417457e-001 1.417458e-001 9.797022e-001
      outer loop
         vertex -4.135971e-001 -3.325339e+000 3.175109e+000
         vertex 6.795285e+000 -7.499331e+000 2.736013e+000
         vertex 7.110347e+000 -7.034558e+000 2.623183e+000
      endloop
   endfacet
   facet normal 1.417457e-001 1.417458e-001 9.797022e-001
      outer loop
         vertex -4.135971e-001 -3.325339e+000 3.175109e+000
         vertex 7.110347e+000 -7.034558e+000 2.623183e+000
         vertex -8.694516e-001 -2.951575e+000 3.186983e+000
      endloop
   endfacet
   facet normal 1.417457e-001 1.417458e-001 9.797022e-001
      outer loop
         vertex -1.414175e+001 2.001548e+001 1.784320e+000
         vertex -1.636802e+001 2.177289e+001 1.852154e+000
         vertex -2.283786e+001 2.235606e+001 2.703854e+000
      endloop
   endfacet
   facet normal 1.417457e-001 1.417458e-001 9.797022e-001
      outer loop
         vertex 8.146687e+000 -2.267906e+000 1.783591e+000
         vertex 8.546125e+000 -5.931391e+000 2.255842e+000
         vertex 8.351871e+000 -2.798055e+000 1.830608e+000
      endloop
   endfacet
   facet normal 1.417457e-001 1.417458e-001 9.797022e-001
      outer loop
         vertex 8.351871e+000 -2.798055e+000 1.830608e+000
         vertex 8.546125e+000 -5.931391e+000 2.255842e+000
         vertex 8.797235e+000 -5.873886e+000 2.211190e+000
      endloop
   endfacet
   facet normal 1.417457e-001 1.417458e-001 9.797022e-001
      outer loop
         vertex 8.351871e+000 -2.798055e+000 1.830608e+000
         vertex 8.797235e+000 -5.873886e+000 2.211190e+000
         vertex 9.178878e+000 -4.341394e+000 1.934248e+000
      endloop
   endfacet
   facet normal 1.417457e-001 1.417458e-001 9.797022e-001
      outer loop
         vertex 9.178878e+000 -4.341394e+000 1.934248e+000
         vertex 8.797235e+000 -5.873886e+000 2.211190e+000
         vertex 9.358498e+000 -5.745355e+000 2.111389e+000
      endloop
   endfacet
   facet normal 1.417457e-001 1.417458e-001 9.797022e-001
      outer loop
         vertex 9.178878e+000 -4.341394e+000 1.934248e+000
         vertex 9.358498e+000 -5.745355e+000 2.111389e+000
         vertex 9.333879e+000 -4.561025e+000 1.943598e+000
      endloop
   endfacet
   facet normal 1.417457e-001 1.417458e-001 9.797022e-001
      outer loop
         vertex 9.333879e+000 -4.561025e+000 1.943598e+000
         vertex 9.358498e+000 -5.745355e+000 2.111389e+000
         vertex 9.484763e+000 -5.749693e+000 2.093747e+000
      endloop
   endfacet
   facet normal 1.417457e-001 1.417458e-001 9.797022e-001
      outer loop
         vertex 9.333879e+000 -4.561025e+000 1.943598e+000
         vertex 9.484763e+000 -5.749693e+000 2.093747e+000
         vertex 1.018986e+001 -5.773922e+000 1.995229e+000
      endloop
   endfacet
   facet normal 1.417457e-001 1.417458e-001 9.797022e-001
      outer loop
         vertex 7.584477e+000 -6.530367e+000 2.481637e+000
         vertex 7.897099e+000 -6.259942e+000 2.397280e+000
         vertex -5.902032e+000 1.378472e+001 1.493659e+000
      endloop
   endfacet
   facet normal 1.417457e-001 1.417458e-001 9.797022e-001
      outer loop
         vertex -1.414175e+001 2.001548e+001 1.784320e+000
         vertex -2.283786e+001 2.235606e+001 2.703854e+000
         vertex -1.119958e+001 1.769291e+001 1.694673e+000
      endloop
   endfacet
   facet normal 1.417457e-001 1.417458e-001 9.797022e-001
      outer loop
         vertex 7.719287e+000 -1.163614e+000 1.685656e+000
         vertex 7.378012e+000 1.923959e-001 1.538842e+000
         vertex 5.086539e+000 6.480948e+000 9.605341e-001
      endloop
   endfacet
   facet normal 1.417457e-001 1.417458e-001 9.797022e-001
      outer loop
         vertex -5.902032e+000 1.378472e+001 1.493659e+000
         vertex -7.903276e+000 1.526111e+001 1.569596e+000
         vertex 7.584477e+000 -6.530367e+000 2.481637e+000
      endloop
   endfacet
   facet normal 1.417457e-001 1.417458e-001 9.797022e-001
      outer loop
         vertex 7.584477e+000 -6.530367e+000 2.481637e+000
         vertex -7.903276e+000 1.526111e+001 1.569596e+000
         vertex -1.119958e+001 1.769291e+001 1.694673e+000
      endloop
   endfacet
   facet normal 1.417457e-001 1.417458e-001 9.797022e-001
      outer loop
         vertex 7.584477e+000 -6.530367e+000 2.481637e+000
         vertex -1.119958e+001 1.769291e+001 1.694673e+000
         vertex 7.264498e+000 -6.807158e+000 2.567979e+000
      endloop
   endfacet
   facet normal 1.417457e-001 1.417458e-001 9.797022e-001
      outer loop
         vertex 7.264498e+000 -6.807158e+000 2.567979e+000
         vertex -1.119958e+001 1.769291e+001 1.694673e+000
         vertex -2.283786e+001 2.235606e+001 2.703854e+000
      endloop
   endfacet
   facet normal 1.417457e-001 1.417458e-001 9.797022e-001
      outer loop
         vertex 7.264498e+000 -6.807158e+000 2.567979e+000
         vertex -2.283786e+001 2.235606e+001 2.703854e+000
         vertex 7.110347e+000 -7.034558e+000 2.623183e+000
      endloop
   endfacet
   facet normal 1.417457e-001 1.417458e-001 9.797022e-001
      outer loop
         vertex 7.110347e+000 -7.034558e+000 2.623183e+000
         vertex -2.283786e+001 2.235606e+001 2.703854e+000
         vertex -1.360390e+000 -2.536893e+000 3.198015e+000
      endloop
   endfacet
   facet normal 1.417457e-001 1.417458e-001 9.797022e-001
      outer loop
         vertex 7.110347e+000 -7.034558e+000 2.623183e+000
         vertex -1.360390e+000 -2.536893e+000 3.198015e+000
         vertex -8.694516e-001 -2.951575e+000 3.186983e+000
      endloop
   endfacet
   facet normal 1.417457e-001 1.417458e-001 9.797022e-001
      outer loop
         vertex 8.146687e+000 -2.267906e+000 1.783591e+000
         vertex 7.719287e+000 -1.163614e+000 1.685656e+000
         vertex 8.546125e+000 -5.931391e+000 2.255842e+000
      endloop
   endfacet
   facet normal 1.417457e-001 1.417458e-001 9.797022e-001
      outer loop
         vertex 8.546125e+000 -5.931391e+000 2.255842e+000
         vertex 7.719287e+000 -1.163614e+000 1.685656e+000
         vertex 5.086539e+000 6.480948e+000 9.605341e-001
      endloop
   endfacet
   facet normal 1.417457e-001 1.417458e-001 9.797022e-001
      outer loop
         vertex 8.546125e+000 -5.931391e+000 2.255842e+000
         vertex 5.086539e+000 6.480948e+000 9.605341e-001
         vertex 8.151392e+000 -6.131213e+000 2.341864e+000
      endloop
   endfacet
   facet normal 1.417457e-001 1.417458e-001 9.797022e-001
      outer loop
         vertex 8.151392e+000 -6.131213e+000 2.341864e+000
         vertex 5.086539e+000 6.480948e+000 9.605341e-001
         vertex -4.722130e-001 1.004648e+001 1.248917e+000
      endloop
   endfacet
   facet normal 1.417457e-001 1.417458e-001 9.797022e-001
      outer loop
         vertex 8.151392e+000 -6.131213e+000 2.341864e+000
         vertex -4.722130e-001 1.004648e+001 1.248917e+000
         vertex 7.897099e+000 -6.259942e+000 2.397280e+000
      endloop
   endfacet
   facet normal 1.417457e-001 1.417458e-001 9.797022e-001
      outer loop
         vertex 7.897099e+000 -6.259942e+000 2.397280e+000
         vertex -4.722130e-001 1.004648e+001 1.248917e+000
         vertex -1.490506e+000 1.074754e+001 1.294815e+000
      endloop
   endfacet
   facet normal 1.417457e-001 1.417458e-001 9.797022e-001
      outer loop
         vertex 7.897099e+000 -6.259942e+000 2.397280e+000
         vertex -1.490506e+000 1.074754e+001 1.294815e+000
         vertex -5.902032e+000 1.378472e+001 1.493659e+000
      endloop
   endfacet
   facet normal 1.417457e-001 1.417458e-001 9.797022e-001
      outer loop
         vertex -2.062530e+001 2.520492e+001 1.971554e+000
         vertex -2.090433e+001 2.521008e+001 2.011178e+000
         vertex -2.054260e+001 2.516183e+001 1.965824e+000
      endloop
   endfacet
   facet normal 1.417457e-001 1.417458e-001 9.797022e-001
      outer loop
         vertex -2.054260e+001 2.516183e+001 1.965824e+000
         vertex -2.090433e+001 2.521008e+001 2.011178e+000
         vertex -2.283786e+001 2.235606e+001 2.703854e+000
      endloop
   endfacet
   facet normal 1.417457e-001 1.417458e-001 9.797022e-001
      outer loop
         vertex -2.054260e+001 2.516183e+001 1.965824e+000
         vertex -2.283786e+001 2.235606e+001 2.703854e+000
         vertex -2.020951e+001 2.498825e+001 1.942746e+000
      endloop
   endfacet
   facet normal 1.417457e-001 1.417458e-001 9.797022e-001
      outer loop
         vertex -2.020951e+001 2.498825e+001 1.942746e+000
         vertex -2.283786e+001 2.235606e+001 2.703854e+000
         vertex -1.636802e+001 2.177289e+001 1.852154e+000
      endloop
   endfacet
   facet normal 1.417457e-001 1.417458e-001 9.797022e-001
      outer loop
         vertex 7.378012e+000 1.923959e-001 1.538842e+000
         vertex 7.291994e+000 5.341772e-001 1.501837e+000
         vertex 5.086539e+000 6.480948e+000 9.605341e-001
      endloop
   endfacet
   facet normal 1.417457e-001 1.417458e-001 9.797022e-001
      outer loop
         vertex 5.086539e+000 6.480948e+000 9.605341e-001
         vertex 7.291994e+000 5.341772e-001 1.501837e+000
         vertex 7.075133e+000 2.266603e+000 1.282562e+000
      endloop
   endfacet
   facet normal 1.417457e-001 1.417458e-001 9.797022e-001
      outer loop
         vertex 5.086539e+000 6.480948e+000 9.605341e-001
         vertex 7.075133e+000 2.266603e+000 1.282562e+000
         vertex 5.411781e+000 6.252876e+000 9.464754e-001
      endloop
   endfacet
   facet normal 1.417457e-001 1.417458e-001 9.797022e-001
      outer loop
         vertex 5.411781e+000 6.252876e+000 9.464754e-001
         vertex 7.075133e+000 2.266603e+000 1.282562e+000
         vertex 5.902949e+000 5.756237e+000 9.472672e-001
      endloop
   endfacet
   facet normal 1.417457e-001 1.417458e-001 9.797022e-001
      outer loop
         vertex -2.090433e+001 2.521008e+001 2.011178e+000
         vertex -2.108899e+001 2.521350e+001 2.037401e+000
         vertex -2.283786e+001 2.235606e+001 2.703854e+000
      endloop
   endfacet
   facet normal 1.417457e-001 1.417458e-001 9.797022e-001
      outer loop
         vertex -2.283786e+001 2.235606e+001 2.703854e+000
         vertex -2.108899e+001 2.521350e+001 2.037401e+000
         vertex -2.125537e+001 2.513271e+001 2.073162e+000
      endloop
   endfacet
   facet normal 1.417457e-001 1.417458e-001 9.797022e-001
      outer loop
         vertex -2.283786e+001 2.235606e+001 2.703854e+000
         vertex -2.125537e+001 2.513271e+001 2.073162e+000
         vertex -2.150396e+001 2.501203e+001 2.126589e+000
      endloop
   endfacet
   facet normal 1.417457e-001 1.417458e-001 9.797022e-001
      outer loop
         vertex -2.304789e+001 2.330364e+001 2.597142e+000
         vertex -2.306373e+001 2.280543e+001 2.671516e+000
         vertex -2.280059e+001 2.372167e+001 2.500881e+000
      endloop
   endfacet
   facet normal 1.417457e-001 1.417458e-001 9.797022e-001
      outer loop
         vertex -2.280059e+001 2.372167e+001 2.500881e+000
         vertex -2.306373e+001 2.280543e+001 2.671516e+000
         vertex -2.283786e+001 2.235606e+001 2.703854e+000
      endloop
   endfacet
   facet normal 1.417457e-001 1.417458e-001 9.797022e-001
      outer loop
         vertex -2.280059e+001 2.372167e+001 2.500881e+000
         vertex -2.283786e+001 2.235606e+001 2.703854e+000
         vertex -2.157306e+001 2.494919e+001 2.145678e+000
      endloop
   endfacet
   facet normal 1.417457e-001 1.417458e-001 9.797022e-001
      outer loop
         vertex -2.157306e+001 2.494919e+001 2.145678e+000
         vertex -2.283786e+001 2.235606e+001 2.703854e+000
         vertex -2.150396e+001 2.501203e+001 2.126589e+000
      endloop
   endfacet
   facet normal 1.417457e-001 1.417458e-001 9.797022e-001
      outer loop
         vertex 7.051908e+000 2.738753e+000 1.217610e+000
         vertex 6.515326e+000 4.850031e+000 9.897791e-001
         vertex 7.075133e+000 2.266603e+000 1.282562e+000
      endloop
   endfacet
   facet normal 1.417457e-001 1.417458e-001 9.797022e-001
      outer loop
         vertex 7.075133e+000 2.266603e+000 1.282562e+000
         vertex 6.515326e+000 4.850031e+000 9.897791e-001
         vertex 6.050771e+000 5.606768e+000 9.475054e-001
      endloop
   endfacet
   facet normal 1.417457e-001 1.417458e-001 9.797022e-001
      outer loop
         vertex 7.075133e+000 2.266603e+000 1.282562e+000
         vertex 6.050771e+000 5.606768e+000 9.475054e-001
         vertex 5.902949e+000 5.756237e+000 9.472672e-001
      endloop
   endfacet
   facet normal 1.417457e-001 1.417458e-001 9.797022e-001
      outer loop
         vertex 7.051908e+000 2.738753e+000 1.217610e+000
         vertex 6.900481e+000 3.824664e+000 1.082407e+000
         vertex 6.515326e+000 4.850031e+000 9.897791e-001
      endloop
   endfacet
   facet normal 1.417457e-001 1.417458e-001 9.797022e-001
      outer loop
         vertex 6.515326e+000 4.850031e+000 9.897791e-001
         vertex 6.900481e+000 3.824664e+000 1.082407e+000
         vertex 6.898006e+000 3.842412e+000 1.080197e+000
      endloop
   endfacet
   facet normal 1.417457e-001 1.417458e-001 9.797022e-001
      outer loop
         vertex 6.515326e+000 4.850031e+000 9.897791e-001
         vertex 6.898006e+000 3.842412e+000 1.080197e+000
         vertex 6.572369e+000 4.757111e+000 9.949700e-001
      endloop
   endfacet
   facet normal -5.658321e-001 1.040270e-001 8.179318e-001
      outer loop
         vertex 6.829914e+000 -8.972625e+000 3.108934e+000
         vertex 6.781458e+000 -8.979969e+000 3.063196e+000
         vertex 6.824665e+000 -9.004456e+000 3.094475e+000
      endloop
   endfacet
   facet normal -6.855015e-001 8.835479e-002 7.226903e-001
      outer loop
         vertex 6.829914e+000 -8.972625e+000 3.108934e+000
         vertex 6.824665e+000 -9.004456e+000 3.094475e+000
         vertex 6.949947e+000 -8.954433e+000 3.222236e+000
      endloop
   endfacet
   facet normal -7.538576e-001 6.586740e-002 6.537279e-001
      outer loop
         vertex 6.949947e+000 -8.954433e+000 3.222236e+000
         vertex 6.824665e+000 -9.004456e+000 3.094475e+000
         vertex 6.944206e+000 -9.062160e+000 3.220441e+000
      endloop
   endfacet
   facet normal -8.278177e-001 4.148280e-002 5.594614e-001
      outer loop
         vertex 6.949947e+000 -8.954433e+000 3.222236e+000
         vertex 6.944206e+000 -9.062160e+000 3.220441e+000
         vertex 6.954508e+000 -9.065076e+000 3.239410e+000
      endloop
   endfacet
   facet normal -9.784345e-001 -2.348296e-002 2.052179e-001
      outer loop
         vertex 7.038332e+000 -9.071694e+000 3.461215e+000
         vertex 7.031236e+000 -8.922416e+000 3.437478e+000
         vertex 7.006479e+000 -9.079780e+000 3.335102e+000
      endloop
   endfacet
   facet normal -9.451030e-001 1.291016e-002 3.265173e-001
      outer loop
         vertex 7.006479e+000 -9.079780e+000 3.335102e+000
         vertex 7.031236e+000 -8.922416e+000 3.437478e+000
         vertex 6.966502e+000 -8.948897e+000 3.259154e+000
      endloop
   endfacet
   facet normal -8.841442e-001 2.178920e-002 4.667058e-001
      outer loop
         vertex 7.006479e+000 -9.079780e+000 3.335102e+000
         vertex 6.966502e+000 -8.948897e+000 3.259154e+000
         vertex 6.954508e+000 -9.065076e+000 3.239410e+000
      endloop
   endfacet
   facet normal -8.519930e-001 4.697693e-002 5.214413e-001
      outer loop
         vertex 6.954508e+000 -9.065076e+000 3.239410e+000
         vertex 6.966502e+000 -8.948897e+000 3.259154e+000
         vertex 6.954741e+000 -8.953708e+000 3.226762e+000
      endloop
   endfacet
   facet normal -8.375376e-001 5.045246e-002 5.440453e-001
      outer loop
         vertex 6.954508e+000 -9.065076e+000 3.239410e+000
         vertex 6.954741e+000 -8.953708e+000 3.226762e+000
         vertex 6.949947e+000 -8.954433e+000 3.222236e+000
      endloop
   endfacet
   facet normal -1.602368e-001 -1.414168e-001 -9.768959e-001
      outer loop
         vertex 6.479309e+000 -8.850452e+000 2.458985e+000
         vertex 6.507455e+000 -8.850965e+000 2.454172e+000
         vertex 6.480178e+000 -8.904795e+000 2.466721e+000
      endloop
   endfacet
   facet normal -2.082991e-001 -1.404447e-001 -9.679291e-001
      outer loop
         vertex 6.480178e+000 -8.904795e+000 2.466721e+000
         vertex 6.507455e+000 -8.850965e+000 2.454172e+000
         vertex 6.549495e+000 -8.853488e+000 2.434756e+000
      endloop
   endfacet
   facet normal -3.019066e-001 -1.443333e-001 -9.423483e-001
      outer loop
         vertex 6.480178e+000 -8.904795e+000 2.466721e+000
         vertex 6.549495e+000 -8.853488e+000 2.434756e+000
         vertex 6.652611e+000 -9.044527e+000 2.426429e+000
      endloop
   endfacet
   facet normal -4.125566e-001 -1.389692e-001 -9.002692e-001
      outer loop
         vertex 6.652611e+000 -9.044527e+000 2.426429e+000
         vertex 6.549495e+000 -8.853488e+000 2.434756e+000
         vertex 6.644017e+000 -8.859159e+000 2.391100e+000
      endloop
   endfacet
   facet normal -4.869046e-001 -1.424912e-001 -8.617541e-001
      outer loop
         vertex 6.652611e+000 -9.044527e+000 2.426429e+000
         vertex 6.644017e+000 -8.859159e+000 2.391100e+000
         vertex 6.676577e+000 -9.063948e+000 2.420829e+000
      endloop
   endfacet
   facet normal -5.394837e-001 -1.316547e-001 -8.316395e-001
      outer loop
         vertex 6.676577e+000 -9.063948e+000 2.420829e+000
         vertex 6.644017e+000 -8.859159e+000 2.391100e+000
         vertex 6.723876e+000 -8.863951e+000 2.354216e+000
      endloop
   endfacet
   facet normal -6.372463e-001 -1.452715e-001 -7.568444e-001
      outer loop
         vertex 6.676577e+000 -9.063948e+000 2.420829e+000
         vertex 6.723876e+000 -8.863951e+000 2.354216e+000
         vertex 6.806577e+000 -9.186477e+000 2.321671e+000
      endloop
   endfacet
   facet normal -7.203941e-001 -1.262878e-001 -6.819705e-001
      outer loop
         vertex 6.806577e+000 -9.186477e+000 2.321671e+000
         vertex 6.723876e+000 -8.863951e+000 2.354216e+000
         vertex 6.788403e+000 -8.875030e+000 2.274292e+000
      endloop
   endfacet
   facet normal -7.875395e-001 -1.451265e-001 -5.989321e-001
      outer loop
         vertex 6.806577e+000 -9.186477e+000 2.321671e+000
         vertex 6.788403e+000 -8.875030e+000 2.274292e+000
         vertex 6.855334e+000 -9.232430e+000 2.284482e+000
      endloop
   endfacet
   facet normal -8.380005e-001 -1.127254e-001 -5.338991e-001
      outer loop
         vertex 6.788403e+000 -8.875030e+000 2.274292e+000
         vertex 6.864158e+000 -8.888034e+000 2.180460e+000
         vertex 6.855334e+000 -9.232430e+000 2.284482e+000
      endloop
   endfacet
   facet normal -8.914359e-001 -9.984552e-002 -4.420102e-001
      outer loop
         vertex 6.855334e+000 -9.232430e+000 2.284482e+000
         vertex 6.864158e+000 -8.888034e+000 2.180460e+000
         vertex 6.872504e+000 -8.893726e+000 2.140491e+000
      endloop
   endfacet
   facet normal -9.063300e-001 -1.372804e-001 -3.996497e-001
      outer loop
         vertex 6.855334e+000 -9.232430e+000 2.284482e+000
         vertex 6.872504e+000 -8.893726e+000 2.140491e+000
         vertex 6.917794e+000 -9.306410e+000 2.176768e+000
      endloop
   endfacet
   facet normal -9.421341e-001 -9.548388e-002 -3.213504e-001
      outer loop
         vertex 6.917794e+000 -9.306410e+000 2.176768e+000
         vertex 6.872504e+000 -8.893726e+000 2.140491e+000
         vertex 6.878337e+000 -8.897705e+000 2.112556e+000
      endloop
   endfacet
   facet normal -9.476550e-001 -1.360314e-001 -2.888695e-001
      outer loop
         vertex 6.917794e+000 -9.306410e+000 2.176768e+000
         vertex 6.878337e+000 -8.897705e+000 2.112556e+000
         vertex 6.928084e+000 -9.318599e+000 2.159021e+000
      endloop
   endfacet
   facet normal -9.813896e-001 -7.749198e-002 -1.756968e-001
      outer loop
         vertex 6.928084e+000 -9.318599e+000 2.159021e+000
         vertex 6.878337e+000 -8.897705e+000 2.112556e+000
         vertex 6.914565e+000 -8.922416e+000 1.939053e+000
      endloop
   endfacet
   facet normal -9.902062e-001 -1.171616e-001 -7.592677e-002
      outer loop
         vertex 6.928084e+000 -9.318599e+000 2.159021e+000
         vertex 6.914565e+000 -8.922416e+000 1.939053e+000
         vertex 6.954298e+000 -9.369308e+000 2.035982e+000
      endloop
   endfacet
   facet normal -9.934751e-001 -1.106238e-001 2.774119e-002
      outer loop
         vertex 6.954298e+000 -9.369308e+000 2.035982e+000
         vertex 6.914565e+000 -8.922416e+000 1.939053e+000
         vertex 6.955009e+000 -9.376722e+000 2.008756e+000
      endloop
   endfacet
   facet normal 3.777845e-001 3.118611e-001 -8.717921e-001
      outer loop
         vertex 1.271031e+001 -9.075073e+000 2.362824e+000
         vertex 1.284628e+001 -9.104060e+000 2.441695e+000
         vertex 1.288407e+001 -9.176080e+000 2.431406e+000
      endloop
   endfacet
   facet normal 9.999311e-001 -2.380119e-003 -1.149335e-002
      outer loop
         vertex 1.249284e+001 -8.922414e+000 1.970148e+000
         vertex 1.250426e+001 -8.956136e+000 2.055223e+000
         vertex 1.248765e+001 -9.136418e+000 1.901928e+000
      endloop
   endfacet
   facet normal 9.949534e-001 8.956660e-003 -9.993720e-002
      outer loop
         vertex 1.248765e+001 -9.136418e+000 1.901928e+000
         vertex 1.250426e+001 -8.956136e+000 2.055223e+000
         vertex 1.250430e+001 -9.064326e+000 2.061811e+000
      endloop
   endfacet
   facet normal 9.865133e-001 -2.027984e-002 -1.624197e-001
      outer loop
         vertex 1.248765e+001 -9.136418e+000 1.901928e+000
         vertex 1.250430e+001 -9.064326e+000 2.061811e+000
         vertex 1.252239e+001 -9.166013e+000 2.077317e+000
      endloop
   endfacet
   facet normal 9.554718e-001 2.162581e-003 -2.950748e-001
      outer loop
         vertex 1.252239e+001 -9.166013e+000 2.077317e+000
         vertex 1.250430e+001 -9.064326e+000 2.061811e+000
         vertex 1.252748e+001 -9.170346e+000 2.102999e+000
      endloop
   endfacet
   facet normal 1.881350e-001 1.775167e-001 -9.659674e-001
      outer loop
         vertex 1.288407e+001 -9.176080e+000 2.431406e+000
         vertex 1.292143e+001 -9.247268e+000 2.421236e+000
         vertex 1.289381e+001 -9.244647e+000 2.416828e+000
      endloop
   endfacet
   facet normal 5.827347e-001 2.743117e-001 -7.649662e-001
      outer loop
         vertex 1.269594e+001 -9.072011e+000 2.354491e+000
         vertex 1.271031e+001 -9.075073e+000 2.362824e+000
         vertex 1.272223e+001 -9.152882e+000 2.363253e+000
      endloop
   endfacet
   facet normal 4.606942e-001 2.618153e-001 -8.480645e-001
      outer loop
         vertex 1.272223e+001 -9.152882e+000 2.363253e+000
         vertex 1.271031e+001 -9.075073e+000 2.362824e+000
         vertex 1.288407e+001 -9.176080e+000 2.431406e+000
      endloop
   endfacet
   facet normal 3.599295e-001 1.987660e-001 -9.115607e-001
      outer loop
         vertex 1.272223e+001 -9.152882e+000 2.363253e+000
         vertex 1.288407e+001 -9.176080e+000 2.431406e+000
         vertex 1.284683e+001 -9.238077e+000 2.395689e+000
      endloop
   endfacet
   facet normal 2.391807e-001 1.723503e-001 -9.555564e-001
      outer loop
         vertex 1.284683e+001 -9.238077e+000 2.395689e+000
         vertex 1.288407e+001 -9.176080e+000 2.431406e+000
         vertex 1.289381e+001 -9.244647e+000 2.416828e+000
      endloop
   endfacet
   facet normal 4.412591e-001 1.470893e-001 -8.852430e-001
      outer loop
         vertex 1.284683e+001 -9.238077e+000 2.395689e+000
         vertex 1.275917e+001 -9.225818e+000 2.356245e+000
         vertex 1.272223e+001 -9.152882e+000 2.363253e+000
      endloop
   endfacet
   facet normal 5.490589e-001 1.302003e-001 -8.255799e-001
      outer loop
         vertex 1.272223e+001 -9.152882e+000 2.363253e+000
         vertex 1.275917e+001 -9.225818e+000 2.356245e+000
         vertex 1.267787e+001 -9.214447e+000 2.319661e+000
      endloop
   endfacet
   facet normal 6.729300e-001 1.415021e-001 -7.260457e-001
      outer loop
         vertex 1.272223e+001 -9.152882e+000 2.363253e+000
         vertex 1.267787e+001 -9.214447e+000 2.319661e+000
         vertex 1.258262e+001 -9.113549e+000 2.233344e+000
      endloop
   endfacet
   facet normal 6.283383e-001 2.620926e-001 -7.324605e-001
      outer loop
         vertex 1.269594e+001 -9.072011e+000 2.354491e+000
         vertex 1.272223e+001 -9.152882e+000 2.363253e+000
         vertex 1.263625e+001 -9.059285e+000 2.319865e+000
      endloop
   endfacet
   facet normal 7.043282e-001 2.064604e-001 -6.791877e-001
      outer loop
         vertex 1.263625e+001 -9.059285e+000 2.319865e+000
         vertex 1.272223e+001 -9.152882e+000 2.363253e+000
         vertex 1.258262e+001 -9.113549e+000 2.233344e+000
      endloop
   endfacet
   facet normal 7.884433e-001 2.101122e-001 -5.781090e-001
      outer loop
         vertex 1.263625e+001 -9.059285e+000 2.319865e+000
         vertex 1.258262e+001 -9.113549e+000 2.233344e+000
         vertex 1.259532e+001 -9.034117e+000 2.254896e+000
      endloop
   endfacet
   facet normal 7.148886e-001 9.200630e-002 -6.931588e-001
      outer loop
         vertex 1.267787e+001 -9.214447e+000 2.319661e+000
         vertex 1.265167e+001 -9.207576e+000 2.287158e+000
         vertex 1.258262e+001 -9.113549e+000 2.233344e+000
      endloop
   endfacet
   facet normal 7.613924e-001 8.093402e-002 -6.432195e-001
      outer loop
         vertex 1.258262e+001 -9.113549e+000 2.233344e+000
         vertex 1.265167e+001 -9.207576e+000 2.287158e+000
         vertex 1.261351e+001 -9.197568e+000 2.239818e+000
      endloop
   endfacet
   facet normal 8.739100e-001 7.205603e-002 -4.807175e-001
      outer loop
         vertex 1.258262e+001 -9.113549e+000 2.233344e+000
         vertex 1.261351e+001 -9.197568e+000 2.239818e+000
         vertex 1.250430e+001 -9.064326e+000 2.061811e+000
      endloop
   endfacet
   facet normal 8.988782e-001 2.845504e-002 -4.372739e-001
      outer loop
         vertex 1.250430e+001 -9.064326e+000 2.061811e+000
         vertex 1.261351e+001 -9.197568e+000 2.239818e+000
         vertex 1.253539e+001 -9.177078e+000 2.142900e+000
      endloop
   endfacet
   facet normal 9.412984e-001 9.751607e-003 -3.374347e-001
      outer loop
         vertex 1.250430e+001 -9.064326e+000 2.061811e+000
         vertex 1.253539e+001 -9.177078e+000 2.142900e+000
         vertex 1.252748e+001 -9.170346e+000 2.102999e+000
      endloop
   endfacet
   facet normal 9.778416e-001 7.322828e-002 -1.961212e-001
      outer loop
         vertex 1.250426e+001 -8.956136e+000 2.055223e+000
         vertex 1.251272e+001 -8.981091e+000 2.118183e+000
         vertex 1.250430e+001 -9.064326e+000 2.061811e+000
      endloop
   endfacet
   facet normal 9.661201e-001 9.109862e-002 -2.414810e-001
      outer loop
         vertex 1.250430e+001 -9.064326e+000 2.061811e+000
         vertex 1.251272e+001 -8.981091e+000 2.118183e+000
         vertex 1.251367e+001 -8.983910e+000 2.125289e+000
      endloop
   endfacet
   facet normal 9.319237e-001 9.747971e-002 -3.493077e-001
      outer loop
         vertex 1.250430e+001 -9.064326e+000 2.061811e+000
         vertex 1.251367e+001 -8.983910e+000 2.125289e+000
         vertex 1.258262e+001 -9.113549e+000 2.233344e+000
      endloop
   endfacet
   facet normal 8.899841e-001 1.527469e-001 -4.296471e-001
      outer loop
         vertex 1.258262e+001 -9.113549e+000 2.233344e+000
         vertex 1.251367e+001 -8.983910e+000 2.125289e+000
         vertex 1.257373e+001 -9.020842e+000 2.220628e+000
      endloop
   endfacet
   facet normal 8.360799e-001 1.863721e-001 -5.159804e-001
      outer loop
         vertex 1.258262e+001 -9.113549e+000 2.233344e+000
         vertex 1.257373e+001 -9.020842e+000 2.220628e+000
         vertex 1.259532e+001 -9.034117e+000 2.254896e+000
      endloop
   endfacet
   facet normal 3.641170e-001 1.057760e-001 -9.253271e-001
      outer loop
         vertex 1.275917e+001 -9.225818e+000 2.356245e+000
         vertex 1.284683e+001 -9.238077e+000 2.395689e+000
         vertex 1.272801e+001 -9.842778e+000 2.298002e+000
      endloop
   endfacet
   facet normal 1.596771e-001 1.401479e-001 -9.771703e-001
      outer loop
         vertex 1.289381e+001 -9.244647e+000 2.416828e+000
         vertex 1.292143e+001 -9.247268e+000 2.421236e+000
         vertex 1.279742e+001 -9.865614e+000 2.313831e+000
      endloop
   endfacet
   facet normal 1.831376e-001 3.216862e-002 -9.825609e-001
      outer loop
         vertex 1.184885e+001 -1.146113e+001 1.945748e+000
         vertex 1.115091e+001 -1.194771e+001 1.774368e+000
         vertex 1.072242e+001 -1.194341e+001 1.680735e+000
      endloop
   endfacet
   facet normal 1.833115e-001 3.196473e-002 -9.825350e-001
      outer loop
         vertex 1.072242e+001 -1.194341e+001 1.680735e+000
         vertex 1.115091e+001 -1.194771e+001 1.774368e+000
         vertex 1.077217e+001 -1.208591e+001 1.699575e+000
      endloop
   endfacet
   facet normal 1.833885e-001 3.185741e-002 -9.825242e-001
      outer loop
         vertex 1.072242e+001 -1.194341e+001 1.680735e+000
         vertex 1.077217e+001 -1.208591e+001 1.699575e+000
         vertex 1.034718e+001 -1.224099e+001 1.615649e+000
      endloop
   endfacet
   facet normal 2.076555e-001 9.090681e-002 -9.739687e-001
      outer loop
         vertex 1.238745e+001 -1.083043e+001 2.114924e+000
         vertex 1.217237e+001 -1.091691e+001 2.054861e+000
         vertex 1.257394e+001 -1.044764e+001 2.197288e+000
      endloop
   endfacet
   facet normal 2.715577e-001 5.703032e-002 -9.607310e-001
      outer loop
         vertex 1.257394e+001 -1.044764e+001 2.197288e+000
         vertex 1.217237e+001 -1.091691e+001 2.054861e+000
         vertex 1.250103e+001 -1.040858e+001 2.180017e+000
      endloop
   endfacet
   facet normal 2.059727e-001 1.090070e-001 -9.724674e-001
      outer loop
         vertex 1.257394e+001 -1.044764e+001 2.197288e+000
         vertex 1.250103e+001 -1.040858e+001 2.180017e+000
         vertex 1.275538e+001 -1.007521e+001 2.277424e+000
      endloop
   endfacet
   facet normal 2.650598e-001 9.086051e-002 -9.599415e-001
      outer loop
         vertex 1.275538e+001 -1.007521e+001 2.277424e+000
         vertex 1.250103e+001 -1.040858e+001 2.180017e+000
         vertex 1.272801e+001 -9.842778e+000 2.298002e+000
      endloop
   endfacet
   facet normal 2.008560e-001 1.244785e-001 -9.716800e-001
      outer loop
         vertex 1.275538e+001 -1.007521e+001 2.277424e+000
         vertex 1.272801e+001 -9.842778e+000 2.298002e+000
         vertex 1.279742e+001 -9.865614e+000 2.313831e+000
      endloop
   endfacet
   facet normal 2.526805e-001 1.190507e-001 -9.601976e-001
      outer loop
         vertex 1.279742e+001 -9.865614e+000 2.313831e+000
         vertex 1.272801e+001 -9.842778e+000 2.298002e+000
         vertex 1.284683e+001 -9.238077e+000 2.395689e+000
      endloop
   endfacet
   facet normal 2.117508e-001 1.350646e-001 -9.679459e-001
      outer loop
         vertex 1.279742e+001 -9.865614e+000 2.313831e+000
         vertex 1.284683e+001 -9.238077e+000 2.395689e+000
         vertex 1.289381e+001 -9.244647e+000 2.416828e+000
      endloop
   endfacet
   facet normal 7.155004e-001 1.954812e-002 -6.983387e-001
      outer loop
         vertex 1.261351e+001 -9.197568e+000 2.239818e+000
         vertex 1.265167e+001 -9.207576e+000 2.287158e+000
         vertex 1.254050e+001 -9.772241e+000 2.186702e+000
      endloop
   endfacet
   facet normal 6.662482e-001 3.026311e-002 -7.451157e-001
      outer loop
         vertex 1.254050e+001 -9.772241e+000 2.186702e+000
         vertex 1.265167e+001 -9.207576e+000 2.287158e+000
         vertex 1.267787e+001 -9.214447e+000 2.319661e+000
      endloop
   endfacet
   facet normal 5.989863e-001 4.319848e-002 -7.995932e-001
      outer loop
         vertex 1.267787e+001 -9.214447e+000 2.319661e+000
         vertex 1.275917e+001 -9.225818e+000 2.356245e+000
         vertex 1.254050e+001 -9.772241e+000 2.186702e+000
      endloop
   endfacet
   facet normal 5.019585e-001 4.740450e-002 -8.635916e-001
      outer loop
         vertex 1.254050e+001 -9.772241e+000 2.186702e+000
         vertex 1.275917e+001 -9.225818e+000 2.356245e+000
         vertex 1.272801e+001 -9.842778e+000 2.298002e+000
      endloop
   endfacet
   facet normal 5.721272e-001 -4.476789e-002 -8.189422e-001
      outer loop
         vertex 1.254050e+001 -9.772241e+000 2.186702e+000
         vertex 1.272801e+001 -9.842778e+000 2.298002e+000
         vertex 1.233064e+001 -1.030217e+001 2.069716e+000
      endloop
   endfacet
   facet normal 4.504336e-001 -1.327964e-002 -8.927112e-001
      outer loop
         vertex 1.233064e+001 -1.030217e+001 2.069716e+000
         vertex 1.272801e+001 -9.842778e+000 2.298002e+000
         vertex 1.250103e+001 -1.040858e+001 2.180017e+000
      endloop
   endfacet
   facet normal 5.563225e-001 -1.408234e-001 -8.189470e-001
      outer loop
         vertex 1.233064e+001 -1.030217e+001 2.069716e+000
         vertex 1.250103e+001 -1.040858e+001 2.180017e+000
         vertex 1.202536e+001 -1.077927e+001 1.945443e+000
      endloop
   endfacet
   facet normal 4.426050e-001 -8.777612e-002 -8.924104e-001
      outer loop
         vertex 1.202536e+001 -1.077927e+001 1.945443e+000
         vertex 1.250103e+001 -1.040858e+001 2.180017e+000
         vertex 1.217237e+001 -1.091691e+001 2.054861e+000
      endloop
   endfacet
   facet normal 5.211241e-001 -2.370337e-001 -8.199053e-001
      outer loop
         vertex 1.202536e+001 -1.077927e+001 1.945443e+000
         vertex 1.217237e+001 -1.091691e+001 2.054861e+000
         vertex 1.163698e+001 -1.118764e+001 1.818285e+000
      endloop
   endfacet
   facet normal 4.184860e-001 -1.645449e-001 -8.931934e-001
      outer loop
         vertex 1.163698e+001 -1.118764e+001 1.818285e+000
         vertex 1.217237e+001 -1.091691e+001 2.054861e+000
         vertex 1.175553e+001 -1.135090e+001 1.926986e+000
      endloop
   endfacet
   facet normal 7.330221e-001 -6.590163e-001 -1.684520e-001
      outer loop
         vertex 1.157200e+001 -1.102938e+001 1.532210e+000
         vertex 1.193801e+001 -1.061626e+001 1.560082e+000
         vertex 1.157640e+001 -1.106521e+001 1.634256e+000
      endloop
   endfacet
   facet normal 7.707874e-001 -5.914682e-001 -2.367531e-001
      outer loop
         vertex 1.157640e+001 -1.106521e+001 1.634256e+000
         vertex 1.193801e+001 -1.061626e+001 1.560082e+000
         vertex 1.194312e+001 -1.067108e+001 1.760904e+000
      endloop
   endfacet
   facet normal 7.073432e-001 -5.590921e-001 -4.325292e-001
      outer loop
         vertex 1.157640e+001 -1.106521e+001 1.634256e+000
         vertex 1.194312e+001 -1.067108e+001 1.760904e+000
         vertex 1.159795e+001 -1.111868e+001 1.732405e+000
      endloop
   endfacet
   facet normal 8.093646e-001 -5.785800e-001 -1.008670e-001
      outer loop
         vertex 1.193801e+001 -1.061626e+001 1.560082e+000
         vertex 1.194388e+001 -1.061034e+001 1.562068e+000
         vertex 1.194312e+001 -1.067108e+001 1.760904e+000
      endloop
   endfacet
   facet normal 8.154739e-001 -5.699744e-001 -1.006560e-001
      outer loop
         vertex 1.194312e+001 -1.067108e+001 1.760904e+000
         vertex 1.194388e+001 -1.061034e+001 1.562068e+000
         vertex 1.198162e+001 -1.054055e+001 1.580171e+000
      endloop
   endfacet
   facet normal 8.426200e-001 -4.844604e-001 -2.351375e-001
      outer loop
         vertex 1.194312e+001 -1.067108e+001 1.760904e+000
         vertex 1.198162e+001 -1.054055e+001 1.580171e+000
         vertex 1.222933e+001 -1.021317e+001 1.884402e+000
      endloop
   endfacet
   facet normal 8.793973e-001 -4.656762e-001 -9.902585e-002
      outer loop
         vertex 1.198162e+001 -1.054055e+001 1.580171e+000
         vertex 1.219259e+001 -1.015039e+001 1.681375e+000
         vertex 1.222933e+001 -1.021317e+001 1.884402e+000
      endloop
   endfacet
   facet normal 9.168223e-001 -3.873236e-001 -9.704276e-002
      outer loop
         vertex 1.222933e+001 -1.021317e+001 1.884402e+000
         vertex 1.219259e+001 -1.015039e+001 1.681375e+000
         vertex 1.232144e+001 -9.912096e+000 1.743187e+000
      endloop
   endfacet
   facet normal 9.258873e-001 -2.985195e-001 -2.315572e-001
      outer loop
         vertex 1.222933e+001 -1.021317e+001 1.884402e+000
         vertex 1.232144e+001 -9.912096e+000 1.743187e+000
         vertex 1.242406e+001 -9.706954e+000 2.000410e+000
      endloop
   endfacet
   facet normal 9.577282e-001 -2.714432e-001 -9.526429e-002
      outer loop
         vertex 1.242406e+001 -9.706954e+000 2.000410e+000
         vertex 1.232144e+001 -9.912096e+000 1.743187e+000
         vertex 1.237596e+001 -9.657691e+000 1.795251e+000
      endloop
   endfacet
   facet normal 9.685255e-001 -2.303536e-001 -9.431650e-002
      outer loop
         vertex 1.242406e+001 -9.706954e+000 2.000410e+000
         vertex 1.237596e+001 -9.657691e+000 1.795251e+000
         vertex 1.239470e+001 -9.570226e+000 1.813150e+000
      endloop
   endfacet
   facet normal 9.907590e-001 -1.118033e-001 -7.678979e-002
      outer loop
         vertex 1.239470e+001 -9.570226e+000 1.813150e+000
         vertex 1.248765e+001 -9.136418e+000 1.901928e+000
         vertex 1.252239e+001 -9.166013e+000 2.077317e+000
      endloop
   endfacet
   facet normal 2.097166e-002 -9.987099e-001 -4.624524e-002
      outer loop
         vertex 9.612612e+000 -1.175887e+001 1.078079e+000
         vertex 9.626824e+000 -1.174057e+001 9.805588e-001
         vertex 9.956738e+000 -1.172918e+001 1.038809e+000
      endloop
   endfacet
   facet normal 3.061083e-001 -9.509260e-001 -4.513720e-002
      outer loop
         vertex 1.023293e+001 -1.166400e+001 1.096307e+000
         vertex 1.067716e+001 -1.155916e+001 1.188784e+000
         vertex 1.066375e+001 -1.157695e+001 1.286813e+000
      endloop
   endfacet
   facet normal 3.607164e-001 -9.317485e-001 -4.157392e-002
      outer loop
         vertex 1.066375e+001 -1.157695e+001 1.286813e+000
         vertex 1.067716e+001 -1.155916e+001 1.188784e+000
         vertex 1.070928e+001 -1.155158e+001 1.195471e+000
      endloop
   endfacet
   facet normal 6.135916e-001 -7.887115e-001 -3.794193e-002
      outer loop
         vertex 1.121698e+001 -1.126892e+001 1.328650e+000
         vertex 1.138097e+001 -1.117762e+001 1.371668e+000
         vertex 1.157200e+001 -1.102938e+001 1.532210e+000
      endloop
   endfacet
   facet normal 6.548138e-001 -7.549326e-001 -3.599387e-002
      outer loop
         vertex 1.157200e+001 -1.102938e+001 1.532210e+000
         vertex 1.138097e+001 -1.117762e+001 1.371668e+000
         vertex 1.156428e+001 -1.099289e+001 1.433671e+000
      endloop
   endfacet
   facet normal 7.232349e-001 -6.897457e-001 -3.438205e-002
      outer loop
         vertex 1.157200e+001 -1.102938e+001 1.532210e+000
         vertex 1.156428e+001 -1.099289e+001 1.433671e+000
         vertex 1.193801e+001 -1.061626e+001 1.560082e+000
      endloop
   endfacet
   facet normal 1.411408e-001 7.611541e-002 -9.870591e-001
      outer loop
         vertex 9.540895e+000 -1.231996e+001 1.487574e+000
         vertex 9.544228e+000 -1.221997e+001 1.481577e+000
         vertex 1.034718e+001 -1.224099e+001 1.615649e+000
      endloop
   endfacet
   facet normal 1.379302e-001 -6.129212e-002 -9.885436e-001
      outer loop
         vertex 1.034718e+001 -1.224099e+001 1.615649e+000
         vertex 9.544228e+000 -1.221997e+001 1.481577e+000
         vertex 9.547809e+000 -1.211250e+001 1.475131e+000
      endloop
   endfacet
   facet normal 1.794656e-001 -1.066651e-001 -9.779645e-001
      outer loop
         vertex 1.034718e+001 -1.224099e+001 1.615649e+000
         vertex 9.547809e+000 -1.211250e+001 1.475131e+000
         vertex 1.072242e+001 -1.194341e+001 1.680735e+000
      endloop
   endfacet
   facet normal 1.678897e-001 -3.135254e-001 -9.346202e-001
      outer loop
         vertex 1.072242e+001 -1.194341e+001 1.680735e+000
         vertex 9.547809e+000 -1.211250e+001 1.475131e+000
         vertex 9.557772e+000 -1.201319e+001 1.422004e+000
      endloop
   endfacet
   facet normal 2.493825e-001 -4.224843e-001 -8.713871e-001
      outer loop
         vertex 1.072242e+001 -1.194341e+001 1.680735e+000
         vertex 9.557772e+000 -1.201319e+001 1.422004e+000
         vertex 1.067078e+001 -1.174789e+001 1.572886e+000
      endloop
   endfacet
   facet normal 1.892163e-001 -5.781915e-001 -7.936572e-001
      outer loop
         vertex 1.067078e+001 -1.174789e+001 1.572886e+000
         vertex 9.557772e+000 -1.201319e+001 1.422004e+000
         vertex 9.568004e+000 -1.191120e+001 1.367442e+000
      endloop
   endfacet
   facet normal 2.821056e-001 -6.653036e-001 -6.912217e-001
      outer loop
         vertex 1.067078e+001 -1.174789e+001 1.572886e+000
         vertex 9.568004e+000 -1.191120e+001 1.367442e+000
         vertex 1.065849e+001 -1.166942e+001 1.487183e+000
      endloop
   endfacet
   facet normal 1.809105e-001 -7.485501e-001 -6.379218e-001
      outer loop
         vertex 1.065849e+001 -1.166942e+001 1.487183e+000
         vertex 9.568004e+000 -1.191120e+001 1.367442e+000
         vertex 9.582866e+000 -1.184399e+001 1.273933e+000
      endloop
   endfacet
   facet normal 2.831361e-001 -8.103243e-001 -5.130385e-001
      outer loop
         vertex 1.065849e+001 -1.166942e+001 1.487183e+000
         vertex 9.582866e+000 -1.184399e+001 1.273933e+000
         vertex 1.065647e+001 -1.161181e+001 1.389028e+000
      endloop
   endfacet
   facet normal 1.630977e-001 -8.778021e-001 -4.504028e-001
      outer loop
         vertex 1.065647e+001 -1.161181e+001 1.389028e+000
         vertex 9.582866e+000 -1.184399e+001 1.273933e+000
         vertex 9.597339e+000 -1.177853e+001 1.182876e+000
      endloop
   endfacet
   facet normal 2.698850e-001 -9.103248e-001 -3.138006e-001
      outer loop
         vertex 1.065647e+001 -1.161181e+001 1.389028e+000
         vertex 9.597339e+000 -1.177853e+001 1.182876e+000
         vertex 1.066375e+001 -1.157695e+001 1.286813e+000
      endloop
   endfacet
   facet normal 1.379377e-001 -9.590181e-001 -2.475026e-001
      outer loop
         vertex 1.066375e+001 -1.157695e+001 1.286813e+000
         vertex 9.597339e+000 -1.177853e+001 1.182876e+000
         vertex 9.612612e+000 -1.175887e+001 1.078079e+000
      endloop
   endfacet
   facet normal 1.917264e-001 -9.748676e-001 -1.134645e-001
      outer loop
         vertex 1.066375e+001 -1.157695e+001 1.286813e+000
         vertex 9.612612e+000 -1.175887e+001 1.078079e+000
         vertex 1.023293e+001 -1.166400e+001 1.096307e+000
      endloop
   endfacet
   facet normal 9.429621e-002 -9.943777e-001 -4.817913e-002
      outer loop
         vertex 1.023293e+001 -1.166400e+001 1.096307e+000
         vertex 9.612612e+000 -1.175887e+001 1.078079e+000
         vertex 9.956738e+000 -1.172918e+001 1.038809e+000
      endloop
   endfacet
   facet normal 9.658315e-001 -1.470104e-001 -2.134418e-001
      outer loop
         vertex 1.239470e+001 -9.570226e+000 1.813150e+000
         vertex 1.252239e+001 -9.166013e+000 2.077317e+000
         vertex 1.242406e+001 -9.706954e+000 2.000410e+000
      endloop
   endfacet
   facet normal 9.369324e-001 -6.973723e-002 -3.424827e-001
      outer loop
         vertex 1.242406e+001 -9.706954e+000 2.000410e+000
         vertex 1.252239e+001 -9.166013e+000 2.077317e+000
         vertex 1.252748e+001 -9.170346e+000 2.102999e+000
      endloop
   endfacet
   facet normal 9.214373e-001 -6.234483e-002 -3.834925e-001
      outer loop
         vertex 1.242406e+001 -9.706954e+000 2.000410e+000
         vertex 1.252748e+001 -9.170346e+000 2.102999e+000
         vertex 1.253539e+001 -9.177078e+000 2.142900e+000
      endloop
   endfacet
   facet normal 8.745504e-001 -4.423775e-002 -4.829126e-001
      outer loop
         vertex 1.253539e+001 -9.177078e+000 2.142900e+000
         vertex 1.261351e+001 -9.197568e+000 2.239818e+000
         vertex 1.242406e+001 -9.706954e+000 2.000410e+000
      endloop
   endfacet
   facet normal 8.076202e-001 -6.302761e-002 -5.863251e-001
      outer loop
         vertex 1.242406e+001 -9.706954e+000 2.000410e+000
         vertex 1.261351e+001 -9.197568e+000 2.239818e+000
         vertex 1.254050e+001 -9.772241e+000 2.186702e+000
      endloop
   endfacet
   facet normal 8.466861e-001 -1.965943e-001 -4.944426e-001
      outer loop
         vertex 1.242406e+001 -9.706954e+000 2.000410e+000
         vertex 1.254050e+001 -9.772241e+000 2.186702e+000
         vertex 1.222933e+001 -1.021317e+001 1.884402e+000
      endloop
   endfacet
   facet normal 7.608299e-001 -1.926463e-001 -6.196977e-001
      outer loop
         vertex 1.222933e+001 -1.021317e+001 1.884402e+000
         vertex 1.254050e+001 -9.772241e+000 2.186702e+000
         vertex 1.233064e+001 -1.030217e+001 2.069716e+000
      endloop
   endfacet
   facet normal 7.962584e-001 -3.460339e-001 -4.962186e-001
      outer loop
         vertex 1.222933e+001 -1.021317e+001 1.884402e+000
         vertex 1.233064e+001 -1.030217e+001 2.069716e+000
         vertex 1.194312e+001 -1.067108e+001 1.760904e+000
      endloop
   endfacet
   facet normal 7.128944e-001 -3.255050e-001 -6.211506e-001
      outer loop
         vertex 1.194312e+001 -1.067108e+001 1.760904e+000
         vertex 1.233064e+001 -1.030217e+001 2.069716e+000
         vertex 1.202536e+001 -1.077927e+001 1.945443e+000
      endloop
   endfacet
   facet normal 6.976216e-001 -4.464259e-001 -5.603820e-001
      outer loop
         vertex 1.194312e+001 -1.067108e+001 1.760904e+000
         vertex 1.202536e+001 -1.077927e+001 1.945443e+000
         vertex 1.159795e+001 -1.111868e+001 1.732405e+000
      endloop
   endfacet
   facet normal 6.133165e-001 -4.067934e-001 -6.770244e-001
      outer loop
         vertex 1.159795e+001 -1.111868e+001 1.732405e+000
         vertex 1.202536e+001 -1.077927e+001 1.945443e+000
         vertex 1.163698e+001 -1.118764e+001 1.818285e+000
      endloop
   endfacet
   facet normal 2.077226e-001 9.092869e-002 -9.739524e-001
      outer loop
         vertex 1.238745e+001 -1.083043e+001 2.114924e+000
         vertex 1.225685e+001 -1.098336e+001 2.073902e+000
         vertex 1.217237e+001 -1.091691e+001 2.054861e+000
      endloop
   endfacet
   facet normal 2.077117e-001 9.101058e-002 -9.739471e-001
      outer loop
         vertex 1.217237e+001 -1.091691e+001 2.054861e+000
         vertex 1.225685e+001 -1.098336e+001 2.073902e+000
         vertex 1.184885e+001 -1.146113e+001 1.945748e+000
      endloop
   endfacet
   facet normal 2.704399e-001 1.874620e-002 -9.625543e-001
      outer loop
         vertex 1.217237e+001 -1.091691e+001 2.054861e+000
         vertex 1.184885e+001 -1.146113e+001 1.945748e+000
         vertex 1.175553e+001 -1.135090e+001 1.926986e+000
      endloop
   endfacet
   facet normal 2.454973e-001 -4.058195e-002 -9.685475e-001
      outer loop
         vertex 1.175553e+001 -1.135090e+001 1.926986e+000
         vertex 1.184885e+001 -1.146113e+001 1.945748e+000
         vertex 1.072242e+001 -1.194341e+001 1.680735e+000
      endloop
   endfacet
   facet normal 3.909981e-001 -2.241261e-001 -8.926858e-001
      outer loop
         vertex 1.175553e+001 -1.135090e+001 1.926986e+000
         vertex 1.072242e+001 -1.194341e+001 1.680735e+000
         vertex 1.163698e+001 -1.118764e+001 1.818285e+000
      endloop
   endfacet
   facet normal 4.038065e-001 -3.964031e-001 -8.245028e-001
      outer loop
         vertex 1.163698e+001 -1.118764e+001 1.818285e+000
         vertex 1.072242e+001 -1.194341e+001 1.680735e+000
         vertex 1.067078e+001 -1.174789e+001 1.572886e+000
      endloop
   endfacet
   facet normal 5.264232e-001 -5.065222e-001 -6.828719e-001
      outer loop
         vertex 1.163698e+001 -1.118764e+001 1.818285e+000
         vertex 1.067078e+001 -1.174789e+001 1.572886e+000
         vertex 1.159795e+001 -1.111868e+001 1.732405e+000
      endloop
   endfacet
   facet normal 4.679735e-001 -6.205865e-001 -6.291845e-001
      outer loop
         vertex 1.159795e+001 -1.111868e+001 1.732405e+000
         vertex 1.067078e+001 -1.174789e+001 1.572886e+000
         vertex 1.065849e+001 -1.166942e+001 1.487183e+000
      endloop
   endfacet
   facet normal 5.767023e-001 -6.421766e-001 -5.049987e-001
      outer loop
         vertex 1.159795e+001 -1.111868e+001 1.732405e+000
         vertex 1.065849e+001 -1.166942e+001 1.487183e+000
         vertex 1.157640e+001 -1.106521e+001 1.634256e+000
      endloop
   endfacet
   facet normal 4.932307e-001 -7.489715e-001 -4.424535e-001
      outer loop
         vertex 1.157640e+001 -1.106521e+001 1.634256e+000
         vertex 1.065849e+001 -1.166942e+001 1.487183e+000
         vertex 1.065647e+001 -1.161181e+001 1.389028e+000
      endloop
   endfacet
   facet normal 5.965797e-001 -7.417176e-001 -3.065088e-001
      outer loop
         vertex 1.157640e+001 -1.106521e+001 1.634256e+000
         vertex 1.065647e+001 -1.161181e+001 1.389028e+000
         vertex 1.157200e+001 -1.102938e+001 1.532210e+000
      endloop
   endfacet
   facet normal 4.933433e-001 -8.358724e-001 -2.406858e-001
      outer loop
         vertex 1.157200e+001 -1.102938e+001 1.532210e+000
         vertex 1.065647e+001 -1.161181e+001 1.389028e+000
         vertex 1.066375e+001 -1.157695e+001 1.286813e+000
      endloop
   endfacet
   facet normal 5.438296e-001 -8.325121e-001 -1.057025e-001
      outer loop
         vertex 1.157200e+001 -1.102938e+001 1.532210e+000
         vertex 1.066375e+001 -1.157695e+001 1.286813e+000
         vertex 1.121698e+001 -1.126892e+001 1.328650e+000
      endloop
   endfacet
   facet normal 4.282500e-001 -9.027014e-001 -4.161804e-002
      outer loop
         vertex 1.121698e+001 -1.126892e+001 1.328650e+000
         vertex 1.066375e+001 -1.157695e+001 1.286813e+000
         vertex 1.070928e+001 -1.155158e+001 1.195471e+000
      endloop
   endfacet
   facet normal -4.810491e-001 -8.709812e-001 -9.991778e-002
      outer loop
         vertex 8.500744e+000 -1.145444e+001 1.401232e+000
         vertex 8.598063e+000 -1.150926e+001 1.366877e+000
         vertex 8.642484e+000 -1.155344e+001 1.461921e+000
      endloop
   endfacet
   facet normal -4.320790e-001 -9.018058e-001 -7.353733e-003
      outer loop
         vertex 8.598063e+000 -1.150926e+001 1.366877e+000
         vertex 8.500744e+000 -1.145444e+001 1.401232e+000
         vertex 8.583340e+000 -1.149325e+001 1.332144e+000
      endloop
   endfacet
   facet normal -4.002458e-001 -9.132367e-001 -7.617025e-002
      outer loop
         vertex 8.683293e+000 -1.154021e+001 1.248538e+000
         vertex 8.733455e+000 -1.156402e+001 1.237004e+000
         vertex 8.776146e+000 -1.159811e+001 1.340297e+000
      endloop
   endfacet
   facet normal -5.541855e-001 -5.112504e-001 -6.568878e-001
      outer loop
         vertex 8.834042e+000 -1.180252e+001 1.589856e+000
         vertex 8.831594e+000 -1.180044e+001 1.590608e+000
         vertex 8.822197e+000 -1.172421e+001 1.515530e+000
      endloop
   endfacet
   facet normal -6.700656e-001 -6.515595e-001 -3.556434e-001
      outer loop
         vertex 8.583901e+000 -1.158979e+001 1.666713e+000
         vertex 8.558912e+000 -1.156854e+001 1.674391e+000
         vertex 8.523206e+000 -1.150534e+001 1.588342e+000
      endloop
   endfacet
   facet normal -6.552306e-001 -6.324819e-001 -4.130855e-001
      outer loop
         vertex 8.583901e+000 -1.158979e+001 1.666713e+000
         vertex 8.523206e+000 -1.150534e+001 1.588342e+000
         vertex 8.693854e+000 -1.168330e+001 1.632930e+000
      endloop
   endfacet
   facet normal -5.202850e-001 -4.768316e-001 -7.084738e-001
      outer loop
         vertex 8.834042e+000 -1.180252e+001 1.589856e+000
         vertex 8.822197e+000 -1.172421e+001 1.515530e+000
         vertex 8.994851e+000 -1.193928e+001 1.540446e+000
      endloop
   endfacet
   facet normal -2.040607e-001 -1.945810e-001 -9.594256e-001
      outer loop
         vertex 9.287163e+000 -1.214307e+001 1.512142e+000
         vertex 9.264623e+000 -1.212735e+001 1.514325e+000
         vertex 9.268806e+000 -1.203931e+001 1.472369e+000
      endloop
   endfacet
   facet normal -2.588777e-001 -2.372201e-001 -9.363274e-001
      outer loop
         vertex 9.268806e+000 -1.203931e+001 1.472369e+000
         vertex 9.264623e+000 -1.212735e+001 1.514325e+000
         vertex 9.117043e+000 -1.202447e+001 1.528615e+000
      endloop
   endfacet
   facet normal 7.988743e-002 2.874382e-002 -9.963894e-001
      outer loop
         vertex 9.544228e+000 -1.221997e+001 1.481577e+000
         vertex 9.540895e+000 -1.231996e+001 1.487574e+000
         vertex 9.407182e+000 -1.222674e+001 1.500521e+000
      endloop
   endfacet
   facet normal -1.560270e-001 -9.876474e-001 -1.443244e-002
      outer loop
         vertex 9.246652e+000 -1.170562e+001 1.046831e+000
         vertex 9.238433e+000 -1.169952e+001 1.003100e+000
         vertex 9.371706e+000 -1.171361e+001 9.953654e-001
      endloop
   endfacet
   facet normal -1.688001e-001 -9.635445e-001 -2.075779e-001
      outer loop
         vertex 9.262836e+000 -1.173074e+001 1.156674e+000
         vertex 9.246652e+000 -1.170562e+001 1.046831e+000
         vertex 9.433249e+000 -1.174379e+001 1.102057e+000
      endloop
   endfacet
   facet normal -1.366668e-001 -9.853591e-001 -1.019295e-001
      outer loop
         vertex 9.433249e+000 -1.174379e+001 1.102057e+000
         vertex 9.246652e+000 -1.170562e+001 1.046831e+000
         vertex 9.371706e+000 -1.171361e+001 9.953654e-001
      endloop
   endfacet
   facet normal -1.086622e-001 -9.904401e-001 -8.497525e-002
      outer loop
         vertex 9.433249e+000 -1.174379e+001 1.102057e+000
         vertex 9.371706e+000 -1.171361e+001 9.953654e-001
         vertex 9.430840e+000 -1.172214e+001 1.002743e+000
      endloop
   endfacet
   facet normal -1.053643e-001 -9.944318e-001 1.938686e-003
      outer loop
         vertex 9.430840e+000 -1.172214e+001 1.002743e+000
         vertex 9.371706e+000 -1.171361e+001 9.953654e-001
         vertex 9.431391e+000 -1.171992e+001 9.919014e-001
      endloop
   endfacet
   facet normal -2.645674e-001 -9.639218e-001 -2.930488e-002
      outer loop
         vertex 8.898170e+000 -1.161081e+001 1.134357e+000
         vertex 9.063645e+000 -1.165748e+001 1.063060e+000
         vertex 9.077145e+000 -1.167478e+001 1.126883e+000
      endloop
   endfacet
   facet normal -2.369373e-001 -9.710596e-001 -3.006620e-002
      outer loop
         vertex 9.077145e+000 -1.167478e+001 1.126883e+000
         vertex 9.063645e+000 -1.165748e+001 1.063060e+000
         vertex 9.128112e+000 -1.167566e+001 1.035285e+000
      endloop
   endfacet
   facet normal -4.864657e-001 -8.736250e-001 -1.142239e-002
      outer loop
         vertex 8.440878e+000 -1.142631e+001 1.451307e+000
         vertex 8.476527e+000 -1.145299e+001 1.505895e+000
         vertex 8.393092e+000 -1.140386e+001 1.491278e+000
      endloop
   endfacet
   facet normal -4.976819e-001 -8.673106e-001 -9.224333e-003
      outer loop
         vertex 8.393092e+000 -1.140386e+001 1.491278e+000
         vertex 8.476527e+000 -1.145299e+001 1.505895e+000
         vertex 8.336688e+000 -1.137000e+001 1.572909e+000
      endloop
   endfacet
   facet normal -5.059205e-001 -8.623335e-001 2.062160e-002
      outer loop
         vertex 8.323521e+000 -1.136209e+001 1.591967e+000
         vertex 8.336688e+000 -1.137000e+001 1.572909e+000
         vertex 8.343024e+000 -1.137972e+001 1.611764e+000
      endloop
   endfacet
   facet normal -5.204873e-001 -8.536081e-001 -2.112216e-002
      outer loop
         vertex 8.343024e+000 -1.137972e+001 1.611764e+000
         vertex 8.336688e+000 -1.137000e+001 1.572909e+000
         vertex 8.476527e+000 -1.145299e+001 1.505895e+000
      endloop
   endfacet
   facet normal -5.638228e-001 -8.237205e-001 -5.990316e-002
      outer loop
         vertex 8.343024e+000 -1.137972e+001 1.611764e+000
         vertex 8.476527e+000 -1.145299e+001 1.505895e+000
         vertex 8.381081e+000 -1.141412e+001 1.650396e+000
      endloop
   endfacet
   facet normal -5.955299e-001 -7.904527e-001 -1.432782e-001
      outer loop
         vertex 8.381081e+000 -1.141412e+001 1.650396e+000
         vertex 8.476527e+000 -1.145299e+001 1.505895e+000
         vertex 8.523206e+000 -1.150534e+001 1.588342e+000
      endloop
   endfacet
   facet normal -6.587436e-001 -7.305567e-001 -1.798436e-001
      outer loop
         vertex 8.381081e+000 -1.141412e+001 1.650396e+000
         vertex 8.523206e+000 -1.150534e+001 1.588342e+000
         vertex 8.440548e+000 -1.146788e+001 1.710760e+000
      endloop
   endfacet
   facet normal -6.821519e-001 -6.736386e-001 -2.843939e-001
      outer loop
         vertex 8.440548e+000 -1.146788e+001 1.710760e+000
         vertex 8.523206e+000 -1.150534e+001 1.588342e+000
         vertex 8.558912e+000 -1.156854e+001 1.674391e+000
      endloop
   endfacet
   facet normal -4.758713e-001 -8.794061e-001 -1.383547e-002
      outer loop
         vertex 8.440878e+000 -1.142631e+001 1.451307e+000
         vertex 8.500744e+000 -1.145444e+001 1.401232e+000
         vertex 8.476527e+000 -1.145299e+001 1.505895e+000
      endloop
   endfacet
   facet normal -5.079299e-001 -8.545793e-001 -1.081733e-001
      outer loop
         vertex 8.476527e+000 -1.145299e+001 1.505895e+000
         vertex 8.500744e+000 -1.145444e+001 1.401232e+000
         vertex 8.642484e+000 -1.155344e+001 1.461921e+000
      endloop
   endfacet
   facet normal -5.699515e-001 -7.968469e-001 -2.004754e-001
      outer loop
         vertex 8.476527e+000 -1.145299e+001 1.505895e+000
         vertex 8.642484e+000 -1.155344e+001 1.461921e+000
         vertex 8.523206e+000 -1.150534e+001 1.588342e+000
      endloop
   endfacet
   facet normal -5.919014e-001 -7.437296e-001 -3.106752e-001
      outer loop
         vertex 8.523206e+000 -1.150534e+001 1.588342e+000
         vertex 8.642484e+000 -1.155344e+001 1.461921e+000
         vertex 8.671929e+000 -1.161445e+001 1.546344e+000
      endloop
   endfacet
   facet normal -6.252177e-001 -6.608580e-001 -4.151740e-001
      outer loop
         vertex 8.523206e+000 -1.150534e+001 1.588342e+000
         vertex 8.671929e+000 -1.161445e+001 1.546344e+000
         vertex 8.693854e+000 -1.168330e+001 1.632930e+000
      endloop
   endfacet
   facet normal -4.092085e-001 -9.124087e-001 -7.663192e-003
      outer loop
         vertex 8.583340e+000 -1.149325e+001 1.332144e+000
         vertex 8.683293e+000 -1.154021e+001 1.248538e+000
         vertex 8.598063e+000 -1.150926e+001 1.366877e+000
      endloop
   endfacet
   facet normal -4.278189e-001 -8.992931e-001 -9.079082e-002
      outer loop
         vertex 8.598063e+000 -1.150926e+001 1.366877e+000
         vertex 8.683293e+000 -1.154021e+001 1.248538e+000
         vertex 8.776146e+000 -1.159811e+001 1.340297e+000
      endloop
   endfacet
   facet normal -4.858429e-001 -8.546471e-001 -1.831258e-001
      outer loop
         vertex 8.598063e+000 -1.150926e+001 1.366877e+000
         vertex 8.776146e+000 -1.159811e+001 1.340297e+000
         vertex 8.642484e+000 -1.155344e+001 1.461921e+000
      endloop
   endfacet
   facet normal -5.059794e-001 -8.089805e-001 -2.992246e-001
      outer loop
         vertex 8.642484e+000 -1.155344e+001 1.461921e+000
         vertex 8.776146e+000 -1.159811e+001 1.340297e+000
         vertex 8.805979e+000 -1.165360e+001 1.435104e+000
      endloop
   endfacet
   facet normal -5.542073e-001 -7.485464e-001 -3.640502e-001
      outer loop
         vertex 8.642484e+000 -1.155344e+001 1.461921e+000
         vertex 8.805979e+000 -1.165360e+001 1.435104e+000
         vertex 8.671929e+000 -1.161445e+001 1.546344e+000
      endloop
   endfacet
   facet normal -5.557278e-001 -6.854141e-001 -4.705042e-001
      outer loop
         vertex 8.671929e+000 -1.161445e+001 1.546344e+000
         vertex 8.805979e+000 -1.165360e+001 1.435104e+000
         vertex 8.822197e+000 -1.172421e+001 1.515530e+000
      endloop
   endfacet
   facet normal -5.940823e-001 -6.147306e-001 -5.188184e-001
      outer loop
         vertex 8.671929e+000 -1.161445e+001 1.546344e+000
         vertex 8.822197e+000 -1.172421e+001 1.515530e+000
         vertex 8.693854e+000 -1.168330e+001 1.632930e+000
      endloop
   endfacet
   facet normal -5.786560e-001 -5.400519e-001 -6.111474e-001
      outer loop
         vertex 8.693854e+000 -1.168330e+001 1.632930e+000
         vertex 8.822197e+000 -1.172421e+001 1.515530e+000
         vertex 8.831594e+000 -1.180044e+001 1.590608e+000
      endloop
   endfacet
   facet normal -3.603635e-001 -9.327797e-001 7.762510e-003
      outer loop
         vertex 8.683293e+000 -1.154021e+001 1.248538e+000
         vertex 8.736542e+000 -1.156522e+001 1.203997e+000
         vertex 8.733455e+000 -1.156402e+001 1.237004e+000
      endloop
   endfacet
   facet normal -3.613149e-001 -9.304405e-001 -6.108970e-002
      outer loop
         vertex 8.733455e+000 -1.156402e+001 1.237004e+000
         vertex 8.736542e+000 -1.156522e+001 1.203997e+000
         vertex 8.920846e+000 -1.163857e+001 1.226936e+000
      endloop
   endfacet
   facet normal -3.989847e-001 -9.054267e-001 -1.449611e-001
      outer loop
         vertex 8.733455e+000 -1.156402e+001 1.237004e+000
         vertex 8.920846e+000 -1.163857e+001 1.226936e+000
         vertex 8.776146e+000 -1.159811e+001 1.340297e+000
      endloop
   endfacet
   facet normal -4.160571e-001 -8.693215e-001 -2.667896e-001
      outer loop
         vertex 8.776146e+000 -1.159811e+001 1.340297e+000
         vertex 8.920846e+000 -1.163857e+001 1.226936e+000
         vertex 8.949750e+000 -1.168556e+001 1.329942e+000
      endloop
   endfacet
   facet normal -4.659445e-001 -8.153387e-001 -3.436837e-001
      outer loop
         vertex 8.776146e+000 -1.159811e+001 1.340297e+000
         vertex 8.949750e+000 -1.168556e+001 1.329942e+000
         vertex 8.805979e+000 -1.165360e+001 1.435104e+000
      endloop
   endfacet
   facet normal -4.662278e-001 -7.574738e-001 -4.570175e-001
      outer loop
         vertex 8.805979e+000 -1.165360e+001 1.435104e+000
         vertex 8.949750e+000 -1.168556e+001 1.329942e+000
         vertex 8.967010e+000 -1.175256e+001 1.420331e+000
      endloop
   endfacet
   facet normal -5.076451e-001 -6.877809e-001 -5.188969e-001
      outer loop
         vertex 8.805979e+000 -1.165360e+001 1.435104e+000
         vertex 8.967010e+000 -1.175256e+001 1.420331e+000
         vertex 8.822197e+000 -1.172421e+001 1.515530e+000
      endloop
   endfacet
   facet normal -4.919372e-001 -6.136770e-001 -6.175746e-001
      outer loop
         vertex 8.822197e+000 -1.172421e+001 1.515530e+000
         vertex 8.967010e+000 -1.175256e+001 1.420331e+000
         vertex 8.972639e+000 -1.183262e+001 1.492967e+000
      endloop
   endfacet
   facet normal -4.900213e-001 -5.020037e-001 -7.126510e-001
      outer loop
         vertex 8.822197e+000 -1.172421e+001 1.515530e+000
         vertex 8.972639e+000 -1.183262e+001 1.492967e+000
         vertex 8.994851e+000 -1.193928e+001 1.540446e+000
      endloop
   endfacet
   facet normal -3.511506e-001 -8.636276e-001 -3.617189e-001
      outer loop
         vertex 8.920846e+000 -1.163857e+001 1.226936e+000
         vertex 9.101879e+000 -1.171109e+001 1.235156e+000
         vertex 9.117964e+000 -1.177111e+001 1.334116e+000
      endloop
   endfacet
   facet normal -3.850283e-001 -8.431480e-001 -3.753060e-001
      outer loop
         vertex 8.920846e+000 -1.163857e+001 1.226936e+000
         vertex 9.117964e+000 -1.177111e+001 1.334116e+000
         vertex 8.949750e+000 -1.168556e+001 1.329942e+000
      endloop
   endfacet
   facet normal -3.853766e-001 -7.403121e-001 -5.508383e-001
      outer loop
         vertex 8.949750e+000 -1.168556e+001 1.329942e+000
         vertex 9.117964e+000 -1.177111e+001 1.334116e+000
         vertex 9.124500e+000 -1.184933e+001 1.416556e+000
      endloop
   endfacet
   facet normal -4.200158e-001 -7.151326e-001 -5.587236e-001
      outer loop
         vertex 8.949750e+000 -1.168556e+001 1.329942e+000
         vertex 9.124500e+000 -1.184933e+001 1.416556e+000
         vertex 8.967010e+000 -1.175256e+001 1.420331e+000
      endloop
   endfacet
   facet normal -3.993520e-001 -5.842897e-001 -7.064867e-001
      outer loop
         vertex 8.967010e+000 -1.175256e+001 1.420331e+000
         vertex 9.124500e+000 -1.184933e+001 1.416556e+000
         vertex 9.122048e+000 -1.193818e+001 1.478333e+000
      endloop
   endfacet
   facet normal -4.333412e-001 -5.578561e-001 -7.078220e-001
      outer loop
         vertex 8.967010e+000 -1.175256e+001 1.420331e+000
         vertex 9.122048e+000 -1.193818e+001 1.478333e+000
         vertex 8.972639e+000 -1.183262e+001 1.492967e+000
      endloop
   endfacet
   facet normal -4.112710e-001 -4.262753e-001 -8.056957e-001
      outer loop
         vertex 8.972639e+000 -1.183262e+001 1.492967e+000
         vertex 9.122048e+000 -1.193818e+001 1.478333e+000
         vertex 9.050881e+000 -1.197834e+001 1.535021e+000
      endloop
   endfacet
   facet normal -4.371187e-001 -3.956963e-001 -8.076829e-001
      outer loop
         vertex 8.972639e+000 -1.183262e+001 1.492967e+000
         vertex 9.050881e+000 -1.197834e+001 1.535021e+000
         vertex 8.994851e+000 -1.193928e+001 1.540446e+000
      endloop
   endfacet
   facet normal 1.201272e-002 -8.474914e-002 -9.963298e-001
      outer loop
         vertex 9.407182e+000 -1.222674e+001 1.500521e+000
         vertex 9.410387e+000 -1.213396e+001 1.476441e+000
         vertex 9.544228e+000 -1.221997e+001 1.481577e+000
      endloop
   endfacet
   facet normal -3.967873e-005 -2.204749e-001 -9.753926e-001
      outer loop
         vertex 9.544228e+000 -1.221997e+001 1.481577e+000
         vertex 9.410387e+000 -1.213396e+001 1.476441e+000
         vertex 9.419161e+000 -1.203122e+001 1.443513e+000
      endloop
   endfacet
   facet normal 6.379380e-002 -2.444307e-001 -9.675660e-001
      outer loop
         vertex 9.544228e+000 -1.221997e+001 1.481577e+000
         vertex 9.419161e+000 -1.203122e+001 1.443513e+000
         vertex 9.547809e+000 -1.211250e+001 1.475131e+000
      endloop
   endfacet
   facet normal -1.415158e-002 -4.259463e-001 -9.046377e-001
      outer loop
         vertex 9.547809e+000 -1.211250e+001 1.475131e+000
         vertex 9.419161e+000 -1.203122e+001 1.443513e+000
         vertex 9.426449e+000 -1.193316e+001 1.386161e+000
      endloop
   endfacet
   facet normal 4.991044e-002 -4.517447e-001 -8.907501e-001
      outer loop
         vertex 9.547809e+000 -1.211250e+001 1.475131e+000
         vertex 9.426449e+000 -1.193316e+001 1.386161e+000
         vertex 9.557772e+000 -1.201319e+001 1.422004e+000
      endloop
   endfacet
   facet normal -2.806226e-002 -6.186143e-001 -7.851935e-001
      outer loop
         vertex 9.557772e+000 -1.201319e+001 1.422004e+000
         vertex 9.426449e+000 -1.193316e+001 1.386161e+000
         vertex 9.431482e+000 -1.184824e+001 1.306053e+000
      endloop
   endfacet
   facet normal 3.306859e-002 -6.427127e-001 -7.653933e-001
      outer loop
         vertex 9.557772e+000 -1.201319e+001 1.422004e+000
         vertex 9.431482e+000 -1.184824e+001 1.306053e+000
         vertex 9.568004e+000 -1.191120e+001 1.367442e+000
      endloop
   endfacet
   facet normal 1.575152e-002 -7.523559e-001 -6.585686e-001
      outer loop
         vertex 9.568004e+000 -1.191120e+001 1.367442e+000
         vertex 9.431482e+000 -1.184824e+001 1.306053e+000
         vertex 9.582864e+000 -1.184399e+001 1.273941e+000
      endloop
   endfacet
   facet normal -1.431776e-001 -9.324104e-001 -3.318300e-001
      outer loop
         vertex 9.433249e+000 -1.174379e+001 1.102057e+000
         vertex 9.433773e+000 -1.178373e+001 1.208650e+000
         vertex 9.262836e+000 -1.173074e+001 1.156674e+000
      endloop
   endfacet
   facet normal -1.871802e-001 -8.880051e-001 -4.200126e-001
      outer loop
         vertex 9.262836e+000 -1.173074e+001 1.156674e+000
         vertex 9.433773e+000 -1.178373e+001 1.208650e+000
         vertex 9.273737e+000 -1.178120e+001 1.261501e+000
      endloop
   endfacet
   facet normal -2.591886e-001 -8.859437e-001 -3.846103e-001
      outer loop
         vertex 9.262836e+000 -1.173074e+001 1.156674e+000
         vertex 9.273737e+000 -1.178120e+001 1.261501e+000
         vertex 9.101879e+000 -1.171109e+001 1.235156e+000
      endloop
   endfacet
   facet normal -2.715443e-001 -8.109860e-001 -5.182329e-001
      outer loop
         vertex 9.101879e+000 -1.171109e+001 1.235156e+000
         vertex 9.273737e+000 -1.178120e+001 1.261501e+000
         vertex 9.278277e+000 -1.185400e+001 1.352782e+000
      endloop
   endfacet
   facet normal -3.110816e-001 -7.881920e-001 -5.310194e-001
      outer loop
         vertex 9.101879e+000 -1.171109e+001 1.235156e+000
         vertex 9.278277e+000 -1.185400e+001 1.352782e+000
         vertex 9.117964e+000 -1.177111e+001 1.334116e+000
      endloop
   endfacet
   facet normal -2.839691e-001 -6.634393e-001 -6.922498e-001
      outer loop
         vertex 9.117964e+000 -1.177111e+001 1.334116e+000
         vertex 9.278277e+000 -1.185400e+001 1.352782e+000
         vertex 9.276357e+000 -1.194274e+001 1.424060e+000
      endloop
   endfacet
   facet normal -3.248082e-001 -6.369656e-001 -6.991241e-001
      outer loop
         vertex 9.117964e+000 -1.177111e+001 1.334116e+000
         vertex 9.276357e+000 -1.194274e+001 1.424060e+000
         vertex 9.124500e+000 -1.184933e+001 1.416556e+000
      endloop
   endfacet
   facet normal -2.818525e-001 -4.877472e-001 -8.262335e-001
      outer loop
         vertex 9.124500e+000 -1.184933e+001 1.416556e+000
         vertex 9.276357e+000 -1.194274e+001 1.424060e+000
         vertex 9.268806e+000 -1.203931e+001 1.472369e+000
      endloop
   endfacet
   facet normal -3.222866e-001 -4.611542e-001 -8.267213e-001
      outer loop
         vertex 9.124500e+000 -1.184933e+001 1.416556e+000
         vertex 9.268806e+000 -1.203931e+001 1.472369e+000
         vertex 9.122048e+000 -1.193818e+001 1.478333e+000
      endloop
   endfacet
   facet normal -3.117502e-001 -3.384013e-001 -8.878605e-001
      outer loop
         vertex 9.122048e+000 -1.193818e+001 1.478333e+000
         vertex 9.268806e+000 -1.203931e+001 1.472369e+000
         vertex 9.117043e+000 -1.202447e+001 1.528615e+000
      endloop
   endfacet
   facet normal -3.679432e-001 -3.318295e-001 -8.686236e-001
      outer loop
         vertex 9.122048e+000 -1.193818e+001 1.478333e+000
         vertex 9.117043e+000 -1.202447e+001 1.528615e+000
         vertex 9.050881e+000 -1.197834e+001 1.535021e+000
      endloop
   endfacet
   facet normal -7.499020e-002 -9.971820e-001 2.161453e-003
      outer loop
         vertex 9.431391e+000 -1.171992e+001 9.919014e-001
         vertex 9.626824e+000 -1.174057e+001 9.805588e-001
         vertex 9.430840e+000 -1.172214e+001 1.002743e+000
      endloop
   endfacet
   facet normal -4.241101e-002 -9.971080e-001 -6.306233e-002
      outer loop
         vertex 9.430840e+000 -1.172214e+001 1.002743e+000
         vertex 9.626824e+000 -1.174057e+001 9.805588e-001
         vertex 9.612611e+000 -1.175887e+001 1.078086e+000
      endloop
   endfacet
   facet normal -6.856630e-002 -9.862584e-001 -1.503098e-001
      outer loop
         vertex 9.430840e+000 -1.172214e+001 1.002743e+000
         vertex 9.612611e+000 -1.175887e+001 1.078086e+000
         vertex 9.433249e+000 -1.174379e+001 1.102057e+000
      endloop
   endfacet
   facet normal -2.497729e-002 -9.632464e-001 -2.674555e-001
      outer loop
         vertex 9.433249e+000 -1.174379e+001 1.102057e+000
         vertex 9.612611e+000 -1.175887e+001 1.078086e+000
         vertex 9.597339e+000 -1.177853e+001 1.182876e+000
      endloop
   endfacet
   facet normal -6.089963e-002 -9.310928e-001 -3.596630e-001
      outer loop
         vertex 9.433249e+000 -1.174379e+001 1.102057e+000
         vertex 9.597339e+000 -1.177853e+001 1.182876e+000
         vertex 9.433773e+000 -1.178373e+001 1.208650e+000
      endloop
   endfacet
   facet normal -1.790353e-001 -9.837003e-001 1.673847e-002
      outer loop
         vertex 9.197262e+000 -1.169517e+001 1.005490e+000
         vertex 9.238433e+000 -1.169952e+001 1.003100e+000
         vertex 9.170661e+000 -1.168766e+001 1.016952e+000
      endloop
   endfacet
   facet normal -1.803029e-001 -9.834691e-001 -1.671384e-002
      outer loop
         vertex 9.170661e+000 -1.168766e+001 1.016952e+000
         vertex 9.238433e+000 -1.169952e+001 1.003100e+000
         vertex 9.246652e+000 -1.170562e+001 1.046831e+000
      endloop
   endfacet
   facet normal -1.938126e-001 -9.809058e-001 -1.613978e-002
      outer loop
         vertex 9.170661e+000 -1.168766e+001 1.016952e+000
         vertex 9.246652e+000 -1.170562e+001 1.046831e+000
         vertex 9.128112e+000 -1.167566e+001 1.035285e+000
      endloop
   endfacet
   facet normal -2.032373e-001 -9.717357e-001 -1.201013e-001
      outer loop
         vertex 9.128112e+000 -1.167566e+001 1.035285e+000
         vertex 9.246652e+000 -1.170562e+001 1.046831e+000
         vertex 9.262836e+000 -1.173074e+001 1.156674e+000
      endloop
   endfacet
   facet normal -2.334214e-001 -9.625828e-001 -1.376550e-001
      outer loop
         vertex 9.128112e+000 -1.167566e+001 1.035285e+000
         vertex 9.262836e+000 -1.173074e+001 1.156674e+000
         vertex 9.077145e+000 -1.167478e+001 1.126883e+000
      endloop
   endfacet
   facet normal -2.713455e-001 -9.266155e-001 -2.602984e-001
      outer loop
         vertex 9.077145e+000 -1.167478e+001 1.126883e+000
         vertex 9.262836e+000 -1.173074e+001 1.156674e+000
         vertex 9.101879e+000 -1.171109e+001 1.235156e+000
      endloop
   endfacet
   facet normal -2.980773e-001 -9.420504e-001 -1.539187e-001
      outer loop
         vertex 9.077145e+000 -1.167478e+001 1.126883e+000
         vertex 9.101879e+000 -1.171109e+001 1.235156e+000
         vertex 8.898170e+000 -1.161081e+001 1.134357e+000
      endloop
   endfacet
   facet normal -3.291455e-001 -9.286734e-001 -1.709646e-001
      outer loop
         vertex 8.898170e+000 -1.161081e+001 1.134357e+000
         vertex 9.101879e+000 -1.171109e+001 1.235156e+000
         vertex 8.920846e+000 -1.163857e+001 1.226936e+000
      endloop
   endfacet
   facet normal -3.165594e-001 -9.474627e-001 -4.587512e-002
      outer loop
         vertex 8.898170e+000 -1.161081e+001 1.134357e+000
         vertex 8.920846e+000 -1.163857e+001 1.226936e+000
         vertex 8.891885e+000 -1.160904e+001 1.137065e+000
      endloop
   endfacet
   facet normal -3.349576e-001 -9.411247e-001 -4.569216e-002
      outer loop
         vertex 8.891885e+000 -1.160904e+001 1.137065e+000
         vertex 8.920846e+000 -1.163857e+001 1.226936e+000
         vertex 8.736542e+000 -1.156522e+001 1.203997e+000
      endloop
   endfacet
   facet normal -5.175270e-003 -8.818867e-001 -4.714331e-001
      outer loop
         vertex 9.597339e+000 -1.177853e+001 1.182876e+000
         vertex 9.582864e+000 -1.184399e+001 1.273941e+000
         vertex 9.433773e+000 -1.178373e+001 1.208650e+000
      endloop
   endfacet
   facet normal -4.969805e-002 -8.268215e-001 -5.602645e-001
      outer loop
         vertex 9.433773e+000 -1.178373e+001 1.208650e+000
         vertex 9.582864e+000 -1.184399e+001 1.273941e+000
         vertex 9.431482e+000 -1.184824e+001 1.306053e+000
      endloop
   endfacet
   facet normal -1.493305e-001 -8.307751e-001 -5.362024e-001
      outer loop
         vertex 9.433773e+000 -1.178373e+001 1.208650e+000
         vertex 9.431482e+000 -1.184824e+001 1.306053e+000
         vertex 9.273737e+000 -1.178120e+001 1.261501e+000
      endloop
   endfacet
   facet normal -1.456719e-001 -7.380135e-001 -6.588746e-001
      outer loop
         vertex 9.273737e+000 -1.178120e+001 1.261501e+000
         vertex 9.431482e+000 -1.184824e+001 1.306053e+000
         vertex 9.426449e+000 -1.193316e+001 1.386161e+000
      endloop
   endfacet
   facet normal -1.942189e-001 -7.139933e-001 -6.726756e-001
      outer loop
         vertex 9.273737e+000 -1.178120e+001 1.261501e+000
         vertex 9.426449e+000 -1.193316e+001 1.386161e+000
         vertex 9.278277e+000 -1.185400e+001 1.352782e+000
      endloop
   endfacet
   facet normal -1.404780e-001 -5.675563e-001 -8.112618e-001
      outer loop
         vertex 9.278277e+000 -1.185400e+001 1.352782e+000
         vertex 9.426449e+000 -1.193316e+001 1.386161e+000
         vertex 9.419161e+000 -1.203122e+001 1.443513e+000
      endloop
   endfacet
   facet normal -1.910737e-001 -5.408863e-001 -8.191049e-001
      outer loop
         vertex 9.278277e+000 -1.185400e+001 1.352782e+000
         vertex 9.419161e+000 -1.203122e+001 1.443513e+000
         vertex 9.276357e+000 -1.194274e+001 1.424060e+000
      endloop
   endfacet
   facet normal -1.284072e-001 -3.744034e-001 -9.183320e-001
      outer loop
         vertex 9.276357e+000 -1.194274e+001 1.424060e+000
         vertex 9.419161e+000 -1.203122e+001 1.443513e+000
         vertex 9.410387e+000 -1.213396e+001 1.476441e+000
      endloop
   endfacet
   facet normal -1.787756e-001 -3.486773e-001 -9.200345e-001
      outer loop
         vertex 9.276357e+000 -1.194274e+001 1.424060e+000
         vertex 9.410387e+000 -1.213396e+001 1.476441e+000
         vertex 9.268806e+000 -1.203931e+001 1.472369e+000
      endloop
   endfacet
   facet normal -1.111280e-001 -1.750360e-001 -9.782704e-001
      outer loop
         vertex 9.268806e+000 -1.203931e+001 1.472369e+000
         vertex 9.410387e+000 -1.213396e+001 1.476441e+000
         vertex 9.407182e+000 -1.222674e+001 1.500521e+000
      endloop
   endfacet
   facet normal -1.510732e-001 -1.513989e-001 -9.768599e-001
      outer loop
         vertex 9.268806e+000 -1.203931e+001 1.472369e+000
         vertex 9.407182e+000 -1.222674e+001 1.500521e+000
         vertex 9.287163e+000 -1.214307e+001 1.512142e+000
      endloop
   endfacet
   facet normal -2.177974e-001 -4.270004e-001 8.776303e-001
      outer loop
         vertex 9.227299e+000 -1.200211e+001 2.020002e+000
         vertex 9.237651e+000 -1.191702e+001 2.050641e+000
         vertex 9.101542e+000 -1.182995e+001 2.058397e+000
      endloop
   endfacet
   facet normal -3.660634e-001 -4.148448e-001 8.330074e-001
      outer loop
         vertex 8.960601e+000 -1.174094e+001 2.059773e+000
         vertex 8.961603e+000 -1.187192e+001 1.949970e+000
         vertex 9.091636e+000 -1.197247e+001 1.972840e+000
      endloop
   endfacet
   facet normal -4.713779e-001 -5.059615e-001 7.223612e-001
      outer loop
         vertex 8.941103e+000 -1.185607e+001 1.946364e+000
         vertex 8.816804e+000 -1.164992e+001 2.051883e+000
         vertex 8.830246e+000 -1.177034e+001 1.926866e+000
      endloop
   endfacet
   facet normal -5.193409e-001 -5.949862e-001 6.134138e-001
      outer loop
         vertex 8.830246e+000 -1.177034e+001 1.926866e+000
         vertex 8.816804e+000 -1.164992e+001 2.051883e+000
         vertex 8.686386e+000 -1.161214e+001 1.971221e+000
      endloop
   endfacet
   facet normal -6.233143e-001 -6.689552e-001 4.049423e-001
      outer loop
         vertex 8.552578e+000 -1.155563e+001 1.878030e+000
         vertex 8.686386e+000 -1.161214e+001 1.971221e+000
         vertex 8.420450e+000 -1.142162e+001 1.889555e+000
      endloop
   endfacet
   facet normal -6.063905e-001 -5.891085e-001 5.340803e-001
      outer loop
         vertex 8.552578e+000 -1.155563e+001 1.878030e+000
         vertex 8.682656e+000 -1.165622e+001 1.900908e+000
         vertex 8.686386e+000 -1.161214e+001 1.971221e+000
      endloop
   endfacet
   facet normal -5.800990e-001 -5.624996e-001 5.891345e-001
      outer loop
         vertex 8.686386e+000 -1.161214e+001 1.971221e+000
         vertex 8.682656e+000 -1.165622e+001 1.900908e+000
         vertex 8.699045e+000 -1.166889e+001 1.903790e+000
      endloop
   endfacet
   facet normal -5.495319e-001 -5.360942e-001 6.407946e-001
      outer loop
         vertex 8.686386e+000 -1.161214e+001 1.971221e+000
         vertex 8.699045e+000 -1.166889e+001 1.903790e+000
         vertex 8.830246e+000 -1.177034e+001 1.926866e+000
      endloop
   endfacet
   facet normal -6.691851e-001 -7.343502e-001 1.136711e-001
      outer loop
         vertex 8.388997e+000 -1.141825e+001 1.783813e+000
         vertex 8.399116e+000 -1.142621e+001 1.800585e+000
         vertex 8.374476e+000 -1.137694e+001 1.944412e+000
      endloop
   endfacet
   facet normal -6.868317e-001 -6.913311e-001 2.243291e-001
      outer loop
         vertex 8.399116e+000 -1.142621e+001 1.800585e+000
         vertex 8.458847e+000 -1.147658e+001 1.830728e+000
         vertex 8.420450e+000 -1.142162e+001 1.889555e+000
      endloop
   endfacet
   facet normal -6.764752e-001 -6.764264e-001 2.912536e-001
      outer loop
         vertex 8.420450e+000 -1.142162e+001 1.889555e+000
         vertex 8.458847e+000 -1.147658e+001 1.830728e+000
         vertex 8.488056e+000 -1.150121e+001 1.845468e+000
      endloop
   endfacet
   facet normal -6.643895e-001 -6.630986e-001 3.447997e-001
      outer loop
         vertex 8.420450e+000 -1.142162e+001 1.889555e+000
         vertex 8.488056e+000 -1.150121e+001 1.845468e+000
         vertex 8.552578e+000 -1.155563e+001 1.878030e+000
      endloop
   endfacet
   facet normal -6.932457e-001 -7.089424e-001 -1.296579e-001
      outer loop
         vertex 8.381081e+000 -1.141412e+001 1.650396e+000
         vertex 8.440548e+000 -1.146788e+001 1.710760e+000
         vertex 8.406356e+000 -1.143637e+001 1.735824e+000
      endloop
   endfacet
   facet normal -6.326253e-001 -7.717314e-001 -6.492965e-002
      outer loop
         vertex 8.381081e+000 -1.141412e+001 1.650396e+000
         vertex 8.406356e+000 -1.143637e+001 1.735824e+000
         vertex 8.343024e+000 -1.137972e+001 1.611764e+000
      endloop
   endfacet
   facet normal -5.945146e-001 -8.037431e-001 -2.343848e-002
      outer loop
         vertex 8.343024e+000 -1.137972e+001 1.611764e+000
         vertex 8.406356e+000 -1.143637e+001 1.735824e+000
         vertex 8.293420e+000 -1.134050e+001 1.690871e+000
      endloop
   endfacet
   facet normal -5.087483e-001 -8.606158e-001 2.270404e-002
      outer loop
         vertex 8.343024e+000 -1.137972e+001 1.611764e+000
         vertex 8.293420e+000 -1.134050e+001 1.690871e+000
         vertex 8.323521e+000 -1.136209e+001 1.591967e+000
      endloop
   endfacet
   facet normal -6.613598e-001 -7.495483e-001 -2.793781e-002
      outer loop
         vertex 8.406356e+000 -1.143637e+001 1.735824e+000
         vertex 8.390346e+000 -1.142100e+001 1.757623e+000
         vertex 8.293420e+000 -1.134050e+001 1.690871e+000
      endloop
   endfacet
   facet normal -6.611821e-001 -7.502183e-001 3.277987e-003
      outer loop
         vertex 8.293420e+000 -1.134050e+001 1.690871e+000
         vertex 8.390346e+000 -1.142100e+001 1.757623e+000
         vertex 8.389986e+000 -1.142060e+001 1.759130e+000
      endloop
   endfacet
   facet normal -5.860258e-001 -8.099675e-001 2.294398e-002
      outer loop
         vertex 8.293420e+000 -1.134050e+001 1.690871e+000
         vertex 8.389986e+000 -1.142060e+001 1.759130e+000
         vertex 8.274597e+000 -1.132700e+001 1.752720e+000
      endloop
   endfacet
   facet normal -6.653098e-001 -7.462707e-001 2.104691e-002
      outer loop
         vertex 8.274597e+000 -1.132700e+001 1.752720e+000
         vertex 8.389986e+000 -1.142060e+001 1.759130e+000
         vertex 8.387133e+000 -1.141737e+001 1.771071e+000
      endloop
   endfacet
   facet normal -5.877294e-001 -8.081663e-001 3.796550e-002
      outer loop
         vertex 8.274597e+000 -1.132700e+001 1.752720e+000
         vertex 8.387133e+000 -1.141737e+001 1.771071e+000
         vertex 8.279221e+000 -1.132816e+001 1.786445e+000
      endloop
   endfacet
   facet normal -6.622900e-001 -7.479076e-001 4.479124e-002
      outer loop
         vertex 8.279221e+000 -1.132816e+001 1.786445e+000
         vertex 8.387133e+000 -1.141737e+001 1.771071e+000
         vertex 8.388012e+000 -1.141779e+001 1.777078e+000
      endloop
   endfacet
   facet normal -5.854905e-001 -8.093107e-001 4.708553e-002
      outer loop
         vertex 8.279221e+000 -1.132816e+001 1.786445e+000
         vertex 8.388012e+000 -1.141779e+001 1.777078e+000
         vertex 8.290627e+000 -1.133100e+001 1.869653e+000
      endloop
   endfacet
   facet normal -6.621339e-001 -7.467691e-001 6.256601e-002
      outer loop
         vertex 8.290627e+000 -1.133100e+001 1.869653e+000
         vertex 8.388012e+000 -1.141779e+001 1.777078e+000
         vertex 8.388997e+000 -1.141825e+001 1.783813e+000
      endloop
   endfacet
   facet normal -5.849909e-001 -8.090472e-001 5.681666e-002
      outer loop
         vertex 8.290627e+000 -1.133100e+001 1.869653e+000
         vertex 8.388997e+000 -1.141825e+001 1.783813e+000
         vertex 8.296206e+000 -1.133367e+001 1.878848e+000
      endloop
   endfacet
   facet normal -5.956246e-001 -7.995657e-001 7.698159e-002
      outer loop
         vertex 8.296206e+000 -1.133367e+001 1.878848e+000
         vertex 8.388997e+000 -1.141825e+001 1.783813e+000
         vertex 8.374476e+000 -1.137694e+001 1.944412e+000
      endloop
   endfacet
   facet normal -5.088185e-001 -8.585827e-001 6.276530e-002
      outer loop
         vertex 8.296206e+000 -1.133367e+001 1.878848e+000
         vertex 8.374476e+000 -1.137694e+001 1.944412e+000
         vertex 8.351826e+000 -1.136031e+001 1.970499e+000
      endloop
   endfacet
   facet normal -4.995034e-001 -8.639076e-001 6.449848e-002
      outer loop
         vertex 8.351826e+000 -1.136031e+001 1.970499e+000
         vertex 8.374476e+000 -1.137694e+001 1.944412e+000
         vertex 8.380419e+000 -1.137401e+001 2.017615e+000
      endloop
   endfacet
   facet normal -5.227478e-001 -8.318456e-001 1.864614e-001
      outer loop
         vertex 8.380419e+000 -1.137401e+001 2.017615e+000
         vertex 8.374476e+000 -1.137694e+001 1.944412e+000
         vertex 8.671016e+000 -1.155784e+001 2.033950e+000
      endloop
   endfacet
   facet normal -4.995145e-001 -8.496753e-001 1.689295e-001
      outer loop
         vertex 8.380419e+000 -1.137401e+001 2.017615e+000
         vertex 8.671016e+000 -1.155784e+001 2.033950e+000
         vertex 8.410219e+000 -1.138673e+001 2.042523e+000
      endloop
   endfacet
   facet normal -4.136515e-001 -9.073218e-001 7.523121e-002
      outer loop
         vertex 8.605573e+000 -1.147018e+001 2.205807e+000
         vertex 8.551843e+000 -1.144723e+001 2.160898e+000
         vertex 8.615987e+000 -1.147985e+001 2.179949e+000
      endloop
   endfacet
   facet normal -4.367112e-001 -8.966264e-001 7.310524e-002
      outer loop
         vertex 8.615987e+000 -1.147985e+001 2.179949e+000
         vertex 8.551843e+000 -1.144723e+001 2.160898e+000
         vertex 8.410219e+000 -1.138673e+001 2.042523e+000
      endloop
   endfacet
   facet normal -4.613650e-001 -8.756151e-001 1.429706e-001
      outer loop
         vertex 8.615987e+000 -1.147985e+001 2.179949e+000
         vertex 8.410219e+000 -1.138673e+001 2.042523e+000
         vertex 8.647378e+000 -1.151285e+001 2.104421e+000
      endloop
   endfacet
   facet normal -5.016482e-001 -8.307654e-001 2.412011e-001
      outer loop
         vertex 8.647378e+000 -1.151285e+001 2.104421e+000
         vertex 8.410219e+000 -1.138673e+001 2.042523e+000
         vertex 8.671016e+000 -1.155784e+001 2.033950e+000
      endloop
   endfacet
   facet normal -3.881497e-001 -9.131269e-001 1.246559e-001
      outer loop
         vertex 8.782781e+000 -1.155652e+001 2.195220e+000
         vertex 8.702185e+000 -1.150320e+001 2.262622e+000
         vertex 8.647167e+000 -1.148795e+001 2.240574e+000
      endloop
   endfacet
   facet normal -1.819672e-001 -9.763263e-001 1.169400e-001
      outer loop
         vertex 9.238247e+000 -1.166925e+001 2.384537e+000
         vertex 9.233375e+000 -1.164364e+001 2.459901e+000
         vertex 9.180866e+000 -1.163446e+001 2.451221e+000
      endloop
   endfacet
   facet normal -1.899296e-001 -9.748303e-001 1.167590e-001
      outer loop
         vertex 9.180866e+000 -1.163446e+001 2.451221e+000
         vertex 9.167134e+000 -1.163206e+001 2.448951e+000
         vertex 9.238247e+000 -1.166925e+001 2.384537e+000
      endloop
   endfacet
   facet normal -2.060812e-001 -9.716655e-001 1.157447e-001
      outer loop
         vertex 9.238247e+000 -1.166925e+001 2.384537e+000
         vertex 9.167134e+000 -1.163206e+001 2.448951e+000
         vertex 9.054399e+000 -1.160082e+001 2.403772e+000
      endloop
   endfacet
   facet normal -2.381080e-001 -9.644952e-001 1.142523e-001
      outer loop
         vertex 9.238247e+000 -1.166925e+001 2.384537e+000
         vertex 9.054399e+000 -1.160082e+001 2.403772e+000
         vertex 8.912698e+000 -1.156154e+001 2.346985e+000
      endloop
   endfacet
   facet normal -2.237346e-001 -4.905319e-001 8.422121e-001
      outer loop
         vertex 9.237651e+000 -1.191702e+001 2.050641e+000
         vertex 9.239843e+000 -1.189901e+001 2.057128e+000
         vertex 9.101542e+000 -1.182995e+001 2.058397e+000
      endloop
   endfacet
   facet normal -2.292132e-001 -5.539253e-001 8.003924e-001
      outer loop
         vertex 9.101542e+000 -1.182995e+001 2.058397e+000
         vertex 9.239843e+000 -1.189901e+001 2.057128e+000
         vertex 9.243267e+000 -1.182986e+001 2.123344e+000
      endloop
   endfacet
   facet normal -2.715991e-001 -6.604576e-001 7.000211e-001
      outer loop
         vertex 9.101542e+000 -1.182995e+001 2.058397e+000
         vertex 9.243267e+000 -1.182986e+001 2.123344e+000
         vertex 9.100016e+000 -1.170611e+001 2.181231e+000
      endloop
   endfacet
   facet normal -2.341423e-001 -7.168152e-001 6.567750e-001
      outer loop
         vertex 9.100016e+000 -1.170611e+001 2.181231e+000
         vertex 9.243267e+000 -1.182986e+001 2.123344e+000
         vertex 9.245366e+000 -1.178746e+001 2.163946e+000
      endloop
   endfacet
   facet normal -2.351954e-001 -7.786170e-001 5.817549e-001
      outer loop
         vertex 9.100016e+000 -1.170611e+001 2.181231e+000
         vertex 9.245366e+000 -1.178746e+001 2.163946e+000
         vertex 9.248482e+000 -1.172453e+001 2.224206e+000
      endloop
   endfacet
   facet normal -3.367429e-001 -9.336175e-001 1.223222e-001
      outer loop
         vertex 8.878274e+000 -1.155200e+001 2.333190e+000
         vertex 8.702185e+000 -1.150320e+001 2.262622e+000
         vertex 8.927365e+000 -1.159556e+001 2.273557e+000
      endloop
   endfacet
   facet normal -3.751379e-001 -9.073138e-001 1.898766e-001
      outer loop
         vertex 8.927365e+000 -1.159556e+001 2.273557e+000
         vertex 8.702185e+000 -1.150320e+001 2.262622e+000
         vertex 8.782781e+000 -1.155652e+001 2.195220e+000
      endloop
   endfacet
   facet normal -3.786997e-001 -8.734847e-001 3.059591e-001
      outer loop
         vertex 8.927365e+000 -1.159556e+001 2.273557e+000
         vertex 8.782781e+000 -1.155652e+001 2.195220e+000
         vertex 8.944312e+000 -1.163206e+001 2.195076e+000
      endloop
   endfacet
   facet normal -4.290831e-001 -8.064549e-001 4.068393e-001
      outer loop
         vertex 8.944312e+000 -1.163206e+001 2.195076e+000
         vertex 8.782781e+000 -1.155652e+001 2.195220e+000
         vertex 8.816804e+000 -1.164992e+001 2.051883e+000
      endloop
   endfacet
   facet normal -4.262660e-001 -7.216942e-001 5.453941e-001
      outer loop
         vertex 8.944312e+000 -1.163206e+001 2.195076e+000
         vertex 8.816804e+000 -1.164992e+001 2.051883e+000
         vertex 8.960601e+000 -1.174094e+001 2.059773e+000
      endloop
   endfacet
   facet normal -4.418345e-001 -5.670729e-001 6.951336e-001
      outer loop
         vertex 8.960601e+000 -1.174094e+001 2.059773e+000
         vertex 8.816804e+000 -1.164992e+001 2.051883e+000
         vertex 8.941103e+000 -1.185607e+001 1.946364e+000
      endloop
   endfacet
   facet normal -4.087850e-001 -4.494433e-001 7.942894e-001
      outer loop
         vertex 8.960601e+000 -1.174094e+001 2.059773e+000
         vertex 8.941103e+000 -1.185607e+001 1.946364e+000
         vertex 8.961603e+000 -1.187192e+001 1.949970e+000
      endloop
   endfacet
   facet normal -6.343573e-001 -7.571967e-001 1.557051e-001
      outer loop
         vertex 8.399116e+000 -1.142621e+001 1.800585e+000
         vertex 8.420450e+000 -1.142162e+001 1.889555e+000
         vertex 8.374476e+000 -1.137694e+001 1.944412e+000
      endloop
   endfacet
   facet normal -5.888839e-001 -7.562158e-001 2.852253e-001
      outer loop
         vertex 8.374476e+000 -1.137694e+001 1.944412e+000
         vertex 8.420450e+000 -1.142162e+001 1.889555e+000
         vertex 8.686386e+000 -1.161214e+001 1.971221e+000
      endloop
   endfacet
   facet normal -5.557383e-001 -7.540656e-001 3.500573e-001
      outer loop
         vertex 8.374476e+000 -1.137694e+001 1.944412e+000
         vertex 8.686386e+000 -1.161214e+001 1.971221e+000
         vertex 8.671016e+000 -1.155784e+001 2.033950e+000
      endloop
   endfacet
   facet normal -5.282472e-001 -6.922191e-001 4.917190e-001
      outer loop
         vertex 8.671016e+000 -1.155784e+001 2.033950e+000
         vertex 8.686386e+000 -1.161214e+001 1.971221e+000
         vertex 8.816804e+000 -1.164992e+001 2.051883e+000
      endloop
   endfacet
   facet normal -5.051416e-001 -7.615498e-001 4.060467e-001
      outer loop
         vertex 8.671016e+000 -1.155784e+001 2.033950e+000
         vertex 8.816804e+000 -1.164992e+001 2.051883e+000
         vertex 8.647378e+000 -1.151285e+001 2.104421e+000
      endloop
   endfacet
   facet normal -4.674808e-001 -8.074703e-001 3.597964e-001
      outer loop
         vertex 8.647378e+000 -1.151285e+001 2.104421e+000
         vertex 8.816804e+000 -1.164992e+001 2.051883e+000
         vertex 8.782781e+000 -1.155652e+001 2.195220e+000
      endloop
   endfacet
   facet normal -4.437861e-001 -8.703804e-001 2.132884e-001
      outer loop
         vertex 8.647378e+000 -1.151285e+001 2.104421e+000
         vertex 8.782781e+000 -1.155652e+001 2.195220e+000
         vertex 8.615987e+000 -1.147985e+001 2.179949e+000
      endloop
   endfacet
   facet normal -4.086155e-001 -9.012911e-001 1.439017e-001
      outer loop
         vertex 8.615987e+000 -1.147985e+001 2.179949e+000
         vertex 8.782781e+000 -1.155652e+001 2.195220e+000
         vertex 8.647167e+000 -1.148795e+001 2.240574e+000
      endloop
   endfacet
   facet normal -4.010693e-001 -9.129559e-001 7.519805e-002
      outer loop
         vertex 8.615987e+000 -1.147985e+001 2.179949e+000
         vertex 8.647167e+000 -1.148795e+001 2.240574e+000
         vertex 8.605573e+000 -1.147018e+001 2.205807e+000
      endloop
   endfacet
   facet normal -2.363752e-001 -8.933550e-001 3.821568e-001
      outer loop
         vertex 9.248482e+000 -1.172453e+001 2.224206e+000
         vertex 9.248540e+000 -1.172335e+001 2.225333e+000
         vertex 8.912698e+000 -1.156154e+001 2.346985e+000
      endloop
   endfacet
   facet normal -2.342887e-001 -9.086246e-001 3.457025e-001
      outer loop
         vertex 9.248540e+000 -1.172335e+001 2.225333e+000
         vertex 9.244999e+000 -1.170474e+001 2.280103e+000
         vertex 8.912698e+000 -1.156154e+001 2.346985e+000
      endloop
   endfacet
   facet normal -2.307448e-001 -9.279228e-001 2.927729e-001
      outer loop
         vertex 8.912698e+000 -1.156154e+001 2.346985e+000
         vertex 9.244999e+000 -1.170474e+001 2.280103e+000
         vertex 9.243402e+000 -1.169635e+001 2.304796e+000
      endloop
   endfacet
   facet normal -2.253819e-001 -9.487206e-001 2.216580e-001
      outer loop
         vertex 8.912698e+000 -1.156154e+001 2.346985e+000
         vertex 9.243402e+000 -1.169635e+001 2.304796e+000
         vertex 9.238247e+000 -1.166925e+001 2.384537e+000
      endloop
   endfacet
   facet normal -1.935844e-001 -2.255045e-001 9.548156e-001
      outer loop
         vertex 9.218929e+000 -1.207091e+001 1.995229e+000
         vertex 9.227299e+000 -1.200211e+001 2.020002e+000
         vertex 9.091636e+000 -1.197247e+001 1.972840e+000
      endloop
   endfacet
   facet normal -2.510104e-001 -3.620030e-001 8.977458e-001
      outer loop
         vertex 9.091636e+000 -1.197247e+001 1.972840e+000
         vertex 9.227299e+000 -1.200211e+001 2.020002e+000
         vertex 9.101542e+000 -1.182995e+001 2.058397e+000
      endloop
   endfacet
   facet normal -3.365082e-001 -4.794308e-001 8.104988e-001
      outer loop
         vertex 9.091636e+000 -1.197247e+001 1.972840e+000
         vertex 9.101542e+000 -1.182995e+001 2.058397e+000
         vertex 8.960601e+000 -1.174094e+001 2.059773e+000
      endloop
   endfacet
   facet normal -3.428109e-001 -6.549717e-001 6.734187e-001
      outer loop
         vertex 8.960601e+000 -1.174094e+001 2.059773e+000
         vertex 9.101542e+000 -1.182995e+001 2.058397e+000
         vertex 9.100016e+000 -1.170611e+001 2.181231e+000
      endloop
   endfacet
   facet normal -3.658828e-001 -7.541305e-001 5.453594e-001
      outer loop
         vertex 8.960601e+000 -1.174094e+001 2.059773e+000
         vertex 9.100016e+000 -1.170611e+001 2.181231e+000
         vertex 8.944312e+000 -1.163206e+001 2.195076e+000
      endloop
   endfacet
   facet normal -2.942390e-001 -8.179376e-001 4.943697e-001
      outer loop
         vertex 8.944312e+000 -1.163206e+001 2.195076e+000
         vertex 9.100016e+000 -1.170611e+001 2.181231e+000
         vertex 9.248482e+000 -1.172453e+001 2.224206e+000
      endloop
   endfacet
   facet normal -3.087033e-001 -8.635927e-001 3.986351e-001
      outer loop
         vertex 8.944312e+000 -1.163206e+001 2.195076e+000
         vertex 9.248482e+000 -1.172453e+001 2.224206e+000
         vertex 8.927365e+000 -1.159556e+001 2.273557e+000
      endloop
   endfacet
   facet normal -2.832768e-001 -9.154718e-001 2.857720e-001
      outer loop
         vertex 8.927365e+000 -1.159556e+001 2.273557e+000
         vertex 9.248482e+000 -1.172453e+001 2.224206e+000
         vertex 8.912698e+000 -1.156154e+001 2.346985e+000
      endloop
   endfacet
   facet normal -3.122903e-001 -9.419616e-001 1.232201e-001
      outer loop
         vertex 8.927365e+000 -1.159556e+001 2.273557e+000
         vertex 8.912698e+000 -1.156154e+001 2.346985e+000
         vertex 8.878274e+000 -1.155200e+001 2.333190e+000
      endloop
   endfacet
   facet normal 2.274767e-001 -3.689030e-001 9.012019e-001
      outer loop
         vertex 1.200233e+001 -1.097876e+001 2.577435e+000
         vertex 1.235226e+001 -1.048563e+001 2.704338e+000
         vertex 1.218582e+001 -1.040665e+001 2.797290e+000
      endloop
   endfacet
   facet normal -3.237695e-002 -1.816230e-001 9.828351e-001
      outer loop
         vertex 1.265706e+001 -1.025505e+001 2.755401e+000
         vertex 1.274365e+001 -9.984616e+000 2.807054e+000
         vertex 1.259814e+001 -9.934992e+000 2.824683e+000
      endloop
   endfacet
   facet normal 5.801681e-001 -8.013538e-001 1.457294e-001
      outer loop
         vertex 1.143788e+001 -1.102615e+001 2.930999e+000
         vertex 1.126363e+001 -1.113529e+001 2.883774e+000
         vertex 1.130049e+001 -1.115739e+001 2.793040e+000
      endloop
   endfacet
   facet normal 3.255612e-002 -9.809037e-001 1.917497e-001
      outer loop
         vertex 9.988120e+000 -1.166113e+001 2.583370e+000
         vertex 9.773664e+000 -1.165616e+001 2.548287e+000
         vertex 9.802764e+000 -1.172521e+001 2.362320e+000
      endloop
   endfacet
   facet normal -1.525925e-001 -9.813779e-001 1.166745e-001
      outer loop
         vertex 9.233375e+000 -1.164364e+001 2.459901e+000
         vertex 9.238247e+000 -1.166925e+001 2.384537e+000
         vertex 9.425767e+000 -1.164810e+001 2.491375e+000
      endloop
   endfacet
   facet normal -1.620238e-001 -9.610833e-001 2.237571e-001
      outer loop
         vertex 9.425767e+000 -1.164810e+001 2.491375e+000
         vertex 9.238247e+000 -1.166925e+001 2.384537e+000
         vertex 9.243402e+000 -1.169635e+001 2.304796e+000
      endloop
   endfacet
   facet normal -9.196912e-002 -9.804046e-001 1.742081e-001
      outer loop
         vertex 9.425767e+000 -1.164810e+001 2.491375e+000
         vertex 9.243402e+000 -1.169635e+001 2.304796e+000
         vertex 9.773664e+000 -1.165616e+001 2.548287e+000
      endloop
   endfacet
   facet normal 8.817552e-002 -9.771243e-001 1.935280e-001
      outer loop
         vertex 9.988120e+000 -1.166113e+001 2.583370e+000
         vertex 9.802764e+000 -1.172521e+001 2.362320e+000
         vertex 1.021963e+001 -1.159888e+001 2.632389e+000
      endloop
   endfacet
   facet normal 1.840570e-001 -9.634094e-001 1.948473e-001
      outer loop
         vertex 1.035017e+001 -1.164508e+001 2.464776e+000
         vertex 1.029998e+001 -1.157727e+001 2.649402e+000
         vertex 1.021963e+001 -1.159888e+001 2.632389e+000
      endloop
   endfacet
   facet normal 3.675568e-001 -9.082230e-001 2.000827e-001
      outer loop
         vertex 1.086781e+001 -1.145887e+001 2.579843e+000
         vertex 1.080999e+001 -1.141943e+001 2.760822e+000
         vertex 1.075207e+001 -1.145570e+001 2.745125e+000
      endloop
   endfacet
   facet normal 6.671327e-001 -7.292932e-001 1.518734e-001
      outer loop
         vertex 1.143788e+001 -1.102615e+001 2.930999e+000
         vertex 1.130049e+001 -1.115739e+001 2.793040e+000
         vertex 1.190934e+001 -1.048687e+001 3.098639e+000
      endloop
   endfacet
   facet normal 8.625089e-001 -4.788310e-001 1.637048e-001
      outer loop
         vertex 1.222716e+001 -9.868082e+000 3.254750e+000
         vertex 1.198438e+001 -1.036353e+001 3.131654e+000
         vertex 1.201737e+001 -1.036209e+001 3.043755e+000
      endloop
   endfacet
   facet normal 8.216008e-001 -5.471733e-001 1.599170e-001
      outer loop
         vertex 1.201737e+001 -1.036209e+001 3.043755e+000
         vertex 1.198438e+001 -1.036353e+001 3.131654e+000
         vertex 1.194257e+001 -1.044885e+001 3.110458e+000
      endloop
   endfacet
   facet normal 9.653390e-001 -1.944530e-001 1.740934e-001
      outer loop
         vertex 1.238481e+001 -9.353219e+000 3.275348e+000
         vertex 1.235047e+001 -9.362226e+000 3.360009e+000
         vertex 1.230523e+001 -9.547807e+000 3.321394e+000
      endloop
   endfacet
   facet normal -1.007814e-001 -1.484797e-001 9.837667e-001
      outer loop
         vertex 1.289852e+001 -9.500973e+000 2.899431e+000
         vertex 1.291994e+001 -9.372952e+000 2.921057e+000
         vertex 1.285724e+001 -9.363159e+000 2.917463e+000
      endloop
   endfacet
   facet normal -1.005999e-001 -1.485152e-001 9.837799e-001
      outer loop
         vertex 1.289852e+001 -9.500973e+000 2.899431e+000
         vertex 1.285724e+001 -9.363159e+000 2.917463e+000
         vertex 1.274365e+001 -9.984616e+000 2.807054e+000
      endloop
   endfacet
   facet normal 2.132409e-002 -1.667179e-001 9.857740e-001
      outer loop
         vertex 1.274365e+001 -9.984616e+000 2.807054e+000
         vertex 1.285724e+001 -9.363159e+000 2.917463e+000
         vertex 1.273801e+001 -9.350492e+000 2.946559e+000
      endloop
   endfacet
   facet normal 9.084663e-002 -1.985576e-001 9.758698e-001
      outer loop
         vertex 1.274365e+001 -9.984616e+000 2.807054e+000
         vertex 1.273801e+001 -9.350492e+000 2.946559e+000
         vertex 1.259814e+001 -9.934992e+000 2.824683e+000
      endloop
   endfacet
   facet normal -3.240969e-002 -1.816533e-001 9.828284e-001
      outer loop
         vertex 1.265706e+001 -1.025505e+001 2.755401e+000
         vertex 1.259814e+001 -9.934992e+000 2.824683e+000
         vertex 1.246925e+001 -1.055123e+001 2.685375e+000
      endloop
   endfacet
   facet normal 6.045628e-002 -2.348426e-001 9.701515e-001
      outer loop
         vertex 1.246925e+001 -1.055123e+001 2.685375e+000
         vertex 1.259814e+001 -9.934992e+000 2.824683e+000
         vertex 1.235226e+001 -1.048563e+001 2.704338e+000
      endloop
   endfacet
   facet normal -5.039402e-002 -1.968224e-001 9.791432e-001
      outer loop
         vertex 1.246925e+001 -1.055123e+001 2.685375e+000
         vertex 1.235226e+001 -1.048563e+001 2.704338e+000
         vertex 1.220736e+001 -1.096425e+001 2.587726e+000
      endloop
   endfacet
   facet normal 2.211967e-002 -2.595616e-001 9.654732e-001
      outer loop
         vertex 1.220736e+001 -1.096425e+001 2.587726e+000
         vertex 1.235226e+001 -1.048563e+001 2.704338e+000
         vertex 1.200233e+001 -1.097876e+001 2.577435e+000
      endloop
   endfacet
   facet normal -7.037438e-002 -2.061257e-001 9.759917e-001
      outer loop
         vertex 1.220736e+001 -1.096425e+001 2.587726e+000
         vertex 1.200233e+001 -1.097876e+001 2.577435e+000
         vertex 1.210098e+001 -1.106201e+001 2.558190e+000
      endloop
   endfacet
   facet normal -1.092296e-001 -2.085095e-001 9.719015e-001
      outer loop
         vertex 1.048470e+001 -1.200044e+001 2.188568e+000
         vertex 1.085602e+001 -1.191588e+001 2.254528e+000
         vertex 1.104173e+001 -1.171796e+001 2.323092e+000
      endloop
   endfacet
   facet normal -1.091978e-001 -2.086623e-001 9.718724e-001
      outer loop
         vertex 1.104173e+001 -1.171796e+001 2.323092e+000
         vertex 1.085602e+001 -1.191588e+001 2.254528e+000
         vertex 1.108131e+001 -1.179782e+001 2.304204e+000
      endloop
   endfacet
   facet normal -1.091292e-001 -2.087398e-001 9.718634e-001
      outer loop
         vertex 1.104173e+001 -1.171796e+001 2.323092e+000
         vertex 1.108131e+001 -1.179782e+001 2.304204e+000
         vertex 1.159090e+001 -1.153078e+001 2.416570e+000
      endloop
   endfacet
   facet normal -1.384303e-001 -1.967771e-001 9.706265e-001
      outer loop
         vertex 9.852764e+000 -1.202881e+001 2.100368e+000
         vertex 9.858778e+000 -1.209289e+001 2.084631e+000
         vertex 1.004996e+001 -1.209945e+001 2.111344e+000
      endloop
   endfacet
   facet normal -1.484860e-001 -1.888028e-001 9.707242e-001
      outer loop
         vertex 9.218929e+000 -1.207091e+001 1.995229e+000
         vertex 9.858778e+000 -1.209289e+001 2.084631e+000
         vertex 9.227299e+000 -1.200211e+001 2.020002e+000
      endloop
   endfacet
   facet normal -1.447805e-001 -2.436736e-001 9.589900e-001
      outer loop
         vertex 9.227299e+000 -1.200211e+001 2.020002e+000
         vertex 9.858778e+000 -1.209289e+001 2.084631e+000
         vertex 9.852764e+000 -1.202881e+001 2.100368e+000
      endloop
   endfacet
   facet normal -1.575531e-001 -3.463246e-001 9.247898e-001
      outer loop
         vertex 9.227299e+000 -1.200211e+001 2.020002e+000
         vertex 9.852764e+000 -1.202881e+001 2.100368e+000
         vertex 9.237651e+000 -1.191702e+001 2.050641e+000
      endloop
   endfacet
   facet normal 5.482883e-001 -8.237712e-001 1.441557e-001
      outer loop
         vertex 1.126363e+001 -1.113529e+001 2.883774e+000
         vertex 1.116839e+001 -1.119495e+001 2.857960e+000
         vertex 1.130049e+001 -1.115739e+001 2.793040e+000
      endloop
   endfacet
   facet normal 4.929151e-001 -8.583563e-001 1.423346e-001
      outer loop
         vertex 1.130049e+001 -1.115739e+001 2.793040e+000
         vertex 1.116839e+001 -1.119495e+001 2.857960e+000
         vertex 1.080999e+001 -1.141943e+001 2.760822e+000
      endloop
   endfacet
   facet normal 4.681641e-001 -8.434185e-001 2.635672e-001
      outer loop
         vertex 1.130049e+001 -1.115739e+001 2.793040e+000
         vertex 1.080999e+001 -1.141943e+001 2.760822e+000
         vertex 1.133607e+001 -1.117523e+001 2.702929e+000
      endloop
   endfacet
   facet normal 3.937213e-001 -8.605350e-001 3.232075e-001
      outer loop
         vertex 1.133607e+001 -1.117523e+001 2.702929e+000
         vertex 1.080999e+001 -1.141943e+001 2.760822e+000
         vertex 1.086781e+001 -1.145887e+001 2.579843e+000
      endloop
   endfacet
   facet normal 3.759312e-001 -7.822605e-001 4.967335e-001
      outer loop
         vertex 1.133607e+001 -1.117523e+001 2.702929e+000
         vertex 1.086781e+001 -1.145887e+001 2.579843e+000
         vertex 1.138239e+001 -1.120955e+001 2.618022e+000
      endloop
   endfacet
   facet normal 2.728754e-001 -7.468459e-001 6.064323e-001
      outer loop
         vertex 1.138239e+001 -1.120955e+001 2.618022e+000
         vertex 1.086781e+001 -1.145887e+001 2.579843e+000
         vertex 1.094887e+001 -1.156125e+001 2.420064e+000
      endloop
   endfacet
   facet normal 2.553940e-001 -6.589487e-001 7.075029e-001
      outer loop
         vertex 1.138239e+001 -1.120955e+001 2.618022e+000
         vertex 1.094887e+001 -1.156125e+001 2.420064e+000
         vertex 1.143748e+001 -1.125972e+001 2.544309e+000
      endloop
   endfacet
   facet normal 1.205935e-001 -5.430215e-001 8.310143e-001
      outer loop
         vertex 1.143748e+001 -1.125972e+001 2.544309e+000
         vertex 1.094887e+001 -1.156125e+001 2.420064e+000
         vertex 1.104173e+001 -1.171796e+001 2.323092e+000
      endloop
   endfacet
   facet normal 7.732492e-002 -4.383255e-001 8.954840e-001
      outer loop
         vertex 1.143748e+001 -1.125972e+001 2.544309e+000
         vertex 1.104173e+001 -1.171796e+001 2.323092e+000
         vertex 1.156034e+001 -1.139519e+001 2.448735e+000
      endloop
   endfacet
   facet normal -5.704004e-002 -2.758858e-001 9.594965e-001
      outer loop
         vertex 1.156034e+001 -1.139519e+001 2.448735e+000
         vertex 1.104173e+001 -1.171796e+001 2.323092e+000
         vertex 1.159090e+001 -1.153078e+001 2.416570e+000
      endloop
   endfacet
   facet normal -9.214738e-002 -2.700456e-001 9.584280e-001
      outer loop
         vertex 1.048470e+001 -1.200044e+001 2.188568e+000
         vertex 1.104173e+001 -1.171796e+001 2.323092e+000
         vertex 1.046526e+001 -1.193277e+001 2.205387e+000
      endloop
   endfacet
   facet normal 2.561129e-003 -4.465791e-001 8.947405e-001
      outer loop
         vertex 1.046526e+001 -1.193277e+001 2.205387e+000
         vertex 1.104173e+001 -1.171796e+001 2.323092e+000
         vertex 1.094887e+001 -1.156125e+001 2.420064e+000
      endloop
   endfacet
   facet normal 2.528509e-002 -5.575207e-001 8.297779e-001
      outer loop
         vertex 1.046526e+001 -1.193277e+001 2.205387e+000
         vertex 1.094887e+001 -1.156125e+001 2.420064e+000
         vertex 1.040669e+001 -1.176108e+001 2.303743e+000
      endloop
   endfacet
   facet normal 1.586125e-001 -7.363576e-001 6.577382e-001
      outer loop
         vertex 1.040669e+001 -1.176108e+001 2.303743e+000
         vertex 1.094887e+001 -1.156125e+001 2.420064e+000
         vertex 1.086781e+001 -1.145887e+001 2.579843e+000
      endloop
   endfacet
   facet normal 1.571121e-001 -8.205020e-001 5.496292e-001
      outer loop
         vertex 1.040669e+001 -1.176108e+001 2.303743e+000
         vertex 1.086781e+001 -1.145887e+001 2.579843e+000
         vertex 1.035017e+001 -1.164508e+001 2.464776e+000
      endloop
   endfacet
   facet normal 2.778706e-001 -9.056086e-001 3.204075e-001
      outer loop
         vertex 1.035017e+001 -1.164508e+001 2.464776e+000
         vertex 1.086781e+001 -1.145887e+001 2.579843e+000
         vertex 1.075207e+001 -1.145570e+001 2.745125e+000
      endloop
   endfacet
   facet normal 2.502667e-001 -9.477878e-001 1.976482e-001
      outer loop
         vertex 1.035017e+001 -1.164508e+001 2.464776e+000
         vertex 1.075207e+001 -1.145570e+001 2.745125e+000
         vertex 1.029998e+001 -1.157727e+001 2.649402e+000
      endloop
   endfacet
   facet normal 2.131810e-001 -2.124529e-001 9.536339e-001
      outer loop
         vertex 1.273801e+001 -9.350492e+000 2.946559e+000
         vertex 1.273450e+001 -9.350121e+000 2.947416e+000
         vertex 1.259814e+001 -9.934992e+000 2.824683e+000
      endloop
   endfacet
   facet normal 2.852996e-001 -2.197199e-001 9.329134e-001
      outer loop
         vertex 1.259814e+001 -9.934992e+000 2.824683e+000
         vertex 1.273450e+001 -9.350121e+000 2.947416e+000
         vertex 1.262780e+001 -9.338784e+000 2.973456e+000
      endloop
   endfacet
   facet normal 2.538474e-001 -2.566978e-001 9.325597e-001
      outer loop
         vertex 1.259814e+001 -9.934992e+000 2.824683e+000
         vertex 1.262780e+001 -9.338784e+000 2.973456e+000
         vertex 1.235226e+001 -1.048563e+001 2.704338e+000
      endloop
   endfacet
   facet normal 3.934736e-001 -2.466571e-001 8.856291e-001
      outer loop
         vertex 1.235226e+001 -1.048563e+001 2.704338e+000
         vertex 1.262780e+001 -9.338784e+000 2.973456e+000
         vertex 1.255742e+001 -9.338437e+000 3.033599e+000
      endloop
   endfacet
   facet normal 4.052685e-001 -3.325444e-001 8.515701e-001
      outer loop
         vertex 1.235226e+001 -1.048563e+001 2.704338e+000
         vertex 1.255742e+001 -9.338437e+000 3.033599e+000
         vertex 1.218582e+001 -1.040665e+001 2.797290e+000
      endloop
   endfacet
   facet normal 5.523095e-001 -2.979645e-001 7.785701e-001
      outer loop
         vertex 1.218582e+001 -1.040665e+001 2.797290e+000
         vertex 1.255742e+001 -9.338437e+000 3.033599e+000
         vertex 1.255550e+001 -9.338428e+000 3.035240e+000
      endloop
   endfacet
   facet normal 5.589781e-001 -3.975238e-001 7.276801e-001
      outer loop
         vertex 1.218582e+001 -1.040665e+001 2.797290e+000
         vertex 1.255550e+001 -9.338428e+000 3.035240e+000
         vertex 1.211490e+001 -1.038068e+001 2.869969e+000
      endloop
   endfacet
   facet normal 6.554677e-001 -3.166140e-001 6.856512e-001
      outer loop
         vertex 1.211490e+001 -1.038068e+001 2.869969e+000
         vertex 1.255550e+001 -9.338428e+000 3.035240e+000
         vertex 1.247593e+001 -9.338036e+000 3.103243e+000
      endloop
   endfacet
   facet normal 6.968437e-001 -4.254960e-001 5.773751e-001
      outer loop
         vertex 1.211490e+001 -1.038068e+001 2.869969e+000
         vertex 1.247593e+001 -9.338036e+000 3.103243e+000
         vertex 1.205805e+001 -1.036586e+001 2.954114e+000
      endloop
   endfacet
   facet normal 7.626817e-001 -3.250340e-001 5.591686e-001
      outer loop
         vertex 1.205805e+001 -1.036586e+001 2.954114e+000
         vertex 1.247593e+001 -9.338036e+000 3.103243e+000
         vertex 1.244332e+001 -9.337874e+000 3.131118e+000
      endloop
   endfacet
   facet normal 7.833520e-001 -4.386121e-001 4.404304e-001
      outer loop
         vertex 1.205805e+001 -1.036586e+001 2.954114e+000
         vertex 1.244332e+001 -9.337874e+000 3.131118e+000
         vertex 1.201737e+001 -1.036209e+001 3.043755e+000
      endloop
   endfacet
   facet normal 8.641019e-001 -3.211385e-001 3.875538e-001
      outer loop
         vertex 1.201737e+001 -1.036209e+001 3.043755e+000
         vertex 1.244332e+001 -9.337874e+000 3.131118e+000
         vertex 1.238481e+001 -9.353219e+000 3.275348e+000
      endloop
   endfacet
   facet normal 9.021410e-001 -3.653685e-001 2.294507e-001
      outer loop
         vertex 1.201737e+001 -1.036209e+001 3.043755e+000
         vertex 1.238481e+001 -9.353219e+000 3.275348e+000
         vertex 1.222716e+001 -9.868082e+000 3.254750e+000
      endloop
   endfacet
   facet normal 9.508010e-001 -2.573923e-001 1.724140e-001
      outer loop
         vertex 1.222716e+001 -9.868082e+000 3.254750e+000
         vertex 1.238481e+001 -9.353219e+000 3.275348e+000
         vertex 1.230523e+001 -9.547807e+000 3.321394e+000
      endloop
   endfacet
   facet normal 9.944538e-002 -9.435313e-001 3.160055e-001
      outer loop
         vertex 1.021963e+001 -1.159888e+001 2.632389e+000
         vertex 9.802764e+000 -1.172521e+001 2.362320e+000
         vertex 1.035017e+001 -1.164508e+001 2.464776e+000
      endloop
   endfacet
   facet normal 5.256051e-003 -8.371091e-001 5.470107e-001
      outer loop
         vertex 1.035017e+001 -1.164508e+001 2.464776e+000
         vertex 9.802764e+000 -1.172521e+001 2.362320e+000
         vertex 9.831477e+000 -1.184937e+001 2.200022e+000
      endloop
   endfacet
   facet normal 2.447618e-002 -7.547456e-001 6.555609e-001
      outer loop
         vertex 1.035017e+001 -1.164508e+001 2.464776e+000
         vertex 9.831477e+000 -1.184937e+001 2.200022e+000
         vertex 1.040669e+001 -1.176108e+001 2.303743e+000
      endloop
   endfacet
   facet normal -6.618977e-002 -5.543512e-001 8.296466e-001
      outer loop
         vertex 1.040669e+001 -1.176108e+001 2.303743e+000
         vertex 9.831477e+000 -1.184937e+001 2.200022e+000
         vertex 9.852764e+000 -1.202881e+001 2.100368e+000
      endloop
   endfacet
   facet normal -6.696180e-002 -4.406715e-001 8.951674e-001
      outer loop
         vertex 1.040669e+001 -1.176108e+001 2.303743e+000
         vertex 9.852764e+000 -1.202881e+001 2.100368e+000
         vertex 1.046526e+001 -1.193277e+001 2.205387e+000
      endloop
   endfacet
   facet normal -1.214920e-001 -2.587263e-001 9.582799e-001
      outer loop
         vertex 1.046526e+001 -1.193277e+001 2.205387e+000
         vertex 9.852764e+000 -1.202881e+001 2.100368e+000
         vertex 1.004996e+001 -1.209945e+001 2.111344e+000
      endloop
   endfacet
   facet normal -1.253777e-001 -2.037942e-001 9.709523e-001
      outer loop
         vertex 1.046526e+001 -1.193277e+001 2.205387e+000
         vertex 1.004996e+001 -1.209945e+001 2.111344e+000
         vertex 1.048470e+001 -1.200044e+001 2.188568e+000
      endloop
   endfacet
   facet normal -1.638619e-001 -7.401200e-001 6.522053e-001
      outer loop
         vertex 9.248482e+000 -1.172453e+001 2.224206e+000
         vertex 9.245366e+000 -1.178746e+001 2.163946e+000
         vertex 9.831477e+000 -1.184937e+001 2.200022e+000
      endloop
   endfacet
   facet normal -1.613819e-001 -6.730510e-001 7.217743e-001
      outer loop
         vertex 9.831477e+000 -1.184937e+001 2.200022e+000
         vertex 9.245366e+000 -1.178746e+001 2.163946e+000
         vertex 9.243267e+000 -1.182986e+001 2.123344e+000
      endloop
   endfacet
   facet normal -1.406311e-001 -5.432921e-001 8.276815e-001
      outer loop
         vertex 9.831477e+000 -1.184937e+001 2.200022e+000
         vertex 9.243267e+000 -1.182986e+001 2.123344e+000
         vertex 9.852764e+000 -1.202881e+001 2.100368e+000
      endloop
   endfacet
   facet normal -1.717113e-001 -4.798435e-001 8.603868e-001
      outer loop
         vertex 9.852764e+000 -1.202881e+001 2.100368e+000
         vertex 9.243267e+000 -1.182986e+001 2.123344e+000
         vertex 9.239843e+000 -1.189901e+001 2.057128e+000
      endloop
   endfacet
   facet normal -1.650110e-001 -4.127539e-001 8.957710e-001
      outer loop
         vertex 9.852764e+000 -1.202881e+001 2.100368e+000
         vertex 9.239843e+000 -1.189901e+001 2.057128e+000
         vertex 9.237651e+000 -1.191702e+001 2.050641e+000
      endloop
   endfacet
   facet normal -6.857193e-002 -9.523036e-001 2.973478e-001
      outer loop
         vertex 9.773664e+000 -1.165616e+001 2.548287e+000
         vertex 9.243402e+000 -1.169635e+001 2.304796e+000
         vertex 9.802764e+000 -1.172521e+001 2.362320e+000
      endloop
   endfacet
   facet normal -1.419241e-001 -8.999296e-001 4.122915e-001
      outer loop
         vertex 9.802764e+000 -1.172521e+001 2.362320e+000
         vertex 9.243402e+000 -1.169635e+001 2.304796e+000
         vertex 9.244999e+000 -1.170474e+001 2.280103e+000
      endloop
   endfacet
   facet normal -1.080616e-001 -8.320444e-001 5.440817e-001
      outer loop
         vertex 9.802764e+000 -1.172521e+001 2.362320e+000
         vertex 9.244999e+000 -1.170474e+001 2.280103e+000
         vertex 9.831477e+000 -1.184937e+001 2.200022e+000
      endloop
   endfacet
   facet normal -1.643914e-001 -8.015746e-001 5.748509e-001
      outer loop
         vertex 9.831477e+000 -1.184937e+001 2.200022e+000
         vertex 9.244999e+000 -1.170474e+001 2.280103e+000
         vertex 9.248540e+000 -1.172335e+001 2.225333e+000
      endloop
   endfacet
   facet normal -1.644952e-001 -7.776347e-001 6.068160e-001
      outer loop
         vertex 9.831477e+000 -1.184937e+001 2.200022e+000
         vertex 9.248540e+000 -1.172335e+001 2.225333e+000
         vertex 9.248482e+000 -1.172453e+001 2.224206e+000
      endloop
   endfacet
   facet normal -9.040612e-002 -2.099116e-001 9.735317e-001
      outer loop
         vertex 1.159090e+001 -1.153078e+001 2.416570e+000
         vertex 1.210098e+001 -1.106201e+001 2.558190e+000
         vertex 1.156034e+001 -1.139519e+001 2.448735e+000
      endloop
   endfacet
   facet normal -1.813465e-002 -2.729067e-001 9.618695e-001
      outer loop
         vertex 1.156034e+001 -1.139519e+001 2.448735e+000
         vertex 1.210098e+001 -1.106201e+001 2.558190e+000
         vertex 1.200233e+001 -1.097876e+001 2.577435e+000
      endloop
   endfacet
   facet normal 1.164832e-001 -4.336010e-001 8.935445e-001
      outer loop
         vertex 1.156034e+001 -1.139519e+001 2.448735e+000
         vertex 1.200233e+001 -1.097876e+001 2.577435e+000
         vertex 1.143748e+001 -1.125972e+001 2.544309e+000
      endloop
   endfacet
   facet normal 2.698014e-001 -4.749794e-001 8.376167e-001
      outer loop
         vertex 1.143748e+001 -1.125972e+001 2.544309e+000
         vertex 1.200233e+001 -1.097876e+001 2.577435e+000
         vertex 1.218582e+001 -1.040665e+001 2.797290e+000
      endloop
   endfacet
   facet normal 3.645433e-001 -5.968529e-001 7.147551e-001
      outer loop
         vertex 1.143748e+001 -1.125972e+001 2.544309e+000
         vertex 1.218582e+001 -1.040665e+001 2.797290e+000
         vertex 1.138239e+001 -1.120955e+001 2.618022e+000
      endloop
   endfacet
   facet normal 4.817694e-001 -5.636237e-001 6.709892e-001
      outer loop
         vertex 1.138239e+001 -1.120955e+001 2.618022e+000
         vertex 1.218582e+001 -1.040665e+001 2.797290e+000
         vertex 1.211490e+001 -1.038068e+001 2.869969e+000
      endloop
   endfacet
   facet normal 4.805516e-001 -6.724106e-001 5.629691e-001
      outer loop
         vertex 1.138239e+001 -1.120955e+001 2.618022e+000
         vertex 1.211490e+001 -1.038068e+001 2.869969e+000
         vertex 1.133607e+001 -1.117523e+001 2.702929e+000
      endloop
   endfacet
   facet normal 5.994276e-001 -6.154811e-001 5.117319e-001
      outer loop
         vertex 1.133607e+001 -1.117523e+001 2.702929e+000
         vertex 1.211490e+001 -1.038068e+001 2.869969e+000
         vertex 1.205805e+001 -1.036586e+001 2.954114e+000
      endloop
   endfacet
   facet normal 5.744998e-001 -7.189122e-001 3.912994e-001
      outer loop
         vertex 1.133607e+001 -1.117523e+001 2.702929e+000
         vertex 1.205805e+001 -1.036586e+001 2.954114e+000
         vertex 1.130049e+001 -1.115739e+001 2.793040e+000
      endloop
   endfacet
   facet normal 6.897572e-001 -6.411775e-001 3.363428e-001
      outer loop
         vertex 1.130049e+001 -1.115739e+001 2.793040e+000
         vertex 1.205805e+001 -1.036586e+001 2.954114e+000
         vertex 1.201737e+001 -1.036209e+001 3.043755e+000
      endloop
   endfacet
   facet normal 7.237539e-001 -6.552787e-001 2.163107e-001
      outer loop
         vertex 1.130049e+001 -1.115739e+001 2.793040e+000
         vertex 1.201737e+001 -1.036209e+001 3.043755e+000
         vertex 1.190934e+001 -1.048687e+001 3.098639e+000
      endloop
   endfacet
   facet normal 8.117297e-001 -5.619835e-001 1.589633e-001
      outer loop
         vertex 1.190934e+001 -1.048687e+001 3.098639e+000
         vertex 1.201737e+001 -1.036209e+001 3.043755e+000
         vertex 1.194257e+001 -1.044885e+001 3.110458e+000
      endloop
   endfacet
   facet normal 2.788542e-001 2.390177e-001 9.301134e-001
      outer loop
         vertex 1.264662e+001 -9.132127e+000 2.966486e+000
         vertex 1.282146e+001 -9.158104e+000 2.904367e+000
         vertex 1.278854e+001 -9.086263e+000 2.898787e+000
      endloop
   endfacet
   facet normal 3.942729e-001 2.598589e-001 8.814886e-001
      outer loop
         vertex 1.278854e+001 -9.086263e+000 2.898787e+000
         vertex 1.265508e+001 -9.064690e+000 2.943835e+000
         vertex 1.264662e+001 -9.132127e+000 2.966486e+000
      endloop
   endfacet
   facet normal 4.848137e-001 2.419208e-001 8.404939e-001
      outer loop
         vertex 1.264662e+001 -9.132127e+000 2.966486e+000
         vertex 1.265508e+001 -9.064690e+000 2.943835e+000
         vertex 1.264662e+001 -9.061793e+000 2.950942e+000
      endloop
   endfacet
   facet normal 5.104877e-001 2.359979e-001 8.268660e-001
      outer loop
         vertex 1.264662e+001 -9.132127e+000 2.966486e+000
         vertex 1.264662e+001 -9.061793e+000 2.950942e+000
         vertex 1.262230e+001 -9.053471e+000 2.971375e+000
      endloop
   endfacet
   facet normal 2.361880e-001 1.807592e-001 9.547468e-001
      outer loop
         vertex 1.282146e+001 -9.158104e+000 2.904367e+000
         vertex 1.264662e+001 -9.132127e+000 2.966486e+000
         vertex 1.284071e+001 -9.200087e+000 2.907629e+000
      endloop
   endfacet
   facet normal 3.271871e-001 1.273666e-001 9.363366e-001
      outer loop
         vertex 1.284071e+001 -9.200087e+000 2.907629e+000
         vertex 1.264662e+001 -9.132127e+000 2.966486e+000
         vertex 1.267713e+001 -9.208028e+000 2.961212e+000
      endloop
   endfacet
   facet normal 1.781070e-001 1.040004e-001 9.784998e-001
      outer loop
         vertex 1.284071e+001 -9.200087e+000 2.907629e+000
         vertex 1.267713e+001 -9.208028e+000 2.961212e+000
         vertex 1.285511e+001 -9.231505e+000 2.910069e+000
      endloop
   endfacet
   facet normal 2.553822e-001 3.293307e-002 9.662791e-001
      outer loop
         vertex 1.285511e+001 -9.231505e+000 2.910069e+000
         vertex 1.267713e+001 -9.208028e+000 2.961212e+000
         vertex 1.270675e+001 -9.280265e+000 2.949889e+000
      endloop
   endfacet
   facet normal 1.035955e-001 6.487961e-003 9.945983e-001
      outer loop
         vertex 1.285511e+001 -9.231505e+000 2.910069e+000
         vertex 1.270675e+001 -9.280265e+000 2.949889e+000
         vertex 1.288813e+001 -9.303555e+000 2.915666e+000
      endloop
   endfacet
   facet normal 9.487374e-001 -1.570244e-001 2.743003e-001
      outer loop
         vertex 1.240684e+001 -9.251142e+000 3.222457e+000
         vertex 1.235047e+001 -9.362226e+000 3.360009e+000
         vertex 1.238481e+001 -9.353219e+000 3.275348e+000
      endloop
   endfacet
   facet normal 9.684380e-001 -1.217200e-001 2.175134e-001
      outer loop
         vertex 1.235047e+001 -9.362226e+000 3.360009e+000
         vertex 1.240684e+001 -9.251142e+000 3.222457e+000
         vertex 1.237418e+001 -9.138263e+000 3.349024e+000
      endloop
   endfacet
   facet normal 9.529531e-001 -8.436721e-002 2.911402e-001
      outer loop
         vertex 1.237418e+001 -9.138263e+000 3.349024e+000
         vertex 1.240684e+001 -9.251142e+000 3.222457e+000
         vertex 1.240247e+001 -9.151671e+000 3.255277e+000
      endloop
   endfacet
   facet normal 9.800558e-001 -5.585259e-002 1.907119e-001
      outer loop
         vertex 1.237418e+001 -9.138263e+000 3.349024e+000
         vertex 1.240247e+001 -9.151671e+000 3.255277e+000
         vertex 1.238708e+001 -9.016458e+000 3.343049e+000
      endloop
   endfacet
   facet normal 9.716355e-001 -3.096705e-002 2.344473e-001
      outer loop
         vertex 1.238708e+001 -9.016458e+000 3.343049e+000
         vertex 1.240247e+001 -9.151671e+000 3.255277e+000
         vertex 1.239894e+001 -9.044008e+000 3.276284e+000
      endloop
   endfacet
   facet normal 9.871964e-001 -1.312172e-002 1.589682e-001
      outer loop
         vertex 1.238708e+001 -9.016458e+000 3.343049e+000
         vertex 1.239894e+001 -9.044008e+000 3.276284e+000
         vertex 1.239244e+001 -8.922415e+000 3.310257e+000
      endloop
   endfacet
   facet normal 9.137228e-001 8.724062e-002 3.968623e-001
      outer loop
         vertex 1.247709e+001 -9.003773e+000 3.093363e+000
         vertex 1.244511e+001 -8.973033e+000 3.175313e+000
         vertex 1.239894e+001 -9.044008e+000 3.276284e+000
      endloop
   endfacet
   facet normal 9.623050e-001 3.956001e-002 2.690802e-001
      outer loop
         vertex 1.239894e+001 -9.044008e+000 3.276284e+000
         vertex 1.244511e+001 -8.973033e+000 3.175313e+000
         vertex 1.240202e+001 -8.931623e+000 3.285707e+000
      endloop
   endfacet
   facet normal 9.844534e-001 5.188328e-003 1.755693e-001
      outer loop
         vertex 1.239894e+001 -9.044008e+000 3.276284e+000
         vertex 1.240202e+001 -8.931623e+000 3.285707e+000
         vertex 1.239244e+001 -8.922415e+000 3.310257e+000
      endloop
   endfacet
   facet normal 5.998610e-001 2.122124e-001 7.714484e-001
      outer loop
         vertex 1.262230e+001 -9.053471e+000 2.971375e+000
         vertex 1.252685e+001 -9.020803e+000 3.051559e+000
         vertex 1.264662e+001 -9.132127e+000 2.966486e+000
      endloop
   endfacet
   facet normal 6.837401e-001 1.546193e-001 7.131566e-001
      outer loop
         vertex 1.264662e+001 -9.132127e+000 2.966486e+000
         vertex 1.252685e+001 -9.020803e+000 3.051559e+000
         vertex 1.248933e+001 -9.091854e+000 3.095577e+000
      endloop
   endfacet
   facet normal 5.706072e-001 1.079589e-001 8.140960e-001
      outer loop
         vertex 1.264662e+001 -9.132127e+000 2.966486e+000
         vertex 1.248933e+001 -9.091854e+000 3.095577e+000
         vertex 1.267713e+001 -9.208028e+000 2.961212e+000
      endloop
   endfacet
   facet normal 6.561250e-001 5.165647e-002 7.528822e-001
      outer loop
         vertex 1.267713e+001 -9.208028e+000 2.961212e+000
         vertex 1.248933e+001 -9.091854e+000 3.095577e+000
         vertex 1.250886e+001 -9.180025e+000 3.079230e+000
      endloop
   endfacet
   facet normal 4.934395e-001 2.050797e-004 8.697801e-001
      outer loop
         vertex 1.267713e+001 -9.208028e+000 2.961212e+000
         vertex 1.250886e+001 -9.180025e+000 3.079230e+000
         vertex 1.270675e+001 -9.280265e+000 2.949889e+000
      endloop
   endfacet
   facet normal 5.836161e-001 -5.357608e-002 8.102604e-001
      outer loop
         vertex 1.250886e+001 -9.180025e+000 3.079230e+000
         vertex 1.252871e+001 -9.261529e+000 3.054664e+000
         vertex 1.270675e+001 -9.280265e+000 2.949889e+000
      endloop
   endfacet
   facet normal 5.316616e-001 -1.274734e-001 8.373091e-001
      outer loop
         vertex 1.270675e+001 -9.280265e+000 2.949889e+000
         vertex 1.252871e+001 -9.261529e+000 3.054664e+000
         vertex 1.255742e+001 -9.338437e+000 3.033599e+000
      endloop
   endfacet
   facet normal 4.506518e-001 -1.637975e-001 8.775440e-001
      outer loop
         vertex 1.270675e+001 -9.280265e+000 2.949889e+000
         vertex 1.255742e+001 -9.338437e+000 3.033599e+000
         vertex 1.262780e+001 -9.338784e+000 2.973456e+000
      endloop
   endfacet
   facet normal 3.276460e-001 -1.550841e-001 9.319856e-001
      outer loop
         vertex 1.262780e+001 -9.338784e+000 2.973456e+000
         vertex 1.273450e+001 -9.350121e+000 2.947416e+000
         vertex 1.270675e+001 -9.280265e+000 2.949889e+000
      endloop
   endfacet
   facet normal 2.558844e-001 -1.486144e-001 9.552156e-001
      outer loop
         vertex 1.270675e+001 -9.280265e+000 2.949889e+000
         vertex 1.273450e+001 -9.350121e+000 2.947416e+000
         vertex 1.273801e+001 -9.350492e+000 2.946559e+000
      endloop
   endfacet
   facet normal 1.646315e-001 -9.210013e-002 9.820459e-001
      outer loop
         vertex 1.270675e+001 -9.280265e+000 2.949889e+000
         vertex 1.273801e+001 -9.350492e+000 2.946559e+000
         vertex 1.288813e+001 -9.303555e+000 2.915666e+000
      endloop
   endfacet
   facet normal 5.224222e-002 -1.251234e-001 9.907648e-001
      outer loop
         vertex 1.288813e+001 -9.303555e+000 2.915666e+000
         vertex 1.273801e+001 -9.350492e+000 2.946559e+000
         vertex 1.285724e+001 -9.363159e+000 2.917463e+000
      endloop
   endfacet
   facet normal -6.995441e-002 -1.077291e-001 9.917161e-001
      outer loop
         vertex 1.288813e+001 -9.303555e+000 2.915666e+000
         vertex 1.285724e+001 -9.363159e+000 2.917463e+000
         vertex 1.291994e+001 -9.372952e+000 2.921057e+000
      endloop
   endfacet
   facet normal 7.395415e-001 -1.752545e-001 6.498955e-001
      outer loop
         vertex 1.244332e+001 -9.337874e+000 3.131118e+000
         vertex 1.247593e+001 -9.338036e+000 3.103243e+000
         vertex 1.252871e+001 -9.261529e+000 3.054664e+000
      endloop
   endfacet
   facet normal 6.708139e-001 -1.768642e-001 7.202275e-001
      outer loop
         vertex 1.252871e+001 -9.261529e+000 3.054664e+000
         vertex 1.247593e+001 -9.338036e+000 3.103243e+000
         vertex 1.255550e+001 -9.338428e+000 3.035240e+000
      endloop
   endfacet
   facet normal 6.167166e-001 -1.768402e-001 7.670646e-001
      outer loop
         vertex 1.252871e+001 -9.261529e+000 3.054664e+000
         vertex 1.255550e+001 -9.338428e+000 3.035240e+000
         vertex 1.255742e+001 -9.338437e+000 3.033599e+000
      endloop
   endfacet
   facet normal 8.879110e-001 -1.732507e-001 4.261434e-001
      outer loop
         vertex 1.238481e+001 -9.353219e+000 3.275348e+000
         vertex 1.244332e+001 -9.337874e+000 3.131118e+000
         vertex 1.240684e+001 -9.251142e+000 3.222457e+000
      endloop
   endfacet
   facet normal 8.004755e-001 -1.449431e-001 5.815759e-001
      outer loop
         vertex 1.240684e+001 -9.251142e+000 3.222457e+000
         vertex 1.244332e+001 -9.337874e+000 3.131118e+000
         vertex 1.252871e+001 -9.261529e+000 3.054664e+000
      endloop
   endfacet
   facet normal 8.564242e-001 -9.220357e-002 5.079725e-001
      outer loop
         vertex 1.240684e+001 -9.251142e+000 3.222457e+000
         vertex 1.252871e+001 -9.261529e+000 3.054664e+000
         vertex 1.240247e+001 -9.151671e+000 3.255277e+000
      endloop
   endfacet
   facet normal 7.977117e-001 -5.035233e-002 6.009331e-001
      outer loop
         vertex 1.240247e+001 -9.151671e+000 3.255277e+000
         vertex 1.252871e+001 -9.261529e+000 3.054664e+000
         vertex 1.250886e+001 -9.180025e+000 3.079230e+000
      endloop
   endfacet
   facet normal 9.011427e-001 -1.849126e-002 4.331279e-001
      outer loop
         vertex 1.240247e+001 -9.151671e+000 3.255277e+000
         vertex 1.250886e+001 -9.180025e+000 3.079230e+000
         vertex 1.239894e+001 -9.044008e+000 3.276284e+000
      endloop
   endfacet
   facet normal 8.500682e-001 2.973124e-002 5.258327e-001
      outer loop
         vertex 1.239894e+001 -9.044008e+000 3.276284e+000
         vertex 1.250886e+001 -9.180025e+000 3.079230e+000
         vertex 1.248933e+001 -9.091854e+000 3.095577e+000
      endloop
   endfacet
   facet normal 8.768788e-001 8.290060e-002 4.735093e-001
      outer loop
         vertex 1.239894e+001 -9.044008e+000 3.276284e+000
         vertex 1.248933e+001 -9.091854e+000 3.095577e+000
         vertex 1.247709e+001 -9.003773e+000 3.093363e+000
      endloop
   endfacet
   facet normal 7.896065e-001 1.498881e-001 5.950254e-001
      outer loop
         vertex 1.247709e+001 -9.003773e+000 3.093363e+000
         vertex 1.248933e+001 -9.091854e+000 3.095577e+000
         vertex 1.252685e+001 -9.020803e+000 3.051559e+000
      endloop
   endfacet
   facet normal 8.015596e-001 2.159976e-001 5.575368e-001
      outer loop
         vertex 1.247709e+001 -9.003773e+000 3.093363e+000
         vertex 1.252685e+001 -9.020803e+000 3.051559e+000
         vertex 1.248299e+001 -8.880979e+000 3.030592e+000
      endloop
   endfacet
   facet normal 6.264106e-001 6.865129e-001 3.692014e-001
      outer loop
         vertex 1.262046e+001 -8.787534e+000 2.752030e+000
         vertex 1.261843e+001 -8.784053e+000 2.749834e+000
         vertex 1.251153e+001 -8.717784e+000 2.824082e+000
      endloop
   endfacet
   facet normal 6.412214e-001 7.023542e-001 3.090853e-001
      outer loop
         vertex 1.251153e+001 -8.717784e+000 2.824082e+000
         vertex 1.261843e+001 -8.784053e+000 2.749834e+000
         vertex 1.260222e+001 -8.755433e+000 2.705338e+000
      endloop
   endfacet
   facet normal 4.374800e-001 4.693019e-001 7.670508e-001
      outer loop
         vertex 1.273118e+001 -8.979112e+000 2.865566e+000
         vertex 1.271899e+001 -8.956333e+000 2.858504e+000
         vertex 1.259496e+001 -8.941051e+000 2.930161e+000
      endloop
   endfacet
   facet normal 4.660105e-001 5.075130e-001 7.247515e-001
      outer loop
         vertex 1.259496e+001 -8.941051e+000 2.930161e+000
         vertex 1.271899e+001 -8.956333e+000 2.858504e+000
         vertex 1.269055e+001 -8.907610e+000 2.827770e+000
      endloop
   endfacet
   facet normal 5.791151e-001 5.047263e-001 6.402164e-001
      outer loop
         vertex 1.259496e+001 -8.941051e+000 2.930161e+000
         vertex 1.269055e+001 -8.907610e+000 2.827770e+000
         vertex 1.254867e+001 -8.822829e+000 2.890687e+000
      endloop
   endfacet
   facet normal 5.246198e-001 5.746321e-001 6.281497e-001
      outer loop
         vertex 1.254867e+001 -8.822829e+000 2.890687e+000
         vertex 1.269055e+001 -8.907610e+000 2.827770e+000
         vertex 1.267811e+001 -8.886306e+000 2.814332e+000
      endloop
   endfacet
   facet normal 5.623467e-001 6.182525e-001 5.491175e-001
      outer loop
         vertex 1.254867e+001 -8.822829e+000 2.890687e+000
         vertex 1.267811e+001 -8.886306e+000 2.814332e+000
         vertex 1.263096e+001 -8.805520e+000 2.763375e+000
      endloop
   endfacet
   facet normal 3.456776e-001 3.645434e-001 8.646474e-001
      outer loop
         vertex 1.278854e+001 -9.086263e+000 2.898787e+000
         vertex 1.273118e+001 -8.979112e+000 2.865566e+000
         vertex 1.265508e+001 -9.064690e+000 2.943835e+000
      endloop
   endfacet
   facet normal 4.772819e-001 3.925074e-001 7.862187e-001
      outer loop
         vertex 1.265508e+001 -9.064690e+000 2.943835e+000
         vertex 1.273118e+001 -8.979112e+000 2.865566e+000
         vertex 1.259496e+001 -8.941051e+000 2.930161e+000
      endloop
   endfacet
   facet normal 5.283013e-001 3.219481e-001 7.856507e-001
      outer loop
         vertex 1.265508e+001 -9.064690e+000 2.943835e+000
         vertex 1.259496e+001 -8.941051e+000 2.930161e+000
         vertex 1.264662e+001 -9.061793e+000 2.950942e+000
      endloop
   endfacet
   facet normal 5.526008e-001 3.157613e-001 7.713153e-001
      outer loop
         vertex 1.264662e+001 -9.061793e+000 2.950942e+000
         vertex 1.259496e+001 -8.941051e+000 2.930161e+000
         vertex 1.262230e+001 -9.053471e+000 2.971375e+000
      endloop
   endfacet
   facet normal 9.850330e-001 8.282882e-002 1.511598e-001
      outer loop
         vertex 1.239744e+001 -8.626781e+000 3.104753e+000
         vertex 1.239244e+001 -8.922415e+000 3.310257e+000
         vertex 1.241358e+001 -8.806113e+000 3.156321e+000
      endloop
   endfacet
   facet normal 9.836162e-001 5.253125e-002 1.724517e-001
      outer loop
         vertex 1.241358e+001 -8.806113e+000 3.156321e+000
         vertex 1.239244e+001 -8.922415e+000 3.310257e+000
         vertex 1.240202e+001 -8.931623e+000 3.285707e+000
      endloop
   endfacet
   facet normal 9.602684e-001 8.687745e-002 2.652108e-001
      outer loop
         vertex 1.241358e+001 -8.806113e+000 3.156321e+000
         vertex 1.240202e+001 -8.931623e+000 3.285707e+000
         vertex 1.244511e+001 -8.973033e+000 3.175313e+000
      endloop
   endfacet
   facet normal 9.889956e-001 1.116092e-001 9.711396e-002
      outer loop
         vertex 1.239769e+001 -8.608910e+000 3.082845e+000
         vertex 1.239758e+001 -8.618677e+000 3.099120e+000
         vertex 1.239744e+001 -8.626781e+000 3.104753e+000
      endloop
   endfacet
   facet normal 9.371356e-001 2.986821e-001 1.804599e-001
      outer loop
         vertex 1.245108e+001 -8.735942e+000 2.986379e+000
         vertex 1.242904e+001 -8.502934e+000 2.754313e+000
         vertex 1.242326e+001 -8.490506e+000 2.756836e+000
      endloop
   endfacet
   facet normal 9.753643e-001 2.027750e-001 8.687251e-002
      outer loop
         vertex 1.240229e+001 -8.445386e+000 2.765994e+000
         vertex 1.239934e+001 -8.465481e+000 2.843859e+000
         vertex 1.242326e+001 -8.490506e+000 2.756836e+000
      endloop
   endfacet
   facet normal 9.786887e-001 1.832501e-001 9.267123e-002
      outer loop
         vertex 1.242326e+001 -8.490506e+000 2.756836e+000
         vertex 1.239934e+001 -8.465481e+000 2.843859e+000
         vertex 1.239769e+001 -8.608910e+000 3.082845e+000
      endloop
   endfacet
   facet normal 9.545458e-001 2.388767e-001 1.782703e-001
      outer loop
         vertex 1.242326e+001 -8.490506e+000 2.756836e+000
         vertex 1.239769e+001 -8.608910e+000 3.082845e+000
         vertex 1.245108e+001 -8.735942e+000 2.986379e+000
      endloop
   endfacet
   facet normal 9.645507e-001 1.899573e-001 1.831889e-001
      outer loop
         vertex 1.245108e+001 -8.735942e+000 2.986379e+000
         vertex 1.239769e+001 -8.608910e+000 3.082845e+000
         vertex 1.239915e+001 -8.632187e+000 3.099380e+000
      endloop
   endfacet
   facet normal 9.145969e-001 2.494963e-001 3.182203e-001
      outer loop
         vertex 1.245108e+001 -8.735942e+000 2.986379e+000
         vertex 1.239915e+001 -8.632187e+000 3.099380e+000
         vertex 1.248299e+001 -8.880979e+000 3.030592e+000
      endloop
   endfacet
   facet normal 7.193853e-001 6.524442e-001 2.383303e-001
      outer loop
         vertex 1.260222e+001 -8.755433e+000 2.705338e+000
         vertex 1.250239e+001 -8.660765e+000 2.722278e+000
         vertex 1.251153e+001 -8.717784e+000 2.824082e+000
      endloop
   endfacet
   facet normal 7.856873e-001 5.768094e-001 2.235763e-001
      outer loop
         vertex 1.251153e+001 -8.717784e+000 2.824082e+000
         vertex 1.250239e+001 -8.660765e+000 2.722278e+000
         vertex 1.249609e+001 -8.647194e+000 2.725032e+000
      endloop
   endfacet
   facet normal 8.249314e-001 4.895492e-001 2.825416e-001
      outer loop
         vertex 1.251153e+001 -8.717784e+000 2.824082e+000
         vertex 1.249609e+001 -8.647194e+000 2.725032e+000
         vertex 1.245108e+001 -8.735942e+000 2.986379e+000
      endloop
   endfacet
   facet normal 8.412184e-001 4.937155e-001 2.204466e-001
      outer loop
         vertex 1.245108e+001 -8.735942e+000 2.986379e+000
         vertex 1.249609e+001 -8.647194e+000 2.725032e+000
         vertex 1.249346e+001 -8.641549e+000 2.726178e+000
      endloop
   endfacet
   facet normal 8.933343e-001 4.013551e-001 2.021579e-001
      outer loop
         vertex 1.245108e+001 -8.735942e+000 2.986379e+000
         vertex 1.249346e+001 -8.641549e+000 2.726178e+000
         vertex 1.242904e+001 -8.502934e+000 2.754313e+000
      endloop
   endfacet
   facet normal 7.168918e-001 2.530537e-001 6.496384e-001
      outer loop
         vertex 1.252685e+001 -9.020803e+000 3.051559e+000
         vertex 1.262230e+001 -9.053471e+000 2.971375e+000
         vertex 1.248299e+001 -8.880979e+000 3.030592e+000
      endloop
   endfacet
   facet normal 6.703668e-001 3.233483e-001 6.678730e-001
      outer loop
         vertex 1.248299e+001 -8.880979e+000 3.030592e+000
         vertex 1.262230e+001 -9.053471e+000 2.971375e+000
         vertex 1.259496e+001 -8.941051e+000 2.930161e+000
      endloop
   endfacet
   facet normal 7.851303e-001 3.457474e-001 5.138378e-001
      outer loop
         vertex 1.248299e+001 -8.880979e+000 3.030592e+000
         vertex 1.259496e+001 -8.941051e+000 2.930161e+000
         vertex 1.245108e+001 -8.735942e+000 2.986379e+000
      endloop
   endfacet
   facet normal 7.409039e-001 4.178416e-001 5.258040e-001
      outer loop
         vertex 1.245108e+001 -8.735942e+000 2.986379e+000
         vertex 1.259496e+001 -8.941051e+000 2.930161e+000
         vertex 1.254867e+001 -8.822829e+000 2.890687e+000
      endloop
   endfacet
   facet normal 7.877111e-001 4.640712e-001 4.051533e-001
      outer loop
         vertex 1.245108e+001 -8.735942e+000 2.986379e+000
         vertex 1.254867e+001 -8.822829e+000 2.890687e+000
         vertex 1.251153e+001 -8.717784e+000 2.824082e+000
      endloop
   endfacet
   facet normal 6.686229e-001 5.967957e-001 4.435971e-001
      outer loop
         vertex 1.251153e+001 -8.717784e+000 2.824082e+000
         vertex 1.254867e+001 -8.822829e+000 2.890687e+000
         vertex 1.263096e+001 -8.805520e+000 2.763375e+000
      endloop
   endfacet
   facet normal 6.196039e-001 6.785434e-001 3.945504e-001
      outer loop
         vertex 1.251153e+001 -8.717784e+000 2.824082e+000
         vertex 1.263096e+001 -8.805520e+000 2.763375e+000
         vertex 1.262046e+001 -8.787534e+000 2.752030e+000
      endloop
   endfacet
   facet normal 9.881043e-001 1.151208e-001 1.019663e-001
      outer loop
         vertex 1.239769e+001 -8.608910e+000 3.082845e+000
         vertex 1.239744e+001 -8.626781e+000 3.104753e+000
         vertex 1.239915e+001 -8.632187e+000 3.099380e+000
      endloop
   endfacet
   facet normal 9.807636e-001 1.234856e-001 1.511753e-001
      outer loop
         vertex 1.239915e+001 -8.632187e+000 3.099380e+000
         vertex 1.239744e+001 -8.626781e+000 3.104753e+000
         vertex 1.241358e+001 -8.806113e+000 3.156321e+000
      endloop
   endfacet
   facet normal 9.399330e-001 1.857082e-001 2.864235e-001
      outer loop
         vertex 1.239915e+001 -8.632187e+000 3.099380e+000
         vertex 1.241358e+001 -8.806113e+000 3.156321e+000
         vertex 1.248299e+001 -8.880979e+000 3.030592e+000
      endloop
   endfacet
   facet normal 9.092104e-001 1.774969e-001 3.766049e-001
      outer loop
         vertex 1.248299e+001 -8.880979e+000 3.030592e+000
         vertex 1.241358e+001 -8.806113e+000 3.156321e+000
         vertex 1.244511e+001 -8.973033e+000 3.175313e+000
      endloop
   endfacet
   facet normal 8.607788e-001 1.838960e-001 4.745968e-001
      outer loop
         vertex 1.248299e+001 -8.880979e+000 3.030592e+000
         vertex 1.244511e+001 -8.973033e+000 3.175313e+000
         vertex 1.247709e+001 -9.003773e+000 3.093363e+000
      endloop
   endfacet
   facet normal 9.940045e-001 1.077687e-001 1.846803e-002
      outer loop
         vertex 1.246307e+001 -8.613373e+000 2.206804e+000
         vertex 1.248371e+001 -8.759367e+000 2.146360e+000
         vertex 1.247528e+001 -8.736722e+000 2.111054e+000
      endloop
   endfacet
   facet normal 4.112648e-001 3.594464e-001 -8.376512e-001
      outer loop
         vertex 1.284628e+001 -9.104060e+000 2.441695e+000
         vertex 1.271031e+001 -9.075073e+000 2.362824e+000
         vertex 1.282864e+001 -9.077246e+000 2.453194e+000
      endloop
   endfacet
   facet normal 5.505437e-001 3.986143e-001 -7.334905e-001
      outer loop
         vertex 1.282864e+001 -9.077246e+000 2.453194e+000
         vertex 1.271031e+001 -9.075073e+000 2.362824e+000
         vertex 1.263144e+001 -8.921006e+000 2.398695e+000
      endloop
   endfacet
   facet normal 5.804464e-001 5.969440e-001 -5.538411e-001
      outer loop
         vertex 1.267957e+001 -8.850566e+000 2.550410e+000
         vertex 1.273349e+001 -8.932562e+000 2.515245e+000
         vertex 1.263144e+001 -8.921006e+000 2.398695e+000
      endloop
   endfacet
   facet normal 5.454360e-001 5.469449e-001 -6.350992e-001
      outer loop
         vertex 1.263144e+001 -8.921006e+000 2.398695e+000
         vertex 1.273349e+001 -8.932562e+000 2.515245e+000
         vertex 1.276024e+001 -8.973233e+000 2.497802e+000
      endloop
   endfacet
   facet normal 5.012271e-001 4.795260e-001 -7.202959e-001
      outer loop
         vertex 1.263144e+001 -8.921006e+000 2.398695e+000
         vertex 1.276024e+001 -8.973233e+000 2.497802e+000
         vertex 1.282864e+001 -9.077246e+000 2.453194e+000
      endloop
   endfacet
   facet normal 6.486324e-001 6.847569e-001 -3.322409e-001
      outer loop
         vertex 1.256224e+001 -8.770514e+000 2.459340e+000
         vertex 1.264786e+001 -8.802353e+000 2.571087e+000
         vertex 1.264792e+001 -8.802438e+000 2.571050e+000
      endloop
   endfacet
   facet normal 6.634085e-001 7.324890e-001 1.528037e-001
      outer loop
         vertex 1.260222e+001 -8.755433e+000 2.705338e+000
         vertex 1.260102e+001 -8.749470e+000 2.677688e+000
         vertex 1.250239e+001 -8.660765e+000 2.722278e+000
      endloop
   endfacet
   facet normal 7.359176e-001 6.623617e-001 1.403654e-001
      outer loop
         vertex 1.250239e+001 -8.660765e+000 2.722278e+000
         vertex 1.260102e+001 -8.749470e+000 2.677688e+000
         vertex 1.249609e+001 -8.647194e+000 2.725032e+000
      endloop
   endfacet
   facet normal 6.824285e-001 7.308762e-001 1.054784e-002
      outer loop
         vertex 1.260102e+001 -8.749470e+000 2.677688e+000
         vertex 1.260507e+001 -8.752180e+000 2.657469e+000
         vertex 1.250727e+001 -8.656857e+000 2.571093e+000
      endloop
   endfacet
   facet normal 6.829423e-001 7.292806e-001 -4.170829e-002
      outer loop
         vertex 1.250727e+001 -8.656857e+000 2.571093e+000
         vertex 1.260507e+001 -8.752180e+000 2.657469e+000
         vertex 1.260872e+001 -8.754627e+000 2.639224e+000
      endloop
   endfacet
   facet normal 6.817184e-001 7.249766e-001 -9.833089e-002
      outer loop
         vertex 1.250727e+001 -8.656857e+000 2.571093e+000
         vertex 1.260872e+001 -8.754627e+000 2.639224e+000
         vertex 1.262005e+001 -8.768444e+000 2.619497e+000
      endloop
   endfacet
   facet normal 7.457096e-001 6.517414e-001 1.383846e-001
      outer loop
         vertex 1.249609e+001 -8.647194e+000 2.725032e+000
         vertex 1.260102e+001 -8.749470e+000 2.677688e+000
         vertex 1.249346e+001 -8.641549e+000 2.726178e+000
      endloop
   endfacet
   facet normal 7.542475e-001 6.537663e-001 6.082933e-002
      outer loop
         vertex 1.249346e+001 -8.641549e+000 2.726178e+000
         vertex 1.260102e+001 -8.749470e+000 2.677688e+000
         vertex 1.250727e+001 -8.656857e+000 2.571093e+000
      endloop
   endfacet
   facet normal 8.727464e-001 4.837147e-001 6.583173e-002
      outer loop
         vertex 1.249346e+001 -8.641549e+000 2.726178e+000
         vertex 1.250727e+001 -8.656857e+000 2.571093e+000
         vertex 1.242904e+001 -8.502934e+000 2.754313e+000
      endloop
   endfacet
   facet normal 9.209465e-001 3.890654e-001 2.203527e-002
      outer loop
         vertex 1.242904e+001 -8.502934e+000 2.754313e+000
         vertex 1.250727e+001 -8.656857e+000 2.571093e+000
         vertex 1.243599e+001 -8.511739e+000 2.520526e+000
      endloop
   endfacet
   facet normal 9.558264e-001 2.832592e-001 7.848577e-002
      outer loop
         vertex 1.242904e+001 -8.502934e+000 2.754313e+000
         vertex 1.243599e+001 -8.511739e+000 2.520526e+000
         vertex 1.242326e+001 -8.490506e+000 2.756836e+000
      endloop
   endfacet
   facet normal 9.678890e-001 2.426383e-001 6.570777e-002
      outer loop
         vertex 1.242326e+001 -8.490506e+000 2.756836e+000
         vertex 1.243599e+001 -8.511739e+000 2.520526e+000
         vertex 1.242235e+001 -8.451254e+000 2.508691e+000
      endloop
   endfacet
   facet normal 9.753044e-001 2.049047e-001 8.243488e-002
      outer loop
         vertex 1.242326e+001 -8.490506e+000 2.756836e+000
         vertex 1.242235e+001 -8.451254e+000 2.508691e+000
         vertex 1.240229e+001 -8.445386e+000 2.765994e+000
      endloop
   endfacet
   facet normal 9.787433e-001 1.991158e-001 4.913892e-002
      outer loop
         vertex 1.245377e+001 -8.570021e+000 2.276222e+000
         vertex 1.242959e+001 -8.478645e+000 2.455077e+000
         vertex 1.243599e+001 -8.511739e+000 2.520526e+000
      endloop
   endfacet
   facet normal 9.755832e-001 2.136798e-001 5.077746e-002
      outer loop
         vertex 1.243599e+001 -8.511739e+000 2.520526e+000
         vertex 1.242959e+001 -8.478645e+000 2.455077e+000
         vertex 1.242315e+001 -8.454277e+000 2.502774e+000
      endloop
   endfacet
   facet normal 9.764286e-001 2.088438e-001 5.451183e-002
      outer loop
         vertex 1.243599e+001 -8.511739e+000 2.520526e+000
         vertex 1.242315e+001 -8.454277e+000 2.502774e+000
         vertex 1.242235e+001 -8.451254e+000 2.508691e+000
      endloop
   endfacet
   facet normal 9.914656e-001 1.173442e-001 5.679978e-002
      outer loop
         vertex 1.246178e+001 -8.600303e+000 2.216950e+000
         vertex 1.245377e+001 -8.570021e+000 2.276222e+000
         vertex 1.246307e+001 -8.613373e+000 2.206804e+000
      endloop
   endfacet
   facet normal 9.815237e-001 1.913402e-001 5.529506e-004
      outer loop
         vertex 1.246307e+001 -8.613373e+000 2.206804e+000
         vertex 1.245377e+001 -8.570021e+000 2.276222e+000
         vertex 1.248089e+001 -8.661452e+000 2.358372e+000
      endloop
   endfacet
   facet normal 9.796794e-001 1.970004e-001 -3.767172e-002
      outer loop
         vertex 1.246307e+001 -8.613373e+000 2.206804e+000
         vertex 1.248089e+001 -8.661452e+000 2.358372e+000
         vertex 1.248371e+001 -8.759367e+000 2.146360e+000
      endloop
   endfacet
   facet normal 9.741207e-001 1.268303e-001 -1.870910e-001
      outer loop
         vertex 1.251367e+001 -8.983910e+000 2.125289e+000
         vertex 1.251272e+001 -8.981091e+000 2.118183e+000
         vertex 1.248371e+001 -8.759367e+000 2.146360e+000
      endloop
   endfacet
   facet normal 9.839769e-001 1.087229e-001 -1.413112e-001
      outer loop
         vertex 1.248371e+001 -8.759367e+000 2.146360e+000
         vertex 1.251272e+001 -8.981091e+000 2.118183e+000
         vertex 1.250426e+001 -8.956136e+000 2.055223e+000
      endloop
   endfacet
   facet normal 9.972898e-001 7.190678e-002 1.557301e-002
      outer loop
         vertex 1.247528e+001 -8.736722e+000 2.111054e+000
         vertex 1.248371e+001 -8.759367e+000 2.146360e+000
         vertex 1.249260e+001 -8.911863e+000 1.975102e+000
      endloop
   endfacet
   facet normal 9.964991e-001 7.134192e-002 -4.358654e-002
      outer loop
         vertex 1.249260e+001 -8.911863e+000 1.975102e+000
         vertex 1.248371e+001 -8.759367e+000 2.146360e+000
         vertex 1.250426e+001 -8.956136e+000 2.055223e+000
      endloop
   endfacet
   facet normal 9.996581e-001 2.373346e-002 -1.097243e-002
      outer loop
         vertex 1.249260e+001 -8.911863e+000 1.975102e+000
         vertex 1.250426e+001 -8.956136e+000 2.055223e+000
         vertex 1.249284e+001 -8.922414e+000 1.970148e+000
      endloop
   endfacet
   facet normal 9.683090e-001 2.496363e-001 -7.707853e-003
      outer loop
         vertex 1.245377e+001 -8.570021e+000 2.276222e+000
         vertex 1.243599e+001 -8.511739e+000 2.520526e+000
         vertex 1.248089e+001 -8.661452e+000 2.358372e+000
      endloop
   endfacet
   facet normal 9.143108e-001 4.016477e-001 -5.210556e-002
      outer loop
         vertex 1.248089e+001 -8.661452e+000 2.358372e+000
         vertex 1.243599e+001 -8.511739e+000 2.520526e+000
         vertex 1.250727e+001 -8.656857e+000 2.571093e+000
      endloop
   endfacet
   facet normal 8.547817e-001 4.909826e-001 -1.681796e-001
      outer loop
         vertex 1.248089e+001 -8.661452e+000 2.358372e+000
         vertex 1.250727e+001 -8.656857e+000 2.571093e+000
         vertex 1.256224e+001 -8.770514e+000 2.459340e+000
      endloop
   endfacet
   facet normal 7.424052e-001 6.444937e-001 -1.829270e-001
      outer loop
         vertex 1.256224e+001 -8.770514e+000 2.459340e+000
         vertex 1.250727e+001 -8.656857e+000 2.571093e+000
         vertex 1.262005e+001 -8.768444e+000 2.619497e+000
      endloop
   endfacet
   facet normal 6.590959e-001 7.008571e-001 -2.727488e-001
      outer loop
         vertex 1.256224e+001 -8.770514e+000 2.459340e+000
         vertex 1.262005e+001 -8.768444e+000 2.619497e+000
         vertex 1.264786e+001 -8.802353e+000 2.571087e+000
      endloop
   endfacet
   facet normal 6.371898e-001 3.601064e-001 -6.814048e-001
      outer loop
         vertex 1.271031e+001 -9.075073e+000 2.362824e+000
         vertex 1.269594e+001 -9.072011e+000 2.354491e+000
         vertex 1.263144e+001 -8.921006e+000 2.398695e+000
      endloop
   endfacet
   facet normal 6.808861e-001 3.464302e-001 -6.452753e-001
      outer loop
         vertex 1.263144e+001 -8.921006e+000 2.398695e+000
         vertex 1.269594e+001 -9.072011e+000 2.354491e+000
         vertex 1.263625e+001 -9.059285e+000 2.319865e+000
      endloop
   endfacet
   facet normal 7.818958e-001 3.555221e-001 -5.120966e-001
      outer loop
         vertex 1.263144e+001 -8.921006e+000 2.398695e+000
         vertex 1.263625e+001 -9.059285e+000 2.319865e+000
         vertex 1.253234e+001 -8.849208e+000 2.281522e+000
      endloop
   endfacet
   facet normal 8.197239e-001 2.745986e-001 -5.026413e-001
      outer loop
         vertex 1.253234e+001 -8.849208e+000 2.281522e+000
         vertex 1.263625e+001 -9.059285e+000 2.319865e+000
         vertex 1.259532e+001 -9.034117e+000 2.254896e+000
      endloop
   endfacet
   facet normal 8.636817e-001 2.492416e-001 -4.381011e-001
      outer loop
         vertex 1.253234e+001 -8.849208e+000 2.281522e+000
         vertex 1.259532e+001 -9.034117e+000 2.254896e+000
         vertex 1.257373e+001 -9.020842e+000 2.220628e+000
      endloop
   endfacet
   facet normal 6.392437e-001 6.698688e-001 -3.776817e-001
      outer loop
         vertex 1.264792e+001 -8.802438e+000 2.571050e+000
         vertex 1.267957e+001 -8.850566e+000 2.550410e+000
         vertex 1.256224e+001 -8.770514e+000 2.459340e+000
      endloop
   endfacet
   facet normal 6.821625e-001 5.759636e-001 -4.504668e-001
      outer loop
         vertex 1.256224e+001 -8.770514e+000 2.459340e+000
         vertex 1.267957e+001 -8.850566e+000 2.550410e+000
         vertex 1.263144e+001 -8.921006e+000 2.398695e+000
      endloop
   endfacet
   facet normal 8.235900e-001 4.584513e-001 -3.339490e-001
      outer loop
         vertex 1.256224e+001 -8.770514e+000 2.459340e+000
         vertex 1.263144e+001 -8.921006e+000 2.398695e+000
         vertex 1.248089e+001 -8.661452e+000 2.358372e+000
      endloop
   endfacet
   facet normal 8.622783e-001 3.796740e-001 -3.351474e-001
      outer loop
         vertex 1.248089e+001 -8.661452e+000 2.358372e+000
         vertex 1.263144e+001 -8.921006e+000 2.398695e+000
         vertex 1.253234e+001 -8.849208e+000 2.281522e+000
      endloop
   endfacet
   facet normal 9.495596e-001 2.676405e-001 -1.634172e-001
      outer loop
         vertex 1.248089e+001 -8.661452e+000 2.358372e+000
         vertex 1.253234e+001 -8.849208e+000 2.281522e+000
         vertex 1.248371e+001 -8.759367e+000 2.146360e+000
      endloop
   endfacet
   facet normal 9.326650e-001 2.243878e-001 -2.824644e-001
      outer loop
         vertex 1.248371e+001 -8.759367e+000 2.146360e+000
         vertex 1.253234e+001 -8.849208e+000 2.281522e+000
         vertex 1.257373e+001 -9.020842e+000 2.220628e+000
      endloop
   endfacet
   facet normal 9.522550e-001 1.567133e-001 -2.620140e-001
      outer loop
         vertex 1.248371e+001 -8.759367e+000 2.146360e+000
         vertex 1.257373e+001 -9.020842e+000 2.220628e+000
         vertex 1.251367e+001 -8.983910e+000 2.125289e+000
      endloop
   endfacet
   facet normal -1.760846e-001 7.960621e-001 -5.790331e-001
      outer loop
         vertex 9.825926e+000 -6.000839e+000 1.273941e+000
         vertex 9.825925e+000 -6.000847e+000 1.273930e+000
         vertex 8.699222e+000 -6.194038e+000 1.498705e+000
      endloop
   endfacet
   facet normal -9.775725e-001 1.885786e-001 -9.375571e-002
      outer loop
         vertex 7.002962e+000 -8.271066e+000 1.814444e+000
         vertex 6.989959e+000 -8.366879e+000 1.832774e+000
         vertex 6.939911e+000 -8.322776e+000 2.038364e+000
      endloop
   endfacet
   facet normal -1.574188e-001 1.865495e-001 -9.697518e-001
      outer loop
         vertex 9.864564e+000 -5.624860e+000 1.481575e+000
         vertex 9.860983e+000 -5.732327e+000 1.475131e+000
         vertex 9.236627e+000 -5.765719e+000 1.576022e+000
      endloop
   endfacet
   facet normal -2.618876e-001 1.450690e-002 -9.649894e-001
      outer loop
         vertex 7.563915e+000 -6.573731e+000 1.952464e+000
         vertex 7.981712e+000 -6.058146e+000 1.837622e+000
         vertex 8.065521e+000 -6.193681e+000 1.819379e+000
      endloop
   endfacet
   facet normal -1.986328e-001 -5.390280e-002 -9.785905e-001
      outer loop
         vertex 8.065521e+000 -6.193681e+000 1.819379e+000
         vertex 7.981712e+000 -6.058146e+000 1.837622e+000
         vertex 8.576847e+000 -5.772919e+000 1.710249e+000
      endloop
   endfacet
   facet normal -2.403891e-001 5.628894e-002 -9.690431e-001
      outer loop
         vertex 8.065521e+000 -6.193681e+000 1.819379e+000
         vertex 8.576847e+000 -5.772919e+000 1.710249e+000
         vertex 8.630415e+000 -5.921242e+000 1.692276e+000
      endloop
   endfacet
   facet normal -1.849534e-001 -3.379147e-002 -9.821662e-001
      outer loop
         vertex 8.630415e+000 -5.921242e+000 1.692276e+000
         vertex 8.576847e+000 -5.772919e+000 1.710249e+000
         vertex 8.751357e+000 -5.689283e+000 1.672899e+000
      endloop
   endfacet
   facet normal -2.062642e-001 9.333187e-002 -9.740350e-001
      outer loop
         vertex 8.630415e+000 -5.921242e+000 1.692276e+000
         vertex 8.751357e+000 -5.689283e+000 1.672899e+000
         vertex 9.236627e+000 -5.765719e+000 1.576022e+000
      endloop
   endfacet
   facet normal -1.650556e-001 -1.687023e-002 -9.861400e-001
      outer loop
         vertex 9.236627e+000 -5.765719e+000 1.576022e+000
         vertex 8.751357e+000 -5.689283e+000 1.672899e+000
         vertex 9.210845e+000 -5.602094e+000 1.593804e+000
      endloop
   endfacet
   facet normal -1.632228e-001 5.020057e-002 -9.853112e-001
      outer loop
         vertex 9.236627e+000 -5.765719e+000 1.576022e+000
         vertex 9.210845e+000 -5.602094e+000 1.593804e+000
         vertex 9.864564e+000 -5.624860e+000 1.481575e+000
      endloop
   endfacet
   facet normal -1.411843e-001 -7.591911e-002 -9.870680e-001
      outer loop
         vertex 9.864564e+000 -5.624860e+000 1.481575e+000
         vertex 9.210845e+000 -5.602094e+000 1.593804e+000
         vertex 9.594201e+000 -5.529352e+000 1.527813e+000
      endloop
   endfacet
   facet normal -1.411530e-001 -7.608886e-002 -9.870594e-001
      outer loop
         vertex 9.864564e+000 -5.624860e+000 1.481575e+000
         vertex 9.594201e+000 -5.529352e+000 1.527813e+000
         vertex 9.867895e+000 -5.524868e+000 1.487572e+000
      endloop
   endfacet
   facet normal -2.713425e-001 -2.760975e-002 -9.620868e-001
      outer loop
         vertex 7.145715e+000 -7.048210e+000 2.086473e+000
         vertex 7.392939e+000 -6.546627e+000 1.993481e+000
         vertex 7.563915e+000 -6.573731e+000 1.952464e+000
      endloop
   endfacet
   facet normal -2.058735e-001 -7.525353e-002 -9.756808e-001
      outer loop
         vertex 7.563915e+000 -6.573731e+000 1.952464e+000
         vertex 7.392939e+000 -6.546627e+000 1.993481e+000
         vertex 7.474856e+000 -6.478662e+000 1.971796e+000
      endloop
   endfacet
   facet normal -2.059376e-001 -7.527700e-002 -9.756655e-001
      outer loop
         vertex 7.563915e+000 -6.573731e+000 1.952464e+000
         vertex 7.474856e+000 -6.478662e+000 1.971796e+000
         vertex 7.981712e+000 -6.058146e+000 1.837622e+000
      endloop
   endfacet
   facet normal -2.075085e-001 -9.564895e-002 -9.735458e-001
      outer loop
         vertex 6.758194e+000 -7.566975e+000 2.232944e+000
         vertex 6.893264e+000 -7.226277e+000 2.164109e+000
         vertex 7.145715e+000 -7.048210e+000 2.086473e+000
      endloop
   endfacet
   facet normal -2.075565e-001 -9.570231e-002 -9.735304e-001
      outer loop
         vertex 7.145715e+000 -7.048210e+000 2.086473e+000
         vertex 6.893264e+000 -7.226277e+000 2.164109e+000
         vertex 7.066192e+000 -6.991063e+000 2.105058e+000
      endloop
   endfacet
   facet normal -2.075270e-001 -9.580480e-002 -9.735266e-001
      outer loop
         vertex 7.145715e+000 -7.048210e+000 2.086473e+000
         vertex 7.066192e+000 -6.991063e+000 2.105058e+000
         vertex 7.392939e+000 -6.546627e+000 1.993481e+000
      endloop
   endfacet
   facet normal -1.984812e-001 -1.291585e-001 -9.715571e-001
      outer loop
         vertex 6.627523e+000 -8.209552e+000 2.336694e+000
         vertex 6.559568e+000 -8.192088e+000 2.352124e+000
         vertex 6.581415e+000 -8.012881e+000 2.323036e+000
      endloop
   endfacet
   facet normal -2.615012e-001 -1.005803e-001 -9.599483e-001
      outer loop
         vertex 6.627523e+000 -8.209552e+000 2.336694e+000
         vertex 6.581415e+000 -8.012881e+000 2.323036e+000
         vertex 6.828660e+000 -7.600281e+000 2.216261e+000
      endloop
   endfacet
   facet normal -1.488054e-001 3.274308e-001 -9.330842e-001
      outer loop
         vertex 9.860983e+000 -5.732327e+000 1.475131e+000
         vertex 9.851020e+000 -5.831637e+000 1.422004e+000
         vertex 9.236627e+000 -5.765719e+000 1.576022e+000
      endloop
   endfacet
   facet normal -1.879460e-001 4.548780e-001 -8.704954e-001
      outer loop
         vertex 9.236627e+000 -5.765719e+000 1.576022e+000
         vertex 9.851020e+000 -5.831637e+000 1.422004e+000
         vertex 9.254152e+000 -5.967267e+000 1.468321e+000
      endloop
   endfacet
   facet normal -2.414512e-001 3.586510e-001 -9.017044e-001
      outer loop
         vertex 9.236627e+000 -5.765719e+000 1.576022e+000
         vertex 9.254152e+000 -5.967267e+000 1.468321e+000
         vertex 8.630415e+000 -5.921242e+000 1.692276e+000
      endloop
   endfacet
   facet normal -2.995527e-001 4.732394e-001 -8.284399e-001
      outer loop
         vertex 8.630415e+000 -5.921242e+000 1.692276e+000
         vertex 9.254152e+000 -5.967267e+000 1.468321e+000
         vertex 8.685576e+000 -6.115788e+000 1.584405e+000
      endloop
   endfacet
   facet normal -3.225881e-001 2.996809e-001 -8.978465e-001
      outer loop
         vertex 8.630415e+000 -5.921242e+000 1.692276e+000
         vertex 8.685576e+000 -6.115788e+000 1.584405e+000
         vertex 8.065521e+000 -6.193681e+000 1.819379e+000
      endloop
   endfacet
   facet normal -3.989639e-001 4.010343e-001 -8.246207e-001
      outer loop
         vertex 8.065521e+000 -6.193681e+000 1.819379e+000
         vertex 8.685576e+000 -6.115788e+000 1.584405e+000
         vertex 8.156856e+000 -6.373874e+000 1.711138e+000
      endloop
   endfacet
   facet normal -3.839857e-001 2.274454e-001 -8.948874e-001
      outer loop
         vertex 8.065521e+000 -6.193681e+000 1.819379e+000
         vertex 8.156856e+000 -6.373874e+000 1.711138e+000
         vertex 7.563915e+000 -6.573731e+000 1.952464e+000
      endloop
   endfacet
   facet normal -4.764175e-001 3.128503e-001 -8.216758e-001
      outer loop
         vertex 7.563915e+000 -6.573731e+000 1.952464e+000
         vertex 8.156856e+000 -6.373874e+000 1.711138e+000
         vertex 7.688484e+000 -6.732373e+000 1.843638e+000
      endloop
   endfacet
   facet normal -4.247260e-001 1.483056e-001 -8.930920e-001
      outer loop
         vertex 7.563915e+000 -6.573731e+000 1.952464e+000
         vertex 7.688484e+000 -6.732373e+000 1.843638e+000
         vertex 7.145715e+000 -7.048210e+000 2.086473e+000
      endloop
   endfacet
   facet normal -5.731786e-001 1.397794e-002 -8.193113e-001
      outer loop
         vertex 6.819343e+000 -8.266688e+000 2.225034e+000
         vertex 6.627523e+000 -8.209552e+000 2.336694e+000
         vertex 7.004892e+000 -7.696407e+000 2.105672e+000
      endloop
   endfacet
   facet normal -4.496941e-001 -8.729738e-003 -8.931400e-001
      outer loop
         vertex 7.004892e+000 -7.696407e+000 2.105672e+000
         vertex 6.627523e+000 -8.209552e+000 2.336694e+000
         vertex 6.828660e+000 -7.600281e+000 2.216261e+000
      endloop
   endfacet
   facet normal -5.622912e-001 1.138900e-001 -8.190591e-001
      outer loop
         vertex 7.004892e+000 -7.696407e+000 2.105672e+000
         vertex 6.828660e+000 -7.600281e+000 2.216261e+000
         vertex 7.299076e+000 -7.178562e+000 1.976851e+000
      endloop
   endfacet
   facet normal -6.973956e-001 -6.724028e-002 -7.135252e-001
      outer loop
         vertex 6.788403e+000 -8.875030e+000 2.274292e+000
         vertex 6.723876e+000 -8.863951e+000 2.354216e+000
         vertex 6.819343e+000 -8.266688e+000 2.225034e+000
      endloop
   endfacet
   facet normal -6.015003e-001 -7.824060e-002 -7.950319e-001
      outer loop
         vertex 6.819343e+000 -8.266688e+000 2.225034e+000
         vertex 6.723876e+000 -8.863951e+000 2.354216e+000
         vertex 6.644017e+000 -8.859159e+000 2.391100e+000
      endloop
   endfacet
   facet normal -5.017952e-001 -7.474040e-002 -8.617514e-001
      outer loop
         vertex 6.819343e+000 -8.266688e+000 2.225034e+000
         vertex 6.644017e+000 -8.859159e+000 2.391100e+000
         vertex 6.627523e+000 -8.209552e+000 2.336694e+000
      endloop
   endfacet
   facet normal -3.605730e-001 -1.233504e-001 -9.245387e-001
      outer loop
         vertex 6.627523e+000 -8.209552e+000 2.336694e+000
         vertex 6.644017e+000 -8.859159e+000 2.391100e+000
         vertex 6.549495e+000 -8.853488e+000 2.434756e+000
      endloop
   endfacet
   facet normal -2.471904e-001 -1.278639e-001 -9.604935e-001
      outer loop
         vertex 6.627523e+000 -8.209552e+000 2.336694e+000
         vertex 6.549495e+000 -8.853488e+000 2.434756e+000
         vertex 6.559568e+000 -8.192088e+000 2.352124e+000
      endloop
   endfacet
   facet normal -2.089247e-001 -1.405144e-001 -9.677842e-001
      outer loop
         vertex 6.559568e+000 -8.192088e+000 2.352124e+000
         vertex 6.549495e+000 -8.853488e+000 2.434756e+000
         vertex 6.507455e+000 -8.850965e+000 2.454172e+000
      endloop
   endfacet
   facet normal -1.600186e-001 -1.415142e-001 -9.769175e-001
      outer loop
         vertex 6.559568e+000 -8.192088e+000 2.352124e+000
         vertex 6.507455e+000 -8.850965e+000 2.454172e+000
         vertex 6.479309e+000 -8.850452e+000 2.458985e+000
      endloop
   endfacet
   facet normal -7.900777e-001 6.121439e-001 -3.251281e-002
      outer loop
         vertex 7.401546e+000 -7.342731e+000 1.590990e+000
         vertex 7.759216e+000 -6.887978e+000 1.557464e+000
         vertex 7.429522e+000 -7.308750e+000 1.580551e+000
      endloop
   endfacet
   facet normal -7.474683e-001 6.634403e-001 -3.373743e-002
      outer loop
         vertex 7.429522e+000 -7.308750e+000 1.580551e+000
         vertex 7.759216e+000 -6.887978e+000 1.557464e+000
         vertex 7.755949e+000 -6.912258e+000 1.458750e+000
      endloop
   endfacet
   facet normal -9.959063e-001 5.103662e-002 -7.460427e-002
      outer loop
         vertex 6.989959e+000 -8.366879e+000 1.832774e+000
         vertex 6.914565e+000 -8.922416e+000 1.939053e+000
         vertex 6.878337e+000 -8.897705e+000 2.112556e+000
      endloop
   endfacet
   facet normal -3.180222e-001 9.471384e-001 -4.231748e-002
      outer loop
         vertex 8.689471e+000 -6.323374e+000 1.202177e+000
         vertex 8.695404e+000 -6.286658e+000 1.298366e+000
         vertex 9.168882e+000 -6.156832e+000 1.093466e+000
      endloop
   endfacet
   facet normal -2.597253e-001 9.647023e-001 -4.349935e-002
      outer loop
         vertex 9.168882e+000 -6.156832e+000 1.093466e+000
         vertex 8.695404e+000 -6.286658e+000 1.298366e+000
         vertex 9.170485e+000 -6.156694e+000 1.093170e+000
      endloop
   endfacet
   facet normal -4.040986e-001 9.138007e-001 -4.089771e-002
      outer loop
         vertex 8.689471e+000 -6.323374e+000 1.202177e+000
         vertex 8.436450e+000 -6.411270e+000 1.259552e+000
         vertex 8.695404e+000 -6.286658e+000 1.298366e+000
      endloop
   endfacet
   facet normal -4.644825e-001 8.846263e-001 -4.113735e-002
      outer loop
         vertex 8.695404e+000 -6.286658e+000 1.298366e+000
         vertex 8.436450e+000 -6.411270e+000 1.259552e+000
         vertex 8.196899e+000 -6.579695e+000 1.328341e+000
      endloop
   endfacet
   facet normal -5.591996e-001 8.222642e-001 -1.057236e-001
      outer loop
         vertex 8.695404e+000 -6.286658e+000 1.298366e+000
         vertex 8.196899e+000 -6.579695e+000 1.328341e+000
         vertex 7.759216e+000 -6.887978e+000 1.557464e+000
      endloop
   endfacet
   facet normal -6.506725e-001 7.584377e-001 -3.738352e-002
      outer loop
         vertex 7.759216e+000 -6.887978e+000 1.557464e+000
         vertex 8.196899e+000 -6.579695e+000 1.328341e+000
         vertex 7.800004e+000 -6.858747e+000 1.442311e+000
      endloop
   endfacet
   facet normal -6.993644e-001 7.139128e-001 -3.490049e-002
      outer loop
         vertex 7.759216e+000 -6.887978e+000 1.557464e+000
         vertex 7.800004e+000 -6.858747e+000 1.442311e+000
         vertex 7.755949e+000 -6.912258e+000 1.458750e+000
      endloop
   endfacet
   facet normal -5.475294e-002 9.974234e-001 -4.635317e-002
      outer loop
         vertex 9.781967e+000 -6.104264e+000 9.805601e-001
         vertex 9.170485e+000 -6.156694e+000 1.093170e+000
         vertex 9.796179e+000 -6.085964e+000 1.078079e+000
      endloop
   endfacet
   facet normal -1.976359e-001 9.739485e-001 -1.111953e-001
      outer loop
         vertex 9.796179e+000 -6.085964e+000 1.078079e+000
         vertex 9.170485e+000 -6.156694e+000 1.093170e+000
         vertex 8.695404e+000 -6.286658e+000 1.298366e+000
      endloop
   endfacet
   facet normal -1.441443e-001 9.580337e-001 -2.477776e-001
      outer loop
         vertex 9.796179e+000 -6.085964e+000 1.078079e+000
         vertex 8.695404e+000 -6.286658e+000 1.298366e+000
         vertex 9.811453e+000 -6.066298e+000 1.182876e+000
      endloop
   endfacet
   facet normal -7.297738e-001 5.298922e-001 -4.320237e-001
      outer loop
         vertex 7.386371e+000 -7.282430e+000 1.792139e+000
         vertex 7.730032e+000 -6.799779e+000 1.757710e+000
         vertex 7.753524e+000 -6.852376e+000 1.659527e+000
      endloop
   endfacet
   facet normal -5.970784e-001 6.232611e-001 -5.050178e-001
      outer loop
         vertex 7.753524e+000 -6.852376e+000 1.659527e+000
         vertex 7.730032e+000 -6.799779e+000 1.757710e+000
         vertex 8.699222e+000 -6.194038e+000 1.498705e+000
      endloop
   endfacet
   facet normal -5.124609e-001 7.358977e-001 -4.425364e-001
      outer loop
         vertex 7.753524e+000 -6.852376e+000 1.659527e+000
         vertex 8.699222e+000 -6.194038e+000 1.498705e+000
         vertex 8.702184e+000 -6.251632e+000 1.400561e+000
      endloop
   endfacet
   facet normal -2.940707e-001 8.061690e-001 -5.134335e-001
      outer loop
         vertex 8.702184e+000 -6.251632e+000 1.400561e+000
         vertex 8.699222e+000 -6.194038e+000 1.498705e+000
         vertex 9.825925e+000 -6.000847e+000 1.273930e+000
      endloop
   endfacet
   facet normal -1.689650e-001 8.764305e-001 -4.509107e-001
      outer loop
         vertex 8.702184e+000 -6.251632e+000 1.400561e+000
         vertex 9.825925e+000 -6.000847e+000 1.273930e+000
         vertex 9.811453e+000 -6.066298e+000 1.182876e+000
      endloop
   endfacet
   facet normal -2.818641e-001 9.066055e-001 -3.140368e-001
      outer loop
         vertex 9.811453e+000 -6.066298e+000 1.182876e+000
         vertex 8.695404e+000 -6.286658e+000 1.298366e+000
         vertex 8.702184e+000 -6.251632e+000 1.400561e+000
      endloop
   endfacet
   facet normal -5.145485e-001 8.230196e-001 -2.405798e-001
      outer loop
         vertex 8.702184e+000 -6.251632e+000 1.400561e+000
         vertex 8.695404e+000 -6.286658e+000 1.298366e+000
         vertex 7.759216e+000 -6.887978e+000 1.557464e+000
      endloop
   endfacet
   facet normal -6.199866e-001 7.223246e-001 -3.063717e-001
      outer loop
         vertex 8.702184e+000 -6.251632e+000 1.400561e+000
         vertex 7.759216e+000 -6.887978e+000 1.557464e+000
         vertex 7.753524e+000 -6.852376e+000 1.659527e+000
      endloop
   endfacet
   facet normal -7.595180e-001 6.284778e-001 -1.677746e-001
      outer loop
         vertex 7.753524e+000 -6.852376e+000 1.659527e+000
         vertex 7.759216e+000 -6.887978e+000 1.557464e+000
         vertex 7.401546e+000 -7.342731e+000 1.590990e+000
      endloop
   endfacet
   facet normal -7.961757e-001 5.571076e-001 -2.360833e-001
      outer loop
         vertex 7.753524e+000 -6.852376e+000 1.659527e+000
         vertex 7.401546e+000 -7.342731e+000 1.590990e+000
         vertex 7.386371e+000 -7.282430e+000 1.792139e+000
      endloop
   endfacet
   facet normal -8.415269e-001 5.309100e-001 -9.983566e-002
      outer loop
         vertex 7.386371e+000 -7.282430e+000 1.792139e+000
         vertex 7.401546e+000 -7.342731e+000 1.590990e+000
         vertex 7.340474e+000 -7.416911e+000 1.613778e+000
      endloop
   endfacet
   facet normal -8.662967e-001 4.411072e-001 -2.344236e-001
      outer loop
         vertex 7.386371e+000 -7.282430e+000 1.792139e+000
         vertex 7.340474e+000 -7.416911e+000 1.613778e+000
         vertex 7.111200e+000 -7.778761e+000 1.920081e+000
      endloop
   endfacet
   facet normal -9.034414e-001 4.173270e-001 -9.814227e-002
      outer loop
         vertex 7.111200e+000 -7.778761e+000 1.920081e+000
         vertex 7.340474e+000 -7.416911e+000 1.613778e+000
         vertex 7.153015e+000 -7.838709e+000 1.716367e+000
      endloop
   endfacet
   facet normal -9.328443e-001 2.756187e-001 -2.320259e-001
      outer loop
         vertex 7.111200e+000 -7.778761e+000 1.920081e+000
         vertex 7.153015e+000 -7.838709e+000 1.716367e+000
         vertex 6.939911e+000 -8.322776e+000 2.038364e+000
      endloop
   endfacet
   facet normal -9.578425e-001 2.708646e-001 -9.576055e-002
      outer loop
         vertex 6.939911e+000 -8.322776e+000 2.038364e+000
         vertex 7.153015e+000 -7.838709e+000 1.716367e+000
         vertex 7.021469e+000 -8.134700e+000 1.788356e+000
      endloop
   endfacet
   facet normal -9.717156e-001 2.164831e-001 -9.436059e-002
      outer loop
         vertex 6.939911e+000 -8.322776e+000 2.038364e+000
         vertex 7.021469e+000 -8.134700e+000 1.788356e+000
         vertex 7.002962e+000 -8.271066e+000 1.814444e+000
      endloop
   endfacet
   facet normal -9.729952e-001 9.223517e-002 -2.115963e-001
      outer loop
         vertex 6.989959e+000 -8.366879e+000 1.832774e+000
         vertex 6.878337e+000 -8.897705e+000 2.112556e+000
         vertex 6.939911e+000 -8.322776e+000 2.038364e+000
      endloop
   endfacet
   facet normal -9.402062e-001 4.554503e-003 -3.405753e-001
      outer loop
         vertex 6.939911e+000 -8.322776e+000 2.038364e+000
         vertex 6.878337e+000 -8.897705e+000 2.112556e+000
         vertex 6.872504e+000 -8.893726e+000 2.140491e+000
      endloop
   endfacet
   facet normal -9.237074e-001 -1.408817e-003 -3.830963e-001
      outer loop
         vertex 6.939911e+000 -8.322776e+000 2.038364e+000
         vertex 6.872504e+000 -8.893726e+000 2.140491e+000
         vertex 6.864158e+000 -8.888034e+000 2.180460e+000
      endloop
   endfacet
   facet normal -8.772096e-001 -1.446365e-002 -4.798897e-001
      outer loop
         vertex 6.864158e+000 -8.888034e+000 2.180460e+000
         vertex 6.788403e+000 -8.875030e+000 2.274292e+000
         vertex 6.939911e+000 -8.322776e+000 2.038364e+000
      endloop
   endfacet
   facet normal -8.119549e-001 1.195086e-002 -5.835979e-001
      outer loop
         vertex 6.939911e+000 -8.322776e+000 2.038364e+000
         vertex 6.788403e+000 -8.875030e+000 2.274292e+000
         vertex 6.819343e+000 -8.266688e+000 2.225034e+000
      endloop
   endfacet
   facet normal -8.569969e-001 1.460605e-001 -4.941888e-001
      outer loop
         vertex 6.939911e+000 -8.322776e+000 2.038364e+000
         vertex 6.819343e+000 -8.266688e+000 2.225034e+000
         vertex 7.111200e+000 -7.778761e+000 1.920081e+000
      endloop
   endfacet
   facet normal -7.704276e-001 1.501817e-001 -6.195859e-001
      outer loop
         vertex 7.111200e+000 -7.778761e+000 1.920081e+000
         vertex 6.819343e+000 -8.266688e+000 2.225034e+000
         vertex 7.004892e+000 -7.696407e+000 2.105672e+000
      endloop
   endfacet
   facet normal -8.131484e-001 3.047878e-001 -4.958770e-001
      outer loop
         vertex 7.111200e+000 -7.778761e+000 1.920081e+000
         vertex 7.004892e+000 -7.696407e+000 2.105672e+000
         vertex 7.386371e+000 -7.282430e+000 1.792139e+000
      endloop
   endfacet
   facet normal -7.278638e-001 2.910145e-001 -6.209064e-001
      outer loop
         vertex 7.386371e+000 -7.282430e+000 1.792139e+000
         vertex 7.004892e+000 -7.696407e+000 2.105672e+000
         vertex 7.299076e+000 -7.178562e+000 1.976851e+000
      endloop
   endfacet
   facet normal -7.165248e-001 4.159410e-001 -5.599868e-001
      outer loop
         vertex 7.386371e+000 -7.282430e+000 1.792139e+000
         vertex 7.299076e+000 -7.178562e+000 1.976851e+000
         vertex 7.730032e+000 -6.799779e+000 1.757710e+000
      endloop
   endfacet
   facet normal -1.470927e-001 5.940305e-001 -7.908802e-001
      outer loop
         vertex 9.851020e+000 -5.831637e+000 1.422004e+000
         vertex 9.840787e+000 -5.933628e+000 1.367442e+000
         vertex 9.254152e+000 -5.967267e+000 1.468321e+000
      endloop
   endfacet
   facet normal -1.303124e-001 7.103295e-001 -6.917012e-001
      outer loop
         vertex 9.254152e+000 -5.967267e+000 1.468321e+000
         vertex 9.840787e+000 -5.933628e+000 1.367442e+000
         vertex 9.825926e+000 -6.000839e+000 1.273941e+000
      endloop
   endfacet
   facet normal -2.276915e-001 6.831184e-001 -6.939062e-001
      outer loop
         vertex 9.254152e+000 -5.967267e+000 1.468321e+000
         vertex 9.825926e+000 -6.000839e+000 1.273941e+000
         vertex 8.685576e+000 -6.115788e+000 1.584405e+000
      endloop
   endfacet
   facet normal -2.834140e-001 7.164575e-001 -6.374677e-001
      outer loop
         vertex 8.685576e+000 -6.115788e+000 1.584405e+000
         vertex 9.825926e+000 -6.000839e+000 1.273941e+000
         vertex 8.699222e+000 -6.194038e+000 1.498705e+000
      endloop
   endfacet
   facet normal -4.234608e-001 5.949817e-001 -6.831381e-001
      outer loop
         vertex 8.685576e+000 -6.115788e+000 1.584405e+000
         vertex 8.699222e+000 -6.194038e+000 1.498705e+000
         vertex 8.156856e+000 -6.373874e+000 1.711138e+000
      endloop
   endfacet
   facet normal -5.221218e-001 5.776384e-001 -6.274732e-001
      outer loop
         vertex 8.156856e+000 -6.373874e+000 1.711138e+000
         vertex 8.699222e+000 -6.194038e+000 1.498705e+000
         vertex 7.730032e+000 -6.799779e+000 1.757710e+000
      endloop
   endfacet
   facet normal -5.771973e-001 4.563823e-001 -6.771695e-001
      outer loop
         vertex 8.156856e+000 -6.373874e+000 1.711138e+000
         vertex 7.730032e+000 -6.799779e+000 1.757710e+000
         vertex 7.688484e+000 -6.732373e+000 1.843638e+000
      endloop
   endfacet
   facet normal -6.294020e-001 3.819811e-001 -6.767153e-001
      outer loop
         vertex 7.688484e+000 -6.732373e+000 1.843638e+000
         vertex 7.730032e+000 -6.799779e+000 1.757710e+000
         vertex 7.299076e+000 -7.178562e+000 1.976851e+000
      endloop
   endfacet
   facet normal -5.306789e-001 2.151614e-001 -8.198082e-001
      outer loop
         vertex 7.688484e+000 -6.732373e+000 1.843638e+000
         vertex 7.299076e+000 -7.178562e+000 1.976851e+000
         vertex 7.145715e+000 -7.048210e+000 2.086473e+000
      endloop
   endfacet
   facet normal -4.458061e-001 6.802151e-002 -8.925413e-001
      outer loop
         vertex 7.145715e+000 -7.048210e+000 2.086473e+000
         vertex 7.299076e+000 -7.178562e+000 1.976851e+000
         vertex 6.828660e+000 -7.600281e+000 2.216261e+000
      endloop
   endfacet
   facet normal -2.702535e-001 -6.680186e-002 -9.604689e-001
      outer loop
         vertex 7.145715e+000 -7.048210e+000 2.086473e+000
         vertex 6.828660e+000 -7.600281e+000 2.216261e+000
         vertex 6.758194e+000 -7.566975e+000 2.232944e+000
      endloop
   endfacet
   facet normal -2.046597e-001 -1.139676e-001 -9.721758e-001
      outer loop
         vertex 6.758194e+000 -7.566975e+000 2.232944e+000
         vertex 6.828660e+000 -7.600281e+000 2.216261e+000
         vertex 6.581415e+000 -8.012881e+000 2.323036e+000
      endloop
   endfacet
   facet normal 2.040563e-001 1.945498e-001 -9.594328e-001
      outer loop
         vertex 1.012163e+001 -5.701761e+000 1.512141e+000
         vertex 1.014415e+001 -5.717463e+000 1.514322e+000
         vertex 1.013999e+001 -5.805520e+000 1.472369e+000
      endloop
   endfacet
   facet normal 5.786599e-001 5.399994e-001 -6.111902e-001
      outer loop
         vertex 1.058659e+001 -6.120619e+000 1.515530e+000
         vertex 1.057718e+001 -6.044375e+000 1.590602e+000
         vertex 1.071492e+001 -6.161518e+000 1.632925e+000
      endloop
   endfacet
   facet normal 3.603632e-001 9.327798e-001 7.762499e-003
      outer loop
         vertex 1.067533e+001 -6.280809e+000 1.237004e+000
         vertex 1.072550e+001 -6.304624e+000 1.248537e+000
         vertex 1.067225e+001 -6.279605e+000 1.203996e+000
      endloop
   endfacet
   facet normal -7.988927e-002 -2.876270e-002 -9.963887e-001
      outer loop
         vertex 9.864564e+000 -5.624860e+000 1.481575e+000
         vertex 9.867895e+000 -5.524868e+000 1.487572e+000
         vertex 1.000160e+001 -5.618081e+000 1.500518e+000
      endloop
   endfacet
   facet normal 1.560269e-001 9.876474e-001 -1.443241e-002
      outer loop
         vertex 1.016214e+001 -6.139206e+000 1.046831e+000
         vertex 1.017036e+001 -6.145312e+000 1.003101e+000
         vertex 1.003708e+001 -6.131227e+000 9.953660e-001
      endloop
   endfacet
   facet normal 1.688000e-001 9.635445e-001 -2.075779e-001
      outer loop
         vertex 1.014596e+001 -6.114094e+000 1.156674e+000
         vertex 1.016214e+001 -6.139206e+000 1.046831e+000
         vertex 9.975540e+000 -6.101042e+000 1.102057e+000
      endloop
   endfacet
   facet normal 1.366667e-001 9.853591e-001 -1.019295e-001
      outer loop
         vertex 9.975540e+000 -6.101042e+000 1.102057e+000
         vertex 1.016214e+001 -6.139206e+000 1.046831e+000
         vertex 1.003708e+001 -6.131227e+000 9.953660e-001
      endloop
   endfacet
   facet normal 1.086621e-001 9.904402e-001 -8.497524e-002
      outer loop
         vertex 9.975540e+000 -6.101042e+000 1.102057e+000
         vertex 1.003708e+001 -6.131227e+000 9.953660e-001
         vertex 9.977950e+000 -6.122690e+000 1.002746e+000
      endloop
   endfacet
   facet normal 1.053642e-001 9.944318e-001 1.938732e-003
      outer loop
         vertex 9.977950e+000 -6.122690e+000 1.002746e+000
         vertex 1.003708e+001 -6.131227e+000 9.953660e-001
         vertex 9.977400e+000 -6.124919e+000 9.919022e-001
      endloop
   endfacet
   facet normal 2.645673e-001 9.639219e-001 -2.930489e-002
      outer loop
         vertex 1.051062e+001 -6.234020e+000 1.134356e+000
         vertex 1.034515e+001 -6.187349e+000 1.063060e+000
         vertex 1.033165e+001 -6.170052e+000 1.126883e+000
      endloop
   endfacet
   facet normal 2.369372e-001 9.710596e-001 -3.006622e-002
      outer loop
         vertex 1.033165e+001 -6.170052e+000 1.126883e+000
         vertex 1.034515e+001 -6.187349e+000 1.063060e+000
         vertex 1.028068e+001 -6.169167e+000 1.035284e+000
      endloop
   endfacet
   facet normal 3.613147e-001 9.304407e-001 -6.108971e-002
      outer loop
         vertex 1.067533e+001 -6.280809e+000 1.237004e+000
         vertex 1.067225e+001 -6.279605e+000 1.203996e+000
         vertex 1.048794e+001 -6.206264e+000 1.226936e+000
      endloop
   endfacet
   facet normal 4.320790e-001 9.018058e-001 -7.353684e-003
      outer loop
         vertex 1.090805e+001 -6.390390e+000 1.401232e+000
         vertex 1.082545e+001 -6.351584e+000 1.332144e+000
         vertex 1.081073e+001 -6.335569e+000 1.366877e+000
      endloop
   endfacet
   facet normal 4.092084e-001 9.124088e-001 -7.663186e-003
      outer loop
         vertex 1.081073e+001 -6.335569e+000 1.366877e+000
         vertex 1.082545e+001 -6.351584e+000 1.332144e+000
         vertex 1.072550e+001 -6.304624e+000 1.248537e+000
      endloop
   endfacet
   facet normal 4.278189e-001 8.992931e-001 -9.079082e-002
      outer loop
         vertex 1.081073e+001 -6.335569e+000 1.366877e+000
         vertex 1.072550e+001 -6.304624e+000 1.248537e+000
         vertex 1.063264e+001 -6.246722e+000 1.340297e+000
      endloop
   endfacet
   facet normal 4.864654e-001 8.736252e-001 -1.142236e-002
      outer loop
         vertex 1.101570e+001 -6.440968e+000 1.491276e+000
         vertex 1.096791e+001 -6.418517e+000 1.451306e+000
         vertex 1.093226e+001 -6.391839e+000 1.505895e+000
      endloop
   endfacet
   facet normal 4.758713e-001 8.794061e-001 -1.383539e-002
      outer loop
         vertex 1.093226e+001 -6.391839e+000 1.505895e+000
         vertex 1.096791e+001 -6.418517e+000 1.451306e+000
         vertex 1.090805e+001 -6.390390e+000 1.401232e+000
      endloop
   endfacet
   facet normal 5.079299e-001 8.545793e-001 -1.081733e-001
      outer loop
         vertex 1.093226e+001 -6.391839e+000 1.505895e+000
         vertex 1.090805e+001 -6.390390e+000 1.401232e+000
         vertex 1.076631e+001 -6.291394e+000 1.461921e+000
      endloop
   endfacet
   facet normal 4.976816e-001 8.673108e-001 -9.224344e-003
      outer loop
         vertex 1.101570e+001 -6.440968e+000 1.491276e+000
         vertex 1.093226e+001 -6.391839e+000 1.505895e+000
         vertex 1.107210e+001 -6.474834e+000 1.572909e+000
      endloop
   endfacet
   facet normal 5.204873e-001 8.536081e-001 -2.112217e-002
      outer loop
         vertex 1.107210e+001 -6.474834e+000 1.572909e+000
         vertex 1.093226e+001 -6.391839e+000 1.505895e+000
         vertex 1.106577e+001 -6.465109e+000 1.611764e+000
      endloop
   endfacet
   facet normal 5.059205e-001 8.623335e-001 2.062158e-002
      outer loop
         vertex 1.107210e+001 -6.474834e+000 1.572909e+000
         vertex 1.106577e+001 -6.465109e+000 1.611764e+000
         vertex 1.108527e+001 -6.482740e+000 1.591967e+000
      endloop
   endfacet
   facet normal 6.506539e-001 7.182578e-001 -2.464857e-001
      outer loop
         vertex 1.088558e+001 -6.339489e+000 1.588342e+000
         vertex 1.084987e+001 -6.276280e+000 1.674388e+000
         vertex 1.102771e+001 -6.430706e+000 1.650396e+000
      endloop
   endfacet
   facet normal 6.836266e-001 6.930859e-001 -2.286625e-001
      outer loop
         vertex 1.102771e+001 -6.430706e+000 1.650396e+000
         vertex 1.084987e+001 -6.276280e+000 1.674388e+000
         vertex 1.096825e+001 -6.376951e+000 1.710759e+000
      endloop
   endfacet
   facet normal 5.542073e-001 7.485464e-001 -3.640502e-001
      outer loop
         vertex 1.060281e+001 -6.191228e+000 1.435104e+000
         vertex 1.073686e+001 -6.230380e+000 1.546344e+000
         vertex 1.076631e+001 -6.291394e+000 1.461921e+000
      endloop
   endfacet
   facet normal 5.919013e-001 7.437296e-001 -3.106753e-001
      outer loop
         vertex 1.076631e+001 -6.291394e+000 1.461921e+000
         vertex 1.073686e+001 -6.230380e+000 1.546344e+000
         vertex 1.088558e+001 -6.339489e+000 1.588342e+000
      endloop
   endfacet
   facet normal 5.699515e-001 7.968469e-001 -2.004754e-001
      outer loop
         vertex 1.076631e+001 -6.291394e+000 1.461921e+000
         vertex 1.088558e+001 -6.339489e+000 1.588342e+000
         vertex 1.093226e+001 -6.391839e+000 1.505895e+000
      endloop
   endfacet
   facet normal 5.955300e-001 7.904527e-001 -1.432780e-001
      outer loop
         vertex 1.093226e+001 -6.391839e+000 1.505895e+000
         vertex 1.088558e+001 -6.339489e+000 1.588342e+000
         vertex 1.102771e+001 -6.430706e+000 1.650396e+000
      endloop
   endfacet
   facet normal 5.638228e-001 8.237205e-001 -5.990294e-002
      outer loop
         vertex 1.093226e+001 -6.391839e+000 1.505895e+000
         vertex 1.102771e+001 -6.430706e+000 1.650396e+000
         vertex 1.106577e+001 -6.465109e+000 1.611764e+000
      endloop
   endfacet
   facet normal 4.333411e-001 5.578561e-001 -7.078220e-001
      outer loop
         vertex 1.028674e+001 -5.906645e+000 1.478333e+000
         vertex 1.043615e+001 -6.012208e+000 1.492967e+000
         vertex 1.044178e+001 -6.092265e+000 1.420331e+000
      endloop
   endfacet
   facet normal 4.919372e-001 6.136770e-001 -6.175748e-001
      outer loop
         vertex 1.044178e+001 -6.092265e+000 1.420331e+000
         vertex 1.043615e+001 -6.012208e+000 1.492967e+000
         vertex 1.058659e+001 -6.120619e+000 1.515530e+000
      endloop
   endfacet
   facet normal 5.076450e-001 6.877809e-001 -5.188969e-001
      outer loop
         vertex 1.044178e+001 -6.092265e+000 1.420331e+000
         vertex 1.058659e+001 -6.120619e+000 1.515530e+000
         vertex 1.060281e+001 -6.191228e+000 1.435104e+000
      endloop
   endfacet
   facet normal 5.557277e-001 6.854141e-001 -4.705042e-001
      outer loop
         vertex 1.060281e+001 -6.191228e+000 1.435104e+000
         vertex 1.058659e+001 -6.120619e+000 1.515530e+000
         vertex 1.073686e+001 -6.230380e+000 1.546344e+000
      endloop
   endfacet
   facet normal 5.940860e-001 6.147112e-001 -5.188372e-001
      outer loop
         vertex 1.073686e+001 -6.230380e+000 1.546344e+000
         vertex 1.058659e+001 -6.120619e+000 1.515530e+000
         vertex 1.071492e+001 -6.161518e+000 1.632925e+000
      endloop
   endfacet
   facet normal 6.252232e-001 6.608405e-001 -4.151937e-001
      outer loop
         vertex 1.073686e+001 -6.230380e+000 1.546344e+000
         vertex 1.071492e+001 -6.161518e+000 1.632925e+000
         vertex 1.088558e+001 -6.339489e+000 1.588342e+000
      endloop
   endfacet
   facet normal 6.552354e-001 6.324639e-001 -4.131054e-001
      outer loop
         vertex 1.088558e+001 -6.339489e+000 1.588342e+000
         vertex 1.071492e+001 -6.161518e+000 1.632925e+000
         vertex 1.082489e+001 -6.255036e+000 1.666712e+000
      endloop
   endfacet
   facet normal 6.700690e-001 6.515506e-001 -3.556534e-001
      outer loop
         vertex 1.088558e+001 -6.339489e+000 1.588342e+000
         vertex 1.082489e+001 -6.255036e+000 1.666712e+000
         vertex 1.084987e+001 -6.276280e+000 1.674388e+000
      endloop
   endfacet
   facet normal 3.511506e-001 8.636277e-001 -3.617190e-001
      outer loop
         vertex 1.048794e+001 -6.206264e+000 1.226936e+000
         vertex 1.030691e+001 -6.133736e+000 1.235156e+000
         vertex 1.029083e+001 -6.073720e+000 1.334116e+000
      endloop
   endfacet
   facet normal 4.002458e-001 9.132368e-001 -7.617026e-002
      outer loop
         vertex 1.072550e+001 -6.304624e+000 1.248537e+000
         vertex 1.067533e+001 -6.280809e+000 1.237004e+000
         vertex 1.063264e+001 -6.246722e+000 1.340297e+000
      endloop
   endfacet
   facet normal 3.989846e-001 9.054267e-001 -1.449611e-001
      outer loop
         vertex 1.063264e+001 -6.246722e+000 1.340297e+000
         vertex 1.067533e+001 -6.280809e+000 1.237004e+000
         vertex 1.048794e+001 -6.206264e+000 1.226936e+000
      endloop
   endfacet
   facet normal 4.160570e-001 8.693215e-001 -2.667896e-001
      outer loop
         vertex 1.063264e+001 -6.246722e+000 1.340297e+000
         vertex 1.048794e+001 -6.206264e+000 1.226936e+000
         vertex 1.045904e+001 -6.159274e+000 1.329942e+000
      endloop
   endfacet
   facet normal 3.850282e-001 8.431481e-001 -3.753060e-001
      outer loop
         vertex 1.045904e+001 -6.159274e+000 1.329942e+000
         vertex 1.048794e+001 -6.206264e+000 1.226936e+000
         vertex 1.029083e+001 -6.073720e+000 1.334116e+000
      endloop
   endfacet
   facet normal 3.853765e-001 7.403121e-001 -5.508384e-001
      outer loop
         vertex 1.045904e+001 -6.159274e+000 1.329942e+000
         vertex 1.029083e+001 -6.073720e+000 1.334116e+000
         vertex 1.028429e+001 -5.995495e+000 1.416556e+000
      endloop
   endfacet
   facet normal 4.810490e-001 8.709812e-001 -9.991778e-002
      outer loop
         vertex 1.090805e+001 -6.390390e+000 1.401232e+000
         vertex 1.081073e+001 -6.335569e+000 1.366877e+000
         vertex 1.076631e+001 -6.291394e+000 1.461921e+000
      endloop
   endfacet
   facet normal 4.858428e-001 8.546472e-001 -1.831258e-001
      outer loop
         vertex 1.076631e+001 -6.291394e+000 1.461921e+000
         vertex 1.081073e+001 -6.335569e+000 1.366877e+000
         vertex 1.063264e+001 -6.246722e+000 1.340297e+000
      endloop
   endfacet
   facet normal 5.059794e-001 8.089805e-001 -2.992246e-001
      outer loop
         vertex 1.076631e+001 -6.291394e+000 1.461921e+000
         vertex 1.063264e+001 -6.246722e+000 1.340297e+000
         vertex 1.060281e+001 -6.191228e+000 1.435104e+000
      endloop
   endfacet
   facet normal 4.659445e-001 8.153387e-001 -3.436837e-001
      outer loop
         vertex 1.060281e+001 -6.191228e+000 1.435104e+000
         vertex 1.063264e+001 -6.246722e+000 1.340297e+000
         vertex 1.045904e+001 -6.159274e+000 1.329942e+000
      endloop
   endfacet
   facet normal 4.662277e-001 7.574739e-001 -4.570176e-001
      outer loop
         vertex 1.060281e+001 -6.191228e+000 1.435104e+000
         vertex 1.045904e+001 -6.159274e+000 1.329942e+000
         vertex 1.044178e+001 -6.092265e+000 1.420331e+000
      endloop
   endfacet
   facet normal 4.200157e-001 7.151326e-001 -5.587236e-001
      outer loop
         vertex 1.044178e+001 -6.092265e+000 1.420331e+000
         vertex 1.045904e+001 -6.159274e+000 1.329942e+000
         vertex 1.028429e+001 -5.995495e+000 1.416556e+000
      endloop
   endfacet
   facet normal 3.993519e-001 5.842897e-001 -7.064869e-001
      outer loop
         vertex 1.044178e+001 -6.092265e+000 1.420331e+000
         vertex 1.028429e+001 -5.995495e+000 1.416556e+000
         vertex 1.028674e+001 -5.906645e+000 1.478333e+000
      endloop
   endfacet
   facet normal -1.201491e-002 8.473033e-002 -9.963315e-001
      outer loop
         vertex 1.000160e+001 -5.618081e+000 1.500518e+000
         vertex 9.998405e+000 -5.710870e+000 1.476441e+000
         vertex 9.864564e+000 -5.624860e+000 1.481575e+000
      endloop
   endfacet
   facet normal 3.934580e-005 2.204747e-001 -9.753926e-001
      outer loop
         vertex 9.864564e+000 -5.624860e+000 1.481575e+000
         vertex 9.998405e+000 -5.710870e+000 1.476441e+000
         vertex 9.989630e+000 -5.813610e+000 1.443513e+000
      endloop
   endfacet
   facet normal -6.379399e-002 2.444305e-001 -9.675660e-001
      outer loop
         vertex 9.864564e+000 -5.624860e+000 1.481575e+000
         vertex 9.989630e+000 -5.813610e+000 1.443513e+000
         vertex 9.860983e+000 -5.732327e+000 1.475131e+000
      endloop
   endfacet
   facet normal 1.415144e-002 4.259462e-001 -9.046378e-001
      outer loop
         vertex 9.860983e+000 -5.732327e+000 1.475131e+000
         vertex 9.989630e+000 -5.813610e+000 1.443513e+000
         vertex 9.982342e+000 -5.911670e+000 1.386161e+000
      endloop
   endfacet
   facet normal -4.991063e-002 4.517446e-001 -8.907501e-001
      outer loop
         vertex 9.860983e+000 -5.732327e+000 1.475131e+000
         vertex 9.982342e+000 -5.911670e+000 1.386161e+000
         vertex 9.851020e+000 -5.831637e+000 1.422004e+000
      endloop
   endfacet
   facet normal 2.806194e-002 6.186143e-001 -7.851936e-001
      outer loop
         vertex 9.851020e+000 -5.831637e+000 1.422004e+000
         vertex 9.982342e+000 -5.911670e+000 1.386161e+000
         vertex 9.977308e+000 -5.996589e+000 1.306053e+000
      endloop
   endfacet
   facet normal -3.306894e-002 6.427127e-001 -7.653933e-001
      outer loop
         vertex 9.851020e+000 -5.831637e+000 1.422004e+000
         vertex 9.977308e+000 -5.996589e+000 1.306053e+000
         vertex 9.840787e+000 -5.933628e+000 1.367442e+000
      endloop
   endfacet
   facet normal -1.575185e-002 7.523559e-001 -6.585686e-001
      outer loop
         vertex 9.840787e+000 -5.933628e+000 1.367442e+000
         vertex 9.977308e+000 -5.996589e+000 1.306053e+000
         vertex 9.825926e+000 -6.000839e+000 1.273941e+000
      endloop
   endfacet
   facet normal 2.671327e-001 2.997842e-001 -9.158437e-001
      outer loop
         vertex 1.014415e+001 -5.717463e+000 1.514322e+000
         vertex 1.028674e+001 -5.906645e+000 1.478333e+000
         vertex 1.013999e+001 -5.805520e+000 1.472369e+000
      endloop
   endfacet
   facet normal 3.222865e-001 4.611541e-001 -8.267214e-001
      outer loop
         vertex 1.013999e+001 -5.805520e+000 1.472369e+000
         vertex 1.028674e+001 -5.906645e+000 1.478333e+000
         vertex 1.028429e+001 -5.995495e+000 1.416556e+000
      endloop
   endfacet
   facet normal 2.818523e-001 4.877471e-001 -8.262337e-001
      outer loop
         vertex 1.013999e+001 -5.805520e+000 1.472369e+000
         vertex 1.028429e+001 -5.995495e+000 1.416556e+000
         vertex 1.013243e+001 -5.902091e+000 1.424060e+000
      endloop
   endfacet
   facet normal 3.248080e-001 6.369655e-001 -6.991242e-001
      outer loop
         vertex 1.013243e+001 -5.902091e+000 1.424060e+000
         vertex 1.028429e+001 -5.995495e+000 1.416556e+000
         vertex 1.029083e+001 -6.073720e+000 1.334116e+000
      endloop
   endfacet
   facet normal 2.839689e-001 6.634393e-001 -6.922499e-001
      outer loop
         vertex 1.013243e+001 -5.902091e+000 1.424060e+000
         vertex 1.029083e+001 -6.073720e+000 1.334116e+000
         vertex 1.013051e+001 -5.990826e+000 1.352782e+000
      endloop
   endfacet
   facet normal 3.110814e-001 7.881920e-001 -5.310195e-001
      outer loop
         vertex 1.013051e+001 -5.990826e+000 1.352782e+000
         vertex 1.029083e+001 -6.073720e+000 1.334116e+000
         vertex 1.030691e+001 -6.133736e+000 1.235156e+000
      endloop
   endfacet
   facet normal 2.715442e-001 8.109860e-001 -5.182330e-001
      outer loop
         vertex 1.013051e+001 -5.990826e+000 1.352782e+000
         vertex 1.030691e+001 -6.133736e+000 1.235156e+000
         vertex 1.013505e+001 -6.063632e+000 1.261501e+000
      endloop
   endfacet
   facet normal 2.591884e-001 8.859438e-001 -3.846103e-001
      outer loop
         vertex 1.013505e+001 -6.063632e+000 1.261501e+000
         vertex 1.030691e+001 -6.133736e+000 1.235156e+000
         vertex 1.014596e+001 -6.114094e+000 1.156674e+000
      endloop
   endfacet
   facet normal 1.871800e-001 8.880051e-001 -4.200127e-001
      outer loop
         vertex 1.013505e+001 -6.063632e+000 1.261501e+000
         vertex 1.014596e+001 -6.114094e+000 1.156674e+000
         vertex 9.975018e+000 -6.061096e+000 1.208650e+000
      endloop
   endfacet
   facet normal 1.431774e-001 9.324104e-001 -3.318300e-001
      outer loop
         vertex 9.975018e+000 -6.061096e+000 1.208650e+000
         vertex 1.014596e+001 -6.114094e+000 1.156674e+000
         vertex 9.975540e+000 -6.101042e+000 1.102057e+000
      endloop
   endfacet
   facet normal 5.122681e-002 9.022048e-001 -4.282551e-001
      outer loop
         vertex 9.975018e+000 -6.061096e+000 1.208650e+000
         vertex 9.975540e+000 -6.101042e+000 1.102057e+000
         vertex 9.825925e+000 -6.000847e+000 1.273930e+000
      endloop
   endfacet
   facet normal 7.499008e-002 9.971820e-001 2.161487e-003
      outer loop
         vertex 9.977400e+000 -6.124919e+000 9.919022e-001
         vertex 9.781967e+000 -6.104264e+000 9.805601e-001
         vertex 9.977950e+000 -6.122690e+000 1.002746e+000
      endloop
   endfacet
   facet normal 4.241085e-002 9.971080e-001 -6.306231e-002
      outer loop
         vertex 9.977950e+000 -6.122690e+000 1.002746e+000
         vertex 9.781967e+000 -6.104264e+000 9.805601e-001
         vertex 9.796180e+000 -6.085963e+000 1.078086e+000
      endloop
   endfacet
   facet normal 6.856614e-002 9.862584e-001 -1.503098e-001
      outer loop
         vertex 9.977950e+000 -6.122690e+000 1.002746e+000
         vertex 9.796180e+000 -6.085963e+000 1.078086e+000
         vertex 9.975540e+000 -6.101042e+000 1.102057e+000
      endloop
   endfacet
   facet normal 2.497707e-002 9.632464e-001 -2.674555e-001
      outer loop
         vertex 9.975540e+000 -6.101042e+000 1.102057e+000
         vertex 9.796180e+000 -6.085963e+000 1.078086e+000
         vertex 9.811453e+000 -6.066298e+000 1.182876e+000
      endloop
   endfacet
   facet normal 4.868325e-003 9.148297e-001 -4.038104e-001
      outer loop
         vertex 9.975540e+000 -6.101042e+000 1.102057e+000
         vertex 9.811453e+000 -6.066298e+000 1.182876e+000
         vertex 9.825925e+000 -6.000847e+000 1.273930e+000
      endloop
   endfacet
   facet normal 1.790354e-001 9.837002e-001 1.673882e-002
      outer loop
         vertex 1.021153e+001 -6.149664e+000 1.005490e+000
         vertex 1.017036e+001 -6.145312e+000 1.003101e+000
         vertex 1.023813e+001 -6.157166e+000 1.016951e+000
      endloop
   endfacet
   facet normal 1.803028e-001 9.834692e-001 -1.671349e-002
      outer loop
         vertex 1.023813e+001 -6.157166e+000 1.016951e+000
         vertex 1.017036e+001 -6.145312e+000 1.003101e+000
         vertex 1.016214e+001 -6.139206e+000 1.046831e+000
      endloop
   endfacet
   facet normal 1.938125e-001 9.809058e-001 -1.613946e-002
      outer loop
         vertex 1.023813e+001 -6.157166e+000 1.016951e+000
         vertex 1.016214e+001 -6.139206e+000 1.046831e+000
         vertex 1.028068e+001 -6.169167e+000 1.035284e+000
      endloop
   endfacet
   facet normal 2.032372e-001 9.717357e-001 -1.201013e-001
      outer loop
         vertex 1.028068e+001 -6.169167e+000 1.035284e+000
         vertex 1.016214e+001 -6.139206e+000 1.046831e+000
         vertex 1.014596e+001 -6.114094e+000 1.156674e+000
      endloop
   endfacet
   facet normal 2.334212e-001 9.625828e-001 -1.376550e-001
      outer loop
         vertex 1.028068e+001 -6.169167e+000 1.035284e+000
         vertex 1.014596e+001 -6.114094e+000 1.156674e+000
         vertex 1.033165e+001 -6.170052e+000 1.126883e+000
      endloop
   endfacet
   facet normal 2.713454e-001 9.266156e-001 -2.602985e-001
      outer loop
         vertex 1.033165e+001 -6.170052e+000 1.126883e+000
         vertex 1.014596e+001 -6.114094e+000 1.156674e+000
         vertex 1.030691e+001 -6.133736e+000 1.235156e+000
      endloop
   endfacet
   facet normal 2.980772e-001 9.420505e-001 -1.539187e-001
      outer loop
         vertex 1.033165e+001 -6.170052e+000 1.126883e+000
         vertex 1.030691e+001 -6.133736e+000 1.235156e+000
         vertex 1.051062e+001 -6.234020e+000 1.134356e+000
      endloop
   endfacet
   facet normal 3.291454e-001 9.286734e-001 -1.709647e-001
      outer loop
         vertex 1.051062e+001 -6.234020e+000 1.134356e+000
         vertex 1.030691e+001 -6.133736e+000 1.235156e+000
         vertex 1.048794e+001 -6.206264e+000 1.226936e+000
      endloop
   endfacet
   facet normal 3.165593e-001 9.474627e-001 -4.587514e-002
      outer loop
         vertex 1.051062e+001 -6.234020e+000 1.134356e+000
         vertex 1.048794e+001 -6.206264e+000 1.226936e+000
         vertex 1.051690e+001 -6.235792e+000 1.137065e+000
      endloop
   endfacet
   facet normal 3.349573e-001 9.411248e-001 -4.569218e-002
      outer loop
         vertex 1.051690e+001 -6.235792e+000 1.137065e+000
         vertex 1.048794e+001 -6.206264e+000 1.226936e+000
         vertex 1.067225e+001 -6.279605e+000 1.203996e+000
      endloop
   endfacet
   facet normal 3.060180e-001 2.763489e-001 -9.110347e-001
      outer loop
         vertex 1.014415e+001 -5.717463e+000 1.514322e+000
         vertex 1.029172e+001 -5.820347e+000 1.528612e+000
         vertex 1.028674e+001 -5.906645e+000 1.478333e+000
      endloop
   endfacet
   facet normal 3.679385e-001 3.317876e-001 -8.686416e-001
      outer loop
         vertex 1.028674e+001 -5.906645e+000 1.478333e+000
         vertex 1.029172e+001 -5.820347e+000 1.528612e+000
         vertex 1.035791e+001 -5.866488e+000 1.535021e+000
      endloop
   endfacet
   facet normal 4.112709e-001 4.262753e-001 -8.056957e-001
      outer loop
         vertex 1.028674e+001 -5.906645e+000 1.478333e+000
         vertex 1.035791e+001 -5.866488e+000 1.535021e+000
         vertex 1.043615e+001 -6.012208e+000 1.492967e+000
      endloop
   endfacet
   facet normal 4.371209e-001 3.956564e-001 -8.077012e-001
      outer loop
         vertex 1.043615e+001 -6.012208e+000 1.492967e+000
         vertex 1.035791e+001 -5.866488e+000 1.535021e+000
         vertex 1.041394e+001 -5.905550e+000 1.540446e+000
      endloop
   endfacet
   facet normal 4.900266e-001 5.019668e-001 -7.126733e-001
      outer loop
         vertex 1.043615e+001 -6.012208e+000 1.492967e+000
         vertex 1.041394e+001 -5.905550e+000 1.540446e+000
         vertex 1.058659e+001 -6.120619e+000 1.515530e+000
      endloop
   endfacet
   facet normal 5.202898e-001 4.767940e-001 -7.084955e-001
      outer loop
         vertex 1.058659e+001 -6.120619e+000 1.515530e+000
         vertex 1.041394e+001 -5.905550e+000 1.540446e+000
         vertex 1.057475e+001 -6.042309e+000 1.589856e+000
      endloop
   endfacet
   facet normal 5.541861e-001 5.112179e-001 -6.569125e-001
      outer loop
         vertex 1.058659e+001 -6.120619e+000 1.515530e+000
         vertex 1.057475e+001 -6.042309e+000 1.589856e+000
         vertex 1.057718e+001 -6.044375e+000 1.590602e+000
      endloop
   endfacet
   facet normal -4.908668e-003 8.443609e-001 -5.357522e-001
      outer loop
         vertex 9.825925e+000 -6.000847e+000 1.273930e+000
         vertex 9.825926e+000 -6.000839e+000 1.273941e+000
         vertex 9.975018e+000 -6.061096e+000 1.208650e+000
      endloop
   endfacet
   facet normal 4.969778e-002 8.268215e-001 -5.602645e-001
      outer loop
         vertex 9.975018e+000 -6.061096e+000 1.208650e+000
         vertex 9.825926e+000 -6.000839e+000 1.273941e+000
         vertex 9.977308e+000 -5.996589e+000 1.306053e+000
      endloop
   endfacet
   facet normal 1.493303e-001 8.307752e-001 -5.362024e-001
      outer loop
         vertex 9.975018e+000 -6.061096e+000 1.208650e+000
         vertex 9.977308e+000 -5.996589e+000 1.306053e+000
         vertex 1.013505e+001 -6.063632e+000 1.261501e+000
      endloop
   endfacet
   facet normal 1.456717e-001 7.380135e-001 -6.588747e-001
      outer loop
         vertex 1.013505e+001 -6.063632e+000 1.261501e+000
         vertex 9.977308e+000 -5.996589e+000 1.306053e+000
         vertex 9.982342e+000 -5.911670e+000 1.386161e+000
      endloop
   endfacet
   facet normal 1.942187e-001 7.139933e-001 -6.726758e-001
      outer loop
         vertex 1.013505e+001 -6.063632e+000 1.261501e+000
         vertex 9.982342e+000 -5.911670e+000 1.386161e+000
         vertex 1.013051e+001 -5.990826e+000 1.352782e+000
      endloop
   endfacet
   facet normal 1.404777e-001 5.675562e-001 -8.112620e-001
      outer loop
         vertex 1.013051e+001 -5.990826e+000 1.352782e+000
         vertex 9.982342e+000 -5.911670e+000 1.386161e+000
         vertex 9.989630e+000 -5.813610e+000 1.443513e+000
      endloop
   endfacet
   facet normal 1.910735e-001 5.408863e-001 -8.191050e-001
      outer loop
         vertex 1.013051e+001 -5.990826e+000 1.352782e+000
         vertex 9.989630e+000 -5.813610e+000 1.443513e+000
         vertex 1.013243e+001 -5.902091e+000 1.424060e+000
      endloop
   endfacet
   facet normal 1.284069e-001 3.744032e-001 -9.183321e-001
      outer loop
         vertex 1.013243e+001 -5.902091e+000 1.424060e+000
         vertex 9.989630e+000 -5.813610e+000 1.443513e+000
         vertex 9.998405e+000 -5.710870e+000 1.476441e+000
      endloop
   endfacet
   facet normal 1.787753e-001 3.486772e-001 -9.200346e-001
      outer loop
         vertex 1.013243e+001 -5.902091e+000 1.424060e+000
         vertex 9.998405e+000 -5.710870e+000 1.476441e+000
         vertex 1.013999e+001 -5.805520e+000 1.472369e+000
      endloop
   endfacet
   facet normal 1.111263e-001 1.750176e-001 -9.782739e-001
      outer loop
         vertex 1.013999e+001 -5.805520e+000 1.472369e+000
         vertex 9.998405e+000 -5.710870e+000 1.476441e+000
         vertex 1.000160e+001 -5.618081e+000 1.500518e+000
      endloop
   endfacet
   facet normal 1.510714e-001 1.513805e-001 -9.768630e-001
      outer loop
         vertex 1.013999e+001 -5.805520e+000 1.472369e+000
         vertex 1.000160e+001 -5.618081e+000 1.500518e+000
         vertex 1.012163e+001 -5.701761e+000 1.512141e+000
      endloop
   endfacet
   facet normal 2.175501e-001 4.244208e-001 8.789420e-001
      outer loop
         vertex 1.018199e+001 -5.838632e+000 2.018524e+000
         vertex 1.017114e+001 -5.927813e+000 2.050630e+000
         vertex 1.030725e+001 -6.014882e+000 2.058397e+000
      endloop
   endfacet
   facet normal 3.660634e-001 4.148448e-001 8.330074e-001
      outer loop
         vertex 1.044819e+001 -6.103888e+000 2.059773e+000
         vertex 1.044719e+001 -5.972909e+000 1.949970e+000
         vertex 1.031715e+001 -5.872357e+000 1.972840e+000
      endloop
   endfacet
   facet normal 4.713779e-001 5.059615e-001 7.223613e-001
      outer loop
         vertex 1.046769e+001 -5.988762e+000 1.946364e+000
         vertex 1.059199e+001 -6.194908e+000 2.051883e+000
         vertex 1.057854e+001 -6.074485e+000 1.926866e+000
      endloop
   endfacet
   facet normal 5.193409e-001 5.949861e-001 6.134138e-001
      outer loop
         vertex 1.057854e+001 -6.074485e+000 1.926866e+000
         vertex 1.059199e+001 -6.194908e+000 2.051883e+000
         vertex 1.072240e+001 -6.232689e+000 1.971221e+000
      endloop
   endfacet
   facet normal 6.233144e-001 6.689551e-001 4.049422e-001
      outer loop
         vertex 1.085621e+001 -6.289201e+000 1.878030e+000
         vertex 1.072240e+001 -6.232689e+000 1.971221e+000
         vertex 1.098834e+001 -6.423211e+000 1.889555e+000
      endloop
   endfacet
   facet normal 6.063905e-001 5.891083e-001 5.340804e-001
      outer loop
         vertex 1.085621e+001 -6.289201e+000 1.878030e+000
         vertex 1.072613e+001 -6.188614e+000 1.900908e+000
         vertex 1.072240e+001 -6.232689e+000 1.971221e+000
      endloop
   endfacet
   facet normal 5.800990e-001 5.624996e-001 5.891345e-001
      outer loop
         vertex 1.072240e+001 -6.232689e+000 1.971221e+000
         vertex 1.072613e+001 -6.188614e+000 1.900908e+000
         vertex 1.070975e+001 -6.175941e+000 1.903790e+000
      endloop
   endfacet
   facet normal 5.495319e-001 5.360942e-001 6.407946e-001
      outer loop
         vertex 1.072240e+001 -6.232689e+000 1.971221e+000
         vertex 1.070975e+001 -6.175941e+000 1.903790e+000
         vertex 1.057854e+001 -6.074485e+000 1.926866e+000
      endloop
   endfacet
   facet normal 6.691850e-001 7.343503e-001 1.136711e-001
      outer loop
         vertex 1.101979e+001 -6.426577e+000 1.783813e+000
         vertex 1.100968e+001 -6.418620e+000 1.800585e+000
         vertex 1.103431e+001 -6.467891e+000 1.944412e+000
      endloop
   endfacet
   facet normal 6.868319e-001 6.913309e-001 2.243292e-001
      outer loop
         vertex 1.100968e+001 -6.418620e+000 1.800585e+000
         vertex 1.094994e+001 -6.368248e+000 1.830728e+000
         vertex 1.098834e+001 -6.423211e+000 1.889555e+000
      endloop
   endfacet
   facet normal 6.764754e-001 6.764262e-001 2.912534e-001
      outer loop
         vertex 1.098834e+001 -6.423211e+000 1.889555e+000
         vertex 1.094994e+001 -6.368248e+000 1.830728e+000
         vertex 1.092074e+001 -6.343615e+000 1.845468e+000
      endloop
   endfacet
   facet normal 6.643896e-001 6.630986e-001 3.447997e-001
      outer loop
         vertex 1.098834e+001 -6.423211e+000 1.889555e+000
         vertex 1.092074e+001 -6.343615e+000 1.845468e+000
         vertex 1.085621e+001 -6.289201e+000 1.878030e+000
      endloop
   endfacet
   facet normal 6.932448e-001 7.089437e-001 -1.296553e-001
      outer loop
         vertex 1.102771e+001 -6.430706e+000 1.650396e+000
         vertex 1.096825e+001 -6.376951e+000 1.710759e+000
         vertex 1.100244e+001 -6.408465e+000 1.735824e+000
      endloop
   endfacet
   facet normal 6.326253e-001 7.717315e-001 -6.492863e-002
      outer loop
         vertex 1.102771e+001 -6.430706e+000 1.650396e+000
         vertex 1.100244e+001 -6.408465e+000 1.735824e+000
         vertex 1.106577e+001 -6.465109e+000 1.611764e+000
      endloop
   endfacet
   facet normal 5.945144e-001 8.037433e-001 -2.343755e-002
      outer loop
         vertex 1.106577e+001 -6.465109e+000 1.611764e+000
         vertex 1.100244e+001 -6.408465e+000 1.735824e+000
         vertex 1.111537e+001 -6.504328e+000 1.690873e+000
      endloop
   endfacet
   facet normal 5.087482e-001 8.606159e-001 2.270432e-002
      outer loop
         vertex 1.106577e+001 -6.465109e+000 1.611764e+000
         vertex 1.111537e+001 -6.504328e+000 1.690873e+000
         vertex 1.108527e+001 -6.482740e+000 1.591967e+000
      endloop
   endfacet
   facet normal 6.613597e-001 7.495486e-001 -2.793562e-002
      outer loop
         vertex 1.100244e+001 -6.408465e+000 1.735824e+000
         vertex 1.101845e+001 -6.423827e+000 1.757624e+000
         vertex 1.111537e+001 -6.504328e+000 1.690873e+000
      endloop
   endfacet
   facet normal 6.611820e-001 7.502183e-001 3.279948e-003
      outer loop
         vertex 1.111537e+001 -6.504328e+000 1.690873e+000
         vertex 1.101845e+001 -6.423827e+000 1.757624e+000
         vertex 1.101881e+001 -6.424233e+000 1.759130e+000
      endloop
   endfacet
   facet normal 5.860254e-001 8.099678e-001 2.294461e-002
      outer loop
         vertex 1.111537e+001 -6.504328e+000 1.690873e+000
         vertex 1.101881e+001 -6.424233e+000 1.759130e+000
         vertex 1.113419e+001 -6.517828e+000 1.752722e+000
      endloop
   endfacet
   facet normal 6.653099e-001 7.462705e-001 2.104691e-002
      outer loop
         vertex 1.113419e+001 -6.517828e+000 1.752722e+000
         vertex 1.101881e+001 -6.424233e+000 1.759130e+000
         vertex 1.102166e+001 -6.427458e+000 1.771071e+000
      endloop
   endfacet
   facet normal 5.877292e-001 8.081666e-001 3.796482e-002
      outer loop
         vertex 1.113419e+001 -6.517828e+000 1.752722e+000
         vertex 1.102166e+001 -6.427458e+000 1.771071e+000
         vertex 1.112957e+001 -6.516674e+000 1.786446e+000
      endloop
   endfacet
   facet normal 6.622899e-001 7.479078e-001 4.478982e-002
      outer loop
         vertex 1.112957e+001 -6.516674e+000 1.786446e+000
         vertex 1.102166e+001 -6.427458e+000 1.771071e+000
         vertex 1.102078e+001 -6.427042e+000 1.777078e+000
      endloop
   endfacet
   facet normal 5.854904e-001 8.093109e-001 4.708474e-002
      outer loop
         vertex 1.112957e+001 -6.516674e+000 1.786446e+000
         vertex 1.102078e+001 -6.427042e+000 1.777078e+000
         vertex 1.111816e+001 -6.513828e+000 1.869653e+000
      endloop
   endfacet
   facet normal 6.621336e-001 7.467695e-001 6.256516e-002
      outer loop
         vertex 1.111816e+001 -6.513828e+000 1.869653e+000
         vertex 1.102078e+001 -6.427042e+000 1.777078e+000
         vertex 1.101979e+001 -6.426577e+000 1.783813e+000
      endloop
   endfacet
   facet normal 5.849908e-001 8.090473e-001 5.681660e-002
      outer loop
         vertex 1.111816e+001 -6.513828e+000 1.869653e+000
         vertex 1.101979e+001 -6.426577e+000 1.783813e+000
         vertex 1.111258e+001 -6.511156e+000 1.878848e+000
      endloop
   endfacet
   facet normal 5.956244e-001 7.995657e-001 7.698128e-002
      outer loop
         vertex 1.111258e+001 -6.511156e+000 1.878848e+000
         vertex 1.101979e+001 -6.426577e+000 1.783813e+000
         vertex 1.103431e+001 -6.467891e+000 1.944412e+000
      endloop
   endfacet
   facet normal 5.088188e-001 8.585826e-001 6.276520e-002
      outer loop
         vertex 1.111258e+001 -6.511156e+000 1.878848e+000
         vertex 1.103431e+001 -6.467891e+000 1.944412e+000
         vertex 1.105696e+001 -6.484519e+000 1.970498e+000
      endloop
   endfacet
   facet normal 4.995035e-001 8.639075e-001 6.449842e-002
      outer loop
         vertex 1.105696e+001 -6.484519e+000 1.970498e+000
         vertex 1.103431e+001 -6.467891e+000 1.944412e+000
         vertex 1.102837e+001 -6.470825e+000 2.017615e+000
      endloop
   endfacet
   facet normal 5.227478e-001 8.318455e-001 1.864614e-001
      outer loop
         vertex 1.102837e+001 -6.470825e+000 2.017615e+000
         vertex 1.103431e+001 -6.467891e+000 1.944412e+000
         vertex 1.073778e+001 -6.286989e+000 2.033950e+000
      endloop
   endfacet
   facet normal 4.995144e-001 8.496753e-001 1.689296e-001
      outer loop
         vertex 1.102837e+001 -6.470825e+000 2.017615e+000
         vertex 1.073778e+001 -6.286989e+000 2.033950e+000
         vertex 1.099857e+001 -6.458095e+000 2.042522e+000
      endloop
   endfacet
   facet normal 4.136515e-001 9.073218e-001 7.523116e-002
      outer loop
         vertex 1.080322e+001 -6.374646e+000 2.205807e+000
         vertex 1.085695e+001 -6.397597e+000 2.160897e+000
         vertex 1.079280e+001 -6.364985e+000 2.179949e+000
      endloop
   endfacet
   facet normal 4.367113e-001 8.966264e-001 7.310524e-002
      outer loop
         vertex 1.079280e+001 -6.364985e+000 2.179949e+000
         vertex 1.085695e+001 -6.397597e+000 2.160897e+000
         vertex 1.099857e+001 -6.458095e+000 2.042522e+000
      endloop
   endfacet
   facet normal 4.613651e-001 8.756151e-001 1.429706e-001
      outer loop
         vertex 1.079280e+001 -6.364985e+000 2.179949e+000
         vertex 1.099857e+001 -6.458095e+000 2.042522e+000
         vertex 1.076141e+001 -6.331984e+000 2.104420e+000
      endloop
   endfacet
   facet normal 5.016482e-001 8.307654e-001 2.412011e-001
      outer loop
         vertex 1.076141e+001 -6.331984e+000 2.104420e+000
         vertex 1.099857e+001 -6.458095e+000 2.042522e+000
         vertex 1.073778e+001 -6.286989e+000 2.033950e+000
      endloop
   endfacet
   facet normal 3.881502e-001 9.131267e-001 1.246559e-001
      outer loop
         vertex 1.062601e+001 -6.288311e+000 2.195220e+000
         vertex 1.070660e+001 -6.341629e+000 2.262622e+000
         vertex 1.076163e+001 -6.356879e+000 2.240571e+000
      endloop
   endfacet
   facet normal 1.790125e-001 9.768521e-001 1.171092e-001
      outer loop
         vertex 1.017542e+001 -6.201187e+000 2.459901e+000
         vertex 1.020327e+001 -6.206056e+000 2.455298e+000
         vertex 1.017055e+001 -6.175574e+000 2.384539e+000
      endloop
   endfacet
   facet normal 1.853549e-001 9.756677e-001 1.171159e-001
      outer loop
         vertex 1.017055e+001 -6.175574e+000 2.384539e+000
         vertex 1.020327e+001 -6.206056e+000 2.455298e+000
         vertex 1.022793e+001 -6.210367e+000 2.451221e+000
      endloop
   endfacet
   facet normal 1.899301e-001 9.748302e-001 1.167590e-001
      outer loop
         vertex 1.022793e+001 -6.210367e+000 2.451221e+000
         vertex 1.024166e+001 -6.212768e+000 2.448950e+000
         vertex 1.017055e+001 -6.175574e+000 2.384539e+000
      endloop
   endfacet
   facet normal 2.060817e-001 9.716653e-001 1.157447e-001
      outer loop
         vertex 1.017055e+001 -6.175574e+000 2.384539e+000
         vertex 1.024166e+001 -6.212768e+000 2.448950e+000
         vertex 1.035439e+001 -6.244012e+000 2.403773e+000
      endloop
   endfacet
   facet normal 2.381080e-001 9.644952e-001 1.142523e-001
      outer loop
         vertex 1.017055e+001 -6.175574e+000 2.384539e+000
         vertex 1.035439e+001 -6.244012e+000 2.403773e+000
         vertex 1.049609e+001 -6.283285e+000 2.346985e+000
      endloop
   endfacet
   facet normal 2.237309e-001 4.904902e-001 8.422375e-001
      outer loop
         vertex 1.017114e+001 -5.927813e+000 2.050630e+000
         vertex 1.016895e+001 -5.945760e+000 2.057091e+000
         vertex 1.030725e+001 -6.014882e+000 2.058397e+000
      endloop
   endfacet
   facet normal 2.290823e-001 5.523540e-001 8.015150e-001
      outer loop
         vertex 1.030725e+001 -6.014882e+000 2.058397e+000
         vertex 1.016895e+001 -5.945760e+000 2.057091e+000
         vertex 1.016563e+001 -6.012950e+000 2.121415e+000
      endloop
   endfacet
   facet normal 2.715395e-001 6.590820e-001 7.013396e-001
      outer loop
         vertex 1.030725e+001 -6.014882e+000 2.058397e+000
         vertex 1.016563e+001 -6.012950e+000 2.121415e+000
         vertex 1.030877e+001 -6.138723e+000 2.181231e+000
      endloop
   endfacet
   facet normal 2.341098e-001 7.155470e-001 6.581680e-001
      outer loop
         vertex 1.030877e+001 -6.138723e+000 2.181231e+000
         vertex 1.016563e+001 -6.012950e+000 2.121415e+000
         vertex 1.016342e+001 -6.057377e+000 2.163946e+000
      endloop
   endfacet
   facet normal 2.351953e-001 7.786170e-001 5.817549e-001
      outer loop
         vertex 1.030877e+001 -6.138723e+000 2.181231e+000
         vertex 1.016342e+001 -6.057377e+000 2.163946e+000
         vertex 1.016031e+001 -6.120313e+000 2.224197e+000
      endloop
   endfacet
   facet normal 3.367429e-001 9.336175e-001 1.223222e-001
      outer loop
         vertex 1.053052e+001 -6.292826e+000 2.333190e+000
         vertex 1.070660e+001 -6.341629e+000 2.262622e+000
         vertex 1.048143e+001 -6.249269e+000 2.273557e+000
      endloop
   endfacet
   facet normal 3.751379e-001 9.073138e-001 1.898767e-001
      outer loop
         vertex 1.048143e+001 -6.249269e+000 2.273557e+000
         vertex 1.070660e+001 -6.341629e+000 2.262622e+000
         vertex 1.062601e+001 -6.288311e+000 2.195220e+000
      endloop
   endfacet
   facet normal 3.786997e-001 8.734847e-001 3.059592e-001
      outer loop
         vertex 1.048143e+001 -6.249269e+000 2.273557e+000
         vertex 1.062601e+001 -6.288311e+000 2.195220e+000
         vertex 1.046448e+001 -6.212767e+000 2.195076e+000
      endloop
   endfacet
   facet normal 4.290831e-001 8.064548e-001 4.068394e-001
      outer loop
         vertex 1.046448e+001 -6.212767e+000 2.195076e+000
         vertex 1.062601e+001 -6.288311e+000 2.195220e+000
         vertex 1.059199e+001 -6.194908e+000 2.051883e+000
      endloop
   endfacet
   facet normal 4.262660e-001 7.216942e-001 5.453941e-001
      outer loop
         vertex 1.046448e+001 -6.212767e+000 2.195076e+000
         vertex 1.059199e+001 -6.194908e+000 2.051883e+000
         vertex 1.044819e+001 -6.103888e+000 2.059773e+000
      endloop
   endfacet
   facet normal 4.418344e-001 5.670729e-001 6.951336e-001
      outer loop
         vertex 1.044819e+001 -6.103888e+000 2.059773e+000
         vertex 1.059199e+001 -6.194908e+000 2.051883e+000
         vertex 1.046769e+001 -5.988762e+000 1.946364e+000
      endloop
   endfacet
   facet normal 4.087850e-001 4.494433e-001 7.942894e-001
      outer loop
         vertex 1.044819e+001 -6.103888e+000 2.059773e+000
         vertex 1.046769e+001 -5.988762e+000 1.946364e+000
         vertex 1.044719e+001 -5.972909e+000 1.949970e+000
      endloop
   endfacet
   facet normal 6.343575e-001 7.571964e-001 1.557052e-001
      outer loop
         vertex 1.100968e+001 -6.418620e+000 1.800585e+000
         vertex 1.098834e+001 -6.423211e+000 1.889555e+000
         vertex 1.103431e+001 -6.467891e+000 1.944412e+000
      endloop
   endfacet
   facet normal 5.888843e-001 7.562156e-001 2.852250e-001
      outer loop
         vertex 1.103431e+001 -6.467891e+000 1.944412e+000
         vertex 1.098834e+001 -6.423211e+000 1.889555e+000
         vertex 1.072240e+001 -6.232689e+000 1.971221e+000
      endloop
   endfacet
   facet normal 5.557384e-001 7.540655e-001 3.500572e-001
      outer loop
         vertex 1.103431e+001 -6.467891e+000 1.944412e+000
         vertex 1.072240e+001 -6.232689e+000 1.971221e+000
         vertex 1.073778e+001 -6.286989e+000 2.033950e+000
      endloop
   endfacet
   facet normal 5.282473e-001 6.922190e-001 4.917191e-001
      outer loop
         vertex 1.073778e+001 -6.286989e+000 2.033950e+000
         vertex 1.072240e+001 -6.232689e+000 1.971221e+000
         vertex 1.059199e+001 -6.194908e+000 2.051883e+000
      endloop
   endfacet
   facet normal 5.051416e-001 7.615498e-001 4.060467e-001
      outer loop
         vertex 1.073778e+001 -6.286989e+000 2.033950e+000
         vertex 1.059199e+001 -6.194908e+000 2.051883e+000
         vertex 1.076141e+001 -6.331984e+000 2.104420e+000
      endloop
   endfacet
   facet normal 4.674809e-001 8.074703e-001 3.597964e-001
      outer loop
         vertex 1.076141e+001 -6.331984e+000 2.104420e+000
         vertex 1.059199e+001 -6.194908e+000 2.051883e+000
         vertex 1.062601e+001 -6.288311e+000 2.195220e+000
      endloop
   endfacet
   facet normal 4.437861e-001 8.703803e-001 2.132885e-001
      outer loop
         vertex 1.076141e+001 -6.331984e+000 2.104420e+000
         vertex 1.062601e+001 -6.288311e+000 2.195220e+000
         vertex 1.079280e+001 -6.364985e+000 2.179949e+000
      endloop
   endfacet
   facet normal 4.086160e-001 9.012908e-001 1.439017e-001
      outer loop
         vertex 1.079280e+001 -6.364985e+000 2.179949e+000
         vertex 1.062601e+001 -6.288311e+000 2.195220e+000
         vertex 1.076163e+001 -6.356879e+000 2.240571e+000
      endloop
   endfacet
   facet normal 4.010698e-001 9.129558e-001 7.519801e-002
      outer loop
         vertex 1.079280e+001 -6.364985e+000 2.179949e+000
         vertex 1.076163e+001 -6.356879e+000 2.240571e+000
         vertex 1.080322e+001 -6.374646e+000 2.205807e+000
      endloop
   endfacet
   facet normal 2.363770e-001 8.933401e-001 3.821905e-001
      outer loop
         vertex 1.016031e+001 -6.120313e+000 2.224197e+000
         vertex 1.016025e+001 -6.121450e+000 2.225286e+000
         vertex 1.049609e+001 -6.283285e+000 2.346985e+000
      endloop
   endfacet
   facet normal 2.343361e-001 9.083080e-001 3.465015e-001
      outer loop
         vertex 1.016025e+001 -6.121450e+000 2.225286e+000
         vertex 1.016372e+001 -6.139691e+000 2.278958e+000
         vertex 1.049609e+001 -6.283285e+000 2.346985e+000
      endloop
   endfacet
   facet normal 2.308001e-001 9.276662e-001 2.935418e-001
      outer loop
         vertex 1.049609e+001 -6.283285e+000 2.346985e+000
         vertex 1.016372e+001 -6.139691e+000 2.278958e+000
         vertex 1.016539e+001 -6.148473e+000 2.304799e+000
      endloop
   endfacet
   facet normal 2.253818e-001 9.487206e-001 2.216580e-001
      outer loop
         vertex 1.049609e+001 -6.283285e+000 2.346985e+000
         vertex 1.016539e+001 -6.148473e+000 2.304799e+000
         vertex 1.017055e+001 -6.175574e+000 2.384539e+000
      endloop
   endfacet
   facet normal 1.932041e-001 2.227006e-001 9.555504e-001
      outer loop
         vertex 1.018986e+001 -5.773922e+000 1.995229e+000
         vertex 1.018199e+001 -5.838632e+000 2.018524e+000
         vertex 1.031715e+001 -5.872357e+000 1.972840e+000
      endloop
   endfacet
   facet normal 2.507316e-001 3.593156e-001 8.989026e-001
      outer loop
         vertex 1.031715e+001 -5.872357e+000 1.972840e+000
         vertex 1.018199e+001 -5.838632e+000 2.018524e+000
         vertex 1.030725e+001 -6.014882e+000 2.058397e+000
      endloop
   endfacet
   facet normal 3.365082e-001 4.794308e-001 8.104988e-001
      outer loop
         vertex 1.031715e+001 -5.872357e+000 1.972840e+000
         vertex 1.030725e+001 -6.014882e+000 2.058397e+000
         vertex 1.044819e+001 -6.103888e+000 2.059773e+000
      endloop
   endfacet
   facet normal 3.428109e-001 6.549717e-001 6.734188e-001
      outer loop
         vertex 1.044819e+001 -6.103888e+000 2.059773e+000
         vertex 1.030725e+001 -6.014882e+000 2.058397e+000
         vertex 1.030877e+001 -6.138723e+000 2.181231e+000
      endloop
   endfacet
   facet normal 3.658828e-001 7.541305e-001 5.453595e-001
      outer loop
         vertex 1.044819e+001 -6.103888e+000 2.059773e+000
         vertex 1.030877e+001 -6.138723e+000 2.181231e+000
         vertex 1.046448e+001 -6.212767e+000 2.195076e+000
      endloop
   endfacet
   facet normal 2.942390e-001 8.179376e-001 4.943698e-001
      outer loop
         vertex 1.046448e+001 -6.212767e+000 2.195076e+000
         vertex 1.030877e+001 -6.138723e+000 2.181231e+000
         vertex 1.016031e+001 -6.120313e+000 2.224197e+000
      endloop
   endfacet
   facet normal 3.087033e-001 8.635927e-001 3.986351e-001
      outer loop
         vertex 1.046448e+001 -6.212767e+000 2.195076e+000
         vertex 1.016031e+001 -6.120313e+000 2.224197e+000
         vertex 1.048143e+001 -6.249269e+000 2.273557e+000
      endloop
   endfacet
   facet normal 2.832768e-001 9.154718e-001 2.857720e-001
      outer loop
         vertex 1.048143e+001 -6.249269e+000 2.273557e+000
         vertex 1.016031e+001 -6.120313e+000 2.224197e+000
         vertex 1.049609e+001 -6.283285e+000 2.346985e+000
      endloop
   endfacet
   facet normal 3.122903e-001 9.419616e-001 1.232201e-001
      outer loop
         vertex 1.048143e+001 -6.249269e+000 2.273557e+000
         vertex 1.049609e+001 -6.283285e+000 2.346985e+000
         vertex 1.053052e+001 -6.292826e+000 2.333190e+000
      endloop
   endfacet
   facet normal 6.251597e-002 2.003058e-001 9.777369e-001
      outer loop
         vertex 7.264498e+000 -6.807158e+000 2.567979e+000
         vertex 7.110347e+000 -7.034558e+000 2.623183e+000
         vertex 7.211959e+000 -7.107010e+000 2.641587e+000
      endloop
   endfacet
   facet normal -1.826115e-001 1.680888e-001 9.687101e-001
      outer loop
         vertex 6.576782e+000 -8.847991e+000 2.977391e+000
         vertex 6.647766e+000 -8.893762e+000 3.007149e+000
         vertex 6.699332e+000 -8.326498e+000 2.903077e+000
      endloop
   endfacet
   facet normal -5.653560e-001 1.567870e-001 8.098089e-001
      outer loop
         vertex 6.781458e+000 -8.979969e+000 3.063196e+000
         vertex 6.829914e+000 -8.972625e+000 3.108934e+000
         vertex 6.885169e+000 -8.348887e+000 2.993547e+000
      endloop
   endfacet
   facet normal -4.495355e-002 9.802282e-001 1.926965e-001
      outer loop
         vertex 9.420970e+000 -6.183677e+000 2.583510e+000
         vertex 9.579963e+000 -6.187367e+000 2.557461e+000
         vertex 9.549195e+000 -6.122246e+000 2.370983e+000
      endloop
   endfacet
   facet normal 4.768454e-002 9.803507e-001 1.914126e-001
      outer loop
         vertex 9.579963e+000 -6.187367e+000 2.557461e+000
         vertex 1.017542e+001 -6.201187e+000 2.459901e+000
         vertex 9.549195e+000 -6.122246e+000 2.370983e+000
      endloop
   endfacet
   facet normal 1.251872e-001 9.623733e-001 2.411760e-001
      outer loop
         vertex 9.549195e+000 -6.122246e+000 2.370983e+000
         vertex 1.017542e+001 -6.201187e+000 2.459901e+000
         vertex 1.017055e+001 -6.175574e+000 2.384539e+000
      endloop
   endfacet
   facet normal 1.327246e-001 9.289550e-001 3.455817e-001
      outer loop
         vertex 9.549195e+000 -6.122246e+000 2.370983e+000
         vertex 1.017055e+001 -6.175574e+000 2.384539e+000
         vertex 1.016539e+001 -6.148473e+000 2.304799e+000
      endloop
   endfacet
   facet normal -9.380476e-002 9.764529e-001 1.942685e-001
      outer loop
         vertex 9.420970e+000 -6.183677e+000 2.583510e+000
         vertex 9.549195e+000 -6.122246e+000 2.370983e+000
         vertex 9.188734e+000 -6.244772e+000 2.632380e+000
      endloop
   endfacet
   facet normal -1.165146e-001 9.409637e-001 3.178234e-001
      outer loop
         vertex 9.188734e+000 -6.244772e+000 2.632380e+000
         vertex 9.549195e+000 -6.122246e+000 2.370983e+000
         vertex 8.949517e+000 -6.228924e+000 2.486308e+000
      endloop
   endfacet
   facet normal -2.085785e-001 9.581065e-001 1.962829e-001
      outer loop
         vertex 9.188734e+000 -6.244772e+000 2.632380e+000
         vertex 8.949517e+000 -6.228924e+000 2.486308e+000
         vertex 9.001826e+000 -6.293943e+000 2.671711e+000
      endloop
   endfacet
   facet normal -2.709958e-001 9.418718e-001 1.985921e-001
      outer loop
         vertex 9.001826e+000 -6.293943e+000 2.671711e+000
         vertex 8.949517e+000 -6.228924e+000 2.486308e+000
         vertex 8.683444e+000 -6.377701e+000 2.738709e+000
      endloop
   endfacet
   facet normal -3.020510e-001 8.971407e-001 3.223410e-001
      outer loop
         vertex 8.683444e+000 -6.377701e+000 2.738709e+000
         vertex 8.949517e+000 -6.228924e+000 2.486308e+000
         vertex 8.391035e+000 -6.462600e+000 2.615829e+000
      endloop
   endfacet
   facet normal -3.990058e-001 8.944183e-001 2.020155e-001
      outer loop
         vertex 8.683444e+000 -6.377701e+000 2.738709e+000
         vertex 8.391035e+000 -6.462600e+000 2.615829e+000
         vertex 8.459780e+000 -6.512287e+000 2.798438e+000
      endloop
   endfacet
   facet normal -7.621369e-001 6.093670e-001 2.186760e-001
      outer loop
         vertex 7.509814e+000 -7.331037e+000 3.093163e+000
         vertex 7.569597e+000 -7.266257e+000 3.072414e+000
         vertex 7.496023e+000 -7.255427e+000 2.892420e+000
      endloop
   endfacet
   facet normal -7.072251e-001 6.731324e-001 2.161607e-001
      outer loop
         vertex 7.496023e+000 -7.255427e+000 2.892420e+000
         vertex 7.569597e+000 -7.266257e+000 3.072414e+000
         vertex 7.969084e+000 -6.833380e+000 2.933766e+000
      endloop
   endfacet
   facet normal -6.142801e-001 7.148769e-001 3.340822e-001
      outer loop
         vertex 7.496023e+000 -7.255427e+000 2.892420e+000
         vertex 7.969084e+000 -6.833380e+000 2.933766e+000
         vertex 7.899247e+000 -6.810511e+000 2.753330e+000
      endloop
   endfacet
   facet normal -5.977873e-001 7.737355e-001 2.097231e-001
      outer loop
         vertex 7.899247e+000 -6.810511e+000 2.753330e+000
         vertex 7.969084e+000 -6.833380e+000 2.933766e+000
         vertex 8.022686e+000 -6.775298e+000 2.915163e+000
      endloop
   endfacet
   facet normal -5.026044e-001 7.991487e-001 3.297732e-001
      outer loop
         vertex 7.899247e+000 -6.810511e+000 2.753330e+000
         vertex 8.022686e+000 -6.775298e+000 2.915163e+000
         vertex 8.391035e+000 -6.462600e+000 2.615829e+000
      endloop
   endfacet
   facet normal -5.112811e-001 8.340796e-001 2.071300e-001
      outer loop
         vertex 8.391035e+000 -6.462600e+000 2.615829e+000
         vertex 8.022686e+000 -6.775298e+000 2.915163e+000
         vertex 8.237523e+000 -6.646024e+000 2.857791e+000
      endloop
   endfacet
   facet normal -4.567219e-001 8.658251e-001 2.043329e-001
      outer loop
         vertex 8.391035e+000 -6.462600e+000 2.615829e+000
         vertex 8.237523e+000 -6.646024e+000 2.857791e+000
         vertex 8.459780e+000 -6.512287e+000 2.798438e+000
      endloop
   endfacet
   facet normal -7.929124e-001 5.014735e-001 3.461421e-001
      outer loop
         vertex 7.199142e+000 -7.776462e+000 3.026742e+000
         vertex 7.285965e+000 -7.779227e+000 3.204973e+000
         vertex 7.496023e+000 -7.255427e+000 2.892420e+000
      endloop
   endfacet
   facet normal -8.068432e-001 5.471098e-001 2.228788e-001
      outer loop
         vertex 7.496023e+000 -7.255427e+000 2.892420e+000
         vertex 7.285965e+000 -7.779227e+000 3.204973e+000
         vertex 7.497740e+000 -7.355211e+000 3.099193e+000
      endloop
   endfacet
   facet normal -7.709488e-001 5.979755e-001 2.192333e-001
      outer loop
         vertex 7.496023e+000 -7.255427e+000 2.892420e+000
         vertex 7.497740e+000 -7.355211e+000 3.099193e+000
         vertex 7.509814e+000 -7.331037e+000 3.093163e+000
      endloop
   endfacet
   facet normal -9.534353e-001 1.852433e-001 2.380043e-001
      outer loop
         vertex 7.034152e+000 -8.731378e+000 3.405188e+000
         vertex 7.108555e+000 -8.336255e+000 3.327123e+000
         vertex 7.021924e+000 -8.349667e+000 3.150133e+000
      endloop
   endfacet
   facet normal -9.419306e-001 2.395344e-001 2.353508e-001
      outer loop
         vertex 7.021924e+000 -8.349667e+000 3.150133e+000
         vertex 7.108555e+000 -8.336255e+000 3.327123e+000
         vertex 7.115655e+000 -8.298549e+000 3.319673e+000
      endloop
   endfacet
   facet normal -8.796467e-001 3.169777e-001 3.546080e-001
      outer loop
         vertex 7.021924e+000 -8.349667e+000 3.150133e+000
         vertex 7.115655e+000 -8.298549e+000 3.319673e+000
         vertex 7.199142e+000 -7.776462e+000 3.026742e+000
      endloop
   endfacet
   facet normal -9.097465e-001 3.442601e-001 2.320481e-001
      outer loop
         vertex 7.199142e+000 -7.776462e+000 3.026742e+000
         vertex 7.115655e+000 -8.298549e+000 3.319673e+000
         vertex 7.169559e+000 -8.012296e+000 3.263117e+000
      endloop
   endfacet
   facet normal -8.837870e-001 4.083506e-001 2.284082e-001
      outer loop
         vertex 7.199142e+000 -7.776462e+000 3.026742e+000
         vertex 7.169559e+000 -8.012296e+000 3.263117e+000
         vertex 7.285965e+000 -7.779227e+000 3.204973e+000
      endloop
   endfacet
   facet normal 6.296065e-002 1.452343e-001 9.873919e-001
      outer loop
         vertex 6.459744e+000 -8.762494e+000 2.967324e+000
         vertex 6.576782e+000 -8.847991e+000 2.977391e+000
         vertex 6.520683e+000 -8.292003e+000 2.890422e+000
      endloop
   endfacet
   facet normal -5.545435e-002 1.689038e-001 9.840713e-001
      outer loop
         vertex 6.520683e+000 -8.292003e+000 2.890422e+000
         vertex 6.576782e+000 -8.847991e+000 2.977391e+000
         vertex 6.699332e+000 -8.326498e+000 2.903077e+000
      endloop
   endfacet
   facet normal 2.463721e-002 1.668583e-001 9.856730e-001
      outer loop
         vertex 6.520683e+000 -8.292003e+000 2.890422e+000
         vertex 6.699332e+000 -8.326498e+000 2.903077e+000
         vertex 6.520958e+000 -8.289878e+000 2.890075e+000
      endloop
   endfacet
   facet normal -7.716074e-002 2.102498e-001 9.745979e-001
      outer loop
         vertex 6.520958e+000 -8.289878e+000 2.890075e+000
         vertex 6.699332e+000 -8.326498e+000 2.903077e+000
         vertex 6.888992e+000 -7.689425e+000 2.778010e+000
      endloop
   endfacet
   facet normal 4.171943e-002 1.870083e-001 9.814720e-001
      outer loop
         vertex 6.520958e+000 -8.289878e+000 2.890075e+000
         vertex 6.888992e+000 -7.689425e+000 2.778010e+000
         vertex 6.750217e+000 -7.629205e+000 2.761322e+000
      endloop
   endfacet
   facet normal -3.894994e-002 2.440494e-001 9.689803e-001
      outer loop
         vertex 7.211959e+000 -7.107010e+000 2.641587e+000
         vertex 7.110347e+000 -7.034558e+000 2.623183e+000
         vertex 6.888992e+000 -7.689425e+000 2.778010e+000
      endloop
   endfacet
   facet normal 4.178728e-002 1.869947e-001 9.814718e-001
      outer loop
         vertex 6.888992e+000 -7.689425e+000 2.778010e+000
         vertex 7.110347e+000 -7.034558e+000 2.623183e+000
         vertex 6.795285e+000 -7.499331e+000 2.736013e+000
      endloop
   endfacet
   facet normal 4.173743e-002 1.869978e-001 9.814733e-001
      outer loop
         vertex 6.888992e+000 -7.689425e+000 2.778010e+000
         vertex 6.795285e+000 -7.499331e+000 2.736013e+000
         vertex 6.750217e+000 -7.629205e+000 2.761322e+000
      endloop
   endfacet
   facet normal 6.258798e-002 2.002425e-001 9.777452e-001
      outer loop
         vertex 7.264498e+000 -6.807158e+000 2.567979e+000
         vertex 7.211959e+000 -7.107010e+000 2.641587e+000
         vertex 7.584477e+000 -6.530367e+000 2.481637e+000
      endloop
   endfacet
   facet normal 4.000090e-003 2.640509e-001 9.645004e-001
      outer loop
         vertex 7.584477e+000 -6.530367e+000 2.481637e+000
         vertex 7.211959e+000 -7.107010e+000 2.641587e+000
         vertex 7.654820e+000 -6.606250e+000 2.500011e+000
      endloop
   endfacet
   facet normal 8.440068e-002 2.066819e-001 9.747611e-001
      outer loop
         vertex 7.584477e+000 -6.530367e+000 2.481637e+000
         vertex 7.654820e+000 -6.606250e+000 2.500011e+000
         vertex 7.897099e+000 -6.259942e+000 2.397280e+000
      endloop
   endfacet
   facet normal 4.682643e-002 2.710570e-001 9.614236e-001
      outer loop
         vertex 7.897099e+000 -6.259942e+000 2.397280e+000
         vertex 7.654820e+000 -6.606250e+000 2.500011e+000
         vertex 8.198966e+000 -6.211282e+000 2.359733e+000
      endloop
   endfacet
   facet normal 1.051516e-001 2.069052e-001 9.726939e-001
      outer loop
         vertex 7.897099e+000 -6.259942e+000 2.397280e+000
         vertex 8.198966e+000 -6.211282e+000 2.359733e+000
         vertex 8.151392e+000 -6.131213e+000 2.341864e+000
      endloop
   endfacet
   facet normal 1.051437e-001 2.069262e-001 9.726902e-001
      outer loop
         vertex 8.151392e+000 -6.131213e+000 2.341864e+000
         vertex 8.198966e+000 -6.211282e+000 2.359733e+000
         vertex 8.546125e+000 -5.931391e+000 2.255842e+000
      endloop
   endfacet
   facet normal 8.580007e-002 2.670723e-001 9.598493e-001
      outer loop
         vertex 8.546125e+000 -5.931391e+000 2.255842e+000
         vertex 8.198966e+000 -6.211282e+000 2.359733e+000
         vertex 8.820806e+000 -5.942605e+000 2.227288e+000
      endloop
   endfacet
   facet normal 1.231585e-001 2.023171e-001 9.715450e-001
      outer loop
         vertex 8.546125e+000 -5.931391e+000 2.255842e+000
         vertex 8.820806e+000 -5.942605e+000 2.227288e+000
         vertex 8.797235e+000 -5.873886e+000 2.211190e+000
      endloop
   endfacet
   facet normal 1.231709e-001 2.022754e-001 9.715522e-001
      outer loop
         vertex 8.797235e+000 -5.873886e+000 2.211190e+000
         vertex 8.820806e+000 -5.942605e+000 2.227288e+000
         vertex 9.358498e+000 -5.745355e+000 2.111389e+000
      endloop
   endfacet
   facet normal 1.183579e-001 2.551896e-001 9.596195e-001
      outer loop
         vertex 9.358498e+000 -5.745355e+000 2.111389e+000
         vertex 8.820806e+000 -5.942605e+000 2.227288e+000
         vertex 9.492108e+000 -5.815993e+000 2.109094e+000
      endloop
   endfacet
   facet normal 1.374825e-001 1.947531e-001 9.711693e-001
      outer loop
         vertex 9.358498e+000 -5.745355e+000 2.111389e+000
         vertex 9.492108e+000 -5.815993e+000 2.109094e+000
         vertex 9.484763e+000 -5.749693e+000 2.093747e+000
      endloop
   endfacet
   facet normal -3.205023e-001 1.573340e-001 9.340901e-001
      outer loop
         vertex 6.647766e+000 -8.893762e+000 3.007149e+000
         vertex 6.781458e+000 -8.979969e+000 3.063196e+000
         vertex 6.699332e+000 -8.326498e+000 2.903077e+000
      endloop
   endfacet
   facet normal -4.366278e-001 1.956813e-001 8.781031e-001
      outer loop
         vertex 6.699332e+000 -8.326498e+000 2.903077e+000
         vertex 6.781458e+000 -8.979969e+000 3.063196e+000
         vertex 6.885169e+000 -8.348887e+000 2.993547e+000
      endloop
   endfacet
   facet normal -3.223595e-001 2.500525e-001 9.129940e-001
      outer loop
         vertex 6.699332e+000 -8.326498e+000 2.903077e+000
         vertex 6.885169e+000 -8.348887e+000 2.993547e+000
         vertex 6.888992e+000 -7.689425e+000 2.778010e+000
      endloop
   endfacet
   facet normal -4.239059e-001 3.113789e-001 8.504981e-001
      outer loop
         vertex 6.888992e+000 -7.689425e+000 2.778010e+000
         vertex 6.885169e+000 -8.348887e+000 2.993547e+000
         vertex 7.065669e+000 -7.749496e+000 2.869647e+000
      endloop
   endfacet
   facet normal -2.604035e-001 3.307013e-001 9.070979e-001
      outer loop
         vertex 6.888992e+000 -7.689425e+000 2.778010e+000
         vertex 7.065669e+000 -7.749496e+000 2.869647e+000
         vertex 7.211959e+000 -7.107010e+000 2.641587e+000
      endloop
   endfacet
   facet normal -3.467047e-001 4.090368e-001 8.440881e-001
      outer loop
         vertex 7.211959e+000 -7.107010e+000 2.641587e+000
         vertex 7.065669e+000 -7.749496e+000 2.869647e+000
         vertex 7.371525e+000 -7.202482e+000 2.734565e+000
      endloop
   endfacet
   facet normal -1.845383e-001 3.892200e-001 9.024707e-001
      outer loop
         vertex 7.211959e+000 -7.107010e+000 2.641587e+000
         vertex 7.371525e+000 -7.202482e+000 2.734565e+000
         vertex 7.654820e+000 -6.606250e+000 2.500011e+000
      endloop
   endfacet
   facet normal -2.529865e-001 4.817220e-001 8.390123e-001
      outer loop
         vertex 7.654820e+000 -6.606250e+000 2.500011e+000
         vertex 7.371525e+000 -7.202482e+000 2.734565e+000
         vertex 7.789716e+000 -6.733150e+000 2.594461e+000
      endloop
   endfacet
   facet normal -1.022248e-001 4.248575e-001 8.994699e-001
      outer loop
         vertex 7.654820e+000 -6.606250e+000 2.500011e+000
         vertex 7.789716e+000 -6.733150e+000 2.594461e+000
         vertex 8.198966e+000 -6.211282e+000 2.359733e+000
      endloop
   endfacet
   facet normal -1.505039e-001 5.283622e-001 8.355728e-001
      outer loop
         vertex 8.198966e+000 -6.211282e+000 2.359733e+000
         vertex 7.789716e+000 -6.733150e+000 2.594461e+000
         vertex 8.302391e+000 -6.363955e+000 2.455727e+000
      endloop
   endfacet
   facet normal -2.019163e-002 4.391527e-001 8.981855e-001
      outer loop
         vertex 8.198966e+000 -6.211282e+000 2.359733e+000
         vertex 8.302391e+000 -6.363955e+000 2.455727e+000
         vertex 8.820806e+000 -5.942605e+000 2.227288e+000
      endloop
   endfacet
   facet normal -4.623595e-002 5.501251e-001 8.338013e-001
      outer loop
         vertex 8.820806e+000 -5.942605e+000 2.227288e+000
         vertex 8.302391e+000 -6.363955e+000 2.455727e+000
         vertex 8.887133e+000 -6.113799e+000 2.324829e+000
      endloop
   endfacet
   facet normal 5.638920e-002 4.355376e-001 8.984026e-001
      outer loop
         vertex 8.820806e+000 -5.942605e+000 2.227288e+000
         vertex 8.887133e+000 -6.113799e+000 2.324829e+000
         vertex 9.492108e+000 -5.815993e+000 2.109094e+000
      endloop
   endfacet
   facet normal 5.427434e-002 5.499246e-001 8.334490e-001
      outer loop
         vertex 8.887133e+000 -6.113799e+000 2.324829e+000
         vertex 9.517331e+000 -5.997055e+000 2.208095e+000
         vertex 9.492108e+000 -5.815993e+000 2.109094e+000
      endloop
   endfacet
   facet normal 1.360836e-001 5.391138e-001 8.311664e-001
      outer loop
         vertex 9.492108e+000 -5.815993e+000 2.109094e+000
         vertex 9.517331e+000 -5.997055e+000 2.208095e+000
         vertex 1.016563e+001 -6.012950e+000 2.121415e+000
      endloop
   endfacet
   facet normal 1.707057e-001 4.764337e-001 8.624793e-001
      outer loop
         vertex 9.492108e+000 -5.815993e+000 2.109094e+000
         vertex 1.016563e+001 -6.012950e+000 2.121415e+000
         vertex 1.016895e+001 -5.945760e+000 2.057091e+000
      endloop
   endfacet
   facet normal 1.481008e-001 1.860596e-001 9.713125e-001
      outer loop
         vertex 1.018986e+001 -5.773922e+000 1.995229e+000
         vertex 9.484763e+000 -5.749693e+000 2.093747e+000
         vertex 1.018199e+001 -5.838632e+000 2.018524e+000
      endloop
   endfacet
   facet normal 1.434785e-001 2.389402e-001 9.603757e-001
      outer loop
         vertex 1.018199e+001 -5.838632e+000 2.018524e+000
         vertex 9.484763e+000 -5.749693e+000 2.093747e+000
         vertex 9.492108e+000 -5.815993e+000 2.109094e+000
      endloop
   endfacet
   facet normal 1.563326e-001 3.417172e-001 9.267089e-001
      outer loop
         vertex 1.018199e+001 -5.838632e+000 2.018524e+000
         vertex 9.492108e+000 -5.815993e+000 2.109094e+000
         vertex 1.017114e+001 -5.927813e+000 2.050630e+000
      endloop
   endfacet
   facet normal 1.641296e-001 4.108422e-001 8.968111e-001
      outer loop
         vertex 1.017114e+001 -5.927813e+000 2.050630e+000
         vertex 9.492108e+000 -5.815993e+000 2.109094e+000
         vertex 1.016895e+001 -5.945760e+000 2.057091e+000
      endloop
   endfacet
   facet normal -9.691924e-001 4.198384e-002 2.427006e-001
      outer loop
         vertex 7.031236e+000 -8.922416e+000 3.437478e+000
         vertex 7.034152e+000 -8.731378e+000 3.405188e+000
         vertex 6.966502e+000 -8.948897e+000 3.259154e+000
      endloop
   endfacet
   facet normal -9.232754e-001 1.289559e-001 3.618467e-001
      outer loop
         vertex 6.966502e+000 -8.948897e+000 3.259154e+000
         vertex 7.034152e+000 -8.731378e+000 3.405188e+000
         vertex 7.021924e+000 -8.349667e+000 3.150133e+000
      endloop
   endfacet
   facet normal -8.593825e-001 1.239615e-001 4.960800e-001
      outer loop
         vertex 6.966502e+000 -8.948897e+000 3.259154e+000
         vertex 7.021924e+000 -8.349667e+000 3.150133e+000
         vertex 6.954743e+000 -8.953708e+000 3.226761e+000
      endloop
   endfacet
   facet normal -8.449675e-001 1.275082e-001 5.193954e-001
      outer loop
         vertex 6.954743e+000 -8.953708e+000 3.226761e+000
         vertex 7.021924e+000 -8.349667e+000 3.150133e+000
         vertex 6.949947e+000 -8.954433e+000 3.222236e+000
      endloop
   endfacet
   facet normal 1.609418e-001 8.006583e-001 5.770996e-001
      outer loop
         vertex 1.016372e+001 -6.139691e+000 2.278958e+000
         vertex 1.016025e+001 -6.121450e+000 2.225286e+000
         vertex 9.517331e+000 -5.997055e+000 2.208095e+000
      endloop
   endfacet
   facet normal 1.610471e-001 7.771284e-001 6.083874e-001
      outer loop
         vertex 1.016025e+001 -6.121450e+000 2.225286e+000
         vertex 1.016031e+001 -6.120313e+000 2.224197e+000
         vertex 9.517331e+000 -5.997055e+000 2.208095e+000
      endloop
   endfacet
   facet normal 1.604061e-001 7.395497e-001 6.537095e-001
      outer loop
         vertex 9.517331e+000 -5.997055e+000 2.208095e+000
         vertex 1.016031e+001 -6.120313e+000 2.224197e+000
         vertex 1.016342e+001 -6.057377e+000 2.163946e+000
      endloop
   endfacet
   facet normal 1.578460e-001 6.710081e-001 7.244534e-001
      outer loop
         vertex 9.517331e+000 -5.997055e+000 2.208095e+000
         vertex 1.016342e+001 -6.057377e+000 2.163946e+000
         vertex 1.016563e+001 -6.012950e+000 2.121415e+000
      endloop
   endfacet
   facet normal 1.364539e-001 8.999465e-001 4.140974e-001
      outer loop
         vertex 1.016539e+001 -6.148473e+000 2.304799e+000
         vertex 1.016372e+001 -6.139691e+000 2.278958e+000
         vertex 9.549195e+000 -6.122246e+000 2.370983e+000
      endloop
   endfacet
   facet normal 9.889928e-002 8.311123e-001 5.472396e-001
      outer loop
         vertex 9.549195e+000 -6.122246e+000 2.370983e+000
         vertex 1.016372e+001 -6.139691e+000 2.278958e+000
         vertex 9.517331e+000 -5.997055e+000 2.208095e+000
      endloop
   endfacet
   facet normal -2.595149e-002 8.343749e-001 5.505861e-001
      outer loop
         vertex 9.549195e+000 -6.122246e+000 2.370983e+000
         vertex 9.517331e+000 -5.997055e+000 2.208095e+000
         vertex 8.949517e+000 -6.228924e+000 2.486308e+000
      endloop
   endfacet
   facet normal -4.691008e-002 7.501782e-001 6.595696e-001
      outer loop
         vertex 8.949517e+000 -6.228924e+000 2.486308e+000
         vertex 9.517331e+000 -5.997055e+000 2.208095e+000
         vertex 8.887133e+000 -6.113799e+000 2.324829e+000
      endloop
   endfacet
   facet normal -1.925256e-001 8.101533e-001 5.537016e-001
      outer loop
         vertex 8.949517e+000 -6.228924e+000 2.486308e+000
         vertex 8.887133e+000 -6.113799e+000 2.324829e+000
         vertex 8.391035e+000 -6.462600e+000 2.615829e+000
      endloop
   endfacet
   facet normal -1.938377e-001 7.237654e-001 6.622618e-001
      outer loop
         vertex 8.391035e+000 -6.462600e+000 2.615829e+000
         vertex 8.887133e+000 -6.113799e+000 2.324829e+000
         vertex 8.302391e+000 -6.363955e+000 2.455727e+000
      endloop
   endfacet
   facet normal -3.537109e-001 7.505327e-001 5.582018e-001
      outer loop
         vertex 8.391035e+000 -6.462600e+000 2.615829e+000
         vertex 8.302391e+000 -6.363955e+000 2.455727e+000
         vertex 7.899247e+000 -6.810511e+000 2.753330e+000
      endloop
   endfacet
   facet normal -3.361722e-001 6.654664e-001 6.664403e-001
      outer loop
         vertex 7.899247e+000 -6.810511e+000 2.753330e+000
         vertex 8.302391e+000 -6.363955e+000 2.455727e+000
         vertex 7.789716e+000 -6.733150e+000 2.594461e+000
      endloop
   endfacet
   facet normal -5.017280e-001 6.557460e-001 5.641509e-001
      outer loop
         vertex 7.899247e+000 -6.810511e+000 2.753330e+000
         vertex 7.789716e+000 -6.733150e+000 2.594461e+000
         vertex 7.496023e+000 -7.255427e+000 2.892420e+000
      endloop
   endfacet
   facet normal -4.664750e-001 5.749756e-001 6.721638e-001
      outer loop
         vertex 7.496023e+000 -7.255427e+000 2.892420e+000
         vertex 7.789716e+000 -6.733150e+000 2.594461e+000
         vertex 7.371525e+000 -7.202482e+000 2.734565e+000
      endloop
   endfacet
   facet normal -6.283665e-001 5.278895e-001 5.713915e-001
      outer loop
         vertex 7.496023e+000 -7.255427e+000 2.892420e+000
         vertex 7.371525e+000 -7.202482e+000 2.734565e+000
         vertex 7.199142e+000 -7.776462e+000 3.026742e+000
      endloop
   endfacet
   facet normal -5.766301e-001 4.540433e-001 6.792219e-001
      outer loop
         vertex 7.199142e+000 -7.776462e+000 3.026742e+000
         vertex 7.371525e+000 -7.202482e+000 2.734565e+000
         vertex 7.065669e+000 -7.749496e+000 2.869647e+000
      endloop
   endfacet
   facet normal -7.255009e-001 3.711467e-001 5.795676e-001
      outer loop
         vertex 7.199142e+000 -7.776462e+000 3.026742e+000
         vertex 7.065669e+000 -7.749496e+000 2.869647e+000
         vertex 7.021924e+000 -8.349667e+000 3.150133e+000
      endloop
   endfacet
   facet normal -6.586167e-001 3.065306e-001 6.872140e-001
      outer loop
         vertex 7.021924e+000 -8.349667e+000 3.150133e+000
         vertex 7.065669e+000 -7.749496e+000 2.869647e+000
         vertex 6.885169e+000 -8.348887e+000 2.993547e+000
      endloop
   endfacet
   facet normal -7.683033e-001 1.949214e-001 6.096848e-001
      outer loop
         vertex 7.021924e+000 -8.349667e+000 3.150133e+000
         vertex 6.885169e+000 -8.348887e+000 2.993547e+000
         vertex 6.949947e+000 -8.954433e+000 3.222236e+000
      endloop
   endfacet
   facet normal -6.855418e-001 1.417619e-001 7.140981e-001
      outer loop
         vertex 6.949947e+000 -8.954433e+000 3.222236e+000
         vertex 6.885169e+000 -8.348887e+000 2.993547e+000
         vertex 6.829914e+000 -8.972625e+000 3.108934e+000
      endloop
   endfacet
   facet normal -9.865507e-001 -1.396257e-001 8.498485e-002
      outer loop
         vertex 7.038332e+000 -9.071694e+000 3.461215e+000
         vertex 6.982581e+000 -9.275785e+000 2.489392e+000
         vertex 7.021188e+000 -9.567542e+000 2.490863e+000
      endloop
   endfacet
   facet normal -9.969212e-001 -7.840768e-002 6.038471e-004
      outer loop
         vertex 6.874610e+000 -8.922416e+000 -1.352267e-001
         vertex 6.874432e+000 -8.922416e+000 -3.089243e-001
         vertex 6.952844e+000 -9.583974e+000 -3.089243e-001
      endloop
   endfacet
   facet normal 9.969195e-001 -7.840677e-002 2.011607e-003
      outer loop
         vertex 1.253418e+001 -8.922414e+000 -1.352267e-001
         vertex 1.253415e+001 -8.922414e+000 -1.081983e-001
         vertex 1.245575e+001 -9.583924e+000 -1.081983e-001
      endloop
   endfacet
   facet normal 9.739099e-001 -1.368096e-001 1.810596e-001
      outer loop
         vertex 1.214093e+001 -9.509008e+000 4.367594e+000
         vertex 1.235047e+001 -9.362226e+000 3.360009e+000
         vertex 1.224098e+001 -8.966708e+000 4.367594e+000
      endloop
   endfacet
   facet normal 9.851944e-001 -8.691254e-002 1.477774e-001
      outer loop
         vertex 1.224098e+001 -8.966708e+000 4.367594e+000
         vertex 1.235047e+001 -9.362226e+000 3.360009e+000
         vertex 1.237418e+001 -9.138263e+000 3.349024e+000
      endloop
   endfacet
   facet normal 9.831204e-001 -3.236115e-002 1.800749e-001
      outer loop
         vertex 1.224098e+001 -8.966708e+000 4.367594e+000
         vertex 1.237418e+001 -9.138263e+000 3.349024e+000
         vertex 1.224924e+001 -8.921903e+000 4.367594e+000
      endloop
   endfacet
   facet normal 9.883770e-001 -3.828447e-002 1.471231e-001
      outer loop
         vertex 1.224924e+001 -8.921903e+000 4.367594e+000
         vertex 1.237418e+001 -9.138263e+000 3.349024e+000
         vertex 1.238708e+001 -9.016458e+000 3.343049e+000
      endloop
   endfacet
   facet normal 9.891951e-001 -1.155099e-002 1.461492e-001
      outer loop
         vertex 1.224924e+001 -8.921903e+000 4.367594e+000
         vertex 1.238708e+001 -9.016458e+000 3.343049e+000
         vertex 1.239244e+001 -8.922415e+000 3.310257e+000
      endloop
   endfacet
   facet normal 8.113713e-001 -5.683312e-001 1.366607e-001
      outer loop
         vertex 1.190934e+001 -1.048687e+001 3.098639e+000
         vertex 1.194257e+001 -1.044885e+001 3.110458e+000
         vertex 1.177017e+001 -1.038934e+001 4.367595e+000
      endloop
   endfacet
   facet normal 8.213834e-001 -5.535819e-001 1.373915e-001
      outer loop
         vertex 1.177017e+001 -1.038934e+001 4.367595e+000
         vertex 1.194257e+001 -1.044885e+001 3.110458e+000
         vertex 1.198438e+001 -1.036353e+001 3.131654e+000
      endloop
   endfacet
   facet normal 8.442882e-001 -5.061420e-001 1.760617e-001
      outer loop
         vertex 1.177017e+001 -1.038934e+001 4.367595e+000
         vertex 1.198438e+001 -1.036353e+001 3.131654e+000
         vertex 1.204647e+001 -1.002101e+001 4.367595e+000
      endloop
   endfacet
   facet normal 8.898467e-001 -4.339438e-001 1.409455e-001
      outer loop
         vertex 1.204647e+001 -1.002101e+001 4.367595e+000
         vertex 1.198438e+001 -1.036353e+001 3.131654e+000
         vertex 1.222716e+001 -9.868082e+000 3.254750e+000
      endloop
   endfacet
   facet normal 9.260942e-001 -3.322924e-001 1.786935e-001
      outer loop
         vertex 1.204647e+001 -1.002101e+001 4.367595e+000
         vertex 1.222716e+001 -9.868082e+000 3.254750e+000
         vertex 1.214093e+001 -9.509008e+000 4.367594e+000
      endloop
   endfacet
   facet normal 9.517355e-001 -2.706573e-001 1.447209e-001
      outer loop
         vertex 1.214093e+001 -9.509008e+000 4.367594e+000
         vertex 1.222716e+001 -9.868082e+000 3.254750e+000
         vertex 1.230523e+001 -9.547807e+000 3.321394e+000
      endloop
   endfacet
   facet normal 9.669777e-001 -2.082082e-001 1.469814e-001
      outer loop
         vertex 1.214093e+001 -9.509008e+000 4.367594e+000
         vertex 1.230523e+001 -9.547807e+000 3.321394e+000
         vertex 1.235047e+001 -9.362226e+000 3.360009e+000
      endloop
   endfacet
   facet normal 7.542203e-001 -6.427700e-001 1.341586e-001
      outer loop
         vertex 1.190934e+001 -1.048687e+001 3.098639e+000
         vertex 1.177017e+001 -1.038934e+001 4.367595e+000
         vertex 1.143788e+001 -1.102615e+001 2.930999e+000
      endloop
   endfacet
   facet normal 6.961880e-001 -6.967458e-001 1.728223e-001
      outer loop
         vertex 1.143788e+001 -1.102615e+001 2.930999e+000
         vertex 1.177017e+001 -1.038934e+001 4.367595e+000
         vertex 1.140269e+001 -1.087923e+001 4.367595e+000
      endloop
   endfacet
   facet normal 6.176001e-001 -7.758182e-001 1.291361e-001
      outer loop
         vertex 1.143788e+001 -1.102615e+001 2.930999e+000
         vertex 1.140269e+001 -1.087923e+001 4.367595e+000
         vertex 1.126363e+001 -1.113529e+001 2.883774e+000
      endloop
   endfacet
   facet normal 5.831721e-001 -7.941238e-001 1.711075e-001
      outer loop
         vertex 1.126363e+001 -1.113529e+001 2.883774e+000
         vertex 1.140269e+001 -1.087923e+001 4.367595e+000
         vertex 1.107693e+001 -1.105641e+001 4.367595e+000
      endloop
   endfacet
   facet normal 5.485694e-001 -8.262919e-001 1.277232e-001
      outer loop
         vertex 1.126363e+001 -1.113529e+001 2.883774e+000
         vertex 1.107693e+001 -1.105641e+001 4.367595e+000
         vertex 1.116839e+001 -1.119495e+001 2.857960e+000
      endloop
   endfacet
   facet normal 4.929451e-001 -8.609120e-001 1.258395e-001
      outer loop
         vertex 1.116839e+001 -1.119495e+001 2.857960e+000
         vertex 1.107693e+001 -1.105641e+001 4.367595e+000
         vertex 1.080999e+001 -1.141943e+001 2.760822e+000
      endloop
   endfacet
   facet normal 4.095031e-001 -8.963912e-001 1.696763e-001
      outer loop
         vertex 1.080999e+001 -1.141943e+001 2.760822e+000
         vertex 1.107693e+001 -1.105641e+001 4.367595e+000
         vertex 1.046023e+001 -1.139184e+001 4.367595e+000
      endloop
   endfacet
   facet normal 3.580579e-001 -9.254715e-001 1.236810e-001
      outer loop
         vertex 1.080999e+001 -1.141943e+001 2.760822e+000
         vertex 1.046023e+001 -1.139184e+001 4.367595e+000
         vertex 1.075207e+001 -1.145570e+001 2.745125e+000
      endloop
   endfacet
   facet normal 1.029024e-001 -9.807699e-001 1.658359e-001
      outer loop
         vertex 9.754611e+000 -1.146709e+001 4.367592e+000
         vertex 9.988120e+000 -1.166113e+001 2.583370e+000
         vertex 1.018466e+001 -1.142123e+001 4.367594e+000
      endloop
   endfacet
   facet normal 1.595072e-001 -9.800223e-001 1.188015e-001
      outer loop
         vertex 1.018466e+001 -1.142123e+001 4.367594e+000
         vertex 9.988120e+000 -1.166113e+001 2.583370e+000
         vertex 1.021963e+001 -1.159888e+001 2.632389e+000
      endloop
   endfacet
   facet normal 2.208282e-001 -9.609659e-001 1.666715e-001
      outer loop
         vertex 1.018466e+001 -1.142123e+001 4.367594e+000
         vertex 1.021963e+001 -1.159888e+001 2.632389e+000
         vertex 1.046023e+001 -1.139184e+001 4.367595e+000
      endloop
   endfacet
   facet normal 2.318468e-001 -9.653243e-001 1.199838e-001
      outer loop
         vertex 1.046023e+001 -1.139184e+001 4.367595e+000
         vertex 1.021963e+001 -1.159888e+001 2.632389e+000
         vertex 1.029998e+001 -1.157727e+001 2.649402e+000
      endloop
   endfacet
   facet normal 2.964489e-001 -9.472257e-001 1.219901e-001
      outer loop
         vertex 1.046023e+001 -1.139184e+001 4.367595e+000
         vertex 1.029998e+001 -1.157727e+001 2.649402e+000
         vertex 1.075207e+001 -1.145570e+001 2.745125e+000
      endloop
   endfacet
   facet normal -1.535159e-001 -9.859787e-001 6.541399e-002
      outer loop
         vertex 9.425767e+000 -1.164810e+001 2.491375e+000
         vertex 9.181333e+000 -1.163206e+001 2.490863e+000
         vertex 9.233375e+000 -1.164364e+001 2.459901e+000
      endloop
   endfacet
   facet normal -1.828331e-001 -9.810072e-001 6.478499e-002
      outer loop
         vertex 9.233375e+000 -1.164364e+001 2.459901e+000
         vertex 9.181333e+000 -1.163206e+001 2.490863e+000
         vertex 9.180866e+000 -1.163446e+001 2.451221e+000
      endloop
   endfacet
   facet normal -3.759288e-001 -9.265159e-001 1.567980e-002
      outer loop
         vertex 8.898170e+000 -1.161081e+001 1.134357e+000
         vertex 8.891885e+000 -1.160904e+001 1.137065e+000
         vertex 8.172425e+000 -1.130162e+001 -1.081983e-001
      endloop
   endfacet
   facet normal -1.946350e-001 -9.807764e-001 1.396374e-002
      outer loop
         vertex 9.168049e+000 -1.170088e+001 -1.081983e-001
         vertex 9.170661e+000 -1.168766e+001 1.016952e+000
         vertex 9.128112e+000 -1.167566e+001 1.035285e+000
      endloop
   endfacet
   facet normal -3.168258e-001 -9.484481e-001 8.221692e-003
      outer loop
         vertex 9.168049e+000 -1.170088e+001 -1.081983e-001
         vertex 9.128112e+000 -1.167566e+001 1.035285e+000
         vertex 8.172425e+000 -1.130162e+001 -1.081983e-001
      endloop
   endfacet
   facet normal -3.293443e-001 -9.440987e-001 1.448945e-002
      outer loop
         vertex 8.172425e+000 -1.130162e+001 -1.081983e-001
         vertex 9.128112e+000 -1.167566e+001 1.035285e+000
         vertex 9.063645e+000 -1.165748e+001 1.063060e+000
      endloop
   endfacet
   facet normal -3.561521e-001 -9.343048e-001 1.517231e-002
      outer loop
         vertex 8.172425e+000 -1.130162e+001 -1.081983e-001
         vertex 9.063645e+000 -1.165748e+001 1.063060e+000
         vertex 8.898170e+000 -1.161081e+001 1.134357e+000
      endloop
   endfacet
   facet normal -3.943786e-001 -9.188055e-001 1.618456e-002
      outer loop
         vertex 8.891885e+000 -1.160904e+001 1.137065e+000
         vertex 8.736542e+000 -1.156522e+001 1.203997e+000
         vertex 8.172425e+000 -1.130162e+001 -1.081983e-001
      endloop
   endfacet
   facet normal -4.182460e-001 -9.081746e-001 1.700376e-002
      outer loop
         vertex 8.172425e+000 -1.130162e+001 -1.081983e-001
         vertex 8.736542e+000 -1.156522e+001 1.203997e+000
         vertex 8.683293e+000 -1.154021e+001 1.248538e+000
      endloop
   endfacet
   facet normal -4.364061e-001 -8.995696e-001 1.800687e-002
      outer loop
         vertex 8.172425e+000 -1.130162e+001 -1.081983e-001
         vertex 8.683293e+000 -1.154021e+001 1.248538e+000
         vertex 8.583340e+000 -1.149325e+001 1.332144e+000
      endloop
   endfacet
   facet normal -4.578380e-001 -8.888276e-001 1.923630e-002
      outer loop
         vertex 8.583340e+000 -1.149325e+001 1.332144e+000
         vertex 8.500744e+000 -1.145444e+001 1.401232e+000
         vertex 8.172425e+000 -1.130162e+001 -1.081983e-001
      endloop
   endfacet
   facet normal -4.743898e-001 -8.800824e-001 2.023016e-002
      outer loop
         vertex 8.172425e+000 -1.130162e+001 -1.081983e-001
         vertex 8.500744e+000 -1.145444e+001 1.401232e+000
         vertex 8.440878e+000 -1.142631e+001 1.451307e+000
      endloop
   endfacet
   facet normal -4.867760e-001 -8.732743e-001 2.100350e-002
      outer loop
         vertex 8.172425e+000 -1.130162e+001 -1.081983e-001
         vertex 8.440878e+000 -1.142631e+001 1.451307e+000
         vertex 8.393092e+000 -1.140386e+001 1.491278e+000
      endloop
   endfacet
   facet normal -4.990143e-001 -8.663121e-001 2.209111e-002
      outer loop
         vertex 8.393092e+000 -1.140386e+001 1.491278e+000
         vertex 8.336688e+000 -1.137000e+001 1.572909e+000
         vertex 8.172425e+000 -1.130162e+001 -1.081983e-001
      endloop
   endfacet
   facet normal -5.073287e-001 -8.614454e-001 2.300678e-002
      outer loop
         vertex 8.172425e+000 -1.130162e+001 -1.081983e-001
         vertex 8.336688e+000 -1.137000e+001 1.572909e+000
         vertex 8.323521e+000 -1.136209e+001 1.591967e+000
      endloop
   endfacet
   facet normal -5.126557e-001 -8.582550e-001 2.413482e-002
      outer loop
         vertex 8.172425e+000 -1.130162e+001 -1.081983e-001
         vertex 8.323521e+000 -1.136209e+001 1.591967e+000
         vertex 8.293420e+000 -1.134050e+001 1.690871e+000
      endloop
   endfacet
   facet normal -5.185429e-001 -8.536382e-001 4.914302e-002
      outer loop
         vertex 8.290627e+000 -1.133100e+001 1.869653e+000
         vertex 8.210368e+000 -1.124269e+001 2.490863e+000
         vertex 8.279221e+000 -1.132816e+001 1.786445e+000
      endloop
   endfacet
   facet normal -5.201852e-001 -8.527083e-001 4.791504e-002
      outer loop
         vertex 8.279221e+000 -1.132816e+001 1.786445e+000
         vertex 8.210368e+000 -1.124269e+001 2.490863e+000
         vertex 8.274597e+000 -1.132700e+001 1.752720e+000
      endloop
   endfacet
   facet normal -5.167401e-001 -8.546737e-001 5.012444e-002
      outer loop
         vertex 8.290627e+000 -1.133100e+001 1.869653e+000
         vertex 8.296206e+000 -1.133367e+001 1.878848e+000
         vertex 8.210368e+000 -1.124269e+001 2.490863e+000
      endloop
   endfacet
   facet normal -5.097821e-001 -8.587757e-001 5.125187e-002
      outer loop
         vertex 8.210368e+000 -1.124269e+001 2.490863e+000
         vertex 8.296206e+000 -1.133367e+001 1.878848e+000
         vertex 8.351826e+000 -1.136031e+001 1.970499e+000
      endloop
   endfacet
   facet normal -5.001417e-001 -8.643308e-001 5.282421e-002
      outer loop
         vertex 8.210368e+000 -1.124269e+001 2.490863e+000
         vertex 8.351826e+000 -1.136031e+001 1.970499e+000
         vertex 8.380419e+000 -1.137401e+001 2.017615e+000
      endloop
   endfacet
   facet normal -4.934886e-001 -8.680948e-001 5.367050e-002
      outer loop
         vertex 8.380419e+000 -1.137401e+001 2.017615e+000
         vertex 8.410219e+000 -1.138673e+001 2.042523e+000
         vertex 8.210368e+000 -1.124269e+001 2.490863e+000
      endloop
   endfacet
   facet normal -4.739482e-001 -8.788044e-001 5.546117e-002
      outer loop
         vertex 8.210368e+000 -1.124269e+001 2.490863e+000
         vertex 8.410219e+000 -1.138673e+001 2.042523e+000
         vertex 8.551843e+000 -1.144723e+001 2.160898e+000
      endloop
   endfacet
   facet normal -4.513320e-001 -8.904998e-001 5.752862e-002
      outer loop
         vertex 8.210368e+000 -1.124269e+001 2.490863e+000
         vertex 8.551843e+000 -1.144723e+001 2.160898e+000
         vertex 8.605573e+000 -1.147018e+001 2.205807e+000
      endloop
   endfacet
   facet normal -4.401650e-001 -8.960035e-001 5.858769e-002
      outer loop
         vertex 8.605573e+000 -1.147018e+001 2.205807e+000
         vertex 8.647167e+000 -1.148795e+001 2.240574e+000
         vertex 8.210368e+000 -1.124269e+001 2.490863e+000
      endloop
   endfacet
   facet normal -4.291090e-001 -9.012989e-001 5.937719e-002
      outer loop
         vertex 8.210368e+000 -1.124269e+001 2.490863e+000
         vertex 8.647167e+000 -1.148795e+001 2.240574e+000
         vertex 8.702185e+000 -1.150320e+001 2.262622e+000
      endloop
   endfacet
   facet normal -4.028759e-001 -9.132345e-001 6.077641e-002
      outer loop
         vertex 8.210368e+000 -1.124269e+001 2.490863e+000
         vertex 8.702185e+000 -1.150320e+001 2.262622e+000
         vertex 8.878274e+000 -1.155200e+001 2.333190e+000
      endloop
   endfacet
   facet normal -3.785572e-001 -9.234959e-001 6.204713e-002
      outer loop
         vertex 8.878274e+000 -1.155200e+001 2.333190e+000
         vertex 8.912698e+000 -1.156154e+001 2.346985e+000
         vertex 8.210368e+000 -1.124269e+001 2.490863e+000
      endloop
   endfacet
   facet normal -3.579524e-001 -9.315994e-001 6.318720e-002
      outer loop
         vertex 8.210368e+000 -1.124269e+001 2.490863e+000
         vertex 8.912698e+000 -1.156154e+001 2.346985e+000
         vertex 9.054399e+000 -1.160082e+001 2.403772e+000
      endloop
   endfacet
   facet normal -3.262331e-001 -9.430173e-001 6.550045e-002
      outer loop
         vertex 8.210368e+000 -1.124269e+001 2.490863e+000
         vertex 9.054399e+000 -1.160082e+001 2.403772e+000
         vertex 9.181333e+000 -1.163206e+001 2.490863e+000
      endloop
   endfacet
   facet normal -2.062467e-001 -9.764073e-001 6.396221e-002
      outer loop
         vertex 9.181333e+000 -1.163206e+001 2.490863e+000
         vertex 9.054399e+000 -1.160082e+001 2.403772e+000
         vertex 9.167134e+000 -1.163206e+001 2.448951e+000
      endloop
   endfacet
   facet normal -1.907900e-001 -9.795014e-001 6.462270e-002
      outer loop
         vertex 9.181333e+000 -1.163206e+001 2.490863e+000
         vertex 9.167134e+000 -1.163206e+001 2.448951e+000
         vertex 9.180866e+000 -1.163446e+001 2.451221e+000
      endloop
   endfacet
   facet normal -1.578469e-001 -9.873700e-001 1.359361e-002
      outer loop
         vertex 9.371706e+000 -1.171361e+001 9.953654e-001
         vertex 9.238433e+000 -1.169952e+001 1.003100e+000
         vertex 9.168049e+000 -1.170088e+001 -1.081983e-001
      endloop
   endfacet
   facet normal -1.783019e-001 -9.838811e-001 1.365715e-002
      outer loop
         vertex 9.168049e+000 -1.170088e+001 -1.081983e-001
         vertex 9.238433e+000 -1.169952e+001 1.003100e+000
         vertex 9.197262e+000 -1.169517e+001 1.005490e+000
      endloop
   endfacet
   facet normal -1.863147e-001 -9.823939e-001 1.375461e-002
      outer loop
         vertex 9.168049e+000 -1.170088e+001 -1.081983e-001
         vertex 9.197262e+000 -1.169517e+001 1.005490e+000
         vertex 9.170661e+000 -1.168766e+001 1.016952e+000
      endloop
   endfacet
   facet normal 1.563698e-001 -9.875910e-001 1.457910e-002
      outer loop
         vertex 1.023293e+001 -1.166400e+001 1.096307e+000
         vertex 9.956738e+000 -1.172918e+001 1.038809e+000
         vertex 1.024074e+001 -1.170088e+001 -1.081983e-001
      endloop
   endfacet
   facet normal 8.418843e-002 -9.963545e-001 1.378868e-002
      outer loop
         vertex 1.024074e+001 -1.170088e+001 -1.081983e-001
         vertex 9.956738e+000 -1.172918e+001 1.038809e+000
         vertex 9.626824e+000 -1.174057e+001 9.805588e-001
      endloop
   endfacet
   facet normal -9.283088e-003 -9.999264e-001 7.808976e-003
      outer loop
         vertex 1.024074e+001 -1.170088e+001 -1.081983e-001
         vertex 9.626824e+000 -1.174057e+001 9.805588e-001
         vertex 9.168049e+000 -1.170088e+001 -1.081983e-001
      endloop
   endfacet
   facet normal -1.049568e-001 -9.943860e-001 1.343817e-002
      outer loop
         vertex 9.168049e+000 -1.170088e+001 -1.081983e-001
         vertex 9.626824e+000 -1.174057e+001 9.805588e-001
         vertex 9.431391e+000 -1.171992e+001 9.919014e-001
      endloop
   endfacet
   facet normal -1.351056e-001 -9.907389e-001 1.352172e-002
      outer loop
         vertex 9.168049e+000 -1.170088e+001 -1.081983e-001
         vertex 9.431391e+000 -1.171992e+001 9.919014e-001
         vertex 9.371706e+000 -1.171361e+001 9.953654e-001
      endloop
   endfacet
   facet normal 2.424108e-001 -9.700465e-001 1.570994e-002
      outer loop
         vertex 1.023293e+001 -1.166400e+001 1.096307e+000
         vertex 1.024074e+001 -1.170088e+001 -1.081983e-001
         vertex 1.067716e+001 -1.155916e+001 1.188784e+000
      endloop
   endfacet
   facet normal 3.634225e-001 -9.315777e-001 9.333434e-003
      outer loop
         vertex 1.067716e+001 -1.155916e+001 1.188784e+000
         vertex 1.024074e+001 -1.170088e+001 -1.081983e-001
         vertex 1.123637e+001 -1.130162e+001 -1.081983e-001
      endloop
   endfacet
   facet normal 4.168956e-001 -9.088051e-001 1.647426e-002
      outer loop
         vertex 1.067716e+001 -1.155916e+001 1.188784e+000
         vertex 1.123637e+001 -1.130162e+001 -1.081983e-001
         vertex 1.070928e+001 -1.155158e+001 1.195471e+000
      endloop
   endfacet
   facet normal 8.034765e-001 -5.949072e-001 2.260289e-002
      outer loop
         vertex 1.201185e+001 -1.056046e+001 -1.081983e-001
         vertex 1.194388e+001 -1.061034e+001 1.562068e+000
         vertex 1.193801e+001 -1.061626e+001 1.560082e+000
      endloop
   endfacet
   facet normal 7.636451e-001 -6.452761e-001 2.156164e-002
      outer loop
         vertex 1.193801e+001 -1.061626e+001 1.560082e+000
         vertex 1.156428e+001 -1.099289e+001 1.433671e+000
         vertex 1.201185e+001 -1.056046e+001 -1.081983e-001
      endloop
   endfacet
   facet normal 6.993762e-001 -7.144747e-001 1.997298e-002
      outer loop
         vertex 1.201185e+001 -1.056046e+001 -1.081983e-001
         vertex 1.156428e+001 -1.099289e+001 1.433671e+000
         vertex 1.138097e+001 -1.117762e+001 1.371668e+000
      endloop
   endfacet
   facet normal 6.601995e-001 -7.510121e-001 1.083117e-002
      outer loop
         vertex 1.201185e+001 -1.056046e+001 -1.081983e-001
         vertex 1.138097e+001 -1.117762e+001 1.371668e+000
         vertex 1.123637e+001 -1.130162e+001 -1.081983e-001
      endloop
   endfacet
   facet normal 5.599704e-001 -8.282964e-001 1.892358e-002
      outer loop
         vertex 1.123637e+001 -1.130162e+001 -1.081983e-001
         vertex 1.138097e+001 -1.117762e+001 1.371668e+000
         vertex 1.121698e+001 -1.126892e+001 1.328650e+000
      endloop
   endfacet
   facet normal 4.821480e-001 -8.759133e-001 1.758581e-002
      outer loop
         vertex 1.123637e+001 -1.130162e+001 -1.081983e-001
         vertex 1.121698e+001 -1.126892e+001 1.328650e+000
         vertex 1.070928e+001 -1.155158e+001 1.195471e+000
      endloop
   endfacet
   facet normal 9.693300e-001 -2.442326e-001 2.738366e-002
      outer loop
         vertex 1.245575e+001 -9.583924e+000 -1.081983e-001
         vertex 1.239470e+001 -9.570226e+000 1.813150e+000
         vertex 1.237596e+001 -9.657691e+000 1.795251e+000
      endloop
   endfacet
   facet normal 9.582828e-001 -2.845711e-001 2.670947e-002
      outer loop
         vertex 1.237596e+001 -9.657691e+000 1.795251e+000
         vertex 1.232144e+001 -9.912096e+000 1.743187e+000
         vertex 1.245575e+001 -9.583924e+000 -1.081983e-001
      endloop
   endfacet
   facet normal 9.383849e-001 -3.446408e-001 2.562475e-002
      outer loop
         vertex 1.245575e+001 -9.583924e+000 -1.081983e-001
         vertex 1.232144e+001 -9.912096e+000 1.743187e+000
         vertex 1.219259e+001 -1.015039e+001 1.681375e+000
      endloop
   endfacet
   facet normal 9.057837e-001 -4.235200e-001 1.367159e-002
      outer loop
         vertex 1.245575e+001 -9.583924e+000 -1.081983e-001
         vertex 1.219259e+001 -1.015039e+001 1.681375e+000
         vertex 1.201185e+001 -1.056046e+001 -1.081983e-001
      endloop
   endfacet
   facet normal 8.446463e-001 -5.347867e-001 2.399930e-002
      outer loop
         vertex 1.201185e+001 -1.056046e+001 -1.081983e-001
         vertex 1.219259e+001 -1.015039e+001 1.681375e+000
         vertex 1.198162e+001 -1.054055e+001 1.580171e+000
      endloop
   endfacet
   facet normal 8.096712e-001 -5.864411e-001 2.278803e-002
      outer loop
         vertex 1.201185e+001 -1.056046e+001 -1.081983e-001
         vertex 1.198162e+001 -1.054055e+001 1.580171e+000
         vertex 1.194388e+001 -1.061034e+001 1.562068e+000
      endloop
   endfacet
   facet normal 9.829094e-001 -1.818561e-001 2.859199e-002
      outer loop
         vertex 1.239470e+001 -9.570226e+000 1.813150e+000
         vertex 1.245575e+001 -9.583924e+000 -1.081983e-001
         vertex 1.248765e+001 -9.136418e+000 1.901928e+000
      endloop
   endfacet
   facet normal 9.944534e-001 -1.039740e-001 1.586568e-002
      outer loop
         vertex 1.248765e+001 -9.136418e+000 1.901928e+000
         vertex 1.245575e+001 -9.583924e+000 -1.081983e-001
         vertex 1.253415e+001 -8.922414e+000 -1.081983e-001
      endloop
   endfacet
   facet normal 9.992154e-001 -2.555201e-002 3.026241e-002
      outer loop
         vertex 1.248765e+001 -9.136418e+000 1.901928e+000
         vertex 1.253415e+001 -8.922414e+000 -1.081983e-001
         vertex 1.249284e+001 -8.922414e+000 1.970148e+000
      endloop
   endfacet
   facet normal -9.980288e-001 -5.445714e-002 3.119140e-002
      outer loop
         vertex 6.914565e+000 -8.922416e+000 1.939053e+000
         vertex 6.874637e+000 -8.922416e+000 -1.081983e-001
         vertex 6.955009e+000 -9.376722e+000 2.008756e+000
      endloop
   endfacet
   facet normal -9.909847e-001 -1.328826e-001 1.707954e-002
      outer loop
         vertex 6.955009e+000 -9.376722e+000 2.008756e+000
         vertex 6.874637e+000 -8.922416e+000 -1.081983e-001
         vertex 6.953044e+000 -9.583926e+000 -1.081983e-001
      endloop
   endfacet
   facet normal -9.830796e-001 -7.067499e-003 1.830427e-001
      outer loop
         vertex 7.210246e+000 -8.922917e+000 4.367593e+000
         vertex 7.031236e+000 -8.922416e+000 3.437478e+000
         vertex 7.222442e+000 -8.975742e+000 4.367593e+000
      endloop
   endfacet
   facet normal -9.879530e-001 -2.552068e-002 1.526356e-001
      outer loop
         vertex 7.222442e+000 -8.975742e+000 4.367593e+000
         vertex 7.031236e+000 -8.922416e+000 3.437478e+000
         vertex 7.038332e+000 -9.071694e+000 3.461215e+000
      endloop
   endfacet
   facet normal -9.775516e-001 -1.021487e-001 1.842781e-001
      outer loop
         vertex 7.222442e+000 -8.975742e+000 4.367593e+000
         vertex 7.038332e+000 -9.071694e+000 3.461215e+000
         vertex 7.341480e+000 -9.491361e+000 4.367592e+000
      endloop
   endfacet
   facet normal -9.756200e-001 -1.733166e-001 1.346362e-001
      outer loop
         vertex 7.341480e+000 -9.491361e+000 4.367592e+000
         vertex 7.038332e+000 -9.071694e+000 3.461215e+000
         vertex 7.021188e+000 -9.567542e+000 2.490863e+000
      endloop
   endfacet
   facet normal -9.396436e-001 -2.995519e-001 1.653442e-001
      outer loop
         vertex 7.341480e+000 -9.491361e+000 4.367592e+000
         vertex 7.021188e+000 -9.567542e+000 2.490863e+000
         vertex 7.463758e+000 -1.002101e+001 4.367592e+000
      endloop
   endfacet
   facet normal -9.001130e-001 -4.197657e-001 1.165902e-001
      outer loop
         vertex 7.463758e+000 -1.002101e+001 4.367592e+000
         vertex 7.021188e+000 -9.567542e+000 2.490863e+000
         vertex 7.454095e+000 -1.051989e+001 2.490863e+000
      endloop
   endfacet
   facet normal -8.335930e-001 -5.272111e-001 1.648368e-001
      outer loop
         vertex 7.463758e+000 -1.002101e+001 4.367592e+000
         vertex 7.454095e+000 -1.051989e+001 2.490863e+000
         vertex 7.703533e+000 -1.034065e+001 4.367592e+000
      endloop
   endfacet
   facet normal -7.503651e-001 -6.399281e-001 1.656629e-001
      outer loop
         vertex 7.703533e+000 -1.034065e+001 4.367592e+000
         vertex 7.454095e+000 -1.051989e+001 2.490863e+000
         vertex 8.107535e+000 -1.087923e+001 4.367592e+000
      endloop
   endfacet
   facet normal -6.672721e-001 -7.356215e-001 1.166576e-001
      outer loop
         vertex 8.107535e+000 -1.087923e+001 4.367592e+000
         vertex 7.454095e+000 -1.051989e+001 2.490863e+000
         vertex 8.210368e+000 -1.124269e+001 2.490863e+000
      endloop
   endfacet
   facet normal -5.644498e-001 -8.088906e-001 1.645980e-001
      outer loop
         vertex 8.107535e+000 -1.087923e+001 4.367592e+000
         vertex 8.210368e+000 -1.124269e+001 2.490863e+000
         vertex 8.355015e+000 -1.101384e+001 4.367592e+000
      endloop
   endfacet
   facet normal -4.455855e-001 -8.796913e-001 1.661226e-001
      outer loop
         vertex 8.355015e+000 -1.101384e+001 4.367592e+000
         vertex 8.210368e+000 -1.124269e+001 2.490863e+000
         vertex 9.049992e+000 -1.139184e+001 4.367592e+000
      endloop
   endfacet
   facet normal -3.318638e-001 -9.360722e-001 1.167706e-001
      outer loop
         vertex 9.049992e+000 -1.139184e+001 4.367592e+000
         vertex 8.210368e+000 -1.124269e+001 2.490863e+000
         vertex 9.181333e+000 -1.163206e+001 2.490863e+000
      endloop
   endfacet
   facet normal -2.088180e-001 -9.640368e-001 1.644020e-001
      outer loop
         vertex 9.049992e+000 -1.139184e+001 4.367592e+000
         vertex 9.181333e+000 -1.163206e+001 2.490863e+000
         vertex 9.225281e+000 -1.141056e+001 4.367592e+000
      endloop
   endfacet
   facet normal -1.589301e-001 -9.805429e-001 1.152258e-001
      outer loop
         vertex 9.225281e+000 -1.141056e+001 4.367592e+000
         vertex 9.181333e+000 -1.163206e+001 2.490863e+000
         vertex 9.425767e+000 -1.164810e+001 2.491375e+000
      endloop
   endfacet
   facet normal -8.947077e-002 -9.822810e-001 1.646785e-001
      outer loop
         vertex 9.225281e+000 -1.141056e+001 4.367592e+000
         vertex 9.425767e+000 -1.164810e+001 2.491375e+000
         vertex 9.754611e+000 -1.146709e+001 4.367592e+000
      endloop
   endfacet
   facet normal -1.885384e-002 -9.930668e-001 1.160292e-001
      outer loop
         vertex 9.754611e+000 -1.146709e+001 4.367592e+000
         vertex 9.425767e+000 -1.164810e+001 2.491375e+000
         vertex 9.773664e+000 -1.165616e+001 2.548287e+000
      endloop
   endfacet
   facet normal 4.926435e-002 -9.918712e-001 1.173222e-001
      outer loop
         vertex 9.754611e+000 -1.146709e+001 4.367592e+000
         vertex 9.773664e+000 -1.165616e+001 2.548287e+000
         vertex 9.988120e+000 -1.166113e+001 2.583370e+000
      endloop
   endfacet
   facet normal 9.969213e-001 -7.840699e-002 6.038471e-004
      outer loop
         vertex 1.253436e+001 -8.922414e+000 -3.089243e-001
         vertex 1.253418e+001 -8.922414e+000 -1.352267e-001
         vertex 1.245595e+001 -9.583972e+000 -3.089243e-001
      endloop
   endfacet
   facet normal 9.876273e-001 -1.568142e-001 1.307727e-003
      outer loop
         vertex 1.245595e+001 -9.583972e+000 -3.089243e-001
         vertex 1.253418e+001 -8.922414e+000 -1.352267e-001
         vertex 1.245575e+001 -9.583924e+000 -1.081983e-001
      endloop
   endfacet
   facet normal 9.350531e-001 -3.545070e-001 7.109770e-004
      outer loop
         vertex 1.245595e+001 -9.583972e+000 -3.089243e-001
         vertex 1.245575e+001 -9.583924e+000 -1.081983e-001
         vertex 1.201201e+001 -1.056058e+001 -3.089243e-001
      endloop
   endfacet
   facet normal 8.819073e-001 -4.714205e-001 1.421954e-003
      outer loop
         vertex 1.201201e+001 -1.056058e+001 -3.089243e-001
         vertex 1.245575e+001 -9.583924e+000 -1.081983e-001
         vertex 1.201185e+001 -1.056046e+001 -1.081983e-001
      endloop
   endfacet
   facet normal 7.359205e-001 -6.770676e-001 7.109770e-004
      outer loop
         vertex 1.201201e+001 -1.056058e+001 -3.089243e-001
         vertex 1.201185e+001 -1.056046e+001 -1.081983e-001
         vertex 1.123648e+001 -1.130179e+001 -3.089243e-001
      endloop
   endfacet
   facet normal 6.430774e-001 -7.657998e-001 1.421954e-003
      outer loop
         vertex 1.123648e+001 -1.130179e+001 -3.089243e-001
         vertex 1.201185e+001 -1.056046e+001 -1.081983e-001
         vertex 1.123637e+001 -1.130162e+001 -1.081983e-001
      endloop
   endfacet
   facet normal 4.310367e-001 -9.023341e-001 7.109770e-004
      outer loop
         vertex 1.123648e+001 -1.130179e+001 -3.089243e-001
         vertex 1.123637e+001 -1.130162e+001 -1.081983e-001
         vertex 1.024078e+001 -1.170108e+001 -3.089243e-001
      endloop
   endfacet
   facet normal 3.118378e-001 -9.501343e-001 1.421954e-003
      outer loop
         vertex 1.024078e+001 -1.170108e+001 -3.089243e-001
         vertex 1.123637e+001 -1.130162e+001 -1.081983e-001
         vertex 1.024074e+001 -1.170088e+001 -1.081983e-001
      endloop
   endfacet
   facet normal 6.421328e-002 -9.979360e-001 7.109770e-004
      outer loop
         vertex 1.024078e+001 -1.170108e+001 -3.089243e-001
         vertex 1.024074e+001 -1.170088e+001 -1.081983e-001
         vertex 9.168009e+000 -1.170108e+001 -3.089243e-001
      endloop
   endfacet
   facet normal -6.421272e-002 -9.979352e-001 1.421954e-003
      outer loop
         vertex 9.168009e+000 -1.170108e+001 -3.089243e-001
         vertex 1.024074e+001 -1.170088e+001 -1.081983e-001
         vertex 9.168049e+000 -1.170088e+001 -1.081983e-001
      endloop
   endfacet
   facet normal -3.118375e-001 -9.501352e-001 7.109770e-004
      outer loop
         vertex 9.168009e+000 -1.170108e+001 -3.089243e-001
         vertex 9.168049e+000 -1.170088e+001 -1.081983e-001
         vertex 8.172314e+000 -1.130179e+001 -3.089243e-001
      endloop
   endfacet
   facet normal -4.310360e-001 -9.023337e-001 1.421954e-003
      outer loop
         vertex 8.172314e+000 -1.130179e+001 -3.089243e-001
         vertex 9.168049e+000 -1.170088e+001 -1.081983e-001
         vertex 8.172425e+000 -1.130162e+001 -1.081983e-001
      endloop
   endfacet
   facet normal -6.430776e-001 -7.658007e-001 7.109770e-004
      outer loop
         vertex 8.172314e+000 -1.130179e+001 -3.089243e-001
         vertex 8.172425e+000 -1.130162e+001 -1.081983e-001
         vertex 7.396778e+000 -1.056058e+001 -3.089243e-001
      endloop
   endfacet
   facet normal -7.359196e-001 -6.770674e-001 1.421954e-003
      outer loop
         vertex 7.396778e+000 -1.056058e+001 -3.089243e-001
         vertex 8.172425e+000 -1.130162e+001 -1.081983e-001
         vertex 7.396946e+000 -1.056046e+001 -1.081983e-001
      endloop
   endfacet
   facet normal -8.819078e-001 -4.714213e-001 7.109770e-004
      outer loop
         vertex 7.396778e+000 -1.056058e+001 -3.089243e-001
         vertex 7.396946e+000 -1.056046e+001 -1.081983e-001
         vertex 6.952844e+000 -9.583974e+000 -3.089243e-001
      endloop
   endfacet
   facet normal -9.350522e-001 -3.545072e-001 1.421954e-003
      outer loop
         vertex 6.952844e+000 -9.583974e+000 -3.089243e-001
         vertex 7.396946e+000 -1.056046e+001 -1.081983e-001
         vertex 6.953044e+000 -9.583926e+000 -1.081983e-001
      endloop
   endfacet
   facet normal -9.876272e-001 -1.568149e-001 1.307727e-003
      outer loop
         vertex 6.952844e+000 -9.583974e+000 -3.089243e-001
         vertex 6.953044e+000 -9.583926e+000 -1.081983e-001
         vertex 6.874610e+000 -8.922416e+000 -1.352267e-001
      endloop
   endfacet
   facet normal -9.969193e-001 -7.840747e-002 2.011607e-003
      outer loop
         vertex 6.874610e+000 -8.922416e+000 -1.352267e-001
         vertex 6.953044e+000 -9.583926e+000 -1.081983e-001
         vertex 6.874637e+000 -8.922416e+000 -1.081983e-001
      endloop
   endfacet
   facet normal -5.187442e-001 -8.545430e-001 2.570464e-002
      outer loop
         vertex 8.293420e+000 -1.134050e+001 1.690871e+000
         vertex 8.274597e+000 -1.132700e+001 1.752720e+000
         vertex 8.172425e+000 -1.130162e+001 -1.081983e-001
      endloop
   endfacet
   facet normal -5.310195e-001 -8.466170e-001 3.546591e-002
      outer loop
         vertex 8.172425e+000 -1.130162e+001 -1.081983e-001
         vertex 8.274597e+000 -1.132700e+001 1.752720e+000
         vertex 8.210368e+000 -1.124269e+001 2.490863e+000
      endloop
   endfacet
   facet normal -6.429675e-001 -7.655258e-001 2.373244e-002
      outer loop
         vertex 8.172425e+000 -1.130162e+001 -1.081983e-001
         vertex 8.210368e+000 -1.124269e+001 2.490863e+000
         vertex 7.396946e+000 -1.056046e+001 -1.081983e-001
      endloop
   endfacet
   facet normal -7.352265e-001 -6.763041e-001 4.532937e-002
      outer loop
         vertex 7.396946e+000 -1.056046e+001 -1.081983e-001
         vertex 8.210368e+000 -1.124269e+001 2.490863e+000
         vertex 7.454095e+000 -1.051989e+001 2.490863e+000
      endloop
   endfacet
   facet normal -8.817033e-001 -4.712071e-001 2.373244e-002
      outer loop
         vertex 7.396946e+000 -1.056046e+001 -1.081983e-001
         vertex 7.454095e+000 -1.051989e+001 2.490863e+000
         vertex 6.953044e+000 -9.583926e+000 -1.081983e-001
      endloop
   endfacet
   facet normal -9.341248e-001 -3.540567e-001 4.532937e-002
      outer loop
         vertex 6.953044e+000 -9.583926e+000 -1.081983e-001
         vertex 7.454095e+000 -1.051989e+001 2.490863e+000
         vertex 7.021188e+000 -9.567542e+000 2.490863e+000
      endloop
   endfacet
   facet normal -9.769183e-001 -2.101571e-001 3.826979e-002
      outer loop
         vertex 6.953044e+000 -9.583926e+000 -1.081983e-001
         vertex 7.021188e+000 -9.567542e+000 2.490863e+000
         vertex 6.955009e+000 -9.376722e+000 2.008756e+000
      endloop
   endfacet
   facet normal -9.827372e-001 -1.751653e-001 5.953615e-002
      outer loop
         vertex 6.955009e+000 -9.376722e+000 2.008756e+000
         vertex 7.021188e+000 -9.567542e+000 2.490863e+000
         vertex 6.982581e+000 -9.275785e+000 2.489392e+000
      endloop
   endfacet
   facet normal 9.449148e-001 2.831174e-001 1.642580e-001
      outer loop
         vertex 1.204647e+001 -7.924510e+000 4.367595e+000
         vertex 1.213057e+001 -8.338188e+000 4.367594e+000
         vertex 1.238986e+001 -8.276746e+000 2.455289e+000
      endloop
   endfacet
   facet normal 9.969195e-001 7.840752e-002 1.911574e-003
      outer loop
         vertex 1.253415e+001 -8.922414e+000 -1.081983e-001
         vertex 1.253418e+001 -8.922414e+000 -1.352267e-001
         vertex 1.245580e+001 -8.260892e+000 -1.352267e-001
      endloop
   endfacet
   facet normal 1.258167e-001 9.783394e-001 1.643843e-001
      outer loop
         vertex 9.755625e+000 -6.428104e+000 4.367594e+000
         vertex 1.017235e+001 -6.502375e+000 4.367594e+000
         vertex 1.017542e+001 -6.201187e+000 2.459901e+000
      endloop
   endfacet
   facet normal 3.118356e-001 9.501033e-001 7.895743e-003
      outer loop
         vertex 1.024075e+001 -6.143899e+000 -1.352267e-001
         vertex 1.023813e+001 -6.157166e+000 1.016951e+000
         vertex 1.123639e+001 -6.543169e+000 -1.352267e-001
      endloop
   endfacet
   facet normal 3.168132e-001 9.483835e-001 1.408170e-002
      outer loop
         vertex 1.123639e+001 -6.543169e+000 -1.352267e-001
         vertex 1.023813e+001 -6.157166e+000 1.016951e+000
         vertex 1.028068e+001 -6.169167e+000 1.035284e+000
      endloop
   endfacet
   facet normal 3.293448e-001 9.441001e-001 1.438864e-002
      outer loop
         vertex 1.028068e+001 -6.169167e+000 1.035284e+000
         vertex 1.034515e+001 -6.187349e+000 1.063060e+000
         vertex 1.123639e+001 -6.543169e+000 -1.352267e-001
      endloop
   endfacet
   facet normal 3.561527e-001 9.343062e-001 1.507179e-002
      outer loop
         vertex 1.123639e+001 -6.543169e+000 -1.352267e-001
         vertex 1.034515e+001 -6.187349e+000 1.063060e+000
         vertex 1.051062e+001 -6.234020e+000 1.134356e+000
      endloop
   endfacet
   facet normal 3.759294e-001 9.265172e-001 1.557952e-002
      outer loop
         vertex 1.123639e+001 -6.543169e+000 -1.352267e-001
         vertex 1.051062e+001 -6.234020e+000 1.134356e+000
         vertex 1.051690e+001 -6.235792e+000 1.137065e+000
      endloop
   endfacet
   facet normal 3.943790e-001 9.188071e-001 1.608442e-002
      outer loop
         vertex 1.051690e+001 -6.235792e+000 1.137065e+000
         vertex 1.067225e+001 -6.279605e+000 1.203996e+000
         vertex 1.123639e+001 -6.543169e+000 -1.352267e-001
      endloop
   endfacet
   facet normal 4.182465e-001 9.081763e-001 1.690385e-002
      outer loop
         vertex 1.123639e+001 -6.543169e+000 -1.352267e-001
         vertex 1.067225e+001 -6.279605e+000 1.203996e+000
         vertex 1.072550e+001 -6.304624e+000 1.248537e+000
      endloop
   endfacet
   facet normal 4.364070e-001 8.995712e-001 1.790710e-002
      outer loop
         vertex 1.123639e+001 -6.543169e+000 -1.352267e-001
         vertex 1.072550e+001 -6.304624e+000 1.248537e+000
         vertex 1.082545e+001 -6.351584e+000 1.332144e+000
      endloop
   endfacet
   facet normal 4.578389e-001 8.888292e-001 1.913666e-002
      outer loop
         vertex 1.082545e+001 -6.351584e+000 1.332144e+000
         vertex 1.090805e+001 -6.390390e+000 1.401232e+000
         vertex 1.123639e+001 -6.543169e+000 -1.352267e-001
      endloop
   endfacet
   facet normal 4.743908e-001 8.800842e-001 2.013061e-002
      outer loop
         vertex 1.123639e+001 -6.543169e+000 -1.352267e-001
         vertex 1.090805e+001 -6.390390e+000 1.401232e+000
         vertex 1.096791e+001 -6.418517e+000 1.451306e+000
      endloop
   endfacet
   facet normal 4.867768e-001 8.732762e-001 2.090398e-002
      outer loop
         vertex 1.123639e+001 -6.543169e+000 -1.352267e-001
         vertex 1.096791e+001 -6.418517e+000 1.451306e+000
         vertex 1.101570e+001 -6.440968e+000 1.491276e+000
      endloop
   endfacet
   facet normal 4.990152e-001 8.663141e-001 2.199164e-002
      outer loop
         vertex 1.101570e+001 -6.440968e+000 1.491276e+000
         vertex 1.107210e+001 -6.474834e+000 1.572909e+000
         vertex 1.123639e+001 -6.543169e+000 -1.352267e-001
      endloop
   endfacet
   facet normal 5.073298e-001 8.614474e-001 2.290736e-002
      outer loop
         vertex 1.123639e+001 -6.543169e+000 -1.352267e-001
         vertex 1.107210e+001 -6.474834e+000 1.572909e+000
         vertex 1.108527e+001 -6.482740e+000 1.591967e+000
      endloop
   endfacet
   facet normal 5.126569e-001 8.582570e-001 2.403544e-002
      outer loop
         vertex 1.123639e+001 -6.543169e+000 -1.352267e-001
         vertex 1.108527e+001 -6.482740e+000 1.591967e+000
         vertex 1.111537e+001 -6.504328e+000 1.690873e+000
      endloop
   endfacet
   facet normal 5.201991e-001 8.527292e-001 4.739031e-002
      outer loop
         vertex 1.113419e+001 -6.517828e+000 1.752722e+000
         vertex 1.112957e+001 -6.516674e+000 1.786446e+000
         vertex 1.119968e+001 -6.600191e+000 2.455289e+000
      endloop
   endfacet
   facet normal 5.185570e-001 8.536597e-001 4.861829e-002
      outer loop
         vertex 1.119968e+001 -6.600191e+000 2.455289e+000
         vertex 1.112957e+001 -6.516674e+000 1.786446e+000
         vertex 1.111816e+001 -6.513828e+000 1.869653e+000
      endloop
   endfacet
   facet normal 5.167544e-001 8.546957e-001 4.959971e-002
      outer loop
         vertex 1.119968e+001 -6.600191e+000 2.455289e+000
         vertex 1.111816e+001 -6.513828e+000 1.869653e+000
         vertex 1.111258e+001 -6.511156e+000 1.878848e+000
      endloop
   endfacet
   facet normal 5.097966e-001 8.587981e-001 5.072707e-002
      outer loop
         vertex 1.111258e+001 -6.511156e+000 1.878848e+000
         vertex 1.105696e+001 -6.484519e+000 1.970498e+000
         vertex 1.119968e+001 -6.600191e+000 2.455289e+000
      endloop
   endfacet
   facet normal 5.001567e-001 8.643541e-001 5.229934e-002
      outer loop
         vertex 1.119968e+001 -6.600191e+000 2.455289e+000
         vertex 1.105696e+001 -6.484519e+000 1.970498e+000
         vertex 1.102837e+001 -6.470825e+000 2.017615e+000
      endloop
   endfacet
   facet normal 4.935038e-001 8.681183e-001 5.314555e-002
      outer loop
         vertex 1.119968e+001 -6.600191e+000 2.455289e+000
         vertex 1.102837e+001 -6.470825e+000 2.017615e+000
         vertex 1.099857e+001 -6.458095e+000 2.042522e+000
      endloop
   endfacet
   facet normal 4.739643e-001 8.788288e-001 5.493575e-002
      outer loop
         vertex 1.099857e+001 -6.458095e+000 2.042522e+000
         vertex 1.085695e+001 -6.397597e+000 2.160897e+000
         vertex 1.119968e+001 -6.600191e+000 2.455289e+000
      endloop
   endfacet
   facet normal 4.513489e-001 8.905250e-001 5.700279e-002
      outer loop
         vertex 1.119968e+001 -6.600191e+000 2.455289e+000
         vertex 1.085695e+001 -6.397597e+000 2.160897e+000
         vertex 1.080322e+001 -6.374646e+000 2.205807e+000
      endloop
   endfacet
   facet normal 4.401826e-001 8.960291e-001 5.806150e-002
      outer loop
         vertex 1.119968e+001 -6.600191e+000 2.455289e+000
         vertex 1.080322e+001 -6.374646e+000 2.205807e+000
         vertex 1.076163e+001 -6.356879e+000 2.240571e+000
      endloop
   endfacet
   facet normal 4.291268e-001 9.013250e-001 5.885063e-002
      outer loop
         vertex 1.076163e+001 -6.356879e+000 2.240571e+000
         vertex 1.070660e+001 -6.341629e+000 2.262622e+000
         vertex 1.119968e+001 -6.600191e+000 2.455289e+000
      endloop
   endfacet
   facet normal 4.028937e-001 9.132616e-001 6.024867e-002
      outer loop
         vertex 1.119968e+001 -6.600191e+000 2.455289e+000
         vertex 1.070660e+001 -6.341629e+000 2.262622e+000
         vertex 1.053052e+001 -6.292826e+000 2.333190e+000
      endloop
   endfacet
   facet normal 3.785754e-001 9.235237e-001 6.151845e-002
      outer loop
         vertex 1.119968e+001 -6.600191e+000 2.455289e+000
         vertex 1.053052e+001 -6.292826e+000 2.333190e+000
         vertex 1.049609e+001 -6.283285e+000 2.346985e+000
      endloop
   endfacet
   facet normal 3.579708e-001 9.316282e-001 6.265733e-002
      outer loop
         vertex 1.049609e+001 -6.283285e+000 2.346985e+000
         vertex 1.035439e+001 -6.244012e+000 2.403773e+000
         vertex 1.119968e+001 -6.600191e+000 2.455289e+000
      endloop
   endfacet
   facet normal 3.278538e-001 9.425358e-001 6.432787e-002
      outer loop
         vertex 1.119968e+001 -6.600191e+000 2.455289e+000
         vertex 1.035439e+001 -6.244012e+000 2.403773e+000
         vertex 1.024166e+001 -6.212768e+000 2.448950e+000
      endloop
   endfacet
   facet normal 3.127818e-001 9.475853e-001 6.518903e-002
      outer loop
         vertex 1.119968e+001 -6.600191e+000 2.455289e+000
         vertex 1.024166e+001 -6.212768e+000 2.448950e+000
         vertex 1.022790e+001 -6.210490e+000 2.455289e+000
      endloop
   endfacet
   facet normal 1.907969e-001 9.795346e-001 6.409848e-002
      outer loop
         vertex 1.022790e+001 -6.210490e+000 2.455289e+000
         vertex 1.024166e+001 -6.212768e+000 2.448950e+000
         vertex 1.022793e+001 -6.210367e+000 2.451221e+000
      endloop
   endfacet
   facet normal 1.861863e-001 9.804153e-001 6.419127e-002
      outer loop
         vertex 1.022790e+001 -6.210490e+000 2.455289e+000
         vertex 1.022793e+001 -6.210367e+000 2.451221e+000
         vertex 1.020327e+001 -6.206056e+000 2.455298e+000
      endloop
   endfacet
   facet normal 1.578471e-001 9.873713e-001 1.349417e-002
      outer loop
         vertex 1.003708e+001 -6.131227e+000 9.953660e-001
         vertex 1.017036e+001 -6.145312e+000 1.003101e+000
         vertex 1.024075e+001 -6.143899e+000 -1.352267e-001
      endloop
   endfacet
   facet normal 1.783023e-001 9.838824e-001 1.355775e-002
      outer loop
         vertex 1.024075e+001 -6.143899e+000 -1.352267e-001
         vertex 1.017036e+001 -6.145312e+000 1.003101e+000
         vertex 1.021153e+001 -6.149664e+000 1.005490e+000
      endloop
   endfacet
   facet normal 1.863152e-001 9.823951e-001 1.365521e-002
      outer loop
         vertex 1.024075e+001 -6.143899e+000 -1.352267e-001
         vertex 1.021153e+001 -6.149664e+000 1.005490e+000
         vertex 1.023813e+001 -6.157166e+000 1.016951e+000
      endloop
   endfacet
   facet normal -1.897062e-001 9.817291e-001 1.481935e-002
      outer loop
         vertex 9.168882e+000 -6.156832e+000 1.093466e+000
         vertex 9.170485e+000 -6.156694e+000 1.093170e+000
         vertex 9.168036e+000 -6.143899e+000 -1.352267e-001
      endloop
   endfacet
   facet normal -1.178013e-001 9.929371e-001 1.409805e-002
      outer loop
         vertex 9.168036e+000 -6.143899e+000 -1.352267e-001
         vertex 9.170485e+000 -6.156694e+000 1.093170e+000
         vertex 9.781967e+000 -6.104264e+000 9.805601e-001
      endloop
   endfacet
   facet normal 9.283094e-003 9.999280e-001 7.607707e-003
      outer loop
         vertex 9.168036e+000 -6.143899e+000 -1.352267e-001
         vertex 9.781967e+000 -6.104264e+000 9.805601e-001
         vertex 1.024075e+001 -6.143899e+000 -1.352267e-001
      endloop
   endfacet
   facet normal 1.049570e-001 9.943873e-001 1.333856e-002
      outer loop
         vertex 1.024075e+001 -6.143899e+000 -1.352267e-001
         vertex 9.781967e+000 -6.104264e+000 9.805601e-001
         vertex 9.977400e+000 -6.124919e+000 9.919022e-001
      endloop
   endfacet
   facet normal 1.351058e-001 9.907403e-001 1.342224e-002
      outer loop
         vertex 1.024075e+001 -6.143899e+000 -1.352267e-001
         vertex 9.977400e+000 -6.124919e+000 9.919022e-001
         vertex 1.003708e+001 -6.131227e+000 9.953660e-001
      endloop
   endfacet
   facet normal -2.486675e-001 9.684618e-001 1.569493e-002
      outer loop
         vertex 9.168882e+000 -6.156832e+000 1.093466e+000
         vertex 9.168036e+000 -6.143899e+000 -1.352267e-001
         vertex 8.689471e+000 -6.323374e+000 1.202177e+000
      endloop
   endfacet
   facet normal -3.693405e-001 9.292482e-001 9.238915e-003
      outer loop
         vertex 8.689471e+000 -6.323374e+000 1.202177e+000
         vertex 9.168036e+000 -6.143899e+000 -1.352267e-001
         vertex 8.172396e+000 -6.543170e+000 -1.352267e-001
      endloop
   endfacet
   facet normal -4.534037e-001 8.911440e-001 1.695311e-002
      outer loop
         vertex 8.689471e+000 -6.323374e+000 1.202177e+000
         vertex 8.172396e+000 -6.543170e+000 -1.352267e-001
         vertex 8.436450e+000 -6.411270e+000 1.259552e+000
      endloop
   endfacet
   facet normal -7.783487e-001 6.274521e-001 2.184362e-002
      outer loop
         vertex 7.429522e+000 -7.308750e+000 1.580551e+000
         vertex 7.755949e+000 -6.912258e+000 1.458750e+000
         vertex 7.396902e+000 -7.284337e+000 -1.352267e-001
      endloop
   endfacet
   facet normal -7.328837e-001 6.800418e-001 2.060648e-002
      outer loop
         vertex 7.396902e+000 -7.284337e+000 -1.352267e-001
         vertex 7.755949e+000 -6.912258e+000 1.458750e+000
         vertex 7.800004e+000 -6.858747e+000 1.442311e+000
      endloop
   endfacet
   facet normal -6.866056e-001 7.269435e-001 1.122228e-002
      outer loop
         vertex 7.396902e+000 -7.284337e+000 -1.352267e-001
         vertex 7.800004e+000 -6.858747e+000 1.442311e+000
         vertex 8.172396e+000 -6.543170e+000 -1.352267e-001
      endloop
   endfacet
   facet normal -5.888200e-001 8.080293e-001 1.948195e-002
      outer loop
         vertex 8.172396e+000 -6.543170e+000 -1.352267e-001
         vertex 7.800004e+000 -6.858747e+000 1.442311e+000
         vertex 8.196899e+000 -6.579695e+000 1.328341e+000
      endloop
   endfacet
   facet normal -5.117034e-001 8.589752e-001 1.792259e-002
      outer loop
         vertex 8.172396e+000 -6.543170e+000 -1.352267e-001
         vertex 8.196899e+000 -6.579695e+000 1.328341e+000
         vertex 8.436450e+000 -6.411270e+000 1.259552e+000
      endloop
   endfacet
   facet normal -9.679348e-001 2.497216e-001 2.722596e-002
      outer loop
         vertex 6.952992e+000 -8.260894e+000 -1.352267e-001
         vertex 7.002962e+000 -8.271066e+000 1.814444e+000
         vertex 7.021469e+000 -8.134700e+000 1.788356e+000
      endloop
   endfacet
   facet normal -9.527064e-001 3.027527e-001 2.629363e-002
      outer loop
         vertex 7.021469e+000 -8.134700e+000 1.788356e+000
         vertex 7.153015e+000 -7.838709e+000 1.716367e+000
         vertex 6.952992e+000 -8.260894e+000 -1.352267e-001
      endloop
   endfacet
   facet normal -9.201809e-001 3.907121e-001 2.472271e-002
      outer loop
         vertex 6.952992e+000 -8.260894e+000 -1.352267e-001
         vertex 7.153015e+000 -7.838709e+000 1.716367e+000
         vertex 7.340474e+000 -7.416911e+000 1.613778e+000
      endloop
   endfacet
   facet normal -8.896859e-001 4.563927e-001 1.282712e-002
      outer loop
         vertex 6.952992e+000 -8.260894e+000 -1.352267e-001
         vertex 7.340474e+000 -7.416911e+000 1.613778e+000
         vertex 7.396902e+000 -7.284337e+000 -1.352267e-001
      endloop
   endfacet
   facet normal -8.277959e-001 5.605461e-001 2.328134e-002
      outer loop
         vertex 7.396902e+000 -7.284337e+000 -1.352267e-001
         vertex 7.340474e+000 -7.416911e+000 1.613778e+000
         vertex 7.401546e+000 -7.342731e+000 1.590990e+000
      endloop
   endfacet
   facet normal -8.182996e-001 5.743330e-001 2.296320e-002
      outer loop
         vertex 7.396902e+000 -7.284337e+000 -1.352267e-001
         vertex 7.401546e+000 -7.342731e+000 1.590990e+000
         vertex 7.429522e+000 -7.308750e+000 1.580551e+000
      endloop
   endfacet
   facet normal -9.973167e-001 6.709378e-002 2.928696e-002
      outer loop
         vertex 6.874637e+000 -8.922416e+000 -1.081983e-001
         vertex 6.914565e+000 -8.922416e+000 1.939053e+000
         vertex 6.989959e+000 -8.366879e+000 1.832774e+000
      endloop
   endfacet
   facet normal -9.745101e-001 2.226269e-001 2.769849e-002
      outer loop
         vertex 7.002962e+000 -8.271066e+000 1.814444e+000
         vertex 6.952992e+000 -8.260894e+000 -1.352267e-001
         vertex 6.989959e+000 -8.366879e+000 1.832774e+000
      endloop
   endfacet
   facet normal -9.892435e-001 1.455137e-001 1.493439e-002
      outer loop
         vertex 6.989959e+000 -8.366879e+000 1.832774e+000
         vertex 6.952992e+000 -8.260894e+000 -1.352267e-001
         vertex 6.874610e+000 -8.922416e+000 -1.352267e-001
      endloop
   endfacet
   facet normal -9.976336e-001 6.709293e-002 1.502085e-002
      outer loop
         vertex 6.989959e+000 -8.366879e+000 1.832774e+000
         vertex 6.874610e+000 -8.922416e+000 -1.352267e-001
         vertex 6.874637e+000 -8.922416e+000 -1.081983e-001
      endloop
   endfacet
   facet normal 9.839090e-001 1.739038e-001 4.099532e-002
      outer loop
         vertex 1.242959e+001 -8.478645e+000 2.455077e+000
         vertex 1.245377e+001 -8.570021e+000 2.276222e+000
         vertex 1.245580e+001 -8.260892e+000 -1.352267e-001
      endloop
   endfacet
   facet normal 9.865358e-001 1.591339e-001 3.773060e-002
      outer loop
         vertex 1.245580e+001 -8.260892e+000 -1.352267e-001
         vertex 1.245377e+001 -8.570021e+000 2.276222e+000
         vertex 1.246178e+001 -8.600303e+000 2.216950e+000
      endloop
   endfacet
   facet normal 9.874001e-001 1.538991e-001 3.682793e-002
      outer loop
         vertex 1.245580e+001 -8.260892e+000 -1.352267e-001
         vertex 1.246178e+001 -8.600303e+000 2.216950e+000
         vertex 1.246307e+001 -8.613373e+000 2.206804e+000
      endloop
   endfacet
   facet normal 9.995166e-001 1.260716e-003 3.106245e-002
      outer loop
         vertex 1.249284e+001 -8.922414e+000 1.970148e+000
         vertex 1.253415e+001 -8.922414e+000 -1.081983e-001
         vertex 1.249260e+001 -8.911863e+000 1.975102e+000
      endloop
   endfacet
   facet normal 9.966817e-001 7.968447e-002 1.661051e-002
      outer loop
         vertex 1.249260e+001 -8.911863e+000 1.975102e+000
         vertex 1.253415e+001 -8.922414e+000 -1.081983e-001
         vertex 1.245580e+001 -8.260892e+000 -1.352267e-001
      endloop
   endfacet
   facet normal 9.942484e-001 1.019565e-001 3.278662e-002
      outer loop
         vertex 1.249260e+001 -8.911863e+000 1.975102e+000
         vertex 1.245580e+001 -8.260892e+000 -1.352267e-001
         vertex 1.247528e+001 -8.736722e+000 2.111054e+000
      endloop
   endfacet
   facet normal 9.898464e-001 1.376292e-001 3.552879e-002
      outer loop
         vertex 1.247528e+001 -8.736722e+000 2.111054e+000
         vertex 1.245580e+001 -8.260892e+000 -1.352267e-001
         vertex 1.246307e+001 -8.613373e+000 2.206804e+000
      endloop
   endfacet
   facet normal 9.806312e-001 7.675034e-002 1.801997e-001
      outer loop
         vertex 1.213057e+001 -8.338188e+000 4.367594e+000
         vertex 1.224924e+001 -8.921903e+000 4.367594e+000
         vertex 1.239244e+001 -8.922415e+000 3.310257e+000
      endloop
   endfacet
   facet normal 9.834411e-001 1.130003e-001 1.416845e-001
      outer loop
         vertex 1.239244e+001 -8.922415e+000 3.310257e+000
         vertex 1.239744e+001 -8.626781e+000 3.104753e+000
         vertex 1.213057e+001 -8.338188e+000 4.367594e+000
      endloop
   endfacet
   facet normal 9.791924e-001 1.499937e-001 1.366900e-001
      outer loop
         vertex 1.213057e+001 -8.338188e+000 4.367594e+000
         vertex 1.239744e+001 -8.626781e+000 3.104753e+000
         vertex 1.239758e+001 -8.618677e+000 3.099120e+000
      endloop
   endfacet
   facet normal 9.789236e-001 1.521514e-001 1.362300e-001
      outer loop
         vertex 1.213057e+001 -8.338188e+000 4.367594e+000
         vertex 1.239758e+001 -8.618677e+000 3.099120e+000
         vertex 1.239769e+001 -8.608910e+000 3.082845e+000
      endloop
   endfacet
   facet normal 9.765680e-001 1.705243e-001 1.312878e-001
      outer loop
         vertex 1.239769e+001 -8.608910e+000 3.082845e+000
         vertex 1.239934e+001 -8.465481e+000 2.843859e+000
         vertex 1.213057e+001 -8.338188e+000 4.367594e+000
      endloop
   endfacet
   facet normal 9.737612e-001 1.899861e-001 1.252773e-001
      outer loop
         vertex 1.213057e+001 -8.338188e+000 4.367594e+000
         vertex 1.239934e+001 -8.465481e+000 2.843859e+000
         vertex 1.240229e+001 -8.445386e+000 2.765994e+000
      endloop
   endfacet
   facet normal 9.699254e-001 2.123281e-001 1.190021e-001
      outer loop
         vertex 1.213057e+001 -8.338188e+000 4.367594e+000
         vertex 1.240229e+001 -8.445386e+000 2.765994e+000
         vertex 1.238986e+001 -8.276746e+000 2.455289e+000
      endloop
   endfacet
   facet normal 9.787944e-001 1.925146e-001 6.999751e-002
      outer loop
         vertex 1.238986e+001 -8.276746e+000 2.455289e+000
         vertex 1.240229e+001 -8.445386e+000 2.765994e+000
         vertex 1.242235e+001 -8.451254e+000 2.508691e+000
      endloop
   endfacet
   facet normal 9.793647e-001 1.910984e-001 6.577332e-002
      outer loop
         vertex 1.238986e+001 -8.276746e+000 2.455289e+000
         vertex 1.242235e+001 -8.451254e+000 2.508691e+000
         vertex 1.242315e+001 -8.454277e+000 2.502774e+000
      endloop
   endfacet
   facet normal -9.882590e-001 2.359071e-002 1.509559e-001
      outer loop
         vertex 7.031236e+000 -8.922416e+000 3.437478e+000
         vertex 7.210246e+000 -8.922917e+000 4.367593e+000
         vertex 7.034152e+000 -8.731378e+000 3.405188e+000
      endloop
   endfacet
   facet normal -9.780750e-001 1.002613e-001 1.825292e-001
      outer loop
         vertex 7.034152e+000 -8.731378e+000 3.405188e+000
         vertex 7.210246e+000 -8.922917e+000 4.367593e+000
         vertex 7.353551e+000 -8.358537e+000 4.367592e+000
      endloop
   endfacet
   facet normal -9.735677e-001 1.733629e-001 1.486986e-001
      outer loop
         vertex 7.034152e+000 -8.731378e+000 3.405188e+000
         vertex 7.353551e+000 -8.358537e+000 4.367592e+000
         vertex 7.108555e+000 -8.336255e+000 3.327123e+000
      endloop
   endfacet
   facet normal -9.297277e-001 3.218879e-001 1.788703e-001
      outer loop
         vertex 7.463758e+000 -7.924510e+000 4.367592e+000
         vertex 7.169559e+000 -8.012296e+000 3.263117e+000
         vertex 7.353551e+000 -8.358537e+000 4.367592e+000
      endloop
   endfacet
   facet normal -9.529616e-001 2.662064e-001 1.449075e-001
      outer loop
         vertex 7.353551e+000 -8.358537e+000 4.367592e+000
         vertex 7.169559e+000 -8.012296e+000 3.263117e+000
         vertex 7.115655e+000 -8.298549e+000 3.319673e+000
      endloop
   endfacet
   facet normal -9.629028e-001 2.267814e-001 1.462481e-001
      outer loop
         vertex 7.353551e+000 -8.358537e+000 4.367592e+000
         vertex 7.115655e+000 -8.298549e+000 3.319673e+000
         vertex 7.108555e+000 -8.336255e+000 3.327123e+000
      endloop
   endfacet
   facet normal -6.911881e-001 7.102684e-001 1.333335e-001
      outer loop
         vertex 7.969084e+000 -6.833380e+000 2.933766e+000
         vertex 7.569597e+000 -7.266257e+000 3.072414e+000
         vertex 8.107535e+000 -7.066290e+000 4.367592e+000
      endloop
   endfacet
   facet normal -7.481311e-001 6.493602e-001 1.364960e-001
      outer loop
         vertex 8.107535e+000 -7.066290e+000 4.367592e+000
         vertex 7.569597e+000 -7.266257e+000 3.072414e+000
         vertex 7.509814e+000 -7.331037e+000 3.093163e+000
      endloop
   endfacet
   facet normal -7.522473e-001 6.349815e-001 1.758480e-001
      outer loop
         vertex 8.107535e+000 -7.066290e+000 4.367592e+000
         vertex 7.509814e+000 -7.331037e+000 3.093163e+000
         vertex 7.751865e+000 -7.540434e+000 4.367592e+000
      endloop
   endfacet
   facet normal -8.058718e-001 5.761849e-001 1.363142e-001
      outer loop
         vertex 7.751865e+000 -7.540434e+000 4.367592e+000
         vertex 7.509814e+000 -7.331037e+000 3.093163e+000
         vertex 7.497740e+000 -7.355211e+000 3.099193e+000
      endloop
   endfacet
   facet normal -8.383815e-001 5.160100e-001 1.756422e-001
      outer loop
         vertex 7.751865e+000 -7.540434e+000 4.367592e+000
         vertex 7.497740e+000 -7.355211e+000 3.099193e+000
         vertex 7.463758e+000 -7.924510e+000 4.367592e+000
      endloop
   endfacet
   facet normal -8.723249e-001 4.686752e-001 1.392582e-001
      outer loop
         vertex 7.463758e+000 -7.924510e+000 4.367592e+000
         vertex 7.497740e+000 -7.355211e+000 3.099193e+000
         vertex 7.285965e+000 -7.779227e+000 3.204973e+000
      endloop
   endfacet
   facet normal -9.110361e-001 3.869745e-001 1.423516e-001
      outer loop
         vertex 7.463758e+000 -7.924510e+000 4.367592e+000
         vertex 7.285965e+000 -7.779227e+000 3.204973e+000
         vertex 7.169559e+000 -8.012296e+000 3.263117e+000
      endloop
   endfacet
   facet normal -6.305658e-001 7.652301e-001 1.296517e-001
      outer loop
         vertex 7.969084e+000 -6.833380e+000 2.933766e+000
         vertex 8.107535e+000 -7.066290e+000 4.367592e+000
         vertex 8.022686e+000 -6.775298e+000 2.915163e+000
      endloop
   endfacet
   facet normal -5.955028e-001 7.848072e-001 1.716217e-001
      outer loop
         vertex 8.022686e+000 -6.775298e+000 2.915163e+000
         vertex 8.107535e+000 -7.066290e+000 4.367592e+000
         vertex 8.397277e+000 -6.908698e+000 4.367592e+000
      endloop
   endfacet
   facet normal -5.624657e-001 8.167972e-001 1.283541e-001
      outer loop
         vertex 8.022686e+000 -6.775298e+000 2.915163e+000
         vertex 8.397277e+000 -6.908698e+000 4.367592e+000
         vertex 8.237523e+000 -6.646024e+000 2.857791e+000
      endloop
   endfacet
   facet normal -5.100853e-001 8.508007e-001 1.262974e-001
      outer loop
         vertex 8.237523e+000 -6.646024e+000 2.857791e+000
         vertex 8.397277e+000 -6.908698e+000 4.367592e+000
         vertex 8.459780e+000 -6.512287e+000 2.798438e+000
      endloop
   endfacet
   facet normal -4.195400e-001 8.915585e-001 1.706150e-001
      outer loop
         vertex 8.459780e+000 -6.512287e+000 2.798438e+000
         vertex 8.397277e+000 -6.908698e+000 4.367592e+000
         vertex 9.049992e+000 -6.553681e+000 4.367592e+000
      endloop
   endfacet
   facet normal -3.649383e-001 9.226673e-001 1.245193e-001
      outer loop
         vertex 8.459780e+000 -6.512287e+000 2.798438e+000
         vertex 9.049992e+000 -6.553681e+000 4.367592e+000
         vertex 8.683444e+000 -6.377701e+000 2.738709e+000
      endloop
   endfacet
   facet normal 4.862408e-002 9.920323e-001 1.162222e-001
      outer loop
         vertex 1.017542e+001 -6.201187e+000 2.459901e+000
         vertex 9.579963e+000 -6.187367e+000 2.557461e+000
         vertex 9.755625e+000 -6.428104e+000 4.367594e+000
      endloop
   endfacet
   facet normal -4.280796e-002 9.921193e-001 1.177570e-001
      outer loop
         vertex 9.755625e+000 -6.428104e+000 4.367594e+000
         vertex 9.579963e+000 -6.187367e+000 2.557461e+000
         vertex 9.420970e+000 -6.183677e+000 2.583510e+000
      endloop
   endfacet
   facet normal -8.980291e-002 9.819657e-001 1.663693e-001
      outer loop
         vertex 9.755625e+000 -6.428104e+000 4.367594e+000
         vertex 9.420970e+000 -6.183677e+000 2.583510e+000
         vertex 9.239549e+000 -6.519947e+000 4.367592e+000
      endloop
   endfacet
   facet normal -1.594692e-001 9.800178e-001 1.188892e-001
      outer loop
         vertex 9.239549e+000 -6.519947e+000 4.367592e+000
         vertex 9.420970e+000 -6.183677e+000 2.583510e+000
         vertex 9.188734e+000 -6.244772e+000 2.632380e+000
      endloop
   endfacet
   facet normal -2.120866e-001 9.629340e-001 1.666653e-001
      outer loop
         vertex 9.239549e+000 -6.519947e+000 4.367592e+000
         vertex 9.188734e+000 -6.244772e+000 2.632380e+000
         vertex 9.049992e+000 -6.553681e+000 4.367592e+000
      endloop
   endfacet
   facet normal -2.362457e-001 9.642179e-001 1.202991e-001
      outer loop
         vertex 9.049992e+000 -6.553681e+000 4.367592e+000
         vertex 9.188734e+000 -6.244772e+000 2.632380e+000
         vertex 9.001826e+000 -6.293943e+000 2.671711e+000
      endloop
   endfacet
   facet normal -2.973835e-001 9.469151e-001 1.221263e-001
      outer loop
         vertex 9.049992e+000 -6.553681e+000 4.367592e+000
         vertex 9.001826e+000 -6.293943e+000 2.671711e+000
         vertex 8.683444e+000 -6.377701e+000 2.738709e+000
      endloop
   endfacet
   facet normal -9.969213e-001 7.840699e-002 6.038471e-004
      outer loop
         vertex 6.874432e+000 -8.922416e+000 -3.089243e-001
         vertex 6.874610e+000 -8.922416e+000 -1.352267e-001
         vertex 6.952843e+000 -8.260859e+000 -3.089243e-001
      endloop
   endfacet
   facet normal -9.876274e-001 1.568142e-001 1.207694e-003
      outer loop
         vertex 6.952843e+000 -8.260859e+000 -3.089243e-001
         vertex 6.874610e+000 -8.922416e+000 -1.352267e-001
         vertex 6.952992e+000 -8.260894e+000 -1.352267e-001
      endloop
   endfacet
   facet normal -9.350532e-001 3.545069e-001 6.099350e-004
      outer loop
         vertex 6.952843e+000 -8.260859e+000 -3.089243e-001
         vertex 6.952992e+000 -8.260894e+000 -1.352267e-001
         vertex 7.396776e+000 -7.284248e+000 -3.089243e-001
      endloop
   endfacet
   facet normal -8.819076e-001 4.714206e-001 1.219870e-003
      outer loop
         vertex 7.396776e+000 -7.284248e+000 -3.089243e-001
         vertex 6.952992e+000 -8.260894e+000 -1.352267e-001
         vertex 7.396902e+000 -7.284337e+000 -1.352267e-001
      endloop
   endfacet
   facet normal -7.359205e-001 6.770676e-001 6.099350e-004
      outer loop
         vertex 7.396776e+000 -7.284248e+000 -3.089243e-001
         vertex 7.396902e+000 -7.284337e+000 -1.352267e-001
         vertex 8.172313e+000 -6.543041e+000 -3.089243e-001
      endloop
   endfacet
   facet normal -6.430776e-001 7.658000e-001 1.219870e-003
      outer loop
         vertex 8.172313e+000 -6.543041e+000 -3.089243e-001
         vertex 7.396902e+000 -7.284337e+000 -1.352267e-001
         vertex 8.172396e+000 -6.543170e+000 -1.352267e-001
      endloop
   endfacet
   facet normal -4.310367e-001 9.023342e-001 6.099350e-004
      outer loop
         vertex 8.172313e+000 -6.543041e+000 -3.089243e-001
         vertex 8.172396e+000 -6.543170e+000 -1.352267e-001
         vertex 9.168008e+000 -6.143749e+000 -3.089243e-001
      endloop
   endfacet
   facet normal -3.118379e-001 9.501345e-001 1.219870e-003
      outer loop
         vertex 9.168008e+000 -6.143749e+000 -3.089243e-001
         vertex 8.172396e+000 -6.543170e+000 -1.352267e-001
         vertex 9.168036e+000 -6.143899e+000 -1.352267e-001
      endloop
   endfacet
   facet normal -6.421332e-002 9.979360e-001 6.099350e-004
      outer loop
         vertex 9.168008e+000 -6.143749e+000 -3.089243e-001
         vertex 9.168036e+000 -6.143899e+000 -1.352267e-001
         vertex 1.024078e+001 -6.143749e+000 -3.089243e-001
      endloop
   endfacet
   facet normal 6.421271e-002 9.979355e-001 1.219870e-003
      outer loop
         vertex 1.024078e+001 -6.143749e+000 -3.089243e-001
         vertex 9.168036e+000 -6.143899e+000 -1.352267e-001
         vertex 1.024075e+001 -6.143899e+000 -1.352267e-001
      endloop
   endfacet
   facet normal 3.118375e-001 9.501352e-001 6.099350e-004
      outer loop
         vertex 1.024078e+001 -6.143749e+000 -3.089243e-001
         vertex 1.024075e+001 -6.143899e+000 -1.352267e-001
         vertex 1.123648e+001 -6.543040e+000 -3.089243e-001
      endloop
   endfacet
   facet normal 4.310360e-001 9.023339e-001 1.219870e-003
      outer loop
         vertex 1.123648e+001 -6.543040e+000 -3.089243e-001
         vertex 1.024075e+001 -6.143899e+000 -1.352267e-001
         vertex 1.123639e+001 -6.543169e+000 -1.352267e-001
      endloop
   endfacet
   facet normal 6.430776e-001 7.658008e-001 6.099350e-004
      outer loop
         vertex 1.123648e+001 -6.543040e+000 -3.089243e-001
         vertex 1.123639e+001 -6.543169e+000 -1.352267e-001
         vertex 1.201201e+001 -7.284246e+000 -3.089243e-001
      endloop
   endfacet
   facet normal 7.359197e-001 6.770676e-001 1.219870e-003
      outer loop
         vertex 1.201201e+001 -7.284246e+000 -3.089243e-001
         vertex 1.123639e+001 -6.543169e+000 -1.352267e-001
         vertex 1.201189e+001 -7.284335e+000 -1.352267e-001
      endloop
   endfacet
   facet normal 8.819079e-001 4.714214e-001 6.099350e-004
      outer loop
         vertex 1.201201e+001 -7.284246e+000 -3.089243e-001
         vertex 1.201189e+001 -7.284335e+000 -1.352267e-001
         vertex 1.245595e+001 -8.260857e+000 -3.089243e-001
      endloop
   endfacet
   facet normal 9.350525e-001 3.545073e-001 1.219870e-003
      outer loop
         vertex 1.245595e+001 -8.260857e+000 -3.089243e-001
         vertex 1.201189e+001 -7.284335e+000 -1.352267e-001
         vertex 1.245580e+001 -8.260892e+000 -1.352267e-001
      endloop
   endfacet
   facet normal 9.876279e-001 1.568149e-001 6.038470e-004
      outer loop
         vertex 1.245595e+001 -8.260857e+000 -3.089243e-001
         vertex 1.245580e+001 -8.260892e+000 -1.352267e-001
         vertex 1.253436e+001 -8.922414e+000 -3.089243e-001
      endloop
   endfacet
   facet normal 9.969207e-001 7.840756e-002 1.207694e-003
      outer loop
         vertex 1.253436e+001 -8.922414e+000 -3.089243e-001
         vertex 1.245580e+001 -8.260892e+000 -1.352267e-001
         vertex 1.253418e+001 -8.922414e+000 -1.352267e-001
      endloop
   endfacet
   facet normal 5.187457e-001 8.545451e-001 2.560530e-002
      outer loop
         vertex 1.111537e+001 -6.504328e+000 1.690873e+000
         vertex 1.113419e+001 -6.517828e+000 1.752722e+000
         vertex 1.123639e+001 -6.543169e+000 -1.352267e-001
      endloop
   endfacet
   facet normal 5.310315e-001 8.466355e-001 3.484158e-002
      outer loop
         vertex 1.123639e+001 -6.543169e+000 -1.352267e-001
         vertex 1.113419e+001 -6.517828e+000 1.752722e+000
         vertex 1.119968e+001 -6.600191e+000 2.455289e+000
      endloop
   endfacet
   facet normal 6.429752e-001 7.655417e-001 2.299684e-002
      outer loop
         vertex 1.123639e+001 -6.543169e+000 -1.352267e-001
         vertex 1.119968e+001 -6.600191e+000 2.455289e+000
         vertex 1.201189e+001 -7.284335e+000 -1.352267e-001
      endloop
   endfacet
   facet normal 7.352620e-001 6.763427e-001 4.416159e-002
      outer loop
         vertex 1.201189e+001 -7.284335e+000 -1.352267e-001
         vertex 1.119968e+001 -6.600191e+000 2.455289e+000
         vertex 1.195659e+001 -7.323594e+000 2.455289e+000
      endloop
   endfacet
   facet normal 8.817163e-001 4.712190e-001 2.299684e-002
      outer loop
         vertex 1.201189e+001 -7.284335e+000 -1.352267e-001
         vertex 1.195659e+001 -7.323594e+000 2.455289e+000
         vertex 1.245580e+001 -8.260892e+000 -1.352267e-001
      endloop
   endfacet
   facet normal 9.341722e-001 3.540793e-001 4.416159e-002
      outer loop
         vertex 1.245580e+001 -8.260892e+000 -1.352267e-001
         vertex 1.195659e+001 -7.323594e+000 2.455289e+000
         vertex 1.238986e+001 -8.276746e+000 2.455289e+000
      endloop
   endfacet
   facet normal 9.768777e-001 2.093311e-001 4.347921e-002
      outer loop
         vertex 1.245580e+001 -8.260892e+000 -1.352267e-001
         vertex 1.238986e+001 -8.276746e+000 2.455289e+000
         vertex 1.242959e+001 -8.478645e+000 2.455077e+000
      endloop
   endfacet
   facet normal 9.800683e-001 1.877304e-001 6.498785e-002
      outer loop
         vertex 1.242959e+001 -8.478645e+000 2.455077e+000
         vertex 1.238986e+001 -8.276746e+000 2.455289e+000
         vertex 1.242315e+001 -8.454277e+000 2.502774e+000
      endloop
   endfacet
   facet normal 9.015332e-001 3.996758e-001 1.658224e-001
      outer loop
         vertex 1.204647e+001 -7.924510e+000 4.367595e+000
         vertex 1.238986e+001 -8.276746e+000 2.455289e+000
         vertex 1.172183e+001 -7.491741e+000 4.367595e+000
      endloop
   endfacet
   facet normal 8.763775e-001 4.674509e-001 1.159835e-001
      outer loop
         vertex 1.172183e+001 -7.491741e+000 4.367595e+000
         vertex 1.238986e+001 -8.276746e+000 2.455289e+000
         vertex 1.195659e+001 -7.323594e+000 2.455289e+000
      endloop
   endfacet
   facet normal 7.622692e-001 6.259663e-001 1.646571e-001
      outer loop
         vertex 1.172183e+001 -7.491741e+000 4.367595e+000
         vertex 1.195659e+001 -7.323594e+000 2.455289e+000
         vertex 1.140269e+001 -7.066290e+000 4.367595e+000
      endloop
   endfacet
   facet normal 6.810860e-001 7.230319e-001 1.155281e-001
      outer loop
         vertex 1.140269e+001 -7.066290e+000 4.367595e+000
         vertex 1.195659e+001 -7.323594e+000 2.455289e+000
         vertex 1.119968e+001 -6.600191e+000 2.455289e+000
      endloop
   endfacet
   facet normal 5.794835e-001 7.982380e-001 1.643626e-001
      outer loop
         vertex 1.140269e+001 -7.066290e+000 4.367595e+000
         vertex 1.119968e+001 -6.600191e+000 2.455289e+000
         vertex 1.103467e+001 -6.866121e+000 4.367595e+000
      endloop
   endfacet
   facet normal 4.599795e-001 8.724478e-001 1.650872e-001
      outer loop
         vertex 1.103467e+001 -6.866121e+000 4.367595e+000
         vertex 1.119968e+001 -6.600191e+000 2.455289e+000
         vertex 1.046023e+001 -6.553681e+000 4.367595e+000
      endloop
   endfacet
   facet normal 3.473698e-001 9.305770e-001 1.155886e-001
      outer loop
         vertex 1.046023e+001 -6.553681e+000 4.367595e+000
         vertex 1.119968e+001 -6.600191e+000 2.455289e+000
         vertex 1.022790e+001 -6.210490e+000 2.455289e+000
      endloop
   endfacet
   facet normal 2.246827e-001 9.605142e-001 1.641044e-001
      outer loop
         vertex 1.046023e+001 -6.553681e+000 4.367595e+000
         vertex 1.022790e+001 -6.210490e+000 2.455289e+000
         vertex 1.017235e+001 -6.502375e+000 4.367594e+000
      endloop
   endfacet
   facet normal 1.853311e-001 9.760253e-001 1.141357e-001
      outer loop
         vertex 1.017235e+001 -6.502375e+000 4.367594e+000
         vertex 1.022790e+001 -6.210490e+000 2.455289e+000
         vertex 1.020327e+001 -6.206056e+000 2.455298e+000
      endloop
   endfacet
   facet normal 1.790032e-001 9.771975e-001 1.142054e-001
      outer loop
         vertex 1.017235e+001 -6.502375e+000 4.367594e+000
         vertex 1.020327e+001 -6.206056e+000 2.455298e+000
         vertex 1.017542e+001 -6.201187e+000 2.459901e+000
      endloop
   endfacet
   facet normal 0.000000e+000 0.000000e+000 -1.000000e+000
      outer loop
         vertex 6.952844e+000 -9.583974e+000 -3.089243e-001
         vertex 8.795105e+000 -8.922415e+000 -3.089243e-001
         vertex 8.916926e+000 -9.377061e+000 -3.089243e-001
      endloop
   endfacet
   facet normal 0.000000e+000 0.000000e+000 -1.000000e+000
      outer loop
         vertex 1.015904e+001 -9.709884e+000 -3.089243e-001
         vertex 1.024078e+001 -1.170108e+001 -3.089243e-001
         vertex 9.704395e+000 -9.831706e+000 -3.089243e-001
      endloop
   endfacet
   facet normal 0.000000e+000 0.000000e+000 -1.000000e+000
      outer loop
         vertex 9.704395e+000 -9.831706e+000 -3.089243e-001
         vertex 1.024078e+001 -1.170108e+001 -3.089243e-001
         vertex 9.168009e+000 -1.170108e+001 -3.089243e-001
      endloop
   endfacet
   facet normal 0.000000e+000 0.000000e+000 -1.000000e+000
      outer loop
         vertex 9.704395e+000 -9.831706e+000 -3.089243e-001
         vertex 9.168009e+000 -1.170108e+001 -3.089243e-001
         vertex 9.249750e+000 -9.709884e+000 -3.089243e-001
      endloop
   endfacet
   facet normal 0.000000e+000 0.000000e+000 -1.000000e+000
      outer loop
         vertex 9.249750e+000 -9.709884e+000 -3.089243e-001
         vertex 9.168009e+000 -1.170108e+001 -3.089243e-001
         vertex 8.172314e+000 -1.130179e+001 -3.089243e-001
      endloop
   endfacet
   facet normal 0.000000e+000 0.000000e+000 -1.000000e+000
      outer loop
         vertex 9.249750e+000 -9.709884e+000 -3.089243e-001
         vertex 8.172314e+000 -1.130179e+001 -3.089243e-001
         vertex 8.916926e+000 -9.377061e+000 -3.089243e-001
      endloop
   endfacet
   facet normal 0.000000e+000 0.000000e+000 -1.000000e+000
      outer loop
         vertex 8.916926e+000 -9.377061e+000 -3.089243e-001
         vertex 8.172314e+000 -1.130179e+001 -3.089243e-001
         vertex 7.396778e+000 -1.056058e+001 -3.089243e-001
      endloop
   endfacet
   facet normal 0.000000e+000 0.000000e+000 -1.000000e+000
      outer loop
         vertex 8.916926e+000 -9.377061e+000 -3.089243e-001
         vertex 7.396778e+000 -1.056058e+001 -3.089243e-001
         vertex 6.952844e+000 -9.583974e+000 -3.089243e-001
      endloop
   endfacet
   facet normal 0.000000e+000 0.000000e+000 -1.000000e+000
      outer loop
         vertex 1.245595e+001 -8.260857e+000 -3.089243e-001
         vertex 1.061369e+001 -8.922415e+000 -3.089243e-001
         vertex 1.049186e+001 -8.467771e+000 -3.089243e-001
      endloop
   endfacet
   facet normal 0.000000e+000 0.000000e+000 -1.000000e+000
      outer loop
         vertex 9.249750e+000 -8.134946e+000 -3.089243e-001
         vertex 9.168008e+000 -6.143749e+000 -3.089243e-001
         vertex 9.704395e+000 -8.013124e+000 -3.089243e-001
      endloop
   endfacet
   facet normal 0.000000e+000 0.000000e+000 -1.000000e+000
      outer loop
         vertex 9.704395e+000 -8.013124e+000 -3.089243e-001
         vertex 9.168008e+000 -6.143749e+000 -3.089243e-001
         vertex 1.024078e+001 -6.143749e+000 -3.089243e-001
      endloop
   endfacet
   facet normal 0.000000e+000 0.000000e+000 -1.000000e+000
      outer loop
         vertex 9.704395e+000 -8.013124e+000 -3.089243e-001
         vertex 1.024078e+001 -6.143749e+000 -3.089243e-001
         vertex 1.015904e+001 -8.134946e+000 -3.089243e-001
      endloop
   endfacet
   facet normal 0.000000e+000 0.000000e+000 -1.000000e+000
      outer loop
         vertex 1.015904e+001 -8.134946e+000 -3.089243e-001
         vertex 1.024078e+001 -6.143749e+000 -3.089243e-001
         vertex 1.123648e+001 -6.543040e+000 -3.089243e-001
      endloop
   endfacet
   facet normal 0.000000e+000 0.000000e+000 -1.000000e+000
      outer loop
         vertex 1.015904e+001 -8.134946e+000 -3.089243e-001
         vertex 1.123648e+001 -6.543040e+000 -3.089243e-001
         vertex 1.049186e+001 -8.467771e+000 -3.089243e-001
      endloop
   endfacet
   facet normal 0.000000e+000 0.000000e+000 -1.000000e+000
      outer loop
         vertex 1.049186e+001 -8.467771e+000 -3.089243e-001
         vertex 1.123648e+001 -6.543040e+000 -3.089243e-001
         vertex 1.201201e+001 -7.284246e+000 -3.089243e-001
      endloop
   endfacet
   facet normal 0.000000e+000 0.000000e+000 -1.000000e+000
      outer loop
         vertex 1.049186e+001 -8.467771e+000 -3.089243e-001
         vertex 1.201201e+001 -7.284246e+000 -3.089243e-001
         vertex 1.245595e+001 -8.260857e+000 -3.089243e-001
      endloop
   endfacet
   facet normal 0.000000e+000 0.000000e+000 -1.000000e+000
      outer loop
         vertex 1.245595e+001 -8.260857e+000 -3.089243e-001
         vertex 1.253436e+001 -8.922414e+000 -3.089243e-001
         vertex 1.061369e+001 -8.922415e+000 -3.089243e-001
      endloop
   endfacet
   facet normal 0.000000e+000 0.000000e+000 -1.000000e+000
      outer loop
         vertex 1.061369e+001 -8.922415e+000 -3.089243e-001
         vertex 1.253436e+001 -8.922414e+000 -3.089243e-001
         vertex 1.245595e+001 -9.583972e+000 -3.089243e-001
      endloop
   endfacet
   facet normal 0.000000e+000 0.000000e+000 -1.000000e+000
      outer loop
         vertex 1.061369e+001 -8.922415e+000 -3.089243e-001
         vertex 1.245595e+001 -9.583972e+000 -3.089243e-001
         vertex 1.049186e+001 -9.377061e+000 -3.089243e-001
      endloop
   endfacet
   facet normal 0.000000e+000 0.000000e+000 -1.000000e+000
      outer loop
         vertex 1.049186e+001 -9.377061e+000 -3.089243e-001
         vertex 1.245595e+001 -9.583972e+000 -3.089243e-001
         vertex 1.201201e+001 -1.056058e+001 -3.089243e-001
      endloop
   endfacet
   facet normal 0.000000e+000 0.000000e+000 -1.000000e+000
      outer loop
         vertex 1.049186e+001 -9.377061e+000 -3.089243e-001
         vertex 1.201201e+001 -1.056058e+001 -3.089243e-001
         vertex 1.015904e+001 -9.709884e+000 -3.089243e-001
      endloop
   endfacet
   facet normal 0.000000e+000 0.000000e+000 -1.000000e+000
      outer loop
         vertex 1.015904e+001 -9.709884e+000 -3.089243e-001
         vertex 1.201201e+001 -1.056058e+001 -3.089243e-001
         vertex 1.123648e+001 -1.130179e+001 -3.089243e-001
      endloop
   endfacet
   facet normal 0.000000e+000 0.000000e+000 -1.000000e+000
      outer loop
         vertex 1.015904e+001 -9.709884e+000 -3.089243e-001
         vertex 1.123648e+001 -1.130179e+001 -3.089243e-001
         vertex 1.024078e+001 -1.170108e+001 -3.089243e-001
      endloop
   endfacet
   facet normal 0.000000e+000 0.000000e+000 -1.000000e+000
      outer loop
         vertex 6.952844e+000 -9.583974e+000 -3.089243e-001
         vertex 6.874432e+000 -8.922416e+000 -3.089243e-001
         vertex 8.795105e+000 -8.922415e+000 -3.089243e-001
      endloop
   endfacet
   facet normal 0.000000e+000 0.000000e+000 -1.000000e+000
      outer loop
         vertex 8.795105e+000 -8.922415e+000 -3.089243e-001
         vertex 6.874432e+000 -8.922416e+000 -3.089243e-001
         vertex 6.952843e+000 -8.260859e+000 -3.089243e-001
      endloop
   endfacet
   facet normal 0.000000e+000 0.000000e+000 -1.000000e+000
      outer loop
         vertex 8.795105e+000 -8.922415e+000 -3.089243e-001
         vertex 6.952843e+000 -8.260859e+000 -3.089243e-001
         vertex 8.916926e+000 -8.467771e+000 -3.089243e-001
      endloop
   endfacet
   facet normal 0.000000e+000 0.000000e+000 -1.000000e+000
      outer loop
         vertex 8.916926e+000 -8.467771e+000 -3.089243e-001
         vertex 6.952843e+000 -8.260859e+000 -3.089243e-001
         vertex 7.396776e+000 -7.284248e+000 -3.089243e-001
      endloop
   endfacet
   facet normal 0.000000e+000 0.000000e+000 -1.000000e+000
      outer loop
         vertex 8.916926e+000 -8.467771e+000 -3.089243e-001
         vertex 7.396776e+000 -7.284248e+000 -3.089243e-001
         vertex 9.249750e+000 -8.134946e+000 -3.089243e-001
      endloop
   endfacet
   facet normal 0.000000e+000 0.000000e+000 -1.000000e+000
      outer loop
         vertex 9.249750e+000 -8.134946e+000 -3.089243e-001
         vertex 7.396776e+000 -7.284248e+000 -3.089243e-001
         vertex 8.172313e+000 -6.543041e+000 -3.089243e-001
      endloop
   endfacet
   facet normal 0.000000e+000 0.000000e+000 -1.000000e+000
      outer loop
         vertex 9.249750e+000 -8.134946e+000 -3.089243e-001
         vertex 8.172313e+000 -6.543041e+000 -3.089243e-001
         vertex 9.168008e+000 -6.143749e+000 -3.089243e-001
      endloop
   endfacet
   facet normal -9.851210e-001 1.718619e-001 1.092753e-014
      outer loop
         vertex 8.916926e+000 -8.467771e+000 -3.089243e-001
         vertex 8.795105e+000 -8.922415e+000 -3.010673e+000
         vertex 8.795105e+000 -8.922415e+000 -3.089243e-001
      endloop
   endfacet
   facet normal -9.851210e-001 -1.718619e-001 1.093265e-014
      outer loop
         vertex 8.795105e+000 -8.922415e+000 -3.089243e-001
         vertex 8.795105e+000 -8.922415e+000 -3.010673e+000
         vertex 8.916926e+000 -9.377061e+000 -3.010673e+000
      endloop
   endfacet
   facet normal -9.390708e-001 -3.437238e-001 1.049217e-014
      outer loop
         vertex 8.795105e+000 -8.922415e+000 -3.089243e-001
         vertex 8.916926e+000 -9.377061e+000 -3.010673e+000
         vertex 8.916926e+000 -9.377061e+000 -3.089243e-001
      endloop
   endfacet
   facet normal -7.672089e-001 -6.413973e-001 8.585715e-015
      outer loop
         vertex 8.916926e+000 -9.377061e+000 -3.089243e-001
         vertex 8.916926e+000 -9.377061e+000 -3.010673e+000
         vertex 9.249750e+000 -9.709884e+000 -3.010673e+000
      endloop
   endfacet
   facet normal -6.413973e-001 -7.672089e-001 7.181220e-015
      outer loop
         vertex 8.916926e+000 -9.377061e+000 -3.089243e-001
         vertex 9.249750e+000 -9.709884e+000 -3.010673e+000
         vertex 9.249750e+000 -9.709884e+000 -3.089243e-001
      endloop
   endfacet
   facet normal -3.437238e-001 -9.390708e-001 3.856275e-015
      outer loop
         vertex 9.249750e+000 -9.709884e+000 -3.089243e-001
         vertex 9.249750e+000 -9.709884e+000 -3.010673e+000
         vertex 9.704395e+000 -9.831706e+000 -3.010673e+000
      endloop
   endfacet
   facet normal -1.718619e-001 -9.851210e-001 1.935824e-015
      outer loop
         vertex 9.249750e+000 -9.709884e+000 -3.089243e-001
         vertex 9.704395e+000 -9.831706e+000 -3.010673e+000
         vertex 9.704395e+000 -9.831706e+000 -3.089243e-001
      endloop
   endfacet
   facet normal 1.718619e-001 -9.851210e-001 -1.906451e-015
      outer loop
         vertex 9.704395e+000 -9.831706e+000 -3.089243e-001
         vertex 9.704395e+000 -9.831706e+000 -3.010673e+000
         vertex 1.015904e+001 -9.709884e+000 -3.010673e+000
      endloop
   endfacet
   facet normal 3.437238e-001 -9.390708e-001 -3.828274e-015
      outer loop
         vertex 9.704395e+000 -9.831706e+000 -3.089243e-001
         vertex 1.015904e+001 -9.709884e+000 -3.010673e+000
         vertex 1.015904e+001 -9.709884e+000 -3.089243e-001
      endloop
   endfacet
   facet normal 6.413973e-001 -7.672089e-001 -7.158344e-015
      outer loop
         vertex 1.015904e+001 -9.709884e+000 -3.089243e-001
         vertex 1.015904e+001 -9.709884e+000 -3.010673e+000
         vertex 1.049186e+001 -9.377061e+000 -3.010673e+000
      endloop
   endfacet
   facet normal 7.672089e-001 -6.413973e-001 -8.566590e-015
      outer loop
         vertex 1.015904e+001 -9.709884e+000 -3.089243e-001
         vertex 1.049186e+001 -9.377061e+000 -3.010673e+000
         vertex 1.049186e+001 -9.377061e+000 -3.089243e-001
      endloop
   endfacet
   facet normal 9.390708e-001 -3.437238e-001 -1.049216e-014
      outer loop
         vertex 1.049186e+001 -9.377061e+000 -3.089243e-001
         vertex 1.049186e+001 -9.377061e+000 -3.010673e+000
         vertex 1.061369e+001 -8.922415e+000 -3.010673e+000
      endloop
   endfacet
   facet normal 9.851210e-001 -1.718619e-001 -1.100949e-014
      outer loop
         vertex 1.049186e+001 -9.377061e+000 -3.089243e-001
         vertex 1.061369e+001 -8.922415e+000 -3.010673e+000
         vertex 1.061369e+001 -8.922415e+000 -3.089243e-001
      endloop
   endfacet
   facet normal 9.851210e-001 1.718619e-001 -1.101462e-014
      outer loop
         vertex 1.061369e+001 -8.922415e+000 -3.089243e-001
         vertex 1.061369e+001 -8.922415e+000 -3.010673e+000
         vertex 1.049186e+001 -8.467771e+000 -3.010673e+000
      endloop
   endfacet
   facet normal 9.390708e-001 3.437238e-001 -1.050241e-014
      outer loop
         vertex 1.061369e+001 -8.922415e+000 -3.089243e-001
         vertex 1.049186e+001 -8.467771e+000 -3.010673e+000
         vertex 1.049186e+001 -8.467771e+000 -3.089243e-001
      endloop
   endfacet
   facet normal 7.672089e-001 6.413973e-001 -8.585715e-015
      outer loop
         vertex 1.049186e+001 -8.467771e+000 -3.089243e-001
         vertex 1.049186e+001 -8.467771e+000 -3.010673e+000
         vertex 1.015904e+001 -8.134946e+000 -3.010673e+000
      endloop
   endfacet
   facet normal 6.413973e-001 7.672089e-001 -7.181220e-015
      outer loop
         vertex 1.049186e+001 -8.467771e+000 -3.089243e-001
         vertex 1.015904e+001 -8.134946e+000 -3.010673e+000
         vertex 1.015904e+001 -8.134946e+000 -3.089243e-001
      endloop
   endfacet
   facet normal 3.437238e-001 9.390708e-001 -3.856275e-015
      outer loop
         vertex 1.015904e+001 -8.134946e+000 -3.089243e-001
         vertex 1.015904e+001 -8.134946e+000 -3.010673e+000
         vertex 9.704395e+000 -8.013124e+000 -3.010673e+000
      endloop
   endfacet
   facet normal 1.718619e-001 9.851210e-001 -1.935824e-015
      outer loop
         vertex 1.015904e+001 -8.134946e+000 -3.089243e-001
         vertex 9.704395e+000 -8.013124e+000 -3.010673e+000
         vertex 9.704395e+000 -8.013124e+000 -3.089243e-001
      endloop
   endfacet
   facet normal -1.718619e-001 9.851210e-001 1.906451e-015
      outer loop
         vertex 9.704395e+000 -8.013124e+000 -3.089243e-001
         vertex 9.704395e+000 -8.013124e+000 -3.010673e+000
         vertex 9.249750e+000 -8.134946e+000 -3.010673e+000
      endloop
   endfacet
   facet normal -3.437238e-001 9.390708e-001 3.828274e-015
      outer loop
         vertex 9.704395e+000 -8.013124e+000 -3.089243e-001
         vertex 9.249750e+000 -8.134946e+000 -3.010673e+000
         vertex 9.249750e+000 -8.134946e+000 -3.089243e-001
      endloop
   endfacet
   facet normal -6.413973e-001 7.672089e-001 7.158344e-015
      outer loop
         vertex 9.249750e+000 -8.134946e+000 -3.089243e-001
         vertex 9.249750e+000 -8.134946e+000 -3.010673e+000
         vertex 8.916926e+000 -8.467771e+000 -3.010673e+000
      endloop
   endfacet
   facet normal -7.672089e-001 6.413973e-001 8.566590e-015
      outer loop
         vertex 9.249750e+000 -8.134946e+000 -3.089243e-001
         vertex 8.916926e+000 -8.467771e+000 -3.010673e+000
         vertex 8.916926e+000 -8.467771e+000 -3.089243e-001
      endloop
   endfacet
   facet normal -9.390708e-001 3.437238e-001 1.042044e-014
      outer loop
         vertex 8.916926e+000 -8.467771e+000 -3.089243e-001
         vertex 8.916926e+000 -8.467771e+000 -3.010673e+000
         vertex 8.795105e+000 -8.922415e+000 -3.010673e+000
      endloop
   endfacet
   facet normal 0.000000e+000 0.000000e+000 -1.000000e+000
      outer loop
         vertex 9.704395e+000 -8.013124e+000 -3.010673e+000
         vertex 1.015904e+001 -8.134946e+000 -3.010673e+000
         vertex 1.049186e+001 -8.467771e+000 -3.010673e+000
      endloop
   endfacet
   facet normal 0.000000e+000 0.000000e+000 -1.000000e+000
      outer loop
         vertex 1.049186e+001 -8.467771e+000 -3.010673e+000
         vertex 1.061369e+001 -8.922415e+000 -3.010673e+000
         vertex 1.049186e+001 -9.377061e+000 -3.010673e+000
      endloop
   endfacet
   facet normal 0.000000e+000 0.000000e+000 -1.000000e+000
      outer loop
         vertex 8.916926e+000 -8.467771e+000 -3.010673e+000
         vertex 9.249750e+000 -8.134946e+000 -3.010673e+000
         vertex 8.795105e+000 -8.922415e+000 -3.010673e+000
      endloop
   endfacet
   facet normal 0.000000e+000 0.000000e+000 -1.000000e+000
      outer loop
         vertex 8.795105e+000 -8.922415e+000 -3.010673e+000
         vertex 9.249750e+000 -8.134946e+000 -3.010673e+000
         vertex 9.704395e+000 -8.013124e+000 -3.010673e+000
      endloop
   endfacet
   facet normal 0.000000e+000 0.000000e+000 -1.000000e+000
      outer loop
         vertex 8.795105e+000 -8.922415e+000 -3.010673e+000
         vertex 9.704395e+000 -8.013124e+000 -3.010673e+000
         vertex 8.916926e+000 -9.377061e+000 -3.010673e+000
      endloop
   endfacet
   facet normal 0.000000e+000 0.000000e+000 -1.000000e+000
      outer loop
         vertex 8.916926e+000 -9.377061e+000 -3.010673e+000
         vertex 9.704395e+000 -8.013124e+000 -3.010673e+000
         vertex 1.049186e+001 -8.467771e+000 -3.010673e+000
      endloop
   endfacet
   facet normal 0.000000e+000 0.000000e+000 -1.000000e+000
      outer loop
         vertex 9.249750e+000 -9.709884e+000 -3.010673e+000
         vertex 8.916926e+000 -9.377061e+000 -3.010673e+000
         vertex 9.704395e+000 -9.831706e+000 -3.010673e+000
      endloop
   endfacet
   facet normal 0.000000e+000 0.000000e+000 -1.000000e+000
      outer loop
         vertex 9.704395e+000 -9.831706e+000 -3.010673e+000
         vertex 8.916926e+000 -9.377061e+000 -3.010673e+000
         vertex 1.049186e+001 -8.467771e+000 -3.010673e+000
      endloop
   endfacet
   facet normal 0.000000e+000 0.000000e+000 -1.000000e+000
      outer loop
         vertex 9.704395e+000 -9.831706e+000 -3.010673e+000
         vertex 1.049186e+001 -8.467771e+000 -3.010673e+000
         vertex 1.015904e+001 -9.709884e+000 -3.010673e+000
      endloop
   endfacet
   facet normal 0.000000e+000 0.000000e+000 -1.000000e+000
      outer loop
         vertex 1.015904e+001 -9.709884e+000 -3.010673e+000
         vertex 1.049186e+001 -8.467771e+000 -3.010673e+000
         vertex 1.049186e+001 -9.377061e+000 -3.010673e+000
      endloop
   endfacet
   facet normal -1.091974e-001 2.007645e-001 9.735346e-001
      outer loop
         vertex 9.755114e+000 -8.972759e+000 6.808867e+000
         vertex 9.490999e+000 -8.066658e+000 6.656844e+000
         vertex 9.137988e+000 -8.258663e+000 6.656844e+000
      endloop
   endfacet
   facet normal -2.233010e-001 -4.865310e-002 9.735346e-001
      outer loop
         vertex 9.755114e+000 -8.972759e+000 6.808867e+000
         vertex 8.811303e+000 -8.972759e+000 6.656844e+000
         vertex 8.896852e+000 -9.365397e+000 6.656844e+000
      endloop
   endfacet
   facet normal -2.233010e-001 4.865310e-002 9.735346e-001
      outer loop
         vertex 8.896852e+000 -8.580122e+000 6.656844e+000
         vertex 8.811303e+000 -8.972759e+000 6.656844e+000
         vertex 9.755114e+000 -8.972759e+000 6.808867e+000
      endloop
   endfacet
   facet normal -1.828203e-001 1.371393e-001 9.735346e-001
      outer loop
         vertex 9.137988e+000 -8.258663e+000 6.656844e+000
         vertex 8.896852e+000 -8.580122e+000 6.656844e+000
         vertex 9.755114e+000 -8.972759e+000 6.808867e+000
      endloop
   endfacet
   facet normal -3.270461e-002 -2.290703e-001 9.728603e-001
      outer loop
         vertex 9.755114e+000 -8.972759e+000 6.808867e+000
         vertex 9.490999e+000 -9.878861e+000 6.656844e+000
         vertex 9.755114e+000 -9.916569e+000 6.656844e+000
      endloop
   endfacet
   facet normal -1.091974e-001 -2.007645e-001 9.735346e-001
      outer loop
         vertex 9.137988e+000 -9.686856e+000 6.656844e+000
         vertex 9.490999e+000 -9.878861e+000 6.656844e+000
         vertex 9.755114e+000 -8.972759e+000 6.808867e+000
      endloop
   endfacet
   facet normal -1.828203e-001 -1.371393e-001 9.735346e-001
      outer loop
         vertex 8.896852e+000 -9.365397e+000 6.656844e+000
         vertex 9.137988e+000 -9.686856e+000 6.656844e+000
         vertex 9.755114e+000 -8.972759e+000 6.808867e+000
      endloop
   endfacet
   facet normal -3.270461e-002 2.290703e-001 9.728603e-001
      outer loop
         vertex 9.755114e+000 -8.028950e+000 6.656844e+000
         vertex 9.490999e+000 -8.066658e+000 6.656844e+000
         vertex 9.755114e+000 -8.972759e+000 6.808867e+000
      endloop
   endfacet
   facet normal -6.962343e-002 -9.735928e-001 2.174161e-001
      outer loop
         vertex 9.754611e+000 -1.146709e+001 4.367592e+000
         vertex 9.754635e+000 -1.144957e+001 4.422800e+000
         vertex 9.225281e+000 -1.141056e+001 4.367592e+000
      endloop
   endfacet
   facet normal -1.612955e-001 -9.619545e-001 2.205157e-001
      outer loop
         vertex 9.225281e+000 -1.141056e+001 4.367592e+000
         vertex 9.754635e+000 -1.144957e+001 4.422800e+000
         vertex 9.053997e+000 -1.137810e+001 4.431888e+000
      endloop
   endfacet
   facet normal -2.513868e-001 -9.434209e-001 2.162442e-001
      outer loop
         vertex 9.225281e+000 -1.141056e+001 4.367592e+000
         vertex 9.053997e+000 -1.137810e+001 4.431888e+000
         vertex 9.049992e+000 -1.139184e+001 4.367592e+000
      endloop
   endfacet
   facet normal -9.161127e-002 9.710434e-001 2.206401e-001
      outer loop
         vertex 9.755594e+000 -6.453060e+000 4.437016e+000
         vertex 9.755625e+000 -6.428104e+000 4.367594e+000
         vertex 9.053997e+000 -6.567423e+000 4.431888e+000
      endloop
   endfacet
   facet normal -1.589695e-001 9.630245e-001 2.175143e-001
      outer loop
         vertex 9.053997e+000 -6.567423e+000 4.431888e+000
         vertex 9.755625e+000 -6.428104e+000 4.367594e+000
         vertex 9.239549e+000 -6.519947e+000 4.367592e+000
      endloop
   endfacet
   facet normal -3.702211e-001 -9.028465e-001 2.186424e-001
      outer loop
         vertex 9.049992e+000 -1.139184e+001 4.367592e+000
         vertex 9.053997e+000 -1.137810e+001 4.431888e+000
         vertex 8.355015e+000 -1.101384e+001 4.367592e+000
      endloop
   endfacet
   facet normal -4.954274e-001 -8.396283e-001 2.226569e-001
      outer loop
         vertex 8.355015e+000 -1.101384e+001 4.367592e+000
         vertex 9.053997e+000 -1.137810e+001 4.431888e+000
         vertex 8.116895e+000 -1.086840e+001 4.431888e+000
      endloop
   endfacet
   facet normal -6.104706e-001 -7.618472e-001 2.165979e-001
      outer loop
         vertex 8.355015e+000 -1.101384e+001 4.367592e+000
         vertex 8.116895e+000 -1.086840e+001 4.431888e+000
         vertex 8.107535e+000 -1.087923e+001 4.367592e+000
      endloop
   endfacet
   facet normal -7.017835e-001 -6.781893e-001 2.180803e-001
      outer loop
         vertex 8.107535e+000 -1.087923e+001 4.367592e+000
         vertex 8.116895e+000 -1.086840e+001 4.431888e+000
         vertex 7.703533e+000 -1.034065e+001 4.367592e+000
      endloop
   endfacet
   facet normal -7.907523e-001 -5.702415e-001 2.225655e-001
      outer loop
         vertex 7.703533e+000 -1.034065e+001 4.367592e+000
         vertex 8.116895e+000 -1.086840e+001 4.431888e+000
         vertex 7.476774e+000 -1.001505e+001 4.431888e+000
      endloop
   endfacet
   facet normal -8.649456e-001 -4.525359e-001 2.169799e-001
      outer loop
         vertex 7.703533e+000 -1.034065e+001 4.367592e+000
         vertex 7.476774e+000 -1.001505e+001 4.431888e+000
         vertex 7.463758e+000 -1.002101e+001 4.367592e+000
      endloop
   endfacet
   facet normal -9.146361e-001 -3.408110e-001 2.174595e-001
      outer loop
         vertex 7.463758e+000 -1.002101e+001 4.367592e+000
         vertex 7.476774e+000 -1.001505e+001 4.431888e+000
         vertex 7.341480e+000 -9.491361e+000 4.367592e+000
      endloop
   endfacet
   facet normal -9.527943e-001 -2.066212e-001 2.224652e-001
      outer loop
         vertex 7.341480e+000 -9.491361e+000 4.367592e+000
         vertex 7.476774e+000 -1.001505e+001 4.431888e+000
         vertex 7.249677e+000 -8.972759e+000 4.431888e+000
      endloop
   endfacet
   facet normal -9.736600e-001 -6.872017e-002 2.174024e-001
      outer loop
         vertex 7.341480e+000 -9.491361e+000 4.367592e+000
         vertex 7.249677e+000 -8.972759e+000 4.431888e+000
         vertex 7.222442e+000 -8.975742e+000 4.367593e+000
      endloop
   endfacet
   facet normal -9.500136e-001 2.191168e-001 2.224007e-001
      outer loop
         vertex 7.476774e+000 -7.930465e+000 4.431888e+000
         vertex 7.353551e+000 -8.358537e+000 4.367592e+000
         vertex 7.249677e+000 -8.972759e+000 4.431888e+000
      endloop
   endfacet
   facet normal -9.720955e-001 8.759522e-002 2.176173e-001
      outer loop
         vertex 7.249677e+000 -8.972759e+000 4.431888e+000
         vertex 7.353551e+000 -8.358537e+000 4.367592e+000
         vertex 7.210246e+000 -8.922917e+000 4.367593e+000
      endloop
   endfacet
   facet normal -9.763916e-001 6.377697e-003 2.159140e-001
      outer loop
         vertex 7.249677e+000 -8.972759e+000 4.431888e+000
         vertex 7.210246e+000 -8.922917e+000 4.367593e+000
         vertex 7.222442e+000 -8.975742e+000 4.367593e+000
      endloop
   endfacet
   facet normal -7.843992e-001 5.789614e-001 2.225344e-001
      outer loop
         vertex 8.116895e+000 -7.077120e+000 4.431888e+000
         vertex 7.751865e+000 -7.540434e+000 4.367592e+000
         vertex 7.476774e+000 -7.930465e+000 4.431888e+000
      endloop
   endfacet
   facet normal -8.599256e-001 4.618662e-001 2.172730e-001
      outer loop
         vertex 7.476774e+000 -7.930465e+000 4.431888e+000
         vertex 7.751865e+000 -7.540434e+000 4.367592e+000
         vertex 7.463758e+000 -7.924510e+000 4.367592e+000
      endloop
   endfacet
   facet normal -9.102700e-001 3.525825e-001 2.170118e-001
      outer loop
         vertex 7.476774e+000 -7.930465e+000 4.431888e+000
         vertex 7.463758e+000 -7.924510e+000 4.367592e+000
         vertex 7.353551e+000 -8.358537e+000 4.367592e+000
      endloop
   endfacet
   facet normal -2.492405e-001 9.440095e-001 2.161602e-001
      outer loop
         vertex 9.239549e+000 -6.519947e+000 4.367592e+000
         vertex 9.049992e+000 -6.553681e+000 4.367592e+000
         vertex 9.053997e+000 -6.567423e+000 4.431888e+000
      endloop
   endfacet
   facet normal -3.644617e-001 9.052436e-001 2.184068e-001
      outer loop
         vertex 9.053997e+000 -6.567423e+000 4.431888e+000
         vertex 9.049992e+000 -6.553681e+000 4.367592e+000
         vertex 8.397277e+000 -6.908698e+000 4.367592e+000
      endloop
   endfacet
   facet normal -4.899151e-001 8.428681e-001 2.226131e-001
      outer loop
         vertex 9.053997e+000 -6.567423e+000 4.431888e+000
         vertex 8.397277e+000 -6.908698e+000 4.367592e+000
         vertex 8.116895e+000 -7.077120e+000 4.431888e+000
      endloop
   endfacet
   facet normal -6.055248e-001 7.657417e-001 2.167471e-001
      outer loop
         vertex 8.116895e+000 -7.077120e+000 4.431888e+000
         vertex 8.397277e+000 -6.908698e+000 4.367592e+000
         vertex 8.107535e+000 -7.066290e+000 4.367592e+000
      endloop
   endfacet
   facet normal -6.944647e-001 6.857945e-001 2.177260e-001
      outer loop
         vertex 8.116895e+000 -7.077120e+000 4.431888e+000
         vertex 8.107535e+000 -7.066290e+000 4.367592e+000
         vertex 7.751865e+000 -7.540434e+000 4.367592e+000
      endloop
   endfacet
   facet normal -8.407601e-002 9.191570e-001 3.848137e-001
      outer loop
         vertex 9.755114e+000 -6.858298e+000 5.564289e+000
         vertex 9.755594e+000 -6.453060e+000 4.437016e+000
         vertex 9.163406e+000 -6.942777e+000 5.564289e+000
      endloop
   endfacet
   facet normal -1.765049e-001 9.358287e-001 3.050749e-001
      outer loop
         vertex 9.163406e+000 -6.942777e+000 5.564289e+000
         vertex 9.755594e+000 -6.453060e+000 4.437016e+000
         vertex 9.053997e+000 -6.567423e+000 4.431888e+000
      endloop
   endfacet
   facet normal -3.766710e-001 8.409145e-001 3.885635e-001
      outer loop
         vertex 9.163406e+000 -6.942777e+000 5.564289e+000
         vertex 9.053997e+000 -6.567423e+000 4.431888e+000
         vertex 8.372539e+000 -7.372935e+000 5.564289e+000
      endloop
   endfacet
   facet normal -5.103440e-001 8.027909e-001 3.083439e-001
      outer loop
         vertex 8.372539e+000 -7.372935e+000 5.564289e+000
         vertex 9.053997e+000 -6.567423e+000 4.431888e+000
         vertex 8.116895e+000 -7.077120e+000 4.431888e+000
      endloop
   endfacet
   facet normal -6.923608e-001 6.079926e-001 3.885635e-001
      outer loop
         vertex 8.372539e+000 -7.372935e+000 5.564289e+000
         vertex 8.116895e+000 -7.077120e+000 4.431888e+000
         vertex 7.832309e+000 -8.093115e+000 5.564289e+000
      endloop
   endfacet
   facet normal -7.980573e-001 5.177147e-001 3.083438e-001
      outer loop
         vertex 7.832309e+000 -8.093115e+000 5.564289e+000
         vertex 8.116895e+000 -7.077120e+000 4.431888e+000
         vertex 7.476774e+000 -7.930465e+000 4.431888e+000
      endloop
   endfacet
   facet normal -8.825372e-001 2.648518e-001 3.885635e-001
      outer loop
         vertex 7.832309e+000 -8.093115e+000 5.564289e+000
         vertex 7.476774e+000 -7.930465e+000 4.431888e+000
         vertex 7.640651e+000 -8.972759e+000 5.564289e+000
      endloop
   endfacet
   facet normal -9.410965e-001 1.387856e-001 3.083438e-001
      outer loop
         vertex 7.640651e+000 -8.972759e+000 5.564289e+000
         vertex 7.476774e+000 -7.930465e+000 4.431888e+000
         vertex 7.249677e+000 -8.972759e+000 4.431888e+000
      endloop
   endfacet
   facet normal -9.127246e-001 -1.263021e-001 3.885635e-001
      outer loop
         vertex 7.640651e+000 -8.972759e+000 5.564289e+000
         vertex 7.249677e+000 -8.972759e+000 4.431888e+000
         vertex 7.832309e+000 -9.852405e+000 5.564289e+000
      endloop
   endfacet
   facet normal -9.135308e-001 -2.653029e-001 3.083439e-001
      outer loop
         vertex 7.832309e+000 -9.852405e+000 5.564289e+000
         vertex 7.249677e+000 -8.972759e+000 4.431888e+000
         vertex 7.476774e+000 -1.001505e+001 4.431888e+000
      endloop
   endfacet
   facet normal -7.774504e-001 -4.945596e-001 3.885635e-001
      outer loop
         vertex 7.832309e+000 -9.852405e+000 5.564289e+000
         vertex 7.476774e+000 -1.001505e+001 4.431888e+000
         vertex 8.372539e+000 -1.057258e+001 5.564289e+000
      endloop
   endfacet
   facet normal -7.203574e-001 -6.212965e-001 3.083439e-001
      outer loop
         vertex 8.372539e+000 -1.057258e+001 5.564289e+000
         vertex 7.476774e+000 -1.001505e+001 4.431888e+000
         vertex 8.116895e+000 -1.086840e+001 4.431888e+000
      endloop
   endfacet
   facet normal -5.012377e-001 -7.731618e-001 3.885635e-001
      outer loop
         vertex 8.372539e+000 -1.057258e+001 5.564289e+000
         vertex 8.116895e+000 -1.086840e+001 4.431888e+000
         vertex 9.163406e+000 -1.100274e+001 5.564289e+000
      endloop
   endfacet
   facet normal -3.965954e-001 -8.646596e-001 3.083438e-001
      outer loop
         vertex 9.163406e+000 -1.100274e+001 5.564289e+000
         vertex 8.116895e+000 -1.086840e+001 4.431888e+000
         vertex 9.053997e+000 -1.137810e+001 4.431888e+000
      endloop
   endfacet
   facet normal -1.764365e-001 -9.059747e-001 3.848117e-001
      outer loop
         vertex 9.163406e+000 -1.100274e+001 5.564289e+000
         vertex 9.053997e+000 -1.137810e+001 4.431888e+000
         vertex 9.755114e+000 -1.108722e+001 5.564289e+000
      endloop
   endfacet
   facet normal -9.242857e-002 -9.478341e-001 3.050697e-001
      outer loop
         vertex 9.755114e+000 -1.108722e+001 5.564289e+000
         vertex 9.053997e+000 -1.137810e+001 4.431888e+000
         vertex 9.754635e+000 -1.144957e+001 4.422800e+000
      endloop
   endfacet
   facet normal -6.514172e-002 7.578847e-001 6.491281e-001
      outer loop
         vertex 9.755114e+000 -7.352820e+000 6.239443e+000
         vertex 9.755114e+000 -6.858298e+000 5.564289e+000
         vertex 9.301793e+000 -7.417541e+000 6.239443e+000
      endloop
   endfacet
   facet normal -1.497661e-001 8.158681e-001 5.585063e-001
      outer loop
         vertex 9.301793e+000 -7.417541e+000 6.239443e+000
         vertex 9.755114e+000 -6.858298e+000 5.564289e+000
         vertex 9.163406e+000 -6.942777e+000 5.564289e+000
      endloop
   endfacet
   facet normal -3.036760e-001 6.935645e-001 6.532604e-001
      outer loop
         vertex 9.301793e+000 -7.417541e+000 6.239443e+000
         vertex 9.163406e+000 -6.942777e+000 5.564289e+000
         vertex 8.695890e+000 -7.747096e+000 6.239443e+000
      endloop
   endfacet
   facet normal -4.380743e-001 7.006885e-001 5.631399e-001
      outer loop
         vertex 8.695890e+000 -7.747096e+000 6.239443e+000
         vertex 9.163406e+000 -6.942777e+000 5.564289e+000
         vertex 8.372539e+000 -7.372935e+000 5.564289e+000
      endloop
   endfacet
   facet normal -5.646825e-001 5.043654e-001 6.532604e-001
      outer loop
         vertex 8.695890e+000 -7.747096e+000 6.239443e+000
         vertex 8.372539e+000 -7.372935e+000 5.564289e+000
         vertex 8.282007e+000 -8.298843e+000 6.239443e+000
      endloop
   endfacet
   facet normal -6.898624e-001 4.549322e-001 5.631399e-001
      outer loop
         vertex 8.282007e+000 -8.298843e+000 6.239443e+000
         vertex 8.372539e+000 -7.372935e+000 5.564289e+000
         vertex 7.832309e+000 -8.093115e+000 5.564289e+000
      endloop
   endfacet
   facet normal -7.233216e-001 2.237334e-001 6.532605e-001
      outer loop
         vertex 8.282007e+000 -8.298843e+000 6.239443e+000
         vertex 7.832309e+000 -8.093115e+000 5.564289e+000
         vertex 8.135174e+000 -8.972759e+000 6.239443e+000
      endloop
   endfacet
   facet normal -8.165901e-001 1.267044e-001 5.631399e-001
      outer loop
         vertex 8.135174e+000 -8.972759e+000 6.239443e+000
         vertex 7.832309e+000 -8.093115e+000 5.564289e+000
         vertex 7.640651e+000 -8.972759e+000 5.564289e+000
      endloop
   endfacet
   facet normal -7.508347e-001 -9.745763e-002 6.532604e-001
      outer loop
         vertex 8.135174e+000 -8.972759e+000 6.239443e+000
         vertex 7.640651e+000 -8.972759e+000 5.564289e+000
         vertex 8.282007e+000 -9.646676e+000 6.239443e+000
      endloop
   endfacet
   facet normal -7.952839e-001 -2.244928e-001 5.631399e-001
      outer loop
         vertex 8.282007e+000 -9.646676e+000 6.239443e+000
         vertex 7.640651e+000 -8.972759e+000 5.564289e+000
         vertex 7.832309e+000 -9.852405e+000 5.564289e+000
      endloop
   endfacet
   facet normal -6.422343e-001 -4.009813e-001 6.532604e-001
      outer loop
         vertex 8.282007e+000 -9.646676e+000 6.239443e+000
         vertex 7.832309e+000 -9.852405e+000 5.564289e+000
         vertex 8.695890e+000 -1.019842e+001 6.239443e+000
      endloop
   endfacet
   facet normal -6.298061e-001 -5.349932e-001 5.631399e-001
      outer loop
         vertex 8.695890e+000 -1.019842e+001 6.239443e+000
         vertex 7.832309e+000 -9.852405e+000 5.564289e+000
         vertex 8.372539e+000 -1.057258e+001 5.564289e+000
      endloop
   endfacet
   facet normal -4.172075e-001 -6.318138e-001 6.532604e-001
      outer loop
         vertex 8.695890e+000 -1.019842e+001 6.239443e+000
         vertex 8.372539e+000 -1.057258e+001 5.564289e+000
         vertex 9.301793e+000 -1.052798e+001 6.239443e+000
      endloop
   endfacet
   facet normal -3.501552e-001 -7.485084e-001 5.631399e-001
      outer loop
         vertex 9.301793e+000 -1.052798e+001 6.239443e+000
         vertex 8.372539e+000 -1.057258e+001 5.564289e+000
         vertex 9.163406e+000 -1.100274e+001 5.564289e+000
      endloop
   endfacet
   facet normal -1.495458e-001 -7.458342e-001 6.491281e-001
      outer loop
         vertex 9.301793e+000 -1.052798e+001 6.239443e+000
         vertex 9.163406e+000 -1.100274e+001 5.564289e+000
         vertex 9.755114e+000 -1.059270e+001 6.239443e+000
      endloop
   endfacet
   facet normal -8.452842e-002 -8.251822e-001 5.585063e-001
      outer loop
         vertex 9.755114e+000 -1.059270e+001 6.239443e+000
         vertex 9.163406e+000 -1.100274e+001 5.564289e+000
         vertex 9.755114e+000 -1.108722e+001 5.564289e+000
      endloop
   endfacet
   facet normal -3.288041e-002 4.635602e-001 8.854551e-001
      outer loop
         vertex 9.755114e+000 -8.028950e+000 6.656844e+000
         vertex 9.755114e+000 -7.352820e+000 6.239443e+000
         vertex 9.490999e+000 -8.066658e+000 6.656844e+000
      endloop
   endfacet
   facet normal -9.831464e-002 5.709284e-001 8.150920e-001
      outer loop
         vertex 9.490999e+000 -8.066658e+000 6.656844e+000
         vertex 9.755114e+000 -7.352820e+000 6.239443e+000
         vertex 9.301793e+000 -7.417541e+000 6.239443e+000
      endloop
   endfacet
   facet normal -1.753496e-001 4.265351e-001 8.873107e-001
      outer loop
         vertex 9.490999e+000 -8.066658e+000 6.656844e+000
         vertex 9.301793e+000 -7.417541e+000 6.239443e+000
         vertex 9.137988e+000 -8.258663e+000 6.656844e+000
      endloop
   endfacet
   facet normal -2.963369e-001 4.921732e-001 8.185047e-001
      outer loop
         vertex 9.137988e+000 -8.258663e+000 6.656844e+000
         vertex 9.301793e+000 -7.417541e+000 6.239443e+000
         vertex 8.695890e+000 -7.747096e+000 6.239443e+000
      endloop
   endfacet
   facet normal -3.369000e-001 3.149255e-001 8.873107e-001
      outer loop
         vertex 9.137988e+000 -8.258663e+000 6.656844e+000
         vertex 8.695890e+000 -7.747096e+000 6.239443e+000
         vertex 8.896852e+000 -8.580122e+000 6.656844e+000
      endloop
   endfacet
   facet normal -4.742272e-001 3.242818e-001 8.185047e-001
      outer loop
         vertex 8.896852e+000 -8.580122e+000 6.656844e+000
         vertex 8.695890e+000 -7.747096e+000 6.239443e+000
         vertex 8.282007e+000 -8.298843e+000 6.239443e+000
      endloop
   endfacet
   facet normal -4.373761e-001 1.462252e-001 8.873107e-001
      outer loop
         vertex 8.896852e+000 -8.580122e+000 6.656844e+000
         vertex 8.282007e+000 -8.298843e+000 6.239443e+000
         vertex 8.811303e+000 -8.972759e+000 6.656844e+000
      endloop
   endfacet
   facet normal -5.661480e-001 9.760346e-002 8.185047e-001
      outer loop
         vertex 8.811303e+000 -8.972759e+000 6.656844e+000
         vertex 8.282007e+000 -8.298843e+000 6.239443e+000
         vertex 8.135174e+000 -8.972759e+000 6.239443e+000
      endloop
   endfacet
   facet normal -4.585633e-001 -4.898319e-002 8.873107e-001
      outer loop
         vertex 8.811303e+000 -8.972759e+000 6.656844e+000
         vertex 8.135174e+000 -8.972759e+000 6.239443e+000
         vertex 8.896852e+000 -9.365397e+000 6.656844e+000
      endloop
   endfacet
   facet normal -5.554358e-001 -1.467687e-001 8.185047e-001
      outer loop
         vertex 8.896852e+000 -9.365397e+000 6.656844e+000
         vertex 8.135174e+000 -8.972759e+000 6.239443e+000
         vertex 8.282007e+000 -9.646676e+000 6.239443e+000
      endloop
   endfacet
   facet normal -3.966208e-001 -2.353118e-001 8.873107e-001
      outer loop
         vertex 8.896852e+000 -9.365397e+000 6.656844e+000
         vertex 8.282007e+000 -9.646676e+000 6.239443e+000
         vertex 9.137988e+000 -9.686856e+000 6.656844e+000
      endloop
   endfacet
   facet normal -4.440326e-001 -3.645341e-001 8.185047e-001
      outer loop
         vertex 9.137988e+000 -9.686856e+000 6.656844e+000
         vertex 8.282007e+000 -9.646676e+000 6.239443e+000
         vertex 8.695890e+000 -1.019842e+001 6.239443e+000
      endloop
   endfacet
   facet normal -2.627776e-001 -3.789824e-001 8.873107e-001
      outer loop
         vertex 9.137988e+000 -9.686856e+000 6.656844e+000
         vertex 8.695890e+000 -1.019842e+001 6.239443e+000
         vertex 9.490999e+000 -9.878861e+000 6.656844e+000
      endloop
   endfacet
   facet normal -2.521337e-001 -5.162157e-001 8.185048e-001
      outer loop
         vertex 9.490999e+000 -9.878861e+000 6.656844e+000
         vertex 8.695890e+000 -1.019842e+001 6.239443e+000
         vertex 9.301793e+000 -1.052798e+001 6.239443e+000
      endloop
   endfacet
   facet normal -9.815502e-002 -4.542409e-001 8.854551e-001
      outer loop
         vertex 9.490999e+000 -9.878861e+000 6.656844e+000
         vertex 9.301793e+000 -1.052798e+001 6.239443e+000
         vertex 9.755114e+000 -9.916569e+000 6.656844e+000
      endloop
   endfacet
   facet normal -6.538076e-002 -5.756304e-001 8.150920e-001
      outer loop
         vertex 9.755114e+000 -9.916569e+000 6.656844e+000
         vertex 9.301793e+000 -1.052798e+001 6.239443e+000
         vertex 9.755114e+000 -1.059270e+001 6.239443e+000
      endloop
   endfacet
   facet normal 1.091974e-001 -2.007645e-001 9.735346e-001
      outer loop
         vertex 9.755114e+000 -8.972759e+000 6.808867e+000
         vertex 1.001923e+001 -9.878861e+000 6.656844e+000
         vertex 1.037224e+001 -9.686856e+000 6.656844e+000
      endloop
   endfacet
   facet normal 2.233010e-001 4.865310e-002 9.735346e-001
      outer loop
         vertex 9.755114e+000 -8.972759e+000 6.808867e+000
         vertex 1.069892e+001 -8.972759e+000 6.656844e+000
         vertex 1.061337e+001 -8.580122e+000 6.656844e+000
      endloop
   endfacet
   facet normal 2.233010e-001 -4.865310e-002 9.735346e-001
      outer loop
         vertex 1.061337e+001 -9.365397e+000 6.656844e+000
         vertex 1.069892e+001 -8.972759e+000 6.656844e+000
         vertex 9.755114e+000 -8.972759e+000 6.808867e+000
      endloop
   endfacet
   facet normal 1.828203e-001 -1.371393e-001 9.735346e-001
      outer loop
         vertex 1.037224e+001 -9.686856e+000 6.656844e+000
         vertex 1.061337e+001 -9.365397e+000 6.656844e+000
         vertex 9.755114e+000 -8.972759e+000 6.808867e+000
      endloop
   endfacet
   facet normal 3.270461e-002 2.290703e-001 9.728603e-001
      outer loop
         vertex 9.755114e+000 -8.972759e+000 6.808867e+000
         vertex 1.001923e+001 -8.066658e+000 6.656844e+000
         vertex 9.755114e+000 -8.028950e+000 6.656844e+000
      endloop
   endfacet
   facet normal 1.091974e-001 2.007645e-001 9.735346e-001
      outer loop
         vertex 1.037224e+001 -8.258663e+000 6.656844e+000
         vertex 1.001923e+001 -8.066658e+000 6.656844e+000
         vertex 9.755114e+000 -8.972759e+000 6.808867e+000
      endloop
   endfacet
   facet normal 1.828203e-001 1.371393e-001 9.735346e-001
      outer loop
         vertex 1.061337e+001 -8.580122e+000 6.656844e+000
         vertex 1.037224e+001 -8.258663e+000 6.656844e+000
         vertex 9.755114e+000 -8.972759e+000 6.808867e+000
      endloop
   endfacet
   facet normal 3.270461e-002 -2.290703e-001 9.728603e-001
      outer loop
         vertex 9.755114e+000 -9.916569e+000 6.656844e+000
         vertex 1.001923e+001 -9.878861e+000 6.656844e+000
         vertex 9.755114e+000 -8.972759e+000 6.808867e+000
      endloop
   endfacet
   facet normal 5.452285e-002 9.747697e-001 2.164515e-001
      outer loop
         vertex 9.755625e+000 -6.428104e+000 4.367594e+000
         vertex 9.755594e+000 -6.453060e+000 4.437016e+000
         vertex 1.017235e+001 -6.502375e+000 4.367594e+000
      endloop
   endfacet
   facet normal 1.461960e-001 9.644115e-001 2.203114e-001
      outer loop
         vertex 1.017235e+001 -6.502375e+000 4.367594e+000
         vertex 9.755594e+000 -6.453060e+000 4.437016e+000
         vertex 1.045623e+001 -6.567423e+000 4.431888e+000
      endloop
   endfacet
   facet normal 4.795974e-001 8.487964e-001 2.225558e-001
      outer loop
         vertex 1.139333e+001 -7.077120e+000 4.431888e+000
         vertex 1.103467e+001 -6.866121e+000 4.367595e+000
         vertex 1.045623e+001 -6.567423e+000 4.431888e+000
      endloop
   endfacet
   facet normal 3.536856e-001 9.096074e-001 2.179931e-001
      outer loop
         vertex 1.045623e+001 -6.567423e+000 4.431888e+000
         vertex 1.103467e+001 -6.866121e+000 4.367595e+000
         vertex 1.046023e+001 -6.553681e+000 4.367595e+000
      endloop
   endfacet
   facet normal 2.366722e-001 9.471962e-001 2.163460e-001
      outer loop
         vertex 1.045623e+001 -6.567423e+000 4.431888e+000
         vertex 1.046023e+001 -6.553681e+000 4.367595e+000
         vertex 1.017235e+001 -6.502375e+000 4.367594e+000
      endloop
   endfacet
   facet normal 7.795231e-001 5.855125e-001 2.225283e-001
      outer loop
         vertex 1.203345e+001 -7.930465e+000 4.431888e+000
         vertex 1.172183e+001 -7.491741e+000 4.367595e+000
         vertex 1.139333e+001 -7.077120e+000 4.431888e+000
      endloop
   endfacet
   facet normal 6.888596e-001 6.915035e-001 2.174751e-001
      outer loop
         vertex 1.139333e+001 -7.077120e+000 4.431888e+000
         vertex 1.172183e+001 -7.491741e+000 4.367595e+000
         vertex 1.140269e+001 -7.066290e+000 4.367595e+000
      endloop
   endfacet
   facet normal 5.962627e-001 7.728913e-001 2.170482e-001
      outer loop
         vertex 1.139333e+001 -7.077120e+000 4.431888e+000
         vertex 1.140269e+001 -7.066290e+000 4.367595e+000
         vertex 1.103467e+001 -6.866121e+000 4.367595e+000
      endloop
   endfacet
   facet normal 9.762909e-001 6.638835e-003 2.163610e-001
      outer loop
         vertex 1.224098e+001 -8.966708e+000 4.367594e+000
         vertex 1.224924e+001 -8.921903e+000 4.367594e+000
         vertex 1.226055e+001 -8.972759e+000 4.431888e+000
      endloop
   endfacet
   facet normal 9.716375e-001 9.127139e-002 2.181513e-001
      outer loop
         vertex 1.226055e+001 -8.972759e+000 4.431888e+000
         vertex 1.224924e+001 -8.921903e+000 4.367594e+000
         vertex 1.213057e+001 -8.338188e+000 4.367594e+000
      endloop
   endfacet
   facet normal 9.491706e-001 2.225309e-001 2.226099e-001
      outer loop
         vertex 1.226055e+001 -8.972759e+000 4.431888e+000
         vertex 1.213057e+001 -8.338188e+000 4.367594e+000
         vertex 1.203345e+001 -7.930465e+000 4.431888e+000
      endloop
   endfacet
   facet normal 9.089937e-001 3.557982e-001 2.171133e-001
      outer loop
         vertex 1.203345e+001 -7.930465e+000 4.431888e+000
         vertex 1.213057e+001 -8.338188e+000 4.367594e+000
         vertex 1.204647e+001 -7.924510e+000 4.367595e+000
      endloop
   endfacet
   facet normal 8.560604e-001 4.688806e-001 2.175119e-001
      outer loop
         vertex 1.203345e+001 -7.930465e+000 4.431888e+000
         vertex 1.204647e+001 -7.924510e+000 4.367595e+000
         vertex 1.172183e+001 -7.491741e+000 4.367595e+000
      endloop
   endfacet
   facet normal 9.733220e-001 -7.175857e-002 2.179335e-001
      outer loop
         vertex 1.224098e+001 -8.966708e+000 4.367594e+000
         vertex 1.226055e+001 -8.972759e+000 4.431888e+000
         vertex 1.214093e+001 -9.509008e+000 4.367594e+000
      endloop
   endfacet
   facet normal 9.520788e-001 -2.096590e-001 2.226862e-001
      outer loop
         vertex 1.214093e+001 -9.509008e+000 4.367594e+000
         vertex 1.226055e+001 -8.972759e+000 4.431888e+000
         vertex 1.203345e+001 -1.001505e+001 4.431888e+000
      endloop
   endfacet
   facet normal 9.135350e-001 -3.436722e-001 2.175849e-001
      outer loop
         vertex 1.214093e+001 -9.509008e+000 4.367594e+000
         vertex 1.203345e+001 -1.001505e+001 4.431888e+000
         vertex 1.204647e+001 -1.002101e+001 4.367595e+000
      endloop
   endfacet
   facet normal 8.611624e-001 -4.595911e-001 2.171993e-001
      outer loop
         vertex 1.204647e+001 -1.002101e+001 4.367595e+000
         vertex 1.203345e+001 -1.001505e+001 4.431888e+000
         vertex 1.177017e+001 -1.038934e+001 4.367595e+000
      endloop
   endfacet
   facet normal 7.859622e-001 -5.768358e-001 2.225398e-001
      outer loop
         vertex 1.177017e+001 -1.038934e+001 4.367595e+000
         vertex 1.203345e+001 -1.001505e+001 4.431888e+000
         vertex 1.139333e+001 -1.086840e+001 4.431888e+000
      endloop
   endfacet
   facet normal 6.962636e-001 -6.839412e-001 2.178105e-001
      outer loop
         vertex 1.177017e+001 -1.038934e+001 4.367595e+000
         vertex 1.139333e+001 -1.086840e+001 4.431888e+000
         vertex 1.140269e+001 -1.087923e+001 4.367595e+000
      endloop
   endfacet
   facet normal 6.012787e-001 -7.690424e-001 2.168818e-001
      outer loop
         vertex 1.140269e+001 -1.087923e+001 4.367595e+000
         vertex 1.139333e+001 -1.086840e+001 4.431888e+000
         vertex 1.107693e+001 -1.105641e+001 4.367595e+000
      endloop
   endfacet
   facet normal 4.851842e-001 -8.456081e-001 2.225830e-001
      outer loop
         vertex 1.107693e+001 -1.105641e+001 4.367595e+000
         vertex 1.139333e+001 -1.086840e+001 4.431888e+000
         vertex 1.045623e+001 -1.137810e+001 4.431888e+000
      endloop
   endfacet
   facet normal 3.595200e-001 -9.072642e-001 2.182130e-001
      outer loop
         vertex 1.107693e+001 -1.105641e+001 4.367595e+000
         vertex 1.045623e+001 -1.137810e+001 4.431888e+000
         vertex 1.046023e+001 -1.139184e+001 4.367595e+000
      endloop
   endfacet
   facet normal 2.386698e-001 -9.466615e-001 2.164917e-001
      outer loop
         vertex 1.046023e+001 -1.139184e+001 4.367595e+000
         vertex 1.045623e+001 -1.137810e+001 4.431888e+000
         vertex 1.018466e+001 -1.142123e+001 4.367594e+000
      endloop
   endfacet
   facet normal 1.481231e-001 -9.640735e-001 2.205034e-001
      outer loop
         vertex 1.018466e+001 -1.142123e+001 4.367594e+000
         vertex 1.045623e+001 -1.137810e+001 4.431888e+000
         vertex 9.754635e+000 -1.144957e+001 4.422800e+000
      endloop
   endfacet
   facet normal 5.631723e-002 -9.745144e-001 2.171405e-001
      outer loop
         vertex 1.018466e+001 -1.142123e+001 4.367594e+000
         vertex 9.754635e+000 -1.144957e+001 4.422800e+000
         vertex 9.754611e+000 -1.146709e+001 4.367592e+000
      endloop
   endfacet
   facet normal 8.407575e-002 -9.191570e-001 3.848137e-001
      outer loop
         vertex 9.755114e+000 -1.108722e+001 5.564289e+000
         vertex 9.754635e+000 -1.144957e+001 4.422800e+000
         vertex 1.034682e+001 -1.100274e+001 5.564289e+000
      endloop
   endfacet
   facet normal 1.765047e-001 -9.358287e-001 3.050749e-001
      outer loop
         vertex 1.034682e+001 -1.100274e+001 5.564289e+000
         vertex 9.754635e+000 -1.144957e+001 4.422800e+000
         vertex 1.045623e+001 -1.137810e+001 4.431888e+000
      endloop
   endfacet
   facet normal 3.766710e-001 -8.409145e-001 3.885635e-001
      outer loop
         vertex 1.034682e+001 -1.100274e+001 5.564289e+000
         vertex 1.045623e+001 -1.137810e+001 4.431888e+000
         vertex 1.113769e+001 -1.057258e+001 5.564289e+000
      endloop
   endfacet
   facet normal 5.103440e-001 -8.027909e-001 3.083439e-001
      outer loop
         vertex 1.113769e+001 -1.057258e+001 5.564289e+000
         vertex 1.045623e+001 -1.137810e+001 4.431888e+000
         vertex 1.139333e+001 -1.086840e+001 4.431888e+000
      endloop
   endfacet
   facet normal 6.923608e-001 -6.079926e-001 3.885635e-001
      outer loop
         vertex 1.113769e+001 -1.057258e+001 5.564289e+000
         vertex 1.139333e+001 -1.086840e+001 4.431888e+000
         vertex 1.167792e+001 -9.852405e+000 5.564289e+000
      endloop
   endfacet
   facet normal 7.980573e-001 -5.177147e-001 3.083438e-001
      outer loop
         vertex 1.167792e+001 -9.852405e+000 5.564289e+000
         vertex 1.139333e+001 -1.086840e+001 4.431888e+000
         vertex 1.203345e+001 -1.001505e+001 4.431888e+000
      endloop
   endfacet
   facet normal 8.825372e-001 -2.648518e-001 3.885635e-001
      outer loop
         vertex 1.167792e+001 -9.852405e+000 5.564289e+000
         vertex 1.203345e+001 -1.001505e+001 4.431888e+000
         vertex 1.186957e+001 -8.972759e+000 5.564289e+000
      endloop
   endfacet
   facet normal 9.410965e-001 -1.387856e-001 3.083438e-001
      outer loop
         vertex 1.186957e+001 -8.972759e+000 5.564289e+000
         vertex 1.203345e+001 -1.001505e+001 4.431888e+000
         vertex 1.226055e+001 -8.972759e+000 4.431888e+000
      endloop
   endfacet
   facet normal 9.127246e-001 1.263021e-001 3.885635e-001
      outer loop
         vertex 1.186957e+001 -8.972759e+000 5.564289e+000
         vertex 1.226055e+001 -8.972759e+000 4.431888e+000
         vertex 1.167792e+001 -8.093115e+000 5.564289e+000
      endloop
   endfacet
   facet normal 9.135308e-001 2.653029e-001 3.083439e-001
      outer loop
         vertex 1.167792e+001 -8.093115e+000 5.564289e+000
         vertex 1.226055e+001 -8.972759e+000 4.431888e+000
         vertex 1.203345e+001 -7.930465e+000 4.431888e+000
      endloop
   endfacet
   facet normal 7.774504e-001 4.945596e-001 3.885635e-001
      outer loop
         vertex 1.167792e+001 -8.093115e+000 5.564289e+000
         vertex 1.203345e+001 -7.930465e+000 4.431888e+000
         vertex 1.113769e+001 -7.372935e+000 5.564289e+000
      endloop
   endfacet
   facet normal 7.203574e-001 6.212965e-001 3.083439e-001
      outer loop
         vertex 1.113769e+001 -7.372935e+000 5.564289e+000
         vertex 1.203345e+001 -7.930465e+000 4.431888e+000
         vertex 1.139333e+001 -7.077120e+000 4.431888e+000
      endloop
   endfacet
   facet normal 5.012377e-001 7.731618e-001 3.885635e-001
      outer loop
         vertex 1.113769e+001 -7.372935e+000 5.564289e+000
         vertex 1.139333e+001 -7.077120e+000 4.431888e+000
         vertex 1.034682e+001 -6.942777e+000 5.564289e+000
      endloop
   endfacet
   facet normal 3.965954e-001 8.646596e-001 3.083438e-001
      outer loop
         vertex 1.034682e+001 -6.942777e+000 5.564289e+000
         vertex 1.139333e+001 -7.077120e+000 4.431888e+000
         vertex 1.045623e+001 -6.567423e+000 4.431888e+000
      endloop
   endfacet
   facet normal 1.764365e-001 9.059747e-001 3.848117e-001
      outer loop
         vertex 1.034682e+001 -6.942777e+000 5.564289e+000
         vertex 1.045623e+001 -6.567423e+000 4.431888e+000
         vertex 9.755114e+000 -6.858298e+000 5.564289e+000
      endloop
   endfacet
   facet normal 9.242808e-002 9.478341e-001 3.050697e-001
      outer loop
         vertex 9.755114e+000 -6.858298e+000 5.564289e+000
         vertex 1.045623e+001 -6.567423e+000 4.431888e+000
         vertex 9.755594e+000 -6.453060e+000 4.437016e+000
      endloop
   endfacet
   facet normal 6.514172e-002 -7.578847e-001 6.491281e-001
      outer loop
         vertex 9.755114e+000 -1.059270e+001 6.239443e+000
         vertex 9.755114e+000 -1.108722e+001 5.564289e+000
         vertex 1.020843e+001 -1.052798e+001 6.239443e+000
      endloop
   endfacet
   facet normal 1.497661e-001 -8.158681e-001 5.585063e-001
      outer loop
         vertex 1.020843e+001 -1.052798e+001 6.239443e+000
         vertex 9.755114e+000 -1.108722e+001 5.564289e+000
         vertex 1.034682e+001 -1.100274e+001 5.564289e+000
      endloop
   endfacet
   facet normal 3.036760e-001 -6.935645e-001 6.532604e-001
      outer loop
         vertex 1.020843e+001 -1.052798e+001 6.239443e+000
         vertex 1.034682e+001 -1.100274e+001 5.564289e+000
         vertex 1.081434e+001 -1.019842e+001 6.239443e+000
      endloop
   endfacet
   facet normal 4.380743e-001 -7.006885e-001 5.631399e-001
      outer loop
         vertex 1.081434e+001 -1.019842e+001 6.239443e+000
         vertex 1.034682e+001 -1.100274e+001 5.564289e+000
         vertex 1.113769e+001 -1.057258e+001 5.564289e+000
      endloop
   endfacet
   facet normal 5.646825e-001 -5.043654e-001 6.532604e-001
      outer loop
         vertex 1.081434e+001 -1.019842e+001 6.239443e+000
         vertex 1.113769e+001 -1.057258e+001 5.564289e+000
         vertex 1.122822e+001 -9.646676e+000 6.239443e+000
      endloop
   endfacet
   facet normal 6.898624e-001 -4.549322e-001 5.631399e-001
      outer loop
         vertex 1.122822e+001 -9.646676e+000 6.239443e+000
         vertex 1.113769e+001 -1.057258e+001 5.564289e+000
         vertex 1.167792e+001 -9.852405e+000 5.564289e+000
      endloop
   endfacet
   facet normal 7.233216e-001 -2.237334e-001 6.532605e-001
      outer loop
         vertex 1.122822e+001 -9.646676e+000 6.239443e+000
         vertex 1.167792e+001 -9.852405e+000 5.564289e+000
         vertex 1.137505e+001 -8.972759e+000 6.239443e+000
      endloop
   endfacet
   facet normal 8.165901e-001 -1.267044e-001 5.631399e-001
      outer loop
         vertex 1.137505e+001 -8.972759e+000 6.239443e+000
         vertex 1.167792e+001 -9.852405e+000 5.564289e+000
         vertex 1.186957e+001 -8.972759e+000 5.564289e+000
      endloop
   endfacet
   facet normal 7.508347e-001 9.745763e-002 6.532604e-001
      outer loop
         vertex 1.137505e+001 -8.972759e+000 6.239443e+000
         vertex 1.186957e+001 -8.972759e+000 5.564289e+000
         vertex 1.122822e+001 -8.298843e+000 6.239443e+000
      endloop
   endfacet
   facet normal 7.952839e-001 2.244928e-001 5.631399e-001
      outer loop
         vertex 1.122822e+001 -8.298843e+000 6.239443e+000
         vertex 1.186957e+001 -8.972759e+000 5.564289e+000
         vertex 1.167792e+001 -8.093115e+000 5.564289e+000
      endloop
   endfacet
   facet normal 6.422343e-001 4.009813e-001 6.532604e-001
      outer loop
         vertex 1.122822e+001 -8.298843e+000 6.239443e+000
         vertex 1.167792e+001 -8.093115e+000 5.564289e+000
         vertex 1.081434e+001 -7.747096e+000 6.239443e+000
      endloop
   endfacet
   facet normal 6.298061e-001 5.349932e-001 5.631399e-001
      outer loop
         vertex 1.081434e+001 -7.747096e+000 6.239443e+000
         vertex 1.167792e+001 -8.093115e+000 5.564289e+000
         vertex 1.113769e+001 -7.372935e+000 5.564289e+000
      endloop
   endfacet
   facet normal 4.172075e-001 6.318138e-001 6.532604e-001
      outer loop
         vertex 1.081434e+001 -7.747096e+000 6.239443e+000
         vertex 1.113769e+001 -7.372935e+000 5.564289e+000
         vertex 1.020843e+001 -7.417541e+000 6.239443e+000
      endloop
   endfacet
   facet normal 3.501552e-001 7.485084e-001 5.631399e-001
      outer loop
         vertex 1.020843e+001 -7.417541e+000 6.239443e+000
         vertex 1.113769e+001 -7.372935e+000 5.564289e+000
         vertex 1.034682e+001 -6.942777e+000 5.564289e+000
      endloop
   endfacet
   facet normal 1.495458e-001 7.458342e-001 6.491281e-001
      outer loop
         vertex 1.020843e+001 -7.417541e+000 6.239443e+000
         vertex 1.034682e+001 -6.942777e+000 5.564289e+000
         vertex 9.755114e+000 -7.352820e+000 6.239443e+000
      endloop
   endfacet
   facet normal 8.452842e-002 8.251822e-001 5.585063e-001
      outer loop
         vertex 9.755114e+000 -7.352820e+000 6.239443e+000
         vertex 1.034682e+001 -6.942777e+000 5.564289e+000
         vertex 9.755114e+000 -6.858298e+000 5.564289e+000
      endloop
   endfacet
   facet normal 3.288041e-002 -4.635602e-001 8.854551e-001
      outer loop
         vertex 9.755114e+000 -9.916569e+000 6.656844e+000
         vertex 9.755114e+000 -1.059270e+001 6.239443e+000
         vertex 1.001923e+001 -9.878861e+000 6.656844e+000
      endloop
   endfacet
   facet normal 9.831464e-002 -5.709284e-001 8.150920e-001
      outer loop
         vertex 1.001923e+001 -9.878861e+000 6.656844e+000
         vertex 9.755114e+000 -1.059270e+001 6.239443e+000
         vertex 1.020843e+001 -1.052798e+001 6.239443e+000
      endloop
   endfacet
   facet normal 1.753496e-001 -4.265351e-001 8.873107e-001
      outer loop
         vertex 1.001923e+001 -9.878861e+000 6.656844e+000
         vertex 1.020843e+001 -1.052798e+001 6.239443e+000
         vertex 1.037224e+001 -9.686856e+000 6.656844e+000
      endloop
   endfacet
   facet normal 2.963369e-001 -4.921732e-001 8.185047e-001
      outer loop
         vertex 1.037224e+001 -9.686856e+000 6.656844e+000
         vertex 1.020843e+001 -1.052798e+001 6.239443e+000
         vertex 1.081434e+001 -1.019842e+001 6.239443e+000
      endloop
   endfacet
   facet normal 3.369000e-001 -3.149255e-001 8.873107e-001
      outer loop
         vertex 1.037224e+001 -9.686856e+000 6.656844e+000
         vertex 1.081434e+001 -1.019842e+001 6.239443e+000
         vertex 1.061337e+001 -9.365397e+000 6.656844e+000
      endloop
   endfacet
   facet normal 4.742272e-001 -3.242818e-001 8.185047e-001
      outer loop
         vertex 1.061337e+001 -9.365397e+000 6.656844e+000
         vertex 1.081434e+001 -1.019842e+001 6.239443e+000
         vertex 1.122822e+001 -9.646676e+000 6.239443e+000
      endloop
   endfacet
   facet normal 4.373761e-001 -1.462252e-001 8.873107e-001
      outer loop
         vertex 1.061337e+001 -9.365397e+000 6.656844e+000
         vertex 1.122822e+001 -9.646676e+000 6.239443e+000
         vertex 1.069892e+001 -8.972759e+000 6.656844e+000
      endloop
   endfacet
   facet normal 5.661480e-001 -9.760346e-002 8.185047e-001
      outer loop
         vertex 1.069892e+001 -8.972759e+000 6.656844e+000
         vertex 1.122822e+001 -9.646676e+000 6.239443e+000
         vertex 1.137505e+001 -8.972759e+000 6.239443e+000
      endloop
   endfacet
   facet normal 4.585633e-001 4.898319e-002 8.873107e-001
      outer loop
         vertex 1.069892e+001 -8.972759e+000 6.656844e+000
         vertex 1.137505e+001 -8.972759e+000 6.239443e+000
         vertex 1.061337e+001 -8.580122e+000 6.656844e+000
      endloop
   endfacet
   facet normal 5.554358e-001 1.467687e-001 8.185047e-001
      outer loop
         vertex 1.061337e+001 -8.580122e+000 6.656844e+000
         vertex 1.137505e+001 -8.972759e+000 6.239443e+000
         vertex 1.122822e+001 -8.298843e+000 6.239443e+000
      endloop
   endfacet
   facet normal 3.966208e-001 2.353118e-001 8.873107e-001
      outer loop
         vertex 1.061337e+001 -8.580122e+000 6.656844e+000
         vertex 1.122822e+001 -8.298843e+000 6.239443e+000
         vertex 1.037224e+001 -8.258663e+000 6.656844e+000
      endloop
   endfacet
   facet normal 4.440326e-001 3.645341e-001 8.185047e-001
      outer loop
         vertex 1.037224e+001 -8.258663e+000 6.656844e+000
         vertex 1.122822e+001 -8.298843e+000 6.239443e+000
         vertex 1.081434e+001 -7.747096e+000 6.239443e+000
      endloop
   endfacet
   facet normal 2.627776e-001 3.789824e-001 8.873107e-001
      outer loop
         vertex 1.037224e+001 -8.258663e+000 6.656844e+000
         vertex 1.081434e+001 -7.747096e+000 6.239443e+000
         vertex 1.001923e+001 -8.066658e+000 6.656844e+000
      endloop
   endfacet
   facet normal 2.521337e-001 5.162157e-001 8.185048e-001
      outer loop
         vertex 1.001923e+001 -8.066658e+000 6.656844e+000
         vertex 1.081434e+001 -7.747096e+000 6.239443e+000
         vertex 1.020843e+001 -7.417541e+000 6.239443e+000
      endloop
   endfacet
   facet normal 9.815502e-002 4.542409e-001 8.854551e-001
      outer loop
         vertex 1.001923e+001 -8.066658e+000 6.656844e+000
         vertex 1.020843e+001 -7.417541e+000 6.239443e+000
         vertex 9.755114e+000 -8.028950e+000 6.656844e+000
      endloop
   endfacet
   facet normal 6.538076e-002 5.756304e-001 8.150920e-001
      outer loop
         vertex 9.755114e+000 -8.028950e+000 6.656844e+000
         vertex 1.020843e+001 -7.417541e+000 6.239443e+000
         vertex 9.755114e+000 -7.352820e+000 6.239443e+000
      endloop
   endfacet
endsolid