solid leftup_д╛хо_sldprt
   facet normal 4.199094e-001 8.864272e-001 -1.947382e-001
      outer loop
         vertex 4.080802e+001 1.226111e+002 1.804752e+000
         vertex 4.080803e+001 1.226111e+002 1.804754e+000
         vertex 4.082095e+001 1.225922e+002 1.713973e+000
      endloop
   endfacet
   facet normal -2.949703e-001 9.068186e-001 -3.011189e-001
      outer loop
         vertex 3.991160e+001 1.226153e+002 1.674438e+000
         vertex 3.991161e+001 1.226153e+002 1.674439e+000
         vertex 3.991838e+001 1.226180e+002 1.579648e+000
      endloop
   endfacet
   facet normal 3.261192e-001 6.643635e-001 -6.725083e-001
      outer loop
         vertex 4.081021e+001 1.225285e+002 1.633792e+000
         vertex 4.038330e+001 1.226223e+002 1.558458e+000
         vertex 4.082095e+001 1.225922e+002 1.713973e+000
      endloop
   endfacet
   facet normal 2.274395e-001 7.776858e-001 -5.860682e-001
      outer loop
         vertex 4.082095e+001 1.225922e+002 1.713973e+000
         vertex 4.038330e+001 1.226223e+002 1.558458e+000
         vertex 4.037386e+001 1.226904e+002 1.635074e+000
      endloop
   endfacet
   facet normal 5.929195e-001 5.498032e-001 -5.883561e-001
      outer loop
         vertex 4.117990e+001 1.223002e+002 1.740354e+000
         vertex 4.081021e+001 1.225285e+002 1.633792e+000
         vertex 4.119393e+001 1.223337e+002 1.807912e+000
      endloop
   endfacet
   facet normal 5.247601e-001 6.683283e-001 -5.272230e-001
      outer loop
         vertex 4.119393e+001 1.223337e+002 1.807912e+000
         vertex 4.081021e+001 1.225285e+002 1.633792e+000
         vertex 4.082095e+001 1.225922e+002 1.713973e+000
      endloop
   endfacet
   facet normal 6.302094e-001 6.969875e-001 -3.421176e-001
      outer loop
         vertex 4.119393e+001 1.223337e+002 1.807912e+000
         vertex 4.082095e+001 1.225922e+002 1.713973e+000
         vertex 4.120080e+001 1.223502e+002 1.840986e+000
      endloop
   endfacet
   facet normal 5.329742e-001 8.091770e-001 -2.473278e-001
      outer loop
         vertex 4.120080e+001 1.223502e+002 1.840986e+000
         vertex 4.082095e+001 1.225922e+002 1.713973e+000
         vertex 4.080803e+001 1.226111e+002 1.804754e+000
      endloop
   endfacet
   facet normal 6.244180e-001 7.746644e-001 -9.998655e-002
      outer loop
         vertex 4.120080e+001 1.223502e+002 1.840986e+000
         vertex 4.080803e+001 1.226111e+002 1.804754e+000
         vertex 4.119731e+001 1.223629e+002 1.896980e+000
      endloop
   endfacet
   facet normal -8.357183e-003 1.026629e-001 -9.946811e-001
      outer loop
         vertex 3.966555e+001 1.222153e+002 1.440549e+000
         vertex 3.963324e+001 1.222528e+002 1.449932e+000
         vertex 3.998356e+001 1.224650e+002 1.465682e+000
      endloop
   endfacet
   facet normal 1.096081e-001 -1.040870e-001 -9.885100e-001
      outer loop
         vertex 3.969024e+001 1.221865e+002 1.445350e+000
         vertex 3.966555e+001 1.222153e+002 1.440549e+000
         vertex 4.002333e+001 1.223601e+002 1.468428e+000
      endloop
   endfacet
   facet normal 6.816359e-002 1.398088e-002 -9.975762e-001
      outer loop
         vertex 4.002333e+001 1.223601e+002 1.468428e+000
         vertex 3.966555e+001 1.222153e+002 1.440549e+000
         vertex 3.998356e+001 1.224650e+002 1.465682e+000
      endloop
   endfacet
   facet normal 1.013278e-001 -2.450012e-002 -9.945514e-001
      outer loop
         vertex 4.002333e+001 1.223601e+002 1.468428e+000
         vertex 3.998356e+001 1.224650e+002 1.465682e+000
         vertex 4.010601e+001 1.224031e+002 1.474156e+000
      endloop
   endfacet
   facet normal 2.287870e-001 -5.249329e-002 -9.720601e-001
      outer loop
         vertex 4.105379e+001 1.221474e+002 1.648282e+000
         vertex 4.098462e+001 1.222103e+002 1.629177e+000
         vertex 4.111653e+001 1.222160e+002 1.668399e+000
      endloop
   endfacet
   facet normal 2.763112e-001 6.450929e-002 -9.589007e-001
      outer loop
         vertex 4.111653e+001 1.222160e+002 1.668399e+000
         vertex 4.098462e+001 1.222103e+002 1.629177e+000
         vertex 4.078330e+001 1.224421e+002 1.584702e+000
      endloop
   endfacet
   facet normal 3.676247e-001 1.676696e-001 -9.147344e-001
      outer loop
         vertex 4.111653e+001 1.222160e+002 1.668399e+000
         vertex 4.078330e+001 1.224421e+002 1.584702e+000
         vertex 4.112613e+001 1.222265e+002 1.671478e+000
      endloop
   endfacet
   facet normal 1.912389e-001 -2.707717e-002 -9.811700e-001
      outer loop
         vertex 4.098462e+001 1.222103e+002 1.629177e+000
         vertex 4.073611e+001 1.223309e+002 1.575768e+000
         vertex 4.078330e+001 1.224421e+002 1.584702e+000
      endloop
   endfacet
   facet normal 1.912389e-001 -2.707719e-002 -9.811700e-001
      outer loop
         vertex 4.078330e+001 1.224421e+002 1.584702e+000
         vertex 4.073611e+001 1.223309e+002 1.575768e+000
         vertex 4.056966e+001 1.224117e+002 1.539996e+000
      endloop
   endfacet
   facet normal 1.941385e-001 9.974985e-002 -9.758894e-001
      outer loop
         vertex 4.078330e+001 1.224421e+002 1.584702e+000
         vertex 4.056966e+001 1.224117e+002 1.539996e+000
         vertex 4.038714e+001 1.225291e+002 1.514793e+000
      endloop
   endfacet
   facet normal 1.467021e-001 -1.729058e-002 -9.890296e-001
      outer loop
         vertex 4.038714e+001 1.225291e+002 1.514793e+000
         vertex 4.056966e+001 1.224117e+002 1.539996e+000
         vertex 4.038507e+001 1.224083e+002 1.513784e+000
      endloop
   endfacet
   facet normal -1.641592e-001 3.479194e-001 -9.230406e-001
      outer loop
         vertex 3.962909e+001 1.222576e+002 1.451137e+000
         vertex 3.958877e+001 1.223043e+002 1.462846e+000
         vertex 3.994841e+001 1.225532e+002 1.505536e+000
      endloop
   endfacet
   facet normal -3.045408e-001 5.099283e-001 -8.045048e-001
      outer loop
         vertex 3.994841e+001 1.225532e+002 1.505536e+000
         vertex 3.958877e+001 1.223043e+002 1.462846e+000
         vertex 3.952559e+001 1.223761e+002 1.538255e+000
      endloop
   endfacet
   facet normal -2.982676e-001 6.775743e-001 -6.722569e-001
      outer loop
         vertex 3.994841e+001 1.225532e+002 1.505536e+000
         vertex 3.952559e+001 1.223761e+002 1.538255e+000
         vertex 3.991838e+001 1.226180e+002 1.579648e+000
      endloop
   endfacet
   facet normal -4.349736e-001 6.964534e-001 -5.707456e-001
      outer loop
         vertex 3.991838e+001 1.226180e+002 1.579648e+000
         vertex 3.952559e+001 1.223761e+002 1.538255e+000
         vertex 3.951975e+001 1.223824e+002 1.556975e+000
      endloop
   endfacet
   facet normal -3.760628e-001 8.201266e-001 -4.312413e-001
      outer loop
         vertex 3.991838e+001 1.226180e+002 1.579648e+000
         vertex 3.951975e+001 1.223824e+002 1.556975e+000
         vertex 3.991160e+001 1.226153e+002 1.674438e+000
      endloop
   endfacet
   facet normal -4.971148e-001 7.804844e-001 -3.791053e-001
      outer loop
         vertex 3.991160e+001 1.226153e+002 1.674438e+000
         vertex 3.951975e+001 1.223824e+002 1.556975e+000
         vertex 3.950635e+001 1.223970e+002 1.600026e+000
      endloop
   endfacet
   facet normal -4.961351e-001 8.294445e-001 -2.566551e-001
      outer loop
         vertex 3.991160e+001 1.226153e+002 1.674438e+000
         vertex 3.950635e+001 1.223970e+002 1.600026e+000
         vertex 3.959942e+001 1.224939e+002 1.646835e+000
      endloop
   endfacet
   facet normal -5.982585e-001 7.578284e-001 -2.603517e-001
      outer loop
         vertex 3.959942e+001 1.224939e+002 1.646835e+000
         vertex 3.950635e+001 1.223970e+002 1.600026e+000
         vertex 3.949287e+001 1.224117e+002 1.643315e+000
      endloop
   endfacet
   facet normal 1.040359e-002 9.640304e-001 -2.655881e-001
      outer loop
         vertex 4.015598e+001 1.227104e+002 1.696046e+000
         vertex 4.035732e+001 1.226888e+002 1.728294e+000
         vertex 4.037386e+001 1.226904e+002 1.635074e+000
      endloop
   endfacet
   facet normal 6.522068e-002 9.641288e-001 -2.572973e-001
      outer loop
         vertex 4.037386e+001 1.226904e+002 1.635074e+000
         vertex 4.035732e+001 1.226888e+002 1.728294e+000
         vertex 4.035734e+001 1.226888e+002 1.728297e+000
      endloop
   endfacet
   facet normal 1.977545e-001 9.112020e-001 -3.613918e-001
      outer loop
         vertex 4.037386e+001 1.226904e+002 1.635074e+000
         vertex 4.035734e+001 1.226888e+002 1.728297e+000
         vertex 4.082095e+001 1.225922e+002 1.713973e+000
      endloop
   endfacet
   facet normal 2.865419e-001 9.319109e-001 -2.223417e-001
      outer loop
         vertex 4.082095e+001 1.225922e+002 1.713973e+000
         vertex 4.035734e+001 1.226888e+002 1.728297e+000
         vertex 4.075241e+001 1.226465e+002 1.791575e+000
      endloop
   endfacet
   facet normal 4.033305e-001 8.933368e-001 -1.981764e-001
      outer loop
         vertex 4.082095e+001 1.225922e+002 1.713973e+000
         vertex 4.075241e+001 1.226465e+002 1.791575e+000
         vertex 4.080802e+001 1.226111e+002 1.804752e+000
      endloop
   endfacet
   facet normal -5.732956e-002 1.592056e-001 -9.855795e-001
      outer loop
         vertex 3.963324e+001 1.222528e+002 1.449932e+000
         vertex 3.962909e+001 1.222576e+002 1.451137e+000
         vertex 3.998356e+001 1.224650e+002 1.465682e+000
      endloop
   endfacet
   facet normal -7.129338e-002 3.108124e-001 -9.477937e-001
      outer loop
         vertex 3.998356e+001 1.224650e+002 1.465682e+000
         vertex 3.962909e+001 1.222576e+002 1.451137e+000
         vertex 3.994841e+001 1.225532e+002 1.505536e+000
      endloop
   endfacet
   facet normal 9.417462e-003 4.677987e-001 -8.837849e-001
      outer loop
         vertex 3.998356e+001 1.224650e+002 1.465682e+000
         vertex 3.994841e+001 1.225532e+002 1.505536e+000
         vertex 4.038330e+001 1.226223e+002 1.558458e+000
      endloop
   endfacet
   facet normal -7.855836e-002 6.759629e-001 -7.327365e-001
      outer loop
         vertex 4.038330e+001 1.226223e+002 1.558458e+000
         vertex 3.994841e+001 1.225532e+002 1.505536e+000
         vertex 3.991838e+001 1.226180e+002 1.579648e+000
      endloop
   endfacet
   facet normal -3.106259e-003 7.842946e-001 -6.203809e-001
      outer loop
         vertex 4.038330e+001 1.226223e+002 1.558458e+000
         vertex 3.991838e+001 1.226180e+002 1.579648e+000
         vertex 4.037386e+001 1.226904e+002 1.635074e+000
      endloop
   endfacet
   facet normal -1.576998e-001 8.979372e-001 -4.109010e-001
      outer loop
         vertex 4.037386e+001 1.226904e+002 1.635074e+000
         vertex 3.991838e+001 1.226180e+002 1.579648e+000
         vertex 3.991161e+001 1.226153e+002 1.674439e+000
      endloop
   endfacet
   facet normal -1.134836e-001 9.524071e-001 -2.829171e-001
      outer loop
         vertex 4.037386e+001 1.226904e+002 1.635074e+000
         vertex 3.991161e+001 1.226153e+002 1.674439e+000
         vertex 4.015598e+001 1.227104e+002 1.696046e+000
      endloop
   endfacet
   facet normal 4.967871e-001 4.013989e-001 -7.694683e-001
      outer loop
         vertex 4.117990e+001 1.223002e+002 1.740354e+000
         vertex 4.112613e+001 1.222265e+002 1.671478e+000
         vertex 4.081021e+001 1.225285e+002 1.633792e+000
      endloop
   endfacet
   facet normal 3.724036e-001 3.118694e-001 -8.741012e-001
      outer loop
         vertex 4.081021e+001 1.225285e+002 1.633792e+000
         vertex 4.112613e+001 1.222265e+002 1.671478e+000
         vertex 4.078330e+001 1.224421e+002 1.584702e+000
      endloop
   endfacet
   facet normal 2.743813e-001 4.602039e-001 -8.443502e-001
      outer loop
         vertex 4.081021e+001 1.225285e+002 1.633792e+000
         vertex 4.078330e+001 1.224421e+002 1.584702e+000
         vertex 4.038330e+001 1.226223e+002 1.558458e+000
      endloop
   endfacet
   facet normal 1.926540e-001 3.527404e-001 -9.156739e-001
      outer loop
         vertex 4.038330e+001 1.226223e+002 1.558458e+000
         vertex 4.078330e+001 1.224421e+002 1.584702e+000
         vertex 4.038714e+001 1.225291e+002 1.514793e+000
      endloop
   endfacet
   facet normal 1.022085e-001 3.553329e-001 -9.291350e-001
      outer loop
         vertex 4.038330e+001 1.226223e+002 1.558458e+000
         vertex 4.038714e+001 1.225291e+002 1.514793e+000
         vertex 3.998356e+001 1.224650e+002 1.465682e+000
      endloop
   endfacet
   facet normal 1.041309e-001 1.023297e-001 -9.892853e-001
      outer loop
         vertex 3.998356e+001 1.224650e+002 1.465682e+000
         vertex 4.038714e+001 1.225291e+002 1.514793e+000
         vertex 4.038507e+001 1.224083e+002 1.513784e+000
      endloop
   endfacet
   facet normal 1.013278e-001 -2.450012e-002 -9.945514e-001
      outer loop
         vertex 3.998356e+001 1.224650e+002 1.465682e+000
         vertex 4.038507e+001 1.224083e+002 1.513784e+000
         vertex 4.010601e+001 1.224031e+002 1.474156e+000
      endloop
   endfacet
   facet normal -5.063574e-001 7.125515e-001 4.856670e-001
      outer loop
         vertex 3.949650e+001 1.224043e+002 1.774461e+000
         vertex 3.951945e+001 1.223763e+002 1.829261e+000
         vertex 3.989751e+001 1.226041e+002 1.857247e+000
      endloop
   endfacet
   facet normal -5.450354e-001 8.057658e-001 2.316849e-001
      outer loop
         vertex 3.989188e+001 1.226445e+002 1.762736e+000
         vertex 3.949549e+001 1.224064e+002 1.738000e+000
         vertex 3.949650e+001 1.224043e+002 1.774461e+000
      endloop
   endfacet
   facet normal -4.411794e-001 8.186932e-001 3.675625e-001
      outer loop
         vertex 3.949650e+001 1.224043e+002 1.774461e+000
         vertex 3.989751e+001 1.226041e+002 1.857247e+000
         vertex 3.989188e+001 1.226445e+002 1.762736e+000
      endloop
   endfacet
   facet normal -2.517593e-001 8.491489e-001 4.642881e-001
      outer loop
         vertex 3.989188e+001 1.226445e+002 1.762736e+000
         vertex 3.989751e+001 1.226041e+002 1.857247e+000
         vertex 4.033240e+001 1.226732e+002 1.910167e+000
      endloop
   endfacet
   facet normal -1.437849e-001 9.249551e-001 3.518294e-001
      outer loop
         vertex 3.989188e+001 1.226445e+002 1.762736e+000
         vertex 4.033240e+001 1.226732e+002 1.910167e+000
         vertex 4.034734e+001 1.227169e+002 1.818160e+000
      endloop
   endfacet
   facet normal -6.195819e-001 7.791204e-001 -9.533974e-002
      outer loop
         vertex 3.959942e+001 1.224939e+002 1.646835e+000
         vertex 3.949287e+001 1.224117e+002 1.643315e+000
         vertex 3.949506e+001 1.224073e+002 1.722148e+000
      endloop
   endfacet
   facet normal -5.533518e-001 8.168508e-001 1.629617e-001
      outer loop
         vertex 3.949549e+001 1.224064e+002 1.738000e+000
         vertex 3.989188e+001 1.226445e+002 1.762736e+000
         vertex 3.949506e+001 1.224073e+002 1.722148e+000
      endloop
   endfacet
   facet normal -4.489014e-001 8.925215e-001 4.350634e-002
      outer loop
         vertex 3.949506e+001 1.224073e+002 1.722148e+000
         vertex 3.989188e+001 1.226445e+002 1.762736e+000
         vertex 3.991160e+001 1.226153e+002 1.674438e+000
      endloop
   endfacet
   facet normal -5.171009e-001 8.512048e-001 -8.976158e-002
      outer loop
         vertex 3.949506e+001 1.224073e+002 1.722148e+000
         vertex 3.991160e+001 1.226153e+002 1.674438e+000
         vertex 3.959942e+001 1.224939e+002 1.646835e+000
      endloop
   endfacet
   facet normal 3.845670e-001 9.217680e-001 4.951762e-002
      outer loop
         vertex 4.080803e+001 1.226111e+002 1.804754e+000
         vertex 4.080802e+001 1.226111e+002 1.804752e+000
         vertex 4.079445e+001 1.226187e+002 1.897059e+000
      endloop
   endfacet
   facet normal 3.684755e-001 9.284859e-001 4.625854e-002
      outer loop
         vertex 4.079445e+001 1.226187e+002 1.897059e+000
         vertex 4.080802e+001 1.226111e+002 1.804752e+000
         vertex 4.075241e+001 1.226465e+002 1.791575e+000
      endloop
   endfacet
   facet normal -9.004230e-002 2.542034e-001 9.629502e-001
      outer loop
         vertex 4.058850e+001 1.224592e+002 2.054069e+000
         vertex 4.066667e+001 1.224116e+002 2.072276e+000
         vertex 4.071638e+001 1.225090e+002 2.047173e+000
      endloop
   endfacet
   facet normal -9.004235e-002 2.542035e-001 9.629502e-001
      outer loop
         vertex 4.071638e+001 1.225090e+002 2.047173e+000
         vertex 4.066667e+001 1.224116e+002 2.072276e+000
         vertex 4.098183e+001 1.222194e+002 2.145678e+000
      endloop
   endfacet
   facet normal 1.476751e-003 3.393432e-001 9.406614e-001
      outer loop
         vertex 4.071638e+001 1.225090e+002 2.047173e+000
         vertex 4.098183e+001 1.222194e+002 2.145678e+000
         vertex 4.105038e+001 1.222821e+002 2.125561e+000
      endloop
   endfacet
   facet normal -2.075443e-001 2.190458e-001 9.533857e-001
      outer loop
         vertex 3.957267e+001 1.223124e+002 1.907470e+000
         vertex 3.961827e+001 1.222584e+002 1.942746e+000
         vertex 3.969344e+001 1.223172e+002 1.945119e+000
      endloop
   endfacet
   facet normal -2.837964e-001 3.089889e-001 9.077364e-001
      outer loop
         vertex 3.957267e+001 1.223124e+002 1.907470e+000
         vertex 3.969344e+001 1.223172e+002 1.945119e+000
         vertex 3.956350e+001 1.223233e+002 1.900376e+000
      endloop
   endfacet
   facet normal -2.561089e-001 3.467226e-001 9.023257e-001
      outer loop
         vertex 3.956350e+001 1.223233e+002 1.900376e+000
         vertex 3.969344e+001 1.223172e+002 1.945119e+000
         vertex 3.991664e+001 1.225319e+002 1.928154e+000
      endloop
   endfacet
   facet normal -3.531490e-001 4.610691e-001 8.140646e-001
      outer loop
         vertex 3.956350e+001 1.223233e+002 1.900376e+000
         vertex 3.991664e+001 1.225319e+002 1.928154e+000
         vertex 3.954240e+001 1.223482e+002 1.884060e+000
      endloop
   endfacet
   facet normal -1.799538e-001 2.567794e-001 9.495688e-001
      outer loop
         vertex 3.969344e+001 1.223172e+002 1.945119e+000
         vertex 3.995303e+001 1.224232e+002 1.967334e+000
         vertex 3.991664e+001 1.225319e+002 1.928154e+000
      endloop
   endfacet
   facet normal -1.799538e-001 2.567794e-001 9.495688e-001
      outer loop
         vertex 3.991664e+001 1.225319e+002 1.928154e+000
         vertex 3.995303e+001 1.224232e+002 1.967334e+000
         vertex 4.012701e+001 1.224943e+002 1.982222e+000
      endloop
   endfacet
   facet normal -1.707071e-001 3.771629e-001 9.102786e-001
      outer loop
         vertex 3.991664e+001 1.225319e+002 1.928154e+000
         vertex 4.012701e+001 1.224943e+002 1.982222e+000
         vertex 4.032021e+001 1.225960e+002 1.977263e+000
      endloop
   endfacet
   facet normal -1.345808e-001 2.639896e-001 9.550903e-001
      outer loop
         vertex 4.032021e+001 1.225960e+002 1.977263e+000
         vertex 4.012701e+001 1.224943e+002 1.982222e+000
         vertex 4.031066e+001 1.224803e+002 2.010814e+000
      endloop
   endfacet
   facet normal 6.022730e-001 7.967149e-001 5.012593e-002
      outer loop
         vertex 4.119731e+001 1.223629e+002 1.896980e+000
         vertex 4.080803e+001 1.226111e+002 1.804754e+000
         vertex 4.118460e+001 1.223664e+002 1.952973e+000
      endloop
   endfacet
   facet normal 4.749142e-001 8.670424e-001 1.506452e-001
      outer loop
         vertex 4.118460e+001 1.223664e+002 1.952973e+000
         vertex 4.080803e+001 1.226111e+002 1.804754e+000
         vertex 4.079445e+001 1.226187e+002 1.897059e+000
      endloop
   endfacet
   facet normal 5.378721e-001 7.893246e-001 2.960748e-001
      outer loop
         vertex 4.118460e+001 1.223664e+002 1.952973e+000
         vertex 4.079445e+001 1.226187e+002 1.897059e+000
         vertex 4.116816e+001 1.223595e+002 1.986048e+000
      endloop
   endfacet
   facet normal 3.840953e-001 8.089913e-001 4.449764e-001
      outer loop
         vertex 4.116816e+001 1.223595e+002 1.986048e+000
         vertex 4.079445e+001 1.226187e+002 1.897059e+000
         vertex 4.075932e+001 1.225794e+002 1.985502e+000
      endloop
   endfacet
   facet normal 4.277771e-001 7.149456e-001 5.530457e-001
      outer loop
         vertex 4.116816e+001 1.223595e+002 1.986048e+000
         vertex 4.075932e+001 1.225794e+002 1.985502e+000
         vertex 4.113458e+001 1.223455e+002 2.053606e+000
      endloop
   endfacet
   facet normal 2.792432e-001 6.189437e-001 7.341198e-001
      outer loop
         vertex 4.113458e+001 1.223455e+002 2.053606e+000
         vertex 4.075932e+001 1.225794e+002 1.985502e+000
         vertex 4.106088e+001 1.222917e+002 2.122481e+000
      endloop
   endfacet
   facet normal 2.986883e-002 9.994687e-001 -1.304307e-002
      outer loop
         vertex 4.035734e+001 1.226888e+002 1.728297e+000
         vertex 4.035732e+001 1.226888e+002 1.728294e+000
         vertex 4.034734e+001 1.227169e+002 1.818160e+000
      endloop
   endfacet
   facet normal -2.435736e-002 9.994928e-001 -2.051327e-002
      outer loop
         vertex 4.034734e+001 1.227169e+002 1.818160e+000
         vertex 4.035732e+001 1.226888e+002 1.728294e+000
         vertex 4.015598e+001 1.227104e+002 1.696046e+000
      endloop
   endfacet
   facet normal -1.594178e-001 9.829203e-001 9.194452e-002
      outer loop
         vertex 4.034734e+001 1.227169e+002 1.818160e+000
         vertex 4.015598e+001 1.227104e+002 1.696046e+000
         vertex 3.989188e+001 1.226445e+002 1.762736e+000
      endloop
   endfacet
   facet normal -2.631666e-001 9.634738e-001 -4.961459e-002
      outer loop
         vertex 3.989188e+001 1.226445e+002 1.762736e+000
         vertex 4.015598e+001 1.227104e+002 1.696046e+000
         vertex 3.991161e+001 1.226153e+002 1.674439e+000
      endloop
   endfacet
   facet normal -3.303169e-001 9.421557e-001 -5.686340e-002
      outer loop
         vertex 3.989188e+001 1.226445e+002 1.762736e+000
         vertex 3.991161e+001 1.226153e+002 1.674439e+000
         vertex 3.991160e+001 1.226153e+002 1.674438e+000
      endloop
   endfacet
   facet normal 1.055336e-001 4.297612e-001 8.967541e-001
      outer loop
         vertex 4.105038e+001 1.222821e+002 2.125561e+000
         vertex 4.106088e+001 1.222917e+002 2.122481e+000
         vertex 4.071638e+001 1.225090e+002 2.047173e+000
      endloop
   endfacet
   facet normal 1.271982e-001 5.570743e-001 8.206636e-001
      outer loop
         vertex 4.071638e+001 1.225090e+002 2.047173e+000
         vertex 4.106088e+001 1.222917e+002 2.122481e+000
         vertex 4.075932e+001 1.225794e+002 1.985502e+000
      endloop
   endfacet
   facet normal 4.733238e-002 6.872463e-001 7.248809e-001
      outer loop
         vertex 4.071638e+001 1.225090e+002 2.047173e+000
         vertex 4.075932e+001 1.225794e+002 1.985502e+000
         vertex 4.033240e+001 1.226732e+002 1.910167e+000
      endloop
   endfacet
   facet normal 1.529204e-001 8.375551e-001 5.245159e-001
      outer loop
         vertex 4.033240e+001 1.226732e+002 1.910167e+000
         vertex 4.075932e+001 1.225794e+002 1.985502e+000
         vertex 4.079445e+001 1.226187e+002 1.897059e+000
      endloop
   endfacet
   facet normal 8.676212e-002 9.183502e-001 3.861414e-001
      outer loop
         vertex 4.033240e+001 1.226732e+002 1.910167e+000
         vertex 4.079445e+001 1.226187e+002 1.897059e+000
         vertex 4.034734e+001 1.227169e+002 1.818160e+000
      endloop
   endfacet
   facet normal 2.314163e-001 9.608832e-001 1.521510e-001
      outer loop
         vertex 4.034734e+001 1.227169e+002 1.818160e+000
         vertex 4.079445e+001 1.226187e+002 1.897059e+000
         vertex 4.075241e+001 1.226465e+002 1.791575e+000
      endloop
   endfacet
   facet normal 1.357060e-001 9.907366e-001 4.991393e-003
      outer loop
         vertex 4.034734e+001 1.227169e+002 1.818160e+000
         vertex 4.075241e+001 1.226465e+002 1.791575e+000
         vertex 4.035734e+001 1.226888e+002 1.728297e+000
      endloop
   endfacet
   facet normal -4.441846e-001 6.363653e-001 6.306657e-001
      outer loop
         vertex 3.951945e+001 1.223763e+002 1.829261e+000
         vertex 3.954240e+001 1.223482e+002 1.884060e+000
         vertex 3.989751e+001 1.226041e+002 1.857247e+000
      endloop
   endfacet
   facet normal -3.435681e-001 5.872340e-001 7.328829e-001
      outer loop
         vertex 3.989751e+001 1.226041e+002 1.857247e+000
         vertex 3.954240e+001 1.223482e+002 1.884060e+000
         vertex 3.991664e+001 1.225319e+002 1.928154e+000
      endloop
   endfacet
   facet normal -2.176329e-001 6.948375e-001 6.854464e-001
      outer loop
         vertex 3.989751e+001 1.226041e+002 1.857247e+000
         vertex 3.991664e+001 1.225319e+002 1.928154e+000
         vertex 4.033240e+001 1.226732e+002 1.910167e+000
      endloop
   endfacet
   facet normal -1.456852e-001 6.032165e-001 7.841593e-001
      outer loop
         vertex 4.033240e+001 1.226732e+002 1.910167e+000
         vertex 3.991664e+001 1.225319e+002 1.928154e+000
         vertex 4.032021e+001 1.225960e+002 1.977263e+000
      endloop
   endfacet
   facet normal -5.523922e-002 6.006252e-001 7.976203e-001
      outer loop
         vertex 4.033240e+001 1.226732e+002 1.910167e+000
         vertex 4.032021e+001 1.225960e+002 1.977263e+000
         vertex 4.071638e+001 1.225090e+002 2.047173e+000
      endloop
   endfacet
   facet normal -8.069901e-002 3.745842e-001 9.236744e-001
      outer loop
         vertex 4.071638e+001 1.225090e+002 2.047173e+000
         vertex 4.032021e+001 1.225960e+002 1.977263e+000
         vertex 4.031066e+001 1.224803e+002 2.010814e+000
      endloop
   endfacet
   facet normal -9.004226e-002 2.542034e-001 9.629502e-001
      outer loop
         vertex 4.071638e+001 1.225090e+002 2.047173e+000
         vertex 4.031066e+001 1.224803e+002 2.010814e+000
         vertex 4.058850e+001 1.224592e+002 2.054069e+000
      endloop
   endfacet
   facet normal -3.875379e-002 2.418014e-001 9.695516e-001
      outer loop
         vertex 4.220935e+001 1.209919e+002 2.500881e+000
         vertex 4.245749e+001 1.205710e+002 2.597678e+000
         vertex 4.228840e+001 1.210642e+002 2.477685e+000
      endloop
   endfacet
   facet normal 1.077862e-001 2.813837e-001 9.535226e-001
      outer loop
         vertex 4.228840e+001 1.210642e+002 2.477685e+000
         vertex 4.245749e+001 1.205710e+002 2.597678e+000
         vertex 4.256647e+001 1.205997e+002 2.583317e+000
      endloop
   endfacet
   facet normal 2.136501e-001 3.744061e-001 9.023157e-001
      outer loop
         vertex 4.228840e+001 1.210642e+002 2.477685e+000
         vertex 4.256647e+001 1.205997e+002 2.583317e+000
         vertex 4.229099e+001 1.210661e+002 2.475273e+000
      endloop
   endfacet
   facet normal 3.873488e-001 3.464628e-001 8.543562e-001
      outer loop
         vertex 4.229099e+001 1.210661e+002 2.475273e+000
         vertex 4.256647e+001 1.205997e+002 2.583317e+000
         vertex 4.266083e+001 1.206156e+002 2.521992e+000
      endloop
   endfacet
   facet normal 4.489820e-001 4.807391e-001 7.531965e-001
      outer loop
         vertex 4.229099e+001 1.210661e+002 2.475273e+000
         vertex 4.266083e+001 1.206156e+002 2.521992e+000
         vertex 4.236210e+001 1.211180e+002 2.408809e+000
      endloop
   endfacet
   facet normal 6.174982e-001 5.829381e-001 5.280901e-001
      outer loop
         vertex 4.236210e+001 1.211180e+002 2.408809e+000
         vertex 4.266083e+001 1.206156e+002 2.521992e+000
         vertex 4.241212e+001 1.211389e+002 2.308176e+000
      endloop
   endfacet
   facet normal 7.738069e-001 4.731739e-001 4.211050e-001
      outer loop
         vertex 4.241212e+001 1.211389e+002 2.308176e+000
         vertex 4.266083e+001 1.206156e+002 2.521992e+000
         vertex 4.272165e+001 1.206152e+002 2.425996e+000
      endloop
   endfacet
   facet normal 7.582321e-001 6.015659e-001 2.514016e-001
      outer loop
         vertex 4.241212e+001 1.211389e+002 2.308176e+000
         vertex 4.272165e+001 1.206152e+002 2.425996e+000
         vertex 4.241250e+001 1.211385e+002 2.305563e+000
      endloop
   endfacet
   facet normal 8.822548e-001 4.516864e-001 1.326873e-001
      outer loop
         vertex 4.241250e+001 1.211385e+002 2.305563e+000
         vertex 4.272165e+001 1.206152e+002 2.425996e+000
         vertex 4.273674e+001 1.205988e+002 2.314564e+000
      endloop
   endfacet
   facet normal 8.194623e-001 5.708658e-001 -5.092953e-002
      outer loop
         vertex 4.241250e+001 1.211385e+002 2.305563e+000
         vertex 4.273674e+001 1.205988e+002 2.314564e+000
         vertex 4.242833e+001 1.211227e+002 2.196189e+000
      endloop
   endfacet
   facet normal 8.097889e-001 4.781557e-001 -3.400134e-001
      outer loop
         vertex 4.242833e+001 1.211227e+002 2.196189e+000
         vertex 4.273674e+001 1.205988e+002 2.314564e+000
         vertex 4.240742e+001 1.210726e+002 2.095556e+000
      endloop
   endfacet
   facet normal 8.420165e-001 2.947149e-001 -4.518312e-001
      outer loop
         vertex 4.240742e+001 1.210726e+002 2.095556e+000
         vertex 4.273674e+001 1.205988e+002 2.314564e+000
         vertex 4.270307e+001 1.205696e+002 2.210030e+000
      endloop
   endfacet
   facet normal 7.118469e-001 3.569498e-001 -6.048643e-001
      outer loop
         vertex 4.240742e+001 1.210726e+002 2.095556e+000
         vertex 4.270307e+001 1.205696e+002 2.210030e+000
         vertex 4.240680e+001 1.210718e+002 2.094753e+000
      endloop
   endfacet
   facet normal 6.525727e-001 2.636324e-001 -7.103849e-001
      outer loop
         vertex 4.240680e+001 1.210718e+002 2.094753e+000
         vertex 4.270307e+001 1.205696e+002 2.210030e+000
         vertex 4.235366e+001 1.209989e+002 2.026681e+000
      endloop
   endfacet
   facet normal 6.112453e-001 1.030433e-001 -7.847046e-001
      outer loop
         vertex 4.235366e+001 1.209989e+002 2.026681e+000
         vertex 4.270307e+001 1.205696e+002 2.210030e+000
         vertex 4.262740e+001 1.205334e+002 2.133343e+000
      endloop
   endfacet
   facet normal 4.620344e-001 1.110332e-001 -8.798839e-001
      outer loop
         vertex 4.235366e+001 1.209989e+002 2.026681e+000
         vertex 4.262740e+001 1.205334e+002 2.133343e+000
         vertex 4.235322e+001 1.209985e+002 2.026540e+000
      endloop
   endfacet
   facet normal 2.779997e-001 -1.689848e-001 -9.456005e-001
      outer loop
         vertex 4.264251e+001 1.199797e+002 2.215650e+000
         vertex 4.254313e+001 1.199978e+002 2.174781e+000
         vertex 4.252945e+001 1.204990e+002 2.100282e+000
      endloop
   endfacet
   facet normal 2.202580e-001 -2.089519e-001 -9.527987e-001
      outer loop
         vertex 4.231859e+001 1.195543e+002 2.206458e+000
         vertex 4.254313e+001 1.199978e+002 2.174781e+000
         vertex 4.237646e+001 1.195049e+002 2.235271e+000
      endloop
   endfacet
   facet normal 3.548245e-001 -2.346557e-001 -9.050062e-001
      outer loop
         vertex 4.237646e+001 1.195049e+002 2.235271e+000
         vertex 4.254313e+001 1.199978e+002 2.174781e+000
         vertex 4.264251e+001 1.199797e+002 2.215650e+000
      endloop
   endfacet
   facet normal 4.496646e-001 -3.162793e-001 -8.353258e-001
      outer loop
         vertex 4.237646e+001 1.195049e+002 2.235271e+000
         vertex 4.264251e+001 1.199797e+002 2.215650e+000
         vertex 4.239161e+001 1.194922e+002 2.254537e+000
      endloop
   endfacet
   facet normal 6.209978e-001 -2.929138e-001 -7.270236e-001
      outer loop
         vertex 4.239161e+001 1.194922e+002 2.254537e+000
         vertex 4.264251e+001 1.199797e+002 2.215650e+000
         vertex 4.271940e+001 1.199715e+002 2.298933e+000
      endloop
   endfacet
   facet normal 6.599584e-001 -4.145056e-001 -6.266100e-001
      outer loop
         vertex 4.239161e+001 1.194922e+002 2.254537e+000
         vertex 4.271940e+001 1.199715e+002 2.298933e+000
         vertex 4.244535e+001 1.194472e+002 2.322890e+000
      endloop
   endfacet
   facet normal 7.775577e-001 -5.090376e-001 -3.691677e-001
      outer loop
         vertex 4.244535e+001 1.194472e+002 2.322890e+000
         vertex 4.271940e+001 1.199715e+002 2.298933e+000
         vertex 4.247446e+001 1.194245e+002 2.442842e+000
      endloop
   endfacet
   facet normal 8.948997e-001 -3.934247e-001 -2.106456e-001
      outer loop
         vertex 4.247446e+001 1.194245e+002 2.442842e+000
         vertex 4.271940e+001 1.199715e+002 2.298933e+000
         vertex 4.275374e+001 1.199757e+002 2.407175e+000
      endloop
   endfacet
   facet normal 8.495805e-001 -5.250420e-001 -5.043817e-002
      outer loop
         vertex 4.247446e+001 1.194245e+002 2.442842e+000
         vertex 4.275374e+001 1.199757e+002 2.407175e+000
         vertex 4.247395e+001 1.194250e+002 2.446376e+000
      endloop
   endfacet
   facet normal 9.251076e-001 -3.671688e-001 9.676280e-002
      outer loop
         vertex 4.247395e+001 1.194250e+002 2.446376e+000
         vertex 4.275374e+001 1.199757e+002 2.407175e+000
         vertex 4.273867e+001 1.199916e+002 2.518685e+000
      endloop
   endfacet
   facet normal 8.266174e-001 -4.923533e-001 2.725654e-001
      outer loop
         vertex 4.247395e+001 1.194250e+002 2.446376e+000
         vertex 4.273867e+001 1.199916e+002 2.518685e+000
         vertex 4.245667e+001 1.194423e+002 2.565805e+000
      endloop
   endfacet
   facet normal 7.911345e-001 -2.857218e-001 5.408043e-001
      outer loop
         vertex 4.245667e+001 1.194423e+002 2.565805e+000
         vertex 4.273867e+001 1.199916e+002 2.518685e+000
         vertex 4.267719e+001 1.200159e+002 2.611115e+000
      endloop
   endfacet
   facet normal 6.413462e-001 -3.690242e-001 6.726784e-001
      outer loop
         vertex 4.245667e+001 1.194423e+002 2.565805e+000
         vertex 4.267719e+001 1.200159e+002 2.611115e+000
         vertex 4.240607e+001 1.194875e+002 2.646240e+000
      endloop
   endfacet
   facet normal 5.466502e-001 -2.888339e-001 7.859698e-001
      outer loop
         vertex 4.240607e+001 1.194875e+002 2.646240e+000
         vertex 4.267719e+001 1.200159e+002 2.611115e+000
         vertex 4.239633e+001 1.194962e+002 2.661719e+000
      endloop
   endfacet
   facet normal 4.857295e-001 -1.378750e-001 8.631670e-001
      outer loop
         vertex 4.239633e+001 1.194962e+002 2.661719e+000
         vertex 4.267719e+001 1.200159e+002 2.611115e+000
         vertex 4.258164e+001 1.200438e+002 2.665941e+000
      endloop
   endfacet
   facet normal 3.191865e-001 -1.634298e-001 9.334938e-001
      outer loop
         vertex 4.239633e+001 1.194962e+002 2.661719e+000
         vertex 4.258164e+001 1.200438e+002 2.665941e+000
         vertex 4.233090e+001 1.195534e+002 2.695434e+000
      endloop
   endfacet
   facet normal 1.975926e-001 -5.912803e-002 9.784994e-001
      outer loop
         vertex 4.233090e+001 1.195534e+002 2.695434e+000
         vertex 4.258164e+001 1.200438e+002 2.665941e+000
         vertex 4.230819e+001 1.195732e+002 2.707137e+000
      endloop
   endfacet
   facet normal 8.586507e-002 3.888197e-002 9.955478e-001
      outer loop
         vertex 4.230819e+001 1.195732e+002 2.707137e+000
         vertex 4.258164e+001 1.200438e+002 2.665941e+000
         vertex 4.247116e+001 1.200697e+002 2.672177e+000
      endloop
   endfacet
   facet normal -6.161495e-002 7.292078e-002 9.954327e-001
      outer loop
         vertex 4.230819e+001 1.195732e+002 2.707137e+000
         vertex 4.247116e+001 1.200697e+002 2.672177e+000
         vertex 4.224663e+001 1.196262e+002 2.703854e+000
      endloop
   endfacet
   facet normal 2.412307e-001 -3.935722e-002 -9.696694e-001
      outer loop
         vertex 4.228131e+001 1.209199e+002 2.003485e+000
         vertex 4.235322e+001 1.209985e+002 2.026540e+000
         vertex 4.252945e+001 1.204990e+002 2.100282e+000
      endloop
   endfacet
   facet normal 3.734856e-001 6.861641e-003 -9.276106e-001
      outer loop
         vertex 4.252945e+001 1.204990e+002 2.100282e+000
         vertex 4.235322e+001 1.209985e+002 2.026540e+000
         vertex 4.262740e+001 1.205334e+002 2.133343e+000
      endloop
   endfacet
   facet normal 4.103813e-001 -1.230973e-001 -9.035675e-001
      outer loop
         vertex 4.252945e+001 1.204990e+002 2.100282e+000
         vertex 4.262740e+001 1.205334e+002 2.133343e+000
         vertex 4.264251e+001 1.199797e+002 2.215650e+000
      endloop
   endfacet
   facet normal 6.480562e-001 -2.836311e-002 -7.610642e-001
      outer loop
         vertex 4.264251e+001 1.199797e+002 2.215650e+000
         vertex 4.262740e+001 1.205334e+002 2.133343e+000
         vertex 4.270307e+001 1.205696e+002 2.210030e+000
      endloop
   endfacet
   facet normal 7.587596e-001 -1.112670e-001 -6.417970e-001
      outer loop
         vertex 4.264251e+001 1.199797e+002 2.215650e+000
         vertex 4.270307e+001 1.205696e+002 2.210030e+000
         vertex 4.271940e+001 1.199715e+002 2.298933e+000
      endloop
   endfacet
   facet normal 9.115115e-001 4.960537e-002 -4.082721e-001
      outer loop
         vertex 4.271940e+001 1.199715e+002 2.298933e+000
         vertex 4.270307e+001 1.205696e+002 2.210030e+000
         vertex 4.273674e+001 1.205988e+002 2.314564e+000
      endloop
   endfacet
   facet normal 9.672894e-001 -7.776511e-002 -2.414616e-001
      outer loop
         vertex 4.271940e+001 1.199715e+002 2.298933e+000
         vertex 4.273674e+001 1.205988e+002 2.314564e+000
         vertex 4.275374e+001 1.199757e+002 2.407175e+000
      endloop
   endfacet
   facet normal 9.922319e-001 1.189766e-001 3.633682e-002
      outer loop
         vertex 4.275374e+001 1.199757e+002 2.407175e+000
         vertex 4.273674e+001 1.205988e+002 2.314564e+000
         vertex 4.272165e+001 1.206152e+002 2.425996e+000
      endloop
   endfacet
   facet normal 9.761215e-001 -2.745747e-002 2.154830e-001
      outer loop
         vertex 4.275374e+001 1.199757e+002 2.407175e+000
         vertex 4.272165e+001 1.206152e+002 2.425996e+000
         vertex 4.273867e+001 1.199916e+002 2.518685e+000
      endloop
   endfacet
   facet normal 8.641995e-001 1.636531e-001 4.757907e-001
      outer loop
         vertex 4.273867e+001 1.199916e+002 2.518685e+000
         vertex 4.272165e+001 1.206152e+002 2.425996e+000
         vertex 4.266083e+001 1.206156e+002 2.521992e+000
      endloop
   endfacet
   facet normal 7.800801e-001 2.837254e-002 6.250360e-001
      outer loop
         vertex 4.273867e+001 1.199916e+002 2.518685e+000
         vertex 4.266083e+001 1.206156e+002 2.521992e+000
         vertex 4.267719e+001 1.200159e+002 2.611115e+000
      endloop
   endfacet
   facet normal 5.591642e-001 1.738418e-001 8.106259e-001
      outer loop
         vertex 4.267719e+001 1.200159e+002 2.611115e+000
         vertex 4.266083e+001 1.206156e+002 2.521992e+000
         vertex 4.256647e+001 1.205997e+002 2.583317e+000
      endloop
   endfacet
   facet normal 4.299192e-001 7.731360e-002 8.995510e-001
      outer loop
         vertex 4.267719e+001 1.200159e+002 2.611115e+000
         vertex 4.256647e+001 1.205997e+002 2.583317e+000
         vertex 4.258164e+001 1.200438e+002 2.665941e+000
      endloop
   endfacet
   facet normal 1.502257e-001 1.493586e-001 9.773046e-001
      outer loop
         vertex 4.258164e+001 1.200438e+002 2.665941e+000
         vertex 4.256647e+001 1.205997e+002 2.583317e+000
         vertex 4.245749e+001 1.205710e+002 2.597678e+000
      endloop
   endfacet
   facet normal 3.399764e-003 1.102564e-001 9.938974e-001
      outer loop
         vertex 4.258164e+001 1.200438e+002 2.665941e+000
         vertex 4.245749e+001 1.205710e+002 2.597678e+000
         vertex 4.247116e+001 1.200697e+002 2.672177e+000
      endloop
   endfacet
   facet normal -4.199094e-001 -8.864272e-001 -1.947382e-001
      outer loop
         vertex -2.139927e+001 5.408445e+001 1.804752e+000
         vertex -2.139928e+001 5.408445e+001 1.804754e+000
         vertex -2.141220e+001 5.410329e+001 1.713973e+000
      endloop
   endfacet
   facet normal 2.949702e-001 -9.068187e-001 -3.011189e-001
      outer loop
         vertex -2.050285e+001 5.408018e+001 1.674438e+000
         vertex -2.050286e+001 5.408018e+001 1.674439e+000
         vertex -2.050963e+001 5.407746e+001 1.579648e+000
      endloop
   endfacet
   facet normal -3.261192e-001 -6.643635e-001 -6.725083e-001
      outer loop
         vertex -2.140145e+001 5.416699e+001 1.633792e+000
         vertex -2.097455e+001 5.407321e+001 1.558458e+000
         vertex -2.141220e+001 5.410329e+001 1.713973e+000
      endloop
   endfacet
   facet normal -2.274396e-001 -7.776858e-001 -5.860682e-001
      outer loop
         vertex -2.141220e+001 5.410329e+001 1.713973e+000
         vertex -2.097455e+001 5.407321e+001 1.558458e+000
         vertex -2.096510e+001 5.400507e+001 1.635074e+000
      endloop
   endfacet
   facet normal -5.929195e-001 -5.498032e-001 -5.883561e-001
      outer loop
         vertex -2.177114e+001 5.439535e+001 1.740354e+000
         vertex -2.140145e+001 5.416699e+001 1.633792e+000
         vertex -2.178517e+001 5.436177e+001 1.807912e+000
      endloop
   endfacet
   facet normal -5.247601e-001 -6.683283e-001 -5.272230e-001
      outer loop
         vertex -2.178517e+001 5.436177e+001 1.807912e+000
         vertex -2.140145e+001 5.416699e+001 1.633792e+000
         vertex -2.141220e+001 5.410329e+001 1.713973e+000
      endloop
   endfacet
   facet normal -6.302094e-001 -6.969875e-001 -3.421176e-001
      outer loop
         vertex -2.178517e+001 5.436177e+001 1.807912e+000
         vertex -2.141220e+001 5.410329e+001 1.713973e+000
         vertex -2.179204e+001 5.434533e+001 1.840986e+000
      endloop
   endfacet
   facet normal -5.329742e-001 -8.091770e-001 -2.473278e-001
      outer loop
         vertex -2.179204e+001 5.434533e+001 1.840986e+000
         vertex -2.141220e+001 5.410329e+001 1.713973e+000
         vertex -2.139928e+001 5.408445e+001 1.804754e+000
      endloop
   endfacet
   facet normal -6.244180e-001 -7.746644e-001 -9.998654e-002
      outer loop
         vertex -2.179204e+001 5.434533e+001 1.840986e+000
         vertex -2.139928e+001 5.408445e+001 1.804754e+000
         vertex -2.178855e+001 5.433262e+001 1.896980e+000
      endloop
   endfacet
   facet normal 5.973210e-005 -9.297116e-002 -9.956688e-001
      outer loop
         vertex -2.025680e+001 5.448017e+001 1.440549e+000
         vertex -2.023056e+001 5.444978e+001 1.448168e+000
         vertex -2.057481e+001 5.423051e+001 1.465682e+000
      endloop
   endfacet
   facet normal -1.096081e-001 1.040870e-001 -9.885100e-001
      outer loop
         vertex -2.028149e+001 5.450905e+001 1.445350e+000
         vertex -2.025680e+001 5.448017e+001 1.440549e+000
         vertex -2.061458e+001 5.433546e+001 1.468428e+000
      endloop
   endfacet
   facet normal -6.816360e-002 -1.398088e-002 -9.975762e-001
      outer loop
         vertex -2.061458e+001 5.433546e+001 1.468428e+000
         vertex -2.025680e+001 5.448017e+001 1.440549e+000
         vertex -2.057481e+001 5.423051e+001 1.465682e+000
      endloop
   endfacet
   facet normal -1.013278e-001 2.450011e-002 -9.945514e-001
      outer loop
         vertex -2.061458e+001 5.433546e+001 1.468428e+000
         vertex -2.057481e+001 5.423051e+001 1.465682e+000
         vertex -2.069725e+001 5.429238e+001 1.474156e+000
      endloop
   endfacet
   facet normal -2.287870e-001 5.249329e-002 -9.720601e-001
      outer loop
         vertex -2.164503e+001 5.454810e+001 1.648282e+000
         vertex -2.157587e+001 5.448522e+001 1.629177e+000
         vertex -2.170777e+001 5.447954e+001 1.668399e+000
      endloop
   endfacet
   facet normal -2.763112e-001 -6.450929e-002 -9.589007e-001
      outer loop
         vertex -2.170777e+001 5.447954e+001 1.668399e+000
         vertex -2.157587e+001 5.448522e+001 1.629177e+000
         vertex -2.137454e+001 5.425340e+001 1.584702e+000
      endloop
   endfacet
   facet normal -3.676247e-001 -1.676696e-001 -9.147344e-001
      outer loop
         vertex -2.170777e+001 5.447954e+001 1.668399e+000
         vertex -2.137454e+001 5.425340e+001 1.584702e+000
         vertex -2.171737e+001 5.446904e+001 1.671478e+000
      endloop
   endfacet
   facet normal -1.912389e-001 2.707717e-002 -9.811700e-001
      outer loop
         vertex -2.157587e+001 5.448522e+001 1.629177e+000
         vertex -2.132736e+001 5.436459e+001 1.575768e+000
         vertex -2.137454e+001 5.425340e+001 1.584702e+000
      endloop
   endfacet
   facet normal -1.912389e-001 2.707719e-002 -9.811700e-001
      outer loop
         vertex -2.137454e+001 5.425340e+001 1.584702e+000
         vertex -2.132736e+001 5.436459e+001 1.575768e+000
         vertex -2.116091e+001 5.428379e+001 1.539996e+000
      endloop
   endfacet
   facet normal -1.941386e-001 -9.974985e-002 -9.758894e-001
      outer loop
         vertex -2.137454e+001 5.425340e+001 1.584702e+000
         vertex -2.116091e+001 5.428379e+001 1.539996e+000
         vertex -2.097838e+001 5.416638e+001 1.514793e+000
      endloop
   endfacet
   facet normal -1.467021e-001 1.729058e-002 -9.890296e-001
      outer loop
         vertex -2.097838e+001 5.416638e+001 1.514793e+000
         vertex -2.116091e+001 5.428379e+001 1.539996e+000
         vertex -2.097632e+001 5.428720e+001 1.513784e+000
      endloop
   endfacet
   facet normal 1.641591e-001 -3.479194e-001 -9.230406e-001
      outer loop
         vertex -2.022034e+001 5.443793e+001 1.451137e+000
         vertex -2.018002e+001 5.439123e+001 1.462846e+000
         vertex -2.053965e+001 5.414232e+001 1.505536e+000
      endloop
   endfacet
   facet normal 3.045408e-001 -5.099283e-001 -8.045048e-001
      outer loop
         vertex -2.053965e+001 5.414232e+001 1.505536e+000
         vertex -2.018002e+001 5.439123e+001 1.462846e+000
         vertex -2.011683e+001 5.431941e+001 1.538255e+000
      endloop
   endfacet
   facet normal 2.982676e-001 -6.775743e-001 -6.722569e-001
      outer loop
         vertex -2.053965e+001 5.414232e+001 1.505536e+000
         vertex -2.011683e+001 5.431941e+001 1.538255e+000
         vertex -2.050963e+001 5.407746e+001 1.579648e+000
      endloop
   endfacet
   facet normal 4.349736e-001 -6.964534e-001 -5.707456e-001
      outer loop
         vertex -2.050963e+001 5.407746e+001 1.579648e+000
         vertex -2.011683e+001 5.431941e+001 1.538255e+000
         vertex -2.011100e+001 5.431306e+001 1.556975e+000
      endloop
   endfacet
   facet normal 4.530041e-001 -7.165076e-001 -5.304754e-001
      outer loop
         vertex -2.050963e+001 5.407746e+001 1.579648e+000
         vertex -2.011100e+001 5.431306e+001 1.556975e+000
         vertex -2.010652e+001 5.430819e+001 1.571358e+000
      endloop
   endfacet
   facet normal 3.780400e-001 -8.726273e-001 -3.092044e-001
      outer loop
         vertex -2.050285e+001 5.408018e+001 1.674438e+000
         vertex -2.050963e+001 5.407746e+001 1.579648e+000
         vertex -2.019066e+001 5.420158e+001 1.646835e+000
      endloop
   endfacet
   facet normal 4.625020e-001 -7.824251e-001 -4.170167e-001
      outer loop
         vertex -2.019066e+001 5.420158e+001 1.646835e+000
         vertex -2.050963e+001 5.407746e+001 1.579648e+000
         vertex -2.010652e+001 5.430819e+001 1.571358e+000
      endloop
   endfacet
   facet normal 5.898421e-001 -7.493818e-001 -3.008540e-001
      outer loop
         vertex -2.019066e+001 5.420158e+001 1.646835e+000
         vertex -2.010652e+001 5.430819e+001 1.571358e+000
         vertex -2.008412e+001 5.428380e+001 1.643315e+000
      endloop
   endfacet
   facet normal -1.040373e-002 -9.640304e-001 -2.655881e-001
      outer loop
         vertex -2.074722e+001 5.398515e+001 1.696046e+000
         vertex -2.094856e+001 5.400670e+001 1.728294e+000
         vertex -2.096510e+001 5.400507e+001 1.635074e+000
      endloop
   endfacet
   facet normal -6.522075e-002 -9.641288e-001 -2.572973e-001
      outer loop
         vertex -2.096510e+001 5.400507e+001 1.635074e+000
         vertex -2.094856e+001 5.400670e+001 1.728294e+000
         vertex -2.094858e+001 5.400671e+001 1.728297e+000
      endloop
   endfacet
   facet normal -1.977546e-001 -9.112020e-001 -3.613918e-001
      outer loop
         vertex -2.096510e+001 5.400507e+001 1.635074e+000
         vertex -2.094858e+001 5.400671e+001 1.728297e+000
         vertex -2.141220e+001 5.410329e+001 1.713973e+000
      endloop
   endfacet
   facet normal -2.865419e-001 -9.319109e-001 -2.223417e-001
      outer loop
         vertex -2.141220e+001 5.410329e+001 1.713973e+000
         vertex -2.094858e+001 5.400671e+001 1.728297e+000
         vertex -2.134365e+001 5.404899e+001 1.791575e+000
      endloop
   endfacet
   facet normal -4.033304e-001 -8.933368e-001 -1.981764e-001
      outer loop
         vertex -2.141220e+001 5.410329e+001 1.713973e+000
         vertex -2.134365e+001 5.404899e+001 1.791575e+000
         vertex -2.139927e+001 5.408445e+001 1.804752e+000
      endloop
   endfacet
   facet normal 4.908276e-002 -1.496622e-001 -9.875182e-001
      outer loop
         vertex -2.023056e+001 5.444978e+001 1.448168e+000
         vertex -2.022034e+001 5.443793e+001 1.451137e+000
         vertex -2.057481e+001 5.423051e+001 1.465682e+000
      endloop
   endfacet
   facet normal 7.129333e-002 -3.108124e-001 -9.477937e-001
      outer loop
         vertex -2.057481e+001 5.423051e+001 1.465682e+000
         vertex -2.022034e+001 5.443793e+001 1.451137e+000
         vertex -2.053965e+001 5.414232e+001 1.505536e+000
      endloop
   endfacet
   facet normal -9.417536e-003 -4.677987e-001 -8.837849e-001
      outer loop
         vertex -2.057481e+001 5.423051e+001 1.465682e+000
         vertex -2.053965e+001 5.414232e+001 1.505536e+000
         vertex -2.097455e+001 5.407321e+001 1.558458e+000
      endloop
   endfacet
   facet normal 7.855827e-002 -6.759629e-001 -7.327365e-001
      outer loop
         vertex -2.097455e+001 5.407321e+001 1.558458e+000
         vertex -2.053965e+001 5.414232e+001 1.505536e+000
         vertex -2.050963e+001 5.407746e+001 1.579648e+000
      endloop
   endfacet
   facet normal 3.106149e-003 -7.842946e-001 -6.203808e-001
      outer loop
         vertex -2.097455e+001 5.407321e+001 1.558458e+000
         vertex -2.050963e+001 5.407746e+001 1.579648e+000
         vertex -2.096510e+001 5.400507e+001 1.635074e+000
      endloop
   endfacet
   facet normal 1.576997e-001 -8.979372e-001 -4.109009e-001
      outer loop
         vertex -2.096510e+001 5.400507e+001 1.635074e+000
         vertex -2.050963e+001 5.407746e+001 1.579648e+000
         vertex -2.050286e+001 5.408018e+001 1.674439e+000
      endloop
   endfacet
   facet normal 1.134834e-001 -9.524072e-001 -2.829171e-001
      outer loop
         vertex -2.096510e+001 5.400507e+001 1.635074e+000
         vertex -2.050286e+001 5.408018e+001 1.674439e+000
         vertex -2.074722e+001 5.398515e+001 1.696046e+000
      endloop
   endfacet
   facet normal -4.967871e-001 -4.013989e-001 -7.694683e-001
      outer loop
         vertex -2.177114e+001 5.439535e+001 1.740354e+000
         vertex -2.171737e+001 5.446904e+001 1.671478e+000
         vertex -2.140145e+001 5.416699e+001 1.633792e+000
      endloop
   endfacet
   facet normal -3.724036e-001 -3.118694e-001 -8.741012e-001
      outer loop
         vertex -2.140145e+001 5.416699e+001 1.633792e+000
         vertex -2.171737e+001 5.446904e+001 1.671478e+000
         vertex -2.137454e+001 5.425340e+001 1.584702e+000
      endloop
   endfacet
   facet normal -2.743814e-001 -4.602039e-001 -8.443502e-001
      outer loop
         vertex -2.140145e+001 5.416699e+001 1.633792e+000
         vertex -2.137454e+001 5.425340e+001 1.584702e+000
         vertex -2.097455e+001 5.407321e+001 1.558458e+000
      endloop
   endfacet
   facet normal -1.926540e-001 -3.527404e-001 -9.156739e-001
      outer loop
         vertex -2.097455e+001 5.407321e+001 1.558458e+000
         vertex -2.137454e+001 5.425340e+001 1.584702e+000
         vertex -2.097838e+001 5.416638e+001 1.514793e+000
      endloop
   endfacet
   facet normal -1.022085e-001 -3.553329e-001 -9.291350e-001
      outer loop
         vertex -2.097455e+001 5.407321e+001 1.558458e+000
         vertex -2.097838e+001 5.416638e+001 1.514793e+000
         vertex -2.057481e+001 5.423051e+001 1.465682e+000
      endloop
   endfacet
   facet normal -1.041310e-001 -1.023297e-001 -9.892853e-001
      outer loop
         vertex -2.057481e+001 5.423051e+001 1.465682e+000
         vertex -2.097838e+001 5.416638e+001 1.514793e+000
         vertex -2.097632e+001 5.428720e+001 1.513784e+000
      endloop
   endfacet
   facet normal -1.013278e-001 2.450012e-002 -9.945514e-001
      outer loop
         vertex -2.057481e+001 5.423051e+001 1.465682e+000
         vertex -2.097632e+001 5.428720e+001 1.513784e+000
         vertex -2.069725e+001 5.429238e+001 1.474156e+000
      endloop
   endfacet
   facet normal 5.534631e-001 -8.170210e-001 1.617260e-001
      outer loop
         vertex -2.008503e+001 5.428673e+001 1.721450e+000
         vertex -2.008678e+001 5.428914e+001 1.737093e+000
         vertex -2.048313e+001 5.405098e+001 1.762736e+000
      endloop
   endfacet
   facet normal 5.341811e-001 -7.482010e-001 3.935047e-001
      outer loop
         vertex -2.008678e+001 5.428914e+001 1.737093e+000
         vertex -2.009368e+001 5.429866e+001 1.798786e+000
         vertex -2.048876e+001 5.409144e+001 1.857247e+000
      endloop
   endfacet
   facet normal 4.510087e-001 -8.329160e-001 3.206901e-001
      outer loop
         vertex -2.008678e+001 5.428914e+001 1.737093e+000
         vertex -2.048876e+001 5.409144e+001 1.857247e+000
         vertex -2.048313e+001 5.405098e+001 1.762736e+000
      endloop
   endfacet
   facet normal 2.517594e-001 -8.491489e-001 4.642881e-001
      outer loop
         vertex -2.048313e+001 5.405098e+001 1.762736e+000
         vertex -2.048876e+001 5.409144e+001 1.857247e+000
         vertex -2.092365e+001 5.402232e+001 1.910167e+000
      endloop
   endfacet
   facet normal 1.437850e-001 -9.249551e-001 3.518294e-001
      outer loop
         vertex -2.048313e+001 5.405098e+001 1.762736e+000
         vertex -2.092365e+001 5.402232e+001 1.910167e+000
         vertex -2.093859e+001 5.397858e+001 1.818160e+000
      endloop
   endfacet
   facet normal 4.489397e-001 -8.925632e-001 4.223892e-002
      outer loop
         vertex -2.048313e+001 5.405098e+001 1.762736e+000
         vertex -2.050285e+001 5.408018e+001 1.674438e+000
         vertex -2.008503e+001 5.428673e+001 1.721450e+000
      endloop
   endfacet
   facet normal 5.170459e-001 -8.511071e-001 -9.099555e-002
      outer loop
         vertex -2.008503e+001 5.428673e+001 1.721450e+000
         vertex -2.050285e+001 5.408018e+001 1.674438e+000
         vertex -2.019066e+001 5.420158e+001 1.646835e+000
      endloop
   endfacet
   facet normal 6.225480e-001 -7.812319e-001 -4.594206e-002
      outer loop
         vertex -2.008503e+001 5.428673e+001 1.721450e+000
         vertex -2.019066e+001 5.420158e+001 1.646835e+000
         vertex -2.008054e+001 5.428054e+001 1.681304e+000
      endloop
   endfacet
   facet normal 6.147926e-001 -7.743684e-001 -1.496117e-001
      outer loop
         vertex -2.008054e+001 5.428054e+001 1.681304e+000
         vertex -2.019066e+001 5.420158e+001 1.646835e+000
         vertex -2.008412e+001 5.428380e+001 1.643315e+000
      endloop
   endfacet
   facet normal -3.845669e-001 -9.217681e-001 4.951762e-002
      outer loop
         vertex -2.139928e+001 5.408445e+001 1.804754e+000
         vertex -2.139927e+001 5.408445e+001 1.804752e+000
         vertex -2.138570e+001 5.407680e+001 1.897059e+000
      endloop
   endfacet
   facet normal -3.684755e-001 -9.284858e-001 4.625854e-002
      outer loop
         vertex -2.138570e+001 5.407680e+001 1.897059e+000
         vertex -2.139927e+001 5.408445e+001 1.804752e+000
         vertex -2.134365e+001 5.404899e+001 1.791575e+000
      endloop
   endfacet
   facet normal 9.004232e-002 -2.542034e-001 9.629502e-001
      outer loop
         vertex -2.117974e+001 5.423629e+001 2.054069e+000
         vertex -2.125791e+001 5.428396e+001 2.072276e+000
         vertex -2.130762e+001 5.418649e+001 2.047173e+000
      endloop
   endfacet
   facet normal 9.004235e-002 -2.542035e-001 9.629502e-001
      outer loop
         vertex -2.130762e+001 5.418649e+001 2.047173e+000
         vertex -2.125791e+001 5.428396e+001 2.072276e+000
         vertex -2.157307e+001 5.447614e+001 2.145678e+000
      endloop
   endfacet
   facet normal -1.476741e-003 -3.393432e-001 9.406614e-001
      outer loop
         vertex -2.130762e+001 5.418649e+001 2.047173e+000
         vertex -2.157307e+001 5.447614e+001 2.145678e+000
         vertex -2.164163e+001 5.441340e+001 2.125561e+000
      endloop
   endfacet
   facet normal 2.075831e-001 -2.190914e-001 9.533668e-001
      outer loop
         vertex -2.016304e+001 5.438213e+001 1.909654e+000
         vertex -2.020952e+001 5.443708e+001 1.942746e+000
         vertex -2.028468e+001 5.437832e+001 1.945119e+000
      endloop
   endfacet
   facet normal 2.838340e-001 -3.090334e-001 9.077095e-001
      outer loop
         vertex -2.016304e+001 5.438213e+001 1.909654e+000
         vertex -2.028468e+001 5.437832e+001 1.945119e+000
         vertex -2.015375e+001 5.437115e+001 1.903039e+000
      endloop
   endfacet
   facet normal 2.561090e-001 -3.467226e-001 9.023257e-001
      outer loop
         vertex -2.015375e+001 5.437115e+001 1.903039e+000
         vertex -2.028468e+001 5.437832e+001 1.945119e+000
         vertex -2.050789e+001 5.416360e+001 1.928154e+000
      endloop
   endfacet
   facet normal 3.419589e-001 -4.476144e-001 8.262600e-001
      outer loop
         vertex -2.015375e+001 5.437115e+001 1.903039e+000
         vertex -2.050789e+001 5.416360e+001 1.928154e+000
         vertex -2.014166e+001 5.435686e+001 1.894430e+000
      endloop
   endfacet
   facet normal 1.799538e-001 -2.567794e-001 9.495688e-001
      outer loop
         vertex -2.028468e+001 5.437832e+001 1.945119e+000
         vertex -2.054428e+001 5.427227e+001 1.967334e+000
         vertex -2.050789e+001 5.416360e+001 1.928154e+000
      endloop
   endfacet
   facet normal 1.799538e-001 -2.567794e-001 9.495688e-001
      outer loop
         vertex -2.050789e+001 5.416360e+001 1.928154e+000
         vertex -2.054428e+001 5.427227e+001 1.967334e+000
         vertex -2.071825e+001 5.420120e+001 1.982222e+000
      endloop
   endfacet
   facet normal 1.707071e-001 -3.771629e-001 9.102786e-001
      outer loop
         vertex -2.050789e+001 5.416360e+001 1.928154e+000
         vertex -2.071825e+001 5.420120e+001 1.982222e+000
         vertex -2.091145e+001 5.409946e+001 1.977263e+000
      endloop
   endfacet
   facet normal 1.345808e-001 -2.639896e-001 9.550903e-001
      outer loop
         vertex -2.091145e+001 5.409946e+001 1.977263e+000
         vertex -2.071825e+001 5.420120e+001 1.982222e+000
         vertex -2.090191e+001 5.421517e+001 2.010814e+000
      endloop
   endfacet
   facet normal -6.022730e-001 -7.967149e-001 5.012593e-002
      outer loop
         vertex -2.178855e+001 5.433262e+001 1.896980e+000
         vertex -2.139928e+001 5.408445e+001 1.804754e+000
         vertex -2.177584e+001 5.432912e+001 1.952973e+000
      endloop
   endfacet
   facet normal -4.749141e-001 -8.670424e-001 1.506452e-001
      outer loop
         vertex -2.177584e+001 5.432912e+001 1.952973e+000
         vertex -2.139928e+001 5.408445e+001 1.804754e+000
         vertex -2.138570e+001 5.407680e+001 1.897059e+000
      endloop
   endfacet
   facet normal -5.378721e-001 -7.893246e-001 2.960748e-001
      outer loop
         vertex -2.177584e+001 5.432912e+001 1.952973e+000
         vertex -2.138570e+001 5.407680e+001 1.897059e+000
         vertex -2.175940e+001 5.433599e+001 1.986048e+000
      endloop
   endfacet
   facet normal -3.840952e-001 -8.089913e-001 4.449764e-001
      outer loop
         vertex -2.175940e+001 5.433599e+001 1.986048e+000
         vertex -2.138570e+001 5.407680e+001 1.897059e+000
         vertex -2.135056e+001 5.411610e+001 1.985502e+000
      endloop
   endfacet
   facet normal -4.277771e-001 -7.149456e-001 5.530457e-001
      outer loop
         vertex -2.175940e+001 5.433599e+001 1.986048e+000
         vertex -2.135056e+001 5.411610e+001 1.985502e+000
         vertex -2.172582e+001 5.435003e+001 2.053606e+000
      endloop
   endfacet
   facet normal -2.792432e-001 -6.189437e-001 7.341198e-001
      outer loop
         vertex -2.172582e+001 5.435003e+001 2.053606e+000
         vertex -2.135056e+001 5.411610e+001 1.985502e+000
         vertex -2.165212e+001 5.440379e+001 2.122481e+000
      endloop
   endfacet
   facet normal -2.986876e-002 -9.994687e-001 -1.304308e-002
      outer loop
         vertex -2.094858e+001 5.400671e+001 1.728297e+000
         vertex -2.094856e+001 5.400670e+001 1.728294e+000
         vertex -2.093859e+001 5.397858e+001 1.818160e+000
      endloop
   endfacet
   facet normal 2.435737e-002 -9.994928e-001 -2.051327e-002
      outer loop
         vertex -2.093859e+001 5.397858e+001 1.818160e+000
         vertex -2.094856e+001 5.400670e+001 1.728294e+000
         vertex -2.074722e+001 5.398515e+001 1.696046e+000
      endloop
   endfacet
   facet normal 1.594178e-001 -9.829203e-001 9.194453e-002
      outer loop
         vertex -2.093859e+001 5.397858e+001 1.818160e+000
         vertex -2.074722e+001 5.398515e+001 1.696046e+000
         vertex -2.048313e+001 5.405098e+001 1.762736e+000
      endloop
   endfacet
   facet normal 2.631665e-001 -9.634738e-001 -4.961458e-002
      outer loop
         vertex -2.048313e+001 5.405098e+001 1.762736e+000
         vertex -2.074722e+001 5.398515e+001 1.696046e+000
         vertex -2.050286e+001 5.408018e+001 1.674439e+000
      endloop
   endfacet
   facet normal 3.303169e-001 -9.421557e-001 -5.686341e-002
      outer loop
         vertex -2.048313e+001 5.405098e+001 1.762736e+000
         vertex -2.050286e+001 5.408018e+001 1.674439e+000
         vertex -2.050285e+001 5.408018e+001 1.674438e+000
      endloop
   endfacet
   facet normal -1.055335e-001 -4.297613e-001 8.967541e-001
      outer loop
         vertex -2.164163e+001 5.441340e+001 2.125561e+000
         vertex -2.165212e+001 5.440379e+001 2.122481e+000
         vertex -2.130762e+001 5.418649e+001 2.047173e+000
      endloop
   endfacet
   facet normal -1.271982e-001 -5.570743e-001 8.206636e-001
      outer loop
         vertex -2.130762e+001 5.418649e+001 2.047173e+000
         vertex -2.165212e+001 5.440379e+001 2.122481e+000
         vertex -2.135056e+001 5.411610e+001 1.985502e+000
      endloop
   endfacet
   facet normal -4.733231e-002 -6.872463e-001 7.248809e-001
      outer loop
         vertex -2.130762e+001 5.418649e+001 2.047173e+000
         vertex -2.135056e+001 5.411610e+001 1.985502e+000
         vertex -2.092365e+001 5.402232e+001 1.910167e+000
      endloop
   endfacet
   facet normal -1.529203e-001 -8.375551e-001 5.245159e-001
      outer loop
         vertex -2.092365e+001 5.402232e+001 1.910167e+000
         vertex -2.135056e+001 5.411610e+001 1.985502e+000
         vertex -2.138570e+001 5.407680e+001 1.897059e+000
      endloop
   endfacet
   facet normal -8.676201e-002 -9.183502e-001 3.861414e-001
      outer loop
         vertex -2.092365e+001 5.402232e+001 1.910167e+000
         vertex -2.138570e+001 5.407680e+001 1.897059e+000
         vertex -2.093859e+001 5.397858e+001 1.818160e+000
      endloop
   endfacet
   facet normal -2.314163e-001 -9.608833e-001 1.521510e-001
      outer loop
         vertex -2.093859e+001 5.397858e+001 1.818160e+000
         vertex -2.138570e+001 5.407680e+001 1.897059e+000
         vertex -2.134365e+001 5.404899e+001 1.791575e+000
      endloop
   endfacet
   facet normal -1.357060e-001 -9.907366e-001 4.991393e-003
      outer loop
         vertex -2.093859e+001 5.397858e+001 1.818160e+000
         vertex -2.134365e+001 5.404899e+001 1.791575e+000
         vertex -2.094858e+001 5.400671e+001 1.728297e+000
      endloop
   endfacet
   facet normal 4.558530e-001 -6.523498e-001 6.055061e-001
      outer loop
         vertex -2.009368e+001 5.429866e+001 1.798786e+000
         vertex -2.014166e+001 5.435686e+001 1.894430e+000
         vertex -2.048876e+001 5.409144e+001 1.857247e+000
      endloop
   endfacet
   facet normal 3.331179e-001 -5.748768e-001 7.473614e-001
      outer loop
         vertex -2.048876e+001 5.409144e+001 1.857247e+000
         vertex -2.014166e+001 5.435686e+001 1.894430e+000
         vertex -2.050789e+001 5.416360e+001 1.928154e+000
      endloop
   endfacet
   facet normal 2.176329e-001 -6.948375e-001 6.854464e-001
      outer loop
         vertex -2.048876e+001 5.409144e+001 1.857247e+000
         vertex -2.050789e+001 5.416360e+001 1.928154e+000
         vertex -2.092365e+001 5.402232e+001 1.910167e+000
      endloop
   endfacet
   facet normal 1.456853e-001 -6.032165e-001 7.841593e-001
      outer loop
         vertex -2.092365e+001 5.402232e+001 1.910167e+000
         vertex -2.050789e+001 5.416360e+001 1.928154e+000
         vertex -2.091145e+001 5.409946e+001 1.977263e+000
      endloop
   endfacet
   facet normal 5.523927e-002 -6.006252e-001 7.976203e-001
      outer loop
         vertex -2.092365e+001 5.402232e+001 1.910167e+000
         vertex -2.091145e+001 5.409946e+001 1.977263e+000
         vertex -2.130762e+001 5.418649e+001 2.047173e+000
      endloop
   endfacet
   facet normal 8.069903e-002 -3.745842e-001 9.236744e-001
      outer loop
         vertex -2.130762e+001 5.418649e+001 2.047173e+000
         vertex -2.091145e+001 5.409946e+001 1.977263e+000
         vertex -2.090191e+001 5.421517e+001 2.010814e+000
      endloop
   endfacet
   facet normal 9.004227e-002 -2.542034e-001 9.629502e-001
      outer loop
         vertex -2.130762e+001 5.418649e+001 2.047173e+000
         vertex -2.090191e+001 5.421517e+001 2.010814e+000
         vertex -2.117974e+001 5.423629e+001 2.054069e+000
      endloop
   endfacet
   facet normal -5.482352e-001 2.883021e-001 7.850605e-001
      outer loop
         vertex -2.298622e+001 5.719817e+001 2.658335e+000
         vertex -2.299983e+001 5.721009e+001 2.649010e+000
         vertex -2.327002e+001 5.667251e+001 2.610324e+000
      endloop
   endfacet
   facet normal 3.875379e-002 -2.418014e-001 9.695516e-001
      outer loop
         vertex -2.280060e+001 5.570366e+001 2.500881e+000
         vertex -2.304789e+001 5.612169e+001 2.597142e+000
         vertex -2.287965e+001 5.563132e+001 2.477685e+000
      endloop
   endfacet
   facet normal -1.076605e-001 -2.817965e-001 9.534149e-001
      outer loop
         vertex -2.287965e+001 5.563132e+001 2.477685e+000
         vertex -2.304789e+001 5.612169e+001 2.597142e+000
         vertex -2.315679e+001 5.609258e+001 2.582722e+000
      endloop
   endfacet
   facet normal -2.135172e-001 -3.747970e-001 9.021850e-001
      outer loop
         vertex -2.287965e+001 5.563132e+001 2.477685e+000
         vertex -2.315679e+001 5.609258e+001 2.582722e+000
         vertex -2.288223e+001 5.562944e+001 2.475273e+000
      endloop
   endfacet
   facet normal -3.869694e-001 -3.476186e-001 8.540586e-001
      outer loop
         vertex -2.288223e+001 5.562944e+001 2.475273e+000
         vertex -2.315679e+001 5.609258e+001 2.582722e+000
         vertex -2.325107e+001 5.607651e+001 2.521351e+000
      endloop
   endfacet
   facet normal -4.486868e-001 -4.814285e-001 7.529321e-001
      outer loop
         vertex -2.288223e+001 5.562944e+001 2.475273e+000
         vertex -2.325107e+001 5.607651e+001 2.521351e+000
         vertex -2.295335e+001 5.557755e+001 2.408809e+000
      endloop
   endfacet
   facet normal -6.171285e-001 -5.835724e-001 5.278216e-001
      outer loop
         vertex -2.295335e+001 5.557755e+001 2.408809e+000
         vertex -2.325107e+001 5.607651e+001 2.521351e+000
         vertex -2.300337e+001 5.555665e+001 2.308176e+000
      endloop
   endfacet
   facet normal -7.730716e-001 -4.747731e-001 4.206552e-001
      outer loop
         vertex -2.300337e+001 5.555665e+001 2.308176e+000
         vertex -2.325107e+001 5.607651e+001 2.521351e+000
         vertex -2.331185e+001 5.607671e+001 2.425328e+000
      endloop
   endfacet
   facet normal -7.577177e-001 -6.023203e-001 2.511459e-001
      outer loop
         vertex -2.300337e+001 5.555665e+001 2.308176e+000
         vertex -2.331185e+001 5.607671e+001 2.425328e+000
         vertex -2.300375e+001 5.555703e+001 2.305563e+000
      endloop
   endfacet
   facet normal -8.814013e-001 -4.534678e-001 1.322832e-001
      outer loop
         vertex -2.300375e+001 5.555703e+001 2.305563e+000
         vertex -2.331185e+001 5.607671e+001 2.425328e+000
         vertex -2.332694e+001 5.609313e+001 2.313898e+000
      endloop
   endfacet
   facet normal -8.189120e-001 -5.716403e-001 -5.109225e-002
      outer loop
         vertex -2.300375e+001 5.555703e+001 2.305563e+000
         vertex -2.332694e+001 5.609313e+001 2.313898e+000
         vertex -2.301957e+001 5.557285e+001 2.196189e+000
      endloop
   endfacet
   facet normal -8.092712e-001 -4.789753e-001 -3.400924e-001
      outer loop
         vertex -2.301957e+001 5.557285e+001 2.196189e+000
         vertex -2.332694e+001 5.609313e+001 2.313898e+000
         vertex -2.299867e+001 5.562288e+001 2.095556e+000
      endloop
   endfacet
   facet normal -8.413227e-001 -2.963620e-001 -4.520462e-001
      outer loop
         vertex -2.299867e+001 5.562288e+001 2.095556e+000
         vertex -2.332694e+001 5.609313e+001 2.313898e+000
         vertex -2.329332e+001 5.612249e+001 2.209390e+000
      endloop
   endfacet
   facet normal -7.114930e-001 -3.576210e-001 -6.048843e-001
      outer loop
         vertex -2.299867e+001 5.562288e+001 2.095556e+000
         vertex -2.329332e+001 5.612249e+001 2.209390e+000
         vertex -2.299804e+001 5.562374e+001 2.094753e+000
      endloop
   endfacet
   facet normal -6.522515e-001 -2.643466e-001 -7.104146e-001
      outer loop
         vertex -2.299804e+001 5.562374e+001 2.094753e+000
         vertex -2.329332e+001 5.612249e+001 2.209390e+000
         vertex -2.294490e+001 5.569657e+001 2.026681e+000
      endloop
   endfacet
   facet normal -6.108578e-001 -1.041927e-001 -7.848545e-001
      outer loop
         vertex -2.294490e+001 5.569657e+001 2.026681e+000
         vertex -2.329332e+001 5.612249e+001 2.209390e+000
         vertex -2.321772e+001 5.615890e+001 2.132751e+000
      endloop
   endfacet
   facet normal -4.618935e-001 -1.114242e-001 -8.799085e-001
      outer loop
         vertex -2.294490e+001 5.569657e+001 2.026681e+000
         vertex -2.321772e+001 5.615890e+001 2.132751e+000
         vertex -2.294446e+001 5.569705e+001 2.026540e+000
      endloop
   endfacet
   facet normal -2.781861e-001 1.681567e-001 -9.456934e-001
      outer loop
         vertex -2.323522e+001 5.670933e+001 2.214920e+000
         vertex -2.313570e+001 5.669186e+001 2.174120e+000
         vertex -2.311986e+001 5.619365e+001 2.099746e+000
      endloop
   endfacet
   facet normal -2.207144e-001 2.093419e-001 -9.526075e-001
      outer loop
         vertex -2.290984e+001 5.714124e+001 2.206459e+000
         vertex -2.313570e+001 5.669186e+001 2.174120e+000
         vertex -2.296636e+001 5.718935e+001 2.239390e+000
      endloop
   endfacet
   facet normal -3.554741e-001 2.342159e-001 -9.048653e-001
      outer loop
         vertex -2.296636e+001 5.718935e+001 2.239390e+000
         vertex -2.313570e+001 5.669186e+001 2.174120e+000
         vertex -2.323522e+001 5.670933e+001 2.214920e+000
      endloop
   endfacet
   facet normal -4.509481e-001 3.163864e-001 -8.345930e-001
      outer loop
         vertex -2.296636e+001 5.718935e+001 2.239390e+000
         vertex -2.323522e+001 5.670933e+001 2.214920e+000
         vertex -2.298569e+001 5.720580e+001 2.250648e+000
      endloop
   endfacet
   facet normal -5.517970e-001 3.997076e-001 -7.319521e-001
      outer loop
         vertex -2.298569e+001 5.720580e+001 2.250648e+000
         vertex -2.323522e+001 5.670933e+001 2.214920e+000
         vertex -2.303485e+001 5.724675e+001 2.324899e+000
      endloop
   endfacet
   facet normal -6.932706e-001 3.497736e-001 -6.301067e-001
      outer loop
         vertex -2.303485e+001 5.724675e+001 2.324899e+000
         vertex -2.323522e+001 5.670933e+001 2.214920e+000
         vertex -2.331222e+001 5.671702e+001 2.298144e+000
      endloop
   endfacet
   facet normal -7.266974e-001 4.704582e-001 -5.005795e-001
      outer loop
         vertex -2.303485e+001 5.724675e+001 2.324899e+000
         vertex -2.331222e+001 5.671702e+001 2.298144e+000
         vertex -2.304269e+001 5.725328e+001 2.336735e+000
      endloop
   endfacet
   facet normal -7.841889e-001 5.129475e-001 -3.491886e-001
      outer loop
         vertex -2.304269e+001 5.725328e+001 2.336735e+000
         vertex -2.331222e+001 5.671702e+001 2.298144e+000
         vertex -2.306512e+001 5.727052e+001 2.443050e+000
      endloop
   endfacet
   facet normal -8.962682e-001 3.901375e-001 -2.109406e-001
      outer loop
         vertex -2.306512e+001 5.727052e+001 2.443050e+000
         vertex -2.331222e+001 5.671702e+001 2.298144e+000
         vertex -2.334663e+001 5.671246e+001 2.406354e+000
      endloop
   endfacet
   facet normal -8.505762e-001 5.234523e-001 -5.017642e-002
      outer loop
         vertex -2.306512e+001 5.727052e+001 2.443050e+000
         vertex -2.334663e+001 5.671246e+001 2.406354e+000
         vertex -2.306586e+001 5.727108e+001 2.446554e+000
      endloop
   endfacet
   facet normal -9.265903e-001 3.634363e-001 9.666700e-002
      outer loop
         vertex -2.306586e+001 5.727108e+001 2.446554e+000
         vertex -2.334663e+001 5.671246e+001 2.406354e+000
         vertex -2.333156e+001 5.669656e+001 2.517863e+000
      endloop
   endfacet
   facet normal -8.296897e-001 4.931093e-001 2.616451e-001
      outer loop
         vertex -2.306586e+001 5.727108e+001 2.446554e+000
         vertex -2.333156e+001 5.669656e+001 2.517863e+000
         vertex -2.305055e+001 5.725566e+001 2.558097e+000
      endloop
   endfacet
   facet normal -7.239540e-001 2.222800e-001 6.530561e-001
      outer loop
         vertex -2.327002e+001 5.667251e+001 2.610324e+000
         vertex -2.299983e+001 5.721009e+001 2.649010e+000
         vertex -2.333156e+001 5.669656e+001 2.517863e+000
      endloop
   endfacet
   facet normal -7.317016e-001 4.038282e-001 5.491225e-001
      outer loop
         vertex -2.333156e+001 5.669656e+001 2.517863e+000
         vertex -2.299983e+001 5.721009e+001 2.649010e+000
         vertex -2.304684e+001 5.725233e+001 2.564748e+000
      endloop
   endfacet
   facet normal -7.859715e-001 4.574836e-001 4.158818e-001
      outer loop
         vertex -2.333156e+001 5.669656e+001 2.517863e+000
         vertex -2.304684e+001 5.725233e+001 2.564748e+000
         vertex -2.305055e+001 5.725566e+001 2.558097e+000
      endloop
   endfacet
   facet normal -4.536671e-001 2.024427e-001 8.678727e-001
      outer loop
         vertex -2.298622e+001 5.719817e+001 2.658335e+000
         vertex -2.327002e+001 5.667251e+001 2.610324e+000
         vertex -2.292386e+001 5.714352e+001 2.701074e+000
      endloop
   endfacet
   facet normal -3.992924e-001 5.975445e-002 9.148743e-001
      outer loop
         vertex -2.292386e+001 5.714352e+001 2.701074e+000
         vertex -2.327002e+001 5.667251e+001 2.610324e+000
         vertex -2.317436e+001 5.664513e+001 2.665208e+000
      endloop
   endfacet
   facet normal -1.990356e-001 5.935258e-002 9.781933e-001
      outer loop
         vertex -2.292386e+001 5.714352e+001 2.701074e+000
         vertex -2.317436e+001 5.664513e+001 2.665208e+000
         vertex -2.289928e+001 5.712230e+001 2.701869e+000
      endloop
   endfacet
   facet normal -8.658602e-002 -3.929782e-002 9.954690e-001
      outer loop
         vertex -2.289928e+001 5.712230e+001 2.701869e+000
         vertex -2.317436e+001 5.664513e+001 2.665208e+000
         vertex -2.306373e+001 5.661990e+001 2.671516e+000
      endloop
   endfacet
   facet normal 6.110964e-002 -7.248604e-002 9.954956e-001
      outer loop
         vertex -2.289928e+001 5.712230e+001 2.701869e+000
         vertex -2.306373e+001 5.661990e+001 2.671516e+000
         vertex -2.283787e+001 5.706927e+001 2.703854e+000
      endloop
   endfacet
   facet normal -2.412308e-001 3.935707e-002 -9.696694e-001
      outer loop
         vertex -2.287256e+001 5.577563e+001 2.003485e+000
         vertex -2.294446e+001 5.569705e+001 2.026540e+000
         vertex -2.311986e+001 5.619365e+001 2.099746e+000
      endloop
   endfacet
   facet normal -3.733576e-001 -7.266180e-003 -9.276591e-001
      outer loop
         vertex -2.311986e+001 5.619365e+001 2.099746e+000
         vertex -2.294446e+001 5.569705e+001 2.026540e+000
         vertex -2.321772e+001 5.615890e+001 2.132751e+000
      endloop
   endfacet
   facet normal -4.104386e-001 1.218589e-001 -9.037093e-001
      outer loop
         vertex -2.311986e+001 5.619365e+001 2.099746e+000
         vertex -2.321772e+001 5.615890e+001 2.132751e+000
         vertex -2.323522e+001 5.670933e+001 2.214920e+000
      endloop
   endfacet
   facet normal -6.478529e-001 2.636658e-002 -7.613090e-001
      outer loop
         vertex -2.323522e+001 5.670933e+001 2.214920e+000
         vertex -2.321772e+001 5.615890e+001 2.132751e+000
         vertex -2.329332e+001 5.612249e+001 2.209390e+000
      endloop
   endfacet
   facet normal -7.589575e-001 1.081017e-001 -6.421041e-001
      outer loop
         vertex -2.323522e+001 5.670933e+001 2.214920e+000
         vertex -2.329332e+001 5.612249e+001 2.209390e+000
         vertex -2.331222e+001 5.671702e+001 2.298144e+000
      endloop
   endfacet
   facet normal -9.111490e-001 -5.287161e-002 -4.086711e-001
      outer loop
         vertex -2.331222e+001 5.671702e+001 2.298144e+000
         vertex -2.329332e+001 5.612249e+001 2.209390e+000
         vertex -2.332694e+001 5.609313e+001 2.313898e+000
      endloop
   endfacet
   facet normal -9.675168e-001 7.323846e-002 -2.419657e-001
      outer loop
         vertex -2.331222e+001 5.671702e+001 2.298144e+000
         vertex -2.332694e+001 5.609313e+001 2.313898e+000
         vertex -2.334663e+001 5.671246e+001 2.406354e+000
      endloop
   endfacet
   facet normal -9.917817e-001 -1.228482e-001 3.574219e-002
      outer loop
         vertex -2.334663e+001 5.671246e+001 2.406354e+000
         vertex -2.332694e+001 5.609313e+001 2.313898e+000
         vertex -2.331185e+001 5.607671e+001 2.425328e+000
      endloop
   endfacet
   facet normal -9.764019e-001 2.251282e-002 2.147848e-001
      outer loop
         vertex -2.334663e+001 5.671246e+001 2.406354e+000
         vertex -2.331185e+001 5.607671e+001 2.425328e+000
         vertex -2.333156e+001 5.669656e+001 2.517863e+000
      endloop
   endfacet
   facet normal -8.638764e-001 -1.673281e-001 4.750988e-001
      outer loop
         vertex -2.333156e+001 5.669656e+001 2.517863e+000
         vertex -2.331185e+001 5.607671e+001 2.425328e+000
         vertex -2.325107e+001 5.607651e+001 2.521351e+000
      endloop
   endfacet
   facet normal -7.804666e-001 -3.269595e-002 6.243420e-001
      outer loop
         vertex -2.333156e+001 5.669656e+001 2.517863e+000
         vertex -2.325107e+001 5.607651e+001 2.521351e+000
         vertex -2.327002e+001 5.667251e+001 2.610324e+000
      endloop
   endfacet
   facet normal -5.590787e-001 -1.765830e-001 8.100923e-001
      outer loop
         vertex -2.327002e+001 5.667251e+001 2.610324e+000
         vertex -2.325107e+001 5.607651e+001 2.521351e+000
         vertex -2.315679e+001 5.609258e+001 2.582722e+000
      endloop
   endfacet
   facet normal -4.303044e-001 -8.016635e-002 8.991171e-001
      outer loop
         vertex -2.327002e+001 5.667251e+001 2.610324e+000
         vertex -2.315679e+001 5.609258e+001 2.582722e+000
         vertex -2.317436e+001 5.664513e+001 2.665208e+000
      endloop
   endfacet
   facet normal -1.502928e-001 -1.506414e-001 9.770973e-001
      outer loop
         vertex -2.317436e+001 5.664513e+001 2.665208e+000
         vertex -2.315679e+001 5.609258e+001 2.582722e+000
         vertex -2.304789e+001 5.612169e+001 2.597142e+000
      endloop
   endfacet
   facet normal -3.593780e-003 -1.111197e-001 9.938005e-001
      outer loop
         vertex -2.317436e+001 5.664513e+001 2.665208e+000
         vertex -2.304789e+001 5.612169e+001 2.597142e+000
         vertex -2.306373e+001 5.661990e+001 2.671516e+000
      endloop
   endfacet
   facet normal -7.185292e-001 6.660236e-001 2.003205e-001
      outer loop
         vertex -3.108243e+000 8.038523e+001 2.989465e+000
         vertex -2.945680e+000 8.054147e+001 3.023901e+000
         vertex -3.070282e+000 8.044409e+001 2.931602e+000
      endloop
   endfacet
   facet normal -7.236691e-001 6.604542e-001 2.002584e-001
      outer loop
         vertex -3.139460e+000 8.036040e+001 2.958513e+000
         vertex -3.140961e+000 8.035696e+001 2.964266e+000
         vertex -3.070282e+000 8.044409e+001 2.931602e+000
      endloop
   endfacet
   facet normal -7.236575e-001 6.604668e-001 2.002585e-001
      outer loop
         vertex -3.070282e+000 8.044409e+001 2.931602e+000
         vertex -3.140961e+000 8.035696e+001 2.964266e+000
         vertex -3.137222e+000 8.035917e+001 2.970685e+000
      endloop
   endfacet
   facet normal -7.229562e-001 6.612316e-001 2.002677e-001
      outer loop
         vertex -3.070282e+000 8.044409e+001 2.931602e+000
         vertex -3.137222e+000 8.035917e+001 2.970685e+000
         vertex -3.108243e+000 8.038523e+001 2.989465e+000
      endloop
   endfacet
   facet normal -6.527267e-001 7.306752e-001 2.001540e-001
      outer loop
         vertex -1.764814e+000 8.161101e+001 3.171216e+000
         vertex -1.887676e+000 8.163672e+001 2.725902e+000
         vertex -2.393040e+000 8.106541e+001 3.129586e+000
      endloop
   endfacet
   facet normal -6.625209e-001 7.217706e-001 2.002827e-001
      outer loop
         vertex -2.393040e+000 8.106541e+001 3.129586e+000
         vertex -1.887676e+000 8.163672e+001 2.725902e+000
         vertex -2.419573e+000 8.110644e+001 2.811337e+000
      endloop
   endfacet
   facet normal -6.736205e-001 7.113932e-001 2.003872e-001
      outer loop
         vertex -2.393040e+000 8.106541e+001 3.129586e+000
         vertex -2.419573e+000 8.110644e+001 2.811337e+000
         vertex -2.471225e+000 8.099751e+001 3.124404e+000
      endloop
   endfacet
   facet normal -6.880145e-001 6.974626e-001 2.004542e-001
      outer loop
         vertex -2.471225e+000 8.099751e+001 3.124404e+000
         vertex -2.419573e+000 8.110644e+001 2.811337e+000
         vertex -2.999611e+000 8.052816e+001 2.904504e+000
      endloop
   endfacet
   facet normal -7.014773e-001 6.839240e-001 2.004433e-001
      outer loop
         vertex -2.471225e+000 8.099751e+001 3.124404e+000
         vertex -2.999611e+000 8.052816e+001 2.904504e+000
         vertex -2.945680e+000 8.054147e+001 3.023901e+000
      endloop
   endfacet
   facet normal -7.136674e-001 6.712163e-001 2.003684e-001
      outer loop
         vertex -2.945680e+000 8.054147e+001 3.023901e+000
         vertex -2.999611e+000 8.052816e+001 2.904504e+000
         vertex -2.999690e+000 8.052808e+001 2.904530e+000
      endloop
   endfacet
   facet normal -7.155321e-001 6.692333e-001 2.003513e-001
      outer loop
         vertex -2.945680e+000 8.054147e+001 3.023901e+000
         vertex -2.999690e+000 8.052808e+001 2.904530e+000
         vertex -3.070282e+000 8.044409e+001 2.931602e+000
      endloop
   endfacet
   facet normal -7.196950e-001 6.647677e-001 2.003075e-001
      outer loop
         vertex -3.070282e+000 8.044409e+001 2.931602e+000
         vertex -2.999690e+000 8.052808e+001 2.904530e+000
         vertex -3.128850e+000 8.037550e+001 2.947056e+000
      endloop
   endfacet
   facet normal -7.233178e-001 6.608374e-001 2.002630e-001
      outer loop
         vertex -3.070282e+000 8.044409e+001 2.931602e+000
         vertex -3.128850e+000 8.037550e+001 2.947056e+000
         vertex -3.139460e+000 8.036040e+001 2.958513e+000
      endloop
   endfacet
   facet normal -6.151777e-001 7.627649e-001 1.993642e-001
      outer loop
         vertex -4.136129e-001 8.275068e+001 3.175106e+000
         vertex -4.855775e-001 8.282264e+001 2.677709e+000
         vertex -8.694667e-001 8.237691e+001 3.186983e+000
      endloop
   endfacet
   facet normal -6.200452e-001 7.587799e-001 1.994918e-001
      outer loop
         vertex -8.694667e-001 8.237691e+001 3.186983e+000
         vertex -4.855775e-001 8.282264e+001 2.677709e+000
         vertex -9.414312e-001 8.244888e+001 2.689587e+000
      endloop
   endfacet
   facet normal -6.277187e-001 7.523947e-001 1.996782e-001
      outer loop
         vertex -8.694667e-001 8.237691e+001 3.186983e+000
         vertex -9.414312e-001 8.244888e+001 2.689587e+000
         vertex -1.360405e+000 8.196223e+001 3.198015e+000
      endloop
   endfacet
   facet normal -6.305410e-001 7.500141e-001 1.997421e-001
      outer loop
         vertex -1.360405e+000 8.196223e+001 3.198015e+000
         vertex -9.414312e-001 8.244888e+001 2.689587e+000
         vertex -1.432370e+000 8.203419e+001 2.700620e+000
      endloop
   endfacet
   facet normal -6.362774e-001 7.451211e-001 1.998641e-001
      outer loop
         vertex -1.360405e+000 8.196223e+001 3.198015e+000
         vertex -1.432370e+000 8.203419e+001 2.700620e+000
         vertex -1.764814e+000 8.161101e+001 3.171216e+000
      endloop
   endfacet
   facet normal -6.391937e-001 7.426053e-001 1.999221e-001
      outer loop
         vertex -1.764814e+000 8.161101e+001 3.171216e+000
         vertex -1.432370e+000 8.203419e+001 2.700620e+000
         vertex -1.835638e+000 8.168214e+001 2.723012e+000
      endloop
   endfacet
   facet normal -6.426354e-001 7.396114e-001 1.999869e-001
      outer loop
         vertex -1.764814e+000 8.161101e+001 3.171216e+000
         vertex -1.835638e+000 8.168214e+001 2.723012e+000
         vertex -1.887676e+000 8.163672e+001 2.725902e+000
      endloop
   endfacet
   facet normal 8.416744e-002 -1.371003e-001 9.869748e-001
      outer loop
         vertex 1.972558e+001 9.406448e+001 3.120109e+000
         vertex 1.972151e+001 9.406944e+001 3.120404e+000
         vertex 1.612371e+001 9.117184e+001 3.025338e+000
      endloop
   endfacet
   facet normal -7.057338e-002 5.094998e-002 9.962046e-001
      outer loop
         vertex 1.605249e+001 9.126244e+001 3.017766e+000
         vertex 1.612371e+001 9.117184e+001 3.025338e+000
         vertex 1.854008e+001 9.321922e+001 3.094564e+000
      endloop
   endfacet
   facet normal 4.365074e-003 -4.037774e-002 9.991750e-001
      outer loop
         vertex 1.854008e+001 9.321922e+001 3.094564e+000
         vertex 1.612371e+001 9.117184e+001 3.025338e+000
         vertex 1.972151e+001 9.406944e+001 3.120404e+000
      endloop
   endfacet
   facet normal -6.878078e-002 5.239352e-002 9.962551e-001
      outer loop
         vertex 1.854008e+001 9.321922e+001 3.094564e+000
         vertex 1.972151e+001 9.406944e+001 3.120404e+000
         vertex 1.966544e+001 9.413784e+001 3.124476e+000
      endloop
   endfacet
   facet normal 3.014275e-001 -4.010574e-001 8.650401e-001
      outer loop
         vertex 1.974399e+001 9.404202e+001 3.118771e+000
         vertex 1.617656e+001 9.110600e+001 2.996655e+000
         vertex 1.981165e+001 9.396151e+001 3.056313e+000
      endloop
   endfacet
   facet normal 3.909597e-001 -5.157441e-001 7.623375e-001
      outer loop
         vertex 1.981165e+001 9.396151e+001 3.056313e+000
         vertex 1.617656e+001 9.110600e+001 2.996655e+000
         vertex 1.621721e+001 9.105644e+001 2.946389e+000
      endloop
   endfacet
   facet normal 4.449016e-001 -5.722179e-001 6.889334e-001
      outer loop
         vertex 1.981165e+001 9.396151e+001 3.056313e+000
         vertex 1.621721e+001 9.105644e+001 2.946389e+000
         vertex 1.981579e+001 9.395679e+001 3.046556e+000
      endloop
   endfacet
   facet normal 5.792663e-001 -7.270357e-001 3.686050e-001
      outer loop
         vertex 1.985113e+001 9.391646e+001 2.963285e+000
         vertex 1.984771e+001 9.392036e+001 2.971345e+000
         vertex 1.624841e+001 9.101983e+001 2.870966e+000
      endloop
   endfacet
   facet normal 5.589222e-001 -7.044709e-001 4.374092e-001
      outer loop
         vertex 1.624841e+001 9.101983e+001 2.870966e+000
         vertex 1.984771e+001 9.392036e+001 2.971345e+000
         vertex 1.983084e+001 9.393962e+001 3.011098e+000
      endloop
   endfacet
   facet normal 5.903409e-001 -7.775299e-001 2.166679e-001
      outer loop
         vertex 1.260541e+001 8.818716e+001 2.719131e+000
         vertex 1.260221e+001 8.818077e+001 2.705338e+000
         vertex 1.623353e+001 9.099064e+001 2.824174e+000
      endloop
   endfacet
   facet normal 6.058415e-001 -7.558187e-001 2.483832e-001
      outer loop
         vertex 1.985835e+001 9.390885e+001 2.926408e+000
         vertex 1.985113e+001 9.391646e+001 2.963285e+000
         vertex 1.625794e+001 9.100954e+001 2.824973e+000
      endloop
   endfacet
   facet normal 5.886187e-001 -7.470088e-001 3.090402e-001
      outer loop
         vertex 1.625794e+001 9.100954e+001 2.824973e+000
         vertex 1.985113e+001 9.391646e+001 2.963285e+000
         vertex 1.624841e+001 9.101983e+001 2.870966e+000
      endloop
   endfacet
   facet normal 5.933259e-001 -7.616583e-001 2.604631e-001
      outer loop
         vertex 1.625794e+001 9.100954e+001 2.824973e+000
         vertex 1.624841e+001 9.101983e+001 2.870966e+000
         vertex 1.625788e+001 9.100948e+001 2.824971e+000
      endloop
   endfacet
   facet normal 5.932911e-001 -7.616857e-001 2.604622e-001
      outer loop
         vertex 1.625788e+001 9.100948e+001 2.824971e+000
         vertex 1.624841e+001 9.101983e+001 2.870966e+000
         vertex 1.623353e+001 9.099064e+001 2.824174e+000
      endloop
   endfacet
   facet normal 4.864610e-001 -6.477602e-001 5.863125e-001
      outer loop
         vertex 1.269208e+001 8.833869e+001 2.822713e+000
         vertex 1.624841e+001 9.101983e+001 2.870966e+000
         vertex 1.621721e+001 9.105644e+001 2.946389e+000
      endloop
   endfacet
   facet normal 5.161186e-001 -6.646494e-001 5.402433e-001
      outer loop
         vertex 1.621721e+001 9.105644e+001 2.946389e+000
         vertex 1.624841e+001 9.101983e+001 2.870966e+000
         vertex 1.983084e+001 9.393962e+001 3.011098e+000
      endloop
   endfacet
   facet normal 4.756235e-001 -6.079720e-001 6.357298e-001
      outer loop
         vertex 1.621721e+001 9.105644e+001 2.946389e+000
         vertex 1.983084e+001 9.393962e+001 3.011098e+000
         vertex 1.981579e+001 9.395679e+001 3.046556e+000
      endloop
   endfacet
   facet normal 5.101330e-001 -6.852641e-001 5.197859e-001
      outer loop
         vertex 1.269208e+001 8.833869e+001 2.822713e+000
         vertex 1.263792e+001 8.824158e+001 2.779994e+000
         vertex 1.624841e+001 9.101983e+001 2.870966e+000
      endloop
   endfacet
   facet normal 5.456330e-001 -7.276367e-001 4.157277e-001
      outer loop
         vertex 1.624841e+001 9.101983e+001 2.870966e+000
         vertex 1.263792e+001 8.824158e+001 2.779994e+000
         vertex 1.262294e+001 8.821650e+001 2.751942e+000
      endloop
   endfacet
   facet normal 5.756480e-001 -7.520794e-001 3.209457e-001
      outer loop
         vertex 1.624841e+001 9.101983e+001 2.870966e+000
         vertex 1.262294e+001 8.821650e+001 2.751942e+000
         vertex 1.623353e+001 9.099064e+001 2.824174e+000
      endloop
   endfacet
   facet normal 5.733832e-001 -7.592005e-001 3.079714e-001
      outer loop
         vertex 1.623353e+001 9.099064e+001 2.824174e+000
         vertex 1.262294e+001 8.821650e+001 2.751942e+000
         vertex 1.261760e+001 8.820755e+001 2.741938e+000
      endloop
   endfacet
   facet normal 5.820730e-001 -7.687667e-001 2.649319e-001
      outer loop
         vertex 1.623353e+001 9.099064e+001 2.824174e+000
         vertex 1.261760e+001 8.820755e+001 2.741938e+000
         vertex 1.260541e+001 8.818716e+001 2.719131e+000
      endloop
   endfacet
   facet normal 5.954207e-002 -1.197141e-001 9.910213e-001
      outer loop
         vertex 1.285549e+001 8.865771e+001 2.910136e+000
         vertex 1.284069e+001 8.862543e+001 2.907628e+000
         vertex 1.612371e+001 9.117184e+001 3.025338e+000
      endloop
   endfacet
   facet normal 1.444607e-001 -2.235467e-001 9.639284e-001
      outer loop
         vertex 1.612371e+001 9.117184e+001 3.025338e+000
         vertex 1.284069e+001 8.862543e+001 2.907628e+000
         vertex 1.617656e+001 9.110600e+001 2.996655e+000
      endloop
   endfacet
   facet normal 1.537562e-001 -2.278839e-001 9.614717e-001
      outer loop
         vertex 1.612371e+001 9.117184e+001 3.025338e+000
         vertex 1.617656e+001 9.110600e+001 2.996655e+000
         vertex 1.972558e+001 9.406448e+001 3.120109e+000
      endloop
   endfacet
   facet normal 1.846995e-001 -2.614622e-001 9.473772e-001
      outer loop
         vertex 1.972558e+001 9.406448e+001 3.120109e+000
         vertex 1.617656e+001 9.110600e+001 2.996655e+000
         vertex 1.974399e+001 9.404202e+001 3.118771e+000
      endloop
   endfacet
   facet normal 1.617630e-001 -2.493345e-001 9.548115e-001
      outer loop
         vertex 1.284069e+001 8.862543e+001 2.907628e+000
         vertex 1.282205e+001 8.858476e+001 2.904469e+000
         vertex 1.617656e+001 9.110600e+001 2.996655e+000
      endloop
   endfacet
   facet normal 2.090486e-001 -3.103696e-001 9.273454e-001
      outer loop
         vertex 1.617656e+001 9.110600e+001 2.996655e+000
         vertex 1.282205e+001 8.858476e+001 2.904469e+000
         vertex 1.278852e+001 8.851160e+001 2.898786e+000
      endloop
   endfacet
   facet normal 3.184653e-001 -4.414161e-001 8.388872e-001
      outer loop
         vertex 1.617656e+001 9.110600e+001 2.996655e+000
         vertex 1.278852e+001 8.851160e+001 2.898786e+000
         vertex 1.621721e+001 9.105644e+001 2.946389e+000
      endloop
   endfacet
   facet normal 3.499616e-001 -4.879172e-001 7.996647e-001
      outer loop
         vertex 1.621721e+001 9.105644e+001 2.946389e+000
         vertex 1.278852e+001 8.851160e+001 2.898786e+000
         vertex 1.271831e+001 8.838573e+001 2.843407e+000
      endloop
   endfacet
   facet normal 4.170848e-001 -5.723841e-001 7.059863e-001
      outer loop
         vertex 1.621721e+001 9.105644e+001 2.946389e+000
         vertex 1.271831e+001 8.838573e+001 2.843407e+000
         vertex 1.269208e+001 8.833869e+001 2.822713e+000
      endloop
   endfacet
   facet normal -7.057067e-002 5.094661e-002 9.962049e-001
      outer loop
         vertex 1.605249e+001 9.126244e+001 3.017766e+000
         vertex 1.291992e+001 8.879829e+001 2.921057e+000
         vertex 1.612371e+001 9.117184e+001 3.025338e+000
      endloop
   endfacet
   facet normal -4.215750e-002 1.352779e-002 9.990194e-001
      outer loop
         vertex 1.612371e+001 9.117184e+001 3.025338e+000
         vertex 1.291992e+001 8.879829e+001 2.921057e+000
         vertex 1.288831e+001 8.872932e+001 2.915699e+000
      endloop
   endfacet
   facet normal 1.694145e-002 -6.402986e-002 9.978042e-001
      outer loop
         vertex 1.612371e+001 9.117184e+001 3.025338e+000
         vertex 1.288831e+001 8.872932e+001 2.915699e+000
         vertex 1.285549e+001 8.865771e+001 2.910136e+000
      endloop
   endfacet
   facet normal 4.777365e-001 -5.122622e-001 7.136913e-001
      outer loop
         vertex 2.249483e+001 9.638931e+001 3.098314e+000
         vertex 2.117534e+001 9.516020e+001 3.119123e+000
         vertex 2.122390e+001 9.510623e+001 3.046117e+000
      endloop
   endfacet
   facet normal 6.134472e-001 -7.495900e-001 2.485905e-001
      outer loop
         vertex 1.985113e+001 9.391646e+001 2.963285e+000
         vertex 1.985835e+001 9.390885e+001 2.926408e+000
         vertex 2.124139e+001 9.507349e+001 2.958006e+000
      endloop
   endfacet
   facet normal 6.014369e-001 -7.367619e-001 3.089589e-001
      outer loop
         vertex 1.985113e+001 9.391646e+001 2.963285e+000
         vertex 2.124139e+001 9.507349e+001 2.958006e+000
         vertex 1.984771e+001 9.392036e+001 2.971345e+000
      endloop
   endfacet
   facet normal 6.222484e-001 -7.381057e-001 2.607814e-001
      outer loop
         vertex 2.124139e+001 9.507349e+001 2.958006e+000
         vertex 2.124150e+001 9.507358e+001 2.958009e+000
         vertex 1.984771e+001 9.392036e+001 2.971345e+000
      endloop
   endfacet
   facet normal 6.223249e-001 -7.380406e-001 2.607832e-001
      outer loop
         vertex 1.984771e+001 9.392036e+001 2.971345e+000
         vertex 2.124150e+001 9.507358e+001 2.958009e+000
         vertex 2.124829e+001 9.508015e+001 2.958041e+000
      endloop
   endfacet
   facet normal 5.841702e-001 -7.174165e-001 3.795506e-001
      outer loop
         vertex 1.984771e+001 9.392036e+001 2.971345e+000
         vertex 2.124829e+001 9.508015e+001 2.958041e+000
         vertex 1.983084e+001 9.393962e+001 3.011098e+000
      endloop
   endfacet
   facet normal 5.773296e-001 -6.892306e-001 4.377805e-001
      outer loop
         vertex 1.983084e+001 9.393962e+001 3.011098e+000
         vertex 2.124829e+001 9.508015e+001 2.958041e+000
         vertex 2.122390e+001 9.510623e+001 3.046117e+000
      endloop
   endfacet
   facet normal 5.047841e-001 -6.279578e-001 5.923361e-001
      outer loop
         vertex 1.983084e+001 9.393962e+001 3.011098e+000
         vertex 2.122390e+001 9.510623e+001 3.046117e+000
         vertex 1.981579e+001 9.395679e+001 3.046556e+000
      endloop
   endfacet
   facet normal 4.560080e-001 -5.542580e-001 6.963151e-001
      outer loop
         vertex 1.981579e+001 9.395679e+001 3.046556e+000
         vertex 2.122390e+001 9.510623e+001 3.046117e+000
         vertex 2.117534e+001 9.516020e+001 3.119123e+000
      endloop
   endfacet
   facet normal 9.217516e-002 -1.412358e-001 9.856755e-001
      outer loop
         vertex 1.972151e+001 9.406944e+001 3.120404e+000
         vertex 1.972558e+001 9.406448e+001 3.120109e+000
         vertex 2.111197e+001 9.523182e+001 3.157292e+000
      endloop
   endfacet
   facet normal 1.209017e-001 -1.766690e-001 9.768167e-001
      outer loop
         vertex 2.111197e+001 9.523182e+001 3.157292e+000
         vertex 1.972558e+001 9.406448e+001 3.120109e+000
         vertex 1.974399e+001 9.404202e+001 3.118771e+000
      endloop
   endfacet
   facet normal 2.110924e-001 -2.710363e-001 9.391375e-001
      outer loop
         vertex 2.111197e+001 9.523182e+001 3.157292e+000
         vertex 1.974399e+001 9.404202e+001 3.118771e+000
         vertex 2.117534e+001 9.516020e+001 3.119123e+000
      endloop
   endfacet
   facet normal 3.220811e-001 -4.145520e-001 8.511230e-001
      outer loop
         vertex 2.117534e+001 9.516020e+001 3.119123e+000
         vertex 1.974399e+001 9.404202e+001 3.118771e+000
         vertex 1.981165e+001 9.396151e+001 3.056313e+000
      endloop
   endfacet
   facet normal 4.125307e-001 -5.236299e-001 7.454060e-001
      outer loop
         vertex 2.117534e+001 9.516020e+001 3.119123e+000
         vertex 1.981165e+001 9.396151e+001 3.056313e+000
         vertex 1.981579e+001 9.395679e+001 3.046556e+000
      endloop
   endfacet
   facet normal -6.922159e-002 5.086957e-002 9.963035e-001
      outer loop
         vertex 1.966544e+001 9.413784e+001 3.124476e+000
         vertex 1.972151e+001 9.406944e+001 3.120404e+000
         vertex 2.103995e+001 9.531445e+001 3.153111e+000
      endloop
   endfacet
   facet normal 1.418569e-002 -4.448690e-002 9.989092e-001
      outer loop
         vertex 2.103995e+001 9.531445e+001 3.153111e+000
         vertex 1.972151e+001 9.406944e+001 3.120404e+000
         vertex 2.111197e+001 9.523182e+001 3.157292e+000
      endloop
   endfacet
   facet normal -6.044997e-002 4.850572e-002 9.969919e-001
      outer loop
         vertex 2.103995e+001 9.531445e+001 3.153111e+000
         vertex 2.111197e+001 9.523182e+001 3.157292e+000
         vertex 2.150905e+001 9.571600e+001 3.162883e+000
      endloop
   endfacet
   facet normal 2.017311e-002 -2.489999e-002 9.994864e-001
      outer loop
         vertex 2.150905e+001 9.571600e+001 3.162883e+000
         vertex 2.111197e+001 9.523182e+001 3.157292e+000
         vertex 2.238794e+001 9.648525e+001 3.160379e+000
      endloop
   endfacet
   facet normal -6.308404e-002 7.026248e-002 9.955318e-001
      outer loop
         vertex 2.150905e+001 9.571600e+001 3.162883e+000
         vertex 2.238794e+001 9.648525e+001 3.160379e+000
         vertex 2.232724e+001 9.653913e+001 3.162167e+000
      endloop
   endfacet
   facet normal 4.356034e-001 -4.234679e-001 7.943076e-001
      outer loop
         vertex 2.249483e+001 9.638931e+001 3.098314e+000
         vertex 2.247286e+001 9.640909e+001 3.114473e+000
         vertex 2.117534e+001 9.516020e+001 3.119123e+000
      endloop
   endfacet
   facet normal 3.305374e-001 -3.270168e-001 8.853276e-001
      outer loop
         vertex 2.117534e+001 9.516020e+001 3.119123e+000
         vertex 2.247286e+001 9.640909e+001 3.114473e+000
         vertex 2.241138e+001 9.646444e+001 3.159688e+000
      endloop
   endfacet
   facet normal 2.186663e-001 -2.437669e-001 9.448612e-001
      outer loop
         vertex 2.117534e+001 9.516020e+001 3.119123e+000
         vertex 2.241138e+001 9.646444e+001 3.159688e+000
         vertex 2.111197e+001 9.523182e+001 3.157292e+000
      endloop
   endfacet
   facet normal 1.421070e-001 -1.360024e-001 9.804636e-001
      outer loop
         vertex 2.111197e+001 9.523182e+001 3.157292e+000
         vertex 2.241138e+001 9.646444e+001 3.159688e+000
         vertex 2.239832e+001 9.647604e+001 3.160073e+000
      endloop
   endfacet
   facet normal 1.122726e-001 -1.087210e-001 9.877118e-001
      outer loop
         vertex 2.111197e+001 9.523182e+001 3.157292e+000
         vertex 2.239832e+001 9.647604e+001 3.160073e+000
         vertex 2.238794e+001 9.648525e+001 3.160379e+000
      endloop
   endfacet
   facet normal 6.927127e-001 -6.800168e-001 2.402627e-001
      outer loop
         vertex 2.254972e+001 9.633855e+001 2.964265e+000
         vertex 2.254393e+001 9.634417e+001 2.994237e+000
         vertex 2.124829e+001 9.508015e+001 2.958041e+000
      endloop
   endfacet
   facet normal 6.760619e-001 -6.640132e-001 3.194165e-001
      outer loop
         vertex 2.124829e+001 9.508015e+001 2.958041e+000
         vertex 2.254393e+001 9.634417e+001 2.994237e+000
         vertex 2.253130e+001 9.635578e+001 3.021009e+000
      endloop
   endfacet
   facet normal 6.278709e-001 -6.683592e-001 3.988410e-001
      outer loop
         vertex 2.124829e+001 9.508015e+001 2.958041e+000
         vertex 2.253130e+001 9.635578e+001 3.021009e+000
         vertex 2.122390e+001 9.510623e+001 3.046117e+000
      endloop
   endfacet
   facet normal 6.143482e-001 -6.015106e-001 5.106479e-001
      outer loop
         vertex 2.122390e+001 9.510623e+001 3.046117e+000
         vertex 2.253130e+001 9.635578e+001 3.021009e+000
         vertex 2.251851e+001 9.636755e+001 3.048130e+000
      endloop
   endfacet
   facet normal 5.640479e-001 -5.546056e-001 6.117700e-001
      outer loop
         vertex 2.122390e+001 9.510623e+001 3.046117e+000
         vertex 2.251851e+001 9.636755e+001 3.048130e+000
         vertex 2.249483e+001 9.638931e+001 3.098314e+000
      endloop
   endfacet
   facet normal -6.416657e-001 7.669335e-001 8.840275e-003
      outer loop
         vertex 3.344529e+001 1.174264e+002 1.569700e+000
         vertex 3.949506e+001 1.224073e+002 1.722148e+000
         vertex 3.949287e+001 1.224117e+002 1.643315e+000
      endloop
   endfacet
   facet normal -5.920184e-001 7.761854e-001 2.169110e-001
      outer loop
         vertex 3.344529e+001 1.174264e+002 1.569700e+000
         vertex 2.721298e+001 1.126783e+002 1.354958e+000
         vertex 2.722363e+001 1.126596e+002 1.431427e+000
      endloop
   endfacet
   facet normal -5.582325e-001 8.243729e-001 -9.373255e-002
      outer loop
         vertex 2.376358e+001 1.102059e+002 1.133526e+000
         vertex 2.076914e+001 1.082343e+002 9.855483e-001
         vertex 2.080249e+001 1.081768e+002 1.078748e+000
      endloop
   endfacet
   facet normal -5.421153e-001 8.351480e-001 -9.294517e-002
      outer loop
         vertex 2.080249e+001 1.081768e+002 1.078748e+000
         vertex 2.076914e+001 1.082343e+002 9.855483e-001
         vertex 1.422920e+001 1.039281e+002 6.623620e-001
      endloop
   endfacet
   facet normal -5.347157e-001 8.439953e-001 -4.184700e-002
      outer loop
         vertex 2.080249e+001 1.081768e+002 1.078748e+000
         vertex 1.422920e+001 1.039281e+002 6.623620e-001
         vertex 1.422526e+001 1.039311e+002 7.003248e-001
      endloop
   endfacet
   facet normal -5.172951e-001 7.854078e-001 3.399121e-001
      outer loop
         vertex 1.423261e+001 1.039087e+002 8.175814e-001
         vertex 2.081198e+001 1.081574e+002 1.155166e+000
         vertex 1.422875e+001 1.039204e+002 7.560220e-001
      endloop
   endfacet
   facet normal -5.399483e-001 8.069167e-001 2.394602e-001
      outer loop
         vertex 1.422875e+001 1.039204e+002 7.560220e-001
         vertex 2.081198e+001 1.081574e+002 1.155166e+000
         vertex 2.080249e+001 1.081768e+002 1.078748e+000
      endloop
   endfacet
   facet normal -5.371850e-001 8.321819e-001 1.374975e-001
      outer loop
         vertex 1.422875e+001 1.039204e+002 7.560220e-001
         vertex 2.080249e+001 1.081768e+002 1.078748e+000
         vertex 1.422777e+001 1.039234e+002 7.404002e-001
      endloop
   endfacet
   facet normal -5.382228e-001 8.404601e-001 6.279404e-002
      outer loop
         vertex 1.422777e+001 1.039234e+002 7.404002e-001
         vertex 2.080249e+001 1.081768e+002 1.078748e+000
         vertex 1.422526e+001 1.039311e+002 7.003248e-001
      endloop
   endfacet
   facet normal -5.864455e-001 7.448933e-001 3.181442e-001
      outer loop
         vertex 3.344529e+001 1.174264e+002 1.569700e+000
         vertex 2.722363e+001 1.126596e+002 1.431427e+000
         vertex 3.345708e+001 1.174086e+002 1.646207e+000
      endloop
   endfacet
   facet normal -5.299699e-001 6.791449e-001 5.078328e-001
      outer loop
         vertex 3.345708e+001 1.174086e+002 1.646207e+000
         vertex 2.722363e+001 1.126596e+002 1.431427e+000
         vertex 2.724789e+001 1.126230e+002 1.497566e+000
      endloop
   endfacet
   facet normal -5.039843e-001 6.256811e-001 5.954183e-001
      outer loop
         vertex 3.345708e+001 1.174086e+002 1.646207e+000
         vertex 2.724789e+001 1.126230e+002 1.497566e+000
         vertex 3.348311e+001 1.173733e+002 1.712407e+000
      endloop
   endfacet
   facet normal -3.047418e-001 4.080824e-001 8.605819e-001
      outer loop
         vertex 1.428559e+001 1.038133e+002 9.278187e-001
         vertex 2.086762e+001 1.080667e+002 1.270464e+000
         vertex 1.427827e+001 1.038257e+002 9.212878e-001
      endloop
   endfacet
   facet normal -3.548529e-001 4.793297e-001 8.026971e-001
      outer loop
         vertex 1.427827e+001 1.038257e+002 9.212878e-001
         vertex 2.086762e+001 1.080667e+002 1.270464e+000
         vertex 2.083442e+001 1.081195e+002 1.221227e+000
      endloop
   endfacet
   facet normal -3.704070e-001 5.149715e-001 7.730479e-001
      outer loop
         vertex 1.427827e+001 1.038257e+002 9.212878e-001
         vertex 2.083442e+001 1.081195e+002 1.221227e+000
         vertex 1.426873e+001 1.038419e+002 9.127693e-001
      endloop
   endfacet
   facet normal -4.444319e-001 6.254963e-001 6.412758e-001
      outer loop
         vertex 1.426873e+001 1.038419e+002 9.127693e-001
         vertex 2.083442e+001 1.081195e+002 1.221227e+000
         vertex 2.081198e+001 1.081574e+002 1.155166e+000
      endloop
   endfacet
   facet normal -4.681884e-001 6.863279e-001 5.565553e-001
      outer loop
         vertex 1.426873e+001 1.038419e+002 9.127693e-001
         vertex 2.081198e+001 1.081574e+002 1.155166e+000
         vertex 1.423273e+001 1.039085e+002 8.179139e-001
      endloop
   endfacet
   facet normal -5.035935e-001 7.565097e-001 4.172369e-001
      outer loop
         vertex 1.423273e+001 1.039085e+002 8.179139e-001
         vertex 2.081198e+001 1.081574e+002 1.155166e+000
         vertex 1.423261e+001 1.039087e+002 8.175814e-001
      endloop
   endfacet
   facet normal -2.007268e-001 2.237427e-001 9.537547e-001
      outer loop
         vertex 2.728338e+001 1.125718e+002 1.546902e+000
         vertex 2.731217e+001 1.125315e+002 1.569591e+000
         vertex 2.933942e+001 1.140025e+002 1.650068e+000
      endloop
   endfacet
   facet normal -1.939064e-001 2.283376e-001 9.540766e-001
      outer loop
         vertex 1.428559e+001 1.038133e+002 9.278187e-001
         vertex 1.432223e+001 1.037511e+002 9.605341e-001
         vertex 1.855911e+001 1.064455e+002 1.183710e+000
      endloop
   endfacet
   facet normal -6.271085e-001 7.729630e-001 -9.624499e-002
      outer loop
         vertex 3.949287e+001 1.224117e+002 1.643315e+000
         vertex 3.344069e+001 1.174349e+002 1.487733e+000
         vertex 3.344529e+001 1.174264e+002 1.569700e+000
      endloop
   endfacet
   facet normal -6.158220e-001 7.820221e-001 -9.594104e-002
      outer loop
         vertex 3.344529e+001 1.174264e+002 1.569700e+000
         vertex 3.344069e+001 1.174349e+002 1.487733e+000
         vertex 3.292416e+001 1.170101e+002 1.474455e+000
      endloop
   endfacet
   facet normal -6.105958e-001 7.918828e-001 9.723179e-003
      outer loop
         vertex 3.344529e+001 1.174264e+002 1.569700e+000
         vertex 3.292416e+001 1.170101e+002 1.474455e+000
         vertex 2.721298e+001 1.126783e+002 1.354958e+000
      endloop
   endfacet
   facet normal -5.951943e-001 7.979178e-001 -9.524093e-002
      outer loop
         vertex 2.721298e+001 1.126783e+002 1.354958e+000
         vertex 3.292416e+001 1.170101e+002 1.474455e+000
         vertex 2.717235e+001 1.127378e+002 1.260390e+000
      endloop
   endfacet
   facet normal -5.795332e-001 8.094334e-001 -9.465118e-002
      outer loop
         vertex 2.721298e+001 1.126783e+002 1.354958e+000
         vertex 2.717235e+001 1.127378e+002 1.260390e+000
         vertex 2.376358e+001 1.102059e+002 1.133526e+000
      endloop
   endfacet
   facet normal -5.355008e-001 6.392995e-001 5.518469e-001
      outer loop
         vertex 3.348311e+001 1.173733e+002 1.712407e+000
         vertex 3.951945e+001 1.223763e+002 1.829261e+000
         vertex 3.345708e+001 1.174086e+002 1.646207e+000
      endloop
   endfacet
   facet normal -5.848477e-001 6.876625e-001 4.302016e-001
      outer loop
         vertex 3.345708e+001 1.174086e+002 1.646207e+000
         vertex 3.951945e+001 1.223763e+002 1.829261e+000
         vertex 3.949650e+001 1.224043e+002 1.774461e+000
      endloop
   endfacet
   facet normal -6.098891e-001 7.398071e-001 2.841140e-001
      outer loop
         vertex 3.345708e+001 1.174086e+002 1.646207e+000
         vertex 3.949650e+001 1.224043e+002 1.774461e+000
         vertex 3.344529e+001 1.174264e+002 1.569700e+000
      endloop
   endfacet
   facet normal -6.304495e-001 7.490717e-001 2.035313e-001
      outer loop
         vertex 3.344529e+001 1.174264e+002 1.569700e+000
         vertex 3.949650e+001 1.224043e+002 1.774461e+000
         vertex 3.949549e+001 1.224064e+002 1.738000e+000
      endloop
   endfacet
   facet normal -6.373526e-001 7.586941e-001 1.347772e-001
      outer loop
         vertex 3.344529e+001 1.174264e+002 1.569700e+000
         vertex 3.949549e+001 1.224064e+002 1.738000e+000
         vertex 3.949506e+001 1.224073e+002 1.722148e+000
      endloop
   endfacet
   facet normal -3.933553e-001 4.512047e-001 8.010530e-001
      outer loop
         vertex 3.957267e+001 1.223124e+002 1.907470e+000
         vertex 3.956350e+001 1.223233e+002 1.900376e+000
         vertex 3.348311e+001 1.173733e+002 1.712407e+000
      endloop
   endfacet
   facet normal -4.284403e-001 4.930869e-001 7.571685e-001
      outer loop
         vertex 3.348311e+001 1.173733e+002 1.712407e+000
         vertex 3.956350e+001 1.223233e+002 1.900376e+000
         vertex 3.954240e+001 1.223482e+002 1.884060e+000
      endloop
   endfacet
   facet normal -4.898097e-001 5.668675e-001 6.623804e-001
      outer loop
         vertex 3.348311e+001 1.173733e+002 1.712407e+000
         vertex 3.954240e+001 1.223482e+002 1.884060e+000
         vertex 3.951945e+001 1.223763e+002 1.829261e+000
      endloop
   endfacet
   facet normal -2.614239e-001 3.016760e-001 9.168692e-001
      outer loop
         vertex 2.728338e+001 1.125718e+002 1.546902e+000
         vertex 2.933942e+001 1.140025e+002 1.650068e+000
         vertex 3.352084e+001 1.173238e+002 1.761820e+000
      endloop
   endfacet
   facet normal -2.040076e-001 2.212434e-001 9.536415e-001
      outer loop
         vertex 3.352084e+001 1.173238e+002 1.761820e+000
         vertex 2.933942e+001 1.140025e+002 1.650068e+000
         vertex 3.355667e+001 1.172780e+002 1.786318e+000
      endloop
   endfacet
   facet normal -2.040076e-001 2.212434e-001 9.536415e-001
      outer loop
         vertex 3.352084e+001 1.173238e+002 1.761820e+000
         vertex 3.355667e+001 1.172780e+002 1.786318e+000
         vertex 3.454211e+001 1.180434e+002 1.818156e+000
      endloop
   endfacet
   facet normal -4.160506e-001 5.156350e-001 7.490144e-001
      outer loop
         vertex 2.724789e+001 1.126230e+002 1.497566e+000
         vertex 2.728338e+001 1.125718e+002 1.546902e+000
         vertex 3.348311e+001 1.173733e+002 1.712407e+000
      endloop
   endfacet
   facet normal -3.722032e-001 4.452415e-001 8.143862e-001
      outer loop
         vertex 3.348311e+001 1.173733e+002 1.712407e+000
         vertex 2.728338e+001 1.125718e+002 1.546902e+000
         vertex 3.352084e+001 1.173238e+002 1.761820e+000
      endloop
   endfacet
   facet normal -3.786622e-001 4.401197e-001 8.141926e-001
      outer loop
         vertex 3.348311e+001 1.173733e+002 1.712407e+000
         vertex 3.352084e+001 1.173238e+002 1.761820e+000
         vertex 3.957267e+001 1.223124e+002 1.907470e+000
      endloop
   endfacet
   facet normal -2.678829e-001 2.965544e-001 9.166757e-001
      outer loop
         vertex 3.957267e+001 1.223124e+002 1.907470e+000
         vertex 3.352084e+001 1.173238e+002 1.761820e+000
         vertex 3.454211e+001 1.180434e+002 1.818156e+000
      endloop
   endfacet
   facet normal -2.071857e-001 2.186211e-001 9.535611e-001
      outer loop
         vertex 3.957267e+001 1.223124e+002 1.907470e+000
         vertex 3.454211e+001 1.180434e+002 1.818156e+000
         vertex 3.961827e+001 1.222584e+002 1.942746e+000
      endloop
   endfacet
   facet normal -2.479504e-001 3.111385e-001 9.174494e-001
      outer loop
         vertex 1.428559e+001 1.038133e+002 9.278187e-001
         vertex 1.855911e+001 1.064455e+002 1.183710e+000
         vertex 2.086762e+001 1.080667e+002 1.270464e+000
      endloop
   endfacet
   facet normal -1.973547e-001 2.261108e-001 9.538999e-001
      outer loop
         vertex 2.086762e+001 1.080667e+002 1.270464e+000
         vertex 1.855911e+001 1.064455e+002 1.183710e+000
         vertex 2.089391e+001 1.080260e+002 1.292838e+000
      endloop
   endfacet
   facet normal -1.973547e-001 2.261108e-001 9.538999e-001
      outer loop
         vertex 2.086762e+001 1.080667e+002 1.270464e+000
         vertex 2.089391e+001 1.080260e+002 1.292838e+000
         vertex 2.401269e+001 1.101373e+002 1.438610e+000
      endloop
   endfacet
   facet normal -5.744939e-001 8.184336e-001 1.109885e-002
      outer loop
         vertex 2.376358e+001 1.102059e+002 1.133526e+000
         vertex 2.080249e+001 1.081768e+002 1.078748e+000
         vertex 2.721298e+001 1.126783e+002 1.354958e+000
      endloop
   endfacet
   facet normal -5.627097e-001 7.973682e-001 2.180863e-001
      outer loop
         vertex 2.721298e+001 1.126783e+002 1.354958e+000
         vertex 2.080249e+001 1.081768e+002 1.078748e+000
         vertex 2.081198e+001 1.081574e+002 1.155166e+000
      endloop
   endfacet
   facet normal -5.589274e-001 7.653310e-001 3.191686e-001
      outer loop
         vertex 2.721298e+001 1.126783e+002 1.354958e+000
         vertex 2.081198e+001 1.081574e+002 1.155166e+000
         vertex 2.722363e+001 1.126596e+002 1.431427e+000
      endloop
   endfacet
   facet normal -5.061356e-001 6.963938e-001 5.087852e-001
      outer loop
         vertex 2.722363e+001 1.126596e+002 1.431427e+000
         vertex 2.081198e+001 1.081574e+002 1.155166e+000
         vertex 2.083442e+001 1.081195e+002 1.221227e+000
      endloop
   endfacet
   facet normal -4.827391e-001 6.414840e-001 5.962058e-001
      outer loop
         vertex 2.722363e+001 1.126596e+002 1.431427e+000
         vertex 2.083442e+001 1.081195e+002 1.221227e+000
         vertex 2.724789e+001 1.126230e+002 1.497566e+000
      endloop
   endfacet
   facet normal -4.000230e-001 5.272619e-001 7.496510e-001
      outer loop
         vertex 2.724789e+001 1.126230e+002 1.497566e+000
         vertex 2.083442e+001 1.081195e+002 1.221227e+000
         vertex 2.086762e+001 1.080667e+002 1.270464e+000
      endloop
   endfacet
   facet normal -3.593095e-001 4.548631e-001 8.148596e-001
      outer loop
         vertex 2.724789e+001 1.126230e+002 1.497566e+000
         vertex 2.086762e+001 1.080667e+002 1.270464e+000
         vertex 2.728338e+001 1.125718e+002 1.546902e+000
      endloop
   endfacet
   facet normal -2.547709e-001 3.065435e-001 9.171275e-001
      outer loop
         vertex 2.728338e+001 1.125718e+002 1.546902e+000
         vertex 2.086762e+001 1.080667e+002 1.270464e+000
         vertex 2.401269e+001 1.101373e+002 1.438610e+000
      endloop
   endfacet
   facet normal -2.007268e-001 2.237427e-001 9.537547e-001
      outer loop
         vertex 2.728338e+001 1.125718e+002 1.546902e+000
         vertex 2.401269e+001 1.101373e+002 1.438610e+000
         vertex 2.731217e+001 1.125315e+002 1.569591e+000
      endloop
   endfacet
   facet normal -5.261258e-001 1.626816e-001 8.347014e-001
      outer loop
         vertex 1.224219e+001 1.000068e+002 1.170395e+000
         vertex 1.226907e+001 1.000073e+002 1.181462e+000
         vertex 1.241917e+001 1.011127e+002 1.048730e+000
      endloop
   endfacet
   facet normal -3.394201e-001 4.018866e-001 8.504593e-001
      outer loop
         vertex 1.428559e+001 1.038133e+002 9.278187e-001
         vertex 1.427827e+001 1.038257e+002 9.212878e-001
         vertex 1.342553e+001 1.030971e+002 9.072315e-001
      endloop
   endfacet
   facet normal -1.942960e-001 2.289152e-001 9.538590e-001
      outer loop
         vertex 1.432223e+001 1.037511e+002 9.605341e-001
         vertex 1.428559e+001 1.038133e+002 9.278187e-001
         vertex 1.364794e+001 1.032088e+002 9.414437e-001
      endloop
   endfacet
   facet normal -2.838201e-001 3.059759e-001 9.087491e-001
      outer loop
         vertex 1.364794e+001 1.032088e+002 9.414437e-001
         vertex 1.428559e+001 1.038133e+002 9.278187e-001
         vertex 1.342553e+001 1.030971e+002 9.072315e-001
      endloop
   endfacet
   facet normal -2.331138e-001 2.205252e-001 9.471149e-001
      outer loop
         vertex 1.364794e+001 1.032088e+002 9.414437e-001
         vertex 1.342553e+001 1.030971e+002 9.072315e-001
         vertex 1.350797e+001 1.030278e+002 9.473774e-001
      endloop
   endfacet
   facet normal -2.508277e-001 1.942031e-001 9.483516e-001
      outer loop
         vertex 1.280439e+001 1.021633e+002 9.524739e-001
         vertex 1.290457e+001 1.021162e+002 9.919616e-001
         vertex 1.307245e+001 1.024647e+002 9.658403e-001
      endloop
   endfacet
   facet normal -2.509913e-001 1.942514e-001 9.482984e-001
      outer loop
         vertex 1.290457e+001 1.021162e+002 9.919616e-001
         vertex 1.280439e+001 1.021633e+002 9.524739e-001
         vertex 1.266684e+001 1.016228e+002 1.028953e+000
      endloop
   endfacet
   facet normal -3.675294e-001 2.178106e-001 9.041464e-001
      outer loop
         vertex 1.266684e+001 1.016228e+002 1.028953e+000
         vertex 1.280439e+001 1.021633e+002 9.524739e-001
         vertex 1.241917e+001 1.011127e+002 1.048730e+000
      endloop
   endfacet
   facet normal -2.607810e-001 1.676132e-001 9.507360e-001
      outer loop
         vertex 1.266684e+001 1.016228e+002 1.028953e+000
         vertex 1.241917e+001 1.011127e+002 1.048730e+000
         vertex 1.253047e+001 1.010894e+002 1.086405e+000
      endloop
   endfacet
   facet normal -2.605985e-001 1.675501e-001 9.507973e-001
      outer loop
         vertex 1.253047e+001 1.010894e+002 1.086405e+000
         vertex 1.241917e+001 1.011127e+002 1.048730e+000
         vertex 1.241954e+001 1.006554e+002 1.133138e+000
      endloop
   endfacet
   facet normal -3.805326e-001 1.670491e-001 9.095545e-001
      outer loop
         vertex 1.241954e+001 1.006554e+002 1.133138e+000
         vertex 1.241917e+001 1.011127e+002 1.048730e+000
         vertex 1.226907e+001 1.000073e+002 1.181462e+000
      endloop
   endfacet
   facet normal -2.639287e-001 1.434794e-001 9.538109e-001
      outer loop
         vertex 1.241954e+001 1.006554e+002 1.133138e+000
         vertex 1.226907e+001 1.000073e+002 1.181462e+000
         vertex 1.235686e+001 1.000089e+002 1.217611e+000
      endloop
   endfacet
   facet normal -9.475604e-001 1.425169e-001 2.860389e-001
      outer loop
         vertex 1.230231e+001 1.011234e+002 8.847446e-001
         vertex 1.215208e+001 9.999045e+001 1.024666e+000
         vertex 1.216425e+001 9.999700e+001 1.076646e+000
      endloop
   endfacet
   facet normal -9.816355e-001 1.244732e-001 1.445625e-001
      outer loop
         vertex 1.215208e+001 9.999045e+001 1.024666e+000
         vertex 1.230231e+001 1.011234e+002 8.847446e-001
         vertex 1.213921e+001 9.998353e+001 9.696962e-001
      endloop
   endfacet
   facet normal -9.849597e-001 1.723746e-001 1.188881e-002
      outer loop
         vertex 1.213921e+001 9.998353e+001 9.696962e-001
         vertex 1.230231e+001 1.011234e+002 8.847446e-001
         vertex 1.237173e+001 1.010790e+002 8.058324e-001
      endloop
   endfacet
   facet normal -9.900376e-001 9.357473e-002 -1.052109e-001
      outer loop
         vertex 1.213921e+001 9.998353e+001 9.696962e-001
         vertex 1.237173e+001 1.010790e+002 8.058324e-001
         vertex 1.214178e+001 9.997839e+001 9.317998e-001
      endloop
   endfacet
   facet normal -8.905335e-001 2.045405e-001 4.063413e-001
      outer loop
         vertex 1.216425e+001 9.999700e+001 1.076646e+000
         vertex 1.234445e+001 1.011233e+002 9.786875e-001
         vertex 1.230231e+001 1.011234e+002 8.847446e-001
      endloop
   endfacet
   facet normal -8.352339e-001 3.098464e-001 4.542901e-001
      outer loop
         vertex 1.230231e+001 1.011234e+002 8.847446e-001
         vertex 1.234445e+001 1.011233e+002 9.786875e-001
         vertex 1.273642e+001 1.021922e+002 8.807536e-001
      endloop
   endfacet
   facet normal -8.679103e-001 3.779165e-001 3.223518e-001
      outer loop
         vertex 1.230231e+001 1.011234e+002 8.847446e-001
         vertex 1.273642e+001 1.021922e+002 8.807536e-001
         vertex 1.269870e+001 1.022043e+002 7.857087e-001
      endloop
   endfacet
   facet normal -7.536547e-001 6.528326e-001 -7.625014e-002
      outer loop
         vertex 1.334000e+001 1.031682e+002 7.390293e-001
         vertex 1.334476e+001 1.031635e+002 6.450147e-001
         vertex 1.334115e+001 1.031576e+002 6.453473e-001
      endloop
   endfacet
   facet normal -6.475468e-001 6.960936e-001 3.100596e-001
      outer loop
         vertex 1.422875e+001 1.039204e+002 7.560220e-001
         vertex 1.334000e+001 1.031682e+002 7.390293e-001
         vertex 1.336972e+001 1.031442e+002 8.346438e-001
      endloop
   endfacet
   facet normal -6.866758e-001 7.250497e-001 5.271780e-002
      outer loop
         vertex 1.334000e+001 1.031682e+002 7.390293e-001
         vertex 1.422875e+001 1.039204e+002 7.560220e-001
         vertex 1.334476e+001 1.031635e+002 6.450147e-001
      endloop
   endfacet
   facet normal -6.123362e-001 7.899345e-001 3.237396e-002
      outer loop
         vertex 1.334476e+001 1.031635e+002 6.450147e-001
         vertex 1.422875e+001 1.039204e+002 7.560220e-001
         vertex 1.422777e+001 1.039234e+002 7.404002e-001
      endloop
   endfacet
   facet normal -6.824884e-001 7.244498e-001 -9.686082e-002
      outer loop
         vertex 1.334476e+001 1.031635e+002 6.450147e-001
         vertex 1.422777e+001 1.039234e+002 7.404002e-001
         vertex 1.336138e+001 1.031908e+002 6.434821e-001
      endloop
   endfacet
   facet normal -6.067687e-001 7.936525e-001 -4.412939e-002
      outer loop
         vertex 1.336138e+001 1.031908e+002 6.434821e-001
         vertex 1.422777e+001 1.039234e+002 7.404002e-001
         vertex 1.422526e+001 1.039311e+002 7.003248e-001
      endloop
   endfacet
   facet normal -5.970585e-001 7.883082e-001 -1.486316e-001
      outer loop
         vertex 1.336138e+001 1.031908e+002 6.434821e-001
         vertex 1.422526e+001 1.039311e+002 7.003248e-001
         vertex 1.422920e+001 1.039281e+002 6.623620e-001
      endloop
   endfacet
   facet normal -8.943640e-001 4.424197e-001 -6.616580e-002
      outer loop
         vertex 1.273957e+001 1.021727e+002 7.008047e-001
         vertex 1.273233e+001 1.021609e+002 7.014728e-001
         vertex 1.269870e+001 1.022043e+002 7.857087e-001
      endloop
   endfacet
   facet normal -9.063663e-001 4.175836e-001 -6.421947e-002
      outer loop
         vertex 1.269870e+001 1.022043e+002 7.857087e-001
         vertex 1.273233e+001 1.021609e+002 7.014728e-001
         vertex 1.252782e+001 1.018261e+002 7.203258e-001
      endloop
   endfacet
   facet normal -9.303635e-001 3.601221e-001 6.881642e-002
      outer loop
         vertex 1.269870e+001 1.022043e+002 7.857087e-001
         vertex 1.252782e+001 1.018261e+002 7.203258e-001
         vertex 1.230231e+001 1.011234e+002 8.847446e-001
      endloop
   endfacet
   facet normal -9.587477e-001 2.795326e-001 -5.161607e-002
      outer loop
         vertex 1.230231e+001 1.011234e+002 8.847446e-001
         vertex 1.252782e+001 1.018261e+002 7.203258e-001
         vertex 1.237597e+001 1.010993e+002 8.035067e-001
      endloop
   endfacet
   facet normal -9.719433e-001 2.305248e-001 -4.674000e-002
      outer loop
         vertex 1.230231e+001 1.011234e+002 8.847446e-001
         vertex 1.237597e+001 1.010993e+002 8.035067e-001
         vertex 1.237173e+001 1.010790e+002 8.058324e-001
      endloop
   endfacet
   facet normal -5.031258e-001 6.201313e-001 6.019149e-001
      outer loop
         vertex 1.426873e+001 1.038419e+002 9.127693e-001
         vertex 1.423273e+001 1.039085e+002 8.179139e-001
         vertex 1.336972e+001 1.031442e+002 8.346438e-001
      endloop
   endfacet
   facet normal -5.428541e-001 6.986430e-001 4.660550e-001
      outer loop
         vertex 1.336972e+001 1.031442e+002 8.346438e-001
         vertex 1.423273e+001 1.039085e+002 8.179139e-001
         vertex 1.423261e+001 1.039087e+002 8.175814e-001
      endloop
   endfacet
   facet normal -5.597041e-001 7.309333e-001 3.904714e-001
      outer loop
         vertex 1.336972e+001 1.031442e+002 8.346438e-001
         vertex 1.423261e+001 1.039087e+002 8.175814e-001
         vertex 1.422875e+001 1.039204e+002 7.560220e-001
      endloop
   endfacet
   facet normal -3.596066e-001 4.367534e-001 8.245784e-001
      outer loop
         vertex 1.427827e+001 1.038257e+002 9.212878e-001
         vertex 1.426873e+001 1.038419e+002 9.127693e-001
         vertex 1.342553e+001 1.030971e+002 9.072315e-001
      endloop
   endfacet
   facet normal -4.690679e-001 4.819570e-001 7.400627e-001
      outer loop
         vertex 1.342553e+001 1.030971e+002 9.072315e-001
         vertex 1.426873e+001 1.038419e+002 9.127693e-001
         vertex 1.336972e+001 1.031442e+002 8.346438e-001
      endloop
   endfacet
   facet normal -5.973015e-001 4.510576e-001 6.631576e-001
      outer loop
         vertex 1.342553e+001 1.030971e+002 9.072315e-001
         vertex 1.336972e+001 1.031442e+002 8.346438e-001
         vertex 1.273642e+001 1.021922e+002 8.807536e-001
      endloop
   endfacet
   facet normal -7.130894e-001 5.472901e-001 4.381519e-001
      outer loop
         vertex 1.273642e+001 1.021922e+002 8.807536e-001
         vertex 1.336972e+001 1.031442e+002 8.346438e-001
         vertex 1.334000e+001 1.031682e+002 7.390293e-001
      endloop
   endfacet
   facet normal -7.990053e-001 5.132508e-001 3.133117e-001
      outer loop
         vertex 1.273642e+001 1.021922e+002 8.807536e-001
         vertex 1.334000e+001 1.031682e+002 7.390293e-001
         vertex 1.269870e+001 1.022043e+002 7.857087e-001
      endloop
   endfacet
   facet normal -8.036122e-001 5.926828e-001 5.417140e-002
      outer loop
         vertex 1.269870e+001 1.022043e+002 7.857087e-001
         vertex 1.334000e+001 1.031682e+002 7.390293e-001
         vertex 1.334115e+001 1.031576e+002 6.453473e-001
      endloop
   endfacet
   facet normal -8.522330e-001 5.184369e-001 -7.015677e-002
      outer loop
         vertex 1.269870e+001 1.022043e+002 7.857087e-001
         vertex 1.334115e+001 1.031576e+002 6.453473e-001
         vertex 1.273957e+001 1.021727e+002 7.008047e-001
      endloop
   endfacet
   facet normal -7.749449e-001 1.656945e-001 6.099226e-001
      outer loop
         vertex 1.216425e+001 9.999700e+001 1.076646e+000
         vertex 1.224219e+001 1.000068e+002 1.170395e+000
         vertex 1.234445e+001 1.011233e+002 9.786875e-001
      endloop
   endfacet
   facet normal -6.297017e-001 2.030626e-001 7.498276e-001
      outer loop
         vertex 1.234445e+001 1.011233e+002 9.786875e-001
         vertex 1.224219e+001 1.000068e+002 1.170395e+000
         vertex 1.241917e+001 1.011127e+002 1.048730e+000
      endloop
   endfacet
   facet normal -6.775061e-001 2.953400e-001 6.736170e-001
      outer loop
         vertex 1.234445e+001 1.011233e+002 9.786875e-001
         vertex 1.241917e+001 1.011127e+002 1.048730e+000
         vertex 1.273642e+001 1.021922e+002 8.807536e-001
      endloop
   endfacet
   facet normal -5.668380e-001 3.076077e-001 7.642462e-001
      outer loop
         vertex 1.273642e+001 1.021922e+002 8.807536e-001
         vertex 1.241917e+001 1.011127e+002 1.048730e+000
         vertex 1.280439e+001 1.021633e+002 9.524739e-001
      endloop
   endfacet
   facet normal -5.394515e-001 3.608753e-001 7.607635e-001
      outer loop
         vertex 1.273642e+001 1.021922e+002 8.807536e-001
         vertex 1.280439e+001 1.021633e+002 9.524739e-001
         vertex 1.342553e+001 1.030971e+002 9.072315e-001
      endloop
   endfacet
   facet normal -3.399646e-001 2.707678e-001 9.006158e-001
      outer loop
         vertex 1.342553e+001 1.030971e+002 9.072315e-001
         vertex 1.280439e+001 1.021633e+002 9.524739e-001
         vertex 1.307245e+001 1.024647e+002 9.658403e-001
      endloop
   endfacet
   facet normal -2.331161e-001 2.205177e-001 9.471161e-001
      outer loop
         vertex 1.342553e+001 1.030971e+002 9.072315e-001
         vertex 1.307245e+001 1.024647e+002 9.658403e-001
         vertex 1.350797e+001 1.030278e+002 9.473774e-001
      endloop
   endfacet
   facet normal -6.868113e-001 2.682517e-001 6.755230e-001
      outer loop
         vertex 1.195965e+001 9.747362e+001 1.508764e+000
         vertex 1.188436e+001 9.748170e+001 1.439000e+000
         vertex 1.113057e+001 9.504839e+001 1.681998e+000
      endloop
   endfacet
   facet normal -7.679501e-001 4.646252e-001 4.408810e-001
      outer loop
         vertex 9.913387e+000 9.280202e+001 1.743063e+000
         vertex 9.948063e+000 9.278462e+001 1.838440e+000
         vertex 1.113057e+001 9.504839e+001 1.681998e+000
      endloop
   endfacet
   facet normal -9.832072e-001 1.090051e-001 1.463614e-001
      outer loop
         vertex 1.184184e+001 9.748009e+001 1.345241e+000
         vertex 1.215208e+001 9.999045e+001 1.024666e+000
         vertex 1.213921e+001 9.998353e+001 9.696962e-001
      endloop
   endfacet
   facet normal -9.852384e-001 1.666281e-001 -3.924752e-002
      outer loop
         vertex 1.176615e+001 9.751881e+001 1.233310e+000
         vertex 1.184184e+001 9.748009e+001 1.345241e+000
         vertex 1.207463e+001 9.898164e+001 1.066298e+000
      endloop
   endfacet
   facet normal -9.931718e-001 1.151520e-001 1.870430e-002
      outer loop
         vertex 1.207463e+001 9.898164e+001 1.066298e+000
         vertex 1.184184e+001 9.748009e+001 1.345241e+000
         vertex 1.213921e+001 9.998353e+001 9.696962e-001
      endloop
   endfacet
   facet normal -9.942224e-001 4.242146e-002 -9.860129e-002
      outer loop
         vertex 1.207463e+001 9.898164e+001 1.066298e+000
         vertex 1.213921e+001 9.998353e+001 9.696962e-001
         vertex 1.214178e+001 9.997839e+001 9.317998e-001
      endloop
   endfacet
   facet normal -2.613059e-001 1.639785e-001 9.512257e-001
      outer loop
         vertex 1.195965e+001 9.747362e+001 1.508764e+000
         vertex 1.202114e+001 9.746397e+001 1.537248e+000
         vertex 1.218936e+001 9.822704e+001 1.451183e+000
      endloop
   endfacet
   facet normal -7.763804e-001 1.543242e-001 6.110791e-001
      outer loop
         vertex 1.216425e+001 9.999700e+001 1.076646e+000
         vertex 1.188436e+001 9.748170e+001 1.439000e+000
         vertex 1.224219e+001 1.000068e+002 1.170395e+000
      endloop
   endfacet
   facet normal -6.319885e-001 1.910481e-001 7.510601e-001
      outer loop
         vertex 1.224219e+001 1.000068e+002 1.170395e+000
         vertex 1.188436e+001 9.748170e+001 1.439000e+000
         vertex 1.195965e+001 9.747362e+001 1.508764e+000
      endloop
   endfacet
   facet normal -5.269672e-001 1.563496e-001 8.353804e-001
      outer loop
         vertex 1.224219e+001 1.000068e+002 1.170395e+000
         vertex 1.195965e+001 9.747362e+001 1.508764e+000
         vertex 1.226907e+001 1.000073e+002 1.181462e+000
      endloop
   endfacet
   facet normal -3.813599e-001 1.622413e-001 9.100782e-001
      outer loop
         vertex 1.226907e+001 1.000073e+002 1.181462e+000
         vertex 1.195965e+001 9.747362e+001 1.508764e+000
         vertex 1.218936e+001 9.822704e+001 1.451183e+000
      endloop
   endfacet
   facet normal -2.639773e-001 1.422333e-001 9.539841e-001
      outer loop
         vertex 1.226907e+001 1.000073e+002 1.181462e+000
         vertex 1.218936e+001 9.822704e+001 1.451183e+000
         vertex 1.235686e+001 1.000089e+002 1.217611e+000
      endloop
   endfacet
   facet normal -2.288461e-001 2.140780e-001 9.496316e-001
      outer loop
         vertex 9.218911e+000 9.149625e+001 1.995229e+000
         vertex 9.514810e+000 9.187831e+001 1.982773e+000
         vertex 8.955450e+000 9.130150e+001 1.964387e+000
      endloop
   endfacet
   facet normal -3.290021e-001 2.761812e-001 9.030402e-001
      outer loop
         vertex 8.955450e+000 9.130150e+001 1.964387e+000
         vertex 9.514810e+000 9.187831e+001 1.982773e+000
         vertex 1.001141e+001 9.274757e+001 1.910666e+000
      endloop
   endfacet
   facet normal -4.131198e-001 3.459885e-001 8.423918e-001
      outer loop
         vertex 8.955450e+000 9.130150e+001 1.964387e+000
         vertex 1.001141e+001 9.274757e+001 1.910666e+000
         vertex 8.928861e+000 9.128185e+001 1.961275e+000
      endloop
   endfacet
   facet normal -7.590060e-001 6.291755e-001 1.674758e-001
      outer loop
         vertex 8.399702e+000 9.085215e+001 1.799584e+000
         vertex 8.404976e+000 9.085642e+001 1.806301e+000
         vertex 9.913387e+000 9.280202e+001 1.743063e+000
      endloop
   endfacet
   facet normal -7.576923e-001 6.278395e-001 1.781010e-001
      outer loop
         vertex 9.913387e+000 9.280202e+001 1.743063e+000
         vertex 8.404976e+000 9.085642e+001 1.806301e+000
         vertex 8.406017e+000 9.085727e+001 1.807627e+000
      endloop
   endfacet
   facet normal -7.558455e-001 6.254520e-001 1.936684e-001
      outer loop
         vertex 8.406017e+000 9.085727e+001 1.807627e+000
         vertex 8.426730e+000 9.087476e+001 1.817589e+000
         vertex 9.913387e+000 9.280202e+001 1.743063e+000
      endloop
   endfacet
   facet normal -7.473860e-001 6.149718e-001 2.514437e-001
      outer loop
         vertex 9.913387e+000 9.280202e+001 1.743063e+000
         vertex 8.426730e+000 9.087476e+001 1.817589e+000
         vertex 8.492300e+000 9.093011e+001 1.849122e+000
      endloop
   endfacet
   facet normal -7.303202e-001 5.957218e-001 3.342872e-001
      outer loop
         vertex 9.913387e+000 9.280202e+001 1.743063e+000
         vertex 8.492300e+000 9.093011e+001 1.849122e+000
         vertex 8.552072e+000 9.098056e+001 1.877867e+000
      endloop
   endfacet
   facet normal -7.160905e-001 5.801112e-001 3.881822e-001
      outer loop
         vertex 8.552072e+000 9.098056e+001 1.877867e+000
         vertex 8.589792e+000 9.101124e+001 1.887120e+000
         vertex 9.913387e+000 9.280202e+001 1.743063e+000
      endloop
   endfacet
   facet normal -7.067304e-001 5.696576e-001 4.195501e-001
      outer loop
         vertex 9.913387e+000 9.280202e+001 1.743063e+000
         vertex 8.589792e+000 9.101124e+001 1.887120e+000
         vertex 8.627157e+000 9.104164e+001 1.896285e+000
      endloop
   endfacet
   facet normal -7.241362e-001 5.336455e-001 4.368630e-001
      outer loop
         vertex 9.913387e+000 9.280202e+001 1.743063e+000
         vertex 8.627157e+000 9.104164e+001 1.896285e+000
         vertex 9.948063e+000 9.278462e+001 1.838440e+000
      endloop
   endfacet
   facet normal -6.309475e-001 5.186195e-001 5.770087e-001
      outer loop
         vertex 9.948063e+000 9.278462e+001 1.838440e+000
         vertex 8.627157e+000 9.104164e+001 1.896285e+000
         vertex 8.695467e+000 9.109721e+001 1.913041e+000
      endloop
   endfacet
   facet normal -5.845985e-001 4.740594e-001 6.584165e-001
      outer loop
         vertex 9.948063e+000 9.278462e+001 1.838440e+000
         vertex 8.695467e+000 9.109721e+001 1.913041e+000
         vertex 8.858545e+000 9.122987e+001 1.953043e+000
      endloop
   endfacet
   facet normal -8.417345e-001 5.350752e-001 -7.195478e-002
      outer loop
         vertex 9.931515e+000 9.291163e+001 1.634449e+000
         vertex 9.870131e+000 9.282854e+001 1.637591e+000
         vertex 9.913387e+000 9.280202e+001 1.743063e+000
      endloop
   endfacet
   facet normal -8.070229e-001 5.858836e-001 -7.385461e-002
      outer loop
         vertex 9.913387e+000 9.280202e+001 1.743063e+000
         vertex 9.870131e+000 9.282854e+001 1.637591e+000
         vertex 8.440528e+000 9.089323e+001 1.710759e+000
      endloop
   endfacet
   facet normal -7.711194e-001 6.337907e-001 -6.069791e-002
      outer loop
         vertex 9.913387e+000 9.280202e+001 1.743063e+000
         vertex 8.440528e+000 9.089323e+001 1.710759e+000
         vertex 8.427047e+000 9.088072e+001 1.721904e+000
      endloop
   endfacet
   facet normal -7.333031e-001 6.798062e-001 -1.140101e-002
      outer loop
         vertex 8.388241e+000 9.084415e+001 1.763659e+000
         vertex 8.387988e+000 9.084373e+001 1.766759e+000
         vertex 8.396202e+000 9.085211e+001 1.747404e+000
      endloop
   endfacet
   facet normal -7.690328e-001 6.375082e-001 4.660416e-002
      outer loop
         vertex 8.396202e+000 9.085211e+001 1.747404e+000
         vertex 8.387988e+000 9.084373e+001 1.766759e+000
         vertex 9.913387e+000 9.280202e+001 1.743063e+000
      endloop
   endfacet
   facet normal -7.700911e-001 6.376371e-001 1.946029e-002
      outer loop
         vertex 8.396202e+000 9.085211e+001 1.747404e+000
         vertex 9.913387e+000 9.280202e+001 1.743063e+000
         vertex 8.397748e+000 9.085355e+001 1.746126e+000
      endloop
   endfacet
   facet normal -7.711059e-001 6.365521e-001 -1.404232e-002
      outer loop
         vertex 8.397748e+000 9.085355e+001 1.746126e+000
         vertex 9.913387e+000 9.280202e+001 1.743063e+000
         vertex 8.427047e+000 9.088072e+001 1.721904e+000
      endloop
   endfacet
   facet normal -7.285355e-001 6.765197e-001 1.075042e-001
      outer loop
         vertex 8.390769e+000 9.084492e+001 1.788207e+000
         vertex 8.399702e+000 9.085215e+001 1.799584e+000
         vertex 8.388558e+000 9.084342e+001 1.780473e+000
      endloop
   endfacet
   facet normal -7.627266e-001 6.328198e-001 1.333691e-001
      outer loop
         vertex 8.388558e+000 9.084342e+001 1.780473e+000
         vertex 8.399702e+000 9.085215e+001 1.799584e+000
         vertex 9.913387e+000 9.280202e+001 1.743063e+000
      endloop
   endfacet
   facet normal -7.654098e-001 6.354118e-001 1.019790e-001
      outer loop
         vertex 8.388558e+000 9.084342e+001 1.780473e+000
         vertex 9.913387e+000 9.280202e+001 1.743063e+000
         vertex 8.387246e+000 9.084254e+001 1.775884e+000
      endloop
   endfacet
   facet normal -7.667640e-001 6.364155e-001 8.395343e-002
      outer loop
         vertex 8.387246e+000 9.084254e+001 1.775884e+000
         vertex 9.913387e+000 9.280202e+001 1.743063e+000
         vertex 8.387988e+000 9.084373e+001 1.766759e+000
      endloop
   endfacet
   facet normal -9.782856e-001 2.026208e-001 -4.361278e-002
      outer loop
         vertex 1.176615e+001 9.751881e+001 1.233310e+000
         vertex 1.175907e+001 9.748524e+001 1.237144e+000
         vertex 1.184184e+001 9.748009e+001 1.345241e+000
      endloop
   endfacet
   facet normal -9.700618e-001 2.381856e-001 -4.741052e-002
      outer loop
         vertex 1.184184e+001 9.748009e+001 1.345241e+000
         vertex 1.175907e+001 9.748524e+001 1.237144e+000
         vertex 1.145650e+001 9.605044e+001 1.400957e+000
      endloop
   endfacet
   facet normal -9.490041e-001 3.065820e-001 7.347573e-002
      outer loop
         vertex 1.184184e+001 9.748009e+001 1.345241e+000
         vertex 1.145650e+001 9.605044e+001 1.400957e+000
         vertex 1.109109e+001 9.505659e+001 1.587258e+000
      endloop
   endfacet
   facet normal -2.546026e-001 1.856302e-001 9.490622e-001
      outer loop
         vertex 1.120122e+001 9.502533e+001 1.753254e+000
         vertex 1.127539e+001 9.499706e+001 1.786270e+000
         vertex 1.180915e+001 9.650237e+001 1.645702e+000
      endloop
   endfacet
   facet normal -2.439956e-001 2.059183e-001 9.476623e-001
      outer loop
         vertex 9.514810e+000 9.187831e+001 1.982773e+000
         vertex 1.006698e+001 9.271375e+001 1.941788e+000
         vertex 1.001141e+001 9.274757e+001 1.910666e+000
      endloop
   endfacet
   facet normal -2.439928e-001 2.059223e-001 9.476621e-001
      outer loop
         vertex 1.001141e+001 9.274757e+001 1.910666e+000
         vertex 1.006698e+001 9.271375e+001 1.941788e+000
         vertex 1.043043e+001 9.326365e+001 1.914812e+000
      endloop
   endfacet
   facet normal -3.546790e-001 2.476079e-001 9.016059e-001
      outer loop
         vertex 1.001141e+001 9.274757e+001 1.910666e+000
         vertex 1.043043e+001 9.326365e+001 1.914812e+000
         vertex 1.120122e+001 9.502533e+001 1.753254e+000
      endloop
   endfacet
   facet normal -2.546022e-001 1.856311e-001 9.490621e-001
      outer loop
         vertex 1.120122e+001 9.502533e+001 1.753254e+000
         vertex 1.043043e+001 9.326365e+001 1.914812e+000
         vertex 1.122003e+001 9.484093e+001 1.800850e+000
      endloop
   endfacet
   facet normal -2.546027e-001 1.856301e-001 9.490622e-001
      outer loop
         vertex 1.120122e+001 9.502533e+001 1.753254e+000
         vertex 1.122003e+001 9.484093e+001 1.800850e+000
         vertex 1.127539e+001 9.499706e+001 1.786270e+000
      endloop
   endfacet
   facet normal -9.349182e-001 3.499933e-001 -5.858866e-002
      outer loop
         vertex 1.145650e+001 9.605044e+001 1.400957e+000
         vertex 1.104866e+001 9.514181e+001 1.473412e+000
         vertex 1.109109e+001 9.505659e+001 1.587258e+000
      endloop
   endfacet
   facet normal -9.253778e-001 3.741415e-001 -6.077977e-002
      outer loop
         vertex 1.109109e+001 9.505659e+001 1.587258e+000
         vertex 1.104866e+001 9.514181e+001 1.473412e+000
         vertex 1.102047e+001 9.507900e+001 1.478421e+000
      endloop
   endfacet
   facet normal -9.056282e-001 4.191907e-001 -6.416208e-002
      outer loop
         vertex 1.109109e+001 9.505659e+001 1.587258e+000
         vertex 1.102047e+001 9.507900e+001 1.478421e+000
         vertex 1.022745e+001 9.331224e+001 1.619303e+000
      endloop
   endfacet
   facet normal -9.002861e-001 1.308086e-001 4.151794e-001
      outer loop
         vertex 1.216425e+001 9.999700e+001 1.076646e+000
         vertex 1.215208e+001 9.999045e+001 1.024666e+000
         vertex 1.188436e+001 9.748170e+001 1.439000e+000
      endloop
   endfacet
   facet normal -9.225081e-001 1.780572e-001 3.424537e-001
      outer loop
         vertex 1.188436e+001 9.748170e+001 1.439000e+000
         vertex 1.215208e+001 9.999045e+001 1.024666e+000
         vertex 1.184184e+001 9.748009e+001 1.345241e+000
      endloop
   endfacet
   facet normal -8.452975e-001 2.771527e-001 4.567916e-001
      outer loop
         vertex 1.188436e+001 9.748170e+001 1.439000e+000
         vertex 1.184184e+001 9.748009e+001 1.345241e+000
         vertex 1.113057e+001 9.504839e+001 1.681998e+000
      endloop
   endfacet
   facet normal -8.859032e-001 3.301810e-001 3.258156e-001
      outer loop
         vertex 1.113057e+001 9.504839e+001 1.681998e+000
         vertex 1.184184e+001 9.748009e+001 1.345241e+000
         vertex 1.109109e+001 9.505659e+001 1.587258e+000
      endloop
   endfacet
   facet normal -8.419605e-001 4.367548e-001 3.167772e-001
      outer loop
         vertex 1.113057e+001 9.504839e+001 1.681998e+000
         vertex 1.109109e+001 9.505659e+001 1.587258e+000
         vertex 9.913387e+000 9.280202e+001 1.743063e+000
      endloop
   endfacet
   facet normal -8.752810e-001 4.799871e-001 5.912228e-002
      outer loop
         vertex 9.913387e+000 9.280202e+001 1.743063e+000
         vertex 1.109109e+001 9.505659e+001 1.587258e+000
         vertex 1.022745e+001 9.331224e+001 1.619303e+000
      endloop
   endfacet
   facet normal -8.496225e-001 5.225546e-001 -7.126250e-002
      outer loop
         vertex 9.913387e+000 9.280202e+001 1.743063e+000
         vertex 1.022745e+001 9.331224e+001 1.619303e+000
         vertex 9.931515e+000 9.291163e+001 1.634449e+000
      endloop
   endfacet
   facet normal -5.291311e-001 4.229738e-001 7.356040e-001
      outer loop
         vertex 8.858545e+000 9.122987e+001 1.953043e+000
         vertex 8.928861e+000 9.128185e+001 1.961275e+000
         vertex 9.948063e+000 9.278462e+001 1.838440e+000
      endloop
   endfacet
   facet normal -5.204425e-001 3.935094e-001 7.578191e-001
      outer loop
         vertex 9.948063e+000 9.278462e+001 1.838440e+000
         vertex 8.928861e+000 9.128185e+001 1.961275e+000
         vertex 1.001141e+001 9.274757e+001 1.910666e+000
      endloop
   endfacet
   facet normal -6.360406e-001 3.912975e-001 6.650854e-001
      outer loop
         vertex 9.948063e+000 9.278462e+001 1.838440e+000
         vertex 1.001141e+001 9.274757e+001 1.910666e+000
         vertex 1.113057e+001 9.504839e+001 1.681998e+000
      endloop
   endfacet
   facet normal -5.614328e-001 3.210433e-001 7.627085e-001
      outer loop
         vertex 1.113057e+001 9.504839e+001 1.681998e+000
         vertex 1.001141e+001 9.274757e+001 1.910666e+000
         vertex 1.120122e+001 9.502533e+001 1.753254e+000
      endloop
   endfacet
   facet normal -5.788004e-001 2.789475e-001 7.662756e-001
      outer loop
         vertex 1.113057e+001 9.504839e+001 1.681998e+000
         vertex 1.120122e+001 9.502533e+001 1.753254e+000
         vertex 1.195965e+001 9.747362e+001 1.508764e+000
      endloop
   endfacet
   facet normal -3.719954e-001 2.056518e-001 9.051667e-001
      outer loop
         vertex 1.195965e+001 9.747362e+001 1.508764e+000
         vertex 1.120122e+001 9.502533e+001 1.753254e+000
         vertex 1.180915e+001 9.650237e+001 1.645702e+000
      endloop
   endfacet
   facet normal -2.613060e-001 1.639783e-001 9.512257e-001
      outer loop
         vertex 1.195965e+001 9.747362e+001 1.508764e+000
         vertex 1.180915e+001 9.650237e+001 1.645702e+000
         vertex 1.202114e+001 9.746397e+001 1.537248e+000
      endloop
   endfacet
   facet normal -4.119421e-001 1.618705e-001 -8.967172e-001
      outer loop
         vertex 1.013468e+001 9.276890e+001 1.443572e+000
         vertex 1.005496e+001 9.282143e+001 1.482136e+000
         vertex 1.120767e+001 9.506157e+001 1.324808e+000
      endloop
   endfacet
   facet normal -6.740140e-001 1.027303e-001 -7.315406e-001
      outer loop
         vertex 1.187545e+001 9.748722e+001 1.158317e+000
         vertex 1.194240e+001 9.746458e+001 1.083437e+000
         vertex 1.120767e+001 9.506157e+001 1.324808e+000
      endloop
   endfacet
   facet normal -7.581429e-001 6.122791e-001 -2.243516e-001
      outer loop
         vertex 8.496950e+000 9.094174e+001 1.692473e+000
         vertex 8.440528e+000 9.089323e+001 1.710759e+000
         vertex 9.870131e+000 9.282854e+001 1.637591e+000
      endloop
   endfacet
   facet normal -4.528570e-001 -8.666373e-002 -8.873612e-001
      outer loop
         vertex 1.220436e+001 9.995788e+001 7.995418e-001
         vertex 1.230562e+001 9.994500e+001 7.321595e-001
         vertex 1.203376e+001 9.744067e+001 1.042417e+000
      endloop
   endfacet
   facet normal -2.675391e-001 -1.034461e-001 -9.579780e-001
      outer loop
         vertex 1.203376e+001 9.744067e+001 1.042417e+000
         vertex 1.230562e+001 9.994500e+001 7.321595e-001
         vertex 1.233451e+001 9.994357e+001 7.292972e-001
      endloop
   endfacet
   facet normal -1.068026e-001 -1.126778e-001 -9.878749e-001
      outer loop
         vertex 1.203376e+001 9.744067e+001 1.042417e+000
         vertex 1.233451e+001 9.994357e+001 7.292972e-001
         vertex 1.225609e+001 9.812197e+001 9.578196e-001
      endloop
   endfacet
   facet normal -1.103312e-001 -1.340625e-001 -9.848118e-001
      outer loop
         vertex 1.225609e+001 9.812197e+001 9.578196e-001
         vertex 1.233451e+001 9.994357e+001 7.292972e-001
         vertex 1.233453e+001 9.994357e+001 7.292961e-001
      endloop
   endfacet
   facet normal 1.638866e-002 -1.390326e-001 -9.901522e-001
      outer loop
         vertex 1.225609e+001 9.812197e+001 9.578196e-001
         vertex 1.233453e+001 9.994357e+001 7.292961e-001
         vertex 1.242890e+001 9.993888e+001 7.199468e-001
      endloop
   endfacet
   facet normal -9.431039e-001 1.665299e-001 -2.877896e-001
      outer loop
         vertex 1.175907e+001 9.748524e+001 1.237144e+000
         vertex 1.176615e+001 9.751881e+001 1.233310e+000
         vertex 1.187545e+001 9.748722e+001 1.158317e+000
      endloop
   endfacet
   facet normal -9.499854e-001 1.304806e-001 -2.837296e-001
      outer loop
         vertex 1.187545e+001 9.748722e+001 1.158317e+000
         vertex 1.176615e+001 9.751881e+001 1.233310e+000
         vertex 1.207463e+001 9.898164e+001 1.066298e+000
      endloop
   endfacet
   facet normal -7.425603e-001 5.083613e-001 -4.360881e-001
      outer loop
         vertex 9.995660e+000 9.286288e+001 1.555404e+000
         vertex 8.711065e+000 9.112586e+001 1.623082e+000
         vertex 9.870131e+000 9.282854e+001 1.637591e+000
      endloop
   endfacet
   facet normal -7.315697e-001 5.718269e-001 -3.712408e-001
      outer loop
         vertex 9.870131e+000 9.282854e+001 1.637591e+000
         vertex 8.711065e+000 9.112586e+001 1.623082e+000
         vertex 8.557773e+000 9.099404e+001 1.672762e+000
      endloop
   endfacet
   facet normal -7.507896e-001 5.998509e-001 -2.765751e-001
      outer loop
         vertex 9.870131e+000 9.282854e+001 1.637591e+000
         vertex 8.557773e+000 9.099404e+001 1.672762e+000
         vertex 8.496950e+000 9.094174e+001 1.692473e+000
      endloop
   endfacet
   facet normal -5.540612e-001 3.899778e-001 -7.354818e-001
      outer loop
         vertex 8.984642e+000 9.134993e+001 1.550269e+000
         vertex 8.944008e+000 9.132105e+001 1.554849e+000
         vertex 9.995660e+000 9.286288e+001 1.555404e+000
      endloop
   endfacet
   facet normal -5.735805e-001 4.092464e-001 -7.095934e-001
      outer loop
         vertex 8.944008e+000 9.132105e+001 1.554849e+000
         vertex 8.909656e+000 9.129663e+001 1.558721e+000
         vertex 9.995660e+000 9.286288e+001 1.555404e+000
      endloop
   endfacet
   facet normal -6.172563e-001 4.547361e-001 -6.420356e-001
      outer loop
         vertex 9.995660e+000 9.286288e+001 1.555404e+000
         vertex 8.909656e+000 9.129663e+001 1.558721e+000
         vertex 8.747792e+000 9.115744e+001 1.611179e+000
      endloop
   endfacet
   facet normal -6.582599e-001 4.989651e-001 -5.636734e-001
      outer loop
         vertex 9.995660e+000 9.286288e+001 1.555404e+000
         vertex 8.747792e+000 9.115744e+001 1.611179e+000
         vertex 8.711065e+000 9.112586e+001 1.623082e+000
      endloop
   endfacet
   facet normal 3.678783e-002 -7.615491e-002 -9.964171e-001
      outer loop
         vertex 1.019534e+001 9.273090e+001 1.439659e+000
         vertex 9.540877e+000 9.174530e+001 1.487574e+000
         vertex 1.013468e+001 9.276890e+001 1.443572e+000
      endloop
   endfacet
   facet normal 1.307985e-002 -5.805976e-002 -9.982274e-001
      outer loop
         vertex 1.013468e+001 9.276890e+001 1.443572e+000
         vertex 9.540877e+000 9.174530e+001 1.487574e+000
         vertex 9.477424e+000 9.170020e+001 1.494726e+000
      endloop
   endfacet
   facet normal -3.459247e-001 2.186518e-001 -9.124295e-001
      outer loop
         vertex 9.066548e+000 9.140815e+001 1.541037e+000
         vertex 1.005496e+001 9.282143e+001 1.482136e+000
         vertex 9.263079e+000 9.154784e+001 1.518885e+000
      endloop
   endfacet
   facet normal -2.770661e-001 1.410496e-001 -9.504417e-001
      outer loop
         vertex 9.263079e+000 9.154784e+001 1.518885e+000
         vertex 1.005496e+001 9.282143e+001 1.482136e+000
         vertex 1.013468e+001 9.276890e+001 1.443572e+000
      endloop
   endfacet
   facet normal -1.626605e-001 8.245584e-002 -9.832307e-001
      outer loop
         vertex 9.263079e+000 9.154784e+001 1.518885e+000
         vertex 1.013468e+001 9.276890e+001 1.443572e+000
         vertex 9.277623e+000 9.155818e+001 1.517246e+000
      endloop
   endfacet
   facet normal -8.890404e-002 2.272503e-002 -9.957809e-001
      outer loop
         vertex 9.277623e+000 9.155818e+001 1.517246e+000
         vertex 1.013468e+001 9.276890e+001 1.443572e+000
         vertex 9.477424e+000 9.170020e+001 1.494726e+000
      endloop
   endfacet
   facet normal -8.076667e-001 4.977400e-001 -3.161161e-001
      outer loop
         vertex 9.870131e+000 9.282854e+001 1.637591e+000
         vertex 9.931515e+000 9.291163e+001 1.634449e+000
         vertex 9.995660e+000 9.286288e+001 1.555404e+000
      endloop
   endfacet
   facet normal -8.154758e-001 4.852678e-001 -3.154591e-001
      outer loop
         vertex 9.995660e+000 9.286288e+001 1.555404e+000
         vertex 9.931515e+000 9.291163e+001 1.634449e+000
         vertex 1.022745e+001 9.331224e+001 1.619303e+000
      endloop
   endfacet
   facet normal -8.062653e-001 4.056607e-001 -4.305528e-001
      outer loop
         vertex 9.995660e+000 9.286288e+001 1.555404e+000
         vertex 1.022745e+001 9.331224e+001 1.619303e+000
         vertex 1.114369e+001 9.509391e+001 1.398714e+000
      endloop
   endfacet
   facet normal 2.645813e-002 -9.622668e-002 -9.950078e-001
      outer loop
         vertex 1.129451e+001 9.502289e+001 1.285271e+000
         vertex 1.129251e+001 9.477015e+001 1.303357e+000
         vertex 1.050997e+001 9.320473e+001 1.416625e+000
      endloop
   endfacet
   facet normal 1.992568e-002 -1.176038e-001 -9.928607e-001
      outer loop
         vertex 1.225609e+001 9.812197e+001 9.578196e-001
         vertex 1.210144e+001 9.742601e+001 1.036137e+000
         vertex 1.203376e+001 9.744067e+001 1.042417e+000
      endloop
   endfacet
   facet normal 1.992546e-002 -1.176048e-001 -9.928606e-001
      outer loop
         vertex 1.203376e+001 9.744067e+001 1.042417e+000
         vertex 1.210144e+001 9.742601e+001 1.036137e+000
         vertex 1.187719e+001 9.641680e+001 1.149707e+000
      endloop
   endfacet
   facet normal -9.766795e-002 -6.983367e-002 -9.927660e-001
      outer loop
         vertex 1.203376e+001 9.744067e+001 1.042417e+000
         vertex 1.187719e+001 9.641680e+001 1.149707e+000
         vertex 1.129451e+001 9.502289e+001 1.285271e+000
      endloop
   endfacet
   facet normal 2.645800e-002 -9.622661e-002 -9.950078e-001
      outer loop
         vertex 1.129451e+001 9.502289e+001 1.285271e+000
         vertex 1.187719e+001 9.641680e+001 1.149707e+000
         vertex 1.137093e+001 9.499100e+001 1.282749e+000
      endloop
   endfacet
   facet normal 2.645772e-002 -9.622733e-002 -9.950077e-001
      outer loop
         vertex 1.129451e+001 9.502289e+001 1.285271e+000
         vertex 1.137093e+001 9.499100e+001 1.282749e+000
         vertex 1.129251e+001 9.477015e+001 1.303357e+000
      endloop
   endfacet
   facet normal -8.708954e-001 3.823043e-001 -3.088441e-001
      outer loop
         vertex 1.022745e+001 9.331224e+001 1.619303e+000
         vertex 1.102047e+001 9.507900e+001 1.478421e+000
         vertex 1.114369e+001 9.509391e+001 1.398714e+000
      endloop
   endfacet
   facet normal -8.906265e-001 3.373653e-001 -3.049085e-001
      outer loop
         vertex 1.114369e+001 9.509391e+001 1.398714e+000
         vertex 1.102047e+001 9.507900e+001 1.478421e+000
         vertex 1.104866e+001 9.514181e+001 1.473412e+000
      endloop
   endfacet
   facet normal -9.000886e-001 3.132361e-001 -3.028591e-001
      outer loop
         vertex 1.114369e+001 9.509391e+001 1.398714e+000
         vertex 1.104866e+001 9.514181e+001 1.473412e+000
         vertex 1.145650e+001 9.605044e+001 1.400957e+000
      endloop
   endfacet
   facet normal -4.352899e-001 2.988840e-001 -8.492297e-001
      outer loop
         vertex 9.066548e+000 9.140815e+001 1.541037e+000
         vertex 8.984642e+000 9.134993e+001 1.550269e+000
         vertex 1.005496e+001 9.282143e+001 1.482136e+000
      endloop
   endfacet
   facet normal -5.595090e-001 3.519181e-001 -7.504022e-001
      outer loop
         vertex 1.005496e+001 9.282143e+001 1.482136e+000
         vertex 8.984642e+000 9.134993e+001 1.550269e+000
         vertex 9.995660e+000 9.286288e+001 1.555404e+000
      endloop
   endfacet
   facet normal -5.986305e-001 2.879999e-001 -7.474608e-001
      outer loop
         vertex 1.005496e+001 9.282143e+001 1.482136e+000
         vertex 9.995660e+000 9.286288e+001 1.555404e+000
         vertex 1.120767e+001 9.506157e+001 1.324808e+000
      endloop
   endfacet
   facet normal -7.048593e-001 2.928062e-001 -6.460943e-001
      outer loop
         vertex 1.120767e+001 9.506157e+001 1.324808e+000
         vertex 9.995660e+000 9.286288e+001 1.555404e+000
         vertex 1.114369e+001 9.509391e+001 1.398714e+000
      endloop
   endfacet
   facet normal -7.476889e-001 1.874896e-001 -6.370314e-001
      outer loop
         vertex 1.120767e+001 9.506157e+001 1.324808e+000
         vertex 1.114369e+001 9.509391e+001 1.398714e+000
         vertex 1.187545e+001 9.748722e+001 1.158317e+000
      endloop
   endfacet
   facet normal -8.788452e-001 2.335015e-001 -4.160629e-001
      outer loop
         vertex 1.187545e+001 9.748722e+001 1.158317e+000
         vertex 1.114369e+001 9.509391e+001 1.398714e+000
         vertex 1.145650e+001 9.605044e+001 1.400957e+000
      endloop
   endfacet
   facet normal -9.348632e-001 2.020542e-001 -2.918988e-001
      outer loop
         vertex 1.187545e+001 9.748722e+001 1.158317e+000
         vertex 1.145650e+001 9.605044e+001 1.400957e+000
         vertex 1.175907e+001 9.748524e+001 1.237144e+000
      endloop
   endfacet
   facet normal -9.799488e-001 2.814807e-002 -1.972511e-001
      outer loop
         vertex 1.214178e+001 9.997839e+001 9.317998e-001
         vertex 1.215007e+001 9.997294e+001 8.947654e-001
         vertex 1.207463e+001 9.898164e+001 1.066298e+000
      endloop
   endfacet
   facet normal -9.482265e-001 1.050496e-002 -3.174210e-001
      outer loop
         vertex 1.207463e+001 9.898164e+001 1.066298e+000
         vertex 1.215007e+001 9.997294e+001 8.947654e-001
         vertex 1.217797e+001 9.996520e+001 8.458247e-001
      endloop
   endfacet
   facet normal -9.168319e-001 5.417752e-002 -3.955808e-001
      outer loop
         vertex 1.207463e+001 9.898164e+001 1.066298e+000
         vertex 1.217797e+001 9.996520e+001 8.458247e-001
         vertex 1.187545e+001 9.748722e+001 1.158317e+000
      endloop
   endfacet
   facet normal -8.261172e-001 3.660608e-003 -5.634865e-001
      outer loop
         vertex 1.187545e+001 9.748722e+001 1.158317e+000
         vertex 1.217797e+001 9.996520e+001 8.458247e-001
         vertex 1.220436e+001 9.995788e+001 7.995418e-001
      endloop
   endfacet
   facet normal -7.371978e-001 2.769239e-002 -6.751092e-001
      outer loop
         vertex 1.187545e+001 9.748722e+001 1.158317e+000
         vertex 1.220436e+001 9.995788e+001 7.995418e-001
         vertex 1.194240e+001 9.746458e+001 1.083437e+000
      endloop
   endfacet
   facet normal -5.349802e-001 -3.505529e-002 -8.441370e-001
      outer loop
         vertex 1.194240e+001 9.746458e+001 1.083437e+000
         vertex 1.220436e+001 9.995788e+001 7.995418e-001
         vertex 1.203376e+001 9.744067e+001 1.042417e+000
      endloop
   endfacet
   facet normal -4.614253e-001 4.027043e-002 -8.862646e-001
      outer loop
         vertex 1.194240e+001 9.746458e+001 1.083437e+000
         vertex 1.203376e+001 9.744067e+001 1.042417e+000
         vertex 1.120767e+001 9.506157e+001 1.324808e+000
      endloop
   endfacet
   facet normal -3.322408e-001 2.967646e-002 -9.427277e-001
      outer loop
         vertex 1.120767e+001 9.506157e+001 1.324808e+000
         vertex 1.203376e+001 9.744067e+001 1.042417e+000
         vertex 1.129451e+001 9.502289e+001 1.285271e+000
      endloop
   endfacet
   facet normal -3.153124e-001 7.127666e-002 -9.463074e-001
      outer loop
         vertex 1.120767e+001 9.506157e+001 1.324808e+000
         vertex 1.129451e+001 9.502289e+001 1.285271e+000
         vertex 1.013468e+001 9.276890e+001 1.443572e+000
      endloop
   endfacet
   facet normal -8.079135e-002 -2.836991e-002 -9.963272e-001
      outer loop
         vertex 1.013468e+001 9.276890e+001 1.443572e+000
         vertex 1.129451e+001 9.502289e+001 1.285271e+000
         vertex 1.050997e+001 9.320473e+001 1.416625e+000
      endloop
   endfacet
   facet normal 3.679733e-002 -7.615331e-002 -9.964169e-001
      outer loop
         vertex 1.013468e+001 9.276890e+001 1.443572e+000
         vertex 1.050997e+001 9.320473e+001 1.416625e+000
         vertex 1.019534e+001 9.273090e+001 1.439659e+000
      endloop
   endfacet
   facet normal -3.996858e-001 5.703558e-001 -7.175971e-001
      outer loop
         vertex 1.425447e+001 1.038947e+002 5.782135e-001
         vertex 1.427480e+001 1.038665e+002 5.259261e-001
         vertex 1.341608e+001 1.030881e+002 4.830308e-001
      endloop
   endfacet
   facet normal -9.757287e-001 7.910176e-002 -2.041971e-001
      outer loop
         vertex 1.214178e+001 9.997839e+001 9.317998e-001
         vertex 1.237173e+001 1.010790e+002 8.058324e-001
         vertex 1.215007e+001 9.997294e+001 8.947654e-001
      endloop
   endfacet
   facet normal -9.353893e-001 1.211983e-001 -3.322014e-001
      outer loop
         vertex 1.215007e+001 9.997294e+001 8.947654e-001
         vertex 1.237173e+001 1.010790e+002 8.058324e-001
         vertex 1.232394e+001 1.010767e+002 7.038637e-001
      endloop
   endfacet
   facet normal -8.971817e-001 3.867811e-002 -4.399648e-001
      outer loop
         vertex 1.215007e+001 9.997294e+001 8.947654e-001
         vertex 1.232394e+001 1.010767e+002 7.038637e-001
         vertex 1.217797e+001 9.996520e+001 8.458227e-001
      endloop
   endfacet
   facet normal -3.517939e-001 -4.335437e-002 -9.350730e-001
      outer loop
         vertex 1.239053e+001 1.010525e+002 6.291590e-001
         vertex 1.248135e+001 1.010262e+002 5.884048e-001
         vertex 1.233453e+001 9.994357e+001 7.292961e-001
      endloop
   endfacet
   facet normal -3.561285e-001 -6.692405e-002 -9.320374e-001
      outer loop
         vertex 1.233453e+001 9.994357e+001 7.292961e-001
         vertex 1.233451e+001 9.994357e+001 7.292972e-001
         vertex 1.239053e+001 1.010525e+002 6.291590e-001
      endloop
   endfacet
   facet normal -3.925912e-001 -6.349847e-002 -9.175185e-001
      outer loop
         vertex 1.239053e+001 1.010525e+002 6.291590e-001
         vertex 1.233451e+001 9.994357e+001 7.292972e-001
         vertex 1.230562e+001 9.994500e+001 7.321595e-001
      endloop
   endfacet
   facet normal -5.679417e-001 -4.237488e-002 -8.219773e-001
      outer loop
         vertex 1.239053e+001 1.010525e+002 6.291590e-001
         vertex 1.230562e+001 9.994500e+001 7.321595e-001
         vertex 1.220436e+001 9.995788e+001 7.995418e-001
      endloop
   endfacet
   facet normal 1.731912e-002 -1.377702e-001 -9.903128e-001
      outer loop
         vertex 1.242890e+001 9.993888e+001 7.199468e-001
         vertex 1.233453e+001 9.994357e+001 7.292961e-001
         vertex 1.257770e+001 1.010034e+002 5.874582e-001
      endloop
   endfacet
   facet normal -1.060425e-001 -1.080189e-001 -9.884771e-001
      outer loop
         vertex 1.257770e+001 1.010034e+002 5.874582e-001
         vertex 1.233453e+001 9.994357e+001 7.292961e-001
         vertex 1.248135e+001 1.010262e+002 5.884048e-001
      endloop
   endfacet
   facet normal 2.061384e-002 -1.142162e-001 -9.932420e-001
      outer loop
         vertex 1.257770e+001 1.010034e+002 5.874582e-001
         vertex 1.248135e+001 1.010262e+002 5.884048e-001
         vertex 1.258314e+001 1.010424e+002 5.826098e-001
      endloop
   endfacet
   facet normal 2.061529e-002 -1.142112e-001 -9.932426e-001
      outer loop
         vertex 1.258314e+001 1.010424e+002 5.826098e-001
         vertex 1.248135e+001 1.010262e+002 5.884048e-001
         vertex 1.290909e+001 1.019569e+002 4.974551e-001
      endloop
   endfacet
   facet normal 4.804215e-002 -6.091923e-002 -9.969859e-001
      outer loop
         vertex 1.407007e+001 1.034520e+002 4.491137e-001
         vertex 1.357307e+001 1.029498e+002 4.498572e-001
         vertex 1.348801e+001 1.030251e+002 4.448559e-001
      endloop
   endfacet
   facet normal 4.803782e-002 -6.092356e-002 -9.969858e-001
      outer loop
         vertex 1.348801e+001 1.030251e+002 4.448559e-001
         vertex 1.357307e+001 1.029498e+002 4.498572e-001
         vertex 1.343093e+001 1.028062e+002 4.500698e-001
      endloop
   endfacet
   facet normal -5.826692e-001 7.739159e-001 -2.480943e-001
      outer loop
         vertex 1.336138e+001 1.031908e+002 6.434821e-001
         vertex 1.422920e+001 1.039281e+002 6.623620e-001
         vertex 1.423607e+001 1.039202e+002 6.255118e-001
      endloop
   endfacet
   facet normal -7.186684e-001 6.170841e-001 -3.205040e-001
      outer loop
         vertex 1.334115e+001 1.031576e+002 6.453473e-001
         vertex 1.334476e+001 1.031635e+002 6.450147e-001
         vertex 1.336190e+001 1.031364e+002 5.560412e-001
      endloop
   endfacet
   facet normal -7.165728e-001 6.194925e-001 -3.205502e-001
      outer loop
         vertex 1.336190e+001 1.031364e+002 5.560412e-001
         vertex 1.334476e+001 1.031635e+002 6.450147e-001
         vertex 1.336138e+001 1.031908e+002 6.434821e-001
      endloop
   endfacet
   facet normal -4.519803e-001 6.714680e-002 -8.894972e-001
      outer loop
         vertex 1.239053e+001 1.010525e+002 6.291590e-001
         vertex 1.278116e+001 1.021290e+002 5.299291e-001
         vertex 1.248135e+001 1.010262e+002 5.884048e-001
      endloop
   endfacet
   facet normal -3.200232e-001 5.880331e-002 -9.455831e-001
      outer loop
         vertex 1.248135e+001 1.010262e+002 5.884048e-001
         vertex 1.278116e+001 1.021290e+002 5.299291e-001
         vertex 1.286527e+001 1.020843e+002 4.908731e-001
      endloop
   endfacet
   facet normal -9.299909e-002 -5.768083e-002 -9.939940e-001
      outer loop
         vertex 1.248135e+001 1.010262e+002 5.884048e-001
         vertex 1.286527e+001 1.020843e+002 4.908731e-001
         vertex 1.290909e+001 1.019569e+002 4.974551e-001
      endloop
   endfacet
   facet normal 3.036430e-002 -8.742907e-002 -9.957079e-001
      outer loop
         vertex 1.290909e+001 1.019569e+002 4.974551e-001
         vertex 1.286527e+001 1.020843e+002 4.908731e-001
         vertex 1.295837e+001 1.020371e+002 4.929797e-001
      endloop
   endfacet
   facet normal -3.284470e-001 4.659920e-001 -8.215681e-001
      outer loop
         vertex 1.427480e+001 1.038665e+002 5.259261e-001
         vertex 1.430369e+001 1.038224e+002 4.967893e-001
         vertex 1.341608e+001 1.030881e+002 4.830308e-001
      endloop
   endfacet
   facet normal -2.517253e-001 3.488444e-001 -9.027413e-001
      outer loop
         vertex 1.341608e+001 1.030881e+002 4.830308e-001
         vertex 1.430369e+001 1.038224e+002 4.967893e-001
         vertex 1.433322e+001 1.037774e+002 4.670003e-001
      endloop
   endfacet
   facet normal -2.257167e-001 2.377446e-001 -9.447378e-001
      outer loop
         vertex 1.341608e+001 1.030881e+002 4.830308e-001
         vertex 1.433322e+001 1.037774e+002 4.670003e-001
         vertex 1.348801e+001 1.030251e+002 4.448559e-001
      endloop
   endfacet
   facet normal -9.872772e-002 1.755847e-001 -9.795013e-001
      outer loop
         vertex 1.348801e+001 1.030251e+002 4.448559e-001
         vertex 1.433322e+001 1.037774e+002 4.670003e-001
         vertex 1.434410e+001 1.037598e+002 4.663115e-001
      endloop
   endfacet
   facet normal -1.871115e-002 4.702192e-002 -9.987186e-001
      outer loop
         vertex 1.348801e+001 1.030251e+002 4.448559e-001
         vertex 1.434410e+001 1.037598e+002 4.663115e-001
         vertex 1.407007e+001 1.034520e+002 4.491137e-001
      endloop
   endfacet
   facet normal 1.456908e-002 6.528259e-002 -9.977605e-001
      outer loop
         vertex 1.407007e+001 1.034520e+002 4.491137e-001
         vertex 1.434410e+001 1.037598e+002 4.663115e-001
         vertex 1.434747e+001 1.037544e+002 4.660981e-001
      endloop
   endfacet
   facet normal 8.117487e-002 -4.247954e-002 -9.957942e-001
      outer loop
         vertex 1.407007e+001 1.034520e+002 4.491137e-001
         vertex 1.434747e+001 1.037544e+002 4.660981e-001
         vertex 1.439419e+001 1.036792e+002 4.631384e-001
      endloop
   endfacet
   facet normal -9.368916e-001 1.940019e-001 -2.908562e-001
      outer loop
         vertex 1.237173e+001 1.010790e+002 8.058324e-001
         vertex 1.237597e+001 1.010993e+002 8.035067e-001
         vertex 1.232394e+001 1.010767e+002 7.038637e-001
      endloop
   endfacet
   facet normal -9.236275e-001 2.430815e-001 -2.963503e-001
      outer loop
         vertex 1.232394e+001 1.010767e+002 7.038637e-001
         vertex 1.237597e+001 1.010993e+002 8.035067e-001
         vertex 1.252782e+001 1.018261e+002 7.203258e-001
      endloop
   endfacet
   facet normal -8.601443e-001 2.871552e-001 -4.215373e-001
      outer loop
         vertex 1.232394e+001 1.010767e+002 7.038637e-001
         vertex 1.252782e+001 1.018261e+002 7.203258e-001
         vertex 1.271898e+001 1.021654e+002 6.035182e-001
      endloop
   endfacet
   facet normal -8.712505e-001 3.816849e-001 -3.086086e-001
      outer loop
         vertex 1.271898e+001 1.021654e+002 6.035182e-001
         vertex 1.252782e+001 1.018261e+002 7.203258e-001
         vertex 1.273233e+001 1.021609e+002 7.014728e-001
      endloop
   endfacet
   facet normal -8.594213e-001 4.062836e-001 -3.103686e-001
      outer loop
         vertex 1.271898e+001 1.021654e+002 6.035182e-001
         vertex 1.273233e+001 1.021609e+002 7.014728e-001
         vertex 1.273957e+001 1.021727e+002 7.008047e-001
      endloop
   endfacet
   facet normal -7.422870e-001 -1.402840e-002 -6.699353e-001
      outer loop
         vertex 1.220436e+001 9.995788e+001 7.995418e-001
         vertex 1.217797e+001 9.996520e+001 8.458227e-001
         vertex 1.239053e+001 1.010525e+002 6.291590e-001
      endloop
   endfacet
   facet normal -7.803394e-001 5.567043e-002 -6.228734e-001
      outer loop
         vertex 1.239053e+001 1.010525e+002 6.291590e-001
         vertex 1.217797e+001 9.996520e+001 8.458227e-001
         vertex 1.232394e+001 1.010767e+002 7.038637e-001
      endloop
   endfacet
   facet normal -6.638928e-001 1.349148e-001 -7.355571e-001
      outer loop
         vertex 1.239053e+001 1.010525e+002 6.291590e-001
         vertex 1.232394e+001 1.010767e+002 7.038637e-001
         vertex 1.278116e+001 1.021290e+002 5.299291e-001
      endloop
   endfacet
   facet normal -7.293543e-001 2.357040e-001 -6.422507e-001
      outer loop
         vertex 1.278116e+001 1.021290e+002 5.299291e-001
         vertex 1.232394e+001 1.010767e+002 7.038637e-001
         vertex 1.271898e+001 1.021654e+002 6.035182e-001
      endloop
   endfacet
   facet normal -6.603469e-001 3.717017e-001 -6.525180e-001
      outer loop
         vertex 1.278116e+001 1.021290e+002 5.299291e-001
         vertex 1.271898e+001 1.021654e+002 6.035182e-001
         vertex 1.336190e+001 1.031364e+002 5.560412e-001
      endloop
   endfacet
   facet normal -7.813284e-001 4.484006e-001 -4.341231e-001
      outer loop
         vertex 1.336190e+001 1.031364e+002 5.560412e-001
         vertex 1.271898e+001 1.021654e+002 6.035182e-001
         vertex 1.273957e+001 1.021727e+002 7.008047e-001
      endloop
   endfacet
   facet normal -7.723182e-001 5.491266e-001 -3.193504e-001
      outer loop
         vertex 1.336190e+001 1.031364e+002 5.560412e-001
         vertex 1.273957e+001 1.021727e+002 7.008047e-001
         vertex 1.334115e+001 1.031576e+002 6.453473e-001
      endloop
   endfacet
   facet normal -5.711009e-001 7.605160e-001 -3.089646e-001
      outer loop
         vertex 1.423607e+001 1.039202e+002 6.255118e-001
         vertex 1.423918e+001 1.039159e+002 6.175205e-001
         vertex 1.336138e+001 1.031908e+002 6.434821e-001
      endloop
   endfacet
   facet normal -5.552375e-001 7.396415e-001 -3.803181e-001
      outer loop
         vertex 1.336138e+001 1.031908e+002 6.434821e-001
         vertex 1.423918e+001 1.039159e+002 6.175205e-001
         vertex 1.425447e+001 1.038947e+002 5.782135e-001
      endloop
   endfacet
   facet normal -6.137882e-001 6.551439e-001 -4.405117e-001
      outer loop
         vertex 1.336138e+001 1.031908e+002 6.434821e-001
         vertex 1.425447e+001 1.038947e+002 5.782135e-001
         vertex 1.336190e+001 1.031364e+002 5.560412e-001
      endloop
   endfacet
   facet normal -5.081004e-001 5.553272e-001 -6.583658e-001
      outer loop
         vertex 1.336190e+001 1.031364e+002 5.560412e-001
         vertex 1.425447e+001 1.038947e+002 5.782135e-001
         vertex 1.341608e+001 1.030881e+002 4.830308e-001
      endloop
   endfacet
   facet normal -5.416907e-001 3.736502e-001 -7.529653e-001
      outer loop
         vertex 1.336190e+001 1.031364e+002 5.560412e-001
         vertex 1.341608e+001 1.030881e+002 4.830308e-001
         vertex 1.278116e+001 1.021290e+002 5.299291e-001
      endloop
   endfacet
   facet normal -3.717071e-001 2.236795e-001 -9.010001e-001
      outer loop
         vertex 1.278116e+001 1.021290e+002 5.299291e-001
         vertex 1.341608e+001 1.030881e+002 4.830308e-001
         vertex 1.348801e+001 1.030251e+002 4.448559e-001
      endloop
   endfacet
   facet normal -2.925853e-001 1.123206e-001 -9.496199e-001
      outer loop
         vertex 1.278116e+001 1.021290e+002 5.299291e-001
         vertex 1.348801e+001 1.030251e+002 4.448559e-001
         vertex 1.286527e+001 1.020843e+002 4.908731e-001
      endloop
   endfacet
   facet normal -6.557717e-002 -4.382544e-003 -9.978379e-001
      outer loop
         vertex 1.286527e+001 1.020843e+002 4.908731e-001
         vertex 1.348801e+001 1.030251e+002 4.448559e-001
         vertex 1.343093e+001 1.028062e+002 4.500698e-001
      endloop
   endfacet
   facet normal 3.036729e-002 -8.742424e-002 -9.957082e-001
      outer loop
         vertex 1.286527e+001 1.020843e+002 4.908731e-001
         vertex 1.343093e+001 1.028062e+002 4.500698e-001
         vertex 1.295837e+001 1.020371e+002 4.929797e-001
      endloop
   endfacet
   facet normal -5.942042e-001 7.609631e-001 -2.604930e-001
      outer loop
         vertex 3.292416e+001 1.170101e+002 1.474455e+000
         vertex 3.344069e+001 1.174349e+002 1.487733e+000
         vertex 3.345844e+001 1.174145e+002 1.444379e+000
      endloop
   endfacet
   facet normal 1.096072e-001 -1.040875e-001 -9.885100e-001
      outer loop
         vertex 3.966555e+001 1.222153e+002 1.440549e+000
         vertex 3.969024e+001 1.221865e+002 1.445350e+000
         vertex 3.584770e+001 1.189703e+002 1.354731e+000
      endloop
   endfacet
   facet normal -4.933335e-001 7.223184e-001 -4.846424e-001
      outer loop
         vertex 2.081613e+001 1.081654e+002 9.534464e-001
         vertex 2.722637e+001 1.126666e+002 1.229646e+000
         vertex 2.725661e+001 1.126293e+002 1.154191e+000
      endloop
   endfacet
   facet normal -6.154408e-001 7.436877e-001 -2.610772e-001
      outer loop
         vertex 3.344069e+001 1.174349e+002 1.487733e+000
         vertex 3.949287e+001 1.224117e+002 1.643315e+000
         vertex 3.950635e+001 1.223970e+002 1.600026e+000
      endloop
   endfacet
   facet normal -5.363526e-001 8.035032e-001 -2.582799e-001
      outer loop
         vertex 2.081613e+001 1.081654e+002 9.534464e-001
         vertex 2.076914e+001 1.082343e+002 9.855483e-001
         vertex 2.376358e+001 1.102059e+002 1.133526e+000
      endloop
   endfacet
   facet normal -5.926406e-001 7.385361e-001 -3.214678e-001
      outer loop
         vertex 3.344069e+001 1.174349e+002 1.487733e+000
         vertex 3.950635e+001 1.223970e+002 1.600026e+000
         vertex 3.345844e+001 1.174145e+002 1.444379e+000
      endloop
   endfacet
   facet normal -5.701584e-001 6.947971e-001 -4.383794e-001
      outer loop
         vertex 3.345844e+001 1.174145e+002 1.444379e+000
         vertex 3.950635e+001 1.223970e+002 1.600026e+000
         vertex 3.951975e+001 1.223824e+002 1.556975e+000
      endloop
   endfacet
   facet normal -5.222944e-001 6.591252e-001 -5.410754e-001
      outer loop
         vertex 3.345844e+001 1.174145e+002 1.444379e+000
         vertex 3.951975e+001 1.223824e+002 1.556975e+000
         vertex 3.348969e+001 1.173779e+002 1.368959e+000
      endloop
   endfacet
   facet normal -4.436762e-001 6.791571e-001 -5.847195e-001
      outer loop
         vertex 2.081613e+001 1.081654e+002 9.534464e-001
         vertex 2.725661e+001 1.126293e+002 1.154191e+000
         vertex 2.084534e+001 1.081273e+002 8.779466e-001
      endloop
   endfacet
   facet normal -3.612160e-001 5.529468e-001 -7.508481e-001
      outer loop
         vertex 2.084534e+001 1.081273e+002 8.779466e-001
         vertex 2.725661e+001 1.126293e+002 1.154191e+000
         vertex 2.729569e+001 1.125785e+002 1.103873e+000
      endloop
   endfacet
   facet normal -3.022156e-001 4.904819e-001 -8.173697e-001
      outer loop
         vertex 2.084534e+001 1.081273e+002 8.779466e-001
         vertex 2.729569e+001 1.125785e+002 1.103873e+000
         vertex 2.088271e+001 1.080754e+002 8.275552e-001
      endloop
   endfacet
   facet normal -8.771203e-002 1.327719e-001 -9.872579e-001
      outer loop
         vertex 3.963324e+001 1.222528e+002 1.449932e+000
         vertex 3.358342e+001 1.172627e+002 1.290019e+000
         vertex 3.962909e+001 1.222576e+002 1.451137e+000
      endloop
   endfacet
   facet normal -1.557918e-001 2.248711e-001 -9.618534e-001
      outer loop
         vertex 3.962909e+001 1.222576e+002 1.451137e+000
         vertex 3.358342e+001 1.172627e+002 1.290019e+000
         vertex 3.353043e+001 1.173285e+002 1.318698e+000
      endloop
   endfacet
   facet normal -2.168000e-001 2.881557e-001 -9.327186e-001
      outer loop
         vertex 3.962909e+001 1.222576e+002 1.451137e+000
         vertex 3.353043e+001 1.173285e+002 1.318698e+000
         vertex 3.958877e+001 1.223043e+002 1.462846e+000
      endloop
   endfacet
   facet normal -3.338621e-001 4.398531e-001 -8.337058e-001
      outer loop
         vertex 3.958877e+001 1.223043e+002 1.462846e+000
         vertex 3.353043e+001 1.173285e+002 1.318698e+000
         vertex 3.348969e+001 1.173779e+002 1.368959e+000
      endloop
   endfacet
   facet normal -4.123428e-001 5.161290e-001 -7.507225e-001
      outer loop
         vertex 3.958877e+001 1.223043e+002 1.462846e+000
         vertex 3.348969e+001 1.173779e+002 1.368959e+000
         vertex 3.952559e+001 1.223761e+002 1.538255e+000
      endloop
   endfacet
   facet normal -4.977019e-001 6.119825e-001 -6.146302e-001
      outer loop
         vertex 3.952559e+001 1.223761e+002 1.538255e+000
         vertex 3.348969e+001 1.173779e+002 1.368959e+000
         vertex 3.951975e+001 1.223824e+002 1.556975e+000
      endloop
   endfacet
   facet normal 7.402554e-002 -4.831116e-002 -9.960855e-001
      outer loop
         vertex 2.734625e+001 1.125109e+002 1.075110e+000
         vertex 2.738400e+001 1.124593e+002 1.072200e+000
         vertex 2.538221e+001 1.109825e+002 9.962406e-001
      endloop
   endfacet
   facet normal 3.382884e-002 -1.553252e-002 -9.993070e-001
      outer loop
         vertex 3.966555e+001 1.222153e+002 1.440549e+000
         vertex 3.584770e+001 1.189703e+002 1.354731e+000
         vertex 3.963324e+001 1.222528e+002 1.449932e+000
      endloop
   endfacet
   facet normal -5.116373e-001 8.236741e-001 -2.445164e-001
      outer loop
         vertex 1.423607e+001 1.039202e+002 6.255118e-001
         vertex 1.422920e+001 1.039281e+002 6.623620e-001
         vertex 2.076914e+001 1.082343e+002 9.855483e-001
      endloop
   endfacet
   facet normal -5.348462e-001 7.822452e-001 -3.194245e-001
      outer loop
         vertex 2.081613e+001 1.081654e+002 9.534464e-001
         vertex 2.376358e+001 1.102059e+002 1.133526e+000
         vertex 2.722637e+001 1.126666e+002 1.229646e+000
      endloop
   endfacet
   facet normal -5.578406e-001 7.884316e-001 -2.592093e-001
      outer loop
         vertex 2.722637e+001 1.126666e+002 1.229646e+000
         vertex 2.376358e+001 1.102059e+002 1.133526e+000
         vertex 2.717235e+001 1.127378e+002 1.260390e+000
      endloop
   endfacet
   facet normal -5.733910e-001 7.769950e-001 -2.598106e-001
      outer loop
         vertex 2.722637e+001 1.126666e+002 1.229646e+000
         vertex 2.717235e+001 1.127378e+002 1.260390e+000
         vertex 3.292416e+001 1.170101e+002 1.474455e+000
      endloop
   endfacet
   facet normal -5.000622e-001 8.103691e-001 -3.053516e-001
      outer loop
         vertex 1.423607e+001 1.039202e+002 6.255118e-001
         vertex 2.076914e+001 1.082343e+002 9.855483e-001
         vertex 1.423918e+001 1.039159e+002 6.175205e-001
      endloop
   endfacet
   facet normal -5.083430e-001 8.002121e-001 -3.181947e-001
      outer loop
         vertex 1.423918e+001 1.039159e+002 6.175205e-001
         vertex 2.076914e+001 1.082343e+002 9.855483e-001
         vertex 2.081613e+001 1.081654e+002 9.534464e-001
      endloop
   endfacet
   facet normal -4.678256e-001 7.701400e-001 -4.336170e-001
      outer loop
         vertex 1.423918e+001 1.039159e+002 6.175205e-001
         vertex 2.081613e+001 1.081654e+002 9.534464e-001
         vertex 1.425447e+001 1.038947e+002 5.782135e-001
      endloop
   endfacet
   facet normal -4.431154e-001 7.176436e-001 -5.372488e-001
      outer loop
         vertex 1.425447e+001 1.038947e+002 5.782135e-001
         vertex 2.081613e+001 1.081654e+002 9.534464e-001
         vertex 2.084534e+001 1.081273e+002 8.779466e-001
      endloop
   endfacet
   facet normal -3.817555e-001 6.537606e-001 -6.533452e-001
      outer loop
         vertex 1.425447e+001 1.038947e+002 5.782135e-001
         vertex 2.084534e+001 1.081273e+002 8.779466e-001
         vertex 1.427480e+001 1.038665e+002 5.259261e-001
      endloop
   endfacet
   facet normal -3.234137e-001 5.532171e-001 -7.676942e-001
      outer loop
         vertex 1.427480e+001 1.038665e+002 5.259261e-001
         vertex 2.084534e+001 1.081273e+002 8.779466e-001
         vertex 2.088271e+001 1.080754e+002 8.275552e-001
      endloop
   endfacet
   facet normal -2.658618e-001 4.875554e-001 -8.316292e-001
      outer loop
         vertex 1.427480e+001 1.038665e+002 5.259261e-001
         vertex 2.088271e+001 1.080754e+002 8.275552e-001
         vertex 1.430369e+001 1.038224e+002 4.967893e-001
      endloop
   endfacet
   facet normal -1.151514e-001 2.553023e-001 -9.599796e-001
      outer loop
         vertex 1.434747e+001 1.037544e+002 4.660981e-001
         vertex 1.434410e+001 1.037598e+002 4.663115e-001
         vertex 2.088271e+001 1.080754e+002 8.275552e-001
      endloop
   endfacet
   facet normal -1.337979e-001 2.845405e-001 -9.492813e-001
      outer loop
         vertex 2.088271e+001 1.080754e+002 8.275552e-001
         vertex 1.434410e+001 1.037598e+002 4.663115e-001
         vertex 1.433322e+001 1.037774e+002 4.670003e-001
      endloop
   endfacet
   facet normal -1.886966e-001 3.697954e-001 -9.097499e-001
      outer loop
         vertex 2.088271e+001 1.080754e+002 8.275552e-001
         vertex 1.433322e+001 1.037774e+002 4.670003e-001
         vertex 1.430369e+001 1.038224e+002 4.967893e-001
      endloop
   endfacet
   facet normal 8.106792e-003 4.973596e-002 -9.987295e-001
      outer loop
         vertex 2.734625e+001 1.125109e+002 1.075110e+000
         vertex 2.538221e+001 1.109825e+002 9.962406e-001
         vertex 2.093077e+001 1.080060e+002 7.986847e-001
      endloop
   endfacet
   facet normal 7.779305e-002 -4.566540e-002 -9.959232e-001
      outer loop
         vertex 2.093077e+001 1.080060e+002 7.986847e-001
         vertex 2.538221e+001 1.109825e+002 9.962406e-001
         vertex 2.097124e+001 1.079458e+002 7.974193e-001
      endloop
   endfacet
   facet normal 7.779305e-002 -4.566540e-002 -9.959232e-001
      outer loop
         vertex 2.093077e+001 1.080060e+002 7.986847e-001
         vertex 2.097124e+001 1.079458e+002 7.974193e-001
         vertex 1.995266e+001 1.072445e+002 7.515080e-001
      endloop
   endfacet
   facet normal -1.929164e-001 3.274737e-001 -9.249563e-001
      outer loop
         vertex 2.729569e+001 1.125785e+002 1.103873e+000
         vertex 2.734625e+001 1.125109e+002 1.075110e+000
         vertex 2.088271e+001 1.080754e+002 8.275552e-001
      endloop
   endfacet
   facet normal -1.218218e-001 2.401242e-001 -9.630679e-001
      outer loop
         vertex 2.088271e+001 1.080754e+002 8.275552e-001
         vertex 2.734625e+001 1.125109e+002 1.075110e+000
         vertex 2.093077e+001 1.080060e+002 7.986847e-001
      endloop
   endfacet
   facet normal -1.142005e-001 2.452586e-001 -9.627079e-001
      outer loop
         vertex 2.088271e+001 1.080754e+002 8.275552e-001
         vertex 2.093077e+001 1.080060e+002 7.986847e-001
         vertex 1.434747e+001 1.037544e+002 4.660981e-001
      endloop
   endfacet
   facet normal 1.572690e-002 5.486966e-002 -9.983697e-001
      outer loop
         vertex 1.434747e+001 1.037544e+002 4.660981e-001
         vertex 2.093077e+001 1.080060e+002 7.986847e-001
         vertex 1.995266e+001 1.072445e+002 7.515080e-001
      endloop
   endfacet
   facet normal 8.164555e-002 -4.317752e-002 -9.957257e-001
      outer loop
         vertex 1.434747e+001 1.037544e+002 4.660981e-001
         vertex 1.995266e+001 1.072445e+002 7.515080e-001
         vertex 1.439419e+001 1.036792e+002 4.631384e-001
      endloop
   endfacet
   facet normal -6.542476e-003 3.857565e-002 -9.992343e-001
      outer loop
         vertex 3.963324e+001 1.222528e+002 1.449932e+000
         vertex 3.584770e+001 1.189703e+002 1.354731e+000
         vertex 3.358342e+001 1.172627e+002 1.290019e+000
      endloop
   endfacet
   facet normal 7.036010e-002 -5.110348e-002 -9.962118e-001
      outer loop
         vertex 3.358342e+001 1.172627e+002 1.290019e+000
         vertex 3.584770e+001 1.189703e+002 1.354731e+000
         vertex 3.362249e+001 1.172137e+002 1.286926e+000
      endloop
   endfacet
   facet normal 7.036010e-002 -5.110348e-002 -9.962118e-001
      outer loop
         vertex 3.358342e+001 1.172627e+002 1.290019e+000
         vertex 3.362249e+001 1.172137e+002 1.286926e+000
         vertex 3.067950e+001 1.148905e+002 1.197250e+000
      endloop
   endfacet
   facet normal -5.713588e-001 7.553938e-001 -3.208261e-001
      outer loop
         vertex 3.292416e+001 1.170101e+002 1.474455e+000
         vertex 3.345844e+001 1.174145e+002 1.444379e+000
         vertex 2.722637e+001 1.126666e+002 1.229646e+000
      endloop
   endfacet
   facet normal -5.236565e-001 6.998584e-001 -4.857799e-001
      outer loop
         vertex 2.722637e+001 1.126666e+002 1.229646e+000
         vertex 3.345844e+001 1.174145e+002 1.444379e+000
         vertex 3.348969e+001 1.173779e+002 1.368959e+000
      endloop
   endfacet
   facet normal -4.729066e-001 6.580881e-001 -5.859005e-001
      outer loop
         vertex 2.722637e+001 1.126666e+002 1.229646e+000
         vertex 3.348969e+001 1.173779e+002 1.368959e+000
         vertex 2.725661e+001 1.126293e+002 1.154191e+000
      endloop
   endfacet
   facet normal -3.865319e-001 5.342175e-001 -7.518010e-001
      outer loop
         vertex 2.725661e+001 1.126293e+002 1.154191e+000
         vertex 3.348969e+001 1.173779e+002 1.368959e+000
         vertex 3.353043e+001 1.173285e+002 1.318698e+000
      endloop
   endfacet
   facet normal -3.255134e-001 4.737116e-001 -8.183144e-001
      outer loop
         vertex 2.725661e+001 1.126293e+002 1.154191e+000
         vertex 3.353043e+001 1.173285e+002 1.318698e+000
         vertex 2.729569e+001 1.125785e+002 1.103873e+000
      endloop
   endfacet
   facet normal -2.105687e-001 3.144484e-001 -9.256258e-001
      outer loop
         vertex 2.729569e+001 1.125785e+002 1.103873e+000
         vertex 3.353043e+001 1.173285e+002 1.318698e+000
         vertex 3.358342e+001 1.172627e+002 1.290019e+000
      endloop
   endfacet
   facet normal -1.363448e-001 2.297070e-001 -9.636622e-001
      outer loop
         vertex 2.729569e+001 1.125785e+002 1.103873e+000
         vertex 3.358342e+001 1.172627e+002 1.290019e+000
         vertex 2.734625e+001 1.125109e+002 1.075110e+000
      endloop
   endfacet
   facet normal 6.737760e-004 4.429780e-002 -9.990181e-001
      outer loop
         vertex 2.734625e+001 1.125109e+002 1.075110e+000
         vertex 3.358342e+001 1.172627e+002 1.290019e+000
         vertex 3.067950e+001 1.148905e+002 1.197250e+000
      endloop
   endfacet
   facet normal 7.402555e-002 -4.831116e-002 -9.960855e-001
      outer loop
         vertex 2.734625e+001 1.125109e+002 1.075110e+000
         vertex 3.067950e+001 1.148905e+002 1.197250e+000
         vertex 2.738400e+001 1.124593e+002 1.072200e+000
      endloop
   endfacet
   facet normal 4.156728e-001 1.564123e-001 -8.959639e-001
      outer loop
         vertex 4.112613e+001 1.222265e+002 1.671478e+000
         vertex 4.235366e+001 1.209989e+002 2.026681e+000
         vertex 4.111653e+001 1.222160e+002 1.668399e+000
      endloop
   endfacet
   facet normal 4.151677e-001 1.558091e-001 -8.963031e-001
      outer loop
         vertex 4.111653e+001 1.222160e+002 1.668399e+000
         vertex 4.235366e+001 1.209989e+002 2.026681e+000
         vertex 4.235322e+001 1.209985e+002 2.026540e+000
      endloop
   endfacet
   facet normal 3.260497e-001 5.292684e-002 -9.438699e-001
      outer loop
         vertex 4.111653e+001 1.222160e+002 1.668399e+000
         vertex 4.235322e+001 1.209985e+002 2.026540e+000
         vertex 4.105379e+001 1.221474e+002 1.648282e+000
      endloop
   endfacet
   facet normal 2.412309e-001 -3.935744e-002 -9.696693e-001
      outer loop
         vertex 4.105379e+001 1.221474e+002 1.648282e+000
         vertex 4.235322e+001 1.209985e+002 2.026540e+000
         vertex 4.228131e+001 1.209199e+002 2.003485e+000
      endloop
   endfacet
   facet normal -5.208112e-002 2.291787e-001 9.719900e-001
      outer loop
         vertex 4.098183e+001 1.222194e+002 2.145678e+000
         vertex 4.220935e+001 1.209919e+002 2.500881e+000
         vertex 4.105038e+001 1.222821e+002 2.125561e+000
      endloop
   endfacet
   facet normal 5.354664e-002 3.266039e-001 9.436432e-001
      outer loop
         vertex 4.105038e+001 1.222821e+002 2.125561e+000
         vertex 4.220935e+001 1.209919e+002 2.500881e+000
         vertex 4.228840e+001 1.210642e+002 2.477685e+000
      endloop
   endfacet
   facet normal 1.564132e-001 4.156736e-001 8.959634e-001
      outer loop
         vertex 4.105038e+001 1.222821e+002 2.125561e+000
         vertex 4.228840e+001 1.210642e+002 2.477685e+000
         vertex 4.106088e+001 1.222917e+002 2.122481e+000
      endloop
   endfacet
   facet normal 2.726573e-001 5.089211e-001 8.164908e-001
      outer loop
         vertex 4.106088e+001 1.222917e+002 2.122481e+000
         vertex 4.228840e+001 1.210642e+002 2.477685e+000
         vertex 4.113458e+001 1.223455e+002 2.053606e+000
      endloop
   endfacet
   facet normal 2.761266e-001 5.115722e-001 8.136633e-001
      outer loop
         vertex 4.228840e+001 1.210642e+002 2.477685e+000
         vertex 4.229099e+001 1.210661e+002 2.475273e+000
         vertex 4.113458e+001 1.223455e+002 2.053606e+000
      endloop
   endfacet
   facet normal 3.747859e-001 5.833071e-001 7.206167e-001
      outer loop
         vertex 4.113458e+001 1.223455e+002 2.053606e+000
         vertex 4.229099e+001 1.210661e+002 2.475273e+000
         vertex 4.236210e+001 1.211180e+002 2.408809e+000
      endloop
   endfacet
   facet normal 5.139917e-001 6.692565e-001 5.365708e-001
      outer loop
         vertex 4.113458e+001 1.223455e+002 2.053606e+000
         vertex 4.236210e+001 1.211180e+002 2.408809e+000
         vertex 4.116816e+001 1.223595e+002 1.986048e+000
      endloop
   endfacet
   facet normal 5.847484e-001 7.022557e-001 4.060866e-001
      outer loop
         vertex 4.116816e+001 1.223595e+002 1.986048e+000
         vertex 4.236210e+001 1.211180e+002 2.408809e+000
         vertex 4.241212e+001 1.211389e+002 2.308176e+000
      endloop
   endfacet
   facet normal 6.415827e-001 7.189488e-001 2.673650e-001
      outer loop
         vertex 4.116816e+001 1.223595e+002 1.986048e+000
         vertex 4.241212e+001 1.211389e+002 2.308176e+000
         vertex 4.118460e+001 1.223664e+002 1.952973e+000
      endloop
   endfacet
   facet normal 6.776052e-001 7.204012e-001 1.478962e-001
      outer loop
         vertex 4.118460e+001 1.223664e+002 1.952973e+000
         vertex 4.241212e+001 1.211389e+002 2.308176e+000
         vertex 4.119731e+001 1.223629e+002 1.896980e+000
      endloop
   endfacet
   facet normal 6.784481e-001 7.202824e-001 1.445729e-001
      outer loop
         vertex 4.119731e+001 1.223629e+002 1.896980e+000
         vertex 4.241212e+001 1.211389e+002 2.308176e+000
         vertex 4.241250e+001 1.211385e+002 2.305563e+000
      endloop
   endfacet
   facet normal 7.075836e-001 7.066219e-001 -3.323643e-003
      outer loop
         vertex 4.119731e+001 1.223629e+002 1.896980e+000
         vertex 4.241250e+001 1.211385e+002 2.305563e+000
         vertex 4.120080e+001 1.223502e+002 1.840986e+000
      endloop
   endfacet
   facet normal 7.161912e-001 6.934748e-001 -7.850446e-002
      outer loop
         vertex 4.120080e+001 1.223502e+002 1.840986e+000
         vertex 4.241250e+001 1.211385e+002 2.305563e+000
         vertex 4.242833e+001 1.211227e+002 2.196189e+000
      endloop
   endfacet
   facet normal 7.189488e-001 6.415824e-001 -2.673663e-001
      outer loop
         vertex 4.120080e+001 1.223502e+002 1.840986e+000
         vertex 4.242833e+001 1.211227e+002 2.196189e+000
         vertex 4.119393e+001 1.223337e+002 1.807912e+000
      endloop
   endfacet
   facet normal 7.022554e-001 5.847479e-001 -4.060878e-001
      outer loop
         vertex 4.119393e+001 1.223337e+002 1.807912e+000
         vertex 4.242833e+001 1.211227e+002 2.196189e+000
         vertex 4.117990e+001 1.223002e+002 1.740353e+000
      endloop
   endfacet
   facet normal 6.815040e-001 5.379301e-001 -4.961687e-001
      outer loop
         vertex 4.117990e+001 1.223002e+002 1.740353e+000
         vertex 4.242833e+001 1.211227e+002 2.196189e+000
         vertex 4.240742e+001 1.210726e+002 2.095556e+000
      endloop
   endfacet
   facet normal 5.811690e-001 3.716855e-001 -7.239423e-001
      outer loop
         vertex 4.117990e+001 1.223002e+002 1.740353e+000
         vertex 4.240742e+001 1.210726e+002 2.095556e+000
         vertex 4.112613e+001 1.222265e+002 1.671478e+000
      endloop
   endfacet
   facet normal 5.804305e-001 3.706173e-001 -7.250816e-001
      outer loop
         vertex 4.112613e+001 1.222265e+002 1.671478e+000
         vertex 4.240742e+001 1.210726e+002 2.095556e+000
         vertex 4.240680e+001 1.210718e+002 2.094753e+000
      endloop
   endfacet
   facet normal 5.080674e-001 2.715423e-001 -8.173935e-001
      outer loop
         vertex 4.112613e+001 1.222265e+002 1.671478e+000
         vertex 4.240680e+001 1.210718e+002 2.094753e+000
         vertex 4.235366e+001 1.209989e+002 2.026681e+000
      endloop
   endfacet
   facet normal 7.366523e-001 -6.307355e-001 2.439593e-001
      outer loop
         vertex 2.254393e+001 9.634417e+001 2.994237e+000
         vertex 4.247395e+001 1.194250e+002 2.446376e+000
         vertex 2.253130e+001 9.635578e+001 3.021009e+000
      endloop
   endfacet
   facet normal 7.284051e-001 -6.227937e-001 2.855766e-001
      outer loop
         vertex 2.253130e+001 9.635578e+001 3.021009e+000
         vertex 4.247395e+001 1.194250e+002 2.446376e+000
         vertex 4.245667e+001 1.194423e+002 2.565805e+000
      endloop
   endfacet
   facet normal 6.717651e-001 -5.702074e-001 4.728586e-001
      outer loop
         vertex 2.253130e+001 9.635578e+001 3.021009e+000
         vertex 4.245667e+001 1.194423e+002 2.565805e+000
         vertex 2.251851e+001 9.636755e+001 3.048130e+000
      endloop
   endfacet
   facet normal 6.160608e-001 -5.197837e-001 5.918564e-001
      outer loop
         vertex 2.251851e+001 9.636755e+001 3.048130e+000
         vertex 4.245667e+001 1.194423e+002 2.565805e+000
         vertex 4.240607e+001 1.194875e+002 2.646240e+000
      endloop
   endfacet
   facet normal 5.578573e-001 -4.677052e-001 6.855998e-001
      outer loop
         vertex 2.251851e+001 9.636755e+001 3.048130e+000
         vertex 4.240607e+001 1.194875e+002 2.646240e+000
         vertex 2.249483e+001 9.638931e+001 3.098314e+000
      endloop
   endfacet
   facet normal 4.909289e-001 -4.082924e-001 7.696013e-001
      outer loop
         vertex 2.249483e+001 9.638931e+001 3.098314e+000
         vertex 4.240607e+001 1.194875e+002 2.646240e+000
         vertex 2.247286e+001 9.640909e+001 3.114473e+000
      endloop
   endfacet
   facet normal 4.644575e-001 -3.848976e-001 7.975796e-001
      outer loop
         vertex 2.247286e+001 9.640909e+001 3.114473e+000
         vertex 4.240607e+001 1.194875e+002 2.646240e+000
         vertex 4.239633e+001 1.194962e+002 2.661719e+000
      endloop
   endfacet
   facet normal 3.696361e-001 -3.014718e-001 8.789106e-001
      outer loop
         vertex 2.247286e+001 9.640909e+001 3.114473e+000
         vertex 4.239633e+001 1.194962e+002 2.661719e+000
         vertex 2.241138e+001 9.646444e+001 3.159688e+000
      endloop
   endfacet
   facet normal 2.832257e-001 -2.258620e-001 9.320781e-001
      outer loop
         vertex 2.241138e+001 9.646444e+001 3.159688e+000
         vertex 4.239633e+001 1.194962e+002 2.661719e+000
         vertex 4.233090e+001 1.195534e+002 2.695434e+000
      endloop
   endfacet
   facet normal 1.774509e-001 -1.337482e-001 9.749988e-001
      outer loop
         vertex 2.241138e+001 9.646444e+001 3.159688e+000
         vertex 4.233090e+001 1.195534e+002 2.695434e+000
         vertex 2.239832e+001 9.647604e+001 3.160073e+000
      endloop
   endfacet
   facet normal 1.465741e-001 -1.069412e-001 9.834021e-001
      outer loop
         vertex 2.239832e+001 9.647604e+001 3.160073e+000
         vertex 4.233090e+001 1.195534e+002 2.695434e+000
         vertex 4.230819e+001 1.195732e+002 2.707137e+000
      endloop
   endfacet
   facet normal 1.155608e-001 -8.005075e-002 9.900694e-001
      outer loop
         vertex 2.239832e+001 9.647604e+001 3.160073e+000
         vertex 4.230819e+001 1.195732e+002 2.707137e+000
         vertex 2.238794e+001 9.648525e+001 3.160379e+000
      endloop
   endfacet
   facet normal 2.067340e-002 2.010302e-003 9.997842e-001
      outer loop
         vertex 2.238794e+001 9.648525e+001 3.160379e+000
         vertex 4.230819e+001 1.195732e+002 2.707137e+000
         vertex 4.224663e+001 1.196262e+002 2.703854e+000
      endloop
   endfacet
   facet normal -6.111448e-002 7.249117e-002 9.954948e-001
      outer loop
         vertex 2.238794e+001 9.648525e+001 3.160379e+000
         vertex 4.224663e+001 1.196262e+002 2.703854e+000
         vertex 2.232724e+001 9.653913e+001 3.162167e+000
      endloop
   endfacet
   facet normal 2.207610e-001 -2.093813e-001 -9.525881e-001
      outer loop
         vertex 2.239920e+001 9.646718e+001 2.664771e+000
         vertex 4.231859e+001 1.195543e+002 2.206458e+000
         vertex 2.245410e+001 9.641900e+001 2.699890e+000
      endloop
   endfacet
   facet normal 2.976213e-001 -2.749346e-001 -9.142388e-001
      outer loop
         vertex 2.245410e+001 9.641900e+001 2.699890e+000
         vertex 4.231859e+001 1.195543e+002 2.206458e+000
         vertex 4.237646e+001 1.195049e+002 2.235271e+000
      endloop
   endfacet
   facet normal 3.828862e-001 -3.473445e-001 -8.560082e-001
      outer loop
         vertex 2.245410e+001 9.641900e+001 2.699890e+000
         vertex 4.237646e+001 1.195049e+002 2.235271e+000
         vertex 2.246354e+001 9.641072e+001 2.705927e+000
      endloop
   endfacet
   facet normal 4.056661e-001 -3.666268e-001 -8.372693e-001
      outer loop
         vertex 2.246354e+001 9.641072e+001 2.705927e+000
         vertex 4.237646e+001 1.195049e+002 2.235271e+000
         vertex 4.239161e+001 1.194922e+002 2.254537e+000
      endloop
   endfacet
   facet normal 4.415953e-001 -3.969781e-001 -8.046129e-001
      outer loop
         vertex 2.246354e+001 9.641072e+001 2.705927e+000
         vertex 4.239161e+001 1.194922e+002 2.254537e+000
         vertex 2.248323e+001 9.639343e+001 2.718525e+000
      endloop
   endfacet
   facet normal 5.267332e-001 -4.685411e-001 -7.092400e-001
      outer loop
         vertex 2.248323e+001 9.639343e+001 2.718525e+000
         vertex 4.239161e+001 1.194922e+002 2.254537e+000
         vertex 4.244535e+001 1.194472e+002 2.322890e+000
      endloop
   endfacet
   facet normal 5.938979e-001 -5.245214e-001 -6.100512e-001
      outer loop
         vertex 2.248323e+001 9.639343e+001 2.718525e+000
         vertex 4.244535e+001 1.194472e+002 2.322890e+000
         vertex 2.252027e+001 9.636163e+001 2.785127e+000
      endloop
   endfacet
   facet normal 6.617768e-001 -5.803968e-001 -4.745429e-001
      outer loop
         vertex 2.252027e+001 9.636163e+001 2.785127e+000
         vertex 4.244535e+001 1.194472e+002 2.322890e+000
         vertex 2.253810e+001 9.634633e+001 2.817172e+000
      endloop
   endfacet
   facet normal 7.486289e-001 -6.426790e-001 1.628451e-001
      outer loop
         vertex 2.254393e+001 9.634417e+001 2.994237e+000
         vertex 2.254972e+001 9.633855e+001 2.964265e+000
         vertex 4.247395e+001 1.194250e+002 2.446376e+000
      endloop
   endfacet
   facet normal 7.558759e-001 -6.507332e-001 7.209694e-002
      outer loop
         vertex 4.247395e+001 1.194250e+002 2.446376e+000
         vertex 2.254972e+001 9.633855e+001 2.964265e+000
         vertex 2.255300e+001 9.633500e+001 2.926234e+000
      endloop
   endfacet
   facet normal 7.569839e-001 -6.533399e-001 -1.105736e-002
      outer loop
         vertex 4.247395e+001 1.194250e+002 2.446376e+000
         vertex 2.255300e+001 9.633500e+001 2.926234e+000
         vertex 4.247446e+001 1.194245e+002 2.442842e+000
      endloop
   endfacet
   facet normal 7.569067e-001 -6.533512e-001 -1.497838e-002
      outer loop
         vertex 4.247446e+001 1.194245e+002 2.442842e+000
         vertex 2.255300e+001 9.633500e+001 2.926234e+000
         vertex 2.254967e+001 9.633752e+001 2.901923e+000
      endloop
   endfacet
   facet normal 7.379868e-001 -6.409220e-001 -2.111740e-001
      outer loop
         vertex 4.247446e+001 1.194245e+002 2.442842e+000
         vertex 2.254967e+001 9.633752e+001 2.901923e+000
         vertex 4.244535e+001 1.194472e+002 2.322890e+000
      endloop
   endfacet
   facet normal 7.299827e-001 -6.348495e-001 -2.531627e-001
      outer loop
         vertex 4.244535e+001 1.194472e+002 2.322890e+000
         vertex 2.254967e+001 9.633752e+001 2.901923e+000
         vertex 2.254534e+001 9.634083e+001 2.870183e+000
      endloop
   endfacet
   facet normal 7.020080e-001 -6.128877e-001 -3.627028e-001
      outer loop
         vertex 4.244535e+001 1.194472e+002 2.322890e+000
         vertex 2.254534e+001 9.634083e+001 2.870183e+000
         vertex 2.253810e+001 9.634633e+001 2.817172e+000
      endloop
   endfacet
   facet normal 7.053055e-001 -6.926745e-001 1.508188e-001
      outer loop
         vertex 2.254972e+001 9.633855e+001 2.964265e+000
         vertex 2.124829e+001 9.508015e+001 2.958041e+000
         vertex 2.255300e+001 9.633500e+001 2.926234e+000
      endloop
   endfacet
   facet normal 7.114030e-001 -6.994331e-001 6.855005e-002
      outer loop
         vertex 2.255300e+001 9.633500e+001 2.926234e+000
         vertex 2.124829e+001 9.508015e+001 2.958041e+000
         vertex 2.254967e+001 9.633752e+001 2.901923e+000
      endloop
   endfacet
   facet normal 6.556830e-001 -7.511706e-001 7.630494e-002
      outer loop
         vertex 2.124139e+001 9.507349e+001 2.958006e+000
         vertex 2.124317e+001 9.507342e+001 2.862897e+000
         vertex 2.124150e+001 9.507358e+001 2.958009e+000
      endloop
   endfacet
   facet normal 6.557591e-001 -7.511041e-001 7.630632e-002
      outer loop
         vertex 2.124150e+001 9.507358e+001 2.958009e+000
         vertex 2.124317e+001 9.507342e+001 2.862897e+000
         vertex 2.124829e+001 9.508015e+001 2.958041e+000
      endloop
   endfacet
   facet normal 6.244099e-001 -6.120645e-001 -4.852725e-001
      outer loop
         vertex 2.252027e+001 9.636163e+001 2.785127e+000
         vertex 2.253810e+001 9.634633e+001 2.817172e+000
         vertex 2.121902e+001 9.510301e+001 2.767280e+000
      endloop
   endfacet
   facet normal 6.642455e-001 -6.472969e-001 -3.738778e-001
      outer loop
         vertex 2.121902e+001 9.510301e+001 2.767280e+000
         vertex 2.253810e+001 9.634633e+001 2.817172e+000
         vertex 2.254534e+001 9.634083e+001 2.870183e+000
      endloop
   endfacet
   facet normal 5.570698e-001 -5.527279e-001 -6.198105e-001
      outer loop
         vertex 2.252027e+001 9.636163e+001 2.785127e+000
         vertex 2.121902e+001 9.510301e+001 2.767280e+000
         vertex 2.248323e+001 9.639343e+001 2.718525e+000
      endloop
   endfacet
   facet normal 4.710895e-001 -4.953704e-001 -7.298512e-001
      outer loop
         vertex 2.248323e+001 9.639343e+001 2.718525e+000
         vertex 2.121902e+001 9.510301e+001 2.767280e+000
         vertex 2.117169e+001 9.515862e+001 2.694689e+000
      endloop
   endfacet
   facet normal 4.126713e-001 -4.056767e-001 -8.155543e-001
      outer loop
         vertex 2.248323e+001 9.639343e+001 2.718525e+000
         vertex 2.117169e+001 9.515862e+001 2.694689e+000
         vertex 2.246354e+001 9.641072e+001 2.705927e+000
      endloop
   endfacet
   facet normal 2.207943e-001 -2.327908e-001 -9.471316e-001
      outer loop
         vertex 2.117169e+001 9.515862e+001 2.694689e+000
         vertex 2.111289e+001 9.522665e+001 2.658145e+000
         vertex 2.118902e+001 9.529090e+001 2.659864e+000
      endloop
   endfacet
   facet normal 2.207941e-001 -2.327910e-001 -9.471316e-001
      outer loop
         vertex 2.118902e+001 9.529090e+001 2.659864e+000
         vertex 2.239920e+001 9.646718e+001 2.664771e+000
         vertex 2.117169e+001 9.515862e+001 2.694689e+000
      endloop
   endfacet
   facet normal 2.959469e-001 -3.007224e-001 -9.066319e-001
      outer loop
         vertex 2.117169e+001 9.515862e+001 2.694689e+000
         vertex 2.239920e+001 9.646718e+001 2.664771e+000
         vertex 2.245410e+001 9.641900e+001 2.699890e+000
      endloop
   endfacet
   facet normal 3.777106e-001 -3.742046e-001 -8.469390e-001
      outer loop
         vertex 2.117169e+001 9.515862e+001 2.694689e+000
         vertex 2.245410e+001 9.641900e+001 2.699890e+000
         vertex 2.246354e+001 9.641072e+001 2.705927e+000
      endloop
   endfacet
   facet normal 2.122966e-001 -2.306315e-001 -9.495996e-001
      outer loop
         vertex 1.978877e+001 9.400478e+001 2.665432e+000
         vertex 1.973907e+001 9.406723e+001 2.627126e+000
         vertex 2.111289e+001 9.522665e+001 2.658145e+000
      endloop
   endfacet
   facet normal 2.851433e-001 -3.229787e-001 -9.024290e-001
      outer loop
         vertex 1.978877e+001 9.400478e+001 2.665432e+000
         vertex 2.111289e+001 9.522665e+001 2.658145e+000
         vertex 1.979238e+001 9.400024e+001 2.668215e+000
      endloop
   endfacet
   facet normal 2.935063e-001 -3.250036e-001 -8.990143e-001
      outer loop
         vertex 1.979238e+001 9.400024e+001 2.668215e+000
         vertex 2.111289e+001 9.522665e+001 2.658145e+000
         vertex 2.117169e+001 9.515862e+001 2.694689e+000
      endloop
   endfacet
   facet normal 3.802180e-001 -4.360097e-001 -8.156775e-001
      outer loop
         vertex 1.979238e+001 9.400024e+001 2.668215e+000
         vertex 2.117169e+001 9.515862e+001 2.694689e+000
         vertex 1.980869e+001 9.397973e+001 2.680791e+000
      endloop
   endfacet
   facet normal 4.524676e-001 -5.125502e-001 -7.297708e-001
      outer loop
         vertex 1.980869e+001 9.397973e+001 2.680791e+000
         vertex 2.117169e+001 9.515862e+001 2.694689e+000
         vertex 2.121902e+001 9.510301e+001 2.767280e+000
      endloop
   endfacet
   facet normal 5.288191e-001 -6.213619e-001 -5.781520e-001
      outer loop
         vertex 1.980869e+001 9.397973e+001 2.680791e+000
         vertex 2.121902e+001 9.510301e+001 2.767280e+000
         vertex 1.985252e+001 9.392210e+001 2.779365e+000
      endloop
   endfacet
   facet normal 7.124241e-001 -7.017147e-001 -6.954306e-003
      outer loop
         vertex 2.254967e+001 9.633752e+001 2.901923e+000
         vertex 2.124829e+001 9.508015e+001 2.958041e+000
         vertex 2.254534e+001 9.634083e+001 2.870183e+000
      endloop
   endfacet
   facet normal 6.850573e-001 -7.267317e-001 -5.057233e-002
      outer loop
         vertex 2.254534e+001 9.634083e+001 2.870183e+000
         vertex 2.124829e+001 9.508015e+001 2.958041e+000
         vertex 2.124317e+001 9.507342e+001 2.862897e+000
      endloop
   endfacet
   facet normal 6.567878e-001 -6.891287e-001 -3.061558e-001
      outer loop
         vertex 2.254534e+001 9.634083e+001 2.870183e+000
         vertex 2.124317e+001 9.507342e+001 2.862897e+000
         vertex 2.121902e+001 9.510301e+001 2.767280e+000
      endloop
   endfacet
   facet normal 6.086815e-001 -7.071539e-001 -3.597782e-001
      outer loop
         vertex 2.121902e+001 9.510301e+001 2.767280e+000
         vertex 2.124317e+001 9.507342e+001 2.862897e+000
         vertex 1.985354e+001 9.392039e+001 2.790798e+000
      endloop
   endfacet
   facet normal 5.818933e-001 -6.930656e-001 -4.255117e-001
      outer loop
         vertex 2.121902e+001 9.510301e+001 2.767280e+000
         vertex 1.985354e+001 9.392039e+001 2.790798e+000
         vertex 1.985252e+001 9.392210e+001 2.779365e+000
      endloop
   endfacet
   facet normal 6.277159e-001 -7.638615e-001 1.499611e-001
      outer loop
         vertex 1.985835e+001 9.390885e+001 2.926408e+000
         vertex 1.986218e+001 9.390580e+001 2.888386e+000
         vertex 2.124139e+001 9.507349e+001 2.958006e+000
      endloop
   endfacet
   facet normal 6.334742e-001 -7.687957e-001 8.754217e-002
      outer loop
         vertex 2.124139e+001 9.507349e+001 2.958006e+000
         vertex 1.986218e+001 9.390580e+001 2.888386e+000
         vertex 1.986134e+001 9.390721e+001 2.878933e+000
      endloop
   endfacet
   facet normal 6.474777e-001 -7.619787e-001 1.268621e-002
      outer loop
         vertex 2.124139e+001 9.507349e+001 2.958006e+000
         vertex 1.986134e+001 9.390721e+001 2.878933e+000
         vertex 2.124317e+001 9.507342e+001 2.862897e+000
      endloop
   endfacet
   facet normal 6.345259e-001 -7.645878e-001 -1.130593e-001
      outer loop
         vertex 2.124317e+001 9.507342e+001 2.862897e+000
         vertex 1.986134e+001 9.390721e+001 2.878933e+000
         vertex 1.985722e+001 9.391418e+001 2.832354e+000
      endloop
   endfacet
   facet normal 6.237180e-001 -7.470021e-001 -2.301382e-001
      outer loop
         vertex 2.124317e+001 9.507342e+001 2.862897e+000
         vertex 1.985722e+001 9.391418e+001 2.832354e+000
         vertex 1.985354e+001 9.392039e+001 2.790798e+000
      endloop
   endfacet
   facet normal 6.201096e-001 -7.700863e-001 1.497700e-001
      outer loop
         vertex 1.986218e+001 9.390580e+001 2.888386e+000
         vertex 1.985835e+001 9.390885e+001 2.926408e+000
         vertex 1.625794e+001 9.100954e+001 2.824973e+000
      endloop
   endfacet
   facet normal 6.207464e-001 -7.791969e-001 8.675376e-002
      outer loop
         vertex 1.986218e+001 9.390580e+001 2.888386e+000
         vertex 1.625794e+001 9.100954e+001 2.824973e+000
         vertex 1.623775e+001 9.098714e+001 2.776425e+000
      endloop
   endfacet
   facet normal 6.111841e-001 -7.795775e-001 1.367952e-001
      outer loop
         vertex 1.623775e+001 9.098714e+001 2.776425e+000
         vertex 1.625794e+001 9.100954e+001 2.824973e+000
         vertex 1.625788e+001 9.100948e+001 2.824971e+000
      endloop
   endfacet
   facet normal 6.111494e-001 -7.796050e-001 1.367941e-001
      outer loop
         vertex 1.623775e+001 9.098714e+001 2.776425e+000
         vertex 1.625788e+001 9.100948e+001 2.824971e+000
         vertex 1.623353e+001 9.099064e+001 2.824174e+000
      endloop
   endfacet
   facet normal 5.953435e-001 -7.227089e-001 -3.510812e-001
      outer loop
         vertex 1.985252e+001 9.392210e+001 2.779365e+000
         vertex 1.985354e+001 9.392039e+001 2.790798e+000
         vertex 1.623022e+001 9.100008e+001 2.688232e+000
      endloop
   endfacet
   facet normal 6.086182e-001 -7.410168e-001 -2.836864e-001
      outer loop
         vertex 1.623022e+001 9.100008e+001 2.688232e+000
         vertex 1.985354e+001 9.392039e+001 2.790798e+000
         vertex 1.985722e+001 9.391418e+001 2.832354e+000
      endloop
   endfacet
   facet normal 6.186532e-001 -7.672976e-001 -1.688865e-001
      outer loop
         vertex 1.623022e+001 9.100008e+001 2.688232e+000
         vertex 1.985722e+001 9.391418e+001 2.832354e+000
         vertex 1.623775e+001 9.098714e+001 2.776425e+000
      endloop
   endfacet
   facet normal 6.296065e-001 -7.752141e-001 -5.136801e-002
      outer loop
         vertex 1.623775e+001 9.098714e+001 2.776425e+000
         vertex 1.985722e+001 9.391418e+001 2.832354e+000
         vertex 1.986134e+001 9.390721e+001 2.878933e+000
      endloop
   endfacet
   facet normal 6.291165e-001 -7.769457e-001 2.382828e-002
      outer loop
         vertex 1.623775e+001 9.098714e+001 2.776425e+000
         vertex 1.986134e+001 9.390721e+001 2.878933e+000
         vertex 1.986218e+001 9.390580e+001 2.888386e+000
      endloop
   endfacet
   facet normal 5.134354e-001 -6.131036e-001 -6.004066e-001
      outer loop
         vertex 1.620716e+001 9.103205e+001 2.616956e+000
         vertex 1.980869e+001 9.397973e+001 2.680791e+000
         vertex 1.985252e+001 9.392210e+001 2.779365e+000
      endloop
   endfacet
   facet normal 4.007937e-001 -4.737999e-001 -7.841416e-001
      outer loop
         vertex 1.616706e+001 9.108516e+001 2.557613e+000
         vertex 1.978877e+001 9.400478e+001 2.665432e+000
         vertex 1.620716e+001 9.103205e+001 2.616956e+000
      endloop
   endfacet
   facet normal 4.072434e-001 -4.781799e-001 -7.781368e-001
      outer loop
         vertex 1.620716e+001 9.103205e+001 2.616956e+000
         vertex 1.978877e+001 9.400478e+001 2.665432e+000
         vertex 1.979238e+001 9.400024e+001 2.668215e+000
      endloop
   endfacet
   facet normal 4.298878e-001 -5.066922e-001 -7.473014e-001
      outer loop
         vertex 1.620716e+001 9.103205e+001 2.616956e+000
         vertex 1.979238e+001 9.400024e+001 2.668215e+000
         vertex 1.980869e+001 9.397973e+001 2.680791e+000
      endloop
   endfacet
   facet normal 2.128009e-001 -2.291903e-001 -9.498355e-001
      outer loop
         vertex 1.973907e+001 9.406723e+001 2.627126e+000
         vertex 1.978877e+001 9.400478e+001 2.665432e+000
         vertex 1.610140e+001 9.116962e+001 2.520051e+000
      endloop
   endfacet
   facet normal 2.800707e-001 -3.161055e-001 -9.064423e-001
      outer loop
         vertex 1.610140e+001 9.116962e+001 2.520051e+000
         vertex 1.978877e+001 9.400478e+001 2.665432e+000
         vertex 1.616706e+001 9.108516e+001 2.557613e+000
      endloop
   endfacet
   facet normal 2.109895e-001 -2.306370e-001 -9.498895e-001
      outer loop
         vertex 1.610140e+001 9.116962e+001 2.520051e+000
         vertex 1.616706e+001 9.108516e+001 2.557613e+000
         vertex 1.414579e+001 8.961187e+001 2.462488e+000
      endloop
   endfacet
   facet normal 1.695934e-001 -1.787922e-001 -9.691601e-001
      outer loop
         vertex 1.292141e+001 8.867261e+001 2.421236e+000
         vertex 1.414579e+001 8.961187e+001 2.462488e+000
         vertex 1.288405e+001 8.860142e+001 2.431406e+000
      endloop
   endfacet
   facet normal 2.244424e-001 -2.521299e-001 -9.413055e-001
      outer loop
         vertex 1.288405e+001 8.860142e+001 2.431406e+000
         vertex 1.414579e+001 8.961187e+001 2.462488e+000
         vertex 1.284626e+001 8.852940e+001 2.441694e+000
      endloop
   endfacet
   facet normal 2.632201e-001 -3.043074e-001 -9.154847e-001
      outer loop
         vertex 1.284626e+001 8.852940e+001 2.441694e+000
         vertex 1.414579e+001 8.961187e+001 2.462488e+000
         vertex 1.282852e+001 8.850238e+001 2.453127e+000
      endloop
   endfacet
   facet normal 2.766038e-001 -3.188494e-001 -9.065459e-001
      outer loop
         vertex 1.282852e+001 8.850238e+001 2.453127e+000
         vertex 1.414579e+001 8.961187e+001 2.462488e+000
         vertex 1.616706e+001 9.108516e+001 2.557613e+000
      endloop
   endfacet
   facet normal 3.786263e-001 -4.577685e-001 -8.044191e-001
      outer loop
         vertex 1.282852e+001 8.850238e+001 2.453127e+000
         vertex 1.616706e+001 9.108516e+001 2.557613e+000
         vertex 1.276017e+001 8.839824e+001 2.497174e+000
      endloop
   endfacet
   facet normal 4.350357e-001 -5.288166e-001 -7.287639e-001
      outer loop
         vertex 1.276017e+001 8.839824e+001 2.497174e+000
         vertex 1.616706e+001 9.108516e+001 2.557613e+000
         vertex 1.620716e+001 9.103205e+001 2.616956e+000
      endloop
   endfacet
   facet normal 4.802458e-001 -5.958889e-001 -6.436461e-001
      outer loop
         vertex 1.276017e+001 8.839824e+001 2.497174e+000
         vertex 1.620716e+001 9.103205e+001 2.616956e+000
         vertex 1.273286e+001 8.835662e+001 2.514780e+000
      endloop
   endfacet
   facet normal 5.662032e-001 -6.910799e-001 -4.492468e-001
      outer loop
         vertex 1.985252e+001 9.392210e+001 2.779365e+000
         vertex 1.623022e+001 9.100008e+001 2.688232e+000
         vertex 1.620716e+001 9.103205e+001 2.616956e+000
      endloop
   endfacet
   facet normal 5.516194e-001 -6.890176e-001 -4.700753e-001
      outer loop
         vertex 1.620716e+001 9.103205e+001 2.616956e+000
         vertex 1.623022e+001 9.100008e+001 2.688232e+000
         vertex 1.267951e+001 8.827534e+001 2.549161e+000
      endloop
   endfacet
   facet normal 5.156862e-001 -6.464671e-001 -5.622704e-001
      outer loop
         vertex 1.620716e+001 9.103205e+001 2.616956e+000
         vertex 1.267951e+001 8.827534e+001 2.549161e+000
         vertex 1.273286e+001 8.835662e+001 2.514780e+000
      endloop
   endfacet
   facet normal 6.097764e-001 -7.921192e-001 -2.683005e-002
      outer loop
         vertex 1.260480e+001 8.817717e+001 2.657475e+000
         vertex 1.261229e+001 8.818371e+001 2.629441e+000
         vertex 1.623775e+001 9.098714e+001 2.776425e+000
      endloop
   endfacet
   facet normal 6.092710e-001 -7.889779e-001 -7.938968e-002
      outer loop
         vertex 1.623775e+001 9.098714e+001 2.776425e+000
         vertex 1.261229e+001 8.818371e+001 2.629441e+000
         vertex 1.261924e+001 8.819234e+001 2.618283e+000
      endloop
   endfacet
   facet normal 6.097181e-001 -7.764289e-001 -1.593798e-001
      outer loop
         vertex 1.623775e+001 9.098714e+001 2.776425e+000
         vertex 1.261924e+001 8.819234e+001 2.618283e+000
         vertex 1.623022e+001 9.100008e+001 2.688232e+000
      endloop
   endfacet
   facet normal 5.909073e-001 -7.567776e-001 -2.794928e-001
      outer loop
         vertex 1.623022e+001 9.100008e+001 2.688232e+000
         vertex 1.261924e+001 8.819234e+001 2.618283e+000
         vertex 1.265073e+001 8.823150e+001 2.567706e+000
      endloop
   endfacet
   facet normal 5.724939e-001 -7.278391e-001 -3.774928e-001
      outer loop
         vertex 1.623022e+001 9.100008e+001 2.688232e+000
         vertex 1.265073e+001 8.823150e+001 2.567706e+000
         vertex 1.267951e+001 8.827534e+001 2.549161e+000
      endloop
   endfacet
   facet normal 6.086560e-001 -7.930532e-001 2.458525e-002
      outer loop
         vertex 1.260480e+001 8.817717e+001 2.657475e+000
         vertex 1.623775e+001 9.098714e+001 2.776425e+000
         vertex 1.260193e+001 8.817466e+001 2.668211e+000
      endloop
   endfacet
   facet normal 6.103342e-001 -7.872612e-001 8.781757e-002
      outer loop
         vertex 1.260193e+001 8.817466e+001 2.668211e+000
         vertex 1.623775e+001 9.098714e+001 2.776425e+000
         vertex 1.623353e+001 9.099064e+001 2.824174e+000
      endloop
   endfacet
   facet normal 5.992767e-001 -7.862678e-001 1.505004e-001
      outer loop
         vertex 1.260193e+001 8.817466e+001 2.668211e+000
         vertex 1.623353e+001 9.099064e+001 2.824174e+000
         vertex 1.260221e+001 8.818077e+001 2.705338e+000
      endloop
   endfacet
   facet normal 6.319945e-001 -7.602940e-001 -1.501195e-001
      outer loop
         vertex -2.008054e+001 5.428054e+001 1.681304e+000
         vertex -2.008412e+001 5.428380e+001 1.643315e+000
         vertex -1.403194e+001 5.926065e+001 1.487734e+000
      endloop
   endfacet
   facet normal 5.920184e-001 -7.761854e-001 2.169110e-001
      outer loop
         vertex -1.403654e+001 5.926916e+001 1.569700e+000
         vertex -7.804223e+000 6.401725e+001 1.354959e+000
         vertex -7.814879e+000 6.403587e+001 1.431427e+000
      endloop
   endfacet
   facet normal 5.582325e-001 -8.243729e-001 -9.373255e-002
      outer loop
         vertex -4.354829e+000 6.648959e+001 1.133526e+000
         vertex -1.360382e+000 6.846126e+001 9.855483e-001
         vertex -1.393732e+000 6.851866e+001 1.078748e+000
      endloop
   endfacet
   facet normal 5.421153e-001 -8.351480e-001 -9.294517e-002
      outer loop
         vertex -1.393732e+000 6.851866e+001 1.078748e+000
         vertex -1.360382e+000 6.846126e+001 9.855483e-001
         vertex 5.179560e+000 7.276743e+001 6.623620e-001
      endloop
   endfacet
   facet normal 5.347157e-001 -8.439953e-001 -4.184700e-002
      outer loop
         vertex -1.393732e+000 6.851866e+001 1.078748e+000
         vertex 5.179560e+000 7.276743e+001 6.623620e-001
         vertex 5.183497e+000 7.276446e+001 7.003248e-001
      endloop
   endfacet
   facet normal 5.172951e-001 -7.854078e-001 3.399121e-001
      outer loop
         vertex 5.176147e+000 7.278680e+001 8.175814e-001
         vertex -1.403221e+000 6.853810e+001 1.155166e+000
         vertex 5.180006e+000 7.277506e+001 7.560220e-001
      endloop
   endfacet
   facet normal 5.399484e-001 -8.069167e-001 2.394601e-001
      outer loop
         vertex 5.180006e+000 7.277506e+001 7.560220e-001
         vertex -1.403221e+000 6.853810e+001 1.155166e+000
         vertex -1.393732e+000 6.851866e+001 1.078748e+000
      endloop
   endfacet
   facet normal 5.371850e-001 -8.321819e-001 1.374975e-001
      outer loop
         vertex 5.180006e+000 7.277506e+001 7.560220e-001
         vertex -1.393732e+000 6.851866e+001 1.078748e+000
         vertex 5.180985e+000 7.277209e+001 7.404002e-001
      endloop
   endfacet
   facet normal 5.382229e-001 -8.404601e-001 6.279403e-002
      outer loop
         vertex 5.180985e+000 7.277209e+001 7.404002e-001
         vertex -1.393732e+000 6.851866e+001 1.078748e+000
         vertex 5.183497e+000 7.276446e+001 7.003248e-001
      endloop
   endfacet
   facet normal 5.864455e-001 -7.448933e-001 3.181442e-001
      outer loop
         vertex -1.403654e+001 5.926916e+001 1.569700e+000
         vertex -7.814879e+000 6.403587e+001 1.431427e+000
         vertex -1.404833e+001 5.928692e+001 1.646207e+000
      endloop
   endfacet
   facet normal 5.299699e-001 -6.791449e-001 5.078328e-001
      outer loop
         vertex -1.404833e+001 5.928692e+001 1.646207e+000
         vertex -7.814879e+000 6.403587e+001 1.431427e+000
         vertex -7.839140e+000 6.407255e+001 1.497566e+000
      endloop
   endfacet
   facet normal 5.039843e-001 -6.256811e-001 5.954183e-001
      outer loop
         vertex -1.404833e+001 5.928692e+001 1.646207e+000
         vertex -7.839140e+000 6.407255e+001 1.497566e+000
         vertex -1.407436e+001 5.932224e+001 1.712408e+000
      endloop
   endfacet
   facet normal 3.047418e-001 -4.080824e-001 8.605819e-001
      outer loop
         vertex 5.123169e+000 7.288225e+001 9.278187e-001
         vertex -1.458864e+000 6.862878e+001 1.270464e+000
         vertex 5.130484e+000 7.286984e+001 9.212878e-001
      endloop
   endfacet
   facet normal 3.548529e-001 -4.793296e-001 8.026971e-001
      outer loop
         vertex 5.130484e+000 7.286984e+001 9.212878e-001
         vertex -1.458864e+000 6.862878e+001 1.270464e+000
         vertex -1.425664e+000 6.857605e+001 1.221227e+000
      endloop
   endfacet
   facet normal 3.704070e-001 -5.149715e-001 7.730479e-001
      outer loop
         vertex 5.130484e+000 7.286984e+001 9.212878e-001
         vertex -1.425664e+000 6.857605e+001 1.221227e+000
         vertex 5.140025e+000 7.285366e+001 9.127693e-001
      endloop
   endfacet
   facet normal 4.444319e-001 -6.254963e-001 6.412758e-001
      outer loop
         vertex 5.140025e+000 7.285366e+001 9.127693e-001
         vertex -1.425664e+000 6.857605e+001 1.221227e+000
         vertex -1.403221e+000 6.853810e+001 1.155166e+000
      endloop
   endfacet
   facet normal 4.681884e-001 -6.863279e-001 5.565553e-001
      outer loop
         vertex 5.140025e+000 7.285366e+001 9.127693e-001
         vertex -1.403221e+000 6.853810e+001 1.155166e+000
         vertex 5.176021e+000 7.278703e+001 8.179139e-001
      endloop
   endfacet
   facet normal 5.035935e-001 -7.565097e-001 4.172369e-001
      outer loop
         vertex 5.176021e+000 7.278703e+001 8.179139e-001
         vertex -1.403221e+000 6.853810e+001 1.155166e+000
         vertex 5.176147e+000 7.278680e+001 8.175814e-001
      endloop
   endfacet
   facet normal 2.007268e-001 -2.237427e-001 9.537547e-001
      outer loop
         vertex -7.874630e+000 6.412367e+001 1.546902e+000
         vertex -7.903416e+000 6.416405e+001 1.569591e+000
         vertex -9.930648e+000 6.269304e+001 1.650067e+000
      endloop
   endfacet
   facet normal 1.939064e-001 -2.283376e-001 9.540766e-001
      outer loop
         vertex 5.123169e+000 7.288225e+001 9.278187e-001
         vertex 5.086528e+000 7.294439e+001 9.605341e-001
         vertex 8.496779e-001 7.025005e+001 1.183709e+000
      endloop
   endfacet
   facet normal 6.301199e-001 -7.751533e-001 -4.567596e-002
      outer loop
         vertex -2.008054e+001 5.428054e+001 1.681304e+000
         vertex -1.403194e+001 5.926065e+001 1.487734e+000
         vertex -1.403654e+001 5.926916e+001 1.569700e+000
      endloop
   endfacet
   facet normal 6.158220e-001 -7.820221e-001 -9.594104e-002
      outer loop
         vertex -1.403654e+001 5.926916e+001 1.569700e+000
         vertex -1.403194e+001 5.926065e+001 1.487734e+000
         vertex -1.351541e+001 5.968540e+001 1.474455e+000
      endloop
   endfacet
   facet normal 6.105958e-001 -7.918828e-001 9.723179e-003
      outer loop
         vertex -1.403654e+001 5.926916e+001 1.569700e+000
         vertex -1.351541e+001 5.968540e+001 1.474455e+000
         vertex -7.804223e+000 6.401725e+001 1.354959e+000
      endloop
   endfacet
   facet normal 5.951943e-001 -7.979178e-001 -9.524093e-002
      outer loop
         vertex -7.804223e+000 6.401725e+001 1.354959e+000
         vertex -1.351541e+001 5.968540e+001 1.474455e+000
         vertex -7.763597e+000 6.395766e+001 1.260390e+000
      endloop
   endfacet
   facet normal 5.795332e-001 -8.094334e-001 -9.465118e-002
      outer loop
         vertex -7.804223e+000 6.401725e+001 1.354959e+000
         vertex -7.763597e+000 6.395766e+001 1.260390e+000
         vertex -4.354829e+000 6.648959e+001 1.133526e+000
      endloop
   endfacet
   facet normal 5.533067e-001 -6.612089e-001 5.066108e-001
      outer loop
         vertex -1.407436e+001 5.932224e+001 1.712408e+000
         vertex -2.009368e+001 5.429866e+001 1.798786e+000
         vertex -1.404833e+001 5.928692e+001 1.646207e+000
      endloop
   endfacet
   facet normal 6.091287e-001 -7.182183e-001 3.363401e-001
      outer loop
         vertex -1.404833e+001 5.928692e+001 1.646207e+000
         vertex -2.009368e+001 5.429866e+001 1.798786e+000
         vertex -2.008678e+001 5.428914e+001 1.737093e+000
      endloop
   endfacet
   facet normal 6.176789e-001 -7.500488e-001 2.364309e-001
      outer loop
         vertex -1.404833e+001 5.928692e+001 1.646207e+000
         vertex -2.008678e+001 5.428914e+001 1.737093e+000
         vertex -1.403654e+001 5.926916e+001 1.569700e+000
      endloop
   endfacet
   facet normal 6.374434e-001 -7.588271e-001 1.335936e-001
      outer loop
         vertex -1.403654e+001 5.926916e+001 1.569700e+000
         vertex -2.008678e+001 5.428914e+001 1.737093e+000
         vertex -2.008503e+001 5.428673e+001 1.721450e+000
      endloop
   endfacet
   facet normal 6.412382e-001 -7.650852e-001 5.880822e-002
      outer loop
         vertex -1.403654e+001 5.926916e+001 1.569700e+000
         vertex -2.008503e+001 5.428673e+001 1.721450e+000
         vertex -2.008054e+001 5.428054e+001 1.681304e+000
      endloop
   endfacet
   facet normal 3.931932e-001 -4.510116e-001 8.012413e-001
      outer loop
         vertex -2.016304e+001 5.438213e+001 1.909654e+000
         vertex -2.015375e+001 5.437115e+001 1.903039e+000
         vertex -1.407436e+001 5.932224e+001 1.712408e+000
      endloop
   endfacet
   facet normal 4.177814e-001 -4.803344e-001 7.711924e-001
      outer loop
         vertex -1.407436e+001 5.932224e+001 1.712408e+000
         vertex -2.015375e+001 5.437115e+001 1.903039e+000
         vertex -2.014166e+001 5.435686e+001 1.894430e+000
      endloop
   endfacet
   facet normal 5.026535e-001 -5.825737e-001 6.387076e-001
      outer loop
         vertex -1.407436e+001 5.932224e+001 1.712408e+000
         vertex -2.014166e+001 5.435686e+001 1.894430e+000
         vertex -2.009368e+001 5.429866e+001 1.798786e+000
      endloop
   endfacet
   facet normal 2.614239e-001 -3.016760e-001 9.168692e-001
      outer loop
         vertex -7.874630e+000 6.412367e+001 1.546902e+000
         vertex -9.930648e+000 6.269304e+001 1.650067e+000
         vertex -1.411208e+001 5.937167e+001 1.761821e+000
      endloop
   endfacet
   facet normal 2.040076e-001 -2.212434e-001 9.536415e-001
      outer loop
         vertex -1.411208e+001 5.937167e+001 1.761821e+000
         vertex -9.930648e+000 6.269304e+001 1.650067e+000
         vertex -1.414791e+001 5.941751e+001 1.786318e+000
      endloop
   endfacet
   facet normal 2.040076e-001 -2.212434e-001 9.536415e-001
      outer loop
         vertex -1.411208e+001 5.937167e+001 1.761821e+000
         vertex -1.414791e+001 5.941751e+001 1.786318e+000
         vertex -1.513334e+001 5.865213e+001 1.818155e+000
      endloop
   endfacet
   facet normal 4.160506e-001 -5.156350e-001 7.490144e-001
      outer loop
         vertex -7.839140e+000 6.407255e+001 1.497566e+000
         vertex -7.874630e+000 6.412367e+001 1.546902e+000
         vertex -1.407436e+001 5.932224e+001 1.712408e+000
      endloop
   endfacet
   facet normal 3.722032e-001 -4.452415e-001 8.143862e-001
      outer loop
         vertex -1.407436e+001 5.932224e+001 1.712408e+000
         vertex -7.874630e+000 6.412367e+001 1.546902e+000
         vertex -1.411208e+001 5.937167e+001 1.761821e+000
      endloop
   endfacet
   facet normal 3.786622e-001 -4.401197e-001 8.141926e-001
      outer loop
         vertex -1.407436e+001 5.932224e+001 1.712408e+000
         vertex -1.411208e+001 5.937167e+001 1.761821e+000
         vertex -2.016304e+001 5.438213e+001 1.909654e+000
      endloop
   endfacet
   facet normal 2.678829e-001 -2.965544e-001 9.166757e-001
      outer loop
         vertex -2.016304e+001 5.438213e+001 1.909654e+000
         vertex -1.411208e+001 5.937167e+001 1.761821e+000
         vertex -1.513334e+001 5.865213e+001 1.818155e+000
      endloop
   endfacet
   facet normal 2.071857e-001 -2.186211e-001 9.535611e-001
      outer loop
         vertex -2.016304e+001 5.438213e+001 1.909654e+000
         vertex -1.513334e+001 5.865213e+001 1.818155e+000
         vertex -2.020952e+001 5.443708e+001 1.942746e+000
      endloop
   endfacet
   facet normal 2.479504e-001 -3.111385e-001 9.174494e-001
      outer loop
         vertex 5.123169e+000 7.288225e+001 9.278187e-001
         vertex 8.496779e-001 7.025005e+001 1.183709e+000
         vertex -1.458864e+000 6.862878e+001 1.270464e+000
      endloop
   endfacet
   facet normal 1.973547e-001 -2.261108e-001 9.538999e-001
      outer loop
         vertex -1.458864e+000 6.862878e+001 1.270464e+000
         vertex 8.496779e-001 7.025005e+001 1.183709e+000
         vertex -1.485150e+000 6.866949e+001 1.292838e+000
      endloop
   endfacet
   facet normal 1.973547e-001 -2.261108e-001 9.538999e-001
      outer loop
         vertex -1.458864e+000 6.862878e+001 1.270464e+000
         vertex -1.485150e+000 6.866949e+001 1.292838e+000
         vertex -4.603913e+000 6.655825e+001 1.438609e+000
      endloop
   endfacet
   facet normal 5.744939e-001 -8.184336e-001 1.109885e-002
      outer loop
         vertex -4.354829e+000 6.648959e+001 1.133526e+000
         vertex -1.393732e+000 6.851866e+001 1.078748e+000
         vertex -7.804223e+000 6.401725e+001 1.354959e+000
      endloop
   endfacet
   facet normal 5.627097e-001 -7.973682e-001 2.180863e-001
      outer loop
         vertex -7.804223e+000 6.401725e+001 1.354959e+000
         vertex -1.393732e+000 6.851866e+001 1.078748e+000
         vertex -1.403221e+000 6.853810e+001 1.155166e+000
      endloop
   endfacet
   facet normal 5.589274e-001 -7.653310e-001 3.191686e-001
      outer loop
         vertex -7.804223e+000 6.401725e+001 1.354959e+000
         vertex -1.403221e+000 6.853810e+001 1.155166e+000
         vertex -7.814879e+000 6.403587e+001 1.431427e+000
      endloop
   endfacet
   facet normal 5.061356e-001 -6.963938e-001 5.087852e-001
      outer loop
         vertex -7.814879e+000 6.403587e+001 1.431427e+000
         vertex -1.403221e+000 6.853810e+001 1.155166e+000
         vertex -1.425664e+000 6.857605e+001 1.221227e+000
      endloop
   endfacet
   facet normal 4.827390e-001 -6.414840e-001 5.962058e-001
      outer loop
         vertex -7.814879e+000 6.403587e+001 1.431427e+000
         vertex -1.425664e+000 6.857605e+001 1.221227e+000
         vertex -7.839140e+000 6.407255e+001 1.497566e+000
      endloop
   endfacet
   facet normal 4.000230e-001 -5.272619e-001 7.496510e-001
      outer loop
         vertex -7.839140e+000 6.407255e+001 1.497566e+000
         vertex -1.425664e+000 6.857605e+001 1.221227e+000
         vertex -1.458864e+000 6.862878e+001 1.270464e+000
      endloop
   endfacet
   facet normal 3.593095e-001 -4.548631e-001 8.148596e-001
      outer loop
         vertex -7.839140e+000 6.407255e+001 1.497566e+000
         vertex -1.458864e+000 6.862878e+001 1.270464e+000
         vertex -7.874630e+000 6.412367e+001 1.546902e+000
      endloop
   endfacet
   facet normal 2.547709e-001 -3.065435e-001 9.171275e-001
      outer loop
         vertex -7.874630e+000 6.412367e+001 1.546902e+000
         vertex -1.458864e+000 6.862878e+001 1.270464e+000
         vertex -4.603913e+000 6.655825e+001 1.438609e+000
      endloop
   endfacet
   facet normal 2.007268e-001 -2.237427e-001 9.537547e-001
      outer loop
         vertex -7.874630e+000 6.412367e+001 1.546902e+000
         vertex -4.603913e+000 6.655825e+001 1.438609e+000
         vertex -7.903416e+000 6.416405e+001 1.569591e+000
      endloop
   endfacet
   facet normal 5.261258e-001 -1.626816e-001 8.347014e-001
      outer loop
         vertex 7.166567e+000 7.668870e+001 1.170395e+000
         vertex 7.139689e+000 7.668821e+001 1.181462e+000
         vertex 6.989588e+000 7.558277e+001 1.048730e+000
      endloop
   endfacet
   facet normal 3.394201e-001 -4.018866e-001 8.504593e-001
      outer loop
         vertex 5.123169e+000 7.288225e+001 9.278187e-001
         vertex 5.130484e+000 7.286984e+001 9.212878e-001
         vertex 5.983227e+000 7.359841e+001 9.072315e-001
      endloop
   endfacet
   facet normal 1.942959e-001 -2.289152e-001 9.538590e-001
      outer loop
         vertex 5.086528e+000 7.294439e+001 9.605341e-001
         vertex 5.123169e+000 7.288225e+001 9.278187e-001
         vertex 5.760818e+000 7.348673e+001 9.414437e-001
      endloop
   endfacet
   facet normal 2.838201e-001 -3.059759e-001 9.087491e-001
      outer loop
         vertex 5.760818e+000 7.348673e+001 9.414437e-001
         vertex 5.123169e+000 7.288225e+001 9.278187e-001
         vertex 5.983227e+000 7.359841e+001 9.072315e-001
      endloop
   endfacet
   facet normal 2.331138e-001 -2.205252e-001 9.471149e-001
      outer loop
         vertex 5.760818e+000 7.348673e+001 9.414437e-001
         vertex 5.983227e+000 7.359841e+001 9.072315e-001
         vertex 5.900790e+000 7.366772e+001 9.473774e-001
      endloop
   endfacet
   facet normal 2.508277e-001 -1.942031e-001 9.483516e-001
      outer loop
         vertex 6.604367e+000 7.453226e+001 9.524739e-001
         vertex 6.504185e+000 7.457926e+001 9.919616e-001
         vertex 6.336310e+000 7.423085e+001 9.658403e-001
      endloop
   endfacet
   facet normal 2.509912e-001 -1.942513e-001 9.482984e-001
      outer loop
         vertex 6.504185e+000 7.457926e+001 9.919616e-001
         vertex 6.604367e+000 7.453226e+001 9.524739e-001
         vertex 6.741921e+000 7.507268e+001 1.028953e+000
      endloop
   endfacet
   facet normal 3.675294e-001 -2.178106e-001 9.041464e-001
      outer loop
         vertex 6.741921e+000 7.507268e+001 1.028953e+000
         vertex 6.604367e+000 7.453226e+001 9.524739e-001
         vertex 6.989588e+000 7.558277e+001 1.048730e+000
      endloop
   endfacet
   facet normal 2.607810e-001 -1.676132e-001 9.507360e-001
      outer loop
         vertex 6.741921e+000 7.507268e+001 1.028953e+000
         vertex 6.989588e+000 7.558277e+001 1.048730e+000
         vertex 6.878291e+000 7.560613e+001 1.086405e+000
      endloop
   endfacet
   facet normal 2.605985e-001 -1.675501e-001 9.507973e-001
      outer loop
         vertex 6.878291e+000 7.560613e+001 1.086405e+000
         vertex 6.989588e+000 7.558277e+001 1.048730e+000
         vertex 6.989219e+000 7.604006e+001 1.133138e+000
      endloop
   endfacet
   facet normal 3.805326e-001 -1.670491e-001 9.095545e-001
      outer loop
         vertex 6.989219e+000 7.604006e+001 1.133138e+000
         vertex 6.989588e+000 7.558277e+001 1.048730e+000
         vertex 7.139689e+000 7.668821e+001 1.181462e+000
      endloop
   endfacet
   facet normal 2.639287e-001 -1.434794e-001 9.538109e-001
      outer loop
         vertex 6.989219e+000 7.604006e+001 1.133138e+000
         vertex 7.139689e+000 7.668821e+001 1.181462e+000
         vertex 7.051893e+000 7.668658e+001 1.217611e+000
      endloop
   endfacet
   facet normal 9.475604e-001 -1.425169e-001 2.860389e-001
      outer loop
         vertex 7.106445e+000 7.557214e+001 8.847446e-001
         vertex 7.256673e+000 7.670506e+001 1.024666e+000
         vertex 7.244504e+000 7.669851e+001 1.076646e+000
      endloop
   endfacet
   facet normal 9.816355e-001 -1.244732e-001 1.445625e-001
      outer loop
         vertex 7.256673e+000 7.670506e+001 1.024666e+000
         vertex 7.106445e+000 7.557214e+001 8.847446e-001
         vertex 7.269542e+000 7.671198e+001 9.696962e-001
      endloop
   endfacet
   facet normal 9.849597e-001 -1.723746e-001 1.188881e-002
      outer loop
         vertex 7.269542e+000 7.671198e+001 9.696962e-001
         vertex 7.106445e+000 7.557214e+001 8.847446e-001
         vertex 7.037029e+000 7.561652e+001 8.058324e-001
      endloop
   endfacet
   facet normal 9.900376e-001 -9.357473e-002 -1.052109e-001
      outer loop
         vertex 7.269542e+000 7.671198e+001 9.696962e-001
         vertex 7.037029e+000 7.561652e+001 8.058324e-001
         vertex 7.266977e+000 7.671712e+001 9.317998e-001
      endloop
   endfacet
   facet normal 8.905335e-001 -2.045405e-001 4.063413e-001
      outer loop
         vertex 7.244504e+000 7.669851e+001 1.076646e+000
         vertex 7.064304e+000 7.557217e+001 9.786875e-001
         vertex 7.106445e+000 7.557214e+001 8.847446e-001
      endloop
   endfacet
   facet normal 8.352339e-001 -3.098464e-001 4.542901e-001
      outer loop
         vertex 7.106445e+000 7.557214e+001 8.847446e-001
         vertex 7.064304e+000 7.557217e+001 9.786875e-001
         vertex 6.672341e+000 7.450332e+001 8.807536e-001
      endloop
   endfacet
   facet normal 8.679103e-001 -3.779165e-001 3.223518e-001
      outer loop
         vertex 7.106445e+000 7.557214e+001 8.847446e-001
         vertex 6.672341e+000 7.450332e+001 8.807536e-001
         vertex 6.710055e+000 7.449125e+001 7.857087e-001
      endloop
   endfacet
   facet normal 7.536547e-001 -6.528326e-001 -7.625014e-002
      outer loop
         vertex 6.068756e+000 7.352731e+001 7.390293e-001
         vertex 6.063996e+000 7.353197e+001 6.450147e-001
         vertex 6.067604e+000 7.353788e+001 6.453473e-001
      endloop
   endfacet
   facet normal 6.475468e-001 -6.960936e-001 3.100596e-001
      outer loop
         vertex 5.180006e+000 7.277506e+001 7.560220e-001
         vertex 6.068756e+000 7.352731e+001 7.390293e-001
         vertex 6.039034e+000 7.355132e+001 8.346438e-001
      endloop
   endfacet
   facet normal 6.866758e-001 -7.250497e-001 5.271780e-002
      outer loop
         vertex 6.068756e+000 7.352731e+001 7.390293e-001
         vertex 5.180006e+000 7.277506e+001 7.560220e-001
         vertex 6.063996e+000 7.353197e+001 6.450147e-001
      endloop
   endfacet
   facet normal 6.123360e-001 -7.899345e-001 3.237395e-002
      outer loop
         vertex 6.063996e+000 7.353197e+001 6.450147e-001
         vertex 5.180006e+000 7.277506e+001 7.560220e-001
         vertex 5.180985e+000 7.277209e+001 7.404002e-001
      endloop
   endfacet
   facet normal 6.824884e-001 -7.244498e-001 -9.686082e-002
      outer loop
         vertex 6.063996e+000 7.353197e+001 6.450147e-001
         vertex 5.180985e+000 7.277209e+001 7.404002e-001
         vertex 6.047372e+000 7.350475e+001 6.434822e-001
      endloop
   endfacet
   facet normal 6.067687e-001 -7.936525e-001 -4.412938e-002
      outer loop
         vertex 6.047372e+000 7.350475e+001 6.434822e-001
         vertex 5.180985e+000 7.277209e+001 7.404002e-001
         vertex 5.183497e+000 7.276446e+001 7.003248e-001
      endloop
   endfacet
   facet normal 5.970585e-001 -7.883082e-001 -1.486316e-001
      outer loop
         vertex 6.047372e+000 7.350475e+001 6.434822e-001
         vertex 5.183497e+000 7.276446e+001 7.003248e-001
         vertex 5.179560e+000 7.276743e+001 6.623620e-001
      endloop
   endfacet
   facet normal 8.943640e-001 -4.424197e-001 -6.616580e-002
      outer loop
         vertex 6.669182e+000 7.452277e+001 7.008047e-001
         vertex 6.676430e+000 7.453462e+001 7.014728e-001
         vertex 6.710055e+000 7.449125e+001 7.857087e-001
      endloop
   endfacet
   facet normal 9.063663e-001 -4.175836e-001 -6.421947e-002
      outer loop
         vertex 6.710055e+000 7.449125e+001 7.857087e-001
         vertex 6.676430e+000 7.453462e+001 7.014728e-001
         vertex 6.880940e+000 7.486945e+001 7.203258e-001
      endloop
   endfacet
   facet normal 9.303635e-001 -3.601221e-001 6.881642e-002
      outer loop
         vertex 6.710055e+000 7.449125e+001 7.857087e-001
         vertex 6.880940e+000 7.486945e+001 7.203258e-001
         vertex 7.106445e+000 7.557214e+001 8.847446e-001
      endloop
   endfacet
   facet normal 9.587478e-001 -2.795325e-001 -5.161607e-002
      outer loop
         vertex 7.106445e+000 7.557214e+001 8.847446e-001
         vertex 6.880940e+000 7.486945e+001 7.203258e-001
         vertex 7.032783e+000 7.559621e+001 8.035067e-001
      endloop
   endfacet
   facet normal 9.719433e-001 -2.305248e-001 -4.674000e-002
      outer loop
         vertex 7.106445e+000 7.557214e+001 8.847446e-001
         vertex 7.032783e+000 7.559621e+001 8.035067e-001
         vertex 7.037029e+000 7.561652e+001 8.058324e-001
      endloop
   endfacet
   facet normal 5.031258e-001 -6.201313e-001 6.019149e-001
      outer loop
         vertex 5.140025e+000 7.285366e+001 9.127693e-001
         vertex 5.176021e+000 7.278703e+001 8.179139e-001
         vertex 6.039034e+000 7.355132e+001 8.346438e-001
      endloop
   endfacet
   facet normal 5.428541e-001 -6.986430e-001 4.660550e-001
      outer loop
         vertex 6.039034e+000 7.355132e+001 8.346438e-001
         vertex 5.176021e+000 7.278703e+001 8.179139e-001
         vertex 5.176147e+000 7.278680e+001 8.175814e-001
      endloop
   endfacet
   facet normal 5.597040e-001 -7.309333e-001 3.904714e-001
      outer loop
         vertex 6.039034e+000 7.355132e+001 8.346438e-001
         vertex 5.176147e+000 7.278680e+001 8.175814e-001
         vertex 5.180006e+000 7.277506e+001 7.560220e-001
      endloop
   endfacet
   facet normal 3.596066e-001 -4.367534e-001 8.245784e-001
      outer loop
         vertex 5.130484e+000 7.286984e+001 9.212878e-001
         vertex 5.140025e+000 7.285366e+001 9.127693e-001
         vertex 5.983227e+000 7.359841e+001 9.072315e-001
      endloop
   endfacet
   facet normal 4.690679e-001 -4.819570e-001 7.400627e-001
      outer loop
         vertex 5.983227e+000 7.359841e+001 9.072315e-001
         vertex 5.140025e+000 7.285366e+001 9.127693e-001
         vertex 6.039034e+000 7.355132e+001 8.346438e-001
      endloop
   endfacet
   facet normal 5.973015e-001 -4.510576e-001 6.631576e-001
      outer loop
         vertex 5.983227e+000 7.359841e+001 9.072315e-001
         vertex 6.039034e+000 7.355132e+001 8.346438e-001
         vertex 6.672341e+000 7.450332e+001 8.807536e-001
      endloop
   endfacet
   facet normal 7.130894e-001 -5.472901e-001 4.381519e-001
      outer loop
         vertex 6.672341e+000 7.450332e+001 8.807536e-001
         vertex 6.039034e+000 7.355132e+001 8.346438e-001
         vertex 6.068756e+000 7.352731e+001 7.390293e-001
      endloop
   endfacet
   facet normal 7.990053e-001 -5.132508e-001 3.133117e-001
      outer loop
         vertex 6.672341e+000 7.450332e+001 8.807536e-001
         vertex 6.068756e+000 7.352731e+001 7.390293e-001
         vertex 6.710055e+000 7.449125e+001 7.857087e-001
      endloop
   endfacet
   facet normal 8.036122e-001 -5.926828e-001 5.417140e-002
      outer loop
         vertex 6.710055e+000 7.449125e+001 7.857087e-001
         vertex 6.068756e+000 7.352731e+001 7.390293e-001
         vertex 6.067604e+000 7.353788e+001 6.453473e-001
      endloop
   endfacet
   facet normal 8.522330e-001 -5.184369e-001 -7.015677e-002
      outer loop
         vertex 6.710055e+000 7.449125e+001 7.857087e-001
         vertex 6.067604e+000 7.353788e+001 6.453473e-001
         vertex 6.669182e+000 7.452277e+001 7.008047e-001
      endloop
   endfacet
   facet normal 7.749449e-001 -1.656945e-001 6.099226e-001
      outer loop
         vertex 7.244504e+000 7.669851e+001 1.076646e+000
         vertex 7.166567e+000 7.668870e+001 1.170395e+000
         vertex 7.064304e+000 7.557217e+001 9.786875e-001
      endloop
   endfacet
   facet normal 6.297017e-001 -2.030626e-001 7.498276e-001
      outer loop
         vertex 7.064304e+000 7.557217e+001 9.786875e-001
         vertex 7.166567e+000 7.668870e+001 1.170395e+000
         vertex 6.989588e+000 7.558277e+001 1.048730e+000
      endloop
   endfacet
   facet normal 6.775061e-001 -2.953400e-001 6.736170e-001
      outer loop
         vertex 7.064304e+000 7.557217e+001 9.786875e-001
         vertex 6.989588e+000 7.558277e+001 1.048730e+000
         vertex 6.672341e+000 7.450332e+001 8.807536e-001
      endloop
   endfacet
   facet normal 5.668380e-001 -3.076077e-001 7.642462e-001
      outer loop
         vertex 6.672341e+000 7.450332e+001 8.807536e-001
         vertex 6.989588e+000 7.558277e+001 1.048730e+000
         vertex 6.604367e+000 7.453226e+001 9.524739e-001
      endloop
   endfacet
   facet normal 5.394515e-001 -3.608753e-001 7.607635e-001
      outer loop
         vertex 6.672341e+000 7.450332e+001 8.807536e-001
         vertex 6.604367e+000 7.453226e+001 9.524739e-001
         vertex 5.983227e+000 7.359841e+001 9.072315e-001
      endloop
   endfacet
   facet normal 3.399646e-001 -2.707678e-001 9.006158e-001
      outer loop
         vertex 5.983227e+000 7.359841e+001 9.072315e-001
         vertex 6.604367e+000 7.453226e+001 9.524739e-001
         vertex 6.336310e+000 7.423085e+001 9.658403e-001
      endloop
   endfacet
   facet normal 2.331161e-001 -2.205177e-001 9.471161e-001
      outer loop
         vertex 5.983227e+000 7.359841e+001 9.072315e-001
         vertex 6.336310e+000 7.423085e+001 9.658403e-001
         vertex 5.900790e+000 7.366772e+001 9.473774e-001
      endloop
   endfacet
   facet normal 8.417345e-001 -5.350753e-001 -7.195475e-002
      outer loop
         vertex 9.477241e+000 8.378388e+001 1.634449e+000
         vertex 9.538626e+000 8.386697e+001 1.637591e+000
         vertex 9.495369e+000 8.389349e+001 1.743064e+000
      endloop
   endfacet
   facet normal 6.868113e-001 -2.682517e-001 6.755230e-001
      outer loop
         vertex 7.449101e+000 7.922189e+001 1.508764e+000
         vertex 7.524397e+000 7.921381e+001 1.439000e+000
         vertex 8.278188e+000 8.164712e+001 1.681998e+000
      endloop
   endfacet
   facet normal 7.679501e-001 -4.646252e-001 4.408810e-001
      outer loop
         vertex 9.495369e+000 8.389349e+001 1.743064e+000
         vertex 9.460694e+000 8.391089e+001 1.838440e+000
         vertex 8.278188e+000 8.164712e+001 1.681998e+000
      endloop
   endfacet
   facet normal 9.832072e-001 -1.090051e-001 1.463614e-001
      outer loop
         vertex 7.566919e+000 7.921542e+001 1.345241e+000
         vertex 7.256673e+000 7.670506e+001 1.024666e+000
         vertex 7.269542e+000 7.671198e+001 9.696962e-001
      endloop
   endfacet
   facet normal 9.852384e-001 -1.666281e-001 -3.924752e-002
      outer loop
         vertex 7.642601e+000 7.917670e+001 1.233310e+000
         vertex 7.566919e+000 7.921542e+001 1.345241e+000
         vertex 7.334122e+000 7.771387e+001 1.066298e+000
      endloop
   endfacet
   facet normal 9.931718e-001 -1.151520e-001 1.870430e-002
      outer loop
         vertex 7.334122e+000 7.771387e+001 1.066298e+000
         vertex 7.566919e+000 7.921542e+001 1.345241e+000
         vertex 7.269542e+000 7.671198e+001 9.696962e-001
      endloop
   endfacet
   facet normal 9.942224e-001 -4.242146e-002 -9.860129e-002
      outer loop
         vertex 7.334122e+000 7.771387e+001 1.066298e+000
         vertex 7.269542e+000 7.671198e+001 9.696962e-001
         vertex 7.266977e+000 7.671712e+001 9.317998e-001
      endloop
   endfacet
   facet normal 2.613059e-001 -1.639785e-001 9.512257e-001
      outer loop
         vertex 7.449101e+000 7.922189e+001 1.508764e+000
         vertex 7.387616e+000 7.923154e+001 1.537248e+000
         vertex 7.219392e+000 7.846847e+001 1.451183e+000
      endloop
   endfacet
   facet normal 7.763804e-001 -1.543242e-001 6.110791e-001
      outer loop
         vertex 7.244504e+000 7.669851e+001 1.076646e+000
         vertex 7.524397e+000 7.921381e+001 1.439000e+000
         vertex 7.166567e+000 7.668870e+001 1.170395e+000
      endloop
   endfacet
   facet normal 6.319885e-001 -1.910481e-001 7.510601e-001
      outer loop
         vertex 7.166567e+000 7.668870e+001 1.170395e+000
         vertex 7.524397e+000 7.921381e+001 1.439000e+000
         vertex 7.449101e+000 7.922189e+001 1.508764e+000
      endloop
   endfacet
   facet normal 5.269672e-001 -1.563496e-001 8.353804e-001
      outer loop
         vertex 7.166567e+000 7.668870e+001 1.170395e+000
         vertex 7.449101e+000 7.922189e+001 1.508764e+000
         vertex 7.139688e+000 7.668821e+001 1.181462e+000
      endloop
   endfacet
   facet normal 3.813599e-001 -1.622414e-001 9.100782e-001
      outer loop
         vertex 7.139688e+000 7.668821e+001 1.181462e+000
         vertex 7.449101e+000 7.922189e+001 1.508764e+000
         vertex 7.219392e+000 7.846847e+001 1.451183e+000
      endloop
   endfacet
   facet normal 2.639773e-001 -1.422333e-001 9.539841e-001
      outer loop
         vertex 7.139688e+000 7.668821e+001 1.181462e+000
         vertex 7.219392e+000 7.846847e+001 1.451183e+000
         vertex 7.051893e+000 7.668658e+001 1.217611e+000
      endloop
   endfacet
   facet normal 2.288461e-001 -2.140781e-001 9.496316e-001
      outer loop
         vertex 1.018984e+001 8.519926e+001 1.995229e+000
         vertex 9.893948e+000 8.481720e+001 1.982773e+000
         vertex 1.045331e+001 8.539401e+001 1.964386e+000
      endloop
   endfacet
   facet normal 3.290022e-001 -2.761813e-001 9.030401e-001
      outer loop
         vertex 1.045331e+001 8.539401e+001 1.964386e+000
         vertex 9.893948e+000 8.481720e+001 1.982773e+000
         vertex 9.397346e+000 8.394794e+001 1.910666e+000
      endloop
   endfacet
   facet normal 4.131198e-001 -3.459886e-001 8.423917e-001
      outer loop
         vertex 1.045331e+001 8.539401e+001 1.964386e+000
         vertex 9.397346e+000 8.394794e+001 1.910666e+000
         vertex 1.047990e+001 8.541367e+001 1.961273e+000
      endloop
   endfacet
   facet normal 7.558457e-001 -6.254522e-001 1.936670e-001
      outer loop
         vertex 1.100274e+001 8.583824e+001 1.807628e+000
         vertex 1.098203e+001 8.582076e+001 1.817588e+000
         vertex 9.495369e+000 8.389349e+001 1.743064e+000
      endloop
   endfacet
   facet normal 7.473862e-001 -6.149718e-001 2.514429e-001
      outer loop
         vertex 9.495369e+000 8.389349e+001 1.743064e+000
         vertex 1.098203e+001 8.582076e+001 1.817588e+000
         vertex 1.091645e+001 8.576540e+001 1.849123e+000
      endloop
   endfacet
   facet normal 7.303190e-001 -5.957202e-001 3.342928e-001
      outer loop
         vertex 9.495369e+000 8.389349e+001 1.743064e+000
         vertex 1.091645e+001 8.576540e+001 1.849123e+000
         vertex 1.085668e+001 8.571494e+001 1.877870e+000
      endloop
   endfacet
   facet normal 7.160888e-001 -5.801094e-001 3.881881e-001
      outer loop
         vertex 1.085668e+001 8.571494e+001 1.877870e+000
         vertex 1.081896e+001 8.568427e+001 1.887121e+000
         vertex 9.495369e+000 8.389349e+001 1.743064e+000
      endloop
   endfacet
   facet normal 7.067299e-001 -5.696571e-001 4.195515e-001
      outer loop
         vertex 9.495369e+000 8.389349e+001 1.743064e+000
         vertex 1.081896e+001 8.568427e+001 1.887121e+000
         vertex 1.078160e+001 8.565387e+001 1.896286e+000
      endloop
   endfacet
   facet normal 7.241362e-001 -5.336455e-001 4.368631e-001
      outer loop
         vertex 9.495369e+000 8.389349e+001 1.743064e+000
         vertex 1.078160e+001 8.565387e+001 1.896286e+000
         vertex 9.460694e+000 8.391089e+001 1.838440e+000
      endloop
   endfacet
   facet normal 6.309471e-001 -5.186192e-001 5.770094e-001
      outer loop
         vertex 9.460694e+000 8.391089e+001 1.838440e+000
         vertex 1.078160e+001 8.565387e+001 1.896286e+000
         vertex 1.071329e+001 8.559830e+001 1.913043e+000
      endloop
   endfacet
   facet normal 5.846049e-001 -4.740654e-001 6.584065e-001
      outer loop
         vertex 9.460694e+000 8.391089e+001 1.838440e+000
         vertex 1.071329e+001 8.559830e+001 1.913043e+000
         vertex 1.055024e+001 8.546567e+001 1.953038e+000
      endloop
   endfacet
   facet normal 7.335165e-001 -6.794375e-001 -1.783987e-002
      outer loop
         vertex 1.100189e+001 8.583235e+001 1.742387e+000
         vertex 1.102052e+001 8.585136e+001 1.763659e+000
         vertex 1.102077e+001 8.585178e+001 1.766756e+000
      endloop
   endfacet
   facet normal 7.319766e-001 -6.796401e-001 4.795453e-002
      outer loop
         vertex 1.102151e+001 8.585297e+001 1.775884e+000
         vertex 1.102020e+001 8.585209e+001 1.780473e+000
         vertex 1.102077e+001 8.585178e+001 1.766756e+000
      endloop
   endfacet
   facet normal 7.723675e-001 -6.341758e-001 -3.562844e-002
      outer loop
         vertex 1.102077e+001 8.585178e+001 1.766756e+000
         vertex 1.102020e+001 8.585209e+001 1.780473e+000
         vertex 9.538626e+000 8.386697e+001 1.637591e+000
      endloop
   endfacet
   facet normal 7.706793e-001 -6.314431e-001 -8.563364e-002
      outer loop
         vertex 1.102077e+001 8.585178e+001 1.766756e+000
         vertex 9.538626e+000 8.386697e+001 1.637591e+000
         vertex 1.100189e+001 8.583235e+001 1.742387e+000
      endloop
   endfacet
   facet normal 7.331765e-001 -6.789548e-001 -3.837267e-002
      outer loop
         vertex 1.101256e+001 8.584339e+001 1.747404e+000
         vertex 1.102052e+001 8.585136e+001 1.763659e+000
         vertex 1.101101e+001 8.584196e+001 1.746124e+000
      endloop
   endfacet
   facet normal 7.332623e-001 -6.784679e-001 -4.480878e-002
      outer loop
         vertex 1.101101e+001 8.584196e+001 1.746124e+000
         vertex 1.102052e+001 8.585136e+001 1.763659e+000
         vertex 1.100189e+001 8.583235e+001 1.742387e+000
      endloop
   endfacet
   facet normal 7.315315e-001 -6.745472e-001 -9.923568e-002
      outer loop
         vertex 1.101101e+001 8.584196e+001 1.746124e+000
         vertex 1.100189e+001 8.583235e+001 1.742387e+000
         vertex 1.098170e+001 8.581478e+001 1.721898e+000
      endloop
   endfacet
   facet normal 7.667103e-001 -6.256101e-001 -1.441088e-001
      outer loop
         vertex 1.098170e+001 8.581478e+001 1.721898e+000
         vertex 1.100189e+001 8.583235e+001 1.742387e+000
         vertex 9.538626e+000 8.386697e+001 1.637591e+000
      endloop
   endfacet
   facet normal 7.625242e-001 -6.199113e-001 -1.851130e-001
      outer loop
         vertex 1.098170e+001 8.581478e+001 1.721898e+000
         vertex 9.538626e+000 8.386697e+001 1.637591e+000
         vertex 1.096823e+001 8.580228e+001 1.710759e+000
      endloop
   endfacet
   facet normal 7.728036e-001 -6.346049e-001 -7.152664e-003
      outer loop
         vertex 1.102020e+001 8.585209e+001 1.780473e+000
         vertex 1.101799e+001 8.585059e+001 1.788207e+000
         vertex 9.538626e+000 8.386697e+001 1.637591e+000
      endloop
   endfacet
   facet normal 7.728748e-001 -6.342890e-001 1.849096e-002
      outer loop
         vertex 9.538626e+000 8.386697e+001 1.637591e+000
         vertex 1.101799e+001 8.585059e+001 1.788207e+000
         vertex 1.100906e+001 8.584336e+001 1.799583e+000
      endloop
   endfacet
   facet normal 8.068390e-001 -5.891027e-001 4.437221e-002
      outer loop
         vertex 9.538626e+000 8.386697e+001 1.637591e+000
         vertex 1.100906e+001 8.584336e+001 1.799583e+000
         vertex 9.495369e+000 8.389349e+001 1.743064e+000
      endloop
   endfacet
   facet normal 7.590061e-001 -6.291755e-001 1.674749e-001
      outer loop
         vertex 9.495369e+000 8.389349e+001 1.743064e+000
         vertex 1.100906e+001 8.584336e+001 1.799583e+000
         vertex 1.100378e+001 8.583909e+001 1.806301e+000
      endloop
   endfacet
   facet normal 7.576922e-001 -6.278394e-001 1.781015e-001
      outer loop
         vertex 9.495369e+000 8.389349e+001 1.743064e+000
         vertex 1.100378e+001 8.583909e+001 1.806301e+000
         vertex 1.100274e+001 8.583824e+001 1.807628e+000
      endloop
   endfacet
   facet normal 9.782856e-001 -2.026208e-001 -4.361278e-002
      outer loop
         vertex 7.642601e+000 7.917670e+001 1.233310e+000
         vertex 7.649684e+000 7.921027e+001 1.237144e+000
         vertex 7.566919e+000 7.921542e+001 1.345241e+000
      endloop
   endfacet
   facet normal 9.700618e-001 -2.381856e-001 -4.741052e-002
      outer loop
         vertex 7.566919e+000 7.921542e+001 1.345241e+000
         vertex 7.649684e+000 7.921027e+001 1.237144e+000
         vertex 7.952256e+000 8.064507e+001 1.400957e+000
      endloop
   endfacet
   facet normal 9.490041e-001 -3.065821e-001 7.347573e-002
      outer loop
         vertex 7.566919e+000 7.921542e+001 1.345241e+000
         vertex 7.952256e+000 8.064507e+001 1.400957e+000
         vertex 8.317661e+000 8.163892e+001 1.587258e+000
      endloop
   endfacet
   facet normal 2.546026e-001 -1.856302e-001 9.490622e-001
      outer loop
         vertex 8.207535e+000 8.167018e+001 1.753255e+000
         vertex 8.133361e+000 8.169845e+001 1.786270e+000
         vertex 7.599603e+000 8.019313e+001 1.645702e+000
      endloop
   endfacet
   facet normal 2.439956e-001 -2.059183e-001 9.476623e-001
      outer loop
         vertex 9.893948e+000 8.481720e+001 1.982773e+000
         vertex 9.341775e+000 8.398176e+001 1.941788e+000
         vertex 9.397346e+000 8.394794e+001 1.910666e+000
      endloop
   endfacet
   facet normal 2.439928e-001 -2.059223e-001 9.476621e-001
      outer loop
         vertex 9.397346e+000 8.394794e+001 1.910666e+000
         vertex 9.341775e+000 8.398176e+001 1.941788e+000
         vertex 8.978330e+000 8.343186e+001 1.914812e+000
      endloop
   endfacet
   facet normal 3.546790e-001 -2.476079e-001 9.016059e-001
      outer loop
         vertex 9.397346e+000 8.394794e+001 1.910666e+000
         vertex 8.978330e+000 8.343186e+001 1.914812e+000
         vertex 8.207535e+000 8.167018e+001 1.753255e+000
      endloop
   endfacet
   facet normal 2.546022e-001 -1.856311e-001 9.490621e-001
      outer loop
         vertex 8.207535e+000 8.167018e+001 1.753255e+000
         vertex 8.978330e+000 8.343186e+001 1.914812e+000
         vertex 8.188724e+000 8.185458e+001 1.800850e+000
      endloop
   endfacet
   facet normal 2.546027e-001 -1.856301e-001 9.490622e-001
      outer loop
         vertex 8.207535e+000 8.167018e+001 1.753255e+000
         vertex 8.188724e+000 8.185458e+001 1.800850e+000
         vertex 8.133361e+000 8.169845e+001 1.786270e+000
      endloop
   endfacet
   facet normal 9.349182e-001 -3.499933e-001 -5.858866e-002
      outer loop
         vertex 7.952256e+000 8.064507e+001 1.400957e+000
         vertex 8.360099e+000 8.155370e+001 1.473412e+000
         vertex 8.317661e+000 8.163892e+001 1.587258e+000
      endloop
   endfacet
   facet normal 9.253777e-001 -3.741415e-001 -6.077977e-002
      outer loop
         vertex 8.317661e+000 8.163892e+001 1.587258e+000
         vertex 8.360099e+000 8.155370e+001 1.473412e+000
         vertex 8.388291e+000 8.161651e+001 1.478421e+000
      endloop
   endfacet
   facet normal 9.056281e-001 -4.191907e-001 -6.416208e-002
      outer loop
         vertex 8.317661e+000 8.163892e+001 1.587258e+000
         vertex 8.388291e+000 8.161651e+001 1.478421e+000
         vertex 9.181309e+000 8.338326e+001 1.619303e+000
      endloop
   endfacet
   facet normal 9.002861e-001 -1.308086e-001 4.151794e-001
      outer loop
         vertex 7.244504e+000 7.669851e+001 1.076646e+000
         vertex 7.256673e+000 7.670506e+001 1.024666e+000
         vertex 7.524397e+000 7.921381e+001 1.439000e+000
      endloop
   endfacet
   facet normal 9.225081e-001 -1.780572e-001 3.424537e-001
      outer loop
         vertex 7.524397e+000 7.921381e+001 1.439000e+000
         vertex 7.256673e+000 7.670506e+001 1.024666e+000
         vertex 7.566919e+000 7.921542e+001 1.345241e+000
      endloop
   endfacet
   facet normal 8.452975e-001 -2.771527e-001 4.567916e-001
      outer loop
         vertex 7.524397e+000 7.921381e+001 1.439000e+000
         vertex 7.566919e+000 7.921542e+001 1.345241e+000
         vertex 8.278188e+000 8.164712e+001 1.681998e+000
      endloop
   endfacet
   facet normal 8.859032e-001 -3.301810e-001 3.258156e-001
      outer loop
         vertex 8.278188e+000 8.164712e+001 1.681998e+000
         vertex 7.566919e+000 7.921542e+001 1.345241e+000
         vertex 8.317661e+000 8.163892e+001 1.587258e+000
      endloop
   endfacet
   facet normal 8.419604e-001 -4.367549e-001 3.167772e-001
      outer loop
         vertex 8.278188e+000 8.164712e+001 1.681998e+000
         vertex 8.317661e+000 8.163892e+001 1.587258e+000
         vertex 9.495369e+000 8.389349e+001 1.743064e+000
      endloop
   endfacet
   facet normal 8.752810e-001 -4.799871e-001 5.912228e-002
      outer loop
         vertex 9.495369e+000 8.389349e+001 1.743064e+000
         vertex 8.317661e+000 8.163892e+001 1.587258e+000
         vertex 9.181309e+000 8.338326e+001 1.619303e+000
      endloop
   endfacet
   facet normal 8.496225e-001 -5.225546e-001 -7.126247e-002
      outer loop
         vertex 9.495369e+000 8.389349e+001 1.743064e+000
         vertex 9.181309e+000 8.338326e+001 1.619303e+000
         vertex 9.477241e+000 8.378388e+001 1.634449e+000
      endloop
   endfacet
   facet normal 5.291390e-001 -4.229810e-001 7.355943e-001
      outer loop
         vertex 1.055024e+001 8.546567e+001 1.953038e+000
         vertex 1.047990e+001 8.541367e+001 1.961273e+000
         vertex 9.460694e+000 8.391089e+001 1.838440e+000
      endloop
   endfacet
   facet normal 5.204425e-001 -3.935094e-001 7.578191e-001
      outer loop
         vertex 9.460694e+000 8.391089e+001 1.838440e+000
         vertex 1.047990e+001 8.541367e+001 1.961273e+000
         vertex 9.397346e+000 8.394794e+001 1.910666e+000
      endloop
   endfacet
   facet normal 6.360406e-001 -3.912975e-001 6.650854e-001
      outer loop
         vertex 9.460694e+000 8.391089e+001 1.838440e+000
         vertex 9.397346e+000 8.394794e+001 1.910666e+000
         vertex 8.278188e+000 8.164712e+001 1.681998e+000
      endloop
   endfacet
   facet normal 5.614328e-001 -3.210433e-001 7.627085e-001
      outer loop
         vertex 8.278188e+000 8.164712e+001 1.681998e+000
         vertex 9.397346e+000 8.394794e+001 1.910666e+000
         vertex 8.207535e+000 8.167018e+001 1.753255e+000
      endloop
   endfacet
   facet normal 5.788004e-001 -2.789475e-001 7.662756e-001
      outer loop
         vertex 8.278188e+000 8.164712e+001 1.681998e+000
         vertex 8.207535e+000 8.167018e+001 1.753255e+000
         vertex 7.449101e+000 7.922189e+001 1.508764e+000
      endloop
   endfacet
   facet normal 3.719954e-001 -2.056518e-001 9.051667e-001
      outer loop
         vertex 7.449101e+000 7.922189e+001 1.508764e+000
         vertex 8.207535e+000 8.167018e+001 1.753255e+000
         vertex 7.599603e+000 8.019313e+001 1.645702e+000
      endloop
   endfacet
   facet normal 2.613060e-001 -1.639783e-001 9.512257e-001
      outer loop
         vertex 7.449101e+000 7.922189e+001 1.508764e+000
         vertex 7.599603e+000 8.019313e+001 1.645702e+000
         vertex 7.387616e+000 7.923154e+001 1.537248e+000
      endloop
   endfacet
   facet normal 4.119421e-001 -1.618705e-001 -8.967172e-001
      outer loop
         vertex 9.274075e+000 8.392661e+001 1.443572e+000
         vertex 9.353796e+000 8.387408e+001 1.482136e+000
         vertex 8.201091e+000 8.163394e+001 1.324808e+000
      endloop
   endfacet
   facet normal 6.740140e-001 -1.027303e-001 -7.315406e-001
      outer loop
         vertex 7.533309e+000 7.920829e+001 1.158317e+000
         vertex 7.466360e+000 7.923093e+001 1.083437e+000
         vertex 8.201091e+000 8.163394e+001 1.324808e+000
      endloop
   endfacet
   facet normal 7.581428e-001 -6.122792e-001 -2.243514e-001
      outer loop
         vertex 1.091181e+001 8.575377e+001 1.692473e+000
         vertex 1.096823e+001 8.580228e+001 1.710759e+000
         vertex 9.538626e+000 8.386697e+001 1.637591e+000
      endloop
   endfacet
   facet normal 4.528570e-001 8.666373e-002 -8.873612e-001
      outer loop
         vertex 7.204394e+000 7.673763e+001 7.995418e-001
         vertex 7.103135e+000 7.675051e+001 7.321595e-001
         vertex 7.374994e+000 7.925484e+001 1.042417e+000
      endloop
   endfacet
   facet normal 2.675391e-001 1.034461e-001 -9.579780e-001
      outer loop
         vertex 7.374994e+000 7.925484e+001 1.042417e+000
         vertex 7.103135e+000 7.675051e+001 7.321595e-001
         vertex 7.074243e+000 7.675194e+001 7.292972e-001
      endloop
   endfacet
   facet normal 1.068026e-001 1.126778e-001 -9.878749e-001
      outer loop
         vertex 7.374994e+000 7.925484e+001 1.042417e+000
         vertex 7.074243e+000 7.675194e+001 7.292972e-001
         vertex 7.152665e+000 7.857354e+001 9.578197e-001
      endloop
   endfacet
   facet normal 1.103312e-001 1.340625e-001 -9.848118e-001
      outer loop
         vertex 7.152665e+000 7.857354e+001 9.578197e-001
         vertex 7.074243e+000 7.675194e+001 7.292972e-001
         vertex 7.074231e+000 7.675194e+001 7.292961e-001
      endloop
   endfacet
   facet normal -1.638866e-002 1.390326e-001 -9.901522e-001
      outer loop
         vertex 7.152665e+000 7.857354e+001 9.578197e-001
         vertex 7.074231e+000 7.675194e+001 7.292961e-001
         vertex 6.979856e+000 7.675663e+001 7.199468e-001
      endloop
   endfacet
   facet normal 9.431039e-001 -1.665299e-001 -2.877896e-001
      outer loop
         vertex 7.649684e+000 7.921027e+001 1.237144e+000
         vertex 7.642601e+000 7.917670e+001 1.233310e+000
         vertex 7.533309e+000 7.920829e+001 1.158317e+000
      endloop
   endfacet
   facet normal 9.499854e-001 -1.304806e-001 -2.837296e-001
      outer loop
         vertex 7.533309e+000 7.920829e+001 1.158317e+000
         vertex 7.642601e+000 7.917670e+001 1.233310e+000
         vertex 7.334122e+000 7.771387e+001 1.066298e+000
      endloop
   endfacet
   facet normal 7.425603e-001 -5.083613e-001 -4.360881e-001
      outer loop
         vertex 9.413096e+000 8.383263e+001 1.555404e+000
         vertex 1.069769e+001 8.556965e+001 1.623081e+000
         vertex 9.538626e+000 8.386697e+001 1.637591e+000
      endloop
   endfacet
   facet normal 7.315698e-001 -5.718269e-001 -3.712408e-001
      outer loop
         vertex 9.538626e+000 8.386697e+001 1.637591e+000
         vertex 1.069769e+001 8.556965e+001 1.623081e+000
         vertex 1.085098e+001 8.570146e+001 1.672762e+000
      endloop
   endfacet
   facet normal 7.507896e-001 -5.998510e-001 -2.765750e-001
      outer loop
         vertex 9.538626e+000 8.386697e+001 1.637591e+000
         vertex 1.085098e+001 8.570146e+001 1.672762e+000
         vertex 1.091181e+001 8.575377e+001 1.692473e+000
      endloop
   endfacet
   facet normal 5.540599e-001 -3.899765e-001 -7.354835e-001
      outer loop
         vertex 1.042411e+001 8.534558e+001 1.550269e+000
         vertex 1.046474e+001 8.537446e+001 1.554849e+000
         vertex 9.413096e+000 8.383263e+001 1.555404e+000
      endloop
   endfacet
   facet normal 5.735798e-001 -4.092456e-001 -7.095944e-001
      outer loop
         vertex 1.046474e+001 8.537446e+001 1.554849e+000
         vertex 1.049910e+001 8.539888e+001 1.558722e+000
         vertex 9.413096e+000 8.383263e+001 1.555404e+000
      endloop
   endfacet
   facet normal 6.172562e-001 -4.547358e-001 -6.420360e-001
      outer loop
         vertex 9.413096e+000 8.383263e+001 1.555404e+000
         vertex 1.049910e+001 8.539888e+001 1.558722e+000
         vertex 1.066096e+001 8.553807e+001 1.611178e+000
      endloop
   endfacet
   facet normal 6.582593e-001 -4.989645e-001 -5.636746e-001
      outer loop
         vertex 9.413096e+000 8.383263e+001 1.555404e+000
         vertex 1.066096e+001 8.553807e+001 1.611178e+000
         vertex 1.069769e+001 8.556965e+001 1.623081e+000
      endloop
   endfacet
   facet normal -3.678609e-002 7.615359e-002 -9.964173e-001
      outer loop
         vertex 9.213421e+000 8.396460e+001 1.439659e+000
         vertex 9.867881e+000 8.495021e+001 1.487572e+000
         vertex 9.274075e+000 8.392661e+001 1.443572e+000
      endloop
   endfacet
   facet normal -1.307681e-002 5.805745e-002 -9.982276e-001
      outer loop
         vertex 9.274075e+000 8.392661e+001 1.443572e+000
         vertex 9.867881e+000 8.495021e+001 1.487572e+000
         vertex 9.931333e+000 8.499531e+001 1.494724e+000
      endloop
   endfacet
   facet normal 3.459228e-001 -2.186501e-001 -9.124305e-001
      outer loop
         vertex 1.034220e+001 8.528735e+001 1.541036e+000
         vertex 9.353796e+000 8.387408e+001 1.482136e+000
         vertex 1.014568e+001 8.514767e+001 1.518884e+000
      endloop
   endfacet
   facet normal 2.770661e-001 -1.410495e-001 -9.504417e-001
      outer loop
         vertex 1.014568e+001 8.514767e+001 1.518884e+000
         vertex 9.353796e+000 8.387408e+001 1.482136e+000
         vertex 9.274075e+000 8.392661e+001 1.443572e+000
      endloop
   endfacet
   facet normal 1.626591e-001 -8.245458e-002 -9.832310e-001
      outer loop
         vertex 1.014568e+001 8.514767e+001 1.518884e+000
         vertex 9.274075e+000 8.392661e+001 1.443572e+000
         vertex 1.013113e+001 8.513732e+001 1.517244e+000
      endloop
   endfacet
   facet normal 8.890384e-002 -2.272477e-002 -9.957809e-001
      outer loop
         vertex 1.013113e+001 8.513732e+001 1.517244e+000
         vertex 9.274075e+000 8.392661e+001 1.443572e+000
         vertex 9.931333e+000 8.499531e+001 1.494724e+000
      endloop
   endfacet
   facet normal 8.076667e-001 -4.977400e-001 -3.161161e-001
      outer loop
         vertex 9.538626e+000 8.386697e+001 1.637591e+000
         vertex 9.477241e+000 8.378388e+001 1.634449e+000
         vertex 9.413096e+000 8.383263e+001 1.555404e+000
      endloop
   endfacet
   facet normal 8.154758e-001 -4.852678e-001 -3.154591e-001
      outer loop
         vertex 9.413096e+000 8.383263e+001 1.555404e+000
         vertex 9.477241e+000 8.378388e+001 1.634449e+000
         vertex 9.181309e+000 8.338326e+001 1.619303e+000
      endloop
   endfacet
   facet normal 8.062653e-001 -4.056607e-001 -4.305528e-001
      outer loop
         vertex 9.413096e+000 8.383263e+001 1.555404e+000
         vertex 9.181309e+000 8.338326e+001 1.619303e+000
         vertex 8.265069e+000 8.160160e+001 1.398714e+000
      endloop
   endfacet
   facet normal -2.645813e-002 9.622668e-002 -9.950078e-001
      outer loop
         vertex 8.114248e+000 8.167262e+001 1.285271e+000
         vertex 8.116246e+000 8.192536e+001 1.303357e+000
         vertex 8.898791e+000 8.349078e+001 1.416625e+000
      endloop
   endfacet
   facet normal -1.992568e-002 1.176038e-001 -9.928607e-001
      outer loop
         vertex 7.152665e+000 7.857354e+001 9.578197e-001
         vertex 7.307313e+000 7.926949e+001 1.036137e+000
         vertex 7.374994e+000 7.925484e+001 1.042417e+000
      endloop
   endfacet
   facet normal -1.992546e-002 1.176048e-001 -9.928606e-001
      outer loop
         vertex 7.374994e+000 7.925484e+001 1.042417e+000
         vertex 7.307313e+000 7.926949e+001 1.036137e+000
         vertex 7.531570e+000 8.027870e+001 1.149707e+000
      endloop
   endfacet
   facet normal 9.766795e-002 6.983367e-002 -9.927660e-001
      outer loop
         vertex 7.374994e+000 7.925484e+001 1.042417e+000
         vertex 7.531570e+000 8.027870e+001 1.149707e+000
         vertex 8.114248e+000 8.167262e+001 1.285271e+000
      endloop
   endfacet
   facet normal -2.645800e-002 9.622661e-002 -9.950078e-001
      outer loop
         vertex 8.114248e+000 8.167262e+001 1.285271e+000
         vertex 7.531570e+000 8.027870e+001 1.149707e+000
         vertex 8.037827e+000 8.170451e+001 1.282749e+000
      endloop
   endfacet
   facet normal -2.645772e-002 9.622733e-002 -9.950077e-001
      outer loop
         vertex 8.114248e+000 8.167262e+001 1.285271e+000
         vertex 8.037827e+000 8.170451e+001 1.282749e+000
         vertex 8.116246e+000 8.192536e+001 1.303357e+000
      endloop
   endfacet
   facet normal 8.708954e-001 -3.823043e-001 -3.088441e-001
      outer loop
         vertex 9.181309e+000 8.338326e+001 1.619303e+000
         vertex 8.388291e+000 8.161651e+001 1.478421e+000
         vertex 8.265069e+000 8.160160e+001 1.398714e+000
      endloop
   endfacet
   facet normal 8.906265e-001 -3.373653e-001 -3.049085e-001
      outer loop
         vertex 8.265069e+000 8.160160e+001 1.398714e+000
         vertex 8.388291e+000 8.161651e+001 1.478421e+000
         vertex 8.360099e+000 8.155370e+001 1.473412e+000
      endloop
   endfacet
   facet normal 9.000886e-001 -3.132361e-001 -3.028591e-001
      outer loop
         vertex 8.265069e+000 8.160160e+001 1.398714e+000
         vertex 8.360099e+000 8.155370e+001 1.473412e+000
         vertex 7.952256e+000 8.064507e+001 1.400957e+000
      endloop
   endfacet
   facet normal 4.352882e-001 -2.988824e-001 -8.492311e-001
      outer loop
         vertex 1.034220e+001 8.528735e+001 1.541036e+000
         vertex 1.042411e+001 8.534558e+001 1.550269e+000
         vertex 9.353796e+000 8.387408e+001 1.482136e+000
      endloop
   endfacet
   facet normal 5.595090e-001 -3.519181e-001 -7.504022e-001
      outer loop
         vertex 9.353796e+000 8.387408e+001 1.482136e+000
         vertex 1.042411e+001 8.534558e+001 1.550269e+000
         vertex 9.413096e+000 8.383263e+001 1.555404e+000
      endloop
   endfacet
   facet normal 5.986305e-001 -2.879999e-001 -7.474608e-001
      outer loop
         vertex 9.353796e+000 8.387408e+001 1.482136e+000
         vertex 9.413096e+000 8.383263e+001 1.555404e+000
         vertex 8.201091e+000 8.163394e+001 1.324808e+000
      endloop
   endfacet
   facet normal 7.048593e-001 -2.928062e-001 -6.460943e-001
      outer loop
         vertex 8.201091e+000 8.163394e+001 1.324808e+000
         vertex 9.413096e+000 8.383263e+001 1.555404e+000
         vertex 8.265069e+000 8.160160e+001 1.398714e+000
      endloop
   endfacet
   facet normal 7.476889e-001 -1.874896e-001 -6.370314e-001
      outer loop
         vertex 8.201091e+000 8.163394e+001 1.324808e+000
         vertex 8.265069e+000 8.160160e+001 1.398714e+000
         vertex 7.533309e+000 7.920829e+001 1.158317e+000
      endloop
   endfacet
   facet normal 8.788452e-001 -2.335015e-001 -4.160629e-001
      outer loop
         vertex 7.533309e+000 7.920829e+001 1.158317e+000
         vertex 8.265069e+000 8.160160e+001 1.398714e+000
         vertex 7.952256e+000 8.064507e+001 1.400957e+000
      endloop
   endfacet
   facet normal 9.348632e-001 -2.020543e-001 -2.918988e-001
      outer loop
         vertex 7.533309e+000 7.920829e+001 1.158317e+000
         vertex 7.952256e+000 8.064507e+001 1.400957e+000
         vertex 7.649684e+000 7.921027e+001 1.237144e+000
      endloop
   endfacet
   facet normal 9.799488e-001 -2.814805e-002 -1.972512e-001
      outer loop
         vertex 7.266977e+000 7.671712e+001 9.317998e-001
         vertex 7.258690e+000 7.672256e+001 8.947653e-001
         vertex 7.334122e+000 7.771387e+001 1.066298e+000
      endloop
   endfacet
   facet normal 9.482265e-001 -1.050493e-002 -3.174211e-001
      outer loop
         vertex 7.334122e+000 7.771387e+001 1.066298e+000
         vertex 7.258690e+000 7.672256e+001 8.947653e-001
         vertex 7.230784e+000 7.673031e+001 8.458247e-001
      endloop
   endfacet
   facet normal 9.168319e-001 -5.417752e-002 -3.955808e-001
      outer loop
         vertex 7.334122e+000 7.771387e+001 1.066298e+000
         vertex 7.230784e+000 7.673031e+001 8.458247e-001
         vertex 7.533309e+000 7.920829e+001 1.158317e+000
      endloop
   endfacet
   facet normal 8.261172e-001 -3.660608e-003 -5.634865e-001
      outer loop
         vertex 7.533309e+000 7.920829e+001 1.158317e+000
         vertex 7.230784e+000 7.673031e+001 8.458247e-001
         vertex 7.204394e+000 7.673763e+001 7.995418e-001
      endloop
   endfacet
   facet normal 7.371978e-001 -2.769239e-002 -6.751092e-001
      outer loop
         vertex 7.533309e+000 7.920829e+001 1.158317e+000
         vertex 7.204394e+000 7.673763e+001 7.995418e-001
         vertex 7.466360e+000 7.923093e+001 1.083437e+000
      endloop
   endfacet
   facet normal 5.349802e-001 3.505529e-002 -8.441370e-001
      outer loop
         vertex 7.466360e+000 7.923093e+001 1.083437e+000
         vertex 7.204394e+000 7.673763e+001 7.995418e-001
         vertex 7.374994e+000 7.925484e+001 1.042417e+000
      endloop
   endfacet
   facet normal 4.614253e-001 -4.027043e-002 -8.862646e-001
      outer loop
         vertex 7.466360e+000 7.923093e+001 1.083437e+000
         vertex 7.374994e+000 7.925484e+001 1.042417e+000
         vertex 8.201091e+000 8.163394e+001 1.324808e+000
      endloop
   endfacet
   facet normal 3.322408e-001 -2.967646e-002 -9.427277e-001
      outer loop
         vertex 8.201091e+000 8.163394e+001 1.324808e+000
         vertex 7.374994e+000 7.925484e+001 1.042417e+000
         vertex 8.114248e+000 8.167262e+001 1.285271e+000
      endloop
   endfacet
   facet normal 3.153124e-001 -7.127666e-002 -9.463074e-001
      outer loop
         vertex 8.201091e+000 8.163394e+001 1.324808e+000
         vertex 8.114248e+000 8.167262e+001 1.285271e+000
         vertex 9.274075e+000 8.392661e+001 1.443572e+000
      endloop
   endfacet
   facet normal 8.079135e-002 2.836991e-002 -9.963272e-001
      outer loop
         vertex 9.274075e+000 8.392661e+001 1.443572e+000
         vertex 8.114248e+000 8.167262e+001 1.285271e+000
         vertex 8.898791e+000 8.349078e+001 1.416625e+000
      endloop
   endfacet
   facet normal -3.679733e-002 7.615331e-002 -9.964169e-001
      outer loop
         vertex 9.274075e+000 8.392661e+001 1.443572e+000
         vertex 8.898791e+000 8.349078e+001 1.416625e+000
         vertex 9.213421e+000 8.396460e+001 1.439659e+000
      endloop
   endfacet
   facet normal 9.872776e-002 -1.755847e-001 -9.795013e-001
      outer loop
         vertex 5.075533e+000 7.291815e+001 4.670003e-001
         vertex 5.064658e+000 7.293567e+001 4.663115e-001
         vertex 5.920746e+000 7.367044e+001 4.448559e-001
      endloop
   endfacet
   facet normal 4.519803e-001 -6.714680e-002 -8.894972e-001
      outer loop
         vertex 6.927409e+000 7.566927e+001 5.884048e-001
         vertex 7.018230e+000 7.564297e+001 6.291590e-001
         vertex 6.627595e+000 7.456649e+001 5.299291e-001
      endloop
   endfacet
   facet normal 5.416907e-001 -3.736502e-001 -7.529653e-001
      outer loop
         vertex 6.046852e+000 7.355909e+001 5.560412e-001
         vertex 5.992672e+000 7.360742e+001 4.830308e-001
         vertex 6.627595e+000 7.456649e+001 5.299291e-001
      endloop
   endfacet
   facet normal -2.061383e-002 1.142162e-001 -9.932420e-001
      outer loop
         vertex 6.825613e+000 7.565315e+001 5.826098e-001
         vertex 6.831058e+000 7.569211e+001 5.874582e-001
         vertex 6.927409e+000 7.566927e+001 5.884048e-001
      endloop
   endfacet
   facet normal 9.757286e-001 -7.910176e-002 -2.041973e-001
      outer loop
         vertex 7.266977e+000 7.671712e+001 9.317998e-001
         vertex 7.037029e+000 7.561652e+001 8.058324e-001
         vertex 7.258690e+000 7.672256e+001 8.947653e-001
      endloop
   endfacet
   facet normal 9.353892e-001 -1.211983e-001 -3.322015e-001
      outer loop
         vertex 7.258690e+000 7.672256e+001 8.947653e-001
         vertex 7.037029e+000 7.561652e+001 8.058324e-001
         vertex 7.084821e+000 7.561876e+001 7.038637e-001
      endloop
   endfacet
   facet normal 8.971816e-001 -3.867809e-002 -4.399650e-001
      outer loop
         vertex 7.258690e+000 7.672256e+001 8.947653e-001
         vertex 7.084821e+000 7.561876e+001 7.038637e-001
         vertex 7.230783e+000 7.673031e+001 8.458227e-001
      endloop
   endfacet
   facet normal 3.561285e-001 6.692405e-002 -9.320374e-001
      outer loop
         vertex 7.074231e+000 7.675194e+001 7.292961e-001
         vertex 7.074243e+000 7.675194e+001 7.292972e-001
         vertex 7.018230e+000 7.564297e+001 6.291590e-001
      endloop
   endfacet
   facet normal 3.925912e-001 6.349847e-002 -9.175185e-001
      outer loop
         vertex 7.018230e+000 7.564297e+001 6.291590e-001
         vertex 7.074243e+000 7.675194e+001 7.292972e-001
         vertex 7.103135e+000 7.675051e+001 7.321595e-001
      endloop
   endfacet
   facet normal 5.679417e-001 4.237488e-002 -8.219773e-001
      outer loop
         vertex 7.018230e+000 7.564297e+001 6.291590e-001
         vertex 7.103135e+000 7.675051e+001 7.321595e-001
         vertex 7.204394e+000 7.673763e+001 7.995418e-001
      endloop
   endfacet
   facet normal 3.517939e-001 4.335437e-002 -9.350730e-001
      outer loop
         vertex 7.018230e+000 7.564297e+001 6.291590e-001
         vertex 6.927409e+000 7.566927e+001 5.884048e-001
         vertex 7.074231e+000 7.675194e+001 7.292961e-001
      endloop
   endfacet
   facet normal 1.060425e-001 1.080189e-001 -9.884771e-001
      outer loop
         vertex 7.074231e+000 7.675194e+001 7.292961e-001
         vertex 6.927409e+000 7.566927e+001 5.884048e-001
         vertex 6.831058e+000 7.569211e+001 5.874582e-001
      endloop
   endfacet
   facet normal -1.731911e-002 1.377702e-001 -9.903128e-001
      outer loop
         vertex 7.074231e+000 7.675194e+001 7.292961e-001
         vertex 6.831058e+000 7.569211e+001 5.874582e-001
         vertex 6.979856e+000 7.675663e+001 7.199468e-001
      endloop
   endfacet
   facet normal -3.036430e-002 8.742907e-002 -9.957079e-001
      outer loop
         vertex 6.543487e+000 7.461123e+001 4.908731e-001
         vertex 6.450385e+000 7.465843e+001 4.929797e-001
         vertex 6.499671e+000 7.473866e+001 4.974551e-001
      endloop
   endfacet
   facet normal -3.036729e-002 8.742425e-002 -9.957082e-001
      outer loop
         vertex 6.450385e+000 7.465843e+001 4.929797e-001
         vertex 6.543487e+000 7.461123e+001 4.908731e-001
         vertex 5.977828e+000 7.388929e+001 4.500698e-001
      endloop
   endfacet
   facet normal 6.557717e-002 4.382549e-003 -9.978379e-001
      outer loop
         vertex 5.977828e+000 7.388929e+001 4.500698e-001
         vertex 6.543487e+000 7.461123e+001 4.908731e-001
         vertex 5.920746e+000 7.367044e+001 4.448559e-001
      endloop
   endfacet
   facet normal -4.803782e-002 6.092356e-002 -9.969858e-001
      outer loop
         vertex 5.977828e+000 7.388929e+001 4.500698e-001
         vertex 5.920746e+000 7.367044e+001 4.448559e-001
         vertex 5.835688e+000 7.374568e+001 4.498572e-001
      endloop
   endfacet
   facet normal -8.764045e-002 5.301677e-002 -9.947404e-001
      outer loop
         vertex 5.056322e+000 7.294910e+001 4.657835e-001
         vertex 5.014564e+000 7.301635e+001 4.631384e-001
         vertex 5.338689e+000 7.324355e+001 4.491137e-001
      endloop
   endfacet
   facet normal -4.804215e-002 6.091923e-002 -9.969859e-001
      outer loop
         vertex 5.835688e+000 7.374568e+001 4.498572e-001
         vertex 5.920746e+000 7.367044e+001 4.448559e-001
         vertex 5.338689e+000 7.324355e+001 4.491137e-001
      endloop
   endfacet
   facet normal 1.871115e-002 -4.702191e-002 -9.987186e-001
      outer loop
         vertex 5.338689e+000 7.324355e+001 4.491137e-001
         vertex 5.920746e+000 7.367044e+001 4.448559e-001
         vertex 5.064658e+000 7.293567e+001 4.663115e-001
      endloop
   endfacet
   facet normal -2.126263e-002 -5.451775e-002 -9.982864e-001
      outer loop
         vertex 5.338689e+000 7.324355e+001 4.491137e-001
         vertex 5.064658e+000 7.293567e+001 4.663115e-001
         vertex 5.056322e+000 7.294910e+001 4.657835e-001
      endloop
   endfacet
   facet normal 7.186684e-001 -6.170842e-001 -3.205040e-001
      outer loop
         vertex 6.046852e+000 7.355909e+001 5.560412e-001
         vertex 6.067604e+000 7.353788e+001 6.453473e-001
         vertex 6.063996e+000 7.353197e+001 6.450147e-001
      endloop
   endfacet
   facet normal 5.826693e-001 -7.739158e-001 -2.480943e-001
      outer loop
         vertex 5.179560e+000 7.276743e+001 6.623620e-001
         vertex 5.172685e+000 7.277526e+001 6.255118e-001
         vertex 6.047372e+000 7.350475e+001 6.434822e-001
      endloop
   endfacet
   facet normal 5.627494e-001 -7.496294e-001 -3.483802e-001
      outer loop
         vertex 6.047372e+000 7.350475e+001 6.434822e-001
         vertex 5.172685e+000 7.277526e+001 6.255118e-001
         vertex 5.159451e+000 7.279362e+001 5.914807e-001
      endloop
   endfacet
   facet normal 3.996859e-001 -5.703557e-001 -7.175971e-001
      outer loop
         vertex 5.133957e+000 7.282898e+001 5.259261e-001
         vertex 5.992672e+000 7.360742e+001 4.830308e-001
         vertex 5.154291e+000 7.280078e+001 5.782135e-001
      endloop
   endfacet
   facet normal 5.081004e-001 -5.553273e-001 -6.583658e-001
      outer loop
         vertex 5.154291e+000 7.280078e+001 5.782135e-001
         vertex 5.992672e+000 7.360742e+001 4.830308e-001
         vertex 6.046852e+000 7.355909e+001 5.560412e-001
      endloop
   endfacet
   facet normal 5.046570e-001 -6.814317e-001 -5.300682e-001
      outer loop
         vertex 5.154291e+000 7.280078e+001 5.782135e-001
         vertex 6.046852e+000 7.355909e+001 5.560412e-001
         vertex 5.159451e+000 7.279362e+001 5.914807e-001
      endloop
   endfacet
   facet normal 6.210985e-001 -6.612187e-001 -4.207453e-001
      outer loop
         vertex 5.159451e+000 7.279362e+001 5.914807e-001
         vertex 6.046852e+000 7.355909e+001 5.560412e-001
         vertex 6.063996e+000 7.353197e+001 6.450147e-001
      endloop
   endfacet
   facet normal 6.527981e-001 -6.948683e-001 -3.016829e-001
      outer loop
         vertex 5.159451e+000 7.279362e+001 5.914807e-001
         vertex 6.063996e+000 7.353197e+001 6.450147e-001
         vertex 6.047372e+000 7.350475e+001 6.434822e-001
      endloop
   endfacet
   facet normal 9.368916e-001 -1.940019e-001 -2.908562e-001
      outer loop
         vertex 7.037029e+000 7.561652e+001 8.058324e-001
         vertex 7.032783e+000 7.559621e+001 8.035067e-001
         vertex 7.084821e+000 7.561876e+001 7.038637e-001
      endloop
   endfacet
   facet normal 9.236276e-001 -2.430815e-001 -2.963504e-001
      outer loop
         vertex 7.084821e+000 7.561876e+001 7.038637e-001
         vertex 7.032783e+000 7.559621e+001 8.035067e-001
         vertex 6.880940e+000 7.486945e+001 7.203258e-001
      endloop
   endfacet
   facet normal 8.601443e-001 -2.871551e-001 -4.215373e-001
      outer loop
         vertex 7.084821e+000 7.561876e+001 7.038637e-001
         vertex 6.880940e+000 7.486945e+001 7.203258e-001
         vertex 6.689777e+000 7.453016e+001 6.035182e-001
      endloop
   endfacet
   facet normal 8.712505e-001 -3.816848e-001 -3.086086e-001
      outer loop
         vertex 6.689777e+000 7.453016e+001 6.035182e-001
         vertex 6.880940e+000 7.486945e+001 7.203258e-001
         vertex 6.676430e+000 7.453462e+001 7.014728e-001
      endloop
   endfacet
   facet normal 8.594213e-001 -4.062836e-001 -3.103686e-001
      outer loop
         vertex 6.689777e+000 7.453016e+001 6.035182e-001
         vertex 6.676430e+000 7.453462e+001 7.014728e-001
         vertex 6.669182e+000 7.452277e+001 7.008047e-001
      endloop
   endfacet
   facet normal 7.422870e-001 1.402840e-002 -6.699353e-001
      outer loop
         vertex 7.204394e+000 7.673763e+001 7.995418e-001
         vertex 7.230783e+000 7.673031e+001 8.458227e-001
         vertex 7.018230e+000 7.564297e+001 6.291590e-001
      endloop
   endfacet
   facet normal 7.803394e-001 -5.567044e-002 -6.228734e-001
      outer loop
         vertex 7.018230e+000 7.564297e+001 6.291590e-001
         vertex 7.230783e+000 7.673031e+001 8.458227e-001
         vertex 7.084821e+000 7.561876e+001 7.038637e-001
      endloop
   endfacet
   facet normal 6.638928e-001 -1.349148e-001 -7.355571e-001
      outer loop
         vertex 7.018230e+000 7.564297e+001 6.291590e-001
         vertex 7.084821e+000 7.561876e+001 7.038637e-001
         vertex 6.627595e+000 7.456649e+001 5.299291e-001
      endloop
   endfacet
   facet normal 7.293543e-001 -2.357040e-001 -6.422507e-001
      outer loop
         vertex 6.627595e+000 7.456649e+001 5.299291e-001
         vertex 7.084821e+000 7.561876e+001 7.038637e-001
         vertex 6.689777e+000 7.453016e+001 6.035182e-001
      endloop
   endfacet
   facet normal 6.603469e-001 -3.717017e-001 -6.525180e-001
      outer loop
         vertex 6.627595e+000 7.456649e+001 5.299291e-001
         vertex 6.689777e+000 7.453016e+001 6.035182e-001
         vertex 6.046852e+000 7.355909e+001 5.560412e-001
      endloop
   endfacet
   facet normal 7.813284e-001 -4.484006e-001 -4.341231e-001
      outer loop
         vertex 6.046852e+000 7.355909e+001 5.560412e-001
         vertex 6.689777e+000 7.453016e+001 6.035182e-001
         vertex 6.669182e+000 7.452277e+001 7.008047e-001
      endloop
   endfacet
   facet normal 7.723182e-001 -5.491266e-001 -3.193504e-001
      outer loop
         vertex 6.046852e+000 7.355909e+001 5.560412e-001
         vertex 6.669182e+000 7.452277e+001 7.008047e-001
         vertex 6.067604e+000 7.353788e+001 6.453473e-001
      endloop
   endfacet
   facet normal 2.913607e-001 -4.079214e-001 -8.652797e-001
      outer loop
         vertex 5.133957e+000 7.282898e+001 5.259261e-001
         vertex 5.075533e+000 7.291815e+001 4.670003e-001
         vertex 5.992672e+000 7.360742e+001 4.830308e-001
      endloop
   endfacet
   facet normal 2.257167e-001 -2.377446e-001 -9.447378e-001
      outer loop
         vertex 5.992672e+000 7.360742e+001 4.830308e-001
         vertex 5.075533e+000 7.291815e+001 4.670003e-001
         vertex 5.920746e+000 7.367044e+001 4.448559e-001
      endloop
   endfacet
   facet normal 3.717071e-001 -2.236795e-001 -9.010001e-001
      outer loop
         vertex 5.992672e+000 7.360742e+001 4.830308e-001
         vertex 5.920746e+000 7.367044e+001 4.448559e-001
         vertex 6.627595e+000 7.456649e+001 5.299291e-001
      endloop
   endfacet
   facet normal 2.925853e-001 -1.123206e-001 -9.496199e-001
      outer loop
         vertex 6.627595e+000 7.456649e+001 5.299291e-001
         vertex 5.920746e+000 7.367044e+001 4.448559e-001
         vertex 6.543487e+000 7.461123e+001 4.908731e-001
      endloop
   endfacet
   facet normal 3.200232e-001 -5.880330e-002 -9.455831e-001
      outer loop
         vertex 6.627595e+000 7.456649e+001 5.299291e-001
         vertex 6.543487e+000 7.461123e+001 4.908731e-001
         vertex 6.927409e+000 7.566927e+001 5.884048e-001
      endloop
   endfacet
   facet normal 9.299909e-002 5.768083e-002 -9.939940e-001
      outer loop
         vertex 6.927409e+000 7.566927e+001 5.884048e-001
         vertex 6.543487e+000 7.461123e+001 4.908731e-001
         vertex 6.499671e+000 7.473866e+001 4.974551e-001
      endloop
   endfacet
   facet normal -2.061529e-002 1.142112e-001 -9.932426e-001
      outer loop
         vertex 6.927409e+000 7.566927e+001 5.884048e-001
         vertex 6.499671e+000 7.473866e+001 4.974551e-001
         vertex 6.825613e+000 7.565315e+001 5.826098e-001
      endloop
   endfacet
   facet normal 5.862979e-001 -7.524979e-001 -3.000028e-001
      outer loop
         vertex -1.351541e+001 5.968540e+001 1.474455e+000
         vertex -1.403194e+001 5.926065e+001 1.487734e+000
         vertex -1.405878e+001 5.929140e+001 1.415996e+000
      endloop
   endfacet
   facet normal 5.116373e-001 -8.236741e-001 -2.445164e-001
      outer loop
         vertex 5.172685e+000 7.277526e+001 6.255118e-001
         vertex 5.179560e+000 7.276743e+001 6.623620e-001
         vertex -1.360382e+000 6.846126e+001 9.855483e-001
      endloop
   endfacet
   facet normal -1.096072e-001 1.040875e-001 -9.885100e-001
      outer loop
         vertex -2.025680e+001 5.448017e+001 1.440549e+000
         vertex -2.028149e+001 5.450905e+001 1.445350e+000
         vertex -1.643897e+001 5.772523e+001 1.354731e+000
      endloop
   endfacet
   facet normal 4.563160e-001 -6.759441e-001 -5.786842e-001
      outer loop
         vertex -1.415970e+000 6.854089e+001 9.250440e-001
         vertex -7.826460e+000 6.403948e+001 1.201255e+000
         vertex -7.857178e+000 6.407817e+001 1.139065e+000
      endloop
   endfacet
   facet normal 6.073623e-001 -7.353618e-001 -3.005895e-001
      outer loop
         vertex -1.403194e+001 5.926065e+001 1.487734e+000
         vertex -2.008412e+001 5.428380e+001 1.643315e+000
         vertex -2.010652e+001 5.430819e+001 1.571358e+000
      endloop
   endfacet
   facet normal 5.723211e-001 -7.163628e-001 -3.990899e-001
      outer loop
         vertex -1.403194e+001 5.926065e+001 1.487734e+000
         vertex -2.010652e+001 5.430819e+001 1.571358e+000
         vertex -1.405878e+001 5.929140e+001 1.415996e+000
      endloop
   endfacet
   facet normal 5.439290e-001 -6.652816e-001 -5.114114e-001
      outer loop
         vertex -1.405878e+001 5.929140e+001 1.415996e+000
         vertex -2.010652e+001 5.430819e+001 1.571358e+000
         vertex -2.011100e+001 5.431306e+001 1.556975e+000
      endloop
   endfacet
   facet normal 4.966991e-001 -6.290255e-001 -5.980108e-001
      outer loop
         vertex -1.405878e+001 5.929140e+001 1.415996e+000
         vertex -2.011100e+001 5.431306e+001 1.556975e+000
         vertex -1.409063e+001 5.932922e+001 1.353845e+000
      endloop
   endfacet
   facet normal 4.066888e-001 -6.307613e-001 -6.608663e-001
      outer loop
         vertex -1.415970e+000 6.854089e+001 9.250440e-001
         vertex -7.857178e+000 6.407817e+001 1.139065e+000
         vertex -1.445521e+000 6.858041e+001 8.628037e-001
      endloop
   endfacet
   facet normal 3.229198e-001 -5.022584e-001 -8.021592e-001
      outer loop
         vertex -1.445521e+000 6.858041e+001 8.628037e-001
         vertex -7.857178e+000 6.407817e+001 1.139065e+000
         vertex -7.897360e+000 6.413077e+001 1.095164e+000
      endloop
   endfacet
   facet normal 2.631459e-001 -4.369201e-001 -8.601483e-001
      outer loop
         vertex -1.445521e+000 6.858041e+001 8.628037e-001
         vertex -7.897360e+000 6.413077e+001 1.095164e+000
         vertex -1.483885e+000 6.863427e+001 8.188250e-001
      endloop
   endfacet
   facet normal 7.199313e-002 -1.138309e-001 -9.908882e-001
      outer loop
         vertex -2.023056e+001 5.444978e+001 1.448168e+000
         vertex -1.418052e+001 5.944012e+001 1.288769e+000
         vertex -2.022034e+001 5.443793e+001 1.451137e+000
      endloop
   endfacet
   facet normal 1.329966e-001 -1.965173e-001 -9.714386e-001
      outer loop
         vertex -2.022034e+001 5.443793e+001 1.451137e+000
         vertex -1.418052e+001 5.944012e+001 1.288769e+000
         vertex -1.413258e+001 5.938046e+001 1.310006e+000
      endloop
   endfacet
   facet normal 2.017740e-001 -2.696002e-001 -9.415959e-001
      outer loop
         vertex -2.022034e+001 5.443793e+001 1.451137e+000
         vertex -1.413258e+001 5.938046e+001 1.310006e+000
         vertex -2.018002e+001 5.439123e+001 1.462846e+000
      endloop
   endfacet
   facet normal 3.051769e-001 -4.047987e-001 -8.619775e-001
      outer loop
         vertex -2.018002e+001 5.439123e+001 1.462846e+000
         vertex -1.413258e+001 5.938046e+001 1.310006e+000
         vertex -1.409063e+001 5.932922e+001 1.353845e+000
      endloop
   endfacet
   facet normal 3.984450e-001 -4.993770e-001 -7.693271e-001
      outer loop
         vertex -2.018002e+001 5.439123e+001 1.462846e+000
         vertex -1.409063e+001 5.932922e+001 1.353845e+000
         vertex -2.011683e+001 5.431941e+001 1.538255e+000
      endloop
   endfacet
   facet normal 4.864591e-001 -5.985098e-001 -6.365088e-001
      outer loop
         vertex -2.011683e+001 5.431941e+001 1.538255e+000
         vertex -1.409063e+001 5.932922e+001 1.353845e+000
         vertex -2.011100e+001 5.431306e+001 1.556975e+000
      endloop
   endfacet
   facet normal -8.122308e-002 5.820717e-002 -9.949949e-001
      outer loop
         vertex -7.943072e+000 6.419212e+001 1.073851e+000
         vertex -7.975248e+000 6.423618e+001 1.072200e+000
         vertex -5.973473e+000 6.571296e+001 9.962409e-001
      endloop
   endfacet
   facet normal -4.187413e-002 2.491871e-002 -9.988121e-001
      outer loop
         vertex -2.025680e+001 5.448017e+001 1.440549e+000
         vertex -1.643897e+001 5.772523e+001 1.354731e+000
         vertex -2.023056e+001 5.444978e+001 1.448168e+000
      endloop
   endfacet
   facet normal 5.020651e-001 -7.930273e-001 -3.450194e-001
      outer loop
         vertex 5.172685e+000 7.277526e+001 6.255118e-001
         vertex -1.360382e+000 6.846126e+001 9.855483e-001
         vertex -1.415970e+000 6.854089e+001 9.250440e-001
      endloop
   endfacet
   facet normal 5.287073e-001 -7.948477e-001 -2.978015e-001
      outer loop
         vertex -1.415970e+000 6.854089e+001 9.250440e-001
         vertex -1.360382e+000 6.846126e+001 9.855483e-001
         vertex -4.354829e+000 6.648959e+001 1.133526e+000
      endloop
   endfacet
   facet normal 5.154384e-001 -7.593780e-001 -3.970747e-001
      outer loop
         vertex -1.415970e+000 6.854089e+001 9.250440e-001
         vertex -4.354829e+000 6.648959e+001 1.133526e+000
         vertex -7.826460e+000 6.403948e+001 1.201255e+000
      endloop
   endfacet
   facet normal 5.500076e-001 -7.799077e-001 -2.987234e-001
      outer loop
         vertex -7.826460e+000 6.403948e+001 1.201255e+000
         vertex -4.354829e+000 6.648959e+001 1.133526e+000
         vertex -7.763596e+000 6.395766e+001 1.260390e+000
      endloop
   endfacet
   facet normal 5.656658e-001 -7.683893e-001 -2.993324e-001
      outer loop
         vertex -7.826460e+000 6.403948e+001 1.201255e+000
         vertex -7.763596e+000 6.395766e+001 1.260390e+000
         vertex -1.351541e+001 5.968540e+001 1.474455e+000
      endloop
   endfacet
   facet normal 2.989061e-001 -5.191796e-001 -8.006920e-001
      outer loop
         vertex -1.483885e+000 6.863427e+001 8.188250e-001
         vertex 5.133957e+000 7.282898e+001 5.259261e-001
         vertex -1.445521e+000 6.858041e+001 8.628037e-001
      endloop
   endfacet
   facet normal 3.705399e-001 -6.386520e-001 -6.744063e-001
      outer loop
         vertex -1.445521e+000 6.858041e+001 8.628037e-001
         vertex 5.133957e+000 7.282898e+001 5.259261e-001
         vertex 5.154291e+000 7.280078e+001 5.782135e-001
      endloop
   endfacet
   facet normal 4.193194e-001 -6.862878e-001 -5.942898e-001
      outer loop
         vertex -1.445521e+000 6.858041e+001 8.628037e-001
         vertex 5.154291e+000 7.280078e+001 5.782135e-001
         vertex -1.415970e+000 6.854089e+001 9.250440e-001
      endloop
   endfacet
   facet normal 4.439707e-001 -7.389675e-001 -5.067711e-001
      outer loop
         vertex -1.415970e+000 6.854089e+001 9.250440e-001
         vertex 5.154291e+000 7.280078e+001 5.782135e-001
         vertex 5.159451e+000 7.279362e+001 5.914807e-001
      endloop
   endfacet
   facet normal 4.653785e-001 -7.676145e-001 -4.406707e-001
      outer loop
         vertex -1.415970e+000 6.854089e+001 9.250440e-001
         vertex 5.159451e+000 7.279362e+001 5.914807e-001
         vertex 5.172685e+000 7.277526e+001 6.255118e-001
      endloop
   endfacet
   facet normal 9.495124e-002 -2.250933e-001 -9.696996e-001
      outer loop
         vertex 5.056322e+000 7.294910e+001 4.657835e-001
         vertex 5.064658e+000 7.293567e+001 4.663115e-001
         vertex -1.483885e+000 6.863427e+001 8.188250e-001
      endloop
   endfacet
   facet normal 1.201249e-001 -2.646893e-001 -9.568227e-001
      outer loop
         vertex -1.483885e+000 6.863427e+001 8.188250e-001
         vertex 5.064658e+000 7.293567e+001 4.663115e-001
         vertex 5.075533e+000 7.291815e+001 4.670003e-001
      endloop
   endfacet
   facet normal 2.145004e-001 -4.107065e-001 -8.861770e-001
      outer loop
         vertex -1.483885e+000 6.863427e+001 8.188250e-001
         vertex 5.075533e+000 7.291815e+001 4.670003e-001
         vertex 5.133957e+000 7.282898e+001 5.259261e-001
      endloop
   endfacet
   facet normal -2.250521e-002 -2.926739e-002 -9.993182e-001
      outer loop
         vertex -7.943072e+000 6.419212e+001 1.073851e+000
         vertex -5.973473e+000 6.571296e+001 9.962409e-001
         vertex -1.527306e+000 6.869723e+001 7.974126e-001
      endloop
   endfacet
   facet normal -8.459520e-002 5.583905e-002 -9.948496e-001
      outer loop
         vertex -1.527306e+000 6.869723e+001 7.974126e-001
         vertex -5.973473e+000 6.571296e+001 9.962409e-001
         vertex -1.562479e+000 6.874976e+001 7.974191e-001
      endloop
   endfacet
   facet normal -8.459520e-002 5.583905e-002 -9.948496e-001
      outer loop
         vertex -1.527306e+000 6.869723e+001 7.974126e-001
         vertex -1.562479e+000 6.874976e+001 7.974191e-001
         vertex -5.439147e-001 6.945100e+001 7.515082e-001
      endloop
   endfacet
   facet normal 1.579277e-001 -2.794260e-001 -9.470903e-001
      outer loop
         vertex -7.897360e+000 6.413077e+001 1.095164e+000
         vertex -7.943072e+000 6.419212e+001 1.073851e+000
         vertex -1.483885e+000 6.863427e+001 8.188250e-001
      endloop
   endfacet
   facet normal 9.386186e-002 -2.003343e-001 -9.752210e-001
      outer loop
         vertex -1.483885e+000 6.863427e+001 8.188250e-001
         vertex -7.943072e+000 6.419212e+001 1.073851e+000
         vertex -1.527306e+000 6.869723e+001 7.974126e-001
      endloop
   endfacet
   facet normal 8.704129e-002 -2.049293e-001 -9.748989e-001
      outer loop
         vertex -1.483885e+000 6.863427e+001 8.188250e-001
         vertex -1.527306e+000 6.869723e+001 7.974126e-001
         vertex 5.056322e+000 7.294910e+001 4.657835e-001
      endloop
   endfacet
   facet normal -2.932565e-002 -3.386236e-002 -9.989962e-001
      outer loop
         vertex 5.056322e+000 7.294910e+001 4.657835e-001
         vertex -1.527306e+000 6.869723e+001 7.974126e-001
         vertex -5.439147e-001 6.945100e+001 7.515082e-001
      endloop
   endfacet
   facet normal -8.804343e-002 5.361226e-002 -9.946729e-001
      outer loop
         vertex 5.056322e+000 7.294910e+001 4.657835e-001
         vertex -5.439147e-001 6.945100e+001 7.515082e-001
         vertex 5.014564e+000 7.301635e+001 4.631384e-001
      endloop
   endfacet
   facet normal -9.393269e-003 -1.927827e-002 -9.997700e-001
      outer loop
         vertex -2.023056e+001 5.444978e+001 1.448168e+000
         vertex -1.643897e+001 5.772523e+001 1.354731e+000
         vertex -1.418052e+001 5.944012e+001 1.288769e+000
      endloop
   endfacet
   facet normal -7.794230e-002 6.070647e-002 -9.951079e-001
      outer loop
         vertex -1.418052e+001 5.944012e+001 1.288769e+000
         vertex -1.643897e+001 5.772523e+001 1.354731e+000
         vertex -1.421373e+001 5.948182e+001 1.286926e+000
      endloop
   endfacet
   facet normal -7.794230e-002 6.070647e-002 -9.951079e-001
      outer loop
         vertex -1.418052e+001 5.944012e+001 1.288769e+000
         vertex -1.421373e+001 5.948182e+001 1.286926e+000
         vertex -1.127077e+001 6.180498e+001 1.197251e+000
      endloop
   endfacet
   facet normal 5.515385e-001 -7.328253e-001 -3.984622e-001
      outer loop
         vertex -1.351541e+001 5.968540e+001 1.474455e+000
         vertex -1.405878e+001 5.929140e+001 1.415996e+000
         vertex -7.826460e+000 6.403948e+001 1.201255e+000
      endloop
   endfacet
   facet normal 4.853851e-001 -6.544173e-001 -5.797753e-001
      outer loop
         vertex -7.826460e+000 6.403948e+001 1.201255e+000
         vertex -1.405878e+001 5.929140e+001 1.415996e+000
         vertex -1.409063e+001 5.932922e+001 1.353845e+000
      endloop
   endfacet
   facet normal 4.344886e-001 -6.107278e-001 -6.619903e-001
      outer loop
         vertex -7.826460e+000 6.403948e+001 1.201255e+000
         vertex -1.409063e+001 5.932922e+001 1.353845e+000
         vertex -7.857178e+000 6.407817e+001 1.139065e+000
      endloop
   endfacet
   facet normal 3.465802e-001 -4.847596e-001 -8.030506e-001
      outer loop
         vertex -7.857178e+000 6.407817e+001 1.139065e+000
         vertex -1.409063e+001 5.932922e+001 1.353845e+000
         vertex -1.413258e+001 5.938046e+001 1.310006e+000
      endloop
   endfacet
   facet normal 2.846306e-001 -4.214610e-001 -8.610204e-001
      outer loop
         vertex -7.857178e+000 6.407817e+001 1.139065e+000
         vertex -1.413258e+001 5.938046e+001 1.310006e+000
         vertex -7.897360e+000 6.413077e+001 1.095164e+000
      endloop
   endfacet
   facet normal 1.738638e-001 -2.676678e-001 -9.476947e-001
      outer loop
         vertex -7.897360e+000 6.413077e+001 1.095164e+000
         vertex -1.413258e+001 5.938046e+001 1.310006e+000
         vertex -1.418052e+001 5.944012e+001 1.288769e+000
      endloop
   endfacet
   facet normal 1.069293e-001 -1.909623e-001 -9.757559e-001
      outer loop
         vertex -7.897360e+000 6.413077e+001 1.095164e+000
         vertex -1.418052e+001 5.944012e+001 1.288769e+000
         vertex -7.943072e+000 6.419212e+001 1.073851e+000
      endloop
   endfacet
   facet normal -1.585224e-002 -2.439993e-002 -9.995766e-001
      outer loop
         vertex -7.943072e+000 6.419212e+001 1.073851e+000
         vertex -1.418052e+001 5.944012e+001 1.288769e+000
         vertex -1.127077e+001 6.180498e+001 1.197251e+000
      endloop
   endfacet
   facet normal -8.122308e-002 5.820717e-002 -9.949949e-001
      outer loop
         vertex -7.943072e+000 6.419212e+001 1.073851e+000
         vertex -1.127077e+001 6.180498e+001 1.197251e+000
         vertex -7.975248e+000 6.423618e+001 1.072200e+000
      endloop
   endfacet
   facet normal -4.156728e-001 -1.564123e-001 -8.959639e-001
      outer loop
         vertex -2.171737e+001 5.446904e+001 1.671478e+000
         vertex -2.294490e+001 5.569657e+001 2.026681e+000
         vertex -2.170777e+001 5.447954e+001 1.668399e+000
      endloop
   endfacet
   facet normal -4.151679e-001 -1.558092e-001 -8.963030e-001
      outer loop
         vertex -2.170777e+001 5.447954e+001 1.668399e+000
         vertex -2.294490e+001 5.569657e+001 2.026681e+000
         vertex -2.294446e+001 5.569705e+001 2.026540e+000
      endloop
   endfacet
   facet normal -3.260499e-001 -5.292699e-002 -9.438698e-001
      outer loop
         vertex -2.170777e+001 5.447954e+001 1.668399e+000
         vertex -2.294446e+001 5.569705e+001 2.026540e+000
         vertex -2.164503e+001 5.454810e+001 1.648282e+000
      endloop
   endfacet
   facet normal -2.412310e-001 3.935729e-002 -9.696693e-001
      outer loop
         vertex -2.164503e+001 5.454810e+001 1.648282e+000
         vertex -2.294446e+001 5.569705e+001 2.026540e+000
         vertex -2.287256e+001 5.577563e+001 2.003485e+000
      endloop
   endfacet
   facet normal 5.208112e-002 -2.291787e-001 9.719900e-001
      outer loop
         vertex -2.157307e+001 5.447614e+001 2.145678e+000
         vertex -2.280060e+001 5.570366e+001 2.500881e+000
         vertex -2.164163e+001 5.441340e+001 2.125561e+000
      endloop
   endfacet
   facet normal -5.354664e-002 -3.266039e-001 9.436432e-001
      outer loop
         vertex -2.164163e+001 5.441340e+001 2.125561e+000
         vertex -2.280060e+001 5.570366e+001 2.500881e+000
         vertex -2.287965e+001 5.563132e+001 2.477685e+000
      endloop
   endfacet
   facet normal -1.564132e-001 -4.156736e-001 8.959634e-001
      outer loop
         vertex -2.164163e+001 5.441340e+001 2.125561e+000
         vertex -2.287965e+001 5.563132e+001 2.477685e+000
         vertex -2.165212e+001 5.440379e+001 2.122481e+000
      endloop
   endfacet
   facet normal -2.726573e-001 -5.089211e-001 8.164908e-001
      outer loop
         vertex -2.165212e+001 5.440379e+001 2.122481e+000
         vertex -2.287965e+001 5.563132e+001 2.477685e+000
         vertex -2.172582e+001 5.435003e+001 2.053606e+000
      endloop
   endfacet
   facet normal -2.761265e-001 -5.115722e-001 8.136634e-001
      outer loop
         vertex -2.287965e+001 5.563132e+001 2.477685e+000
         vertex -2.288223e+001 5.562944e+001 2.475273e+000
         vertex -2.172582e+001 5.435003e+001 2.053606e+000
      endloop
   endfacet
   facet normal -3.747858e-001 -5.833071e-001 7.206167e-001
      outer loop
         vertex -2.172582e+001 5.435003e+001 2.053606e+000
         vertex -2.288223e+001 5.562944e+001 2.475273e+000
         vertex -2.295335e+001 5.557755e+001 2.408809e+000
      endloop
   endfacet
   facet normal -5.139917e-001 -6.692565e-001 5.365708e-001
      outer loop
         vertex -2.172582e+001 5.435003e+001 2.053606e+000
         vertex -2.295335e+001 5.557755e+001 2.408809e+000
         vertex -2.175940e+001 5.433599e+001 1.986048e+000
      endloop
   endfacet
   facet normal -5.847484e-001 -7.022557e-001 4.060866e-001
      outer loop
         vertex -2.175940e+001 5.433599e+001 1.986048e+000
         vertex -2.295335e+001 5.557755e+001 2.408809e+000
         vertex -2.300337e+001 5.555665e+001 2.308176e+000
      endloop
   endfacet
   facet normal -6.415827e-001 -7.189488e-001 2.673650e-001
      outer loop
         vertex -2.175940e+001 5.433599e+001 1.986048e+000
         vertex -2.300337e+001 5.555665e+001 2.308176e+000
         vertex -2.177584e+001 5.432912e+001 1.952973e+000
      endloop
   endfacet
   facet normal -6.776052e-001 -7.204012e-001 1.478962e-001
      outer loop
         vertex -2.177584e+001 5.432912e+001 1.952973e+000
         vertex -2.300337e+001 5.555665e+001 2.308176e+000
         vertex -2.178855e+001 5.433262e+001 1.896980e+000
      endloop
   endfacet
   facet normal -6.784481e-001 -7.202825e-001 1.445730e-001
      outer loop
         vertex -2.178855e+001 5.433262e+001 1.896980e+000
         vertex -2.300337e+001 5.555665e+001 2.308176e+000
         vertex -2.300375e+001 5.555703e+001 2.305563e+000
      endloop
   endfacet
   facet normal -7.075835e-001 -7.066219e-001 -3.323542e-003
      outer loop
         vertex -2.178855e+001 5.433262e+001 1.896980e+000
         vertex -2.300375e+001 5.555703e+001 2.305563e+000
         vertex -2.179204e+001 5.434533e+001 1.840986e+000
      endloop
   endfacet
   facet normal -7.161912e-001 -6.934748e-001 -7.850435e-002
      outer loop
         vertex -2.179204e+001 5.434533e+001 1.840986e+000
         vertex -2.300375e+001 5.555703e+001 2.305563e+000
         vertex -2.301957e+001 5.557285e+001 2.196189e+000
      endloop
   endfacet
   facet normal -7.189488e-001 -6.415824e-001 -2.673663e-001
      outer loop
         vertex -2.179204e+001 5.434533e+001 1.840986e+000
         vertex -2.301957e+001 5.557285e+001 2.196189e+000
         vertex -2.178517e+001 5.436177e+001 1.807912e+000
      endloop
   endfacet
   facet normal -7.022554e-001 -5.847479e-001 -4.060878e-001
      outer loop
         vertex -2.178517e+001 5.436177e+001 1.807912e+000
         vertex -2.301957e+001 5.557285e+001 2.196189e+000
         vertex -2.177114e+001 5.439535e+001 1.740353e+000
      endloop
   endfacet
   facet normal -6.815040e-001 -5.379301e-001 -4.961687e-001
      outer loop
         vertex -2.177114e+001 5.439535e+001 1.740353e+000
         vertex -2.301957e+001 5.557285e+001 2.196189e+000
         vertex -2.299867e+001 5.562288e+001 2.095556e+000
      endloop
   endfacet
   facet normal -5.811690e-001 -3.716855e-001 -7.239423e-001
      outer loop
         vertex -2.177114e+001 5.439535e+001 1.740353e+000
         vertex -2.299867e+001 5.562288e+001 2.095556e+000
         vertex -2.171737e+001 5.446904e+001 1.671478e+000
      endloop
   endfacet
   facet normal -5.804305e-001 -3.706174e-001 -7.250814e-001
      outer loop
         vertex -2.171737e+001 5.446904e+001 1.671478e+000
         vertex -2.299867e+001 5.562288e+001 2.095556e+000
         vertex -2.299804e+001 5.562374e+001 2.094753e+000
      endloop
   endfacet
   facet normal -5.080675e-001 -2.715424e-001 -8.173935e-001
      outer loop
         vertex -2.171737e+001 5.446904e+001 1.671478e+000
         vertex -2.299804e+001 5.562374e+001 2.094753e+000
         vertex -2.294490e+001 5.569657e+001 2.026681e+000
      endloop
   endfacet
   facet normal -7.489877e-001 6.430512e-001 1.596954e-001
      outer loop
         vertex -3.108243e+000 8.038523e+001 2.989465e+000
         vertex -3.137222e+000 8.035917e+001 2.970685e+000
         vertex -2.306512e+001 5.727052e+001 2.443050e+000
      endloop
   endfacet
   facet normal -7.522854e-001 6.465527e-001 1.266339e-001
      outer loop
         vertex -2.306512e+001 5.727052e+001 2.443050e+000
         vertex -3.137222e+000 8.035917e+001 2.970685e+000
         vertex -3.140961e+000 8.035696e+001 2.964266e+000
      endloop
   endfacet
   facet normal -7.535943e-001 6.480045e-001 1.103891e-001
      outer loop
         vertex -2.306512e+001 5.727052e+001 2.443050e+000
         vertex -3.140961e+000 8.035696e+001 2.964266e+000
         vertex -3.139460e+000 8.036040e+001 2.958513e+000
      endloop
   endfacet
   facet normal -2.204120e-001 2.090831e-001 -9.527344e-001
      outer loop
         vertex -1.432370e+000 8.203419e+001 2.700620e+000
         vertex -2.290984e+001 5.714124e+001 2.206459e+000
         vertex -1.835638e+000 8.168214e+001 2.723012e+000
      endloop
   endfacet
   facet normal -2.977236e-001 2.750216e-001 -9.141794e-001
      outer loop
         vertex -1.835638e+000 8.168214e+001 2.723012e+000
         vertex -2.290984e+001 5.714124e+001 2.206459e+000
         vertex -2.296636e+001 5.718935e+001 2.239390e+000
      endloop
   endfacet
   facet normal -3.793779e-001 3.443724e-001 -8.587666e-001
      outer loop
         vertex -1.835638e+000 8.168214e+001 2.723012e+000
         vertex -2.296636e+001 5.718935e+001 2.239390e+000
         vertex -1.887676e+000 8.163672e+001 2.725902e+000
      endloop
   endfacet
   facet normal -4.031896e-001 3.645321e-001 -8.393775e-001
      outer loop
         vertex -1.887676e+000 8.163672e+001 2.725902e+000
         vertex -2.296636e+001 5.718935e+001 2.239390e+000
         vertex -2.298569e+001 5.720580e+001 2.250648e+000
      endloop
   endfacet
   facet normal -5.026693e-001 4.483720e-001 -7.391117e-001
      outer loop
         vertex -1.887676e+000 8.163672e+001 2.725902e+000
         vertex -2.298569e+001 5.720580e+001 2.250648e+000
         vertex -2.419573e+000 8.110644e+001 2.811337e+000
      endloop
   endfacet
   facet normal -5.840524e-001 5.163496e-001 -6.263113e-001
      outer loop
         vertex -2.419573e+000 8.110644e+001 2.811337e+000
         vertex -2.298569e+001 5.720580e+001 2.250648e+000
         vertex -2.303485e+001 5.724675e+001 2.324899e+000
      endloop
   endfacet
   facet normal -6.985766e-001 6.101471e-001 -3.737798e-001
      outer loop
         vertex -2.419573e+000 8.110644e+001 2.811337e+000
         vertex -2.303485e+001 5.724675e+001 2.324899e+000
         vertex -2.999611e+000 8.052816e+001 2.904504e+000
      endloop
   endfacet
   facet normal -7.047888e-001 6.151031e-001 -3.534415e-001
      outer loop
         vertex -2.999611e+000 8.052816e+001 2.904504e+000
         vertex -2.303485e+001 5.724675e+001 2.324899e+000
         vertex -2.304269e+001 5.725328e+001 2.336735e+000
      endloop
   endfacet
   facet normal -7.411764e-001 6.432917e-001 -1.919203e-001
      outer loop
         vertex -2.999611e+000 8.052816e+001 2.904504e+000
         vertex -2.304269e+001 5.725328e+001 2.336735e+000
         vertex -2.999690e+000 8.052808e+001 2.904530e+000
      endloop
   endfacet
   facet normal -7.412168e-001 6.433215e-001 -1.916635e-001
      outer loop
         vertex -2.999690e+000 8.052808e+001 2.904530e+000
         vertex -2.304269e+001 5.725328e+001 2.336735e+000
         vertex -2.306512e+001 5.727052e+001 2.443050e+000
      endloop
   endfacet
   facet normal -7.572017e-001 6.530793e-001 1.153261e-002
      outer loop
         vertex -2.999690e+000 8.052808e+001 2.904530e+000
         vertex -2.306512e+001 5.727052e+001 2.443050e+000
         vertex -3.128850e+000 8.037550e+001 2.947056e+000
      endloop
   endfacet
   facet normal -7.551170e-001 6.497810e-001 8.707945e-002
      outer loop
         vertex -3.128850e+000 8.037550e+001 2.947056e+000
         vertex -2.306512e+001 5.727052e+001 2.443050e+000
         vertex -3.139460e+000 8.036040e+001 2.958513e+000
      endloop
   endfacet
   facet normal -7.558547e-001 6.507054e-001 7.256866e-002
      outer loop
         vertex -2.306512e+001 5.727052e+001 2.443050e+000
         vertex -2.306586e+001 5.727108e+001 2.446554e+000
         vertex -3.108243e+000 8.038523e+001 2.989465e+000
      endloop
   endfacet
   facet normal -7.396175e-001 6.336328e-001 2.268821e-001
      outer loop
         vertex -3.108243e+000 8.038523e+001 2.989465e+000
         vertex -2.306586e+001 5.727108e+001 2.446554e+000
         vertex -2.305055e+001 5.725566e+001 2.558097e+000
      endloop
   endfacet
   facet normal -7.043266e-001 6.001620e-001 3.791167e-001
      outer loop
         vertex -3.108243e+000 8.038523e+001 2.989465e+000
         vertex -2.305055e+001 5.725566e+001 2.558097e+000
         vertex -2.945680e+000 8.054147e+001 3.023901e+000
      endloop
   endfacet
   facet normal -6.897098e-001 5.866512e-001 4.244300e-001
      outer loop
         vertex -2.945680e+000 8.054147e+001 3.023901e+000
         vertex -2.305055e+001 5.725566e+001 2.558097e+000
         vertex -2.304684e+001 5.725233e+001 2.564748e+000
      endloop
   endfacet
   facet normal -6.328352e-001 5.348923e-001 5.598302e-001
      outer loop
         vertex -2.945680e+000 8.054147e+001 3.023901e+000
         vertex -2.304684e+001 5.725233e+001 2.564748e+000
         vertex -2.471225e+000 8.099751e+001 3.124404e+000
      endloop
   endfacet
   facet normal -5.673851e-001 4.761998e-001 6.717946e-001
      outer loop
         vertex -2.304684e+001 5.725233e+001 2.564748e+000
         vertex -2.299983e+001 5.721009e+001 2.649010e+000
         vertex -2.471225e+000 8.099751e+001 3.124404e+000
      endloop
   endfacet
   facet normal -4.771644e-001 3.961212e-001 7.844757e-001
      outer loop
         vertex -2.471225e+000 8.099751e+001 3.124404e+000
         vertex -2.299983e+001 5.721009e+001 2.649010e+000
         vertex -2.298622e+001 5.719817e+001 2.658335e+000
      endloop
   endfacet
   facet normal -4.622921e-001 3.829861e-001 7.997547e-001
      outer loop
         vertex -2.471225e+000 8.099751e+001 3.124404e+000
         vertex -2.298622e+001 5.719817e+001 2.658335e+000
         vertex -2.393040e+000 8.106541e+001 3.129586e+000
      endloop
   endfacet
   facet normal -3.718444e-001 3.034088e-001 8.773112e-001
      outer loop
         vertex -2.393040e+000 8.106541e+001 3.129586e+000
         vertex -2.298622e+001 5.719817e+001 2.658335e+000
         vertex -2.292386e+001 5.714352e+001 2.701074e+000
      endloop
   endfacet
   facet normal -2.538856e-001 2.002658e-001 9.462747e-001
      outer loop
         vertex -2.393040e+000 8.106541e+001 3.129586e+000
         vertex -2.292386e+001 5.714352e+001 2.701074e+000
         vertex -1.764814e+000 8.161101e+001 3.171216e+000
      endloop
   endfacet
   facet normal -1.316443e-001 9.399171e-002 9.868309e-001
      outer loop
         vertex -2.292386e+001 5.714352e+001 2.701074e+000
         vertex -2.289928e+001 5.712230e+001 2.701869e+000
         vertex -1.764814e+000 8.161101e+001 3.171216e+000
      endloop
   endfacet
   facet normal -1.868495e-002 -3.726600e-003 9.998185e-001
      outer loop
         vertex -1.764814e+000 8.161101e+001 3.171216e+000
         vertex -2.289928e+001 5.712230e+001 2.701869e+000
         vertex -2.283787e+001 5.706927e+001 2.703854e+000
      endloop
   endfacet
   facet normal 6.356762e-002 -7.460156e-002 9.951853e-001
      outer loop
         vertex -1.764814e+000 8.161101e+001 3.171216e+000
         vertex -2.283787e+001 5.706927e+001 2.703854e+000
         vertex -1.360405e+000 8.196223e+001 3.198015e+000
      endloop
   endfacet
   facet normal -5.869398e-001 7.849240e-001 1.984846e-001
      outer loop
         vertex 6.967070e+000 8.868638e+001 2.501983e+000
         vertex 6.954991e+000 8.880206e+001 2.008756e+000
         vertex 6.918486e+000 8.873196e+001 2.178038e+000
      endloop
   endfacet
   facet normal -5.878951e-001 7.842002e-001 1.985181e-001
      outer loop
         vertex 6.699003e+000 8.835521e+001 3.016712e+000
         vertex 6.781440e+000 8.840530e+001 3.063197e+000
         vertex 6.968313e+000 8.867446e+001 2.552765e+000
      endloop
   endfacet
   facet normal -5.925625e-001 7.806386e-001 1.986782e-001
      outer loop
         vertex 6.459727e+000 8.818783e+001 2.967324e+000
         vertex 6.480161e+000 8.833013e+001 2.466720e+000
         vertex 4.133576e+000 8.652168e+001 2.544587e+000
      endloop
   endfacet
   facet normal -5.993024e-001 7.754199e-001 1.988982e-001
      outer loop
         vertex 6.459727e+000 8.818783e+001 2.967324e+000
         vertex 4.133576e+000 8.652168e+001 2.544587e+000
         vertex 1.842289e+000 8.458074e+001 3.113494e+000
      endloop
   endfacet
   facet normal -6.091082e-001 7.676644e-001 1.991949e-001
      outer loop
         vertex 1.842289e+000 8.458074e+001 3.113494e+000
         vertex 4.133576e+000 8.652168e+001 2.544587e+000
         vertex -4.855775e-001 8.282264e+001 2.677709e+000
      endloop
   endfacet
   facet normal -6.156752e-001 7.623600e-001 1.993775e-001
      outer loop
         vertex 1.842289e+000 8.458074e+001 3.113494e+000
         vertex -4.855775e-001 8.282264e+001 2.677709e+000
         vertex -4.136129e-001 8.275068e+001 3.175106e+000
      endloop
   endfacet
   facet normal -5.891402e-001 7.832543e-001 1.985614e-001
      outer loop
         vertex 6.480161e+000 8.833013e+001 2.466720e+000
         vertex 6.459727e+000 8.818783e+001 2.967324e+000
         vertex 6.525231e+000 8.836485e+001 2.463437e+000
      endloop
   endfacet
   facet normal -5.890447e-001 7.833270e-001 1.985581e-001
      outer loop
         vertex 6.525231e+000 8.836485e+001 2.463437e+000
         vertex 6.459727e+000 8.818783e+001 2.967324e+000
         vertex 6.622996e+000 8.830517e+001 2.988870e+000
      endloop
   endfacet
   facet normal -5.887344e-001 7.835628e-001 1.985474e-001
      outer loop
         vertex 6.525231e+000 8.836485e+001 2.463437e+000
         vertex 6.622996e+000 8.830517e+001 2.988870e+000
         vertex 6.603118e+000 8.842735e+001 2.447733e+000
      endloop
   endfacet
   facet normal -5.884236e-001 7.837991e-001 1.985366e-001
      outer loop
         vertex 6.649073e+000 8.832233e+001 2.998422e+000
         vertex 6.764564e+000 8.856792e+001 2.370914e+000
         vertex 6.622996e+000 8.830517e+001 2.988870e+000
      endloop
   endfacet
   facet normal -5.883030e-001 7.838906e-001 1.985324e-001
      outer loop
         vertex 6.622996e+000 8.830517e+001 2.988870e+000
         vertex 6.764564e+000 8.856792e+001 2.370914e+000
         vertex 6.651052e+000 8.846908e+001 2.424926e+000
      endloop
   endfacet
   facet normal -5.885479e-001 7.837046e-001 1.985409e-001
      outer loop
         vertex 6.622996e+000 8.830517e+001 2.988870e+000
         vertex 6.651052e+000 8.846908e+001 2.424926e+000
         vertex 6.603118e+000 8.842735e+001 2.447733e+000
      endloop
   endfacet
   facet normal -5.883214e-001 7.838766e-001 1.985330e-001
      outer loop
         vertex 6.649073e+000 8.832233e+001 2.998422e+000
         vertex 6.699003e+000 8.835521e+001 3.016712e+000
         vertex 6.764564e+000 8.856792e+001 2.370914e+000
      endloop
   endfacet
   facet normal -5.877769e-001 7.842898e-001 1.985140e-001
      outer loop
         vertex 6.764564e+000 8.856792e+001 2.370914e+000
         vertex 6.699003e+000 8.835521e+001 3.016712e+000
         vertex 6.968313e+000 8.867446e+001 2.552765e+000
      endloop
   endfacet
   facet normal -5.874839e-001 7.845119e-001 1.985038e-001
      outer loop
         vertex 6.764564e+000 8.856792e+001 2.370914e+000
         vertex 6.968313e+000 8.867446e+001 2.552765e+000
         vertex 6.805050e+000 8.861018e+001 2.323657e+000
      endloop
   endfacet
   facet normal -5.872234e-001 7.847093e-001 1.984946e-001
      outer loop
         vertex 6.805050e+000 8.861018e+001 2.323657e+000
         vertex 6.968313e+000 8.867446e+001 2.552765e+000
         vertex 6.967070e+000 8.868638e+001 2.501983e+000
      endloop
   endfacet
   facet normal -5.872263e-001 7.847071e-001 1.984947e-001
      outer loop
         vertex 6.805050e+000 8.861018e+001 2.323657e+000
         vertex 6.967070e+000 8.868638e+001 2.501983e+000
         vertex 6.914679e+000 8.872465e+001 2.195691e+000
      endloop
   endfacet
   facet normal -5.870354e-001 7.848516e-001 1.984880e-001
      outer loop
         vertex 6.914679e+000 8.872465e+001 2.195691e+000
         vertex 6.967070e+000 8.868638e+001 2.501983e+000
         vertex 6.918486e+000 8.873196e+001 2.178038e+000
      endloop
   endfacet
   facet normal -5.877045e-001 7.843447e-001 1.985115e-001
      outer loop
         vertex 6.781440e+000 8.840530e+001 3.063197e+000
         vertex 6.849683e+000 8.843950e+001 3.130181e+000
         vertex 6.968313e+000 8.867446e+001 2.552765e+000
      endloop
   endfacet
   facet normal -5.875591e-001 7.844549e-001 1.985064e-001
      outer loop
         vertex 6.968313e+000 8.867446e+001 2.552765e+000
         vertex 6.849683e+000 8.843950e+001 3.130181e+000
         vertex 6.900781e+000 8.846511e+001 3.180338e+000
      endloop
   endfacet
   facet normal -5.874375e-001 7.845472e-001 1.985021e-001
      outer loop
         vertex 6.968313e+000 8.867446e+001 2.552765e+000
         vertex 6.900781e+000 8.846511e+001 3.180338e+000
         vertex 6.949606e+000 8.848958e+001 3.228262e+000
      endloop
   endfacet
   facet normal -5.873560e-001 7.846088e-001 1.984992e-001
      outer loop
         vertex 6.949606e+000 8.848958e+001 3.228262e+000
         vertex 6.973005e+000 8.849319e+001 3.283185e+000
         vertex 6.968313e+000 8.867446e+001 2.552765e+000
      endloop
   endfacet
   facet normal -5.872785e-001 7.846675e-001 1.984965e-001
      outer loop
         vertex 6.968313e+000 8.867446e+001 2.552765e+000
         vertex 6.973005e+000 8.849319e+001 3.283185e+000
         vertex 7.032268e+000 8.850238e+001 3.422287e+000
      endloop
   endfacet
   facet normal -5.872224e-001 7.847100e-001 1.984946e-001
      outer loop
         vertex 6.968313e+000 8.867446e+001 2.552765e+000
         vertex 7.032268e+000 8.850238e+001 3.422287e+000
         vertex 7.038314e+000 8.849703e+001 3.461215e+000
      endloop
   endfacet
   facet normal 0.000000e+000 0.000000e+000 -1.000000e+000
      outer loop
         vertex 8.916909e+000 8.880240e+001 -3.010673e+000
         vertex 9.249733e+000 8.913522e+001 -3.010673e+000
         vertex 9.704378e+000 8.925705e+001 -3.010673e+000
      endloop
   endfacet
   facet normal 0.000000e+000 0.000000e+000 -1.000000e+000
      outer loop
         vertex 1.015902e+001 8.756029e+001 -3.010673e+000
         vertex 9.704378e+000 8.743846e+001 -3.010673e+000
         vertex 1.049185e+001 8.789310e+001 -3.010673e+000
      endloop
   endfacet
   facet normal 0.000000e+000 0.000000e+000 -1.000000e+000
      outer loop
         vertex 1.049185e+001 8.789310e+001 -3.010673e+000
         vertex 9.704378e+000 8.743846e+001 -3.010673e+000
         vertex 9.249733e+000 8.756029e+001 -3.010673e+000
      endloop
   endfacet
   facet normal 0.000000e+000 0.000000e+000 -1.000000e+000
      outer loop
         vertex 9.249733e+000 8.756029e+001 -3.010673e+000
         vertex 8.916909e+000 8.789310e+001 -3.010673e+000
         vertex 1.049185e+001 8.789310e+001 -3.010673e+000
      endloop
   endfacet
   facet normal 0.000000e+000 0.000000e+000 -1.000000e+000
      outer loop
         vertex 1.049185e+001 8.789310e+001 -3.010673e+000
         vertex 8.916909e+000 8.789310e+001 -3.010673e+000
         vertex 8.795087e+000 8.834776e+001 -3.010673e+000
      endloop
   endfacet
   facet normal 0.000000e+000 0.000000e+000 -1.000000e+000
      outer loop
         vertex 1.049185e+001 8.789310e+001 -3.010673e+000
         vertex 8.795087e+000 8.834776e+001 -3.010673e+000
         vertex 8.916909e+000 8.880240e+001 -3.010673e+000
      endloop
   endfacet
   facet normal 0.000000e+000 0.000000e+000 -1.000000e+000
      outer loop
         vertex 1.061367e+001 8.834776e+001 -3.010673e+000
         vertex 1.049185e+001 8.789310e+001 -3.010673e+000
         vertex 1.049185e+001 8.880240e+001 -3.010673e+000
      endloop
   endfacet
   facet normal 0.000000e+000 0.000000e+000 -1.000000e+000
      outer loop
         vertex 1.049185e+001 8.880240e+001 -3.010673e+000
         vertex 1.049185e+001 8.789310e+001 -3.010673e+000
         vertex 8.916909e+000 8.880240e+001 -3.010673e+000
      endloop
   endfacet
   facet normal 0.000000e+000 0.000000e+000 -1.000000e+000
      outer loop
         vertex 1.049185e+001 8.880240e+001 -3.010673e+000
         vertex 8.916909e+000 8.880240e+001 -3.010673e+000
         vertex 1.015902e+001 8.913522e+001 -3.010673e+000
      endloop
   endfacet
   facet normal 0.000000e+000 0.000000e+000 -1.000000e+000
      outer loop
         vertex 1.015902e+001 8.913522e+001 -3.010673e+000
         vertex 8.916909e+000 8.880240e+001 -3.010673e+000
         vertex 9.704378e+000 8.925705e+001 -3.010673e+000
      endloop
   endfacet
   facet normal -1.417457e-001 1.417457e-001 9.797022e-001
      outer loop
         vertex 1.269379e+001 8.959803e+001 2.772633e+000
         vertex 1.291992e+001 8.879829e+001 2.921057e+000
         vertex 1.605249e+001 9.126244e+001 3.017766e+000
      endloop
   endfacet
   facet normal -1.417457e-001 1.417457e-001 9.797022e-001
      outer loop
         vertex 1.012704e+001 9.151651e+001 2.123696e+000
         vertex 9.514810e+000 9.187831e+001 1.982773e+000
         vertex 9.335022e+000 9.151325e+001 2.009580e+000
      endloop
   endfacet
   facet normal -1.417457e-001 1.417457e-001 9.797022e-001
      outer loop
         vertex 9.335022e+000 9.151325e+001 2.009580e+000
         vertex 9.514810e+000 9.187831e+001 1.982773e+000
         vertex 9.218911e+000 9.149625e+001 1.995229e+000
      endloop
   endfacet
   facet normal -1.417457e-001 1.417457e-001 9.797022e-001
      outer loop
         vertex 1.127539e+001 9.499706e+001 1.786270e+000
         vertex 1.122003e+001 9.484093e+001 1.800850e+000
         vertex 1.094537e+001 9.130677e+001 2.272442e+000
      endloop
   endfacet
   facet normal -1.417457e-001 1.417457e-001 9.797022e-001
      outer loop
         vertex 1.167518e+001 9.089486e+001 2.437627e+000
         vertex 2.401269e+001 1.101373e+002 1.438610e+000
         vertex 2.089391e+001 1.080260e+002 1.292838e+000
      endloop
   endfacet
   facet normal -1.417457e-001 1.417457e-001 9.797022e-001
      outer loop
         vertex 1.094537e+001 9.130677e+001 2.272442e+000
         vertex 1.122003e+001 9.484093e+001 1.800850e+000
         vertex 1.018877e+001 9.150069e+001 2.134917e+000
      endloop
   endfacet
   facet normal -1.417457e-001 1.417457e-001 9.797022e-001
      outer loop
         vertex 1.018877e+001 9.150069e+001 2.134917e+000
         vertex 1.122003e+001 9.484093e+001 1.800850e+000
         vertex 1.043043e+001 9.326365e+001 1.914812e+000
      endloop
   endfacet
   facet normal -1.417457e-001 1.417457e-001 9.797022e-001
      outer loop
         vertex 1.018877e+001 9.150069e+001 2.134917e+000
         vertex 1.043043e+001 9.326365e+001 1.914812e+000
         vertex 1.012704e+001 9.151651e+001 2.123696e+000
      endloop
   endfacet
   facet normal -1.417457e-001 1.417457e-001 9.797022e-001
      outer loop
         vertex 1.012704e+001 9.151651e+001 2.123696e+000
         vertex 1.043043e+001 9.326365e+001 1.914812e+000
         vertex 1.006698e+001 9.271375e+001 1.941788e+000
      endloop
   endfacet
   facet normal -1.417457e-001 1.417457e-001 9.797022e-001
      outer loop
         vertex 1.012704e+001 9.151651e+001 2.123696e+000
         vertex 1.006698e+001 9.271375e+001 1.941788e+000
         vertex 9.514810e+000 9.187831e+001 1.982773e+000
      endloop
   endfacet
   facet normal -1.417457e-001 1.417457e-001 9.797022e-001
      outer loop
         vertex 1.180915e+001 9.650237e+001 1.645702e+000
         vertex 1.855911e+001 1.064455e+002 1.183710e+000
         vertex 1.202114e+001 9.746397e+001 1.537248e+000
      endloop
   endfacet
   facet normal -1.417457e-001 1.417457e-001 9.797022e-001
      outer loop
         vertex 1.202114e+001 9.746397e+001 1.537248e+000
         vertex 1.855911e+001 1.064455e+002 1.183710e+000
         vertex 1.218936e+001 9.822704e+001 1.451183e+000
      endloop
   endfacet
   facet normal -1.417457e-001 1.417457e-001 9.797022e-001
      outer loop
         vertex 1.180915e+001 9.650237e+001 1.645702e+000
         vertex 1.127539e+001 9.499706e+001 1.786270e+000
         vertex 1.855911e+001 1.064455e+002 1.183710e+000
      endloop
   endfacet
   facet normal -1.417457e-001 1.417457e-001 9.797022e-001
      outer loop
         vertex 1.855911e+001 1.064455e+002 1.183710e+000
         vertex 1.127539e+001 9.499706e+001 1.786270e+000
         vertex 1.094537e+001 9.130677e+001 2.272442e+000
      endloop
   endfacet
   facet normal -1.417457e-001 1.417457e-001 9.797022e-001
      outer loop
         vertex 1.855911e+001 1.064455e+002 1.183710e+000
         vertex 1.094537e+001 9.130677e+001 2.272442e+000
         vertex 2.089391e+001 1.080260e+002 1.292838e+000
      endloop
   endfacet
   facet normal -1.417457e-001 1.417457e-001 9.797022e-001
      outer loop
         vertex 2.089391e+001 1.080260e+002 1.292838e+000
         vertex 1.094537e+001 9.130677e+001 2.272442e+000
         vertex 1.130411e+001 9.110429e+001 2.353641e+000
      endloop
   endfacet
   facet normal -1.417457e-001 1.417457e-001 9.797022e-001
      outer loop
         vertex 2.089391e+001 1.080260e+002 1.292838e+000
         vertex 1.130411e+001 9.110429e+001 2.353641e+000
         vertex 1.167518e+001 9.089486e+001 2.437627e+000
      endloop
   endfacet
   facet normal -1.417457e-001 1.417457e-001 9.797022e-001
      outer loop
         vertex 4.220935e+001 1.209919e+002 2.500881e+000
         vertex 4.098183e+001 1.222194e+002 2.145678e+000
         vertex 3.454211e+001 1.180434e+002 1.818156e+000
      endloop
   endfacet
   facet normal -1.417457e-001 1.417457e-001 9.797022e-001
      outer loop
         vertex 3.454211e+001 1.180434e+002 1.818156e+000
         vertex 4.098183e+001 1.222194e+002 2.145678e+000
         vertex 4.066667e+001 1.224116e+002 2.072276e+000
      endloop
   endfacet
   facet normal -1.417457e-001 1.417457e-001 9.797022e-001
      outer loop
         vertex 3.454211e+001 1.180434e+002 1.818156e+000
         vertex 4.066667e+001 1.224116e+002 2.072276e+000
         vertex 4.058850e+001 1.224592e+002 2.054069e+000
      endloop
   endfacet
   facet normal -1.417457e-001 1.417457e-001 9.797022e-001
      outer loop
         vertex 1.269379e+001 8.959803e+001 2.772633e+000
         vertex 1.605249e+001 9.126244e+001 3.017766e+000
         vertex 1.250594e+001 8.991490e+001 2.699607e+000
      endloop
   endfacet
   facet normal -1.417457e-001 1.417457e-001 9.797022e-001
      outer loop
         vertex 1.307245e+001 1.024647e+002 9.658403e-001
         vertex 1.855911e+001 1.064455e+002 1.183710e+000
         vertex 1.350797e+001 1.030278e+002 9.473774e-001
      endloop
   endfacet
   facet normal -1.417457e-001 1.417457e-001 9.797022e-001
      outer loop
         vertex 1.350797e+001 1.030278e+002 9.473774e-001
         vertex 1.855911e+001 1.064455e+002 1.183710e+000
         vertex 1.432223e+001 1.037511e+002 9.605341e-001
      endloop
   endfacet
   facet normal -1.417457e-001 1.417457e-001 9.797022e-001
      outer loop
         vertex 1.350797e+001 1.030278e+002 9.473774e-001
         vertex 1.432223e+001 1.037511e+002 9.605341e-001
         vertex 1.364794e+001 1.032088e+002 9.414437e-001
      endloop
   endfacet
   facet normal -1.417457e-001 1.417457e-001 9.797022e-001
      outer loop
         vertex 1.307245e+001 1.024647e+002 9.658403e-001
         vertex 1.290457e+001 1.021162e+002 9.919616e-001
         vertex 1.855911e+001 1.064455e+002 1.183710e+000
      endloop
   endfacet
   facet normal -1.417457e-001 1.417457e-001 9.797022e-001
      outer loop
         vertex 1.855911e+001 1.064455e+002 1.183710e+000
         vertex 1.290457e+001 1.021162e+002 9.919616e-001
         vertex 1.266684e+001 1.016228e+002 1.028953e+000
      endloop
   endfacet
   facet normal -1.417457e-001 1.417457e-001 9.797022e-001
      outer loop
         vertex 1.855911e+001 1.064455e+002 1.183710e+000
         vertex 1.266684e+001 1.016228e+002 1.028953e+000
         vertex 1.253047e+001 1.010894e+002 1.086405e+000
      endloop
   endfacet
   facet normal -1.417457e-001 1.417457e-001 9.797022e-001
      outer loop
         vertex 1.605249e+001 9.126244e+001 3.017766e+000
         vertex 1.854008e+001 9.321922e+001 3.094564e+000
         vertex 1.250594e+001 8.991490e+001 2.699607e+000
      endloop
   endfacet
   facet normal -1.417457e-001 1.417457e-001 9.797022e-001
      outer loop
         vertex 1.250594e+001 8.991490e+001 2.699607e+000
         vertex 1.854008e+001 9.321922e+001 3.094564e+000
         vertex 1.966544e+001 9.413784e+001 3.124476e+000
      endloop
   endfacet
   facet normal -1.417457e-001 1.417457e-001 9.797022e-001
      outer loop
         vertex 1.250594e+001 8.991490e+001 2.699607e+000
         vertex 1.966544e+001 9.413784e+001 3.124476e+000
         vertex 1.227142e+001 9.031048e+001 2.608443e+000
      endloop
   endfacet
   facet normal -1.417457e-001 1.417457e-001 9.797022e-001
      outer loop
         vertex 1.227142e+001 9.031048e+001 2.608443e+000
         vertex 1.966544e+001 9.413784e+001 3.124476e+000
         vertex 2.103995e+001 9.531445e+001 3.153111e+000
      endloop
   endfacet
   facet normal -1.417457e-001 1.417457e-001 9.797022e-001
      outer loop
         vertex 1.227142e+001 9.031048e+001 2.608443e+000
         vertex 2.103995e+001 9.531445e+001 3.153111e+000
         vertex 2.150905e+001 9.571600e+001 3.162883e+000
      endloop
   endfacet
   facet normal -1.417457e-001 1.417457e-001 9.797022e-001
      outer loop
         vertex 1.253047e+001 1.010894e+002 1.086405e+000
         vertex 1.241954e+001 1.006554e+002 1.133138e+000
         vertex 1.855911e+001 1.064455e+002 1.183710e+000
      endloop
   endfacet
   facet normal -1.417457e-001 1.417457e-001 9.797022e-001
      outer loop
         vertex 1.855911e+001 1.064455e+002 1.183710e+000
         vertex 1.241954e+001 1.006554e+002 1.133138e+000
         vertex 1.235686e+001 1.000089e+002 1.217611e+000
      endloop
   endfacet
   facet normal -1.417457e-001 1.417457e-001 9.797022e-001
      outer loop
         vertex 1.855911e+001 1.064455e+002 1.183710e+000
         vertex 1.235686e+001 1.000089e+002 1.217611e+000
         vertex 1.218936e+001 9.822704e+001 1.451183e+000
      endloop
   endfacet
   facet normal -1.417457e-001 1.417457e-001 9.797022e-001
      outer loop
         vertex 4.031066e+001 1.224803e+002 2.010814e+000
         vertex 4.012701e+001 1.224943e+002 1.982222e+000
         vertex 3.995303e+001 1.224232e+002 1.967334e+000
      endloop
   endfacet
   facet normal -1.417457e-001 1.417457e-001 9.797022e-001
      outer loop
         vertex 4.058850e+001 1.224592e+002 2.054069e+000
         vertex 4.031066e+001 1.224803e+002 2.010814e+000
         vertex 3.454211e+001 1.180434e+002 1.818156e+000
      endloop
   endfacet
   facet normal -1.417457e-001 1.417457e-001 9.797022e-001
      outer loop
         vertex 3.454211e+001 1.180434e+002 1.818156e+000
         vertex 4.031066e+001 1.224803e+002 2.010814e+000
         vertex 3.995303e+001 1.224232e+002 1.967334e+000
      endloop
   endfacet
   facet normal -1.417457e-001 1.417457e-001 9.797022e-001
      outer loop
         vertex 3.454211e+001 1.180434e+002 1.818156e+000
         vertex 3.995303e+001 1.224232e+002 1.967334e+000
         vertex 3.961827e+001 1.222584e+002 1.942746e+000
      endloop
   endfacet
   facet normal -1.417457e-001 1.417457e-001 9.797022e-001
      outer loop
         vertex 3.961827e+001 1.222584e+002 1.942746e+000
         vertex 3.995303e+001 1.224232e+002 1.967334e+000
         vertex 3.969344e+001 1.223172e+002 1.945119e+000
      endloop
   endfacet
   facet normal -1.417457e-001 1.417457e-001 9.797022e-001
      outer loop
         vertex 2.150905e+001 9.571600e+001 3.162883e+000
         vertex 2.232724e+001 9.653913e+001 3.162167e+000
         vertex 1.227142e+001 9.031048e+001 2.608443e+000
      endloop
   endfacet
   facet normal -1.417457e-001 1.417457e-001 9.797022e-001
      outer loop
         vertex 1.227142e+001 9.031048e+001 2.608443e+000
         vertex 2.232724e+001 9.653913e+001 3.162167e+000
         vertex 4.224663e+001 1.196262e+002 2.703854e+000
      endloop
   endfacet
   facet normal -1.417457e-001 1.417457e-001 9.797022e-001
      outer loop
         vertex 1.227142e+001 9.031048e+001 2.608443e+000
         vertex 4.224663e+001 1.196262e+002 2.703854e+000
         vertex 1.173366e+001 9.083754e+001 2.454384e+000
      endloop
   endfacet
   facet normal -1.417457e-001 1.417457e-001 9.797022e-001
      outer loop
         vertex 1.173366e+001 9.083754e+001 2.454384e+000
         vertex 4.224663e+001 1.196262e+002 2.703854e+000
         vertex 2.933942e+001 1.140025e+002 1.650068e+000
      endloop
   endfacet
   facet normal -1.417457e-001 1.417457e-001 9.797022e-001
      outer loop
         vertex 1.173366e+001 9.083754e+001 2.454384e+000
         vertex 2.933942e+001 1.140025e+002 1.650068e+000
         vertex 1.167518e+001 9.089486e+001 2.437627e+000
      endloop
   endfacet
   facet normal -1.417457e-001 1.417457e-001 9.797022e-001
      outer loop
         vertex 1.167518e+001 9.089486e+001 2.437627e+000
         vertex 2.933942e+001 1.140025e+002 1.650068e+000
         vertex 2.731217e+001 1.125315e+002 1.569591e+000
      endloop
   endfacet
   facet normal -1.417457e-001 1.417457e-001 9.797022e-001
      outer loop
         vertex 1.167518e+001 9.089486e+001 2.437627e+000
         vertex 2.731217e+001 1.125315e+002 1.569591e+000
         vertex 2.401269e+001 1.101373e+002 1.438610e+000
      endloop
   endfacet
   facet normal -1.417457e-001 1.417457e-001 9.797022e-001
      outer loop
         vertex 4.245749e+001 1.205710e+002 2.597678e+000
         vertex 4.220935e+001 1.209919e+002 2.500881e+000
         vertex 4.247116e+001 1.200697e+002 2.672177e+000
      endloop
   endfacet
   facet normal -1.417457e-001 1.417457e-001 9.797022e-001
      outer loop
         vertex 4.247116e+001 1.200697e+002 2.672177e+000
         vertex 4.220935e+001 1.209919e+002 2.500881e+000
         vertex 3.454211e+001 1.180434e+002 1.818156e+000
      endloop
   endfacet
   facet normal -1.417457e-001 1.417457e-001 9.797022e-001
      outer loop
         vertex 4.247116e+001 1.200697e+002 2.672177e+000
         vertex 3.454211e+001 1.180434e+002 1.818156e+000
         vertex 4.224663e+001 1.196262e+002 2.703854e+000
      endloop
   endfacet
   facet normal -1.417457e-001 1.417457e-001 9.797022e-001
      outer loop
         vertex 4.224663e+001 1.196262e+002 2.703854e+000
         vertex 3.454211e+001 1.180434e+002 1.818156e+000
         vertex 3.355667e+001 1.172780e+002 1.786318e+000
      endloop
   endfacet
   facet normal -1.417457e-001 1.417457e-001 9.797022e-001
      outer loop
         vertex 4.224663e+001 1.196262e+002 2.703854e+000
         vertex 3.355667e+001 1.172780e+002 1.786318e+000
         vertex 2.933942e+001 1.140025e+002 1.650068e+000
      endloop
   endfacet
   facet normal 1.417457e-001 -1.417457e-001 -9.797022e-001
      outer loop
         vertex 1.414579e+001 8.961187e+001 2.462488e+000
         vertex 1.292141e+001 8.867261e+001 2.421236e+000
         vertex 1.280071e+001 8.929177e+001 2.314191e+000
      endloop
   endfacet
   facet normal 1.417457e-001 -1.417457e-001 -9.797022e-001
      outer loop
         vertex 1.414579e+001 8.961187e+001 2.462488e+000
         vertex 1.280071e+001 8.929177e+001 2.314191e+000
         vertex 1.610140e+001 9.116962e+001 2.520051e+000
      endloop
   endfacet
   facet normal 1.417457e-001 -1.417457e-001 -9.797022e-001
      outer loop
         vertex 4.038507e+001 1.224083e+002 1.513784e+000
         vertex 4.056966e+001 1.224117e+002 1.539996e+000
         vertex 4.073611e+001 1.223309e+002 1.575768e+000
      endloop
   endfacet
   facet normal 1.417457e-001 -1.417457e-001 -9.797022e-001
      outer loop
         vertex 1.038052e+001 9.165868e+001 1.621582e+000
         vertex 9.540877e+000 9.174530e+001 1.487574e+000
         vertex 1.019534e+001 9.273090e+001 1.439659e+000
      endloop
   endfacet
   facet normal 1.417457e-001 -1.417457e-001 -9.797022e-001
      outer loop
         vertex 1.280071e+001 8.929177e+001 2.314191e+000
         vertex 1.276661e+001 8.946668e+001 2.283951e+000
         vertex 1.610140e+001 9.116962e+001 2.520051e+000
      endloop
   endfacet
   facet normal 1.417457e-001 -1.417457e-001 -9.797022e-001
      outer loop
         vertex 1.610140e+001 9.116962e+001 2.520051e+000
         vertex 1.276661e+001 8.946668e+001 2.283951e+000
         vertex 1.257302e+001 8.987279e+001 2.197186e+000
      endloop
   endfacet
   facet normal 1.417457e-001 -1.417457e-001 -9.797022e-001
      outer loop
         vertex 1.610140e+001 9.116962e+001 2.520051e+000
         vertex 1.257302e+001 8.987279e+001 2.197186e+000
         vertex 1.973907e+001 9.406723e+001 2.627126e+000
      endloop
   endfacet
   facet normal 1.417457e-001 -1.417457e-001 -9.797022e-001
      outer loop
         vertex 1.973907e+001 9.406723e+001 2.627126e+000
         vertex 1.257302e+001 8.987279e+001 2.197186e+000
         vertex 1.239866e+001 9.023856e+001 2.119038e+000
      endloop
   endfacet
   facet normal 1.417457e-001 -1.417457e-001 -9.797022e-001
      outer loop
         vertex 1.973907e+001 9.406723e+001 2.627126e+000
         vertex 1.239866e+001 9.023856e+001 2.119038e+000
         vertex 2.111289e+001 9.522665e+001 2.658145e+000
      endloop
   endfacet
   facet normal 1.417457e-001 -1.417457e-001 -9.797022e-001
      outer loop
         vertex 4.105379e+001 1.221474e+002 1.648282e+000
         vertex 1.184884e+001 9.088647e+001 1.945748e+000
         vertex 4.098462e+001 1.222103e+002 1.629177e+000
      endloop
   endfacet
   facet normal 1.417457e-001 -1.417457e-001 -9.797022e-001
      outer loop
         vertex 4.098462e+001 1.222103e+002 1.629177e+000
         vertex 1.184884e+001 9.088647e+001 1.945748e+000
         vertex 4.073611e+001 1.223309e+002 1.575768e+000
      endloop
   endfacet
   facet normal 1.417457e-001 -1.417457e-001 -9.797022e-001
      outer loop
         vertex 3.067950e+001 1.148905e+002 1.197250e+000
         vertex 1.184884e+001 9.088647e+001 1.945748e+000
         vertex 2.738400e+001 1.124593e+002 1.072200e+000
      endloop
   endfacet
   facet normal 1.417457e-001 -1.417457e-001 -9.797022e-001
      outer loop
         vertex 2.738400e+001 1.124593e+002 1.072200e+000
         vertex 1.184884e+001 9.088647e+001 1.945748e+000
         vertex 2.538221e+001 1.109825e+002 9.962406e-001
      endloop
   endfacet
   facet normal 1.417457e-001 -1.417457e-001 -9.797022e-001
      outer loop
         vertex 1.225609e+001 9.812197e+001 9.578196e-001
         vertex 1.995266e+001 1.072445e+002 7.515080e-001
         vertex 1.210144e+001 9.742601e+001 1.036137e+000
      endloop
   endfacet
   facet normal 1.417457e-001 -1.417457e-001 -9.797022e-001
      outer loop
         vertex 1.210144e+001 9.742601e+001 1.036137e+000
         vertex 1.995266e+001 1.072445e+002 7.515080e-001
         vertex 1.187719e+001 9.641680e+001 1.149707e+000
      endloop
   endfacet
   facet normal 1.417457e-001 -1.417457e-001 -9.797022e-001
      outer loop
         vertex 4.252945e+001 1.204990e+002 2.100282e+000
         vertex 4.254313e+001 1.199978e+002 2.174781e+000
         vertex 4.228131e+001 1.209199e+002 2.003485e+000
      endloop
   endfacet
   facet normal 1.417457e-001 -1.417457e-001 -9.797022e-001
      outer loop
         vertex 4.228131e+001 1.209199e+002 2.003485e+000
         vertex 4.254313e+001 1.199978e+002 2.174781e+000
         vertex 4.231859e+001 1.195543e+002 2.206458e+000
      endloop
   endfacet
   facet normal 1.417457e-001 -1.417457e-001 -9.797022e-001
      outer loop
         vertex 4.105379e+001 1.221474e+002 1.648282e+000
         vertex 4.228131e+001 1.209199e+002 2.003485e+000
         vertex 1.184884e+001 9.088647e+001 1.945748e+000
      endloop
   endfacet
   facet normal 1.417457e-001 -1.417457e-001 -9.797022e-001
      outer loop
         vertex 1.184884e+001 9.088647e+001 1.945748e+000
         vertex 4.228131e+001 1.209199e+002 2.003485e+000
         vertex 4.231859e+001 1.195543e+002 2.206458e+000
      endloop
   endfacet
   facet normal 1.417457e-001 -1.417457e-001 -9.797022e-001
      outer loop
         vertex 1.184884e+001 9.088647e+001 1.945748e+000
         vertex 4.231859e+001 1.195543e+002 2.206458e+000
         vertex 1.225531e+001 9.040748e+001 2.073859e+000
      endloop
   endfacet
   facet normal 1.417457e-001 -1.417457e-001 -9.797022e-001
      outer loop
         vertex 1.225531e+001 9.040748e+001 2.073859e+000
         vertex 4.231859e+001 1.195543e+002 2.206458e+000
         vertex 2.239920e+001 9.646718e+001 2.664771e+000
      endloop
   endfacet
   facet normal 1.417457e-001 -1.417457e-001 -9.797022e-001
      outer loop
         vertex 1.225531e+001 9.040748e+001 2.073859e+000
         vertex 2.239920e+001 9.646718e+001 2.664771e+000
         vertex 1.239866e+001 9.023856e+001 2.119038e+000
      endloop
   endfacet
   facet normal 1.417457e-001 -1.417457e-001 -9.797022e-001
      outer loop
         vertex 1.239866e+001 9.023856e+001 2.119038e+000
         vertex 2.239920e+001 9.646718e+001 2.664771e+000
         vertex 2.118902e+001 9.529090e+001 2.659864e+000
      endloop
   endfacet
   facet normal 1.417457e-001 -1.417457e-001 -9.797022e-001
      outer loop
         vertex 1.239866e+001 9.023856e+001 2.119038e+000
         vertex 2.118902e+001 9.529090e+001 2.659864e+000
         vertex 2.111289e+001 9.522665e+001 2.658145e+000
      endloop
   endfacet
   facet normal 1.417457e-001 -1.417457e-001 -9.797022e-001
      outer loop
         vertex 1.077229e+001 9.151220e+001 1.699459e+000
         vertex 1.187719e+001 9.641680e+001 1.149707e+000
         vertex 1.116702e+001 9.136460e+001 1.777924e+000
      endloop
   endfacet
   facet normal 1.417457e-001 -1.417457e-001 -9.797022e-001
      outer loop
         vertex 1.116702e+001 9.136460e+001 1.777924e+000
         vertex 1.187719e+001 9.641680e+001 1.149707e+000
         vertex 1.995266e+001 1.072445e+002 7.515080e-001
      endloop
   endfacet
   facet normal 1.417457e-001 -1.417457e-001 -9.797022e-001
      outer loop
         vertex 1.116702e+001 9.136460e+001 1.777924e+000
         vertex 1.995266e+001 1.072445e+002 7.515080e-001
         vertex 1.184884e+001 9.088647e+001 1.945748e+000
      endloop
   endfacet
   facet normal 1.417457e-001 -1.417457e-001 -9.797022e-001
      outer loop
         vertex 1.184884e+001 9.088647e+001 1.945748e+000
         vertex 1.995266e+001 1.072445e+002 7.515080e-001
         vertex 2.097124e+001 1.079458e+002 7.974193e-001
      endloop
   endfacet
   facet normal 1.417457e-001 -1.417457e-001 -9.797022e-001
      outer loop
         vertex 1.184884e+001 9.088647e+001 1.945748e+000
         vertex 2.097124e+001 1.079458e+002 7.974193e-001
         vertex 2.538221e+001 1.109825e+002 9.962406e-001
      endloop
   endfacet
   facet normal 1.417457e-001 -1.417457e-001 -9.797022e-001
      outer loop
         vertex 1.357307e+001 1.029498e+002 4.498572e-001
         vertex 1.407007e+001 1.034520e+002 4.491137e-001
         vertex 1.225609e+001 9.812197e+001 9.578196e-001
      endloop
   endfacet
   facet normal 1.417457e-001 -1.417457e-001 -9.797022e-001
      outer loop
         vertex 1.225609e+001 9.812197e+001 9.578196e-001
         vertex 1.407007e+001 1.034520e+002 4.491137e-001
         vertex 1.439419e+001 1.036792e+002 4.631384e-001
      endloop
   endfacet
   facet normal 1.417457e-001 -1.417457e-001 -9.797022e-001
      outer loop
         vertex 1.225609e+001 9.812197e+001 9.578196e-001
         vertex 1.439419e+001 1.036792e+002 4.631384e-001
         vertex 1.995266e+001 1.072445e+002 7.515080e-001
      endloop
   endfacet
   facet normal 1.417457e-001 -1.417457e-001 -9.797022e-001
      outer loop
         vertex 3.067950e+001 1.148905e+002 1.197250e+000
         vertex 3.362249e+001 1.172137e+002 1.286926e+000
         vertex 1.184884e+001 9.088647e+001 1.945748e+000
      endloop
   endfacet
   facet normal 1.417457e-001 -1.417457e-001 -9.797022e-001
      outer loop
         vertex 1.184884e+001 9.088647e+001 1.945748e+000
         vertex 3.362249e+001 1.172137e+002 1.286926e+000
         vertex 3.584770e+001 1.189703e+002 1.354731e+000
      endloop
   endfacet
   facet normal 1.417457e-001 -1.417457e-001 -9.797022e-001
      outer loop
         vertex 1.184884e+001 9.088647e+001 1.945748e+000
         vertex 3.584770e+001 1.189703e+002 1.354731e+000
         vertex 4.073611e+001 1.223309e+002 1.575768e+000
      endloop
   endfacet
   facet normal 1.417457e-001 -1.417457e-001 -9.797022e-001
      outer loop
         vertex 1.019534e+001 9.273090e+001 1.439659e+000
         vertex 1.050997e+001 9.320473e+001 1.416625e+000
         vertex 1.038052e+001 9.165868e+001 1.621582e+000
      endloop
   endfacet
   facet normal 1.417457e-001 -1.417457e-001 -9.797022e-001
      outer loop
         vertex 1.038052e+001 9.165868e+001 1.621582e+000
         vertex 1.050997e+001 9.320473e+001 1.416625e+000
         vertex 1.129251e+001 9.477015e+001 1.303357e+000
      endloop
   endfacet
   facet normal 1.417457e-001 -1.417457e-001 -9.797022e-001
      outer loop
         vertex 1.038052e+001 9.165868e+001 1.621582e+000
         vertex 1.129251e+001 9.477015e+001 1.303357e+000
         vertex 1.077229e+001 9.151220e+001 1.699459e+000
      endloop
   endfacet
   facet normal 1.417457e-001 -1.417457e-001 -9.797022e-001
      outer loop
         vertex 1.077229e+001 9.151220e+001 1.699459e+000
         vertex 1.129251e+001 9.477015e+001 1.303357e+000
         vertex 1.137093e+001 9.499100e+001 1.282749e+000
      endloop
   endfacet
   facet normal 1.417457e-001 -1.417457e-001 -9.797022e-001
      outer loop
         vertex 1.077229e+001 9.151220e+001 1.699459e+000
         vertex 1.137093e+001 9.499100e+001 1.282749e+000
         vertex 1.187719e+001 9.641680e+001 1.149707e+000
      endloop
   endfacet
   facet normal 1.417457e-001 -1.417457e-001 -9.797022e-001
      outer loop
         vertex 1.242890e+001 9.993888e+001 7.199468e-001
         vertex 1.295837e+001 1.020371e+002 4.929797e-001
         vertex 1.225609e+001 9.812197e+001 9.578196e-001
      endloop
   endfacet
   facet normal 1.417457e-001 -1.417457e-001 -9.797022e-001
      outer loop
         vertex 1.225609e+001 9.812197e+001 9.578196e-001
         vertex 1.295837e+001 1.020371e+002 4.929797e-001
         vertex 1.343093e+001 1.028062e+002 4.500698e-001
      endloop
   endfacet
   facet normal 1.417457e-001 -1.417457e-001 -9.797022e-001
      outer loop
         vertex 1.225609e+001 9.812197e+001 9.578196e-001
         vertex 1.343093e+001 1.028062e+002 4.500698e-001
         vertex 1.357307e+001 1.029498e+002 4.498572e-001
      endloop
   endfacet
   facet normal 1.417457e-001 -1.417457e-001 -9.797022e-001
      outer loop
         vertex 1.242890e+001 9.993888e+001 7.199468e-001
         vertex 1.257770e+001 1.010034e+002 5.874582e-001
         vertex 1.295837e+001 1.020371e+002 4.929797e-001
      endloop
   endfacet
   facet normal 1.417457e-001 -1.417457e-001 -9.797022e-001
      outer loop
         vertex 1.295837e+001 1.020371e+002 4.929797e-001
         vertex 1.257770e+001 1.010034e+002 5.874582e-001
         vertex 1.258314e+001 1.010424e+002 5.826098e-001
      endloop
   endfacet
   facet normal 1.417457e-001 -1.417457e-001 -9.797022e-001
      outer loop
         vertex 1.295837e+001 1.020371e+002 4.929797e-001
         vertex 1.258314e+001 1.010424e+002 5.826098e-001
         vertex 1.290909e+001 1.019569e+002 4.974551e-001
      endloop
   endfacet
   facet normal 1.417457e-001 -1.417457e-001 -9.797022e-001
      outer loop
         vertex 3.584770e+001 1.189703e+002 1.354731e+000
         vertex 3.969024e+001 1.221865e+002 1.445350e+000
         vertex 4.073611e+001 1.223309e+002 1.575768e+000
      endloop
   endfacet
   facet normal 1.417457e-001 -1.417457e-001 -9.797022e-001
      outer loop
         vertex 4.073611e+001 1.223309e+002 1.575768e+000
         vertex 3.969024e+001 1.221865e+002 1.445350e+000
         vertex 4.002333e+001 1.223601e+002 1.468428e+000
      endloop
   endfacet
   facet normal 1.417457e-001 -1.417457e-001 -9.797022e-001
      outer loop
         vertex 4.073611e+001 1.223309e+002 1.575768e+000
         vertex 4.002333e+001 1.223601e+002 1.468428e+000
         vertex 4.038507e+001 1.224083e+002 1.513784e+000
      endloop
   endfacet
   facet normal 1.417457e-001 -1.417457e-001 -9.797022e-001
      outer loop
         vertex 4.038507e+001 1.224083e+002 1.513784e+000
         vertex 4.002333e+001 1.223601e+002 1.468428e+000
         vertex 4.010601e+001 1.224031e+002 1.474156e+000
      endloop
   endfacet
   facet normal 1.417457e-001 -1.417457e-001 9.797022e-001
      outer loop
         vertex 6.612192e+000 8.737052e+001 2.827001e+000
         vertex 6.459727e+000 8.818783e+001 2.967324e+000
         vertex 1.842289e+000 8.458074e+001 3.113494e+000
      endloop
   endfacet
   facet normal 1.417457e-001 -1.417457e-001 9.797022e-001
      outer loop
         vertex 8.203160e+000 8.550716e+001 2.327225e+000
         vertex 7.599603e+000 8.019313e+001 1.645702e+000
         vertex 8.992557e+000 8.522703e+001 2.172482e+000
      endloop
   endfacet
   facet normal 1.417457e-001 -1.417457e-001 9.797022e-001
      outer loop
         vertex 8.992557e+000 8.522703e+001 2.172482e+000
         vertex 7.599603e+000 8.019313e+001 1.645702e+000
         vertex 8.133361e+000 8.169845e+001 1.786270e+000
      endloop
   endfacet
   facet normal 1.417457e-001 -1.417457e-001 9.797022e-001
      outer loop
         vertex 8.496779e-001 7.025005e+001 1.183709e+000
         vertex 7.219392e+000 7.846847e+001 1.451183e+000
         vertex 7.387616e+000 7.923154e+001 1.537248e+000
      endloop
   endfacet
   facet normal 1.417457e-001 -1.417457e-001 9.797022e-001
      outer loop
         vertex 8.133361e+000 8.169845e+001 1.786270e+000
         vertex 8.188724e+000 8.185458e+001 1.800850e+000
         vertex 8.992557e+000 8.522703e+001 2.172482e+000
      endloop
   endfacet
   facet normal 1.417457e-001 -1.417457e-001 9.797022e-001
      outer loop
         vertex 8.992557e+000 8.522703e+001 2.172482e+000
         vertex 8.188724e+000 8.185458e+001 1.800850e+000
         vertex 8.978330e+000 8.343186e+001 1.914812e+000
      endloop
   endfacet
   facet normal 1.417457e-001 -1.417457e-001 9.797022e-001
      outer loop
         vertex 8.992557e+000 8.522703e+001 2.172482e+000
         vertex 8.978330e+000 8.343186e+001 1.914812e+000
         vertex 9.409311e+000 8.519364e+001 2.107355e+000
      endloop
   endfacet
   facet normal 1.417457e-001 -1.417457e-001 9.797022e-001
      outer loop
         vertex 9.409311e+000 8.519364e+001 2.107355e+000
         vertex 8.978330e+000 8.343186e+001 1.914812e+000
         vertex 9.341775e+000 8.398176e+001 1.941788e+000
      endloop
   endfacet
   facet normal 1.417457e-001 -1.417457e-001 9.797022e-001
      outer loop
         vertex 9.409311e+000 8.519364e+001 2.107355e+000
         vertex 9.341775e+000 8.398176e+001 1.941788e+000
         vertex 9.826456e+000 8.516022e+001 2.042167e+000
      endloop
   endfacet
   facet normal 1.417457e-001 -1.417457e-001 9.797022e-001
      outer loop
         vertex 9.826456e+000 8.516022e+001 2.042167e+000
         vertex 9.341775e+000 8.398176e+001 1.941788e+000
         vertex 9.893948e+000 8.481720e+001 1.982773e+000
      endloop
   endfacet
   facet normal 1.417457e-001 -1.417457e-001 9.797022e-001
      outer loop
         vertex 9.826456e+000 8.516022e+001 2.042167e+000
         vertex 9.893948e+000 8.481720e+001 1.982773e+000
         vertex 1.018984e+001 8.519926e+001 1.995229e+000
      endloop
   endfacet
   facet normal 1.417457e-001 -1.417457e-001 9.797022e-001
      outer loop
         vertex 6.336310e+000 7.423085e+001 9.658403e-001
         vertex 8.496779e-001 7.025005e+001 1.183709e+000
         vertex 5.900790e+000 7.366772e+001 9.473774e-001
      endloop
   endfacet
   facet normal 1.417457e-001 -1.417457e-001 9.797022e-001
      outer loop
         vertex 5.900790e+000 7.366772e+001 9.473774e-001
         vertex 8.496779e-001 7.025005e+001 1.183709e+000
         vertex 5.086528e+000 7.294439e+001 9.605341e-001
      endloop
   endfacet
   facet normal 1.417457e-001 -1.417457e-001 9.797022e-001
      outer loop
         vertex 5.900790e+000 7.366772e+001 9.473774e-001
         vertex 5.086528e+000 7.294439e+001 9.605341e-001
         vertex 5.760818e+000 7.348673e+001 9.414437e-001
      endloop
   endfacet
   facet normal 1.417457e-001 -1.417457e-001 9.797022e-001
      outer loop
         vertex 6.336310e+000 7.423085e+001 9.658403e-001
         vertex 6.504185e+000 7.457926e+001 9.919616e-001
         vertex 8.496779e-001 7.025005e+001 1.183709e+000
      endloop
   endfacet
   facet normal 1.417457e-001 -1.417457e-001 9.797022e-001
      outer loop
         vertex 8.496779e-001 7.025005e+001 1.183709e+000
         vertex 6.504185e+000 7.457926e+001 9.919616e-001
         vertex 6.741921e+000 7.507268e+001 1.028953e+000
      endloop
   endfacet
   facet normal 1.417457e-001 -1.417457e-001 9.797022e-001
      outer loop
         vertex 8.496779e-001 7.025005e+001 1.183709e+000
         vertex 6.741921e+000 7.507268e+001 1.028953e+000
         vertex 6.878291e+000 7.560613e+001 1.086405e+000
      endloop
   endfacet
   facet normal 1.417457e-001 -1.417457e-001 9.797022e-001
      outer loop
         vertex 6.878291e+000 7.560613e+001 1.086405e+000
         vertex 6.989219e+000 7.604006e+001 1.133138e+000
         vertex 8.496779e-001 7.025005e+001 1.183709e+000
      endloop
   endfacet
   facet normal 1.417457e-001 -1.417457e-001 9.797022e-001
      outer loop
         vertex 8.496779e-001 7.025005e+001 1.183709e+000
         vertex 6.989219e+000 7.604006e+001 1.133138e+000
         vertex 7.051893e+000 7.668658e+001 1.217611e+000
      endloop
   endfacet
   facet normal 1.417457e-001 -1.417457e-001 9.797022e-001
      outer loop
         vertex 8.496779e-001 7.025005e+001 1.183709e+000
         vertex 7.051893e+000 7.668658e+001 1.217611e+000
         vertex 7.219392e+000 7.846847e+001 1.451183e+000
      endloop
   endfacet
   facet normal 1.417457e-001 -1.417457e-001 9.797022e-001
      outer loop
         vertex 7.513983e+000 8.598128e+001 2.495534e+000
         vertex -9.930648e+000 6.269304e+001 1.650067e+000
         vertex -7.903416e+000 6.416405e+001 1.569591e+000
      endloop
   endfacet
   facet normal 1.417457e-001 -1.417457e-001 9.797022e-001
      outer loop
         vertex 7.387616e+000 7.923154e+001 1.537248e+000
         vertex 7.599603e+000 8.019313e+001 1.645702e+000
         vertex 8.496779e-001 7.025005e+001 1.183709e+000
      endloop
   endfacet
   facet normal 1.417457e-001 -1.417457e-001 9.797022e-001
      outer loop
         vertex 8.496779e-001 7.025005e+001 1.183709e+000
         vertex 7.599603e+000 8.019313e+001 1.645702e+000
         vertex 8.203160e+000 8.550716e+001 2.327225e+000
      endloop
   endfacet
   facet normal 1.417457e-001 -1.417457e-001 9.797022e-001
      outer loop
         vertex 8.496779e-001 7.025005e+001 1.183709e+000
         vertex 8.203160e+000 8.550716e+001 2.327225e+000
         vertex -1.485150e+000 6.866949e+001 1.292838e+000
      endloop
   endfacet
   facet normal 1.417457e-001 -1.417457e-001 9.797022e-001
      outer loop
         vertex -1.485150e+000 6.866949e+001 1.292838e+000
         vertex 8.203160e+000 8.550716e+001 2.327225e+000
         vertex 7.513983e+000 8.598128e+001 2.495534e+000
      endloop
   endfacet
   facet normal 1.417457e-001 -1.417457e-001 9.797022e-001
      outer loop
         vertex -1.485150e+000 6.866949e+001 1.292838e+000
         vertex 7.513983e+000 8.598128e+001 2.495534e+000
         vertex -4.603913e+000 6.655825e+001 1.438609e+000
      endloop
   endfacet
   facet normal 1.417457e-001 -1.417457e-001 9.797022e-001
      outer loop
         vertex -4.603913e+000 6.655825e+001 1.438609e+000
         vertex 7.513983e+000 8.598128e+001 2.495534e+000
         vertex -7.903416e+000 6.416405e+001 1.569591e+000
      endloop
   endfacet
   facet normal 1.417457e-001 -1.417457e-001 9.797022e-001
      outer loop
         vertex -4.136129e-001 8.275068e+001 3.175106e+000
         vertex 6.971045e+000 8.661772e+001 2.666171e+000
         vertex 1.842289e+000 8.458074e+001 3.113494e+000
      endloop
   endfacet
   facet normal 1.417457e-001 -1.417457e-001 9.797022e-001
      outer loop
         vertex 1.842289e+000 8.458074e+001 3.113494e+000
         vertex 6.971045e+000 8.661772e+001 2.666171e+000
         vertex 6.670438e+000 8.724833e+001 2.800897e+000
      endloop
   endfacet
   facet normal 1.417457e-001 -1.417457e-001 9.797022e-001
      outer loop
         vertex 1.842289e+000 8.458074e+001 3.113494e+000
         vertex 6.670438e+000 8.724833e+001 2.800897e+000
         vertex 6.612192e+000 8.737052e+001 2.827001e+000
      endloop
   endfacet
   facet normal 1.417457e-001 -1.417457e-001 9.797022e-001
      outer loop
         vertex -2.117974e+001 5.423629e+001 2.054069e+000
         vertex 7.513983e+000 8.598128e+001 2.495534e+000
         vertex -2.125791e+001 5.428396e+001 2.072276e+000
      endloop
   endfacet
   facet normal 1.417457e-001 -1.417457e-001 9.797022e-001
      outer loop
         vertex -2.125791e+001 5.428396e+001 2.072276e+000
         vertex 7.513983e+000 8.598128e+001 2.495534e+000
         vertex 7.302481e+000 8.622920e+001 2.562006e+000
      endloop
   endfacet
   facet normal 1.417457e-001 -1.417457e-001 9.797022e-001
      outer loop
         vertex -2.125791e+001 5.428396e+001 2.072276e+000
         vertex 7.302481e+000 8.622920e+001 2.562006e+000
         vertex -1.360405e+000 8.196223e+001 3.198015e+000
      endloop
   endfacet
   facet normal 1.417457e-001 -1.417457e-001 9.797022e-001
      outer loop
         vertex -1.360405e+000 8.196223e+001 3.198015e+000
         vertex 7.302481e+000 8.622920e+001 2.562006e+000
         vertex 6.971045e+000 8.661772e+001 2.666171e+000
      endloop
   endfacet
   facet normal 1.417457e-001 -1.417457e-001 9.797022e-001
      outer loop
         vertex -1.360405e+000 8.196223e+001 3.198015e+000
         vertex 6.971045e+000 8.661772e+001 2.666171e+000
         vertex -8.694667e-001 8.237691e+001 3.186983e+000
      endloop
   endfacet
   facet normal 1.417457e-001 -1.417457e-001 9.797022e-001
      outer loop
         vertex -8.694667e-001 8.237691e+001 3.186983e+000
         vertex 6.971045e+000 8.661772e+001 2.666171e+000
         vertex -4.136129e-001 8.275068e+001 3.175106e+000
      endloop
   endfacet
   facet normal 1.417457e-001 -1.417457e-001 9.797022e-001
      outer loop
         vertex -2.117974e+001 5.423629e+001 2.054069e+000
         vertex -2.090191e+001 5.421517e+001 2.010814e+000
         vertex 7.513983e+000 8.598128e+001 2.495534e+000
      endloop
   endfacet
   facet normal 1.417457e-001 -1.417457e-001 9.797022e-001
      outer loop
         vertex 7.513983e+000 8.598128e+001 2.495534e+000
         vertex -2.090191e+001 5.421517e+001 2.010814e+000
         vertex -2.071825e+001 5.420120e+001 1.982222e+000
      endloop
   endfacet
   facet normal 1.417457e-001 -1.417457e-001 9.797022e-001
      outer loop
         vertex 7.513983e+000 8.598128e+001 2.495534e+000
         vertex -2.071825e+001 5.420120e+001 1.982222e+000
         vertex -2.054428e+001 5.427227e+001 1.967334e+000
      endloop
   endfacet
   facet normal 1.417457e-001 -1.417457e-001 9.797022e-001
      outer loop
         vertex -2.028468e+001 5.437832e+001 1.945119e+000
         vertex -2.020952e+001 5.443708e+001 1.942746e+000
         vertex -2.054428e+001 5.427227e+001 1.967334e+000
      endloop
   endfacet
   facet normal 1.417457e-001 -1.417457e-001 9.797022e-001
      outer loop
         vertex -2.054428e+001 5.427227e+001 1.967334e+000
         vertex -2.020952e+001 5.443708e+001 1.942746e+000
         vertex -1.513334e+001 5.865213e+001 1.818155e+000
      endloop
   endfacet
   facet normal 1.417457e-001 -1.417457e-001 9.797022e-001
      outer loop
         vertex -2.054428e+001 5.427227e+001 1.967334e+000
         vertex -1.513334e+001 5.865213e+001 1.818155e+000
         vertex 7.513983e+000 8.598128e+001 2.495534e+000
      endloop
   endfacet
   facet normal 1.417457e-001 -1.417457e-001 9.797022e-001
      outer loop
         vertex 7.513983e+000 8.598128e+001 2.495534e+000
         vertex -1.513334e+001 5.865213e+001 1.818155e+000
         vertex -1.414791e+001 5.941751e+001 1.786318e+000
      endloop
   endfacet
   facet normal 1.417457e-001 -1.417457e-001 9.797022e-001
      outer loop
         vertex 7.513983e+000 8.598128e+001 2.495534e+000
         vertex -1.414791e+001 5.941751e+001 1.786318e+000
         vertex -9.930648e+000 6.269304e+001 1.650067e+000
      endloop
   endfacet
   facet normal 1.417457e-001 -1.417457e-001 9.797022e-001
      outer loop
         vertex -2.306373e+001 5.661990e+001 2.671516e+000
         vertex -2.304789e+001 5.612169e+001 2.597142e+000
         vertex -2.283787e+001 5.706927e+001 2.703854e+000
      endloop
   endfacet
   facet normal 1.417457e-001 -1.417457e-001 9.797022e-001
      outer loop
         vertex -2.283787e+001 5.706927e+001 2.703854e+000
         vertex -2.304789e+001 5.612169e+001 2.597142e+000
         vertex -2.280060e+001 5.570366e+001 2.500881e+000
      endloop
   endfacet
   facet normal 1.417457e-001 -1.417457e-001 9.797022e-001
      outer loop
         vertex -2.283787e+001 5.706927e+001 2.703854e+000
         vertex -2.280060e+001 5.570366e+001 2.500881e+000
         vertex -1.360405e+000 8.196223e+001 3.198015e+000
      endloop
   endfacet
   facet normal 1.417457e-001 -1.417457e-001 9.797022e-001
      outer loop
         vertex -1.360405e+000 8.196223e+001 3.198015e+000
         vertex -2.280060e+001 5.570366e+001 2.500881e+000
         vertex -2.157307e+001 5.447614e+001 2.145678e+000
      endloop
   endfacet
   facet normal 1.417457e-001 -1.417457e-001 9.797022e-001
      outer loop
         vertex -1.360405e+000 8.196223e+001 3.198015e+000
         vertex -2.157307e+001 5.447614e+001 2.145678e+000
         vertex -2.125791e+001 5.428396e+001 2.072276e+000
      endloop
   endfacet
   facet normal -1.417457e-001 1.417457e-001 -9.797022e-001
      outer loop
         vertex 6.489744e+000 8.799073e+001 2.416236e+000
         vertex 4.133576e+000 8.652168e+001 2.544587e+000
         vertex 6.479292e+000 8.827579e+001 2.458985e+000
      endloop
   endfacet
   facet normal -1.417457e-001 1.417457e-001 -9.797022e-001
      outer loop
         vertex 6.479292e+000 8.827579e+001 2.458985e+000
         vertex 4.133576e+000 8.652168e+001 2.544587e+000
         vertex 6.480161e+000 8.833013e+001 2.466720e+000
      endloop
   endfacet
   facet normal -1.417457e-001 1.417457e-001 -9.797022e-001
      outer loop
         vertex 6.489744e+000 8.799073e+001 2.416236e+000
         vertex 6.567957e+000 8.762100e+001 2.351426e+000
         vertex 4.133576e+000 8.652168e+001 2.544587e+000
      endloop
   endfacet
   facet normal -1.417457e-001 1.417457e-001 -9.797022e-001
      outer loop
         vertex 4.133576e+000 8.652168e+001 2.544587e+000
         vertex 6.567957e+000 8.762100e+001 2.351426e+000
         vertex 6.665673e+000 8.715907e+001 2.270455e+000
      endloop
   endfacet
   facet normal -1.417457e-001 1.417457e-001 -9.797022e-001
      outer loop
         vertex 4.133576e+000 8.652168e+001 2.544587e+000
         vertex 6.665673e+000 8.715907e+001 2.270455e+000
         vertex -4.855775e-001 8.282264e+001 2.677709e+000
      endloop
   endfacet
   facet normal -1.417457e-001 1.417457e-001 -9.797022e-001
      outer loop
         vertex 9.867881e+000 8.495021e+001 1.487572e+000
         vertex 9.213421e+000 8.396460e+001 1.439659e+000
         vertex 9.207400e+000 8.501834e+001 1.592988e+000
      endloop
   endfacet
   facet normal -1.417457e-001 1.417457e-001 -9.797022e-001
      outer loop
         vertex 9.207400e+000 8.501834e+001 1.592988e+000
         vertex 9.213421e+000 8.396460e+001 1.439659e+000
         vertex 9.028085e+000 8.503684e+001 1.621608e+000
      endloop
   endfacet
   facet normal -1.417457e-001 1.417457e-001 -9.797022e-001
      outer loop
         vertex 8.037827e+000 8.170451e+001 1.282749e+000
         vertex 7.531570e+000 8.027870e+001 1.149707e+000
         vertex -5.439147e-001 6.945100e+001 7.515082e-001
      endloop
   endfacet
   facet normal -1.417457e-001 1.417457e-001 -9.797022e-001
      outer loop
         vertex -5.439147e-001 6.945100e+001 7.515082e-001
         vertex 7.531570e+000 8.027870e+001 1.149707e+000
         vertex 7.307313e+000 7.926949e+001 1.036137e+000
      endloop
   endfacet
   facet normal -1.417457e-001 1.417457e-001 -9.797022e-001
      outer loop
         vertex -5.439147e-001 6.945100e+001 7.515082e-001
         vertex 7.307313e+000 7.926949e+001 1.036137e+000
         vertex 7.152665e+000 7.857354e+001 9.578197e-001
      endloop
   endfacet
   facet normal -1.417457e-001 1.417457e-001 -9.797022e-001
      outer loop
         vertex 7.152665e+000 7.857354e+001 9.578197e-001
         vertex 6.979856e+000 7.675663e+001 7.199468e-001
         vertex -5.439147e-001 6.945100e+001 7.515082e-001
      endloop
   endfacet
   facet normal -1.417457e-001 1.417457e-001 -9.797022e-001
      outer loop
         vertex -5.439147e-001 6.945100e+001 7.515082e-001
         vertex 6.979856e+000 7.675663e+001 7.199468e-001
         vertex 6.831058e+000 7.569211e+001 5.874582e-001
      endloop
   endfacet
   facet normal -1.417457e-001 1.417457e-001 -9.797022e-001
      outer loop
         vertex -5.439147e-001 6.945100e+001 7.515082e-001
         vertex 6.831058e+000 7.569211e+001 5.874582e-001
         vertex 5.014564e+000 7.301635e+001 4.631384e-001
      endloop
   endfacet
   facet normal -1.417457e-001 1.417457e-001 -9.797022e-001
      outer loop
         vertex 6.450385e+000 7.465843e+001 4.929797e-001
         vertex 5.977828e+000 7.388929e+001 4.500698e-001
         vertex 5.835688e+000 7.374568e+001 4.498572e-001
      endloop
   endfacet
   facet normal -1.417457e-001 1.417457e-001 -9.797022e-001
      outer loop
         vertex 6.665673e+000 8.715907e+001 2.270455e+000
         vertex 6.750437e+000 8.699092e+001 2.233863e+000
         vertex -4.855775e-001 8.282264e+001 2.677709e+000
      endloop
   endfacet
   facet normal -1.417457e-001 1.417457e-001 -9.797022e-001
      outer loop
         vertex -4.855775e-001 8.282264e+001 2.677709e+000
         vertex 6.750437e+000 8.699092e+001 2.233863e+000
         vertex 7.050105e+000 8.639647e+001 2.104499e+000
      endloop
   endfacet
   facet normal -1.417457e-001 1.417457e-001 -9.797022e-001
      outer loop
         vertex -4.855775e-001 8.282264e+001 2.677709e+000
         vertex 7.050105e+000 8.639647e+001 2.104499e+000
         vertex -9.414312e-001 8.244888e+001 2.689587e+000
      endloop
   endfacet
   facet normal -1.417457e-001 1.417457e-001 -9.797022e-001
      outer loop
         vertex 7.550687e+000 8.581737e+001 1.948287e+000
         vertex -2.116091e+001 5.428379e+001 1.539996e+000
         vertex 7.476492e+000 8.590320e+001 1.971441e+000
      endloop
   endfacet
   facet normal -1.417457e-001 1.417457e-001 -9.797022e-001
      outer loop
         vertex 7.476492e+000 8.590320e+001 1.971441e+000
         vertex -2.116091e+001 5.428379e+001 1.539996e+000
         vertex -2.132736e+001 5.436459e+001 1.575768e+000
      endloop
   endfacet
   facet normal -1.417457e-001 1.417457e-001 -9.797022e-001
      outer loop
         vertex 7.476492e+000 8.590320e+001 1.971441e+000
         vertex -2.132736e+001 5.436459e+001 1.575768e+000
         vertex 7.050105e+000 8.639647e+001 2.104499e+000
      endloop
   endfacet
   facet normal -1.417457e-001 1.417457e-001 -9.797022e-001
      outer loop
         vertex -9.414312e-001 8.244888e+001 2.689587e+000
         vertex 7.050105e+000 8.639647e+001 2.104499e+000
         vertex -1.432370e+000 8.203419e+001 2.700620e+000
      endloop
   endfacet
   facet normal -1.417457e-001 1.417457e-001 -9.797022e-001
      outer loop
         vertex -1.432370e+000 8.203419e+001 2.700620e+000
         vertex 7.050105e+000 8.639647e+001 2.104499e+000
         vertex -2.132736e+001 5.436459e+001 1.575768e+000
      endloop
   endfacet
   facet normal -1.417457e-001 1.417457e-001 -9.797022e-001
      outer loop
         vertex -1.432370e+000 8.203419e+001 2.700620e+000
         vertex -2.132736e+001 5.436459e+001 1.575768e+000
         vertex -2.157587e+001 5.448522e+001 1.629177e+000
      endloop
   endfacet
   facet normal -1.417457e-001 1.417457e-001 -9.797022e-001
      outer loop
         vertex 7.996161e+000 8.550371e+001 1.838453e+000
         vertex -5.973473e+000 6.571296e+001 9.962409e-001
         vertex 7.550687e+000 8.581737e+001 1.948287e+000
      endloop
   endfacet
   facet normal -1.417457e-001 1.417457e-001 -9.797022e-001
      outer loop
         vertex 7.550687e+000 8.581737e+001 1.948287e+000
         vertex -5.973473e+000 6.571296e+001 9.962409e-001
         vertex -7.975248e+000 6.423618e+001 1.072200e+000
      endloop
   endfacet
   facet normal -1.417457e-001 1.417457e-001 -9.797022e-001
      outer loop
         vertex 7.550687e+000 8.581737e+001 1.948287e+000
         vertex -7.975248e+000 6.423618e+001 1.072200e+000
         vertex -1.127077e+001 6.180498e+001 1.197251e+000
      endloop
   endfacet
   facet normal -1.417457e-001 1.417457e-001 -9.797022e-001
      outer loop
         vertex 6.499671e+000 7.473866e+001 4.974551e-001
         vertex 6.450385e+000 7.465843e+001 4.929797e-001
         vertex 6.825613e+000 7.565315e+001 5.826098e-001
      endloop
   endfacet
   facet normal -1.417457e-001 1.417457e-001 -9.797022e-001
      outer loop
         vertex 6.825613e+000 7.565315e+001 5.826098e-001
         vertex 6.450385e+000 7.465843e+001 4.929797e-001
         vertex 6.831058e+000 7.569211e+001 5.874582e-001
      endloop
   endfacet
   facet normal -1.417457e-001 1.417457e-001 -9.797022e-001
      outer loop
         vertex 6.450385e+000 7.465843e+001 4.929797e-001
         vertex 5.835688e+000 7.374568e+001 4.498572e-001
         vertex 6.831058e+000 7.569211e+001 5.874582e-001
      endloop
   endfacet
   facet normal -1.417457e-001 1.417457e-001 -9.797022e-001
      outer loop
         vertex 6.831058e+000 7.569211e+001 5.874582e-001
         vertex 5.835688e+000 7.374568e+001 4.498572e-001
         vertex 5.338689e+000 7.324355e+001 4.491137e-001
      endloop
   endfacet
   facet normal -1.417457e-001 1.417457e-001 -9.797022e-001
      outer loop
         vertex 6.831058e+000 7.569211e+001 5.874582e-001
         vertex 5.338689e+000 7.324355e+001 4.491137e-001
         vertex 5.014564e+000 7.301635e+001 4.631384e-001
      endloop
   endfacet
   facet normal -1.417457e-001 1.417457e-001 -9.797022e-001
      outer loop
         vertex -2.287256e+001 5.577563e+001 2.003485e+000
         vertex -2.311986e+001 5.619365e+001 2.099746e+000
         vertex -2.313570e+001 5.669186e+001 2.174120e+000
      endloop
   endfacet
   facet normal -1.417457e-001 1.417457e-001 -9.797022e-001
      outer loop
         vertex 9.213421e+000 8.396460e+001 1.439659e+000
         vertex 8.898791e+000 8.349078e+001 1.416625e+000
         vertex 9.028085e+000 8.503684e+001 1.621608e+000
      endloop
   endfacet
   facet normal -1.417457e-001 1.417457e-001 -9.797022e-001
      outer loop
         vertex 9.028085e+000 8.503684e+001 1.621608e+000
         vertex 8.898791e+000 8.349078e+001 1.416625e+000
         vertex 8.116246e+000 8.192536e+001 1.303357e+000
      endloop
   endfacet
   facet normal -1.417457e-001 1.417457e-001 -9.797022e-001
      outer loop
         vertex 9.028085e+000 8.503684e+001 1.621608e+000
         vertex 8.116246e+000 8.192536e+001 1.303357e+000
         vertex 8.577779e+000 8.520524e+001 1.711123e+000
      endloop
   endfacet
   facet normal -1.417457e-001 1.417457e-001 -9.797022e-001
      outer loop
         vertex 8.577779e+000 8.520524e+001 1.711123e+000
         vertex 8.116246e+000 8.192536e+001 1.303357e+000
         vertex 8.037827e+000 8.170451e+001 1.282749e+000
      endloop
   endfacet
   facet normal -1.417457e-001 1.417457e-001 -9.797022e-001
      outer loop
         vertex 8.577779e+000 8.520524e+001 1.711123e+000
         vertex 8.037827e+000 8.170451e+001 1.282749e+000
         vertex 8.241365e+000 8.533105e+001 1.777997e+000
      endloop
   endfacet
   facet normal -1.417457e-001 1.417457e-001 -9.797022e-001
      outer loop
         vertex 8.241365e+000 8.533105e+001 1.777997e+000
         vertex 8.037827e+000 8.170451e+001 1.282749e+000
         vertex -5.439147e-001 6.945100e+001 7.515082e-001
      endloop
   endfacet
   facet normal -1.417457e-001 1.417457e-001 -9.797022e-001
      outer loop
         vertex 8.241365e+000 8.533105e+001 1.777997e+000
         vertex -5.439147e-001 6.945100e+001 7.515082e-001
         vertex 7.996161e+000 8.550371e+001 1.838453e+000
      endloop
   endfacet
   facet normal -1.417457e-001 1.417457e-001 -9.797022e-001
      outer loop
         vertex 7.996161e+000 8.550371e+001 1.838453e+000
         vertex -5.439147e-001 6.945100e+001 7.515082e-001
         vertex -1.562479e+000 6.874976e+001 7.974191e-001
      endloop
   endfacet
   facet normal -1.417457e-001 1.417457e-001 -9.797022e-001
      outer loop
         vertex 7.996161e+000 8.550371e+001 1.838453e+000
         vertex -1.562479e+000 6.874976e+001 7.974191e-001
         vertex -5.973473e+000 6.571296e+001 9.962409e-001
      endloop
   endfacet
   facet normal -1.417457e-001 1.417457e-001 -9.797022e-001
      outer loop
         vertex -2.157587e+001 5.448522e+001 1.629177e+000
         vertex -2.164503e+001 5.454810e+001 1.648282e+000
         vertex -1.432370e+000 8.203419e+001 2.700620e+000
      endloop
   endfacet
   facet normal -1.417457e-001 1.417457e-001 -9.797022e-001
      outer loop
         vertex -1.432370e+000 8.203419e+001 2.700620e+000
         vertex -2.164503e+001 5.454810e+001 1.648282e+000
         vertex -2.287256e+001 5.577563e+001 2.003485e+000
      endloop
   endfacet
   facet normal -1.417457e-001 1.417457e-001 -9.797022e-001
      outer loop
         vertex -1.432370e+000 8.203419e+001 2.700620e+000
         vertex -2.287256e+001 5.577563e+001 2.003485e+000
         vertex -2.290984e+001 5.714124e+001 2.206459e+000
      endloop
   endfacet
   facet normal -1.417457e-001 1.417457e-001 -9.797022e-001
      outer loop
         vertex -2.290984e+001 5.714124e+001 2.206459e+000
         vertex -2.287256e+001 5.577563e+001 2.003485e+000
         vertex -2.313570e+001 5.669186e+001 2.174120e+000
      endloop
   endfacet
   facet normal -1.417457e-001 1.417457e-001 -9.797022e-001
      outer loop
         vertex -2.116091e+001 5.428379e+001 1.539996e+000
         vertex -2.061458e+001 5.433546e+001 1.468428e+000
         vertex -2.097632e+001 5.428720e+001 1.513784e+000
      endloop
   endfacet
   facet normal -1.417457e-001 1.417457e-001 -9.797022e-001
      outer loop
         vertex -2.097632e+001 5.428720e+001 1.513784e+000
         vertex -2.061458e+001 5.433546e+001 1.468428e+000
         vertex -2.069725e+001 5.429238e+001 1.474156e+000
      endloop
   endfacet
   facet normal -1.417457e-001 1.417457e-001 -9.797022e-001
      outer loop
         vertex -1.127077e+001 6.180498e+001 1.197251e+000
         vertex -1.421373e+001 5.948182e+001 1.286926e+000
         vertex 7.550687e+000 8.581737e+001 1.948287e+000
      endloop
   endfacet
   facet normal -1.417457e-001 1.417457e-001 -9.797022e-001
      outer loop
         vertex 7.550687e+000 8.581737e+001 1.948287e+000
         vertex -1.421373e+001 5.948182e+001 1.286926e+000
         vertex -1.643897e+001 5.772523e+001 1.354731e+000
      endloop
   endfacet
   facet normal -1.417457e-001 1.417457e-001 -9.797022e-001
      outer loop
         vertex 7.550687e+000 8.581737e+001 1.948287e+000
         vertex -1.643897e+001 5.772523e+001 1.354731e+000
         vertex -2.116091e+001 5.428379e+001 1.539996e+000
      endloop
   endfacet
   facet normal -1.417457e-001 1.417457e-001 -9.797022e-001
      outer loop
         vertex -2.116091e+001 5.428379e+001 1.539996e+000
         vertex -1.643897e+001 5.772523e+001 1.354731e+000
         vertex -2.028149e+001 5.450905e+001 1.445350e+000
      endloop
   endfacet
   facet normal -1.417457e-001 1.417457e-001 -9.797022e-001
      outer loop
         vertex -2.116091e+001 5.428379e+001 1.539996e+000
         vertex -2.028149e+001 5.450905e+001 1.445350e+000
         vertex -2.061458e+001 5.433546e+001 1.468428e+000
      endloop
   endfacet
   facet normal -9.851210e-001 1.718619e-001 3.688526e-014
      outer loop
         vertex 8.916909e+000 8.880240e+001 -3.089243e-001
         vertex 8.795087e+000 8.834776e+001 -3.010673e+000
         vertex 8.795087e+000 8.834776e+001 -3.089243e-001
      endloop
   endfacet
   facet normal -9.851210e-001 -1.718619e-001 2.919046e-014
      outer loop
         vertex 8.795087e+000 8.834776e+001 -3.089243e-001
         vertex 8.795087e+000 8.834776e+001 -3.010673e+000
         vertex 8.916909e+000 8.789310e+001 -3.010673e+000
      endloop
   endfacet
   facet normal -9.390708e-001 -3.437238e-001 2.387218e-014
      outer loop
         vertex 8.795087e+000 8.834776e+001 -3.089243e-001
         vertex 8.916909e+000 8.789310e+001 -3.010673e+000
         vertex 8.916909e+000 8.789310e+001 -3.089243e-001
      endloop
   endfacet
   facet normal -7.672089e-001 -6.413973e-001 1.142695e-014
      outer loop
         vertex 8.916909e+000 8.789310e+001 -3.089243e-001
         vertex 8.916909e+000 8.789310e+001 -3.010673e+000
         vertex 9.249733e+000 8.756029e+001 -3.010673e+000
      endloop
   endfacet
   facet normal -6.413973e-001 -7.672089e-001 4.381970e-015
      outer loop
         vertex 8.916909e+000 8.789310e+001 -3.089243e-001
         vertex 9.249733e+000 8.756029e+001 -3.010673e+000
         vertex 9.249733e+000 8.756029e+001 -3.089243e-001
      endloop
   endfacet
   facet normal -3.437238e-001 -9.390708e-001 -9.470132e-015
      outer loop
         vertex 9.249733e+000 8.756029e+001 -3.089243e-001
         vertex 9.249733e+000 8.756029e+001 -3.010673e+000
         vertex 9.704378e+000 8.743846e+001 -3.010673e+000
      endloop
   endfacet
   facet normal -1.718619e-001 -9.851210e-001 -1.627726e-014
      outer loop
         vertex 9.249733e+000 8.756029e+001 -3.089243e-001
         vertex 9.704378e+000 8.743846e+001 -3.010673e+000
         vertex 9.704378e+000 8.743846e+001 -3.089243e-001
      endloop
   endfacet
   facet normal 1.718619e-001 -9.851210e-001 -2.782970e-014
      outer loop
         vertex 9.704378e+000 8.743846e+001 -3.089243e-001
         vertex 9.704378e+000 8.743846e+001 -3.010673e+000
         vertex 1.015902e+001 8.756029e+001 -3.010673e+000
      endloop
   endfacet
   facet normal 3.437238e-001 -9.390708e-001 -3.257501e-014
      outer loop
         vertex 9.704378e+000 8.743846e+001 -3.089243e-001
         vertex 1.015902e+001 8.756029e+001 -3.010673e+000
         vertex 1.015902e+001 8.756029e+001 -3.089243e-001
      endloop
   endfacet
   facet normal 6.413973e-001 -7.672089e-001 -3.873232e-014
      outer loop
         vertex 1.015902e+001 8.756029e+001 -3.089243e-001
         vertex 1.015902e+001 8.756029e+001 -3.010673e+000
         vertex 1.049185e+001 8.789310e+001 -3.010673e+000
      endloop
   endfacet
   facet normal 7.672089e-001 -6.413973e-001 -4.014431e-014
      outer loop
         vertex 1.015902e+001 8.756029e+001 -3.089243e-001
         vertex 1.049185e+001 8.789310e+001 -3.010673e+000
         vertex 1.049185e+001 8.789310e+001 -3.089243e-001
      endloop
   endfacet
   facet normal 9.390708e-001 -3.437238e-001 -3.925664e-014
      outer loop
         vertex 1.049185e+001 8.789310e+001 -3.089243e-001
         vertex 1.049185e+001 8.789310e+001 -3.010673e+000
         vertex 1.061367e+001 8.834776e+001 -3.010673e+000
      endloop
   endfacet
   facet normal 9.851210e-001 -1.718619e-001 -3.695698e-014
      outer loop
         vertex 1.049185e+001 8.789310e+001 -3.089243e-001
         vertex 1.061367e+001 8.834776e+001 -3.010673e+000
         vertex 1.061367e+001 8.834776e+001 -3.089243e-001
      endloop
   endfacet
   facet normal 9.851210e-001 1.718619e-001 -2.926218e-014
      outer loop
         vertex 1.061367e+001 8.834776e+001 -3.089243e-001
         vertex 1.061367e+001 8.834776e+001 -3.010673e+000
         vertex 1.049185e+001 8.880240e+001 -3.010673e+000
      endloop
   endfacet
   facet normal 9.390708e-001 3.437238e-001 -2.386705e-014
      outer loop
         vertex 1.061367e+001 8.834776e+001 -3.089243e-001
         vertex 1.049185e+001 8.880240e+001 -3.010673e+000
         vertex 1.049185e+001 8.880240e+001 -3.089243e-001
      endloop
   endfacet
   facet normal 7.672089e-001 6.413973e-001 -1.142695e-014
      outer loop
         vertex 1.049185e+001 8.880240e+001 -3.089243e-001
         vertex 1.049185e+001 8.880240e+001 -3.010673e+000
         vertex 1.015902e+001 8.913522e+001 -3.010673e+000
      endloop
   endfacet
   facet normal 6.413973e-001 7.672089e-001 -4.381970e-015
      outer loop
         vertex 1.049185e+001 8.880240e+001 -3.089243e-001
         vertex 1.015902e+001 8.913522e+001 -3.010673e+000
         vertex 1.015902e+001 8.913522e+001 -3.089243e-001
      endloop
   endfacet
   facet normal 3.437238e-001 9.390708e-001 9.470132e-015
      outer loop
         vertex 1.015902e+001 8.913522e+001 -3.089243e-001
         vertex 1.015902e+001 8.913522e+001 -3.010673e+000
         vertex 9.704378e+000 8.925705e+001 -3.010673e+000
      endloop
   endfacet
   facet normal 1.718619e-001 9.851210e-001 1.627726e-014
      outer loop
         vertex 1.015902e+001 8.913522e+001 -3.089243e-001
         vertex 9.704378e+000 8.925705e+001 -3.010673e+000
         vertex 9.704378e+000 8.925705e+001 -3.089243e-001
      endloop
   endfacet
   facet normal -1.718619e-001 9.851210e-001 2.782970e-014
      outer loop
         vertex 9.704378e+000 8.925705e+001 -3.089243e-001
         vertex 9.704378e+000 8.925705e+001 -3.010673e+000
         vertex 9.249733e+000 8.913522e+001 -3.010673e+000
      endloop
   endfacet
   facet normal -3.437238e-001 9.390708e-001 3.257501e-014
      outer loop
         vertex 9.704378e+000 8.925705e+001 -3.089243e-001
         vertex 9.249733e+000 8.913522e+001 -3.010673e+000
         vertex 9.249733e+000 8.913522e+001 -3.089243e-001
      endloop
   endfacet
   facet normal -6.413973e-001 7.672089e-001 3.873232e-014
      outer loop
         vertex 9.249733e+000 8.913522e+001 -3.089243e-001
         vertex 9.249733e+000 8.913522e+001 -3.010673e+000
         vertex 8.916909e+000 8.880240e+001 -3.010673e+000
      endloop
   endfacet
   facet normal -7.672089e-001 6.413973e-001 4.014431e-014
      outer loop
         vertex 9.249733e+000 8.913522e+001 -3.089243e-001
         vertex 8.916909e+000 8.880240e+001 -3.010673e+000
         vertex 8.916909e+000 8.880240e+001 -3.089243e-001
      endloop
   endfacet
   facet normal -9.390708e-001 3.437238e-001 3.917980e-014
      outer loop
         vertex 8.916909e+000 8.880240e+001 -3.089243e-001
         vertex 8.916909e+000 8.880240e+001 -3.010673e+000
         vertex 8.795087e+000 8.834776e+001 -3.010673e+000
      endloop
   endfacet
   facet normal 1.789856e-001 1.403280e-001 9.737927e-001
      outer loop
         vertex 1.285722e+001 8.878850e+001 2.917465e+000
         vertex 1.273449e+001 8.877546e+001 2.947417e+000
         vertex 1.270349e+001 8.870564e+001 2.950971e+000
      endloop
   endfacet
   facet normal 9.660273e-001 1.425775e-001 2.155525e-001
      outer loop
         vertex 1.235045e+001 8.878757e+001 3.360009e+000
         vertex 1.235853e+001 8.872877e+001 3.368773e+000
         vertex 1.240636e+001 8.867702e+001 3.223335e+000
      endloop
   endfacet
   facet normal 8.553139e-001 -1.144946e-001 5.053010e-001
      outer loop
         vertex 1.243381e+001 8.839910e+001 3.172002e+000
         vertex 1.248042e+001 8.842261e+001 3.111859e+000
         vertex 1.248812e+001 8.851828e+001 3.097295e+000
      endloop
   endfacet
   facet normal 7.948896e-001 -1.468778e-001 5.887082e-001
      outer loop
         vertex 1.248812e+001 8.851828e+001 3.097295e+000
         vertex 1.248042e+001 8.842261e+001 3.111859e+000
         vertex 1.252846e+001 8.844682e+001 3.049875e+000
      endloop
   endfacet
   facet normal 5.665568e-001 -2.211412e-001 7.937946e-001
      outer loop
         vertex 1.256777e+001 8.846663e+001 2.999145e+000
         vertex 1.261820e+001 8.847691e+001 2.976218e+000
         vertex 1.264398e+001 8.855826e+001 2.968112e+000
      endloop
   endfacet
   facet normal 5.149699e-001 -2.343076e-001 8.245642e-001
      outer loop
         vertex 1.264398e+001 8.855826e+001 2.968112e+000
         vertex 1.261820e+001 8.847691e+001 2.976218e+000
         vertex 1.265119e+001 8.848363e+001 2.961220e+000
      endloop
   endfacet
   facet normal 3.295544e-001 1.555608e-001 9.312329e-001
      outer loop
         vertex 1.273449e+001 8.877546e+001 2.947417e+000
         vertex 1.262778e+001 8.876412e+001 2.973457e+000
         vertex 1.270349e+001 8.870564e+001 2.950971e+000
      endloop
   endfacet
   facet normal 4.812133e-001 1.259153e-001 8.675132e-001
      outer loop
         vertex 1.270349e+001 8.870564e+001 2.950971e+000
         vertex 1.262778e+001 8.876412e+001 2.973457e+000
         vertex 1.252695e+001 8.868715e+001 3.056195e+000
      endloop
   endfacet
   facet normal 4.721019e-001 3.607684e-002 8.808055e-001
      outer loop
         vertex 1.270349e+001 8.870564e+001 2.950971e+000
         vertex 1.252695e+001 8.868715e+001 3.056195e+000
         vertex 1.267416e+001 8.863380e+001 2.962538e+000
      endloop
   endfacet
   facet normal 6.124604e-001 1.405443e-002 7.903763e-001
      outer loop
         vertex 1.267416e+001 8.863380e+001 2.962538e+000
         vertex 1.252695e+001 8.868715e+001 3.056195e+000
         vertex 1.250737e+001 8.860603e+001 3.080815e+000
      endloop
   endfacet
   facet normal 5.507211e-001 -7.577995e-002 8.312423e-001
      outer loop
         vertex 1.267416e+001 8.863380e+001 2.962538e+000
         vertex 1.250737e+001 8.860603e+001 3.080815e+000
         vertex 1.264398e+001 8.855826e+001 2.968112e+000
      endloop
   endfacet
   facet normal 6.817854e-001 -8.592475e-002 7.264885e-001
      outer loop
         vertex 1.264398e+001 8.855826e+001 2.968112e+000
         vertex 1.250737e+001 8.860603e+001 3.080815e+000
         vertex 1.248812e+001 8.851828e+001 3.097295e+000
      endloop
   endfacet
   facet normal 6.517528e-001 -1.645641e-001 7.403628e-001
      outer loop
         vertex 1.264398e+001 8.855826e+001 2.968112e+000
         vertex 1.248812e+001 8.851828e+001 3.097295e+000
         vertex 1.256777e+001 8.846663e+001 2.999145e+000
      endloop
   endfacet
   facet normal 7.314461e-001 -1.745846e-001 6.591713e-001
      outer loop
         vertex 1.256777e+001 8.846663e+001 2.999145e+000
         vertex 1.248812e+001 8.851828e+001 3.097295e+000
         vertex 1.252846e+001 8.844682e+001 3.049875e+000
      endloop
   endfacet
   facet normal 9.514959e-001 1.056165e-001 2.889648e-001
      outer loop
         vertex 1.240636e+001 8.867702e+001 3.223335e+000
         vertex 1.235853e+001 8.872877e+001 3.368773e+000
         vertex 1.240210e+001 8.857809e+001 3.256087e+000
      endloop
   endfacet
   facet normal 9.772483e-001 9.200836e-002 1.911029e-001
      outer loop
         vertex 1.240210e+001 8.857809e+001 3.256087e+000
         vertex 1.235853e+001 8.872877e+001 3.368773e+000
         vertex 1.237289e+001 8.856735e+001 3.343983e+000
      endloop
   endfacet
   facet normal 9.706761e-001 4.682841e-002 2.357857e-001
      outer loop
         vertex 1.240210e+001 8.857809e+001 3.256087e+000
         vertex 1.237289e+001 8.856735e+001 3.343983e+000
         vertex 1.239868e+001 8.847105e+001 3.277164e+000
      endloop
   endfacet
   facet normal 9.865706e-001 2.863131e-002 1.608065e-001
      outer loop
         vertex 1.239868e+001 8.847105e+001 3.277164e+000
         vertex 1.237289e+001 8.856735e+001 3.343983e+000
         vertex 1.239242e+001 8.834776e+001 3.310257e+000
      endloop
   endfacet
   facet normal 9.692159e-001 -3.007151e-002 2.443691e-001
      outer loop
         vertex 1.239868e+001 8.847105e+001 3.277164e+000
         vertex 1.239242e+001 8.834776e+001 3.310257e+000
         vertex 1.242711e+001 8.839574e+001 3.180640e+000
      endloop
   endfacet
   facet normal 7.813308e-001 1.856835e-001 5.958555e-001
      outer loop
         vertex 1.255549e+001 8.876376e+001 3.035239e+000
         vertex 1.244330e+001 8.876321e+001 3.131119e+000
         vertex 1.240636e+001 8.867702e+001 3.223335e+000
      endloop
   endfacet
   facet normal 8.571877e-001 1.785540e-001 4.830609e-001
      outer loop
         vertex 1.240636e+001 8.867702e+001 3.223335e+000
         vertex 1.244330e+001 8.876321e+001 3.131119e+000
         vertex 1.242162e+001 8.876890e+001 3.184552e+000
      endloop
   endfacet
   facet normal 9.276185e-001 1.641564e-001 3.355243e-001
      outer loop
         vertex 1.240636e+001 8.867702e+001 3.223335e+000
         vertex 1.242162e+001 8.876890e+001 3.184552e+000
         vertex 1.235045e+001 8.878757e+001 3.360009e+000
      endloop
   endfacet
   facet normal -7.013711e-002 1.079697e-001 9.916770e-001
      outer loop
         vertex 1.291992e+001 8.879829e+001 2.921057e+000
         vertex 1.285722e+001 8.878850e+001 2.917465e+000
         vertex 1.288831e+001 8.872932e+001 2.915699e+000
      endloop
   endfacet
   facet normal 8.518371e-002 8.276322e-002 9.929219e-001
      outer loop
         vertex 1.288831e+001 8.872932e+001 2.915699e+000
         vertex 1.285722e+001 8.878850e+001 2.917465e+000
         vertex 1.270349e+001 8.870564e+001 2.950971e+000
      endloop
   endfacet
   facet normal 1.051977e-001 -5.263073e-003 9.944374e-001
      outer loop
         vertex 1.288831e+001 8.872932e+001 2.915699e+000
         vertex 1.270349e+001 8.870564e+001 2.950971e+000
         vertex 1.285549e+001 8.865771e+001 2.910136e+000
      endloop
   endfacet
   facet normal 2.591198e-001 -3.119639e-002 9.653413e-001
      outer loop
         vertex 1.285549e+001 8.865771e+001 2.910136e+000
         vertex 1.270349e+001 8.870564e+001 2.950971e+000
         vertex 1.267416e+001 8.863380e+001 2.962538e+000
      endloop
   endfacet
   facet normal 1.797080e-001 -1.028118e-001 9.783327e-001
      outer loop
         vertex 1.285549e+001 8.865771e+001 2.910136e+000
         vertex 1.267416e+001 8.863380e+001 2.962538e+000
         vertex 1.284069e+001 8.862543e+001 2.907628e+000
      endloop
   endfacet
   facet normal 3.308668e-001 -1.256320e-001 9.352774e-001
      outer loop
         vertex 1.284069e+001 8.862543e+001 2.907628e+000
         vertex 1.267416e+001 8.863380e+001 2.962538e+000
         vertex 1.264398e+001 8.855826e+001 2.968112e+000
      endloop
   endfacet
   facet normal 2.374355e-001 -1.791449e-001 9.547415e-001
      outer loop
         vertex 1.284069e+001 8.862543e+001 2.907628e+000
         vertex 1.264398e+001 8.855826e+001 2.968112e+000
         vertex 1.282205e+001 8.858476e+001 2.904469e+000
      endloop
   endfacet
   facet normal 3.774973e-001 -2.221433e-001 8.989706e-001
      outer loop
         vertex 1.282205e+001 8.858476e+001 2.904469e+000
         vertex 1.264398e+001 8.855826e+001 2.968112e+000
         vertex 1.265119e+001 8.848363e+001 2.961220e+000
      endloop
   endfacet
   facet normal 2.847120e-001 -2.749351e-001 9.183407e-001
      outer loop
         vertex 1.282205e+001 8.858476e+001 2.904469e+000
         vertex 1.265119e+001 8.848363e+001 2.961220e+000
         vertex 1.278852e+001 8.851160e+001 2.898786e+000
      endloop
   endfacet
   facet normal 5.693042e-001 1.759967e-001 8.030679e-001
      outer loop
         vertex 1.262778e+001 8.876412e+001 2.973457e+000
         vertex 1.255549e+001 8.876376e+001 3.035239e+000
         vertex 1.252695e+001 8.868715e+001 3.056195e+000
      endloop
   endfacet
   facet normal 7.394797e-001 1.484398e-001 6.566090e-001
      outer loop
         vertex 1.252695e+001 8.868715e+001 3.056195e+000
         vertex 1.255549e+001 8.876376e+001 3.035239e+000
         vertex 1.240636e+001 8.867702e+001 3.223335e+000
      endloop
   endfacet
   facet normal 7.816105e-001 7.376058e-002 6.193903e-001
      outer loop
         vertex 1.252695e+001 8.868715e+001 3.056195e+000
         vertex 1.240636e+001 8.867702e+001 3.223335e+000
         vertex 1.250737e+001 8.860603e+001 3.080815e+000
      endloop
   endfacet
   facet normal 8.741050e-001 5.802263e-002 4.822592e-001
      outer loop
         vertex 1.250737e+001 8.860603e+001 3.080815e+000
         vertex 1.240636e+001 8.867702e+001 3.223335e+000
         vertex 1.240210e+001 8.857809e+001 3.256087e+000
      endloop
   endfacet
   facet normal 8.360691e-001 -1.182771e-002 5.484967e-001
      outer loop
         vertex 1.250737e+001 8.860603e+001 3.080815e+000
         vertex 1.240210e+001 8.857809e+001 3.256087e+000
         vertex 1.248812e+001 8.851828e+001 3.097295e+000
      endloop
   endfacet
   facet normal 9.152634e-001 -9.008734e-003 4.027554e-001
      outer loop
         vertex 1.248812e+001 8.851828e+001 3.097295e+000
         vertex 1.240210e+001 8.857809e+001 3.256087e+000
         vertex 1.239868e+001 8.847105e+001 3.277164e+000
      endloop
   endfacet
   facet normal 9.056745e-001 -6.167459e-002 4.194638e-001
      outer loop
         vertex 1.248812e+001 8.851828e+001 3.097295e+000
         vertex 1.239868e+001 8.847105e+001 3.277164e+000
         vertex 1.243381e+001 8.839910e+001 3.172002e+000
      endloop
   endfacet
   facet normal 9.399682e-001 -6.391998e-002 3.352225e-001
      outer loop
         vertex 1.243381e+001 8.839910e+001 3.172002e+000
         vertex 1.239868e+001 8.847105e+001 3.277164e+000
         vertex 1.242711e+001 8.839574e+001 3.180640e+000
      endloop
   endfacet
   facet normal 6.330811e-001 2.958687e-001 7.153112e-001
      outer loop
         vertex 1.244330e+001 8.876321e+001 3.131119e+000
         vertex 1.255549e+001 8.876376e+001 3.035240e+000
         vertex 1.221754e+001 8.977534e+001 2.811300e+000
      endloop
   endfacet
   facet normal 1.512959e-001 5.353156e-001 8.309914e-001
      outer loop
         vertex 1.125645e+001 9.102685e+001 2.372490e+000
         vertex 1.115107e+001 9.087792e+001 2.468904e+000
         vertex 1.152735e+001 9.061349e+001 2.569746e+000
      endloop
   endfacet
   facet normal 7.199632e-002 9.786869e-001 1.923238e-001
      outer loop
         vertex 9.787449e+000 9.110239e+001 2.547100e+000
         vertex 1.004997e+001 9.105582e+001 2.598691e+000
         vertex 1.009069e+001 9.112238e+001 2.413914e+000
      endloop
   endfacet
   facet normal -1.484742e-001 1.890202e-001 9.706837e-001
      outer loop
         vertex 9.335022e+000 9.151325e+001 2.009580e+000
         vertex 9.218911e+000 9.149625e+001 1.995229e+000
         vertex 9.227267e+000 9.142748e+001 2.020079e+000
      endloop
   endfacet
   facet normal -1.319798e-001 2.008264e-001 9.706956e-001
      outer loop
         vertex 1.094537e+001 9.130677e+001 2.272442e+000
         vertex 1.018877e+001 9.150069e+001 2.134917e+000
         vertex 1.017526e+001 9.141938e+001 2.153279e+000
      endloop
   endfacet
   facet normal -1.319988e-001 2.007941e-001 9.706998e-001
      outer loop
         vertex 1.017526e+001 9.141938e+001 2.153279e+000
         vertex 1.018877e+001 9.150069e+001 2.134917e+000
         vertex 1.012704e+001 9.151651e+001 2.123696e+000
      endloop
   endfacet
   facet normal -1.019365e-001 2.096855e-001 9.724407e-001
      outer loop
         vertex 1.130411e+001 9.110429e+001 2.353641e+000
         vertex 1.125645e+001 9.102685e+001 2.372490e+000
         vertex 1.167518e+001 9.089486e+001 2.437627e+000
      endloop
   endfacet
   facet normal -4.582446e-002 2.763810e-001 9.599550e-001
      outer loop
         vertex 1.167518e+001 9.089486e+001 2.437627e+000
         vertex 1.125645e+001 9.102685e+001 2.372490e+000
         vertex 1.165562e+001 9.074405e+001 2.474448e+000
      endloop
   endfacet
   facet normal -4.825845e-002 1.953300e-001 9.795495e-001
      outer loop
         vertex 1.269379e+001 8.959803e+001 2.772633e+000
         vertex 1.250594e+001 8.991490e+001 2.699607e+000
         vertex 1.238574e+001 8.985069e+001 2.718485e+000
      endloop
   endfacet
   facet normal -4.820767e-002 1.953869e-001 9.795407e-001
      outer loop
         vertex 1.238574e+001 8.985069e+001 2.718485e+000
         vertex 1.250594e+001 8.991490e+001 2.699607e+000
         vertex 1.227142e+001 9.031048e+001 2.608443e+000
      endloop
   endfacet
   facet normal 8.076935e-003 2.618080e-001 9.650862e-001
      outer loop
         vertex 1.238574e+001 8.985069e+001 2.718485e+000
         vertex 1.227142e+001 9.031048e+001 2.608443e+000
         vertex 1.165562e+001 9.074405e+001 2.474448e+000
      endloop
   endfacet
   facet normal -8.645592e-002 2.095506e-001 9.739681e-001
      outer loop
         vertex 1.165562e+001 9.074405e+001 2.474448e+000
         vertex 1.227142e+001 9.031048e+001 2.608443e+000
         vertex 1.173366e+001 9.083754e+001 2.454384e+000
      endloop
   endfacet
   facet normal -8.645356e-002 2.095950e-001 9.739588e-001
      outer loop
         vertex 1.165562e+001 9.074405e+001 2.474448e+000
         vertex 1.173366e+001 9.083754e+001 2.454384e+000
         vertex 1.167518e+001 9.089486e+001 2.437627e+000
      endloop
   endfacet
   facet normal -1.007385e-001 1.484794e-001 9.837711e-001
      outer loop
         vertex 1.291992e+001 8.879829e+001 2.921057e+000
         vertex 1.269379e+001 8.959803e+001 2.772633e+000
         vertex 1.285722e+001 8.878850e+001 2.917465e+000
      endloop
   endfacet
   facet normal -6.748171e-003 2.012668e-001 9.795132e-001
      outer loop
         vertex 1.285722e+001 8.878850e+001 2.917465e+000
         vertex 1.269379e+001 8.959803e+001 2.772633e+000
         vertex 1.238574e+001 8.985069e+001 2.718485e+000
      endloop
   endfacet
   facet normal 1.178214e-001 2.176850e-001 9.688815e-001
      outer loop
         vertex 1.285722e+001 8.878850e+001 2.917465e+000
         vertex 1.238574e+001 8.985069e+001 2.718485e+000
         vertex 1.273448e+001 8.877546e+001 2.947417e+000
      endloop
   endfacet
   facet normal 2.701285e-001 2.342725e-001 9.338881e-001
      outer loop
         vertex 1.273448e+001 8.877546e+001 2.947417e+000
         vertex 1.238574e+001 8.985069e+001 2.718485e+000
         vertex 1.262778e+001 8.876412e+001 2.973457e+000
      endloop
   endfacet
   facet normal 8.230918e-001 4.500590e-001 3.463624e-001
      outer loop
         vertex 1.208887e+001 8.973721e+001 2.968047e+000
         vertex 1.212980e+001 8.953455e+001 3.198153e+000
         vertex 1.229548e+001 8.926739e+001 3.079216e+000
      endloop
   endfacet
   facet normal 8.918923e-001 3.899767e-001 2.290115e-001
      outer loop
         vertex 1.229548e+001 8.926739e+001 3.079216e+000
         vertex 1.212980e+001 8.953455e+001 3.198153e+000
         vertex 1.220728e+001 8.927226e+001 3.254986e+000
      endloop
   endfacet
   facet normal 8.824575e-001 3.113827e-001 3.525757e-001
      outer loop
         vertex 1.229548e+001 8.926739e+001 3.079216e+000
         vertex 1.220728e+001 8.927226e+001 3.254986e+000
         vertex 1.242162e+001 8.876890e+001 3.184552e+000
      endloop
   endfacet
   facet normal 9.354729e-001 2.645454e-001 2.343205e-001
      outer loop
         vertex 1.242162e+001 8.876890e+001 3.184552e+000
         vertex 1.220728e+001 8.927226e+001 3.254986e+000
         vertex 1.229654e+001 8.897008e+001 3.320463e+000
      endloop
   endfacet
   facet normal 9.503653e-001 2.027079e-001 2.360411e-001
      outer loop
         vertex 1.242162e+001 8.876890e+001 3.184552e+000
         vertex 1.229654e+001 8.897008e+001 3.320463e+000
         vertex 1.235045e+001 8.878757e+001 3.360009e+000
      endloop
   endfacet
   facet normal 7.700788e-001 5.992214e-001 2.188889e-001
      outer loop
         vertex 1.171091e+001 9.018076e+001 3.021214e+000
         vertex 1.189164e+001 8.990194e+001 3.097557e+000
         vertex 1.208887e+001 8.973721e+001 2.968047e+000
      endloop
   endfacet
   facet normal 8.090063e-001 5.445096e-001 2.214003e-001
      outer loop
         vertex 1.208887e+001 8.973721e+001 2.968047e+000
         vertex 1.189164e+001 8.990194e+001 3.097557e+000
         vertex 1.200458e+001 8.972771e+001 3.145262e+000
      endloop
   endfacet
   facet normal 8.376091e-001 4.980682e-001 2.243637e-001
      outer loop
         vertex 1.208887e+001 8.973721e+001 2.968047e+000
         vertex 1.200458e+001 8.972771e+001 3.145262e+000
         vertex 1.212980e+001 8.953455e+001 3.198153e+000
      endloop
   endfacet
   facet normal 3.825369e-001 9.017628e-001 2.012195e-001
      outer loop
         vertex 1.049857e+001 9.097624e+001 2.686851e+000
         vertex 1.099628e+001 9.073685e+001 2.809847e+000
         vertex 1.106136e+001 9.078223e+001 2.628205e+000
      endloop
   endfacet
   facet normal 4.657502e-001 8.611420e-001 2.037431e-001
      outer loop
         vertex 1.106136e+001 9.078223e+001 2.628205e+000
         vertex 1.099628e+001 9.073685e+001 2.809847e+000
         vertex 1.117462e+001 9.065108e+001 2.853917e+000
      endloop
   endfacet
   facet normal 4.697441e-001 8.205206e-001 3.257091e-001
      outer loop
         vertex 1.106136e+001 9.078223e+001 2.628205e+000
         vertex 1.117462e+001 9.065108e+001 2.853917e+000
         vertex 1.142242e+001 9.053299e+001 2.728151e+000
      endloop
   endfacet
   facet normal -1.093276e-001 9.316916e-001 3.464074e-001
      outer loop
         vertex 9.243424e+000 9.112151e+001 2.304722e+000
         vertex 9.238249e+000 9.109451e+001 2.384494e+000
         vertex 1.009069e+001 9.112238e+001 2.413914e+000
      endloop
   endfacet
   facet normal 4.491771e-003 9.815771e-001 1.910136e-001
      outer loop
         vertex 9.787449e+000 9.110239e+001 2.547100e+000
         vertex 1.009069e+001 9.112238e+001 2.413914e+000
         vertex 9.505220e+000 9.108537e+001 2.502685e+000
      endloop
   endfacet
   facet normal -6.831972e-002 9.678934e-001 2.418985e-001
      outer loop
         vertex 9.505220e+000 9.108537e+001 2.502685e+000
         vertex 1.009069e+001 9.112238e+001 2.413914e+000
         vertex 9.238249e+000 9.109451e+001 2.384494e+000
      endloop
   endfacet
   facet normal -1.429701e-001 9.827936e-001 1.169453e-001
      outer loop
         vertex 9.505220e+000 9.108537e+001 2.502685e+000
         vertex 9.238249e+000 9.109451e+001 2.384494e+000
         vertex 9.233356e+000 9.106898e+001 2.459901e+000
      endloop
   endfacet
   facet normal -1.448201e-001 2.979747e-001 9.435244e-001
      outer loop
         vertex 9.228041e+000 9.142113e+001 2.022377e+000
         vertex 1.017526e+001 9.141938e+001 2.153279e+000
         vertex 9.227267e+000 9.142748e+001 2.020079e+000
      endloop
   endfacet
   facet normal -1.383224e-001 2.477437e-001 9.589004e-001
      outer loop
         vertex 9.227267e+000 9.142748e+001 2.020079e+000
         vertex 1.017526e+001 9.141938e+001 2.153279e+000
         vertex 1.012704e+001 9.151651e+001 2.123696e+000
      endloop
   endfacet
   facet normal -1.484682e-001 1.890396e-001 9.706808e-001
      outer loop
         vertex 9.227267e+000 9.142748e+001 2.020079e+000
         vertex 1.012704e+001 9.151651e+001 2.123696e+000
         vertex 9.335022e+000 9.151325e+001 2.009580e+000
      endloop
   endfacet
   facet normal -1.396559e-001 6.314973e-001 7.626975e-001
      outer loop
         vertex 9.243270e+000 9.125516e+001 2.123254e+000
         vertex 1.013424e+001 9.124303e+001 2.252271e+000
         vertex 9.242232e+000 9.127634e+001 2.102863e+000
      endloop
   endfacet
   facet normal -1.130243e-001 5.320958e-001 8.391063e-001
      outer loop
         vertex 9.242232e+000 9.127634e+001 2.102863e+000
         vertex 1.013424e+001 9.124303e+001 2.252271e+000
         vertex 1.017526e+001 9.141938e+001 2.153279e+000
      endloop
   endfacet
   facet normal -1.635366e-001 4.666961e-001 8.691666e-001
      outer loop
         vertex 9.242232e+000 9.127634e+001 2.102863e+000
         vertex 1.017526e+001 9.141938e+001 2.153279e+000
         vertex 9.239938e+000 9.132323e+001 2.057759e+000
      endloop
   endfacet
   facet normal -1.529258e-001 3.663655e-001 9.178180e-001
      outer loop
         vertex 9.239938e+000 9.132323e+001 2.057759e+000
         vertex 1.017526e+001 9.141938e+001 2.153279e+000
         vertex 9.228041e+000 9.142113e+001 2.022377e+000
      endloop
   endfacet
   facet normal 9.634186e-002 4.347866e-001 8.953652e-001
      outer loop
         vertex 1.125645e+001 9.102685e+001 2.372490e+000
         vertex 1.152735e+001 9.061349e+001 2.569746e+000
         vertex 1.165562e+001 9.074405e+001 2.474448e+000
      endloop
   endfacet
   facet normal 2.653087e-001 4.726499e-001 8.403650e-001
      outer loop
         vertex 1.165562e+001 9.074405e+001 2.474448e+000
         vertex 1.152735e+001 9.061349e+001 2.569746e+000
         vertex 1.221754e+001 8.977534e+001 2.811300e+000
      endloop
   endfacet
   facet normal 2.173515e-001 3.684134e-001 9.038970e-001
      outer loop
         vertex 1.165562e+001 9.074405e+001 2.474448e+000
         vertex 1.221754e+001 8.977534e+001 2.811300e+000
         vertex 1.238574e+001 8.985069e+001 2.718485e+000
      endloop
   endfacet
   facet normal 4.125262e-001 3.269965e-001 8.502326e-001
      outer loop
         vertex 1.238574e+001 8.985069e+001 2.718485e+000
         vertex 1.221754e+001 8.977534e+001 2.811300e+000
         vertex 1.255549e+001 8.876376e+001 3.035240e+000
      endloop
   endfacet
   facet normal 3.974128e-001 2.451637e-001 8.842838e-001
      outer loop
         vertex 1.238574e+001 8.985069e+001 2.718485e+000
         vertex 1.255549e+001 8.876376e+001 3.035240e+000
         vertex 1.262778e+001 8.876412e+001 2.973457e+000
      endloop
   endfacet
   facet normal -1.421652e-001 6.759524e-001 7.231026e-001
      outer loop
         vertex 9.243270e+000 9.125516e+001 2.123254e+000
         vertex 9.245340e+000 9.121285e+001 2.163960e+000
         vertex 1.013424e+001 9.124303e+001 2.252271e+000
      endloop
   endfacet
   facet normal -1.445581e-001 7.442942e-001 6.520193e-001
      outer loop
         vertex 1.013424e+001 9.124303e+001 2.252271e+000
         vertex 9.245340e+000 9.121285e+001 2.163960e+000
         vertex 9.248512e+000 9.114806e+001 2.226308e+000
      endloop
   endfacet
   facet normal -5.941784e-002 8.138148e-001 5.780787e-001
      outer loop
         vertex 1.013424e+001 9.124303e+001 2.252271e+000
         vertex 9.248512e+000 9.114806e+001 2.226308e+000
         vertex 1.009069e+001 9.112238e+001 2.413914e+000
      endloop
   endfacet
   facet normal -1.149162e-001 8.785885e-001 4.635477e-001
      outer loop
         vertex 1.009069e+001 9.112238e+001 2.413914e+000
         vertex 9.248512e+000 9.114806e+001 2.226308e+000
         vertex 9.245027e+000 9.112988e+001 2.280022e+000
      endloop
   endfacet
   facet normal -1.131401e-001 9.030161e-001 4.144408e-001
      outer loop
         vertex 1.009069e+001 9.112238e+001 2.413914e+000
         vertex 9.245027e+000 9.112988e+001 2.280022e+000
         vertex 9.243424e+000 9.112151e+001 2.304722e+000
      endloop
   endfacet
   facet normal -1.020038e-001 2.096208e-001 9.724476e-001
      outer loop
         vertex 1.130411e+001 9.110429e+001 2.353641e+000
         vertex 1.094537e+001 9.130677e+001 2.272442e+000
         vertex 1.125645e+001 9.102685e+001 2.372490e+000
      endloop
   endfacet
   facet normal -9.161216e-002 2.681416e-001 9.590137e-001
      outer loop
         vertex 1.125645e+001 9.102685e+001 2.372490e+000
         vertex 1.094537e+001 9.130677e+001 2.272442e+000
         vertex 1.017526e+001 9.141938e+001 2.153279e+000
      endloop
   endfacet
   facet normal 1.886471e-002 4.408771e-001 8.973692e-001
      outer loop
         vertex 1.125645e+001 9.102685e+001 2.372490e+000
         vertex 1.017526e+001 9.141938e+001 2.153279e+000
         vertex 1.115107e+001 9.087792e+001 2.468904e+000
      endloop
   endfacet
   facet normal 1.561747e-002 5.522131e-001 8.335567e-001
      outer loop
         vertex 1.115107e+001 9.087792e+001 2.468904e+000
         vertex 1.017526e+001 9.141938e+001 2.153279e+000
         vertex 1.013424e+001 9.124303e+001 2.252271e+000
      endloop
   endfacet
   facet normal 1.258953e-001 7.423337e-001 6.580966e-001
      outer loop
         vertex 1.115107e+001 9.087792e+001 2.468904e+000
         vertex 1.013424e+001 9.124303e+001 2.252271e+000
         vertex 1.059323e+001 9.099747e+001 2.516422e+000
      endloop
   endfacet
   facet normal 8.095397e-002 8.326045e-001 5.479199e-001
      outer loop
         vertex 1.059323e+001 9.099747e+001 2.516422e+000
         vertex 1.013424e+001 9.124303e+001 2.252271e+000
         vertex 1.009069e+001 9.112238e+001 2.413914e+000
      endloop
   endfacet
   facet normal 1.551107e-001 9.358293e-001 3.164874e-001
      outer loop
         vertex 1.059323e+001 9.099747e+001 2.516422e+000
         vertex 1.009069e+001 9.112238e+001 2.413914e+000
         vertex 1.022189e+001 9.102532e+001 2.632477e+000
      endloop
   endfacet
   facet normal 1.259793e-001 9.729422e-001 1.936821e-001
      outer loop
         vertex 1.022189e+001 9.102532e+001 2.632477e+000
         vertex 1.009069e+001 9.112238e+001 2.413914e+000
         vertex 1.004997e+001 9.105582e+001 2.598691e+000
      endloop
   endfacet
   facet normal 2.337947e-001 9.522831e-001 1.962066e-001
      outer loop
         vertex 1.022189e+001 9.102532e+001 2.632477e+000
         vertex 1.049857e+001 9.097624e+001 2.686851e+000
         vertex 1.059323e+001 9.099747e+001 2.516422e+000
      endloop
   endfacet
   facet normal 2.933485e-001 9.008557e-001 3.200088e-001
      outer loop
         vertex 1.059323e+001 9.099747e+001 2.516422e+000
         vertex 1.049857e+001 9.097624e+001 2.686851e+000
         vertex 1.106136e+001 9.078223e+001 2.628205e+000
      endloop
   endfacet
   facet normal 2.594093e-001 7.938113e-001 5.500640e-001
      outer loop
         vertex 1.059323e+001 9.099747e+001 2.516422e+000
         vertex 1.106136e+001 9.078223e+001 2.628205e+000
         vertex 1.115107e+001 9.087792e+001 2.468904e+000
      endloop
   endfacet
   facet normal 3.527941e-001 7.540506e-001 5.540254e-001
      outer loop
         vertex 1.115107e+001 9.087792e+001 2.468904e+000
         vertex 1.106136e+001 9.078223e+001 2.628205e+000
         vertex 1.142242e+001 9.053299e+001 2.728151e+000
      endloop
   endfacet
   facet normal 3.235093e-001 6.766338e-001 6.614442e-001
      outer loop
         vertex 1.115107e+001 9.087792e+001 2.468904e+000
         vertex 1.142242e+001 9.053299e+001 2.728151e+000
         vertex 1.152735e+001 9.061349e+001 2.569746e+000
      endloop
   endfacet
   facet normal 4.700921e-001 6.829186e-001 5.591382e-001
      outer loop
         vertex 1.152735e+001 9.061349e+001 2.569746e+000
         vertex 1.142242e+001 9.053299e+001 2.728151e+000
         vertex 1.179377e+001 9.016647e+001 2.849132e+000
      endloop
   endfacet
   facet normal 4.662125e-001 5.776108e-001 6.700833e-001
      outer loop
         vertex 1.152735e+001 9.061349e+001 2.569746e+000
         vertex 1.179377e+001 9.016647e+001 2.849132e+000
         vertex 1.221754e+001 8.977534e+001 2.811300e+000
      endloop
   endfacet
   facet normal 8.249299e-001 2.623644e-001 5.006552e-001
      outer loop
         vertex 1.242162e+001 8.876890e+001 3.184552e+000
         vertex 1.244330e+001 8.876321e+001 3.131119e+000
         vertex 1.229548e+001 8.926739e+001 3.079216e+000
      endloop
   endfacet
   facet normal 7.094691e-001 3.500054e-001 6.116779e-001
      outer loop
         vertex 1.229548e+001 8.926739e+001 3.079216e+000
         vertex 1.244330e+001 8.876321e+001 3.131119e+000
         vertex 1.221754e+001 8.977534e+001 2.811300e+000
      endloop
   endfacet
   facet normal 6.830652e-001 4.543068e-001 5.718631e-001
      outer loop
         vertex 1.229548e+001 8.926739e+001 3.079216e+000
         vertex 1.221754e+001 8.977534e+001 2.811300e+000
         vertex 1.208887e+001 8.973721e+001 2.968047e+000
      endloop
   endfacet
   facet normal 6.159756e-001 5.484920e-001 5.654472e-001
      outer loop
         vertex 1.208887e+001 8.973721e+001 2.968047e+000
         vertex 1.221754e+001 8.977534e+001 2.811300e+000
         vertex 1.179377e+001 9.016647e+001 2.849132e+000
      endloop
   endfacet
   facet normal 7.041893e-001 6.246946e-001 3.374524e-001
      outer loop
         vertex 1.208887e+001 8.973721e+001 2.968047e+000
         vertex 1.179377e+001 9.016647e+001 2.849132e+000
         vertex 1.171091e+001 9.018076e+001 3.021214e+000
      endloop
   endfacet
   facet normal 6.241250e-001 7.064810e-001 3.336953e-001
      outer loop
         vertex 1.171091e+001 9.018076e+001 3.021214e+000
         vertex 1.179377e+001 9.016647e+001 2.849132e+000
         vertex 1.142242e+001 9.053299e+001 2.728151e+000
      endloop
   endfacet
   facet normal 6.208611e-001 7.548707e-001 2.114279e-001
      outer loop
         vertex 1.171091e+001 9.018076e+001 3.021214e+000
         vertex 1.142242e+001 9.053299e+001 2.728151e+000
         vertex 1.134772e+001 9.049927e+001 2.907917e+000
      endloop
   endfacet
   facet normal 5.508149e-001 8.085579e-001 2.069712e-001
      outer loop
         vertex 1.134772e+001 9.049927e+001 2.907917e+000
         vertex 1.142242e+001 9.053299e+001 2.728151e+000
         vertex 1.117462e+001 9.065108e+001 2.853917e+000
      endloop
   endfacet
   facet normal -6.000757e-001 7.855164e-001 1.512387e-001
      outer loop
         vertex 8.426730e+000 9.087476e+001 1.817589e+000
         vertex 8.327620e+000 9.077596e+001 1.912011e+000
         vertex 8.422316e+000 9.083017e+001 1.968133e+000
      endloop
   endfacet
   facet normal -5.858184e-001 8.104373e-001 2.865419e-003
      outer loop
         vertex 8.290569e+000 9.076505e+001 1.674591e+000
         vertex 8.284819e+000 9.076090e+001 1.693433e+000
         vertex 8.397748e+000 9.085355e+001 1.746126e+000
      endloop
   endfacet
   facet normal -3.122647e-001 9.419979e-001 1.230065e-001
      outer loop
         vertex 8.875211e+000 9.097830e+001 2.335982e+000
         vertex 8.910648e+000 9.098727e+001 2.348243e+000
         vertex 8.927346e+000 9.102090e+001 2.273557e+000
      endloop
   endfacet
   facet normal -3.347839e-001 9.343156e-001 1.223693e-001
      outer loop
         vertex 8.875211e+000 9.097830e+001 2.335982e+000
         vertex 8.927346e+000 9.102090e+001 2.273557e+000
         vertex 8.714311e+000 9.093756e+001 2.280310e+000
      endloop
   endfacet
   facet normal -3.550014e-001 9.268880e-001 1.218719e-001
      outer loop
         vertex 8.714311e+000 9.093756e+001 2.280310e+000
         vertex 8.927346e+000 9.102090e+001 2.273557e+000
         vertex 8.700274e+000 9.093175e+001 2.269257e+000
      endloop
   endfacet
   facet normal -3.636865e-001 9.001005e-001 2.398982e-001
      outer loop
         vertex 8.700274e+000 9.093175e+001 2.269257e+000
         vertex 8.927346e+000 9.102090e+001 2.273557e+000
         vertex 8.944293e+000 9.105740e+001 2.195076e+000
      endloop
   endfacet
   facet normal -3.840983e-001 9.064280e-001 1.756607e-001
      outer loop
         vertex 8.700274e+000 9.093175e+001 2.269257e+000
         vertex 8.944293e+000 9.105740e+001 2.195076e+000
         vertex 8.610927e+000 9.089475e+001 2.198902e+000
      endloop
   endfacet
   facet normal -5.044900e-001 8.621062e-001 4.756730e-002
      outer loop
         vertex 8.297994e+000 9.076021e+001 1.871539e+000
         vertex 8.323287e+000 9.077222e+001 1.916487e+000
         vertex 8.327620e+000 9.077596e+001 1.912011e+000
      endloop
   endfacet
   facet normal -4.958486e-001 8.669803e-001 4.979151e-002
      outer loop
         vertex 8.327620e+000 9.077596e+001 1.912011e+000
         vertex 8.323287e+000 9.077222e+001 1.916487e+000
         vertex 8.379789e+000 9.079905e+001 2.016897e+000
      endloop
   endfacet
   facet normal -5.157074e-001 8.524258e-001 8.611771e-002
      outer loop
         vertex 8.327620e+000 9.077596e+001 1.912011e+000
         vertex 8.379789e+000 9.079905e+001 2.016897e+000
         vertex 8.422316e+000 9.083017e+001 1.968133e+000
      endloop
   endfacet
   facet normal -4.891674e-001 8.681588e-001 8.375928e-002
      outer loop
         vertex 8.422316e+000 9.083017e+001 1.968133e+000
         vertex 8.379789e+000 9.079905e+001 2.016897e+000
         vertex 8.498276e+000 9.084811e+001 2.110197e+000
      endloop
   endfacet
   facet normal -5.178841e-001 8.401411e-001 1.611186e-001
      outer loop
         vertex 8.422316e+000 9.083017e+001 1.968133e+000
         vertex 8.498276e+000 9.084811e+001 2.110197e+000
         vertex 8.547298e+000 9.090595e+001 2.008916e+000
      endloop
   endfacet
   facet normal -4.748566e-001 8.703151e-001 1.306247e-001
      outer loop
         vertex 8.547298e+000 9.090595e+001 2.008916e+000
         vertex 8.498276e+000 9.084811e+001 2.110197e+000
         vertex 8.557221e+000 9.087252e+001 2.156613e+000
      endloop
   endfacet
   facet normal -6.585361e-001 7.349365e-001 1.618597e-001
      outer loop
         vertex 8.426730e+000 9.087476e+001 1.817589e+000
         vertex 8.406017e+000 9.085727e+001 1.807627e+000
         vertex 8.327620e+000 9.077596e+001 1.912011e+000
      endloop
   endfacet
   facet normal -6.607422e-001 7.374073e-001 1.401791e-001
      outer loop
         vertex 8.327620e+000 9.077596e+001 1.912011e+000
         vertex 8.406017e+000 9.085727e+001 1.807627e+000
         vertex 8.404976e+000 9.085642e+001 1.806301e+000
      endloop
   endfacet
   facet normal -5.871772e-001 8.040475e-001 9.343810e-002
      outer loop
         vertex 8.327620e+000 9.077596e+001 1.912011e+000
         vertex 8.404976e+000 9.085642e+001 1.806301e+000
         vertex 8.297994e+000 9.076021e+001 1.871539e+000
      endloop
   endfacet
   facet normal -6.564137e-001 7.442183e-001 1.235320e-001
      outer loop
         vertex 8.297994e+000 9.076021e+001 1.871539e+000
         vertex 8.404976e+000 9.085642e+001 1.806301e+000
         vertex 8.399702e+000 9.085215e+001 1.799584e+000
      endloop
   endfacet
   facet normal -5.829837e-001 8.086910e-001 7.841534e-002
      outer loop
         vertex 8.297994e+000 9.076021e+001 1.871539e+000
         vertex 8.399702e+000 9.085215e+001 1.799584e+000
         vertex 8.288914e+000 9.075590e+001 1.855401e+000
      endloop
   endfacet
   facet normal -6.595804e-001 7.450619e-001 9.917905e-002
      outer loop
         vertex 8.288914e+000 9.075590e+001 1.855401e+000
         vertex 8.399702e+000 9.085215e+001 1.799584e+000
         vertex 8.390769e+000 9.084492e+001 1.788207e+000
      endloop
   endfacet
   facet normal -5.862463e-001 8.077497e-001 6.209432e-002
      outer loop
         vertex 8.288914e+000 9.075590e+001 1.855401e+000
         vertex 8.390769e+000 9.084492e+001 1.788207e+000
         vertex 8.283865e+000 9.075349e+001 1.846428e+000
      endloop
   endfacet
   facet normal -6.622853e-001 7.457138e-001 7.272668e-002
      outer loop
         vertex 8.283865e+000 9.075349e+001 1.846428e+000
         vertex 8.390769e+000 9.084492e+001 1.788207e+000
         vertex 8.388558e+000 9.084342e+001 1.780473e+000
      endloop
   endfacet
   facet normal -5.849731e-001 8.094407e-001 5.111039e-002
      outer loop
         vertex 8.283865e+000 9.075349e+001 1.846428e+000
         vertex 8.388558e+000 9.084342e+001 1.780473e+000
         vertex 8.281361e+000 9.075422e+001 1.798291e+000
      endloop
   endfacet
   facet normal -6.607500e-001 7.485582e-001 5.540875e-002
      outer loop
         vertex 8.281361e+000 9.075422e+001 1.798291e+000
         vertex 8.388558e+000 9.084342e+001 1.780473e+000
         vertex 8.387246e+000 9.084254e+001 1.775884e+000
      endloop
   endfacet
   facet normal -5.829373e-001 8.113083e-001 4.430475e-002
      outer loop
         vertex 8.281361e+000 9.075422e+001 1.798291e+000
         vertex 8.387246e+000 9.084254e+001 1.775884e+000
         vertex 8.279096e+000 9.075488e+001 1.754740e+000
      endloop
   endfacet
   facet normal -6.618301e-001 7.487072e-001 3.766309e-002
      outer loop
         vertex 8.279096e+000 9.075488e+001 1.754740e+000
         vertex 8.387246e+000 9.084254e+001 1.775884e+000
         vertex 8.387988e+000 9.084373e+001 1.766759e+000
      endloop
   endfacet
   facet normal -5.865198e-001 8.092989e-001 3.209006e-002
      outer loop
         vertex 8.279096e+000 9.075488e+001 1.754740e+000
         vertex 8.387988e+000 9.084373e+001 1.766759e+000
         vertex 8.277205e+000 9.075542e+001 1.718382e+000
      endloop
   endfacet
   facet normal -6.647093e-001 7.468182e-001 2.059602e-002
      outer loop
         vertex 8.277205e+000 9.075542e+001 1.718382e+000
         vertex 8.387988e+000 9.084373e+001 1.766759e+000
         vertex 8.388241e+000 9.084415e+001 1.763659e+000
      endloop
   endfacet
   facet normal -5.877730e-001 8.085687e-001 2.719557e-002
      outer loop
         vertex 8.277205e+000 9.075542e+001 1.718382e+000
         vertex 8.388241e+000 9.084415e+001 1.763659e+000
         vertex 8.284819e+000 9.076090e+001 1.693433e+000
      endloop
   endfacet
   facet normal -6.635527e-001 7.481084e-001 -5.608969e-003
      outer loop
         vertex 8.284819e+000 9.076090e+001 1.693433e+000
         vertex 8.388241e+000 9.084415e+001 1.763659e+000
         vertex 8.396202e+000 9.085211e+001 1.747404e+000
      endloop
   endfacet
   facet normal -6.634870e-001 7.475836e-001 -3.006407e-002
      outer loop
         vertex 8.284819e+000 9.076090e+001 1.693433e+000
         vertex 8.396202e+000 9.085211e+001 1.747404e+000
         vertex 8.397748e+000 9.085355e+001 1.746126e+000
      endloop
   endfacet
   facet normal -5.086377e-001 8.605190e-001 2.819045e-002
      outer loop
         vertex 8.290569e+000 9.076505e+001 1.674591e+000
         vertex 8.324360e+000 9.078695e+001 1.629776e+000
         vertex 8.307227e+000 9.077704e+001 1.620006e+000
      endloop
   endfacet
   facet normal -5.072066e-001 8.613998e-001 2.705352e-002
      outer loop
         vertex 8.307227e+000 9.077704e+001 1.620006e+000
         vertex 8.324360e+000 9.078695e+001 1.629776e+000
         vertex 8.308571e+000 9.077789e+001 1.617690e+000
      endloop
   endfacet
   facet normal -5.926412e-001 8.054465e-001 -5.690964e-003
      outer loop
         vertex 8.290569e+000 9.076505e+001 1.674591e+000
         vertex 8.397748e+000 9.085355e+001 1.746126e+000
         vertex 8.324360e+000 9.078695e+001 1.629776e+000
      endloop
   endfacet
   facet normal -6.688421e-001 7.397093e-001 -7.402949e-002
      outer loop
         vertex 8.324360e+000 9.078695e+001 1.629776e+000
         vertex 8.397748e+000 9.085355e+001 1.746126e+000
         vertex 8.427047e+000 9.088072e+001 1.721904e+000
      endloop
   endfacet
   facet normal -6.668715e-001 7.355909e-001 -1.191146e-001
      outer loop
         vertex 8.324360e+000 9.078695e+001 1.629776e+000
         vertex 8.427047e+000 9.088072e+001 1.721904e+000
         vertex 8.440528e+000 9.089323e+001 1.710759e+000
      endloop
   endfacet
   facet normal -5.091531e-001 8.604316e-001 2.050979e-002
      outer loop
         vertex 8.323503e+000 9.078742e+001 1.591967e+000
         vertex 8.308571e+000 9.077789e+001 1.617690e+000
         vertex 8.345078e+000 9.080272e+001 1.612161e+000
      endloop
   endfacet
   facet normal -5.204014e-001 8.538155e-001 1.346975e-002
      outer loop
         vertex 8.345078e+000 9.080272e+001 1.612161e+000
         vertex 8.308571e+000 9.077789e+001 1.617690e+000
         vertex 8.324360e+000 9.078695e+001 1.629776e+000
      endloop
   endfacet
   facet normal -5.635843e-001 8.255931e-001 -2.772733e-002
      outer loop
         vertex 8.345078e+000 9.080272e+001 1.612161e+000
         vertex 8.324360e+000 9.078695e+001 1.629776e+000
         vertex 8.390038e+000 9.083459e+001 1.654243e+000
      endloop
   endfacet
   facet normal -6.304261e-001 7.706322e-001 -9.321415e-002
      outer loop
         vertex 8.390038e+000 9.083459e+001 1.654243e+000
         vertex 8.324360e+000 9.078695e+001 1.629776e+000
         vertex 8.440528e+000 9.089323e+001 1.710759e+000
      endloop
   endfacet
   facet normal -6.116291e-001 6.483688e-001 4.533516e-001
      outer loop
         vertex 8.627157e+000 9.104164e+001 1.896285e+000
         vertex 8.589792e+000 9.101124e+001 1.887120e+000
         vertex 8.547298e+000 9.090595e+001 2.008916e+000
      endloop
   endfacet
   facet normal -6.218329e-001 6.599329e-001 4.216779e-001
      outer loop
         vertex 8.547298e+000 9.090595e+001 2.008916e+000
         vertex 8.589792e+000 9.101124e+001 1.887120e+000
         vertex 8.552072e+000 9.098056e+001 1.877867e+000
      endloop
   endfacet
   facet normal -5.950078e-001 7.453994e-001 3.005750e-001
      outer loop
         vertex 8.547298e+000 9.090595e+001 2.008916e+000
         vertex 8.552072e+000 9.098056e+001 1.877867e+000
         vertex 8.422316e+000 9.083017e+001 1.968133e+000
      endloop
   endfacet
   facet normal -6.395541e-001 6.929622e-001 3.328273e-001
      outer loop
         vertex 8.422316e+000 9.083017e+001 1.968133e+000
         vertex 8.552072e+000 9.098056e+001 1.877867e+000
         vertex 8.492300e+000 9.093011e+001 1.849122e+000
      endloop
   endfacet
   facet normal -6.556795e-001 7.105570e-001 2.553294e-001
      outer loop
         vertex 8.422316e+000 9.083017e+001 1.968133e+000
         vertex 8.492300e+000 9.093011e+001 1.849122e+000
         vertex 8.426730e+000 9.087476e+001 1.817589e+000
      endloop
   endfacet
   facet normal -5.421461e-001 5.294918e-001 6.524692e-001
      outer loop
         vertex 8.858545e+000 9.122987e+001 1.953043e+000
         vertex 8.695467e+000 9.109721e+001 1.913041e+000
         vertex 8.686368e+000 9.103748e+001 1.971221e+000
      endloop
   endfacet
   facet normal -5.883734e-001 5.723199e-001 5.711976e-001
      outer loop
         vertex 8.686368e+000 9.103748e+001 1.971221e+000
         vertex 8.695467e+000 9.109721e+001 1.913041e+000
         vertex 8.627157e+000 9.104164e+001 1.896285e+000
      endloop
   endfacet
   facet normal -5.753296e-001 6.499627e-001 4.965323e-001
      outer loop
         vertex 8.686368e+000 9.103748e+001 1.971221e+000
         vertex 8.627157e+000 9.104164e+001 1.896285e+000
         vertex 8.670997e+000 9.098318e+001 2.033950e+000
      endloop
   endfacet
   facet normal -5.759314e-001 7.039032e-001 4.157202e-001
      outer loop
         vertex 8.670997e+000 9.098318e+001 2.033950e+000
         vertex 8.627157e+000 9.104164e+001 1.896285e+000
         vertex 8.547298e+000 9.090595e+001 2.008916e+000
      endloop
   endfacet
   facet normal -5.262654e-001 7.898739e-001 3.148713e-001
      outer loop
         vertex 8.670997e+000 9.098318e+001 2.033950e+000
         vertex 8.547298e+000 9.090595e+001 2.008916e+000
         vertex 8.647360e+000 9.093819e+001 2.104421e+000
      endloop
   endfacet
   facet normal -4.903253e-001 8.481696e-001 2.004732e-001
      outer loop
         vertex 8.647360e+000 9.093819e+001 2.104421e+000
         vertex 8.547298e+000 9.090595e+001 2.008916e+000
         vertex 8.557221e+000 9.087252e+001 2.156613e+000
      endloop
   endfacet
   facet normal -4.454281e-001 8.834118e-001 1.455245e-001
      outer loop
         vertex 8.647360e+000 9.093819e+001 2.104421e+000
         vertex 8.557221e+000 9.087252e+001 2.156613e+000
         vertex 8.615969e+000 9.090518e+001 2.179949e+000
      endloop
   endfacet
   facet normal -4.054962e-001 4.030537e-001 8.204392e-001
      outer loop
         vertex 8.928861e+000 9.128185e+001 1.961275e+000
         vertex 8.959730e+000 9.123299e+001 2.008111e+000
         vertex 8.955450e+000 9.130150e+001 1.964387e+000
      endloop
   endfacet
   facet normal -3.239039e-001 3.779785e-001 8.673054e-001
      outer loop
         vertex 8.955450e+000 9.130150e+001 1.964387e+000
         vertex 8.959730e+000 9.123299e+001 2.008111e+000
         vertex 9.227267e+000 9.142748e+001 2.020079e+000
      endloop
   endfacet
   facet normal -2.347195e-001 2.608056e-001 9.364225e-001
      outer loop
         vertex 8.955450e+000 9.130150e+001 1.964387e+000
         vertex 9.227267e+000 9.142748e+001 2.020079e+000
         vertex 9.218911e+000 9.149625e+001 1.995229e+000
      endloop
   endfacet
   facet normal -2.610743e-001 7.420152e-001 6.174575e-001
      outer loop
         vertex 8.944293e+000 9.105740e+001 2.195076e+000
         vertex 9.245340e+000 9.121285e+001 2.163960e+000
         vertex 9.243270e+000 9.125516e+001 2.123254e+000
      endloop
   endfacet
   facet normal -3.281375e-001 7.481790e-001 5.766750e-001
      outer loop
         vertex 8.944293e+000 9.105740e+001 2.195076e+000
         vertex 9.243270e+000 9.125516e+001 2.123254e+000
         vertex 8.955496e+000 9.110668e+001 2.122794e+000
      endloop
   endfacet
   facet normal -2.646380e-001 6.617598e-001 7.014561e-001
      outer loop
         vertex 8.955496e+000 9.110668e+001 2.122794e+000
         vertex 9.243270e+000 9.125516e+001 2.123254e+000
         vertex 9.242232e+000 9.127634e+001 2.102863e+000
      endloop
   endfacet
   facet normal -3.360297e-001 6.566427e-001 6.752070e-001
      outer loop
         vertex 8.955496e+000 9.110668e+001 2.122794e+000
         vertex 9.242232e+000 9.127634e+001 2.102863e+000
         vertex 8.960584e+000 9.116628e+001 2.059773e+000
      endloop
   endfacet
   facet normal -2.634615e-001 5.698835e-001 7.783449e-001
      outer loop
         vertex 8.960584e+000 9.116628e+001 2.059773e+000
         vertex 9.242232e+000 9.127634e+001 2.102863e+000
         vertex 9.239938e+000 9.132323e+001 2.057759e+000
      endloop
   endfacet
   facet normal -3.353842e-001 5.357378e-001 7.749209e-001
      outer loop
         vertex 8.960584e+000 9.116628e+001 2.059773e+000
         vertex 9.239938e+000 9.132323e+001 2.057759e+000
         vertex 8.959730e+000 9.123299e+001 2.008111e+000
      endloop
   endfacet
   facet normal -2.535100e-001 4.272527e-001 8.678640e-001
      outer loop
         vertex 8.959730e+000 9.123299e+001 2.008111e+000
         vertex 9.239938e+000 9.132323e+001 2.057759e+000
         vertex 9.228041e+000 9.142113e+001 2.022377e+000
      endloop
   endfacet
   facet normal -2.464257e-001 3.601461e-001 8.997606e-001
      outer loop
         vertex 8.959730e+000 9.123299e+001 2.008111e+000
         vertex 9.228041e+000 9.142113e+001 2.022377e+000
         vertex 9.227267e+000 9.142748e+001 2.020079e+000
      endloop
   endfacet
   facet normal -4.300788e-001 4.247511e-001 7.966296e-001
      outer loop
         vertex 8.928861e+000 9.128185e+001 1.961275e+000
         vertex 8.858545e+000 9.122987e+001 1.953043e+000
         vertex 8.959730e+000 9.123299e+001 2.008111e+000
      endloop
   endfacet
   facet normal -4.853280e-001 5.206936e-001 7.023781e-001
      outer loop
         vertex 8.959730e+000 9.123299e+001 2.008111e+000
         vertex 8.858545e+000 9.122987e+001 1.953043e+000
         vertex 8.686368e+000 9.103748e+001 1.971221e+000
      endloop
   endfacet
   facet normal -4.633375e-001 5.877522e-001 6.632238e-001
      outer loop
         vertex 8.959730e+000 9.123299e+001 2.008111e+000
         vertex 8.686368e+000 9.103748e+001 1.971221e+000
         vertex 8.960584e+000 9.116628e+001 2.059773e+000
      endloop
   endfacet
   facet normal -5.062302e-001 6.738511e-001 5.381967e-001
      outer loop
         vertex 8.960584e+000 9.116628e+001 2.059773e+000
         vertex 8.686368e+000 9.103748e+001 1.971221e+000
         vertex 8.670997e+000 9.098318e+001 2.033950e+000
      endloop
   endfacet
   facet normal -4.500989e-001 7.071771e-001 5.452628e-001
      outer loop
         vertex 8.960584e+000 9.116628e+001 2.059773e+000
         vertex 8.670997e+000 9.098318e+001 2.033950e+000
         vertex 8.955496e+000 9.110668e+001 2.122794e+000
      endloop
   endfacet
   facet normal -4.766986e-001 7.787390e-001 4.078284e-001
      outer loop
         vertex 8.955496e+000 9.110668e+001 2.122794e+000
         vertex 8.670997e+000 9.098318e+001 2.033950e+000
         vertex 8.647360e+000 9.093819e+001 2.104421e+000
      endloop
   endfacet
   facet normal -4.233358e-001 8.086203e-001 4.085584e-001
      outer loop
         vertex 8.955496e+000 9.110668e+001 2.122794e+000
         vertex 8.647360e+000 9.093819e+001 2.104421e+000
         vertex 8.944293e+000 9.105740e+001 2.195076e+000
      endloop
   endfacet
   facet normal -4.324869e-001 8.624394e-001 2.629701e-001
      outer loop
         vertex 8.944293e+000 9.105740e+001 2.195076e+000
         vertex 8.647360e+000 9.093819e+001 2.104421e+000
         vertex 8.615969e+000 9.090518e+001 2.179949e+000
      endloop
   endfacet
   facet normal -4.043645e-001 8.936504e-001 1.946234e-001
      outer loop
         vertex 8.944293e+000 9.105740e+001 2.195076e+000
         vertex 8.615969e+000 9.090518e+001 2.179949e+000
         vertex 8.610927e+000 9.089475e+001 2.198902e+000
      endloop
   endfacet
   facet normal -4.140266e-001 9.070577e-001 7.634345e-002
      outer loop
         vertex 8.610927e+000 9.089475e+001 2.198902e+000
         vertex 8.615969e+000 9.090518e+001 2.179949e+000
         vertex 8.557221e+000 9.087252e+001 2.156613e+000
      endloop
   endfacet
   facet normal -2.608522e-001 8.018139e-001 5.376343e-001
      outer loop
         vertex 9.245340e+000 9.121285e+001 2.163960e+000
         vertex 8.944293e+000 9.105740e+001 2.195076e+000
         vertex 9.248512e+000 9.114806e+001 2.226308e+000
      endloop
   endfacet
   facet normal -3.086058e-001 8.644024e-001 3.969521e-001
      outer loop
         vertex 9.248512e+000 9.114806e+001 2.226308e+000
         vertex 8.944293e+000 9.105740e+001 2.195076e+000
         vertex 8.927346e+000 9.102090e+001 2.273557e+000
      endloop
   endfacet
   facet normal -2.486775e-001 8.800601e-001 4.045415e-001
      outer loop
         vertex 9.248512e+000 9.114806e+001 2.226308e+000
         vertex 8.927346e+000 9.102090e+001 2.273557e+000
         vertex 9.245027e+000 9.112988e+001 2.280022e+000
      endloop
   endfacet
   facet normal -2.799144e-001 9.271862e-001 2.489451e-001
      outer loop
         vertex 9.245027e+000 9.112988e+001 2.280022e+000
         vertex 8.927346e+000 9.102090e+001 2.273557e+000
         vertex 8.910648e+000 9.098727e+001 2.348243e+000
      endloop
   endfacet
   facet normal -2.307127e-001 9.279708e-001 2.926464e-001
      outer loop
         vertex 9.245027e+000 9.112988e+001 2.280022e+000
         vertex 8.910648e+000 9.098727e+001 2.348243e+000
         vertex 9.243424e+000 9.112151e+001 2.304722e+000
      endloop
   endfacet
   facet normal -2.436817e-001 9.551987e-001 1.679721e-001
      outer loop
         vertex 9.243424e+000 9.112151e+001 2.304722e+000
         vertex 8.910648e+000 9.098727e+001 2.348243e+000
         vertex 9.054915e+000 9.102380e+001 2.398160e+000
      endloop
   endfacet
   facet normal -2.077525e-001 9.526708e-001 2.219395e-001
      outer loop
         vertex 9.243424e+000 9.112151e+001 2.304722e+000
         vertex 9.054915e+000 9.102380e+001 2.398160e+000
         vertex 9.238249e+000 9.109451e+001 2.384494e+000
      endloop
   endfacet
   facet normal -2.053867e-001 9.711349e-001 1.212984e-001
      outer loop
         vertex 9.238249e+000 9.109451e+001 2.384494e+000
         vertex 9.054915e+000 9.102380e+001 2.398160e+000
         vertex 9.181767e+000 9.105592e+001 2.442052e+000
      endloop
   endfacet
   facet normal -1.828503e-001 9.754727e-001 1.225513e-001
      outer loop
         vertex 9.238249e+000 9.109451e+001 2.384494e+000
         vertex 9.181767e+000 9.105592e+001 2.442052e+000
         vertex 9.233356e+000 9.106898e+001 2.459901e+000
      endloop
   endfacet
   facet normal -2.056118e-001 1.967474e-001 -9.586523e-001
      outer loop
         vertex 9.263079e+000 9.154784e+001 1.518885e+000
         vertex 9.277623e+000 9.155818e+001 1.517246e+000
         vertex 9.279473e+000 9.147190e+001 1.472307e+000
      endloop
   endfacet
   facet normal -1.531378e-001 9.880376e-001 -1.817621e-002
      outer loop
         vertex 9.372985e+000 9.113635e+001 1.001254e+000
         vertex 9.254549e+000 9.112177e+001 1.012994e+000
         vertex 9.261003e+000 9.113390e+001 1.050008e+000
      endloop
   endfacet
   facet normal -5.595385e-001 8.279673e-001 -3.724051e-002
      outer loop
         vertex 8.345078e+000 9.080272e+001 1.612161e+000
         vertex 8.390038e+000 9.083459e+001 1.654243e+000
         vertex 8.396092e+000 9.083053e+001 1.538004e+000
      endloop
   endfacet
   facet normal -4.034588e-001 9.145880e-001 -2.738184e-002
      outer loop
         vertex 8.682348e+000 9.096164e+001 1.253640e+000
         vertex 8.634625e+000 9.094608e+001 1.278242e+000
         vertex 8.671281e+000 9.097102e+001 1.353818e+000
      endloop
   endfacet
   facet normal -4.114893e-001 9.110195e-001 -2.683234e-002
      outer loop
         vertex 8.671281e+000 9.097102e+001 1.353818e+000
         vertex 8.634625e+000 9.094608e+001 1.278242e+000
         vertex 8.606956e+000 9.093706e+001 1.292505e+000
      endloop
   endfacet
   facet normal -4.293889e-001 9.027032e-001 -2.742395e-002
      outer loop
         vertex 8.671281e+000 9.097102e+001 1.353818e+000
         vertex 8.606956e+000 9.093706e+001 1.292505e+000
         vertex 8.502748e+000 9.088205e+001 1.402599e+000
      endloop
   endfacet
   facet normal -3.210670e-001 9.463591e-001 -3.633802e-002
      outer loop
         vertex 8.903963e+000 9.103392e+001 1.139395e+000
         vertex 8.867437e+000 9.102201e+001 1.158225e+000
         vertex 8.887371e+000 9.105058e+001 1.227378e+000
      endloop
   endfacet
   facet normal -3.468158e-001 9.372500e-001 -3.579403e-002
      outer loop
         vertex 8.887371e+000 9.105058e+001 1.227378e+000
         vertex 8.867437e+000 9.102201e+001 1.158225e+000
         vertex 8.682348e+000 9.096164e+001 1.253640e+000
      endloop
   endfacet
   facet normal -3.936208e-001 9.043896e-001 -1.647485e-001
      outer loop
         vertex 8.887371e+000 9.105058e+001 1.227378e+000
         vertex 8.682348e+000 9.096164e+001 1.253640e+000
         vertex 8.918699e+000 9.109521e+001 1.330721e+000
      endloop
   endfacet
   facet normal -4.242025e-001 8.918359e-001 -1.571016e-001
      outer loop
         vertex 8.918699e+000 9.109521e+001 1.330721e+000
         vertex 8.682348e+000 9.096164e+001 1.253640e+000
         vertex 8.671281e+000 9.097102e+001 1.353818e+000
      endloop
   endfacet
   facet normal 7.658768e-002 -2.924879e-002 -9.966338e-001
      outer loop
         vertex 9.477424e+000 9.170020e+001 1.494726e+000
         vertex 9.540877e+000 9.174530e+001 1.487574e+000
         vertex 9.479377e+000 9.160422e+001 1.482919e+000
      endloop
   endfacet
   facet normal 1.056541e-001 3.836831e-002 -9.936625e-001
      outer loop
         vertex 9.479377e+000 9.160422e+001 1.482919e+000
         vertex 9.540877e+000 9.174530e+001 1.487574e+000
         vertex 9.544109e+000 9.160764e+001 1.488892e+000
      endloop
   endfacet
   facet normal 6.519360e-002 1.976310e-001 -9.781062e-001
      outer loop
         vertex 9.479377e+000 9.160422e+001 1.482919e+000
         vertex 9.544109e+000 9.160764e+001 1.488892e+000
         vertex 9.486932e+000 9.149911e+001 1.458158e+000
      endloop
   endfacet
   facet normal -4.143034e-001 3.742538e-001 -8.296305e-001
      outer loop
         vertex 8.984642e+000 9.134993e+001 1.550269e+000
         vertex 9.066548e+000 9.140815e+001 1.541037e+000
         vertex 9.068119e+000 9.132571e+001 1.482687e+000
      endloop
   endfacet
   facet normal -4.314272e-001 5.548475e-001 -7.113472e-001
      outer loop
         vertex 9.067953e+000 9.123994e+001 1.416650e+000
         vertex 8.945462e+000 9.123853e+001 1.496467e+000
         vertex 9.068119e+000 9.132571e+001 1.482687e+000
      endloop
   endfacet
   facet normal -4.561096e-001 4.677863e-001 -7.570601e-001
      outer loop
         vertex 9.068119e+000 9.132571e+001 1.482687e+000
         vertex 8.945462e+000 9.123853e+001 1.496467e+000
         vertex 8.944008e+000 9.132105e+001 1.554849e+000
      endloop
   endfacet
   facet normal -4.436374e-001 4.023657e-001 -8.008044e-001
      outer loop
         vertex 9.068119e+000 9.132571e+001 1.482687e+000
         vertex 8.944008e+000 9.132105e+001 1.554849e+000
         vertex 8.984642e+000 9.134993e+001 1.550269e+000
      endloop
   endfacet
   facet normal 9.258339e-002 6.334977e-001 -7.681855e-001
      outer loop
         vertex 9.561816e+000 9.138235e+001 1.403071e+000
         vertex 9.568775e+000 9.134469e+001 1.360378e+000
         vertex 9.568773e+000 9.134470e+001 1.360387e+000
      endloop
   endfacet
   facet normal -3.371127e-001 3.102072e-001 -8.888907e-001
      outer loop
         vertex 9.066548e+000 9.140815e+001 1.541037e+000
         vertex 9.263079e+000 9.154784e+001 1.518885e+000
         vertex 9.068119e+000 9.132571e+001 1.482687e+000
      endloop
   endfacet
   facet normal -2.793193e-001 3.169889e-001 -9.063657e-001
      outer loop
         vertex 9.068119e+000 9.132571e+001 1.482687e+000
         vertex 9.263079e+000 9.154784e+001 1.518885e+000
         vertex 9.279473e+000 9.147190e+001 1.472307e+000
      endloop
   endfacet
   facet normal -3.468509e-001 4.838326e-001 -8.034927e-001
      outer loop
         vertex 9.068119e+000 9.132571e+001 1.482687e+000
         vertex 9.279473e+000 9.147190e+001 1.472307e+000
         vertex 9.067953e+000 9.123994e+001 1.416650e+000
      endloop
   endfacet
   facet normal -2.884482e-001 4.954533e-001 -8.193434e-001
      outer loop
         vertex 9.067953e+000 9.123994e+001 1.416650e+000
         vertex 9.279473e+000 9.147190e+001 1.472307e+000
         vertex 9.287260e+000 9.137482e+001 1.425081e+000
      endloop
   endfacet
   facet normal -3.453676e-001 6.563299e-001 -6.707848e-001
      outer loop
         vertex 9.067953e+000 9.123994e+001 1.416650e+000
         vertex 9.287260e+000 9.137482e+001 1.425081e+000
         vertex 9.057763e+000 9.116572e+001 1.330945e+000
      endloop
   endfacet
   facet normal -2.886167e-001 6.703166e-001 -6.836491e-001
      outer loop
         vertex 9.057763e+000 9.116572e+001 1.330945e+000
         vertex 9.287260e+000 9.137482e+001 1.425081e+000
         vertex 9.289698e+000 9.128534e+001 1.354747e+000
      endloop
   endfacet
   facet normal -3.263642e-001 8.029703e-001 -4.987234e-001
      outer loop
         vertex 9.057763e+000 9.116572e+001 1.330945e+000
         vertex 9.289698e+000 9.128534e+001 1.354747e+000
         vertex 9.037157e+000 9.111041e+001 1.230096e+000
      endloop
   endfacet
   facet normal -2.738861e-001 8.164751e-001 -5.082862e-001
      outer loop
         vertex 9.037157e+000 9.111041e+001 1.230096e+000
         vertex 9.289698e+000 9.128534e+001 1.354747e+000
         vertex 9.285943e+000 9.121161e+001 1.264176e+000
      endloop
   endfacet
   facet normal -2.898750e-001 9.096227e-001 -2.975888e-001
      outer loop
         vertex 9.037157e+000 9.111041e+001 1.230096e+000
         vertex 9.285943e+000 9.121161e+001 1.264176e+000
         vertex 9.007359e+000 9.107918e+001 1.121516e+000
      endloop
   endfacet
   facet normal -2.445956e-001 9.204706e-001 -3.048061e-001
      outer loop
         vertex 9.007359e+000 9.107918e+001 1.121516e+000
         vertex 9.285943e+000 9.121161e+001 1.264176e+000
         vertex 9.276048e+000 9.116010e+001 1.159760e+000
      endloop
   endfacet
   facet normal -2.350550e-001 9.642681e-001 -1.222135e-001
      outer loop
         vertex 9.007359e+000 9.107918e+001 1.121516e+000
         vertex 9.276048e+000 9.116010e+001 1.159760e+000
         vertex 9.124072e+000 9.110571e+001 1.025928e+000
      endloop
   endfacet
   facet normal -1.999019e-001 9.713366e-001 -1.286250e-001
      outer loop
         vertex 9.124072e+000 9.110571e+001 1.025928e+000
         vertex 9.276048e+000 9.116010e+001 1.159760e+000
         vertex 9.261003e+000 9.113390e+001 1.050008e+000
      endloop
   endfacet
   facet normal -1.932407e-001 9.808775e-001 -2.318117e-002
      outer loop
         vertex 9.124072e+000 9.110571e+001 1.025928e+000
         vertex 9.261003e+000 9.113390e+001 1.050008e+000
         vertex 9.170616e+000 9.111143e+001 1.021314e+000
      endloop
   endfacet
   facet normal -1.781144e-001 9.837351e-001 -2.325011e-002
      outer loop
         vertex 9.170616e+000 9.111143e+001 1.021314e+000
         vertex 9.261003e+000 9.113390e+001 1.050008e+000
         vertex 9.254549e+000 9.112177e+001 1.012994e+000
      endloop
   endfacet
   facet normal -5.063303e-001 8.621033e-001 2.018822e-002
      outer loop
         vertex 8.323503e+000 9.078742e+001 1.591967e+000
         vertex 8.345078e+000 9.080272e+001 1.612161e+000
         vertex 8.339607e+000 9.079593e+001 1.574953e+000
      endloop
   endfacet
   facet normal -5.134693e-001 8.581014e-001 3.356932e-003
      outer loop
         vertex 8.339607e+000 9.079593e+001 1.574953e+000
         vertex 8.345078e+000 9.080272e+001 1.612161e+000
         vertex 8.396092e+000 9.083053e+001 1.538004e+000
      endloop
   endfacet
   facet normal -4.862946e-001 8.736889e-001 1.361709e-002
      outer loop
         vertex 8.339607e+000 9.079593e+001 1.574953e+000
         vertex 8.396092e+000 9.083053e+001 1.538004e+000
         vertex 8.448782e+000 9.085355e+001 1.459612e+000
      endloop
   endfacet
   facet normal -5.021734e-001 8.643277e-001 -2.755780e-002
      outer loop
         vertex 8.448782e+000 9.085355e+001 1.459612e+000
         vertex 8.396092e+000 9.083053e+001 1.538004e+000
         vertex 8.476007e+000 9.087803e+001 1.506066e+000
      endloop
   endfacet
   facet normal -4.762843e-001 8.791765e-001 -1.420870e-002
      outer loop
         vertex 8.448782e+000 9.085355e+001 1.459612e+000
         vertex 8.476007e+000 9.087803e+001 1.506066e+000
         vertex 8.502748e+000 9.088205e+001 1.402599e+000
      endloop
   endfacet
   facet normal -5.074055e-001 8.517581e-001 -1.305675e-001
      outer loop
         vertex 8.502748e+000 9.088205e+001 1.402599e+000
         vertex 8.476007e+000 9.087803e+001 1.506066e+000
         vertex 8.709459e+000 9.101974e+001 1.449350e+000
      endloop
   endfacet
   facet normal -4.817639e-001 8.643516e-001 -1.442217e-001
      outer loop
         vertex 8.502748e+000 9.088205e+001 1.402599e+000
         vertex 8.709459e+000 9.101974e+001 1.449350e+000
         vertex 8.671281e+000 9.097102e+001 1.353818e+000
      endloop
   endfacet
   facet normal -4.955446e-001 8.012556e-001 -3.352985e-001
      outer loop
         vertex 8.671281e+000 9.097102e+001 1.353818e+000
         vertex 8.709459e+000 9.101974e+001 1.449350e+000
         vertex 8.938099e+000 9.116015e+001 1.422181e+000
      endloop
   endfacet
   facet normal -4.602935e-001 8.166507e-001 -3.481544e-001
      outer loop
         vertex 8.671281e+000 9.097102e+001 1.353818e+000
         vertex 8.938099e+000 9.116015e+001 1.422181e+000
         vertex 8.918699e+000 9.109521e+001 1.330721e+000
      endloop
   endfacet
   facet normal 9.565689e-002 2.444655e-001 -9.649282e-001
      outer loop
         vertex 9.544109e+000 9.160764e+001 1.488892e+000
         vertex 9.549250e+000 9.154222e+001 1.463972e+000
         vertex 9.486932e+000 9.149911e+001 1.458158e+000
      endloop
   endfacet
   facet normal 9.296500e-002 2.887764e-001 -9.528723e-001
      outer loop
         vertex 9.486932e+000 9.149911e+001 1.458158e+000
         vertex 9.549250e+000 9.154222e+001 1.463972e+000
         vertex 9.549252e+000 9.154221e+001 1.463967e+000
      endloop
   endfacet
   facet normal 5.236534e-002 3.810792e-001 -9.230583e-001
      outer loop
         vertex 9.486932e+000 9.149911e+001 1.458158e+000
         vertex 9.549252e+000 9.154221e+001 1.463967e+000
         vertex 9.495422e+000 9.139695e+001 1.408677e+000
      endloop
   endfacet
   facet normal 7.901244e-002 4.633536e-001 -8.826441e-001
      outer loop
         vertex 9.495422e+000 9.139695e+001 1.408677e+000
         vertex 9.549252e+000 9.154221e+001 1.463967e+000
         vertex 9.561816e+000 9.138235e+001 1.403071e+000
      endloop
   endfacet
   facet normal 3.141875e-002 6.107199e-001 -7.912231e-001
      outer loop
         vertex 9.495422e+000 9.139695e+001 1.408677e+000
         vertex 9.561816e+000 9.138235e+001 1.403071e+000
         vertex 9.504276e+000 9.130630e+001 1.335472e+000
      endloop
   endfacet
   facet normal 5.912191e-002 6.525270e-001 -7.554556e-001
      outer loop
         vertex 9.504276e+000 9.130630e+001 1.335472e+000
         vertex 9.561816e+000 9.138235e+001 1.403071e+000
         vertex 9.568773e+000 9.134470e+001 1.360387e+000
      endloop
   endfacet
   facet normal 1.591942e-002 7.505053e-001 -6.606727e-001
      outer loop
         vertex 9.504276e+000 9.130630e+001 1.335472e+000
         vertex 9.568773e+000 9.134470e+001 1.360387e+000
         vertex 9.512806e+000 9.123484e+001 1.243418e+000
      endloop
   endfacet
   facet normal 3.424034e-002 8.137059e-001 -5.802674e-001
      outer loop
         vertex 9.512806e+000 9.123484e+001 1.243418e+000
         vertex 9.568773e+000 9.134470e+001 1.360387e+000
         vertex 9.591544e+000 9.122148e+001 1.220695e+000
      endloop
   endfacet
   facet normal -1.031556e-002 9.017326e-001 -4.321713e-001
      outer loop
         vertex 9.512806e+000 9.123484e+001 1.243418e+000
         vertex 9.591544e+000 9.122148e+001 1.220695e+000
         vertex 9.520371e+000 9.118729e+001 1.140271e+000
      endloop
   endfacet
   facet normal 9.565109e-003 9.231502e-001 -3.843203e-001
      outer loop
         vertex 9.520371e+000 9.118729e+001 1.140271e+000
         vertex 9.591544e+000 9.122148e+001 1.220695e+000
         vertex 9.597382e+000 9.121228e+001 1.180941e+000
      endloop
   endfacet
   facet normal -2.324093e-002 9.625202e-001 -2.702122e-001
      outer loop
         vertex 9.520371e+000 9.118729e+001 1.140271e+000
         vertex 9.597382e+000 9.121228e+001 1.180941e+000
         vertex 9.526533e+000 9.116447e+001 1.034636e+000
      endloop
   endfacet
   facet normal -1.791763e-002 9.871628e-001 -1.587090e-001
      outer loop
         vertex 9.526533e+000 9.116447e+001 1.034636e+000
         vertex 9.597382e+000 9.121228e+001 1.180941e+000
         vertex 9.626806e+000 9.116592e+001 9.805585e-001
      endloop
   endfacet
   facet normal -3.914107e-002 9.989566e-001 -2.352908e-002
      outer loop
         vertex 9.526533e+000 9.116447e+001 1.034636e+000
         vertex 9.626806e+000 9.116592e+001 9.805585e-001
         vertex 9.609180e+000 9.116542e+001 9.778412e-001
      endloop
   endfacet
   facet normal -1.220292e-001 1.240306e-001 -9.847463e-001
      outer loop
         vertex 9.277623e+000 9.155818e+001 1.517246e+000
         vertex 9.477424e+000 9.170020e+001 1.494726e+000
         vertex 9.279473e+000 9.147190e+001 1.472307e+000
      endloop
   endfacet
   facet normal -4.399513e-002 1.253624e-001 -9.911351e-001
      outer loop
         vertex 9.279473e+000 9.147190e+001 1.472307e+000
         vertex 9.477424e+000 9.170020e+001 1.494726e+000
         vertex 9.479377e+000 9.160422e+001 1.482919e+000
      endloop
   endfacet
   facet normal -1.395574e-001 3.220299e-001 -9.363869e-001
      outer loop
         vertex 9.279473e+000 9.147190e+001 1.472307e+000
         vertex 9.479377e+000 9.160422e+001 1.482919e+000
         vertex 9.287260e+000 9.137482e+001 1.425081e+000
      endloop
   endfacet
   facet normal -5.858281e-002 3.288066e-001 -9.425784e-001
      outer loop
         vertex 9.287260e+000 9.137482e+001 1.425081e+000
         vertex 9.479377e+000 9.160422e+001 1.482919e+000
         vertex 9.486932e+000 9.149911e+001 1.458158e+000
      endloop
   endfacet
   facet normal -1.516411e-001 5.182921e-001 -8.416520e-001
      outer loop
         vertex 9.287260e+000 9.137482e+001 1.425081e+000
         vertex 9.486932e+000 9.149911e+001 1.458158e+000
         vertex 9.289698e+000 9.128534e+001 1.354747e+000
      endloop
   endfacet
   facet normal -7.104299e-002 5.283465e-001 -8.460513e-001
      outer loop
         vertex 9.289698e+000 9.128534e+001 1.354747e+000
         vertex 9.486932e+000 9.149911e+001 1.458158e+000
         vertex 9.495422e+000 9.139695e+001 1.408677e+000
      endloop
   endfacet
   facet normal -1.564526e-001 6.965392e-001 -7.002540e-001
      outer loop
         vertex 9.289698e+000 9.128534e+001 1.354747e+000
         vertex 9.495422e+000 9.139695e+001 1.408677e+000
         vertex 9.285943e+000 9.121161e+001 1.264176e+000
      endloop
   endfacet
   facet normal -8.014286e-002 7.071272e-001 -7.025299e-001
      outer loop
         vertex 9.285943e+000 9.121161e+001 1.264176e+000
         vertex 9.495422e+000 9.139695e+001 1.408677e+000
         vertex 9.504276e+000 9.130630e+001 1.335472e+000
      endloop
   endfacet
   facet normal -1.530605e-001 8.406481e-001 -5.195030e-001
      outer loop
         vertex 9.285943e+000 9.121161e+001 1.264176e+000
         vertex 9.504276e+000 9.130630e+001 1.335472e+000
         vertex 9.276048e+000 9.116010e+001 1.159760e+000
      endloop
   endfacet
   facet normal -8.505556e-002 8.494544e-001 -5.207618e-001
      outer loop
         vertex 9.276048e+000 9.116010e+001 1.159760e+000
         vertex 9.504276e+000 9.130630e+001 1.335472e+000
         vertex 9.512806e+000 9.123484e+001 1.243418e+000
      endloop
   endfacet
   facet normal -1.417754e-001 9.389750e-001 -3.134098e-001
      outer loop
         vertex 9.276048e+000 9.116010e+001 1.159760e+000
         vertex 9.512806e+000 9.123484e+001 1.243418e+000
         vertex 9.261003e+000 9.113390e+001 1.050008e+000
      endloop
   endfacet
   facet normal -8.558699e-002 9.450094e-001 -3.156457e-001
      outer loop
         vertex 9.261003e+000 9.113390e+001 1.050008e+000
         vertex 9.512806e+000 9.123484e+001 1.243418e+000
         vertex 9.520371e+000 9.118729e+001 1.140271e+000
      endloop
   endfacet
   facet normal -1.152894e-001 9.845622e-001 -1.317034e-001
      outer loop
         vertex 9.261003e+000 9.113390e+001 1.050008e+000
         vertex 9.520371e+000 9.118729e+001 1.140271e+000
         vertex 9.372985e+000 9.113635e+001 1.001254e+000
      endloop
   endfacet
   facet normal -7.363474e-002 9.878675e-001 -1.367320e-001
      outer loop
         vertex 9.372985e+000 9.113635e+001 1.001254e+000
         vertex 9.520371e+000 9.118729e+001 1.140271e+000
         vertex 9.526533e+000 9.116447e+001 1.034636e+000
      endloop
   endfacet
   facet normal -7.909495e-002 9.965802e-001 -2.391451e-002
      outer loop
         vertex 9.372985e+000 9.113635e+001 1.001254e+000
         vertex 9.526533e+000 9.116447e+001 1.034636e+000
         vertex 9.531798e+000 9.115590e+001 9.855117e-001
      endloop
   endfacet
   facet normal -5.062347e-002 9.984329e-001 -2.385546e-002
      outer loop
         vertex 9.531798e+000 9.115590e+001 9.855117e-001
         vertex 9.526533e+000 9.116447e+001 1.034636e+000
         vertex 9.609180e+000 9.116542e+001 9.778412e-001
      endloop
   endfacet
   facet normal -6.757457e-001 6.649411e-001 -3.181525e-001
      outer loop
         vertex 8.496950e+000 9.094174e+001 1.692473e+000
         vertex 8.557773e+000 9.099404e+001 1.672762e+000
         vertex 8.522747e+000 9.093036e+001 1.588492e+000
      endloop
   endfacet
   facet normal -6.546556e-001 6.340545e-001 -4.115835e-001
      outer loop
         vertex 8.522747e+000 9.093036e+001 1.588492e+000
         vertex 8.557773e+000 9.099404e+001 1.672762e+000
         vertex 8.711065e+000 9.112586e+001 1.623082e+000
      endloop
   endfacet
   facet normal -6.191533e-001 6.490714e-001 -4.419903e-001
      outer loop
         vertex 8.522747e+000 9.093036e+001 1.588492e+000
         vertex 8.711065e+000 9.112586e+001 1.623082e+000
         vertex 8.733142e+000 9.108464e+001 1.532679e+000
      endloop
   endfacet
   facet normal -6.047599e-001 5.666549e-001 -5.596139e-001
      outer loop
         vertex 8.733142e+000 9.108464e+001 1.532679e+000
         vertex 8.711065e+000 9.112586e+001 1.623082e+000
         vertex 8.747792e+000 9.115744e+001 1.611179e+000
      endloop
   endfacet
   facet normal -5.583841e-001 5.740592e-001 -5.988849e-001
      outer loop
         vertex 8.733142e+000 9.108464e+001 1.532679e+000
         vertex 8.747792e+000 9.115744e+001 1.611179e+000
         vertex 8.945462e+000 9.123853e+001 1.496467e+000
      endloop
   endfacet
   facet normal -5.303015e-001 4.886489e-001 -6.928222e-001
      outer loop
         vertex 8.945462e+000 9.123853e+001 1.496467e+000
         vertex 8.747792e+000 9.115744e+001 1.611179e+000
         vertex 8.909656e+000 9.129663e+001 1.558721e+000
      endloop
   endfacet
   facet normal -4.883006e-001 4.449334e-001 -7.507309e-001
      outer loop
         vertex 8.945462e+000 9.123853e+001 1.496467e+000
         vertex 8.909656e+000 9.129663e+001 1.558721e+000
         vertex 8.944008e+000 9.132105e+001 1.554849e+000
      endloop
   endfacet
   facet normal -2.475139e-001 9.688264e-001 -1.059057e-002
      outer loop
         vertex 9.124072e+000 9.110571e+001 1.025928e+000
         vertex 9.002346e+000 9.106601e+001 1.088679e+000
         vertex 9.007359e+000 9.107918e+001 1.121516e+000
      endloop
   endfacet
   facet normal -2.750633e-001 9.613774e-001 -9.672918e-003
      outer loop
         vertex 9.007359e+000 9.107918e+001 1.121516e+000
         vertex 9.002346e+000 9.106601e+001 1.088679e+000
         vertex 8.903963e+000 9.103392e+001 1.139395e+000
      endloop
   endfacet
   facet normal -3.073554e-001 9.447586e-001 -1.138594e-001
      outer loop
         vertex 9.007359e+000 9.107918e+001 1.121516e+000
         vertex 8.903963e+000 9.103392e+001 1.139395e+000
         vertex 9.037157e+000 9.111041e+001 1.230096e+000
      endloop
   endfacet
   facet normal -3.360432e-001 9.312471e-001 -1.409033e-001
      outer loop
         vertex 9.037157e+000 9.111041e+001 1.230096e+000
         vertex 8.903963e+000 9.103392e+001 1.139395e+000
         vertex 8.887371e+000 9.105058e+001 1.227378e+000
      endloop
   endfacet
   facet normal -3.683599e-001 8.755059e-001 -3.127306e-001
      outer loop
         vertex 9.037157e+000 9.111041e+001 1.230096e+000
         vertex 8.887371e+000 9.105058e+001 1.227378e+000
         vertex 9.057763e+000 9.116572e+001 1.330945e+000
      endloop
   endfacet
   facet normal -3.982340e-001 8.533672e-001 -3.364134e-001
      outer loop
         vertex 9.057763e+000 9.116572e+001 1.330945e+000
         vertex 8.887371e+000 9.105058e+001 1.227378e+000
         vertex 8.918699e+000 9.109521e+001 1.330721e+000
      endloop
   endfacet
   facet normal -4.095231e-001 7.597104e-001 -5.051048e-001
      outer loop
         vertex 9.057763e+000 9.116572e+001 1.330945e+000
         vertex 8.918699e+000 9.109521e+001 1.330721e+000
         vertex 9.067953e+000 9.123994e+001 1.416650e+000
      endloop
   endfacet
   facet normal -4.385832e-001 7.311515e-001 -5.225537e-001
      outer loop
         vertex 9.067953e+000 9.123994e+001 1.416650e+000
         vertex 8.918699e+000 9.109521e+001 1.330721e+000
         vertex 8.938099e+000 9.116015e+001 1.422181e+000
      endloop
   endfacet
   facet normal -4.534309e-001 6.319345e-001 -6.285375e-001
      outer loop
         vertex 9.067953e+000 9.123994e+001 1.416650e+000
         vertex 8.938099e+000 9.116015e+001 1.422181e+000
         vertex 8.945462e+000 9.123853e+001 1.496467e+000
      endloop
   endfacet
   facet normal -5.034860e-001 6.881424e-001 -5.224575e-001
      outer loop
         vertex 8.945462e+000 9.123853e+001 1.496467e+000
         vertex 8.938099e+000 9.116015e+001 1.422181e+000
         vertex 8.709459e+000 9.101974e+001 1.449350e+000
      endloop
   endfacet
   facet normal -5.415546e-001 6.726964e-001 -5.041806e-001
      outer loop
         vertex 8.945462e+000 9.123853e+001 1.496467e+000
         vertex 8.709459e+000 9.101974e+001 1.449350e+000
         vertex 8.733142e+000 9.108464e+001 1.532679e+000
      endloop
   endfacet
   facet normal -5.586801e-001 7.720883e-001 -3.029130e-001
      outer loop
         vertex 8.733142e+000 9.108464e+001 1.532679e+000
         vertex 8.709459e+000 9.101974e+001 1.449350e+000
         vertex 8.476007e+000 9.087803e+001 1.506066e+000
      endloop
   endfacet
   facet normal -5.901672e-001 7.569818e-001 -2.805018e-001
      outer loop
         vertex 8.733142e+000 9.108464e+001 1.532679e+000
         vertex 8.476007e+000 9.087803e+001 1.506066e+000
         vertex 8.522747e+000 9.093036e+001 1.588492e+000
      endloop
   endfacet
   facet normal -5.622848e-001 8.180377e-001 -1.210376e-001
      outer loop
         vertex 8.522747e+000 9.093036e+001 1.588492e+000
         vertex 8.476007e+000 9.087803e+001 1.506066e+000
         vertex 8.396092e+000 9.083053e+001 1.538004e+000
      endloop
   endfacet
   facet normal -6.251258e-001 7.560136e-001 -1.940650e-001
      outer loop
         vertex 8.522747e+000 9.093036e+001 1.588492e+000
         vertex 8.396092e+000 9.083053e+001 1.538004e+000
         vertex 8.496950e+000 9.094174e+001 1.692473e+000
      endloop
   endfacet
   facet normal -6.239687e-001 7.690855e-001 -1.384578e-001
      outer loop
         vertex 8.496950e+000 9.094174e+001 1.692473e+000
         vertex 8.396092e+000 9.083053e+001 1.538004e+000
         vertex 8.390038e+000 9.083459e+001 1.654243e+000
      endloop
   endfacet
   facet normal -6.889783e-001 6.969324e-001 -1.989828e-001
      outer loop
         vertex 8.496950e+000 9.094174e+001 1.692473e+000
         vertex 8.390038e+000 9.083459e+001 1.654243e+000
         vertex 8.440528e+000 9.089323e+001 1.710759e+000
      endloop
   endfacet
   facet normal 1.931257e-001 9.743488e-001 -1.155283e-001
      outer loop
         vertex 1.023617e+001 9.109382e+001 1.095983e+000
         vertex 1.015849e+001 9.110300e+001 1.081268e+000
         vertex 1.013533e+001 9.117088e+001 1.279036e+000
      endloop
   endfacet
   facet normal 1.562196e-001 5.003123e-001 -8.516355e-001
      outer loop
         vertex 9.561816e+000 9.138235e+001 1.403071e+000
         vertex 9.549252e+000 9.154221e+001 1.463967e+000
         vertex 1.012713e+001 9.130709e+001 1.463171e+000
      endloop
   endfacet
   facet normal 9.646474e-001 1.590457e-001 -2.101423e-001
      outer loop
         vertex 1.252194e+001 8.859116e+001 2.076283e+000
         vertex 1.250663e+001 8.857804e+001 1.998465e+000
         vertex 1.221211e+001 8.960814e+001 1.781941e+000
      endloop
   endfacet
   facet normal 2.009564e-001 -1.244445e-001 -9.716635e-001
      outer loop
         vertex 1.272800e+001 8.926812e+001 2.298002e+000
         vertex 1.280071e+001 8.929177e+001 2.314191e+000
         vertex 1.292141e+001 8.867261e+001 2.421236e+000
      endloop
   endfacet
   facet normal 2.648413e-001 -9.098697e-002 -9.599898e-001
      outer loop
         vertex 1.250101e+001 8.983392e+001 2.180017e+000
         vertex 1.257302e+001 8.987279e+001 2.197186e+000
         vertex 1.272800e+001 8.926812e+001 2.298002e+000
      endloop
   endfacet
   facet normal 2.008213e-001 -1.245509e-001 -9.716778e-001
      outer loop
         vertex 1.272800e+001 8.926812e+001 2.298002e+000
         vertex 1.257302e+001 8.987279e+001 2.197186e+000
         vertex 1.276661e+001 8.946668e+001 2.283951e+000
      endloop
   endfacet
   facet normal 2.008945e-001 -1.244659e-001 -9.716737e-001
      outer loop
         vertex 1.272800e+001 8.926812e+001 2.298002e+000
         vertex 1.276661e+001 8.946668e+001 2.283951e+000
         vertex 1.280071e+001 8.929177e+001 2.314191e+000
      endloop
   endfacet
   facet normal 2.050864e-001 -7.116023e-002 -9.761536e-001
      outer loop
         vertex 1.116702e+001 9.136460e+001 1.777924e+000
         vertex 1.184884e+001 9.088647e+001 1.945748e+000
         vertex 1.175551e+001 9.077625e+001 1.926986e+000
      endloop
   endfacet
   facet normal 2.049623e-001 -7.114736e-002 -9.761806e-001
      outer loop
         vertex 1.175551e+001 9.077625e+001 1.926986e+000
         vertex 1.184884e+001 9.088647e+001 1.945748e+000
         vertex 1.225531e+001 9.040748e+001 2.073859e+000
      endloop
   endfacet
   facet normal 2.703892e-001 -1.872719e-002 -9.625689e-001
      outer loop
         vertex 1.175551e+001 9.077625e+001 1.926986e+000
         vertex 1.225531e+001 9.040748e+001 2.073859e+000
         vertex 1.217235e+001 9.034225e+001 2.054861e+000
      endloop
   endfacet
   facet normal 2.077190e-001 -9.093028e-002 -9.739530e-001
      outer loop
         vertex 1.217235e+001 9.034225e+001 2.054861e+000
         vertex 1.225531e+001 9.040748e+001 2.073859e+000
         vertex 1.239866e+001 9.023856e+001 2.119038e+000
      endloop
   endfacet
   facet normal 1.833068e-001 -3.197332e-002 -9.825357e-001
      outer loop
         vertex 1.072241e+001 9.136875e+001 1.680735e+000
         vertex 1.077229e+001 9.151220e+001 1.699459e+000
         vertex 1.116702e+001 9.136460e+001 1.777924e+000
      endloop
   endfacet
   facet normal 7.491040e-001 6.615951e-001 -3.369168e-002
      outer loop
         vertex 1.174737e+001 9.027225e+001 1.489119e+000
         vertex 1.157198e+001 9.045472e+001 1.532210e+000
         vertex 1.196826e+001 8.995522e+001 1.579725e+000
      endloop
   endfacet
   facet normal 8.144675e-001 5.718657e-001 -9.804189e-002
      outer loop
         vertex 1.196826e+001 8.995522e+001 1.579725e+000
         vertex 1.157198e+001 9.045472e+001 1.532210e+000
         vertex 1.221211e+001 8.960814e+001 1.781941e+000
      endloop
   endfacet
   facet normal 8.745792e-001 4.839642e-001 -2.983231e-002
      outer loop
         vertex 1.196826e+001 8.995522e+001 1.579725e+000
         vertex 1.221211e+001 8.960814e+001 1.781941e+000
         vertex 1.219222e+001 8.963380e+001 1.671591e+000
      endloop
   endfacet
   facet normal 9.939489e-001 1.074090e-001 -2.299835e-002
      outer loop
         vertex 1.248763e+001 8.856176e+001 1.901928e+000
         vertex 1.244323e+001 8.890115e+001 1.837194e+000
         vertex 1.250663e+001 8.857804e+001 1.998465e+000
      endloop
   endfacet
   facet normal 9.868047e-001 1.601360e-001 -2.393972e-002
      outer loop
         vertex 1.250663e+001 8.857804e+001 1.998465e+000
         vertex 1.244323e+001 8.890115e+001 1.837194e+000
         vertex 1.241030e+001 8.899728e+001 1.815468e+000
      endloop
   endfacet
   facet normal 9.686106e-001 2.310763e-001 -9.163617e-002
      outer loop
         vertex 1.250663e+001 8.857804e+001 1.998465e+000
         vertex 1.241030e+001 8.899728e+001 1.815468e+000
         vertex 1.221211e+001 8.960814e+001 1.781941e+000
      endloop
   endfacet
   facet normal 9.313588e-001 3.630704e-001 -2.740067e-002
      outer loop
         vertex 1.221211e+001 8.960814e+001 1.781941e+000
         vertex 1.241030e+001 8.899728e+001 1.815468e+000
         vertex 1.220862e+001 8.958593e+001 1.682411e+000
      endloop
   endfacet
   facet normal 8.990186e-001 4.369650e-001 -2.875838e-002
      outer loop
         vertex 1.221211e+001 8.960814e+001 1.781941e+000
         vertex 1.220862e+001 8.958593e+001 1.682411e+000
         vertex 1.219222e+001 8.963380e+001 1.671591e+000
      endloop
   endfacet
   facet normal 6.316057e-001 3.701741e-001 -6.812088e-001
      outer loop
         vertex 1.163696e+001 9.061298e+001 1.818285e+000
         vertex 1.233062e+001 8.972751e+001 2.069716e+000
         vertex 1.159793e+001 9.054402e+001 1.732405e+000
      endloop
   endfacet
   facet normal 7.103344e-001 3.265009e-001 -6.235561e-001
      outer loop
         vertex 1.159793e+001 9.054402e+001 1.732405e+000
         vertex 1.233062e+001 8.972751e+001 2.069716e+000
         vertex 1.226897e+001 8.967898e+001 1.983127e+000
      endloop
   endfacet
   facet normal 7.153664e-001 4.857067e-001 -5.023344e-001
      outer loop
         vertex 1.159793e+001 9.054402e+001 1.732405e+000
         vertex 1.226897e+001 8.967898e+001 1.983127e+000
         vertex 1.157639e+001 9.049055e+001 1.634256e+000
      endloop
   endfacet
   facet normal 7.946984e-001 4.228971e-001 -4.354453e-001
      outer loop
         vertex 1.157639e+001 9.049055e+001 1.634256e+000
         vertex 1.226897e+001 8.967898e+001 1.983127e+000
         vertex 1.222931e+001 8.963851e+001 1.884402e+000
      endloop
   endfacet
   facet normal 2.529276e-001 -1.189750e-001 -9.601420e-001
      outer loop
         vertex 1.292141e+001 8.867261e+001 2.421236e+000
         vertex 1.284816e+001 8.866287e+001 2.391562e+000
         vertex 1.272800e+001 8.926812e+001 2.298002e+000
      endloop
   endfacet
   facet normal 3.665819e-001 -1.054539e-001 -9.243902e-001
      outer loop
         vertex 1.272800e+001 8.926812e+001 2.298002e+000
         vertex 1.284816e+001 8.866287e+001 2.391562e+000
         vertex 1.275583e+001 8.865060e+001 2.354158e+000
      endloop
   endfacet
   facet normal 3.782576e-001 -7.714134e-002 -9.224806e-001
      outer loop
         vertex 1.272800e+001 8.926812e+001 2.298002e+000
         vertex 1.275583e+001 8.865060e+001 2.354158e+000
         vertex 1.250101e+001 8.983392e+001 2.180017e+000
      endloop
   endfacet
   facet normal 4.768441e-001 -7.480374e-002 -8.757991e-001
      outer loop
         vertex 1.250101e+001 8.983392e+001 2.180017e+000
         vertex 1.275583e+001 8.865060e+001 2.354158e+000
         vertex 1.268599e+001 8.864133e+001 2.325864e+000
      endloop
   endfacet
   facet normal 5.465774e-001 1.597424e-002 -8.372562e-001
      outer loop
         vertex 1.250101e+001 8.983392e+001 2.180017e+000
         vertex 1.268599e+001 8.864133e+001 2.325864e+000
         vertex 1.233062e+001 8.972751e+001 2.069716e+000
      endloop
   endfacet
   facet normal 2.913260e-001 4.781577e-001 -8.285496e-001
      outer loop
         vertex 1.067077e+001 9.117323e+001 1.572886e+000
         vertex 1.012713e+001 9.130709e+001 1.463171e+000
         vertex 1.072241e+001 9.136875e+001 1.680735e+000
      endloop
   endfacet
   facet normal 2.115857e-001 3.726380e-001 -9.035332e-001
      outer loop
         vertex 1.072241e+001 9.136875e+001 1.680735e+000
         vertex 1.012713e+001 9.130709e+001 1.463171e+000
         vertex 9.549252e+000 9.154221e+001 1.463967e+000
      endloop
   endfacet
   facet normal 1.794827e-001 1.067450e-001 -9.779527e-001
      outer loop
         vertex 1.072241e+001 9.136875e+001 1.680735e+000
         vertex 9.549252e+000 9.154221e+001 1.463967e+000
         vertex 1.077229e+001 9.151220e+001 1.699459e+000
      endloop
   endfacet
   facet normal 1.352502e-001 1.323517e-001 -9.819319e-001
      outer loop
         vertex 1.077229e+001 9.151220e+001 1.699459e+000
         vertex 9.549252e+000 9.154221e+001 1.463967e+000
         vertex 9.549250e+000 9.154222e+001 1.463972e+000
      endloop
   endfacet
   facet normal 1.398400e-001 -6.528095e-003 -9.901525e-001
      outer loop
         vertex 1.077229e+001 9.151220e+001 1.699459e+000
         vertex 9.549250e+000 9.154222e+001 1.463972e+000
         vertex 1.038052e+001 9.165868e+001 1.621582e+000
      endloop
   endfacet
   facet normal 1.370989e-001 8.520184e-002 -9.868863e-001
      outer loop
         vertex 1.038052e+001 9.165868e+001 1.621582e+000
         vertex 9.549250e+000 9.154222e+001 1.463972e+000
         vertex 9.544109e+000 9.160764e+001 1.488892e+000
      endloop
   endfacet
   facet normal 1.407642e-001 -5.187520e-002 -9.886832e-001
      outer loop
         vertex 1.038052e+001 9.165868e+001 1.621582e+000
         vertex 9.544109e+000 9.160764e+001 1.488892e+000
         vertex 9.540877e+000 9.174530e+001 1.487574e+000
      endloop
   endfacet
   facet normal 2.455689e-001 4.058735e-002 -9.685290e-001
      outer loop
         vertex 1.116702e+001 9.136460e+001 1.777924e+000
         vertex 1.175551e+001 9.077625e+001 1.926986e+000
         vertex 1.072241e+001 9.136875e+001 1.680735e+000
      endloop
   endfacet
   facet normal 3.615471e-001 2.583700e-001 -8.958396e-001
      outer loop
         vertex 1.072241e+001 9.136875e+001 1.680735e+000
         vertex 1.175551e+001 9.077625e+001 1.926986e+000
         vertex 1.117998e+001 9.093935e+001 1.692651e+000
      endloop
   endfacet
   facet normal 3.722949e-001 4.288718e-001 -8.230830e-001
      outer loop
         vertex 1.072241e+001 9.136875e+001 1.680735e+000
         vertex 1.117998e+001 9.093935e+001 1.692651e+000
         vertex 1.067077e+001 9.117323e+001 1.572886e+000
      endloop
   endfacet
   facet normal 1.038485e-001 8.367903e-001 -5.375848e-001
      outer loop
         vertex 1.012713e+001 9.130709e+001 1.463171e+000
         vertex 9.597383e+000 9.121228e+001 1.180932e+000
         vertex 9.591544e+000 9.122148e+001 1.220695e+000
      endloop
   endfacet
   facet normal 1.405174e-001 6.252658e-001 -7.676572e-001
      outer loop
         vertex 9.561816e+000 9.138235e+001 1.403071e+000
         vertex 1.012713e+001 9.130709e+001 1.463171e+000
         vertex 9.568775e+000 9.134469e+001 1.360378e+000
      endloop
   endfacet
   facet normal 1.228712e-001 7.429954e-001 -6.579214e-001
      outer loop
         vertex 9.568775e+000 9.134469e+001 1.360378e+000
         vertex 1.012713e+001 9.130709e+001 1.463171e+000
         vertex 9.591544e+000 9.122148e+001 1.220695e+000
      endloop
   endfacet
   facet normal 7.410895e-002 7.497884e-001 -6.575145e-001
      outer loop
         vertex 9.568775e+000 9.134469e+001 1.360378e+000
         vertex 9.591544e+000 9.122148e+001 1.220695e+000
         vertex 9.568773e+000 9.134470e+001 1.360387e+000
      endloop
   endfacet
   facet normal 4.893187e-001 8.373848e-001 -2.436266e-001
      outer loop
         vertex 1.114243e+001 9.080770e+001 1.508845e+000
         vertex 1.111788e+001 9.077882e+001 1.297766e+000
         vertex 1.065645e+001 9.103716e+001 1.389028e+000
      endloop
   endfacet
   facet normal 4.212195e-001 9.002665e-001 -1.099742e-001
      outer loop
         vertex 1.065645e+001 9.103716e+001 1.389028e+000
         vertex 1.111788e+001 9.077882e+001 1.297766e+000
         vertex 1.066856e+001 9.096682e+001 1.190402e+000
      endloop
   endfacet
   facet normal 3.235569e-001 9.133967e-001 -2.470169e-001
      outer loop
         vertex 1.065645e+001 9.103716e+001 1.389028e+000
         vertex 1.066856e+001 9.096682e+001 1.190402e+000
         vertex 1.013533e+001 9.117088e+001 1.279036e+000
      endloop
   endfacet
   facet normal 2.767000e-001 9.543585e-001 -1.124142e-001
      outer loop
         vertex 1.013533e+001 9.117088e+001 1.279036e+000
         vertex 1.066856e+001 9.096682e+001 1.190402e+000
         vertex 1.041589e+001 9.107256e+001 1.130023e+000
      endloop
   endfacet
   facet normal 2.237982e-001 9.678119e-001 -1.151277e-001
      outer loop
         vertex 1.013533e+001 9.117088e+001 1.279036e+000
         vertex 1.041589e+001 9.107256e+001 1.130023e+000
         vertex 1.023617e+001 9.109382e+001 1.095983e+000
      endloop
   endfacet
   facet normal 6.981589e-001 7.150899e-001 -3.493666e-002
      outer loop
         vertex 1.174737e+001 9.027225e+001 1.489119e+000
         vertex 1.156701e+001 9.041739e+001 1.434293e+000
         vertex 1.157198e+001 9.045472e+001 1.532210e+000
      endloop
   endfacet
   facet normal 6.377047e-001 7.693789e-001 -3.726767e-002
      outer loop
         vertex 1.157198e+001 9.045472e+001 1.532210e+000
         vertex 1.156701e+001 9.041739e+001 1.434293e+000
         vertex 1.121673e+001 9.069927e+001 1.327815e+000
      endloop
   endfacet
   facet normal 6.019413e-001 7.796410e-001 -1.727041e-001
      outer loop
         vertex 1.157198e+001 9.045472e+001 1.532210e+000
         vertex 1.121673e+001 9.069927e+001 1.327815e+000
         vertex 1.114243e+001 9.080770e+001 1.508845e+000
      endloop
   endfacet
   facet normal 5.445533e-001 8.317246e-001 -1.081482e-001
      outer loop
         vertex 1.114243e+001 9.080770e+001 1.508845e+000
         vertex 1.121673e+001 9.069927e+001 1.327815e+000
         vertex 1.115317e+001 9.075041e+001 1.308496e+000
      endloop
   endfacet
   facet normal 5.316268e-001 8.401171e-001 -1.075925e-001
      outer loop
         vertex 1.114243e+001 9.080770e+001 1.508845e+000
         vertex 1.115317e+001 9.075041e+001 1.308496e+000
         vertex 1.111788e+001 9.077882e+001 1.297766e+000
      endloop
   endfacet
   facet normal 4.704444e-001 6.215082e-001 -6.264260e-001
      outer loop
         vertex 1.117998e+001 9.093935e+001 1.692651e+000
         vertex 1.114243e+001 9.080770e+001 1.508845e+000
         vertex 1.067077e+001 9.117323e+001 1.572886e+000
      endloop
   endfacet
   facet normal 4.425972e-001 7.413867e-001 -5.044339e-001
      outer loop
         vertex 1.067077e+001 9.117323e+001 1.572886e+000
         vertex 1.114243e+001 9.080770e+001 1.508845e+000
         vertex 1.065645e+001 9.103716e+001 1.389028e+000
      endloop
   endfacet
   facet normal 3.350487e-001 7.001652e-001 -6.304847e-001
      outer loop
         vertex 1.067077e+001 9.117323e+001 1.572886e+000
         vertex 1.065645e+001 9.103716e+001 1.389028e+000
         vertex 1.012713e+001 9.130709e+001 1.463171e+000
      endloop
   endfacet
   facet normal 2.855352e-001 8.123803e-001 -5.084367e-001
      outer loop
         vertex 1.012713e+001 9.130709e+001 1.463171e+000
         vertex 1.065645e+001 9.103716e+001 1.389028e+000
         vertex 1.013533e+001 9.117088e+001 1.279036e+000
      endloop
   endfacet
   facet normal 1.635302e-001 8.430295e-001 -5.124053e-001
      outer loop
         vertex 1.012713e+001 9.130709e+001 1.463171e+000
         vertex 1.013533e+001 9.117088e+001 1.279036e+000
         vertex 9.597383e+000 9.121228e+001 1.180932e+000
      endloop
   endfacet
   facet normal 1.389975e-001 9.581354e-001 -2.503124e-001
      outer loop
         vertex 9.597383e+000 9.121228e+001 1.180932e+000
         vertex 1.013533e+001 9.117088e+001 1.279036e+000
         vertex 1.015849e+001 9.110300e+001 1.081268e+000
      endloop
   endfacet
   facet normal 5.633011e-002 9.916829e-001 -1.157234e-001
      outer loop
         vertex 9.597383e+000 9.121228e+001 1.180932e+000
         vertex 1.015849e+001 9.110300e+001 1.081268e+000
         vertex 9.626806e+000 9.116592e+001 9.805585e-001
      endloop
   endfacet
   facet normal 6.578383e-001 8.056775e-003 -7.531161e-001
      outer loop
         vertex 1.268599e+001 8.864133e+001 2.325864e+000
         vertex 1.265314e+001 8.863282e+001 2.285861e+000
         vertex 1.233062e+001 8.972751e+001 2.069716e+000
      endloop
   endfacet
   facet normal 7.134619e-001 2.011727e-002 -7.004052e-001
      outer loop
         vertex 1.233062e+001 8.972751e+001 2.069716e+000
         vertex 1.265314e+001 8.863282e+001 2.285861e+000
         vertex 1.261304e+001 8.862244e+001 2.237030e+000
      endloop
   endfacet
   facet normal 7.519354e-001 1.309383e-001 -6.461024e-001
      outer loop
         vertex 1.233062e+001 8.972751e+001 2.069716e+000
         vertex 1.261304e+001 8.862244e+001 2.237030e+000
         vertex 1.226897e+001 8.967898e+001 1.983127e+000
      endloop
   endfacet
   facet normal 8.067667e-001 6.491633e-002 -5.872933e-001
      outer loop
         vertex 1.226897e+001 8.967898e+001 1.983127e+000
         vertex 1.261304e+001 8.862244e+001 2.237030e+000
         vertex 1.257998e+001 8.861389e+001 2.196769e+000
      endloop
   endfacet
   facet normal 8.446370e-001 1.969148e-001 -4.978082e-001
      outer loop
         vertex 1.226897e+001 8.967898e+001 1.983127e+000
         vertex 1.257998e+001 8.861389e+001 2.196769e+000
         vertex 1.222931e+001 8.963851e+001 1.884402e+000
      endloop
   endfacet
   facet normal 8.838168e-001 1.064000e-001 -4.555731e-001
      outer loop
         vertex 1.222931e+001 8.963851e+001 1.884402e+000
         vertex 1.257998e+001 8.861389e+001 2.196769e+000
         vertex 1.253482e+001 8.860221e+001 2.141766e+000
      endloop
   endfacet
   facet normal 9.206261e-001 1.216575e-001 -3.710081e-001
      outer loop
         vertex 1.222931e+001 8.963851e+001 1.884402e+000
         vertex 1.253482e+001 8.860221e+001 2.141766e+000
         vertex 1.252194e+001 8.859116e+001 2.076283e+000
      endloop
   endfacet
   facet normal 9.238870e-001 2.602527e-001 -2.805378e-001
      outer loop
         vertex 1.252194e+001 8.859116e+001 2.076283e+000
         vertex 1.221211e+001 8.960814e+001 1.781941e+000
         vertex 1.222931e+001 8.963851e+001 1.884402e+000
      endloop
   endfacet
   facet normal 8.370789e-001 4.951451e-001 -2.326591e-001
      outer loop
         vertex 1.222931e+001 8.963851e+001 1.884402e+000
         vertex 1.221211e+001 8.960814e+001 1.781941e+000
         vertex 1.157198e+001 9.045472e+001 1.532210e+000
      endloop
   endfacet
   facet normal 7.609071e-001 5.737554e-001 -3.030266e-001
      outer loop
         vertex 1.222931e+001 8.963851e+001 1.884402e+000
         vertex 1.157198e+001 9.045472e+001 1.532210e+000
         vertex 1.157639e+001 9.049055e+001 1.634256e+000
      endloop
   endfacet
   facet normal 6.429942e-001 7.037587e-001 -3.021292e-001
      outer loop
         vertex 1.157639e+001 9.049055e+001 1.634256e+000
         vertex 1.157198e+001 9.045472e+001 1.532210e+000
         vertex 1.114243e+001 9.080770e+001 1.508845e+000
      endloop
   endfacet
   facet normal 6.270329e-001 6.459144e-001 -4.354588e-001
      outer loop
         vertex 1.157639e+001 9.049055e+001 1.634256e+000
         vertex 1.114243e+001 9.080770e+001 1.508845e+000
         vertex 1.159793e+001 9.054402e+001 1.732405e+000
      endloop
   endfacet
   facet normal 5.627136e-001 6.041266e-001 -5.642555e-001
      outer loop
         vertex 1.159793e+001 9.054402e+001 1.732405e+000
         vertex 1.114243e+001 9.080770e+001 1.508845e+000
         vertex 1.117998e+001 9.093935e+001 1.692651e+000
      endloop
   endfacet
   facet normal 5.604820e-001 4.761936e-001 -6.775687e-001
      outer loop
         vertex 1.159793e+001 9.054402e+001 1.732405e+000
         vertex 1.117998e+001 9.093935e+001 1.692651e+000
         vertex 1.163696e+001 9.061298e+001 1.818285e+000
      endloop
   endfacet
   facet normal 4.651147e-001 3.288901e-001 -8.218879e-001
      outer loop
         vertex 1.163696e+001 9.061298e+001 1.818285e+000
         vertex 1.117998e+001 9.093935e+001 1.692651e+000
         vertex 1.175551e+001 9.077625e+001 1.926986e+000
      endloop
   endfacet
   facet normal 5.315245e-001 2.173778e-001 -8.186749e-001
      outer loop
         vertex 1.163696e+001 9.061298e+001 1.818285e+000
         vertex 1.175551e+001 9.077625e+001 1.926986e+000
         vertex 1.233062e+001 8.972751e+001 2.069716e+000
      endloop
   endfacet
   facet normal 4.527723e-001 8.668721e-002 -8.874022e-001
      outer loop
         vertex 1.233062e+001 8.972751e+001 2.069716e+000
         vertex 1.175551e+001 9.077625e+001 1.926986e+000
         vertex 1.217235e+001 9.034225e+001 2.054861e+000
      endloop
   endfacet
   facet normal 4.553667e-001 4.787375e-002 -8.890159e-001
      outer loop
         vertex 1.233062e+001 8.972751e+001 2.069716e+000
         vertex 1.217235e+001 9.034225e+001 2.054861e+000
         vertex 1.250101e+001 8.983392e+001 2.180017e+000
      endloop
   endfacet
   facet normal 2.716802e-001 -5.699046e-002 -9.606987e-001
      outer loop
         vertex 1.250101e+001 8.983392e+001 2.180017e+000
         vertex 1.217235e+001 9.034225e+001 2.054861e+000
         vertex 1.239866e+001 9.023856e+001 2.119038e+000
      endloop
   endfacet
   facet normal 2.058745e-001 -1.090928e-001 -9.724785e-001
      outer loop
         vertex 1.250101e+001 8.983392e+001 2.180017e+000
         vertex 1.239866e+001 9.023856e+001 2.119038e+000
         vertex 1.257302e+001 8.987279e+001 2.197186e+000
      endloop
   endfacet
   facet normal 5.792335e-001 -2.752412e-001 -7.672880e-001
      outer loop
         vertex 1.270354e+001 8.850450e+001 2.372768e+000
         vertex 1.269665e+001 8.850330e+001 2.369443e+000
         vertex 1.271936e+001 8.857766e+001 2.361464e+000
      endloop
   endfacet
   facet normal 3.772805e-001 -3.119342e-001 -8.719842e-001
      outer loop
         vertex 1.288405e+001 8.860142e+001 2.431406e+000
         vertex 1.284626e+001 8.852940e+001 2.441694e+000
         vertex 1.270354e+001 8.850450e+001 2.372768e+000
      endloop
   endfacet
   facet normal 4.622148e-001 -2.615910e-001 -8.473061e-001
      outer loop
         vertex 1.270354e+001 8.850450e+001 2.372768e+000
         vertex 1.271936e+001 8.857766e+001 2.361464e+000
         vertex 1.288405e+001 8.860142e+001 2.431406e+000
      endloop
   endfacet
   facet normal 3.619601e-001 -1.984884e-001 -9.108168e-001
      outer loop
         vertex 1.288405e+001 8.860142e+001 2.431406e+000
         vertex 1.271936e+001 8.857766e+001 2.361464e+000
         vertex 1.284816e+001 8.866287e+001 2.391562e+000
      endloop
   endfacet
   facet normal 2.212096e-001 -1.742703e-001 -9.595291e-001
      outer loop
         vertex 1.288405e+001 8.860142e+001 2.431406e+000
         vertex 1.284816e+001 8.866287e+001 2.391562e+000
         vertex 1.292141e+001 8.867261e+001 2.421236e+000
      endloop
   endfacet
   facet normal 9.946426e-001 -3.424488e-002 -9.753651e-002
      outer loop
         vertex 1.251105e+001 8.838021e+001 2.052362e+000
         vertex 1.249282e+001 8.834776e+001 1.970147e+000
         vertex 1.250403e+001 8.848937e+001 2.060741e+000
      endloop
   endfacet
   facet normal 9.990022e-001 1.383605e-002 -4.246447e-002
      outer loop
         vertex 1.250403e+001 8.848937e+001 2.060741e+000
         vertex 1.249282e+001 8.834776e+001 1.970147e+000
         vertex 1.248763e+001 8.856176e+001 1.901928e+000
      endloop
   endfacet
   facet normal 9.936570e-001 2.930325e-002 -1.085687e-001
      outer loop
         vertex 1.250403e+001 8.848937e+001 2.060741e+000
         vertex 1.248763e+001 8.856176e+001 1.901928e+000
         vertex 1.250663e+001 8.857804e+001 1.998465e+000
      endloop
   endfacet
   facet normal 6.161124e-001 -1.182362e-001 -7.787335e-001
      outer loop
         vertex 1.265314e+001 8.863282e+001 2.285861e+000
         vertex 1.268599e+001 8.864133e+001 2.325864e+000
         vertex 1.271936e+001 8.857766e+001 2.361464e+000
      endloop
   endfacet
   facet normal 5.471292e-001 -1.304340e-001 -8.268232e-001
      outer loop
         vertex 1.271936e+001 8.857766e+001 2.361464e+000
         vertex 1.268599e+001 8.864133e+001 2.325864e+000
         vertex 1.275583e+001 8.865060e+001 2.354158e+000
      endloop
   endfacet
   facet normal 4.452503e-001 -1.464724e-001 -8.833448e-001
      outer loop
         vertex 1.271936e+001 8.857766e+001 2.361464e+000
         vertex 1.275583e+001 8.865060e+001 2.354158e+000
         vertex 1.284816e+001 8.866287e+001 2.391562e+000
      endloop
   endfacet
   facet normal 5.899991e-001 -2.725394e-001 -7.600153e-001
      outer loop
         vertex 1.269665e+001 8.850330e+001 2.369443e+000
         vertex 1.268889e+001 8.849993e+001 2.360650e+000
         vertex 1.271936e+001 8.857766e+001 2.361464e+000
      endloop
   endfacet
   facet normal 6.743674e-001 -2.166038e-001 -7.059118e-001
      outer loop
         vertex 1.271936e+001 8.857766e+001 2.361464e+000
         vertex 1.268889e+001 8.849993e+001 2.360650e+000
         vertex 1.258126e+001 8.853834e+001 2.231478e+000
      endloop
   endfacet
   facet normal 6.958992e-001 -1.364081e-001 -7.050653e-001
      outer loop
         vertex 1.271936e+001 8.857766e+001 2.361464e+000
         vertex 1.258126e+001 8.853834e+001 2.231478e+000
         vertex 1.265314e+001 8.863282e+001 2.285861e+000
      endloop
   endfacet
   facet normal 7.633088e-001 -8.035622e-002 -6.410169e-001
      outer loop
         vertex 1.265314e+001 8.863282e+001 2.285861e+000
         vertex 1.258126e+001 8.853834e+001 2.231478e+000
         vertex 1.261304e+001 8.862244e+001 2.237030e+000
      endloop
   endfacet
   facet normal 9.744310e-001 1.014208e-002 -2.244582e-001
      outer loop
         vertex 1.250663e+001 8.857804e+001 1.998465e+000
         vertex 1.252194e+001 8.859116e+001 2.076283e+000
         vertex 1.250403e+001 8.848937e+001 2.060741e+000
      endloop
   endfacet
   facet normal 9.480914e-001 -6.186266e-003 -3.179379e-001
      outer loop
         vertex 1.250403e+001 8.848937e+001 2.060741e+000
         vertex 1.252194e+001 8.859116e+001 2.076283e+000
         vertex 1.253482e+001 8.860221e+001 2.141766e+000
      endloop
   endfacet
   facet normal 9.130013e-001 -5.679525e-002 -4.039839e-001
      outer loop
         vertex 1.250403e+001 8.848937e+001 2.060741e+000
         vertex 1.253482e+001 8.860221e+001 2.141766e+000
         vertex 1.258126e+001 8.853834e+001 2.231478e+000
      endloop
   endfacet
   facet normal 8.570277e-001 -5.394949e-002 -5.124382e-001
      outer loop
         vertex 1.258126e+001 8.853834e+001 2.231478e+000
         vertex 1.253482e+001 8.860221e+001 2.141766e+000
         vertex 1.257998e+001 8.861389e+001 2.196769e+000
      endloop
   endfacet
   facet normal 8.115902e-001 -6.753394e-002 -5.803107e-001
      outer loop
         vertex 1.258126e+001 8.853834e+001 2.231478e+000
         vertex 1.257998e+001 8.861389e+001 2.196769e+000
         vertex 1.261304e+001 8.862244e+001 2.237030e+000
      endloop
   endfacet
   facet normal 7.623075e-001 -2.214348e-001 -6.081561e-001
      outer loop
         vertex 1.268889e+001 8.849993e+001 2.360650e+000
         vertex 1.259412e+001 8.845885e+001 2.253317e+000
         vertex 1.258126e+001 8.853834e+001 2.231478e+000
      endloop
   endfacet
   facet normal 8.514978e-001 -1.776939e-001 -4.933318e-001
      outer loop
         vertex 1.258126e+001 8.853834e+001 2.231478e+000
         vertex 1.259412e+001 8.845885e+001 2.253317e+000
         vertex 1.254269e+001 8.843655e+001 2.195066e+000
      endloop
   endfacet
   facet normal 9.122226e-001 -1.148873e-001 -3.932565e-001
      outer loop
         vertex 1.258126e+001 8.853834e+001 2.231478e+000
         vertex 1.254269e+001 8.843655e+001 2.195066e+000
         vertex 1.250403e+001 8.848937e+001 2.060741e+000
      endloop
   endfacet
   facet normal 9.512267e-001 -1.094759e-001 -2.884141e-001
      outer loop
         vertex 1.250403e+001 8.848937e+001 2.060741e+000
         vertex 1.254269e+001 8.843655e+001 2.195066e+000
         vertex 1.252512e+001 8.840525e+001 2.115789e+000
      endloop
   endfacet
   facet normal 9.780382e-001 -7.295530e-002 -1.952401e-001
      outer loop
         vertex 1.250403e+001 8.848937e+001 2.060741e+000
         vertex 1.252512e+001 8.840525e+001 2.115789e+000
         vertex 1.251105e+001 8.838021e+001 2.052362e+000
      endloop
   endfacet
   facet normal -1.899256e-001 1.408572e-001 -9.716417e-001
      outer loop
         vertex 6.548404e+000 8.827937e+001 2.431014e+000
         vertex 6.479292e+000 8.827579e+001 2.458985e+000
         vertex 6.480161e+000 8.833013e+001 2.466720e+000
      endloop
   endfacet
   facet normal -9.977455e-001 6.410768e-002 -1.985369e-002
      outer loop
         vertex 6.914547e+000 8.834776e+001 1.939053e+000
         vertex 6.893912e+000 8.833401e+001 2.035558e+000
         vertex 6.954991e+000 8.880206e+001 2.008756e+000
      endloop
   endfacet
   facet normal -9.827445e-001 1.245912e-001 -1.367129e-001
      outer loop
         vertex 6.954991e+000 8.880206e+001 2.008756e+000
         vertex 6.893912e+000 8.833401e+001 2.035558e+000
         vertex 6.918486e+000 8.873196e+001 2.178038e+000
      endloop
   endfacet
   facet normal -9.637796e-001 8.575347e-002 -2.525377e-001
      outer loop
         vertex 6.893912e+000 8.833401e+001 2.035558e+000
         vertex 6.877497e+000 8.832308e+001 2.112323e+000
         vertex 6.918486e+000 8.873196e+001 2.178038e+000
      endloop
   endfacet
   facet normal -9.421192e-001 9.538486e-002 -3.214234e-001
      outer loop
         vertex 6.918486e+000 8.873196e+001 2.178038e+000
         vertex 6.877497e+000 8.832308e+001 2.112323e+000
         vertex 6.871526e+000 8.831911e+001 2.140249e+000
      endloop
   endfacet
   facet normal -9.328893e-001 1.385082e-001 -3.324649e-001
      outer loop
         vertex 6.918486e+000 8.873196e+001 2.178038e+000
         vertex 6.871526e+000 8.831911e+001 2.140249e+000
         vertex 6.914679e+000 8.872465e+001 2.195691e+000
      endloop
   endfacet
   facet normal -9.197783e-001 1.021388e-001 -3.789135e-001
      outer loop
         vertex 6.914679e+000 8.872465e+001 2.195691e+000
         vertex 6.871526e+000 8.831911e+001 2.140249e+000
         vertex 6.862007e+000 8.831277e+001 2.184765e+000
      endloop
   endfacet
   facet normal -8.692741e-001 1.394123e-001 -4.742644e-001
      outer loop
         vertex 6.914679e+000 8.872465e+001 2.195691e+000
         vertex 6.862007e+000 8.831277e+001 2.184765e+000
         vertex 6.805050e+000 8.861018e+001 2.323657e+000
      endloop
   endfacet
   facet normal -8.132156e-001 1.108692e-001 -5.713041e-001
      outer loop
         vertex 6.805050e+000 8.861018e+001 2.323657e+000
         vertex 6.862007e+000 8.831277e+001 2.184765e+000
         vertex 6.787151e+000 8.830058e+001 2.272859e+000
      endloop
   endfacet
   facet normal -7.347888e-001 1.407795e-001 -6.635258e-001
      outer loop
         vertex 6.805050e+000 8.861018e+001 2.323657e+000
         vertex 6.787151e+000 8.830058e+001 2.272859e+000
         vertex 6.764564e+000 8.856792e+001 2.370914e+000
      endloop
   endfacet
   facet normal -6.811751e-001 1.254529e-001 -7.212920e-001
      outer loop
         vertex 6.764564e+000 8.856792e+001 2.370914e+000
         vertex 6.787151e+000 8.830058e+001 2.272859e+000
         vertex 6.707461e+000 8.828761e+001 2.366642e+000
      endloop
   endfacet
   facet normal -5.807170e-001 1.431970e-001 -8.014128e-001
      outer loop
         vertex 6.764564e+000 8.856792e+001 2.370914e+000
         vertex 6.707461e+000 8.828761e+001 2.366642e+000
         vertex 6.651052e+000 8.846908e+001 2.424926e+000
      endloop
   endfacet
   facet normal -5.138294e-001 1.320433e-001 -8.476698e-001
      outer loop
         vertex 6.651052e+000 8.846908e+001 2.424926e+000
         vertex 6.707461e+000 8.828761e+001 2.366642e+000
         vertex 6.645028e+000 8.828437e+001 2.391910e+000
      endloop
   endfacet
   facet normal -4.417533e-001 1.408561e-001 -8.860099e-001
      outer loop
         vertex 6.651052e+000 8.846908e+001 2.424926e+000
         vertex 6.645028e+000 8.828437e+001 2.391910e+000
         vertex 6.603118e+000 8.842735e+001 2.447733e+000
      endloop
   endfacet
   facet normal -3.809142e-001 1.376623e-001 -9.143049e-001
      outer loop
         vertex 6.603118e+000 8.842735e+001 2.447733e+000
         vertex 6.645028e+000 8.828437e+001 2.391910e+000
         vertex 6.548404e+000 8.827937e+001 2.431014e+000
      endloop
   endfacet
   facet normal -2.972747e-001 1.422078e-001 -9.441423e-001
      outer loop
         vertex 6.603118e+000 8.842735e+001 2.447733e+000
         vertex 6.548404e+000 8.827937e+001 2.431014e+000
         vertex 6.525231e+000 8.836485e+001 2.463437e+000
      endloop
   endfacet
   facet normal -2.188190e-001 1.409839e-001 -9.655266e-001
      outer loop
         vertex 6.525231e+000 8.836485e+001 2.463437e+000
         vertex 6.548404e+000 8.827937e+001 2.431014e+000
         vertex 6.480161e+000 8.833013e+001 2.466720e+000
      endloop
   endfacet
   facet normal -9.236585e-001 3.180370e-003 3.832035e-001
      outer loop
         vertex 6.973005e+000 8.849319e+001 3.283185e+000
         vertex 6.978196e+000 8.845013e+001 3.273160e+000
         vertex 7.032268e+000 8.850238e+001 3.422287e+000
      endloop
   endfacet
   facet normal -9.636018e-001 1.605488e-002 2.668592e-001
      outer loop
         vertex 7.032268e+000 8.850238e+001 3.422287e+000
         vertex 6.978196e+000 8.845013e+001 3.273160e+000
         vertex 7.034806e+000 8.842323e+001 3.449477e+000
      endloop
   endfacet
   facet normal -9.880800e-001 4.265450e-002 1.479142e-001
      outer loop
         vertex 7.032268e+000 8.850238e+001 3.422287e+000
         vertex 7.034806e+000 8.842323e+001 3.449477e+000
         vertex 7.038314e+000 8.849703e+001 3.461215e+000
      endloop
   endfacet
   facet normal -9.705476e-001 -7.721176e-003 2.407856e-001
      outer loop
         vertex 7.031219e+000 8.834776e+001 3.437478e+000
         vertex 7.034806e+000 8.842323e+001 3.449477e+000
         vertex 6.968522e+000 8.837360e+001 3.263423e+000
      endloop
   endfacet
   facet normal -9.332971e-001 -1.619095e-002 3.587400e-001
      outer loop
         vertex 6.968522e+000 8.837360e+001 3.263423e+000
         vertex 7.034806e+000 8.842323e+001 3.449477e+000
         vertex 6.978196e+000 8.845013e+001 3.273160e+000
      endloop
   endfacet
   facet normal -8.804867e-001 -4.288312e-002 4.721273e-001
      outer loop
         vertex 6.968522e+000 8.837360e+001 3.263423e+000
         vertex 6.978196e+000 8.845013e+001 3.273160e+000
         vertex 6.966924e+000 8.837425e+001 3.258981e+000
      endloop
   endfacet
   facet normal -8.684802e-001 -4.613744e-002 4.935721e-001
      outer loop
         vertex 6.966924e+000 8.837425e+001 3.258981e+000
         vertex 6.978196e+000 8.845013e+001 3.273160e+000
         vertex 6.956067e+000 8.837873e+001 3.228846e+000
      endloop
   endfacet
   facet normal -5.874122e-001 -9.984710e-002 8.031049e-001
      outer loop
         vertex 6.781440e+000 8.840530e+001 3.063197e+000
         vertex 6.829762e+000 8.839795e+001 3.109033e+000
         vertex 6.849683e+000 8.843950e+001 3.130181e+000
      endloop
   endfacet
   facet normal -6.342236e-001 -9.396093e-002 7.674190e-001
      outer loop
         vertex 6.849683e+000 8.843950e+001 3.130181e+000
         vertex 6.829762e+000 8.839795e+001 3.109033e+000
         vertex 6.845626e+000 8.839554e+001 3.124083e+000
      endloop
   endfacet
   facet normal -6.797365e-001 -7.990425e-002 7.290909e-001
      outer loop
         vertex 6.849683e+000 8.843950e+001 3.130181e+000
         vertex 6.845626e+000 8.839554e+001 3.124083e+000
         vertex 6.900781e+000 8.846511e+001 3.180338e+000
      endloop
   endfacet
   facet normal -7.501259e-001 -7.247394e-002 6.573116e-001
      outer loop
         vertex 6.845626e+000 8.839554e+001 3.124083e+000
         vertex 6.956067e+000 8.837873e+001 3.228846e+000
         vertex 6.900781e+000 8.846511e+001 3.180338e+000
      endloop
   endfacet
   facet normal -8.276697e-001 -4.830985e-002 5.591325e-001
      outer loop
         vertex 6.900781e+000 8.846511e+001 3.180338e+000
         vertex 6.956067e+000 8.837873e+001 3.228846e+000
         vertex 6.978196e+000 8.845013e+001 3.273160e+000
      endloop
   endfacet
   facet normal -8.200912e-001 -3.827113e-002 5.709517e-001
      outer loop
         vertex 6.900781e+000 8.846511e+001 3.180338e+000
         vertex 6.978196e+000 8.845013e+001 3.273160e+000
         vertex 6.949606e+000 8.848958e+001 3.228262e+000
      endloop
   endfacet
   facet normal -8.639324e-001 -2.192826e-002 5.031301e-001
      outer loop
         vertex 6.949606e+000 8.848958e+001 3.228262e+000
         vertex 6.978196e+000 8.845013e+001 3.273160e+000
         vertex 6.973005e+000 8.849319e+001 3.283185e+000
      endloop
   endfacet
   facet normal 1.360910e-001 -1.955919e-001 9.711967e-001
      outer loop
         vertex 8.992557e+000 8.522703e+001 2.172482e+000
         vertex 9.409311e+000 8.519364e+001 2.107355e+000
         vertex 9.415874e+000 8.524805e+001 2.121357e+000
      endloop
   endfacet
   facet normal 1.480836e-001 -1.862320e-001 9.712821e-001
      outer loop
         vertex 9.826456e+000 8.516022e+001 2.042167e+000
         vertex 1.018984e+001 8.519926e+001 1.995229e+000
         vertex 1.018199e+001 8.526394e+001 2.018601e+000
      endloop
   endfacet
   facet normal -9.674695e-001 -8.112636e-002 2.396276e-001
      outer loop
         vertex 7.031219e+000 8.834776e+001 3.437478e+000
         vertex 6.968522e+000 8.837360e+001 3.263423e+000
         vertex 7.094194e+000 8.784683e+001 3.343654e+000
      endloop
   endfacet
   facet normal -9.202896e-001 -1.577971e-001 3.580043e-001
      outer loop
         vertex 7.094194e+000 8.784683e+001 3.343654e+000
         vertex 6.968522e+000 8.837360e+001 3.263423e+000
         vertex 7.006410e+000 8.786280e+001 3.167130e+000
      endloop
   endfacet
   facet normal -9.467314e-001 -2.188594e-001 2.362208e-001
      outer loop
         vertex 7.094194e+000 8.784683e+001 3.343654e+000
         vertex 7.006410e+000 8.786280e+001 3.167130e+000
         vertex 7.109920e+000 8.772175e+001 3.320226e+000
      endloop
   endfacet
   facet normal -9.065387e-001 -3.534341e-001 2.308073e-001
      outer loop
         vertex 7.128875e+000 8.757097e+001 3.291984e+000
         vertex 7.133685e+000 8.736728e+001 3.064696e+000
         vertex 7.217006e+000 8.736401e+001 3.242928e+000
      endloop
   endfacet
   facet normal -8.276246e-001 -4.398776e-001 3.486335e-001
      outer loop
         vertex 7.217006e+000 8.736401e+001 3.242928e+000
         vertex 7.133685e+000 8.736728e+001 3.064696e+000
         vertex 7.353924e+000 8.689773e+001 2.951363e+000
      endloop
   endfacet
   facet normal -8.438216e-001 -4.869047e-001 2.255858e-001
      outer loop
         vertex 7.217006e+000 8.736401e+001 3.242928e+000
         vertex 7.353924e+000 8.689773e+001 2.951363e+000
         vertex 7.408289e+000 8.691480e+001 3.136452e+000
      endloop
   endfacet
   facet normal -6.905536e-001 -6.395124e-001 3.378751e-001
      outer loop
         vertex 7.658410e+000 8.647758e+001 2.832442e+000
         vertex 7.741307e+000 8.650126e+001 3.012117e+000
         vertex 7.353924e+000 8.689773e+001 2.951363e+000
      endloop
   endfacet
   facet normal -7.624627e-001 -6.088766e-001 2.189059e-001
      outer loop
         vertex 7.353924e+000 8.689773e+001 2.951363e+000
         vertex 7.741307e+000 8.650126e+001 3.012117e+000
         vertex 7.508563e+000 8.679028e+001 3.099014e+000
      endloop
   endfacet
   facet normal -8.015438e-001 -5.555213e-001 2.211867e-001
      outer loop
         vertex 7.353924e+000 8.689773e+001 2.951363e+000
         vertex 7.508563e+000 8.679028e+001 3.099014e+000
         vertex 7.408289e+000 8.691480e+001 3.136452e+000
      endloop
   endfacet
   facet normal -4.145475e-001 -8.498787e-001 3.253562e-001
      outer loop
         vertex 8.034562e+000 8.612339e+001 2.712733e+000
         vertex 8.471763e+000 8.584489e+001 2.595577e+000
         vertex 8.517053e+000 8.587984e+001 2.779329e+000
      endloop
   endfacet
   facet normal -4.878637e-001 -8.484353e-001 2.052967e-001
      outer loop
         vertex 8.517053e+000 8.587984e+001 2.779329e+000
         vertex 8.240225e+000 8.607252e+001 2.857566e+000
         vertex 8.034562e+000 8.612339e+001 2.712733e+000
      endloop
   endfacet
   facet normal -5.398431e-001 -8.158808e-001 2.071420e-001
      outer loop
         vertex 8.034562e+000 8.612339e+001 2.712733e+000
         vertex 8.240225e+000 8.607252e+001 2.857566e+000
         vertex 8.109771e+000 8.616332e+001 2.894436e+000
      endloop
   endfacet
   facet normal -5.610048e-001 -7.586890e-001 3.311565e-001
      outer loop
         vertex 8.034562e+000 8.612339e+001 2.712733e+000
         vertex 8.109771e+000 8.616332e+001 2.894436e+000
         vertex 7.658410e+000 8.647758e+001 2.832442e+000
      endloop
   endfacet
   facet normal -6.267715e-001 -7.500091e-001 2.112909e-001
      outer loop
         vertex 7.658410e+000 8.647758e+001 2.832442e+000
         vertex 8.109771e+000 8.616332e+001 2.894436e+000
         vertex 7.890597e+000 8.631587e+001 2.956378e+000
      endloop
   endfacet
   facet normal -6.732836e-001 -7.078940e-001 2.134840e-001
      outer loop
         vertex 7.658410e+000 8.647758e+001 2.832442e+000
         vertex 7.890597e+000 8.631587e+001 2.956378e+000
         vertex 7.741307e+000 8.650126e+001 3.012117e+000
      endloop
   endfacet
   facet normal -1.369376e-001 -9.712646e-001 1.946616e-001
      outer loop
         vertex 9.515399e+000 8.562415e+001 2.569902e+000
         vertex 9.237781e+000 8.563674e+001 2.618528e+000
         vertex 8.961139e+000 8.565086e+001 2.483851e+000
      endloop
   endfacet
   facet normal -1.772760e-001 -9.645784e-001 1.953501e-001
      outer loop
         vertex 8.961139e+000 8.565086e+001 2.483851e+000
         vertex 9.237781e+000 8.563674e+001 2.618528e+000
         vertex 9.185334e+000 8.565443e+001 2.630229e+000
      endloop
   endfacet
   facet normal -2.059627e-001 -9.586856e-001 1.962175e-001
      outer loop
         vertex 8.961139e+000 8.565086e+001 2.483851e+000
         vertex 9.185334e+000 8.565443e+001 2.630229e+000
         vertex 9.013689e+000 8.571232e+001 2.668525e+000
      endloop
   endfacet
   facet normal 1.677889e-001 -9.404358e-001 2.956813e-001
      outer loop
         vertex 1.016365e+001 8.556525e+001 2.278874e+000
         vertex 1.016533e+001 8.557399e+001 2.304722e+000
         vertex 9.989835e+000 8.560262e+001 2.486803e+000
      endloop
   endfacet
   facet normal 1.626243e-001 -9.609602e-001 2.238499e-001
      outer loop
         vertex 9.989835e+000 8.560262e+001 2.486803e+000
         vertex 1.016533e+001 8.557399e+001 2.304722e+000
         vertex 1.017051e+001 8.560101e+001 2.384494e+000
      endloop
   endfacet
   facet normal 1.531925e-001 -9.812726e-001 1.167742e-001
      outer loop
         vertex 9.989835e+000 8.560262e+001 2.486803e+000
         vertex 1.017051e+001 8.560101e+001 2.384494e+000
         vertex 1.017540e+001 8.562653e+001 2.459901e+000
      endloop
   endfacet
   facet normal 1.360512e-001 -1.959027e-001 9.711396e-001
      outer loop
         vertex 8.992557e+000 8.522703e+001 2.172482e+000
         vertex 9.415874e+000 8.524805e+001 2.121357e+000
         vertex 8.203160e+000 8.550716e+001 2.327225e+000
      endloop
   endfacet
   facet normal 7.200018e-002 -2.039023e-001 9.763400e-001
      outer loop
         vertex 6.971045e+000 8.661772e+001 2.666171e+000
         vertex 7.302481e+000 8.622920e+001 2.562006e+000
         vertex 7.389869e+000 8.630414e+001 2.580575e+000
      endloop
   endfacet
   facet normal 7.200175e-002 -2.038972e-001 9.763409e-001
      outer loop
         vertex 7.389869e+000 8.630414e+001 2.580575e+000
         vertex 7.302481e+000 8.622920e+001 2.562006e+000
         vertex 7.513983e+000 8.598128e+001 2.495534e+000
      endloop
   endfacet
   facet normal 3.738442e-002 -2.678719e-001 9.627290e-001
      outer loop
         vertex 7.389869e+000 8.630414e+001 2.580575e+000
         vertex 7.513983e+000 8.598128e+001 2.495534e+000
         vertex 8.288622e+000 8.558743e+001 2.339044e+000
      endloop
   endfacet
   facet normal -2.526493e-001 -1.786847e-001 9.509154e-001
      outer loop
         vertex 6.699003e+000 8.835521e+001 3.016712e+000
         vertex 6.649073e+000 8.832233e+001 2.998422e+000
         vertex 6.818437e+000 8.729903e+001 2.816504e+000
      endloop
   endfacet
   facet normal -2.019071e-001 -1.820554e-001 9.623353e-001
      outer loop
         vertex 6.818437e+000 8.729903e+001 2.816504e+000
         vertex 6.649073e+000 8.832233e+001 2.998422e+000
         vertex 6.622996e+000 8.830517e+001 2.988870e+000
      endloop
   endfacet
   facet normal 7.192296e-002 -2.039186e-001 9.763423e-001
      outer loop
         vertex 6.971045e+000 8.661772e+001 2.666171e+000
         vertex 7.389869e+000 8.630414e+001 2.580575e+000
         vertex 6.670438e+000 8.724833e+001 2.800897e+000
      endloop
   endfacet
   facet normal -3.506443e-002 -2.425534e-001 9.695042e-001
      outer loop
         vertex 6.670438e+000 8.724833e+001 2.800897e+000
         vertex 7.389869e+000 8.630414e+001 2.580575e+000
         vertex 6.818437e+000 8.729903e+001 2.816504e+000
      endloop
   endfacet
   facet normal 3.615731e-002 -1.816926e-001 9.826904e-001
      outer loop
         vertex 6.670438e+000 8.724833e+001 2.800897e+000
         vertex 6.818437e+000 8.729903e+001 2.816504e+000
         vertex 6.612192e+000 8.737052e+001 2.827001e+000
      endloop
   endfacet
   facet normal -7.520866e-002 -1.834385e-001 9.801499e-001
      outer loop
         vertex 6.612192e+000 8.737052e+001 2.827001e+000
         vertex 6.818437e+000 8.729903e+001 2.816504e+000
         vertex 6.622996e+000 8.830517e+001 2.988870e+000
      endloop
   endfacet
   facet normal 3.208752e-002 -1.452119e-001 9.888802e-001
      outer loop
         vertex 6.612192e+000 8.737052e+001 2.827001e+000
         vertex 6.622996e+000 8.830517e+001 2.988870e+000
         vertex 6.459727e+000 8.818783e+001 2.967324e+000
      endloop
   endfacet
   facet normal -5.525393e-001 -1.901851e-001 8.114986e-001
      outer loop
         vertex 6.998666e+000 8.734811e+001 2.907777e+000
         vertex 6.829762e+000 8.839795e+001 3.109033e+000
         vertex 6.781440e+000 8.840530e+001 3.063197e+000
      endloop
   endfacet
   facet normal 1.485920e-001 -2.903955e-001 9.452993e-001
      outer loop
         vertex 1.018072e+001 8.527438e+001 2.022377e+000
         vertex 9.415874e+000 8.524805e+001 2.121357e+000
         vertex 1.018199e+001 8.526394e+001 2.018601e+000
      endloop
   endfacet
   facet normal 1.420876e-001 -2.397529e-001 9.603799e-001
      outer loop
         vertex 1.018199e+001 8.526394e+001 2.018601e+000
         vertex 9.415874e+000 8.524805e+001 2.121357e+000
         vertex 9.409311e+000 8.519364e+001 2.107355e+000
      endloop
   endfacet
   facet normal 1.481113e-001 -1.859410e-001 9.713336e-001
      outer loop
         vertex 1.018199e+001 8.526394e+001 2.018601e+000
         vertex 9.409311e+000 8.519364e+001 2.107355e+000
         vertex 9.826456e+000 8.516022e+001 2.042167e+000
      endloop
   endfacet
   facet normal 1.508304e-001 -6.271862e-001 7.641254e-001
      outer loop
         vertex 1.016559e+001 8.543833e+001 2.121315e+000
         vertex 9.445808e+000 8.542847e+001 2.220202e+000
         vertex 1.016652e+001 8.541916e+001 2.102863e+000
      endloop
   endfacet
   facet normal 1.288262e-001 -5.249922e-001 8.413008e-001
      outer loop
         vertex 1.016652e+001 8.541916e+001 2.102863e+000
         vertex 9.445808e+000 8.542847e+001 2.220202e+000
         vertex 9.415874e+000 8.524805e+001 2.121357e+000
      endloop
   endfacet
   facet normal 1.678189e-001 -4.621343e-001 8.707863e-001
      outer loop
         vertex 1.016652e+001 8.541916e+001 2.102863e+000
         vertex 9.415874e+000 8.524805e+001 2.121357e+000
         vertex 1.016882e+001 8.537228e+001 2.057759e+000
      endloop
   endfacet
   facet normal 1.571060e-001 -3.615819e-001 9.190083e-001
      outer loop
         vertex 1.016882e+001 8.537228e+001 2.057759e+000
         vertex 9.415874e+000 8.524805e+001 2.121357e+000
         vertex 1.018072e+001 8.527438e+001 2.022377e+000
      endloop
   endfacet
   facet normal -4.621136e-001 -2.024102e-001 8.634124e-001
      outer loop
         vertex 6.781440e+000 8.840530e+001 3.063197e+000
         vertex 6.699003e+000 8.835521e+001 3.016712e+000
         vertex 6.998666e+000 8.734811e+001 2.907777e+000
      endloop
   endfacet
   facet normal -3.549340e-001 -2.515796e-001 9.004052e-001
      outer loop
         vertex 6.998666e+000 8.734811e+001 2.907777e+000
         vertex 6.699003e+000 8.835521e+001 3.016712e+000
         vertex 6.818437e+000 8.729903e+001 2.816504e+000
      endloop
   endfacet
   facet normal -3.951795e-001 -3.603964e-001 8.449543e-001
      outer loop
         vertex 6.998666e+000 8.734811e+001 2.907777e+000
         vertex 6.818437e+000 8.729903e+001 2.816504e+000
         vertex 7.224828e+000 8.685590e+001 2.793868e+000
      endloop
   endfacet
   facet normal -2.387319e-001 -3.513894e-001 9.052804e-001
      outer loop
         vertex 7.224828e+000 8.685590e+001 2.793868e+000
         vertex 6.818437e+000 8.729903e+001 2.816504e+000
         vertex 7.389869e+000 8.630414e+001 2.580575e+000
      endloop
   endfacet
   facet normal -3.030573e-001 -4.485199e-001 8.408247e-001
      outer loop
         vertex 7.224828e+000 8.685590e+001 2.793868e+000
         vertex 7.389869e+000 8.630414e+001 2.580575e+000
         vertex 7.539649e+000 8.641380e+001 2.674177e+000
      endloop
   endfacet
   facet normal -1.347776e-001 -4.077389e-001 9.030969e-001
      outer loop
         vertex 7.539649e+000 8.641380e+001 2.674177e+000
         vertex 7.389869e+000 8.630414e+001 2.580575e+000
         vertex 8.288622e+000 8.558743e+001 2.339044e+000
      endloop
   endfacet
   facet normal -1.642371e-001 -5.173132e-001 8.398888e-001
      outer loop
         vertex 7.539649e+000 8.641380e+001 2.674177e+000
         vertex 8.288622e+000 8.558743e+001 2.339044e+000
         vertex 8.386765e+000 8.574342e+001 2.435274e+000
      endloop
   endfacet
   facet normal 1.264470e-001 -9.736388e-001 1.898382e-001
      outer loop
         vertex 9.989835e+000 8.560262e+001 2.486803e+000
         vertex 9.903070e+000 8.560655e+001 2.502000e+000
         vertex 1.016365e+001 8.556525e+001 2.278874e+000
      endloop
   endfacet
   facet normal 8.979981e-002 -9.451734e-001 3.139798e-001
      outer loop
         vertex 1.016365e+001 8.556525e+001 2.278874e+000
         vertex 9.903070e+000 8.560655e+001 2.502000e+000
         vertex 9.481235e+000 8.555290e+001 2.382937e+000
      endloop
   endfacet
   facet normal 1.314801e-001 -8.762836e-001 4.635084e-001
      outer loop
         vertex 1.016365e+001 8.556525e+001 2.278874e+000
         vertex 9.481235e+000 8.555290e+001 2.382937e+000
         vertex 1.016024e+001 8.554745e+001 2.226308e+000
      endloop
   endfacet
   facet normal 8.797859e-002 -8.107105e-001 5.787989e-001
      outer loop
         vertex 1.016024e+001 8.554745e+001 2.226308e+000
         vertex 9.481235e+000 8.555290e+001 2.382937e+000
         vertex 9.445808e+000 8.542847e+001 2.220202e+000
      endloop
   endfacet
   facet normal 1.559350e-001 -7.414767e-001 6.526075e-001
      outer loop
         vertex 1.016024e+001 8.554745e+001 2.226308e+000
         vertex 9.445808e+000 8.542847e+001 2.220202e+000
         vertex 1.016342e+001 8.548266e+001 2.163960e+000
      endloop
   endfacet
   facet normal 1.533800e-001 -6.717323e-001 7.247415e-001
      outer loop
         vertex 1.016342e+001 8.548266e+001 2.163960e+000
         vertex 9.445808e+000 8.542847e+001 2.220202e+000
         vertex 1.016559e+001 8.543833e+001 2.121315e+000
      endloop
   endfacet
   facet normal 1.080379e-001 -2.065715e-001 9.724485e-001
      outer loop
         vertex 7.513983e+000 8.598128e+001 2.495534e+000
         vertex 8.203160e+000 8.550716e+001 2.327225e+000
         vertex 8.288622e+000 8.558743e+001 2.339044e+000
      endloop
   endfacet
   facet normal 1.018241e-001 -2.602169e-001 9.601662e-001
      outer loop
         vertex 8.288622e+000 8.558743e+001 2.339044e+000
         vertex 8.203160e+000 8.550716e+001 2.327225e+000
         vertex 9.415874e+000 8.524805e+001 2.121357e+000
      endloop
   endfacet
   facet normal 2.680289e-003 -4.349656e-001 9.004431e-001
      outer loop
         vertex 8.288622e+000 8.558743e+001 2.339044e+000
         vertex 9.415874e+000 8.524805e+001 2.121357e+000
         vertex 8.386765e+000 8.574342e+001 2.435274e+000
      endloop
   endfacet
   facet normal 1.143560e-002 -5.470631e-001 8.370132e-001
      outer loop
         vertex 8.386765e+000 8.574342e+001 2.435274e+000
         vertex 9.415874e+000 8.524805e+001 2.121357e+000
         vertex 9.445808e+000 8.542847e+001 2.220202e+000
      endloop
   endfacet
   facet normal -8.724162e-002 -7.454416e-001 6.608371e-001
      outer loop
         vertex 8.386765e+000 8.574342e+001 2.435274e+000
         vertex 9.445808e+000 8.542847e+001 2.220202e+000
         vertex 8.961139e+000 8.565086e+001 2.483851e+000
      endloop
   endfacet
   facet normal -3.629698e-002 -8.342920e-001 5.501267e-001
      outer loop
         vertex 8.961139e+000 8.565086e+001 2.483851e+000
         vertex 9.445808e+000 8.542847e+001 2.220202e+000
         vertex 9.481235e+000 8.555290e+001 2.382937e+000
      endloop
   endfacet
   facet normal -8.147264e-002 -9.451011e-001 3.164588e-001
      outer loop
         vertex 8.961139e+000 8.565086e+001 2.483851e+000
         vertex 9.481235e+000 8.555290e+001 2.382937e+000
         vertex 9.515399e+000 8.562415e+001 2.569902e+000
      endloop
   endfacet
   facet normal -7.647903e-004 -9.814260e-001 1.918397e-001
      outer loop
         vertex 9.515399e+000 8.562415e+001 2.569902e+000
         vertex 9.481235e+000 8.555290e+001 2.382937e+000
         vertex 9.903070e+000 8.560655e+001 2.502000e+000
      endloop
   endfacet
   facet normal -2.899154e-001 -9.359609e-001 1.998157e-001
      outer loop
         vertex 9.013689e+000 8.571232e+001 2.668525e+000
         vertex 8.517053e+000 8.587984e+001 2.779329e+000
         vertex 8.961139e+000 8.565086e+001 2.483851e+000
      endloop
   endfacet
   facet normal -3.129974e-001 -8.930773e-001 3.231802e-001
      outer loop
         vertex 8.961139e+000 8.565086e+001 2.483851e+000
         vertex 8.517053e+000 8.587984e+001 2.779329e+000
         vertex 8.471763e+000 8.584489e+001 2.595577e+000
      endloop
   endfacet
   facet normal -2.183625e-001 -8.048244e-001 5.518837e-001
      outer loop
         vertex 8.961139e+000 8.565086e+001 2.483851e+000
         vertex 8.471763e+000 8.584489e+001 2.595577e+000
         vertex 8.386765e+000 8.574342e+001 2.435274e+000
      endloop
   endfacet
   facet normal -3.218498e-001 -7.660114e-001 5.564522e-001
      outer loop
         vertex 8.386765e+000 8.574342e+001 2.435274e+000
         vertex 8.471763e+000 8.584489e+001 2.595577e+000
         vertex 8.034562e+000 8.612339e+001 2.712733e+000
      endloop
   endfacet
   facet normal -3.367826e-001 -6.641976e-001 6.673972e-001
      outer loop
         vertex 8.386765e+000 8.574342e+001 2.435274e+000
         vertex 8.034562e+000 8.612339e+001 2.712733e+000
         vertex 7.539649e+000 8.641380e+001 2.674177e+000
      endloop
   endfacet
   facet normal -4.863949e-001 -6.698357e-001 5.610170e-001
      outer loop
         vertex 7.539649e+000 8.641380e+001 2.674177e+000
         vertex 8.034562e+000 8.612339e+001 2.712733e+000
         vertex 7.658410e+000 8.647758e+001 2.832442e+000
      endloop
   endfacet
   facet normal -4.822662e-001 -5.637864e-001 6.704956e-001
      outer loop
         vertex 7.539649e+000 8.641380e+001 2.674177e+000
         vertex 7.658410e+000 8.647758e+001 2.832442e+000
         vertex 7.224828e+000 8.685590e+001 2.793868e+000
      endloop
   endfacet
   facet normal -6.003150e-001 -5.637485e-001 5.672826e-001
      outer loop
         vertex 7.224828e+000 8.685590e+001 2.793868e+000
         vertex 7.658410e+000 8.647758e+001 2.832442e+000
         vertex 7.353924e+000 8.689773e+001 2.951363e+000
      endloop
   endfacet
   facet normal -5.771232e-001 -4.568867e-001 6.768925e-001
      outer loop
         vertex 7.224828e+000 8.685590e+001 2.793868e+000
         vertex 7.353924e+000 8.689773e+001 2.951363e+000
         vertex 6.998666e+000 8.734811e+001 2.907777e+000
      endloop
   endfacet
   facet normal -6.936237e-001 -4.347382e-001 5.743597e-001
      outer loop
         vertex 6.998666e+000 8.734811e+001 2.907777e+000
         vertex 7.353924e+000 8.689773e+001 2.951363e+000
         vertex 7.133685e+000 8.736728e+001 3.064696e+000
      endloop
   endfacet
   facet normal -7.442641e-001 -3.296093e-001 5.808860e-001
      outer loop
         vertex 6.998666e+000 8.734811e+001 2.907777e+000
         vertex 7.133685e+000 8.736728e+001 3.064696e+000
         vertex 7.006410e+000 8.786280e+001 3.167130e+000
      endloop
   endfacet
   facet normal -8.836400e-001 -3.063547e-001 3.540158e-001
      outer loop
         vertex 7.006410e+000 8.786280e+001 3.167130e+000
         vertex 7.133685e+000 8.736728e+001 3.064696e+000
         vertex 7.128875e+000 8.757097e+001 3.291984e+000
      endloop
   endfacet
   facet normal -9.385502e-001 -2.528281e-001 2.349499e-001
      outer loop
         vertex 7.006410e+000 8.786280e+001 3.167130e+000
         vertex 7.128875e+000 8.757097e+001 3.291984e+000
         vertex 7.109920e+000 8.772175e+001 3.320226e+000
      endloop
   endfacet
   facet normal -8.736946e-001 -1.106005e-001 4.737354e-001
      outer loop
         vertex 6.968522e+000 8.837360e+001 3.263423e+000
         vertex 6.966924e+000 8.837425e+001 3.258981e+000
         vertex 7.006410e+000 8.786280e+001 3.167130e+000
      endloop
   endfacet
   facet normal -8.616983e-001 -1.137708e-001 4.945021e-001
      outer loop
         vertex 7.006410e+000 8.786280e+001 3.167130e+000
         vertex 6.966924e+000 8.837425e+001 3.258981e+000
         vertex 6.956069e+000 8.837873e+001 3.228845e+000
      endloop
   endfacet
   facet normal -7.637582e-001 -2.187398e-001 6.073107e-001
      outer loop
         vertex 7.006410e+000 8.786280e+001 3.167130e+000
         vertex 6.956069e+000 8.837873e+001 3.228845e+000
         vertex 6.998666e+000 8.734811e+001 2.907777e+000
      endloop
   endfacet
   facet normal -6.892102e-001 -1.737509e-001 7.034202e-001
      outer loop
         vertex 6.998666e+000 8.734811e+001 2.907777e+000
         vertex 6.956069e+000 8.837873e+001 3.228845e+000
         vertex 6.845626e+000 8.839554e+001 3.124083e+000
      endloop
   endfacet
   facet normal -6.007277e-001 -1.845660e-001 7.778571e-001
      outer loop
         vertex 6.998666e+000 8.734811e+001 2.907777e+000
         vertex 6.845626e+000 8.839554e+001 3.124083e+000
         vertex 6.829762e+000 8.839795e+001 3.109033e+000
      endloop
   endfacet
   facet normal 6.000755e-001 -7.855169e-001 1.512370e-001
      outer loop
         vertex 1.098203e+001 8.582076e+001 1.817588e+000
         vertex 1.108114e+001 8.591955e+001 1.912008e+000
         vertex 1.098644e+001 8.586534e+001 1.968135e+000
      endloop
   endfacet
   facet normal 5.858176e-001 -8.104379e-001 2.861322e-003
      outer loop
         vertex 1.111819e+001 8.593047e+001 1.674592e+000
         vertex 1.112393e+001 8.593461e+001 1.693424e+000
         vertex 1.101101e+001 8.584196e+001 1.746124e+000
      endloop
   endfacet
   facet normal 3.122647e-001 -9.419979e-001 1.230065e-001
      outer loop
         vertex 1.053355e+001 8.571721e+001 2.335982e+000
         vertex 1.049811e+001 8.570824e+001 2.348243e+000
         vertex 1.048141e+001 8.567461e+001 2.273557e+000
      endloop
   endfacet
   facet normal 3.347839e-001 -9.343156e-001 1.223693e-001
      outer loop
         vertex 1.053355e+001 8.571721e+001 2.335982e+000
         vertex 1.048141e+001 8.567461e+001 2.273557e+000
         vertex 1.069444e+001 8.575795e+001 2.280310e+000
      endloop
   endfacet
   facet normal 3.550014e-001 -9.268880e-001 1.218719e-001
      outer loop
         vertex 1.069444e+001 8.575795e+001 2.280310e+000
         vertex 1.048141e+001 8.567461e+001 2.273557e+000
         vertex 1.070848e+001 8.576376e+001 2.269257e+000
      endloop
   endfacet
   facet normal 3.636865e-001 -9.001005e-001 2.398982e-001
      outer loop
         vertex 1.070848e+001 8.576376e+001 2.269257e+000
         vertex 1.048141e+001 8.567461e+001 2.273557e+000
         vertex 1.046446e+001 8.563811e+001 2.195076e+000
      endloop
   endfacet
   facet normal 3.840984e-001 -9.064280e-001 1.756608e-001
      outer loop
         vertex 1.070848e+001 8.576376e+001 2.269257e+000
         vertex 1.046446e+001 8.563811e+001 2.195076e+000
         vertex 1.079783e+001 8.580076e+001 2.198901e+000
      endloop
   endfacet
   facet normal 5.044898e-001 -8.621064e-001 4.756650e-002
      outer loop
         vertex 1.111076e+001 8.593530e+001 1.871539e+000
         vertex 1.108547e+001 8.592329e+001 1.916483e+000
         vertex 1.108114e+001 8.591955e+001 1.912008e+000
      endloop
   endfacet
   facet normal 4.958490e-001 -8.669802e-001 4.979056e-002
      outer loop
         vertex 1.108114e+001 8.591955e+001 1.912008e+000
         vertex 1.108547e+001 8.592329e+001 1.916483e+000
         vertex 1.102897e+001 8.589646e+001 2.016890e+000
      endloop
   endfacet
   facet normal 5.157077e-001 -8.524255e-001 8.611806e-002
      outer loop
         vertex 1.108114e+001 8.591955e+001 1.912008e+000
         vertex 1.102897e+001 8.589646e+001 2.016890e+000
         vertex 1.098644e+001 8.586534e+001 1.968135e+000
      endloop
   endfacet
   facet normal 4.891681e-001 -8.681582e-001 8.376066e-002
      outer loop
         vertex 1.098644e+001 8.586534e+001 1.968135e+000
         vertex 1.102897e+001 8.589646e+001 2.016890e+000
         vertex 1.091048e+001 8.584740e+001 2.110197e+000
      endloop
   endfacet
   facet normal 5.178841e-001 -8.401406e-001 1.611207e-001
      outer loop
         vertex 1.098644e+001 8.586534e+001 1.968135e+000
         vertex 1.091048e+001 8.584740e+001 2.110197e+000
         vertex 1.086146e+001 8.578955e+001 2.008916e+000
      endloop
   endfacet
   facet normal 4.748565e-001 -8.703150e-001 1.306255e-001
      outer loop
         vertex 1.086146e+001 8.578955e+001 2.008916e+000
         vertex 1.091048e+001 8.584740e+001 2.110197e+000
         vertex 1.085153e+001 8.582299e+001 2.156612e+000
      endloop
   endfacet
   facet normal 6.585359e-001 -7.349372e-001 1.618573e-001
      outer loop
         vertex 1.098203e+001 8.582076e+001 1.817588e+000
         vertex 1.100274e+001 8.583824e+001 1.807628e+000
         vertex 1.108114e+001 8.591955e+001 1.912008e+000
      endloop
   endfacet
   facet normal 6.607422e-001 -7.374074e-001 1.401789e-001
      outer loop
         vertex 1.108114e+001 8.591955e+001 1.912008e+000
         vertex 1.100274e+001 8.583824e+001 1.807628e+000
         vertex 1.100378e+001 8.583909e+001 1.806301e+000
      endloop
   endfacet
   facet normal 5.871770e-001 -8.040477e-001 9.343743e-002
      outer loop
         vertex 1.108114e+001 8.591955e+001 1.912008e+000
         vertex 1.100378e+001 8.583909e+001 1.806301e+000
         vertex 1.111076e+001 8.593530e+001 1.871539e+000
      endloop
   endfacet
   facet normal 6.564141e-001 -7.442180e-001 1.235318e-001
      outer loop
         vertex 1.111076e+001 8.593530e+001 1.871539e+000
         vertex 1.100378e+001 8.583909e+001 1.806301e+000
         vertex 1.100906e+001 8.584336e+001 1.799583e+000
      endloop
   endfacet
   facet normal 5.829841e-001 -8.086906e-001 7.841517e-002
      outer loop
         vertex 1.111076e+001 8.593530e+001 1.871539e+000
         vertex 1.100906e+001 8.584336e+001 1.799583e+000
         vertex 1.111984e+001 8.593961e+001 1.855400e+000
      endloop
   endfacet
   facet normal 6.595803e-001 -7.450620e-001 9.917942e-002
      outer loop
         vertex 1.111984e+001 8.593961e+001 1.855400e+000
         vertex 1.100906e+001 8.584336e+001 1.799583e+000
         vertex 1.101799e+001 8.585059e+001 1.788207e+000
      endloop
   endfacet
   facet normal 5.862460e-001 -8.077499e-001 6.209542e-002
      outer loop
         vertex 1.111984e+001 8.593961e+001 1.855400e+000
         vertex 1.101799e+001 8.585059e+001 1.788207e+000
         vertex 1.112489e+001 8.594202e+001 1.846429e+000
      endloop
   endfacet
   facet normal 6.622846e-001 -7.457142e-001 7.272818e-002
      outer loop
         vertex 1.112489e+001 8.594202e+001 1.846429e+000
         vertex 1.101799e+001 8.585059e+001 1.788207e+000
         vertex 1.102020e+001 8.585209e+001 1.780473e+000
      endloop
   endfacet
   facet normal 5.849728e-001 -8.094409e-001 5.111112e-002
      outer loop
         vertex 1.112489e+001 8.594202e+001 1.846429e+000
         vertex 1.102020e+001 8.585209e+001 1.780473e+000
         vertex 1.112740e+001 8.594129e+001 1.798294e+000
      endloop
   endfacet
   facet normal 6.607498e-001 -7.485584e-001 5.540837e-002
      outer loop
         vertex 1.112740e+001 8.594129e+001 1.798294e+000
         vertex 1.102020e+001 8.585209e+001 1.780473e+000
         vertex 1.102151e+001 8.585297e+001 1.775884e+000
      endloop
   endfacet
   facet normal 5.829379e-001 -8.113079e-001 4.430369e-002
      outer loop
         vertex 1.112740e+001 8.594129e+001 1.798294e+000
         vertex 1.102151e+001 8.585297e+001 1.775884e+000
         vertex 1.112966e+001 8.594064e+001 1.754732e+000
      endloop
   endfacet
   facet normal 6.618308e-001 -7.487067e-001 3.765831e-002
      outer loop
         vertex 1.112966e+001 8.594064e+001 1.754732e+000
         vertex 1.102151e+001 8.585297e+001 1.775884e+000
         vertex 1.102077e+001 8.585178e+001 1.766756e+000
      endloop
   endfacet
   facet normal 5.865207e-001 -8.092984e-001 3.208634e-002
      outer loop
         vertex 1.112966e+001 8.594064e+001 1.754732e+000
         vertex 1.102077e+001 8.585178e+001 1.766756e+000
         vertex 1.113155e+001 8.594009e+001 1.718384e+000
      endloop
   endfacet
   facet normal 6.647099e-001 -7.468178e-001 2.059286e-002
      outer loop
         vertex 1.113155e+001 8.594009e+001 1.718384e+000
         vertex 1.102077e+001 8.585178e+001 1.766756e+000
         vertex 1.102052e+001 8.585136e+001 1.763659e+000
      endloop
   endfacet
   facet normal 5.877727e-001 -8.085688e-001 2.719636e-002
      outer loop
         vertex 1.113155e+001 8.594009e+001 1.718384e+000
         vertex 1.102052e+001 8.585136e+001 1.763659e+000
         vertex 1.112393e+001 8.593461e+001 1.693424e+000
      endloop
   endfacet
   facet normal 6.635523e-001 -7.481088e-001 -5.608091e-003
      outer loop
         vertex 1.112393e+001 8.593461e+001 1.693424e+000
         vertex 1.102052e+001 8.585136e+001 1.763659e+000
         vertex 1.101256e+001 8.584339e+001 1.747404e+000
      endloop
   endfacet
   facet normal 6.634862e-001 -7.475841e-001 -3.006787e-002
      outer loop
         vertex 1.112393e+001 8.593461e+001 1.693424e+000
         vertex 1.101256e+001 8.584339e+001 1.747404e+000
         vertex 1.101101e+001 8.584196e+001 1.746124e+000
      endloop
   endfacet
   facet normal 5.086396e-001 -8.605179e-001 2.818741e-002
      outer loop
         vertex 1.111819e+001 8.593047e+001 1.674592e+000
         vertex 1.108438e+001 8.590855e+001 1.629766e+000
         vertex 1.110153e+001 8.591846e+001 1.620004e+000
      endloop
   endfacet
   facet normal 5.072078e-001 -8.613992e-001 2.705046e-002
      outer loop
         vertex 1.110153e+001 8.591846e+001 1.620004e+000
         vertex 1.108438e+001 8.590855e+001 1.629766e+000
         vertex 1.110018e+001 8.591761e+001 1.617677e+000
      endloop
   endfacet
   facet normal 5.926429e-001 -8.054451e-001 -5.698168e-003
      outer loop
         vertex 1.111819e+001 8.593047e+001 1.674592e+000
         vertex 1.101101e+001 8.584196e+001 1.746124e+000
         vertex 1.108438e+001 8.590855e+001 1.629766e+000
      endloop
   endfacet
   facet normal 6.688434e-001 -7.397068e-001 -7.404304e-002
      outer loop
         vertex 1.108438e+001 8.590855e+001 1.629766e+000
         vertex 1.101101e+001 8.584196e+001 1.746124e+000
         vertex 1.098170e+001 8.581478e+001 1.721898e+000
      endloop
   endfacet
   facet normal 6.668729e-001 -7.355883e-001 -1.191238e-001
      outer loop
         vertex 1.108438e+001 8.590855e+001 1.629766e+000
         vertex 1.098170e+001 8.581478e+001 1.721898e+000
         vertex 1.096823e+001 8.580228e+001 1.710759e+000
      endloop
   endfacet
   facet normal 5.091524e-001 -8.604320e-001 2.050986e-002
      outer loop
         vertex 1.108525e+001 8.590808e+001 1.591967e+000
         vertex 1.110018e+001 8.591761e+001 1.617677e+000
         vertex 1.106368e+001 8.589278e+001 1.612161e+000
      endloop
   endfacet
   facet normal 5.204027e-001 -8.538148e-001 1.346674e-002
      outer loop
         vertex 1.106368e+001 8.589278e+001 1.612161e+000
         vertex 1.110018e+001 8.591761e+001 1.617677e+000
         vertex 1.108438e+001 8.590855e+001 1.629766e+000
      endloop
   endfacet
   facet normal 5.635865e-001 -8.255915e-001 -2.773023e-002
      outer loop
         vertex 1.106368e+001 8.589278e+001 1.612161e+000
         vertex 1.108438e+001 8.590855e+001 1.629766e+000
         vertex 1.101872e+001 8.586091e+001 1.654243e+000
      endloop
   endfacet
   facet normal 6.304279e-001 -7.706304e-001 -9.321691e-002
      outer loop
         vertex 1.101872e+001 8.586091e+001 1.654243e+000
         vertex 1.108438e+001 8.590855e+001 1.629766e+000
         vertex 1.096823e+001 8.580228e+001 1.710759e+000
      endloop
   endfacet
   facet normal 6.116288e-001 -6.483684e-001 4.533527e-001
      outer loop
         vertex 1.078160e+001 8.565387e+001 1.896286e+000
         vertex 1.081896e+001 8.568427e+001 1.887121e+000
         vertex 1.086146e+001 8.578955e+001 2.008916e+000
      endloop
   endfacet
   facet normal 6.218312e-001 -6.599309e-001 4.216837e-001
      outer loop
         vertex 1.086146e+001 8.578955e+001 2.008916e+000
         vertex 1.081896e+001 8.568427e+001 1.887121e+000
         vertex 1.085668e+001 8.571494e+001 1.877870e+000
      endloop
   endfacet
   facet normal 5.950067e-001 -7.453977e-001 3.005816e-001
      outer loop
         vertex 1.086146e+001 8.578955e+001 2.008916e+000
         vertex 1.085668e+001 8.571494e+001 1.877870e+000
         vertex 1.098644e+001 8.586534e+001 1.968135e+000
      endloop
   endfacet
   facet normal 6.395526e-001 -6.929600e-001 3.328347e-001
      outer loop
         vertex 1.098644e+001 8.586534e+001 1.968135e+000
         vertex 1.085668e+001 8.571494e+001 1.877870e+000
         vertex 1.091645e+001 8.576540e+001 1.849123e+000
      endloop
   endfacet
   facet normal 6.556796e-001 -7.105566e-001 2.553302e-001
      outer loop
         vertex 1.098644e+001 8.586534e+001 1.968135e+000
         vertex 1.091645e+001 8.576540e+001 1.849123e+000
         vertex 1.098203e+001 8.582076e+001 1.817588e+000
      endloop
   endfacet
   facet normal 5.421532e-001 -5.294979e-001 6.524584e-001
      outer loop
         vertex 1.055024e+001 8.546567e+001 1.953038e+000
         vertex 1.071329e+001 8.559830e+001 1.913043e+000
         vertex 1.072239e+001 8.565803e+001 1.971221e+000
      endloop
   endfacet
   facet normal 5.883734e-001 -5.723200e-001 5.711975e-001
      outer loop
         vertex 1.072239e+001 8.565803e+001 1.971221e+000
         vertex 1.071329e+001 8.559830e+001 1.913043e+000
         vertex 1.078160e+001 8.565387e+001 1.896286e+000
      endloop
   endfacet
   facet normal 5.753296e-001 -6.499628e-001 4.965322e-001
      outer loop
         vertex 1.072239e+001 8.565803e+001 1.971221e+000
         vertex 1.078160e+001 8.565387e+001 1.896286e+000
         vertex 1.073776e+001 8.571233e+001 2.033950e+000
      endloop
   endfacet
   facet normal 5.759312e-001 -7.039031e-001 4.157207e-001
      outer loop
         vertex 1.073776e+001 8.571233e+001 2.033950e+000
         vertex 1.078160e+001 8.565387e+001 1.896286e+000
         vertex 1.086146e+001 8.578955e+001 2.008916e+000
      endloop
   endfacet
   facet normal 5.262654e-001 -7.898737e-001 3.148719e-001
      outer loop
         vertex 1.073776e+001 8.571233e+001 2.033950e+000
         vertex 1.086146e+001 8.578955e+001 2.008916e+000
         vertex 1.076140e+001 8.575732e+001 2.104420e+000
      endloop
   endfacet
   facet normal 4.903253e-001 -8.481694e-001 2.004739e-001
      outer loop
         vertex 1.076140e+001 8.575732e+001 2.104420e+000
         vertex 1.086146e+001 8.578955e+001 2.008916e+000
         vertex 1.085153e+001 8.582299e+001 2.156612e+000
      endloop
   endfacet
   facet normal 4.454281e-001 -8.834118e-001 1.455246e-001
      outer loop
         vertex 1.076140e+001 8.575732e+001 2.104420e+000
         vertex 1.085153e+001 8.582299e+001 2.156612e+000
         vertex 1.079279e+001 8.579032e+001 2.179949e+000
      endloop
   endfacet
   facet normal 4.054970e-001 -4.030544e-001 8.204385e-001
      outer loop
         vertex 1.047990e+001 8.541367e+001 1.961273e+000
         vertex 1.044903e+001 8.546252e+001 2.008111e+000
         vertex 1.045331e+001 8.539401e+001 1.964386e+000
      endloop
   endfacet
   facet normal 3.236792e-001 -3.753331e-001 8.685372e-001
      outer loop
         vertex 1.045331e+001 8.539401e+001 1.964386e+000
         vertex 1.044903e+001 8.546252e+001 2.008111e+000
         vertex 1.018199e+001 8.526394e+001 2.018601e+000
      endloop
   endfacet
   facet normal 2.343605e-001 -2.580064e-001 9.372875e-001
      outer loop
         vertex 1.045331e+001 8.539401e+001 1.964386e+000
         vertex 1.018199e+001 8.526394e+001 2.018601e+000
         vertex 1.018984e+001 8.519926e+001 1.995229e+000
      endloop
   endfacet
   facet normal 2.610708e-001 -7.408041e-001 6.189113e-001
      outer loop
         vertex 1.046446e+001 8.563811e+001 2.195076e+000
         vertex 1.016342e+001 8.548266e+001 2.163960e+000
         vertex 1.016559e+001 8.543833e+001 2.121315e+000
      endloop
   endfacet
   facet normal 3.281778e-001 -7.470196e-001 5.781530e-001
      outer loop
         vertex 1.046446e+001 8.563811e+001 2.195076e+000
         vertex 1.016559e+001 8.543833e+001 2.121315e+000
         vertex 1.045326e+001 8.558883e+001 2.122794e+000
      endloop
   endfacet
   facet normal 2.645775e-001 -6.603841e-001 7.027742e-001
      outer loop
         vertex 1.045326e+001 8.558883e+001 2.122794e+000
         vertex 1.016559e+001 8.543833e+001 2.121315e+000
         vertex 1.016652e+001 8.541916e+001 2.102863e+000
      endloop
   endfacet
   facet normal 3.360297e-001 -6.566426e-001 6.752070e-001
      outer loop
         vertex 1.045326e+001 8.558883e+001 2.122794e+000
         vertex 1.016652e+001 8.541916e+001 2.102863e+000
         vertex 1.044817e+001 8.552923e+001 2.059773e+000
      endloop
   endfacet
   facet normal 2.634615e-001 -5.698835e-001 7.783450e-001
      outer loop
         vertex 1.044817e+001 8.552923e+001 2.059773e+000
         vertex 1.016652e+001 8.541916e+001 2.102863e+000
         vertex 1.016882e+001 8.537228e+001 2.057759e+000
      endloop
   endfacet
   facet normal 3.353842e-001 -5.357378e-001 7.749209e-001
      outer loop
         vertex 1.044817e+001 8.552923e+001 2.059773e+000
         vertex 1.016882e+001 8.537228e+001 2.057759e+000
         vertex 1.044903e+001 8.546252e+001 2.008111e+000
      endloop
   endfacet
   facet normal 2.535100e-001 -4.272526e-001 8.678640e-001
      outer loop
         vertex 1.044903e+001 8.546252e+001 2.008111e+000
         vertex 1.016882e+001 8.537228e+001 2.057759e+000
         vertex 1.018072e+001 8.527438e+001 2.022377e+000
      endloop
   endfacet
   facet normal 2.461430e-001 -3.574506e-001 9.009121e-001
      outer loop
         vertex 1.044903e+001 8.546252e+001 2.008111e+000
         vertex 1.018072e+001 8.527438e+001 2.022377e+000
         vertex 1.018199e+001 8.526394e+001 2.018601e+000
      endloop
   endfacet
   facet normal 4.300881e-001 -4.247593e-001 7.966202e-001
      outer loop
         vertex 1.047990e+001 8.541367e+001 1.961273e+000
         vertex 1.055024e+001 8.546567e+001 1.953038e+000
         vertex 1.044903e+001 8.546252e+001 2.008111e+000
      endloop
   endfacet
   facet normal 4.853356e-001 -5.207002e-001 7.023679e-001
      outer loop
         vertex 1.044903e+001 8.546252e+001 2.008111e+000
         vertex 1.055024e+001 8.546567e+001 1.953038e+000
         vertex 1.072239e+001 8.565803e+001 1.971221e+000
      endloop
   endfacet
   facet normal 4.633375e-001 -5.877521e-001 6.632238e-001
      outer loop
         vertex 1.044903e+001 8.546252e+001 2.008111e+000
         vertex 1.072239e+001 8.565803e+001 1.971221e+000
         vertex 1.044817e+001 8.552923e+001 2.059773e+000
      endloop
   endfacet
   facet normal 5.062302e-001 -6.738510e-001 5.381967e-001
      outer loop
         vertex 1.044817e+001 8.552923e+001 2.059773e+000
         vertex 1.072239e+001 8.565803e+001 1.971221e+000
         vertex 1.073776e+001 8.571233e+001 2.033950e+000
      endloop
   endfacet
   facet normal 4.500989e-001 -7.071770e-001 5.452629e-001
      outer loop
         vertex 1.044817e+001 8.552923e+001 2.059773e+000
         vertex 1.073776e+001 8.571233e+001 2.033950e+000
         vertex 1.045326e+001 8.558883e+001 2.122794e+000
      endloop
   endfacet
   facet normal 4.766986e-001 -7.787390e-001 4.078284e-001
      outer loop
         vertex 1.045326e+001 8.558883e+001 2.122794e+000
         vertex 1.073776e+001 8.571233e+001 2.033950e+000
         vertex 1.076140e+001 8.575732e+001 2.104420e+000
      endloop
   endfacet
   facet normal 4.233358e-001 -8.086203e-001 4.085584e-001
      outer loop
         vertex 1.045326e+001 8.558883e+001 2.122794e+000
         vertex 1.076140e+001 8.575732e+001 2.104420e+000
         vertex 1.046446e+001 8.563811e+001 2.195076e+000
      endloop
   endfacet
   facet normal 4.324869e-001 -8.624394e-001 2.629701e-001
      outer loop
         vertex 1.046446e+001 8.563811e+001 2.195076e+000
         vertex 1.076140e+001 8.575732e+001 2.104420e+000
         vertex 1.079279e+001 8.579032e+001 2.179949e+000
      endloop
   endfacet
   facet normal 4.043646e-001 -8.936504e-001 1.946235e-001
      outer loop
         vertex 1.046446e+001 8.563811e+001 2.195076e+000
         vertex 1.079279e+001 8.579032e+001 2.179949e+000
         vertex 1.079783e+001 8.580076e+001 2.198901e+000
      endloop
   endfacet
   facet normal 4.140267e-001 -9.070576e-001 7.634359e-002
      outer loop
         vertex 1.079783e+001 8.580076e+001 2.198901e+000
         vertex 1.079279e+001 8.579032e+001 2.179949e+000
         vertex 1.085153e+001 8.582299e+001 2.156612e+000
      endloop
   endfacet
   facet normal 2.608522e-001 -8.018139e-001 5.376343e-001
      outer loop
         vertex 1.016342e+001 8.548266e+001 2.163960e+000
         vertex 1.046446e+001 8.563811e+001 2.195076e+000
         vertex 1.016024e+001 8.554745e+001 2.226308e+000
      endloop
   endfacet
   facet normal 3.086058e-001 -8.644024e-001 3.969521e-001
      outer loop
         vertex 1.016024e+001 8.554745e+001 2.226308e+000
         vertex 1.046446e+001 8.563811e+001 2.195076e+000
         vertex 1.048141e+001 8.567461e+001 2.273557e+000
      endloop
   endfacet
   facet normal 2.487097e-001 -8.797122e-001 4.052775e-001
      outer loop
         vertex 1.016024e+001 8.554745e+001 2.226308e+000
         vertex 1.048141e+001 8.567461e+001 2.273557e+000
         vertex 1.016365e+001 8.556525e+001 2.278874e+000
      endloop
   endfacet
   facet normal 2.799837e-001 -9.269583e-001 2.497145e-001
      outer loop
         vertex 1.016365e+001 8.556525e+001 2.278874e+000
         vertex 1.048141e+001 8.567461e+001 2.273557e+000
         vertex 1.049811e+001 8.570824e+001 2.348243e+000
      endloop
   endfacet
   facet normal 2.307679e-001 -9.277145e-001 2.934142e-001
      outer loop
         vertex 1.016365e+001 8.556525e+001 2.278874e+000
         vertex 1.049811e+001 8.570824e+001 2.348243e+000
         vertex 1.016533e+001 8.557399e+001 2.304722e+000
      endloop
   endfacet
   facet normal 2.436817e-001 -9.551987e-001 1.679721e-001
      outer loop
         vertex 1.016533e+001 8.557399e+001 2.304722e+000
         vertex 1.049811e+001 8.570824e+001 2.348243e+000
         vertex 1.035384e+001 8.567171e+001 2.398160e+000
      endloop
   endfacet
   facet normal 2.077525e-001 -9.526708e-001 2.219395e-001
      outer loop
         vertex 1.016533e+001 8.557399e+001 2.304722e+000
         vertex 1.035384e+001 8.567171e+001 2.398160e+000
         vertex 1.017051e+001 8.560101e+001 2.384494e+000
      endloop
   endfacet
   facet normal 2.053867e-001 -9.711349e-001 1.212984e-001
      outer loop
         vertex 1.017051e+001 8.560101e+001 2.384494e+000
         vertex 1.035384e+001 8.567171e+001 2.398160e+000
         vertex 1.022699e+001 8.563959e+001 2.442052e+000
      endloop
   endfacet
   facet normal 1.828502e-001 -9.754727e-001 1.225513e-001
      outer loop
         vertex 1.017051e+001 8.560101e+001 2.384494e+000
         vertex 1.022699e+001 8.563959e+001 2.442052e+000
         vertex 1.017540e+001 8.562653e+001 2.459901e+000
      endloop
   endfacet
   facet normal 1.531376e-001 -9.880377e-001 -1.817632e-002
      outer loop
         vertex 1.003577e+001 8.555916e+001 1.001254e+000
         vertex 1.015421e+001 8.557374e+001 1.012994e+000
         vertex 1.014775e+001 8.556160e+001 1.050008e+000
      endloop
   endfacet
   facet normal 5.595385e-001 -8.279673e-001 -3.724051e-002
      outer loop
         vertex 1.106368e+001 8.589278e+001 1.612161e+000
         vertex 1.101872e+001 8.586091e+001 1.654243e+000
         vertex 1.101266e+001 8.586498e+001 1.538004e+000
      endloop
   endfacet
   facet normal 4.034587e-001 -9.145880e-001 -2.738180e-002
      outer loop
         vertex 1.072641e+001 8.573387e+001 1.253640e+000
         vertex 1.077413e+001 8.574944e+001 1.278242e+000
         vertex 1.073748e+001 8.572449e+001 1.353818e+000
      endloop
   endfacet
   facet normal 4.114894e-001 -9.110195e-001 -2.683229e-002
      outer loop
         vertex 1.073748e+001 8.572449e+001 1.353818e+000
         vertex 1.077413e+001 8.574944e+001 1.278242e+000
         vertex 1.080180e+001 8.575845e+001 1.292505e+000
      endloop
   endfacet
   facet normal 4.293889e-001 -9.027032e-001 -2.742390e-002
      outer loop
         vertex 1.073748e+001 8.572449e+001 1.353818e+000
         vertex 1.080180e+001 8.575845e+001 1.292505e+000
         vertex 1.090601e+001 8.581346e+001 1.402598e+000
      endloop
   endfacet
   facet normal 3.210670e-001 -9.463591e-001 -3.633796e-002
      outer loop
         vertex 1.050479e+001 8.566159e+001 1.139395e+000
         vertex 1.054132e+001 8.567350e+001 1.158225e+000
         vertex 1.052139e+001 8.564494e+001 1.227378e+000
      endloop
   endfacet
   facet normal 3.468157e-001 -9.372500e-001 -3.579397e-002
      outer loop
         vertex 1.052139e+001 8.564494e+001 1.227378e+000
         vertex 1.054132e+001 8.567350e+001 1.158225e+000
         vertex 1.072641e+001 8.573387e+001 1.253640e+000
      endloop
   endfacet
   facet normal 3.936208e-001 -9.043897e-001 -1.647483e-001
      outer loop
         vertex 1.052139e+001 8.564494e+001 1.227378e+000
         vertex 1.072641e+001 8.573387e+001 1.253640e+000
         vertex 1.049006e+001 8.560030e+001 1.330721e+000
      endloop
   endfacet
   facet normal 4.242025e-001 -8.918359e-001 -1.571015e-001
      outer loop
         vertex 1.049006e+001 8.560030e+001 1.330721e+000
         vertex 1.072641e+001 8.573387e+001 1.253640e+000
         vertex 1.073748e+001 8.572449e+001 1.353818e+000
      endloop
   endfacet
   facet normal -9.565653e-002 -2.444762e-001 -9.649255e-001
      outer loop
         vertex 9.864646e+000 8.508789e+001 1.488889e+000
         vertex 9.859506e+000 8.515329e+001 1.463976e+000
         vertex 9.921824e+000 8.519640e+001 1.458158e+000
      endloop
   endfacet
   facet normal -9.296542e-002 -2.887784e-001 -9.528717e-001
      outer loop
         vertex 9.921824e+000 8.519640e+001 1.458158e+000
         vertex 9.859506e+000 8.515329e+001 1.463976e+000
         vertex 9.859505e+000 8.515331e+001 1.463970e+000
      endloop
   endfacet
   facet normal -5.236582e-002 -3.810811e-001 -9.230575e-001
      outer loop
         vertex 9.921824e+000 8.519640e+001 1.458158e+000
         vertex 9.859505e+000 8.515331e+001 1.463970e+000
         vertex 9.913334e+000 8.529856e+001 1.408677e+000
      endloop
   endfacet
   facet normal -7.900999e-002 -4.633641e-001 -8.826388e-001
      outer loop
         vertex 9.913334e+000 8.529856e+001 1.408677e+000
         vertex 9.859505e+000 8.515331e+001 1.463970e+000
         vertex 9.846939e+000 8.531318e+001 1.403069e+000
      endloop
   endfacet
   facet normal -3.141631e-002 -6.107274e-001 -7.912174e-001
      outer loop
         vertex 9.913334e+000 8.529856e+001 1.408677e+000
         vertex 9.846939e+000 8.531318e+001 1.403069e+000
         vertex 9.904480e+000 8.538921e+001 1.335472e+000
      endloop
   endfacet
   facet normal 2.793181e-001 -3.169877e-001 -9.063665e-001
      outer loop
         vertex 1.014568e+001 8.514767e+001 1.518884e+000
         vertex 1.012928e+001 8.522361e+001 1.472307e+000
         vertex 1.034064e+001 8.536980e+001 1.482687e+000
      endloop
   endfacet
   facet normal 3.453671e-001 -6.563296e-001 -6.707854e-001
      outer loop
         vertex 1.034080e+001 8.545557e+001 1.416650e+000
         vertex 1.012149e+001 8.532069e+001 1.425082e+000
         vertex 1.035099e+001 8.552979e+001 1.330945e+000
      endloop
   endfacet
   facet normal 2.886163e-001 -6.703164e-001 -6.836495e-001
      outer loop
         vertex 1.035099e+001 8.552979e+001 1.330945e+000
         vertex 1.012149e+001 8.532069e+001 1.425082e+000
         vertex 1.011906e+001 8.541017e+001 1.354747e+000
      endloop
   endfacet
   facet normal 3.263639e-001 -8.029701e-001 -4.987240e-001
      outer loop
         vertex 1.035099e+001 8.552979e+001 1.330945e+000
         vertex 1.011906e+001 8.541017e+001 1.354747e+000
         vertex 1.037160e+001 8.558510e+001 1.230096e+000
      endloop
   endfacet
   facet normal 2.738857e-001 -8.164749e-001 -5.082867e-001
      outer loop
         vertex 1.037160e+001 8.558510e+001 1.230096e+000
         vertex 1.011906e+001 8.541017e+001 1.354747e+000
         vertex 1.012281e+001 8.548390e+001 1.264176e+000
      endloop
   endfacet
   facet normal 2.898747e-001 -9.096226e-001 -2.975894e-001
      outer loop
         vertex 1.037160e+001 8.558510e+001 1.230096e+000
         vertex 1.012281e+001 8.548390e+001 1.264176e+000
         vertex 1.040140e+001 8.561633e+001 1.121516e+000
      endloop
   endfacet
   facet normal 2.445953e-001 -9.204705e-001 -3.048066e-001
      outer loop
         vertex 1.040140e+001 8.561633e+001 1.121516e+000
         vertex 1.012281e+001 8.548390e+001 1.264176e+000
         vertex 1.013271e+001 8.553541e+001 1.159760e+000
      endloop
   endfacet
   facet normal 2.350550e-001 -9.642681e-001 -1.222138e-001
      outer loop
         vertex 1.040140e+001 8.561633e+001 1.121516e+000
         vertex 1.013271e+001 8.553541e+001 1.159760e+000
         vertex 1.028468e+001 8.558981e+001 1.025928e+000
      endloop
   endfacet
   facet normal 1.999018e-001 -9.713366e-001 -1.286253e-001
      outer loop
         vertex 1.028468e+001 8.558981e+001 1.025928e+000
         vertex 1.013271e+001 8.553541e+001 1.159760e+000
         vertex 1.014775e+001 8.556160e+001 1.050008e+000
      endloop
   endfacet
   facet normal 1.932408e-001 -9.808775e-001 -2.318131e-002
      outer loop
         vertex 1.028468e+001 8.558981e+001 1.025928e+000
         vertex 1.014775e+001 8.556160e+001 1.050008e+000
         vertex 1.023814e+001 8.558408e+001 1.021314e+000
      endloop
   endfacet
   facet normal 1.781142e-001 -9.837351e-001 -2.325024e-002
      outer loop
         vertex 1.023814e+001 8.558408e+001 1.021314e+000
         vertex 1.014775e+001 8.556160e+001 1.050008e+000
         vertex 1.015421e+001 8.557374e+001 1.012994e+000
      endloop
   endfacet
   facet normal 5.063303e-001 -8.621033e-001 2.018820e-002
      outer loop
         vertex 1.108525e+001 8.590808e+001 1.591967e+000
         vertex 1.106368e+001 8.589278e+001 1.612161e+000
         vertex 1.106915e+001 8.589957e+001 1.574952e+000
      endloop
   endfacet
   facet normal 5.134693e-001 -8.581014e-001 3.356933e-003
      outer loop
         vertex 1.106915e+001 8.589957e+001 1.574952e+000
         vertex 1.106368e+001 8.589278e+001 1.612161e+000
         vertex 1.101266e+001 8.586498e+001 1.538004e+000
      endloop
   endfacet
   facet normal 4.862946e-001 -8.736889e-001 1.361712e-002
      outer loop
         vertex 1.106915e+001 8.589957e+001 1.574952e+000
         vertex 1.101266e+001 8.586498e+001 1.538004e+000
         vertex 1.095997e+001 8.584196e+001 1.459612e+000
      endloop
   endfacet
   facet normal 5.021734e-001 -8.643277e-001 -2.755775e-002
      outer loop
         vertex 1.095997e+001 8.584196e+001 1.459612e+000
         vertex 1.101266e+001 8.586498e+001 1.538004e+000
         vertex 1.093275e+001 8.581748e+001 1.506066e+000
      endloop
   endfacet
   facet normal 4.762842e-001 -8.791766e-001 -1.420867e-002
      outer loop
         vertex 1.095997e+001 8.584196e+001 1.459612e+000
         vertex 1.093275e+001 8.581748e+001 1.506066e+000
         vertex 1.090601e+001 8.581346e+001 1.402598e+000
      endloop
   endfacet
   facet normal 5.074054e-001 -8.517582e-001 -1.305675e-001
      outer loop
         vertex 1.090601e+001 8.581346e+001 1.402598e+000
         vertex 1.093275e+001 8.581748e+001 1.506066e+000
         vertex 1.069930e+001 8.567577e+001 1.449349e+000
      endloop
   endfacet
   facet normal 4.817639e-001 -8.643516e-001 -1.442216e-001
      outer loop
         vertex 1.090601e+001 8.581346e+001 1.402598e+000
         vertex 1.069930e+001 8.567577e+001 1.449349e+000
         vertex 1.073748e+001 8.572449e+001 1.353818e+000
      endloop
   endfacet
   facet normal 4.955446e-001 -8.012556e-001 -3.352984e-001
      outer loop
         vertex 1.073748e+001 8.572449e+001 1.353818e+000
         vertex 1.069930e+001 8.567577e+001 1.449349e+000
         vertex 1.047066e+001 8.553536e+001 1.422181e+000
      endloop
   endfacet
   facet normal 4.602935e-001 -8.166508e-001 -3.481542e-001
      outer loop
         vertex 1.073748e+001 8.572449e+001 1.353818e+000
         vertex 1.047066e+001 8.553536e+001 1.422181e+000
         vertex 1.049006e+001 8.560030e+001 1.330721e+000
      endloop
   endfacet
   facet normal -5.911937e-002 -6.525342e-001 -7.554495e-001
      outer loop
         vertex 9.846939e+000 8.531318e+001 1.403069e+000
         vertex 9.839983e+000 8.535082e+001 1.360394e+000
         vertex 9.904480e+000 8.538921e+001 1.335472e+000
      endloop
   endfacet
   facet normal -5.502449e-002 -6.803730e-001 -7.307975e-001
      outer loop
         vertex 9.904480e+000 8.538921e+001 1.335472e+000
         vertex 9.839983e+000 8.535082e+001 1.360394e+000
         vertex 9.839981e+000 8.535083e+001 1.360383e+000
      endloop
   endfacet
   facet normal -1.602100e-002 -7.498990e-001 -6.613582e-001
      outer loop
         vertex 9.904480e+000 8.538921e+001 1.335472e+000
         vertex 9.839981e+000 8.535083e+001 1.360383e+000
         vertex 9.895949e+000 8.546067e+001 1.243418e+000
      endloop
   endfacet
   facet normal -3.434726e-002 -8.131819e-001 -5.809953e-001
      outer loop
         vertex 9.895949e+000 8.546067e+001 1.243418e+000
         vertex 9.839981e+000 8.535083e+001 1.360383e+000
         vertex 9.817210e+000 8.547404e+001 1.220694e+000
      endloop
   endfacet
   facet normal 1.031556e-002 -9.017348e-001 -4.321666e-001
      outer loop
         vertex 9.895949e+000 8.546067e+001 1.243418e+000
         vertex 9.817210e+000 8.547404e+001 1.220694e+000
         vertex 9.888385e+000 8.550822e+001 1.140271e+000
      endloop
   endfacet
   facet normal -9.565031e-003 -9.231523e-001 -3.843155e-001
      outer loop
         vertex 9.888385e+000 8.550822e+001 1.140271e+000
         vertex 9.817210e+000 8.547404e+001 1.220694e+000
         vertex 9.811375e+000 8.548324e+001 1.180945e+000
      endloop
   endfacet
   facet normal 2.324062e-002 -9.625202e-001 -2.702123e-001
      outer loop
         vertex 9.888385e+000 8.550822e+001 1.140271e+000
         vertex 9.811375e+000 8.548324e+001 1.180945e+000
         vertex 9.882222e+000 8.553104e+001 1.034636e+000
      endloop
   endfacet
   facet normal 1.791740e-002 -9.871628e-001 -1.587090e-001
      outer loop
         vertex 9.882222e+000 8.553104e+001 1.034636e+000
         vertex 9.811375e+000 8.548324e+001 1.180945e+000
         vertex 9.781950e+000 8.552960e+001 9.805593e-001
      endloop
   endfacet
   facet normal 3.914106e-002 -9.989566e-001 -2.352912e-002
      outer loop
         vertex 9.882222e+000 8.553104e+001 1.034636e+000
         vertex 9.781950e+000 8.552960e+001 9.805593e-001
         vertex 9.799577e+000 8.553009e+001 9.778410e-001
      endloop
   endfacet
   facet normal 2.056096e-001 -1.967379e-001 -9.586548e-001
      outer loop
         vertex 1.014568e+001 8.514767e+001 1.518884e+000
         vertex 1.013113e+001 8.513732e+001 1.517244e+000
         vertex 1.012928e+001 8.522361e+001 1.472307e+000
      endloop
   endfacet
   facet normal 1.220274e-001 -1.240216e-001 -9.847476e-001
      outer loop
         vertex 1.012928e+001 8.522361e+001 1.472307e+000
         vertex 1.013113e+001 8.513732e+001 1.517244e+000
         vertex 9.931333e+000 8.499531e+001 1.494724e+000
      endloop
   endfacet
   facet normal 4.399458e-002 -1.253620e-001 -9.911351e-001
      outer loop
         vertex 1.012928e+001 8.522361e+001 1.472307e+000
         vertex 9.931333e+000 8.499531e+001 1.494724e+000
         vertex 9.929379e+000 8.509129e+001 1.482919e+000
      endloop
   endfacet
   facet normal -7.658754e-002 2.924990e-002 -9.966337e-001
      outer loop
         vertex 9.929379e+000 8.509129e+001 1.482919e+000
         vertex 9.931333e+000 8.499531e+001 1.494724e+000
         vertex 9.867881e+000 8.495021e+001 1.487572e+000
      endloop
   endfacet
   facet normal -1.056534e-001 -3.837861e-002 -9.936622e-001
      outer loop
         vertex 9.929379e+000 8.509129e+001 1.482919e+000
         vertex 9.867881e+000 8.495021e+001 1.487572e+000
         vertex 9.864646e+000 8.508789e+001 1.488889e+000
      endloop
   endfacet
   facet normal 1.516405e-001 -5.182919e-001 -8.416523e-001
      outer loop
         vertex 1.012149e+001 8.532069e+001 1.425082e+000
         vertex 9.921824e+000 8.519640e+001 1.458158e+000
         vertex 1.011906e+001 8.541017e+001 1.354747e+000
      endloop
   endfacet
   facet normal 7.104243e-002 -5.283463e-001 -8.460515e-001
      outer loop
         vertex 1.011906e+001 8.541017e+001 1.354747e+000
         vertex 9.921824e+000 8.519640e+001 1.458158e+000
         vertex 9.913334e+000 8.529856e+001 1.408677e+000
      endloop
   endfacet
   facet normal 1.564521e-001 -6.965390e-001 -7.002543e-001
      outer loop
         vertex 1.011906e+001 8.541017e+001 1.354747e+000
         vertex 9.913334e+000 8.529856e+001 1.408677e+000
         vertex 1.012281e+001 8.548390e+001 1.264176e+000
      endloop
   endfacet
   facet normal 8.014234e-002 -7.071269e-001 -7.025302e-001
      outer loop
         vertex 1.012281e+001 8.548390e+001 1.264176e+000
         vertex 9.913334e+000 8.529856e+001 1.408677e+000
         vertex 9.904480e+000 8.538921e+001 1.335472e+000
      endloop
   endfacet
   facet normal 1.530600e-001 -8.406479e-001 -5.195033e-001
      outer loop
         vertex 1.012281e+001 8.548390e+001 1.264176e+000
         vertex 9.904480e+000 8.538921e+001 1.335472e+000
         vertex 1.013271e+001 8.553541e+001 1.159760e+000
      endloop
   endfacet
   facet normal 8.505511e-002 -8.494542e-001 -5.207620e-001
      outer loop
         vertex 1.013271e+001 8.553541e+001 1.159760e+000
         vertex 9.904480e+000 8.538921e+001 1.335472e+000
         vertex 9.895949e+000 8.546067e+001 1.243418e+000
      endloop
   endfacet
   facet normal 1.417751e-001 -9.389750e-001 -3.134101e-001
      outer loop
         vertex 1.013271e+001 8.553541e+001 1.159760e+000
         vertex 9.895949e+000 8.546067e+001 1.243418e+000
         vertex 1.014775e+001 8.556160e+001 1.050008e+000
      endloop
   endfacet
   facet normal 8.558662e-002 -9.450094e-001 -3.156459e-001
      outer loop
         vertex 1.014775e+001 8.556160e+001 1.050008e+000
         vertex 9.895949e+000 8.546067e+001 1.243418e+000
         vertex 9.888385e+000 8.550822e+001 1.140271e+000
      endloop
   endfacet
   facet normal 1.152891e-001 -9.845622e-001 -1.317035e-001
      outer loop
         vertex 1.014775e+001 8.556160e+001 1.050008e+000
         vertex 9.888385e+000 8.550822e+001 1.140271e+000
         vertex 1.003577e+001 8.555916e+001 1.001254e+000
      endloop
   endfacet
   facet normal 7.363449e-002 -9.878675e-001 -1.367321e-001
      outer loop
         vertex 1.003577e+001 8.555916e+001 1.001254e+000
         vertex 9.888385e+000 8.550822e+001 1.140271e+000
         vertex 9.882222e+000 8.553104e+001 1.034636e+000
      endloop
   endfacet
   facet normal 7.909476e-002 -9.965802e-001 -2.391455e-002
      outer loop
         vertex 1.003577e+001 8.555916e+001 1.001254e+000
         vertex 9.882222e+000 8.553104e+001 1.034636e+000
         vertex 9.876957e+000 8.553961e+001 9.855114e-001
      endloop
   endfacet
   facet normal 5.062344e-002 -9.984329e-001 -2.385550e-002
      outer loop
         vertex 9.876957e+000 8.553961e+001 9.855114e-001
         vertex 9.882222e+000 8.553104e+001 1.034636e+000
         vertex 9.799577e+000 8.553009e+001 9.778410e-001
      endloop
   endfacet
   facet normal 4.436364e-001 -4.023550e-001 -8.008103e-001
      outer loop
         vertex 1.046474e+001 8.537446e+001 1.554849e+000
         vertex 1.042411e+001 8.534558e+001 1.550269e+000
         vertex 1.034064e+001 8.536980e+001 1.482687e+000
      endloop
   endfacet
   facet normal 4.143021e-001 -3.742439e-001 -8.296356e-001
      outer loop
         vertex 1.034064e+001 8.536980e+001 1.482687e+000
         vertex 1.042411e+001 8.534558e+001 1.550269e+000
         vertex 1.034220e+001 8.528735e+001 1.541036e+000
      endloop
   endfacet
   facet normal 3.371102e-001 -3.101958e-001 -8.888955e-001
      outer loop
         vertex 1.034064e+001 8.536980e+001 1.482687e+000
         vertex 1.034220e+001 8.528735e+001 1.541036e+000
         vertex 1.014568e+001 8.514767e+001 1.518884e+000
      endloop
   endfacet
   facet normal -6.519338e-002 -1.976418e-001 -9.781040e-001
      outer loop
         vertex 9.864646e+000 8.508789e+001 1.488889e+000
         vertex 9.921824e+000 8.519640e+001 1.458158e+000
         vertex 9.929379e+000 8.509129e+001 1.482919e+000
      endloop
   endfacet
   facet normal 5.858224e-002 -3.288063e-001 -9.425786e-001
      outer loop
         vertex 9.929379e+000 8.509129e+001 1.482919e+000
         vertex 9.921824e+000 8.519640e+001 1.458158e+000
         vertex 1.012149e+001 8.532069e+001 1.425082e+000
      endloop
   endfacet
   facet normal 1.395569e-001 -3.220295e-001 -9.363871e-001
      outer loop
         vertex 9.929379e+000 8.509129e+001 1.482919e+000
         vertex 1.012149e+001 8.532069e+001 1.425082e+000
         vertex 1.012928e+001 8.522361e+001 1.472307e+000
      endloop
   endfacet
   facet normal 2.884477e-001 -4.954530e-001 -8.193438e-001
      outer loop
         vertex 1.012928e+001 8.522361e+001 1.472307e+000
         vertex 1.012149e+001 8.532069e+001 1.425082e+000
         vertex 1.034080e+001 8.545557e+001 1.416650e+000
      endloop
   endfacet
   facet normal 3.468504e-001 -4.838322e-001 -8.034931e-001
      outer loop
         vertex 1.012928e+001 8.522361e+001 1.472307e+000
         vertex 1.034080e+001 8.545557e+001 1.416650e+000
         vertex 1.034064e+001 8.536980e+001 1.482687e+000
      endloop
   endfacet
   facet normal 4.314269e-001 -5.548472e-001 -7.113476e-001
      outer loop
         vertex 1.034064e+001 8.536980e+001 1.482687e+000
         vertex 1.034080e+001 8.545557e+001 1.416650e+000
         vertex 1.046329e+001 8.545699e+001 1.496467e+000
      endloop
   endfacet
   facet normal 4.561090e-001 -4.677760e-001 -7.570668e-001
      outer loop
         vertex 1.034064e+001 8.536980e+001 1.482687e+000
         vertex 1.046329e+001 8.545699e+001 1.496467e+000
         vertex 1.046474e+001 8.537446e+001 1.554849e+000
      endloop
   endfacet
   facet normal 6.757457e-001 -6.649411e-001 -3.181525e-001
      outer loop
         vertex 1.091181e+001 8.575377e+001 1.692473e+000
         vertex 1.085098e+001 8.570146e+001 1.672762e+000
         vertex 1.088601e+001 8.576515e+001 1.588492e+000
      endloop
   endfacet
   facet normal 6.546556e-001 -6.340545e-001 -4.115834e-001
      outer loop
         vertex 1.088601e+001 8.576515e+001 1.588492e+000
         vertex 1.085098e+001 8.570146e+001 1.672762e+000
         vertex 1.069769e+001 8.556965e+001 1.623081e+000
      endloop
   endfacet
   facet normal 6.191534e-001 -6.490715e-001 -4.419902e-001
      outer loop
         vertex 1.088601e+001 8.576515e+001 1.588492e+000
         vertex 1.069769e+001 8.556965e+001 1.623081e+000
         vertex 1.067561e+001 8.561087e+001 1.532679e+000
      endloop
   endfacet
   facet normal 6.047605e-001 -5.666499e-001 -5.596183e-001
      outer loop
         vertex 1.067561e+001 8.561087e+001 1.532679e+000
         vertex 1.069769e+001 8.556965e+001 1.623081e+000
         vertex 1.066096e+001 8.553807e+001 1.611178e+000
      endloop
   endfacet
   facet normal 5.583847e-001 -5.740542e-001 -5.988894e-001
      outer loop
         vertex 1.067561e+001 8.561087e+001 1.532679e+000
         vertex 1.066096e+001 8.553807e+001 1.611178e+000
         vertex 1.046329e+001 8.545699e+001 1.496467e+000
      endloop
   endfacet
   facet normal 5.303032e-001 -4.886349e-001 -6.928307e-001
      outer loop
         vertex 1.046329e+001 8.545699e+001 1.496467e+000
         vertex 1.066096e+001 8.553807e+001 1.611178e+000
         vertex 1.049910e+001 8.539888e+001 1.558722e+000
      endloop
   endfacet
   facet normal 4.883014e-001 -4.449144e-001 -7.507416e-001
      outer loop
         vertex 1.046329e+001 8.545699e+001 1.496467e+000
         vertex 1.049910e+001 8.539888e+001 1.558722e+000
         vertex 1.046474e+001 8.537446e+001 1.554849e+000
      endloop
   endfacet
   facet normal 2.475139e-001 -9.688264e-001 -1.059076e-002
      outer loop
         vertex 1.028468e+001 8.558981e+001 1.025928e+000
         vertex 1.040641e+001 8.562950e+001 1.088678e+000
         vertex 1.040140e+001 8.561633e+001 1.121516e+000
      endloop
   endfacet
   facet normal 2.750631e-001 -9.613775e-001 -9.673114e-003
      outer loop
         vertex 1.040140e+001 8.561633e+001 1.121516e+000
         vertex 1.040641e+001 8.562950e+001 1.088678e+000
         vertex 1.050479e+001 8.566159e+001 1.139395e+000
      endloop
   endfacet
   facet normal 3.073552e-001 -9.447585e-001 -1.138597e-001
      outer loop
         vertex 1.040140e+001 8.561633e+001 1.121516e+000
         vertex 1.050479e+001 8.566159e+001 1.139395e+000
         vertex 1.037160e+001 8.558510e+001 1.230096e+000
      endloop
   endfacet
   facet normal 3.360431e-001 -9.312472e-001 -1.409034e-001
      outer loop
         vertex 1.037160e+001 8.558510e+001 1.230096e+000
         vertex 1.050479e+001 8.566159e+001 1.139395e+000
         vertex 1.052139e+001 8.564494e+001 1.227378e+000
      endloop
   endfacet
   facet normal 3.683597e-001 -8.755059e-001 -3.127309e-001
      outer loop
         vertex 1.037160e+001 8.558510e+001 1.230096e+000
         vertex 1.052139e+001 8.564494e+001 1.227378e+000
         vertex 1.035099e+001 8.552979e+001 1.330945e+000
      endloop
   endfacet
   facet normal 3.982339e-001 -8.533673e-001 -3.364135e-001
      outer loop
         vertex 1.035099e+001 8.552979e+001 1.330945e+000
         vertex 1.052139e+001 8.564494e+001 1.227378e+000
         vertex 1.049006e+001 8.560030e+001 1.330721e+000
      endloop
   endfacet
   facet normal 4.095228e-001 -7.597103e-001 -5.051051e-001
      outer loop
         vertex 1.035099e+001 8.552979e+001 1.330945e+000
         vertex 1.049006e+001 8.560030e+001 1.330721e+000
         vertex 1.034080e+001 8.545557e+001 1.416650e+000
      endloop
   endfacet
   facet normal 4.385831e-001 -7.311515e-001 -5.225537e-001
      outer loop
         vertex 1.034080e+001 8.545557e+001 1.416650e+000
         vertex 1.049006e+001 8.560030e+001 1.330721e+000
         vertex 1.047066e+001 8.553536e+001 1.422181e+000
      endloop
   endfacet
   facet normal 4.534307e-001 -6.319344e-001 -6.285376e-001
      outer loop
         vertex 1.034080e+001 8.545557e+001 1.416650e+000
         vertex 1.047066e+001 8.553536e+001 1.422181e+000
         vertex 1.046329e+001 8.545699e+001 1.496467e+000
      endloop
   endfacet
   facet normal 5.034860e-001 -6.881425e-001 -5.224574e-001
      outer loop
         vertex 1.046329e+001 8.545699e+001 1.496467e+000
         vertex 1.047066e+001 8.553536e+001 1.422181e+000
         vertex 1.069930e+001 8.567577e+001 1.449349e+000
      endloop
   endfacet
   facet normal 5.415546e-001 -6.726965e-001 -5.041806e-001
      outer loop
         vertex 1.046329e+001 8.545699e+001 1.496467e+000
         vertex 1.069930e+001 8.567577e+001 1.449349e+000
         vertex 1.067561e+001 8.561087e+001 1.532679e+000
      endloop
   endfacet
   facet normal 5.586801e-001 -7.720883e-001 -3.029128e-001
      outer loop
         vertex 1.067561e+001 8.561087e+001 1.532679e+000
         vertex 1.069930e+001 8.567577e+001 1.449349e+000
         vertex 1.093275e+001 8.581748e+001 1.506066e+000
      endloop
   endfacet
   facet normal 5.901672e-001 -7.569818e-001 -2.805017e-001
      outer loop
         vertex 1.067561e+001 8.561087e+001 1.532679e+000
         vertex 1.093275e+001 8.581748e+001 1.506066e+000
         vertex 1.088601e+001 8.576515e+001 1.588492e+000
      endloop
   endfacet
   facet normal 5.622848e-001 -8.180377e-001 -1.210375e-001
      outer loop
         vertex 1.088601e+001 8.576515e+001 1.588492e+000
         vertex 1.093275e+001 8.581748e+001 1.506066e+000
         vertex 1.101266e+001 8.586498e+001 1.538004e+000
      endloop
   endfacet
   facet normal 6.251258e-001 -7.560136e-001 -1.940649e-001
      outer loop
         vertex 1.088601e+001 8.576515e+001 1.588492e+000
         vertex 1.101266e+001 8.586498e+001 1.538004e+000
         vertex 1.091181e+001 8.575377e+001 1.692473e+000
      endloop
   endfacet
   facet normal 6.239687e-001 -7.690855e-001 -1.384578e-001
      outer loop
         vertex 1.091181e+001 8.575377e+001 1.692473e+000
         vertex 1.101266e+001 8.586498e+001 1.538004e+000
         vertex 1.101872e+001 8.586091e+001 1.654243e+000
      endloop
   endfacet
   facet normal 6.889783e-001 -6.969324e-001 -1.989828e-001
      outer loop
         vertex 1.091181e+001 8.575377e+001 1.692473e+000
         vertex 1.101872e+001 8.586091e+001 1.654243e+000
         vertex 1.096823e+001 8.580228e+001 1.710759e+000
      endloop
   endfacet
   facet normal -1.462822e-001 -3.632995e-001 -9.201168e-001
      outer loop
         vertex 9.846939e+000 8.531318e+001 1.403069e+000
         vertex 9.859505e+000 8.515331e+001 1.463970e+000
         vertex 9.236609e+000 8.519106e+001 1.576022e+000
      endloop
   endfacet
   facet normal -1.407915e-001 5.171356e-002 -9.886878e-001
      outer loop
         vertex 9.864646e+000 8.508789e+001 1.488889e+000
         vertex 9.867881e+000 8.495021e+001 1.487572e+000
         vertex 9.207400e+000 8.501834e+001 1.592988e+000
      endloop
   endfacet
   facet normal -1.985822e-001 5.399214e-002 -9.785959e-001
      outer loop
         vertex 8.241365e+000 8.533105e+001 1.777997e+000
         vertex 7.996161e+000 8.550371e+001 1.838453e+000
         vertex 8.065505e+000 8.561902e+001 1.819379e+000
      endloop
   endfacet
   facet normal -1.907661e-001 1.408755e-001 -9.714743e-001
      outer loop
         vertex 6.489744e+000 8.799073e+001 2.416236e+000
         vertex 6.479292e+000 8.827579e+001 2.458985e+000
         vertex 6.548404e+000 8.827937e+001 2.431014e+000
      endloop
   endfacet
   facet normal -1.904311e-001 1.409528e-001 -9.715288e-001
      outer loop
         vertex 6.489744e+000 8.799073e+001 2.416236e+000
         vertex 6.548404e+000 8.827937e+001 2.431014e+000
         vertex 6.567957e+000 8.762100e+001 2.351426e+000
      endloop
   endfacet
   facet normal -2.075573e-001 9.565582e-002 -9.735348e-001
      outer loop
         vertex 6.750437e+000 8.699092e+001 2.233863e+000
         vertex 7.145699e+000 8.647355e+001 2.086473e+000
         vertex 7.050105e+000 8.639647e+001 2.104499e+000
      endloop
   endfacet
   facet normal -2.713472e-001 2.754660e-002 -9.620873e-001
      outer loop
         vertex 7.050105e+000 8.639647e+001 2.104499e+000
         vertex 7.145699e+000 8.647355e+001 2.086473e+000
         vertex 7.563899e+000 8.599907e+001 1.952464e+000
      endloop
   endfacet
   facet normal -2.058649e-001 7.520556e-002 -9.756863e-001
      outer loop
         vertex 7.050105e+000 8.639647e+001 2.104499e+000
         vertex 7.563899e+000 8.599907e+001 1.952464e+000
         vertex 7.476492e+000 8.590320e+001 1.971441e+000
      endloop
   endfacet
   facet normal -2.619113e-001 -1.454646e-002 -9.649823e-001
      outer loop
         vertex 8.065505e+000 8.561902e+001 1.819379e+000
         vertex 7.996161e+000 8.550371e+001 1.838453e+000
         vertex 7.563899e+000 8.599907e+001 1.952464e+000
      endloop
   endfacet
   facet normal -2.059707e-001 7.524435e-002 -9.756610e-001
      outer loop
         vertex 7.563899e+000 8.599907e+001 1.952464e+000
         vertex 7.996161e+000 8.550371e+001 1.838453e+000
         vertex 7.550687e+000 8.581737e+001 1.948287e+000
      endloop
   endfacet
   facet normal -2.058705e-001 7.528581e-002 -9.756790e-001
      outer loop
         vertex 7.563899e+000 8.599907e+001 1.952464e+000
         vertex 7.550687e+000 8.581737e+001 1.948287e+000
         vertex 7.476492e+000 8.590320e+001 1.971441e+000
      endloop
   endfacet
   facet normal -1.371316e-001 -8.536047e-002 -9.868680e-001
      outer loop
         vertex 9.864646e+000 8.508789e+001 1.488889e+000
         vertex 9.207400e+000 8.501834e+001 1.592988e+000
         vertex 9.859506e+000 8.515329e+001 1.463976e+000
      endloop
   endfacet
   facet normal -1.986924e-001 5.383082e-002 -9.785824e-001
      outer loop
         vertex 8.241365e+000 8.533105e+001 1.777997e+000
         vertex 8.065505e+000 8.561902e+001 1.819379e+000
         vertex 8.577779e+000 8.520524e+001 1.711123e+000
      endloop
   endfacet
   facet normal -2.404080e-001 -5.634133e-002 -9.690354e-001
      outer loop
         vertex 8.577779e+000 8.520524e+001 1.711123e+000
         vertex 8.065505e+000 8.561902e+001 1.819379e+000
         vertex 8.630399e+000 8.534658e+001 1.692276e+000
      endloop
   endfacet
   facet normal -1.849979e-001 3.369308e-002 -9.821611e-001
      outer loop
         vertex 8.577779e+000 8.520524e+001 1.711123e+000
         vertex 8.630399e+000 8.534658e+001 1.692276e+000
         vertex 9.028085e+000 8.503684e+001 1.621608e+000
      endloop
   endfacet
   facet normal -2.062867e-001 -9.337569e-002 -9.740261e-001
      outer loop
         vertex 9.028085e+000 8.503684e+001 1.621608e+000
         vertex 8.630399e+000 8.534658e+001 1.692276e+000
         vertex 9.236609e+000 8.519106e+001 1.576022e+000
      endloop
   endfacet
   facet normal -1.650683e-001 1.688918e-002 -9.861375e-001
      outer loop
         vertex 9.028085e+000 8.503684e+001 1.621608e+000
         vertex 9.236609e+000 8.519106e+001 1.576022e+000
         vertex 9.207400e+000 8.501834e+001 1.592988e+000
      endloop
   endfacet
   facet normal -1.607461e-001 -1.218625e-001 -9.794438e-001
      outer loop
         vertex 9.207400e+000 8.501834e+001 1.592988e+000
         vertex 9.236609e+000 8.519106e+001 1.576022e+000
         vertex 9.859505e+000 8.515331e+001 1.463970e+000
      endloop
   endfacet
   facet normal -1.352656e-001 -1.324152e-001 -9.819213e-001
      outer loop
         vertex 9.207400e+000 8.501834e+001 1.592988e+000
         vertex 9.859505e+000 8.515331e+001 1.463970e+000
         vertex 9.859506e+000 8.515329e+001 1.463976e+000
      endloop
   endfacet
   facet normal -9.118662e-001 -4.095120e-001 -2.828256e-002
      outer loop
         vertex 7.151484e+000 8.726161e+001 1.716220e+000
         vertex 7.244695e+000 8.700761e+001 1.657787e+000
         vertex 7.130138e+000 8.723303e+001 1.817510e+000
      endloop
   endfacet
   facet normal -8.799813e-001 -4.740773e-001 -2.972649e-002
      outer loop
         vertex 7.130138e+000 8.723303e+001 1.817510e+000
         vertex 7.244695e+000 8.700761e+001 1.657787e+000
         vertex 7.439651e+000 8.674040e+001 1.579919e+000
      endloop
   endfacet
   facet normal -8.318500e-001 -5.463404e-001 -9.766180e-002
      outer loop
         vertex 7.130138e+000 8.723303e+001 1.817510e+000
         vertex 7.439651e+000 8.674040e+001 1.579919e+000
         vertex 7.759200e+000 8.631332e+001 1.557464e+000
      endloop
   endfacet
   facet normal -7.526144e-001 -6.576046e-001 -3.358135e-002
      outer loop
         vertex 7.759200e+000 8.631332e+001 1.557464e+000
         vertex 7.439651e+000 8.674040e+001 1.579919e+000
         vertex 7.703200e+000 8.637920e+001 1.474655e+000
      endloop
   endfacet
   facet normal -9.976805e-001 -6.424698e-002 -2.249084e-002
      outer loop
         vertex 6.893912e+000 8.833401e+001 2.035558e+000
         vertex 6.914547e+000 8.834776e+001 1.939053e+000
         vertex 6.977566e+000 8.773554e+001 1.825245e+000
      endloop
   endfacet
   facet normal -9.786646e-001 -1.841783e-001 -9.107149e-002
      outer loop
         vertex 6.893912e+000 8.833401e+001 2.035558e+000
         vertex 6.977566e+000 8.773554e+001 1.825245e+000
         vertex 7.130138e+000 8.723303e+001 1.817510e+000
      endloop
   endfacet
   facet normal -9.625413e-001 -2.699265e-001 -2.557416e-002
      outer loop
         vertex 7.130138e+000 8.723303e+001 1.817510e+000
         vertex 6.977566e+000 8.773554e+001 1.825245e+000
         vertex 6.991996e+000 8.769622e+001 1.816199e+000
      endloop
   endfacet
   facet normal -9.443753e-001 -3.277849e-001 -2.668810e-002
      outer loop
         vertex 7.130138e+000 8.723303e+001 1.817510e+000
         vertex 6.991996e+000 8.769622e+001 1.816199e+000
         vertex 7.151484e+000 8.726161e+001 1.716220e+000
      endloop
   endfacet
   facet normal -9.224907e-001 1.807969e-003 -3.860151e-001
      outer loop
         vertex 6.862007e+000 8.831277e+001 2.184765e+000
         vertex 6.871526e+000 8.831911e+001 2.140249e+000
         vertex 6.939894e+000 8.774812e+001 2.038364e+000
      endloop
   endfacet
   facet normal -9.401994e-001 -4.552127e-003 -3.405943e-001
      outer loop
         vertex 6.939894e+000 8.774812e+001 2.038364e+000
         vertex 6.871526e+000 8.831911e+001 2.140249e+000
         vertex 6.877497e+000 8.832308e+001 2.112323e+000
      endloop
   endfacet
   facet normal -7.286741e-001 -1.224574e-001 -6.738237e-001
      outer loop
         vertex 7.069229e+000 8.716634e+001 2.018938e+000
         vertex 7.004876e+000 8.712175e+001 2.105672e+000
         vertex 6.819326e+000 8.769203e+001 2.225034e+000
      endloop
   endfacet
   facet normal -5.774115e-001 -2.967260e-002 -8.159140e-001
      outer loop
         vertex 6.819326e+000 8.769203e+001 2.225034e+000
         vertex 7.004876e+000 8.712175e+001 2.105672e+000
         vertex 6.828644e+000 8.702562e+001 2.216261e+000
      endloop
   endfacet
   facet normal -4.526128e-001 5.059267e-002 -8.902707e-001
      outer loop
         vertex 6.819326e+000 8.769203e+001 2.225034e+000
         vertex 6.828644e+000 8.702562e+001 2.216261e+000
         vertex 6.627506e+000 8.763489e+001 2.336694e+000
      endloop
   endfacet
   facet normal -2.614610e-001 1.006037e-001 -9.599568e-001
      outer loop
         vertex 6.627506e+000 8.763489e+001 2.336694e+000
         vertex 6.828644e+000 8.702562e+001 2.216261e+000
         vertex 6.665673e+000 8.715907e+001 2.270455e+000
      endloop
   endfacet
   facet normal -1.983612e-001 1.291996e-001 -9.715762e-001
      outer loop
         vertex 6.627506e+000 8.763489e+001 2.336694e+000
         vertex 6.665673e+000 8.715907e+001 2.270455e+000
         vertex 6.567957e+000 8.762100e+001 2.351426e+000
      endloop
   endfacet
   facet normal -1.252832e-001 -7.424607e-001 -6.580701e-001
      outer loop
         vertex 9.817210e+000 8.547404e+001 1.220694e+000
         vertex 9.839981e+000 8.535083e+001 1.360383e+000
         vertex 9.254136e+000 8.539261e+001 1.468321e+000
      endloop
   endfacet
   facet normal -1.387759e-001 -6.534430e-001 -7.441461e-001
      outer loop
         vertex 9.254136e+000 8.539261e+001 1.468321e+000
         vertex 9.839981e+000 8.535083e+001 1.360383e+000
         vertex 9.839983e+000 8.535082e+001 1.360394e+000
      endloop
   endfacet
   facet normal -4.446934e-001 -1.077273e-001 -8.891808e-001
      outer loop
         vertex 7.145699e+000 8.647355e+001 2.086473e+000
         vertex 7.299058e+000 8.660390e+001 1.976851e+000
         vertex 7.563899e+000 8.599907e+001 1.952464e+000
      endloop
   endfacet
   facet normal -5.265293e-001 -2.354369e-001 -8.169065e-001
      outer loop
         vertex 7.563899e+000 8.599907e+001 1.952464e+000
         vertex 7.299058e+000 8.660390e+001 1.976851e+000
         vertex 7.688467e+000 8.615771e+001 1.843638e+000
      endloop
   endfacet
   facet normal -4.129464e-001 -1.904857e-001 -8.906124e-001
      outer loop
         vertex 7.563899e+000 8.599907e+001 1.952464e+000
         vertex 7.688467e+000 8.615771e+001 1.843638e+000
         vertex 8.065505e+000 8.561902e+001 1.819379e+000
      endloop
   endfacet
   facet normal -4.665883e-001 -3.333742e-001 -8.192417e-001
      outer loop
         vertex 8.065505e+000 8.561902e+001 1.819379e+000
         vertex 7.688467e+000 8.615771e+001 1.843638e+000
         vertex 8.156839e+000 8.579921e+001 1.711138e+000
      endloop
   endfacet
   facet normal -3.601486e-001 -2.686446e-001 -8.933774e-001
      outer loop
         vertex 8.065505e+000 8.561902e+001 1.819379e+000
         vertex 8.156839e+000 8.579921e+001 1.711138e+000
         vertex 8.630399e+000 8.534658e+001 1.692276e+000
      endloop
   endfacet
   facet normal -3.831069e-001 -4.199589e-001 -8.227172e-001
      outer loop
         vertex 8.630399e+000 8.534658e+001 1.692276e+000
         vertex 8.156839e+000 8.579921e+001 1.711138e+000
         vertex 8.685561e+000 8.554113e+001 1.584405e+000
      endloop
   endfacet
   facet normal -2.865135e-001 -3.358982e-001 -8.972638e-001
      outer loop
         vertex 8.630399e+000 8.534658e+001 1.692276e+000
         vertex 8.685561e+000 8.554113e+001 1.584405e+000
         vertex 9.236609e+000 8.519106e+001 1.576022e+000
      endloop
   endfacet
   facet normal -2.779660e-001 -4.885647e-001 -8.270668e-001
      outer loop
         vertex 9.236609e+000 8.519106e+001 1.576022e+000
         vertex 8.685561e+000 8.554113e+001 1.584405e+000
         vertex 9.254136e+000 8.539261e+001 1.468321e+000
      endloop
   endfacet
   facet normal -1.846914e-001 -4.895002e-001 -8.522198e-001
      outer loop
         vertex 9.236609e+000 8.519106e+001 1.576022e+000
         vertex 9.254136e+000 8.539261e+001 1.468321e+000
         vertex 9.846939e+000 8.531318e+001 1.403069e+000
      endloop
   endfacet
   facet normal -1.429682e-001 -6.238866e-001 -7.683265e-001
      outer loop
         vertex 9.846939e+000 8.531318e+001 1.403069e+000
         vertex 9.254136e+000 8.539261e+001 1.468321e+000
         vertex 9.839983e+000 8.535082e+001 1.360394e+000
      endloop
   endfacet
   facet normal -5.961086e-002 -9.914922e-001 -1.157141e-001
      outer loop
         vertex 9.781950e+000 8.552960e+001 9.805593e-001
         vertex 9.811373e+000 8.548324e+001 1.180936e+000
         vertex 9.223832e+000 8.559564e+001 1.086150e+000
      endloop
   endfacet
   facet normal -1.453757e-001 -9.571953e-001 -2.502856e-001
      outer loop
         vertex 9.223832e+000 8.559564e+001 1.086150e+000
         vertex 9.811373e+000 8.548324e+001 1.180936e+000
         vertex 9.247022e+000 8.552890e+001 1.284201e+000
      endloop
   endfacet
   facet normal -1.994464e-001 -9.730988e-001 -1.153255e-001
      outer loop
         vertex 9.223832e+000 8.559564e+001 1.086150e+000
         vertex 9.247022e+000 8.552890e+001 1.284201e+000
         vertex 9.172584e+000 8.560171e+001 1.095846e+000
      endloop
   endfacet
   facet normal -5.049843e-001 -8.281119e-001 -2.433547e-001
      outer loop
         vertex 8.197868e+000 8.592980e+001 1.527314e+000
         vertex 8.269547e+000 8.592940e+001 1.303386e+000
         vertex 8.702168e+000 8.567697e+001 1.400561e+000
      endloop
   endfacet
   facet normal -4.352801e-001 -8.935896e-001 -1.096762e-001
      outer loop
         vertex 8.702168e+000 8.567697e+001 1.400561e+000
         vertex 8.269547e+000 8.592940e+001 1.303386e+000
         vertex 8.691930e+000 8.575043e+001 1.202044e+000
      endloop
   endfacet
   facet normal -3.383843e-001 -9.080650e-001 -2.468075e-001
      outer loop
         vertex 8.702168e+000 8.567697e+001 1.400561e+000
         vertex 8.691930e+000 8.575043e+001 1.202044e+000
         vertex 9.247022e+000 8.552890e+001 1.284201e+000
      endloop
   endfacet
   facet normal -2.858619e-001 -9.516681e-001 -1.122975e-001
      outer loop
         vertex 9.247022e+000 8.552890e+001 1.284201e+000
         vertex 8.691930e+000 8.575043e+001 1.202044e+000
         vertex 8.992736e+000 8.562299e+001 1.129872e+000
      endloop
   endfacet
   facet normal -2.268808e-001 -9.671115e-001 -1.149803e-001
      outer loop
         vertex 9.247022e+000 8.552890e+001 1.284201e+000
         vertex 8.992736e+000 8.562299e+001 1.129872e+000
         vertex 9.172584e+000 8.560171e+001 1.095846e+000
      endloop
   endfacet
   facet normal -9.618298e-001 -1.428802e-002 -2.732751e-001
      outer loop
         vertex 6.877497e+000 8.832308e+001 2.112323e+000
         vertex 6.893912e+000 8.833401e+001 2.035558e+000
         vertex 6.939894e+000 8.774812e+001 2.038364e+000
      endloop
   endfacet
   facet normal -9.623452e-001 -1.508823e-001 -2.261109e-001
      outer loop
         vertex 6.939894e+000 8.774812e+001 2.038364e+000
         vertex 6.893912e+000 8.833401e+001 2.035558e+000
         vertex 7.130138e+000 8.723303e+001 1.817510e+000
      endloop
   endfacet
   facet normal -9.201230e-001 -2.585453e-001 -2.941563e-001
      outer loop
         vertex 6.939894e+000 8.774812e+001 2.038364e+000
         vertex 7.130138e+000 8.723303e+001 1.817510e+000
         vertex 7.111183e+000 8.720410e+001 1.920081e+000
      endloop
   endfacet
   facet normal -8.607372e-001 -4.529719e-001 -2.322670e-001
      outer loop
         vertex 7.111183e+000 8.720410e+001 1.920081e+000
         vertex 7.130138e+000 8.723303e+001 1.817510e+000
         vertex 7.759200e+000 8.631332e+001 1.557464e+000
      endloop
   endfacet
   facet normal -7.851332e-001 -5.402578e-001 -3.027990e-001
      outer loop
         vertex 7.111183e+000 8.720410e+001 1.920081e+000
         vertex 7.759200e+000 8.631332e+001 1.557464e+000
         vertex 7.753507e+000 8.627772e+001 1.659527e+000
      endloop
   endfacet
   facet normal -6.672373e-001 -6.810412e-001 -3.016243e-001
      outer loop
         vertex 7.753507e+000 8.627772e+001 1.659527e+000
         vertex 7.759200e+000 8.631332e+001 1.557464e+000
         vertex 8.197868e+000 8.592980e+001 1.527314e+000
      endloop
   endfacet
   facet normal -7.108427e-001 -7.024992e-001 -3.460548e-002
      outer loop
         vertex 7.703200e+000 8.637920e+001 1.474655e+000
         vertex 7.754527e+000 8.633842e+001 1.459133e+000
         vertex 7.759200e+000 8.631332e+001 1.557464e+000
      endloop
   endfacet
   facet normal -6.568843e-001 -7.531008e-001 -3.663491e-002
      outer loop
         vertex 7.759200e+000 8.631332e+001 1.557464e+000
         vertex 7.754527e+000 8.633842e+001 1.459133e+000
         vertex 8.189405e+000 8.599304e+001 1.327622e+000
      endloop
   endfacet
   facet normal -6.189660e-001 -7.662908e-001 -1.722773e-001
      outer loop
         vertex 7.759200e+000 8.631332e+001 1.557464e+000
         vertex 8.189405e+000 8.599304e+001 1.327622e+000
         vertex 8.197868e+000 8.592980e+001 1.527314e+000
      endloop
   endfacet
   facet normal -5.601295e-001 -8.213896e-001 -1.075826e-001
      outer loop
         vertex 8.197868e+000 8.592980e+001 1.527314e+000
         vertex 8.189405e+000 8.599304e+001 1.327622e+000
         vertex 8.191410e+000 8.599145e+001 1.327015e+000
      endloop
   endfacet
   facet normal -5.498206e-001 -8.283685e-001 -1.072508e-001
      outer loop
         vertex 8.197868e+000 8.592980e+001 1.527314e+000
         vertex 8.191410e+000 8.599145e+001 1.327015e+000
         vertex 8.269547e+000 8.592940e+001 1.303386e+000
      endloop
   endfacet
   facet normal -2.471129e-001 1.278822e-001 -9.605110e-001
      outer loop
         vertex 6.567957e+000 8.762100e+001 2.351426e+000
         vertex 6.548404e+000 8.827937e+001 2.431014e+000
         vertex 6.627506e+000 8.763489e+001 2.336694e+000
      endloop
   endfacet
   facet normal -3.608924e-001 1.233342e-001 -9.244162e-001
      outer loop
         vertex 6.627506e+000 8.763489e+001 2.336694e+000
         vertex 6.548404e+000 8.827937e+001 2.431014e+000
         vertex 6.645028e+000 8.828437e+001 2.391910e+000
      endloop
   endfacet
   facet normal -5.020980e-001 7.471758e-002 -8.615770e-001
      outer loop
         vertex 6.627506e+000 8.763489e+001 2.336694e+000
         vertex 6.645028e+000 8.828437e+001 2.391910e+000
         vertex 6.819326e+000 8.769203e+001 2.225034e+000
      endloop
   endfacet
   facet normal -5.908164e-001 7.931222e-002 -8.028982e-001
      outer loop
         vertex 6.819326e+000 8.769203e+001 2.225034e+000
         vertex 6.645028e+000 8.828437e+001 2.391910e+000
         vertex 6.707461e+000 8.828761e+001 2.366642e+000
      endloop
   endfacet
   facet normal -6.877869e-001 6.843252e-002 -7.226799e-001
      outer loop
         vertex 6.819326e+000 8.769203e+001 2.225034e+000
         vertex 6.707461e+000 8.828761e+001 2.366642e+000
         vertex 6.787151e+000 8.830058e+001 2.272859e+000
      endloop
   endfacet
   facet normal -6.492121e-001 -6.239017e-001 -4.350521e-001
      outer loop
         vertex 8.197868e+000 8.592980e+001 1.527314e+000
         vertex 7.730016e+000 8.622511e+001 1.757710e+000
         vertex 7.753507e+000 8.627772e+001 1.659527e+000
      endloop
   endfacet
   facet normal -7.355355e-001 -4.545665e-001 -5.023513e-001
      outer loop
         vertex 7.753507e+000 8.627772e+001 1.659527e+000
         vertex 7.730016e+000 8.622511e+001 1.757710e+000
         vertex 7.069229e+000 8.716634e+001 2.018938e+000
      endloop
   endfacet
   facet normal -8.144473e-001 -3.835122e-001 -4.354238e-001
      outer loop
         vertex 7.753507e+000 8.627772e+001 1.659527e+000
         vertex 7.069229e+000 8.716634e+001 2.018938e+000
         vertex 7.111183e+000 8.720410e+001 1.920081e+000
      endloop
   endfacet
   facet normal -8.099413e-001 -1.794041e-001 -5.583988e-001
      outer loop
         vertex 7.111183e+000 8.720410e+001 1.920081e+000
         vertex 7.069229e+000 8.716634e+001 2.018938e+000
         vertex 6.819326e+000 8.769203e+001 2.225034e+000
      endloop
   endfacet
   facet normal -8.569968e-001 -1.460608e-001 -4.941889e-001
      outer loop
         vertex 7.111183e+000 8.720410e+001 1.920081e+000
         vertex 6.819326e+000 8.769203e+001 2.225034e+000
         vertex 6.939894e+000 8.774812e+001 2.038364e+000
      endloop
   endfacet
   facet normal -8.120853e-001 -1.197478e-002 -5.834158e-001
      outer loop
         vertex 6.939894e+000 8.774812e+001 2.038364e+000
         vertex 6.819326e+000 8.769203e+001 2.225034e+000
         vertex 6.787151e+000 8.830058e+001 2.272859e+000
      endloop
   endfacet
   facet normal -8.757722e-001 1.483983e-002 -4.824964e-001
      outer loop
         vertex 6.939894e+000 8.774812e+001 2.038364e+000
         vertex 6.787151e+000 8.830058e+001 2.272859e+000
         vertex 6.862007e+000 8.831277e+001 2.184765e+000
      endloop
   endfacet
   facet normal -9.938195e-002 -9.088599e-001 -4.050888e-001
      outer loop
         vertex 9.811373e+000 8.548324e+001 1.180936e+000
         vertex 9.817210e+000 8.547404e+001 1.220694e+000
         vertex 9.247022e+000 8.552890e+001 1.284201e+000
      endloop
   endfacet
   facet normal -1.722806e-001 -8.265652e-001 -5.358258e-001
      outer loop
         vertex 9.247022e+000 8.552890e+001 1.284201e+000
         vertex 9.817210e+000 8.547404e+001 1.220694e+000
         vertex 9.254136e+000 8.539261e+001 1.468321e+000
      endloop
   endfacet
   facet normal -2.966927e-001 -8.084585e-001 -5.082994e-001
      outer loop
         vertex 9.247022e+000 8.552890e+001 1.284201e+000
         vertex 9.254136e+000 8.539261e+001 1.468321e+000
         vertex 8.702168e+000 8.567697e+001 1.400561e+000
      endloop
   endfacet
   facet normal -3.471653e-001 -6.944399e-001 -6.302615e-001
      outer loop
         vertex 8.702168e+000 8.567697e+001 1.400561e+000
         vertex 9.254136e+000 8.539261e+001 1.468321e+000
         vertex 8.685561e+000 8.554113e+001 1.584405e+000
      endloop
   endfacet
   facet normal -4.597798e-001 -7.310739e-001 -5.041165e-001
      outer loop
         vertex 8.702168e+000 8.567697e+001 1.400561e+000
         vertex 8.685561e+000 8.554113e+001 1.584405e+000
         vertex 8.197868e+000 8.592980e+001 1.527314e+000
      endloop
   endfacet
   facet normal -4.869772e-001 -6.090308e-001 -6.260467e-001
      outer loop
         vertex 8.197868e+000 8.592980e+001 1.527314e+000
         vertex 8.685561e+000 8.554113e+001 1.584405e+000
         vertex 8.156839e+000 8.579921e+001 1.711138e+000
      endloop
   endfacet
   facet normal -5.819710e-001 -5.859594e-001 -5.638806e-001
      outer loop
         vertex 8.197868e+000 8.592980e+001 1.527314e+000
         vertex 8.156839e+000 8.579921e+001 1.711138e+000
         vertex 7.730016e+000 8.622511e+001 1.757710e+000
      endloop
   endfacet
   facet normal -5.771971e-001 -4.563825e-001 -6.771696e-001
      outer loop
         vertex 7.730016e+000 8.622511e+001 1.757710e+000
         vertex 8.156839e+000 8.579921e+001 1.711138e+000
         vertex 7.688467e+000 8.615771e+001 1.843638e+000
      endloop
   endfacet
   facet normal -6.884410e-001 -3.722923e-001 -6.224527e-001
      outer loop
         vertex 7.730016e+000 8.622511e+001 1.757710e+000
         vertex 7.688467e+000 8.615771e+001 1.843638e+000
         vertex 7.069229e+000 8.716634e+001 2.018938e+000
      endloop
   endfacet
   facet normal -6.790189e-001 -2.863308e-001 -6.759793e-001
      outer loop
         vertex 7.069229e+000 8.716634e+001 2.018938e+000
         vertex 7.688467e+000 8.615771e+001 1.843638e+000
         vertex 7.299058e+000 8.660390e+001 1.976851e+000
      endloop
   endfacet
   facet normal -7.107008e-001 -2.047814e-001 -6.730297e-001
      outer loop
         vertex 7.069229e+000 8.716634e+001 2.018938e+000
         vertex 7.299058e+000 8.660390e+001 1.976851e+000
         vertex 7.004876e+000 8.712175e+001 2.105672e+000
      endloop
   endfacet
   facet normal -5.629531e-001 -1.323980e-001 -8.158153e-001
      outer loop
         vertex 7.004876e+000 8.712175e+001 2.105672e+000
         vertex 7.299058e+000 8.660390e+001 1.976851e+000
         vertex 7.145699e+000 8.647355e+001 2.086473e+000
      endloop
   endfacet
   facet normal -4.569480e-001 -2.592054e-002 -8.891157e-001
      outer loop
         vertex 7.004876e+000 8.712175e+001 2.105672e+000
         vertex 7.145699e+000 8.647355e+001 2.086473e+000
         vertex 6.828644e+000 8.702562e+001 2.216261e+000
      endloop
   endfacet
   facet normal -2.703238e-001 6.676910e-002 -9.604514e-001
      outer loop
         vertex 6.828644e+000 8.702562e+001 2.216261e+000
         vertex 7.145699e+000 8.647355e+001 2.086473e+000
         vertex 6.750437e+000 8.699092e+001 2.233863e+000
      endloop
   endfacet
   facet normal -2.046908e-001 1.139584e-001 -9.721704e-001
      outer loop
         vertex 6.828644e+000 8.702562e+001 2.216261e+000
         vertex 6.750437e+000 8.699092e+001 2.233863e+000
         vertex 6.665673e+000 8.715907e+001 2.270455e+000
      endloop
   endfacet
   facet normal 0.000000e+000 0.000000e+000 -1.000000e+000
      outer loop
         vertex 6.952826e+000 8.768620e+001 -3.089243e-001
         vertex 8.795087e+000 8.834776e+001 -3.089243e-001
         vertex 8.916909e+000 8.789310e+001 -3.089243e-001
      endloop
   endfacet
   facet normal 0.000000e+000 0.000000e+000 -1.000000e+000
      outer loop
         vertex 1.245593e+001 8.900932e+001 -3.089243e-001
         vertex 1.061367e+001 8.834776e+001 -3.089243e-001
         vertex 1.049185e+001 8.880240e+001 -3.089243e-001
      endloop
   endfacet
   facet normal 0.000000e+000 0.000000e+000 -1.000000e+000
      outer loop
         vertex 6.952826e+000 8.768620e+001 -3.089243e-001
         vertex 6.874414e+000 8.834776e+001 -3.089243e-001
         vertex 8.795087e+000 8.834776e+001 -3.089243e-001
      endloop
   endfacet
   facet normal 0.000000e+000 0.000000e+000 -1.000000e+000
      outer loop
         vertex 8.795087e+000 8.834776e+001 -3.089243e-001
         vertex 6.874414e+000 8.834776e+001 -3.089243e-001
         vertex 6.952826e+000 8.900932e+001 -3.089243e-001
      endloop
   endfacet
   facet normal 0.000000e+000 0.000000e+000 -1.000000e+000
      outer loop
         vertex 8.795087e+000 8.834776e+001 -3.089243e-001
         vertex 6.952826e+000 8.900932e+001 -3.089243e-001
         vertex 8.916909e+000 8.880240e+001 -3.089243e-001
      endloop
   endfacet
   facet normal 0.000000e+000 0.000000e+000 -1.000000e+000
      outer loop
         vertex 8.916909e+000 8.880240e+001 -3.089243e-001
         vertex 6.952826e+000 8.900932e+001 -3.089243e-001
         vertex 7.396760e+000 8.998592e+001 -3.089243e-001
      endloop
   endfacet
   facet normal 0.000000e+000 0.000000e+000 -1.000000e+000
      outer loop
         vertex 8.916909e+000 8.880240e+001 -3.089243e-001
         vertex 7.396760e+000 8.998592e+001 -3.089243e-001
         vertex 9.249733e+000 8.913522e+001 -3.089243e-001
      endloop
   endfacet
   facet normal 0.000000e+000 0.000000e+000 -1.000000e+000
      outer loop
         vertex 9.704378e+000 8.743846e+001 -3.089243e-001
         vertex 9.167992e+000 8.556909e+001 -3.089243e-001
         vertex 9.249733e+000 8.756029e+001 -3.089243e-001
      endloop
   endfacet
   facet normal 0.000000e+000 0.000000e+000 -1.000000e+000
      outer loop
         vertex 9.249733e+000 8.756029e+001 -3.089243e-001
         vertex 9.167992e+000 8.556909e+001 -3.089243e-001
         vertex 8.172296e+000 8.596838e+001 -3.089243e-001
      endloop
   endfacet
   facet normal 0.000000e+000 0.000000e+000 -1.000000e+000
      outer loop
         vertex 9.249733e+000 8.756029e+001 -3.089243e-001
         vertex 8.172296e+000 8.596838e+001 -3.089243e-001
         vertex 8.916909e+000 8.789310e+001 -3.089243e-001
      endloop
   endfacet
   facet normal 0.000000e+000 0.000000e+000 -1.000000e+000
      outer loop
         vertex 8.916909e+000 8.789310e+001 -3.089243e-001
         vertex 8.172296e+000 8.596838e+001 -3.089243e-001
         vertex 7.396760e+000 8.670959e+001 -3.089243e-001
      endloop
   endfacet
   facet normal 0.000000e+000 0.000000e+000 -1.000000e+000
      outer loop
         vertex 8.916909e+000 8.789310e+001 -3.089243e-001
         vertex 7.396760e+000 8.670959e+001 -3.089243e-001
         vertex 6.952826e+000 8.768620e+001 -3.089243e-001
      endloop
   endfacet
   facet normal 0.000000e+000 0.000000e+000 -1.000000e+000
      outer loop
         vertex 1.245593e+001 8.900932e+001 -3.089243e-001
         vertex 1.253434e+001 8.834776e+001 -3.089243e-001
         vertex 1.061367e+001 8.834776e+001 -3.089243e-001
      endloop
   endfacet
   facet normal 0.000000e+000 0.000000e+000 -1.000000e+000
      outer loop
         vertex 1.061367e+001 8.834776e+001 -3.089243e-001
         vertex 1.253434e+001 8.834776e+001 -3.089243e-001
         vertex 1.245593e+001 8.768620e+001 -3.089243e-001
      endloop
   endfacet
   facet normal 0.000000e+000 0.000000e+000 -1.000000e+000
      outer loop
         vertex 1.061367e+001 8.834776e+001 -3.089243e-001
         vertex 1.245593e+001 8.768620e+001 -3.089243e-001
         vertex 1.049185e+001 8.789310e+001 -3.089243e-001
      endloop
   endfacet
   facet normal 0.000000e+000 0.000000e+000 -1.000000e+000
      outer loop
         vertex 1.049185e+001 8.789310e+001 -3.089243e-001
         vertex 1.245593e+001 8.768620e+001 -3.089243e-001
         vertex 1.201200e+001 8.670959e+001 -3.089243e-001
      endloop
   endfacet
   facet normal 0.000000e+000 0.000000e+000 -1.000000e+000
      outer loop
         vertex 1.049185e+001 8.789310e+001 -3.089243e-001
         vertex 1.201200e+001 8.670959e+001 -3.089243e-001
         vertex 1.015902e+001 8.756029e+001 -3.089243e-001
      endloop
   endfacet
   facet normal 0.000000e+000 0.000000e+000 -1.000000e+000
      outer loop
         vertex 1.015902e+001 8.756029e+001 -3.089243e-001
         vertex 1.201200e+001 8.670959e+001 -3.089243e-001
         vertex 1.123646e+001 8.596838e+001 -3.089243e-001
      endloop
   endfacet
   facet normal 0.000000e+000 0.000000e+000 -1.000000e+000
      outer loop
         vertex 1.015902e+001 8.756029e+001 -3.089243e-001
         vertex 1.123646e+001 8.596838e+001 -3.089243e-001
         vertex 9.704378e+000 8.743846e+001 -3.089243e-001
      endloop
   endfacet
   facet normal 0.000000e+000 0.000000e+000 -1.000000e+000
      outer loop
         vertex 9.704378e+000 8.743846e+001 -3.089243e-001
         vertex 1.123646e+001 8.596838e+001 -3.089243e-001
         vertex 1.024077e+001 8.556909e+001 -3.089243e-001
      endloop
   endfacet
   facet normal 0.000000e+000 0.000000e+000 -1.000000e+000
      outer loop
         vertex 9.704378e+000 8.743846e+001 -3.089243e-001
         vertex 1.024077e+001 8.556909e+001 -3.089243e-001
         vertex 9.167992e+000 8.556909e+001 -3.089243e-001
      endloop
   endfacet
   facet normal 0.000000e+000 0.000000e+000 -1.000000e+000
      outer loop
         vertex 7.396760e+000 8.998592e+001 -3.089243e-001
         vertex 8.172296e+000 9.072713e+001 -3.089243e-001
         vertex 9.249733e+000 8.913522e+001 -3.089243e-001
      endloop
   endfacet
   facet normal 0.000000e+000 0.000000e+000 -1.000000e+000
      outer loop
         vertex 9.249733e+000 8.913522e+001 -3.089243e-001
         vertex 8.172296e+000 9.072713e+001 -3.089243e-001
         vertex 9.167992e+000 9.112642e+001 -3.089243e-001
      endloop
   endfacet
   facet normal 0.000000e+000 0.000000e+000 -1.000000e+000
      outer loop
         vertex 9.249733e+000 8.913522e+001 -3.089243e-001
         vertex 9.167992e+000 9.112642e+001 -3.089243e-001
         vertex 9.704378e+000 8.925705e+001 -3.089243e-001
      endloop
   endfacet
   facet normal 0.000000e+000 0.000000e+000 -1.000000e+000
      outer loop
         vertex 9.704378e+000 8.925705e+001 -3.089243e-001
         vertex 9.167992e+000 9.112642e+001 -3.089243e-001
         vertex 1.024077e+001 9.112642e+001 -3.089243e-001
      endloop
   endfacet
   facet normal 0.000000e+000 0.000000e+000 -1.000000e+000
      outer loop
         vertex 9.704378e+000 8.925705e+001 -3.089243e-001
         vertex 1.024077e+001 9.112642e+001 -3.089243e-001
         vertex 1.015902e+001 8.913522e+001 -3.089243e-001
      endloop
   endfacet
   facet normal 0.000000e+000 0.000000e+000 -1.000000e+000
      outer loop
         vertex 1.015902e+001 8.913522e+001 -3.089243e-001
         vertex 1.024077e+001 9.112642e+001 -3.089243e-001
         vertex 1.123646e+001 9.072713e+001 -3.089243e-001
      endloop
   endfacet
   facet normal 0.000000e+000 0.000000e+000 -1.000000e+000
      outer loop
         vertex 1.015902e+001 8.913522e+001 -3.089243e-001
         vertex 1.123646e+001 9.072713e+001 -3.089243e-001
         vertex 1.049185e+001 8.880240e+001 -3.089243e-001
      endloop
   endfacet
   facet normal 0.000000e+000 0.000000e+000 -1.000000e+000
      outer loop
         vertex 1.049185e+001 8.880240e+001 -3.089243e-001
         vertex 1.123646e+001 9.072713e+001 -3.089243e-001
         vertex 1.201200e+001 8.998592e+001 -3.089243e-001
      endloop
   endfacet
   facet normal 0.000000e+000 0.000000e+000 -1.000000e+000
      outer loop
         vertex 1.049185e+001 8.880240e+001 -3.089243e-001
         vertex 1.201200e+001 8.998592e+001 -3.089243e-001
         vertex 1.245593e+001 8.900932e+001 -3.089243e-001
      endloop
   endfacet
   facet normal 9.558275e-001 -2.832557e-001 7.848494e-002
      outer loop
         vertex 1.242904e+001 8.792827e+001 2.754314e+000
         vertex 1.242326e+001 8.791584e+001 2.756836e+000
         vertex 1.243597e+001 8.793708e+001 2.520526e+000
      endloop
   endfacet
   facet normal 9.940475e-001 -1.072074e-001 1.939650e-002
      outer loop
         vertex 1.247415e+001 8.816612e+001 2.115371e+000
         vertex 1.248369e+001 8.818471e+001 2.146360e+000
         vertex 1.246136e+001 8.804171e+001 2.214847e+000
      endloop
   endfacet
   facet normal 9.989733e-001 -4.479017e-002 -6.789565e-003
      outer loop
         vertex 1.247415e+001 8.816612e+001 2.115371e+000
         vertex 1.249282e+001 8.834776e+001 1.970147e+000
         vertex 1.251105e+001 8.838021e+001 2.052362e+000
      endloop
   endfacet
   facet normal 9.751790e-001 -1.940196e-001 -1.066875e-001
      outer loop
         vertex 1.248369e+001 8.818471e+001 2.146360e+000
         vertex 1.253232e+001 8.827454e+001 2.281522e+000
         vertex 1.246136e+001 8.804171e+001 2.214847e+000
      endloop
   endfacet
   facet normal 9.574262e-001 -2.587987e-001 -1.278992e-001
      outer loop
         vertex 1.246136e+001 8.804171e+001 2.214847e+000
         vertex 1.253232e+001 8.827454e+001 2.281522e+000
         vertex 1.248087e+001 8.808679e+001 2.358372e+000
      endloop
   endfacet
   facet normal 9.815933e-001 -1.909803e-001 -1.031494e-003
      outer loop
         vertex 1.246136e+001 8.804171e+001 2.214847e+000
         vertex 1.248087e+001 8.808679e+001 2.358372e+000
         vertex 1.245732e+001 8.800242e+001 2.246255e+000
      endloop
   endfacet
   facet normal 9.805290e-001 -1.963746e-001 2.941023e-004
      outer loop
         vertex 1.245732e+001 8.800242e+001 2.246255e+000
         vertex 1.248087e+001 8.808679e+001 2.358372e+000
         vertex 1.245384e+001 8.799075e+001 2.273511e+000
      endloop
   endfacet
   facet normal 9.755343e-001 -2.134285e-001 5.273662e-002
      outer loop
         vertex 1.243597e+001 8.793708e+001 2.520526e+000
         vertex 1.242384e+001 8.789030e+001 2.508088e+000
         vertex 1.242464e+001 8.789297e+001 2.501846e+000
      endloop
   endfacet
   facet normal 9.673567e-001 -2.435140e-001 7.015605e-002
      outer loop
         vertex 1.242326e+001 8.791584e+001 2.756836e+000
         vertex 1.240228e+001 8.787073e+001 2.765994e+000
         vertex 1.243597e+001 8.793708e+001 2.520526e+000
      endloop
   endfacet
   facet normal 9.755026e-001 -2.117259e-001 5.972329e-002
      outer loop
         vertex 1.243597e+001 8.793708e+001 2.520526e+000
         vertex 1.240228e+001 8.787073e+001 2.765994e+000
         vertex 1.241650e+001 8.786572e+001 2.565488e+000
      endloop
   endfacet
   facet normal 9.768525e-001 -2.063105e-001 5.652502e-002
      outer loop
         vertex 1.243597e+001 8.793708e+001 2.520526e+000
         vertex 1.241650e+001 8.786572e+001 2.565488e+000
         vertex 1.242384e+001 8.789030e+001 2.508088e+000
      endloop
   endfacet
   facet normal 8.727483e-001 -4.837114e-001 6.583094e-002
      outer loop
         vertex 1.249350e+001 8.806686e+001 2.726178e+000
         vertex 1.242904e+001 8.792827e+001 2.754314e+000
         vertex 1.250726e+001 8.808220e+001 2.571093e+000
      endloop
   endfacet
   facet normal 9.209480e-001 -3.890619e-001 2.203444e-002
      outer loop
         vertex 1.250726e+001 8.808220e+001 2.571093e+000
         vertex 1.242904e+001 8.792827e+001 2.754314e+000
         vertex 1.243597e+001 8.793708e+001 2.520526e+000
      endloop
   endfacet
   facet normal 9.143109e-001 -4.016474e-001 -5.210557e-002
      outer loop
         vertex 1.250726e+001 8.808220e+001 2.571093e+000
         vertex 1.243597e+001 8.793708e+001 2.520526e+000
         vertex 1.248087e+001 8.808679e+001 2.358372e+000
      endloop
   endfacet
   facet normal 9.619810e-001 -2.729673e-001 -9.023887e-003
      outer loop
         vertex 1.248087e+001 8.808679e+001 2.358372e+000
         vertex 1.243597e+001 8.793708e+001 2.520526e+000
         vertex 1.242464e+001 8.789297e+001 2.501846e+000
      endloop
   endfacet
   facet normal 9.754426e-001 -2.202510e-001 1.068922e-003
      outer loop
         vertex 1.248087e+001 8.808679e+001 2.358372e+000
         vertex 1.242464e+001 8.789297e+001 2.501846e+000
         vertex 1.245384e+001 8.799075e+001 2.273511e+000
      endloop
   endfacet
   facet normal 6.647224e-001 -7.337760e-001 1.404172e-001
      outer loop
         vertex 1.260193e+001 8.817466e+001 2.668211e+000
         vertex 1.260221e+001 8.818077e+001 2.705338e+000
         vertex 1.250254e+001 8.808630e+001 2.722231e+000
      endloop
   endfacet
   facet normal 6.811026e-001 -7.236395e-001 -1.115578e-001
      outer loop
         vertex 1.261924e+001 8.819234e+001 2.618283e+000
         vertex 1.261229e+001 8.818371e+001 2.629441e+000
         vertex 1.250726e+001 8.808220e+001 2.571093e+000
      endloop
   endfacet
   facet normal 6.828445e-001 -7.284927e-001 -5.497207e-002
      outer loop
         vertex 1.250726e+001 8.808220e+001 2.571093e+000
         vertex 1.261229e+001 8.818371e+001 2.629441e+000
         vertex 1.260480e+001 8.817717e+001 2.657475e+000
      endloop
   endfacet
   facet normal 7.555172e-001 -6.542544e-001 3.383672e-002
      outer loop
         vertex 1.250726e+001 8.808220e+001 2.571093e+000
         vertex 1.260480e+001 8.817717e+001 2.657475e+000
         vertex 1.249350e+001 8.806686e+001 2.726178e+000
      endloop
   endfacet
   facet normal 6.809239e-001 -7.284782e-001 7.524679e-002
      outer loop
         vertex 1.249350e+001 8.806686e+001 2.726178e+000
         vertex 1.260480e+001 8.817717e+001 2.657475e+000
         vertex 1.260193e+001 8.817466e+001 2.668211e+000
      endloop
   endfacet
   facet normal 7.470692e-001 -6.527125e-001 1.259120e-001
      outer loop
         vertex 1.249350e+001 8.806686e+001 2.726178e+000
         vertex 1.260193e+001 8.817466e+001 2.668211e+000
         vertex 1.249613e+001 8.807251e+001 2.725032e+000
      endloop
   endfacet
   facet normal 7.371702e-001 -6.634847e-001 1.279380e-001
      outer loop
         vertex 1.249613e+001 8.807251e+001 2.725032e+000
         vertex 1.260193e+001 8.817466e+001 2.668211e+000
         vertex 1.250254e+001 8.808630e+001 2.722231e+000
      endloop
   endfacet
   facet normal 5.012747e-001 -4.795784e-001 -7.202279e-001
      outer loop
         vertex 1.282852e+001 8.850238e+001 2.453127e+000
         vertex 1.276017e+001 8.839824e+001 2.497174e+000
         vertex 1.263142e+001 8.834634e+001 2.398695e+000
      endloop
   endfacet
   facet normal 5.456564e-001 -5.470425e-001 -6.348256e-001
      outer loop
         vertex 1.263142e+001 8.834634e+001 2.398695e+000
         vertex 1.276017e+001 8.839824e+001 2.497174e+000
         vertex 1.273286e+001 8.835662e+001 2.514780e+000
      endloop
   endfacet
   facet normal 6.639405e-001 -5.516935e-001 -5.047942e-001
      outer loop
         vertex 1.263142e+001 8.834634e+001 2.398695e+000
         vertex 1.273286e+001 8.835662e+001 2.514780e+000
         vertex 1.256222e+001 8.819585e+001 2.459340e+000
      endloop
   endfacet
   facet normal 6.114016e-001 -6.309957e-001 -4.775276e-001
      outer loop
         vertex 1.256222e+001 8.819585e+001 2.459340e+000
         vertex 1.273286e+001 8.835662e+001 2.514780e+000
         vertex 1.267951e+001 8.827534e+001 2.549161e+000
      endloop
   endfacet
   facet normal 6.382161e-001 -6.682708e-001 -3.822227e-001
      outer loop
         vertex 1.256222e+001 8.819585e+001 2.459340e+000
         vertex 1.267951e+001 8.827534e+001 2.549161e+000
         vertex 1.265073e+001 8.823150e+001 2.567706e+000
      endloop
   endfacet
   facet normal 4.113216e-001 -3.595077e-001 -8.375970e-001
      outer loop
         vertex 1.284626e+001 8.852940e+001 2.441694e+000
         vertex 1.282852e+001 8.850238e+001 2.453127e+000
         vertex 1.270354e+001 8.850450e+001 2.372768e+000
      endloop
   endfacet
   facet normal 5.505918e-001 -3.986697e-001 -7.334242e-001
      outer loop
         vertex 1.270354e+001 8.850450e+001 2.372768e+000
         vertex 1.282852e+001 8.850238e+001 2.453127e+000
         vertex 1.263142e+001 8.834634e+001 2.398695e+000
      endloop
   endfacet
   facet normal 6.318634e-001 -3.616731e-001 -6.855226e-001
      outer loop
         vertex 1.270354e+001 8.850450e+001 2.372768e+000
         vertex 1.263142e+001 8.834634e+001 2.398695e+000
         vertex 1.269665e+001 8.850330e+001 2.369443e+000
      endloop
   endfacet
   facet normal 6.418991e-001 -3.586924e-001 -6.777207e-001
      outer loop
         vertex 1.269665e+001 8.850330e+001 2.369443e+000
         vertex 1.263142e+001 8.834634e+001 2.398695e+000
         vertex 1.268889e+001 8.849993e+001 2.360650e+000
      endloop
   endfacet
   facet normal 7.934074e-001 -2.880813e-001 -5.362032e-001
      outer loop
         vertex 1.259412e+001 8.845885e+001 2.253317e+000
         vertex 1.268889e+001 8.849993e+001 2.360650e+000
         vertex 1.253232e+001 8.827454e+001 2.281522e+000
      endloop
   endfacet
   facet normal 7.532361e-001 -3.689292e-001 -5.445426e-001
      outer loop
         vertex 1.253232e+001 8.827454e+001 2.281522e+000
         vertex 1.268889e+001 8.849993e+001 2.360650e+000
         vertex 1.263142e+001 8.834634e+001 2.398695e+000
      endloop
   endfacet
   facet normal 8.622785e-001 -3.796737e-001 -3.351474e-001
      outer loop
         vertex 1.253232e+001 8.827454e+001 2.281522e+000
         vertex 1.263142e+001 8.834634e+001 2.398695e+000
         vertex 1.248087e+001 8.808679e+001 2.358372e+000
      endloop
   endfacet
   facet normal 8.235902e-001 -4.584510e-001 -3.339490e-001
      outer loop
         vertex 1.248087e+001 8.808679e+001 2.358372e+000
         vertex 1.263142e+001 8.834634e+001 2.398695e+000
         vertex 1.256222e+001 8.819585e+001 2.459340e+000
      endloop
   endfacet
   facet normal 8.547819e-001 -4.909823e-001 -1.681796e-001
      outer loop
         vertex 1.248087e+001 8.808679e+001 2.358372e+000
         vertex 1.256222e+001 8.819585e+001 2.459340e+000
         vertex 1.250726e+001 8.808220e+001 2.571093e+000
      endloop
   endfacet
   facet normal 7.349533e-001 -6.307530e-001 -2.489866e-001
      outer loop
         vertex 1.250726e+001 8.808220e+001 2.571093e+000
         vertex 1.256222e+001 8.819585e+001 2.459340e+000
         vertex 1.265073e+001 8.823150e+001 2.567706e+000
      endloop
   endfacet
   facet normal 6.753728e-001 -7.109357e-001 -1.960664e-001
      outer loop
         vertex 1.250726e+001 8.808220e+001 2.571093e+000
         vertex 1.265073e+001 8.823150e+001 2.567706e+000
         vertex 1.261924e+001 8.819234e+001 2.618283e+000
      endloop
   endfacet
   facet normal 9.949501e-001 -9.232766e-002 -3.936927e-002
      outer loop
         vertex 1.247415e+001 8.816612e+001 2.115371e+000
         vertex 1.251105e+001 8.838021e+001 2.052362e+000
         vertex 1.248369e+001 8.818471e+001 2.146360e+000
      endloop
   endfacet
   facet normal 9.842249e-001 -1.081982e-001 -1.399802e-001
      outer loop
         vertex 1.248369e+001 8.818471e+001 2.146360e+000
         vertex 1.251105e+001 8.838021e+001 2.052362e+000
         vertex 1.252512e+001 8.840525e+001 2.115789e+000
      endloop
   endfacet
   facet normal 9.586251e-001 -1.944249e-001 -2.079348e-001
      outer loop
         vertex 1.248369e+001 8.818471e+001 2.146360e+000
         vertex 1.252512e+001 8.840525e+001 2.115789e+000
         vertex 1.253232e+001 8.827454e+001 2.281522e+000
      endloop
   endfacet
   facet normal 9.241643e-001 -2.043536e-001 -3.227383e-001
      outer loop
         vertex 1.253232e+001 8.827454e+001 2.281522e+000
         vertex 1.252512e+001 8.840525e+001 2.115789e+000
         vertex 1.254269e+001 8.843655e+001 2.195066e+000
      endloop
   endfacet
   facet normal 8.763378e-001 -2.410964e-001 -4.170187e-001
      outer loop
         vertex 1.253232e+001 8.827454e+001 2.281522e+000
         vertex 1.254269e+001 8.843655e+001 2.195066e+000
         vertex 1.259412e+001 8.845885e+001 2.253317e+000
      endloop
   endfacet
   facet normal 6.043420e-001 -6.655863e-001 4.379105e-001
      outer loop
         vertex 1.262294e+001 8.821650e+001 2.751942e+000
         vertex 1.263792e+001 8.824158e+001 2.779994e+000
         vertex 1.252694e+001 8.818868e+001 2.858577e+000
      endloop
   endfacet
   facet normal 9.849796e-001 -1.076723e-001 1.349882e-001
      outer loop
         vertex 1.239698e+001 8.803680e+001 3.075635e+000
         vertex 1.240974e+001 8.819030e+001 3.147197e+000
         vertex 1.239583e+001 8.816859e+001 3.184648e+000
      endloop
   endfacet
   facet normal 6.456875e-001 -7.038974e-001 2.960002e-001
      outer loop
         vertex 1.260541e+001 8.818716e+001 2.719131e+000
         vertex 1.261760e+001 8.820755e+001 2.741938e+000
         vertex 1.250136e+001 8.810986e+001 2.788942e+000
      endloop
   endfacet
   facet normal 6.561666e-001 -7.255791e-001 2.073168e-001
      outer loop
         vertex 1.260221e+001 8.818077e+001 2.705338e+000
         vertex 1.260541e+001 8.818716e+001 2.719131e+000
         vertex 1.250254e+001 8.808630e+001 2.722231e+000
      endloop
   endfacet
   facet normal 7.217924e-001 -6.521600e-001 2.317393e-001
      outer loop
         vertex 1.250254e+001 8.808630e+001 2.722231e+000
         vertex 1.260541e+001 8.818716e+001 2.719131e+000
         vertex 1.250136e+001 8.810986e+001 2.788942e+000
      endloop
   endfacet
   facet normal 7.904186e-001 -5.793433e-001 1.989972e-001
      outer loop
         vertex 1.250254e+001 8.808630e+001 2.722231e+000
         vertex 1.250136e+001 8.810986e+001 2.788942e+000
         vertex 1.249613e+001 8.807251e+001 2.725032e+000
      endloop
   endfacet
   facet normal 7.988988e-001 -5.683312e-001 1.968766e-001
      outer loop
         vertex 1.249613e+001 8.807251e+001 2.725032e+000
         vertex 1.250136e+001 8.810986e+001 2.788942e+000
         vertex 1.249350e+001 8.806686e+001 2.726178e+000
      endloop
   endfacet
   facet normal 8.518760e-001 -4.853327e-001 1.968743e-001
      outer loop
         vertex 1.249350e+001 8.806686e+001 2.726178e+000
         vertex 1.250136e+001 8.810986e+001 2.788942e+000
         vertex 1.242157e+001 8.798177e+001 2.847787e+000
      endloop
   endfacet
   facet normal 9.079638e-001 -3.947331e-001 1.406685e-001
      outer loop
         vertex 1.249350e+001 8.806686e+001 2.726178e+000
         vertex 1.242157e+001 8.798177e+001 2.847787e+000
         vertex 1.242904e+001 8.792827e+001 2.754314e+000
      endloop
   endfacet
   facet normal 9.490453e-001 -2.917377e-001 1.191723e-001
      outer loop
         vertex 1.242904e+001 8.792827e+001 2.754314e+000
         vertex 1.242157e+001 8.798177e+001 2.847787e+000
         vertex 1.242326e+001 8.791584e+001 2.756836e+000
      endloop
   endfacet
   facet normal 9.637851e-001 -2.425302e-001 1.108943e-001
      outer loop
         vertex 1.242326e+001 8.791584e+001 2.756836e+000
         vertex 1.242157e+001 8.798177e+001 2.847787e+000
         vertex 1.240031e+001 8.792096e+001 2.876153e+000
      endloop
   endfacet
   facet normal 9.768671e-001 -1.961592e-001 8.516017e-002
      outer loop
         vertex 1.242326e+001 8.791584e+001 2.756836e+000
         vertex 1.240031e+001 8.792096e+001 2.876153e+000
         vertex 1.240228e+001 8.787073e+001 2.765994e+000
      endloop
   endfacet
   facet normal 9.878029e-001 -1.244273e-001 9.361198e-002
      outer loop
         vertex 1.239733e+001 8.799686e+001 3.042596e+000
         vertex 1.239761e+001 8.798959e+001 3.026646e+000
         vertex 1.239698e+001 8.803680e+001 3.075635e+000
      endloop
   endfacet
   facet normal 9.698923e-001 -1.927535e-001 1.488455e-001
      outer loop
         vertex 1.239698e+001 8.803680e+001 3.075635e+000
         vertex 1.239761e+001 8.798959e+001 3.026646e+000
         vertex 1.243682e+001 8.808558e+001 2.945062e+000
      endloop
   endfacet
   facet normal 9.624521e-001 -1.957234e-001 1.880911e-001
      outer loop
         vertex 1.239698e+001 8.803680e+001 3.075635e+000
         vertex 1.243682e+001 8.808558e+001 2.945062e+000
         vertex 1.240974e+001 8.819030e+001 3.147197e+000
      endloop
   endfacet
   facet normal 9.400239e-001 -1.123965e-001 3.220592e-001
      outer loop
         vertex 1.240974e+001 8.819030e+001 3.147197e+000
         vertex 1.243381e+001 8.839910e+001 3.172002e+000
         vertex 1.242711e+001 8.839574e+001 3.180640e+000
      endloop
   endfacet
   facet normal 9.871455e-001 -7.697114e-002 1.400683e-001
      outer loop
         vertex 1.239583e+001 8.816859e+001 3.184648e+000
         vertex 1.240974e+001 8.819030e+001 3.147197e+000
         vertex 1.239480e+001 8.828745e+001 3.282969e+000
      endloop
   endfacet
   facet normal 9.693348e-001 -8.605604e-002 2.301832e-001
      outer loop
         vertex 1.239480e+001 8.828745e+001 3.282969e+000
         vertex 1.240974e+001 8.819030e+001 3.147197e+000
         vertex 1.242711e+001 8.839574e+001 3.180640e+000
      endloop
   endfacet
   facet normal 9.794486e-001 -3.919737e-002 1.978486e-001
      outer loop
         vertex 1.239480e+001 8.828745e+001 3.282969e+000
         vertex 1.242711e+001 8.839574e+001 3.180640e+000
         vertex 1.239242e+001 8.834776e+001 3.310257e+000
      endloop
   endfacet
   facet normal 4.744227e-001 -5.181038e-001 7.116822e-001
      outer loop
         vertex 1.269208e+001 8.833869e+001 2.822713e+000
         vertex 1.271831e+001 8.838573e+001 2.843407e+000
         vertex 1.258345e+001 8.833775e+001 2.922837e+000
      endloop
   endfacet
   facet normal 4.106320e-001 -4.323238e-001 8.027935e-001
      outer loop
         vertex 1.258345e+001 8.833775e+001 2.922837e+000
         vertex 1.271831e+001 8.838573e+001 2.843407e+000
         vertex 1.278852e+001 8.851160e+001 2.898786e+000
      endloop
   endfacet
   facet normal 4.560236e-001 -3.509927e-001 8.178304e-001
      outer loop
         vertex 1.258345e+001 8.833775e+001 2.922837e+000
         vertex 1.278852e+001 8.851160e+001 2.898786e+000
         vertex 1.265119e+001 8.848363e+001 2.961220e+000
      endloop
   endfacet
   facet normal 9.685369e-001 -2.034651e-001 1.433118e-001
      outer loop
         vertex 1.239761e+001 8.798959e+001 3.026646e+000
         vertex 1.240031e+001 8.792096e+001 2.876153e+000
         vertex 1.243682e+001 8.808558e+001 2.945062e+000
      endloop
   endfacet
   facet normal 9.504442e-001 -2.639170e-001 1.643284e-001
      outer loop
         vertex 1.243682e+001 8.808558e+001 2.945062e+000
         vertex 1.240031e+001 8.792096e+001 2.876153e+000
         vertex 1.242157e+001 8.798177e+001 2.847787e+000
      endloop
   endfacet
   facet normal 8.729311e-001 -3.968558e-001 2.837197e-001
      outer loop
         vertex 1.243682e+001 8.808558e+001 2.945062e+000
         vertex 1.242157e+001 8.798177e+001 2.847787e+000
         vertex 1.252694e+001 8.818868e+001 2.858577e+000
      endloop
   endfacet
   facet normal 8.302113e-001 -4.768047e-001 2.888019e-001
      outer loop
         vertex 1.252694e+001 8.818868e+001 2.858577e+000
         vertex 1.242157e+001 8.798177e+001 2.847787e+000
         vertex 1.250136e+001 8.810986e+001 2.788942e+000
      endloop
   endfacet
   facet normal 6.948403e-001 -6.201893e-001 3.640908e-001
      outer loop
         vertex 1.252694e+001 8.818868e+001 2.858577e+000
         vertex 1.250136e+001 8.810986e+001 2.788942e+000
         vertex 1.262294e+001 8.821650e+001 2.751942e+000
      endloop
   endfacet
   facet normal 6.354769e-001 -6.933431e-001 3.397713e-001
      outer loop
         vertex 1.262294e+001 8.821650e+001 2.751942e+000
         vertex 1.250136e+001 8.810986e+001 2.788942e+000
         vertex 1.261760e+001 8.820755e+001 2.741938e+000
      endloop
   endfacet
   facet normal 5.650942e-001 -3.240857e-001 7.587075e-001
      outer loop
         vertex 1.265119e+001 8.848363e+001 2.961220e+000
         vertex 1.261820e+001 8.847691e+001 2.976218e+000
         vertex 1.258345e+001 8.833775e+001 2.922837e+000
      endloop
   endfacet
   facet normal 6.153775e-001 -3.097872e-001 7.248051e-001
      outer loop
         vertex 1.258345e+001 8.833775e+001 2.922837e+000
         vertex 1.261820e+001 8.847691e+001 2.976218e+000
         vertex 1.256777e+001 8.846663e+001 2.999145e+000
      endloop
   endfacet
   facet normal 7.150182e-001 -3.261179e-001 6.183819e-001
      outer loop
         vertex 1.258345e+001 8.833775e+001 2.922837e+000
         vertex 1.256777e+001 8.846663e+001 2.999145e+000
         vertex 1.247491e+001 8.827178e+001 3.023321e+000
      endloop
   endfacet
   facet normal 7.519398e-001 -2.468890e-001 6.112548e-001
      outer loop
         vertex 1.247491e+001 8.827178e+001 3.023321e+000
         vertex 1.256777e+001 8.846663e+001 2.999145e+000
         vertex 1.252846e+001 8.844682e+001 3.049875e+000
      endloop
   endfacet
   facet normal 8.138002e-001 -2.180537e-001 5.386851e-001
      outer loop
         vertex 1.247491e+001 8.827178e+001 3.023321e+000
         vertex 1.252846e+001 8.844682e+001 3.049875e+000
         vertex 1.248042e+001 8.842261e+001 3.111859e+000
      endloop
   endfacet
   facet normal 5.652881e-001 -6.202855e-001 5.437787e-001
      outer loop
         vertex 1.263792e+001 8.824158e+001 2.779994e+000
         vertex 1.269208e+001 8.833869e+001 2.822713e+000
         vertex 1.252694e+001 8.818868e+001 2.858577e+000
      endloop
   endfacet
   facet normal 6.029185e-001 -5.282693e-001 5.978469e-001
      outer loop
         vertex 1.252694e+001 8.818868e+001 2.858577e+000
         vertex 1.269208e+001 8.833869e+001 2.822713e+000
         vertex 1.258345e+001 8.833775e+001 2.922837e+000
      endloop
   endfacet
   facet normal 7.736276e-001 -4.406207e-001 4.553610e-001
      outer loop
         vertex 1.252694e+001 8.818868e+001 2.858577e+000
         vertex 1.258345e+001 8.833775e+001 2.922837e+000
         vertex 1.243682e+001 8.808558e+001 2.945062e+000
      endloop
   endfacet
   facet normal 8.092451e-001 -3.608922e-001 4.635506e-001
      outer loop
         vertex 1.243682e+001 8.808558e+001 2.945062e+000
         vertex 1.258345e+001 8.833775e+001 2.922837e+000
         vertex 1.247491e+001 8.827178e+001 3.023321e+000
      endloop
   endfacet
   facet normal 9.150608e-001 -2.588788e-001 3.092661e-001
      outer loop
         vertex 1.243682e+001 8.808558e+001 2.945062e+000
         vertex 1.247491e+001 8.827178e+001 3.023321e+000
         vertex 1.240974e+001 8.819030e+001 3.147197e+000
      endloop
   endfacet
   facet normal 8.954192e-001 -1.996797e-001 3.979354e-001
      outer loop
         vertex 1.240974e+001 8.819030e+001 3.147197e+000
         vertex 1.247491e+001 8.827178e+001 3.023321e+000
         vertex 1.248042e+001 8.842261e+001 3.111859e+000
      endloop
   endfacet
   facet normal 9.178667e-001 -1.322360e-001 3.742116e-001
      outer loop
         vertex 1.240974e+001 8.819030e+001 3.147197e+000
         vertex 1.248042e+001 8.842261e+001 3.111859e+000
         vertex 1.243381e+001 8.839910e+001 3.172002e+000
      endloop
   endfacet
   facet normal 1.586294e-001 1.659766e-001 9.732875e-001
      outer loop
         vertex 9.704378e+000 8.834776e+001 6.808867e+000
         vertex 1.047395e+001 8.889407e+001 6.656858e+000
         vertex 1.021531e+001 8.914126e+001 6.656858e+000
      endloop
   endfacet
   facet normal 2.090093e-001 9.500850e-002 9.732875e-001
      outer loop
         vertex 1.062200e+001 8.856838e+001 6.656858e+000
         vertex 1.047395e+001 8.889407e+001 6.656858e+000
         vertex 9.704378e+000 8.834776e+001 6.808867e+000
      endloop
   endfacet
   facet normal -8.545459e-002 2.130940e-001 9.732875e-001
      outer loop
         vertex 9.704378e+000 8.834776e+001 6.808867e+000
         vertex 9.525497e+000 8.927441e+001 6.656858e+000
         vertex 9.193440e+000 8.914126e+001 6.656858e+000
      endloop
   endfacet
   facet normal 0.000000e+000 2.295899e-001 9.732875e-001
      outer loop
         vertex 9.883259e+000 8.927441e+001 6.656858e+000
         vertex 9.525497e+000 8.927441e+001 6.656858e+000
         vertex 9.704378e+000 8.834776e+001 6.808867e+000
      endloop
   endfacet
   facet normal 8.545459e-002 2.130940e-001 9.732875e-001
      outer loop
         vertex 1.021531e+001 8.914126e+001 6.656858e+000
         vertex 9.883259e+000 8.927441e+001 6.656858e+000
         vertex 9.704378e+000 8.834776e+001 6.808867e+000
      endloop
   endfacet
   facet normal -2.304500e-001 2.731445e-002 9.727007e-001
      outer loop
         vertex 9.704378e+000 8.834776e+001 6.808867e+000
         vertex 8.786757e+000 8.856838e+001 6.656858e+000
         vertex 8.760608e+000 8.834776e+001 6.656858e+000
      endloop
   endfacet
   facet normal -2.090093e-001 9.500850e-002 9.732875e-001
      outer loop
         vertex 8.934806e+000 8.889407e+001 6.656858e+000
         vertex 8.786757e+000 8.856838e+001 6.656858e+000
         vertex 9.704378e+000 8.834776e+001 6.808867e+000
      endloop
   endfacet
   facet normal -1.586294e-001 1.659766e-001 9.732875e-001
      outer loop
         vertex 9.193440e+000 8.914126e+001 6.656858e+000
         vertex 8.934806e+000 8.889407e+001 6.656858e+000
         vertex 9.704378e+000 8.834776e+001 6.808867e+000
      endloop
   endfacet
   facet normal 2.304500e-001 2.731445e-002 9.727007e-001
      outer loop
         vertex 1.064815e+001 8.834776e+001 6.656858e+000
         vertex 1.062200e+001 8.856838e+001 6.656858e+000
         vertex 9.704378e+000 8.834776e+001 6.808867e+000
      endloop
   endfacet
   facet normal 1.805639e-001 9.834613e-001 1.416511e-002
      outer loop
         vertex 1.015849e+001 9.110300e+001 1.081268e+000
         vertex 1.023617e+001 9.109382e+001 1.095983e+000
         vertex 1.024077e+001 9.112642e+001 -3.089243e-001
      endloop
   endfacet
   facet normal -9.830871e-001 1.730738e-001 5.987637e-002
      outer loop
         vertex 6.954991e+000 8.880206e+001 2.008756e+000
         vertex 6.967070e+000 8.868638e+001 2.501983e+000
         vertex 7.021891e+000 8.899271e+001 2.502044e+000
      endloop
   endfacet
   facet normal -9.812136e-001 1.345485e-001 1.382629e-001
      outer loop
         vertex 6.968313e+000 8.867446e+001 2.552765e+000
         vertex 7.038314e+000 8.849703e+001 3.461215e+000
         vertex 7.268418e+000 8.893344e+001 4.432137e+000
      endloop
   endfacet
   facet normal -9.772215e-001 9.504712e-002 1.897476e-001
      outer loop
         vertex 7.268418e+000 8.893344e+001 4.432137e+000
         vertex 7.038314e+000 8.849703e+001 3.461215e+000
         vertex 7.198999e+000 8.834776e+001 4.432137e+000
      endloop
   endfacet
   facet normal -9.874430e-001 2.788224e-002 1.554956e-001
      outer loop
         vertex 7.198999e+000 8.834776e+001 4.432137e+000
         vertex 7.038314e+000 8.849703e+001 3.461215e+000
         vertex 7.034806e+000 8.842323e+001 3.449477e+000
      endloop
   endfacet
   facet normal -9.878890e-001 9.360737e-003 1.548796e-001
      outer loop
         vertex 7.198999e+000 8.834776e+001 4.432137e+000
         vertex 7.034806e+000 8.842323e+001 3.449477e+000
         vertex 7.031219e+000 8.834776e+001 3.437478e+000
      endloop
   endfacet
   facet normal -9.968088e-001 7.842447e-002 1.489420e-002
      outer loop
         vertex 6.952826e+000 8.900932e+001 -3.089243e-001
         vertex 6.874414e+000 8.834776e+001 -3.089243e-001
         vertex 6.914547e+000 8.834776e+001 1.939053e+000
      endloop
   endfacet
   facet normal 9.519542e-001 3.051594e-001 2.570519e-002
      outer loop
         vertex 1.220862e+001 8.958593e+001 1.682411e+000
         vertex 1.241030e+001 8.899728e+001 1.815468e+000
         vertex 1.245593e+001 8.900932e+001 -3.089243e-001
      endloop
   endfacet
   facet normal 9.747099e-001 2.218186e-001 2.714797e-002
      outer loop
         vertex 1.245593e+001 8.900932e+001 -3.089243e-001
         vertex 1.241030e+001 8.899728e+001 1.815468e+000
         vertex 1.244323e+001 8.890115e+001 1.837194e+000
      endloop
   endfacet
   facet normal 9.893814e-001 1.446890e-001 1.376388e-002
      outer loop
         vertex 1.245593e+001 8.900932e+001 -3.089243e-001
         vertex 1.244323e+001 8.890115e+001 1.837194e+000
         vertex 1.253434e+001 8.834776e+001 -3.089243e-001
      endloop
   endfacet
   facet normal 9.953769e-001 9.181995e-002 2.817493e-002
      outer loop
         vertex 1.253434e+001 8.834776e+001 -3.089243e-001
         vertex 1.244323e+001 8.890115e+001 1.837194e+000
         vertex 1.248763e+001 8.856176e+001 1.901928e+000
      endloop
   endfacet
   facet normal 9.992362e-001 2.555286e-002 2.956287e-002
      outer loop
         vertex 1.253434e+001 8.834776e+001 -3.089243e-001
         vertex 1.248763e+001 8.856176e+001 1.901928e+000
         vertex 1.249282e+001 8.834776e+001 1.970147e+000
      endloop
   endfacet
   facet normal 9.243081e-001 3.808756e-001 2.425570e-002
      outer loop
         vertex 1.220862e+001 8.958593e+001 1.682411e+000
         vertex 1.245593e+001 8.900932e+001 -3.089243e-001
         vertex 1.219222e+001 8.963380e+001 1.671591e+000
      endloop
   endfacet
   facet normal 9.031199e-001 4.292164e-001 1.215108e-002
      outer loop
         vertex 1.219222e+001 8.963380e+001 1.671591e+000
         vertex 1.245593e+001 8.900932e+001 -3.089243e-001
         vertex 1.201200e+001 8.998592e+001 -3.089243e-001
      endloop
   endfacet
   facet normal 8.413311e-001 5.400231e-001 2.317308e-002
      outer loop
         vertex 1.219222e+001 8.963380e+001 1.671591e+000
         vertex 1.201200e+001 8.998592e+001 -3.089243e-001
         vertex 1.196826e+001 8.995522e+001 1.579725e+000
      endloop
   endfacet
   facet normal 5.330153e-001 8.459207e-001 1.768899e-002
      outer loop
         vertex 1.115317e+001 9.075041e+001 1.308496e+000
         vertex 1.121673e+001 9.069927e+001 1.327815e+000
         vertex 1.123646e+001 9.072713e+001 -3.089243e-001
      endloop
   endfacet
   facet normal 5.854734e-001 8.104736e-001 1.880052e-002
      outer loop
         vertex 1.123646e+001 9.072713e+001 -3.089243e-001
         vertex 1.121673e+001 9.069927e+001 1.327815e+000
         vertex 1.156701e+001 9.041739e+001 1.434293e+000
      endloop
   endfacet
   facet normal 6.835496e-001 7.298363e-001 9.943770e-003
      outer loop
         vertex 1.123646e+001 9.072713e+001 -3.089243e-001
         vertex 1.156701e+001 9.041739e+001 1.434293e+000
         vertex 1.201200e+001 8.998592e+001 -3.089243e-001
      endloop
   endfacet
   facet normal 7.403529e-001 6.719147e-001 2.020408e-002
      outer loop
         vertex 1.201200e+001 8.998592e+001 -3.089243e-001
         vertex 1.156701e+001 9.041739e+001 1.434293e+000
         vertex 1.174737e+001 9.027225e+001 1.489119e+000
      endloop
   endfacet
   facet normal 7.877427e-001 6.156302e-001 2.146506e-002
      outer loop
         vertex 1.201200e+001 8.998592e+001 -3.089243e-001
         vertex 1.174737e+001 9.027225e+001 1.489119e+000
         vertex 1.196826e+001 8.995522e+001 1.579725e+000
      endloop
   endfacet
   facet normal 2.106506e-001 9.774535e-001 1.452308e-002
      outer loop
         vertex 1.023617e+001 9.109382e+001 1.095983e+000
         vertex 1.041589e+001 9.107256e+001 1.130023e+000
         vertex 1.024077e+001 9.112642e+001 -3.089243e-001
      endloop
   endfacet
   facet normal 2.631010e-001 9.646477e-001 1.524902e-002
      outer loop
         vertex 1.024077e+001 9.112642e+001 -3.089243e-001
         vertex 1.041589e+001 9.107256e+001 1.130023e+000
         vertex 1.066856e+001 9.096682e+001 1.190402e+000
      endloop
   endfacet
   facet normal 3.632095e-001 9.316738e-001 7.933223e-003
      outer loop
         vertex 1.024077e+001 9.112642e+001 -3.089243e-001
         vertex 1.066856e+001 9.096682e+001 1.190402e+000
         vertex 1.123646e+001 9.072713e+001 -3.089243e-001
      endloop
   endfacet
   facet normal 4.651842e-001 8.850585e-001 1.658577e-002
      outer loop
         vertex 1.123646e+001 9.072713e+001 -3.089243e-001
         vertex 1.066856e+001 9.096682e+001 1.190402e+000
         vertex 1.111788e+001 9.077882e+001 1.297766e+000
      endloop
   endfacet
   facet normal 5.201502e-001 8.538967e-001 1.744151e-002
      outer loop
         vertex 1.123646e+001 9.072713e+001 -3.089243e-001
         vertex 1.111788e+001 9.077882e+001 1.297766e+000
         vertex 1.115317e+001 9.075041e+001 1.308496e+000
      endloop
   endfacet
   facet normal -1.559291e-001 9.876826e-001 1.300427e-002
      outer loop
         vertex 9.372985e+000 9.113635e+001 1.001254e+000
         vertex 9.167992e+000 9.112642e+001 -3.089243e-001
         vertex 9.254549e+000 9.112177e+001 1.012994e+000
      endloop
   endfacet
   facet normal -1.797177e-001 9.836305e-001 1.313872e-002
      outer loop
         vertex 9.254549e+000 9.112177e+001 1.012994e+000
         vertex 9.167992e+000 9.112642e+001 -3.089243e-001
         vertex 9.170616e+000 9.111143e+001 1.021314e+000
      endloop
   endfacet
   facet normal -1.231288e-001 9.923078e-001 1.282621e-002
      outer loop
         vertex 9.372985e+000 9.113635e+001 1.001254e+000
         vertex 9.531798e+000 9.115590e+001 9.855117e-001
         vertex 9.167992e+000 9.112642e+001 -3.089243e-001
      endloop
   endfacet
   facet normal -9.510235e-002 9.953868e-001 1.267552e-002
      outer loop
         vertex 9.167992e+000 9.112642e+001 -3.089243e-001
         vertex 9.531798e+000 9.115590e+001 9.855117e-001
         vertex 9.609180e+000 9.116542e+001 9.778412e-001
      endloop
   endfacet
   facet normal -1.139307e-002 9.999148e-001 6.374151e-003
      outer loop
         vertex 9.167992e+000 9.112642e+001 -3.089243e-001
         vertex 9.609180e+000 9.116542e+001 9.778412e-001
         vertex 1.024077e+001 9.112642e+001 -3.089243e-001
      endloop
   endfacet
   facet normal 4.299128e-002 9.989950e-001 1.268018e-002
      outer loop
         vertex 1.024077e+001 9.112642e+001 -3.089243e-001
         vertex 9.609180e+000 9.116542e+001 9.778412e-001
         vertex 9.626806e+000 9.116592e+001 9.805585e-001
      endloop
   endfacet
   facet normal 1.087210e-001 9.939820e-001 1.340416e-002
      outer loop
         vertex 1.024077e+001 9.112642e+001 -3.089243e-001
         vertex 9.626806e+000 9.116592e+001 9.805585e-001
         vertex 1.015849e+001 9.110300e+001 1.081268e+000
      endloop
   endfacet
   facet normal -3.790498e-001 9.232790e-001 6.226598e-002
      outer loop
         vertex 8.210752e+000 9.066740e+001 2.502044e+000
         vertex 8.910648e+000 9.098727e+001 2.348243e+000
         vertex 8.875211e+000 9.097830e+001 2.335982e+000
      endloop
   endfacet
   facet normal -4.015429e-001 9.137920e-001 6.121669e-002
      outer loop
         vertex 8.875211e+000 9.097830e+001 2.335982e+000
         vertex 8.714311e+000 9.093756e+001 2.280310e+000
         vertex 8.210752e+000 9.066740e+001 2.502044e+000
      endloop
   endfacet
   facet normal -4.213879e-001 9.048810e-001 6.018825e-002
      outer loop
         vertex 8.210752e+000 9.066740e+001 2.502044e+000
         vertex 8.714311e+000 9.093756e+001 2.280310e+000
         vertex 8.700274e+000 9.093175e+001 2.269257e+000
      endloop
   endfacet
   facet normal -4.335843e-001 8.991743e-001 5.907838e-002
      outer loop
         vertex 8.210752e+000 9.066740e+001 2.502044e+000
         vertex 8.700274e+000 9.093175e+001 2.269257e+000
         vertex 8.610927e+000 9.089475e+001 2.198902e+000
      endloop
   endfacet
   facet normal -4.503094e-001 8.910152e-001 5.756060e-002
      outer loop
         vertex 8.610927e+000 9.089475e+001 2.198902e+000
         vertex 8.557221e+000 9.087252e+001 2.156613e+000
         vertex 8.210752e+000 9.066740e+001 2.502044e+000
      endloop
   endfacet
   facet normal -4.633553e-001 8.843754e-001 5.640907e-002
      outer loop
         vertex 8.210752e+000 9.066740e+001 2.502044e+000
         vertex 8.557221e+000 9.087252e+001 2.156613e+000
         vertex 8.498276e+000 9.084811e+001 2.110197e+000
      endloop
   endfacet
   facet normal -4.836236e-001 8.735669e-001 5.467283e-002
      outer loop
         vertex 8.210752e+000 9.066740e+001 2.502044e+000
         vertex 8.498276e+000 9.084811e+001 2.110197e+000
         vertex 8.379789e+000 9.079905e+001 2.016897e+000
      endloop
   endfacet
   facet normal -5.034705e-001 8.624236e-001 5.237358e-002
      outer loop
         vertex 8.379789e+000 9.079905e+001 2.016897e+000
         vertex 8.323287e+000 9.077222e+001 1.916487e+000
         vertex 8.210752e+000 9.066740e+001 2.502044e+000
      endloop
   endfacet
   facet normal -5.127987e-001 8.570089e-001 5.072875e-002
      outer loop
         vertex 8.210752e+000 9.066740e+001 2.502044e+000
         vertex 8.323287e+000 9.077222e+001 1.916487e+000
         vertex 8.297994e+000 9.076021e+001 1.871539e+000
      endloop
   endfacet
   facet normal -5.166934e-001 8.547059e-001 5.005892e-002
      outer loop
         vertex 8.210752e+000 9.066740e+001 2.502044e+000
         vertex 8.297994e+000 9.076021e+001 1.871539e+000
         vertex 8.288914e+000 9.075590e+001 1.855401e+000
      endloop
   endfacet
   facet normal -5.182897e-001 8.537546e-001 4.978755e-002
      outer loop
         vertex 8.288914e+000 9.075590e+001 1.855401e+000
         vertex 8.283865e+000 9.075349e+001 1.846428e+000
         vertex 8.210752e+000 9.066740e+001 2.502044e+000
      endloop
   endfacet
   facet normal -5.190545e-001 8.533249e-001 4.918307e-002
      outer loop
         vertex 8.210752e+000 9.066740e+001 2.502044e+000
         vertex 8.283865e+000 9.075349e+001 1.846428e+000
         vertex 8.281361e+000 9.075422e+001 1.798291e+000
      endloop
   endfacet
   facet normal -5.194249e-001 8.531541e-001 4.822617e-002
      outer loop
         vertex 8.210752e+000 9.066740e+001 2.502044e+000
         vertex 8.281361e+000 9.075422e+001 1.798291e+000
         vertex 8.279096e+000 9.075488e+001 1.754740e+000
      endloop
   endfacet
   facet normal -5.193757e-001 8.541895e-001 2.468336e-002
      outer loop
         vertex 8.277205e+000 9.075542e+001 1.718382e+000
         vertex 8.284819e+000 9.076090e+001 1.693433e+000
         vertex 8.172296e+000 9.072713e+001 -3.089243e-001
      endloop
   endfacet
   facet normal -5.177122e-001 8.552111e-001 2.425041e-002
      outer loop
         vertex 8.172296e+000 9.072713e+001 -3.089243e-001
         vertex 8.284819e+000 9.076090e+001 1.693433e+000
         vertex 8.290569e+000 9.076505e+001 1.674591e+000
      endloop
   endfacet
   facet normal -5.149208e-001 8.569145e-001 2.353912e-002
      outer loop
         vertex 8.172296e+000 9.072713e+001 -3.089243e-001
         vertex 8.290569e+000 9.076505e+001 1.674591e+000
         vertex 8.307227e+000 9.077704e+001 1.620006e+000
      endloop
   endfacet
   facet normal -5.126801e-001 8.582718e-001 2.299079e-002
      outer loop
         vertex 8.307227e+000 9.077704e+001 1.620006e+000
         vertex 8.308571e+000 9.077789e+001 1.617690e+000
         vertex 8.172296e+000 9.072713e+001 -3.089243e-001
      endloop
   endfacet
   facet normal -5.107135e-001 8.594506e-001 2.272666e-002
      outer loop
         vertex 8.172296e+000 9.072713e+001 -3.089243e-001
         vertex 8.308571e+000 9.077789e+001 1.617690e+000
         vertex 8.323503e+000 9.078742e+001 1.591967e+000
      endloop
   endfacet
   facet normal -5.070444e-001 8.616307e-001 2.232667e-002
      outer loop
         vertex 8.172296e+000 9.072713e+001 -3.089243e-001
         vertex 8.323503e+000 9.078742e+001 1.591967e+000
         vertex 8.339607e+000 9.079593e+001 1.574953e+000
      endloop
   endfacet
   facet normal -4.924701e-001 8.700726e-001 2.113844e-002
      outer loop
         vertex 8.339607e+000 9.079593e+001 1.574953e+000
         vertex 8.448782e+000 9.085355e+001 1.459612e+000
         vertex 8.172296e+000 9.072713e+001 -3.089243e-001
      endloop
   endfacet
   facet normal -4.732716e-001 8.806981e-001 1.961517e-002
      outer loop
         vertex 8.172296e+000 9.072713e+001 -3.089243e-001
         vertex 8.448782e+000 9.085355e+001 1.459612e+000
         vertex 8.502748e+000 9.088205e+001 1.402599e+000
      endloop
   endfacet
   facet normal -4.544861e-001 8.905674e-001 1.822654e-002
      outer loop
         vertex 8.172296e+000 9.072713e+001 -3.089243e-001
         vertex 8.502748e+000 9.088205e+001 1.402599e+000
         vertex 8.606956e+000 9.093706e+001 1.292505e+000
      endloop
   endfacet
   facet normal -4.389035e-001 8.983694e-001 1.721124e-002
      outer loop
         vertex 8.606956e+000 9.093706e+001 1.292505e+000
         vertex 8.634625e+000 9.094608e+001 1.278242e+000
         vertex 8.172296e+000 9.072713e+001 -3.089243e-001
      endloop
   endfacet
   facet normal -4.304409e-001 9.024603e-001 1.691184e-002
      outer loop
         vertex 8.172296e+000 9.072713e+001 -3.089243e-001
         vertex 8.634625e+000 9.094608e+001 1.278242e+000
         vertex 8.682348e+000 9.096164e+001 1.253640e+000
      endloop
   endfacet
   facet normal -4.039816e-001 9.146268e-001 1.601920e-002
      outer loop
         vertex 8.172296e+000 9.072713e+001 -3.089243e-001
         vertex 8.682348e+000 9.096164e+001 1.253640e+000
         vertex 8.867437e+000 9.102201e+001 1.158225e+000
      endloop
   endfacet
   facet normal -3.783722e-001 9.255293e-001 1.516930e-002
      outer loop
         vertex 8.867437e+000 9.102201e+001 1.158225e+000
         vertex 8.903963e+000 9.103392e+001 1.139395e+000
         vertex 8.172296e+000 9.072713e+001 -3.089243e-001
      endloop
   endfacet
   facet normal -3.626587e-001 9.318065e-001 1.467665e-002
      outer loop
         vertex 8.172296e+000 9.072713e+001 -3.089243e-001
         vertex 8.903963e+000 9.103392e+001 1.139395e+000
         vertex 9.002346e+000 9.106601e+001 1.088679e+000
      endloop
   endfacet
   facet normal -3.316033e-001 9.433916e-001 7.177318e-003
      outer loop
         vertex 8.172296e+000 9.072713e+001 -3.089243e-001
         vertex 9.002346e+000 9.106601e+001 1.088679e+000
         vertex 9.167992e+000 9.112642e+001 -3.089243e-001
      endloop
   endfacet
   facet normal -2.152192e-001 9.764695e-001 1.371121e-002
      outer loop
         vertex 9.167992e+000 9.112642e+001 -3.089243e-001
         vertex 9.002346e+000 9.106601e+001 1.088679e+000
         vertex 9.124072e+000 9.110571e+001 1.025928e+000
      endloop
   endfacet
   facet normal -1.949818e-001 9.807177e-001 1.322699e-002
      outer loop
         vertex 9.167992e+000 9.112642e+001 -3.089243e-001
         vertex 9.124072e+000 9.110571e+001 1.025928e+000
         vertex 9.170616e+000 9.111143e+001 1.021314e+000
      endloop
   endfacet
   facet normal -1.440654e-001 9.873790e-001 6.578718e-002
      outer loop
         vertex 9.505220e+000 9.108537e+001 2.502685e+000
         vertex 9.233356e+000 9.106898e+001 2.459901e+000
         vertex 9.181455e+000 9.105667e+001 2.502044e+000
      endloop
   endfacet
   facet normal -1.828330e-001 9.810053e-001 6.481395e-002
      outer loop
         vertex 9.181455e+000 9.105667e+001 2.502044e+000
         vertex 9.233356e+000 9.106898e+001 2.459901e+000
         vertex 9.181767e+000 9.105592e+001 2.442052e+000
      endloop
   endfacet
   facet normal -3.111405e-001 9.480344e-001 6.650058e-002
      outer loop
         vertex 9.181455e+000 9.105667e+001 2.502044e+000
         vertex 9.181767e+000 9.105592e+001 2.442052e+000
         vertex 8.210752e+000 9.066740e+001 2.502044e+000
      endloop
   endfacet
   facet normal -3.262420e-001 9.430586e-001 6.485934e-002
      outer loop
         vertex 8.210752e+000 9.066740e+001 2.502044e+000
         vertex 9.181767e+000 9.105592e+001 2.442052e+000
         vertex 9.054915e+000 9.102380e+001 2.398160e+000
      endloop
   endfacet
   facet normal -3.581600e-001 9.315124e-001 6.329327e-002
      outer loop
         vertex 8.210752e+000 9.066740e+001 2.502044e+000
         vertex 9.054915e+000 9.102380e+001 2.398160e+000
         vertex 8.910648e+000 9.098727e+001 2.348243e+000
      endloop
   endfacet
   facet normal 4.237175e-001 8.879738e-001 1.787900e-001
      outer loop
         vertex 1.106074e+001 9.045423e+001 4.432137e+000
         vertex 1.117462e+001 9.065108e+001 2.853917e+000
         vertex 1.017924e+001 9.080772e+001 4.432137e+000
      endloop
   endfacet
   facet normal 4.044991e-001 9.051226e-001 1.308947e-001
      outer loop
         vertex 1.017924e+001 9.080772e+001 4.432137e+000
         vertex 1.117462e+001 9.065108e+001 2.853917e+000
         vertex 1.099628e+001 9.073685e+001 2.809847e+000
      endloop
   endfacet
   facet normal 3.190290e-001 9.391530e-001 1.273271e-001
      outer loop
         vertex 1.099628e+001 9.073685e+001 2.809847e+000
         vertex 1.049857e+001 9.097624e+001 2.686851e+000
         vertex 1.017924e+001 9.080772e+001 4.432137e+000
      endloop
   endfacet
   facet normal 2.215685e-001 9.672931e-001 1.234962e-001
      outer loop
         vertex 1.017924e+001 9.080772e+001 4.432137e+000
         vertex 1.049857e+001 9.097624e+001 2.686851e+000
         vertex 1.022189e+001 9.102532e+001 2.632477e+000
      endloop
   endfacet
   facet normal 6.417152e-002 9.824604e-001 1.750814e-001
      outer loop
         vertex 1.017924e+001 9.080772e+001 4.432137e+000
         vertex 1.022189e+001 9.102532e+001 2.632477e+000
         vertex 9.229513e+000 9.080772e+001 4.432137e+000
      endloop
   endfacet
   facet normal 4.420663e-002 9.913420e-001 1.236394e-001
      outer loop
         vertex 9.229513e+000 9.080772e+001 4.432137e+000
         vertex 1.022189e+001 9.102532e+001 2.632477e+000
         vertex 1.004997e+001 9.105582e+001 2.598691e+000
      endloop
   endfacet
   facet normal -9.601351e-003 9.925257e-001 1.216575e-001
      outer loop
         vertex 9.229513e+000 9.080772e+001 4.432137e+000
         vertex 1.004997e+001 9.105582e+001 2.598691e+000
         vertex 9.787449e+000 9.110239e+001 2.547100e+000
      endloop
   endfacet
   facet normal 6.957707e-001 6.949947e-001 1.813433e-001
      outer loop
         vertex 1.174732e+001 8.979803e+001 4.432137e+000
         vertex 1.171091e+001 9.018076e+001 3.021214e+000
         vertex 1.106074e+001 9.045423e+001 4.432137e+000
      endloop
   endfacet
   facet normal 6.273995e-001 7.669291e-001 1.348687e-001
      outer loop
         vertex 1.106074e+001 9.045423e+001 4.432137e+000
         vertex 1.171091e+001 9.018076e+001 3.021214e+000
         vertex 1.134772e+001 9.049927e+001 2.907917e+000
      endloop
   endfacet
   facet normal 5.578582e-001 8.195233e-001 1.310562e-001
      outer loop
         vertex 1.106074e+001 9.045423e+001 4.432137e+000
         vertex 1.134772e+001 9.049927e+001 2.907917e+000
         vertex 1.117462e+001 9.065108e+001 2.853917e+000
      endloop
   endfacet
   facet normal 8.504140e-001 5.063819e-001 1.427354e-001
      outer loop
         vertex 1.212980e+001 8.953455e+001 3.198153e+000
         vertex 1.200458e+001 8.972771e+001 3.145262e+000
         vertex 1.174732e+001 8.979803e+001 4.432137e+000
      endloop
   endfacet
   facet normal 8.218729e-001 5.520977e-001 1.404027e-001
      outer loop
         vertex 1.174732e+001 8.979803e+001 4.432137e+000
         vertex 1.200458e+001 8.972771e+001 3.145262e+000
         vertex 1.189164e+001 8.990194e+001 3.097557e+000
      endloop
   endfacet
   facet normal 7.833050e-001 6.061324e-001 1.379738e-001
      outer loop
         vertex 1.174732e+001 8.979803e+001 4.432137e+000
         vertex 1.189164e+001 8.990194e+001 3.097557e+000
         vertex 1.171091e+001 9.018076e+001 3.021214e+000
      endloop
   endfacet
   facet normal 9.769875e-001 1.506816e-001 1.509648e-001
      outer loop
         vertex 1.235853e+001 8.872877e+001 3.368773e+000
         vertex 1.214034e+001 8.893344e+001 4.432137e+000
         vertex 1.237289e+001 8.856735e+001 3.343983e+000
      endloop
   endfacet
   facet normal 9.768873e-001 1.037572e-001 1.868841e-001
      outer loop
         vertex 1.237289e+001 8.856735e+001 3.343983e+000
         vertex 1.214034e+001 8.893344e+001 4.432137e+000
         vertex 1.220976e+001 8.834776e+001 4.432137e+000
      endloop
   endfacet
   facet normal 9.884002e-001 2.721695e-002 1.494132e-001
      outer loop
         vertex 1.237289e+001 8.856735e+001 3.343983e+000
         vertex 1.220976e+001 8.834776e+001 4.432137e+000
         vertex 1.239242e+001 8.834776e+001 3.310257e+000
      endloop
   endfacet
   facet normal 9.724100e-001 1.776895e-001 1.511467e-001
      outer loop
         vertex 1.235853e+001 8.872877e+001 3.368773e+000
         vertex 1.235045e+001 8.878757e+001 3.360009e+000
         vertex 1.214034e+001 8.893344e+001 4.432137e+000
      endloop
   endfacet
   facet normal 9.665439e-001 2.080990e-001 1.499589e-001
      outer loop
         vertex 1.214034e+001 8.893344e+001 4.432137e+000
         vertex 1.235045e+001 8.878757e+001 3.360009e+000
         vertex 1.229654e+001 8.897008e+001 3.320463e+000
      endloop
   endfacet
   facet normal 9.185963e-001 3.474196e-001 1.883625e-001
      outer loop
         vertex 1.214034e+001 8.893344e+001 4.432137e+000
         vertex 1.229654e+001 8.897008e+001 3.320463e+000
         vertex 1.174732e+001 8.979803e+001 4.432137e+000
      endloop
   endfacet
   facet normal 9.104514e-001 3.857036e-001 1.493686e-001
      outer loop
         vertex 1.174732e+001 8.979803e+001 4.432137e+000
         vertex 1.229654e+001 8.897008e+001 3.320463e+000
         vertex 1.220728e+001 8.927226e+001 3.254986e+000
      endloop
   endfacet
   facet normal 8.800649e-001 4.519642e-001 1.456506e-001
      outer loop
         vertex 1.174732e+001 8.979803e+001 4.432137e+000
         vertex 1.220728e+001 8.927226e+001 3.254986e+000
         vertex 1.212980e+001 8.953455e+001 3.198153e+000
      endloop
   endfacet
   facet normal -5.197466e-001 8.530039e-001 4.740996e-002
      outer loop
         vertex 8.279096e+000 9.075488e+001 1.754740e+000
         vertex 8.277205e+000 9.075542e+001 1.718382e+000
         vertex 8.210752e+000 9.066740e+001 2.502044e+000
      endloop
   endfacet
   facet normal -5.306497e-001 8.468852e-001 3.458744e-002
      outer loop
         vertex 8.210752e+000 9.066740e+001 2.502044e+000
         vertex 8.277205e+000 9.075542e+001 1.718382e+000
         vertex 8.172296e+000 9.072713e+001 -3.089243e-001
      endloop
   endfacet
   facet normal -6.423556e-001 7.650869e-001 4.495894e-002
      outer loop
         vertex 8.210752e+000 9.066740e+001 2.502044e+000
         vertex 8.172296e+000 9.072713e+001 -3.089243e-001
         vertex 7.454681e+000 8.994480e+001 2.502044e+000
      endloop
   endfacet
   facet normal -7.356708e-001 6.769661e-001 2.248029e-002
      outer loop
         vertex 7.454681e+000 8.994480e+001 2.502044e+000
         vertex 8.172296e+000 9.072713e+001 -3.089243e-001
         vertex 7.396760e+000 8.998592e+001 -3.089243e-001
      endloop
   endfacet
   facet normal -8.809720e-001 4.710276e-001 4.495894e-002
      outer loop
         vertex 7.454681e+000 8.994480e+001 2.502044e+000
         vertex 7.396760e+000 8.998592e+001 -3.089243e-001
         vertex 7.021891e+000 8.899271e+001 2.502044e+000
      endloop
   endfacet
   facet normal -9.347836e-001 3.545057e-001 2.248029e-002
      outer loop
         vertex 7.021891e+000 8.899271e+001 2.502044e+000
         vertex 7.396760e+000 8.998592e+001 -3.089243e-001
         vertex 6.952826e+000 8.900932e+001 -3.089243e-001
      endloop
   endfacet
   facet normal -9.769382e-001 2.101608e-001 3.773769e-002
      outer loop
         vertex 7.021891e+000 8.899271e+001 2.502044e+000
         vertex 6.952826e+000 8.900932e+001 -3.089243e-001
         vertex 6.954991e+000 8.880206e+001 2.008756e+000
      endloop
   endfacet
   facet normal -9.906608e-001 1.328832e-001 3.054812e-002
      outer loop
         vertex 6.954991e+000 8.880206e+001 2.008756e+000
         vertex 6.952826e+000 8.900932e+001 -3.089243e-001
         vertex 6.914547e+000 8.834776e+001 1.939053e+000
      endloop
   endfacet
   facet normal -7.619239e-002 9.898964e-001 1.195825e-001
      outer loop
         vertex 9.787449e+000 9.110239e+001 2.547100e+000
         vertex 9.505220e+000 9.108537e+001 2.502685e+000
         vertex 9.229513e+000 9.080772e+001 4.432137e+000
      endloop
   endfacet
   facet normal -1.493857e-001 9.816395e-001 1.186077e-001
      outer loop
         vertex 9.229513e+000 9.080772e+001 4.432137e+000
         vertex 9.505220e+000 9.108537e+001 2.502685e+000
         vertex 9.181455e+000 9.105667e+001 2.502044e+000
      endloop
   endfacet
   facet normal -3.062113e-001 9.361048e-001 1.730392e-001
      outer loop
         vertex 9.229513e+000 9.080772e+001 4.432137e+000
         vertex 9.181455e+000 9.105667e+001 2.502044e+000
         vertex 8.348019e+000 9.045423e+001 4.432137e+000
      endloop
   endfacet
   facet normal -4.270275e-001 8.961948e-001 1.203426e-001
      outer loop
         vertex 8.348019e+000 9.045423e+001 4.432137e+000
         vertex 9.181455e+000 9.105667e+001 2.502044e+000
         vertex 8.210752e+000 9.066740e+001 2.502044e+000
      endloop
   endfacet
   facet normal -6.326333e-001 7.548725e-001 1.730392e-001
      outer loop
         vertex 8.348019e+000 9.045423e+001 4.432137e+000
         vertex 8.210752e+000 9.066740e+001 2.502044e+000
         vertex 7.661434e+000 8.979803e+001 4.432137e+000
      endloop
   endfacet
   facet normal -7.299142e-001 6.728617e-001 1.203426e-001
      outer loop
         vertex 7.661434e+000 8.979803e+001 4.432137e+000
         vertex 8.210752e+000 9.066740e+001 2.502044e+000
         vertex 7.454681e+000 8.994480e+001 2.502044e+000
      endloop
   endfacet
   facet normal -8.681465e-001 4.651657e-001 1.730392e-001
      outer loop
         vertex 7.661434e+000 8.979803e+001 4.432137e+000
         vertex 7.454681e+000 8.994480e+001 2.502044e+000
         vertex 7.268418e+000 8.893344e+001 4.432137e+000
      endloop
   endfacet
   facet normal -9.279130e-001 3.528388e-001 1.203426e-001
      outer loop
         vertex 7.268418e+000 8.893344e+001 4.432137e+000
         vertex 7.454681e+000 8.994480e+001 2.502044e+000
         vertex 7.021891e+000 8.899271e+001 2.502044e+000
      endloop
   endfacet
   facet normal -9.737155e-001 1.939805e-001 1.193718e-001
      outer loop
         vertex 7.268418e+000 8.893344e+001 4.432137e+000
         vertex 7.021891e+000 8.899271e+001 2.502044e+000
         vertex 6.968313e+000 8.867446e+001 2.552765e+000
      endloop
   endfacet
   facet normal -9.851094e-001 1.582557e-001 6.719016e-002
      outer loop
         vertex 6.968313e+000 8.867446e+001 2.552765e+000
         vertex 7.021891e+000 8.899271e+001 2.502044e+000
         vertex 6.967070e+000 8.868638e+001 2.501983e+000
      endloop
   endfacet
   facet normal 9.206837e-001 7.012315e-002 3.839585e-001
      outer loop
         vertex 1.181878e+001 8.834776e+001 5.564411e+000
         vertex 1.220976e+001 8.834776e+001 4.432137e+000
         vertex 1.176019e+001 8.884203e+001 5.564411e+000
      endloop
   endfacet
   facet normal 9.411361e-001 1.471218e-001 3.043322e-001
      outer loop
         vertex 1.176019e+001 8.884203e+001 5.564411e+000
         vertex 1.220976e+001 8.834776e+001 4.432137e+000
         vertex 1.214034e+001 8.893344e+001 4.432137e+000
      endloop
   endfacet
   facet normal 8.634208e-001 3.233929e-001 3.871970e-001
      outer loop
         vertex 1.176019e+001 8.884203e+001 5.564411e+000
         vertex 1.214034e+001 8.893344e+001 4.432137e+000
         vertex 1.142851e+001 8.957171e+001 5.564411e+000
      endloop
   endfacet
   facet normal 8.410164e-001 4.453623e-001 3.071544e-001
      outer loop
         vertex 1.142851e+001 8.957171e+001 5.564411e+000
         vertex 1.214034e+001 8.893344e+001 4.432137e+000
         vertex 1.174732e+001 8.979803e+001 4.432137e+000
      endloop
   endfacet
   facet normal 6.810158e-001 6.215271e-001 3.871970e-001
      outer loop
         vertex 1.142851e+001 8.957171e+001 5.564411e+000
         vertex 1.174732e+001 8.979803e+001 4.432137e+000
         vertex 1.084907e+001 9.012550e+001 5.564411e+000
      endloop
   endfacet
   facet normal 6.148235e-001 7.263940e-001 3.071544e-001
      outer loop
         vertex 1.084907e+001 9.012550e+001 5.564411e+000
         vertex 1.174732e+001 8.979803e+001 4.432137e+000
         vertex 1.106074e+001 9.045423e+001 4.432137e+000
      endloop
   endfacet
   facet normal 4.007494e-001 8.303484e-001 3.871970e-001
      outer loop
         vertex 1.084907e+001 9.012550e+001 5.564411e+000
         vertex 1.106074e+001 9.045423e+001 4.432137e+000
         vertex 1.010514e+001 9.042383e+001 5.564411e+000
      endloop
   endfacet
   facet normal 3.002809e-001 9.030434e-001 3.071544e-001
      outer loop
         vertex 1.010514e+001 9.042383e+001 5.564411e+000
         vertex 1.106074e+001 9.045423e+001 4.432137e+000
         vertex 1.017924e+001 9.080772e+001 4.432137e+000
      endloop
   endfacet
   facet normal 6.289557e-002 9.198493e-001 3.871970e-001
      outer loop
         vertex 1.010514e+001 9.042383e+001 5.564411e+000
         vertex 1.017924e+001 9.080772e+001 4.432137e+000
         vertex 9.303618e+000 9.042383e+001 5.564411e+000
      endloop
   endfacet
   facet normal -5.741173e-002 9.499263e-001 3.071544e-001
      outer loop
         vertex 9.303618e+000 9.042383e+001 5.564411e+000
         vertex 1.017924e+001 9.080772e+001 4.432137e+000
         vertex 9.229513e+000 9.080772e+001 4.432137e+000
      endloop
   endfacet
   facet normal -2.839963e-001 8.771685e-001 3.871970e-001
      outer loop
         vertex 9.303618e+000 9.042383e+001 5.564411e+000
         vertex 9.229513e+000 9.080772e+001 4.432137e+000
         vertex 8.559688e+000 9.012550e+001 5.564411e+000
      endloop
   endfacet
   facet normal -4.068544e-001 8.603055e-001 3.071544e-001
      outer loop
         vertex 8.559688e+000 9.012550e+001 5.564411e+000
         vertex 9.229513e+000 9.080772e+001 4.432137e+000
         vertex 8.348019e+000 9.045423e+001 4.432137e+000
      endloop
   endfacet
   facet normal -5.900781e-001 7.084394e-001 3.871970e-001
      outer loop
         vertex 8.559688e+000 9.012550e+001 5.564411e+000
         vertex 8.348019e+000 9.045423e+001 4.432137e+000
         vertex 7.980248e+000 8.957171e+001 5.564411e+000
      endloop
   endfacet
   facet normal -6.978325e-001 6.470596e-001 3.071544e-001
      outer loop
         vertex 7.980248e+000 8.957171e+001 5.564411e+000
         vertex 8.348019e+000 9.045423e+001 4.432137e+000
         vertex 7.661434e+000 8.979803e+001 4.432137e+000
      endloop
   endfacet
   facet normal -8.113661e-001 4.379080e-001 3.871970e-001
      outer loop
         vertex 7.980248e+000 8.957171e+001 5.564411e+000
         vertex 7.661434e+000 8.979803e+001 4.432137e+000
         vertex 7.648564e+000 8.884203e+001 5.564411e+000
      endloop
   endfacet
   facet normal -8.885325e-001 3.408316e-001 3.071544e-001
      outer loop
         vertex 7.648564e+000 8.884203e+001 5.564411e+000
         vertex 7.661434e+000 8.979803e+001 4.432137e+000
         vertex 7.268418e+000 8.893344e+001 4.432137e+000
      endloop
   endfacet
   facet normal -9.115662e-001 1.470472e-001 3.839585e-001
      outer loop
         vertex 7.648564e+000 8.884203e+001 5.564411e+000
         vertex 7.268418e+000 8.893344e+001 4.432137e+000
         vertex 7.589979e+000 8.834776e+001 5.564411e+000
      endloop
   endfacet
   facet normal -9.494517e-001 7.696311e-002 3.043322e-001
      outer loop
         vertex 7.589979e+000 8.834776e+001 5.564411e+000
         vertex 7.268418e+000 8.893344e+001 4.432137e+000
         vertex 7.198999e+000 8.834776e+001 4.432137e+000
      endloop
   endfacet
   facet normal 7.595527e-001 5.433261e-002 6.481726e-001
      outer loop
         vertex 1.132426e+001 8.834776e+001 6.239499e+000
         vertex 1.181878e+001 8.834776e+001 5.564411e+000
         vertex 1.127938e+001 8.872643e+001 6.239499e+000
      endloop
   endfacet
   facet normal 8.207754e-001 1.248597e-001 5.574385e-001
      outer loop
         vertex 1.127938e+001 8.872643e+001 6.239499e+000
         vertex 1.181878e+001 8.834776e+001 5.564411e+000
         vertex 1.176019e+001 8.884203e+001 5.564411e+000
      endloop
   endfacet
   facet normal 7.122186e-001 2.607037e-001 6.517501e-001
      outer loop
         vertex 1.127938e+001 8.872643e+001 6.239499e+000
         vertex 1.176019e+001 8.884203e+001 5.564411e+000
         vertex 1.102527e+001 8.928545e+001 6.239499e+000
      endloop
   endfacet
   facet normal 7.338711e-001 3.823802e-001 5.614432e-001
      outer loop
         vertex 1.102527e+001 8.928545e+001 6.239499e+000
         vertex 1.176019e+001 8.884203e+001 5.564411e+000
         vertex 1.142851e+001 8.957171e+001 5.564411e+000
      endloop
   endfacet
   facet normal 5.640107e-001 5.070639e-001 6.517501e-001
      outer loop
         vertex 1.102527e+001 8.928545e+001 6.239499e+000
         vertex 1.142851e+001 8.957171e+001 5.564411e+000
         vertex 1.058135e+001 8.970972e+001 6.239499e+000
      endloop
   endfacet
   facet normal 5.388188e-001 6.280571e-001 5.614433e-001
      outer loop
         vertex 1.058135e+001 8.970972e+001 6.239499e+000
         vertex 1.142851e+001 8.957171e+001 5.564411e+000
         vertex 1.084907e+001 9.012550e+001 5.564411e+000
      endloop
   endfacet
   facet normal 3.347549e-001 6.805593e-001 6.517501e-001
      outer loop
         vertex 1.058135e+001 8.970972e+001 6.239499e+000
         vertex 1.084907e+001 9.012550e+001 5.564411e+000
         vertex 1.001141e+001 8.993828e+001 6.239499e+000
      endloop
   endfacet
   facet normal 2.663386e-001 7.834827e-001 5.614432e-001
      outer loop
         vertex 1.001141e+001 8.993828e+001 6.239499e+000
         vertex 1.084907e+001 9.012550e+001 5.564411e+000
         vertex 1.010514e+001 9.042383e+001 5.564411e+000
      endloop
   endfacet
   facet normal 5.739503e-002 7.562590e-001 6.517501e-001
      outer loop
         vertex 1.001141e+001 8.993828e+001 6.239499e+000
         vertex 1.010514e+001 9.042383e+001 5.564411e+000
         vertex 9.397348e+000 8.993828e+001 6.239499e+000
      endloop
   endfacet
   facet normal -4.441415e-002 8.263225e-001 5.614433e-001
      outer loop
         vertex 9.397348e+000 8.993828e+001 6.239499e+000
         vertex 1.010514e+001 9.042383e+001 5.564411e+000
         vertex 9.303618e+000 9.042383e+001 5.564411e+000
      endloop
   endfacet
   facet normal -2.282124e-001 7.232848e-001 6.517501e-001
      outer loop
         vertex 9.397348e+000 8.993828e+001 6.239499e+000
         vertex 9.303618e+000 9.042383e+001 5.564411e+000
         vertex 8.827410e+000 8.970972e+001 6.239499e+000
      endloop
   endfacet
   facet normal -3.487847e-001 7.504203e-001 5.614432e-001
      outer loop
         vertex 8.827410e+000 8.970972e+001 6.239499e+000
         vertex 9.303618e+000 9.042383e+001 5.564411e+000
         vertex 8.559688e+000 9.012550e+001 5.564411e+000
      endloop
   endfacet
   facet normal -4.810260e-001 5.863752e-001 6.517501e-001
      outer loop
         vertex 8.827410e+000 8.970972e+001 6.239499e+000
         vertex 8.559688e+000 9.012550e+001 5.564411e+000
         vertex 8.383491e+000 8.928545e+001 6.239499e+000
      endloop
   endfacet
   facet normal -6.030351e-001 5.666835e-001 5.614432e-001
      outer loop
         vertex 8.383491e+000 8.928545e+001 6.239499e+000
         vertex 8.559688e+000 9.012550e+001 5.564411e+000
         vertex 7.980248e+000 8.957171e+001 5.564411e+000
      endloop
   endfacet
   facet normal -6.647164e-001 3.652039e-001 6.517501e-001
      outer loop
         vertex 8.383491e+000 8.928545e+001 6.239499e+000
         vertex 7.980248e+000 8.957171e+001 5.564411e+000
         vertex 8.129380e+000 8.872643e+001 6.239499e+000
      endloop
   endfacet
   facet normal -7.706299e-001 3.015145e-001 5.614433e-001
      outer loop
         vertex 8.129380e+000 8.872643e+001 6.239499e+000
         vertex 7.980248e+000 8.957171e+001 5.564411e+000
         vertex 7.648564e+000 8.884203e+001 5.564411e+000
      endloop
   endfacet
   facet normal -7.512084e-001 1.247328e-001 6.481726e-001
      outer loop
         vertex 8.129380e+000 8.872643e+001 6.239499e+000
         vertex 7.648564e+000 8.884203e+001 5.564411e+000
         vertex 8.084497e+000 8.834776e+001 6.239499e+000
      endloop
   endfacet
   facet normal -8.272219e-001 7.047181e-002 5.574385e-001
      outer loop
         vertex 8.084497e+000 8.834776e+001 6.239499e+000
         vertex 7.648564e+000 8.884203e+001 5.564411e+000
         vertex 7.589979e+000 8.834776e+001 5.564411e+000
      endloop
   endfacet
   facet normal 4.647413e-001 2.745201e-002 8.850209e-001
      outer loop
         vertex 1.064815e+001 8.834776e+001 6.656858e+000
         vertex 1.132426e+001 8.834776e+001 6.239499e+000
         vertex 1.062200e+001 8.856838e+001 6.656858e+000
      endloop
   endfacet
   facet normal 5.746263e-001 8.204301e-002 8.142933e-001
      outer loop
         vertex 1.062200e+001 8.856838e+001 6.656858e+000
         vertex 1.132426e+001 8.834776e+001 6.239499e+000
         vertex 1.127938e+001 8.872643e+001 6.239499e+000
      endloop
   endfacet
   facet normal 4.374020e-001 1.502014e-001 8.866335e-001
      outer loop
         vertex 1.062200e+001 8.856838e+001 6.656858e+000
         vertex 1.127938e+001 8.872643e+001 6.239499e+000
         vertex 1.047395e+001 8.889407e+001 6.656858e+000
      endloop
   endfacet
   facet normal 5.149705e-001 2.586541e-001 8.172535e-001
      outer loop
         vertex 1.047395e+001 8.889407e+001 6.656858e+000
         vertex 1.127938e+001 8.872643e+001 6.239499e+000
         vertex 1.102527e+001 8.928545e+001 6.239499e+000
      endloop
   endfacet
   facet normal 3.500691e-001 3.022128e-001 8.866335e-001
      outer loop
         vertex 1.047395e+001 8.889407e+001 6.656858e+000
         vertex 1.102527e+001 8.928545e+001 6.239499e+000
         vertex 1.021531e+001 8.914126e+001 6.656858e+000
      endloop
   endfacet
   facet normal 3.816977e-001 4.317447e-001 8.172535e-001
      outer loop
         vertex 1.021531e+001 8.914126e+001 6.656858e+000
         vertex 1.102527e+001 8.928545e+001 6.239499e+000
         vertex 1.058135e+001 8.970972e+001 6.239499e+000
      endloop
   endfacet
   facet normal 2.124316e-001 4.107966e-001 8.866335e-001
      outer loop
         vertex 1.021531e+001 8.914126e+001 6.656858e+000
         vertex 1.058135e+001 8.970972e+001 6.239499e+000
         vertex 9.883259e+000 8.927441e+001 6.656858e+000
      endloop
   endfacet
   facet normal 1.935751e-001 5.427939e-001 8.172535e-001
      outer loop
         vertex 9.883259e+000 8.927441e+001 6.656858e+000
         vertex 1.058135e+001 8.970972e+001 6.239499e+000
         vertex 1.001141e+001 8.993828e+001 6.239499e+000
      endloop
   endfacet
   facet normal 4.426773e-002 4.603492e-001 8.866335e-001
      outer loop
         vertex 9.883259e+000 8.927441e+001 6.656858e+000
         vertex 1.001141e+001 8.993828e+001 6.239499e+000
         vertex 9.525497e+000 8.927441e+001 6.656858e+000
      endloop
   endfacet
   facet normal -2.236397e-002 5.758441e-001 8.172535e-001
      outer loop
         vertex 9.525497e+000 8.927441e+001 6.656858e+000
         vertex 1.001141e+001 8.993828e+001 6.239499e+000
         vertex 9.397348e+000 8.993828e+001 6.239499e+000
      endloop
   endfacet
   facet normal -1.302573e-001 4.437499e-001 8.866335e-001
      outer loop
         vertex 9.525497e+000 8.927441e+001 6.656858e+000
         vertex 9.397348e+000 8.993828e+001 6.239499e+000
         vertex 9.193440e+000 8.914126e+001 6.656858e+000
      endloop
   endfacet
   facet normal -2.350894e-001 5.261459e-001 8.172535e-001
      outer loop
         vertex 9.193440e+000 8.914126e+001 6.656858e+000
         vertex 9.397348e+000 8.993828e+001 6.239499e+000
         vertex 8.827410e+000 8.970972e+001 6.239499e+000
      endloop
   endfacet
   facet normal -2.860645e-001 3.633842e-001 8.866335e-001
      outer loop
         vertex 9.193440e+000 8.914126e+001 6.656858e+000
         vertex 8.827410e+000 8.970972e+001 6.239499e+000
         vertex 8.934806e+000 8.889407e+001 6.656858e+000
      endloop
   endfacet
   facet normal -4.140326e-001 4.008411e-001 8.172535e-001
      outer loop
         vertex 8.934806e+000 8.889407e+001 6.656858e+000
         vertex 8.827410e+000 8.970972e+001 6.239499e+000
         vertex 8.383491e+000 8.928545e+001 6.239499e+000
      endloop
   endfacet
   facet normal -4.007644e-001 2.308005e-001 8.866335e-001
      outer loop
         vertex 8.934806e+000 8.889407e+001 6.656858e+000
         vertex 8.383491e+000 8.928545e+001 6.239499e+000
         vertex 8.786757e+000 8.856838e+001 6.656858e+000
      endloop
   endfacet
   facet normal -5.334798e-001 2.179356e-001 8.172535e-001
      outer loop
         vertex 8.786757e+000 8.856838e+001 6.656858e+000
         vertex 8.383491e+000 8.928545e+001 6.239499e+000
         vertex 8.129380e+000 8.872643e+001 6.239499e+000
      endloop
   endfacet
   facet normal -4.582817e-001 8.195075e-002 8.850209e-001
      outer loop
         vertex 8.786757e+000 8.856838e+001 6.656858e+000
         vertex 8.129380e+000 8.872643e+001 6.239499e+000
         vertex 8.760608e+000 8.834776e+001 6.656858e+000
      endloop
   endfacet
   facet normal -5.778838e-001 5.456010e-002 8.142933e-001
      outer loop
         vertex 8.760608e+000 8.834776e+001 6.656858e+000
         vertex 8.129380e+000 8.872643e+001 6.239499e+000
         vertex 8.084497e+000 8.834776e+001 6.239499e+000
      endloop
   endfacet
   facet normal -1.586294e-001 -1.659766e-001 9.732875e-001
      outer loop
         vertex 9.704378e+000 8.834776e+001 6.808867e+000
         vertex 8.934806e+000 8.780145e+001 6.656858e+000
         vertex 9.193440e+000 8.755425e+001 6.656858e+000
      endloop
   endfacet
   facet normal -2.090093e-001 -9.500850e-002 9.732875e-001
      outer loop
         vertex 8.786757e+000 8.812713e+001 6.656858e+000
         vertex 8.934806e+000 8.780145e+001 6.656858e+000
         vertex 9.704378e+000 8.834776e+001 6.808867e+000
      endloop
   endfacet
   facet normal 8.545459e-002 -2.130940e-001 9.732875e-001
      outer loop
         vertex 9.704378e+000 8.834776e+001 6.808867e+000
         vertex 9.883259e+000 8.742109e+001 6.656858e+000
         vertex 1.021531e+001 8.755425e+001 6.656858e+000
      endloop
   endfacet
   facet normal 0.000000e+000 -2.295899e-001 9.732875e-001
      outer loop
         vertex 9.525497e+000 8.742109e+001 6.656858e+000
         vertex 9.883259e+000 8.742109e+001 6.656858e+000
         vertex 9.704378e+000 8.834776e+001 6.808867e+000
      endloop
   endfacet
   facet normal -8.545459e-002 -2.130940e-001 9.732875e-001
      outer loop
         vertex 9.193440e+000 8.755425e+001 6.656858e+000
         vertex 9.525497e+000 8.742109e+001 6.656858e+000
         vertex 9.704378e+000 8.834776e+001 6.808867e+000
      endloop
   endfacet
   facet normal 2.304500e-001 -2.731445e-002 9.727007e-001
      outer loop
         vertex 9.704378e+000 8.834776e+001 6.808867e+000
         vertex 1.062200e+001 8.812713e+001 6.656858e+000
         vertex 1.064815e+001 8.834776e+001 6.656858e+000
      endloop
   endfacet
   facet normal 2.090093e-001 -9.500850e-002 9.732875e-001
      outer loop
         vertex 1.047395e+001 8.780145e+001 6.656858e+000
         vertex 1.062200e+001 8.812713e+001 6.656858e+000
         vertex 9.704378e+000 8.834776e+001 6.808867e+000
      endloop
   endfacet
   facet normal 1.586294e-001 -1.659766e-001 9.732875e-001
      outer loop
         vertex 1.021531e+001 8.755425e+001 6.656858e+000
         vertex 1.047395e+001 8.780145e+001 6.656858e+000
         vertex 9.704378e+000 8.834776e+001 6.808867e+000
      endloop
   endfacet
   facet normal -2.304500e-001 -2.731445e-002 9.727007e-001
      outer loop
         vertex 8.760608e+000 8.834776e+001 6.656858e+000
         vertex 8.786757e+000 8.812713e+001 6.656858e+000
         vertex 9.704378e+000 8.834776e+001 6.808867e+000
      endloop
   endfacet
   facet normal -1.836832e-001 -9.828829e-001 1.419851e-002
      outer loop
         vertex 9.223832e+000 8.559564e+001 1.086150e+000
         vertex 9.172584e+000 8.560171e+001 1.095846e+000
         vertex 9.167992e+000 8.556909e+001 -3.089243e-001
      endloop
   endfacet
   facet normal 9.824365e-001 -1.755818e-001 6.316195e-002
      outer loop
         vertex 1.245384e+001 8.799075e+001 2.273511e+000
         vertex 1.242464e+001 8.789297e+001 2.501846e+000
         vertex 1.238687e+001 8.770280e+001 2.502044e+000
      endloop
   endfacet
   facet normal 9.799513e-001 -1.878292e-001 6.645026e-002
      outer loop
         vertex 1.238687e+001 8.770280e+001 2.502044e+000
         vertex 1.242464e+001 8.789297e+001 2.501846e+000
         vertex 1.242384e+001 8.789030e+001 2.508088e+000
      endloop
   endfacet
   facet normal 9.792328e-001 -1.912037e-001 6.741102e-002
      outer loop
         vertex 1.238687e+001 8.770280e+001 2.502044e+000
         vertex 1.242384e+001 8.789030e+001 2.508088e+000
         vertex 1.241650e+001 8.786572e+001 2.565488e+000
      endloop
   endfacet
   facet normal 9.740049e-001 -1.862926e-001 1.288783e-001
      outer loop
         vertex 1.240228e+001 8.787073e+001 2.765994e+000
         vertex 1.240031e+001 8.792096e+001 2.876153e+000
         vertex 1.214034e+001 8.776207e+001 4.432137e+000
      endloop
   endfacet
   facet normal 9.759474e-001 -1.721784e-001 1.337205e-001
      outer loop
         vertex 1.240031e+001 8.792096e+001 2.876153e+000
         vertex 1.239761e+001 8.798959e+001 3.026646e+000
         vertex 1.214034e+001 8.776207e+001 4.432137e+000
      endloop
   endfacet
   facet normal 9.770616e-001 -1.631118e-001 1.369129e-001
      outer loop
         vertex 1.214034e+001 8.776207e+001 4.432137e+000
         vertex 1.239761e+001 8.798959e+001 3.026646e+000
         vertex 1.239733e+001 8.799686e+001 3.042596e+000
      endloop
   endfacet
   facet normal 9.778503e-001 -1.574347e-001 1.379247e-001
      outer loop
         vertex 1.214034e+001 8.776207e+001 4.432137e+000
         vertex 1.239733e+001 8.799686e+001 3.042596e+000
         vertex 1.239698e+001 8.803680e+001 3.075635e+000
      endloop
   endfacet
   facet normal 9.889761e-001 -7.435033e-003 1.478887e-001
      outer loop
         vertex 1.239242e+001 8.834776e+001 3.310257e+000
         vertex 1.220976e+001 8.834776e+001 4.432137e+000
         vertex 1.239480e+001 8.828745e+001 3.282969e+000
      endloop
   endfacet
   facet normal 9.790251e-001 -8.398461e-002 1.856245e-001
      outer loop
         vertex 1.239480e+001 8.828745e+001 3.282969e+000
         vertex 1.220976e+001 8.834776e+001 4.432137e+000
         vertex 1.214034e+001 8.776207e+001 4.432137e+000
      endloop
   endfacet
   facet normal 9.836306e-001 -1.060282e-001 1.457013e-001
      outer loop
         vertex 1.239480e+001 8.828745e+001 3.282969e+000
         vertex 1.214034e+001 8.776207e+001 4.432137e+000
         vertex 1.239583e+001 8.816859e+001 3.184648e+000
      endloop
   endfacet
   facet normal 9.805322e-001 -1.366395e-001 1.410186e-001
      outer loop
         vertex 1.239583e+001 8.816859e+001 3.184648e+000
         vertex 1.214034e+001 8.776207e+001 4.432137e+000
         vertex 1.239698e+001 8.803680e+001 3.075635e+000
      endloop
   endfacet
   facet normal 9.870164e-001 -1.563676e-001 3.671138e-002
      outer loop
         vertex 1.246136e+001 8.804171e+001 2.214847e+000
         vertex 1.245732e+001 8.800242e+001 2.246255e+000
         vertex 1.245593e+001 8.768620e+001 -3.089243e-001
      endloop
   endfacet
   facet normal 9.968034e-001 -7.842532e-002 1.524761e-002
      outer loop
         vertex 1.253434e+001 8.834776e+001 -3.089243e-001
         vertex 1.249282e+001 8.834776e+001 1.970147e+000
         vertex 1.245593e+001 8.768620e+001 -3.089243e-001
      endloop
   endfacet
   facet normal 9.944438e-001 -1.002277e-001 3.218579e-002
      outer loop
         vertex 1.245593e+001 8.768620e+001 -3.089243e-001
         vertex 1.249282e+001 8.834776e+001 1.970147e+000
         vertex 1.247415e+001 8.816612e+001 2.115371e+000
      endloop
   endfacet
   facet normal 9.899734e-001 -1.368268e-001 3.508793e-002
      outer loop
         vertex 1.245593e+001 8.768620e+001 -3.089243e-001
         vertex 1.247415e+001 8.816612e+001 2.115371e+000
         vertex 1.246136e+001 8.804171e+001 2.214847e+000
      endloop
   endfacet
   facet normal -9.968967e-001 -7.337220e-002 2.851970e-002
      outer loop
         vertex 6.914547e+000 8.834776e+001 1.939053e+000
         vertex 6.874414e+000 8.834776e+001 -3.089243e-001
         vertex 6.977566e+000 8.773554e+001 1.825245e+000
      endloop
   endfacet
   facet normal -9.883181e-001 -1.517929e-001 1.364249e-002
      outer loop
         vertex 6.977566e+000 8.773554e+001 1.825245e+000
         vertex 6.874414e+000 8.834776e+001 -3.089243e-001
         vertex 6.952826e+000 8.768620e+001 -3.089243e-001
      endloop
   endfacet
   facet normal -9.731003e-001 -2.287907e-001 2.702899e-002
      outer loop
         vertex 6.977566e+000 8.773554e+001 1.825245e+000
         vertex 6.952826e+000 8.768620e+001 -3.089243e-001
         vertex 6.991996e+000 8.769622e+001 1.816199e+000
      endloop
   endfacet
   facet normal -9.575420e-001 -2.871194e-001 2.599605e-002
      outer loop
         vertex 6.991996e+000 8.769622e+001 1.816199e+000
         vertex 6.952826e+000 8.768620e+001 -3.089243e-001
         vertex 7.151484e+000 8.726161e+001 1.716220e+000
      endloop
   endfacet
   facet normal -9.287331e-001 -3.699412e-001 2.446155e-002
      outer loop
         vertex 7.151484e+000 8.726161e+001 1.716220e+000
         vertex 6.952826e+000 8.768620e+001 -3.089243e-001
         vertex 7.244695e+000 8.700761e+001 1.657787e+000
      endloop
   endfacet
   facet normal -8.999459e-001 -4.358360e-001 1.201853e-002
      outer loop
         vertex 7.244695e+000 8.700761e+001 1.657787e+000
         vertex 6.952826e+000 8.768620e+001 -3.089243e-001
         vertex 7.396760e+000 8.670959e+001 -3.089243e-001
      endloop
   endfacet
   facet normal -8.374004e-001 -5.461046e-001 2.302577e-002
      outer loop
         vertex 7.244695e+000 8.700761e+001 1.657787e+000
         vertex 7.396760e+000 8.670959e+001 -3.089243e-001
         vertex 7.439651e+000 8.674040e+001 1.579919e+000
      endloop
   endfacet
   facet normal -5.409341e-001 -8.408759e-001 1.783662e-002
      outer loop
         vertex 8.191410e+000 8.599145e+001 1.327015e+000
         vertex 8.189405e+000 8.599304e+001 1.327622e+000
         vertex 8.172296e+000 8.596838e+001 -3.089243e-001
      endloop
   endfacet
   facet normal -5.955362e-001 -8.031028e-001 1.903923e-002
      outer loop
         vertex 8.172296e+000 8.596838e+001 -3.089243e-001
         vertex 8.189405e+000 8.599304e+001 1.327622e+000
         vertex 7.754527e+000 8.633842e+001 1.459133e+000
      endloop
   endfacet
   facet normal -6.927425e-001 -7.211135e-001 1.015777e-002
      outer loop
         vertex 8.172296e+000 8.596838e+001 -3.089243e-001
         vertex 7.754527e+000 8.633842e+001 1.459133e+000
         vertex 7.396760e+000 8.670959e+001 -3.089243e-001
      endloop
   endfacet
   facet normal -7.438942e-001 -6.679899e-001 2.027157e-002
      outer loop
         vertex 7.396760e+000 8.670959e+001 -3.089243e-001
         vertex 7.754527e+000 8.633842e+001 1.459133e+000
         vertex 7.703200e+000 8.637920e+001 1.474655e+000
      endloop
   endfacet
   facet normal -7.832942e-001 -6.212842e-001 2.135365e-002
      outer loop
         vertex 7.396760e+000 8.670959e+001 -3.089243e-001
         vertex 7.703200e+000 8.637920e+001 1.474655e+000
         vertex 7.439651e+000 8.674040e+001 1.579919e+000
      endloop
   endfacet
   facet normal -2.106662e-001 -9.774502e-001 1.452096e-002
      outer loop
         vertex 9.172584e+000 8.560171e+001 1.095846e+000
         vertex 8.992736e+000 8.562299e+001 1.129872e+000
         vertex 9.167992e+000 8.556909e+001 -3.089243e-001
      endloop
   endfacet
   facet normal -2.691900e-001 -9.629648e-001 1.534684e-002
      outer loop
         vertex 9.167992e+000 8.556909e+001 -3.089243e-001
         vertex 8.992736e+000 8.562299e+001 1.129872e+000
         vertex 8.691930e+000 8.575043e+001 1.202044e+000
      endloop
   endfacet
   facet normal -3.691553e-001 -9.293330e-001 8.023434e-003
      outer loop
         vertex 9.167992e+000 8.556909e+001 -3.089243e-001
         vertex 8.691930e+000 8.575043e+001 1.202044e+000
         vertex 8.172296e+000 8.596838e+001 -3.089243e-001
      endloop
   endfacet
   facet normal -4.733427e-001 -8.807198e-001 1.671029e-002
      outer loop
         vertex 8.172296e+000 8.596838e+001 -3.089243e-001
         vertex 8.691930e+000 8.575043e+001 1.202044e+000
         vertex 8.269547e+000 8.592940e+001 1.303386e+000
      endloop
   endfacet
   facet normal -5.306410e-001 -8.474131e-001 1.763848e-002
      outer loop
         vertex 8.172296e+000 8.596838e+001 -3.089243e-001
         vertex 8.269547e+000 8.592940e+001 1.303386e+000
         vertex 8.191410e+000 8.599145e+001 1.327015e+000
      endloop
   endfacet
   facet normal 1.797176e-001 -9.836305e-001 1.313872e-002
      outer loop
         vertex 1.023814e+001 8.558408e+001 1.021314e+000
         vertex 1.015421e+001 8.557374e+001 1.012994e+000
         vertex 1.024077e+001 8.556909e+001 -3.089243e-001
      endloop
   endfacet
   facet normal 1.559289e-001 -9.876826e-001 1.300427e-002
      outer loop
         vertex 1.024077e+001 8.556909e+001 -3.089243e-001
         vertex 1.015421e+001 8.557374e+001 1.012994e+000
         vertex 1.003577e+001 8.555916e+001 1.001254e+000
      endloop
   endfacet
   facet normal 1.231287e-001 -9.923078e-001 1.282620e-002
      outer loop
         vertex 1.003577e+001 8.555916e+001 1.001254e+000
         vertex 9.876957e+000 8.553961e+001 9.855114e-001
         vertex 1.024077e+001 8.556909e+001 -3.089243e-001
      endloop
   endfacet
   facet normal 9.510241e-002 -9.953868e-001 1.267552e-002
      outer loop
         vertex 1.024077e+001 8.556909e+001 -3.089243e-001
         vertex 9.876957e+000 8.553961e+001 9.855114e-001
         vertex 9.799577e+000 8.553009e+001 9.778410e-001
      endloop
   endfacet
   facet normal 1.139320e-002 -9.999148e-001 6.374150e-003
      outer loop
         vertex 1.024077e+001 8.556909e+001 -3.089243e-001
         vertex 9.799577e+000 8.553009e+001 9.778410e-001
         vertex 9.167992e+000 8.556909e+001 -3.089243e-001
      endloop
   endfacet
   facet normal -4.299117e-002 -9.989950e-001 1.268018e-002
      outer loop
         vertex 9.167992e+000 8.556909e+001 -3.089243e-001
         vertex 9.799577e+000 8.553009e+001 9.778410e-001
         vertex 9.781950e+000 8.552960e+001 9.805593e-001
      endloop
   endfacet
   facet normal -1.118841e-001 -9.936303e-001 1.344187e-002
      outer loop
         vertex 9.167992e+000 8.556909e+001 -3.089243e-001
         vertex 9.781950e+000 8.552960e+001 9.805593e-001
         vertex 9.223832e+000 8.559564e+001 1.086150e+000
      endloop
   endfacet
   facet normal 3.111405e-001 -9.480344e-001 6.650059e-002
      outer loop
         vertex 1.119800e+001 8.602811e+001 2.502044e+000
         vertex 1.022730e+001 8.563884e+001 2.502044e+000
         vertex 1.022699e+001 8.563959e+001 2.442052e+000
      endloop
   endfacet
   facet normal 3.262420e-001 -9.430586e-001 6.485934e-002
      outer loop
         vertex 1.022699e+001 8.563959e+001 2.442052e+000
         vertex 1.035384e+001 8.567171e+001 2.398160e+000
         vertex 1.119800e+001 8.602811e+001 2.502044e+000
      endloop
   endfacet
   facet normal 3.581600e-001 -9.315124e-001 6.329327e-002
      outer loop
         vertex 1.119800e+001 8.602811e+001 2.502044e+000
         vertex 1.035384e+001 8.567171e+001 2.398160e+000
         vertex 1.049811e+001 8.570824e+001 2.348243e+000
      endloop
   endfacet
   facet normal 3.790498e-001 -9.232790e-001 6.226598e-002
      outer loop
         vertex 1.119800e+001 8.602811e+001 2.502044e+000
         vertex 1.049811e+001 8.570824e+001 2.348243e+000
         vertex 1.053355e+001 8.571721e+001 2.335982e+000
      endloop
   endfacet
   facet normal 4.015429e-001 -9.137920e-001 6.121669e-002
      outer loop
         vertex 1.053355e+001 8.571721e+001 2.335982e+000
         vertex 1.069444e+001 8.575795e+001 2.280310e+000
         vertex 1.119800e+001 8.602811e+001 2.502044e+000
      endloop
   endfacet
   facet normal 4.213879e-001 -9.048810e-001 6.018824e-002
      outer loop
         vertex 1.119800e+001 8.602811e+001 2.502044e+000
         vertex 1.069444e+001 8.575795e+001 2.280310e+000
         vertex 1.070848e+001 8.576376e+001 2.269257e+000
      endloop
   endfacet
   facet normal 4.335842e-001 -8.991743e-001 5.907837e-002
      outer loop
         vertex 1.119800e+001 8.602811e+001 2.502044e+000
         vertex 1.070848e+001 8.576376e+001 2.269257e+000
         vertex 1.079783e+001 8.580076e+001 2.198901e+000
      endloop
   endfacet
   facet normal 4.503093e-001 -8.910154e-001 5.756059e-002
      outer loop
         vertex 1.079783e+001 8.580076e+001 2.198901e+000
         vertex 1.085153e+001 8.582299e+001 2.156612e+000
         vertex 1.119800e+001 8.602811e+001 2.502044e+000
      endloop
   endfacet
   facet normal 4.633550e-001 -8.843756e-001 5.640906e-002
      outer loop
         vertex 1.119800e+001 8.602811e+001 2.502044e+000
         vertex 1.085153e+001 8.582299e+001 2.156612e+000
         vertex 1.091048e+001 8.584740e+001 2.110197e+000
      endloop
   endfacet
   facet normal 4.836238e-001 -8.735667e-001 5.467274e-002
      outer loop
         vertex 1.119800e+001 8.602811e+001 2.502044e+000
         vertex 1.091048e+001 8.584740e+001 2.110197e+000
         vertex 1.102897e+001 8.589646e+001 2.016890e+000
      endloop
   endfacet
   facet normal 5.034713e-001 -8.624231e-001 5.237344e-002
      outer loop
         vertex 1.102897e+001 8.589646e+001 2.016890e+000
         vertex 1.108547e+001 8.592329e+001 1.916483e+000
         vertex 1.119800e+001 8.602811e+001 2.502044e+000
      endloop
   endfacet
   facet normal 5.127988e-001 -8.570087e-001 5.072870e-002
      outer loop
         vertex 1.119800e+001 8.602811e+001 2.502044e+000
         vertex 1.108547e+001 8.592329e+001 1.916483e+000
         vertex 1.111076e+001 8.593530e+001 1.871539e+000
      endloop
   endfacet
   facet normal 5.166935e-001 -8.547058e-001 5.005890e-002
      outer loop
         vertex 1.119800e+001 8.602811e+001 2.502044e+000
         vertex 1.111076e+001 8.593530e+001 1.871539e+000
         vertex 1.111984e+001 8.593961e+001 1.855400e+000
      endloop
   endfacet
   facet normal 5.182897e-001 -8.537546e-001 4.978755e-002
      outer loop
         vertex 1.111984e+001 8.593961e+001 1.855400e+000
         vertex 1.112489e+001 8.594202e+001 1.846429e+000
         vertex 1.119800e+001 8.602811e+001 2.502044e+000
      endloop
   endfacet
   facet normal 5.190544e-001 -8.533250e-001 4.918310e-002
      outer loop
         vertex 1.119800e+001 8.602811e+001 2.502044e+000
         vertex 1.112489e+001 8.594202e+001 1.846429e+000
         vertex 1.112740e+001 8.594129e+001 1.798294e+000
      endloop
   endfacet
   facet normal 5.194250e-001 -8.531541e-001 4.822612e-002
      outer loop
         vertex 1.119800e+001 8.602811e+001 2.502044e+000
         vertex 1.112740e+001 8.594129e+001 1.798294e+000
         vertex 1.112966e+001 8.594064e+001 1.754732e+000
      endloop
   endfacet
   facet normal 4.544862e-001 -8.905673e-001 1.822654e-002
      outer loop
         vertex 1.090601e+001 8.581346e+001 1.402598e+000
         vertex 1.080180e+001 8.575845e+001 1.292505e+000
         vertex 1.123646e+001 8.596838e+001 -3.089243e-001
      endloop
   endfacet
   facet normal 5.193753e-001 -8.541897e-001 2.468329e-002
      outer loop
         vertex 1.113155e+001 8.594009e+001 1.718384e+000
         vertex 1.112393e+001 8.593461e+001 1.693424e+000
         vertex 1.123646e+001 8.596838e+001 -3.089243e-001
      endloop
   endfacet
   facet normal 5.177118e-001 -8.552113e-001 2.425033e-002
      outer loop
         vertex 1.123646e+001 8.596838e+001 -3.089243e-001
         vertex 1.112393e+001 8.593461e+001 1.693424e+000
         vertex 1.111819e+001 8.593047e+001 1.674592e+000
      endloop
   endfacet
   facet normal 5.149206e-001 -8.569146e-001 2.353911e-002
      outer loop
         vertex 1.111819e+001 8.593047e+001 1.674592e+000
         vertex 1.110153e+001 8.591846e+001 1.620004e+000
         vertex 1.123646e+001 8.596838e+001 -3.089243e-001
      endloop
   endfacet
   facet normal 5.126789e-001 -8.582726e-001 2.299065e-002
      outer loop
         vertex 1.123646e+001 8.596838e+001 -3.089243e-001
         vertex 1.110153e+001 8.591846e+001 1.620004e+000
         vertex 1.110018e+001 8.591761e+001 1.617677e+000
      endloop
   endfacet
   facet normal 5.107124e-001 -8.594512e-001 2.272653e-002
      outer loop
         vertex 1.123646e+001 8.596838e+001 -3.089243e-001
         vertex 1.110018e+001 8.591761e+001 1.617677e+000
         vertex 1.108525e+001 8.590808e+001 1.591967e+000
      endloop
   endfacet
   facet normal 5.070444e-001 -8.616307e-001 2.232667e-002
      outer loop
         vertex 1.108525e+001 8.590808e+001 1.591967e+000
         vertex 1.106915e+001 8.589957e+001 1.574952e+000
         vertex 1.123646e+001 8.596838e+001 -3.089243e-001
      endloop
   endfacet
   facet normal 4.924702e-001 -8.700726e-001 2.113844e-002
      outer loop
         vertex 1.123646e+001 8.596838e+001 -3.089243e-001
         vertex 1.106915e+001 8.589957e+001 1.574952e+000
         vertex 1.095997e+001 8.584196e+001 1.459612e+000
      endloop
   endfacet
   facet normal 4.732716e-001 -8.806981e-001 1.961517e-002
      outer loop
         vertex 1.123646e+001 8.596838e+001 -3.089243e-001
         vertex 1.095997e+001 8.584196e+001 1.459612e+000
         vertex 1.090601e+001 8.581346e+001 1.402598e+000
      endloop
   endfacet
   facet normal 4.389036e-001 -8.983693e-001 1.721124e-002
      outer loop
         vertex 1.080180e+001 8.575845e+001 1.292505e+000
         vertex 1.077413e+001 8.574944e+001 1.278242e+000
         vertex 1.123646e+001 8.596838e+001 -3.089243e-001
      endloop
   endfacet
   facet normal 4.304409e-001 -9.024603e-001 1.691184e-002
      outer loop
         vertex 1.123646e+001 8.596838e+001 -3.089243e-001
         vertex 1.077413e+001 8.574944e+001 1.278242e+000
         vertex 1.072641e+001 8.573387e+001 1.253640e+000
      endloop
   endfacet
   facet normal 4.039816e-001 -9.146268e-001 1.601920e-002
      outer loop
         vertex 1.123646e+001 8.596838e+001 -3.089243e-001
         vertex 1.072641e+001 8.573387e+001 1.253640e+000
         vertex 1.054132e+001 8.567350e+001 1.158225e+000
      endloop
   endfacet
   facet normal 3.783722e-001 -9.255293e-001 1.516930e-002
      outer loop
         vertex 1.054132e+001 8.567350e+001 1.158225e+000
         vertex 1.050479e+001 8.566159e+001 1.139395e+000
         vertex 1.123646e+001 8.596838e+001 -3.089243e-001
      endloop
   endfacet
   facet normal 3.626586e-001 -9.318065e-001 1.467664e-002
      outer loop
         vertex 1.123646e+001 8.596838e+001 -3.089243e-001
         vertex 1.050479e+001 8.566159e+001 1.139395e+000
         vertex 1.040641e+001 8.562950e+001 1.088678e+000
      endloop
   endfacet
   facet normal 3.316032e-001 -9.433916e-001 7.177312e-003
      outer loop
         vertex 1.123646e+001 8.596838e+001 -3.089243e-001
         vertex 1.040641e+001 8.562950e+001 1.088678e+000
         vertex 1.024077e+001 8.556909e+001 -3.089243e-001
      endloop
   endfacet
   facet normal 2.152192e-001 -9.764695e-001 1.371120e-002
      outer loop
         vertex 1.024077e+001 8.556909e+001 -3.089243e-001
         vertex 1.040641e+001 8.562950e+001 1.088678e+000
         vertex 1.028468e+001 8.558981e+001 1.025928e+000
      endloop
   endfacet
   facet normal 1.949820e-001 -9.807177e-001 1.322699e-002
      outer loop
         vertex 1.024077e+001 8.556909e+001 -3.089243e-001
         vertex 1.028468e+001 8.558981e+001 1.025928e+000
         vertex 1.023814e+001 8.558408e+001 1.021314e+000
      endloop
   endfacet
   facet normal 1.214907e-001 -9.903840e-001 6.617896e-002
      outer loop
         vertex 9.903070e+000 8.560655e+001 2.502000e+000
         vertex 9.989835e+000 8.560262e+001 2.486803e+000
         vertex 1.022730e+001 8.563884e+001 2.502044e+000
      endloop
   endfacet
   facet normal 1.542830e-001 -9.858520e-001 6.551786e-002
      outer loop
         vertex 1.022730e+001 8.563884e+001 2.502044e+000
         vertex 9.989835e+000 8.560262e+001 2.486803e+000
         vertex 1.017540e+001 8.562653e+001 2.459901e+000
      endloop
   endfacet
   facet normal 1.828330e-001 -9.810053e-001 6.481395e-002
      outer loop
         vertex 1.022730e+001 8.563884e+001 2.502044e+000
         vertex 1.017540e+001 8.562653e+001 2.459901e+000
         vertex 1.022699e+001 8.563959e+001 2.442052e+000
      endloop
   endfacet
   facet normal -1.805318e-002 -9.922850e-001 1.226560e-001
      outer loop
         vertex 9.515399e+000 8.562415e+001 2.569902e+000
         vertex 1.017924e+001 8.588779e+001 4.432137e+000
         vertex 9.237781e+000 8.563674e+001 2.618528e+000
      endloop
   endfacet
   facet normal -5.738575e-002 -9.829488e-001 1.746953e-001
      outer loop
         vertex 9.237781e+000 8.563674e+001 2.618528e+000
         vertex 1.017924e+001 8.588779e+001 4.432137e+000
         vertex 9.229513e+000 8.588779e+001 4.432137e+000
      endloop
   endfacet
   facet normal -1.814861e-001 -9.757707e-001 1.222055e-001
      outer loop
         vertex 9.237781e+000 8.563674e+001 2.618528e+000
         vertex 9.229513e+000 8.588779e+001 4.432137e+000
         vertex 9.185334e+000 8.565443e+001 2.630229e+000
      endloop
   endfacet
   facet normal -3.871986e-001 -9.048694e-001 1.768859e-001
      outer loop
         vertex 8.348019e+000 8.624128e+001 4.432137e+000
         vertex 8.517053e+000 8.587984e+001 2.779329e+000
         vertex 9.229513e+000 8.588779e+001 4.432137e+000
      endloop
   endfacet
   facet normal -2.923449e-001 -9.479447e-001 1.262353e-001
      outer loop
         vertex 9.229513e+000 8.588779e+001 4.432137e+000
         vertex 8.517053e+000 8.587984e+001 2.779329e+000
         vertex 9.013689e+000 8.571232e+001 2.668525e+000
      endloop
   endfacet
   facet normal -2.095181e-001 -9.700266e-001 1.230880e-001
      outer loop
         vertex 9.229513e+000 8.588779e+001 4.432137e+000
         vertex 9.013689e+000 8.571232e+001 2.668525e+000
         vertex 9.185334e+000 8.565443e+001 2.630229e+000
      endloop
   endfacet
   facet normal -5.953020e-001 -7.924387e-001 1.328774e-001
      outer loop
         vertex 7.890597e+000 8.631587e+001 2.956378e+000
         vertex 8.109771e+000 8.616332e+001 2.894436e+000
         vertex 8.348019e+000 8.624128e+001 4.432137e+000
      endloop
   endfacet
   facet normal -5.529846e-001 -8.228528e-001 1.308483e-001
      outer loop
         vertex 8.348019e+000 8.624128e+001 4.432137e+000
         vertex 8.109771e+000 8.616332e+001 2.894436e+000
         vertex 8.240225e+000 8.607252e+001 2.857566e+000
      endloop
   endfacet
   facet normal -5.018046e-001 -8.553180e-001 1.289311e-001
      outer loop
         vertex 8.348019e+000 8.624128e+001 4.432137e+000
         vertex 8.240225e+000 8.607252e+001 2.857566e+000
         vertex 8.517053e+000 8.587984e+001 2.779329e+000
      endloop
   endfacet
   facet normal -8.999742e-001 -4.100618e-001 1.479727e-001
      outer loop
         vertex 7.217006e+000 8.736401e+001 3.242928e+000
         vertex 7.661434e+000 8.689748e+001 4.432137e+000
         vertex 7.128875e+000 8.757097e+001 3.291984e+000
      endloop
   endfacet
   facet normal -9.118617e-001 -3.652505e-001 1.873507e-001
      outer loop
         vertex 7.128875e+000 8.757097e+001 3.291984e+000
         vertex 7.661434e+000 8.689748e+001 4.432137e+000
         vertex 7.268418e+000 8.776207e+001 4.432137e+000
      endloop
   endfacet
   facet normal -9.569400e-001 -2.495158e-001 1.483499e-001
      outer loop
         vertex 7.128875e+000 8.757097e+001 3.291984e+000
         vertex 7.268418e+000 8.776207e+001 4.432137e+000
         vertex 7.109920e+000 8.772175e+001 3.320226e+000
      endloop
   endfacet
   facet normal -8.603687e-001 -4.889176e-001 1.439626e-001
      outer loop
         vertex 7.217006e+000 8.736401e+001 3.242928e+000
         vertex 7.408289e+000 8.691480e+001 3.136452e+000
         vertex 7.661434e+000 8.689748e+001 4.432137e+000
      endloop
   endfacet
   facet normal -8.186337e-001 -5.569499e-001 1.401633e-001
      outer loop
         vertex 7.661434e+000 8.689748e+001 4.432137e+000
         vertex 7.408289e+000 8.691480e+001 3.136452e+000
         vertex 7.508563e+000 8.679028e+001 3.099014e+000
      endloop
   endfacet
   facet normal -7.240006e-001 -6.649342e-001 1.835365e-001
      outer loop
         vertex 7.661434e+000 8.689748e+001 4.432137e+000
         vertex 7.508563e+000 8.679028e+001 3.099014e+000
         vertex 8.348019e+000 8.624128e+001 4.432137e+000
      endloop
   endfacet
   facet normal -6.979312e-001 -7.024813e-001 1.393267e-001
      outer loop
         vertex 8.348019e+000 8.624128e+001 4.432137e+000
         vertex 7.508563e+000 8.679028e+001 3.099014e+000
         vertex 7.741307e+000 8.650126e+001 3.012117e+000
      endloop
   endfacet
   facet normal -6.432558e-001 -7.535646e-001 1.355079e-001
      outer loop
         vertex 8.348019e+000 8.624128e+001 4.432137e+000
         vertex 7.741307e+000 8.650126e+001 3.012117e+000
         vertex 7.890597e+000 8.631587e+001 2.956378e+000
      endloop
   endfacet
   facet normal -9.648272e-001 -2.161701e-001 1.495955e-001
      outer loop
         vertex 7.109920e+000 8.772175e+001 3.320226e+000
         vertex 7.268418e+000 8.776207e+001 4.432137e+000
         vertex 7.094194e+000 8.784683e+001 3.343654e+000
      endloop
   endfacet
   facet normal -9.724352e-001 -1.392775e-001 1.870065e-001
      outer loop
         vertex 7.094194e+000 8.784683e+001 3.343654e+000
         vertex 7.268418e+000 8.776207e+001 4.432137e+000
         vertex 7.198999e+000 8.834776e+001 4.432137e+000
      endloop
   endfacet
   facet normal -9.862362e-001 -6.273675e-002 1.529782e-001
      outer loop
         vertex 7.094194e+000 8.784683e+001 3.343654e+000
         vertex 7.198999e+000 8.834776e+001 4.432137e+000
         vertex 7.031219e+000 8.834776e+001 3.437478e+000
      endloop
   endfacet
   facet normal 5.197467e-001 -8.530039e-001 4.740990e-002
      outer loop
         vertex 1.112966e+001 8.594064e+001 1.754732e+000
         vertex 1.113155e+001 8.594009e+001 1.718384e+000
         vertex 1.119800e+001 8.602811e+001 2.502044e+000
      endloop
   endfacet
   facet normal 5.306497e-001 -8.468852e-001 3.458746e-002
      outer loop
         vertex 1.119800e+001 8.602811e+001 2.502044e+000
         vertex 1.113155e+001 8.594009e+001 1.718384e+000
         vertex 1.123646e+001 8.596838e+001 -3.089243e-001
      endloop
   endfacet
   facet normal 6.423556e-001 -7.650869e-001 4.495894e-002
      outer loop
         vertex 1.119800e+001 8.602811e+001 2.502044e+000
         vertex 1.123646e+001 8.596838e+001 -3.089243e-001
         vertex 1.195407e+001 8.675071e+001 2.502044e+000
      endloop
   endfacet
   facet normal 7.356708e-001 -6.769661e-001 2.248029e-002
      outer loop
         vertex 1.195407e+001 8.675071e+001 2.502044e+000
         vertex 1.123646e+001 8.596838e+001 -3.089243e-001
         vertex 1.201200e+001 8.670959e+001 -3.089243e-001
      endloop
   endfacet
   facet normal 8.809720e-001 -4.710276e-001 4.495894e-002
      outer loop
         vertex 1.195407e+001 8.675071e+001 2.502044e+000
         vertex 1.201200e+001 8.670959e+001 -3.089243e-001
         vertex 1.238687e+001 8.770280e+001 2.502044e+000
      endloop
   endfacet
   facet normal 9.347836e-001 -3.545057e-001 2.248029e-002
      outer loop
         vertex 1.238687e+001 8.770280e+001 2.502044e+000
         vertex 1.201200e+001 8.670959e+001 -3.089243e-001
         vertex 1.245593e+001 8.768620e+001 -3.089243e-001
      endloop
   endfacet
   facet normal 9.791666e-001 -1.988634e-001 4.106131e-002
      outer loop
         vertex 1.238687e+001 8.770280e+001 2.502044e+000
         vertex 1.245593e+001 8.768620e+001 -3.089243e-001
         vertex 1.245384e+001 8.799075e+001 2.273511e+000
      endloop
   endfacet
   facet normal 9.860016e-001 -1.624707e-001 3.747077e-002
      outer loop
         vertex 1.245384e+001 8.799075e+001 2.273511e+000
         vertex 1.245593e+001 8.768620e+001 -3.089243e-001
         vertex 1.245732e+001 8.800242e+001 2.246255e+000
      endloop
   endfacet
   facet normal 6.300410e-002 -9.907549e-001 1.201467e-001
      outer loop
         vertex 9.515399e+000 8.562415e+001 2.569902e+000
         vertex 9.903070e+000 8.560655e+001 2.502000e+000
         vertex 1.017924e+001 8.588779e+001 4.432137e+000
      endloop
   endfacet
   facet normal 1.491840e-001 -9.816699e-001 1.186096e-001
      outer loop
         vertex 1.017924e+001 8.588779e+001 4.432137e+000
         vertex 9.903070e+000 8.560655e+001 2.502000e+000
         vertex 1.022730e+001 8.563884e+001 2.502044e+000
      endloop
   endfacet
   facet normal 3.062113e-001 -9.361048e-001 1.730392e-001
      outer loop
         vertex 1.017924e+001 8.588779e+001 4.432137e+000
         vertex 1.022730e+001 8.563884e+001 2.502044e+000
         vertex 1.106074e+001 8.624128e+001 4.432137e+000
      endloop
   endfacet
   facet normal 4.270275e-001 -8.961948e-001 1.203426e-001
      outer loop
         vertex 1.106074e+001 8.624128e+001 4.432137e+000
         vertex 1.022730e+001 8.563884e+001 2.502044e+000
         vertex 1.119800e+001 8.602811e+001 2.502044e+000
      endloop
   endfacet
   facet normal 6.326333e-001 -7.548725e-001 1.730392e-001
      outer loop
         vertex 1.106074e+001 8.624128e+001 4.432137e+000
         vertex 1.119800e+001 8.602811e+001 2.502044e+000
         vertex 1.174732e+001 8.689748e+001 4.432137e+000
      endloop
   endfacet
   facet normal 7.299142e-001 -6.728617e-001 1.203426e-001
      outer loop
         vertex 1.174732e+001 8.689748e+001 4.432137e+000
         vertex 1.119800e+001 8.602811e+001 2.502044e+000
         vertex 1.195407e+001 8.675071e+001 2.502044e+000
      endloop
   endfacet
   facet normal 8.681465e-001 -4.651657e-001 1.730392e-001
      outer loop
         vertex 1.174732e+001 8.689748e+001 4.432137e+000
         vertex 1.195407e+001 8.675071e+001 2.502044e+000
         vertex 1.214034e+001 8.776207e+001 4.432137e+000
      endloop
   endfacet
   facet normal 9.279130e-001 -3.528388e-001 1.203426e-001
      outer loop
         vertex 1.214034e+001 8.776207e+001 4.432137e+000
         vertex 1.195407e+001 8.675071e+001 2.502044e+000
         vertex 1.238687e+001 8.770280e+001 2.502044e+000
      endloop
   endfacet
   facet normal 9.694893e-001 -2.122175e-001 1.226962e-001
      outer loop
         vertex 1.214034e+001 8.776207e+001 4.432137e+000
         vertex 1.238687e+001 8.770280e+001 2.502044e+000
         vertex 1.240228e+001 8.787073e+001 2.765994e+000
      endloop
   endfacet
   facet normal 9.784124e-001 -1.938796e-001 7.155190e-002
      outer loop
         vertex 1.240228e+001 8.787073e+001 2.765994e+000
         vertex 1.238687e+001 8.770280e+001 2.502044e+000
         vertex 1.241650e+001 8.786572e+001 2.565488e+000
      endloop
   endfacet
   facet normal -9.206837e-001 -7.012315e-002 3.839585e-001
      outer loop
         vertex 7.589979e+000 8.834776e+001 5.564411e+000
         vertex 7.198999e+000 8.834776e+001 4.432137e+000
         vertex 7.648564e+000 8.785348e+001 5.564411e+000
      endloop
   endfacet
   facet normal -9.411361e-001 -1.471218e-001 3.043322e-001
      outer loop
         vertex 7.648564e+000 8.785348e+001 5.564411e+000
         vertex 7.198999e+000 8.834776e+001 4.432137e+000
         vertex 7.268418e+000 8.776207e+001 4.432137e+000
      endloop
   endfacet
   facet normal -8.634208e-001 -3.233929e-001 3.871970e-001
      outer loop
         vertex 7.648564e+000 8.785348e+001 5.564411e+000
         vertex 7.268418e+000 8.776207e+001 4.432137e+000
         vertex 7.980248e+000 8.712380e+001 5.564411e+000
      endloop
   endfacet
   facet normal -8.410164e-001 -4.453623e-001 3.071544e-001
      outer loop
         vertex 7.980248e+000 8.712380e+001 5.564411e+000
         vertex 7.268418e+000 8.776207e+001 4.432137e+000
         vertex 7.661434e+000 8.689748e+001 4.432137e+000
      endloop
   endfacet
   facet normal -6.810158e-001 -6.215271e-001 3.871970e-001
      outer loop
         vertex 7.980248e+000 8.712380e+001 5.564411e+000
         vertex 7.661434e+000 8.689748e+001 4.432137e+000
         vertex 8.559688e+000 8.657001e+001 5.564411e+000
      endloop
   endfacet
   facet normal -6.148235e-001 -7.263940e-001 3.071544e-001
      outer loop
         vertex 8.559688e+000 8.657001e+001 5.564411e+000
         vertex 7.661434e+000 8.689748e+001 4.432137e+000
         vertex 8.348019e+000 8.624128e+001 4.432137e+000
      endloop
   endfacet
   facet normal -4.007494e-001 -8.303484e-001 3.871970e-001
      outer loop
         vertex 8.559688e+000 8.657001e+001 5.564411e+000
         vertex 8.348019e+000 8.624128e+001 4.432137e+000
         vertex 9.303618e+000 8.627168e+001 5.564411e+000
      endloop
   endfacet
   facet normal -3.002809e-001 -9.030434e-001 3.071544e-001
      outer loop
         vertex 9.303618e+000 8.627168e+001 5.564411e+000
         vertex 8.348019e+000 8.624128e+001 4.432137e+000
         vertex 9.229513e+000 8.588779e+001 4.432137e+000
      endloop
   endfacet
   facet normal -6.289557e-002 -9.198493e-001 3.871970e-001
      outer loop
         vertex 9.303618e+000 8.627168e+001 5.564411e+000
         vertex 9.229513e+000 8.588779e+001 4.432137e+000
         vertex 1.010514e+001 8.627168e+001 5.564411e+000
      endloop
   endfacet
   facet normal 5.741173e-002 -9.499263e-001 3.071544e-001
      outer loop
         vertex 1.010514e+001 8.627168e+001 5.564411e+000
         vertex 9.229513e+000 8.588779e+001 4.432137e+000
         vertex 1.017924e+001 8.588779e+001 4.432137e+000
      endloop
   endfacet
   facet normal 2.839963e-001 -8.771685e-001 3.871970e-001
      outer loop
         vertex 1.010514e+001 8.627168e+001 5.564411e+000
         vertex 1.017924e+001 8.588779e+001 4.432137e+000
         vertex 1.084907e+001 8.657001e+001 5.564411e+000
      endloop
   endfacet
   facet normal 4.068544e-001 -8.603055e-001 3.071544e-001
      outer loop
         vertex 1.084907e+001 8.657001e+001 5.564411e+000
         vertex 1.017924e+001 8.588779e+001 4.432137e+000
         vertex 1.106074e+001 8.624128e+001 4.432137e+000
      endloop
   endfacet
   facet normal 5.900781e-001 -7.084394e-001 3.871970e-001
      outer loop
         vertex 1.084907e+001 8.657001e+001 5.564411e+000
         vertex 1.106074e+001 8.624128e+001 4.432137e+000
         vertex 1.142851e+001 8.712380e+001 5.564411e+000
      endloop
   endfacet
   facet normal 6.978325e-001 -6.470596e-001 3.071544e-001
      outer loop
         vertex 1.142851e+001 8.712380e+001 5.564411e+000
         vertex 1.106074e+001 8.624128e+001 4.432137e+000
         vertex 1.174732e+001 8.689748e+001 4.432137e+000
      endloop
   endfacet
   facet normal 8.113661e-001 -4.379080e-001 3.871970e-001
      outer loop
         vertex 1.142851e+001 8.712380e+001 5.564411e+000
         vertex 1.174732e+001 8.689748e+001 4.432137e+000
         vertex 1.176019e+001 8.785348e+001 5.564411e+000
      endloop
   endfacet
   facet normal 8.885325e-001 -3.408316e-001 3.071544e-001
      outer loop
         vertex 1.176019e+001 8.785348e+001 5.564411e+000
         vertex 1.174732e+001 8.689748e+001 4.432137e+000
         vertex 1.214034e+001 8.776207e+001 4.432137e+000
      endloop
   endfacet
   facet normal 9.115662e-001 -1.470472e-001 3.839585e-001
      outer loop
         vertex 1.176019e+001 8.785348e+001 5.564411e+000
         vertex 1.214034e+001 8.776207e+001 4.432137e+000
         vertex 1.181878e+001 8.834776e+001 5.564411e+000
      endloop
   endfacet
   facet normal 9.494517e-001 -7.696311e-002 3.043322e-001
      outer loop
         vertex 1.181878e+001 8.834776e+001 5.564411e+000
         vertex 1.214034e+001 8.776207e+001 4.432137e+000
         vertex 1.220976e+001 8.834776e+001 4.432137e+000
      endloop
   endfacet
   facet normal -7.595527e-001 -5.433261e-002 6.481726e-001
      outer loop
         vertex 8.084497e+000 8.834776e+001 6.239499e+000
         vertex 7.589979e+000 8.834776e+001 5.564411e+000
         vertex 8.129380e+000 8.796908e+001 6.239499e+000
      endloop
   endfacet
   facet normal -8.207754e-001 -1.248597e-001 5.574385e-001
      outer loop
         vertex 8.129380e+000 8.796908e+001 6.239499e+000
         vertex 7.589979e+000 8.834776e+001 5.564411e+000
         vertex 7.648564e+000 8.785348e+001 5.564411e+000
      endloop
   endfacet
   facet normal -7.122186e-001 -2.607037e-001 6.517501e-001
      outer loop
         vertex 8.129380e+000 8.796908e+001 6.239499e+000
         vertex 7.648564e+000 8.785348e+001 5.564411e+000
         vertex 8.383491e+000 8.741006e+001 6.239499e+000
      endloop
   endfacet
   facet normal -7.338711e-001 -3.823802e-001 5.614432e-001
      outer loop
         vertex 8.383491e+000 8.741006e+001 6.239499e+000
         vertex 7.648564e+000 8.785348e+001 5.564411e+000
         vertex 7.980248e+000 8.712380e+001 5.564411e+000
      endloop
   endfacet
   facet normal -5.640107e-001 -5.070639e-001 6.517501e-001
      outer loop
         vertex 8.383491e+000 8.741006e+001 6.239499e+000
         vertex 7.980248e+000 8.712380e+001 5.564411e+000
         vertex 8.827410e+000 8.698579e+001 6.239499e+000
      endloop
   endfacet
   facet normal -5.388188e-001 -6.280571e-001 5.614433e-001
      outer loop
         vertex 8.827410e+000 8.698579e+001 6.239499e+000
         vertex 7.980248e+000 8.712380e+001 5.564411e+000
         vertex 8.559688e+000 8.657001e+001 5.564411e+000
      endloop
   endfacet
   facet normal -3.347549e-001 -6.805593e-001 6.517501e-001
      outer loop
         vertex 8.827410e+000 8.698579e+001 6.239499e+000
         vertex 8.559688e+000 8.657001e+001 5.564411e+000
         vertex 9.397348e+000 8.675723e+001 6.239499e+000
      endloop
   endfacet
   facet normal -2.663386e-001 -7.834827e-001 5.614432e-001
      outer loop
         vertex 9.397348e+000 8.675723e+001 6.239499e+000
         vertex 8.559688e+000 8.657001e+001 5.564411e+000
         vertex 9.303618e+000 8.627168e+001 5.564411e+000
      endloop
   endfacet
   facet normal -5.739503e-002 -7.562590e-001 6.517501e-001
      outer loop
         vertex 9.397348e+000 8.675723e+001 6.239499e+000
         vertex 9.303618e+000 8.627168e+001 5.564411e+000
         vertex 1.001141e+001 8.675723e+001 6.239499e+000
      endloop
   endfacet
   facet normal 4.441415e-002 -8.263225e-001 5.614433e-001
      outer loop
         vertex 1.001141e+001 8.675723e+001 6.239499e+000
         vertex 9.303618e+000 8.627168e+001 5.564411e+000
         vertex 1.010514e+001 8.627168e+001 5.564411e+000
      endloop
   endfacet
   facet normal 2.282124e-001 -7.232848e-001 6.517501e-001
      outer loop
         vertex 1.001141e+001 8.675723e+001 6.239499e+000
         vertex 1.010514e+001 8.627168e+001 5.564411e+000
         vertex 1.058135e+001 8.698579e+001 6.239499e+000
      endloop
   endfacet
   facet normal 3.487847e-001 -7.504203e-001 5.614432e-001
      outer loop
         vertex 1.058135e+001 8.698579e+001 6.239499e+000
         vertex 1.010514e+001 8.627168e+001 5.564411e+000
         vertex 1.084907e+001 8.657001e+001 5.564411e+000
      endloop
   endfacet
   facet normal 4.810260e-001 -5.863752e-001 6.517501e-001
      outer loop
         vertex 1.058135e+001 8.698579e+001 6.239499e+000
         vertex 1.084907e+001 8.657001e+001 5.564411e+000
         vertex 1.102527e+001 8.741006e+001 6.239499e+000
      endloop
   endfacet
   facet normal 6.030351e-001 -5.666835e-001 5.614432e-001
      outer loop
         vertex 1.102527e+001 8.741006e+001 6.239499e+000
         vertex 1.084907e+001 8.657001e+001 5.564411e+000
         vertex 1.142851e+001 8.712380e+001 5.564411e+000
      endloop
   endfacet
   facet normal 6.647164e-001 -3.652039e-001 6.517501e-001
      outer loop
         vertex 1.102527e+001 8.741006e+001 6.239499e+000
         vertex 1.142851e+001 8.712380e+001 5.564411e+000
         vertex 1.127938e+001 8.796908e+001 6.239499e+000
      endloop
   endfacet
   facet normal 7.706299e-001 -3.015145e-001 5.614433e-001
      outer loop
         vertex 1.127938e+001 8.796908e+001 6.239499e+000
         vertex 1.142851e+001 8.712380e+001 5.564411e+000
         vertex 1.176019e+001 8.785348e+001 5.564411e+000
      endloop
   endfacet
   facet normal 7.512084e-001 -1.247328e-001 6.481726e-001
      outer loop
         vertex 1.127938e+001 8.796908e+001 6.239499e+000
         vertex 1.176019e+001 8.785348e+001 5.564411e+000
         vertex 1.132426e+001 8.834776e+001 6.239499e+000
      endloop
   endfacet
   facet normal 8.272219e-001 -7.047181e-002 5.574385e-001
      outer loop
         vertex 1.132426e+001 8.834776e+001 6.239499e+000
         vertex 1.176019e+001 8.785348e+001 5.564411e+000
         vertex 1.181878e+001 8.834776e+001 5.564411e+000
      endloop
   endfacet
   facet normal -4.647413e-001 -2.745201e-002 8.850209e-001
      outer loop
         vertex 8.760608e+000 8.834776e+001 6.656858e+000
         vertex 8.084497e+000 8.834776e+001 6.239499e+000
         vertex 8.786757e+000 8.812713e+001 6.656858e+000
      endloop
   endfacet
   facet normal -5.746263e-001 -8.204301e-002 8.142933e-001
      outer loop
         vertex 8.786757e+000 8.812713e+001 6.656858e+000
         vertex 8.084497e+000 8.834776e+001 6.239499e+000
         vertex 8.129380e+000 8.796908e+001 6.239499e+000
      endloop
   endfacet
   facet normal -4.374020e-001 -1.502014e-001 8.866335e-001
      outer loop
         vertex 8.786757e+000 8.812713e+001 6.656858e+000
         vertex 8.129380e+000 8.796908e+001 6.239499e+000
         vertex 8.934806e+000 8.780145e+001 6.656858e+000
      endloop
   endfacet
   facet normal -5.149705e-001 -2.586541e-001 8.172535e-001
      outer loop
         vertex 8.934806e+000 8.780145e+001 6.656858e+000
         vertex 8.129380e+000 8.796908e+001 6.239499e+000
         vertex 8.383491e+000 8.741006e+001 6.239499e+000
      endloop
   endfacet
   facet normal -3.500691e-001 -3.022128e-001 8.866335e-001
      outer loop
         vertex 8.934806e+000 8.780145e+001 6.656858e+000
         vertex 8.383491e+000 8.741006e+001 6.239499e+000
         vertex 9.193440e+000 8.755425e+001 6.656858e+000
      endloop
   endfacet
   facet normal -3.816977e-001 -4.317447e-001 8.172535e-001
      outer loop
         vertex 9.193440e+000 8.755425e+001 6.656858e+000
         vertex 8.383491e+000 8.741006e+001 6.239499e+000
         vertex 8.827410e+000 8.698579e+001 6.239499e+000
      endloop
   endfacet
   facet normal -2.124316e-001 -4.107966e-001 8.866335e-001
      outer loop
         vertex 9.193440e+000 8.755425e+001 6.656858e+000
         vertex 8.827410e+000 8.698579e+001 6.239499e+000
         vertex 9.525497e+000 8.742109e+001 6.656858e+000
      endloop
   endfacet
   facet normal -1.935751e-001 -5.427939e-001 8.172535e-001
      outer loop
         vertex 9.525497e+000 8.742109e+001 6.656858e+000
         vertex 8.827410e+000 8.698579e+001 6.239499e+000
         vertex 9.397348e+000 8.675723e+001 6.239499e+000
      endloop
   endfacet
   facet normal -4.426773e-002 -4.603492e-001 8.866335e-001
      outer loop
         vertex 9.525497e+000 8.742109e+001 6.656858e+000
         vertex 9.397348e+000 8.675723e+001 6.239499e+000
         vertex 9.883259e+000 8.742109e+001 6.656858e+000
      endloop
   endfacet
   facet normal 2.236397e-002 -5.758441e-001 8.172535e-001
      outer loop
         vertex 9.883259e+000 8.742109e+001 6.656858e+000
         vertex 9.397348e+000 8.675723e+001 6.239499e+000
         vertex 1.001141e+001 8.675723e+001 6.239499e+000
      endloop
   endfacet
   facet normal 1.302573e-001 -4.437499e-001 8.866335e-001
      outer loop
         vertex 9.883259e+000 8.742109e+001 6.656858e+000
         vertex 1.001141e+001 8.675723e+001 6.239499e+000
         vertex 1.021531e+001 8.755425e+001 6.656858e+000
      endloop
   endfacet
   facet normal 2.350894e-001 -5.261459e-001 8.172535e-001
      outer loop
         vertex 1.021531e+001 8.755425e+001 6.656858e+000
         vertex 1.001141e+001 8.675723e+001 6.239499e+000
         vertex 1.058135e+001 8.698579e+001 6.239499e+000
      endloop
   endfacet
   facet normal 2.860645e-001 -3.633842e-001 8.866335e-001
      outer loop
         vertex 1.021531e+001 8.755425e+001 6.656858e+000
         vertex 1.058135e+001 8.698579e+001 6.239499e+000
         vertex 1.047395e+001 8.780145e+001 6.656858e+000
      endloop
   endfacet
   facet normal 4.140326e-001 -4.008411e-001 8.172535e-001
      outer loop
         vertex 1.047395e+001 8.780145e+001 6.656858e+000
         vertex 1.058135e+001 8.698579e+001 6.239499e+000
         vertex 1.102527e+001 8.741006e+001 6.239499e+000
      endloop
   endfacet
   facet normal 4.007644e-001 -2.308005e-001 8.866335e-001
      outer loop
         vertex 1.047395e+001 8.780145e+001 6.656858e+000
         vertex 1.102527e+001 8.741006e+001 6.239499e+000
         vertex 1.062200e+001 8.812713e+001 6.656858e+000
      endloop
   endfacet
   facet normal 5.334798e-001 -2.179356e-001 8.172535e-001
      outer loop
         vertex 1.062200e+001 8.812713e+001 6.656858e+000
         vertex 1.102527e+001 8.741006e+001 6.239499e+000
         vertex 1.127938e+001 8.796908e+001 6.239499e+000
      endloop
   endfacet
   facet normal 4.582817e-001 -8.195075e-002 8.850209e-001
      outer loop
         vertex 1.062200e+001 8.812713e+001 6.656858e+000
         vertex 1.127938e+001 8.796908e+001 6.239499e+000
         vertex 1.064815e+001 8.834776e+001 6.656858e+000
      endloop
   endfacet
   facet normal 5.778838e-001 -5.456010e-002 8.142933e-001
      outer loop
         vertex 1.064815e+001 8.834776e+001 6.656858e+000
         vertex 1.127938e+001 8.796908e+001 6.239499e+000
         vertex 1.132426e+001 8.834776e+001 6.239499e+000
      endloop
   endfacet
endsolid