solid chuang_д╛хо_sldprt
   facet normal 0.000000e+000 -1.000000e+000 0.000000e+000
      outer loop
         vertex -8.677675e+001 0.000000e+000 -1.801938e+002
         vertex -9.000000e+002 0.000000e+000 -3.000000e+002
         vertex -2.980845e+001 0.000000e+000 -1.977662e+002
      endloop
   endfacet
   facet normal 0.000000e+000 -1.000000e+000 0.000000e+000
      outer loop
         vertex -2.980845e+001 0.000000e+000 -1.977662e+002
         vertex -9.000000e+002 0.000000e+000 -3.000000e+002
         vertex 8.000000e+002 0.000000e+000 -3.000000e+002
      endloop
   endfacet
   facet normal 0.000000e+000 -1.000000e+000 0.000000e+000
      outer loop
         vertex -2.980845e+001 0.000000e+000 -1.977662e+002
         vertex 8.000000e+002 0.000000e+000 -3.000000e+002
         vertex 2.980845e+001 0.000000e+000 -1.977662e+002
      endloop
   endfacet
   facet normal 0.000000e+000 -1.000000e+000 0.000000e+000
      outer loop
         vertex -1.861747e+002 0.000000e+000 7.306820e+001
         vertex -1.563663e+002 0.000000e+000 1.246980e+002
         vertex -9.000000e+002 0.000000e+000 3.000000e+002
      endloop
   endfacet
   facet normal 0.000000e+000 -1.000000e+000 0.000000e+000
      outer loop
         vertex -9.000000e+002 0.000000e+000 3.000000e+002
         vertex -1.563663e+002 0.000000e+000 1.246980e+002
         vertex -1.126640e+002 0.000000e+000 1.652478e+002
      endloop
   endfacet
   facet normal 0.000000e+000 -1.000000e+000 0.000000e+000
      outer loop
         vertex -8.677675e+001 0.000000e+000 -1.801938e+002
         vertex -1.360345e+002 0.000000e+000 -1.466104e+002
         vertex -9.000000e+002 0.000000e+000 -3.000000e+002
      endloop
   endfacet
   facet normal 0.000000e+000 -1.000000e+000 0.000000e+000
      outer loop
         vertex -9.000000e+002 0.000000e+000 -3.000000e+002
         vertex -1.360345e+002 0.000000e+000 -1.466104e+002
         vertex -1.732051e+002 0.000000e+000 -1.000000e+002
      endloop
   endfacet
   facet normal 0.000000e+000 -1.000000e+000 0.000000e+000
      outer loop
         vertex -9.000000e+002 0.000000e+000 -3.000000e+002
         vertex -1.732051e+002 0.000000e+000 -1.000000e+002
         vertex -9.382684e+002 0.000000e+000 -2.923880e+002
      endloop
   endfacet
   facet normal 0.000000e+000 -1.000000e+000 0.000000e+000
      outer loop
         vertex -9.382684e+002 0.000000e+000 -2.923880e+002
         vertex -1.732051e+002 0.000000e+000 -1.000000e+002
         vertex -1.949856e+002 0.000000e+000 -4.450419e+001
      endloop
   endfacet
   facet normal 0.000000e+000 -1.000000e+000 0.000000e+000
      outer loop
         vertex -9.382684e+002 0.000000e+000 -2.923880e+002
         vertex -1.949856e+002 0.000000e+000 -4.450419e+001
         vertex -9.707107e+002 0.000000e+000 -2.707107e+002
      endloop
   endfacet
   facet normal 0.000000e+000 -1.000000e+000 0.000000e+000
      outer loop
         vertex -9.707107e+002 0.000000e+000 -2.707107e+002
         vertex -1.949856e+002 0.000000e+000 -4.450419e+001
         vertex -9.923879e+002 0.000000e+000 -2.382683e+002
      endloop
   endfacet
   facet normal 0.000000e+000 -1.000000e+000 0.000000e+000
      outer loop
         vertex -1.861747e+002 0.000000e+000 7.306820e+001
         vertex -9.000000e+002 0.000000e+000 3.000000e+002
         vertex -1.994408e+002 0.000000e+000 1.494602e+001
      endloop
   endfacet
   facet normal 0.000000e+000 -1.000000e+000 0.000000e+000
      outer loop
         vertex -1.994408e+002 0.000000e+000 1.494602e+001
         vertex -9.000000e+002 0.000000e+000 3.000000e+002
         vertex -9.382684e+002 0.000000e+000 2.923880e+002
      endloop
   endfacet
   facet normal 0.000000e+000 -1.000000e+000 0.000000e+000
      outer loop
         vertex -1.994408e+002 0.000000e+000 1.494602e+001
         vertex -9.382684e+002 0.000000e+000 2.923880e+002
         vertex -9.707107e+002 0.000000e+000 2.707107e+002
      endloop
   endfacet
   facet normal 0.000000e+000 -1.000000e+000 0.000000e+000
      outer loop
         vertex -1.126640e+002 0.000000e+000 1.652478e+002
         vertex -5.895103e+001 0.000000e+000 1.911146e+002
         vertex -9.000000e+002 0.000000e+000 3.000000e+002
      endloop
   endfacet
   facet normal 0.000000e+000 -1.000000e+000 0.000000e+000
      outer loop
         vertex -9.000000e+002 0.000000e+000 3.000000e+002
         vertex -5.895103e+001 0.000000e+000 1.911146e+002
         vertex -4.898587e-014 0.000000e+000 2.000000e+002
      endloop
   endfacet
   facet normal 0.000000e+000 -1.000000e+000 0.000000e+000
      outer loop
         vertex -9.000000e+002 0.000000e+000 3.000000e+002
         vertex -4.898587e-014 0.000000e+000 2.000000e+002
         vertex 8.000000e+002 0.000000e+000 3.000000e+002
      endloop
   endfacet
   facet normal 0.000000e+000 -1.000000e+000 0.000000e+000
      outer loop
         vertex 8.000000e+002 0.000000e+000 3.000000e+002
         vertex -4.898587e-014 0.000000e+000 2.000000e+002
         vertex 5.895103e+001 0.000000e+000 1.911146e+002
      endloop
   endfacet
   facet normal 0.000000e+000 -1.000000e+000 0.000000e+000
      outer loop
         vertex 8.000000e+002 0.000000e+000 3.000000e+002
         vertex 5.895103e+001 0.000000e+000 1.911146e+002
         vertex 1.126640e+002 0.000000e+000 1.652478e+002
      endloop
   endfacet
   facet normal 0.000000e+000 -1.000000e+000 0.000000e+000
      outer loop
         vertex 8.707107e+002 0.000000e+000 -2.707107e+002
         vertex 8.923879e+002 0.000000e+000 -2.382683e+002
         vertex 9.000000e+002 0.000000e+000 -2.000000e+002
      endloop
   endfacet
   facet normal 0.000000e+000 -1.000000e+000 0.000000e+000
      outer loop
         vertex -9.923879e+002 0.000000e+000 -2.382683e+002
         vertex -1.949856e+002 0.000000e+000 -4.450419e+001
         vertex -1.000000e+003 0.000000e+000 -2.000000e+002
      endloop
   endfacet
   facet normal 0.000000e+000 -1.000000e+000 0.000000e+000
      outer loop
         vertex -1.000000e+003 0.000000e+000 -2.000000e+002
         vertex -1.949856e+002 0.000000e+000 -4.450419e+001
         vertex -1.994408e+002 0.000000e+000 1.494602e+001
      endloop
   endfacet
   facet normal 0.000000e+000 -1.000000e+000 0.000000e+000
      outer loop
         vertex -1.000000e+003 0.000000e+000 -2.000000e+002
         vertex -1.994408e+002 0.000000e+000 1.494602e+001
         vertex -1.000000e+003 0.000000e+000 2.000000e+002
      endloop
   endfacet
   facet normal 0.000000e+000 -1.000000e+000 0.000000e+000
      outer loop
         vertex -1.000000e+003 0.000000e+000 2.000000e+002
         vertex -1.994408e+002 0.000000e+000 1.494602e+001
         vertex -9.707107e+002 0.000000e+000 2.707107e+002
      endloop
   endfacet
   facet normal 0.000000e+000 -1.000000e+000 0.000000e+000
      outer loop
         vertex -1.000000e+003 0.000000e+000 2.000000e+002
         vertex -9.707107e+002 0.000000e+000 2.707107e+002
         vertex -9.923879e+002 0.000000e+000 2.382683e+002
      endloop
   endfacet
   facet normal 0.000000e+000 -1.000000e+000 0.000000e+000
      outer loop
         vertex 1.994408e+002 0.000000e+000 1.494602e+001
         vertex 9.000000e+002 0.000000e+000 2.000000e+002
         vertex 8.923879e+002 0.000000e+000 2.382683e+002
      endloop
   endfacet
   facet normal 0.000000e+000 -1.000000e+000 0.000000e+000
      outer loop
         vertex 9.000000e+002 0.000000e+000 2.000000e+002
         vertex 1.994408e+002 0.000000e+000 1.494602e+001
         vertex 9.000000e+002 0.000000e+000 -2.000000e+002
      endloop
   endfacet
   facet normal 0.000000e+000 -1.000000e+000 0.000000e+000
      outer loop
         vertex 9.000000e+002 0.000000e+000 -2.000000e+002
         vertex 1.994408e+002 0.000000e+000 1.494602e+001
         vertex 1.949856e+002 0.000000e+000 -4.450419e+001
      endloop
   endfacet
   facet normal 0.000000e+000 -1.000000e+000 0.000000e+000
      outer loop
         vertex 9.000000e+002 0.000000e+000 -2.000000e+002
         vertex 1.949856e+002 0.000000e+000 -4.450419e+001
         vertex 8.707107e+002 0.000000e+000 -2.707107e+002
      endloop
   endfacet
   facet normal 0.000000e+000 -1.000000e+000 0.000000e+000
      outer loop
         vertex 1.732051e+002 0.000000e+000 -1.000000e+002
         vertex 1.360345e+002 0.000000e+000 -1.466104e+002
         vertex 8.000000e+002 0.000000e+000 -3.000000e+002
      endloop
   endfacet
   facet normal 0.000000e+000 -1.000000e+000 0.000000e+000
      outer loop
         vertex 8.000000e+002 0.000000e+000 -3.000000e+002
         vertex 1.360345e+002 0.000000e+000 -1.466104e+002
         vertex 8.677675e+001 0.000000e+000 -1.801938e+002
      endloop
   endfacet
   facet normal 0.000000e+000 -1.000000e+000 0.000000e+000
      outer loop
         vertex 8.000000e+002 0.000000e+000 -3.000000e+002
         vertex 8.677675e+001 0.000000e+000 -1.801938e+002
         vertex 2.980845e+001 0.000000e+000 -1.977662e+002
      endloop
   endfacet
   facet normal 0.000000e+000 -1.000000e+000 0.000000e+000
      outer loop
         vertex 1.732051e+002 0.000000e+000 -1.000000e+002
         vertex 8.000000e+002 0.000000e+000 -3.000000e+002
         vertex 1.949856e+002 0.000000e+000 -4.450419e+001
      endloop
   endfacet
   facet normal 0.000000e+000 -1.000000e+000 0.000000e+000
      outer loop
         vertex 1.949856e+002 0.000000e+000 -4.450419e+001
         vertex 8.000000e+002 0.000000e+000 -3.000000e+002
         vertex 8.382683e+002 0.000000e+000 -2.923880e+002
      endloop
   endfacet
   facet normal 0.000000e+000 -1.000000e+000 0.000000e+000
      outer loop
         vertex 1.949856e+002 0.000000e+000 -4.450419e+001
         vertex 8.382683e+002 0.000000e+000 -2.923880e+002
         vertex 8.707107e+002 0.000000e+000 -2.707107e+002
      endloop
   endfacet
   facet normal 0.000000e+000 -1.000000e+000 0.000000e+000
      outer loop
         vertex 1.126640e+002 0.000000e+000 1.652478e+002
         vertex 1.563663e+002 0.000000e+000 1.246980e+002
         vertex 8.000000e+002 0.000000e+000 3.000000e+002
      endloop
   endfacet
   facet normal 0.000000e+000 -1.000000e+000 0.000000e+000
      outer loop
         vertex 8.000000e+002 0.000000e+000 3.000000e+002
         vertex 1.563663e+002 0.000000e+000 1.246980e+002
         vertex 1.861747e+002 0.000000e+000 7.306820e+001
      endloop
   endfacet
   facet normal 0.000000e+000 -1.000000e+000 0.000000e+000
      outer loop
         vertex 8.000000e+002 0.000000e+000 3.000000e+002
         vertex 1.861747e+002 0.000000e+000 7.306820e+001
         vertex 8.382683e+002 0.000000e+000 2.923880e+002
      endloop
   endfacet
   facet normal 0.000000e+000 -1.000000e+000 0.000000e+000
      outer loop
         vertex 8.382683e+002 0.000000e+000 2.923880e+002
         vertex 1.861747e+002 0.000000e+000 7.306820e+001
         vertex 1.994408e+002 0.000000e+000 1.494602e+001
      endloop
   endfacet
   facet normal 0.000000e+000 -1.000000e+000 0.000000e+000
      outer loop
         vertex 8.382683e+002 0.000000e+000 2.923880e+002
         vertex 1.994408e+002 0.000000e+000 1.494602e+001
         vertex 8.707107e+002 0.000000e+000 2.707107e+002
      endloop
   endfacet
   facet normal 0.000000e+000 -1.000000e+000 0.000000e+000
      outer loop
         vertex 8.707107e+002 0.000000e+000 2.707107e+002
         vertex 1.994408e+002 0.000000e+000 1.494602e+001
         vertex 8.923879e+002 0.000000e+000 2.382683e+002
      endloop
   endfacet
   facet normal -1.000000e+000 0.000000e+000 1.850372e-016
      outer loop
         vertex -1.000000e+003 2.133975e+001 1.050000e+002
         vertex -1.000000e+003 2.500000e+001 1.013397e+002
         vertex -1.000000e+003 0.000000e+000 -2.000000e+002
      endloop
   endfacet
   facet normal -1.000000e+000 0.000000e+000 1.850372e-016
      outer loop
         vertex -1.000000e+003 2.133975e+001 1.050000e+002
         vertex -1.000000e+003 0.000000e+000 -2.000000e+002
         vertex -1.000000e+003 2.000000e+001 1.100000e+002
      endloop
   endfacet
   facet normal -1.000000e+000 0.000000e+000 1.850372e-016
      outer loop
         vertex -1.000000e+003 2.000000e+001 1.100000e+002
         vertex -1.000000e+003 0.000000e+000 -2.000000e+002
         vertex -1.000000e+003 0.000000e+000 2.000000e+002
      endloop
   endfacet
   facet normal -1.000000e+000 0.000000e+000 1.850372e-016
      outer loop
         vertex -1.000000e+003 2.000000e+001 1.100000e+002
         vertex -1.000000e+003 0.000000e+000 2.000000e+002
         vertex -1.000000e+003 2.000000e+001 2.000000e+002
      endloop
   endfacet
   facet normal -1.000000e+000 0.000000e+000 1.850372e-016
      outer loop
         vertex -1.000000e+003 1.100000e+002 1.000000e+002
         vertex -1.000000e+003 1.100000e+002 -1.000000e+002
         vertex -1.000000e+003 3.000000e+001 1.000000e+002
      endloop
   endfacet
   facet normal -1.000000e+000 0.000000e+000 1.850372e-016
      outer loop
         vertex -1.000000e+003 3.000000e+001 1.000000e+002
         vertex -1.000000e+003 1.100000e+002 -1.000000e+002
         vertex -1.000000e+003 3.000000e+001 -1.000000e+002
      endloop
   endfacet
   facet normal -1.000000e+000 0.000000e+000 1.850372e-016
      outer loop
         vertex -1.000000e+003 3.000000e+001 1.000000e+002
         vertex -1.000000e+003 3.000000e+001 -1.000000e+002
         vertex -1.000000e+003 2.500000e+001 1.013397e+002
      endloop
   endfacet
   facet normal -1.000000e+000 0.000000e+000 1.850372e-016
      outer loop
         vertex -1.000000e+003 2.500000e+001 1.013397e+002
         vertex -1.000000e+003 3.000000e+001 -1.000000e+002
         vertex -1.000000e+003 2.500000e+001 -1.013397e+002
      endloop
   endfacet
   facet normal -1.000000e+000 0.000000e+000 1.850372e-016
      outer loop
         vertex -1.000000e+003 2.000000e+001 -2.000000e+002
         vertex -1.000000e+003 0.000000e+000 -2.000000e+002
         vertex -1.000000e+003 2.000000e+001 -1.100000e+002
      endloop
   endfacet
   facet normal -1.000000e+000 0.000000e+000 1.850372e-016
      outer loop
         vertex -1.000000e+003 2.000000e+001 -1.100000e+002
         vertex -1.000000e+003 0.000000e+000 -2.000000e+002
         vertex -1.000000e+003 2.500000e+001 1.013397e+002
      endloop
   endfacet
   facet normal -1.000000e+000 0.000000e+000 1.850372e-016
      outer loop
         vertex -1.000000e+003 2.000000e+001 -1.100000e+002
         vertex -1.000000e+003 2.500000e+001 1.013397e+002
         vertex -1.000000e+003 2.133975e+001 -1.050000e+002
      endloop
   endfacet
   facet normal -1.000000e+000 0.000000e+000 1.850372e-016
      outer loop
         vertex -1.000000e+003 2.133975e+001 -1.050000e+002
         vertex -1.000000e+003 2.500000e+001 1.013397e+002
         vertex -1.000000e+003 2.500000e+001 -1.013397e+002
      endloop
   endfacet
   facet normal 0.000000e+000 0.000000e+000 1.000000e+000
      outer loop
         vertex -9.000000e+002 0.000000e+000 3.000000e+002
         vertex 8.000000e+002 0.000000e+000 3.000000e+002
         vertex -9.000000e+002 2.000000e+001 3.000000e+002
      endloop
   endfacet
   facet normal 0.000000e+000 0.000000e+000 1.000000e+000
      outer loop
         vertex -9.000000e+002 2.000000e+001 3.000000e+002
         vertex 8.000000e+002 0.000000e+000 3.000000e+002
         vertex 8.000000e+002 2.000000e+001 3.000000e+002
      endloop
   endfacet
   facet normal 1.000000e+000 0.000000e+000 -1.850372e-016
      outer loop
         vertex 9.000000e+002 2.000000e+001 -2.000000e+002
         vertex 9.000000e+002 2.000000e+001 2.000000e+002
         vertex 9.000000e+002 0.000000e+000 -2.000000e+002
      endloop
   endfacet
   facet normal 1.000000e+000 0.000000e+000 -1.850372e-016
      outer loop
         vertex 9.000000e+002 0.000000e+000 -2.000000e+002
         vertex 9.000000e+002 2.000000e+001 2.000000e+002
         vertex 9.000000e+002 0.000000e+000 2.000000e+002
      endloop
   endfacet
   facet normal 0.000000e+000 0.000000e+000 -1.000000e+000
      outer loop
         vertex -9.000000e+002 2.000000e+001 -3.000000e+002
         vertex 8.000000e+002 2.000000e+001 -3.000000e+002
         vertex -9.000000e+002 0.000000e+000 -3.000000e+002
      endloop
   endfacet
   facet normal 0.000000e+000 0.000000e+000 -1.000000e+000
      outer loop
         vertex -9.000000e+002 0.000000e+000 -3.000000e+002
         vertex 8.000000e+002 2.000000e+001 -3.000000e+002
         vertex 8.000000e+002 0.000000e+000 -3.000000e+002
      endloop
   endfacet
   facet normal 0.000000e+000 1.000000e+000 0.000000e+000
      outer loop
         vertex -8.500000e+002 2.000000e+001 -1.100000e+002
         vertex 8.000000e+002 2.000000e+001 -3.000000e+002
         vertex -9.000000e+002 2.000000e+001 -3.000000e+002
      endloop
   endfacet
   facet normal 0.000000e+000 1.000000e+000 0.000000e+000
      outer loop
         vertex -1.000000e+003 2.000000e+001 -2.000000e+002
         vertex -1.000000e+003 2.000000e+001 -1.100000e+002
         vertex -8.500000e+002 2.000000e+001 -1.100000e+002
      endloop
   endfacet
   facet normal 0.000000e+000 1.000000e+000 0.000000e+000
      outer loop
         vertex -8.500000e+002 2.000000e+001 1.100000e+002
         vertex -1.000000e+003 2.000000e+001 1.100000e+002
         vertex -1.000000e+003 2.000000e+001 2.000000e+002
      endloop
   endfacet
   facet normal 0.000000e+000 1.000000e+000 0.000000e+000
      outer loop
         vertex 8.707107e+002 2.000000e+001 -2.707107e+002
         vertex 8.382683e+002 2.000000e+001 -2.923880e+002
         vertex 8.000000e+002 2.000000e+001 -3.000000e+002
      endloop
   endfacet
   facet normal 0.000000e+000 1.000000e+000 0.000000e+000
      outer loop
         vertex 8.000000e+002 2.000000e+001 3.000000e+002
         vertex 8.382683e+002 2.000000e+001 2.923880e+002
         vertex 8.707107e+002 2.000000e+001 2.707107e+002
      endloop
   endfacet
   facet normal 0.000000e+000 1.000000e+000 0.000000e+000
      outer loop
         vertex -8.500000e+002 2.000000e+001 1.100000e+002
         vertex 9.000000e+002 2.000000e+001 2.000000e+002
         vertex -8.500000e+002 2.000000e+001 -1.100000e+002
      endloop
   endfacet
   facet normal 0.000000e+000 1.000000e+000 0.000000e+000
      outer loop
         vertex -8.500000e+002 2.000000e+001 -1.100000e+002
         vertex 9.000000e+002 2.000000e+001 2.000000e+002
         vertex 9.000000e+002 2.000000e+001 -2.000000e+002
      endloop
   endfacet
   facet normal 0.000000e+000 1.000000e+000 0.000000e+000
      outer loop
         vertex -8.500000e+002 2.000000e+001 -1.100000e+002
         vertex 9.000000e+002 2.000000e+001 -2.000000e+002
         vertex 8.000000e+002 2.000000e+001 -3.000000e+002
      endloop
   endfacet
   facet normal 0.000000e+000 1.000000e+000 0.000000e+000
      outer loop
         vertex 8.000000e+002 2.000000e+001 -3.000000e+002
         vertex 9.000000e+002 2.000000e+001 -2.000000e+002
         vertex 8.923879e+002 2.000000e+001 -2.382683e+002
      endloop
   endfacet
   facet normal 0.000000e+000 1.000000e+000 0.000000e+000
      outer loop
         vertex 8.000000e+002 2.000000e+001 -3.000000e+002
         vertex 8.923879e+002 2.000000e+001 -2.382683e+002
         vertex 8.707107e+002 2.000000e+001 -2.707107e+002
      endloop
   endfacet
   facet normal 0.000000e+000 1.000000e+000 0.000000e+000
      outer loop
         vertex -1.000000e+003 2.000000e+001 2.000000e+002
         vertex -9.923879e+002 2.000000e+001 2.382683e+002
         vertex -8.500000e+002 2.000000e+001 1.100000e+002
      endloop
   endfacet
   facet normal 0.000000e+000 1.000000e+000 0.000000e+000
      outer loop
         vertex -8.500000e+002 2.000000e+001 1.100000e+002
         vertex -9.923879e+002 2.000000e+001 2.382683e+002
         vertex -9.707107e+002 2.000000e+001 2.707107e+002
      endloop
   endfacet
   facet normal 0.000000e+000 1.000000e+000 0.000000e+000
      outer loop
         vertex -8.500000e+002 2.000000e+001 1.100000e+002
         vertex -9.707107e+002 2.000000e+001 2.707107e+002
         vertex -9.382684e+002 2.000000e+001 2.923880e+002
      endloop
   endfacet
   facet normal 0.000000e+000 1.000000e+000 0.000000e+000
      outer loop
         vertex -9.923879e+002 2.000000e+001 -2.382683e+002
         vertex -1.000000e+003 2.000000e+001 -2.000000e+002
         vertex -9.707107e+002 2.000000e+001 -2.707107e+002
      endloop
   endfacet
   facet normal 0.000000e+000 1.000000e+000 0.000000e+000
      outer loop
         vertex -9.707107e+002 2.000000e+001 -2.707107e+002
         vertex -1.000000e+003 2.000000e+001 -2.000000e+002
         vertex -8.500000e+002 2.000000e+001 -1.100000e+002
      endloop
   endfacet
   facet normal 0.000000e+000 1.000000e+000 0.000000e+000
      outer loop
         vertex -9.707107e+002 2.000000e+001 -2.707107e+002
         vertex -8.500000e+002 2.000000e+001 -1.100000e+002
         vertex -9.382684e+002 2.000000e+001 -2.923880e+002
      endloop
   endfacet
   facet normal 0.000000e+000 1.000000e+000 0.000000e+000
      outer loop
         vertex -9.382684e+002 2.000000e+001 -2.923880e+002
         vertex -8.500000e+002 2.000000e+001 -1.100000e+002
         vertex -9.000000e+002 2.000000e+001 -3.000000e+002
      endloop
   endfacet
   facet normal 0.000000e+000 1.000000e+000 0.000000e+000
      outer loop
         vertex -9.382684e+002 2.000000e+001 2.923880e+002
         vertex -9.000000e+002 2.000000e+001 3.000000e+002
         vertex -8.500000e+002 2.000000e+001 1.100000e+002
      endloop
   endfacet
   facet normal 0.000000e+000 1.000000e+000 0.000000e+000
      outer loop
         vertex -8.500000e+002 2.000000e+001 1.100000e+002
         vertex -9.000000e+002 2.000000e+001 3.000000e+002
         vertex 8.000000e+002 2.000000e+001 3.000000e+002
      endloop
   endfacet
   facet normal 0.000000e+000 1.000000e+000 0.000000e+000
      outer loop
         vertex -8.500000e+002 2.000000e+001 1.100000e+002
         vertex 8.000000e+002 2.000000e+001 3.000000e+002
         vertex 9.000000e+002 2.000000e+001 2.000000e+002
      endloop
   endfacet
   facet normal 0.000000e+000 1.000000e+000 0.000000e+000
      outer loop
         vertex 9.000000e+002 2.000000e+001 2.000000e+002
         vertex 8.000000e+002 2.000000e+001 3.000000e+002
         vertex 8.707107e+002 2.000000e+001 2.707107e+002
      endloop
   endfacet
   facet normal 0.000000e+000 1.000000e+000 0.000000e+000
      outer loop
         vertex 9.000000e+002 2.000000e+001 2.000000e+002
         vertex 8.707107e+002 2.000000e+001 2.707107e+002
         vertex 8.923879e+002 2.000000e+001 2.382683e+002
      endloop
   endfacet
   facet normal 0.000000e+000 0.000000e+000 1.000000e+000
      outer loop
         vertex -8.500000e+002 3.000000e+001 1.000000e+002
         vertex -8.500000e+002 1.100000e+002 1.000000e+002
         vertex -1.000000e+003 3.000000e+001 1.000000e+002
      endloop
   endfacet
   facet normal 0.000000e+000 0.000000e+000 1.000000e+000
      outer loop
         vertex -1.000000e+003 3.000000e+001 1.000000e+002
         vertex -8.500000e+002 1.100000e+002 1.000000e+002
         vertex -1.000000e+003 1.100000e+002 1.000000e+002
      endloop
   endfacet
   facet normal 1.000000e+000 0.000000e+000 -5.551115e-016
      outer loop
         vertex -8.500000e+002 2.133975e+001 -1.050000e+002
         vertex -8.500000e+002 2.500000e+001 1.013397e+002
         vertex -8.500000e+002 2.000000e+001 -1.100000e+002
      endloop
   endfacet
   facet normal 1.000000e+000 0.000000e+000 -5.551115e-016
      outer loop
         vertex -8.500000e+002 2.000000e+001 -1.100000e+002
         vertex -8.500000e+002 2.500000e+001 1.013397e+002
         vertex -8.500000e+002 2.133975e+001 1.050000e+002
      endloop
   endfacet
   facet normal 1.000000e+000 0.000000e+000 -5.551115e-016
      outer loop
         vertex -8.500000e+002 2.000000e+001 -1.100000e+002
         vertex -8.500000e+002 2.133975e+001 1.050000e+002
         vertex -8.500000e+002 2.000000e+001 1.100000e+002
      endloop
   endfacet
   facet normal 1.000000e+000 0.000000e+000 -5.551115e-016
      outer loop
         vertex -8.500000e+002 3.000000e+001 -1.000000e+002
         vertex -8.500000e+002 1.100000e+002 -1.000000e+002
         vertex -8.500000e+002 1.100000e+002 1.000000e+002
      endloop
   endfacet
   facet normal 1.000000e+000 0.000000e+000 -5.551115e-016
      outer loop
         vertex -8.500000e+002 2.133975e+001 -1.050000e+002
         vertex -8.500000e+002 2.500000e+001 -1.013397e+002
         vertex -8.500000e+002 2.500000e+001 1.013397e+002
      endloop
   endfacet
   facet normal 1.000000e+000 0.000000e+000 -5.551115e-016
      outer loop
         vertex -8.500000e+002 2.500000e+001 1.013397e+002
         vertex -8.500000e+002 2.500000e+001 -1.013397e+002
         vertex -8.500000e+002 3.000000e+001 -1.000000e+002
      endloop
   endfacet
   facet normal 1.000000e+000 0.000000e+000 -5.551115e-016
      outer loop
         vertex -8.500000e+002 2.500000e+001 1.013397e+002
         vertex -8.500000e+002 3.000000e+001 -1.000000e+002
         vertex -8.500000e+002 3.000000e+001 1.000000e+002
      endloop
   endfacet
   facet normal 1.000000e+000 0.000000e+000 -5.551115e-016
      outer loop
         vertex -8.500000e+002 3.000000e+001 1.000000e+002
         vertex -8.500000e+002 3.000000e+001 -1.000000e+002
         vertex -8.500000e+002 1.100000e+002 1.000000e+002
      endloop
   endfacet
   facet normal 0.000000e+000 0.000000e+000 -1.000000e+000
      outer loop
         vertex -1.000000e+003 3.000000e+001 -1.000000e+002
         vertex -1.000000e+003 1.100000e+002 -1.000000e+002
         vertex -8.500000e+002 3.000000e+001 -1.000000e+002
      endloop
   endfacet
   facet normal 0.000000e+000 0.000000e+000 -1.000000e+000
      outer loop
         vertex -8.500000e+002 3.000000e+001 -1.000000e+002
         vertex -1.000000e+003 1.100000e+002 -1.000000e+002
         vertex -8.500000e+002 1.100000e+002 -1.000000e+002
      endloop
   endfacet
   facet normal 0.000000e+000 1.000000e+000 0.000000e+000
      outer loop
         vertex -9.900000e+002 1.200000e+002 -9.000000e+001
         vertex -9.900000e+002 1.200000e+002 9.000000e+001
         vertex -8.600000e+002 1.200000e+002 -9.000000e+001
      endloop
   endfacet
   facet normal 0.000000e+000 1.000000e+000 0.000000e+000
      outer loop
         vertex -8.600000e+002 1.200000e+002 -9.000000e+001
         vertex -9.900000e+002 1.200000e+002 9.000000e+001
         vertex -8.600000e+002 1.200000e+002 9.000000e+001
      endloop
   endfacet
   facet normal 0.000000e+000 9.914346e-001 1.306039e-001
      outer loop
         vertex -8.600000e+002 1.200000e+002 9.000000e+001
         vertex -9.900000e+002 1.200000e+002 9.000000e+001
         vertex -8.563680e+002 1.187056e+002 9.363202e+001
      endloop
   endfacet
   facet normal 0.000000e+000 9.531571e-001 3.024757e-001
      outer loop
         vertex -8.563680e+002 1.187056e+002 9.363202e+001
         vertex -9.900000e+002 1.200000e+002 9.000000e+001
         vertex -9.948489e+002 1.182719e+002 9.484895e+001
      endloop
   endfacet
   facet normal 0.000000e+000 8.855833e-001 4.644806e-001
      outer loop
         vertex -8.563680e+002 1.187056e+002 9.363202e+001
         vertex -9.948489e+002 1.182719e+002 9.484895e+001
         vertex -8.551511e+002 1.182719e+002 9.484895e+001
      endloop
   endfacet
   facet normal 0.000000e+000 5.734268e-001 8.192568e-001
      outer loop
         vertex -8.515381e+002 1.148563e+002 9.846188e+001
         vertex -8.530872e+002 1.169508e+002 9.691273e+001
         vertex -9.984619e+002 1.148563e+002 9.846188e+001
      endloop
   endfacet
   facet normal 0.000000e+000 6.690316e-001 7.432340e-001
      outer loop
         vertex -9.984619e+002 1.148563e+002 9.846188e+001
         vertex -8.530872e+002 1.169508e+002 9.691273e+001
         vertex -8.536754e+002 1.177460e+002 9.632455e+001
      endloop
   endfacet
   facet normal 0.000000e+000 8.367580e-001 5.475729e-001
      outer loop
         vertex -8.551511e+002 1.182719e+002 9.484895e+001
         vertex -9.948489e+002 1.182719e+002 9.484895e+001
         vertex -8.536754e+002 1.177460e+002 9.632455e+001
      endloop
   endfacet
   facet normal 0.000000e+000 8.074001e-001 5.900043e-001
      outer loop
         vertex -8.536754e+002 1.177460e+002 9.632455e+001
         vertex -9.948489e+002 1.182719e+002 9.484895e+001
         vertex -9.963245e+002 1.177460e+002 9.632455e+001
      endloop
   endfacet
   facet normal 0.000000e+000 6.931467e-001 7.207966e-001
      outer loop
         vertex -8.536754e+002 1.177460e+002 9.632455e+001
         vertex -9.963245e+002 1.177460e+002 9.632455e+001
         vertex -9.984619e+002 1.148563e+002 9.846188e+001
      endloop
   endfacet
   facet normal 0.000000e+000 1.281178e-001 9.917589e-001
      outer loop
         vertex -8.500000e+002 1.100000e+002 1.000000e+002
         vertex -8.507418e+002 1.137796e+002 9.925820e+001
         vertex -1.000000e+003 1.100000e+002 1.000000e+002
      endloop
   endfacet
   facet normal 0.000000e+000 2.578035e-001 9.661974e-001
      outer loop
         vertex -1.000000e+003 1.100000e+002 1.000000e+002
         vertex -8.507418e+002 1.137796e+002 9.925820e+001
         vertex -8.507714e+002 1.138196e+002 9.922862e+001
      endloop
   endfacet
   facet normal 0.000000e+000 4.609250e-001 8.874391e-001
      outer loop
         vertex -8.515381e+002 1.148563e+002 9.846188e+001
         vertex -9.984619e+002 1.148563e+002 9.846188e+001
         vertex -8.507714e+002 1.138196e+002 9.922862e+001
      endloop
   endfacet
   facet normal 0.000000e+000 4.209662e-001 9.070764e-001
      outer loop
         vertex -8.507714e+002 1.138196e+002 9.922862e+001
         vertex -9.984619e+002 1.148563e+002 9.846188e+001
         vertex -9.992582e+002 1.137796e+002 9.925820e+001
      endloop
   endfacet
   facet normal 0.000000e+000 2.578035e-001 9.661974e-001
      outer loop
         vertex -8.507714e+002 1.138196e+002 9.922862e+001
         vertex -9.992582e+002 1.137796e+002 9.925820e+001
         vertex -1.000000e+003 1.100000e+002 1.000000e+002
      endloop
   endfacet
   facet normal 1.306039e-001 9.914346e-001 4.157850e-030
      outer loop
         vertex -8.600000e+002 1.200000e+002 -9.000000e+001
         vertex -8.600000e+002 1.200000e+002 9.000000e+001
         vertex -8.563680e+002 1.187056e+002 9.363202e+001
      endloop
   endfacet
   facet normal 6.177763e-001 7.863539e-001 0.000000e+000
      outer loop
         vertex -8.530872e+002 1.169508e+002 -9.691273e+001
         vertex -8.536754e+002 1.177460e+002 -9.632455e+001
         vertex -8.551511e+002 1.182719e+002 9.484895e+001
      endloop
   endfacet
   facet normal 5.494179e-001 8.355477e-001 0.000000e+000
      outer loop
         vertex -8.551511e+002 1.182719e+002 9.484895e+001
         vertex -8.536754e+002 1.177460e+002 -9.632455e+001
         vertex -8.551511e+002 1.182719e+002 -9.484895e+001
      endloop
   endfacet
   facet normal 4.664331e-001 8.845565e-001 0.000000e+000
      outer loop
         vertex -8.551511e+002 1.182719e+002 9.484895e+001
         vertex -8.551511e+002 1.182719e+002 -9.484895e+001
         vertex -8.563680e+002 1.187056e+002 9.363202e+001
      endloop
   endfacet
   facet normal 4.261267e-001 9.046634e-001 0.000000e+000
      outer loop
         vertex -8.563680e+002 1.187056e+002 9.363202e+001
         vertex -8.551511e+002 1.182719e+002 -9.484895e+001
         vertex -8.563680e+002 1.187056e+002 -9.363202e+001
      endloop
   endfacet
   facet normal 2.612078e-001 9.652826e-001 2.078925e-030
      outer loop
         vertex -8.563680e+002 1.187056e+002 9.363202e+001
         vertex -8.563680e+002 1.187056e+002 -9.363202e+001
         vertex -8.600000e+002 1.200000e+002 -9.000000e+001
      endloop
   endfacet
   facet normal 6.177763e-001 7.863539e-001 0.000000e+000
      outer loop
         vertex -8.551511e+002 1.182719e+002 9.484895e+001
         vertex -8.536754e+002 1.177460e+002 9.632455e+001
         vertex -8.530872e+002 1.169508e+002 -9.691273e+001
      endloop
   endfacet
   facet normal 6.816548e-001 7.316739e-001 0.000000e+000
      outer loop
         vertex -8.530872e+002 1.169508e+002 -9.691273e+001
         vertex -8.536754e+002 1.177460e+002 9.632455e+001
         vertex -8.530872e+002 1.169508e+002 9.691273e+001
      endloop
   endfacet
   facet normal 7.652717e-001 6.437075e-001 0.000000e+000
      outer loop
         vertex -8.530872e+002 1.169508e+002 -9.691273e+001
         vertex -8.530872e+002 1.169508e+002 9.691273e+001
         vertex -8.515381e+002 1.148563e+002 -9.846188e+001
      endloop
   endfacet
   facet normal 8.197536e-001 5.727164e-001 0.000000e+000
      outer loop
         vertex -8.515381e+002 1.148563e+002 -9.846188e+001
         vertex -8.530872e+002 1.169508e+002 9.691273e+001
         vertex -8.515381e+002 1.148563e+002 9.846188e+001
      endloop
   endfacet
   facet normal 8.878371e-001 4.601579e-001 0.000000e+000
      outer loop
         vertex -8.515381e+002 1.148563e+002 -9.846188e+001
         vertex -8.515381e+002 1.148563e+002 9.846188e+001
         vertex -8.507714e+002 1.138196e+002 -9.922862e+001
      endloop
   endfacet
   facet normal 9.067609e-001 4.216450e-001 0.000000e+000
      outer loop
         vertex -8.507714e+002 1.138196e+002 -9.922862e+001
         vertex -8.515381e+002 1.148563e+002 9.846188e+001
         vertex -8.507714e+002 1.138196e+002 9.922862e+001
      endloop
   endfacet
   facet normal 9.245991e-001 3.809416e-001 0.000000e+000
      outer loop
         vertex -8.507714e+002 1.138196e+002 -9.922862e+001
         vertex -8.507714e+002 1.138196e+002 9.922862e+001
         vertex -8.507418e+002 1.137796e+002 -9.925820e+001
      endloop
   endfacet
   facet normal 9.252108e-001 3.794535e-001 0.000000e+000
      outer loop
         vertex -8.507418e+002 1.137796e+002 -9.925820e+001
         vertex -8.507714e+002 1.138196e+002 9.922862e+001
         vertex -8.507418e+002 1.137796e+002 9.925820e+001
      endloop
   endfacet
   facet normal 9.666143e-001 2.562356e-001 0.000000e+000
      outer loop
         vertex -8.507418e+002 1.137796e+002 -9.925820e+001
         vertex -8.507418e+002 1.137796e+002 9.925820e+001
         vertex -8.500000e+002 1.100000e+002 -1.000000e+002
      endloop
   endfacet
   facet normal 9.917589e-001 1.281178e-001 -1.881649e-016
      outer loop
         vertex -8.500000e+002 1.100000e+002 -1.000000e+002
         vertex -8.507418e+002 1.137796e+002 9.925820e+001
         vertex -8.500000e+002 1.100000e+002 1.000000e+002
      endloop
   endfacet
   facet normal -9.666143e-001 2.562356e-001 6.272164e-017
      outer loop
         vertex -9.992582e+002 1.137796e+002 -9.925820e+001
         vertex -1.000000e+003 1.100000e+002 -1.000000e+002
         vertex -9.992582e+002 1.137796e+002 9.925820e+001
      endloop
   endfacet
   facet normal -9.917589e-001 1.281178e-001 1.254433e-016
      outer loop
         vertex -9.992582e+002 1.137796e+002 9.925820e+001
         vertex -1.000000e+003 1.100000e+002 -1.000000e+002
         vertex -1.000000e+003 1.100000e+002 1.000000e+002
      endloop
   endfacet
   facet normal -9.077532e-001 4.195047e-001 0.000000e+000
      outer loop
         vertex -9.992582e+002 1.137796e+002 -9.925820e+001
         vertex -9.992582e+002 1.137796e+002 9.925820e+001
         vertex -9.984619e+002 1.148563e+002 -9.846188e+001
      endloop
   endfacet
   facet normal -8.881781e-001 4.594994e-001 0.000000e+000
      outer loop
         vertex -9.984619e+002 1.148563e+002 -9.846188e+001
         vertex -9.992582e+002 1.137796e+002 9.925820e+001
         vertex -9.984619e+002 1.148563e+002 9.846188e+001
      endloop
   endfacet
   facet normal -8.003242e-001 5.995675e-001 0.000000e+000
      outer loop
         vertex -9.984619e+002 1.148563e+002 -9.846188e+001
         vertex -9.984619e+002 1.148563e+002 9.846188e+001
         vertex -9.963245e+002 1.177460e+002 -9.632455e+001
      endloop
   endfacet
   facet normal -7.213858e-001 6.925334e-001 0.000000e+000
      outer loop
         vertex -9.963245e+002 1.177460e+002 -9.632455e+001
         vertex -9.984619e+002 1.148563e+002 9.846188e+001
         vertex -9.963245e+002 1.177460e+002 9.632455e+001
      endloop
   endfacet
   facet normal -5.900043e-001 8.074001e-001 0.000000e+000
      outer loop
         vertex -9.963245e+002 1.177460e+002 -9.632455e+001
         vertex -9.963245e+002 1.177460e+002 9.632455e+001
         vertex -9.948489e+002 1.182719e+002 -9.484895e+001
      endloop
   endfacet
   facet normal -5.475729e-001 8.367580e-001 0.000000e+000
      outer loop
         vertex -9.963245e+002 1.177460e+002 9.632455e+001
         vertex -9.948489e+002 1.182719e+002 9.484895e+001
         vertex -9.948489e+002 1.182719e+002 -9.484895e+001
      endloop
   endfacet
   facet normal -3.458247e-001 9.382991e-001 3.896020e-033
      outer loop
         vertex -9.948489e+002 1.182719e+002 -9.484895e+001
         vertex -9.948489e+002 1.182719e+002 9.484895e+001
         vertex -9.900000e+002 1.200000e+002 9.000000e+001
      endloop
   endfacet
   facet normal -1.718619e-001 9.851210e-001 3.894479e-033
      outer loop
         vertex -9.948489e+002 1.182719e+002 -9.484895e+001
         vertex -9.900000e+002 1.200000e+002 9.000000e+001
         vertex -9.900000e+002 1.200000e+002 -9.000000e+001
      endloop
   endfacet
   facet normal 0.000000e+000 2.578035e-001 -9.661974e-001
      outer loop
         vertex -8.507714e+002 1.138196e+002 -9.922862e+001
         vertex -8.507418e+002 1.137796e+002 -9.925820e+001
         vertex -8.500000e+002 1.100000e+002 -1.000000e+002
      endloop
   endfacet
   facet normal 0.000000e+000 9.847522e-001 -1.739628e-001
      outer loop
         vertex -9.948489e+002 1.182719e+002 -9.484895e+001
         vertex -9.900000e+002 1.200000e+002 -9.000000e+001
         vertex -8.600000e+002 1.200000e+002 -9.000000e+001
      endloop
   endfacet
   facet normal 0.000000e+000 9.524874e-001 -3.045779e-001
      outer loop
         vertex -8.600000e+002 1.200000e+002 -9.000000e+001
         vertex -8.563680e+002 1.187056e+002 -9.363202e+001
         vertex -9.948489e+002 1.182719e+002 -9.484895e+001
      endloop
   endfacet
   facet normal 0.000000e+000 8.845565e-001 -4.664331e-001
      outer loop
         vertex -9.948489e+002 1.182719e+002 -9.484895e+001
         vertex -8.563680e+002 1.187056e+002 -9.363202e+001
         vertex -8.551511e+002 1.182719e+002 -9.484895e+001
      endloop
   endfacet
   facet normal 0.000000e+000 8.355477e-001 -5.494179e-001
      outer loop
         vertex -9.948489e+002 1.182719e+002 -9.484895e+001
         vertex -8.551511e+002 1.182719e+002 -9.484895e+001
         vertex -9.963245e+002 1.177460e+002 -9.632455e+001
      endloop
   endfacet
   facet normal 0.000000e+000 8.061016e-001 -5.917771e-001
      outer loop
         vertex -8.551511e+002 1.182719e+002 -9.484895e+001
         vertex -8.536754e+002 1.177460e+002 -9.632455e+001
         vertex -9.963245e+002 1.177460e+002 -9.632455e+001
      endloop
   endfacet
   facet normal 0.000000e+000 7.535483e-001 -6.573925e-001
      outer loop
         vertex -9.963245e+002 1.177460e+002 -9.632455e+001
         vertex -8.536754e+002 1.177460e+002 -9.632455e+001
         vertex -8.530872e+002 1.169508e+002 -9.691273e+001
      endloop
   endfacet
   facet normal 0.000000e+000 6.683962e-001 -7.438055e-001
      outer loop
         vertex -9.963245e+002 1.177460e+002 -9.632455e+001
         vertex -8.530872e+002 1.169508e+002 -9.691273e+001
         vertex -9.984619e+002 1.148563e+002 -9.846188e+001
      endloop
   endfacet
   facet normal 0.000000e+000 5.727164e-001 -8.197536e-001
      outer loop
         vertex -9.984619e+002 1.148563e+002 -9.846188e+001
         vertex -8.530872e+002 1.169508e+002 -9.691273e+001
         vertex -8.515381e+002 1.148563e+002 -9.846188e+001
      endloop
   endfacet
   facet normal 0.000000e+000 4.587316e-001 -8.885749e-001
      outer loop
         vertex -9.984619e+002 1.148563e+002 -9.846188e+001
         vertex -8.515381e+002 1.148563e+002 -9.846188e+001
         vertex -9.992582e+002 1.137796e+002 -9.925820e+001
      endloop
   endfacet
   facet normal 0.000000e+000 4.201843e-001 -9.074388e-001
      outer loop
         vertex -9.992582e+002 1.137796e+002 -9.925820e+001
         vertex -8.515381e+002 1.148563e+002 -9.846188e+001
         vertex -8.507714e+002 1.138196e+002 -9.922862e+001
      endloop
   endfacet
   facet normal 0.000000e+000 2.578035e-001 -9.661974e-001
      outer loop
         vertex -9.992582e+002 1.137796e+002 -9.925820e+001
         vertex -8.507714e+002 1.138196e+002 -9.922862e+001
         vertex -1.000000e+003 1.100000e+002 -1.000000e+002
      endloop
   endfacet
   facet normal 0.000000e+000 1.296857e-001 -9.915551e-001
      outer loop
         vertex -1.000000e+003 1.100000e+002 -1.000000e+002
         vertex -8.507714e+002 1.138196e+002 -9.922862e+001
         vertex -8.500000e+002 1.100000e+002 -1.000000e+002
      endloop
   endfacet
   facet normal -4.785465e-001 0.000000e+000 8.780622e-001
      outer loop
         vertex -1.126640e+002 0.000000e+000 1.652478e+002
         vertex -1.126640e+002 -3.000000e+001 1.652478e+002
         vertex -5.895103e+001 0.000000e+000 1.911146e+002
      endloop
   endfacet
   facet normal -4.154675e-001 0.000000e+000 9.096081e-001
      outer loop
         vertex -5.895103e+001 0.000000e+000 1.911146e+002
         vertex -1.126640e+002 -3.000000e+001 1.652478e+002
         vertex -7.500000e+001 -3.000000e+001 1.833858e+002
      endloop
   endfacet
   facet normal -8.398451e-001 0.000000e+000 5.428261e-001
      outer loop
         vertex -1.861747e+002 0.000000e+000 7.306820e+001
         vertex -1.563663e+002 -3.000000e+001 1.246980e+002
         vertex -1.563663e+002 0.000000e+000 1.246980e+002
      endloop
   endfacet
   facet normal -7.799100e-001 0.000000e+000 6.258917e-001
      outer loop
         vertex -1.563663e+002 0.000000e+000 1.246980e+002
         vertex -1.563663e+002 -3.000000e+001 1.246980e+002
         vertex -1.550000e+002 -3.000000e+001 1.259657e+002
      endloop
   endfacet
   facet normal -7.139378e-001 0.000000e+000 7.002090e-001
      outer loop
         vertex -1.563663e+002 0.000000e+000 1.246980e+002
         vertex -1.550000e+002 -3.000000e+001 1.259657e+002
         vertex -1.126640e+002 0.000000e+000 1.652478e+002
      endloop
   endfacet
   facet normal -6.717947e-001 0.000000e+000 7.407374e-001
      outer loop
         vertex -1.126640e+002 0.000000e+000 1.652478e+002
         vertex -1.550000e+002 -3.000000e+001 1.259657e+002
         vertex -1.309280e+002 -3.000000e+001 1.483013e+002
      endloop
   endfacet
   facet normal -5.971913e-001 0.000000e+000 8.020989e-001
      outer loop
         vertex -1.126640e+002 0.000000e+000 1.652478e+002
         vertex -1.309280e+002 -3.000000e+001 1.483013e+002
         vertex -1.126640e+002 -3.000000e+001 1.652478e+002
      endloop
   endfacet
   facet normal -9.752007e-001 0.000000e+000 2.213222e-001
      outer loop
         vertex -1.994408e+002 0.000000e+000 1.494602e+001
         vertex -1.929689e+002 -3.000000e+001 4.330127e+001
         vertex -1.861747e+002 0.000000e+000 7.306820e+001
      endloop
   endfacet
   facet normal -9.483011e-001 0.000000e+000 3.173719e-001
      outer loop
         vertex -1.861747e+002 0.000000e+000 7.306820e+001
         vertex -1.929689e+002 -3.000000e+001 4.330127e+001
         vertex -1.861747e+002 -3.000000e+001 7.306820e+001
      endloop
   endfacet
   facet normal -8.900238e-001 0.000000e+000 4.559142e-001
      outer loop
         vertex -1.861747e+002 0.000000e+000 7.306820e+001
         vertex -1.861747e+002 -3.000000e+001 7.306820e+001
         vertex -1.563663e+002 -3.000000e+001 1.246980e+002
      endloop
   endfacet
   facet normal -8.406042e-001 0.000000e+000 -5.416499e-001
      outer loop
         vertex -1.550000e+002 -3.000000e+001 -1.228284e+002
         vertex -1.732051e+002 -3.000000e+001 -1.000000e+002
         vertex -1.732051e+002 0.000000e+000 -1.000000e+002
      endloop
   endfacet
   facet normal -9.113688e-001 0.000000e+000 -4.115907e-001
      outer loop
         vertex -1.732051e+002 0.000000e+000 -1.000000e+002
         vertex -1.732051e+002 -3.000000e+001 -1.000000e+002
         vertex -1.949856e+002 -3.000000e+001 -4.450419e+001
      endloop
   endfacet
   facet normal -9.480334e-001 0.000000e+000 -3.181708e-001
      outer loop
         vertex -1.732051e+002 0.000000e+000 -1.000000e+002
         vertex -1.949856e+002 -3.000000e+001 -4.450419e+001
         vertex -1.949856e+002 0.000000e+000 -4.450419e+001
      endloop
   endfacet
   facet normal -9.753687e-001 0.000000e+000 -2.205806e-001
      outer loop
         vertex -1.949856e+002 0.000000e+000 -4.450419e+001
         vertex -1.949856e+002 -3.000000e+001 -4.450419e+001
         vertex -1.950757e+002 -3.000000e+001 -4.330127e+001
      endloop
   endfacet
   facet normal -9.924451e-001 0.000000e+000 -1.226896e-001
      outer loop
         vertex -1.949856e+002 0.000000e+000 -4.450419e+001
         vertex -1.950757e+002 -3.000000e+001 -4.330127e+001
         vertex -1.994408e+002 0.000000e+000 1.494602e+001
      endloop
   endfacet
   facet normal -9.997440e-001 0.000000e+000 -2.262804e-002
      outer loop
         vertex -1.994408e+002 0.000000e+000 1.494602e+001
         vertex -1.950757e+002 -3.000000e+001 -4.330127e+001
         vertex -1.994408e+002 -3.000000e+001 1.494602e+001
      endloop
   endfacet
   facet normal -9.923949e-001 0.000000e+000 1.230947e-001
      outer loop
         vertex -1.994408e+002 0.000000e+000 1.494602e+001
         vertex -1.994408e+002 -3.000000e+001 1.494602e+001
         vertex -1.929689e+002 -3.000000e+001 4.330127e+001
      endloop
   endfacet
   facet normal -7.824767e-001 0.000000e+000 -6.226799e-001
      outer loop
         vertex -1.550000e+002 -3.000000e+001 -1.228284e+002
         vertex -1.732051e+002 0.000000e+000 -1.000000e+002
         vertex -1.360345e+002 -3.000000e+001 -1.466104e+002
      endloop
   endfacet
   facet normal -7.495607e-001 0.000000e+000 -6.619356e-001
      outer loop
         vertex -1.360345e+002 -3.000000e+001 -1.466104e+002
         vertex -1.732051e+002 0.000000e+000 -1.000000e+002
         vertex -1.360345e+002 0.000000e+000 -1.466104e+002
      endloop
   endfacet
   facet normal -6.040699e-001 0.000000e+000 -7.969313e-001
      outer loop
         vertex -1.360345e+002 -3.000000e+001 -1.466104e+002
         vertex -1.360345e+002 0.000000e+000 -1.466104e+002
         vertex -8.677675e+001 0.000000e+000 -1.801938e+002
      endloop
   endfacet
   facet normal -3.229118e-001 0.000000e+000 -9.464291e-001
      outer loop
         vertex -2.980845e+001 0.000000e+000 -1.977662e+002
         vertex -7.500000e+001 -3.000000e+001 -1.838264e+002
         vertex -8.677675e+001 0.000000e+000 -1.801938e+002
      endloop
   endfacet
   facet normal -4.153507e-001 0.000000e+000 -9.096614e-001
      outer loop
         vertex -8.677675e+001 0.000000e+000 -1.801938e+002
         vertex -7.500000e+001 -3.000000e+001 -1.838264e+002
         vertex -8.677675e+001 -3.000000e+001 -1.801938e+002
      endloop
   endfacet
   facet normal -5.211509e-001 0.000000e+000 -8.534645e-001
      outer loop
         vertex -8.677675e+001 0.000000e+000 -1.801938e+002
         vertex -8.677675e+001 -3.000000e+001 -1.801938e+002
         vertex -1.360345e+002 -3.000000e+001 -1.466104e+002
      endloop
   endfacet
   facet normal 0.000000e+000 0.000000e+000 -1.000000e+000
      outer loop
         vertex 2.980845e+001 0.000000e+000 -1.977662e+002
         vertex 7.347881e-014 -3.000000e+001 -2.000000e+002
         vertex -2.980845e+001 0.000000e+000 -1.977662e+002
      endloop
   endfacet
   facet normal -9.960905e-002 0.000000e+000 -9.950266e-001
      outer loop
         vertex -2.980845e+001 0.000000e+000 -1.977662e+002
         vertex 7.347881e-014 -3.000000e+001 -2.000000e+002
         vertex -2.980845e+001 -3.000000e+001 -1.977662e+002
      endloop
   endfacet
   facet normal -2.267042e-001 0.000000e+000 -9.739637e-001
      outer loop
         vertex -2.980845e+001 0.000000e+000 -1.977662e+002
         vertex -2.980845e+001 -3.000000e+001 -1.977662e+002
         vertex -7.500000e+001 -3.000000e+001 -1.838264e+002
      endloop
   endfacet
   facet normal 9.113688e-001 0.000000e+000 -4.115907e-001
      outer loop
         vertex 1.949856e+002 0.000000e+000 -4.450419e+001
         vertex 1.732051e+002 -3.000000e+001 -1.000000e+002
         vertex 1.732051e+002 0.000000e+000 -1.000000e+002
      endloop
   endfacet
   facet normal 8.121324e-001 0.000000e+000 -5.834731e-001
      outer loop
         vertex 1.732051e+002 0.000000e+000 -1.000000e+002
         vertex 1.732051e+002 -3.000000e+001 -1.000000e+002
         vertex 1.360345e+002 -3.000000e+001 -1.466104e+002
      endloop
   endfacet
   facet normal 7.495607e-001 0.000000e+000 -6.619356e-001
      outer loop
         vertex 1.732051e+002 0.000000e+000 -1.000000e+002
         vertex 1.360345e+002 -3.000000e+001 -1.466104e+002
         vertex 1.360345e+002 0.000000e+000 -1.466104e+002
      endloop
   endfacet
   facet normal 6.040699e-001 0.000000e+000 -7.969313e-001
      outer loop
         vertex 1.360345e+002 0.000000e+000 -1.466104e+002
         vertex 1.360345e+002 -3.000000e+001 -1.466104e+002
         vertex 8.677675e+001 -3.000000e+001 -1.801938e+002
      endloop
   endfacet
   facet normal 5.211509e-001 0.000000e+000 -8.534645e-001
      outer loop
         vertex 1.360345e+002 0.000000e+000 -1.466104e+002
         vertex 8.677675e+001 -3.000000e+001 -1.801938e+002
         vertex 8.677675e+001 0.000000e+000 -1.801938e+002
      endloop
   endfacet
   facet normal 4.153507e-001 0.000000e+000 -9.096614e-001
      outer loop
         vertex 8.677675e+001 0.000000e+000 -1.801938e+002
         vertex 8.677675e+001 -3.000000e+001 -1.801938e+002
         vertex 7.500000e+001 -3.000000e+001 -1.838264e+002
      endloop
   endfacet
   facet normal 3.229118e-001 0.000000e+000 -9.464291e-001
      outer loop
         vertex 8.677675e+001 0.000000e+000 -1.801938e+002
         vertex 7.500000e+001 -3.000000e+001 -1.838264e+002
         vertex 2.980845e+001 0.000000e+000 -1.977662e+002
      endloop
   endfacet
   facet normal 2.267042e-001 0.000000e+000 -9.739637e-001
      outer loop
         vertex 2.980845e+001 0.000000e+000 -1.977662e+002
         vertex 7.500000e+001 -3.000000e+001 -1.838264e+002
         vertex 2.980845e+001 -3.000000e+001 -1.977662e+002
      endloop
   endfacet
   facet normal 9.960905e-002 0.000000e+000 -9.950266e-001
      outer loop
         vertex 2.980845e+001 0.000000e+000 -1.977662e+002
         vertex 2.980845e+001 -3.000000e+001 -1.977662e+002
         vertex 7.347881e-014 -3.000000e+001 -2.000000e+002
      endloop
   endfacet
   facet normal 9.923949e-001 0.000000e+000 1.230947e-001
      outer loop
         vertex 1.929689e+002 -3.000000e+001 4.330127e+001
         vertex 1.994408e+002 -3.000000e+001 1.494602e+001
         vertex 1.994408e+002 0.000000e+000 1.494602e+001
      endloop
   endfacet
   facet normal 9.997440e-001 0.000000e+000 -2.262804e-002
      outer loop
         vertex 1.994408e+002 0.000000e+000 1.494602e+001
         vertex 1.994408e+002 -3.000000e+001 1.494602e+001
         vertex 1.950757e+002 -3.000000e+001 -4.330127e+001
      endloop
   endfacet
   facet normal 9.924451e-001 0.000000e+000 -1.226896e-001
      outer loop
         vertex 1.994408e+002 0.000000e+000 1.494602e+001
         vertex 1.950757e+002 -3.000000e+001 -4.330127e+001
         vertex 1.949856e+002 0.000000e+000 -4.450419e+001
      endloop
   endfacet
   facet normal 9.753687e-001 0.000000e+000 -2.205806e-001
      outer loop
         vertex 1.949856e+002 0.000000e+000 -4.450419e+001
         vertex 1.950757e+002 -3.000000e+001 -4.330127e+001
         vertex 1.949856e+002 -3.000000e+001 -4.450419e+001
      endloop
   endfacet
   facet normal 9.480334e-001 0.000000e+000 -3.181708e-001
      outer loop
         vertex 1.949856e+002 0.000000e+000 -4.450419e+001
         vertex 1.949856e+002 -3.000000e+001 -4.450419e+001
         vertex 1.732051e+002 -3.000000e+001 -1.000000e+002
      endloop
   endfacet
   facet normal 9.752007e-001 0.000000e+000 2.213222e-001
      outer loop
         vertex 1.929689e+002 -3.000000e+001 4.330127e+001
         vertex 1.994408e+002 0.000000e+000 1.494602e+001
         vertex 1.861747e+002 -3.000000e+001 7.306820e+001
      endloop
   endfacet
   facet normal 9.625340e-001 0.000000e+000 2.711612e-001
      outer loop
         vertex 1.861747e+002 -3.000000e+001 7.306820e+001
         vertex 1.994408e+002 0.000000e+000 1.494602e+001
         vertex 1.861747e+002 0.000000e+000 7.306820e+001
      endloop
   endfacet
   facet normal 8.900238e-001 0.000000e+000 4.559142e-001
      outer loop
         vertex 1.861747e+002 -3.000000e+001 7.306820e+001
         vertex 1.861747e+002 0.000000e+000 7.306820e+001
         vertex 1.563663e+002 0.000000e+000 1.246980e+002
      endloop
   endfacet
   facet normal 6.740592e-001 0.000000e+000 7.386773e-001
      outer loop
         vertex 1.126640e+002 0.000000e+000 1.652478e+002
         vertex 1.309280e+002 -3.000000e+001 1.483013e+002
         vertex 1.563663e+002 0.000000e+000 1.246980e+002
      endloop
   endfacet
   facet normal 7.443432e-001 0.000000e+000 6.677974e-001
      outer loop
         vertex 1.563663e+002 0.000000e+000 1.246980e+002
         vertex 1.309280e+002 -3.000000e+001 1.483013e+002
         vertex 1.563663e+002 -3.000000e+001 1.246980e+002
      endloop
   endfacet
   facet normal 8.398451e-001 0.000000e+000 5.428261e-001
      outer loop
         vertex 1.563663e+002 0.000000e+000 1.246980e+002
         vertex 1.563663e+002 -3.000000e+001 1.246980e+002
         vertex 1.861747e+002 -3.000000e+001 7.306820e+001
      endloop
   endfacet
   facet normal -3.229678e-001 0.000000e+000 9.464100e-001
      outer loop
         vertex -7.500000e+001 -3.000000e+001 1.833858e+002
         vertex -5.895103e+001 -3.000000e+001 1.911146e+002
         vertex -5.895103e+001 0.000000e+000 1.911146e+002
      endloop
   endfacet
   facet normal -1.984727e-001 0.000000e+000 9.801064e-001
      outer loop
         vertex -5.895103e+001 0.000000e+000 1.911146e+002
         vertex -5.895103e+001 -3.000000e+001 1.911146e+002
         vertex 0.000000e+000 -3.000000e+001 2.000000e+002
      endloop
   endfacet
   facet normal -9.923634e-002 0.000000e+000 9.950639e-001
      outer loop
         vertex -5.895103e+001 0.000000e+000 1.911146e+002
         vertex 0.000000e+000 -3.000000e+001 2.000000e+002
         vertex 0.000000e+000 0.000000e+000 2.000000e+002
      endloop
   endfacet
   facet normal 9.923634e-002 0.000000e+000 9.950639e-001
      outer loop
         vertex 0.000000e+000 0.000000e+000 2.000000e+002
         vertex 0.000000e+000 -3.000000e+001 2.000000e+002
         vertex 5.895103e+001 -3.000000e+001 1.911146e+002
      endloop
   endfacet
   facet normal 1.984727e-001 0.000000e+000 9.801064e-001
      outer loop
         vertex 0.000000e+000 0.000000e+000 2.000000e+002
         vertex 5.895103e+001 -3.000000e+001 1.911146e+002
         vertex 5.895103e+001 0.000000e+000 1.911146e+002
      endloop
   endfacet
   facet normal 3.229678e-001 0.000000e+000 9.464100e-001
      outer loop
         vertex 5.895103e+001 0.000000e+000 1.911146e+002
         vertex 5.895103e+001 -3.000000e+001 1.911146e+002
         vertex 7.500000e+001 -3.000000e+001 1.833858e+002
      endloop
   endfacet
   facet normal 4.154675e-001 0.000000e+000 9.096081e-001
      outer loop
         vertex 5.895103e+001 0.000000e+000 1.911146e+002
         vertex 7.500000e+001 -3.000000e+001 1.833858e+002
         vertex 1.126640e+002 0.000000e+000 1.652478e+002
      endloop
   endfacet
   facet normal 5.041984e-001 0.000000e+000 8.635878e-001
      outer loop
         vertex 1.126640e+002 0.000000e+000 1.652478e+002
         vertex 7.500000e+001 -3.000000e+001 1.833858e+002
         vertex 1.126640e+002 -3.000000e+001 1.652478e+002
      endloop
   endfacet
   facet normal 5.971913e-001 0.000000e+000 8.020988e-001
      outer loop
         vertex 1.126640e+002 0.000000e+000 1.652478e+002
         vertex 1.126640e+002 -3.000000e+001 1.652478e+002
         vertex 1.309280e+002 -3.000000e+001 1.483013e+002
      endloop
   endfacet
   facet normal 0.000000e+000 -1.000000e+000 0.000000e+000
      outer loop
         vertex 1.563663e+002 -3.000000e+001 1.246980e+002
         vertex 1.309280e+002 -3.000000e+001 1.483013e+002
         vertex 7.500000e+001 -3.000000e+001 1.483013e+002
      endloop
   endfacet
   facet normal 0.000000e+000 -1.000000e+000 0.000000e+000
      outer loop
         vertex -5.866026e+001 -3.000000e+001 -8.160255e+001
         vertex -7.500000e+001 -3.000000e+001 -4.330127e+001
         vertex -6.000000e+001 -3.000000e+001 -8.660254e+001
      endloop
   endfacet
   facet normal 0.000000e+000 -1.000000e+000 0.000000e+000
      outer loop
         vertex -6.000000e+001 -3.000000e+001 -8.660254e+001
         vertex -7.500000e+001 -3.000000e+001 -4.330127e+001
         vertex -7.500000e+001 -3.000000e+001 -1.838264e+002
      endloop
   endfacet
   facet normal 0.000000e+000 -1.000000e+000 0.000000e+000
      outer loop
         vertex -6.000000e+001 -3.000000e+001 -8.660254e+001
         vertex -7.500000e+001 -3.000000e+001 -1.838264e+002
         vertex -5.866026e+001 -3.000000e+001 -9.160254e+001
      endloop
   endfacet
   facet normal 0.000000e+000 -1.000000e+000 0.000000e+000
      outer loop
         vertex -4.500000e+001 -3.000000e+001 -7.794229e+001
         vertex 9.089951e-013 -3.000000e+001 -4.330127e+001
         vertex -5.000000e+001 -3.000000e+001 -7.660254e+001
      endloop
   endfacet
   facet normal 0.000000e+000 -1.000000e+000 0.000000e+000
      outer loop
         vertex -5.000000e+001 -3.000000e+001 -7.660254e+001
         vertex 9.089951e-013 -3.000000e+001 -4.330127e+001
         vertex -7.500000e+001 -3.000000e+001 -4.330127e+001
      endloop
   endfacet
   facet normal 0.000000e+000 -1.000000e+000 0.000000e+000
      outer loop
         vertex -5.000000e+001 -3.000000e+001 -7.660254e+001
         vertex -7.500000e+001 -3.000000e+001 -4.330127e+001
         vertex -5.500000e+001 -3.000000e+001 -7.794229e+001
      endloop
   endfacet
   facet normal 0.000000e+000 -1.000000e+000 0.000000e+000
      outer loop
         vertex -5.500000e+001 -3.000000e+001 -7.794229e+001
         vertex -7.500000e+001 -3.000000e+001 -4.330127e+001
         vertex -5.866026e+001 -3.000000e+001 -8.160255e+001
      endloop
   endfacet
   facet normal 0.000000e+000 -1.000000e+000 0.000000e+000
      outer loop
         vertex 2.449294e-014 -3.000000e+001 -2.000000e+002
         vertex -4.500000e+001 -3.000000e+001 -9.526279e+001
         vertex -2.980845e+001 -3.000000e+001 -1.977662e+002
      endloop
   endfacet
   facet normal 0.000000e+000 -1.000000e+000 0.000000e+000
      outer loop
         vertex -2.980845e+001 -3.000000e+001 -1.977662e+002
         vertex -4.500000e+001 -3.000000e+001 -9.526279e+001
         vertex -5.000000e+001 -3.000000e+001 -9.660254e+001
      endloop
   endfacet
   facet normal 0.000000e+000 -1.000000e+000 0.000000e+000
      outer loop
         vertex -2.980845e+001 -3.000000e+001 -1.977662e+002
         vertex -5.000000e+001 -3.000000e+001 -9.660254e+001
         vertex -7.500000e+001 -3.000000e+001 -1.838264e+002
      endloop
   endfacet
   facet normal 0.000000e+000 -1.000000e+000 0.000000e+000
      outer loop
         vertex -7.500000e+001 -3.000000e+001 -1.838264e+002
         vertex -5.000000e+001 -3.000000e+001 -9.660254e+001
         vertex -5.500000e+001 -3.000000e+001 -9.526279e+001
      endloop
   endfacet
   facet normal 0.000000e+000 -1.000000e+000 0.000000e+000
      outer loop
         vertex -7.500000e+001 -3.000000e+001 -1.838264e+002
         vertex -5.500000e+001 -3.000000e+001 -9.526279e+001
         vertex -5.866026e+001 -3.000000e+001 -9.160254e+001
      endloop
   endfacet
   facet normal 0.000000e+000 -1.000000e+000 0.000000e+000
      outer loop
         vertex -4.500000e+001 -3.000000e+001 -7.794229e+001
         vertex -4.133975e+001 -3.000000e+001 -8.160255e+001
         vertex 9.089951e-013 -3.000000e+001 -4.330127e+001
      endloop
   endfacet
   facet normal 0.000000e+000 -1.000000e+000 0.000000e+000
      outer loop
         vertex 9.089951e-013 -3.000000e+001 -4.330127e+001
         vertex -4.133975e+001 -3.000000e+001 -8.160255e+001
         vertex -4.000000e+001 -3.000000e+001 -8.660254e+001
      endloop
   endfacet
   facet normal 0.000000e+000 -1.000000e+000 0.000000e+000
      outer loop
         vertex 9.089951e-013 -3.000000e+001 -4.330127e+001
         vertex -4.000000e+001 -3.000000e+001 -8.660254e+001
         vertex 2.449294e-014 -3.000000e+001 -2.000000e+002
      endloop
   endfacet
   facet normal 0.000000e+000 -1.000000e+000 0.000000e+000
      outer loop
         vertex 2.449294e-014 -3.000000e+001 -2.000000e+002
         vertex -4.000000e+001 -3.000000e+001 -8.660254e+001
         vertex -4.133975e+001 -3.000000e+001 -9.160254e+001
      endloop
   endfacet
   facet normal 0.000000e+000 -1.000000e+000 0.000000e+000
      outer loop
         vertex 2.449294e-014 -3.000000e+001 -2.000000e+002
         vertex -4.133975e+001 -3.000000e+001 -9.160254e+001
         vertex -4.500000e+001 -3.000000e+001 -9.526279e+001
      endloop
   endfacet
   facet normal 0.000000e+000 -1.000000e+000 0.000000e+000
      outer loop
         vertex -1.550000e+002 -3.000000e+001 -1.228284e+002
         vertex -1.360345e+002 -3.000000e+001 -1.466104e+002
         vertex -7.500000e+001 -3.000000e+001 -4.330127e+001
      endloop
   endfacet
   facet normal 0.000000e+000 -1.000000e+000 0.000000e+000
      outer loop
         vertex -7.500000e+001 -3.000000e+001 -4.330127e+001
         vertex -1.360345e+002 -3.000000e+001 -1.466104e+002
         vertex -8.677675e+001 -3.000000e+001 -1.801938e+002
      endloop
   endfacet
   facet normal 0.000000e+000 -1.000000e+000 0.000000e+000
      outer loop
         vertex -7.500000e+001 -3.000000e+001 -4.330127e+001
         vertex -8.677675e+001 -3.000000e+001 -1.801938e+002
         vertex -7.500000e+001 -3.000000e+001 -1.838264e+002
      endloop
   endfacet
   facet normal 0.000000e+000 -1.000000e+000 0.000000e+000
      outer loop
         vertex -1.950757e+002 -3.000000e+001 -4.330127e+001
         vertex -1.949856e+002 -3.000000e+001 -4.450419e+001
         vertex -1.550000e+002 -3.000000e+001 -4.330127e+001
      endloop
   endfacet
   facet normal 0.000000e+000 -1.000000e+000 0.000000e+000
      outer loop
         vertex -1.550000e+002 -3.000000e+001 -4.330127e+001
         vertex -1.949856e+002 -3.000000e+001 -4.450419e+001
         vertex -1.732051e+002 -3.000000e+001 -1.000000e+002
      endloop
   endfacet
   facet normal 0.000000e+000 -1.000000e+000 0.000000e+000
      outer loop
         vertex -1.950757e+002 -3.000000e+001 -4.330127e+001
         vertex -1.550000e+002 -3.000000e+001 -4.330127e+001
         vertex -1.994408e+002 -3.000000e+001 1.494602e+001
      endloop
   endfacet
   facet normal 0.000000e+000 -1.000000e+000 0.000000e+000
      outer loop
         vertex -1.994408e+002 -3.000000e+001 1.494602e+001
         vertex -1.550000e+002 -3.000000e+001 -4.330127e+001
         vertex -1.550000e+002 -3.000000e+001 4.330127e+001
      endloop
   endfacet
   facet normal 0.000000e+000 -1.000000e+000 0.000000e+000
      outer loop
         vertex -1.994408e+002 -3.000000e+001 1.494602e+001
         vertex -1.550000e+002 -3.000000e+001 4.330127e+001
         vertex -1.929689e+002 -3.000000e+001 4.330127e+001
      endloop
   endfacet
   facet normal 0.000000e+000 -1.000000e+000 0.000000e+000
      outer loop
         vertex -1.550000e+002 -3.000000e+001 1.259657e+002
         vertex -1.563663e+002 -3.000000e+001 1.246980e+002
         vertex -1.550000e+002 -3.000000e+001 4.330127e+001
      endloop
   endfacet
   facet normal 0.000000e+000 -1.000000e+000 0.000000e+000
      outer loop
         vertex -1.550000e+002 -3.000000e+001 4.330127e+001
         vertex -1.563663e+002 -3.000000e+001 1.246980e+002
         vertex -1.861747e+002 -3.000000e+001 7.306820e+001
      endloop
   endfacet
   facet normal 0.000000e+000 -1.000000e+000 0.000000e+000
      outer loop
         vertex -1.550000e+002 -3.000000e+001 4.330127e+001
         vertex -1.861747e+002 -3.000000e+001 7.306820e+001
         vertex -1.929689e+002 -3.000000e+001 4.330127e+001
      endloop
   endfacet
   facet normal 0.000000e+000 -1.000000e+000 0.000000e+000
      outer loop
         vertex -5.895103e+001 -3.000000e+001 1.911146e+002
         vertex -7.500000e+001 -3.000000e+001 1.833858e+002
         vertex -7.500000e+001 -3.000000e+001 1.483013e+002
      endloop
   endfacet
   facet normal 0.000000e+000 -1.000000e+000 0.000000e+000
      outer loop
         vertex -7.500000e+001 -3.000000e+001 1.483013e+002
         vertex -7.500000e+001 -3.000000e+001 1.833858e+002
         vertex -1.126640e+002 -3.000000e+001 1.652478e+002
      endloop
   endfacet
   facet normal 0.000000e+000 -1.000000e+000 0.000000e+000
      outer loop
         vertex -7.500000e+001 -3.000000e+001 1.483013e+002
         vertex -1.126640e+002 -3.000000e+001 1.652478e+002
         vertex -1.309280e+002 -3.000000e+001 1.483013e+002
      endloop
   endfacet
   facet normal 0.000000e+000 -1.000000e+000 0.000000e+000
      outer loop
         vertex 0.000000e+000 -3.000000e+001 2.000000e+002
         vertex 9.089951e-013 -3.000000e+001 1.483013e+002
         vertex 5.895103e+001 -3.000000e+001 1.911146e+002
      endloop
   endfacet
   facet normal 0.000000e+000 -1.000000e+000 0.000000e+000
      outer loop
         vertex 5.895103e+001 -3.000000e+001 1.911146e+002
         vertex 9.089951e-013 -3.000000e+001 1.483013e+002
         vertex 7.500000e+001 -3.000000e+001 1.483013e+002
      endloop
   endfacet
   facet normal 0.000000e+000 -1.000000e+000 0.000000e+000
      outer loop
         vertex 1.309280e+002 -3.000000e+001 1.483013e+002
         vertex 1.126640e+002 -3.000000e+001 1.652478e+002
         vertex 7.500000e+001 -3.000000e+001 1.483013e+002
      endloop
   endfacet
   facet normal 0.000000e+000 -1.000000e+000 0.000000e+000
      outer loop
         vertex 7.500000e+001 -3.000000e+001 1.483013e+002
         vertex 1.126640e+002 -3.000000e+001 1.652478e+002
         vertex 7.500000e+001 -3.000000e+001 1.833858e+002
      endloop
   endfacet
   facet normal 0.000000e+000 -1.000000e+000 0.000000e+000
      outer loop
         vertex 7.500000e+001 -3.000000e+001 1.483013e+002
         vertex 7.500000e+001 -3.000000e+001 1.833858e+002
         vertex 5.895103e+001 -3.000000e+001 1.911146e+002
      endloop
   endfacet
   facet normal 0.000000e+000 -1.000000e+000 0.000000e+000
      outer loop
         vertex 7.500000e+001 -3.000000e+001 4.330127e+001
         vertex 1.929689e+002 -3.000000e+001 4.330127e+001
         vertex 1.861747e+002 -3.000000e+001 7.306820e+001
      endloop
   endfacet
   facet normal 0.000000e+000 -1.000000e+000 0.000000e+000
      outer loop
         vertex 1.000000e+002 -3.000000e+001 -1.000000e+001
         vertex 7.500000e+001 -3.000000e+001 -4.330127e+001
         vertex 1.050000e+002 -3.000000e+001 -8.660254e+000
      endloop
   endfacet
   facet normal 0.000000e+000 -1.000000e+000 0.000000e+000
      outer loop
         vertex 1.050000e+002 -3.000000e+001 -8.660254e+000
         vertex 7.500000e+001 -3.000000e+001 -4.330127e+001
         vertex 1.950757e+002 -3.000000e+001 -4.330127e+001
      endloop
   endfacet
   facet normal 0.000000e+000 -1.000000e+000 0.000000e+000
      outer loop
         vertex 1.000000e+002 -3.000000e+001 -1.000000e+001
         vertex 9.500000e+001 -3.000000e+001 -8.660254e+000
         vertex 7.500000e+001 -3.000000e+001 -4.330127e+001
      endloop
   endfacet
   facet normal 0.000000e+000 -1.000000e+000 0.000000e+000
      outer loop
         vertex 7.500000e+001 -3.000000e+001 -4.330127e+001
         vertex 9.500000e+001 -3.000000e+001 -8.660254e+000
         vertex 9.133974e+001 -3.000000e+001 -5.000000e+000
      endloop
   endfacet
   facet normal 0.000000e+000 -1.000000e+000 0.000000e+000
      outer loop
         vertex 7.500000e+001 -3.000000e+001 -4.330127e+001
         vertex 9.133974e+001 -3.000000e+001 -5.000000e+000
         vertex 9.000000e+001 -3.000000e+001 1.071875e-014
      endloop
   endfacet
   facet normal 0.000000e+000 -1.000000e+000 0.000000e+000
      outer loop
         vertex 7.500000e+001 -3.000000e+001 4.330127e+001
         vertex 9.000000e+001 -3.000000e+001 1.071875e-014
         vertex 9.133974e+001 -3.000000e+001 5.000000e+000
      endloop
   endfacet
   facet normal 0.000000e+000 -1.000000e+000 0.000000e+000
      outer loop
         vertex 9.133974e+001 -3.000000e+001 5.000000e+000
         vertex 9.500000e+001 -3.000000e+001 8.660254e+000
         vertex 7.500000e+001 -3.000000e+001 4.330127e+001
      endloop
   endfacet
   facet normal 0.000000e+000 -1.000000e+000 0.000000e+000
      outer loop
         vertex 7.500000e+001 -3.000000e+001 4.330127e+001
         vertex 9.500000e+001 -3.000000e+001 8.660254e+000
         vertex 1.000000e+002 -3.000000e+001 1.000000e+001
      endloop
   endfacet
   facet normal 0.000000e+000 -1.000000e+000 0.000000e+000
      outer loop
         vertex 7.500000e+001 -3.000000e+001 4.330127e+001
         vertex 1.000000e+002 -3.000000e+001 1.000000e+001
         vertex 1.929689e+002 -3.000000e+001 4.330127e+001
      endloop
   endfacet
   facet normal 0.000000e+000 -1.000000e+000 0.000000e+000
      outer loop
         vertex 1.000000e+002 -3.000000e+001 1.000000e+001
         vertex 1.050000e+002 -3.000000e+001 8.660254e+000
         vertex 1.929689e+002 -3.000000e+001 4.330127e+001
      endloop
   endfacet
   facet normal 0.000000e+000 -1.000000e+000 0.000000e+000
      outer loop
         vertex 1.929689e+002 -3.000000e+001 4.330127e+001
         vertex 1.050000e+002 -3.000000e+001 8.660254e+000
         vertex 1.086602e+002 -3.000000e+001 5.000000e+000
      endloop
   endfacet
   facet normal 0.000000e+000 -1.000000e+000 0.000000e+000
      outer loop
         vertex 1.929689e+002 -3.000000e+001 4.330127e+001
         vertex 1.086602e+002 -3.000000e+001 5.000000e+000
         vertex 1.994408e+002 -3.000000e+001 1.494602e+001
      endloop
   endfacet
   facet normal 0.000000e+000 -1.000000e+000 0.000000e+000
      outer loop
         vertex 1.994408e+002 -3.000000e+001 1.494602e+001
         vertex 1.086602e+002 -3.000000e+001 5.000000e+000
         vertex 1.100000e+002 -3.000000e+001 -2.832770e-015
      endloop
   endfacet
   facet normal 0.000000e+000 -1.000000e+000 0.000000e+000
      outer loop
         vertex 1.994408e+002 -3.000000e+001 1.494602e+001
         vertex 1.100000e+002 -3.000000e+001 -2.832770e-015
         vertex 1.950757e+002 -3.000000e+001 -4.330127e+001
      endloop
   endfacet
   facet normal 0.000000e+000 -1.000000e+000 0.000000e+000
      outer loop
         vertex 1.950757e+002 -3.000000e+001 -4.330127e+001
         vertex 1.100000e+002 -3.000000e+001 -2.832770e-015
         vertex 1.086602e+002 -3.000000e+001 -5.000000e+000
      endloop
   endfacet
   facet normal 0.000000e+000 -1.000000e+000 0.000000e+000
      outer loop
         vertex 1.950757e+002 -3.000000e+001 -4.330127e+001
         vertex 1.086602e+002 -3.000000e+001 -5.000000e+000
         vertex 1.050000e+002 -3.000000e+001 -8.660254e+000
      endloop
   endfacet
   facet normal 0.000000e+000 -1.000000e+000 0.000000e+000
      outer loop
         vertex 1.360345e+002 -3.000000e+001 -1.466104e+002
         vertex 7.500000e+001 -3.000000e+001 -4.330127e+001
         vertex 8.677675e+001 -3.000000e+001 -1.801938e+002
      endloop
   endfacet
   facet normal 0.000000e+000 -1.000000e+000 0.000000e+000
      outer loop
         vertex 8.677675e+001 -3.000000e+001 -1.801938e+002
         vertex 7.500000e+001 -3.000000e+001 -4.330127e+001
         vertex 7.500000e+001 -3.000000e+001 -1.838264e+002
      endloop
   endfacet
   facet normal 0.000000e+000 -1.000000e+000 0.000000e+000
      outer loop
         vertex 1.360345e+002 -3.000000e+001 -1.466104e+002
         vertex 1.732051e+002 -3.000000e+001 -1.000000e+002
         vertex 7.500000e+001 -3.000000e+001 -4.330127e+001
      endloop
   endfacet
   facet normal 0.000000e+000 -1.000000e+000 0.000000e+000
      outer loop
         vertex 7.500000e+001 -3.000000e+001 -4.330127e+001
         vertex 1.732051e+002 -3.000000e+001 -1.000000e+002
         vertex 1.949856e+002 -3.000000e+001 -4.450419e+001
      endloop
   endfacet
   facet normal 0.000000e+000 -1.000000e+000 0.000000e+000
      outer loop
         vertex 7.500000e+001 -3.000000e+001 -4.330127e+001
         vertex 1.949856e+002 -3.000000e+001 -4.450419e+001
         vertex 1.950757e+002 -3.000000e+001 -4.330127e+001
      endloop
   endfacet
   facet normal 0.000000e+000 -1.000000e+000 0.000000e+000
      outer loop
         vertex 7.500000e+001 -3.000000e+001 -1.838264e+002
         vertex 5.500000e+001 -3.000000e+001 -9.526279e+001
         vertex 2.980845e+001 -3.000000e+001 -1.977662e+002
      endloop
   endfacet
   facet normal 0.000000e+000 -1.000000e+000 0.000000e+000
      outer loop
         vertex 2.980845e+001 -3.000000e+001 -1.977662e+002
         vertex 5.500000e+001 -3.000000e+001 -9.526279e+001
         vertex 5.000000e+001 -3.000000e+001 -9.660254e+001
      endloop
   endfacet
   facet normal 0.000000e+000 -1.000000e+000 0.000000e+000
      outer loop
         vertex 2.980845e+001 -3.000000e+001 -1.977662e+002
         vertex 5.000000e+001 -3.000000e+001 -9.660254e+001
         vertex 2.449294e-014 -3.000000e+001 -2.000000e+002
      endloop
   endfacet
   facet normal 0.000000e+000 -1.000000e+000 0.000000e+000
      outer loop
         vertex 4.000000e+001 -3.000000e+001 -8.660254e+001
         vertex 9.089951e-013 -3.000000e+001 -4.330127e+001
         vertex 4.133975e+001 -3.000000e+001 -9.160254e+001
      endloop
   endfacet
   facet normal 0.000000e+000 -1.000000e+000 0.000000e+000
      outer loop
         vertex 4.133975e+001 -3.000000e+001 -9.160254e+001
         vertex 9.089951e-013 -3.000000e+001 -4.330127e+001
         vertex 2.449294e-014 -3.000000e+001 -2.000000e+002
      endloop
   endfacet
   facet normal 0.000000e+000 -1.000000e+000 0.000000e+000
      outer loop
         vertex 4.133975e+001 -3.000000e+001 -9.160254e+001
         vertex 2.449294e-014 -3.000000e+001 -2.000000e+002
         vertex 4.500000e+001 -3.000000e+001 -9.526279e+001
      endloop
   endfacet
   facet normal 0.000000e+000 -1.000000e+000 0.000000e+000
      outer loop
         vertex 4.500000e+001 -3.000000e+001 -9.526279e+001
         vertex 2.449294e-014 -3.000000e+001 -2.000000e+002
         vertex 5.000000e+001 -3.000000e+001 -9.660254e+001
      endloop
   endfacet
   facet normal 0.000000e+000 -1.000000e+000 0.000000e+000
      outer loop
         vertex 4.000000e+001 -3.000000e+001 -8.660254e+001
         vertex 4.133975e+001 -3.000000e+001 -8.160255e+001
         vertex 9.089951e-013 -3.000000e+001 -4.330127e+001
      endloop
   endfacet
   facet normal 0.000000e+000 -1.000000e+000 0.000000e+000
      outer loop
         vertex 9.089951e-013 -3.000000e+001 -4.330127e+001
         vertex 4.133975e+001 -3.000000e+001 -8.160255e+001
         vertex 4.500000e+001 -3.000000e+001 -7.794229e+001
      endloop
   endfacet
   facet normal 0.000000e+000 -1.000000e+000 0.000000e+000
      outer loop
         vertex 9.089951e-013 -3.000000e+001 -4.330127e+001
         vertex 4.500000e+001 -3.000000e+001 -7.794229e+001
         vertex 7.500000e+001 -3.000000e+001 -4.330127e+001
      endloop
   endfacet
   facet normal 0.000000e+000 -1.000000e+000 0.000000e+000
      outer loop
         vertex 7.500000e+001 -3.000000e+001 -4.330127e+001
         vertex 4.500000e+001 -3.000000e+001 -7.794229e+001
         vertex 5.000000e+001 -3.000000e+001 -7.660254e+001
      endloop
   endfacet
   facet normal 0.000000e+000 -1.000000e+000 0.000000e+000
      outer loop
         vertex 7.500000e+001 -3.000000e+001 -4.330127e+001
         vertex 5.000000e+001 -3.000000e+001 -7.660254e+001
         vertex 5.500000e+001 -3.000000e+001 -7.794229e+001
      endloop
   endfacet
   facet normal 0.000000e+000 -1.000000e+000 0.000000e+000
      outer loop
         vertex 5.500000e+001 -3.000000e+001 -7.794229e+001
         vertex 5.866026e+001 -3.000000e+001 -8.160255e+001
         vertex 7.500000e+001 -3.000000e+001 -4.330127e+001
      endloop
   endfacet
   facet normal 0.000000e+000 -1.000000e+000 0.000000e+000
      outer loop
         vertex 7.500000e+001 -3.000000e+001 -4.330127e+001
         vertex 5.866026e+001 -3.000000e+001 -8.160255e+001
         vertex 6.000000e+001 -3.000000e+001 -8.660254e+001
      endloop
   endfacet
   facet normal 0.000000e+000 -1.000000e+000 0.000000e+000
      outer loop
         vertex 7.500000e+001 -3.000000e+001 -4.330127e+001
         vertex 6.000000e+001 -3.000000e+001 -8.660254e+001
         vertex 7.500000e+001 -3.000000e+001 -1.838264e+002
      endloop
   endfacet
   facet normal 0.000000e+000 -1.000000e+000 0.000000e+000
      outer loop
         vertex 7.500000e+001 -3.000000e+001 -1.838264e+002
         vertex 6.000000e+001 -3.000000e+001 -8.660254e+001
         vertex 5.866026e+001 -3.000000e+001 -9.160254e+001
      endloop
   endfacet
   facet normal 0.000000e+000 -1.000000e+000 0.000000e+000
      outer loop
         vertex 7.500000e+001 -3.000000e+001 -1.838264e+002
         vertex 5.866026e+001 -3.000000e+001 -9.160254e+001
         vertex 5.500000e+001 -3.000000e+001 -9.526279e+001
      endloop
   endfacet
   facet normal 0.000000e+000 -1.000000e+000 0.000000e+000
      outer loop
         vertex 7.500000e+001 -3.000000e+001 4.330127e+001
         vertex 6.000000e+001 -3.000000e+001 8.660254e+001
         vertex 5.866026e+001 -3.000000e+001 8.160255e+001
      endloop
   endfacet
   facet normal 0.000000e+000 -1.000000e+000 0.000000e+000
      outer loop
         vertex 4.133975e+001 -3.000000e+001 8.160255e+001
         vertex 4.000000e+001 -3.000000e+001 8.660254e+001
         vertex 9.089951e-013 -3.000000e+001 4.330127e+001
      endloop
   endfacet
   facet normal 0.000000e+000 -1.000000e+000 0.000000e+000
      outer loop
         vertex 7.500000e+001 -3.000000e+001 1.483013e+002
         vertex 5.500000e+001 -3.000000e+001 9.526279e+001
         vertex 5.866026e+001 -3.000000e+001 9.160254e+001
      endloop
   endfacet
   facet normal 0.000000e+000 -1.000000e+000 0.000000e+000
      outer loop
         vertex 1.861747e+002 -3.000000e+001 7.306820e+001
         vertex 1.563663e+002 -3.000000e+001 1.246980e+002
         vertex 7.500000e+001 -3.000000e+001 4.330127e+001
      endloop
   endfacet
   facet normal 0.000000e+000 -1.000000e+000 0.000000e+000
      outer loop
         vertex 7.500000e+001 -3.000000e+001 4.330127e+001
         vertex 1.563663e+002 -3.000000e+001 1.246980e+002
         vertex 7.500000e+001 -3.000000e+001 1.483013e+002
      endloop
   endfacet
   facet normal 0.000000e+000 -1.000000e+000 0.000000e+000
      outer loop
         vertex 7.500000e+001 -3.000000e+001 4.330127e+001
         vertex 7.500000e+001 -3.000000e+001 1.483013e+002
         vertex 6.000000e+001 -3.000000e+001 8.660254e+001
      endloop
   endfacet
   facet normal 0.000000e+000 -1.000000e+000 0.000000e+000
      outer loop
         vertex 6.000000e+001 -3.000000e+001 8.660254e+001
         vertex 7.500000e+001 -3.000000e+001 1.483013e+002
         vertex 5.866026e+001 -3.000000e+001 9.160254e+001
      endloop
   endfacet
   facet normal 0.000000e+000 -1.000000e+000 0.000000e+000
      outer loop
         vertex 9.089951e-013 -3.000000e+001 4.330127e+001
         vertex 4.000000e+001 -3.000000e+001 8.660254e+001
         vertex 9.089951e-013 -3.000000e+001 1.483013e+002
      endloop
   endfacet
   facet normal 0.000000e+000 -1.000000e+000 0.000000e+000
      outer loop
         vertex 5.866026e+001 -3.000000e+001 8.160255e+001
         vertex 5.500000e+001 -3.000000e+001 7.794229e+001
         vertex 7.500000e+001 -3.000000e+001 4.330127e+001
      endloop
   endfacet
   facet normal 0.000000e+000 -1.000000e+000 0.000000e+000
      outer loop
         vertex 7.500000e+001 -3.000000e+001 4.330127e+001
         vertex 5.500000e+001 -3.000000e+001 7.794229e+001
         vertex 5.000000e+001 -3.000000e+001 7.660254e+001
      endloop
   endfacet
   facet normal 0.000000e+000 -1.000000e+000 0.000000e+000
      outer loop
         vertex 7.500000e+001 -3.000000e+001 4.330127e+001
         vertex 5.000000e+001 -3.000000e+001 7.660254e+001
         vertex 9.089951e-013 -3.000000e+001 4.330127e+001
      endloop
   endfacet
   facet normal 0.000000e+000 -1.000000e+000 0.000000e+000
      outer loop
         vertex 9.089951e-013 -3.000000e+001 4.330127e+001
         vertex 5.000000e+001 -3.000000e+001 7.660254e+001
         vertex 4.500000e+001 -3.000000e+001 7.794229e+001
      endloop
   endfacet
   facet normal 0.000000e+000 -1.000000e+000 0.000000e+000
      outer loop
         vertex 9.089951e-013 -3.000000e+001 4.330127e+001
         vertex 4.500000e+001 -3.000000e+001 7.794229e+001
         vertex 4.133975e+001 -3.000000e+001 8.160255e+001
      endloop
   endfacet
   facet normal 0.000000e+000 -1.000000e+000 0.000000e+000
      outer loop
         vertex 4.000000e+001 -3.000000e+001 8.660254e+001
         vertex 4.133975e+001 -3.000000e+001 9.160254e+001
         vertex 9.089951e-013 -3.000000e+001 1.483013e+002
      endloop
   endfacet
   facet normal 0.000000e+000 -1.000000e+000 0.000000e+000
      outer loop
         vertex 9.089951e-013 -3.000000e+001 1.483013e+002
         vertex 4.133975e+001 -3.000000e+001 9.160254e+001
         vertex 4.500000e+001 -3.000000e+001 9.526279e+001
      endloop
   endfacet
   facet normal 0.000000e+000 -1.000000e+000 0.000000e+000
      outer loop
         vertex 9.089951e-013 -3.000000e+001 1.483013e+002
         vertex 4.500000e+001 -3.000000e+001 9.526279e+001
         vertex 7.500000e+001 -3.000000e+001 1.483013e+002
      endloop
   endfacet
   facet normal 0.000000e+000 -1.000000e+000 0.000000e+000
      outer loop
         vertex 7.500000e+001 -3.000000e+001 1.483013e+002
         vertex 4.500000e+001 -3.000000e+001 9.526279e+001
         vertex 5.000000e+001 -3.000000e+001 9.660254e+001
      endloop
   endfacet
   facet normal 0.000000e+000 -1.000000e+000 0.000000e+000
      outer loop
         vertex 7.500000e+001 -3.000000e+001 1.483013e+002
         vertex 5.000000e+001 -3.000000e+001 9.660254e+001
         vertex 5.500000e+001 -3.000000e+001 9.526279e+001
      endloop
   endfacet
   facet normal 0.000000e+000 -1.000000e+000 0.000000e+000
      outer loop
         vertex -5.866026e+001 -3.000000e+001 8.160255e+001
         vertex -6.000000e+001 -3.000000e+001 8.660254e+001
         vertex -7.500000e+001 -3.000000e+001 4.330127e+001
      endloop
   endfacet
   facet normal 0.000000e+000 -1.000000e+000 0.000000e+000
      outer loop
         vertex -4.133975e+001 -3.000000e+001 8.160255e+001
         vertex -4.500000e+001 -3.000000e+001 7.794229e+001
         vertex 9.089951e-013 -3.000000e+001 4.330127e+001
      endloop
   endfacet
   facet normal 0.000000e+000 -1.000000e+000 0.000000e+000
      outer loop
         vertex -5.866026e+001 -3.000000e+001 8.160255e+001
         vertex -7.500000e+001 -3.000000e+001 4.330127e+001
         vertex -5.500000e+001 -3.000000e+001 7.794229e+001
      endloop
   endfacet
   facet normal 0.000000e+000 -1.000000e+000 0.000000e+000
      outer loop
         vertex -5.866026e+001 -3.000000e+001 9.160254e+001
         vertex -5.500000e+001 -3.000000e+001 9.526279e+001
         vertex -7.500000e+001 -3.000000e+001 1.483013e+002
      endloop
   endfacet
   facet normal 0.000000e+000 -1.000000e+000 0.000000e+000
      outer loop
         vertex 9.089951e-013 -3.000000e+001 4.330127e+001
         vertex -4.500000e+001 -3.000000e+001 7.794229e+001
         vertex -7.500000e+001 -3.000000e+001 4.330127e+001
      endloop
   endfacet
   facet normal 0.000000e+000 -1.000000e+000 0.000000e+000
      outer loop
         vertex -7.500000e+001 -3.000000e+001 4.330127e+001
         vertex -4.500000e+001 -3.000000e+001 7.794229e+001
         vertex -5.000000e+001 -3.000000e+001 7.660254e+001
      endloop
   endfacet
   facet normal 0.000000e+000 -1.000000e+000 0.000000e+000
      outer loop
         vertex -7.500000e+001 -3.000000e+001 4.330127e+001
         vertex -5.000000e+001 -3.000000e+001 7.660254e+001
         vertex -5.500000e+001 -3.000000e+001 7.794229e+001
      endloop
   endfacet
   facet normal 0.000000e+000 -1.000000e+000 0.000000e+000
      outer loop
         vertex -1.550000e+002 -3.000000e+001 1.259657e+002
         vertex -1.550000e+002 -3.000000e+001 4.330127e+001
         vertex -1.309280e+002 -3.000000e+001 1.483013e+002
      endloop
   endfacet
   facet normal 0.000000e+000 -1.000000e+000 0.000000e+000
      outer loop
         vertex -1.309280e+002 -3.000000e+001 1.483013e+002
         vertex -1.550000e+002 -3.000000e+001 4.330127e+001
         vertex -7.500000e+001 -3.000000e+001 4.330127e+001
      endloop
   endfacet
   facet normal 0.000000e+000 -1.000000e+000 0.000000e+000
      outer loop
         vertex -1.309280e+002 -3.000000e+001 1.483013e+002
         vertex -7.500000e+001 -3.000000e+001 4.330127e+001
         vertex -7.500000e+001 -3.000000e+001 1.483013e+002
      endloop
   endfacet
   facet normal 0.000000e+000 -1.000000e+000 0.000000e+000
      outer loop
         vertex -7.500000e+001 -3.000000e+001 1.483013e+002
         vertex -7.500000e+001 -3.000000e+001 4.330127e+001
         vertex -6.000000e+001 -3.000000e+001 8.660254e+001
      endloop
   endfacet
   facet normal 0.000000e+000 -1.000000e+000 0.000000e+000
      outer loop
         vertex -7.500000e+001 -3.000000e+001 1.483013e+002
         vertex -6.000000e+001 -3.000000e+001 8.660254e+001
         vertex -5.866026e+001 -3.000000e+001 9.160254e+001
      endloop
   endfacet
   facet normal 0.000000e+000 -1.000000e+000 0.000000e+000
      outer loop
         vertex -5.500000e+001 -3.000000e+001 9.526279e+001
         vertex -5.000000e+001 -3.000000e+001 9.660254e+001
         vertex -7.500000e+001 -3.000000e+001 1.483013e+002
      endloop
   endfacet
   facet normal 0.000000e+000 -1.000000e+000 0.000000e+000
      outer loop
         vertex -7.500000e+001 -3.000000e+001 1.483013e+002
         vertex -5.000000e+001 -3.000000e+001 9.660254e+001
         vertex 9.089951e-013 -3.000000e+001 1.483013e+002
      endloop
   endfacet
   facet normal 0.000000e+000 -1.000000e+000 0.000000e+000
      outer loop
         vertex -7.500000e+001 -3.000000e+001 1.483013e+002
         vertex 9.089951e-013 -3.000000e+001 1.483013e+002
         vertex -5.895103e+001 -3.000000e+001 1.911146e+002
      endloop
   endfacet
   facet normal 0.000000e+000 -1.000000e+000 0.000000e+000
      outer loop
         vertex -5.895103e+001 -3.000000e+001 1.911146e+002
         vertex 9.089951e-013 -3.000000e+001 1.483013e+002
         vertex 0.000000e+000 -3.000000e+001 2.000000e+002
      endloop
   endfacet
   facet normal 0.000000e+000 -1.000000e+000 0.000000e+000
      outer loop
         vertex -5.000000e+001 -3.000000e+001 9.660254e+001
         vertex -4.500000e+001 -3.000000e+001 9.526279e+001
         vertex 9.089951e-013 -3.000000e+001 1.483013e+002
      endloop
   endfacet
   facet normal 0.000000e+000 -1.000000e+000 0.000000e+000
      outer loop
         vertex 9.089951e-013 -3.000000e+001 1.483013e+002
         vertex -4.500000e+001 -3.000000e+001 9.526279e+001
         vertex -4.133975e+001 -3.000000e+001 9.160254e+001
      endloop
   endfacet
   facet normal 0.000000e+000 -1.000000e+000 0.000000e+000
      outer loop
         vertex 9.089951e-013 -3.000000e+001 1.483013e+002
         vertex -4.133975e+001 -3.000000e+001 9.160254e+001
         vertex 9.089951e-013 -3.000000e+001 4.330127e+001
      endloop
   endfacet
   facet normal 0.000000e+000 -1.000000e+000 0.000000e+000
      outer loop
         vertex 9.089951e-013 -3.000000e+001 4.330127e+001
         vertex -4.133975e+001 -3.000000e+001 9.160254e+001
         vertex -4.000000e+001 -3.000000e+001 8.660254e+001
      endloop
   endfacet
   facet normal 0.000000e+000 -1.000000e+000 0.000000e+000
      outer loop
         vertex 9.089951e-013 -3.000000e+001 4.330127e+001
         vertex -4.000000e+001 -3.000000e+001 8.660254e+001
         vertex -4.133975e+001 -3.000000e+001 8.160255e+001
      endloop
   endfacet
   facet normal 0.000000e+000 -1.000000e+000 0.000000e+000
      outer loop
         vertex -7.500000e+001 -3.000000e+001 -4.330127e+001
         vertex -9.133974e+001 -3.000000e+001 -5.000000e+000
         vertex -9.500000e+001 -3.000000e+001 -8.660254e+000
      endloop
   endfacet
   facet normal 0.000000e+000 -1.000000e+000 0.000000e+000
      outer loop
         vertex -9.500000e+001 -3.000000e+001 -8.660254e+000
         vertex -1.000000e+002 -3.000000e+001 -1.000000e+001
         vertex -7.500000e+001 -3.000000e+001 -4.330127e+001
      endloop
   endfacet
   facet normal 0.000000e+000 -1.000000e+000 0.000000e+000
      outer loop
         vertex -7.500000e+001 -3.000000e+001 -4.330127e+001
         vertex -1.000000e+002 -3.000000e+001 -1.000000e+001
         vertex -1.550000e+002 -3.000000e+001 -4.330127e+001
      endloop
   endfacet
   facet normal 0.000000e+000 -1.000000e+000 0.000000e+000
      outer loop
         vertex -7.500000e+001 -3.000000e+001 -4.330127e+001
         vertex -1.550000e+002 -3.000000e+001 -4.330127e+001
         vertex -1.550000e+002 -3.000000e+001 -1.228284e+002
      endloop
   endfacet
   facet normal 0.000000e+000 -1.000000e+000 0.000000e+000
      outer loop
         vertex -1.550000e+002 -3.000000e+001 -1.228284e+002
         vertex -1.550000e+002 -3.000000e+001 -4.330127e+001
         vertex -1.732051e+002 -3.000000e+001 -1.000000e+002
      endloop
   endfacet
   facet normal 0.000000e+000 -1.000000e+000 0.000000e+000
      outer loop
         vertex -1.000000e+002 -3.000000e+001 -1.000000e+001
         vertex -1.050000e+002 -3.000000e+001 -8.660254e+000
         vertex -1.550000e+002 -3.000000e+001 -4.330127e+001
      endloop
   endfacet
   facet normal 0.000000e+000 -1.000000e+000 0.000000e+000
      outer loop
         vertex -1.550000e+002 -3.000000e+001 -4.330127e+001
         vertex -1.050000e+002 -3.000000e+001 -8.660254e+000
         vertex -1.086602e+002 -3.000000e+001 -5.000000e+000
      endloop
   endfacet
   facet normal 0.000000e+000 -1.000000e+000 0.000000e+000
      outer loop
         vertex -1.550000e+002 -3.000000e+001 -4.330127e+001
         vertex -1.086602e+002 -3.000000e+001 -5.000000e+000
         vertex -1.550000e+002 -3.000000e+001 4.330127e+001
      endloop
   endfacet
   facet normal 0.000000e+000 -1.000000e+000 0.000000e+000
      outer loop
         vertex -1.550000e+002 -3.000000e+001 4.330127e+001
         vertex -1.086602e+002 -3.000000e+001 -5.000000e+000
         vertex -1.100000e+002 -3.000000e+001 1.071875e-014
      endloop
   endfacet
   facet normal 0.000000e+000 -1.000000e+000 0.000000e+000
      outer loop
         vertex -9.500000e+001 -3.000000e+001 8.660254e+000
         vertex -9.133974e+001 -3.000000e+001 5.000000e+000
         vertex -7.500000e+001 -3.000000e+001 4.330127e+001
      endloop
   endfacet
   facet normal 0.000000e+000 -1.000000e+000 0.000000e+000
      outer loop
         vertex -7.500000e+001 -3.000000e+001 4.330127e+001
         vertex -9.133974e+001 -3.000000e+001 5.000000e+000
         vertex -9.000000e+001 -3.000000e+001 -2.832770e-015
      endloop
   endfacet
   facet normal 0.000000e+000 -1.000000e+000 0.000000e+000
      outer loop
         vertex 9.000000e+001 -3.000000e+001 1.071875e-014
         vertex 7.500000e+001 -3.000000e+001 4.330127e+001
         vertex 7.500000e+001 -3.000000e+001 -4.330127e+001
      endloop
   endfacet
   facet normal 0.000000e+000 -1.000000e+000 0.000000e+000
      outer loop
         vertex 7.500000e+001 -3.000000e+001 -4.330127e+001
         vertex 7.500000e+001 -3.000000e+001 4.330127e+001
         vertex 9.089951e-013 -3.000000e+001 4.330127e+001
      endloop
   endfacet
   facet normal 0.000000e+000 -1.000000e+000 0.000000e+000
      outer loop
         vertex 7.500000e+001 -3.000000e+001 -4.330127e+001
         vertex 9.089951e-013 -3.000000e+001 4.330127e+001
         vertex 9.089951e-013 -3.000000e+001 -4.330127e+001
      endloop
   endfacet
   facet normal 0.000000e+000 -1.000000e+000 0.000000e+000
      outer loop
         vertex 9.089951e-013 -3.000000e+001 -4.330127e+001
         vertex 9.089951e-013 -3.000000e+001 4.330127e+001
         vertex -7.500000e+001 -3.000000e+001 4.330127e+001
      endloop
   endfacet
   facet normal 0.000000e+000 -1.000000e+000 0.000000e+000
      outer loop
         vertex 9.089951e-013 -3.000000e+001 -4.330127e+001
         vertex -7.500000e+001 -3.000000e+001 4.330127e+001
         vertex -7.500000e+001 -3.000000e+001 -4.330127e+001
      endloop
   endfacet
   facet normal 0.000000e+000 -1.000000e+000 0.000000e+000
      outer loop
         vertex -7.500000e+001 -3.000000e+001 -4.330127e+001
         vertex -7.500000e+001 -3.000000e+001 4.330127e+001
         vertex -9.000000e+001 -3.000000e+001 -2.832770e-015
      endloop
   endfacet
   facet normal 0.000000e+000 -1.000000e+000 0.000000e+000
      outer loop
         vertex -7.500000e+001 -3.000000e+001 -4.330127e+001
         vertex -9.000000e+001 -3.000000e+001 -2.832770e-015
         vertex -9.133974e+001 -3.000000e+001 -5.000000e+000
      endloop
   endfacet
   facet normal 0.000000e+000 -1.000000e+000 0.000000e+000
      outer loop
         vertex -1.100000e+002 -3.000000e+001 1.071875e-014
         vertex -1.086602e+002 -3.000000e+001 5.000000e+000
         vertex -1.550000e+002 -3.000000e+001 4.330127e+001
      endloop
   endfacet
   facet normal 0.000000e+000 -1.000000e+000 0.000000e+000
      outer loop
         vertex -1.550000e+002 -3.000000e+001 4.330127e+001
         vertex -1.086602e+002 -3.000000e+001 5.000000e+000
         vertex -1.050000e+002 -3.000000e+001 8.660254e+000
      endloop
   endfacet
   facet normal 0.000000e+000 -1.000000e+000 0.000000e+000
      outer loop
         vertex -1.550000e+002 -3.000000e+001 4.330127e+001
         vertex -1.050000e+002 -3.000000e+001 8.660254e+000
         vertex -7.500000e+001 -3.000000e+001 4.330127e+001
      endloop
   endfacet
   facet normal 0.000000e+000 -1.000000e+000 0.000000e+000
      outer loop
         vertex -7.500000e+001 -3.000000e+001 4.330127e+001
         vertex -1.050000e+002 -3.000000e+001 8.660254e+000
         vertex -1.000000e+002 -3.000000e+001 1.000000e+001
      endloop
   endfacet
   facet normal 0.000000e+000 -1.000000e+000 0.000000e+000
      outer loop
         vertex -7.500000e+001 -3.000000e+001 4.330127e+001
         vertex -1.000000e+002 -3.000000e+001 1.000000e+001
         vertex -9.500000e+001 -3.000000e+001 8.660254e+000
      endloop
   endfacet
   facet normal 1.718619e-001 0.000000e+000 9.851210e-001
      outer loop
         vertex 9.500000e+001 -1.000000e+001 -8.660254e+000
         vertex 1.000000e+002 -3.000000e+001 -1.000000e+001
         vertex 1.000000e+002 -1.000000e+001 -1.000000e+001
      endloop
   endfacet
   facet normal -1.718619e-001 0.000000e+000 9.851210e-001
      outer loop
         vertex 1.000000e+002 -1.000000e+001 -1.000000e+001
         vertex 1.000000e+002 -3.000000e+001 -1.000000e+001
         vertex 1.050000e+002 -3.000000e+001 -8.660254e+000
      endloop
   endfacet
   facet normal -3.437238e-001 0.000000e+000 9.390708e-001
      outer loop
         vertex 1.000000e+002 -1.000000e+001 -1.000000e+001
         vertex 1.050000e+002 -3.000000e+001 -8.660254e+000
         vertex 1.050000e+002 -1.000000e+001 -8.660254e+000
      endloop
   endfacet
   facet normal -6.413973e-001 0.000000e+000 7.672089e-001
      outer loop
         vertex 1.050000e+002 -1.000000e+001 -8.660254e+000
         vertex 1.050000e+002 -3.000000e+001 -8.660254e+000
         vertex 1.086602e+002 -3.000000e+001 -5.000000e+000
      endloop
   endfacet
   facet normal -7.672089e-001 0.000000e+000 6.413973e-001
      outer loop
         vertex 1.050000e+002 -1.000000e+001 -8.660254e+000
         vertex 1.086602e+002 -3.000000e+001 -5.000000e+000
         vertex 1.086602e+002 -1.000000e+001 -5.000000e+000
      endloop
   endfacet
   facet normal -9.390708e-001 0.000000e+000 3.437238e-001
      outer loop
         vertex 1.086602e+002 -1.000000e+001 -5.000000e+000
         vertex 1.086602e+002 -3.000000e+001 -5.000000e+000
         vertex 1.100000e+002 -3.000000e+001 -2.832770e-015
      endloop
   endfacet
   facet normal -9.851210e-001 0.000000e+000 1.718619e-001
      outer loop
         vertex 1.086602e+002 -1.000000e+001 -5.000000e+000
         vertex 1.100000e+002 -3.000000e+001 -2.832770e-015
         vertex 1.100000e+002 -1.000000e+001 -2.832770e-015
      endloop
   endfacet
   facet normal -9.851210e-001 0.000000e+000 -1.718619e-001
      outer loop
         vertex 1.100000e+002 -1.000000e+001 -2.832770e-015
         vertex 1.100000e+002 -3.000000e+001 -2.832770e-015
         vertex 1.086602e+002 -3.000000e+001 5.000000e+000
      endloop
   endfacet
   facet normal -9.390708e-001 0.000000e+000 -3.437238e-001
      outer loop
         vertex 1.100000e+002 -1.000000e+001 -2.832770e-015
         vertex 1.086602e+002 -3.000000e+001 5.000000e+000
         vertex 1.086602e+002 -1.000000e+001 5.000000e+000
      endloop
   endfacet
   facet normal -7.672089e-001 0.000000e+000 -6.413973e-001
      outer loop
         vertex 1.086602e+002 -1.000000e+001 5.000000e+000
         vertex 1.086602e+002 -3.000000e+001 5.000000e+000
         vertex 1.050000e+002 -3.000000e+001 8.660254e+000
      endloop
   endfacet
   facet normal -6.413973e-001 0.000000e+000 -7.672089e-001
      outer loop
         vertex 1.086602e+002 -1.000000e+001 5.000000e+000
         vertex 1.050000e+002 -3.000000e+001 8.660254e+000
         vertex 1.050000e+002 -1.000000e+001 8.660254e+000
      endloop
   endfacet
   facet normal -3.437238e-001 0.000000e+000 -9.390708e-001
      outer loop
         vertex 1.050000e+002 -1.000000e+001 8.660254e+000
         vertex 1.050000e+002 -3.000000e+001 8.660254e+000
         vertex 1.000000e+002 -3.000000e+001 1.000000e+001
      endloop
   endfacet
   facet normal -1.718619e-001 0.000000e+000 -9.851210e-001
      outer loop
         vertex 1.050000e+002 -1.000000e+001 8.660254e+000
         vertex 1.000000e+002 -3.000000e+001 1.000000e+001
         vertex 1.000000e+002 -1.000000e+001 1.000000e+001
      endloop
   endfacet
   facet normal 1.718619e-001 0.000000e+000 -9.851210e-001
      outer loop
         vertex 1.000000e+002 -1.000000e+001 1.000000e+001
         vertex 1.000000e+002 -3.000000e+001 1.000000e+001
         vertex 9.500000e+001 -3.000000e+001 8.660254e+000
      endloop
   endfacet
   facet normal 3.437238e-001 0.000000e+000 -9.390708e-001
      outer loop
         vertex 1.000000e+002 -1.000000e+001 1.000000e+001
         vertex 9.500000e+001 -3.000000e+001 8.660254e+000
         vertex 9.500000e+001 -1.000000e+001 8.660254e+000
      endloop
   endfacet
   facet normal 6.413973e-001 0.000000e+000 -7.672089e-001
      outer loop
         vertex 9.500000e+001 -1.000000e+001 8.660254e+000
         vertex 9.500000e+001 -3.000000e+001 8.660254e+000
         vertex 9.133974e+001 -3.000000e+001 5.000000e+000
      endloop
   endfacet
   facet normal 7.672089e-001 0.000000e+000 -6.413973e-001
      outer loop
         vertex 9.500000e+001 -1.000000e+001 8.660254e+000
         vertex 9.133974e+001 -3.000000e+001 5.000000e+000
         vertex 9.133974e+001 -1.000000e+001 5.000000e+000
      endloop
   endfacet
   facet normal 9.390708e-001 0.000000e+000 -3.437238e-001
      outer loop
         vertex 9.133974e+001 -1.000000e+001 5.000000e+000
         vertex 9.133974e+001 -3.000000e+001 5.000000e+000
         vertex 9.000000e+001 -3.000000e+001 1.071875e-014
      endloop
   endfacet
   facet normal 9.851210e-001 0.000000e+000 -1.718619e-001
      outer loop
         vertex 9.133974e+001 -1.000000e+001 5.000000e+000
         vertex 9.000000e+001 -3.000000e+001 1.071875e-014
         vertex 9.000000e+001 -1.000000e+001 1.071875e-014
      endloop
   endfacet
   facet normal 9.851210e-001 0.000000e+000 1.718619e-001
      outer loop
         vertex 9.000000e+001 -1.000000e+001 1.071875e-014
         vertex 9.000000e+001 -3.000000e+001 1.071875e-014
         vertex 9.133974e+001 -3.000000e+001 -5.000000e+000
      endloop
   endfacet
   facet normal 9.390708e-001 0.000000e+000 3.437238e-001
      outer loop
         vertex 9.000000e+001 -1.000000e+001 1.071875e-014
         vertex 9.133974e+001 -3.000000e+001 -5.000000e+000
         vertex 9.133974e+001 -1.000000e+001 -5.000000e+000
      endloop
   endfacet
   facet normal 7.672089e-001 0.000000e+000 6.413973e-001
      outer loop
         vertex 9.133974e+001 -1.000000e+001 -5.000000e+000
         vertex 9.133974e+001 -3.000000e+001 -5.000000e+000
         vertex 9.500000e+001 -3.000000e+001 -8.660254e+000
      endloop
   endfacet
   facet normal 6.413973e-001 0.000000e+000 7.672089e-001
      outer loop
         vertex 9.133974e+001 -1.000000e+001 -5.000000e+000
         vertex 9.500000e+001 -3.000000e+001 -8.660254e+000
         vertex 9.500000e+001 -1.000000e+001 -8.660254e+000
      endloop
   endfacet
   facet normal 3.437238e-001 0.000000e+000 9.390708e-001
      outer loop
         vertex 9.500000e+001 -1.000000e+001 -8.660254e+000
         vertex 9.500000e+001 -3.000000e+001 -8.660254e+000
         vertex 1.000000e+002 -3.000000e+001 -1.000000e+001
      endloop
   endfacet
   facet normal 0.000000e+000 -1.000000e+000 0.000000e+000
      outer loop
         vertex 9.133974e+001 -1.000000e+001 5.000000e+000
         vertex 9.000000e+001 -1.000000e+001 1.071875e-014
         vertex 1.100000e+002 -1.000000e+001 -2.832770e-015
      endloop
   endfacet
   facet normal 0.000000e+000 -1.000000e+000 0.000000e+000
      outer loop
         vertex 1.050000e+002 -1.000000e+001 -8.660254e+000
         vertex 1.086602e+002 -1.000000e+001 -5.000000e+000
         vertex 1.100000e+002 -1.000000e+001 -2.832770e-015
      endloop
   endfacet
   facet normal 0.000000e+000 -1.000000e+000 0.000000e+000
      outer loop
         vertex 1.000000e+002 -1.000000e+001 -1.000000e+001
         vertex 1.050000e+002 -1.000000e+001 -8.660254e+000
         vertex 9.500000e+001 -1.000000e+001 -8.660254e+000
      endloop
   endfacet
   facet normal 0.000000e+000 -1.000000e+000 0.000000e+000
      outer loop
         vertex 9.500000e+001 -1.000000e+001 -8.660254e+000
         vertex 1.050000e+002 -1.000000e+001 -8.660254e+000
         vertex 1.100000e+002 -1.000000e+001 -2.832770e-015
      endloop
   endfacet
   facet normal 0.000000e+000 -1.000000e+000 0.000000e+000
      outer loop
         vertex 9.500000e+001 -1.000000e+001 -8.660254e+000
         vertex 1.100000e+002 -1.000000e+001 -2.832770e-015
         vertex 9.133974e+001 -1.000000e+001 -5.000000e+000
      endloop
   endfacet
   facet normal 0.000000e+000 -1.000000e+000 0.000000e+000
      outer loop
         vertex 9.133974e+001 -1.000000e+001 -5.000000e+000
         vertex 1.100000e+002 -1.000000e+001 -2.832770e-015
         vertex 9.000000e+001 -1.000000e+001 1.071875e-014
      endloop
   endfacet
   facet normal 0.000000e+000 -1.000000e+000 0.000000e+000
      outer loop
         vertex 1.000000e+002 -1.000000e+001 1.000000e+001
         vertex 9.500000e+001 -1.000000e+001 8.660254e+000
         vertex 1.050000e+002 -1.000000e+001 8.660254e+000
      endloop
   endfacet
   facet normal 0.000000e+000 -1.000000e+000 0.000000e+000
      outer loop
         vertex 1.050000e+002 -1.000000e+001 8.660254e+000
         vertex 9.500000e+001 -1.000000e+001 8.660254e+000
         vertex 9.133974e+001 -1.000000e+001 5.000000e+000
      endloop
   endfacet
   facet normal 0.000000e+000 -1.000000e+000 0.000000e+000
      outer loop
         vertex 1.050000e+002 -1.000000e+001 8.660254e+000
         vertex 9.133974e+001 -1.000000e+001 5.000000e+000
         vertex 1.086602e+002 -1.000000e+001 5.000000e+000
      endloop
   endfacet
   facet normal 0.000000e+000 -1.000000e+000 0.000000e+000
      outer loop
         vertex 1.086602e+002 -1.000000e+001 5.000000e+000
         vertex 9.133974e+001 -1.000000e+001 5.000000e+000
         vertex 1.100000e+002 -1.000000e+001 -2.832770e-015
      endloop
   endfacet
   facet normal 1.718619e-001 0.000000e+000 9.851210e-001
      outer loop
         vertex 4.500000e+001 -1.000000e+001 -9.526279e+001
         vertex 5.000000e+001 -3.000000e+001 -9.660254e+001
         vertex 5.000000e+001 -1.000000e+001 -9.660254e+001
      endloop
   endfacet
   facet normal -1.718619e-001 0.000000e+000 9.851210e-001
      outer loop
         vertex 5.000000e+001 -1.000000e+001 -9.660254e+001
         vertex 5.000000e+001 -3.000000e+001 -9.660254e+001
         vertex 5.500000e+001 -3.000000e+001 -9.526279e+001
      endloop
   endfacet
   facet normal -3.437238e-001 0.000000e+000 9.390708e-001
      outer loop
         vertex 5.000000e+001 -1.000000e+001 -9.660254e+001
         vertex 5.500000e+001 -3.000000e+001 -9.526279e+001
         vertex 5.500000e+001 -1.000000e+001 -9.526279e+001
      endloop
   endfacet
   facet normal -6.413973e-001 0.000000e+000 7.672089e-001
      outer loop
         vertex 5.500000e+001 -1.000000e+001 -9.526279e+001
         vertex 5.500000e+001 -3.000000e+001 -9.526279e+001
         vertex 5.866026e+001 -3.000000e+001 -9.160254e+001
      endloop
   endfacet
   facet normal -7.672089e-001 0.000000e+000 6.413973e-001
      outer loop
         vertex 5.500000e+001 -1.000000e+001 -9.526279e+001
         vertex 5.866026e+001 -3.000000e+001 -9.160254e+001
         vertex 5.866026e+001 -1.000000e+001 -9.160254e+001
      endloop
   endfacet
   facet normal -9.390708e-001 0.000000e+000 3.437238e-001
      outer loop
         vertex 5.866026e+001 -1.000000e+001 -9.160254e+001
         vertex 5.866026e+001 -3.000000e+001 -9.160254e+001
         vertex 6.000000e+001 -3.000000e+001 -8.660254e+001
      endloop
   endfacet
   facet normal -9.851210e-001 0.000000e+000 1.718619e-001
      outer loop
         vertex 5.866026e+001 -1.000000e+001 -9.160254e+001
         vertex 6.000000e+001 -3.000000e+001 -8.660254e+001
         vertex 6.000000e+001 -1.000000e+001 -8.660254e+001
      endloop
   endfacet
   facet normal -9.851210e-001 0.000000e+000 -1.718619e-001
      outer loop
         vertex 6.000000e+001 -1.000000e+001 -8.660254e+001
         vertex 6.000000e+001 -3.000000e+001 -8.660254e+001
         vertex 5.866026e+001 -3.000000e+001 -8.160255e+001
      endloop
   endfacet
   facet normal -9.390708e-001 0.000000e+000 -3.437238e-001
      outer loop
         vertex 6.000000e+001 -1.000000e+001 -8.660254e+001
         vertex 5.866026e+001 -3.000000e+001 -8.160255e+001
         vertex 5.866026e+001 -1.000000e+001 -8.160255e+001
      endloop
   endfacet
   facet normal -7.672089e-001 0.000000e+000 -6.413973e-001
      outer loop
         vertex 5.866026e+001 -1.000000e+001 -8.160255e+001
         vertex 5.866026e+001 -3.000000e+001 -8.160255e+001
         vertex 5.500000e+001 -3.000000e+001 -7.794229e+001
      endloop
   endfacet
   facet normal -6.413973e-001 0.000000e+000 -7.672089e-001
      outer loop
         vertex 5.866026e+001 -1.000000e+001 -8.160255e+001
         vertex 5.500000e+001 -3.000000e+001 -7.794229e+001
         vertex 5.500000e+001 -1.000000e+001 -7.794229e+001
      endloop
   endfacet
   facet normal -3.437238e-001 0.000000e+000 -9.390708e-001
      outer loop
         vertex 5.500000e+001 -1.000000e+001 -7.794229e+001
         vertex 5.500000e+001 -3.000000e+001 -7.794229e+001
         vertex 5.000000e+001 -3.000000e+001 -7.660254e+001
      endloop
   endfacet
   facet normal -1.718619e-001 0.000000e+000 -9.851210e-001
      outer loop
         vertex 5.500000e+001 -1.000000e+001 -7.794229e+001
         vertex 5.000000e+001 -3.000000e+001 -7.660254e+001
         vertex 5.000000e+001 -1.000000e+001 -7.660254e+001
      endloop
   endfacet
   facet normal 1.718619e-001 0.000000e+000 -9.851210e-001
      outer loop
         vertex 5.000000e+001 -1.000000e+001 -7.660254e+001
         vertex 5.000000e+001 -3.000000e+001 -7.660254e+001
         vertex 4.500000e+001 -3.000000e+001 -7.794229e+001
      endloop
   endfacet
   facet normal 3.437238e-001 0.000000e+000 -9.390708e-001
      outer loop
         vertex 5.000000e+001 -1.000000e+001 -7.660254e+001
         vertex 4.500000e+001 -3.000000e+001 -7.794229e+001
         vertex 4.500000e+001 -1.000000e+001 -7.794229e+001
      endloop
   endfacet
   facet normal 6.413973e-001 0.000000e+000 -7.672089e-001
      outer loop
         vertex 4.500000e+001 -1.000000e+001 -7.794229e+001
         vertex 4.500000e+001 -3.000000e+001 -7.794229e+001
         vertex 4.133975e+001 -3.000000e+001 -8.160255e+001
      endloop
   endfacet
   facet normal 7.672089e-001 0.000000e+000 -6.413973e-001
      outer loop
         vertex 4.500000e+001 -1.000000e+001 -7.794229e+001
         vertex 4.133975e+001 -3.000000e+001 -8.160255e+001
         vertex 4.133975e+001 -1.000000e+001 -8.160255e+001
      endloop
   endfacet
   facet normal 9.390708e-001 0.000000e+000 -3.437238e-001
      outer loop
         vertex 4.133975e+001 -1.000000e+001 -8.160255e+001
         vertex 4.133975e+001 -3.000000e+001 -8.160255e+001
         vertex 4.000000e+001 -3.000000e+001 -8.660254e+001
      endloop
   endfacet
   facet normal 9.851210e-001 0.000000e+000 -1.718619e-001
      outer loop
         vertex 4.133975e+001 -1.000000e+001 -8.160255e+001
         vertex 4.000000e+001 -3.000000e+001 -8.660254e+001
         vertex 4.000000e+001 -1.000000e+001 -8.660254e+001
      endloop
   endfacet
   facet normal 9.851210e-001 0.000000e+000 1.718619e-001
      outer loop
         vertex 4.000000e+001 -1.000000e+001 -8.660254e+001
         vertex 4.000000e+001 -3.000000e+001 -8.660254e+001
         vertex 4.133975e+001 -3.000000e+001 -9.160254e+001
      endloop
   endfacet
   facet normal 9.390708e-001 0.000000e+000 3.437238e-001
      outer loop
         vertex 4.000000e+001 -1.000000e+001 -8.660254e+001
         vertex 4.133975e+001 -3.000000e+001 -9.160254e+001
         vertex 4.133975e+001 -1.000000e+001 -9.160254e+001
      endloop
   endfacet
   facet normal 7.672089e-001 0.000000e+000 6.413973e-001
      outer loop
         vertex 4.133975e+001 -1.000000e+001 -9.160254e+001
         vertex 4.133975e+001 -3.000000e+001 -9.160254e+001
         vertex 4.500000e+001 -3.000000e+001 -9.526279e+001
      endloop
   endfacet
   facet normal 6.413973e-001 0.000000e+000 7.672089e-001
      outer loop
         vertex 4.133975e+001 -1.000000e+001 -9.160254e+001
         vertex 4.500000e+001 -3.000000e+001 -9.526279e+001
         vertex 4.500000e+001 -1.000000e+001 -9.526279e+001
      endloop
   endfacet
   facet normal 3.437238e-001 0.000000e+000 9.390708e-001
      outer loop
         vertex 4.500000e+001 -1.000000e+001 -9.526279e+001
         vertex 4.500000e+001 -3.000000e+001 -9.526279e+001
         vertex 5.000000e+001 -3.000000e+001 -9.660254e+001
      endloop
   endfacet
   facet normal 0.000000e+000 -1.000000e+000 0.000000e+000
      outer loop
         vertex 4.500000e+001 -1.000000e+001 -7.794229e+001
         vertex 4.133975e+001 -1.000000e+001 -8.160255e+001
         vertex 4.000000e+001 -1.000000e+001 -8.660254e+001
      endloop
   endfacet
   facet normal 0.000000e+000 -1.000000e+000 0.000000e+000
      outer loop
         vertex 4.000000e+001 -1.000000e+001 -8.660254e+001
         vertex 4.133975e+001 -1.000000e+001 -9.160254e+001
         vertex 4.500000e+001 -1.000000e+001 -7.794229e+001
      endloop
   endfacet
   facet normal 0.000000e+000 -1.000000e+000 0.000000e+000
      outer loop
         vertex 4.500000e+001 -1.000000e+001 -7.794229e+001
         vertex 4.133975e+001 -1.000000e+001 -9.160254e+001
         vertex 4.500000e+001 -1.000000e+001 -9.526279e+001
      endloop
   endfacet
   facet normal 0.000000e+000 -1.000000e+000 0.000000e+000
      outer loop
         vertex 4.500000e+001 -1.000000e+001 -7.794229e+001
         vertex 4.500000e+001 -1.000000e+001 -9.526279e+001
         vertex 5.000000e+001 -1.000000e+001 -9.660254e+001
      endloop
   endfacet
   facet normal 0.000000e+000 -1.000000e+000 0.000000e+000
      outer loop
         vertex 5.866026e+001 -1.000000e+001 -8.160255e+001
         vertex 5.500000e+001 -1.000000e+001 -7.794229e+001
         vertex 6.000000e+001 -1.000000e+001 -8.660254e+001
      endloop
   endfacet
   facet normal 0.000000e+000 -1.000000e+000 0.000000e+000
      outer loop
         vertex 6.000000e+001 -1.000000e+001 -8.660254e+001
         vertex 5.500000e+001 -1.000000e+001 -7.794229e+001
         vertex 5.000000e+001 -1.000000e+001 -7.660254e+001
      endloop
   endfacet
   facet normal 0.000000e+000 -1.000000e+000 0.000000e+000
      outer loop
         vertex 6.000000e+001 -1.000000e+001 -8.660254e+001
         vertex 5.000000e+001 -1.000000e+001 -7.660254e+001
         vertex 5.866026e+001 -1.000000e+001 -9.160254e+001
      endloop
   endfacet
   facet normal 0.000000e+000 -1.000000e+000 0.000000e+000
      outer loop
         vertex 5.866026e+001 -1.000000e+001 -9.160254e+001
         vertex 5.000000e+001 -1.000000e+001 -7.660254e+001
         vertex 4.500000e+001 -1.000000e+001 -7.794229e+001
      endloop
   endfacet
   facet normal 0.000000e+000 -1.000000e+000 0.000000e+000
      outer loop
         vertex 5.866026e+001 -1.000000e+001 -9.160254e+001
         vertex 4.500000e+001 -1.000000e+001 -7.794229e+001
         vertex 5.500000e+001 -1.000000e+001 -9.526279e+001
      endloop
   endfacet
   facet normal 0.000000e+000 -1.000000e+000 0.000000e+000
      outer loop
         vertex 5.500000e+001 -1.000000e+001 -9.526279e+001
         vertex 4.500000e+001 -1.000000e+001 -7.794229e+001
         vertex 5.000000e+001 -1.000000e+001 -9.660254e+001
      endloop
   endfacet
   facet normal 1.718619e-001 0.000000e+000 9.851210e-001
      outer loop
         vertex -5.500000e+001 -1.000000e+001 -9.526279e+001
         vertex -5.000000e+001 -3.000000e+001 -9.660254e+001
         vertex -5.000000e+001 -1.000000e+001 -9.660254e+001
      endloop
   endfacet
   facet normal -1.718619e-001 0.000000e+000 9.851210e-001
      outer loop
         vertex -5.000000e+001 -1.000000e+001 -9.660254e+001
         vertex -5.000000e+001 -3.000000e+001 -9.660254e+001
         vertex -4.500000e+001 -3.000000e+001 -9.526279e+001
      endloop
   endfacet
   facet normal -3.437238e-001 0.000000e+000 9.390708e-001
      outer loop
         vertex -5.000000e+001 -1.000000e+001 -9.660254e+001
         vertex -4.500000e+001 -3.000000e+001 -9.526279e+001
         vertex -4.500000e+001 -1.000000e+001 -9.526279e+001
      endloop
   endfacet
   facet normal -6.413973e-001 0.000000e+000 7.672089e-001
      outer loop
         vertex -4.500000e+001 -1.000000e+001 -9.526279e+001
         vertex -4.500000e+001 -3.000000e+001 -9.526279e+001
         vertex -4.133975e+001 -3.000000e+001 -9.160254e+001
      endloop
   endfacet
   facet normal -7.672089e-001 0.000000e+000 6.413973e-001
      outer loop
         vertex -4.500000e+001 -1.000000e+001 -9.526279e+001
         vertex -4.133975e+001 -3.000000e+001 -9.160254e+001
         vertex -4.133975e+001 -1.000000e+001 -9.160254e+001
      endloop
   endfacet
   facet normal -9.390708e-001 0.000000e+000 3.437238e-001
      outer loop
         vertex -4.133975e+001 -1.000000e+001 -9.160254e+001
         vertex -4.133975e+001 -3.000000e+001 -9.160254e+001
         vertex -4.000000e+001 -3.000000e+001 -8.660254e+001
      endloop
   endfacet
   facet normal -9.851210e-001 0.000000e+000 1.718619e-001
      outer loop
         vertex -4.133975e+001 -1.000000e+001 -9.160254e+001
         vertex -4.000000e+001 -3.000000e+001 -8.660254e+001
         vertex -4.000000e+001 -1.000000e+001 -8.660254e+001
      endloop
   endfacet
   facet normal -9.851210e-001 0.000000e+000 -1.718619e-001
      outer loop
         vertex -4.000000e+001 -1.000000e+001 -8.660254e+001
         vertex -4.000000e+001 -3.000000e+001 -8.660254e+001
         vertex -4.133975e+001 -3.000000e+001 -8.160255e+001
      endloop
   endfacet
   facet normal -9.390708e-001 0.000000e+000 -3.437238e-001
      outer loop
         vertex -4.000000e+001 -1.000000e+001 -8.660254e+001
         vertex -4.133975e+001 -3.000000e+001 -8.160255e+001
         vertex -4.133975e+001 -1.000000e+001 -8.160255e+001
      endloop
   endfacet
   facet normal -7.672089e-001 0.000000e+000 -6.413973e-001
      outer loop
         vertex -4.133975e+001 -1.000000e+001 -8.160255e+001
         vertex -4.133975e+001 -3.000000e+001 -8.160255e+001
         vertex -4.500000e+001 -3.000000e+001 -7.794229e+001
      endloop
   endfacet
   facet normal -6.413973e-001 0.000000e+000 -7.672089e-001
      outer loop
         vertex -4.133975e+001 -1.000000e+001 -8.160255e+001
         vertex -4.500000e+001 -3.000000e+001 -7.794229e+001
         vertex -4.500000e+001 -1.000000e+001 -7.794229e+001
      endloop
   endfacet
   facet normal -3.437238e-001 0.000000e+000 -9.390708e-001
      outer loop
         vertex -4.500000e+001 -1.000000e+001 -7.794229e+001
         vertex -4.500000e+001 -3.000000e+001 -7.794229e+001
         vertex -5.000000e+001 -3.000000e+001 -7.660254e+001
      endloop
   endfacet
   facet normal -1.718619e-001 0.000000e+000 -9.851210e-001
      outer loop
         vertex -4.500000e+001 -1.000000e+001 -7.794229e+001
         vertex -5.000000e+001 -3.000000e+001 -7.660254e+001
         vertex -5.000000e+001 -1.000000e+001 -7.660254e+001
      endloop
   endfacet
   facet normal 1.718619e-001 0.000000e+000 -9.851210e-001
      outer loop
         vertex -5.000000e+001 -1.000000e+001 -7.660254e+001
         vertex -5.000000e+001 -3.000000e+001 -7.660254e+001
         vertex -5.500000e+001 -3.000000e+001 -7.794229e+001
      endloop
   endfacet
   facet normal 3.437238e-001 0.000000e+000 -9.390708e-001
      outer loop
         vertex -5.000000e+001 -1.000000e+001 -7.660254e+001
         vertex -5.500000e+001 -3.000000e+001 -7.794229e+001
         vertex -5.500000e+001 -1.000000e+001 -7.794229e+001
      endloop
   endfacet
   facet normal 6.413973e-001 0.000000e+000 -7.672089e-001
      outer loop
         vertex -5.500000e+001 -1.000000e+001 -7.794229e+001
         vertex -5.500000e+001 -3.000000e+001 -7.794229e+001
         vertex -5.866026e+001 -3.000000e+001 -8.160255e+001
      endloop
   endfacet
   facet normal 7.672089e-001 0.000000e+000 -6.413973e-001
      outer loop
         vertex -5.500000e+001 -1.000000e+001 -7.794229e+001
         vertex -5.866026e+001 -3.000000e+001 -8.160255e+001
         vertex -5.866026e+001 -1.000000e+001 -8.160255e+001
      endloop
   endfacet
   facet normal 9.390708e-001 0.000000e+000 -3.437238e-001
      outer loop
         vertex -5.866026e+001 -1.000000e+001 -8.160255e+001
         vertex -5.866026e+001 -3.000000e+001 -8.160255e+001
         vertex -6.000000e+001 -3.000000e+001 -8.660254e+001
      endloop
   endfacet
   facet normal 9.851210e-001 0.000000e+000 -1.718619e-001
      outer loop
         vertex -5.866026e+001 -1.000000e+001 -8.160255e+001
         vertex -6.000000e+001 -3.000000e+001 -8.660254e+001
         vertex -6.000000e+001 -1.000000e+001 -8.660254e+001
      endloop
   endfacet
   facet normal 9.851210e-001 0.000000e+000 1.718619e-001
      outer loop
         vertex -6.000000e+001 -1.000000e+001 -8.660254e+001
         vertex -6.000000e+001 -3.000000e+001 -8.660254e+001
         vertex -5.866026e+001 -3.000000e+001 -9.160254e+001
      endloop
   endfacet
   facet normal 9.390708e-001 0.000000e+000 3.437238e-001
      outer loop
         vertex -6.000000e+001 -1.000000e+001 -8.660254e+001
         vertex -5.866026e+001 -3.000000e+001 -9.160254e+001
         vertex -5.866026e+001 -1.000000e+001 -9.160254e+001
      endloop
   endfacet
   facet normal 7.672089e-001 0.000000e+000 6.413973e-001
      outer loop
         vertex -5.866026e+001 -1.000000e+001 -9.160254e+001
         vertex -5.866026e+001 -3.000000e+001 -9.160254e+001
         vertex -5.500000e+001 -3.000000e+001 -9.526279e+001
      endloop
   endfacet
   facet normal 6.413973e-001 0.000000e+000 7.672089e-001
      outer loop
         vertex -5.866026e+001 -1.000000e+001 -9.160254e+001
         vertex -5.500000e+001 -3.000000e+001 -9.526279e+001
         vertex -5.500000e+001 -1.000000e+001 -9.526279e+001
      endloop
   endfacet
   facet normal 3.437238e-001 0.000000e+000 9.390708e-001
      outer loop
         vertex -5.500000e+001 -1.000000e+001 -9.526279e+001
         vertex -5.500000e+001 -3.000000e+001 -9.526279e+001
         vertex -5.000000e+001 -3.000000e+001 -9.660254e+001
      endloop
   endfacet
   facet normal 0.000000e+000 -1.000000e+000 0.000000e+000
      outer loop
         vertex -5.500000e+001 -1.000000e+001 -9.526279e+001
         vertex -5.000000e+001 -1.000000e+001 -9.660254e+001
         vertex -4.500000e+001 -1.000000e+001 -9.526279e+001
      endloop
   endfacet
   facet normal 0.000000e+000 -1.000000e+000 0.000000e+000
      outer loop
         vertex -4.000000e+001 -1.000000e+001 -8.660254e+001
         vertex -4.133975e+001 -1.000000e+001 -8.160255e+001
         vertex -4.500000e+001 -1.000000e+001 -7.794229e+001
      endloop
   endfacet
   facet normal 0.000000e+000 -1.000000e+000 0.000000e+000
      outer loop
         vertex -6.000000e+001 -1.000000e+001 -8.660254e+001
         vertex -5.866026e+001 -1.000000e+001 -9.160254e+001
         vertex -5.866026e+001 -1.000000e+001 -8.160255e+001
      endloop
   endfacet
   facet normal 0.000000e+000 -1.000000e+000 0.000000e+000
      outer loop
         vertex -5.866026e+001 -1.000000e+001 -8.160255e+001
         vertex -5.866026e+001 -1.000000e+001 -9.160254e+001
         vertex -5.500000e+001 -1.000000e+001 -9.526279e+001
      endloop
   endfacet
   facet normal 0.000000e+000 -1.000000e+000 0.000000e+000
      outer loop
         vertex -5.866026e+001 -1.000000e+001 -8.160255e+001
         vertex -5.500000e+001 -1.000000e+001 -9.526279e+001
         vertex -5.500000e+001 -1.000000e+001 -7.794229e+001
      endloop
   endfacet
   facet normal 0.000000e+000 -1.000000e+000 0.000000e+000
      outer loop
         vertex -5.500000e+001 -1.000000e+001 -7.794229e+001
         vertex -5.500000e+001 -1.000000e+001 -9.526279e+001
         vertex -4.500000e+001 -1.000000e+001 -9.526279e+001
      endloop
   endfacet
   facet normal 0.000000e+000 -1.000000e+000 0.000000e+000
      outer loop
         vertex -4.500000e+001 -1.000000e+001 -9.526279e+001
         vertex -4.133975e+001 -1.000000e+001 -9.160254e+001
         vertex -5.500000e+001 -1.000000e+001 -7.794229e+001
      endloop
   endfacet
   facet normal 0.000000e+000 -1.000000e+000 0.000000e+000
      outer loop
         vertex -5.500000e+001 -1.000000e+001 -7.794229e+001
         vertex -4.133975e+001 -1.000000e+001 -9.160254e+001
         vertex -4.000000e+001 -1.000000e+001 -8.660254e+001
      endloop
   endfacet
   facet normal 0.000000e+000 -1.000000e+000 0.000000e+000
      outer loop
         vertex -5.500000e+001 -1.000000e+001 -7.794229e+001
         vertex -4.000000e+001 -1.000000e+001 -8.660254e+001
         vertex -5.000000e+001 -1.000000e+001 -7.660254e+001
      endloop
   endfacet
   facet normal 0.000000e+000 -1.000000e+000 0.000000e+000
      outer loop
         vertex -5.000000e+001 -1.000000e+001 -7.660254e+001
         vertex -4.000000e+001 -1.000000e+001 -8.660254e+001
         vertex -4.500000e+001 -1.000000e+001 -7.794229e+001
      endloop
   endfacet
   facet normal 1.718619e-001 0.000000e+000 9.851210e-001
      outer loop
         vertex -1.050000e+002 -1.000000e+001 -8.660254e+000
         vertex -1.000000e+002 -3.000000e+001 -1.000000e+001
         vertex -1.000000e+002 -1.000000e+001 -1.000000e+001
      endloop
   endfacet
   facet normal -1.718619e-001 0.000000e+000 9.851210e-001
      outer loop
         vertex -1.000000e+002 -1.000000e+001 -1.000000e+001
         vertex -1.000000e+002 -3.000000e+001 -1.000000e+001
         vertex -9.500000e+001 -3.000000e+001 -8.660254e+000
      endloop
   endfacet
   facet normal -3.437238e-001 0.000000e+000 9.390708e-001
      outer loop
         vertex -1.000000e+002 -1.000000e+001 -1.000000e+001
         vertex -9.500000e+001 -3.000000e+001 -8.660254e+000
         vertex -9.500000e+001 -1.000000e+001 -8.660254e+000
      endloop
   endfacet
   facet normal -6.413973e-001 0.000000e+000 7.672089e-001
      outer loop
         vertex -9.500000e+001 -1.000000e+001 -8.660254e+000
         vertex -9.500000e+001 -3.000000e+001 -8.660254e+000
         vertex -9.133974e+001 -3.000000e+001 -5.000000e+000
      endloop
   endfacet
   facet normal -7.672089e-001 0.000000e+000 6.413973e-001
      outer loop
         vertex -9.500000e+001 -1.000000e+001 -8.660254e+000
         vertex -9.133974e+001 -3.000000e+001 -5.000000e+000
         vertex -9.133974e+001 -1.000000e+001 -5.000000e+000
      endloop
   endfacet
   facet normal -9.390708e-001 0.000000e+000 3.437238e-001
      outer loop
         vertex -9.133974e+001 -1.000000e+001 -5.000000e+000
         vertex -9.133974e+001 -3.000000e+001 -5.000000e+000
         vertex -9.000000e+001 -3.000000e+001 -2.832770e-015
      endloop
   endfacet
   facet normal -9.851210e-001 0.000000e+000 1.718619e-001
      outer loop
         vertex -9.133974e+001 -1.000000e+001 -5.000000e+000
         vertex -9.000000e+001 -3.000000e+001 -2.832770e-015
         vertex -9.000000e+001 -1.000000e+001 -2.832770e-015
      endloop
   endfacet
   facet normal -9.851210e-001 0.000000e+000 -1.718619e-001
      outer loop
         vertex -9.000000e+001 -1.000000e+001 -2.832770e-015
         vertex -9.000000e+001 -3.000000e+001 -2.832770e-015
         vertex -9.133974e+001 -3.000000e+001 5.000000e+000
      endloop
   endfacet
   facet normal -9.390708e-001 0.000000e+000 -3.437238e-001
      outer loop
         vertex -9.000000e+001 -1.000000e+001 -2.832770e-015
         vertex -9.133974e+001 -3.000000e+001 5.000000e+000
         vertex -9.133974e+001 -1.000000e+001 5.000000e+000
      endloop
   endfacet
   facet normal -7.672089e-001 0.000000e+000 -6.413973e-001
      outer loop
         vertex -9.133974e+001 -1.000000e+001 5.000000e+000
         vertex -9.133974e+001 -3.000000e+001 5.000000e+000
         vertex -9.500000e+001 -3.000000e+001 8.660254e+000
      endloop
   endfacet
   facet normal -6.413973e-001 0.000000e+000 -7.672089e-001
      outer loop
         vertex -9.133974e+001 -1.000000e+001 5.000000e+000
         vertex -9.500000e+001 -3.000000e+001 8.660254e+000
         vertex -9.500000e+001 -1.000000e+001 8.660254e+000
      endloop
   endfacet
   facet normal -3.437238e-001 0.000000e+000 -9.390708e-001
      outer loop
         vertex -9.500000e+001 -1.000000e+001 8.660254e+000
         vertex -9.500000e+001 -3.000000e+001 8.660254e+000
         vertex -1.000000e+002 -3.000000e+001 1.000000e+001
      endloop
   endfacet
   facet normal -1.718619e-001 0.000000e+000 -9.851210e-001
      outer loop
         vertex -9.500000e+001 -1.000000e+001 8.660254e+000
         vertex -1.000000e+002 -3.000000e+001 1.000000e+001
         vertex -1.000000e+002 -1.000000e+001 1.000000e+001
      endloop
   endfacet
   facet normal 1.718619e-001 0.000000e+000 -9.851210e-001
      outer loop
         vertex -1.000000e+002 -1.000000e+001 1.000000e+001
         vertex -1.000000e+002 -3.000000e+001 1.000000e+001
         vertex -1.050000e+002 -3.000000e+001 8.660254e+000
      endloop
   endfacet
   facet normal 3.437238e-001 0.000000e+000 -9.390708e-001
      outer loop
         vertex -1.000000e+002 -1.000000e+001 1.000000e+001
         vertex -1.050000e+002 -3.000000e+001 8.660254e+000
         vertex -1.050000e+002 -1.000000e+001 8.660254e+000
      endloop
   endfacet
   facet normal 6.413973e-001 0.000000e+000 -7.672089e-001
      outer loop
         vertex -1.050000e+002 -1.000000e+001 8.660254e+000
         vertex -1.050000e+002 -3.000000e+001 8.660254e+000
         vertex -1.086602e+002 -3.000000e+001 5.000000e+000
      endloop
   endfacet
   facet normal 7.672089e-001 0.000000e+000 -6.413973e-001
      outer loop
         vertex -1.050000e+002 -1.000000e+001 8.660254e+000
         vertex -1.086602e+002 -3.000000e+001 5.000000e+000
         vertex -1.086602e+002 -1.000000e+001 5.000000e+000
      endloop
   endfacet
   facet normal 9.390708e-001 0.000000e+000 -3.437238e-001
      outer loop
         vertex -1.086602e+002 -1.000000e+001 5.000000e+000
         vertex -1.086602e+002 -3.000000e+001 5.000000e+000
         vertex -1.100000e+002 -3.000000e+001 1.071875e-014
      endloop
   endfacet
   facet normal 9.851210e-001 0.000000e+000 -1.718619e-001
      outer loop
         vertex -1.086602e+002 -1.000000e+001 5.000000e+000
         vertex -1.100000e+002 -3.000000e+001 1.071875e-014
         vertex -1.100000e+002 -1.000000e+001 1.071875e-014
      endloop
   endfacet
   facet normal 9.851210e-001 0.000000e+000 1.718619e-001
      outer loop
         vertex -1.100000e+002 -1.000000e+001 1.071875e-014
         vertex -1.100000e+002 -3.000000e+001 1.071875e-014
         vertex -1.086602e+002 -3.000000e+001 -5.000000e+000
      endloop
   endfacet
   facet normal 9.390708e-001 0.000000e+000 3.437238e-001
      outer loop
         vertex -1.100000e+002 -1.000000e+001 1.071875e-014
         vertex -1.086602e+002 -3.000000e+001 -5.000000e+000
         vertex -1.086602e+002 -1.000000e+001 -5.000000e+000
      endloop
   endfacet
   facet normal 7.672089e-001 0.000000e+000 6.413973e-001
      outer loop
         vertex -1.086602e+002 -1.000000e+001 -5.000000e+000
         vertex -1.086602e+002 -3.000000e+001 -5.000000e+000
         vertex -1.050000e+002 -3.000000e+001 -8.660254e+000
      endloop
   endfacet
   facet normal 6.413973e-001 0.000000e+000 7.672089e-001
      outer loop
         vertex -1.086602e+002 -1.000000e+001 -5.000000e+000
         vertex -1.050000e+002 -3.000000e+001 -8.660254e+000
         vertex -1.050000e+002 -1.000000e+001 -8.660254e+000
      endloop
   endfacet
   facet normal 3.437238e-001 0.000000e+000 9.390708e-001
      outer loop
         vertex -1.050000e+002 -1.000000e+001 -8.660254e+000
         vertex -1.050000e+002 -3.000000e+001 -8.660254e+000
         vertex -1.000000e+002 -3.000000e+001 -1.000000e+001
      endloop
   endfacet
   facet normal 0.000000e+000 -1.000000e+000 0.000000e+000
      outer loop
         vertex -1.086602e+002 -1.000000e+001 5.000000e+000
         vertex -9.133974e+001 -1.000000e+001 -5.000000e+000
         vertex -9.000000e+001 -1.000000e+001 -2.832770e-015
      endloop
   endfacet
   facet normal 0.000000e+000 -1.000000e+000 0.000000e+000
      outer loop
         vertex -1.100000e+002 -1.000000e+001 1.071875e-014
         vertex -1.086602e+002 -1.000000e+001 -5.000000e+000
         vertex -1.086602e+002 -1.000000e+001 5.000000e+000
      endloop
   endfacet
   facet normal 0.000000e+000 -1.000000e+000 0.000000e+000
      outer loop
         vertex -1.086602e+002 -1.000000e+001 5.000000e+000
         vertex -1.086602e+002 -1.000000e+001 -5.000000e+000
         vertex -1.050000e+002 -1.000000e+001 -8.660254e+000
      endloop
   endfacet
   facet normal 0.000000e+000 -1.000000e+000 0.000000e+000
      outer loop
         vertex -1.000000e+002 -1.000000e+001 1.000000e+001
         vertex -1.050000e+002 -1.000000e+001 8.660254e+000
         vertex -9.500000e+001 -1.000000e+001 8.660254e+000
      endloop
   endfacet
   facet normal 0.000000e+000 -1.000000e+000 0.000000e+000
      outer loop
         vertex -9.500000e+001 -1.000000e+001 8.660254e+000
         vertex -1.050000e+002 -1.000000e+001 8.660254e+000
         vertex -1.086602e+002 -1.000000e+001 5.000000e+000
      endloop
   endfacet
   facet normal 0.000000e+000 -1.000000e+000 0.000000e+000
      outer loop
         vertex -9.500000e+001 -1.000000e+001 8.660254e+000
         vertex -1.086602e+002 -1.000000e+001 5.000000e+000
         vertex -9.133974e+001 -1.000000e+001 5.000000e+000
      endloop
   endfacet
   facet normal 0.000000e+000 -1.000000e+000 0.000000e+000
      outer loop
         vertex -9.133974e+001 -1.000000e+001 5.000000e+000
         vertex -1.086602e+002 -1.000000e+001 5.000000e+000
         vertex -9.000000e+001 -1.000000e+001 -2.832770e-015
      endloop
   endfacet
   facet normal 0.000000e+000 -1.000000e+000 0.000000e+000
      outer loop
         vertex -1.050000e+002 -1.000000e+001 -8.660254e+000
         vertex -1.000000e+002 -1.000000e+001 -1.000000e+001
         vertex -1.086602e+002 -1.000000e+001 5.000000e+000
      endloop
   endfacet
   facet normal 0.000000e+000 -1.000000e+000 0.000000e+000
      outer loop
         vertex -1.086602e+002 -1.000000e+001 5.000000e+000
         vertex -1.000000e+002 -1.000000e+001 -1.000000e+001
         vertex -9.500000e+001 -1.000000e+001 -8.660254e+000
      endloop
   endfacet
   facet normal 0.000000e+000 -1.000000e+000 0.000000e+000
      outer loop
         vertex -1.086602e+002 -1.000000e+001 5.000000e+000
         vertex -9.500000e+001 -1.000000e+001 -8.660254e+000
         vertex -9.133974e+001 -1.000000e+001 -5.000000e+000
      endloop
   endfacet
   facet normal 1.718619e-001 0.000000e+000 9.851210e-001
      outer loop
         vertex -5.500000e+001 -1.000000e+001 7.794229e+001
         vertex -5.000000e+001 -3.000000e+001 7.660254e+001
         vertex -5.000000e+001 -1.000000e+001 7.660254e+001
      endloop
   endfacet
   facet normal -1.718619e-001 0.000000e+000 9.851210e-001
      outer loop
         vertex -5.000000e+001 -1.000000e+001 7.660254e+001
         vertex -5.000000e+001 -3.000000e+001 7.660254e+001
         vertex -4.500000e+001 -3.000000e+001 7.794229e+001
      endloop
   endfacet
   facet normal -3.437238e-001 0.000000e+000 9.390708e-001
      outer loop
         vertex -5.000000e+001 -1.000000e+001 7.660254e+001
         vertex -4.500000e+001 -3.000000e+001 7.794229e+001
         vertex -4.500000e+001 -1.000000e+001 7.794229e+001
      endloop
   endfacet
   facet normal -6.413973e-001 0.000000e+000 7.672089e-001
      outer loop
         vertex -4.500000e+001 -1.000000e+001 7.794229e+001
         vertex -4.500000e+001 -3.000000e+001 7.794229e+001
         vertex -4.133975e+001 -3.000000e+001 8.160255e+001
      endloop
   endfacet
   facet normal -7.672089e-001 0.000000e+000 6.413973e-001
      outer loop
         vertex -4.500000e+001 -1.000000e+001 7.794229e+001
         vertex -4.133975e+001 -3.000000e+001 8.160255e+001
         vertex -4.133975e+001 -1.000000e+001 8.160255e+001
      endloop
   endfacet
   facet normal -9.390708e-001 0.000000e+000 3.437238e-001
      outer loop
         vertex -4.133975e+001 -1.000000e+001 8.160255e+001
         vertex -4.133975e+001 -3.000000e+001 8.160255e+001
         vertex -4.000000e+001 -3.000000e+001 8.660254e+001
      endloop
   endfacet
   facet normal -9.851210e-001 0.000000e+000 1.718619e-001
      outer loop
         vertex -4.133975e+001 -1.000000e+001 8.160255e+001
         vertex -4.000000e+001 -3.000000e+001 8.660254e+001
         vertex -4.000000e+001 -1.000000e+001 8.660254e+001
      endloop
   endfacet
   facet normal -9.851210e-001 0.000000e+000 -1.718619e-001
      outer loop
         vertex -4.000000e+001 -1.000000e+001 8.660254e+001
         vertex -4.000000e+001 -3.000000e+001 8.660254e+001
         vertex -4.133975e+001 -3.000000e+001 9.160254e+001
      endloop
   endfacet
   facet normal -9.390708e-001 0.000000e+000 -3.437238e-001
      outer loop
         vertex -4.000000e+001 -1.000000e+001 8.660254e+001
         vertex -4.133975e+001 -3.000000e+001 9.160254e+001
         vertex -4.133975e+001 -1.000000e+001 9.160254e+001
      endloop
   endfacet
   facet normal -7.672089e-001 0.000000e+000 -6.413973e-001
      outer loop
         vertex -4.133975e+001 -1.000000e+001 9.160254e+001
         vertex -4.133975e+001 -3.000000e+001 9.160254e+001
         vertex -4.500000e+001 -3.000000e+001 9.526279e+001
      endloop
   endfacet
   facet normal -6.413973e-001 0.000000e+000 -7.672089e-001
      outer loop
         vertex -4.133975e+001 -1.000000e+001 9.160254e+001
         vertex -4.500000e+001 -3.000000e+001 9.526279e+001
         vertex -4.500000e+001 -1.000000e+001 9.526279e+001
      endloop
   endfacet
   facet normal -3.437238e-001 0.000000e+000 -9.390708e-001
      outer loop
         vertex -4.500000e+001 -1.000000e+001 9.526279e+001
         vertex -4.500000e+001 -3.000000e+001 9.526279e+001
         vertex -5.000000e+001 -3.000000e+001 9.660254e+001
      endloop
   endfacet
   facet normal -1.718619e-001 0.000000e+000 -9.851210e-001
      outer loop
         vertex -4.500000e+001 -1.000000e+001 9.526279e+001
         vertex -5.000000e+001 -3.000000e+001 9.660254e+001
         vertex -5.000000e+001 -1.000000e+001 9.660254e+001
      endloop
   endfacet
   facet normal 1.718619e-001 0.000000e+000 -9.851210e-001
      outer loop
         vertex -5.000000e+001 -1.000000e+001 9.660254e+001
         vertex -5.000000e+001 -3.000000e+001 9.660254e+001
         vertex -5.500000e+001 -3.000000e+001 9.526279e+001
      endloop
   endfacet
   facet normal 3.437238e-001 0.000000e+000 -9.390708e-001
      outer loop
         vertex -5.000000e+001 -1.000000e+001 9.660254e+001
         vertex -5.500000e+001 -3.000000e+001 9.526279e+001
         vertex -5.500000e+001 -1.000000e+001 9.526279e+001
      endloop
   endfacet
   facet normal 6.413973e-001 0.000000e+000 -7.672089e-001
      outer loop
         vertex -5.500000e+001 -1.000000e+001 9.526279e+001
         vertex -5.500000e+001 -3.000000e+001 9.526279e+001
         vertex -5.866026e+001 -3.000000e+001 9.160254e+001
      endloop
   endfacet
   facet normal 7.672089e-001 0.000000e+000 -6.413973e-001
      outer loop
         vertex -5.500000e+001 -1.000000e+001 9.526279e+001
         vertex -5.866026e+001 -3.000000e+001 9.160254e+001
         vertex -5.866026e+001 -1.000000e+001 9.160254e+001
      endloop
   endfacet
   facet normal 9.390708e-001 0.000000e+000 -3.437238e-001
      outer loop
         vertex -5.866026e+001 -1.000000e+001 9.160254e+001
         vertex -5.866026e+001 -3.000000e+001 9.160254e+001
         vertex -6.000000e+001 -3.000000e+001 8.660254e+001
      endloop
   endfacet
   facet normal 9.851210e-001 0.000000e+000 -1.718619e-001
      outer loop
         vertex -5.866026e+001 -1.000000e+001 9.160254e+001
         vertex -6.000000e+001 -3.000000e+001 8.660254e+001
         vertex -6.000000e+001 -1.000000e+001 8.660254e+001
      endloop
   endfacet
   facet normal 9.851210e-001 0.000000e+000 1.718619e-001
      outer loop
         vertex -6.000000e+001 -1.000000e+001 8.660254e+001
         vertex -6.000000e+001 -3.000000e+001 8.660254e+001
         vertex -5.866026e+001 -3.000000e+001 8.160255e+001
      endloop
   endfacet
   facet normal 9.390708e-001 0.000000e+000 3.437238e-001
      outer loop
         vertex -6.000000e+001 -1.000000e+001 8.660254e+001
         vertex -5.866026e+001 -3.000000e+001 8.160255e+001
         vertex -5.866026e+001 -1.000000e+001 8.160255e+001
      endloop
   endfacet
   facet normal 7.672089e-001 0.000000e+000 6.413973e-001
      outer loop
         vertex -5.866026e+001 -1.000000e+001 8.160255e+001
         vertex -5.866026e+001 -3.000000e+001 8.160255e+001
         vertex -5.500000e+001 -3.000000e+001 7.794229e+001
      endloop
   endfacet
   facet normal 6.413973e-001 0.000000e+000 7.672089e-001
      outer loop
         vertex -5.866026e+001 -1.000000e+001 8.160255e+001
         vertex -5.500000e+001 -3.000000e+001 7.794229e+001
         vertex -5.500000e+001 -1.000000e+001 7.794229e+001
      endloop
   endfacet
   facet normal 3.437238e-001 0.000000e+000 9.390708e-001
      outer loop
         vertex -5.500000e+001 -1.000000e+001 7.794229e+001
         vertex -5.500000e+001 -3.000000e+001 7.794229e+001
         vertex -5.000000e+001 -3.000000e+001 7.660254e+001
      endloop
   endfacet
   facet normal 0.000000e+000 -1.000000e+000 0.000000e+000
      outer loop
         vertex -4.500000e+001 -1.000000e+001 9.526279e+001
         vertex -5.000000e+001 -1.000000e+001 9.660254e+001
         vertex -5.866026e+001 -1.000000e+001 8.160255e+001
      endloop
   endfacet
   facet normal 0.000000e+000 -1.000000e+000 0.000000e+000
      outer loop
         vertex -5.500000e+001 -1.000000e+001 7.794229e+001
         vertex -5.000000e+001 -1.000000e+001 7.660254e+001
         vertex -4.500000e+001 -1.000000e+001 7.794229e+001
      endloop
   endfacet
   facet normal 0.000000e+000 -1.000000e+000 0.000000e+000
      outer loop
         vertex -5.000000e+001 -1.000000e+001 9.660254e+001
         vertex -5.500000e+001 -1.000000e+001 9.526279e+001
         vertex -5.866026e+001 -1.000000e+001 8.160255e+001
      endloop
   endfacet
   facet normal 0.000000e+000 -1.000000e+000 0.000000e+000
      outer loop
         vertex -5.866026e+001 -1.000000e+001 8.160255e+001
         vertex -5.500000e+001 -1.000000e+001 9.526279e+001
         vertex -5.866026e+001 -1.000000e+001 9.160254e+001
      endloop
   endfacet
   facet normal 0.000000e+000 -1.000000e+000 0.000000e+000
      outer loop
         vertex -5.866026e+001 -1.000000e+001 8.160255e+001
         vertex -5.866026e+001 -1.000000e+001 9.160254e+001
         vertex -6.000000e+001 -1.000000e+001 8.660254e+001
      endloop
   endfacet
   facet normal 0.000000e+000 -1.000000e+000 0.000000e+000
      outer loop
         vertex -4.500000e+001 -1.000000e+001 7.794229e+001
         vertex -4.133975e+001 -1.000000e+001 8.160255e+001
         vertex -5.500000e+001 -1.000000e+001 7.794229e+001
      endloop
   endfacet
   facet normal 0.000000e+000 -1.000000e+000 0.000000e+000
      outer loop
         vertex -5.500000e+001 -1.000000e+001 7.794229e+001
         vertex -4.133975e+001 -1.000000e+001 8.160255e+001
         vertex -4.000000e+001 -1.000000e+001 8.660254e+001
      endloop
   endfacet
   facet normal 0.000000e+000 -1.000000e+000 0.000000e+000
      outer loop
         vertex -5.500000e+001 -1.000000e+001 7.794229e+001
         vertex -4.000000e+001 -1.000000e+001 8.660254e+001
         vertex -5.866026e+001 -1.000000e+001 8.160255e+001
      endloop
   endfacet
   facet normal 0.000000e+000 -1.000000e+000 0.000000e+000
      outer loop
         vertex -5.866026e+001 -1.000000e+001 8.160255e+001
         vertex -4.000000e+001 -1.000000e+001 8.660254e+001
         vertex -4.133975e+001 -1.000000e+001 9.160254e+001
      endloop
   endfacet
   facet normal 0.000000e+000 -1.000000e+000 0.000000e+000
      outer loop
         vertex -5.866026e+001 -1.000000e+001 8.160255e+001
         vertex -4.133975e+001 -1.000000e+001 9.160254e+001
         vertex -4.500000e+001 -1.000000e+001 9.526279e+001
      endloop
   endfacet
   facet normal 1.718619e-001 0.000000e+000 9.851210e-001
      outer loop
         vertex 4.500000e+001 -1.000000e+001 7.794229e+001
         vertex 5.000000e+001 -3.000000e+001 7.660254e+001
         vertex 5.000000e+001 -1.000000e+001 7.660254e+001
      endloop
   endfacet
   facet normal -1.718619e-001 0.000000e+000 9.851210e-001
      outer loop
         vertex 5.000000e+001 -1.000000e+001 7.660254e+001
         vertex 5.000000e+001 -3.000000e+001 7.660254e+001
         vertex 5.500000e+001 -3.000000e+001 7.794229e+001
      endloop
   endfacet
   facet normal -3.437238e-001 0.000000e+000 9.390708e-001
      outer loop
         vertex 5.000000e+001 -1.000000e+001 7.660254e+001
         vertex 5.500000e+001 -3.000000e+001 7.794229e+001
         vertex 5.500000e+001 -1.000000e+001 7.794229e+001
      endloop
   endfacet
   facet normal -6.413973e-001 0.000000e+000 7.672089e-001
      outer loop
         vertex 5.500000e+001 -1.000000e+001 7.794229e+001
         vertex 5.500000e+001 -3.000000e+001 7.794229e+001
         vertex 5.866026e+001 -3.000000e+001 8.160255e+001
      endloop
   endfacet
   facet normal -7.672089e-001 0.000000e+000 6.413973e-001
      outer loop
         vertex 5.500000e+001 -1.000000e+001 7.794229e+001
         vertex 5.866026e+001 -3.000000e+001 8.160255e+001
         vertex 5.866026e+001 -1.000000e+001 8.160255e+001
      endloop
   endfacet
   facet normal -9.390708e-001 0.000000e+000 3.437238e-001
      outer loop
         vertex 5.866026e+001 -1.000000e+001 8.160255e+001
         vertex 5.866026e+001 -3.000000e+001 8.160255e+001
         vertex 6.000000e+001 -3.000000e+001 8.660254e+001
      endloop
   endfacet
   facet normal -9.851210e-001 0.000000e+000 1.718619e-001
      outer loop
         vertex 5.866026e+001 -1.000000e+001 8.160255e+001
         vertex 6.000000e+001 -3.000000e+001 8.660254e+001
         vertex 6.000000e+001 -1.000000e+001 8.660254e+001
      endloop
   endfacet
   facet normal -9.851210e-001 0.000000e+000 -1.718619e-001
      outer loop
         vertex 6.000000e+001 -1.000000e+001 8.660254e+001
         vertex 6.000000e+001 -3.000000e+001 8.660254e+001
         vertex 5.866026e+001 -3.000000e+001 9.160254e+001
      endloop
   endfacet
   facet normal -9.390708e-001 0.000000e+000 -3.437238e-001
      outer loop
         vertex 6.000000e+001 -1.000000e+001 8.660254e+001
         vertex 5.866026e+001 -3.000000e+001 9.160254e+001
         vertex 5.866026e+001 -1.000000e+001 9.160254e+001
      endloop
   endfacet
   facet normal -7.672089e-001 0.000000e+000 -6.413973e-001
      outer loop
         vertex 5.866026e+001 -1.000000e+001 9.160254e+001
         vertex 5.866026e+001 -3.000000e+001 9.160254e+001
         vertex 5.500000e+001 -3.000000e+001 9.526279e+001
      endloop
   endfacet
   facet normal -6.413973e-001 0.000000e+000 -7.672089e-001
      outer loop
         vertex 5.866026e+001 -1.000000e+001 9.160254e+001
         vertex 5.500000e+001 -3.000000e+001 9.526279e+001
         vertex 5.500000e+001 -1.000000e+001 9.526279e+001
      endloop
   endfacet
   facet normal -3.437238e-001 0.000000e+000 -9.390708e-001
      outer loop
         vertex 5.500000e+001 -1.000000e+001 9.526279e+001
         vertex 5.500000e+001 -3.000000e+001 9.526279e+001
         vertex 5.000000e+001 -3.000000e+001 9.660254e+001
      endloop
   endfacet
   facet normal -1.718619e-001 0.000000e+000 -9.851210e-001
      outer loop
         vertex 5.500000e+001 -1.000000e+001 9.526279e+001
         vertex 5.000000e+001 -3.000000e+001 9.660254e+001
         vertex 5.000000e+001 -1.000000e+001 9.660254e+001
      endloop
   endfacet
   facet normal 1.718619e-001 0.000000e+000 -9.851210e-001
      outer loop
         vertex 5.000000e+001 -1.000000e+001 9.660254e+001
         vertex 5.000000e+001 -3.000000e+001 9.660254e+001
         vertex 4.500000e+001 -3.000000e+001 9.526279e+001
      endloop
   endfacet
   facet normal 3.437238e-001 0.000000e+000 -9.390708e-001
      outer loop
         vertex 5.000000e+001 -1.000000e+001 9.660254e+001
         vertex 4.500000e+001 -3.000000e+001 9.526279e+001
         vertex 4.500000e+001 -1.000000e+001 9.526279e+001
      endloop
   endfacet
   facet normal 6.413973e-001 0.000000e+000 -7.672089e-001
      outer loop
         vertex 4.500000e+001 -1.000000e+001 9.526279e+001
         vertex 4.500000e+001 -3.000000e+001 9.526279e+001
         vertex 4.133975e+001 -3.000000e+001 9.160254e+001
      endloop
   endfacet
   facet normal 7.672089e-001 0.000000e+000 -6.413973e-001
      outer loop
         vertex 4.500000e+001 -1.000000e+001 9.526279e+001
         vertex 4.133975e+001 -3.000000e+001 9.160254e+001
         vertex 4.133975e+001 -1.000000e+001 9.160254e+001
      endloop
   endfacet
   facet normal 9.390708e-001 0.000000e+000 -3.437238e-001
      outer loop
         vertex 4.133975e+001 -1.000000e+001 9.160254e+001
         vertex 4.133975e+001 -3.000000e+001 9.160254e+001
         vertex 4.000000e+001 -3.000000e+001 8.660254e+001
      endloop
   endfacet
   facet normal 9.851210e-001 0.000000e+000 -1.718619e-001
      outer loop
         vertex 4.133975e+001 -1.000000e+001 9.160254e+001
         vertex 4.000000e+001 -3.000000e+001 8.660254e+001
         vertex 4.000000e+001 -1.000000e+001 8.660254e+001
      endloop
   endfacet
   facet normal 9.851210e-001 0.000000e+000 1.718619e-001
      outer loop
         vertex 4.000000e+001 -1.000000e+001 8.660254e+001
         vertex 4.000000e+001 -3.000000e+001 8.660254e+001
         vertex 4.133975e+001 -3.000000e+001 8.160255e+001
      endloop
   endfacet
   facet normal 9.390708e-001 0.000000e+000 3.437238e-001
      outer loop
         vertex 4.000000e+001 -1.000000e+001 8.660254e+001
         vertex 4.133975e+001 -3.000000e+001 8.160255e+001
         vertex 4.133975e+001 -1.000000e+001 8.160255e+001
      endloop
   endfacet
   facet normal 7.672089e-001 0.000000e+000 6.413973e-001
      outer loop
         vertex 4.133975e+001 -1.000000e+001 8.160255e+001
         vertex 4.133975e+001 -3.000000e+001 8.160255e+001
         vertex 4.500000e+001 -3.000000e+001 7.794229e+001
      endloop
   endfacet
   facet normal 6.413973e-001 0.000000e+000 7.672089e-001
      outer loop
         vertex 4.133975e+001 -1.000000e+001 8.160255e+001
         vertex 4.500000e+001 -3.000000e+001 7.794229e+001
         vertex 4.500000e+001 -1.000000e+001 7.794229e+001
      endloop
   endfacet
   facet normal 3.437238e-001 0.000000e+000 9.390708e-001
      outer loop
         vertex 4.500000e+001 -1.000000e+001 7.794229e+001
         vertex 4.500000e+001 -3.000000e+001 7.794229e+001
         vertex 5.000000e+001 -3.000000e+001 7.660254e+001
      endloop
   endfacet
   facet normal 0.000000e+000 -1.000000e+000 0.000000e+000
      outer loop
         vertex 5.000000e+001 -1.000000e+001 9.660254e+001
         vertex 4.500000e+001 -1.000000e+001 9.526279e+001
         vertex 5.500000e+001 -1.000000e+001 7.794229e+001
      endloop
   endfacet
   facet normal 0.000000e+000 -1.000000e+000 0.000000e+000
      outer loop
         vertex 5.500000e+001 -1.000000e+001 7.794229e+001
         vertex 4.500000e+001 -1.000000e+001 9.526279e+001
         vertex 4.133975e+001 -1.000000e+001 9.160254e+001
      endloop
   endfacet
   facet normal 0.000000e+000 -1.000000e+000 0.000000e+000
      outer loop
         vertex 5.000000e+001 -1.000000e+001 7.660254e+001
         vertex 5.500000e+001 -1.000000e+001 7.794229e+001
         vertex 4.500000e+001 -1.000000e+001 7.794229e+001
      endloop
   endfacet
   facet normal 0.000000e+000 -1.000000e+000 0.000000e+000
      outer loop
         vertex 4.500000e+001 -1.000000e+001 7.794229e+001
         vertex 5.500000e+001 -1.000000e+001 7.794229e+001
         vertex 4.133975e+001 -1.000000e+001 9.160254e+001
      endloop
   endfacet
   facet normal 0.000000e+000 -1.000000e+000 0.000000e+000
      outer loop
         vertex 4.500000e+001 -1.000000e+001 7.794229e+001
         vertex 4.133975e+001 -1.000000e+001 9.160254e+001
         vertex 4.133975e+001 -1.000000e+001 8.160255e+001
      endloop
   endfacet
   facet normal 0.000000e+000 -1.000000e+000 0.000000e+000
      outer loop
         vertex 4.133975e+001 -1.000000e+001 8.160255e+001
         vertex 4.133975e+001 -1.000000e+001 9.160254e+001
         vertex 4.000000e+001 -1.000000e+001 8.660254e+001
      endloop
   endfacet
   facet normal 0.000000e+000 -1.000000e+000 0.000000e+000
      outer loop
         vertex 5.500000e+001 -1.000000e+001 9.526279e+001
         vertex 5.000000e+001 -1.000000e+001 9.660254e+001
         vertex 5.866026e+001 -1.000000e+001 9.160254e+001
      endloop
   endfacet
   facet normal 0.000000e+000 -1.000000e+000 0.000000e+000
      outer loop
         vertex 5.866026e+001 -1.000000e+001 9.160254e+001
         vertex 5.000000e+001 -1.000000e+001 9.660254e+001
         vertex 5.500000e+001 -1.000000e+001 7.794229e+001
      endloop
   endfacet
   facet normal 0.000000e+000 -1.000000e+000 0.000000e+000
      outer loop
         vertex 5.866026e+001 -1.000000e+001 9.160254e+001
         vertex 5.500000e+001 -1.000000e+001 7.794229e+001
         vertex 6.000000e+001 -1.000000e+001 8.660254e+001
      endloop
   endfacet
   facet normal 0.000000e+000 -1.000000e+000 0.000000e+000
      outer loop
         vertex 6.000000e+001 -1.000000e+001 8.660254e+001
         vertex 5.500000e+001 -1.000000e+001 7.794229e+001
         vertex 5.866026e+001 -1.000000e+001 8.160255e+001
      endloop
   endfacet
   facet normal 9.915434e-001 0.000000e+000 -1.297753e-001
      outer loop
         vertex 9.000000e+002 2.000000e+001 -2.000000e+002
         vertex 9.000000e+002 0.000000e+000 -2.000000e+002
         vertex 8.923879e+002 0.000000e+000 -2.382683e+002
      endloop
   endfacet
   facet normal 9.657295e-001 0.000000e+000 -2.595505e-001
      outer loop
         vertex 9.000000e+002 2.000000e+001 -2.000000e+002
         vertex 8.923879e+002 0.000000e+000 -2.382683e+002
         vertex 8.923879e+002 2.000000e+001 -2.382683e+002
      endloop
   endfacet
   facet normal 8.664038e-001 0.000000e+000 -4.993440e-001
      outer loop
         vertex 8.923879e+002 2.000000e+001 -2.382683e+002
         vertex 8.923879e+002 0.000000e+000 -2.382683e+002
         vertex 8.707107e+002 0.000000e+000 -2.707107e+002
      endloop
   endfacet
   facet normal 7.928920e-001 0.000000e+000 -6.093621e-001
      outer loop
         vertex 8.923879e+002 2.000000e+001 -2.382683e+002
         vertex 8.707107e+002 0.000000e+000 -2.707107e+002
         vertex 8.707107e+002 2.000000e+001 -2.707107e+002
      endloop
   endfacet
   facet normal 6.093621e-001 0.000000e+000 -7.928920e-001
      outer loop
         vertex 8.707107e+002 2.000000e+001 -2.707107e+002
         vertex 8.707107e+002 0.000000e+000 -2.707107e+002
         vertex 8.382683e+002 0.000000e+000 -2.923880e+002
      endloop
   endfacet
   facet normal 4.993440e-001 0.000000e+000 -8.664038e-001
      outer loop
         vertex 8.707107e+002 2.000000e+001 -2.707107e+002
         vertex 8.382683e+002 0.000000e+000 -2.923880e+002
         vertex 8.382683e+002 2.000000e+001 -2.923880e+002
      endloop
   endfacet
   facet normal 2.595505e-001 0.000000e+000 -9.657295e-001
      outer loop
         vertex 8.382683e+002 2.000000e+001 -2.923880e+002
         vertex 8.382683e+002 0.000000e+000 -2.923880e+002
         vertex 8.000000e+002 0.000000e+000 -3.000000e+002
      endloop
   endfacet
   facet normal 1.297753e-001 0.000000e+000 -9.915434e-001
      outer loop
         vertex 8.382683e+002 2.000000e+001 -2.923880e+002
         vertex 8.000000e+002 0.000000e+000 -3.000000e+002
         vertex 8.000000e+002 2.000000e+001 -3.000000e+002
      endloop
   endfacet
   facet normal 1.297753e-001 0.000000e+000 9.915434e-001
      outer loop
         vertex 8.000000e+002 2.000000e+001 3.000000e+002
         vertex 8.000000e+002 0.000000e+000 3.000000e+002
         vertex 8.382683e+002 0.000000e+000 2.923880e+002
      endloop
   endfacet
   facet normal 2.595505e-001 0.000000e+000 9.657295e-001
      outer loop
         vertex 8.000000e+002 2.000000e+001 3.000000e+002
         vertex 8.382683e+002 0.000000e+000 2.923880e+002
         vertex 8.382683e+002 2.000000e+001 2.923880e+002
      endloop
   endfacet
   facet normal 4.993440e-001 0.000000e+000 8.664038e-001
      outer loop
         vertex 8.382683e+002 2.000000e+001 2.923880e+002
         vertex 8.382683e+002 0.000000e+000 2.923880e+002
         vertex 8.707107e+002 0.000000e+000 2.707107e+002
      endloop
   endfacet
   facet normal 6.093621e-001 0.000000e+000 7.928920e-001
      outer loop
         vertex 8.382683e+002 2.000000e+001 2.923880e+002
         vertex 8.707107e+002 0.000000e+000 2.707107e+002
         vertex 8.707107e+002 2.000000e+001 2.707107e+002
      endloop
   endfacet
   facet normal 7.928920e-001 0.000000e+000 6.093621e-001
      outer loop
         vertex 8.707107e+002 2.000000e+001 2.707107e+002
         vertex 8.707107e+002 0.000000e+000 2.707107e+002
         vertex 8.923879e+002 0.000000e+000 2.382683e+002
      endloop
   endfacet
   facet normal 8.664038e-001 0.000000e+000 4.993440e-001
      outer loop
         vertex 8.707107e+002 2.000000e+001 2.707107e+002
         vertex 8.923879e+002 0.000000e+000 2.382683e+002
         vertex 8.923879e+002 2.000000e+001 2.382683e+002
      endloop
   endfacet
   facet normal 9.657295e-001 0.000000e+000 2.595505e-001
      outer loop
         vertex 8.923879e+002 2.000000e+001 2.382683e+002
         vertex 8.923879e+002 0.000000e+000 2.382683e+002
         vertex 9.000000e+002 0.000000e+000 2.000000e+002
      endloop
   endfacet
   facet normal 9.915434e-001 0.000000e+000 1.297753e-001
      outer loop
         vertex 8.923879e+002 2.000000e+001 2.382683e+002
         vertex 9.000000e+002 0.000000e+000 2.000000e+002
         vertex 9.000000e+002 2.000000e+001 2.000000e+002
      endloop
   endfacet
   facet normal -9.915434e-001 0.000000e+000 1.297753e-001
      outer loop
         vertex -1.000000e+003 2.000000e+001 2.000000e+002
         vertex -1.000000e+003 0.000000e+000 2.000000e+002
         vertex -9.923879e+002 0.000000e+000 2.382683e+002
      endloop
   endfacet
   facet normal -9.657295e-001 0.000000e+000 2.595505e-001
      outer loop
         vertex -1.000000e+003 2.000000e+001 2.000000e+002
         vertex -9.923879e+002 0.000000e+000 2.382683e+002
         vertex -9.923879e+002 2.000000e+001 2.382683e+002
      endloop
   endfacet
   facet normal -8.664038e-001 0.000000e+000 4.993440e-001
      outer loop
         vertex -9.923879e+002 2.000000e+001 2.382683e+002
         vertex -9.923879e+002 0.000000e+000 2.382683e+002
         vertex -9.707107e+002 0.000000e+000 2.707107e+002
      endloop
   endfacet
   facet normal -7.928920e-001 0.000000e+000 6.093621e-001
      outer loop
         vertex -9.923879e+002 2.000000e+001 2.382683e+002
         vertex -9.707107e+002 0.000000e+000 2.707107e+002
         vertex -9.707107e+002 2.000000e+001 2.707107e+002
      endloop
   endfacet
   facet normal -6.093621e-001 0.000000e+000 7.928920e-001
      outer loop
         vertex -9.707107e+002 2.000000e+001 2.707107e+002
         vertex -9.707107e+002 0.000000e+000 2.707107e+002
         vertex -9.382684e+002 0.000000e+000 2.923880e+002
      endloop
   endfacet
   facet normal -4.993440e-001 0.000000e+000 8.664038e-001
      outer loop
         vertex -9.707107e+002 2.000000e+001 2.707107e+002
         vertex -9.382684e+002 0.000000e+000 2.923880e+002
         vertex -9.382684e+002 2.000000e+001 2.923880e+002
      endloop
   endfacet
   facet normal -2.595505e-001 0.000000e+000 9.657295e-001
      outer loop
         vertex -9.382684e+002 2.000000e+001 2.923880e+002
         vertex -9.382684e+002 0.000000e+000 2.923880e+002
         vertex -9.000000e+002 0.000000e+000 3.000000e+002
      endloop
   endfacet
   facet normal -1.297753e-001 0.000000e+000 9.915434e-001
      outer loop
         vertex -9.382684e+002 2.000000e+001 2.923880e+002
         vertex -9.000000e+002 0.000000e+000 3.000000e+002
         vertex -9.000000e+002 2.000000e+001 3.000000e+002
      endloop
   endfacet
   facet normal -1.297753e-001 0.000000e+000 -9.915434e-001
      outer loop
         vertex -9.000000e+002 2.000000e+001 -3.000000e+002
         vertex -9.000000e+002 0.000000e+000 -3.000000e+002
         vertex -9.382684e+002 0.000000e+000 -2.923880e+002
      endloop
   endfacet
   facet normal -2.595505e-001 0.000000e+000 -9.657295e-001
      outer loop
         vertex -9.000000e+002 2.000000e+001 -3.000000e+002
         vertex -9.382684e+002 0.000000e+000 -2.923880e+002
         vertex -9.382684e+002 2.000000e+001 -2.923880e+002
      endloop
   endfacet
   facet normal -4.993440e-001 0.000000e+000 -8.664038e-001
      outer loop
         vertex -9.382684e+002 2.000000e+001 -2.923880e+002
         vertex -9.382684e+002 0.000000e+000 -2.923880e+002
         vertex -9.707107e+002 0.000000e+000 -2.707107e+002
      endloop
   endfacet
   facet normal -6.093621e-001 0.000000e+000 -7.928920e-001
      outer loop
         vertex -9.382684e+002 2.000000e+001 -2.923880e+002
         vertex -9.707107e+002 0.000000e+000 -2.707107e+002
         vertex -9.707107e+002 2.000000e+001 -2.707107e+002
      endloop
   endfacet
   facet normal -7.928920e-001 0.000000e+000 -6.093621e-001
      outer loop
         vertex -9.707107e+002 2.000000e+001 -2.707107e+002
         vertex -9.707107e+002 0.000000e+000 -2.707107e+002
         vertex -9.923879e+002 0.000000e+000 -2.382683e+002
      endloop
   endfacet
   facet normal -8.664038e-001 0.000000e+000 -4.993440e-001
      outer loop
         vertex -9.707107e+002 2.000000e+001 -2.707107e+002
         vertex -9.923879e+002 0.000000e+000 -2.382683e+002
         vertex -9.923879e+002 2.000000e+001 -2.382683e+002
      endloop
   endfacet
   facet normal -9.657295e-001 0.000000e+000 -2.595505e-001
      outer loop
         vertex -9.923879e+002 2.000000e+001 -2.382683e+002
         vertex -9.923879e+002 0.000000e+000 -2.382683e+002
         vertex -1.000000e+003 0.000000e+000 -2.000000e+002
      endloop
   endfacet
   facet normal -9.915434e-001 0.000000e+000 -1.297753e-001
      outer loop
         vertex -9.923879e+002 2.000000e+001 -2.382683e+002
         vertex -1.000000e+003 0.000000e+000 -2.000000e+002
         vertex -1.000000e+003 2.000000e+001 -2.000000e+002
      endloop
   endfacet
   facet normal 0.000000e+000 9.851210e-001 1.718619e-001
      outer loop
         vertex -1.000000e+003 2.000000e+001 1.100000e+002
         vertex -8.500000e+002 2.000000e+001 1.100000e+002
         vertex -8.500000e+002 2.133975e+001 1.050000e+002
      endloop
   endfacet
   facet normal 0.000000e+000 9.390708e-001 3.437238e-001
      outer loop
         vertex -1.000000e+003 2.000000e+001 1.100000e+002
         vertex -8.500000e+002 2.133975e+001 1.050000e+002
         vertex -1.000000e+003 2.133975e+001 1.050000e+002
      endloop
   endfacet
   facet normal 0.000000e+000 7.672089e-001 6.413973e-001
      outer loop
         vertex -1.000000e+003 2.133975e+001 1.050000e+002
         vertex -8.500000e+002 2.133975e+001 1.050000e+002
         vertex -8.500000e+002 2.500000e+001 1.013397e+002
      endloop
   endfacet
   facet normal 0.000000e+000 6.413973e-001 7.672089e-001
      outer loop
         vertex -1.000000e+003 2.133975e+001 1.050000e+002
         vertex -8.500000e+002 2.500000e+001 1.013397e+002
         vertex -1.000000e+003 2.500000e+001 1.013397e+002
      endloop
   endfacet
   facet normal 0.000000e+000 3.437238e-001 9.390708e-001
      outer loop
         vertex -1.000000e+003 2.500000e+001 1.013397e+002
         vertex -8.500000e+002 2.500000e+001 1.013397e+002
         vertex -8.500000e+002 3.000000e+001 1.000000e+002
      endloop
   endfacet
   facet normal 0.000000e+000 1.718619e-001 9.851210e-001
      outer loop
         vertex -1.000000e+003 2.500000e+001 1.013397e+002
         vertex -8.500000e+002 3.000000e+001 1.000000e+002
         vertex -1.000000e+003 3.000000e+001 1.000000e+002
      endloop
   endfacet
   facet normal 0.000000e+000 9.851210e-001 -1.718619e-001
      outer loop
         vertex -8.500000e+002 2.000000e+001 -1.100000e+002
         vertex -1.000000e+003 2.000000e+001 -1.100000e+002
         vertex -1.000000e+003 2.133975e+001 -1.050000e+002
      endloop
   endfacet
   facet normal 0.000000e+000 9.390708e-001 -3.437238e-001
      outer loop
         vertex -8.500000e+002 2.000000e+001 -1.100000e+002
         vertex -1.000000e+003 2.133975e+001 -1.050000e+002
         vertex -8.500000e+002 2.133975e+001 -1.050000e+002
      endloop
   endfacet
   facet normal 0.000000e+000 7.672089e-001 -6.413973e-001
      outer loop
         vertex -8.500000e+002 2.133975e+001 -1.050000e+002
         vertex -1.000000e+003 2.133975e+001 -1.050000e+002
         vertex -1.000000e+003 2.500000e+001 -1.013397e+002
      endloop
   endfacet
   facet normal 0.000000e+000 6.413973e-001 -7.672089e-001
      outer loop
         vertex -8.500000e+002 2.133975e+001 -1.050000e+002
         vertex -1.000000e+003 2.500000e+001 -1.013397e+002
         vertex -8.500000e+002 2.500000e+001 -1.013397e+002
      endloop
   endfacet
   facet normal 0.000000e+000 3.437238e-001 -9.390708e-001
      outer loop
         vertex -8.500000e+002 2.500000e+001 -1.013397e+002
         vertex -1.000000e+003 2.500000e+001 -1.013397e+002
         vertex -1.000000e+003 3.000000e+001 -1.000000e+002
      endloop
   endfacet
   facet normal 0.000000e+000 1.718619e-001 -9.851210e-001
      outer loop
         vertex -8.500000e+002 2.500000e+001 -1.013397e+002
         vertex -1.000000e+003 3.000000e+001 -1.000000e+002
         vertex -8.500000e+002 3.000000e+001 -1.000000e+002
      endloop
   endfacet
endsolid