path,original_comparison,handling,original_sha256,incoming_sha256,final_sha256,exists_after_merge
.editorconfig,local_only_file,preserved_local,a09ed36d23491887f052edc30f4019f43175664b6fecc6275afcefaf3eaef2d4,,a09ed36d23491887f052edc30f4019f43175664b6fecc6275afcefaf3eaef2d4,True
.gitattributes,local_only_file,preserved_local,206aa99526241a86b5de567550bbf25f8519e2db2a4d545cea835b29788b6d9e,,206aa99526241a86b5de567550bbf25f8519e2db2a4d545cea835b29788b6d9e,True
.gitignore,local_only_file,preserved_local,2f04037f1b6b823c7c68664ebbe5dbc05efbe2bfe43a0056de82fbd906226d4d,,2f04037f1b6b823c7c68664ebbe5dbc05efbe2bfe43a0056de82fbd906226d4d,True
.gitmodules,local_only_file,preserved_local,30d31142bc6dcd0f94c33fa088b59ccac98173ebd3584253450ef5d14eb0e91a,,30d31142bc6dcd0f94c33fa088b59ccac98173ebd3584253450ef5d14eb0e91a,True
AGENTS-strict.md,local_only_file,preserved_local,f40b6fabb23be132b61a8930d98c3bf0a54926e52a265b274caa6af329ce6453,,f40b6fabb23be132b61a8930d98c3bf0a54926e52a265b274caa6af329ce6453,True
AGENTS.md,local_only_file,preserved_local,c8589caa3afc5ecef792e83bd04a5b71c928ef84b672eefab26dfd7518953564,,c8589caa3afc5ecef792e83bd04a5b71c928ef84b672eefab26dfd7518953564,True
CHANGELOG.md,changed,incoming,a90d1350381f2703987426c8bb3a9271c3be29df9d008fde6ac4d62fdffb8d75,43bae5fe47b96490331c26d6159d4421121f9d122b938555bbe5e7cd6c63a3d5,43bae5fe47b96490331c26d6159d4421121f9d122b938555bbe5e7cd6c63a3d5,True
CMakeLists.txt,changed,merged_or_compatibility_adapted,d38e743c49a3e29803b34b12b1e27dda2a971a1d3980385cb57ae97b284891ec,b310f57428e074a360feb6082afc11dd640c32518dc2ec16f72242bcb968877a,69ad70a8d882a49626918d9b915543b84aca472a6a8c6262a08b7c2450aa9828,True
CMakePresets.json,changed,preserved_local,99c1e2511a00a7f6b6efa37836799a4cbdebadf6bb6f8e82e8c7c88fb6bd3e77,0300310f5672db7e7af32773241b09ae38090a0c5f21e0c012d2b438655d070a,99c1e2511a00a7f6b6efa37836799a4cbdebadf6bb6f8e82e8c7c88fb6bd3e77,True
Common/CMakeLists.txt,local_only_file,preserved_local,,,,True
Common/Config.cmake.in,local_only_file,preserved_local,,,,True
Common/Config.cmake.inYMX,local_only_file,preserved_local,,,,True
Common/Config.cmake.inYMXNew.in,local_only_file,preserved_local,,,,True
Common/CustomLog/CMakeLists.txt,local_only_file,preserved_local,,,,True
Common/CustomLog/TargetConfigSetting.cmake,local_only_file,preserved_local,,,,True
Common/CustomLog/feature_probes/CMakeLists.txt,local_only_file,preserved_local,,,,True
Common/CustomLog/feature_probes/UsingCustomLog.cpp,local_only_file,preserved_local,,,,True
Common/CustomLog/include/CustomLog/CustomLog.h,local_only_file,preserved_local,,,,True
Common/CustomLog/include/CustomLog/CustomLog_export.h,local_only_file,preserved_local,,,,True
Common/CustomLog/src/CustomLog.cpp,local_only_file,preserved_local,,,,True
Common/FileSystem/CMakeLists.txt,local_only_file,preserved_local,,,,True
Common/FileSystem/TargetConfigSetting.cmake,local_only_file,preserved_local,,,,True
Common/FileSystem/include/FileSystem/shader_files.h,local_only_file,preserved_local,,,,True
Common/FileSystem/include/FileSystem/simulator_file_system.h,local_only_file,preserved_local,,,,True
Common/FileSystem/include/FileSystem/uuid_robot.h,local_only_file,preserved_local,,,,True
Common/FileSystem/shader_files/shader_files.cpp,local_only_file,preserved_local,,,,True
Common/FileSystem/shader_files/shader_mlmm_global.cpp,local_only_file,preserved_local,,,,True
Common/FileSystem/shader_files/uuid_robot.cpp,local_only_file,preserved_local,,,,True
Common/FileSystem/src/simulator_file_system.cpp,local_only_file,preserved_local,,,,True
Common/GLAdvanced/CMakeLists.txt,local_only_file,preserved_local,,,,True
Common/GLAdvanced/TargetConfigSetting.cmake,local_only_file,preserved_local,,,,True
Common/GLAdvanced/diagnostics/CMakeLists.txt,local_only_file,preserved_local,,,,True
Common/GLAdvanced/diagnostics/GLAdancedExmaple01.cpp,local_only_file,preserved_local,,,,True
Common/GLAdvanced/include/GLAdvanced/GLAdvanced.hpp,local_only_file,preserved_local,,,,True
Common/GLAdvanced/include/GLAdvanced/KHR/khrplatform.h,local_only_file,preserved_local,,,,True
Common/GLAdvanced/include/GLAdvanced/glad/glad.h,local_only_file,preserved_local,,,,True
Common/GLAdvanced/src/glad/glad.c,local_only_file,preserved_local,,,,True
Common/GLRuntime/CMakeLists.txt,local_only_file,preserved_local,,,,True
Common/GLRuntime/TargetConfigSetting.cmake,local_only_file,preserved_local,,,,True
Common/GLRuntime/diagnostics/CMakeLists.txt,local_only_file,preserved_local,,,,True
Common/GLRuntime/diagnostics/FreeglutExample/CMakeLists.txt,local_only_file,preserved_local,,,,True
Common/GLRuntime/diagnostics/FreeglutExample/FreeglutExmaple.cpp,local_only_file,preserved_local,,,,True
Common/GLRuntime/diagnostics/GLFWExample/CMakeLists.txt,local_only_file,preserved_local,,,,True
Common/GLRuntime/diagnostics/GLFWExample/GLFWExample.cpp,local_only_file,preserved_local,,,,True
Common/GLRuntime/diagnostics/QtExample/CMakeLists.txt,local_only_file,preserved_local,,,,True
Common/GLRuntime/diagnostics/QtExample/GLWidget.cpp,local_only_file,preserved_local,,,,True
Common/GLRuntime/diagnostics/QtExample/GLWidget.h,local_only_file,preserved_local,,,,True
Common/GLRuntime/diagnostics/QtExample/QtExample.cpp,local_only_file,preserved_local,,,,True
Common/GLRuntime/external/include/KHR/khrplatform.h,local_only_file,preserved_local,,,,True
Common/GLRuntime/external/include/glad/glad.h,local_only_file,preserved_local,,,,True
Common/GLRuntime/external/src/glad.c,local_only_file,preserved_local,,,,True
Common/GLRuntime/include/GLRuntime/GLRuntime.h,local_only_file,preserved_local,,,,True
Common/GLRuntime/src/GLRuntime.cpp,local_only_file,preserved_local,,,,True
Common/IDGenerator/CMakeLists.txt,local_only_file,preserved_local,,,,True
Common/IDGenerator/TargetConfigSetting.cmake,local_only_file,preserved_local,,,,True
Common/IDGenerator/feature_probes/CMakeLists.txt,local_only_file,preserved_local,,,,True
Common/IDGenerator/feature_probes/IDGeneratorExample.cpp,local_only_file,preserved_local,,,,True
Common/IDGenerator/include/IDGenerator/IDGenerator.h,local_only_file,preserved_local,,,,True
Common/IDGenerator/src/CMakeLists.txt,local_only_file,preserved_local,,,,True
Common/IDGenerator/src/IDGenerator.cpp,local_only_file,preserved_local,,,,True
Common/LicenseVerification/CMakeLists.txt,local_only_file,preserved_local,,,,True
Common/LicenseVerification/TargetConfigSetting.cmake,local_only_file,preserved_local,,,,True
Common/LicenseVerification/include/LicenseVerification/LicenseVerifier.h,local_only_file,preserved_local,,,,True
Common/LicenseVerification/src/LicenseVerifier.cpp,local_only_file,preserved_local,,,,True
Common/LogSystem/CMakeLists.txt,local_only_file,preserved_local,,,,True
Common/LogSystem/TargetConfigSetting.cmake,local_only_file,preserved_local,,,,True
Common/LogSystem/feature_probes/CMakeLists.txt,local_only_file,preserved_local,,,,True
Common/LogSystem/feature_probes/LogSystemExmaple01.cpp,local_only_file,preserved_local,,,,True
Common/LogSystem/include/LogSystem/LogSystem.h,local_only_file,preserved_local,,,,True
Common/LogSystem/src/LogSystem.cpp,local_only_file,preserved_local,,,,True
Common/PackageConfigSetting.cmake,local_only_file,preserved_local,,,,True
Common/StringToFile/CMakeLists.txt,local_only_file,preserved_local,,,,True
Common/StringToFile/TargetConfigSetting.cmake,local_only_file,preserved_local,,,,True
Common/StringToFile/feature_probes/CMakeLists.txt,local_only_file,preserved_local,,,,True
Common/StringToFile/feature_probes/StringToFileExample.cpp,local_only_file,preserved_local,,,,True
Common/StringToFile/include/StringToFile/StringToFile.h,local_only_file,preserved_local,,,,True
Common/StringToFile/src/StringToFile.cpp,local_only_file,preserved_local,,,,True
Common/Utility/CMakeLists.txt,local_only_file,preserved_local,,,,True
Common/Utility/TargetConfigSetting.cmake,local_only_file,preserved_local,,,,True
Common/Utility/include/FileUtils/PathResolver.h,local_only_file,preserved_local,,,,True
Common/Utility/include/Utility/EigenPrint.h,local_only_file,preserved_local,,,,True
Common/Utility/include/Utility/MathConvert.hpp,local_only_file,preserved_local,,,,True
Common/Utility/include/Utility/glm_io.hpp,local_only_file,preserved_local,,,,True
Common/Utility/src/EigenPrint.cpp,local_only_file,preserved_local,,,,True
Common/Utility/src/FileUtils/PathResolver.cpp,local_only_file,preserved_local,,,,True
Common/Utility/src/glm_io.cpp,local_only_file,preserved_local,,,,True
Common/stb_image/CMakeLists.txt,local_only_file,preserved_local,,,,True
Common/stb_image/TargetConfigSetting.cmake,local_only_file,preserved_local,,,,True
Common/stb_image/feature_probes/CMakeLists.txt,local_only_file,preserved_local,,,,True
Common/stb_image/feature_probes/stbExample.cpp,local_only_file,preserved_local,,,,True
Common/stb_image/include/stb_image.h,local_only_file,preserved_local,,,,True
Common/stb_image/src/stb_impl.cpp,local_only_file,preserved_local,,,,True
LD_LIBRARY_PATH_setting.sh.in,local_only_file,preserved_local,561e1bdf31e7f929800ffebcb64bb17161f98ff96344513f23e8178f4376c14a,,561e1bdf31e7f929800ffebcb64bb17161f98ff96344513f23e8178f4376c14a,True
PrebuiltPackages/Common/bin/CustomLog_shared_dx64.dll,changed,sdk_105_complete_set,977ce2f26983d797c0da6b7963c66de56c49589ab338109c0e7f16c4171e3ae8,710eb724620eaf064401fa7ec27ab7f1706a3ffb2771792b6fc85a362de9cad6,710eb724620eaf064401fa7ec27ab7f1706a3ffb2771792b6fc85a362de9cad6,True
PrebuiltPackages/Common/bin/CustomLog_shared_dx64.pdb,local_only_file,old_sdk_backed_up_and_retired,,,,False
PrebuiltPackages/Common/bin/CustomLog_shared_rx64.dll,changed,sdk_105_complete_set,a2a376c9edb8b1d060955a5ec2769d9a69f4244770652a85cc3d1ca7fd342726,731c9a2983a57b704287df965bf9967bb493bc7fabcc67568dcdf5c8f48e5161,731c9a2983a57b704287df965bf9967bb493bc7fabcc67568dcdf5c8f48e5161,True
PrebuiltPackages/Common/bin/GLRuntime_shared_dx64.dll,changed,sdk_105_complete_set,08b4f3ffcfe0877bd89cd98673203afd4fbaadad5aa9e5e34a668367ea3bc04c,76f2e9b615c6a930fe1d7421ea026d2cef8a429d36d97e8fb17171a17fecca11,76f2e9b615c6a930fe1d7421ea026d2cef8a429d36d97e8fb17171a17fecca11,True
PrebuiltPackages/Common/bin/GLRuntime_shared_dx64.pdb,local_only_file,old_sdk_backed_up_and_retired,,,,False
PrebuiltPackages/Common/bin/GLRuntime_shared_rx64.dll,changed,sdk_105_complete_set,19d2e4b1abb805b239b591c2c654c17af680ff57751ed513e09662779bc405ee,55f504b36b0649ebaa22c4512a8173005ce14584ac14515260a1cbe9d82434ca,55f504b36b0649ebaa22c4512a8173005ce14584ac14515260a1cbe9d82434ca,True
PrebuiltPackages/Common/bin/LicenseVerification_shared_dx64.dll,changed,sdk_105_complete_set,f4238acccf10276e45ffb38527d64a56a8d1f5742863abf60af17d279e4b6026,f86b9fa02be859d7294f32389aa9c16fb11aa03bd7d8e78bb73dfd21e845cf83,f86b9fa02be859d7294f32389aa9c16fb11aa03bd7d8e78bb73dfd21e845cf83,True
PrebuiltPackages/Common/bin/LicenseVerification_shared_rx64.dll,changed,sdk_105_complete_set,cb38578ca4561349d4f14a679903dd12babd5684fe0273a204eb1b704bf5189e,f70dfa54f1a905f1dbc22c50c3439936e38c171bc8edcac4e09703956918d997,f70dfa54f1a905f1dbc22c50c3439936e38c171bc8edcac4e09703956918d997,True
PrebuiltPackages/Common/lib/CustomLog_shared_dx64.lib,changed,sdk_105_complete_set,11ab021399e9ad76d4c8bf84f5f811a8bf1dd548c4e39e207139e1a0b9ee652c,7b4241ffdc4587ce24f5da33ab5567675ca3d48fd2efcd26d75587dc2fca734a,7b4241ffdc4587ce24f5da33ab5567675ca3d48fd2efcd26d75587dc2fca734a,True
PrebuiltPackages/Common/lib/CustomLog_shared_rx64.lib,changed,sdk_105_complete_set,36e40de223c7c544cdc3f30e74e13c13edc47d12c9107869d131dc1ba76d491f,17c1b683aca92d75162293ad229685366a9f559b1fad3bbc7442a9de62d3c9dc,17c1b683aca92d75162293ad229685366a9f559b1fad3bbc7442a9de62d3c9dc,True
PrebuiltPackages/Common/lib/GLRuntime_shared_dx64.lib,changed,sdk_105_complete_set,8442aea395eda0ba498f3d85334723ace0e0b4f38548ada318b67e4cb268b0d0,316c39993ca1eb3c78ea5f68beee6575e30fda39884465d2ea53c0b0a5e282b9,316c39993ca1eb3c78ea5f68beee6575e30fda39884465d2ea53c0b0a5e282b9,True
PrebuiltPackages/Common/lib/GLRuntime_shared_rx64.lib,changed,sdk_105_complete_set,2e7f9a9c557d0e3177a37ed81bc2797d814a0543c473e00b42d68d1bee31d284,4fbcc4c04ab6135490e992d0206478fbef4c5a5e841180fed4e08a191d94c560,4fbcc4c04ab6135490e992d0206478fbef4c5a5e841180fed4e08a191d94c560,True
PrebuiltPackages/Common/lib/LicenseVerification_shared_dx64.lib,changed,sdk_105_complete_set,6997edd66e7739121f4f62d4e41b203dafdf3120ff655076204452f892900900,3cc43732c4990d570aea0c3fd274db262dff703c3ac388c22993853459eeae0b,3cc43732c4990d570aea0c3fd274db262dff703c3ac388c22993853459eeae0b,True
PrebuiltPackages/Common/lib/LicenseVerification_shared_rx64.lib,changed,sdk_105_complete_set,99da2a147dd87b08c8d57d0740c50879f31ad77f90219578c2fcd34852c99e32,5cc66d114945c41c3c9792a9c972ed8ebf41325a5959bb1d4e8548a9f6b91ba4,5cc66d114945c41c3c9792a9c972ed8ebf41325a5959bb1d4e8548a9f6b91ba4,True
PrebuiltPackages/Common/lib/LicenseVerification_static_dx64.lib,local_only_file,old_sdk_backed_up_and_retired,,,,False
PrebuiltPackages/Common/lib/LicenseVerification_static_rx64.lib,local_only_file,old_sdk_backed_up_and_retired,,,,False
PrebuiltPackages/Common/lib/Utility_static_dx64.lib,changed,sdk_105_complete_set,2e229af1bf42ffaf949c049b3c4cb608ee2b1131606bd11daa13dab9aeb1e334,736f5b32bbba3b653d330ba664ef47ba2393015cd9a57d8dcc71f1195f54e039,736f5b32bbba3b653d330ba664ef47ba2393015cd9a57d8dcc71f1195f54e039,True
PrebuiltPackages/Common/lib/Utility_static_rx64.lib,changed,sdk_105_complete_set,dcc4f416e73b375b2bcd6098561c3ab3e5a29c05ae86071cfa0afc61f452336b,a1bb63a9da64411907902a08a6f1396ae5f77d40c0643177bf95ddc614c846f8,a1bb63a9da64411907902a08a6f1396ae5f77d40c0643177bf95ddc614c846f8,True
PrebuiltPackages/Common/lib/cmake/Common/CommonConfigVersion.cmake,changed,sdk_105_complete_set,b2bbe0ad3f259c21be61f2e06d257335f6c1f86952ab6efd4e4810c7b47c0518,bee7629a5e831721565c09146c18b5577a2f960b2c3499dc8264166756058317,bee7629a5e831721565c09146c18b5577a2f960b2c3499dc8264166756058317,True
PrebuiltPackages/Common/lib/cmake/CommonConfigVersion.cmake,changed,sdk_105_complete_set,b2bbe0ad3f259c21be61f2e06d257335f6c1f86952ab6efd4e4810c7b47c0518,bee7629a5e831721565c09146c18b5577a2f960b2c3499dc8264166756058317,bee7629a5e831721565c09146c18b5577a2f960b2c3499dc8264166756058317,True
PrebuiltPackages/Common/lib/cmake/CustomLog/CustomLogDependencies.cmake,changed,sdk_105_complete_set,915f642848747782f1a146a4399f2cac81a80dfd3800eae7c2c7883587ac61f0,c6aa7179b3ed38d6a8a980a81b0d21907cd98a196e1638ab4d6c92ffb2d2c7c3,c6aa7179b3ed38d6a8a980a81b0d21907cd98a196e1638ab4d6c92ffb2d2c7c3,True
PrebuiltPackages/Common/lib/cmake/GLRuntime/GLRuntimeDependencies.cmake,changed,sdk_105_complete_set,8501efd6d9104871c4989e503d18c5d07ed5f6f664d5f0b84c94287330c02c84,eb45ca68212151a4c71555a094f8f179db6406d67753138721471a54fa370d90,eb45ca68212151a4c71555a094f8f179db6406d67753138721471a54fa370d90,True
PrebuiltPackages/Common/lib/cmake/LicenseVerification/LicenseVerificationDependencies.cmake,changed,sdk_105_complete_set,a817b20af51d26e6645483f2332c73815e29f712413c5de9825e6cd9109e0530,9a77ad232c0db1b8560acf1e01f189a38b69a834368c0a32637a63e961ed14b2,9a77ad232c0db1b8560acf1e01f189a38b69a834368c0a32637a63e961ed14b2,True
PrebuiltPackages/Common/lib/cmake/Utility/UtilityDependencies.cmake,changed,sdk_105_complete_set,905fc33f594c5cb597d4b53cf77d34ad124c7a7494a02c0f25b24b40b01ae691,23fa08dcaf6832269fedaa4f0a4bd2977551d5556e84d362a57d2d606728e8d7,23fa08dcaf6832269fedaa4f0a4bd2977551d5556e84d362a57d2d606728e8d7,True
PrebuiltPackages/SMRobotCore/README.md,changed,sdk_105_complete_set,d599791e58e507182e3169045be5d70d161d86ecddfd53b93bfe531cd23de406,b0f976eedeb38e0c108ed0ebfb154068ad973abea6be9fe09311bbd0e94141e7,b0f976eedeb38e0c108ed0ebfb154068ad973abea6be9fe09311bbd0e94141e7,True
PrebuiltPackages/SMRobotCore/bin/Collision_shared_dx64.dll,changed,sdk_105_complete_set,3a989e3a4aae770b18c9ca5a5b489dc2d4be578626182060d9e4eedea18037d6,10ff07fb42d3604927a50dcd234f4deb2a4df5d63c6aae066a80c52d02019bd3,10ff07fb42d3604927a50dcd234f4deb2a4df5d63c6aae066a80c52d02019bd3,True
PrebuiltPackages/SMRobotCore/bin/Collision_shared_dx64.pdb,local_only_file,old_sdk_backed_up_and_retired,,,,False
PrebuiltPackages/SMRobotCore/bin/Collision_shared_rx64.dll,changed,sdk_105_complete_set,9a883aa9fcb130cfb79ee251d7c8ff82e7b14e1341c3e45ed58e67899c872278,2677bd0a8d2848b0b6718003c5666f6dd79dffa667e667ced52dec0e4e8d1253,2677bd0a8d2848b0b6718003c5666f6dd79dffa667e667ced52dec0e4e8d1253,True
PrebuiltPackages/SMRobotCore/bin/CustomLog_shared_dx64.dll,changed,sdk_105_complete_set,977ce2f26983d797c0da6b7963c66de56c49589ab338109c0e7f16c4171e3ae8,710eb724620eaf064401fa7ec27ab7f1706a3ffb2771792b6fc85a362de9cad6,710eb724620eaf064401fa7ec27ab7f1706a3ffb2771792b6fc85a362de9cad6,True
PrebuiltPackages/SMRobotCore/bin/CustomLog_shared_rx64.dll,changed,sdk_105_complete_set,a2a376c9edb8b1d060955a5ec2769d9a69f4244770652a85cc3d1ca7fd342726,731c9a2983a57b704287df965bf9967bb493bc7fabcc67568dcdf5c8f48e5161,731c9a2983a57b704287df965bf9967bb493bc7fabcc67568dcdf5c8f48e5161,True
PrebuiltPackages/SMRobotCore/bin/Kinematics_shared_dx64.dll,changed,sdk_105_complete_set,d3d0b60843bf7a432c2488ffd722b7afade119f52281b3f65255dda74e13a037,c784646995628fa5dc078de5c61a944e8ab5e89c725ff0547f333d4de6c9cb84,c784646995628fa5dc078de5c61a944e8ab5e89c725ff0547f333d4de6c9cb84,True
PrebuiltPackages/SMRobotCore/bin/Kinematics_shared_dx64.pdb,local_only_file,old_sdk_backed_up_and_retired,,,,False
PrebuiltPackages/SMRobotCore/bin/Kinematics_shared_rx64.dll,changed,sdk_105_complete_set,858ce9887c43cbe136199d9fdea5ff6a97464cbc18bb00f13ae1570a5128a857,b2120c0efbd6b5389e6ccff717acf7940811b206b6377a36db185fed5d17a0ec,b2120c0efbd6b5389e6ccff717acf7940811b206b6377a36db185fed5d17a0ec,True
PrebuiltPackages/SMRobotCore/bin/LicenseVerification_shared_dx64.dll,changed,sdk_105_complete_set,f4238acccf10276e45ffb38527d64a56a8d1f5742863abf60af17d279e4b6026,f86b9fa02be859d7294f32389aa9c16fb11aa03bd7d8e78bb73dfd21e845cf83,f86b9fa02be859d7294f32389aa9c16fb11aa03bd7d8e78bb73dfd21e845cf83,True
PrebuiltPackages/SMRobotCore/bin/LicenseVerification_shared_rx64.dll,changed,sdk_105_complete_set,cb38578ca4561349d4f14a679903dd12babd5684fe0273a204eb1b704bf5189e,f70dfa54f1a905f1dbc22c50c3439936e38c171bc8edcac4e09703956918d997,f70dfa54f1a905f1dbc22c50c3439936e38c171bc8edcac4e09703956918d997,True
PrebuiltPackages/SMRobotCore/bin/RobotCore_shared_dx64.dll,changed,sdk_105_complete_set,17df22b9e4d69d7dc23410b4864ac2ffc857415f2936f93ac4abbca97f997a33,1beb188b9b2449e7f56850f4a4bce7eac668bbaeb6c4229b8929c08d455c9ae9,1beb188b9b2449e7f56850f4a4bce7eac668bbaeb6c4229b8929c08d455c9ae9,True
PrebuiltPackages/SMRobotCore/bin/RobotCore_shared_dx64.pdb,local_only_file,old_sdk_backed_up_and_retired,,,,False
PrebuiltPackages/SMRobotCore/bin/RobotCore_shared_rx64.dll,changed,sdk_105_complete_set,f45718009cae55302953282cd0b8b4984781db54a709c94938b2264e3ee09091,c888171af9fbb879d8956c509c773b7dc3afd46176b14f8712923f518e908905,c888171af9fbb879d8956c509c773b7dc3afd46176b14f8712923f518e908905,True
PrebuiltPackages/SMRobotCore/bin/RobotIO_shared_dx64.dll,changed,sdk_105_complete_set,cc908f86859239e977d528291a3b62b56c34f1b11cedfae85a0b95d69933b516,96c9644f7e5a641817d41e09f27715a416b882580f4e082ce3e6cb364643b086,96c9644f7e5a641817d41e09f27715a416b882580f4e082ce3e6cb364643b086,True
PrebuiltPackages/SMRobotCore/bin/RobotIO_shared_dx64.pdb,local_only_file,old_sdk_backed_up_and_retired,,,,False
PrebuiltPackages/SMRobotCore/bin/RobotIO_shared_rx64.dll,changed,sdk_105_complete_set,0004453c5a060a10bbbeca6daf1df4c31ab5fc42e8fea9bdee3512a990c246e9,9f7abd6aa94f1115cab6d67fa5831a53fe1c7df7ed9d955bc21f8edcce7e6b6b,9f7abd6aa94f1115cab6d67fa5831a53fe1c7df7ed9d955bc21f8edcce7e6b6b,True
PrebuiltPackages/SMRobotCore/bin/RobotInstance_shared_dx64.dll,changed,sdk_105_complete_set,9f7921ba558a241d966dcac03a14cf0c4f2b266d3b86403224ac5a2ddbf60c6f,e26c4fa39ba2582137238858d05460130ab36c817d2b4d256dec7e4bbddf967d,e26c4fa39ba2582137238858d05460130ab36c817d2b4d256dec7e4bbddf967d,True
PrebuiltPackages/SMRobotCore/bin/RobotInstance_shared_dx64.pdb,local_only_file,old_sdk_backed_up_and_retired,,,,False
PrebuiltPackages/SMRobotCore/bin/RobotInstance_shared_rx64.dll,changed,sdk_105_complete_set,d1309ab0aba0f2d3d7759211667f638ac9687eee1811c4b15d21ef5fb22766c6,9a8e0ca5373901f1cb826dd8029604e6292c5361ff54416c09db3b4319367197,9a8e0ca5373901f1cb826dd8029604e6292c5361ff54416c09db3b4319367197,True
PrebuiltPackages/SMRobotCore/bin/RobotRuntime_shared_dx64.dll,changed,sdk_105_complete_set,a0e32f734fc3c42b5376647bfccd07d0db01f64ade80fefa4ca7dc080a480531,698ffb7e286d1f8182401c953312aea6b9fa2dc905467dbb89a8e1b546acb84f,698ffb7e286d1f8182401c953312aea6b9fa2dc905467dbb89a8e1b546acb84f,True
PrebuiltPackages/SMRobotCore/bin/RobotRuntime_shared_dx64.pdb,local_only_file,old_sdk_backed_up_and_retired,,,,False
PrebuiltPackages/SMRobotCore/bin/RobotRuntime_shared_rx64.dll,changed,sdk_105_complete_set,4d009936e68c9434638a52673ed67e219a921b3d56060f0ac887bd28d85a2233,dc3168dd5e70382b079f141cdcd2ac1423053d0716e087f122984853305b0a71,dc3168dd5e70382b079f141cdcd2ac1423053d0716e087f122984853305b0a71,True
PrebuiltPackages/SMRobotCore/bin/RobotSDK_shared_dx64.dll,changed,sdk_105_complete_set,503cce3dfd9605e2e20f929a5f27faa4bf83fcde8be39c60e03be7acb99a133d,bec1f09cbd53be9851506482d191a6e227c88c3fd903d8ccd6212010c44cbaef,bec1f09cbd53be9851506482d191a6e227c88c3fd903d8ccd6212010c44cbaef,True
PrebuiltPackages/SMRobotCore/bin/RobotSDK_shared_dx64.pdb,local_only_file,old_sdk_backed_up_and_retired,,,,False
PrebuiltPackages/SMRobotCore/bin/RobotSDK_shared_rx64.dll,changed,sdk_105_complete_set,63d9192b2e5ffde6392b06cbca00d1c928206ec1651184d15fd504ae14683efb,ccdd1140c477836c00b4c3a57941935e8ae0bc6bf93eff80dd65a498c3d0e6d6,ccdd1140c477836c00b4c3a57941935e8ae0bc6bf93eff80dd65a498c3d0e6d6,True
PrebuiltPackages/SMRobotCore/bin/RobotTrajectoryCore_shared_dx64.dll,changed,sdk_105_complete_set,c38143936fa6e7ef9ba855178a77340aafc00346894761bf05d986edbc4d9ecf,06b2da2c1c4f09c855c7de7f469dcd1389f1cb14ba833ef350e6891cf8b3e7a4,06b2da2c1c4f09c855c7de7f469dcd1389f1cb14ba833ef350e6891cf8b3e7a4,True
PrebuiltPackages/SMRobotCore/bin/RobotTrajectoryCore_shared_dx64.pdb,local_only_file,old_sdk_backed_up_and_retired,,,,False
PrebuiltPackages/SMRobotCore/bin/RobotTrajectoryCore_shared_rx64.dll,changed,sdk_105_complete_set,e51ab3a1043fa102c7ed088b2c702bffc56d6b3039d135e0dd9843434f4c596c,b1f8f3a21b5db93531f699877687daa4994bb3d0d7f9cd717cab1194d696c1ad,b1f8f3a21b5db93531f699877687daa4994bb3d0d7f9cd717cab1194d696c1ad,True
PrebuiltPackages/SMRobotCore/bin/boost_atomic-vc142-mt-gd-x64-1_78.dll,local_only_file,old_sdk_backed_up_and_retired,,,,False
PrebuiltPackages/SMRobotCore/bin/boost_atomic-vc142-mt-x64-1_78.dll,local_only_file,old_sdk_backed_up_and_retired,,,,False
PrebuiltPackages/SMRobotCore/bin/boost_chrono-vc142-mt-gd-x64-1_78.dll,local_only_file,old_sdk_backed_up_and_retired,,,,False
PrebuiltPackages/SMRobotCore/bin/boost_chrono-vc142-mt-x64-1_78.dll,local_only_file,old_sdk_backed_up_and_retired,,,,False
PrebuiltPackages/SMRobotCore/bin/boost_regex-vc142-mt-gd-x64-1_78.dll,local_only_file,old_sdk_backed_up_and_retired,,,,False
PrebuiltPackages/SMRobotCore/bin/boost_regex-vc142-mt-x64-1_78.dll,local_only_file,old_sdk_backed_up_and_retired,,,,False
PrebuiltPackages/SMRobotCore/bin/boost_thread-vc142-mt-gd-x64-1_78.dll,local_only_file,old_sdk_backed_up_and_retired,,,,False
PrebuiltPackages/SMRobotCore/bin/boost_thread-vc142-mt-x64-1_78.dll,local_only_file,old_sdk_backed_up_and_retired,,,,False
PrebuiltPackages/SMRobotCore/docs/collision-backend-authoring.md,added,sdk_105_complete_set,,9dd078c8ac19e9b498be73edf3f0795059aef26d6690578fdd5385cc217868bd,9dd078c8ac19e9b498be73edf3f0795059aef26d6690578fdd5385cc217868bd,True
PrebuiltPackages/SMRobotCore/docs/getting-started.md,changed,sdk_105_complete_set,05a5cf0b9f0e71a9118fc4b8ad14205b5f872434fb8279735fc19d6ac3cc4118,d2fd65fd76ca29b019895ef5e719cd586964768a2cce6295ba7eb559f606d45b,d2fd65fd76ca29b019895ef5e719cd586964768a2cce6295ba7eb559f606d45b,True
PrebuiltPackages/SMRobotCore/docs/package-boundary.md,changed,sdk_105_complete_set,53784f65f5304ac984306dfcd0a7b7f7e137282d246d7a07cafddbf6d258c142,22be03b29552529443b9fe6b1b718f625bc6a1e868b05b485e89f8c26cfbcc0c,22be03b29552529443b9fe6b1b718f625bc6a1e868b05b485e89f8c26cfbcc0c,True
PrebuiltPackages/SMRobotCore/examples/CMakeLists.txt,added,sdk_105_complete_set,,bc7b2806985cf9862938568ef0e58c50629c4929265d843523eb1e862ca431ce,bc7b2806985cf9862938568ef0e58c50629c4929265d843523eb1e862ca431ce,True
PrebuiltPackages/SMRobotCore/examples/CollisionBackendQuickStart/CMakeLists.txt,added,sdk_105_complete_set,,78cccd53ecde4a2a0549bc9ca8d0a2fbbd786be57d20ba5c01e3a32deca2f519,78cccd53ecde4a2a0549bc9ca8d0a2fbbd786be57d20ba5c01e3a32deca2f519,True
PrebuiltPackages/SMRobotCore/examples/CollisionBackendQuickStart/main.cpp,added,sdk_105_complete_set,,bce2e66fdff88a899ff88de1b5189b69f172fb698089010fff14dfbe108f3276,bce2e66fdff88a899ff88de1b5189b69f172fb698089010fff14dfbe108f3276,True
PrebuiltPackages/SMRobotCore/examples/CollisionQuickStart/CMakeLists.txt,added,sdk_105_complete_set,,63d44e8ce1670e9e98dffea60a51d331132e2c2e4afef8d2f7e9eb3365dca685,63d44e8ce1670e9e98dffea60a51d331132e2c2e4afef8d2f7e9eb3365dca685,True
PrebuiltPackages/SMRobotCore/examples/CollisionQuickStart/main.cpp,added,sdk_105_complete_set,,d9ac564fb0b4c8a306956b60e1784bfc9babb6768e19412cdb133ccdeb979ec0,d9ac564fb0b4c8a306956b60e1784bfc9babb6768e19412cdb133ccdeb979ec0,True
PrebuiltPackages/SMRobotCore/examples/CollisionRobotQuickStart/CMakeLists.txt,added,sdk_105_complete_set,,dc4f0ee3c0d874480b1ad52757fec6e753301473279ad97c9af7c6332d059891,dc4f0ee3c0d874480b1ad52757fec6e753301473279ad97c9af7c6332d059891,True
PrebuiltPackages/SMRobotCore/examples/CollisionRobotQuickStart/main.cpp,added,sdk_105_complete_set,,c700d363658a69330c06fe1fea0db7385a882e2b4d6b9e0762381c2a26814ffb,c700d363658a69330c06fe1fea0db7385a882e2b4d6b9e0762381c2a26814ffb,True
PrebuiltPackages/SMRobotCore/examples/RobotSdkQuickStart/CMakeLists.txt,changed,sdk_105_complete_set,7283e5601b20f00144df5b04541a78d75b8f5d9799be4a2f158c537924187232,22983f1ab5a6419a829ed23cc1851cb510745f2c3546fec4a10ea76d767caca3,22983f1ab5a6419a829ed23cc1851cb510745f2c3546fec4a10ea76d767caca3,True
PrebuiltPackages/SMRobotCore/examples/RobotSdkQuickStart/main.cpp,changed,sdk_105_complete_set,0969825080fae12642f86677496d756fe9491e0437277aff75602f451a978b40,c9f812c6ffefa6186ab3a43ce476a279013f795c78a335e3811ada0fa73954be,c9f812c6ffefa6186ab3a43ce476a279013f795c78a335e3811ada0fa73954be,True
PrebuiltPackages/SMRobotCore/include/Collision/Collision.h,added,sdk_105_complete_set,,03d6cd1b7433c3bda084a9784b8da959d286ec5dcf54a5539e774341fbea7be9,03d6cd1b7433c3bda084a9784b8da959d286ec5dcf54a5539e774341fbea7be9,True
PrebuiltPackages/SMRobotCore/include/Collision/CollisionDetectorDesc.h,changed,sdk_105_complete_set,b769bf37ae8991ef0c588b697d073d1135b292816d18b3495fc60cfb4d6989c5,2288f4a49ed0ac2a4cbe7e5258fc4a027f65b381f644067ff76d88c02f5f1399,2288f4a49ed0ac2a4cbe7e5258fc4a027f65b381f644067ff76d88c02f5f1399,True
PrebuiltPackages/SMRobotCore/include/Collision/CollisionDetectorRegistry.h,local_only_file,old_sdk_backed_up_and_retired,,,,False
PrebuiltPackages/SMRobotCore/include/Collision/CollisionDetectorRuntime.h,local_only_file,old_sdk_backed_up_and_retired,,,,False
PrebuiltPackages/SMRobotCore/include/Collision/CollisionGeometry.h,changed,sdk_105_complete_set,539200ce7b7fb1598adce8b22ddd8d62f1bc86005ecc06678a4d0010cf4791a9,e4ae34ceca90cedc3b34dc030ae79be59c774377baf2cb821ad4dedc24e144ac,e4ae34ceca90cedc3b34dc030ae79be59c774377baf2cb821ad4dedc24e144ac,True
PrebuiltPackages/SMRobotCore/include/Collision/CollisionGeometryBuilder.h,changed,sdk_105_complete_set,1408cdbeb2d6e93597c93c8ac352f6da5be84216ad509744914f883c783c0fdc,adb05a08d17815da7ad6b8f6374e3f5db0512d0c7afcae2acc6da2ceab6981bc,adb05a08d17815da7ad6b8f6374e3f5db0512d0c7afcae2acc6da2ceab6981bc,True
PrebuiltPackages/SMRobotCore/include/Collision/CollisionObject.h,changed,sdk_105_complete_set,8edf4567b6a7058dbd7ac2a3432467f5d08653b6569df2260445d1fe5abdaa98,c56713b49820810435871570dc17902b990f1cfa64e6bcdae367cc1d9de4647d,c56713b49820810435871570dc17902b990f1cfa64e6bcdae367cc1d9de4647d,True
PrebuiltPackages/SMRobotCore/include/Collision/CollisionQueryOptions.h,changed,sdk_105_complete_set,7096f6d1f74c6386fd406c0baa1632603d7d096571eb493dc5b9e89f3ae239a3,2988faa8113db7580779f22cc6ca4fdc9a9f075a53d0f80edd26d39d9c57b76c,2988faa8113db7580779f22cc6ca4fdc9a9f075a53d0f80edd26d39d9c57b76c,True
PrebuiltPackages/SMRobotCore/include/Collision/CollisionWorld.h,changed,sdk_105_complete_set,677b9445bd497612cb165fe5cfda81482d8ac249a0dd2a9784170997f90d670b,38802cb9dda53217af0e4e2af7c8e51b2a704656c77fc8eef593d56fb5f4fb70,38802cb9dda53217af0e4e2af7c8e51b2a704656c77fc8eef593d56fb5f4fb70,True
PrebuiltPackages/SMRobotCore/include/Collision/ICollisionBackend.h,added,sdk_105_complete_set,,b21c01d911e6beaa48a1070add45e885a43cee3c0420a7f3d8c895a80ebccbd8,b21c01d911e6beaa48a1070add45e885a43cee3c0420a7f3d8c895a80ebccbd8,True
PrebuiltPackages/SMRobotCore/include/Collision/PointCloudVoxelGrid.h,local_only_file,old_sdk_backed_up_and_retired,,,,False
PrebuiltPackages/SMRobotCore/include/Kinematics/Kinematics.h,changed,sdk_105_complete_set,cec87c28dea2b4d6c141f1f1d94bf16d2a23b3d0e2e51ac74444e0b0825007dc,cad80ca3e4b5f11e381971c6d8de4fe7f025c6cb0a533fd207d8c1a566a8c7f0,cad80ca3e4b5f11e381971c6d8de4fe7f025c6cb0a533fd207d8c1a566a8c7f0,True
PrebuiltPackages/SMRobotCore/include/Kinematics/StewartPlatformKinematics.h,changed,sdk_105_complete_set,30ef1fde6ddce5fcf8eec9aded94d694f7421274cf353df8a778c1505c4081b0,a25a6110ca8282687cba97c5ad5810cc6140c2245d11715c7dcb537f950606cb,a25a6110ca8282687cba97c5ad5810cc6140c2245d11715c7dcb537f950606cb,True
PrebuiltPackages/SMRobotCore/include/RobotCoreAuthorization/RobotCoreAuthorization.h,local_only_file,old_sdk_backed_up_and_retired,,,,False
PrebuiltPackages/SMRobotCore/include/RobotIO/URDF/URDFRobotFactory.h,local_only_file,old_sdk_backed_up_and_retired,,,,False
PrebuiltPackages/SMRobotCore/include/RobotIO/URDF/iURDFLoader.h,local_only_file,old_sdk_backed_up_and_retired,,,,False
PrebuiltPackages/SMRobotCore/include/RobotIO/URDF/iURDFRobot.h,local_only_file,old_sdk_backed_up_and_retired,,,,False
PrebuiltPackages/SMRobotCore/lib/Collision_shared_dx64.lib,changed,sdk_105_complete_set,f94df41d3f8d309bef63e993987b11e2a84308b0707df98c412475926fa67b0c,50518ed5f2a8dfb2891af0bff8e59005990fd5a64345f30678c6f33a78342703,50518ed5f2a8dfb2891af0bff8e59005990fd5a64345f30678c6f33a78342703,True
PrebuiltPackages/SMRobotCore/lib/Collision_shared_rx64.lib,changed,sdk_105_complete_set,1d16d07de73ac388c6352ee479383f6bc8fcbb1d33513e8ec234dffa8b82be9e,c6ef8750af7fc1b8c658cc1dea952360e88ca77e05bac0ba738250e9dcf7218d,c6ef8750af7fc1b8c658cc1dea952360e88ca77e05bac0ba738250e9dcf7218d,True
PrebuiltPackages/SMRobotCore/lib/Kinematics_shared_dx64.lib,changed,sdk_105_complete_set,31b269bd5d9d89ecf8e73ac70ed5590df9e40e310cdefbab3c29e04532d59812,4906a36f6ffbe1cfb4ccd1d9a6ba3be927cf32a7d82f7dfdebcba908202e9fc3,4906a36f6ffbe1cfb4ccd1d9a6ba3be927cf32a7d82f7dfdebcba908202e9fc3,True
PrebuiltPackages/SMRobotCore/lib/Kinematics_shared_rx64.lib,changed,sdk_105_complete_set,d4daebef41924670e0f98d42b4923bc2ee54c6ca50f3f5595055527019a5a90b,393fd361bc6935a0a42679db8f692609c27ca5858ea1fb062f939c9dfcd66772,393fd361bc6935a0a42679db8f692609c27ca5858ea1fb062f939c9dfcd66772,True
PrebuiltPackages/SMRobotCore/lib/RobotCoreAuthorization_static_dx64.lib,local_only_file,old_sdk_backed_up_and_retired,,,,False
PrebuiltPackages/SMRobotCore/lib/RobotCoreAuthorization_static_rx64.lib,local_only_file,old_sdk_backed_up_and_retired,,,,False
PrebuiltPackages/SMRobotCore/lib/RobotCore_shared_dx64.lib,changed,sdk_105_complete_set,ed83f56896304e1a37598a9b1f5826597a54b9164c9b662839278a9e5b73ca2c,bce21f31b49ecb99a490076bd5f9823377287437384d62c55cca05727a64933c,bce21f31b49ecb99a490076bd5f9823377287437384d62c55cca05727a64933c,True
PrebuiltPackages/SMRobotCore/lib/RobotCore_shared_rx64.lib,changed,sdk_105_complete_set,29297e73ca92dfd3bf71fde00fc5376709c7d631d10f9f8434e20b41fd1b687e,8eacffba63f4a7119c077807395babbc89ee79d435c895a17eab741aaf7d5ffe,8eacffba63f4a7119c077807395babbc89ee79d435c895a17eab741aaf7d5ffe,True
PrebuiltPackages/SMRobotCore/lib/RobotIO_shared_dx64.lib,changed,sdk_105_complete_set,8ef8340c4dcf9e0ae064c1fde2df21d267c90865b5f945f7f0538a962b9616c1,540aafe0f88c4a7c677fb863788e5c03d514f48642f88467058e88fcb3ac37d8,540aafe0f88c4a7c677fb863788e5c03d514f48642f88467058e88fcb3ac37d8,True
PrebuiltPackages/SMRobotCore/lib/RobotIO_shared_rx64.lib,changed,sdk_105_complete_set,0bc51a6dd1efb3a5f9ad66bfd10cb064430c4af4c4f049bb7ea7065bd054fc99,8bf408a087aea3852846a560ae07c0f32bc56c8c3a84f45d17accb34ba5328d0,8bf408a087aea3852846a560ae07c0f32bc56c8c3a84f45d17accb34ba5328d0,True
PrebuiltPackages/SMRobotCore/lib/RobotInstance_shared_dx64.lib,changed,sdk_105_complete_set,0bcdbf44fdb3fde044c631cf7f62d288b79bc56608a1a0626bdb078ab965e19b,03812502f45770fab5798db059db20e99e6c8250ed19867b360058e113db6e9a,03812502f45770fab5798db059db20e99e6c8250ed19867b360058e113db6e9a,True
PrebuiltPackages/SMRobotCore/lib/RobotInstance_shared_rx64.lib,changed,sdk_105_complete_set,4dcd13198e61e08f94e598d4d0ca45c5ca3d1a9cd4d2e3df91de50e8fe266653,1e6ab136fca6a62de2d2a4d1ed3cc52aadcc387d0e1e7af4242a1ffb433bea3f,1e6ab136fca6a62de2d2a4d1ed3cc52aadcc387d0e1e7af4242a1ffb433bea3f,True
PrebuiltPackages/SMRobotCore/lib/RobotRuntime_shared_dx64.lib,changed,sdk_105_complete_set,0e0c7aa6f211e04a64d5494a7ff00ed9b2918491ed8526bd630c8e3a6a5e1c27,8d3255aa7370dbaa7658d804a3a2c7ede4ec262587c49a0041361009f5b98df9,8d3255aa7370dbaa7658d804a3a2c7ede4ec262587c49a0041361009f5b98df9,True
PrebuiltPackages/SMRobotCore/lib/RobotRuntime_shared_rx64.lib,changed,sdk_105_complete_set,730ea90d2ad5af7f9a06e39ae5cac0f9a069a76f5d2607fe465358683ce76d8d,c382207a17049e98735d1277fb148d84f87fa3ce6961a5b36214707383ab9416,c382207a17049e98735d1277fb148d84f87fa3ce6961a5b36214707383ab9416,True
PrebuiltPackages/SMRobotCore/lib/RobotSDK_shared_dx64.lib,changed,sdk_105_complete_set,54b824ea1c948831d15d68103fb81ae64a0c566c6e26371929f459ba4c709be6,4430c11e984fc01c85e3f3071e9d9cfe92422a52fa8248f72fc2be44a88b51dc,4430c11e984fc01c85e3f3071e9d9cfe92422a52fa8248f72fc2be44a88b51dc,True
PrebuiltPackages/SMRobotCore/lib/RobotSDK_shared_rx64.lib,changed,sdk_105_complete_set,8e0b624a739d73690849d8d05435fe5ce05a5bc7908973456b49da1818e23b8c,45307860e81381061c2617ab4a8c1ed143ef0847c381b8c87b8b85d6233ec7b2,45307860e81381061c2617ab4a8c1ed143ef0847c381b8c87b8b85d6233ec7b2,True
PrebuiltPackages/SMRobotCore/lib/RobotTrajectoryCore_shared_dx64.lib,changed,sdk_105_complete_set,bc2053a181f11170234b89872ddd6f7aeec3c076ef417202ab5c01b413aa175a,95043aec63bdba0d707e0d215fe04e6b8ee520eda007cc45a69b2b493c9a1f92,95043aec63bdba0d707e0d215fe04e6b8ee520eda007cc45a69b2b493c9a1f92,True
PrebuiltPackages/SMRobotCore/lib/RobotTrajectoryCore_shared_rx64.lib,changed,sdk_105_complete_set,bc1a1533df910550b7e6bd50af17d443ea75197715a7e2bd0c575ca39794f5c6,fcb7c0d7fe4f663765a14ca02f570844de5d35cdd5e98db895d8de69f34030f4,fcb7c0d7fe4f663765a14ca02f570844de5d35cdd5e98db895d8de69f34030f4,True
PrebuiltPackages/SMRobotCore/lib/cmake/Collision/CollisionDependencies.cmake,changed,sdk_105_complete_set,56d7561dcf5c477e9a98834fdc8faf5fe19b1688a674ea374719414318568c33,9dc85a52d59ff0eaefa66e34ba3779f31e94af75ee687649dc1dc85e1faf9518,9dc85a52d59ff0eaefa66e34ba3779f31e94af75ee687649dc1dc85e1faf9518,True
PrebuiltPackages/SMRobotCore/lib/cmake/Collision/CollisionTargets.cmake,changed,sdk_105_complete_set,fbadebd491f8f068d79d0eb926088a7af89310164369f940182f2503b0ed9a4f,15692bb2f2bc5eb5899e720cbcdafff680b4c61bf10b60a463e55ea247e9e605,15692bb2f2bc5eb5899e720cbcdafff680b4c61bf10b60a463e55ea247e9e605,True
PrebuiltPackages/SMRobotCore/lib/cmake/CollisionPresentation/CollisionPresentationDependencies.cmake,added,sdk_105_complete_set,,faabfabd67d46adabc274d67eaaca50cb19b31d72754d55ad24cb8931ea9367a,faabfabd67d46adabc274d67eaaca50cb19b31d72754d55ad24cb8931ea9367a,True
PrebuiltPackages/SMRobotCore/lib/cmake/CollisionPresentation/CollisionPresentationTargets.cmake,added,sdk_105_complete_set,,4773e70a2858bf6adba0f61820206315620ebb64aa2910cf229671e8a1153da7,4773e70a2858bf6adba0f61820206315620ebb64aa2910cf229671e8a1153da7,True
PrebuiltPackages/SMRobotCore/lib/cmake/CollisionRobot/CollisionRobotDependencies.cmake,added,sdk_105_complete_set,,c3153a293043f860a30a5179475c5cf5f87a35ed71b56bb9b1ccd26bbe7f617f,c3153a293043f860a30a5179475c5cf5f87a35ed71b56bb9b1ccd26bbe7f617f,True
PrebuiltPackages/SMRobotCore/lib/cmake/CollisionRobot/CollisionRobotTargets.cmake,added,sdk_105_complete_set,,99bbbf104ee5ff0666db63e4bf4e6ac48c77c3321319352b5546536f9fd71736,99bbbf104ee5ff0666db63e4bf4e6ac48c77c3321319352b5546536f9fd71736,True
PrebuiltPackages/SMRobotCore/lib/cmake/CollisionTools/CollisionToolsDependencies.cmake,added,sdk_105_complete_set,,dd48ef6ae4e4c35d128eb3f6c5b6d341795ca118d50ab907d4419f2ceeef2c75,dd48ef6ae4e4c35d128eb3f6c5b6d341795ca118d50ab907d4419f2ceeef2c75,True
PrebuiltPackages/SMRobotCore/lib/cmake/CollisionTools/CollisionToolsTargets.cmake,added,sdk_105_complete_set,,a668778e7842e1650486274165477085ae4151c3c332ce0d84bcddd84b9652ce,a668778e7842e1650486274165477085ae4151c3c332ce0d84bcddd84b9652ce,True
PrebuiltPackages/SMRobotCore/lib/cmake/Kinematics/KinematicsDependencies.cmake,changed,sdk_105_complete_set,9f35678c38df65ccbb677a03baa43b243ada9b0a28e0637fe3875c4aa57c5ee4,857de9d74509f9fbcfc5b601fe91f8ded75d529301373ff057417b5d9472b474,857de9d74509f9fbcfc5b601fe91f8ded75d529301373ff057417b5d9472b474,True
PrebuiltPackages/SMRobotCore/lib/cmake/RobotCore/RobotCoreDependencies.cmake,changed,sdk_105_complete_set,e5173fa9d05ecfb3a238e8697f5f73446ff4e0bec4585c79082df918414a4f27,d8dec691a472bd1cb20e86d2418e7ef1116e760f5dcbe5f5849f3f011f125777,d8dec691a472bd1cb20e86d2418e7ef1116e760f5dcbe5f5849f3f011f125777,True
PrebuiltPackages/SMRobotCore/lib/cmake/RobotCoreAuthorization/RobotCoreAuthorizationDependencies.cmake,local_only_file,old_sdk_backed_up_and_retired,,,,False
PrebuiltPackages/SMRobotCore/lib/cmake/RobotCoreAuthorization/RobotCoreAuthorizationTargets-debug.cmake,local_only_file,old_sdk_backed_up_and_retired,,,,False
PrebuiltPackages/SMRobotCore/lib/cmake/RobotCoreAuthorization/RobotCoreAuthorizationTargets-release.cmake,local_only_file,old_sdk_backed_up_and_retired,,,,False
PrebuiltPackages/SMRobotCore/lib/cmake/RobotCoreAuthorization/RobotCoreAuthorizationTargets.cmake,local_only_file,old_sdk_backed_up_and_retired,,,,False
PrebuiltPackages/SMRobotCore/lib/cmake/RobotIO/RobotIODependencies.cmake,changed,sdk_105_complete_set,42dd75c83635f4c1a49043ee50da5bd310cfdd5f8bcbcde26b12e583e59b8c47,56eb922ebd6d7f59077cccf2c016c026fb6c7381ae374cd7bbc71417783ceccd,56eb922ebd6d7f59077cccf2c016c026fb6c7381ae374cd7bbc71417783ceccd,True
PrebuiltPackages/SMRobotCore/lib/cmake/RobotInstance/RobotInstanceDependencies.cmake,changed,sdk_105_complete_set,71fd17f200e1068f0d3323d6031e3546b5f3010d6d9bfcf413d474aae9466e8d,9f06d319a4a01a12ca7b816c9d53c2be8fb548f294ea7fe04db24c69e149de48,9f06d319a4a01a12ca7b816c9d53c2be8fb548f294ea7fe04db24c69e149de48,True
PrebuiltPackages/SMRobotCore/lib/cmake/RobotRuntime/RobotRuntimeDependencies.cmake,changed,sdk_105_complete_set,5a09f59892127d22289b6b5e68c3acd91cc061ef24db338b9fe40894ab493bd3,6d1e7ff7806e32567d8cf2ae63fb162f590de6361cda47f52e3cb9ed65118470,6d1e7ff7806e32567d8cf2ae63fb162f590de6361cda47f52e3cb9ed65118470,True
PrebuiltPackages/SMRobotCore/lib/cmake/RobotSDK/RobotSDKDependencies.cmake,changed,sdk_105_complete_set,6001fb145c31f8564b2f0f24367992bd05783664f8627a6fd98cb6d2869b00b6,1a54c34f82eea146bf51f35d3e8e9ef330f9b554d21f31a4152c4eef7f83a220,1a54c34f82eea146bf51f35d3e8e9ef330f9b554d21f31a4152c4eef7f83a220,True
PrebuiltPackages/SMRobotCore/lib/cmake/RobotTrajectoryCore/RobotTrajectoryCoreDependencies.cmake,changed,sdk_105_complete_set,44a47a2b90ee9d845f28cb909b4f513f91cfc1ee3b5f88ba316a978d220d0f75,e8a260427205adad475f8a23ff88a3bd2df2aeaea254aed015a22425097e520e,e8a260427205adad475f8a23ff88a3bd2df2aeaea254aed015a22425097e520e,True
PrebuiltPackages/SMRobotCore/lib/cmake/SMRobotCore/SMRobotCoreConfig.cmake,changed,sdk_105_complete_set,ccc2493b3b8c163d5a6024a5769dfab42ee6e98383e373f5c0c38632daab81f2,a3df527208502bef423e6c97add0fe7aecd43a3d3d5b74c1e6f7f7bc7e431836,a3df527208502bef423e6c97add0fe7aecd43a3d3d5b74c1e6f7f7bc7e431836,True
PrebuiltPackages/SMRobotCore/lib/cmake/SMRobotCore/SMRobotCoreConfigVersion.cmake,changed,sdk_105_complete_set,b2bbe0ad3f259c21be61f2e06d257335f6c1f86952ab6efd4e4810c7b47c0518,bee7629a5e831721565c09146c18b5577a2f960b2c3499dc8264166756058317,bee7629a5e831721565c09146c18b5577a2f960b2c3499dc8264166756058317,True
PrebuiltPackages/SMRobotCore/lib/cmake/SMRobotCoreConfig.cmake,changed,sdk_105_complete_set,ccc2493b3b8c163d5a6024a5769dfab42ee6e98383e373f5c0c38632daab81f2,a3df527208502bef423e6c97add0fe7aecd43a3d3d5b74c1e6f7f7bc7e431836,a3df527208502bef423e6c97add0fe7aecd43a3d3d5b74c1e6f7f7bc7e431836,True
PrebuiltPackages/SMRobotCore/lib/cmake/SMRobotCoreConfigVersion.cmake,changed,sdk_105_complete_set,b2bbe0ad3f259c21be61f2e06d257335f6c1f86952ab6efd4e4810c7b47c0518,bee7629a5e831721565c09146c18b5577a2f960b2c3499dc8264166756058317,bee7629a5e831721565c09146c18b5577a2f960b2c3499dc8264166756058317,True
PrebuiltPackages/SMRobotCore/manifest.json,changed,sdk_105_complete_set,f86b746572cabae7d82dd27e606355a8e2775aa68a786026fbcc29cd2737cbb5,492fd2fed87856448e1dd8a10132c23ce0d6fb7a76631749c59c3f017cef44ef,492fd2fed87856448e1dd8a10132c23ce0d6fb7a76631749c59c3f017cef44ef,True
PrebuiltPackages/SMRobotPlatform/README.md,changed,sdk_105_complete_set,fa65d0dd427efbd7f6806d434c7449805de7a6338fdfa8cdce534bba8d631eb2,015b6421a1f835d9388643332b9a16055d5a54857c6950048ce09d50392db92b,015b6421a1f835d9388643332b9a16055d5a54857c6950048ce09d50392db92b,True
PrebuiltPackages/SMRobotPlatform/bin/AssetCore_shared_dx64.dll,changed,sdk_105_complete_set,eebf5e4b6ee975304389dcca69abc6b6665ea67ff41cc9d7e6e52a8466ec8ec1,443e180faf49831fb881d1010b8d4b6746b11c3f9485fac5edb3c92ae9c751fd,443e180faf49831fb881d1010b8d4b6746b11c3f9485fac5edb3c92ae9c751fd,True
PrebuiltPackages/SMRobotPlatform/bin/AssetCore_shared_dx64.pdb,local_only_file,old_sdk_backed_up_and_retired,,,,False
PrebuiltPackages/SMRobotPlatform/bin/AssetCore_shared_rx64.dll,changed,sdk_105_complete_set,940dbcb61fcc0271d160b121a93df43b17f06c588f8e3c41b1700f7335f69c94,9aa6ed3f12242598d081dd6ff4fffbc2770f61ee1b80415367f9e698e294c9a7,9aa6ed3f12242598d081dd6ff4fffbc2770f61ee1b80415367f9e698e294c9a7,True
PrebuiltPackages/SMRobotPlatform/bin/CameraCore_shared_dx64.dll,changed,sdk_105_complete_set,8800c0fd16cef3aee7ce2019ea68feaefb81211bb5725546d3c2b81b3d6c4738,145465e04d97a85b0f87ed0eb46f3b3ea299255911b1f1d4ff5447a94a70d6dd,145465e04d97a85b0f87ed0eb46f3b3ea299255911b1f1d4ff5447a94a70d6dd,True
PrebuiltPackages/SMRobotPlatform/bin/CameraCore_shared_dx64.pdb,local_only_file,old_sdk_backed_up_and_retired,,,,False
PrebuiltPackages/SMRobotPlatform/bin/CameraCore_shared_rx64.dll,changed,sdk_105_complete_set,816716a2e7c9d27401d528b2aee259380c2e3f60f38d89f770b318970e9cd7f9,d142dd29bc3d4dfdcb01b182f56630f7ac7cebd9a51d7e366f9aa0515a0f7921,d142dd29bc3d4dfdcb01b182f56630f7ac7cebd9a51d7e366f9aa0515a0f7921,True
PrebuiltPackages/SMRobotPlatform/bin/Collision_shared_dx64.dll,changed,sdk_105_complete_set,3a989e3a4aae770b18c9ca5a5b489dc2d4be578626182060d9e4eedea18037d6,10ff07fb42d3604927a50dcd234f4deb2a4df5d63c6aae066a80c52d02019bd3,10ff07fb42d3604927a50dcd234f4deb2a4df5d63c6aae066a80c52d02019bd3,True
PrebuiltPackages/SMRobotPlatform/bin/Collision_shared_rx64.dll,changed,sdk_105_complete_set,9a883aa9fcb130cfb79ee251d7c8ff82e7b14e1341c3e45ed58e67899c872278,2677bd0a8d2848b0b6718003c5666f6dd79dffa667e667ced52dec0e4e8d1253,2677bd0a8d2848b0b6718003c5666f6dd79dffa667e667ced52dec0e4e8d1253,True
PrebuiltPackages/SMRobotPlatform/bin/CustomLog_shared_dx64.dll,changed,sdk_105_complete_set,977ce2f26983d797c0da6b7963c66de56c49589ab338109c0e7f16c4171e3ae8,710eb724620eaf064401fa7ec27ab7f1706a3ffb2771792b6fc85a362de9cad6,710eb724620eaf064401fa7ec27ab7f1706a3ffb2771792b6fc85a362de9cad6,True
PrebuiltPackages/SMRobotPlatform/bin/CustomLog_shared_rx64.dll,changed,sdk_105_complete_set,a2a376c9edb8b1d060955a5ec2769d9a69f4244770652a85cc3d1ca7fd342726,731c9a2983a57b704287df965bf9967bb493bc7fabcc67568dcdf5c8f48e5161,731c9a2983a57b704287df965bf9967bb493bc7fabcc67568dcdf5c8f48e5161,True
PrebuiltPackages/SMRobotPlatform/bin/GLRuntime_shared_dx64.dll,changed,sdk_105_complete_set,08b4f3ffcfe0877bd89cd98673203afd4fbaadad5aa9e5e34a668367ea3bc04c,76f2e9b615c6a930fe1d7421ea026d2cef8a429d36d97e8fb17171a17fecca11,76f2e9b615c6a930fe1d7421ea026d2cef8a429d36d97e8fb17171a17fecca11,True
PrebuiltPackages/SMRobotPlatform/bin/GLRuntime_shared_rx64.dll,changed,sdk_105_complete_set,19d2e4b1abb805b239b591c2c654c17af680ff57751ed513e09662779bc405ee,55f504b36b0649ebaa22c4512a8173005ce14584ac14515260a1cbe9d82434ca,55f504b36b0649ebaa22c4512a8173005ce14584ac14515260a1cbe9d82434ca,True
PrebuiltPackages/SMRobotPlatform/bin/Kinematics_shared_dx64.dll,changed,sdk_105_complete_set,d3d0b60843bf7a432c2488ffd722b7afade119f52281b3f65255dda74e13a037,c784646995628fa5dc078de5c61a944e8ab5e89c725ff0547f333d4de6c9cb84,c784646995628fa5dc078de5c61a944e8ab5e89c725ff0547f333d4de6c9cb84,True
PrebuiltPackages/SMRobotPlatform/bin/Kinematics_shared_rx64.dll,changed,sdk_105_complete_set,858ce9887c43cbe136199d9fdea5ff6a97464cbc18bb00f13ae1570a5128a857,b2120c0efbd6b5389e6ccff717acf7940811b206b6377a36db185fed5d17a0ec,b2120c0efbd6b5389e6ccff717acf7940811b206b6377a36db185fed5d17a0ec,True
PrebuiltPackages/SMRobotPlatform/bin/LicenseVerification_shared_dx64.dll,changed,sdk_105_complete_set,f4238acccf10276e45ffb38527d64a56a8d1f5742863abf60af17d279e4b6026,f86b9fa02be859d7294f32389aa9c16fb11aa03bd7d8e78bb73dfd21e845cf83,f86b9fa02be859d7294f32389aa9c16fb11aa03bd7d8e78bb73dfd21e845cf83,True
PrebuiltPackages/SMRobotPlatform/bin/LicenseVerification_shared_rx64.dll,changed,sdk_105_complete_set,cb38578ca4561349d4f14a679903dd12babd5684fe0273a204eb1b704bf5189e,f70dfa54f1a905f1dbc22c50c3439936e38c171bc8edcac4e09703956918d997,f70dfa54f1a905f1dbc22c50c3439936e38c171bc8edcac4e09703956918d997,True
PrebuiltPackages/SMRobotPlatform/bin/ProjectSimulationSDK_shared_dx64.dll,changed,sdk_105_complete_set,5b779e743d95491db5ce947464b28028b8134deef302c414a155c962bdbfb193,0934253b2b8530d71bf1b4db141dee04223f270468aabedd503fd50de31be8b9,0934253b2b8530d71bf1b4db141dee04223f270468aabedd503fd50de31be8b9,True
PrebuiltPackages/SMRobotPlatform/bin/ProjectSimulationSDK_shared_dx64.pdb,local_only_file,old_sdk_backed_up_and_retired,,,,False
PrebuiltPackages/SMRobotPlatform/bin/ProjectSimulationSDK_shared_rx64.dll,changed,sdk_105_complete_set,c340ce1f2b4c57671c2d1132cb73b580514196e02fbf8b5dbf771e9608cbf1f0,473c60d64b0a94c164e90bec02458f50d2ffcf6b26f0d50dbcbe4dae74b48ecb,473c60d64b0a94c164e90bec02458f50d2ffcf6b26f0d50dbcbe4dae74b48ecb,True
PrebuiltPackages/SMRobotPlatform/bin/RenderCoreShaderResources_shared_dx64.dll,changed,sdk_105_complete_set,0ac14895fa0e9c7fead57464d5457f3e55fe0b02bea212951085e3d60e7c6c38,ef0c88ea11e144f67c75db97b45cdfcd6b16c7512f37bfc68cce7f929f878710,ef0c88ea11e144f67c75db97b45cdfcd6b16c7512f37bfc68cce7f929f878710,True
PrebuiltPackages/SMRobotPlatform/bin/RenderCoreShaderResources_shared_dx64.pdb,local_only_file,old_sdk_backed_up_and_retired,,,,False
PrebuiltPackages/SMRobotPlatform/bin/RenderCoreShaderResources_shared_rx64.dll,changed,sdk_105_complete_set,110143c956f5ac70a4e7507c8d4f33bde364c68a248be1a06b74e48c71454eb4,32b8eb648795842297fe1daf998b904a13c70474f7738817e59ff4a9e37ae8e7,32b8eb648795842297fe1daf998b904a13c70474f7738817e59ff4a9e37ae8e7,True
PrebuiltPackages/SMRobotPlatform/bin/RenderCore_shared_dx64.dll,changed,sdk_105_complete_set,00454ee0af21d7e456581626c62b824cb60a386f5c086712bb797c651551da98,4510384704ee779df01764fba9b5d1db9b7ac06817a095b18d0dbbead3a7cfa7,4510384704ee779df01764fba9b5d1db9b7ac06817a095b18d0dbbead3a7cfa7,True
PrebuiltPackages/SMRobotPlatform/bin/RenderCore_shared_dx64.pdb,local_only_file,old_sdk_backed_up_and_retired,,,,False
PrebuiltPackages/SMRobotPlatform/bin/RenderCore_shared_rx64.dll,changed,sdk_105_complete_set,50c164537426ce2f28bb007242c72bfc8ac7568c4414b194f4ef868050183ae1,635eb22b7e4563425d95643eff3adead826c8617b40b0a7125938faf7cc472f8,635eb22b7e4563425d95643eff3adead826c8617b40b0a7125938faf7cc472f8,True
PrebuiltPackages/SMRobotPlatform/bin/RobotCore_shared_dx64.dll,changed,sdk_105_complete_set,17df22b9e4d69d7dc23410b4864ac2ffc857415f2936f93ac4abbca97f997a33,1beb188b9b2449e7f56850f4a4bce7eac668bbaeb6c4229b8929c08d455c9ae9,1beb188b9b2449e7f56850f4a4bce7eac668bbaeb6c4229b8929c08d455c9ae9,True
PrebuiltPackages/SMRobotPlatform/bin/RobotCore_shared_rx64.dll,changed,sdk_105_complete_set,f45718009cae55302953282cd0b8b4984781db54a709c94938b2264e3ee09091,c888171af9fbb879d8956c509c773b7dc3afd46176b14f8712923f518e908905,c888171af9fbb879d8956c509c773b7dc3afd46176b14f8712923f518e908905,True
PrebuiltPackages/SMRobotPlatform/bin/RobotIO_shared_dx64.dll,changed,sdk_105_complete_set,cc908f86859239e977d528291a3b62b56c34f1b11cedfae85a0b95d69933b516,96c9644f7e5a641817d41e09f27715a416b882580f4e082ce3e6cb364643b086,96c9644f7e5a641817d41e09f27715a416b882580f4e082ce3e6cb364643b086,True
PrebuiltPackages/SMRobotPlatform/bin/RobotIO_shared_rx64.dll,changed,sdk_105_complete_set,0004453c5a060a10bbbeca6daf1df4c31ab5fc42e8fea9bdee3512a990c246e9,9f7abd6aa94f1115cab6d67fa5831a53fe1c7df7ed9d955bc21f8edcce7e6b6b,9f7abd6aa94f1115cab6d67fa5831a53fe1c7df7ed9d955bc21f8edcce7e6b6b,True
PrebuiltPackages/SMRobotPlatform/bin/RobotInstance_shared_dx64.dll,changed,sdk_105_complete_set,9f7921ba558a241d966dcac03a14cf0c4f2b266d3b86403224ac5a2ddbf60c6f,e26c4fa39ba2582137238858d05460130ab36c817d2b4d256dec7e4bbddf967d,e26c4fa39ba2582137238858d05460130ab36c817d2b4d256dec7e4bbddf967d,True
PrebuiltPackages/SMRobotPlatform/bin/RobotInstance_shared_rx64.dll,changed,sdk_105_complete_set,d1309ab0aba0f2d3d7759211667f638ac9687eee1811c4b15d21ef5fb22766c6,9a8e0ca5373901f1cb826dd8029604e6292c5361ff54416c09db3b4319367197,9a8e0ca5373901f1cb826dd8029604e6292c5361ff54416c09db3b4319367197,True
PrebuiltPackages/SMRobotPlatform/bin/RobotRenderBridge_shared_dx64.dll,changed,sdk_105_complete_set,d88ffde2ff6b78abb6caaad46802b187beb514f4ee3991c62cb6f66dc2d5d116,c2dbb3b9b02b84335fddc344cf2633b12f1055fb161c55fa24354f32aa4af819,c2dbb3b9b02b84335fddc344cf2633b12f1055fb161c55fa24354f32aa4af819,True
PrebuiltPackages/SMRobotPlatform/bin/RobotRenderBridge_shared_dx64.pdb,local_only_file,old_sdk_backed_up_and_retired,,,,False
PrebuiltPackages/SMRobotPlatform/bin/RobotRenderBridge_shared_rx64.dll,changed,sdk_105_complete_set,c3aad38fda86de778fa9cf8363cff01878f30e7e87de6357e0da287d77c26d45,097823ade5fadebe083dde932d35b8976a0e7afab2b0cc2ac2a8e93b7400c5ba,097823ade5fadebe083dde932d35b8976a0e7afab2b0cc2ac2a8e93b7400c5ba,True
PrebuiltPackages/SMRobotPlatform/bin/RobotRuntime_shared_dx64.dll,changed,sdk_105_complete_set,a0e32f734fc3c42b5376647bfccd07d0db01f64ade80fefa4ca7dc080a480531,698ffb7e286d1f8182401c953312aea6b9fa2dc905467dbb89a8e1b546acb84f,698ffb7e286d1f8182401c953312aea6b9fa2dc905467dbb89a8e1b546acb84f,True
PrebuiltPackages/SMRobotPlatform/bin/RobotRuntime_shared_rx64.dll,changed,sdk_105_complete_set,4d009936e68c9434638a52673ed67e219a921b3d56060f0ac887bd28d85a2233,dc3168dd5e70382b079f141cdcd2ac1423053d0716e087f122984853305b0a71,dc3168dd5e70382b079f141cdcd2ac1423053d0716e087f122984853305b0a71,True
PrebuiltPackages/SMRobotPlatform/bin/RobotTrajectoryCore_shared_dx64.dll,changed,sdk_105_complete_set,c38143936fa6e7ef9ba855178a77340aafc00346894761bf05d986edbc4d9ecf,06b2da2c1c4f09c855c7de7f469dcd1389f1cb14ba833ef350e6891cf8b3e7a4,06b2da2c1c4f09c855c7de7f469dcd1389f1cb14ba833ef350e6891cf8b3e7a4,True
PrebuiltPackages/SMRobotPlatform/bin/RobotTrajectoryCore_shared_rx64.dll,changed,sdk_105_complete_set,e51ab3a1043fa102c7ed088b2c702bffc56d6b3039d135e0dd9843434f4c596c,b1f8f3a21b5db93531f699877687daa4994bb3d0d7f9cd717cab1194d696c1ad,b1f8f3a21b5db93531f699877687daa4994bb3d0d7f9cd717cab1194d696c1ad,True
PrebuiltPackages/SMRobotPlatform/bin/SceneCore_shared_dx64.dll,changed,sdk_105_complete_set,50010b3267eaab94a6d5d8a57eabc80952ffbf4d0addfdab66d85489dc5471ac,903f3252f422082b8ddc0609100a57a0830e32322cf0c896a96e2f3384004cac,903f3252f422082b8ddc0609100a57a0830e32322cf0c896a96e2f3384004cac,True
PrebuiltPackages/SMRobotPlatform/bin/SceneCore_shared_dx64.pdb,local_only_file,old_sdk_backed_up_and_retired,,,,False
PrebuiltPackages/SMRobotPlatform/bin/SceneCore_shared_rx64.dll,changed,sdk_105_complete_set,76fb9bbb227d35dbe3aed96cca1828f89f27d9456940a1c0d55cfa01719cb76f,43bc73bbf9d40299c425f540e542f4c632d754dd6d70dbb070c06bf15a36e60d,43bc73bbf9d40299c425f540e542f4c632d754dd6d70dbb070c06bf15a36e60d,True
PrebuiltPackages/SMRobotPlatform/bin/SensorCore_shared_dx64.dll,changed,sdk_105_complete_set,2dbf0c2c0272fab88b1ebbffee233033539faf3661e7b8de4f3f6c522ac001cb,e071f712c1929085f5141abe29a537a2ed90ef5caae91cef2b0de2c1be0ec968,e071f712c1929085f5141abe29a537a2ed90ef5caae91cef2b0de2c1be0ec968,True
PrebuiltPackages/SMRobotPlatform/bin/SensorCore_shared_dx64.pdb,local_only_file,old_sdk_backed_up_and_retired,,,,False
PrebuiltPackages/SMRobotPlatform/bin/SensorCore_shared_rx64.dll,changed,sdk_105_complete_set,17f198f8bac81ce22d204f8ba572de14247f5bb51da8fb29e16502c6f32d293d,91dfaf233c39b65f3bc577b91f7add4378e69e81a9818d669f04ee24bf034f9e,91dfaf233c39b65f3bc577b91f7add4378e69e81a9818d669f04ee24bf034f9e,True
PrebuiltPackages/SMRobotPlatform/bin/SensorSimulation_shared_dx64.dll,changed,sdk_105_complete_set,86733779b7d64f248b53790bf7e2734822edf9e55c029f61a9041a05b42042b0,dad4fec2f443c73b8df20dc5aefe8e4c97084ec7ea30db64dfd05f6f696234f4,dad4fec2f443c73b8df20dc5aefe8e4c97084ec7ea30db64dfd05f6f696234f4,True
PrebuiltPackages/SMRobotPlatform/bin/SensorSimulation_shared_dx64.pdb,local_only_file,old_sdk_backed_up_and_retired,,,,False
PrebuiltPackages/SMRobotPlatform/bin/SensorSimulation_shared_rx64.dll,changed,sdk_105_complete_set,5b7fe3d9a82f915c6141b6ae35c69b8951d6cb6f567ac8e26bfcea708d218afa,f9c03459bc98fda6eb4ec3a1b21bda5151d115f5720b197a31960845010b77ff,f9c03459bc98fda6eb4ec3a1b21bda5151d115f5720b197a31960845010b77ff,True
PrebuiltPackages/SMRobotPlatform/bin/SimulationProject_shared_dx64.dll,changed,sdk_105_complete_set,f07ec74775f33dab638e5f1a0dfadb651a80b23426eb9f9654c23acb969f32bf,de10a2f17c47bbb0e3a088c72203537d720d3eb8cb2c41bd074d9272a249d755,de10a2f17c47bbb0e3a088c72203537d720d3eb8cb2c41bd074d9272a249d755,True
PrebuiltPackages/SMRobotPlatform/bin/SimulationProject_shared_dx64.pdb,local_only_file,old_sdk_backed_up_and_retired,,,,False
PrebuiltPackages/SMRobotPlatform/bin/SimulationProject_shared_rx64.dll,changed,sdk_105_complete_set,7c219e060eef6787be3c0c655558bc336e60ddfbb8c748d87a76830a9b9ae4bd,38c8206f623bee30f2fec6f39fe97f0fc40334d2fcc6a10276221cde7d943056,38c8206f623bee30f2fec6f39fe97f0fc40334d2fcc6a10276221cde7d943056,True
PrebuiltPackages/SMRobotPlatform/bin/SimulationRuntime_shared_dx64.dll,changed,sdk_105_complete_set,a9f245066ae06819a070000909112e084aede1ccd6e7d0d3e4127c9151626ad2,ed5fd1c03b6f50d4c8f5f70fe4f7b32ea138f6ed6c599ecee441538a8e2a9fb8,ed5fd1c03b6f50d4c8f5f70fe4f7b32ea138f6ed6c599ecee441538a8e2a9fb8,True
PrebuiltPackages/SMRobotPlatform/bin/SimulationRuntime_shared_dx64.pdb,local_only_file,old_sdk_backed_up_and_retired,,,,False
PrebuiltPackages/SMRobotPlatform/bin/SimulationRuntime_shared_rx64.dll,changed,sdk_105_complete_set,19d0d23c2b3409e1ac762643e4c3584a28dbc230e8a0a0d66ac9279f58361806,15a4a3625d5dc29ad08daadfa9b2f277bc103a4e13cb1ec5ccbef40b773cf95e,15a4a3625d5dc29ad08daadfa9b2f277bc103a4e13cb1ec5ccbef40b773cf95e,True
PrebuiltPackages/SMRobotPlatform/bin/VisualizationSDK_shared_dx64.dll,changed,sdk_105_complete_set,88b79e3f42c9350f7ad50d1e354d35c8affd279e03e3010a34fa9affa2cb513c,79f71f7e4f45586c945d43ddd0c59791833342ec44f8dacfb8079d2350f7a628,79f71f7e4f45586c945d43ddd0c59791833342ec44f8dacfb8079d2350f7a628,True
PrebuiltPackages/SMRobotPlatform/bin/VisualizationSDK_shared_dx64.pdb,local_only_file,old_sdk_backed_up_and_retired,,,,False
PrebuiltPackages/SMRobotPlatform/bin/VisualizationSDK_shared_rx64.dll,changed,sdk_105_complete_set,9ea8c6b99d07d321aa3bcd2f8c98826c07a7620883ef2356c873ddf2f4459e94,02d325e6da4a0d4575670388c074361d30de5b235f3c65dc9d346673c948e545,02d325e6da4a0d4575670388c074361d30de5b235f3c65dc9d346673c948e545,True
PrebuiltPackages/SMRobotPlatform/bin/boost_atomic-vc142-mt-gd-x64-1_78.dll,local_only_file,old_sdk_backed_up_and_retired,,,,False
PrebuiltPackages/SMRobotPlatform/bin/boost_atomic-vc142-mt-x64-1_78.dll,local_only_file,old_sdk_backed_up_and_retired,,,,False
PrebuiltPackages/SMRobotPlatform/bin/boost_chrono-vc142-mt-gd-x64-1_78.dll,local_only_file,old_sdk_backed_up_and_retired,,,,False
PrebuiltPackages/SMRobotPlatform/bin/boost_chrono-vc142-mt-x64-1_78.dll,local_only_file,old_sdk_backed_up_and_retired,,,,False
PrebuiltPackages/SMRobotPlatform/bin/boost_regex-vc142-mt-gd-x64-1_78.dll,local_only_file,old_sdk_backed_up_and_retired,,,,False
PrebuiltPackages/SMRobotPlatform/bin/boost_regex-vc142-mt-x64-1_78.dll,local_only_file,old_sdk_backed_up_and_retired,,,,False
PrebuiltPackages/SMRobotPlatform/bin/boost_thread-vc142-mt-gd-x64-1_78.dll,local_only_file,old_sdk_backed_up_and_retired,,,,False
PrebuiltPackages/SMRobotPlatform/bin/boost_thread-vc142-mt-x64-1_78.dll,local_only_file,old_sdk_backed_up_and_retired,,,,False
PrebuiltPackages/SMRobotPlatform/bin/octomapd.dll,local_only_file,old_sdk_backed_up_and_retired,,,,False
PrebuiltPackages/SMRobotPlatform/bin/octomapr.dll,local_only_file,old_sdk_backed_up_and_retired,,,,False
PrebuiltPackages/SMRobotPlatform/bin/octomathd.dll,local_only_file,old_sdk_backed_up_and_retired,,,,False
PrebuiltPackages/SMRobotPlatform/bin/octomathr.dll,local_only_file,old_sdk_backed_up_and_retired,,,,False
PrebuiltPackages/SMRobotPlatform/docs/component-map.md,added,sdk_105_complete_set,,c72868bc6eb27e1c1960d10d59fbdf93d14c1c7a6bf057c49fda49d2ef2e4958,c72868bc6eb27e1c1960d10d59fbdf93d14c1c7a6bf057c49fda49d2ef2e4958,True
PrebuiltPackages/SMRobotPlatform/docs/getting-started.md,changed,sdk_105_complete_set,1e27786ed24f18fc5af84223690cbbb5a8694f0338e465e4a945b9dc4dd3c05b,60e9382fef6df92a398a101387a5e2f93a9f8f53efe7539fe24c12f6b6f4956f,60e9382fef6df92a398a101387a5e2f93a9f8f53efe7539fe24c12f6b6f4956f,True
PrebuiltPackages/SMRobotPlatform/docs/package-boundary.md,changed,sdk_105_complete_set,f3dcf9e6c52dc11e8cf529a4d05d78f7bbe29a82edc7889928b40b27f69592bf,d27f4684d0ab96d5e22155f89a6707c1f3aa9b6478d3d4bce312b519ba2d525f,d27f4684d0ab96d5e22155f89a6707c1f3aa9b6478d3d4bce312b519ba2d525f,True
PrebuiltPackages/SMRobotPlatform/examples/CMakeLists.txt,added,sdk_105_complete_set,,c4fe09f7e28204cff015a504b6875e4a9f44dbfede929ad18f922c046b86d47c,c4fe09f7e28204cff015a504b6875e4a9f44dbfede929ad18f922c046b86d47c,True
PrebuiltPackages/SMRobotPlatform/examples/ProjectSimulationQuickStart/CMakeLists.txt,changed,sdk_105_complete_set,ce35b792417f6b621ccc6775c4522fc659b18b98407143be535db8c89ea0c292,a6ae5cc6a07a3df359c131ff687d4aca3274164f9e6b40a7b178077eeb213e81,a6ae5cc6a07a3df359c131ff687d4aca3274164f9e6b40a7b178077eeb213e81,True
PrebuiltPackages/SMRobotPlatform/examples/ProjectSimulationQuickStart/main.cpp,changed,sdk_105_complete_set,5099f689cb9a62d6185e7ce6d0cb05c1e177564e1295ee8c2caa1b9a7be32938,9741f82578d3547a81bf1a92c2a2543a8c06f02e9e14a459296d789f79b8ddf5,9741f82578d3547a81bf1a92c2a2543a8c06f02e9e14a459296d789f79b8ddf5,True
PrebuiltPackages/SMRobotPlatform/include/CameraCore/CameraFactory.h,changed,sdk_105_complete_set,bbb41c13ba679fe90a47bc1398b5c74c6e8b258d3fd91e0b31f7875f8fa01633,53d640c8d176d315da94bfcf943aa096a88f4ee949a785d2951c31e8c6748022,53d640c8d176d315da94bfcf943aa096a88f4ee949a785d2951c31e8c6748022,True
PrebuiltPackages/SMRobotPlatform/include/CameraCore/IPerspectiveCamera.h,added,sdk_105_complete_set,,47f8d28e805d271fdf24dcd5cca1569e2faba818e694804be7f53b34fab909ea,47f8d28e805d271fdf24dcd5cca1569e2faba818e694804be7f53b34fab909ea,True
PrebuiltPackages/SMRobotPlatform/include/ProjectSimulationSDK/ProjectSimulationSdk.h,changed,sdk_105_complete_set,4747ced9c56a2cdd74cc33d5558ce7f80ecae77ab3f5707ac797497d3ce7ee3c,6f0b91cdd447db66a65a69760910199aa1b47cc4fb6157218075c5122802ba6c,6f0b91cdd447db66a65a69760910199aa1b47cc4fb6157218075c5122802ba6c,True
PrebuiltPackages/SMRobotPlatform/include/RenderCore/Geometry.h,changed,sdk_105_complete_set,23a2ea7d1d18a35ff70800fdb5ea0da06fc9f9895e5834e95758a0d5c20bb6c3,5615842cedc71c5b375c50a7e71c2d404d9470859aca7e1c98341ff99af16c1e,5615842cedc71c5b375c50a7e71c2d404d9470859aca7e1c98341ff99af16c1e,True
PrebuiltPackages/SMRobotPlatform/include/RenderCore/OffscreenRenderTarget.h,added,sdk_105_complete_set,,b6faf2224ddc4aa8ec8a480d87468b7a78eb0ae82b273b195b9fd28d83badb51,b6faf2224ddc4aa8ec8a480d87468b7a78eb0ae82b273b195b9fd28d83badb51,True
PrebuiltPackages/SMRobotPlatform/include/RobotPlatformAuthorization/RobotPlatformAuthorization.h,local_only_file,old_sdk_backed_up_and_retired,,,,False
PrebuiltPackages/SMRobotPlatform/include/RobotRenderBridge/CollisionRenderBridge.h,changed,sdk_105_complete_set,e049cc02393a97321333eb53ff791a076de4f14bb45ccab693fc8bd7718bd4d3,c1166df72e38bb341c616ae807a07b6e429a2d8327bfcd218322c4f65ce35969,c1166df72e38bb341c616ae807a07b6e429a2d8327bfcd218322c4f65ce35969,True
PrebuiltPackages/SMRobotPlatform/include/SceneCore/CollisionOverlayRenderConfig.h,changed,sdk_105_complete_set,fad8c53c5af128736d87fb01f954442698a2ed78a3719e3020af8e4d9be05a68,7187740025af95cf4ae76017287d42a9fe4ea511896391ac8d1b9b9e740dbcd3,7187740025af95cf4ae76017287d42a9fe4ea511896391ac8d1b9b9e740dbcd3,True
PrebuiltPackages/SMRobotPlatform/include/SceneCore/MaterialRenderState.h,added,sdk_105_complete_set,,ecac2bf99b5dc5fc571f7fa88e741bda5d6620903ee3bd464b6fb3c8680c8a9a,ecac2bf99b5dc5fc571f7fa88e741bda5d6620903ee3bd464b6fb3c8680c8a9a,True
PrebuiltPackages/SMRobotPlatform/include/SceneCore/OverlayRenderConfig.h,added,sdk_105_complete_set,,b6cf66426533d0a573fc00291da03966d80ded47183011d7718902843a60f938,b6cf66426533d0a573fc00291da03966d80ded47183011d7718902843a60f938,True
PrebuiltPackages/SMRobotPlatform/include/SceneCore/PathOverlay.h,added,sdk_105_complete_set,,8221b54e8d27bbbb86553ef090261b3e98928f68a4e38a4d972f869666be3345,8221b54e8d27bbbb86553ef090261b3e98928f68a4e38a4d972f869666be3345,True
PrebuiltPackages/SMRobotPlatform/include/SceneCore/RenderPass/GridPass.h,changed,sdk_105_complete_set,fde0b9bfdc64b4f3f1136d72b9fb447efae7632765d83ab79edecf54871e81c6,d5ab4f0aec081aa88e84c90e7c8bed72c823d9911d4f9b732993ad206b51ea44,d5ab4f0aec081aa88e84c90e7c8bed72c823d9911d4f9b732993ad206b51ea44,True
PrebuiltPackages/SMRobotPlatform/include/SceneCore/RenderPass/MeshPass.h,changed,sdk_105_complete_set,8ddf6ca2bae57e0a7af566c921b6b2acc77a9a601e7204cc565008ca0d5c057a,a8b77324c733673d2d9ceaaebd9e8ffed841d4c22c18351fbb981615e03788a4,a8b77324c733673d2d9ceaaebd9e8ffed841d4c22c18351fbb981615e03788a4,True
PrebuiltPackages/SMRobotPlatform/include/SceneCore/RenderPass/PlanarShadowPass.h,added,sdk_105_complete_set,,3075ec8a35f22673dfd4e3998c4429012442b287f5401fee07da4085e87cda67,3075ec8a35f22673dfd4e3998c4429012442b287f5401fee07da4085e87cda67,True
PrebuiltPackages/SMRobotPlatform/include/SceneCore/RenderPass/PrimitivePass.h,changed,sdk_105_complete_set,5a4c1fb0b398e47caffd1f22fc1232ff4fec59ee2ceed296b1a6f289c74dc202,308cffc0f3f99653e2ef458c905679d25cdcf10d62d5db091a32a399548c3c3d,308cffc0f3f99653e2ef458c905679d25cdcf10d62d5db091a32a399548c3c3d,True
PrebuiltPackages/SMRobotPlatform/include/SceneCore/RenderPass/TrajectoryPass.h,changed,sdk_105_complete_set,ab6220c45aee7e9a7c37a929cde9aa1d412658e02ed7ed72f29750ec757fc9f9,3691336e9d96063cf8fc33c4387ef121de677e08b0105d3e05ac1a7163c8a082,3691336e9d96063cf8fc33c4387ef121de677e08b0105d3e05ac1a7163c8a082,True
PrebuiltPackages/SMRobotPlatform/include/SceneCore/RenderQueue.h,changed,sdk_105_complete_set,45b1d4bb1877d040bcf0c043f61c70c63076454f249945a7ef9787179ba48de2,2a750e79afd633b935a5912eb0dc88ef4df3e716acaf1ff5e9cf68b7913e99d4,2a750e79afd633b935a5912eb0dc88ef4df3e716acaf1ff5e9cf68b7913e99d4,True
PrebuiltPackages/SMRobotPlatform/include/SceneCore/Renderer.h,changed,sdk_105_complete_set,da48bc0de81126653cd9546a2137b07802246f81d0d86e8771889c45e893c0be,8a57a92b3ae71b593bb2c4c550baf51cf921f9f17b399a4cf597152a52252e94,8a57a92b3ae71b593bb2c4c550baf51cf921f9f17b399a4cf597152a52252e94,True
PrebuiltPackages/SMRobotPlatform/include/SceneCore/SceneGraph.h,changed,sdk_105_complete_set,6d19a04c29acdeb193635b0b4655d34796cf4c202888fe291ce2822d6020fa67,e58675bff0e93ea24790f11e0ae61d8125f2b8863e3a912d1097d9319653a2a2,e58675bff0e93ea24790f11e0ae61d8125f2b8863e3a912d1097d9319653a2a2,True
PrebuiltPackages/SMRobotPlatform/include/SceneCore/SceneNode.h,changed,sdk_105_complete_set,fdc3d8c4d5693ad17b2171d0003fc0e319e785f2b642b5d8198d35058143dd46,8d1644bb1fdbf28c4694b60104347da087968c66907744ab45608b0f4bf56473,8d1644bb1fdbf28c4694b60104347da087968c66907744ab45608b0f4bf56473,True
PrebuiltPackages/SMRobotPlatform/include/SensorSimulation/PcdPointCloudLoader.h,changed,sdk_105_complete_set,5049f3a6e14be13e2c409d9a0c9a9e131f552f25e03654ab7a79a1d46dfb770c,69e9e201b34903da936a05de595eec04f79e45d49f81dc6f469e4cb8bc0392ef,69e9e201b34903da936a05de595eec04f79e45d49f81dc6f469e4cb8bc0392ef,True
PrebuiltPackages/SMRobotPlatform/include/SimulationProject/ProjectAttachmentCommands.h,changed,sdk_105_complete_set,4067a53dc71180e16728344fadab23338e0828dc15195583b817a87536732cb0,2db76b5cfc401dea8d4945f2d1a32e87f5b74fca497f6df79292472b52a57354,2db76b5cfc401dea8d4945f2d1a32e87f5b74fca497f6df79292472b52a57354,True
PrebuiltPackages/SMRobotPlatform/include/SimulationProject/ProjectAttachmentEditor.h,changed,sdk_105_complete_set,1d137ce2dfc69148cba0ff8b636ee634cc55b8d3376d20cb2bbc18dd7de1f7e7,4db35e334efb96696759a4b74bed4c540f257840619017576b1108b3278275a3,4db35e334efb96696759a4b74bed4c540f257840619017576b1108b3278275a3,True
PrebuiltPackages/SMRobotPlatform/include/SimulationProject/ProjectDocumentService.h,changed,sdk_105_complete_set,ec0c3112ac11b7b680e40ea58a602e2e5c1d66d7d99a37c5689eedf5deddf4b1,3155a444fddc50bafb2fa2e8ff79dcf9ca76ddeb33adb49bd2de00ffe1aa2747,3155a444fddc50bafb2fa2e8ff79dcf9ca76ddeb33adb49bd2de00ffe1aa2747,True
PrebuiltPackages/SMRobotPlatform/include/SimulationProject/ProjectSession.h,changed,sdk_105_complete_set,6207d068c103abbb9c01aa7b0a2e104c0d8a3798d657693b1e4dbdc94ca4d1ea,9522e0404eeb9d2ec8ee19d389bd4969d16905bf70900b18023fe82772b49372,9522e0404eeb9d2ec8ee19d389bd4969d16905bf70900b18023fe82772b49372,True
PrebuiltPackages/SMRobotPlatform/include/SimulationProject/ProjectTransaction.h,added,sdk_105_complete_set,,9183c9a0760be604048faca5a058c22acdf0d90d22de48ba28239f6442cc550e,9183c9a0760be604048faca5a058c22acdf0d90d22de48ba28239f6442cc550e,True
PrebuiltPackages/SMRobotPlatform/include/SimulationRuntime/ProjectCollisionQueryService.h,added,sdk_105_complete_set,,bd2f2bc43e1211cb0a485427e3c09d246f925d5e867b1a03f4e524731456a990,bd2f2bc43e1211cb0a485427e3c09d246f925d5e867b1a03f4e524731456a990,True
PrebuiltPackages/SMRobotPlatform/include/SimulationRuntime/ProjectCollisionRuntime.h,changed,sdk_105_complete_set,705a22b27a9e0836016d1ab3f20595848093b314731bfb5960135acd5d00d9c5,e50f307f957b743482002d175d1cde43626ed86b0e2233efa9625a01360659a1,e50f307f957b743482002d175d1cde43626ed86b0e2233efa9625a01360659a1,True
PrebuiltPackages/SMRobotPlatform/include/SimulationRuntime/ProjectParallelMechanismRuntime.h,added,sdk_105_complete_set,,0c8fdc00681759383c3461bf7c080f246e220aa5f666251a79e693d2ca464e9d,0c8fdc00681759383c3461bf7c080f246e220aa5f666251a79e693d2ca464e9d,True
PrebuiltPackages/SMRobotPlatform/include/SimulationRuntime/ProjectRuntimeQuery.h,added,sdk_105_complete_set,,5f3c2e4578abe9e1178f21149ca8aa3547bb26f21481ca78d5caa65b6fbe1980,5f3c2e4578abe9e1178f21149ca8aa3547bb26f21481ca78d5caa65b6fbe1980,True
PrebuiltPackages/SMRobotPlatform/include/SimulationRuntime/ProjectSimulationRuntime.h,changed,sdk_105_complete_set,2e6e6e334591bf1aef89be1aebebe2fca9d886c0223d86f9a4a9f787aca702b8,9bf0baf5871fba26b7b823ae84319b1b454ea232ee9e875cd11f8b80fa72b28f,9bf0baf5871fba26b7b823ae84319b1b454ea232ee9e875cd11f8b80fa72b28f,True
PrebuiltPackages/SMRobotPlatform/include/SimulationRuntime/RuntimeMountedAttachment.h,changed,sdk_105_complete_set,172c77b189c8b4f842d0e0023208faf52dc9a2250efdbe12e008b79128f29c6e,6167f8ffc5b2873839891de298bb16cd7328ac7dd86ed2e3af3af2ffea95ce51,6167f8ffc5b2873839891de298bb16cd7328ac7dd86ed2e3af3af2ffea95ce51,True
PrebuiltPackages/SMRobotPlatform/include/VisualizationSDK/CustomMesh.h,added,sdk_105_complete_set,,d65622177df53b267ad2389b0bdf0991448fd662188267560fa6817d22d7bd11,d65622177df53b267ad2389b0bdf0991448fd662188267560fa6817d22d7bd11,True
PrebuiltPackages/SMRobotPlatform/include/VisualizationSDK/ProjectVisualizationSession.h,changed,sdk_105_complete_set,fc8d5551381cd5adae50102c2437efb4862582efc09fcf1d7d718e0d2bfa7564,172848ad70c6e677a0f954f4872efad6ca7ce6bcf6e81c97dba5c4b041f19897,172848ad70c6e677a0f954f4872efad6ca7ce6bcf6e81c97dba5c4b041f19897,True
PrebuiltPackages/SMRobotPlatform/lib/AssetCore_shared_dx64.lib,changed,sdk_105_complete_set,37483bcb0b40b1a693605917162bd23fca48cf9b45acae48463257fb5fcb765b,09a86d8f92ec3f306b1d351a7583e4f5fbb684e37fbd40d10cbb3347c5ba89e5,09a86d8f92ec3f306b1d351a7583e4f5fbb684e37fbd40d10cbb3347c5ba89e5,True
PrebuiltPackages/SMRobotPlatform/lib/AssetCore_shared_rx64.lib,changed,sdk_105_complete_set,1a1632cedc0d4d94673b91585600421d87558251ed52d56de0382b98b6f3a93a,1b76e5bdf317551c07704e9463c1189133b3f093de5dfd5a777d50bbc5cc45c0,1b76e5bdf317551c07704e9463c1189133b3f093de5dfd5a777d50bbc5cc45c0,True
PrebuiltPackages/SMRobotPlatform/lib/CameraCore_shared_dx64.lib,changed,sdk_105_complete_set,8bf3276ac01573feb8f8e0820a66ce174aea63f1deb42371cbead3204181b998,1a869e20e03de8240baee1b9ffa2e449a1b4f1170080aa58fa445f8a54221b22,1a869e20e03de8240baee1b9ffa2e449a1b4f1170080aa58fa445f8a54221b22,True
PrebuiltPackages/SMRobotPlatform/lib/CameraCore_shared_rx64.lib,changed,sdk_105_complete_set,d905ac17f70f4d1391e7e244d787a4f69b7de5bafa6ec356d93964ede7409c62,0247e0537c8b5add55b1c7900b29acfc897555e8e5ed30db22a89b9895a5a826,0247e0537c8b5add55b1c7900b29acfc897555e8e5ed30db22a89b9895a5a826,True
PrebuiltPackages/SMRobotPlatform/lib/ProjectSimulationSDK_shared_dx64.lib,changed,sdk_105_complete_set,80438e4f74c9cd0f9996c6a069054daa89e828c655941d3181bbb7f43d631f6e,ad79a0b8619ab35fa006771081805b2915eca28f2ff3889dacfc8ed0d744e0f1,ad79a0b8619ab35fa006771081805b2915eca28f2ff3889dacfc8ed0d744e0f1,True
PrebuiltPackages/SMRobotPlatform/lib/ProjectSimulationSDK_shared_rx64.lib,changed,sdk_105_complete_set,7a1eeb5e53dbc360ff0b56fe616464632f1dbf16ea262e23fb008bbbb6061ef8,cd1c75c2240a318984a8b7dd653328ddf63e586fe335ad682bfc521cf2e1a9e6,cd1c75c2240a318984a8b7dd653328ddf63e586fe335ad682bfc521cf2e1a9e6,True
PrebuiltPackages/SMRobotPlatform/lib/RenderCoreShaderResources_shared_dx64.lib,changed,sdk_105_complete_set,1c7270e8e96fcd13430387b8de18991f1959bcc0e358e4bb2c702a4db81efc73,0b0d2e803faf0305bb6206de99e80cd0eb9f77118f19e64892425948d377465b,0b0d2e803faf0305bb6206de99e80cd0eb9f77118f19e64892425948d377465b,True
PrebuiltPackages/SMRobotPlatform/lib/RenderCoreShaderResources_shared_rx64.lib,changed,sdk_105_complete_set,e3d9b546ddfbf2869fed64be8d3a1f1caea4d164953e18186dd6dbe71c3c364e,caf23d4371b356d6470feb85c9c8c8416c6f6a2a5b9ab94c900686a774ce4cda,caf23d4371b356d6470feb85c9c8c8416c6f6a2a5b9ab94c900686a774ce4cda,True
PrebuiltPackages/SMRobotPlatform/lib/RenderCore_shared_dx64.lib,changed,sdk_105_complete_set,669bba014f370495e075f950444acb7ebba15c8e1fae7b4315caeb11ee0d7d6d,c83d24cf205a1d8748aa982cb60cc9e9d3f3f4158599192caff9aa582f24cb77,c83d24cf205a1d8748aa982cb60cc9e9d3f3f4158599192caff9aa582f24cb77,True
PrebuiltPackages/SMRobotPlatform/lib/RenderCore_shared_rx64.lib,changed,sdk_105_complete_set,91624302795a0a3e018ee395ebd57f2b69155cfbbf583359e84b8ddd627964b7,bb1df345908b6ac58d8b36701a4b7a887964dd57ade45d45b7e6a45001d0514f,bb1df345908b6ac58d8b36701a4b7a887964dd57ade45d45b7e6a45001d0514f,True
PrebuiltPackages/SMRobotPlatform/lib/RobotPlatformAuthorization_static_dx64.lib,local_only_file,old_sdk_backed_up_and_retired,,,,False
PrebuiltPackages/SMRobotPlatform/lib/RobotPlatformAuthorization_static_rx64.lib,local_only_file,old_sdk_backed_up_and_retired,,,,False
PrebuiltPackages/SMRobotPlatform/lib/RobotRenderBridge_shared_dx64.lib,changed,sdk_105_complete_set,6ca09ae00a8427334eff14159c015d74fdfae079b910ee80b6ced0e3ef5cdc22,c59acebcc61308113aa917a6a073218881a236b7e72dbec272724906dca3828e,c59acebcc61308113aa917a6a073218881a236b7e72dbec272724906dca3828e,True
PrebuiltPackages/SMRobotPlatform/lib/RobotRenderBridge_shared_rx64.lib,changed,sdk_105_complete_set,7202afe77501b4a0c0dd2987d84537ab5f9b24e72a1fe16de9d2fcea2049e4ed,c41aa64e5aa3df4c9eb2894c65528dd89bcf2018a4a633cdc3ee0ac991079564,c41aa64e5aa3df4c9eb2894c65528dd89bcf2018a4a633cdc3ee0ac991079564,True
PrebuiltPackages/SMRobotPlatform/lib/SceneCore_shared_dx64.lib,changed,sdk_105_complete_set,e47600199b4a8aecd741ff999c3e5dc411298995e147d34c2f29f9667bac6cb3,c6f8c6a55b9a308c6bc8b01872f299a4cc51575567b62bc65fbcf7e10df7ad04,c6f8c6a55b9a308c6bc8b01872f299a4cc51575567b62bc65fbcf7e10df7ad04,True
PrebuiltPackages/SMRobotPlatform/lib/SceneCore_shared_rx64.lib,changed,sdk_105_complete_set,c58b8921717ad1aad1103d2d76fd08cd8c0ab0c68ddd34838db742ac5c3e464f,7dfd002ff146b360b5712301f7abc65ca76fcbe29d7b8760fb10ad363e67f6aa,7dfd002ff146b360b5712301f7abc65ca76fcbe29d7b8760fb10ad363e67f6aa,True
PrebuiltPackages/SMRobotPlatform/lib/SensorCore_shared_dx64.lib,changed,sdk_105_complete_set,4a673ed00413e540a4d1437a1df233c3a16ee6727370bf275b83e3e169472f9d,f762ecb1003bff8fcd55a01d5094f7f5ce5e769b143e078af9a3da380323fb54,f762ecb1003bff8fcd55a01d5094f7f5ce5e769b143e078af9a3da380323fb54,True
PrebuiltPackages/SMRobotPlatform/lib/SensorCore_shared_rx64.lib,changed,sdk_105_complete_set,254082bb74e5cadd4b4168fb9cb2057175598915eac218b9a1f7b9a8f357f955,244c8505e33b895d3cc2f47d25f10299ce59bd6f757e56d0880ed5c809c40721,244c8505e33b895d3cc2f47d25f10299ce59bd6f757e56d0880ed5c809c40721,True
PrebuiltPackages/SMRobotPlatform/lib/SensorSimulation_shared_dx64.lib,changed,sdk_105_complete_set,3baeb786c736e68f3810c57dd4adb0d5fdaad4f7d39319d7ffa2524a66c510ef,1866cbc7d4b374462114a8b48539f10454e8a8eacde345de364ca2df6a0e3f44,1866cbc7d4b374462114a8b48539f10454e8a8eacde345de364ca2df6a0e3f44,True
PrebuiltPackages/SMRobotPlatform/lib/SensorSimulation_shared_rx64.lib,changed,sdk_105_complete_set,7620b6f90b1f4e736e44d55e52c017265cf8c4dfd80cfed5fc9e507e92715075,5b4025847c71f470611dce9f28d12d8b6c308489a9791d971764818c6826c140,5b4025847c71f470611dce9f28d12d8b6c308489a9791d971764818c6826c140,True
PrebuiltPackages/SMRobotPlatform/lib/SimulationProject_shared_dx64.lib,changed,sdk_105_complete_set,ddad021692c37177d40e4c757a5d3d3731f627b8ed8b53d73b23a0c3ac4f967d,4f065f607c4eb844a8294263e6d3b173959f63e22693469a26f7e78fff4cbe21,4f065f607c4eb844a8294263e6d3b173959f63e22693469a26f7e78fff4cbe21,True
PrebuiltPackages/SMRobotPlatform/lib/SimulationProject_shared_rx64.lib,changed,sdk_105_complete_set,fddc9a716a333df09f2aaecdca1092e99675c1cc97ad765e6ace6f8259cc7b70,9ffea3e8f251cdd8ce0e2c38e00dc65d41efe4e65650381bcde39f96e65f6721,9ffea3e8f251cdd8ce0e2c38e00dc65d41efe4e65650381bcde39f96e65f6721,True
PrebuiltPackages/SMRobotPlatform/lib/SimulationRuntime_shared_dx64.lib,changed,sdk_105_complete_set,07e05aaba6bf2b480d9369c5473b1fc00f3de3fcac49cd1b66211fd7ed800ef7,8a700ab4f95f8dab0d555099fb74627fa9af8695bcb7c1f06ce3906f89cec6ae,8a700ab4f95f8dab0d555099fb74627fa9af8695bcb7c1f06ce3906f89cec6ae,True
PrebuiltPackages/SMRobotPlatform/lib/SimulationRuntime_shared_rx64.lib,changed,sdk_105_complete_set,128ff19a20440af145f41df1a0f6cd86ec5bf5da1016fcbe460be1917ad8ba05,a9fe9f42836a3dec5f115b4cfa4d98254ef950a598e3a21547de2b5d23516ded,a9fe9f42836a3dec5f115b4cfa4d98254ef950a598e3a21547de2b5d23516ded,True
PrebuiltPackages/SMRobotPlatform/lib/VisualizationSDK_shared_dx64.lib,changed,sdk_105_complete_set,e92a3c125c1446f1bb622a2578c5771c21d773bc0ee63851d104ebbca73c443c,3c5343644c1786b51e9336eeb7857b68d472c17b1c48d05ef7a0489a2ed2848e,3c5343644c1786b51e9336eeb7857b68d472c17b1c48d05ef7a0489a2ed2848e,True
PrebuiltPackages/SMRobotPlatform/lib/VisualizationSDK_shared_rx64.lib,changed,sdk_105_complete_set,2c0b8ab079164f242f5969b630d31f62bc4141585588e2e5f2cccd96e8647f33,e39dbbf5b46aa3aee827245fd86af2716b55dc79c3663535ffd10eeecbc00f73,e39dbbf5b46aa3aee827245fd86af2716b55dc79c3663535ffd10eeecbc00f73,True
PrebuiltPackages/SMRobotPlatform/lib/cmake/AssetCore/AssetCoreDependencies.cmake,changed,sdk_105_complete_set,38c4ebabc7009f7bc89ab2d39c9d5a59a780dd8e6fbae205561b69d95b050cbb,550ad44e4cec6942ae7fb8decfe856596cfa81e9b2d7264c6c815d09c394bcc4,550ad44e4cec6942ae7fb8decfe856596cfa81e9b2d7264c6c815d09c394bcc4,True
PrebuiltPackages/SMRobotPlatform/lib/cmake/CameraCore/CameraCoreDependencies.cmake,changed,sdk_105_complete_set,abf75600409dfc61b46cc9b78ead9d72ab6f135ce7417fda78d617dec09346a5,874fd5c54cffe19b8d58760223a8608375393a32365b045018933b93aa05c14b,874fd5c54cffe19b8d58760223a8608375393a32365b045018933b93aa05c14b,True
PrebuiltPackages/SMRobotPlatform/lib/cmake/ProjectSimulationSDK/ProjectSimulationSDKDependencies.cmake,changed,sdk_105_complete_set,ab8d455a150b95eee28a6af85014fe9726b09cac88be47192a85365eaf16c55c,5af648cdb095f7dd1d278d6902d0202a995c1482b8bd5db68103e18579b9ee56,5af648cdb095f7dd1d278d6902d0202a995c1482b8bd5db68103e18579b9ee56,True
PrebuiltPackages/SMRobotPlatform/lib/cmake/ProjectSimulationSDK/ProjectSimulationSDKTargets-debug.cmake,changed,sdk_105_complete_set,071bdf238076098788ced1733ec0fe45dd7ef33e12ac448ed984e42aa066f4f3,8ce18998178a736a02090b7b7ec20909bde9bfb6d908741dd3a46426635e4d1e,8ce18998178a736a02090b7b7ec20909bde9bfb6d908741dd3a46426635e4d1e,True
PrebuiltPackages/SMRobotPlatform/lib/cmake/ProjectSimulationSDK/ProjectSimulationSDKTargets-release.cmake,changed,sdk_105_complete_set,249766e57cec40834b039171250f20df6b7da43bb906c71684ccb30843d4832c,ad287070bcf040c0fa1fcc3415dd31a03114495d996c2075936b249e06b44713,ad287070bcf040c0fa1fcc3415dd31a03114495d996c2075936b249e06b44713,True
PrebuiltPackages/SMRobotPlatform/lib/cmake/RenderCore/RenderCoreDependencies.cmake,changed,sdk_105_complete_set,cc1766806ce6ee0f151fa508ca349c777353c4732411340160b2905872205fa5,b44ea8b2ba515421830f5e06aa61f1da2848afaf5dabe54de818709cd34da73d,b44ea8b2ba515421830f5e06aa61f1da2848afaf5dabe54de818709cd34da73d,True
PrebuiltPackages/SMRobotPlatform/lib/cmake/RenderCoreShaderResources/RenderCoreShaderResourcesDependencies.cmake,changed,sdk_105_complete_set,2b8bf38722062b6b02d89bc79c06784b7b5966b1ef54512f5dd0e3e72f1376b1,74e0937d17adf5929f13e7217041a8d08c178c85b86513ad827073cb10deba7f,74e0937d17adf5929f13e7217041a8d08c178c85b86513ad827073cb10deba7f,True
PrebuiltPackages/SMRobotPlatform/lib/cmake/RobotPlatformAuthorization/RobotPlatformAuthorizationDependencies.cmake,local_only_file,old_sdk_backed_up_and_retired,,,,False
PrebuiltPackages/SMRobotPlatform/lib/cmake/RobotPlatformAuthorization/RobotPlatformAuthorizationTargets-debug.cmake,local_only_file,old_sdk_backed_up_and_retired,,,,False
PrebuiltPackages/SMRobotPlatform/lib/cmake/RobotPlatformAuthorization/RobotPlatformAuthorizationTargets-release.cmake,local_only_file,old_sdk_backed_up_and_retired,,,,False
PrebuiltPackages/SMRobotPlatform/lib/cmake/RobotPlatformAuthorization/RobotPlatformAuthorizationTargets.cmake,local_only_file,old_sdk_backed_up_and_retired,,,,False
PrebuiltPackages/SMRobotPlatform/lib/cmake/RobotRenderBridge/RobotRenderBridgeDependencies.cmake,changed,sdk_105_complete_set,a5d7b1a4a1a2fa7fd1e8cccda434a654add0fca93703f5bf24bf343581a713c2,f6ea3a7660e50706dfbb5260a8f56175baef3c70d428a71666d09b46fb30428b,f6ea3a7660e50706dfbb5260a8f56175baef3c70d428a71666d09b46fb30428b,True
PrebuiltPackages/SMRobotPlatform/lib/cmake/SMRobotPlatform/SMRobotPlatformConfigVersion.cmake,changed,sdk_105_complete_set,b2bbe0ad3f259c21be61f2e06d257335f6c1f86952ab6efd4e4810c7b47c0518,bee7629a5e831721565c09146c18b5577a2f960b2c3499dc8264166756058317,bee7629a5e831721565c09146c18b5577a2f960b2c3499dc8264166756058317,True
PrebuiltPackages/SMRobotPlatform/lib/cmake/SMRobotPlatformConfigVersion.cmake,changed,sdk_105_complete_set,b2bbe0ad3f259c21be61f2e06d257335f6c1f86952ab6efd4e4810c7b47c0518,bee7629a5e831721565c09146c18b5577a2f960b2c3499dc8264166756058317,bee7629a5e831721565c09146c18b5577a2f960b2c3499dc8264166756058317,True
PrebuiltPackages/SMRobotPlatform/lib/cmake/SceneCore/SceneCoreDependencies.cmake,changed,sdk_105_complete_set,4e6dac2a06c1e185969c157645fff27b4d64f23e67f42183b9ef19ef5dba85f6,7d40d44b51a429eb95c6498d131dd732d0ef6ab61d7c37a0a6130f44b1181dfe,7d40d44b51a429eb95c6498d131dd732d0ef6ab61d7c37a0a6130f44b1181dfe,True
PrebuiltPackages/SMRobotPlatform/lib/cmake/SensorCore/SensorCoreDependencies.cmake,changed,sdk_105_complete_set,3f4b76cd31f928a8405c83edc87a1bb18c4ea496383eb29052a63f1e81b85e6a,9ba88483fe5ab590d7462a2617d9f9407685fb482b7d792f252788f3f32541fc,9ba88483fe5ab590d7462a2617d9f9407685fb482b7d792f252788f3f32541fc,True
PrebuiltPackages/SMRobotPlatform/lib/cmake/SensorSimulation/SensorSimulationDependencies.cmake,changed,sdk_105_complete_set,189ea8da8cbbba90c7d40471154e7d7c40bdaa964ee0cf291503c15c791af9ad,d44dcc56549b438afc788e925d5b9500c2436df0c554a3179525530e4b5b1025,d44dcc56549b438afc788e925d5b9500c2436df0c554a3179525530e4b5b1025,True
PrebuiltPackages/SMRobotPlatform/lib/cmake/SimulationProject/SimulationProjectDependencies.cmake,changed,sdk_105_complete_set,70f65952adbfef95879a6a393757891a12bac80e9374cf1169f93c504164268f,f916c6d7006dd9e5bd6e8cc7e1d5e32a4af376df50b21bfbef8d8ff1babee750,f916c6d7006dd9e5bd6e8cc7e1d5e32a4af376df50b21bfbef8d8ff1babee750,True
PrebuiltPackages/SMRobotPlatform/lib/cmake/SimulationRuntime/SimulationRuntimeDependencies.cmake,changed,sdk_105_complete_set,a1e1e994a72b09e21ef667881187fc18adc065dcc264c9842d4d7c2fbb17e1e6,334676faf6f433dee39065d662797c09aa2fa1e5167a2b6b58f127eb313af226,334676faf6f433dee39065d662797c09aa2fa1e5167a2b6b58f127eb313af226,True
PrebuiltPackages/SMRobotPlatform/lib/cmake/SimulationRuntime/SimulationRuntimeTargets-debug.cmake,changed,sdk_105_complete_set,ffd6593ef8d6f08b995b7b5bbc292948e1913965b5f15f385af37f616619f450,d88a660f231baa4aa6263ee6c48d39d43f4d8c24caede6250432c6636e7330b7,d88a660f231baa4aa6263ee6c48d39d43f4d8c24caede6250432c6636e7330b7,True
PrebuiltPackages/SMRobotPlatform/lib/cmake/SimulationRuntime/SimulationRuntimeTargets-release.cmake,changed,sdk_105_complete_set,a7641d32090055ec5a96259ad90a5e3c465507bcaff1a043153951d83781cc0c,b019f47b5f15c83c06e89f7114b69afebf4597ba9f5e5e089b99a63cce13c4be,b019f47b5f15c83c06e89f7114b69afebf4597ba9f5e5e089b99a63cce13c4be,True
PrebuiltPackages/SMRobotPlatform/lib/cmake/VisualizationSDK/VisualizationSDKDependencies.cmake,changed,sdk_105_complete_set,4603d57527dae911cbecd5954ba46cf105db326d108d241925805a71b1ec35c8,e6af3c5d959797ba123fee10915e99e386e7185322e9ca82e39f4c35e34ec375,e6af3c5d959797ba123fee10915e99e386e7185322e9ca82e39f4c35e34ec375,True
PrebuiltPackages/SMRobotPlatform/manifest.json,changed,sdk_105_complete_set,87a509c6bc20f8c6edd15c57d9f3b527b4ad5975234f67427437666f5c11d089,91487e09966d93cc6073842da5c3c8edb2073b47c1f0352e9d6fa24e1cf15911,91487e09966d93cc6073842da5c3c8edb2073b47c1f0352e9d6fa24e1cf15911,True
PrebuiltPackages/SMRobotSDKExportSnapshot.txt,local_only_file,old_sdk_backed_up_and_retired,,,,False
PrebuiltPackages/SMRobotSDKManifest.json,changed,sdk_105_complete_set,091df061f10cdc3d62261a21c5ffc9716ce6f26606469d4d0cee364d2853d4d3,b9ec8b4d0b6c36b83aa02150a20c20cace4d168c091e0e1cb67a2f0569da28a6,b9ec8b4d0b6c36b83aa02150a20c20cace4d168c091e0e1cb67a2f0569da28a6,True
PrebuiltPackages/thirdparty/Windows/CoACD1.0.11x64/lib/_coacd-D.lib,local_only_file,old_sdk_backed_up_and_retired,,,,False
PrebuiltPackages/thirdparty/Windows/CoACD1.0.11x64/lib/_coacd.lib,local_only_file,old_sdk_backed_up_and_retired,,,,False
PrebuiltPackages/thirdparty/Windows/CoACD1.0.11x64/patches/coacd-1.0.11-windows-config.patch,changed,sdk_105_complete_set,05ffbc791dfbddd1c9010d78504fb31849082e14aea00884505117ea7d68ee8c,323474dc3787238a41fb268684a4eecc624d127884731109dbd9e884a355e63e,323474dc3787238a41fb268684a4eecc624d127884731109dbd9e884a355e63e,True
PrebuiltPackages/thirdparty/Windows/VerificationDeveloperKit-1.0.0/Examples/EmbeddedLicenseClient/CMakeLists.txt,local_only_file,old_sdk_backed_up_and_retired,,,,False
PrebuiltPackages/thirdparty/Windows/VerificationDeveloperKit-1.0.0/Examples/EmbeddedLicenseClient/main.cpp,local_only_file,old_sdk_backed_up_and_retired,,,,False
PrebuiltPackages/thirdparty/Windows/VerificationDeveloperKit-1.0.0/Examples/PackageSmokeTest/CMakeLists.txt,local_only_file,old_sdk_backed_up_and_retired,,,,False
PrebuiltPackages/thirdparty/Windows/VerificationDeveloperKit-1.0.0/Examples/PackageSmokeTest/main.cpp,local_only_file,old_sdk_backed_up_and_retired,,,,False
PrebuiltPackages/thirdparty/Windows/VerificationDeveloperKit-1.0.0/README.md,local_only_file,old_sdk_backed_up_and_retired,,,,False
PrebuiltPackages/thirdparty/Windows/VerificationDeveloperKit-1.0.0/Tools/InfoCollection/Release/InfoCollection_rx64.exe,local_only_file,old_sdk_backed_up_and_retired,,,,False
PrebuiltPackages/thirdparty/Windows/VerificationDeveloperKit-1.0.0/Tools/VerificationLicenseCheck/Release/VerificationLicenseCheck_rx64.exe,local_only_file,old_sdk_backed_up_and_retired,,,,False
PrebuiltPackages/thirdparty/Windows/VerificationDeveloperKit-1.0.0/docs/CMakeGUI生成套件说明.md,local_only_file,old_sdk_backed_up_and_retired,,,,False
PrebuiltPackages/thirdparty/Windows/VerificationDeveloperKit-1.0.0/docs/InfoCollection使用说明.md,local_only_file,old_sdk_backed_up_and_retired,,,,False
PrebuiltPackages/thirdparty/Windows/VerificationDeveloperKit-1.0.0/docs/发布内容与安全边界.md,local_only_file,old_sdk_backed_up_and_retired,,,,False
PrebuiltPackages/thirdparty/Windows/VerificationDeveloperKit-1.0.0/docs/快速接入.md,local_only_file,old_sdk_backed_up_and_retired,,,,False
PrebuiltPackages/thirdparty/Windows/VerificationDeveloperKit-1.0.0/include/LicenseSystem/LicenseClient.h,local_only_file,old_sdk_backed_up_and_retired,,,,False
PrebuiltPackages/thirdparty/Windows/VerificationDeveloperKit-1.0.0/include/LicenseSystem/LicenseTypes.h,local_only_file,old_sdk_backed_up_and_retired,,,,False
PrebuiltPackages/thirdparty/Windows/VerificationDeveloperKit-1.0.0/lib/cmake/VerificationSDK/VerificationSDKConfig.cmake,local_only_file,old_sdk_backed_up_and_retired,,,,False
PrebuiltPackages/thirdparty/Windows/VerificationDeveloperKit-1.0.0/lib/cmake/VerificationSDK/VerificationSDKConfigVersion.cmake,local_only_file,old_sdk_backed_up_and_retired,,,,False
PrebuiltPackages/thirdparty/Windows/VerificationDeveloperKit-1.0.0/lib/windows-x64-msvc/Debug/VerificationEncryption.lib,local_only_file,old_sdk_backed_up_and_retired,,,,False
PrebuiltPackages/thirdparty/Windows/VerificationDeveloperKit-1.0.0/lib/windows-x64-msvc/Debug/VerificationHardwareInfo.lib,local_only_file,old_sdk_backed_up_and_retired,,,,False
PrebuiltPackages/thirdparty/Windows/VerificationDeveloperKit-1.0.0/lib/windows-x64-msvc/Debug/VerificationIdGenerator.lib,local_only_file,old_sdk_backed_up_and_retired,,,,False
PrebuiltPackages/thirdparty/Windows/VerificationDeveloperKit-1.0.0/lib/windows-x64-msvc/Debug/VerificationLicense.lib,local_only_file,old_sdk_backed_up_and_retired,,,,False
PrebuiltPackages/thirdparty/Windows/VerificationDeveloperKit-1.0.0/lib/windows-x64-msvc/Debug/VerificationLicenseSDK.lib,local_only_file,old_sdk_backed_up_and_retired,,,,False
PrebuiltPackages/thirdparty/Windows/VerificationDeveloperKit-1.0.0/lib/windows-x64-msvc/Debug/VerificationOpenSSLCrypto.lib,local_only_file,old_sdk_backed_up_and_retired,,,,False
PrebuiltPackages/thirdparty/Windows/VerificationDeveloperKit-1.0.0/lib/windows-x64-msvc/Release/VerificationEncryption.lib,local_only_file,old_sdk_backed_up_and_retired,,,,False
PrebuiltPackages/thirdparty/Windows/VerificationDeveloperKit-1.0.0/lib/windows-x64-msvc/Release/VerificationHardwareInfo.lib,local_only_file,old_sdk_backed_up_and_retired,,,,False
PrebuiltPackages/thirdparty/Windows/VerificationDeveloperKit-1.0.0/lib/windows-x64-msvc/Release/VerificationIdGenerator.lib,local_only_file,old_sdk_backed_up_and_retired,,,,False
PrebuiltPackages/thirdparty/Windows/VerificationDeveloperKit-1.0.0/lib/windows-x64-msvc/Release/VerificationLicense.lib,local_only_file,old_sdk_backed_up_and_retired,,,,False
PrebuiltPackages/thirdparty/Windows/VerificationDeveloperKit-1.0.0/lib/windows-x64-msvc/Release/VerificationLicenseSDK.lib,local_only_file,old_sdk_backed_up_and_retired,,,,False
PrebuiltPackages/thirdparty/Windows/VerificationDeveloperKit-1.0.0/lib/windows-x64-msvc/Release/VerificationOpenSSLCrypto.lib,local_only_file,old_sdk_backed_up_and_retired,,,,False
PrebuiltPackages/thirdparty/Windows/VerificationDeveloperKit-1.0.0/licenses/README.md,local_only_file,old_sdk_backed_up_and_retired,,,,False
PrebuiltPackages/thirdparty/Windows/VerificationDeveloperKit-1.0.0/manifest.json,local_only_file,old_sdk_backed_up_and_retired,,,,False
PrebuiltPackages/thirdparty/fcl_static_x64/CMake_FindFCL.cmake,local_only_file,old_sdk_backed_up_and_retired,,,,False
PrebuiltPackages/thirdparty/fcl_static_x64/ccd-static-octomap-shared.txt,local_only_file,old_sdk_backed_up_and_retired,,,,False
PrebuiltPackages/thirdparty/fcl_static_x64/fcl/CMake/fcl-config-version.cmake,local_only_file,old_sdk_backed_up_and_retired,,,,False
PrebuiltPackages/thirdparty/fcl_static_x64/fcl/CMake/fcl-config.cmake,local_only_file,old_sdk_backed_up_and_retired,,,,False
PrebuiltPackages/thirdparty/fcl_static_x64/fcl/CMake/fcl-targets-debug.cmake,local_only_file,old_sdk_backed_up_and_retired,,,,False
PrebuiltPackages/thirdparty/fcl_static_x64/fcl/CMake/fcl-targets-release.cmake,local_only_file,old_sdk_backed_up_and_retired,,,,False
PrebuiltPackages/thirdparty/fcl_static_x64/fcl/CMake/fcl-targets.cmake,local_only_file,old_sdk_backed_up_and_retired,,,,False
PrebuiltPackages/thirdparty/fcl_static_x64/fcl/include/fcl/broadphase/broadphase_SSaP-inl.h,local_only_file,old_sdk_backed_up_and_retired,,,,False
PrebuiltPackages/thirdparty/fcl_static_x64/fcl/include/fcl/broadphase/broadphase_SSaP.h,local_only_file,old_sdk_backed_up_and_retired,,,,False
PrebuiltPackages/thirdparty/fcl_static_x64/fcl/include/fcl/broadphase/broadphase_SaP-inl.h,local_only_file,old_sdk_backed_up_and_retired,,,,False
PrebuiltPackages/thirdparty/fcl_static_x64/fcl/include/fcl/broadphase/broadphase_SaP.h,local_only_file,old_sdk_backed_up_and_retired,,,,False
PrebuiltPackages/thirdparty/fcl_static_x64/fcl/include/fcl/broadphase/broadphase_bruteforce-inl.h,local_only_file,old_sdk_backed_up_and_retired,,,,False
PrebuiltPackages/thirdparty/fcl_static_x64/fcl/include/fcl/broadphase/broadphase_bruteforce.h,local_only_file,old_sdk_backed_up_and_retired,,,,False
PrebuiltPackages/thirdparty/fcl_static_x64/fcl/include/fcl/broadphase/broadphase_collision_manager-inl.h,local_only_file,old_sdk_backed_up_and_retired,,,,False
PrebuiltPackages/thirdparty/fcl_static_x64/fcl/include/fcl/broadphase/broadphase_collision_manager.h,local_only_file,old_sdk_backed_up_and_retired,,,,False
PrebuiltPackages/thirdparty/fcl_static_x64/fcl/include/fcl/broadphase/broadphase_continuous_collision_manager-inl.h,local_only_file,old_sdk_backed_up_and_retired,,,,False
PrebuiltPackages/thirdparty/fcl_static_x64/fcl/include/fcl/broadphase/broadphase_continuous_collision_manager.h,local_only_file,old_sdk_backed_up_and_retired,,,,False
PrebuiltPackages/thirdparty/fcl_static_x64/fcl/include/fcl/broadphase/broadphase_dynamic_AABB_tree-inl.h,local_only_file,old_sdk_backed_up_and_retired,,,,False
PrebuiltPackages/thirdparty/fcl_static_x64/fcl/include/fcl/broadphase/broadphase_dynamic_AABB_tree.h,local_only_file,old_sdk_backed_up_and_retired,,,,False
PrebuiltPackages/thirdparty/fcl_static_x64/fcl/include/fcl/broadphase/broadphase_dynamic_AABB_tree_array-inl.h,local_only_file,old_sdk_backed_up_and_retired,,,,False
PrebuiltPackages/thirdparty/fcl_static_x64/fcl/include/fcl/broadphase/broadphase_dynamic_AABB_tree_array.h,local_only_file,old_sdk_backed_up_and_retired,,,,False
PrebuiltPackages/thirdparty/fcl_static_x64/fcl/include/fcl/broadphase/broadphase_interval_tree-inl.h,local_only_file,old_sdk_backed_up_and_retired,,,,False
PrebuiltPackages/thirdparty/fcl_static_x64/fcl/include/fcl/broadphase/broadphase_interval_tree.h,local_only_file,old_sdk_backed_up_and_retired,,,,False
PrebuiltPackages/thirdparty/fcl_static_x64/fcl/include/fcl/broadphase/broadphase_spatialhash-inl.h,local_only_file,old_sdk_backed_up_and_retired,,,,False
PrebuiltPackages/thirdparty/fcl_static_x64/fcl/include/fcl/broadphase/broadphase_spatialhash.h,local_only_file,old_sdk_backed_up_and_retired,,,,False
PrebuiltPackages/thirdparty/fcl_static_x64/fcl/include/fcl/broadphase/default_broadphase_callbacks.h,local_only_file,old_sdk_backed_up_and_retired,,,,False
PrebuiltPackages/thirdparty/fcl_static_x64/fcl/include/fcl/broadphase/detail/hierarchy_tree-inl.h,local_only_file,old_sdk_backed_up_and_retired,,,,False
PrebuiltPackages/thirdparty/fcl_static_x64/fcl/include/fcl/broadphase/detail/hierarchy_tree.h,local_only_file,old_sdk_backed_up_and_retired,,,,False
PrebuiltPackages/thirdparty/fcl_static_x64/fcl/include/fcl/broadphase/detail/hierarchy_tree_array-inl.h,local_only_file,old_sdk_backed_up_and_retired,,,,False
PrebuiltPackages/thirdparty/fcl_static_x64/fcl/include/fcl/broadphase/detail/hierarchy_tree_array.h,local_only_file,old_sdk_backed_up_and_retired,,,,False
PrebuiltPackages/thirdparty/fcl_static_x64/fcl/include/fcl/broadphase/detail/interval_tree-inl.h,local_only_file,old_sdk_backed_up_and_retired,,,,False
PrebuiltPackages/thirdparty/fcl_static_x64/fcl/include/fcl/broadphase/detail/interval_tree.h,local_only_file,old_sdk_backed_up_and_retired,,,,False
PrebuiltPackages/thirdparty/fcl_static_x64/fcl/include/fcl/broadphase/detail/interval_tree_node-inl.h,local_only_file,old_sdk_backed_up_and_retired,,,,False
PrebuiltPackages/thirdparty/fcl_static_x64/fcl/include/fcl/broadphase/detail/interval_tree_node.h,local_only_file,old_sdk_backed_up_and_retired,,,,False
PrebuiltPackages/thirdparty/fcl_static_x64/fcl/include/fcl/broadphase/detail/morton-inl.h,local_only_file,old_sdk_backed_up_and_retired,,,,False
PrebuiltPackages/thirdparty/fcl_static_x64/fcl/include/fcl/broadphase/detail/morton.h,local_only_file,old_sdk_backed_up_and_retired,,,,False
PrebuiltPackages/thirdparty/fcl_static_x64/fcl/include/fcl/broadphase/detail/node_base-inl.h,local_only_file,old_sdk_backed_up_and_retired,,,,False
PrebuiltPackages/thirdparty/fcl_static_x64/fcl/include/fcl/broadphase/detail/node_base.h,local_only_file,old_sdk_backed_up_and_retired,,,,False
PrebuiltPackages/thirdparty/fcl_static_x64/fcl/include/fcl/broadphase/detail/node_base_array-inl.h,local_only_file,old_sdk_backed_up_and_retired,,,,False
PrebuiltPackages/thirdparty/fcl_static_x64/fcl/include/fcl/broadphase/detail/node_base_array.h,local_only_file,old_sdk_backed_up_and_retired,,,,False
PrebuiltPackages/thirdparty/fcl_static_x64/fcl/include/fcl/broadphase/detail/simple_hash_table-inl.h,local_only_file,old_sdk_backed_up_and_retired,,,,False
PrebuiltPackages/thirdparty/fcl_static_x64/fcl/include/fcl/broadphase/detail/simple_hash_table.h,local_only_file,old_sdk_backed_up_and_retired,,,,False
PrebuiltPackages/thirdparty/fcl_static_x64/fcl/include/fcl/broadphase/detail/simple_interval-inl.h,local_only_file,old_sdk_backed_up_and_retired,,,,False
PrebuiltPackages/thirdparty/fcl_static_x64/fcl/include/fcl/broadphase/detail/simple_interval.h,local_only_file,old_sdk_backed_up_and_retired,,,,False
PrebuiltPackages/thirdparty/fcl_static_x64/fcl/include/fcl/broadphase/detail/sparse_hash_table-inl.h,local_only_file,old_sdk_backed_up_and_retired,,,,False
PrebuiltPackages/thirdparty/fcl_static_x64/fcl/include/fcl/broadphase/detail/sparse_hash_table.h,local_only_file,old_sdk_backed_up_and_retired,,,,False
PrebuiltPackages/thirdparty/fcl_static_x64/fcl/include/fcl/broadphase/detail/spatial_hash-inl.h,local_only_file,old_sdk_backed_up_and_retired,,,,False
PrebuiltPackages/thirdparty/fcl_static_x64/fcl/include/fcl/broadphase/detail/spatial_hash.h,local_only_file,old_sdk_backed_up_and_retired,,,,False
PrebuiltPackages/thirdparty/fcl_static_x64/fcl/include/fcl/common/detail/profiler.h,local_only_file,old_sdk_backed_up_and_retired,,,,False
PrebuiltPackages/thirdparty/fcl_static_x64/fcl/include/fcl/common/exception.h,local_only_file,old_sdk_backed_up_and_retired,,,,False
PrebuiltPackages/thirdparty/fcl_static_x64/fcl/include/fcl/common/profiler.h,local_only_file,old_sdk_backed_up_and_retired,,,,False
PrebuiltPackages/thirdparty/fcl_static_x64/fcl/include/fcl/common/time.h,local_only_file,old_sdk_backed_up_and_retired,,,,False
PrebuiltPackages/thirdparty/fcl_static_x64/fcl/include/fcl/common/types.h,local_only_file,old_sdk_backed_up_and_retired,,,,False
PrebuiltPackages/thirdparty/fcl_static_x64/fcl/include/fcl/common/unused.h,local_only_file,old_sdk_backed_up_and_retired,,,,False
PrebuiltPackages/thirdparty/fcl_static_x64/fcl/include/fcl/common/warning.h,local_only_file,old_sdk_backed_up_and_retired,,,,False
PrebuiltPackages/thirdparty/fcl_static_x64/fcl/include/fcl/config.h,local_only_file,old_sdk_backed_up_and_retired,,,,False
PrebuiltPackages/thirdparty/fcl_static_x64/fcl/include/fcl/export.h,local_only_file,old_sdk_backed_up_and_retired,,,,False
PrebuiltPackages/thirdparty/fcl_static_x64/fcl/include/fcl/fcl.h,local_only_file,old_sdk_backed_up_and_retired,,,,False
PrebuiltPackages/thirdparty/fcl_static_x64/fcl/include/fcl/geometry/bvh/BVH_internal.h,local_only_file,old_sdk_backed_up_and_retired,,,,False
PrebuiltPackages/thirdparty/fcl_static_x64/fcl/include/fcl/geometry/bvh/BVH_model-inl.h,local_only_file,old_sdk_backed_up_and_retired,,,,False
PrebuiltPackages/thirdparty/fcl_static_x64/fcl/include/fcl/geometry/bvh/BVH_model.h,local_only_file,old_sdk_backed_up_and_retired,,,,False
PrebuiltPackages/thirdparty/fcl_static_x64/fcl/include/fcl/geometry/bvh/BVH_utility-inl.h,local_only_file,old_sdk_backed_up_and_retired,,,,False
PrebuiltPackages/thirdparty/fcl_static_x64/fcl/include/fcl/geometry/bvh/BVH_utility.h,local_only_file,old_sdk_backed_up_and_retired,,,,False
PrebuiltPackages/thirdparty/fcl_static_x64/fcl/include/fcl/geometry/bvh/BV_node-inl.h,local_only_file,old_sdk_backed_up_and_retired,,,,False
PrebuiltPackages/thirdparty/fcl_static_x64/fcl/include/fcl/geometry/bvh/BV_node.h,local_only_file,old_sdk_backed_up_and_retired,,,,False
PrebuiltPackages/thirdparty/fcl_static_x64/fcl/include/fcl/geometry/bvh/BV_node_base.h,local_only_file,old_sdk_backed_up_and_retired,,,,False
PrebuiltPackages/thirdparty/fcl_static_x64/fcl/include/fcl/geometry/bvh/detail/BVH_front.h,local_only_file,old_sdk_backed_up_and_retired,,,,False
PrebuiltPackages/thirdparty/fcl_static_x64/fcl/include/fcl/geometry/bvh/detail/BV_fitter-inl.h,local_only_file,old_sdk_backed_up_and_retired,,,,False
PrebuiltPackages/thirdparty/fcl_static_x64/fcl/include/fcl/geometry/bvh/detail/BV_fitter.h,local_only_file,old_sdk_backed_up_and_retired,,,,False
PrebuiltPackages/thirdparty/fcl_static_x64/fcl/include/fcl/geometry/bvh/detail/BV_fitter_base.h,local_only_file,old_sdk_backed_up_and_retired,,,,False
PrebuiltPackages/thirdparty/fcl_static_x64/fcl/include/fcl/geometry/bvh/detail/BV_splitter-inl.h,local_only_file,old_sdk_backed_up_and_retired,,,,False
PrebuiltPackages/thirdparty/fcl_static_x64/fcl/include/fcl/geometry/bvh/detail/BV_splitter.h,local_only_file,old_sdk_backed_up_and_retired,,,,False
PrebuiltPackages/thirdparty/fcl_static_x64/fcl/include/fcl/geometry/bvh/detail/BV_splitter_base.h,local_only_file,old_sdk_backed_up_and_retired,,,,False
PrebuiltPackages/thirdparty/fcl_static_x64/fcl/include/fcl/geometry/collision_geometry-inl.h,local_only_file,old_sdk_backed_up_and_retired,,,,False
PrebuiltPackages/thirdparty/fcl_static_x64/fcl/include/fcl/geometry/collision_geometry.h,local_only_file,old_sdk_backed_up_and_retired,,,,False
PrebuiltPackages/thirdparty/fcl_static_x64/fcl/include/fcl/geometry/geometric_shape_to_BVH_model-inl.h,local_only_file,old_sdk_backed_up_and_retired,,,,False
PrebuiltPackages/thirdparty/fcl_static_x64/fcl/include/fcl/geometry/geometric_shape_to_BVH_model.h,local_only_file,old_sdk_backed_up_and_retired,,,,False
PrebuiltPackages/thirdparty/fcl_static_x64/fcl/include/fcl/geometry/octree/octree-inl.h,local_only_file,old_sdk_backed_up_and_retired,,,,False
PrebuiltPackages/thirdparty/fcl_static_x64/fcl/include/fcl/geometry/octree/octree.h,local_only_file,old_sdk_backed_up_and_retired,,,,False
PrebuiltPackages/thirdparty/fcl_static_x64/fcl/include/fcl/geometry/shape/box-inl.h,local_only_file,old_sdk_backed_up_and_retired,,,,False
PrebuiltPackages/thirdparty/fcl_static_x64/fcl/include/fcl/geometry/shape/box.h,local_only_file,old_sdk_backed_up_and_retired,,,,False
PrebuiltPackages/thirdparty/fcl_static_x64/fcl/include/fcl/geometry/shape/capsule-inl.h,local_only_file,old_sdk_backed_up_and_retired,,,,False
PrebuiltPackages/thirdparty/fcl_static_x64/fcl/include/fcl/geometry/shape/capsule.h,local_only_file,old_sdk_backed_up_and_retired,,,,False
PrebuiltPackages/thirdparty/fcl_static_x64/fcl/include/fcl/geometry/shape/cone-inl.h,local_only_file,old_sdk_backed_up_and_retired,,,,False
PrebuiltPackages/thirdparty/fcl_static_x64/fcl/include/fcl/geometry/shape/cone.h,local_only_file,old_sdk_backed_up_and_retired,,,,False
PrebuiltPackages/thirdparty/fcl_static_x64/fcl/include/fcl/geometry/shape/convex-inl.h,local_only_file,old_sdk_backed_up_and_retired,,,,False
PrebuiltPackages/thirdparty/fcl_static_x64/fcl/include/fcl/geometry/shape/convex.h,local_only_file,old_sdk_backed_up_and_retired,,,,False
PrebuiltPackages/thirdparty/fcl_static_x64/fcl/include/fcl/geometry/shape/cylinder-inl.h,local_only_file,old_sdk_backed_up_and_retired,,,,False
PrebuiltPackages/thirdparty/fcl_static_x64/fcl/include/fcl/geometry/shape/cylinder.h,local_only_file,old_sdk_backed_up_and_retired,,,,False
PrebuiltPackages/thirdparty/fcl_static_x64/fcl/include/fcl/geometry/shape/ellipsoid-inl.h,local_only_file,old_sdk_backed_up_and_retired,,,,False
PrebuiltPackages/thirdparty/fcl_static_x64/fcl/include/fcl/geometry/shape/ellipsoid.h,local_only_file,old_sdk_backed_up_and_retired,,,,False
PrebuiltPackages/thirdparty/fcl_static_x64/fcl/include/fcl/geometry/shape/halfspace-inl.h,local_only_file,old_sdk_backed_up_and_retired,,,,False
PrebuiltPackages/thirdparty/fcl_static_x64/fcl/include/fcl/geometry/shape/halfspace.h,local_only_file,old_sdk_backed_up_and_retired,,,,False
PrebuiltPackages/thirdparty/fcl_static_x64/fcl/include/fcl/geometry/shape/plane-inl.h,local_only_file,old_sdk_backed_up_and_retired,,,,False
PrebuiltPackages/thirdparty/fcl_static_x64/fcl/include/fcl/geometry/shape/plane.h,local_only_file,old_sdk_backed_up_and_retired,,,,False
PrebuiltPackages/thirdparty/fcl_static_x64/fcl/include/fcl/geometry/shape/shape_base-inl.h,local_only_file,old_sdk_backed_up_and_retired,,,,False
PrebuiltPackages/thirdparty/fcl_static_x64/fcl/include/fcl/geometry/shape/shape_base.h,local_only_file,old_sdk_backed_up_and_retired,,,,False
PrebuiltPackages/thirdparty/fcl_static_x64/fcl/include/fcl/geometry/shape/sphere-inl.h,local_only_file,old_sdk_backed_up_and_retired,,,,False
PrebuiltPackages/thirdparty/fcl_static_x64/fcl/include/fcl/geometry/shape/sphere.h,local_only_file,old_sdk_backed_up_and_retired,,,,False
PrebuiltPackages/thirdparty/fcl_static_x64/fcl/include/fcl/geometry/shape/triangle_p-inl.h,local_only_file,old_sdk_backed_up_and_retired,,,,False
PrebuiltPackages/thirdparty/fcl_static_x64/fcl/include/fcl/geometry/shape/triangle_p.h,local_only_file,old_sdk_backed_up_and_retired,,,,False
PrebuiltPackages/thirdparty/fcl_static_x64/fcl/include/fcl/geometry/shape/utility-inl.h,local_only_file,old_sdk_backed_up_and_retired,,,,False
PrebuiltPackages/thirdparty/fcl_static_x64/fcl/include/fcl/geometry/shape/utility.h,local_only_file,old_sdk_backed_up_and_retired,,,,False
PrebuiltPackages/thirdparty/fcl_static_x64/fcl/include/fcl/math/bv/AABB-inl.h,local_only_file,old_sdk_backed_up_and_retired,,,,False
PrebuiltPackages/thirdparty/fcl_static_x64/fcl/include/fcl/math/bv/AABB.h,local_only_file,old_sdk_backed_up_and_retired,,,,False
PrebuiltPackages/thirdparty/fcl_static_x64/fcl/include/fcl/math/bv/OBB-inl.h,local_only_file,old_sdk_backed_up_and_retired,,,,False
PrebuiltPackages/thirdparty/fcl_static_x64/fcl/include/fcl/math/bv/OBB.h,local_only_file,old_sdk_backed_up_and_retired,,,,False
PrebuiltPackages/thirdparty/fcl_static_x64/fcl/include/fcl/math/bv/OBBRSS-inl.h,local_only_file,old_sdk_backed_up_and_retired,,,,False
PrebuiltPackages/thirdparty/fcl_static_x64/fcl/include/fcl/math/bv/OBBRSS.h,local_only_file,old_sdk_backed_up_and_retired,,,,False
PrebuiltPackages/thirdparty/fcl_static_x64/fcl/include/fcl/math/bv/RSS-inl.h,local_only_file,old_sdk_backed_up_and_retired,,,,False
PrebuiltPackages/thirdparty/fcl_static_x64/fcl/include/fcl/math/bv/RSS.h,local_only_file,old_sdk_backed_up_and_retired,,,,False
PrebuiltPackages/thirdparty/fcl_static_x64/fcl/include/fcl/math/bv/kDOP-inl.h,local_only_file,old_sdk_backed_up_and_retired,,,,False
PrebuiltPackages/thirdparty/fcl_static_x64/fcl/include/fcl/math/bv/kDOP.h,local_only_file,old_sdk_backed_up_and_retired,,,,False
PrebuiltPackages/thirdparty/fcl_static_x64/fcl/include/fcl/math/bv/kIOS-inl.h,local_only_file,old_sdk_backed_up_and_retired,,,,False
PrebuiltPackages/thirdparty/fcl_static_x64/fcl/include/fcl/math/bv/kIOS.h,local_only_file,old_sdk_backed_up_and_retired,,,,False
PrebuiltPackages/thirdparty/fcl_static_x64/fcl/include/fcl/math/bv/utility-inl.h,local_only_file,old_sdk_backed_up_and_retired,,,,False
PrebuiltPackages/thirdparty/fcl_static_x64/fcl/include/fcl/math/bv/utility.h,local_only_file,old_sdk_backed_up_and_retired,,,,False
PrebuiltPackages/thirdparty/fcl_static_x64/fcl/include/fcl/math/constants.h,local_only_file,old_sdk_backed_up_and_retired,,,,False
PrebuiltPackages/thirdparty/fcl_static_x64/fcl/include/fcl/math/detail/polysolver-inl.h,local_only_file,old_sdk_backed_up_and_retired,,,,False
PrebuiltPackages/thirdparty/fcl_static_x64/fcl/include/fcl/math/detail/polysolver.h,local_only_file,old_sdk_backed_up_and_retired,,,,False
PrebuiltPackages/thirdparty/fcl_static_x64/fcl/include/fcl/math/detail/project-inl.h,local_only_file,old_sdk_backed_up_and_retired,,,,False
PrebuiltPackages/thirdparty/fcl_static_x64/fcl/include/fcl/math/detail/project.h,local_only_file,old_sdk_backed_up_and_retired,,,,False
PrebuiltPackages/thirdparty/fcl_static_x64/fcl/include/fcl/math/detail/seed.h,local_only_file,old_sdk_backed_up_and_retired,,,,False
PrebuiltPackages/thirdparty/fcl_static_x64/fcl/include/fcl/math/geometry-inl.h,local_only_file,old_sdk_backed_up_and_retired,,,,False
PrebuiltPackages/thirdparty/fcl_static_x64/fcl/include/fcl/math/geometry.h,local_only_file,old_sdk_backed_up_and_retired,,,,False
PrebuiltPackages/thirdparty/fcl_static_x64/fcl/include/fcl/math/motion/bv_motion_bound_visitor.h,local_only_file,old_sdk_backed_up_and_retired,,,,False
PrebuiltPackages/thirdparty/fcl_static_x64/fcl/include/fcl/math/motion/interp_motion-inl.h,local_only_file,old_sdk_backed_up_and_retired,,,,False
PrebuiltPackages/thirdparty/fcl_static_x64/fcl/include/fcl/math/motion/interp_motion.h,local_only_file,old_sdk_backed_up_and_retired,,,,False
PrebuiltPackages/thirdparty/fcl_static_x64/fcl/include/fcl/math/motion/motion_base-inl.h,local_only_file,old_sdk_backed_up_and_retired,,,,False
PrebuiltPackages/thirdparty/fcl_static_x64/fcl/include/fcl/math/motion/motion_base.h,local_only_file,old_sdk_backed_up_and_retired,,,,False
PrebuiltPackages/thirdparty/fcl_static_x64/fcl/include/fcl/math/motion/screw_motion-inl.h,local_only_file,old_sdk_backed_up_and_retired,,,,False
PrebuiltPackages/thirdparty/fcl_static_x64/fcl/include/fcl/math/motion/screw_motion.h,local_only_file,old_sdk_backed_up_and_retired,,,,False
PrebuiltPackages/thirdparty/fcl_static_x64/fcl/include/fcl/math/motion/spline_motion-inl.h,local_only_file,old_sdk_backed_up_and_retired,,,,False
PrebuiltPackages/thirdparty/fcl_static_x64/fcl/include/fcl/math/motion/spline_motion.h,local_only_file,old_sdk_backed_up_and_retired,,,,False
PrebuiltPackages/thirdparty/fcl_static_x64/fcl/include/fcl/math/motion/taylor_model/interval-inl.h,local_only_file,old_sdk_backed_up_and_retired,,,,False
PrebuiltPackages/thirdparty/fcl_static_x64/fcl/include/fcl/math/motion/taylor_model/interval.h,local_only_file,old_sdk_backed_up_and_retired,,,,False
PrebuiltPackages/thirdparty/fcl_static_x64/fcl/include/fcl/math/motion/taylor_model/interval_matrix-inl.h,local_only_file,old_sdk_backed_up_and_retired,,,,False
PrebuiltPackages/thirdparty/fcl_static_x64/fcl/include/fcl/math/motion/taylor_model/interval_matrix.h,local_only_file,old_sdk_backed_up_and_retired,,,,False
PrebuiltPackages/thirdparty/fcl_static_x64/fcl/include/fcl/math/motion/taylor_model/interval_vector-inl.h,local_only_file,old_sdk_backed_up_and_retired,,,,False
PrebuiltPackages/thirdparty/fcl_static_x64/fcl/include/fcl/math/motion/taylor_model/interval_vector.h,local_only_file,old_sdk_backed_up_and_retired,,,,False
PrebuiltPackages/thirdparty/fcl_static_x64/fcl/include/fcl/math/motion/taylor_model/taylor_matrix-inl.h,local_only_file,old_sdk_backed_up_and_retired,,,,False
PrebuiltPackages/thirdparty/fcl_static_x64/fcl/include/fcl/math/motion/taylor_model/taylor_matrix.h,local_only_file,old_sdk_backed_up_and_retired,,,,False
PrebuiltPackages/thirdparty/fcl_static_x64/fcl/include/fcl/math/motion/taylor_model/taylor_model-inl.h,local_only_file,old_sdk_backed_up_and_retired,,,,False
PrebuiltPackages/thirdparty/fcl_static_x64/fcl/include/fcl/math/motion/taylor_model/taylor_model.h,local_only_file,old_sdk_backed_up_and_retired,,,,False
PrebuiltPackages/thirdparty/fcl_static_x64/fcl/include/fcl/math/motion/taylor_model/taylor_vector-inl.h,local_only_file,old_sdk_backed_up_and_retired,,,,False
PrebuiltPackages/thirdparty/fcl_static_x64/fcl/include/fcl/math/motion/taylor_model/taylor_vector.h,local_only_file,old_sdk_backed_up_and_retired,,,,False
PrebuiltPackages/thirdparty/fcl_static_x64/fcl/include/fcl/math/motion/taylor_model/time_interval-inl.h,local_only_file,old_sdk_backed_up_and_retired,,,,False
PrebuiltPackages/thirdparty/fcl_static_x64/fcl/include/fcl/math/motion/taylor_model/time_interval.h,local_only_file,old_sdk_backed_up_and_retired,,,,False
PrebuiltPackages/thirdparty/fcl_static_x64/fcl/include/fcl/math/motion/tbv_motion_bound_visitor-inl.h,local_only_file,old_sdk_backed_up_and_retired,,,,False
PrebuiltPackages/thirdparty/fcl_static_x64/fcl/include/fcl/math/motion/tbv_motion_bound_visitor.h,local_only_file,old_sdk_backed_up_and_retired,,,,False
PrebuiltPackages/thirdparty/fcl_static_x64/fcl/include/fcl/math/motion/translation_motion-inl.h,local_only_file,old_sdk_backed_up_and_retired,,,,False
PrebuiltPackages/thirdparty/fcl_static_x64/fcl/include/fcl/math/motion/translation_motion.h,local_only_file,old_sdk_backed_up_and_retired,,,,False
PrebuiltPackages/thirdparty/fcl_static_x64/fcl/include/fcl/math/motion/triangle_motion_bound_visitor-inl.h,local_only_file,old_sdk_backed_up_and_retired,,,,False
PrebuiltPackages/thirdparty/fcl_static_x64/fcl/include/fcl/math/motion/triangle_motion_bound_visitor.h,local_only_file,old_sdk_backed_up_and_retired,,,,False
PrebuiltPackages/thirdparty/fcl_static_x64/fcl/include/fcl/math/rng-inl.h,local_only_file,old_sdk_backed_up_and_retired,,,,False
PrebuiltPackages/thirdparty/fcl_static_x64/fcl/include/fcl/math/rng.h,local_only_file,old_sdk_backed_up_and_retired,,,,False
PrebuiltPackages/thirdparty/fcl_static_x64/fcl/include/fcl/math/sampler/sampler_base.h,local_only_file,old_sdk_backed_up_and_retired,,,,False
PrebuiltPackages/thirdparty/fcl_static_x64/fcl/include/fcl/math/sampler/sampler_r-inl.h,local_only_file,old_sdk_backed_up_and_retired,,,,False
PrebuiltPackages/thirdparty/fcl_static_x64/fcl/include/fcl/math/sampler/sampler_r.h,local_only_file,old_sdk_backed_up_and_retired,,,,False
PrebuiltPackages/thirdparty/fcl_static_x64/fcl/include/fcl/math/sampler/sampler_se2-inl.h,local_only_file,old_sdk_backed_up_and_retired,,,,False
PrebuiltPackages/thirdparty/fcl_static_x64/fcl/include/fcl/math/sampler/sampler_se2.h,local_only_file,old_sdk_backed_up_and_retired,,,,False
PrebuiltPackages/thirdparty/fcl_static_x64/fcl/include/fcl/math/sampler/sampler_se2_disk-inl.h,local_only_file,old_sdk_backed_up_and_retired,,,,False
PrebuiltPackages/thirdparty/fcl_static_x64/fcl/include/fcl/math/sampler/sampler_se2_disk.h,local_only_file,old_sdk_backed_up_and_retired,,,,False
PrebuiltPackages/thirdparty/fcl_static_x64/fcl/include/fcl/math/sampler/sampler_se3_euler-inl.h,local_only_file,old_sdk_backed_up_and_retired,,,,False
PrebuiltPackages/thirdparty/fcl_static_x64/fcl/include/fcl/math/sampler/sampler_se3_euler.h,local_only_file,old_sdk_backed_up_and_retired,,,,False
PrebuiltPackages/thirdparty/fcl_static_x64/fcl/include/fcl/math/sampler/sampler_se3_euler_ball-inl.h,local_only_file,old_sdk_backed_up_and_retired,,,,False
PrebuiltPackages/thirdparty/fcl_static_x64/fcl/include/fcl/math/sampler/sampler_se3_euler_ball.h,local_only_file,old_sdk_backed_up_and_retired,,,,False
PrebuiltPackages/thirdparty/fcl_static_x64/fcl/include/fcl/math/sampler/sampler_se3_quat-inl.h,local_only_file,old_sdk_backed_up_and_retired,,,,False
PrebuiltPackages/thirdparty/fcl_static_x64/fcl/include/fcl/math/sampler/sampler_se3_quat.h,local_only_file,old_sdk_backed_up_and_retired,,,,False
PrebuiltPackages/thirdparty/fcl_static_x64/fcl/include/fcl/math/sampler/sampler_se3_quat_ball-inl.h,local_only_file,old_sdk_backed_up_and_retired,,,,False
PrebuiltPackages/thirdparty/fcl_static_x64/fcl/include/fcl/math/sampler/sampler_se3_quat_ball.h,local_only_file,old_sdk_backed_up_and_retired,,,,False
PrebuiltPackages/thirdparty/fcl_static_x64/fcl/include/fcl/math/triangle.h,local_only_file,old_sdk_backed_up_and_retired,,,,False
PrebuiltPackages/thirdparty/fcl_static_x64/fcl/include/fcl/math/variance3-inl.h,local_only_file,old_sdk_backed_up_and_retired,,,,False
PrebuiltPackages/thirdparty/fcl_static_x64/fcl/include/fcl/math/variance3.h,local_only_file,old_sdk_backed_up_and_retired,,,,False
PrebuiltPackages/thirdparty/fcl_static_x64/fcl/include/fcl/narrowphase/collision-inl.h,local_only_file,old_sdk_backed_up_and_retired,,,,False
PrebuiltPackages/thirdparty/fcl_static_x64/fcl/include/fcl/narrowphase/collision.h,local_only_file,old_sdk_backed_up_and_retired,,,,False
PrebuiltPackages/thirdparty/fcl_static_x64/fcl/include/fcl/narrowphase/collision_object-inl.h,local_only_file,old_sdk_backed_up_and_retired,,,,False
PrebuiltPackages/thirdparty/fcl_static_x64/fcl/include/fcl/narrowphase/collision_object.h,local_only_file,old_sdk_backed_up_and_retired,,,,False
PrebuiltPackages/thirdparty/fcl_static_x64/fcl/include/fcl/narrowphase/collision_request-inl.h,local_only_file,old_sdk_backed_up_and_retired,,,,False
PrebuiltPackages/thirdparty/fcl_static_x64/fcl/include/fcl/narrowphase/collision_request.h,local_only_file,old_sdk_backed_up_and_retired,,,,False
PrebuiltPackages/thirdparty/fcl_static_x64/fcl/include/fcl/narrowphase/collision_result-inl.h,local_only_file,old_sdk_backed_up_and_retired,,,,False
PrebuiltPackages/thirdparty/fcl_static_x64/fcl/include/fcl/narrowphase/collision_result.h,local_only_file,old_sdk_backed_up_and_retired,,,,False
PrebuiltPackages/thirdparty/fcl_static_x64/fcl/include/fcl/narrowphase/contact-inl.h,local_only_file,old_sdk_backed_up_and_retired,,,,False
PrebuiltPackages/thirdparty/fcl_static_x64/fcl/include/fcl/narrowphase/contact.h,local_only_file,old_sdk_backed_up_and_retired,,,,False
PrebuiltPackages/thirdparty/fcl_static_x64/fcl/include/fcl/narrowphase/contact_point-inl.h,local_only_file,old_sdk_backed_up_and_retired,,,,False
PrebuiltPackages/thirdparty/fcl_static_x64/fcl/include/fcl/narrowphase/contact_point.h,local_only_file,old_sdk_backed_up_and_retired,,,,False
PrebuiltPackages/thirdparty/fcl_static_x64/fcl/include/fcl/narrowphase/continuous_collision-inl.h,local_only_file,old_sdk_backed_up_and_retired,,,,False
PrebuiltPackages/thirdparty/fcl_static_x64/fcl/include/fcl/narrowphase/continuous_collision.h,local_only_file,old_sdk_backed_up_and_retired,,,,False
PrebuiltPackages/thirdparty/fcl_static_x64/fcl/include/fcl/narrowphase/continuous_collision_object-inl.h,local_only_file,old_sdk_backed_up_and_retired,,,,False
PrebuiltPackages/thirdparty/fcl_static_x64/fcl/include/fcl/narrowphase/continuous_collision_object.h,local_only_file,old_sdk_backed_up_and_retired,,,,False
PrebuiltPackages/thirdparty/fcl_static_x64/fcl/include/fcl/narrowphase/continuous_collision_request-inl.h,local_only_file,old_sdk_backed_up_and_retired,,,,False
PrebuiltPackages/thirdparty/fcl_static_x64/fcl/include/fcl/narrowphase/continuous_collision_request.h,local_only_file,old_sdk_backed_up_and_retired,,,,False
PrebuiltPackages/thirdparty/fcl_static_x64/fcl/include/fcl/narrowphase/continuous_collision_result-inl.h,local_only_file,old_sdk_backed_up_and_retired,,,,False
PrebuiltPackages/thirdparty/fcl_static_x64/fcl/include/fcl/narrowphase/continuous_collision_result.h,local_only_file,old_sdk_backed_up_and_retired,,,,False
PrebuiltPackages/thirdparty/fcl_static_x64/fcl/include/fcl/narrowphase/cost_source-inl.h,local_only_file,old_sdk_backed_up_and_retired,,,,False
PrebuiltPackages/thirdparty/fcl_static_x64/fcl/include/fcl/narrowphase/cost_source.h,local_only_file,old_sdk_backed_up_and_retired,,,,False
PrebuiltPackages/thirdparty/fcl_static_x64/fcl/include/fcl/narrowphase/detail/collision_func_matrix-inl.h,local_only_file,old_sdk_backed_up_and_retired,,,,False
PrebuiltPackages/thirdparty/fcl_static_x64/fcl/include/fcl/narrowphase/detail/collision_func_matrix.h,local_only_file,old_sdk_backed_up_and_retired,,,,False
PrebuiltPackages/thirdparty/fcl_static_x64/fcl/include/fcl/narrowphase/detail/conservative_advancement_func_matrix-inl.h,local_only_file,old_sdk_backed_up_and_retired,,,,False
PrebuiltPackages/thirdparty/fcl_static_x64/fcl/include/fcl/narrowphase/detail/conservative_advancement_func_matrix.h,local_only_file,old_sdk_backed_up_and_retired,,,,False
PrebuiltPackages/thirdparty/fcl_static_x64/fcl/include/fcl/narrowphase/detail/convexity_based_algorithm/alloc.h,local_only_file,old_sdk_backed_up_and_retired,,,,False
PrebuiltPackages/thirdparty/fcl_static_x64/fcl/include/fcl/narrowphase/detail/convexity_based_algorithm/epa-inl.h,local_only_file,old_sdk_backed_up_and_retired,,,,False
PrebuiltPackages/thirdparty/fcl_static_x64/fcl/include/fcl/narrowphase/detail/convexity_based_algorithm/epa.h,local_only_file,old_sdk_backed_up_and_retired,,,,False
PrebuiltPackages/thirdparty/fcl_static_x64/fcl/include/fcl/narrowphase/detail/convexity_based_algorithm/gjk-inl.h,local_only_file,old_sdk_backed_up_and_retired,,,,False
PrebuiltPackages/thirdparty/fcl_static_x64/fcl/include/fcl/narrowphase/detail/convexity_based_algorithm/gjk.h,local_only_file,old_sdk_backed_up_and_retired,,,,False
PrebuiltPackages/thirdparty/fcl_static_x64/fcl/include/fcl/narrowphase/detail/convexity_based_algorithm/gjk_libccd-inl.h,local_only_file,old_sdk_backed_up_and_retired,,,,False
PrebuiltPackages/thirdparty/fcl_static_x64/fcl/include/fcl/narrowphase/detail/convexity_based_algorithm/gjk_libccd.h,local_only_file,old_sdk_backed_up_and_retired,,,,False
PrebuiltPackages/thirdparty/fcl_static_x64/fcl/include/fcl/narrowphase/detail/convexity_based_algorithm/list.h,local_only_file,old_sdk_backed_up_and_retired,,,,False
PrebuiltPackages/thirdparty/fcl_static_x64/fcl/include/fcl/narrowphase/detail/convexity_based_algorithm/minkowski_diff-inl.h,local_only_file,old_sdk_backed_up_and_retired,,,,False
PrebuiltPackages/thirdparty/fcl_static_x64/fcl/include/fcl/narrowphase/detail/convexity_based_algorithm/minkowski_diff.h,local_only_file,old_sdk_backed_up_and_retired,,,,False
PrebuiltPackages/thirdparty/fcl_static_x64/fcl/include/fcl/narrowphase/detail/convexity_based_algorithm/polytope.h,local_only_file,old_sdk_backed_up_and_retired,,,,False
PrebuiltPackages/thirdparty/fcl_static_x64/fcl/include/fcl/narrowphase/detail/convexity_based_algorithm/simplex.h,local_only_file,old_sdk_backed_up_and_retired,,,,False
PrebuiltPackages/thirdparty/fcl_static_x64/fcl/include/fcl/narrowphase/detail/convexity_based_algorithm/support.h,local_only_file,old_sdk_backed_up_and_retired,,,,False
PrebuiltPackages/thirdparty/fcl_static_x64/fcl/include/fcl/narrowphase/detail/distance_func_matrix-inl.h,local_only_file,old_sdk_backed_up_and_retired,,,,False
PrebuiltPackages/thirdparty/fcl_static_x64/fcl/include/fcl/narrowphase/detail/distance_func_matrix.h,local_only_file,old_sdk_backed_up_and_retired,,,,False
PrebuiltPackages/thirdparty/fcl_static_x64/fcl/include/fcl/narrowphase/detail/failed_at_this_configuration.h,local_only_file,old_sdk_backed_up_and_retired,,,,False
PrebuiltPackages/thirdparty/fcl_static_x64/fcl/include/fcl/narrowphase/detail/gjk_solver_indep-inl.h,local_only_file,old_sdk_backed_up_and_retired,,,,False
PrebuiltPackages/thirdparty/fcl_static_x64/fcl/include/fcl/narrowphase/detail/gjk_solver_indep.h,local_only_file,old_sdk_backed_up_and_retired,,,,False
PrebuiltPackages/thirdparty/fcl_static_x64/fcl/include/fcl/narrowphase/detail/gjk_solver_libccd-inl.h,local_only_file,old_sdk_backed_up_and_retired,,,,False
PrebuiltPackages/thirdparty/fcl_static_x64/fcl/include/fcl/narrowphase/detail/gjk_solver_libccd.h,local_only_file,old_sdk_backed_up_and_retired,,,,False
PrebuiltPackages/thirdparty/fcl_static_x64/fcl/include/fcl/narrowphase/detail/primitive_shape_algorithm/box_box-inl.h,local_only_file,old_sdk_backed_up_and_retired,,,,False
PrebuiltPackages/thirdparty/fcl_static_x64/fcl/include/fcl/narrowphase/detail/primitive_shape_algorithm/box_box.h,local_only_file,old_sdk_backed_up_and_retired,,,,False
PrebuiltPackages/thirdparty/fcl_static_x64/fcl/include/fcl/narrowphase/detail/primitive_shape_algorithm/capsule_capsule-inl.h,local_only_file,old_sdk_backed_up_and_retired,,,,False
PrebuiltPackages/thirdparty/fcl_static_x64/fcl/include/fcl/narrowphase/detail/primitive_shape_algorithm/capsule_capsule.h,local_only_file,old_sdk_backed_up_and_retired,,,,False
PrebuiltPackages/thirdparty/fcl_static_x64/fcl/include/fcl/narrowphase/detail/primitive_shape_algorithm/halfspace-inl.h,local_only_file,old_sdk_backed_up_and_retired,,,,False
PrebuiltPackages/thirdparty/fcl_static_x64/fcl/include/fcl/narrowphase/detail/primitive_shape_algorithm/halfspace.h,local_only_file,old_sdk_backed_up_and_retired,,,,False
PrebuiltPackages/thirdparty/fcl_static_x64/fcl/include/fcl/narrowphase/detail/primitive_shape_algorithm/plane-inl.h,local_only_file,old_sdk_backed_up_and_retired,,,,False
PrebuiltPackages/thirdparty/fcl_static_x64/fcl/include/fcl/narrowphase/detail/primitive_shape_algorithm/plane.h,local_only_file,old_sdk_backed_up_and_retired,,,,False
PrebuiltPackages/thirdparty/fcl_static_x64/fcl/include/fcl/narrowphase/detail/primitive_shape_algorithm/sphere_box-inl.h,local_only_file,old_sdk_backed_up_and_retired,,,,False
PrebuiltPackages/thirdparty/fcl_static_x64/fcl/include/fcl/narrowphase/detail/primitive_shape_algorithm/sphere_box.h,local_only_file,old_sdk_backed_up_and_retired,,,,False
PrebuiltPackages/thirdparty/fcl_static_x64/fcl/include/fcl/narrowphase/detail/primitive_shape_algorithm/sphere_capsule-inl.h,local_only_file,old_sdk_backed_up_and_retired,,,,False
PrebuiltPackages/thirdparty/fcl_static_x64/fcl/include/fcl/narrowphase/detail/primitive_shape_algorithm/sphere_capsule.h,local_only_file,old_sdk_backed_up_and_retired,,,,False
PrebuiltPackages/thirdparty/fcl_static_x64/fcl/include/fcl/narrowphase/detail/primitive_shape_algorithm/sphere_cylinder-inl.h,local_only_file,old_sdk_backed_up_and_retired,,,,False
PrebuiltPackages/thirdparty/fcl_static_x64/fcl/include/fcl/narrowphase/detail/primitive_shape_algorithm/sphere_cylinder.h,local_only_file,old_sdk_backed_up_and_retired,,,,False
PrebuiltPackages/thirdparty/fcl_static_x64/fcl/include/fcl/narrowphase/detail/primitive_shape_algorithm/sphere_sphere-inl.h,local_only_file,old_sdk_backed_up_and_retired,,,,False
PrebuiltPackages/thirdparty/fcl_static_x64/fcl/include/fcl/narrowphase/detail/primitive_shape_algorithm/sphere_sphere.h,local_only_file,old_sdk_backed_up_and_retired,,,,False
PrebuiltPackages/thirdparty/fcl_static_x64/fcl/include/fcl/narrowphase/detail/primitive_shape_algorithm/sphere_triangle-inl.h,local_only_file,old_sdk_backed_up_and_retired,,,,False
PrebuiltPackages/thirdparty/fcl_static_x64/fcl/include/fcl/narrowphase/detail/primitive_shape_algorithm/sphere_triangle.h,local_only_file,old_sdk_backed_up_and_retired,,,,False
PrebuiltPackages/thirdparty/fcl_static_x64/fcl/include/fcl/narrowphase/detail/primitive_shape_algorithm/triangle_distance-inl.h,local_only_file,old_sdk_backed_up_and_retired,,,,False
PrebuiltPackages/thirdparty/fcl_static_x64/fcl/include/fcl/narrowphase/detail/primitive_shape_algorithm/triangle_distance.h,local_only_file,old_sdk_backed_up_and_retired,,,,False
PrebuiltPackages/thirdparty/fcl_static_x64/fcl/include/fcl/narrowphase/detail/traversal/collision/bvh_collision_traversal_node-inl.h,local_only_file,old_sdk_backed_up_and_retired,,,,False
PrebuiltPackages/thirdparty/fcl_static_x64/fcl/include/fcl/narrowphase/detail/traversal/collision/bvh_collision_traversal_node.h,local_only_file,old_sdk_backed_up_and_retired,,,,False
PrebuiltPackages/thirdparty/fcl_static_x64/fcl/include/fcl/narrowphase/detail/traversal/collision/bvh_shape_collision_traversal_node-inl.h,local_only_file,old_sdk_backed_up_and_retired,,,,False
PrebuiltPackages/thirdparty/fcl_static_x64/fcl/include/fcl/narrowphase/detail/traversal/collision/bvh_shape_collision_traversal_node.h,local_only_file,old_sdk_backed_up_and_retired,,,,False
PrebuiltPackages/thirdparty/fcl_static_x64/fcl/include/fcl/narrowphase/detail/traversal/collision/collision_traversal_node_base-inl.h,local_only_file,old_sdk_backed_up_and_retired,,,,False
PrebuiltPackages/thirdparty/fcl_static_x64/fcl/include/fcl/narrowphase/detail/traversal/collision/collision_traversal_node_base.h,local_only_file,old_sdk_backed_up_and_retired,,,,False
PrebuiltPackages/thirdparty/fcl_static_x64/fcl/include/fcl/narrowphase/detail/traversal/collision/intersect-inl.h,local_only_file,old_sdk_backed_up_and_retired,,,,False
PrebuiltPackages/thirdparty/fcl_static_x64/fcl/include/fcl/narrowphase/detail/traversal/collision/intersect.h,local_only_file,old_sdk_backed_up_and_retired,,,,False
PrebuiltPackages/thirdparty/fcl_static_x64/fcl/include/fcl/narrowphase/detail/traversal/collision/mesh_collision_traversal_node-inl.h,local_only_file,old_sdk_backed_up_and_retired,,,,False
PrebuiltPackages/thirdparty/fcl_static_x64/fcl/include/fcl/narrowphase/detail/traversal/collision/mesh_collision_traversal_node.h,local_only_file,old_sdk_backed_up_and_retired,,,,False
PrebuiltPackages/thirdparty/fcl_static_x64/fcl/include/fcl/narrowphase/detail/traversal/collision/mesh_continuous_collision_traversal_node-inl.h,local_only_file,old_sdk_backed_up_and_retired,,,,False
PrebuiltPackages/thirdparty/fcl_static_x64/fcl/include/fcl/narrowphase/detail/traversal/collision/mesh_continuous_collision_traversal_node.h,local_only_file,old_sdk_backed_up_and_retired,,,,False
PrebuiltPackages/thirdparty/fcl_static_x64/fcl/include/fcl/narrowphase/detail/traversal/collision/mesh_shape_collision_traversal_node-inl.h,local_only_file,old_sdk_backed_up_and_retired,,,,False
PrebuiltPackages/thirdparty/fcl_static_x64/fcl/include/fcl/narrowphase/detail/traversal/collision/mesh_shape_collision_traversal_node.h,local_only_file,old_sdk_backed_up_and_retired,,,,False
PrebuiltPackages/thirdparty/fcl_static_x64/fcl/include/fcl/narrowphase/detail/traversal/collision/shape_bvh_collision_traversal_node-inl.h,local_only_file,old_sdk_backed_up_and_retired,,,,False
PrebuiltPackages/thirdparty/fcl_static_x64/fcl/include/fcl/narrowphase/detail/traversal/collision/shape_bvh_collision_traversal_node.h,local_only_file,old_sdk_backed_up_and_retired,,,,False
PrebuiltPackages/thirdparty/fcl_static_x64/fcl/include/fcl/narrowphase/detail/traversal/collision/shape_collision_traversal_node-inl.h,local_only_file,old_sdk_backed_up_and_retired,,,,False
PrebuiltPackages/thirdparty/fcl_static_x64/fcl/include/fcl/narrowphase/detail/traversal/collision/shape_collision_traversal_node.h,local_only_file,old_sdk_backed_up_and_retired,,,,False
PrebuiltPackages/thirdparty/fcl_static_x64/fcl/include/fcl/narrowphase/detail/traversal/collision/shape_mesh_collision_traversal_node-inl.h,local_only_file,old_sdk_backed_up_and_retired,,,,False
PrebuiltPackages/thirdparty/fcl_static_x64/fcl/include/fcl/narrowphase/detail/traversal/collision/shape_mesh_collision_traversal_node.h,local_only_file,old_sdk_backed_up_and_retired,,,,False
PrebuiltPackages/thirdparty/fcl_static_x64/fcl/include/fcl/narrowphase/detail/traversal/collision_node-inl.h,local_only_file,old_sdk_backed_up_and_retired,,,,False
PrebuiltPackages/thirdparty/fcl_static_x64/fcl/include/fcl/narrowphase/detail/traversal/collision_node.h,local_only_file,old_sdk_backed_up_and_retired,,,,False
PrebuiltPackages/thirdparty/fcl_static_x64/fcl/include/fcl/narrowphase/detail/traversal/distance/bvh_distance_traversal_node-inl.h,local_only_file,old_sdk_backed_up_and_retired,,,,False
PrebuiltPackages/thirdparty/fcl_static_x64/fcl/include/fcl/narrowphase/detail/traversal/distance/bvh_distance_traversal_node.h,local_only_file,old_sdk_backed_up_and_retired,,,,False
PrebuiltPackages/thirdparty/fcl_static_x64/fcl/include/fcl/narrowphase/detail/traversal/distance/bvh_shape_distance_traversal_node-inl.h,local_only_file,old_sdk_backed_up_and_retired,,,,False
PrebuiltPackages/thirdparty/fcl_static_x64/fcl/include/fcl/narrowphase/detail/traversal/distance/bvh_shape_distance_traversal_node.h,local_only_file,old_sdk_backed_up_and_retired,,,,False
PrebuiltPackages/thirdparty/fcl_static_x64/fcl/include/fcl/narrowphase/detail/traversal/distance/conservative_advancement_stack_data-inl.h,local_only_file,old_sdk_backed_up_and_retired,,,,False
PrebuiltPackages/thirdparty/fcl_static_x64/fcl/include/fcl/narrowphase/detail/traversal/distance/conservative_advancement_stack_data.h,local_only_file,old_sdk_backed_up_and_retired,,,,False
PrebuiltPackages/thirdparty/fcl_static_x64/fcl/include/fcl/narrowphase/detail/traversal/distance/distance_traversal_node_base-inl.h,local_only_file,old_sdk_backed_up_and_retired,,,,False
PrebuiltPackages/thirdparty/fcl_static_x64/fcl/include/fcl/narrowphase/detail/traversal/distance/distance_traversal_node_base.h,local_only_file,old_sdk_backed_up_and_retired,,,,False
PrebuiltPackages/thirdparty/fcl_static_x64/fcl/include/fcl/narrowphase/detail/traversal/distance/mesh_conservative_advancement_traversal_node-inl.h,local_only_file,old_sdk_backed_up_and_retired,,,,False
PrebuiltPackages/thirdparty/fcl_static_x64/fcl/include/fcl/narrowphase/detail/traversal/distance/mesh_conservative_advancement_traversal_node.h,local_only_file,old_sdk_backed_up_and_retired,,,,False
PrebuiltPackages/thirdparty/fcl_static_x64/fcl/include/fcl/narrowphase/detail/traversal/distance/mesh_distance_traversal_node-inl.h,local_only_file,old_sdk_backed_up_and_retired,,,,False
PrebuiltPackages/thirdparty/fcl_static_x64/fcl/include/fcl/narrowphase/detail/traversal/distance/mesh_distance_traversal_node.h,local_only_file,old_sdk_backed_up_and_retired,,,,False
PrebuiltPackages/thirdparty/fcl_static_x64/fcl/include/fcl/narrowphase/detail/traversal/distance/mesh_shape_conservative_advancement_traversal_node-inl.h,local_only_file,old_sdk_backed_up_and_retired,,,,False
PrebuiltPackages/thirdparty/fcl_static_x64/fcl/include/fcl/narrowphase/detail/traversal/distance/mesh_shape_conservative_advancement_traversal_node.h,local_only_file,old_sdk_backed_up_and_retired,,,,False
PrebuiltPackages/thirdparty/fcl_static_x64/fcl/include/fcl/narrowphase/detail/traversal/distance/mesh_shape_distance_traversal_node-inl.h,local_only_file,old_sdk_backed_up_and_retired,,,,False
PrebuiltPackages/thirdparty/fcl_static_x64/fcl/include/fcl/narrowphase/detail/traversal/distance/mesh_shape_distance_traversal_node.h,local_only_file,old_sdk_backed_up_and_retired,,,,False
PrebuiltPackages/thirdparty/fcl_static_x64/fcl/include/fcl/narrowphase/detail/traversal/distance/shape_bvh_distance_traversal_node-inl.h,local_only_file,old_sdk_backed_up_and_retired,,,,False
PrebuiltPackages/thirdparty/fcl_static_x64/fcl/include/fcl/narrowphase/detail/traversal/distance/shape_bvh_distance_traversal_node.h,local_only_file,old_sdk_backed_up_and_retired,,,,False
PrebuiltPackages/thirdparty/fcl_static_x64/fcl/include/fcl/narrowphase/detail/traversal/distance/shape_conservative_advancement_traversal_node-inl.h,local_only_file,old_sdk_backed_up_and_retired,,,,False
PrebuiltPackages/thirdparty/fcl_static_x64/fcl/include/fcl/narrowphase/detail/traversal/distance/shape_conservative_advancement_traversal_node.h,local_only_file,old_sdk_backed_up_and_retired,,,,False
PrebuiltPackages/thirdparty/fcl_static_x64/fcl/include/fcl/narrowphase/detail/traversal/distance/shape_distance_traversal_node-inl.h,local_only_file,old_sdk_backed_up_and_retired,,,,False
PrebuiltPackages/thirdparty/fcl_static_x64/fcl/include/fcl/narrowphase/detail/traversal/distance/shape_distance_traversal_node.h,local_only_file,old_sdk_backed_up_and_retired,,,,False
PrebuiltPackages/thirdparty/fcl_static_x64/fcl/include/fcl/narrowphase/detail/traversal/distance/shape_mesh_conservative_advancement_traversal_node-inl.h,local_only_file,old_sdk_backed_up_and_retired,,,,False
PrebuiltPackages/thirdparty/fcl_static_x64/fcl/include/fcl/narrowphase/detail/traversal/distance/shape_mesh_conservative_advancement_traversal_node.h,local_only_file,old_sdk_backed_up_and_retired,,,,False
PrebuiltPackages/thirdparty/fcl_static_x64/fcl/include/fcl/narrowphase/detail/traversal/distance/shape_mesh_distance_traversal_node-inl.h,local_only_file,old_sdk_backed_up_and_retired,,,,False
PrebuiltPackages/thirdparty/fcl_static_x64/fcl/include/fcl/narrowphase/detail/traversal/distance/shape_mesh_distance_traversal_node.h,local_only_file,old_sdk_backed_up_and_retired,,,,False
PrebuiltPackages/thirdparty/fcl_static_x64/fcl/include/fcl/narrowphase/detail/traversal/octree/collision/mesh_octree_collision_traversal_node-inl.h,local_only_file,old_sdk_backed_up_and_retired,,,,False
PrebuiltPackages/thirdparty/fcl_static_x64/fcl/include/fcl/narrowphase/detail/traversal/octree/collision/mesh_octree_collision_traversal_node.h,local_only_file,old_sdk_backed_up_and_retired,,,,False
PrebuiltPackages/thirdparty/fcl_static_x64/fcl/include/fcl/narrowphase/detail/traversal/octree/collision/octree_collision_traversal_node-inl.h,local_only_file,old_sdk_backed_up_and_retired,,,,False
PrebuiltPackages/thirdparty/fcl_static_x64/fcl/include/fcl/narrowphase/detail/traversal/octree/collision/octree_collision_traversal_node.h,local_only_file,old_sdk_backed_up_and_retired,,,,False
PrebuiltPackages/thirdparty/fcl_static_x64/fcl/include/fcl/narrowphase/detail/traversal/octree/collision/octree_mesh_collision_traversal_node-inl.h,local_only_file,old_sdk_backed_up_and_retired,,,,False
PrebuiltPackages/thirdparty/fcl_static_x64/fcl/include/fcl/narrowphase/detail/traversal/octree/collision/octree_mesh_collision_traversal_node.h,local_only_file,old_sdk_backed_up_and_retired,,,,False
PrebuiltPackages/thirdparty/fcl_static_x64/fcl/include/fcl/narrowphase/detail/traversal/octree/collision/octree_shape_collision_traversal_node-inl.h,local_only_file,old_sdk_backed_up_and_retired,,,,False
PrebuiltPackages/thirdparty/fcl_static_x64/fcl/include/fcl/narrowphase/detail/traversal/octree/collision/octree_shape_collision_traversal_node.h,local_only_file,old_sdk_backed_up_and_retired,,,,False
PrebuiltPackages/thirdparty/fcl_static_x64/fcl/include/fcl/narrowphase/detail/traversal/octree/collision/shape_octree_collision_traversal_node-inl.h,local_only_file,old_sdk_backed_up_and_retired,,,,False
PrebuiltPackages/thirdparty/fcl_static_x64/fcl/include/fcl/narrowphase/detail/traversal/octree/collision/shape_octree_collision_traversal_node.h,local_only_file,old_sdk_backed_up_and_retired,,,,False
PrebuiltPackages/thirdparty/fcl_static_x64/fcl/include/fcl/narrowphase/detail/traversal/octree/distance/mesh_octree_distance_traversal_node-inl.h,local_only_file,old_sdk_backed_up_and_retired,,,,False
PrebuiltPackages/thirdparty/fcl_static_x64/fcl/include/fcl/narrowphase/detail/traversal/octree/distance/mesh_octree_distance_traversal_node.h,local_only_file,old_sdk_backed_up_and_retired,,,,False
PrebuiltPackages/thirdparty/fcl_static_x64/fcl/include/fcl/narrowphase/detail/traversal/octree/distance/octree_distance_traversal_node-inl.h,local_only_file,old_sdk_backed_up_and_retired,,,,False
PrebuiltPackages/thirdparty/fcl_static_x64/fcl/include/fcl/narrowphase/detail/traversal/octree/distance/octree_distance_traversal_node.h,local_only_file,old_sdk_backed_up_and_retired,,,,False
PrebuiltPackages/thirdparty/fcl_static_x64/fcl/include/fcl/narrowphase/detail/traversal/octree/distance/octree_mesh_distance_traversal_node-inl.h,local_only_file,old_sdk_backed_up_and_retired,,,,False
PrebuiltPackages/thirdparty/fcl_static_x64/fcl/include/fcl/narrowphase/detail/traversal/octree/distance/octree_mesh_distance_traversal_node.h,local_only_file,old_sdk_backed_up_and_retired,,,,False
PrebuiltPackages/thirdparty/fcl_static_x64/fcl/include/fcl/narrowphase/detail/traversal/octree/distance/octree_shape_distance_traversal_node-inl.h,local_only_file,old_sdk_backed_up_and_retired,,,,False
PrebuiltPackages/thirdparty/fcl_static_x64/fcl/include/fcl/narrowphase/detail/traversal/octree/distance/octree_shape_distance_traversal_node.h,local_only_file,old_sdk_backed_up_and_retired,,,,False
PrebuiltPackages/thirdparty/fcl_static_x64/fcl/include/fcl/narrowphase/detail/traversal/octree/distance/shape_octree_distance_traversal_node-inl.h,local_only_file,old_sdk_backed_up_and_retired,,,,False
PrebuiltPackages/thirdparty/fcl_static_x64/fcl/include/fcl/narrowphase/detail/traversal/octree/distance/shape_octree_distance_traversal_node.h,local_only_file,old_sdk_backed_up_and_retired,,,,False
PrebuiltPackages/thirdparty/fcl_static_x64/fcl/include/fcl/narrowphase/detail/traversal/octree/octree_solver-inl.h,local_only_file,old_sdk_backed_up_and_retired,,,,False
PrebuiltPackages/thirdparty/fcl_static_x64/fcl/include/fcl/narrowphase/detail/traversal/octree/octree_solver.h,local_only_file,old_sdk_backed_up_and_retired,,,,False
PrebuiltPackages/thirdparty/fcl_static_x64/fcl/include/fcl/narrowphase/detail/traversal/traversal_node_base-inl.h,local_only_file,old_sdk_backed_up_and_retired,,,,False
PrebuiltPackages/thirdparty/fcl_static_x64/fcl/include/fcl/narrowphase/detail/traversal/traversal_node_base.h,local_only_file,old_sdk_backed_up_and_retired,,,,False
PrebuiltPackages/thirdparty/fcl_static_x64/fcl/include/fcl/narrowphase/detail/traversal/traversal_recurse-inl.h,local_only_file,old_sdk_backed_up_and_retired,,,,False
PrebuiltPackages/thirdparty/fcl_static_x64/fcl/include/fcl/narrowphase/detail/traversal/traversal_recurse.h,local_only_file,old_sdk_backed_up_and_retired,,,,False
PrebuiltPackages/thirdparty/fcl_static_x64/fcl/include/fcl/narrowphase/distance-inl.h,local_only_file,old_sdk_backed_up_and_retired,,,,False
PrebuiltPackages/thirdparty/fcl_static_x64/fcl/include/fcl/narrowphase/distance.h,local_only_file,old_sdk_backed_up_and_retired,,,,False
PrebuiltPackages/thirdparty/fcl_static_x64/fcl/include/fcl/narrowphase/distance_request-inl.h,local_only_file,old_sdk_backed_up_and_retired,,,,False
PrebuiltPackages/thirdparty/fcl_static_x64/fcl/include/fcl/narrowphase/distance_request.h,local_only_file,old_sdk_backed_up_and_retired,,,,False
PrebuiltPackages/thirdparty/fcl_static_x64/fcl/include/fcl/narrowphase/distance_result-inl.h,local_only_file,old_sdk_backed_up_and_retired,,,,False
PrebuiltPackages/thirdparty/fcl_static_x64/fcl/include/fcl/narrowphase/distance_result.h,local_only_file,old_sdk_backed_up_and_retired,,,,False
PrebuiltPackages/thirdparty/fcl_static_x64/fcl/include/fcl/narrowphase/gjk_solver_type.h,local_only_file,old_sdk_backed_up_and_retired,,,,False
PrebuiltPackages/thirdparty/fcl_static_x64/fcl/lib/fcld.lib,local_only_file,old_sdk_backed_up_and_retired,,,,False
PrebuiltPackages/thirdparty/fcl_static_x64/fcl/lib/fclr.lib,local_only_file,old_sdk_backed_up_and_retired,,,,False
PrebuiltPackages/thirdparty/fcl_static_x64/fcl/lib/pkgconfig/fcl.pc,local_only_file,old_sdk_backed_up_and_retired,,,,False
PrebuiltPackages/thirdparty/fcl_static_x64/fcl/share/fcl/package.xml,local_only_file,old_sdk_backed_up_and_retired,,,,False
PrebuiltPackages/thirdparty/fcl_static_x64/libccd/include/ccd/ccd.h,local_only_file,old_sdk_backed_up_and_retired,,,,False
PrebuiltPackages/thirdparty/fcl_static_x64/libccd/include/ccd/ccd_export.h,local_only_file,old_sdk_backed_up_and_retired,,,,False
PrebuiltPackages/thirdparty/fcl_static_x64/libccd/include/ccd/compiler.h,local_only_file,old_sdk_backed_up_and_retired,,,,False
PrebuiltPackages/thirdparty/fcl_static_x64/libccd/include/ccd/config.h,local_only_file,old_sdk_backed_up_and_retired,,,,False
PrebuiltPackages/thirdparty/fcl_static_x64/libccd/include/ccd/quat.h,local_only_file,old_sdk_backed_up_and_retired,,,,False
PrebuiltPackages/thirdparty/fcl_static_x64/libccd/include/ccd/vec3.h,local_only_file,old_sdk_backed_up_and_retired,,,,False
PrebuiltPackages/thirdparty/fcl_static_x64/libccd/lib/ccd/ccd-config-version.cmake,local_only_file,old_sdk_backed_up_and_retired,,,,False
PrebuiltPackages/thirdparty/fcl_static_x64/libccd/lib/ccd/ccd-config.cmake,local_only_file,old_sdk_backed_up_and_retired,,,,False
PrebuiltPackages/thirdparty/fcl_static_x64/libccd/lib/ccd/ccd-targets-debug.cmake,local_only_file,old_sdk_backed_up_and_retired,,,,False
PrebuiltPackages/thirdparty/fcl_static_x64/libccd/lib/ccd/ccd-targets-release.cmake,local_only_file,old_sdk_backed_up_and_retired,,,,False
PrebuiltPackages/thirdparty/fcl_static_x64/libccd/lib/ccd/ccd-targets.cmake,local_only_file,old_sdk_backed_up_and_retired,,,,False
PrebuiltPackages/thirdparty/fcl_static_x64/libccd/lib/ccdd.lib,local_only_file,old_sdk_backed_up_and_retired,,,,False
PrebuiltPackages/thirdparty/fcl_static_x64/libccd/lib/ccdr.lib,local_only_file,old_sdk_backed_up_and_retired,,,,False
PrebuiltPackages/thirdparty/fcl_static_x64/libccd/lib/pkgconfig/ccd.pc,local_only_file,old_sdk_backed_up_and_retired,,,,False
PrebuiltPackages/thirdparty/fcl_static_x64/libccd/share/doc/ccd/BSD-LICENSE,local_only_file,old_sdk_backed_up_and_retired,,,,False
PrebuiltPackages/thirdparty/fcl_static_x64/octomap/bin/binvox2bt.exe,local_only_file,old_sdk_backed_up_and_retired,,,,False
PrebuiltPackages/thirdparty/fcl_static_x64/octomap/bin/bt2vrml.exe,local_only_file,old_sdk_backed_up_and_retired,,,,False
PrebuiltPackages/thirdparty/fcl_static_x64/octomap/bin/compare_octrees.exe,local_only_file,old_sdk_backed_up_and_retired,,,,False
PrebuiltPackages/thirdparty/fcl_static_x64/octomap/bin/convert_octree.exe,local_only_file,old_sdk_backed_up_and_retired,,,,False
PrebuiltPackages/thirdparty/fcl_static_x64/octomap/bin/edit_octree.exe,local_only_file,old_sdk_backed_up_and_retired,,,,False
PrebuiltPackages/thirdparty/fcl_static_x64/octomap/bin/eval_octree_accuracy.exe,local_only_file,old_sdk_backed_up_and_retired,,,,False
PrebuiltPackages/thirdparty/fcl_static_x64/octomap/bin/graph2tree.exe,local_only_file,old_sdk_backed_up_and_retired,,,,False
PrebuiltPackages/thirdparty/fcl_static_x64/octomap/bin/log2graph.exe,local_only_file,old_sdk_backed_up_and_retired,,,,False
PrebuiltPackages/thirdparty/fcl_static_x64/octomap/bin/octomapd.dll,local_only_file,old_sdk_backed_up_and_retired,,,,False
PrebuiltPackages/thirdparty/fcl_static_x64/octomap/bin/octomapr.dll,local_only_file,old_sdk_backed_up_and_retired,,,,False
PrebuiltPackages/thirdparty/fcl_static_x64/octomap/bin/octomathd.dll,local_only_file,old_sdk_backed_up_and_retired,,,,False
PrebuiltPackages/thirdparty/fcl_static_x64/octomap/bin/octomathr.dll,local_only_file,old_sdk_backed_up_and_retired,,,,False
PrebuiltPackages/thirdparty/fcl_static_x64/octomap/include/dynamicEDT3D/bucketedqueue.h,local_only_file,old_sdk_backed_up_and_retired,,,,False
PrebuiltPackages/thirdparty/fcl_static_x64/octomap/include/dynamicEDT3D/bucketedqueue.hxx,local_only_file,old_sdk_backed_up_and_retired,,,,False
PrebuiltPackages/thirdparty/fcl_static_x64/octomap/include/dynamicEDT3D/dynamicEDT3D.h,local_only_file,old_sdk_backed_up_and_retired,,,,False
PrebuiltPackages/thirdparty/fcl_static_x64/octomap/include/dynamicEDT3D/dynamicEDTOctomap.h,local_only_file,old_sdk_backed_up_and_retired,,,,False
PrebuiltPackages/thirdparty/fcl_static_x64/octomap/include/dynamicEDT3D/dynamicEDTOctomap.hxx,local_only_file,old_sdk_backed_up_and_retired,,,,False
PrebuiltPackages/thirdparty/fcl_static_x64/octomap/include/dynamicEDT3D/point.h,local_only_file,old_sdk_backed_up_and_retired,,,,False
PrebuiltPackages/thirdparty/fcl_static_x64/octomap/include/octomap/AbstractOcTree.h,local_only_file,old_sdk_backed_up_and_retired,,,,False
PrebuiltPackages/thirdparty/fcl_static_x64/octomap/include/octomap/AbstractOccupancyOcTree.h,local_only_file,old_sdk_backed_up_and_retired,,,,False
PrebuiltPackages/thirdparty/fcl_static_x64/octomap/include/octomap/ColorOcTree.h,local_only_file,old_sdk_backed_up_and_retired,,,,False
PrebuiltPackages/thirdparty/fcl_static_x64/octomap/include/octomap/CountingOcTree.h,local_only_file,old_sdk_backed_up_and_retired,,,,False
PrebuiltPackages/thirdparty/fcl_static_x64/octomap/include/octomap/MCTables.h,local_only_file,old_sdk_backed_up_and_retired,,,,False
PrebuiltPackages/thirdparty/fcl_static_x64/octomap/include/octomap/MapCollection.h,local_only_file,old_sdk_backed_up_and_retired,,,,False
PrebuiltPackages/thirdparty/fcl_static_x64/octomap/include/octomap/MapCollection.hxx,local_only_file,old_sdk_backed_up_and_retired,,,,False
PrebuiltPackages/thirdparty/fcl_static_x64/octomap/include/octomap/MapNode.h,local_only_file,old_sdk_backed_up_and_retired,,,,False
PrebuiltPackages/thirdparty/fcl_static_x64/octomap/include/octomap/MapNode.hxx,local_only_file,old_sdk_backed_up_and_retired,,,,False
PrebuiltPackages/thirdparty/fcl_static_x64/octomap/include/octomap/OcTree.h,local_only_file,old_sdk_backed_up_and_retired,,,,False
PrebuiltPackages/thirdparty/fcl_static_x64/octomap/include/octomap/OcTreeBase.h,local_only_file,old_sdk_backed_up_and_retired,,,,False
PrebuiltPackages/thirdparty/fcl_static_x64/octomap/include/octomap/OcTreeBaseImpl.h,local_only_file,old_sdk_backed_up_and_retired,,,,False
PrebuiltPackages/thirdparty/fcl_static_x64/octomap/include/octomap/OcTreeBaseImpl.hxx,local_only_file,old_sdk_backed_up_and_retired,,,,False
PrebuiltPackages/thirdparty/fcl_static_x64/octomap/include/octomap/OcTreeDataNode.h,local_only_file,old_sdk_backed_up_and_retired,,,,False
PrebuiltPackages/thirdparty/fcl_static_x64/octomap/include/octomap/OcTreeDataNode.hxx,local_only_file,old_sdk_backed_up_and_retired,,,,False
PrebuiltPackages/thirdparty/fcl_static_x64/octomap/include/octomap/OcTreeIterator.hxx,local_only_file,old_sdk_backed_up_and_retired,,,,False
PrebuiltPackages/thirdparty/fcl_static_x64/octomap/include/octomap/OcTreeKey.h,local_only_file,old_sdk_backed_up_and_retired,,,,False
PrebuiltPackages/thirdparty/fcl_static_x64/octomap/include/octomap/OcTreeNode.h,local_only_file,old_sdk_backed_up_and_retired,,,,False
PrebuiltPackages/thirdparty/fcl_static_x64/octomap/include/octomap/OcTreeStamped.h,local_only_file,old_sdk_backed_up_and_retired,,,,False
PrebuiltPackages/thirdparty/fcl_static_x64/octomap/include/octomap/OccupancyOcTreeBase.h,local_only_file,old_sdk_backed_up_and_retired,,,,False
PrebuiltPackages/thirdparty/fcl_static_x64/octomap/include/octomap/OccupancyOcTreeBase.hxx,local_only_file,old_sdk_backed_up_and_retired,,,,False
PrebuiltPackages/thirdparty/fcl_static_x64/octomap/include/octomap/Pointcloud.h,local_only_file,old_sdk_backed_up_and_retired,,,,False
PrebuiltPackages/thirdparty/fcl_static_x64/octomap/include/octomap/ScanGraph.h,local_only_file,old_sdk_backed_up_and_retired,,,,False
PrebuiltPackages/thirdparty/fcl_static_x64/octomap/include/octomap/math/Pose6D.h,local_only_file,old_sdk_backed_up_and_retired,,,,False
PrebuiltPackages/thirdparty/fcl_static_x64/octomap/include/octomap/math/Quaternion.h,local_only_file,old_sdk_backed_up_and_retired,,,,False
PrebuiltPackages/thirdparty/fcl_static_x64/octomap/include/octomap/math/Utils.h,local_only_file,old_sdk_backed_up_and_retired,,,,False
PrebuiltPackages/thirdparty/fcl_static_x64/octomap/include/octomap/math/Vector3.h,local_only_file,old_sdk_backed_up_and_retired,,,,False
PrebuiltPackages/thirdparty/fcl_static_x64/octomap/include/octomap/octomap.h,local_only_file,old_sdk_backed_up_and_retired,,,,False
PrebuiltPackages/thirdparty/fcl_static_x64/octomap/include/octomap/octomap_deprecated.h,local_only_file,old_sdk_backed_up_and_retired,,,,False
PrebuiltPackages/thirdparty/fcl_static_x64/octomap/include/octomap/octomap_timing.h,local_only_file,old_sdk_backed_up_and_retired,,,,False
PrebuiltPackages/thirdparty/fcl_static_x64/octomap/include/octomap/octomap_types.h,local_only_file,old_sdk_backed_up_and_retired,,,,False
PrebuiltPackages/thirdparty/fcl_static_x64/octomap/include/octomap/octomap_utils.h,local_only_file,old_sdk_backed_up_and_retired,,,,False
PrebuiltPackages/thirdparty/fcl_static_x64/octomap/lib/dynamicedt3dd.lib,local_only_file,old_sdk_backed_up_and_retired,,,,False
PrebuiltPackages/thirdparty/fcl_static_x64/octomap/lib/dynamicedt3dr.lib,local_only_file,old_sdk_backed_up_and_retired,,,,False
PrebuiltPackages/thirdparty/fcl_static_x64/octomap/lib/octomapd.lib,local_only_file,old_sdk_backed_up_and_retired,,,,False
PrebuiltPackages/thirdparty/fcl_static_x64/octomap/lib/octomapr.lib,local_only_file,old_sdk_backed_up_and_retired,,,,False
PrebuiltPackages/thirdparty/fcl_static_x64/octomap/lib/octomathd.lib,local_only_file,old_sdk_backed_up_and_retired,,,,False
PrebuiltPackages/thirdparty/fcl_static_x64/octomap/lib/octomathr.lib,local_only_file,old_sdk_backed_up_and_retired,,,,False
PrebuiltPackages/thirdparty/fcl_static_x64/octomap/lib/pkgconfig/dynamicEDT3D.pc,local_only_file,old_sdk_backed_up_and_retired,,,,False
PrebuiltPackages/thirdparty/fcl_static_x64/octomap/lib/pkgconfig/octomap.pc,local_only_file,old_sdk_backed_up_and_retired,,,,False
PrebuiltPackages/thirdparty/fcl_static_x64/octomap/share/ament_index/resource_index/packages/dynamicEDT3D,local_only_file,old_sdk_backed_up_and_retired,,,,False
PrebuiltPackages/thirdparty/fcl_static_x64/octomap/share/ament_index/resource_index/packages/octomap,local_only_file,old_sdk_backed_up_and_retired,,,,False
PrebuiltPackages/thirdparty/fcl_static_x64/octomap/share/dynamicEDT3D/dynamicEDT3DConfig-version.cmake,local_only_file,old_sdk_backed_up_and_retired,,,,False
PrebuiltPackages/thirdparty/fcl_static_x64/octomap/share/dynamicEDT3D/dynamicEDT3DConfig.cmake,local_only_file,old_sdk_backed_up_and_retired,,,,False
PrebuiltPackages/thirdparty/fcl_static_x64/octomap/share/dynamic_edt_3d/package.xml,local_only_file,old_sdk_backed_up_and_retired,,,,False
PrebuiltPackages/thirdparty/fcl_static_x64/octomap/share/octomap/octomap-config-version.cmake,local_only_file,old_sdk_backed_up_and_retired,,,,False
PrebuiltPackages/thirdparty/fcl_static_x64/octomap/share/octomap/octomap-config.cmake,local_only_file,old_sdk_backed_up_and_retired,,,,False
PrebuiltPackages/thirdparty/fcl_static_x64/octomap/share/octomap/octomap-targets-debug.cmake,local_only_file,old_sdk_backed_up_and_retired,,,,False
PrebuiltPackages/thirdparty/fcl_static_x64/octomap/share/octomap/octomap-targets-release.cmake,local_only_file,old_sdk_backed_up_and_retired,,,,False
PrebuiltPackages/thirdparty/fcl_static_x64/octomap/share/octomap/octomap-targets.cmake,local_only_file,old_sdk_backed_up_and_retired,,,,False
PrebuiltPackages/thirdparty/fcl_static_x64/octomap/share/octomap/package.xml,local_only_file,old_sdk_backed_up_and_retired,,,,False
PrebuiltPackages/thirdparty/fcl_static_x64/static_lib_with_debug_and_release.txt,local_only_file,old_sdk_backed_up_and_retired,,,,False
Prune/prune.py,local_only_file,preserved_local,,,,True
Prune/prune_config.yaml,local_only_file,preserved_local,,,,True
SMRobotApps/CMakeLists.txt,changed,incoming,b9efd289180bd4b26e44437fc91498e98ffe250f45551e2ced1aa7fb98c3389f,b391b8373ce1c94b74d2889b17dec9a9c01e1f00acca3200ab60e51d1dd83728,b391b8373ce1c94b74d2889b17dec9a9c01e1f00acca3200ab60e51d1dd83728,True
SMRobotApps/PackageConfigSetting.cmake,changed,incoming,b0394086b3317546580ce60982f17a3b54d72606efc4d5d277e29ec2438476ca,380bb7f518f2046176e66c0f267379ae6d2c55d8040f4e344c794d806695a104,380bb7f518f2046176e66c0f267379ae6d2c55d8040f4e344c794d806695a104,True
SMRobotApps/README.md,added,incoming,,11f5ef50ae283aa559488c25e8ec4616d2c923213010324793f943a6634d0160,11f5ef50ae283aa559488c25e8ec4616d2c923213010324793f943a6634d0160,True
SMRobotApps/RobotQtModules/CoreWidgets/RobotQtWidgetUtils.cpp,changed,incoming,a218a01c96d71f7cb4ef89e125749dda3da14cbe2cdc72ffb4bf5b8c27b4ad5d,bd831cf9119805ebf68d027589139ac924710f5dd2e19b1ac290f23ec7fb2d57,bd831cf9119805ebf68d027589139ac924710f5dd2e19b1ac290f23ec7fb2d57,True
SMRobotApps/RobotQtModules/CoreWidgets/RobotQtWidgetUtils.h,changed,incoming,0748b15ade7a05d79001c14d0553988eb94153d7ab731ec378db5a2d8b40f63f,16fd37bbef7b2177c0470b06d6d629dd73f81e57bcf0f30c4203f6f1b4a00414,16fd37bbef7b2177c0470b06d6d629dd73f81e57bcf0f30c4203f6f1b4a00414,True
SMRobotApps/RobotQtModules/Shared/CMakeLists.txt,changed,incoming,bedf3c3f42f9ba6d4b962d404df0bccccec91934eb17f95db52fb3f2ec398761,4aa4c0ee6f70cfe3731da266448bac33a0ca9b18c2fb394c3112a17958358376,4aa4c0ee6f70cfe3731da266448bac33a0ca9b18c2fb394c3112a17958358376,True
SMRobotApps/RobotQtModules/Shared/ProjectSessionWorkflowController.cpp,changed,incoming,be58c4a7da11a3d6aac19e573c587329b16a44d07cc61ad85afbd6a2d450cfcc,e08e9df19923df1b711aa95aa250dbe661dc08bb25e8d90f2e62982f28ca26e5,e08e9df19923df1b711aa95aa250dbe661dc08bb25e8d90f2e62982f28ca26e5,True
SMRobotApps/RobotQtModules/Shared/RobotQtViewerDocumentContext.cpp,changed,merged_or_compatibility_adapted,50cd3d1533e6169430f664eccd597af8ef890d952c0cdf0b14b6737eefb21b76,8e1cf8ef256ad93704a462bdd76b7d712959741b66894c5f1e3a8229ed39cf6d,93f50c7760736113061175a332cb0c8659e04ed1d6276e3ca1c2e93d9a6c84b3,True
SMRobotApps/RobotQtModules/Shared/RobotQtViewerDocumentContext.h,changed,merged_or_compatibility_adapted,6bc13e490fd299900a1ba02336be810ab0a721dba4e8f479d5c9a59513f5c8ee,c6e7a4f1cf591cfdbfbd3ddab0dcd2964cad1844cf79aed2d36b2d01a6dc1911,7460ff96480e7372c322372d49e7c5a34e61e6e4be20215a44ed665774f5ed57,True
SMRobotApps/RobotQtModules/Shared/RobotQtViewerDocumentController.cpp,changed,incoming,d0003fe935d4a152fb86c3de28a00e02eaf53eca6112a864ddd76dedef9cac38,5529418a2addd30b3429d7f63e16a5bdcb6bb542450d52d9ab3110d325610adb,5529418a2addd30b3429d7f63e16a5bdcb6bb542450d52d9ab3110d325610adb,True
SMRobotApps/RobotQtModules/Shared/RobotQtViewerDocumentController.h,changed,incoming,ec1a972b4539c76d93a5f38315533b9ca334a08330fbd7a0068e82bb823fefc9,a8e775678220282720a95d6e82bc8dd1cc1b281dadfeb257c4bfcf5f2b96ba8f,a8e775678220282720a95d6e82bc8dd1cc1b281dadfeb257c4bfcf5f2b96ba8f,True
SMRobotApps/RobotQtModules/Shared/RobotQtViewerEditSession.cpp,added,incoming,,e812082fa3f455948ea9e0d88c4e0e27c397b114d04dd7cd93011045abefc80c,e812082fa3f455948ea9e0d88c4e0e27c397b114d04dd7cd93011045abefc80c,True
SMRobotApps/RobotQtModules/Shared/RobotQtViewerEditSession.h,added,incoming,,29a196ad41c48c91fc6f611f39f1651684a854bbc64192e7d93a9b38f880502c,29a196ad41c48c91fc6f611f39f1651684a854bbc64192e7d93a9b38f880502c,True
SMRobotApps/RobotQtModules/Shared/RobotQtViewerEvents.h,changed,incoming,9a874b31cf09553768052f327f0d1c452fb1268edf6c26df35802157ae7fccc5,1a117408e0a49a45d6e19e842ff6535cc87f2dfee1d834af94b5d69024540c65,1a117408e0a49a45d6e19e842ff6535cc87f2dfee1d834af94b5d69024540c65,True
SMRobotApps/RobotQtModules/Shared/RobotQtViewerLocalization.cpp,changed,incoming,6d63edd1f58c35bd56bd7eec0ab76d7cc77ffa9365d08f7e041748b7c35d92ea,da5199899d9fe0728595c045c47295ef27907360da9e911fcdd1219262abad83,da5199899d9fe0728595c045c47295ef27907360da9e911fcdd1219262abad83,True
SMRobotApps/RobotQtModules/Shared/RobotQtViewerPlatformProfile.cpp,changed,incoming,82f068e4f3f95e9ad173a7d2f3ee706413f9681997daef5f6800284e49ef2237,7af27863d000aa3249b764d9789cfc6b3add87d1686dff4c00c7933f94b77dd5,7af27863d000aa3249b764d9789cfc6b3add87d1686dff4c00c7933f94b77dd5,True
SMRobotApps/RobotQtModules/Shared/RobotQtViewerPlatformProfile.h,changed,incoming,749370decb5fa048b80f28363ae4e60a8c857c53fbea5cffb9dec821f2181f19,f4753a15b8ffca81d92896327c0d05daef2c0e4992916ed87545dd153176ae72,f4753a15b8ffca81d92896327c0d05daef2c0e4992916ed87545dd153176ae72,True
SMRobotApps/RobotQtModules/Shared/RobotQtViewerProductProfile.cpp,local_only_file,preserved_local,d067a127c1ba08d0266541831732bbe4868e4339f3461b72de9ea4acba4fcead,,d067a127c1ba08d0266541831732bbe4868e4339f3461b72de9ea4acba4fcead,True
SMRobotApps/RobotQtModules/Shared/RobotQtViewerProductProfile.h,local_only_file,preserved_local,b490359ce55280d316cbeefecd4afe557190859187b557be459cf67b6266c1cc,,b490359ce55280d316cbeefecd4afe557190859187b557be459cf67b6266c1cc,True
SMRobotApps/RobotQtModules/Shared/RobotQtViewerSelectionModel.cpp,changed,incoming,153b78e53359f0ac93547cc7dcb13ad59d78ad944211dae9bca9ba1373e383e1,d9bdf70944feb6a1214c1909b9cfab5a9a2d3874a234971ab347194c8da86006,d9bdf70944feb6a1214c1909b9cfab5a9a2d3874a234971ab347194c8da86006,True
SMRobotApps/RobotQtModules/Shared/RobotQtViewerSelectionModel.h,changed,incoming,c72fdc8358e7d178197e10348a3e9cec0fa1c82774d2def236b211fad6f8f207,e12c2785982537f527a57c5e10c310578143dafed10b275259e1bb096d87dc98,e12c2785982537f527a57c5e10c310578143dafed10b275259e1bb096d87dc98,True
SMRobotApps/RobotQtModules/Shared/RobotQtViewerViewportPorts.h,added,merged_or_compatibility_adapted,,59cfa77c3a11c6cff4e335b2832538c070becd1073c49330285767cfebc627b9,843f5614a6e6cd309e63f6bdead0aca993fafabd944581d69eb4ff62ec77d9e9,True
SMRobotApps/RobotQtModules/Shared/RobotQtViewerViewportPreviewState.cpp,changed,incoming,9f65ff2827b84be77107e9cee265d7cdb2cb72807f2d16eab67e92ab72843474,64beb75d1724b7cd9accb54f4fa6c789839f7118fbde6a1b1150dfff5666ff63,64beb75d1724b7cd9accb54f4fa6c789839f7118fbde6a1b1150dfff5666ff63,True
SMRobotApps/RobotQtModules/Shared/RobotQtViewerViewportServices.h,changed,merged_or_compatibility_adapted,ac623b94d063e0754cb0ed7f77087ba8d9bdb2a6563a63892f19a4988a978d03,ab8d728dd4aa0ffd7e4697cfc1cdc89eac77ea8ff5804130e81b04ef38449061,f8db021562b9b2fd11cc96ecac5031edaac4f6a1f6834fd717332090a9aead7e,True
SMRobotApps/RobotQtModules/Shared/RobotQtViewerWindowConfig.cpp,changed,preserved_local,4f6d403ecceb38e5b44cf584b65921d6769578275a61194dafa695bb708524a8,d3f5b00cc276c1351826b102864c9a18fdcc70e52f4555e981f0ed12e79b246b,4f6d403ecceb38e5b44cf584b65921d6769578275a61194dafa695bb708524a8,True
SMRobotApps/RobotQtModules/Shared/RobotQtViewerWorkbench.cpp,changed,incoming,932a93b4d8ed7df5f799febaf7b06c8b8bcd7696a8bcf313c422e75c26ef20d0,5e024529a17774d84385bafbb7db2a13a107922b0a0eba0e7fc723a86e733e8c,5e024529a17774d84385bafbb7db2a13a107922b0a0eba0e7fc723a86e733e8c,True
SMRobotApps/RobotQtModules/Shared/RobotQtViewerWorkbenchContribution.cpp,added,incoming,,2c66c7d761bd133a6ec4cd8a2fa8313c18006e56f27b04a7d3b3615a92b185cd,2c66c7d761bd133a6ec4cd8a2fa8313c18006e56f27b04a7d3b3615a92b185cd,True
SMRobotApps/RobotQtModules/Shared/RobotQtViewerWorkbenchContribution.h,added,incoming,,223570aa3b5991300134d9a6ec046b7f9d4ae9fee8eb8e702bfe2a01aec08371,223570aa3b5991300134d9a6ec046b7f9d4ae9fee8eb8e702bfe2a01aec08371,True
SMRobotApps/RobotQtModules/Shared/RobotQtViewerWorkbenchLifecycle.h,changed,merged_or_compatibility_adapted,177c00461f98a9c55c8c082f74cf91827d7c9d1730ecf2495771ba7f78883fc2,83c5eeff9dac1065fde43478dd284a3483dadaf9db7eba3a86fecbaec4fcdc36,84cb50be5db1b65ccc915cbc72b2a38661dff2efae5c8e93152decde91520011,True
SMRobotApps/RobotQtModules/Shared/RobotQtViewerWorkbenchPackageRegistry.cpp,changed,incoming,4e8b5ff44e6fe50b245a692ec7f04a1534461d67808d27709ec902329323b414,150422973061269c6c64036d5ed29a44c0e302d7124905cda831023dfb85ab8f,150422973061269c6c64036d5ed29a44c0e302d7124905cda831023dfb85ab8f,True
SMRobotApps/RobotQtModules/Shared/RobotQtViewerWorkbenchPackageRegistry.h,changed,incoming,f3e75adf38414584ace97f7848a3914f5fa32cf81f703287f7a624d3cb54c770,d443c7c3b7d5d8d72330e8e3b18677eb8e2b9558aeac0e5a84805b598e6c3e3b,d443c7c3b7d5d8d72330e8e3b18677eb8e2b9558aeac0e5a84805b598e6c3e3b,True
SMRobotApps/RobotQtModules/Shared/RobotQtViewerWorkbenchPlugin.cpp,changed,incoming,15611164e65f0790ef73db14ddde3882d588bb5a9c89c8c38b2b867dfeeda754,41427eab73fcd05ffcf4bfc118f4ebaf78b56d88c7fef6e6e51fdde3aac2943e,41427eab73fcd05ffcf4bfc118f4ebaf78b56d88c7fef6e6e51fdde3aac2943e,True
SMRobotApps/RobotQtModules/Shared/RobotQtViewerWorkbenchPlugin.h,changed,incoming,bf57b2772a0f678e1a2c12a0ae99b2cccee927449e59a4e9991618e89717c8ac,9d5e56a7e66efa188e778e2e1f05b44870f5a3229607001e0bb89b725fdfa4de,9d5e56a7e66efa188e778e2e1f05b44870f5a3229607001e0bb89b725fdfa4de,True
SMRobotApps/RobotQtModules/Shared/RobotQtViewerWorkbenchTransitionCoordinator.cpp,changed,incoming,647f88ed350a63244ee2fba588fbb54806e8952c34a4c7545bd57c86a6705058,8ece35d9e6bd6b81f1512438216f3aa8640217b1c9fd801fcd3545d766f1f2ad,8ece35d9e6bd6b81f1512438216f3aa8640217b1c9fd801fcd3545d766f1f2ad,True
SMRobotApps/RobotQtModules/Shared/RobotQtViewerWorkbenchTransitionCoordinator.h,changed,incoming,7eb15b34e8b9c608a48f0c672538c2b37fc535021c412ea2b3135835c3767465,4f9b26eb11ef8499005c9f83dee60db08cb5251a65be8700a4986444dc880426,4f9b26eb11ef8499005c9f83dee60db08cb5251a65be8700a4986444dc880426,True
SMRobotApps/RobotQtModules/Shared/SceneEntityWorkflowController.cpp,changed,preserved_local,b670462e4f0fd68aa9ab8b65f38a76976a6f25ee2b07625b6370cc35bbc02981,7b8cf6a5c9f2f3477329c93cbe89c6259f303e9c9d3a88511f54f238cd95bf72,b670462e4f0fd68aa9ab8b65f38a76976a6f25ee2b07625b6370cc35bbc02981,True
SMRobotApps/RobotQtModules/Shared/ViewportReloadWorkflowController.cpp,changed,incoming,0733b5ff31e2285eb7d3e92bc658b05025b56117f4d0b4bb71cedba8114bef5e,4ed61437861b2f76b5e00533aac590e39ad74baf8fe55ac1fcbd1f1c268ebdd7,4ed61437861b2f76b5e00533aac590e39ad74baf8fe55ac1fcbd1f1c268ebdd7,True
SMRobotApps/RobotQtModules/Shared/regression/DocumentTransactionTest/CMakeLists.txt,added,incoming,,42ecd5f45629b5cccde737eccc68d3301cbe0da0bdf299670de71abf3533d38e,42ecd5f45629b5cccde737eccc68d3301cbe0da0bdf299670de71abf3533d38e,True
SMRobotApps/RobotQtModules/Shared/regression/DocumentTransactionTest/main.cpp,added,incoming,,1f0918a2912c7f96184a821e9fe0c25d0cbbe7ddfe250ac35f20deec77e61dc2,1f0918a2912c7f96184a821e9fe0c25d0cbbe7ddfe250ac35f20deec77e61dc2,True
SMRobotApps/RobotQtModules/Shared/regression/LocalizationTest/main.cpp,changed,incoming,7b0652ec549b0d36f4f78f959ed98624983c358cd5f701f68b0dba21b2bc2c03,e60568f381c2fcddbd744389a589a1875bfae4a9a5957291ab4bce226ce3b69b,e60568f381c2fcddbd744389a589a1875bfae4a9a5957291ab4bce226ce3b69b,True
SMRobotApps/RobotQtModules/Shared/regression/WorkbenchLifecycleTest/main.cpp,changed,incoming,13781ba127c40bdb05b10fda88048d9b4b83a611e9ff0e0f9f656989c0629611,5450ee9e6a868b963569bdc2c95b070b7332e412fbd6023d0807398b7beeb8d2,5450ee9e6a868b963569bdc2c95b070b7332e412fbd6023d0807398b7beeb8d2,True
SMRobotApps/RobotQtViewer/CMakeLists.txt,changed,merged_or_compatibility_adapted,5dfe7051661c887498700a783cf22b89b1d9f2f0253232f18d17f6ed6177b13c,552f02c82caf9602dbc42148658fb87f3c0ac701f23e60638792bab09fc301ac,075bd19d42d97827910f321cdd2b6576864c3bff83a400d678a3560d85cda859,True
SMRobotApps/RobotQtViewer/MainWindow.cpp,changed,merged_or_compatibility_adapted,9e784be0a20535548e9da78e88406f9704fe782fe8d63bed0e06dcad30b810b0,aff8fa50dd1c3883a6cd7e11f127d77f45c7aae538aed1bf098689147224095d,a48e334ed0d416e88716d89780ddb3fe0ee92e0653bf9aa57edeb517d79d37a1,True
SMRobotApps/RobotQtViewer/MainWindow.h,changed,merged_or_compatibility_adapted,4c78075f9c0d5dfa2923dbb2061a820460869e103065717f18f260a546c40211,8daede8a6c1422fe1d165da0644a4e1d979c48fc1f4f7b07e301aa6e001ef2fd,aa57d86271f9f83e1e9fe1fa8af0481192e9f97ae23c4b1f5303f1832b0c541b,True
SMRobotApps/RobotQtViewer/RobotQtViewerCollisionWorkbenchServicesAdapter.cpp,changed,incoming,4412170cdcce335ad685ae06797f1a43320a8614e090fe0f354f6ccc841864e5,69394cc691bd617cb58775ad045bed13efb29bdd3178893aaa2def92a6126ead,69394cc691bd617cb58775ad045bed13efb29bdd3178893aaa2def92a6126ead,True
SMRobotApps/RobotQtViewer/RobotQtViewerLanguage.cpp,local_only_file,preserved_local,1fb10e827356e5681bd3b7c4c3019717c848933e377783de1fa4940ae75ccde4,,1fb10e827356e5681bd3b7c4c3019717c848933e377783de1fa4940ae75ccde4,True
SMRobotApps/RobotQtViewer/RobotQtViewerLanguage.h,local_only_file,preserved_local,7504838cc9c4cdcab712c03ae3498b4e06e1f72d414dd88c0bce896935328384,,7504838cc9c4cdcab712c03ae3498b4e06e1f72d414dd88c0bce896935328384,True
SMRobotApps/RobotQtViewer/RobotQtViewerPlatformConfigurationDialog.cpp,changed,incoming,9191705d61ea02bd9c2287553e123a58367643ff1eb72224728f35a155f54f9f,901691d785935499dfa53f803034dd11802ff8514fe18b95f2ad869f32e1c4c0,901691d785935499dfa53f803034dd11802ff8514fe18b95f2ad869f32e1c4c0,True
SMRobotApps/RobotQtViewer/RobotQtViewerPlatformConfigurationDialog.h,changed,incoming,6bbe3de869d2b6dd29d81189e99a475bb96319d691e17041b126fd5198bc039c,4cc6c209a821305d14aaf28c8c22044339a12e7c51aa3ec79d80641c39848054,4cc6c209a821305d14aaf28c8c22044339a12e7c51aa3ec79d80641c39848054,True
SMRobotApps/RobotQtViewer/RobotQtViewerProductProfileConfigurationDialog.cpp,local_only_file,preserved_local,6b37af4f07ca8b1ede30c8c1cfecfcee15483882105a049c0604e19a194c6f27,,6b37af4f07ca8b1ede30c8c1cfecfcee15483882105a049c0604e19a194c6f27,True
SMRobotApps/RobotQtViewer/RobotQtViewerProductProfileConfigurationDialog.h,local_only_file,preserved_local,223965d833b2f5ee14b1ca491c4e907e365a282c14082977ca9f3a5a6086b40a,,223965d833b2f5ee14b1ca491c4e907e365a282c14082977ca9f3a5a6086b40a,True
SMRobotApps/RobotQtViewer/RobotQtViewerRibbonModel.cpp,changed,incoming,9045bda6a3365f5009580ff497e88d5c29eefef6826c0297a2100758848eb99c,a3c232972decf08ac6afb144b646fe8dfc70178d681a356fd29e8b6dab7ddfb3,a3c232972decf08ac6afb144b646fe8dfc70178d681a356fd29e8b6dab7ddfb3,True
SMRobotApps/RobotQtViewer/RobotQtViewerSceneExplorerActionRouter.cpp,changed,incoming,717cdf649e5b2f2f8c2b036a172158579a0110087e28bdd69e7cd524c1f185aa,08538416fe9c4369715b3ba25cb88d96311f58c278987aca86bd9134843a0b01,08538416fe9c4369715b3ba25cb88d96311f58c278987aca86bd9134843a0b01,True
SMRobotApps/RobotQtViewer/RobotQtViewerSceneExplorerActionRouter.h,changed,incoming,19e6095c5fe06b6dd8da82906fbf430b925b32a0b8a91661f850621d01abe608,ea71afca38c1bc9305891804828dc8de08dd3af10de85405220f157682a0c9ae,ea71afca38c1bc9305891804828dc8de08dd3af10de85405220f157682a0c9ae,True
SMRobotApps/RobotQtViewer/RobotQtViewerToolbarController.cpp,changed,incoming,f478a297e21831afa43c000c476362b3c91bf10b95944a4d8fe3af8a2ac0705d,6b39527f7ffc3cae6c0d32fbcca901f15d3959bf980582d8d3fb0f90e775f98d,6b39527f7ffc3cae6c0d32fbcca901f15d3959bf980582d8d3fb0f90e775f98d,True
SMRobotApps/RobotQtViewer/RobotQtViewerToolbarController.h,changed,incoming,99b59d345f39112aca688573bd153dd2637d5632fb83c15fffb0498210a93dcc,989f6fb192f627191bacda63e250935caed8446802ba984d2e23132bb6214ea6,989f6fb192f627191bacda63e250935caed8446802ba984d2e23132bb6214ea6,True
SMRobotApps/RobotQtViewer/RobotQtViewerViewportEventController.cpp,changed,incoming,9ba03c99e7230f60469ef22f357d47e250816b629f5c70cb8bf4c7c7de97daa4,70a45695c5a567d38683e01f6c25f5d8082014c28bdcac2772dc48b73b3f0663,70a45695c5a567d38683e01f6c25f5d8082014c28bdcac2772dc48b73b3f0663,True
SMRobotApps/RobotQtViewer/RobotQtViewerViewportEventController.h,changed,incoming,973a4289ed70449e8b857b9818a45dd1a59694dff40ca047f7c0da67387e3798,5cd606618f73fd64f9b8336fd683044f8eb9f1abfa4b3cbae6c627d788f9fc36,5cd606618f73fd64f9b8336fd683044f8eb9f1abfa4b3cbae6c627d788f9fc36,True
SMRobotApps/RobotQtViewer/RobotQtViewerViewportServicesAdapter.cpp,changed,merged_or_compatibility_adapted,7d46c12ef5df1c03d076894e6388e14d9d4ab77bee59f4617b9cad3b2d81676e,2bbb07bbf7d58be368bbb93b43018831ccc2010ece69e71059625cb7596b6926,2063e378ed75147d9eecf5b20982b7b22f834967f3181364cdefc1d54e659d52,True
SMRobotApps/RobotQtViewer/RobotQtViewerViewportServicesAdapter.h,changed,merged_or_compatibility_adapted,37d31b1fc3211779288b5458b6111032e8fef34f84c5db8c543c70e142a933b4,21c7c4413fe7386e6de6fef6e7699d10d0054d6d0158ac6b6f69d00dbbf7354a,8d2653b365e8a0942a406cbc357e40e584ea76bbc72ee187cf6298835ab571f7,True
SMRobotApps/RobotQtViewer/TargetConfigSetting.cmake,changed,incoming,0d8436e6f03a26cc532d7805e1c6507095a4908aa05f1af8e8538d6fd6420ce6,a21291dee0495169971a3ee45cf061d94a1c42cf3bd8099f40dd5451770d59ba,a21291dee0495169971a3ee45cf061d94a1c42cf3bd8099f40dd5451770d59ba,True
SMRobotApps/RobotQtViewer/main.cpp,changed,merged_or_compatibility_adapted,dbbc71d61e9f7fcf2137b19bd20b0618cdaec8318188b37633292e3b060c5637,60533f6875b2bcd27ce920c95149265c3d45804d6174bc8e9fca7b12b0f6d0dc,585f5e92ee30144ad74153647e1b672de8267a1b567d238a0beb09d062135a1c,True
SMRobotApps/RobotQtViewer/regression/CMakeLists.txt,changed,merged_or_compatibility_adapted,d984b9b6af1c578f1ff0aa59d631a0bcc322866a04a40732e57666fbdcf2f889,cfd9b5ae39ffbf643f428e6c31a87be7a23aae8bba6d08c1c30cb18185aff2e2,78e27391cdae65e40939e5ed34ef333335398c3e0bc80383b1d5e49df554f46c,True
SMRobotApps/RobotQtViewer/regression/RibbonPointCloudActionSmokeTest/main.cpp,changed,incoming,b1a7496fa285d0b0f13a02bae291c4b863cbb9375ec8463d2e4c5bca71774949,2fbf790d4657982461923b7122784996423d4d4c601013fa88ce60ad01d13548,2fbf790d4657982461923b7122784996423d4d4c601013fa88ce60ad01d13548,True
SMRobotApps/RobotQtViewer/regression/SprayMeasurementSmokeTest/CMakeLists.txt,local_only_file,preserved_local,0420089584c80bc8f8bf2b57928f8e821c414c1a5fba7d0962ec01bf800cf47c,,0420089584c80bc8f8bf2b57928f8e821c414c1a5fba7d0962ec01bf800cf47c,True
SMRobotApps/RobotQtViewer/regression/SprayMeasurementSmokeTest/ik_tcp_poses.txt,local_only_file,preserved_local,b084f9c6acd5b4ae486b6631b5ea1025027253cc1f6f41ba0e2592d30a745ce3,,b084f9c6acd5b4ae486b6631b5ea1025027253cc1f6f41ba0e2592d30a745ce3,True
SMRobotApps/RobotQtViewer/regression/SprayMeasurementSmokeTest/main.cpp,local_only_file,merged_or_compatibility_adapted,44ef857407e74de5d0eb752e7db7b43083a0c8e6b0c3692e12f61bb43099856d,,ea14d07f7d3c2f1e50576ec87d7e1d6a425024194e9dc9d8e51ea79a5afd805c,True
SMRobotApps/RobotQtViewer/regression/ThemeStateSmokeTest/CMakeLists.txt,changed,incoming,44fc928bf3132807ed2b28082384df56dc78f43cdf32c1e7af65ba19f39152f4,643d9cd9f503f991d3592d88b7e07b137b8c6f71f01be5f4566001cc55d75756,643d9cd9f503f991d3592d88b7e07b137b8c6f71f01be5f4566001cc55d75756,True
SMRobotApps/RobotQtViewer/regression/ThemeStateSmokeTest/main.cpp,changed,incoming,89de74e7d0fc03082e9fd7c7a0a0f8d048fc53b6063d7ce9b85dde65384689d6,452ff902916b69afe4007f055420257754ad6e8aa1bec0a81ea8f7b7adcd1df9,452ff902916b69afe4007f055420257754ad6e8aa1bec0a81ea8f7b7adcd1df9,True
SMRobotApps/RobotQtViewer/regression/WorkbenchPluginTest/CMakeLists.txt,added,incoming,,2b88c73e486146be7fb1be5fe91866f9d8fc21423fe30dc65a78d336eddda83a,2b88c73e486146be7fb1be5fe91866f9d8fc21423fe30dc65a78d336eddda83a,True
SMRobotApps/RobotQtViewer/regression/WorkbenchPluginTest/ExampleInspectionWorkbenchPlugin.cpp,added,incoming,,bd8e4c80a115dedef86741cf12fb809d6202fb09c57bb0fcd855385fa67c771f,bd8e4c80a115dedef86741cf12fb809d6202fb09c57bb0fcd855385fa67c771f,True
SMRobotApps/RobotQtViewer/regression/WorkbenchPluginTest/ExampleInspectionWorkbenchPlugin.h,added,incoming,,cb6f67c76f03b079d1f549185b0ed1c99fb216cdfe31f44be1d40c91ea3c5f50,cb6f67c76f03b079d1f549185b0ed1c99fb216cdfe31f44be1d40c91ea3c5f50,True
SMRobotApps/RobotQtViewer/regression/WorkbenchPluginTest/example-inspection.workbench.json.in,added,incoming,,0e20946fba95abac246407936c3f83268366c268fd619c02ac0ef3f8ea6b4e3c,0e20946fba95abac246407936c3f83268366c268fd619c02ac0ef3f8ea6b4e3c,True
SMRobotApps/RobotQtViewer/regression/WorkbenchPluginTest/main.cpp,added,incoming,,3d8a544fd5bc230c5bc009b4702d7ddc0abeab46bbd0a35fb7bd97acbbffd967,3d8a544fd5bc230c5bc009b4702d7ddc0abeab46bbd0a35fb7bd97acbbffd967,True
SMRobotApps/RobotSDKVisualQuickStart/VisualQuickStartWindow.cpp,changed,incoming,6afd43738d1926296afef3293e21822011605d520d67076fc2dedd5c37ad4222,f80ebc95ab8e377945651ab4e0e874c4583022484b9de7e488151d20c576a0c2,f80ebc95ab8e377945651ab4e0e874c4583022484b9de7e488151d20c576a0c2,True
SMRobotApps/RobotViewerCore/CMakeLists.txt,changed,incoming,81a6e706bd2591cb2ba84d0d38eb4893cb10acbd6a6c0c0b7b81173cf324317b,2d228b673ab289af922e528a205a3ea950515a5636725f540e3494c55ca4624f,2d228b673ab289af922e528a205a3ea950515a5636725f540e3494c55ca4624f,True
SMRobotApps/RobotViewerCore/CameraPreviewWidget.cpp,added,incoming,,632d8ff83e38e7042a5601b6c27ddf9c1336563d9ea824f115a7b815487eb636,632d8ff83e38e7042a5601b6c27ddf9c1336563d9ea824f115a7b815487eb636,True
SMRobotApps/RobotViewerCore/CameraPreviewWidget.h,added,incoming,,ed65e2c42e3f4e778649ae4942cc6286bb1fdf9632e4bbcfe4f1beb91980f22e,ed65e2c42e3f4e778649ae4942cc6286bb1fdf9632e4bbcfe4f1beb91980f22e,True
SMRobotApps/RobotViewerCore/ProjectCollisionDetectorRuntime.cpp,local_only_file,preserved_local,c77902d6652bda49696722ac92908cb50675f85f492e733f5a3fdb999e28bd34,,c77902d6652bda49696722ac92908cb50675f85f492e733f5a3fdb999e28bd34,True
SMRobotApps/RobotViewerCore/ProjectCollisionDetectorRuntime.h,local_only_file,preserved_local,e20ad401bcbe0b7ea00ebd47754e2257caccade4ad18845a864f5a2e0432e756,,e20ad401bcbe0b7ea00ebd47754e2257caccade4ad18845a864f5a2e0432e756,True
SMRobotApps/RobotViewerCore/ProjectRuntimeBuilder.cpp,changed,incoming,698429343080cafdd8bb1e84800b57a6e3f0373f9d60387788cfed2bc3c02da1,ccca1f2df342be54968a48fe96e61d214c48861eb55b4fa74972aabe3c9060bb,ccca1f2df342be54968a48fe96e61d214c48861eb55b4fa74972aabe3c9060bb,True
SMRobotApps/RobotViewerCore/ProjectRuntimeBuilder.h,changed,incoming,728e75f831124d02b68710114213c940613c37d67e8d3a6e4e4861217284666f,5d4bebe88579a228e9ab4fa75222eee1e8344a51dc5e3968789326a531cff78d,5d4bebe88579a228e9ab4fa75222eee1e8344a51dc5e3968789326a531cff78d,True
SMRobotApps/RobotViewerCore/ProjectRuntimeTypes.cpp,added,merged_or_compatibility_adapted,,78cb6dc4e403789937a13e1ef73038c8f35b51bd618583736b41d2230cd1ec0e,6fd6883550235ecb08a600170d69240203c5df7ca7e1c46bbaea81de3ce4dca6,True
SMRobotApps/RobotViewerCore/ProjectRuntimeTypes.h,changed,merged_or_compatibility_adapted,2814b7c54c27aebe00734614ef1dcb3341e89c2d21c74fe186dff6a9de719e2f,e3b9a5bbc09ec906b3d550f2a73e4c7c42b32e1bebbf532b73995a63ef11a748,66a465108c4e2162ea0ad1bdeb659e518c1ce1e8688019ae2d8b907e6d48ca5b,True
SMRobotApps/RobotViewerCore/ProjectScene.cpp,changed,merged_or_compatibility_adapted,b86eb4b3a9d182990026abc5aa28fc6ffb0357618344bea91134444bfec9356e,473ca68574f4421b1f137ebb483620410dbd235c48783cec0d45a824b6317066,90d10048882f74e4cc42e940dca0ba19fd342ba62b8acca0256ee86af90b509a,True
SMRobotApps/RobotViewerCore/ProjectScene.h,changed,merged_or_compatibility_adapted,609e10aa0ad8dde7ff02200794f21e5889b8a057f6368c4dc095b7669db1c60c,a5e632d9c4cd6e2e78861f50254d8e1750b1fd6de2e30564cf9888dbd0ec7528,aed7eb940380268229a7186dcd0c9f4783545501d28d5d01d7e4aa8a65f8c32e,True
SMRobotApps/RobotViewerCore/ProjectSceneAttachmentVisualSystem.cpp,added,incoming,,94a76e8b2983ef05743dfdea9c6145a494a7e8b9e31bab5361e8c97a97868bf6,94a76e8b2983ef05743dfdea9c6145a494a7e8b9e31bab5361e8c97a97868bf6,True
SMRobotApps/RobotViewerCore/ProjectSceneAttachmentVisualSystem.h,added,incoming,,7f6d89e913b05c11d9241966f1978f8674f3fe7a1d6f9e846dc531b2a3e619a0,7f6d89e913b05c11d9241966f1978f8674f3fe7a1d6f9e846dc531b2a3e619a0,True
SMRobotApps/RobotViewerCore/ProjectSceneCameraSystem.cpp,added,incoming,,bb0e3db21aeee9370b4bb82d2347f29b9f0bbbc65089bcb36100cf2ea4d1292b,bb0e3db21aeee9370b4bb82d2347f29b9f0bbbc65089bcb36100cf2ea4d1292b,True
SMRobotApps/RobotViewerCore/ProjectSceneCameraSystem.h,added,incoming,,126705d06f0bb92646cc3813793a07ad0ef8944dcabf8b332f45411311bd3460,126705d06f0bb92646cc3813793a07ad0ef8944dcabf8b332f45411311bd3460,True
SMRobotApps/RobotViewerCore/ProjectSceneCollisionPresentationSystem.cpp,added,incoming,,84652bbfd173919e107f8ad384a8eb28befbe095b60ed0e33b76e743259ffc42,84652bbfd173919e107f8ad384a8eb28befbe095b60ed0e33b76e743259ffc42,True
SMRobotApps/RobotViewerCore/ProjectSceneCollisionPresentationSystem.h,added,incoming,,fa7c04d51291d0361761a3b63dbc399a6353bbf0eed63a2acb2e7abe6c136fbf,fa7c04d51291d0361761a3b63dbc399a6353bbf0eed63a2acb2e7abe6c136fbf,True
SMRobotApps/RobotViewerCore/ProjectSceneDocumentProjectionSystem.cpp,added,incoming,,daf58c278f41eae7a0651e401989248657b99f397430340e990f2f9b06d252bf,daf58c278f41eae7a0651e401989248657b99f397430340e990f2f9b06d252bf,True
SMRobotApps/RobotViewerCore/ProjectSceneDocumentProjectionSystem.h,added,incoming,,2ba22063bfffb4bcfd926fbbb35bd5cf9c15a4f5b86910c7bef46574817edae5,2ba22063bfffb4bcfd926fbbb35bd5cf9c15a4f5b86910c7bef46574817edae5,True
SMRobotApps/RobotViewerCore/ProjectSceneEnvironment.cpp,added,incoming,,ec7786bff2d14f61da6ea8c1f35956d6d2bac7d7b4c1486ef707b8190ebf4e62,ec7786bff2d14f61da6ea8c1f35956d6d2bac7d7b4c1486ef707b8190ebf4e62,True
SMRobotApps/RobotViewerCore/ProjectSceneEnvironment.h,added,incoming,,b900f728c09e0cfcd88018d0ee1e31f7e03059f151c120ecb1fc471d8f2698a8,b900f728c09e0cfcd88018d0ee1e31f7e03059f151c120ecb1fc471d8f2698a8,True
SMRobotApps/RobotViewerCore/ProjectSceneEnvironmentSystem.cpp,added,incoming,,508606130596b379de93fe599aa8e10654246334c490f747788c6de4913a36ab,508606130596b379de93fe599aa8e10654246334c490f747788c6de4913a36ab,True
SMRobotApps/RobotViewerCore/ProjectSceneEnvironmentSystem.h,added,incoming,,fa933ccca06165066aeddfe6797215e55c9b7556c13525df912aeb938a7a3034,fa933ccca06165066aeddfe6797215e55c9b7556c13525df912aeb938a7a3034,True
SMRobotApps/RobotViewerCore/ProjectSceneInteractionSystem.cpp,added,incoming,,f7d5486b9e05c98d4e5ca66ef4b9fb14dee8bad2f5ca1dd2950059b0046e04e5,f7d5486b9e05c98d4e5ca66ef4b9fb14dee8bad2f5ca1dd2950059b0046e04e5,True
SMRobotApps/RobotViewerCore/ProjectSceneInteractionSystem.h,added,incoming,,b7b063794032cde610141646777b900429f8c35562db9c3c5eb3889a06bc85ec,b7b063794032cde610141646777b900429f8c35562db9c3c5eb3889a06bc85ec,True
SMRobotApps/RobotViewerCore/ProjectScenePreviewOverlayState.cpp,added,incoming,,89273e1a41f966519b1dc93b858de9a701a5d0bda70aba490bce71dc8e822a21,89273e1a41f966519b1dc93b858de9a701a5d0bda70aba490bce71dc8e822a21,True
SMRobotApps/RobotViewerCore/ProjectScenePreviewOverlayState.h,added,incoming,,38ad4c24f396d3bff8354fd49ad5c33a0d1766a990876554331fad9c37e993a9,38ad4c24f396d3bff8354fd49ad5c33a0d1766a990876554331fad9c37e993a9,True
SMRobotApps/RobotViewerCore/ProjectSceneStewartPresentationSystem.cpp,added,incoming,,3f20d27fd094c4ec952c72700e811de9ca4781d598a337b427cdb359eb08e396,3f20d27fd094c4ec952c72700e811de9ca4781d598a337b427cdb359eb08e396,True
SMRobotApps/RobotViewerCore/ProjectSceneStewartPresentationSystem.h,added,incoming,,9bb486bd1efb3df2796522b8eb7e6a8251be28ad35187ded39d9a59a90c4d646,9bb486bd1efb3df2796522b8eb7e6a8251be28ad35187ded39d9a59a90c4d646,True
SMRobotApps/RobotViewerCore/RobotViewport.cpp,changed,merged_or_compatibility_adapted,9702e0d2ef086e6d97562b79d4d77cc0685b8b93d7e4df79f45bb5830d0e32bf,45c6a19e013634bafc454e07a2bc2f8b22bfc2c57fcf067681b03b115815bc1e,5f9b2cdfd64c993aefb3a85b1c033809de260bb70c8b97b72b1594cf37c32dbf,True
SMRobotApps/RobotViewerCore/RobotViewport.h,changed,merged_or_compatibility_adapted,40d1f292347b7959b1b0eff2cd55fb3cff476f957c03ca5c0711d834ba2954aa,024f337a230e70651be232236a5062b69d403aac5886a47ae4e5881ba5980afc,719a55d4ad5b0655c6595d763cd3ed8384924a0de2f609f945cc7e3b079e2e22,True
SMRobotApps/RobotViewerCore/TargetConfigSetting.cmake,changed,incoming,58a959ffa31e7d0c960e4d31f789cc1dd081a08a9d799f5085d10ec68f784bb7,5cefa5e45db425b7d5258eb27cdf36ade03ba3f86698818d5d3376ef6f5a4f76,5cefa5e45db425b7d5258eb27cdf36ade03ba3f86698818d5d3376ef6f5a4f76,True
SMRobotApps/RobotViewerCore/regression/CMakeLists.txt,changed,incoming,1d7eb77e07e1c82297fe20333a42098be192d719e6dc604e6d230f53f8dc2866,bcf2b73535819eb1c7fc9f324bee6467618be3ce35541f873dbf88daa5224f3f,bcf2b73535819eb1c7fc9f324bee6467618be3ce35541f873dbf88daa5224f3f,True
SMRobotApps/RobotViewerCore/regression/CollisionModelWorkflowSmokeTest/CMakeLists.txt,changed,incoming,ab4f36276e063b8fabf97c16e59de8861394bf6dab69e8d6efdbf2efb3ffe5c2,384e1d97237bc4802b589a9bf61f32ef799d8a36c06a555a2f3ec66b91bca8e5,384e1d97237bc4802b589a9bf61f32ef799d8a36c06a555a2f3ec66b91bca8e5,True
SMRobotApps/RobotViewerCore/regression/CollisionModelWorkflowSmokeTest/collision_visual_fixture.stl,integration_added,integration_added,,,52fab122b04675753c65662f180aa5f72685f290fcb4a1af4a93f543cb8ca6d0,True
SMRobotApps/RobotViewerCore/regression/CollisionModelWorkflowSmokeTest/fixtures/420.v3.scene.json,added,incoming,,900682d049a9dd0478c6368474fccab01ef1a39524efe240945d452077ff0e2e,900682d049a9dd0478c6368474fccab01ef1a39524efe240945d452077ff0e2e,True
SMRobotApps/RobotViewerCore/regression/CollisionModelWorkflowSmokeTest/main.cpp,changed,merged_or_compatibility_adapted,dea754a9fcec6680d32b4d09618663e1b548a2cd214e25a1bb0d540140ad65f5,f9e7041a26aa34d7e414274b9e238d849266b5ebd7f41f2634af7cfe9b8f476d,6176ab4bb4723243c6cf2b860299aa7101e3b18ac3f9f6dde91f8ad8c4233945,True
SMRobotApps/RobotViewerCore/regression/CustomMeshViewportSmokeTest/CMakeLists.txt,added,incoming,,c74799f6315077b54a77dbcdea540ad7162e4e2e57bbbffe14433697a2b9e6f8,c74799f6315077b54a77dbcdea540ad7162e4e2e57bbbffe14433697a2b9e6f8,True
SMRobotApps/RobotViewerCore/regression/CustomMeshViewportSmokeTest/main.cpp,added,incoming,,07581f068f38486c277d65f57412cc51fb3a8078569064768bc2c4a5bd8483b9,07581f068f38486c277d65f57412cc51fb3a8078569064768bc2c4a5bd8483b9,True
SMRobotApps/RobotViewerCore/regression/ProjectSceneSystemsTest/CMakeLists.txt,added,incoming,,7333976e353735ba93b1096dd36eb8e5f1989d3b813ee41f62b7a427f6ee93c5,7333976e353735ba93b1096dd36eb8e5f1989d3b813ee41f62b7a427f6ee93c5,True
SMRobotApps/RobotViewerCore/regression/ProjectSceneSystemsTest/main.cpp,added,merged_or_compatibility_adapted,,3435b6980397d881bff0ee45fdda6db8455c76860b9bbf66abe80809ca8319c7,7f62d509ae667d92c6c858cb49cd3f40e68f2e5a39a89c673181015395adf7c3,True
SMRobotApps/docs/getting-started.md,added,incoming,,cc6cf217c79c218a894992d5ffad525f4ebace196498428c3cdb3fa96bb1ae28,cc6cf217c79c218a894992d5ffad525f4ebace196498428c3cdb3fa96bb1ae28,True
SMRobotApps/examples/CMakeLists.txt,added,incoming,,167bc414c3082d9c9f98f3dd1b94364445295a75138ea6a5568bfc78bbec480c,167bc414c3082d9c9f98f3dd1b94364445295a75138ea6a5568bfc78bbec480c,True
SMRobotApps/examples/CustomMeshViewerQuickStart/CMakeLists.txt,added,incoming,,795cbb21b30d1b0c7508ac76b840bfadbbf8e7e0126b6d1787db1d4c8fa0f871,795cbb21b30d1b0c7508ac76b840bfadbbf8e7e0126b6d1787db1d4c8fa0f871,True
SMRobotApps/examples/CustomMeshViewerQuickStart/main.cpp,added,incoming,,4cfcde0c11313b7e3b71c6195f4ca7c265cdc801d10236bf1c131eb7690008d7,4cfcde0c11313b7e3b71c6195f4ca7c265cdc801d10236bf1c131eb7690008d7,True
SMRobotApps/examples/RobotViewerCoreQuickStart/CMakeLists.txt,added,incoming,,e935a28008fcd07d13ceef127d18874e391a6243740a01c3a840e2db4a31f836,e935a28008fcd07d13ceef127d18874e391a6243740a01c3a840e2db4a31f836,True
SMRobotApps/examples/RobotViewerCoreQuickStart/main.cpp,added,incoming,,3f03d384c9c81fd32692a679b207f39503e1b4ecbb9dce88f2251ccf0c5aac6b,3f03d384c9c81fd32692a679b207f39503e1b4ecbb9dce88f2251ccf0c5aac6b,True
SMRobotApps/tutorials/CMakeLists.txt,local_only_file,preserved_local,14d9c175c8c870e17ce77c19c70eba122ce478bb191d75e55243985fb9c229b0,,14d9c175c8c870e17ce77c19c70eba122ce478bb191d75e55243985fb9c229b0,True
SMRobotApps/tutorials/CollisionQuickStart/CMakeLists.txt,local_only_file,preserved_local,73a403c795eb24542ea8772fa900c2a8dbbc1a535ef00170abbc3c73a7563c09,,73a403c795eb24542ea8772fa900c2a8dbbc1a535ef00170abbc3c73a7563c09,True
SMRobotApps/tutorials/CollisionQuickStart/main.cpp,local_only_file,preserved_local,e54050c05e094216f3a3f9c5e8142d34846b79730a84e5f8fc29df4c2399d19b,,e54050c05e094216f3a3f9c5e8142d34846b79730a84e5f8fc29df4c2399d19b,True
SMRobotApps/tutorials/QuickStart/CMakeLists.txt,local_only_file,preserved_local,993c546a607bd0a54e8ba2927e1a55c005d9b1c7ac8374fc73be7a7c6b6f69a4,,993c546a607bd0a54e8ba2927e1a55c005d9b1c7ac8374fc73be7a7c6b6f69a4,True
SMRobotApps/tutorials/QuickStart/main.cpp,local_only_file,preserved_local,23168fc5bcc0596c8ddce77603d45d75fb77d2e6baad83b161178f4ec94b7c9f,,23168fc5bcc0596c8ddce77603d45d75fb77d2e6baad83b161178f4ec94b7c9f,True
SMRobotMotionPlanning/Config.cmake.in,changed,preserved_local,cb6faa87bb6a0fff2520d2fee8e6192d70eb31e31aa5727e569513975839602c,e7a9bc201d9e91074e5f4a6891d6f36a7671ecae12120e144884c906c79c48af,cb6faa87bb6a0fff2520d2fee8e6192d70eb31e31aa5727e569513975839602c,True
SMRobotMotionPlanning/MotionPlanningCore/include/MotionPlanningCore/MotionPlanning.h,changed,preserved_local,c665a36c917b01cbe541eb93aa853fa949f42c42458f4d3e4f8bd9c82a12796d,c369183a32d660db6ce7255d9898bd2123034034a4a6eef8940fcf726a38e832,c665a36c917b01cbe541eb93aa853fa949f42c42458f4d3e4f8bd9c82a12796d,True
SMRobotMotionPlanning/MotionPlanningCore/src/MotionPlanning.cpp,changed,preserved_local,9f54ac4700a6932d5da854d24f7e5bfb74a5867d8cb735c70df993648b99ff63,885c370aee199ac03c4f24bde458d155ae69e92e1c76fda2d8b2eee4ad73b045,9f54ac4700a6932d5da854d24f7e5bfb74a5867d8cb735c70df993648b99ff63,True
SMRobotMotionPlanning/MotionPlanningOmpl/src/OmplMotionPlanner.cpp,changed,preserved_local,5a4a1affe0a260adc5c0745c4b35d5fc239cd04f83fa4c7318ba0527f88fae10,d8143be5fbdca7244aeb3d146c35d904b2b116fb2926af30e43b296ec32eaf11,5a4a1affe0a260adc5c0745c4b35d5fc239cd04f83fa4c7318ba0527f88fae10,True
SMRobotMotionPlanning/ProjectMotionPlanning/TargetConfigSetting.cmake,changed,preserved_local,63126bbbff530cf782cac1f9a75a634265273b343f0634bdadb9f42239558b68,8a254a43f995f67302bf8940bbbce78440bf70f525bd61e582be7aea1912e037,63126bbbff530cf782cac1f9a75a634265273b343f0634bdadb9f42239558b68,True
SMRobotMotionPlanning/ProjectMotionPlanning/include/ProjectMotionPlanning/CdfJointAngleImport.h,local_only_file,preserved_local,61b3be452503d5ab46753b30909e9830a6b6eda0511781e39dd7e519eeba32b8,,61b3be452503d5ab46753b30909e9830a6b6eda0511781e39dd7e519eeba32b8,True
SMRobotMotionPlanning/ProjectMotionPlanning/include/ProjectMotionPlanning/CdfQpTrajectoryRepair.h,local_only_file,preserved_local,c2b7deb7a0b9755dd46200c570d71b75a8c846e62054a2459fd111898adcd44f,,c2b7deb7a0b9755dd46200c570d71b75a8c846e62054a2459fd111898adcd44f,True
SMRobotMotionPlanning/ProjectMotionPlanning/include/ProjectMotionPlanning/LayeredIkGraph.h,local_only_file,preserved_local,384c8f3f274b4dd5dadf17979a4ec91383102aefca5face3387f45327632e445,,384c8f3f274b4dd5dadf17979a4ec91383102aefca5face3387f45327632e445,True
SMRobotMotionPlanning/ProjectMotionPlanning/include/ProjectMotionPlanning/TrajectoryControlPointEditing.h,local_only_file,preserved_local,baa7bee7b08e510240bf6592417773e6e5af0185b253c88bd31682476f6ebeae,,baa7bee7b08e510240bf6592417773e6e5af0185b253c88bd31682476f6ebeae,True
SMRobotMotionPlanning/ProjectMotionPlanning/include/ProjectMotionPlanning/TrajectoryImport.h,local_only_file,preserved_local,dbf38ed4c4a2f8e8dc07248fdca849c7e47a6c14f25257b871909e4802817fa7,,dbf38ed4c4a2f8e8dc07248fdca849c7e47a6c14f25257b871909e4802817fa7,True
SMRobotMotionPlanning/ProjectMotionPlanning/include/ProjectMotionPlanning/TrajectoryInverseKinematics.h,local_only_file,preserved_local,efe16d439e434c662fca3ad90527ae5ae491611661245045fc09ab7e0f80e5b1,,efe16d439e434c662fca3ad90527ae5ae491611661245045fc09ab7e0f80e5b1,True
SMRobotMotionPlanning/ProjectMotionPlanning/regression/ProjectMotionPlanningHeadless/ApfLocalPlannerTests.cpp,local_only_file,preserved_local,c4ca9e44bbdf836fa314f9e336f1bc78befdedcb7e7dd78274ab6442512d0998,,c4ca9e44bbdf836fa314f9e336f1bc78befdedcb7e7dd78274ab6442512d0998,True
SMRobotMotionPlanning/ProjectMotionPlanning/regression/ProjectMotionPlanningHeadless/CMakeLists.txt,changed,preserved_local,99d77cd7efeb50b06c38ac01cc44b39a2412db78814ac95f4336a12a22c0abeb,5d9b8b6f42f65df012e17e54b25157dace83f1512ea88ca056cb50b9568bb8e6,99d77cd7efeb50b06c38ac01cc44b39a2412db78814ac95f4336a12a22c0abeb,True
SMRobotMotionPlanning/ProjectMotionPlanning/regression/ProjectMotionPlanningHeadless/LayeredIkGraphTests.cpp,local_only_file,preserved_local,1c3d62c98b0d2bc90c43d46d3d16f6c8c5e027a5cc7a37f408efed4f8503acda,,1c3d62c98b0d2bc90c43d46d3d16f6c8c5e027a5cc7a37f408efed4f8503acda,True
SMRobotMotionPlanning/ProjectMotionPlanning/regression/ProjectMotionPlanningHeadless/apf_periodic.txt,local_only_file,preserved_local,d43ad3a28b73d820d479d0edc60d50cceceb58725f612587bf2932d72c3c275b,,d43ad3a28b73d820d479d0edc60d50cceceb58725f612587bf2932d72c3c275b,True
SMRobotMotionPlanning/ProjectMotionPlanning/regression/ProjectMotionPlanningHeadless/apf_wrap_boundary.txt,local_only_file,preserved_local,8b9942ed5ad01436002efed3835cfc0fe80efdc2b58c279058edd09c9f3e828a,,8b9942ed5ad01436002efed3835cfc0fe80efdc2b58c279058edd09c9f3e828a,True
SMRobotMotionPlanning/ProjectMotionPlanning/regression/ProjectMotionPlanningHeadless/main.cpp,changed,preserved_local,af8c1aa6e26331dfeff4d1a4735878a420fe863bada61b5458ca2c2b5e3eacfd,6ea792607cc8281169e6b1737f59eab291e880687f1faf6df094c07f5228bd9d,af8c1aa6e26331dfeff4d1a4735878a420fe863bada61b5458ca2c2b5e3eacfd,True
SMRobotMotionPlanning/ProjectMotionPlanning/src/ApfLocalPlanner.cpp,local_only_file,preserved_local,eb604271bb3ffe2c324713aa61d84fcbd3a5fc7c0c8dacf09d197522ee9bd685,,eb604271bb3ffe2c324713aa61d84fcbd3a5fc7c0c8dacf09d197522ee9bd685,True
SMRobotMotionPlanning/ProjectMotionPlanning/src/ApfLocalPlanner.h,local_only_file,preserved_local,6f6f687e9e04082b0ae39bc5cf14941e996d1e03334e49421908f2121eb97ca6,,6f6f687e9e04082b0ae39bc5cf14941e996d1e03334e49421908f2121eb97ca6,True
SMRobotMotionPlanning/ProjectMotionPlanning/src/CdfDistanceField.h,local_only_file,preserved_local,a9df1247b77ed11d3052017df3eef7bc1aed3f74066cb39769f13e2a57f9a0cb,,a9df1247b77ed11d3052017df3eef7bc1aed3f74066cb39769f13e2a57f9a0cb,True
SMRobotMotionPlanning/ProjectMotionPlanning/src/CdfJointAngleImport.cpp,local_only_file,preserved_local,db89e8c7fc5d1031b3782422e300eddc81c0f0db0090a1fcce721a1503b8361e,,db89e8c7fc5d1031b3782422e300eddc81c0f0db0090a1fcce721a1503b8361e,True
SMRobotMotionPlanning/ProjectMotionPlanning/src/CdfQpTrajectoryRepair.cpp,local_only_file,preserved_local,59cca87a225f09fc88e80a7d182b3a46c0a97965c8dff4a2257961f2aca4b9da,,59cca87a225f09fc88e80a7d182b3a46c0a97965c8dff4a2257961f2aca4b9da,True
SMRobotMotionPlanning/ProjectMotionPlanning/src/CdfQueryBatch.cpp,local_only_file,preserved_local,918580e9f2eeb907982c35ba457c9d9f88b448f46bf1bc052d0407d129805505,,918580e9f2eeb907982c35ba457c9d9f88b448f46bf1bc052d0407d129805505,True
SMRobotMotionPlanning/ProjectMotionPlanning/src/CdfQueryBatch.h,local_only_file,preserved_local,ccb7c68cd5590864f4ed4ee42840cf53a7775b0d9770460a006a269d7aedb43d,,ccb7c68cd5590864f4ed4ee42840cf53a7775b0d9770460a006a269d7aedb43d,True
SMRobotMotionPlanning/ProjectMotionPlanning/src/LayeredIkGraph.cpp,local_only_file,preserved_local,0a6db8c8557762d28d5f16b5c6ab36523fdfb3158c8b50691c603efcbb849030,,0a6db8c8557762d28d5f16b5c6ab36523fdfb3158c8b50691c603efcbb849030,True
SMRobotMotionPlanning/ProjectMotionPlanning/src/PathRefinement.cpp,local_only_file,preserved_local,08df0f9a2d6ebed55ff53bc72b01c0cba14760d3c0e41e572c754888525a20fc,,08df0f9a2d6ebed55ff53bc72b01c0cba14760d3c0e41e572c754888525a20fc,True
SMRobotMotionPlanning/ProjectMotionPlanning/src/PathRefinement.h,local_only_file,preserved_local,c317d9ee357753eddb4e3d1692bb5078c11472b4d7e8d9cb4e4518b496d98873,,c317d9ee357753eddb4e3d1692bb5078c11472b4d7e8d9cb4e4518b496d98873,True
SMRobotMotionPlanning/ProjectMotionPlanning/src/ProjectMotionPlanning.cpp,changed,preserved_local,adec4e77842a0a37542114619b4a32b30621ac38828b2b403f246229f4843cf6,c9a5e591ebe804229ff2354817786ffc0a15a6dcdfef3f7be4260bcfbc48f801,adec4e77842a0a37542114619b4a32b30621ac38828b2b403f246229f4843cf6,True
SMRobotMotionPlanning/ProjectMotionPlanning/src/TrajectoryControlPointEditing.cpp,local_only_file,preserved_local,2e9a87ff64a5d3b5be2593f9883690bd598f6528c4bdf4c5437531ffbfd533b7,,2e9a87ff64a5d3b5be2593f9883690bd598f6528c4bdf4c5437531ffbfd533b7,True
SMRobotMotionPlanning/ProjectMotionPlanning/src/TrajectoryImport.cpp,local_only_file,preserved_local,0165a57cfea19a311a90868079e33600e77f6bdb9c97af58b8f2879fdb9e2eaa,,0165a57cfea19a311a90868079e33600e77f6bdb9c97af58b8f2879fdb9e2eaa,True
SMRobotMotionPlanning/ProjectMotionPlanning/src/TrajectoryInverseKinematics.cpp,local_only_file,preserved_local,d53af87f7cfe7cd19d129f44e936013448723a9fb847f17f06d9a9cd0295f314,,d53af87f7cfe7cd19d129f44e936013448723a9fb847f17f06d9a9cd0295f314,True
SimWorkbench/SMRobotWorkbenchCollisionConfig/CollisionConfigWorkbench/CollisionDetectorConfig/CMakeLists.txt,changed,incoming,bc0366693bf0959d1e922a648b5ca4c5f9b9d21c3662ad735129988b11e28251,d4dba3720eb8814cef2cf5cf3d0cbc4ed593bb50bbbb5a4f4f48baf9f51182e4,d4dba3720eb8814cef2cf5cf3d0cbc4ed593bb50bbbb5a4f4f48baf9f51182e4,True
SimWorkbench/SMRobotWorkbenchCollisionConfig/CollisionConfigWorkbench/CollisionDetectorConfig/CollisionConfigWorkbenchLifecycle.cpp,changed,incoming,f89fb1d856cecbe474aa359a2b0e47af1730ad0f78d19832cf52c0eb1d23a221,40c6ec66faf8d9b80b8d6d315a9814c1d2dce2e0edb09256206b795d9471c65d,40c6ec66faf8d9b80b8d6d315a9814c1d2dce2e0edb09256206b795d9471c65d,True
SimWorkbench/SMRobotWorkbenchCollisionConfig/CollisionConfigWorkbench/CollisionDetectorConfig/CollisionConfigWorkbenchLifecycle.h,changed,incoming,839370c9ef89fb615f5bc106a870adc23ab24fb555a67251bd116090a710419d,4fa561f3950efd3e72f47ac90926fce00f13cbc88e2c45dc16cbc6b6e5c235dc,4fa561f3950efd3e72f47ac90926fce00f13cbc88e2c45dc16cbc6b6e5c235dc,True
SimWorkbench/SMRobotWorkbenchCollisionConfig/CollisionConfigWorkbench/CollisionDetectorConfig/CollisionConfigWorkbenchShellPort.h,added,incoming,,4f6171de06d22ab9d72b842182dd54535ecbd36d1cf7b58660cd77f4a44dd30c,4f6171de06d22ab9d72b842182dd54535ecbd36d1cf7b58660cd77f4a44dd30c,True
SimWorkbench/SMRobotWorkbenchCollisionConfig/CollisionConfigWorkbench/CollisionDetectorConfig/CollisionDetectorCommandController.cpp,changed,incoming,013f3de155ab315a2cc36c5f23510797dcb9ff6ae18e4dd3e942b9e7608fcad4,f6e27b4df71b5107259afdad71b3a17dbecc5783884a77838ede231f40c779f4,f6e27b4df71b5107259afdad71b3a17dbecc5783884a77838ede231f40c779f4,True
SimWorkbench/SMRobotWorkbenchCollisionConfig/CollisionConfigWorkbench/CollisionDetectorConfig/CollisionDetectorCommandController.h,changed,incoming,95ec6256a3a53c825556553440e49c07d67a23d5c146e205a4d0dfa62e81ab4f,5ff22a948968059acc5a562803d86d8351a8dcd11a5a6bbfffa7715cdfb71824,5ff22a948968059acc5a562803d86d8351a8dcd11a5a6bbfffa7715cdfb71824,True
SimWorkbench/SMRobotWorkbenchCollisionConfig/CollisionConfigWorkbench/CollisionDetectorConfig/CollisionDetectorConfigModuleController.cpp,changed,incoming,b80f299bd73398c3853bcef8905b5ddff8fa58174529676cde36fb894b6f7124,930d1a0d40044b4891942d74e8b4f81b587d171833d0fc401443622cc7e80e49,930d1a0d40044b4891942d74e8b4f81b587d171833d0fc401443622cc7e80e49,True
SimWorkbench/SMRobotWorkbenchCollisionConfig/CollisionConfigWorkbench/CollisionDetectorConfig/CollisionDetectorConfigModuleController.h,changed,incoming,076fa52012ceb985f282976755b7b39ab78d9068f240414819bb54e5edc168d6,7714e57257c8e5b57e0d2997964759fac2e8f354845cc1443beae863e712201a,7714e57257c8e5b57e0d2997964759fac2e8f354845cc1443beae863e712201a,True
SimWorkbench/SMRobotWorkbenchCollisionConfig/CollisionConfigWorkbench/CollisionDetectorConfig/CollisionDetectorWorkbenchController.cpp,changed,incoming,d20937c0b93ce1f1a39008e4253b8250d589337247dc88b7f8ab6fdc99867942,c4da06db2f7e9d975ee7b67dbfa93dbf269b90c976502c6bbb88365d9b5ee28b,c4da06db2f7e9d975ee7b67dbfa93dbf269b90c976502c6bbb88365d9b5ee28b,True
SimWorkbench/SMRobotWorkbenchCollisionConfig/CollisionConfigWorkbench/CollisionDetectorConfig/CollisionDetectorWorkbenchDocumentFacade.cpp,changed,incoming,c534474577e33249da5bbe94f1103f68e837944b2cb40c074ac0fd4c276d4b4f,3acfa15b35de1c882346758ebaa01ea00b2c78095766fb954dcac8e27292f85a,3acfa15b35de1c882346758ebaa01ea00b2c78095766fb954dcac8e27292f85a,True
SimWorkbench/SMRobotWorkbenchCollisionConfig/CollisionConfigWorkbench/CollisionDetectorConfig/CollisionDetectorWorkbenchDocumentFacade.h,changed,incoming,7f3806290f490d60a9ba8806e368973abbe09c78b6126a0d724113a9531a1bc9,b2718b57e3fd5fa99852c1ffb10401e9a7d49b195b98996967a747881298aea5,b2718b57e3fd5fa99852c1ffb10401e9a7d49b195b98996967a747881298aea5,True
SimWorkbench/SMRobotWorkbenchCollisionConfig/CollisionConfigWorkbench/CollisionDetectorConfig/CollisionDetectorsWidget.cpp,changed,incoming,46c7c4f3e7c61b4956db7259c0a84ea5ca10590c7599a47d49934720838a4ce9,a9d450e8038594cf464f2addc5fcf2061580bd81c9aec1fd0ee6ba35e546fc79,a9d450e8038594cf464f2addc5fcf2061580bd81c9aec1fd0ee6ba35e546fc79,True
SimWorkbench/SMRobotWorkbenchCollisionConfig/CollisionConfigWorkbench/CollisionDetectorConfig/CollisionDetectorsWidget.h,changed,incoming,e40309d27d1a7e49b3b875236a8863f7a2964fe579844e54866be5f9cfa6b65e,ca2406144e25b34e653295ef00d509f9632bc5e75965100aa00dd2c06892eaa0,ca2406144e25b34e653295ef00d509f9632bc5e75965100aa00dd2c06892eaa0,True
SimWorkbench/SMRobotWorkbenchCollisionConfig/CollisionConfigWorkbench/CollisionDetectorConfig/CollisionLegacyPairDocumentFacade.cpp,local_only_file,preserved_local,39ae69ffd30771b80ef99e5c4e49825cc417829060dd3a2cbca7312ff740bfcc,,39ae69ffd30771b80ef99e5c4e49825cc417829060dd3a2cbca7312ff740bfcc,True
SimWorkbench/SMRobotWorkbenchCollisionConfig/CollisionConfigWorkbench/CollisionDetectorConfig/CollisionLegacyPairDocumentFacade.h,local_only_file,preserved_local,0916585ded5fc352bf2fcf2875e32e0922fb97adeb6b135d2017c835a4add696,,0916585ded5fc352bf2fcf2875e32e0922fb97adeb6b135d2017c835a4add696,True
SimWorkbench/SMRobotWorkbenchCollisionConfig/CollisionConfigWorkbench/CollisionDetectorConfig/CollisionLegacyPairWorkbenchController.cpp,local_only_file,preserved_local,23f9c27710c5d437e4a5984cc48cd67a23076744d5b114070c1510d1d797950b,,23f9c27710c5d437e4a5984cc48cd67a23076744d5b114070c1510d1d797950b,True
SimWorkbench/SMRobotWorkbenchCollisionConfig/CollisionConfigWorkbench/CollisionDetectorConfig/CollisionLegacyPairWorkbenchController.h,local_only_file,preserved_local,8d875cf8f28469a277394ab68d7fa4bd98ea392e76e719723dc45c29837b06d2,,8d875cf8f28469a277394ab68d7fa4bd98ea392e76e719723dc45c29837b06d2,True
SimWorkbench/SMRobotWorkbenchCollisionConfig/CollisionConfigWorkbench/CollisionDetectorConfig/CollisionLegacyPairsViewModel.h,local_only_file,preserved_local,1392bb8376f4632f78e9f2dd90a068678c9550e86219a6bdc00519ad2cfbee4c,,1392bb8376f4632f78e9f2dd90a068678c9550e86219a6bdc00519ad2cfbee4c,True
SimWorkbench/SMRobotWorkbenchCollisionConfig/CollisionConfigWorkbench/CollisionDetectorConfig/CollisionPairWorkflowController.cpp,local_only_file,preserved_local,8de7bbe0f4aa05ed648b31a69b95daf5b325c08e45591c0af7b5298877f71286,,8de7bbe0f4aa05ed648b31a69b95daf5b325c08e45591c0af7b5298877f71286,True
SimWorkbench/SMRobotWorkbenchCollisionConfig/CollisionConfigWorkbench/CollisionDetectorConfig/CollisionPairWorkflowController.h,local_only_file,preserved_local,2e537ef0b837c8155167e534fe4cd318cf9a0ad71f816b06bc1c2a5feebe35b5,,2e537ef0b837c8155167e534fe4cd318cf9a0ad71f816b06bc1c2a5feebe35b5,True
SimWorkbench/SMRobotWorkbenchCollisionConfig/CollisionConfigWorkbench/CollisionDetectorConfig/CollisionSelectionSetWorkbenchController.cpp,changed,incoming,94313f2f9d8f2b9b0b96d87e1f10da6bf574b99592f6309b5e235a35c719867e,d92461f54dd88e116e928338dde49141f5cfa2f775f1b551b72dc0256c9cf078,d92461f54dd88e116e928338dde49141f5cfa2f775f1b551b72dc0256c9cf078,True
SimWorkbench/SMRobotWorkbenchCollisionConfig/CollisionConfigWorkbench/CollisionDetectorConfig/CollisionWorkbenchModuleController.cpp,changed,incoming,7de4d933cfbbd93b8e6ab214f127002a037dad39b993a85023d92a08f31b2d78,505bbccbc2dddba8d9889ad035f01e83c6bad3c47854203e9bd04657d16882a8,505bbccbc2dddba8d9889ad035f01e83c6bad3c47854203e9bd04657d16882a8,True
SimWorkbench/SMRobotWorkbenchCollisionConfig/CollisionConfigWorkbench/CollisionDetectorConfig/CollisionWorkbenchModuleController.h,changed,incoming,51f70ec1667f2f759dd3452586c3364fd4329e5e2f48de1224cb1f83b97ad116,7c7ecd4da4cf0435d768248b0ae7cf8defe13e580ab71a6e5f53cd73f3625154,7c7ecd4da4cf0435d768248b0ae7cf8defe13e580ab71a6e5f53cd73f3625154,True
SimWorkbench/SMRobotWorkbenchCollisionConfig/CollisionConfigWorkbench/CollisionDetectorConfig/CollisionWorkbenchPanel.cpp,changed,incoming,f26d706f943d14dcec16955e2744af422b6299b79ae29bf548f0bc8da43c3803,c2f8a68451d2343ad9bf8e764169e78d0a9c9fdc8fb87502bfc5d5840545c32d,c2f8a68451d2343ad9bf8e764169e78d0a9c9fdc8fb87502bfc5d5840545c32d,True
SimWorkbench/SMRobotWorkbenchCollisionConfig/CollisionConfigWorkbench/CollisionDetectorConfig/CollisionWorkbenchPanel.h,changed,incoming,62f74a7914b678b8dbd1c0b958570fe6e689bd958dbc543e6c56f11775f60493,9db55e1bfe9227d5edd78244fd159290965a958d5ed83489d5f65ff04b31217b,9db55e1bfe9227d5edd78244fd159290965a958d5ed83489d5f65ff04b31217b,True
SimWorkbench/SMRobotWorkbenchCollisionConfig/CollisionConfigWorkbench/CollisionLinkModelSetup/CollisionLinkModelVariantCommandController.cpp,changed,incoming,b3dfe579e666c534e96ef54e5f855472d2857bfc19397f6dd2b91509b7554a66,835e9932aec510736ad9be8184d19f730b2b5b8ed9b431254265c9bdcd1ac0cb,835e9932aec510736ad9be8184d19f730b2b5b8ed9b431254265c9bdcd1ac0cb,True
SimWorkbench/SMRobotWorkbenchCollisionConfig/CollisionConfigWorkbench/CollisionLinkModelSetup/CollisionLinkModelVariantCommandController.h,changed,incoming,a9102938ef5625faa8398774ae8fa138a4596ff80d473244961cb4450b917d90,52682451abfcc242672baaf645cf25f2416437a847bc51a0e25fd19bd1408bef,52682451abfcc242672baaf645cf25f2416437a847bc51a0e25fd19bd1408bef,True
SimWorkbench/SMRobotWorkbenchCollisionConfig/CollisionConfigWorkbench/CollisionLinkModelSetup/CollisionLinkModelsCommandController.cpp,changed,incoming,ce56f985c52009079e6f53b77513ae96118027713a4070ab9ca9d9b034168e78,4114d33d4ffd07eefd66e447354f1080f091d82fef440a3c9698165e2b9a014f,4114d33d4ffd07eefd66e447354f1080f091d82fef440a3c9698165e2b9a014f,True
SimWorkbench/SMRobotWorkbenchCollisionConfig/CollisionConfigWorkbench/CollisionLinkModelSetup/CollisionLinkModelsCommandController.h,changed,incoming,c9cf95764a6c7c4fdd1f09c1404b19d3796e5b004b899f8bf0f38d3af7c40cca,6b0dd2424aa8d920760d72f4a3dff541f080c8151ca8bb60a85349f416974fb2,6b0dd2424aa8d920760d72f4a3dff541f080c8151ca8bb60a85349f416974fb2,True
SimWorkbench/SMRobotWorkbenchCollisionConfig/CollisionConfigWorkbench/CollisionLinkModelSetup/CollisionModelWorkbenchController.cpp,changed,incoming,34d397d028ca0f4634d669be5a53278c81f0a3a8e99dfec626eb2eea25443ed9,b08b7559b7be9d64a5ef4c364bacbf80cbe602b1cbfb3009d00bb23151a00297,b08b7559b7be9d64a5ef4c364bacbf80cbe602b1cbfb3009d00bb23151a00297,True
SimWorkbench/SMRobotWorkbenchCollisionConfig/CollisionConfigWorkbench/CollisionLinkModelSetup/CollisionRequestDocumentFacade.cpp,changed,incoming,0bfe574fe54f3979e352c2db8bdbca132c6766da4219ef4b4eab0f43c1bce4a8,d2a71689337c0959d59ef6e171f294c010991b91ad96026aa4714bdd83f45a91,d2a71689337c0959d59ef6e171f294c010991b91ad96026aa4714bdd83f45a91,True
SimWorkbench/SMRobotWorkbenchCollisionConfig/CollisionConfigWorkbench/CollisionLinkModelSetup/CollisionRequestDocumentFacade.h,changed,incoming,f97dcac01be4e5e7bc8343fa949f21850095d40b3fcf4a71159ba1f04c7e381a,7f6a5fd324268916c7ca6f23db369f3a84ca9182fea50c9f570f3d6077f55ef6,7f6a5fd324268916c7ca6f23db369f3a84ca9182fea50c9f570f3d6077f55ef6,True
SimWorkbench/SMRobotWorkbenchCollisionConfig/CollisionConfigWorkbench/CollisionLinkModelSetup/CollisionRequestWorkbenchController.cpp,changed,incoming,127d2ac360680021ce4d768f469069d2835fdd2954a16a1bc3cad317039e7d76,6801468afcbf243a5921e038843f57677ad8ce4ba52d458c3486aced1f4ecbdd,6801468afcbf243a5921e038843f57677ad8ce4ba52d458c3486aced1f4ecbdd,True
SimWorkbench/SMRobotWorkbenchCollisionConfig/CollisionConfigWorkbench/CollisionLinkModelSetup/regression/CollisionLinkModelsControllerSmokeTest/CMakeLists.txt,local_only_file,preserved_local,76927fc6136f335a63e2dc4b8d11ee8272db49f4466ba50c000cfc1f36d51892,,76927fc6136f335a63e2dc4b8d11ee8272db49f4466ba50c000cfc1f36d51892,True
SimWorkbench/SMRobotWorkbenchCollisionConfig/CollisionConfigWorkbench/CollisionLinkModelSetup/regression/CollisionLinkModelsControllerSmokeTest/main.cpp,local_only_file,merged_or_compatibility_adapted,2d1fd34b0df7fdc648425495fbfee16de8027aaeaaefc3f757466c7124a6ad2e,,06ddfe7899b7a97c2137108fb440581a375723c699180261d2aa1ab4c8fa51b4,True
SimWorkbench/SMRobotWorkbenchCollisionConfig/CollisionConfigWorkbench/CollisionRuntimeResults/CMakeLists.txt,changed,incoming,e869d46515117e4df8173fb3209a1797b79b24d1304ff8104bea42cc1bac03aa,011262f82eebc39a2678bac691dd7f7e3a52ea353cca0a71387330f965798880,011262f82eebc39a2678bac691dd7f7e3a52ea353cca0a71387330f965798880,True
SimWorkbench/SMRobotWorkbenchCollisionConfig/CollisionConfigWorkbench/CollisionRuntimeResults/CollisionResultDocumentFacade.cpp,local_only_file,preserved_local,bb7e69bef762636fb84efcc63bfccd505af5bec94a0b065d85da769044dca8e6,,bb7e69bef762636fb84efcc63bfccd505af5bec94a0b065d85da769044dca8e6,True
SimWorkbench/SMRobotWorkbenchCollisionConfig/CollisionConfigWorkbench/CollisionRuntimeResults/CollisionResultDocumentFacade.h,local_only_file,preserved_local,56bcc708a356e8438112a375fcf1973957a535c789bd10e7649357b48fcb8dff,,56bcc708a356e8438112a375fcf1973957a535c789bd10e7649357b48fcb8dff,True
SimWorkbench/SMRobotWorkbenchCollisionConfig/CollisionConfigWorkbench/CollisionRuntimeResults/CollisionResultViewController.cpp,changed,incoming,55aa01a2f0fb285951f9736abf30877a72d0cbbace9c9de0a0a312848efbf10a,c3686c89ccd3a29b0852d6a9d2dc6cbc269a5512bb6125a9dfde44dee0fdb098,c3686c89ccd3a29b0852d6a9d2dc6cbc269a5512bb6125a9dfde44dee0fdb098,True
SimWorkbench/SMRobotWorkbenchCollisionConfig/CollisionConfigWorkbench/CollisionRuntimeResults/CollisionResultsController.cpp,local_only_file,preserved_local,27b4d86ad18d7128c691140278e5e27cc0409b23f8bd4bcb4512c4c48bfbe4e7,,27b4d86ad18d7128c691140278e5e27cc0409b23f8bd4bcb4512c4c48bfbe4e7,True
SimWorkbench/SMRobotWorkbenchCollisionConfig/CollisionConfigWorkbench/CollisionRuntimeResults/CollisionResultsController.h,local_only_file,preserved_local,9dc9bf24ce74af538194e5e10a08b92d00083dfb109dd4a5a0257a3f70b141e7,,9dc9bf24ce74af538194e5e10a08b92d00083dfb109dd4a5a0257a3f70b141e7,True
SimWorkbench/SMRobotWorkbenchCollisionConfig/CollisionConfigWorkbench/CollisionRuntimeResults/CollisionResultsViewModel.h,local_only_file,preserved_local,743eb03a76a24d8d4d9173d7902e02a1293a78e85a75e3209557c821abc1062d,,743eb03a76a24d8d4d9173d7902e02a1293a78e85a75e3209557c821abc1062d,True
SimWorkbench/SMRobotWorkbenchCollisionConfig/CollisionConfigWorkbench/CollisionRuntimeResults/CollisionResultsWidget.cpp,local_only_file,preserved_local,77c0d3d6a2f426a8880aabb432142074f64c7a47512582c1f24eaf0c9aa47345,,77c0d3d6a2f426a8880aabb432142074f64c7a47512582c1f24eaf0c9aa47345,True
SimWorkbench/SMRobotWorkbenchCollisionConfig/CollisionConfigWorkbench/CollisionRuntimeResults/CollisionResultsWidget.h,local_only_file,preserved_local,a9f6664ac984621c47fe357816301e67d8cb3163ead28dc03da28d65e09c171a,,a9f6664ac984621c47fe357816301e67d8cb3163ead28dc03da28d65e09c171a,True
SimWorkbench/SMRobotWorkbenchCollisionConfig/CollisionConfigWorkbench/CollisionRuntimeResults/CollisionRuntimeResultsWidget.cpp,local_only_file,preserved_local,0d6f5e3bfc3593d2530c188c40a33f2b22efb2c4d25d18968ebc86229c93196d,,0d6f5e3bfc3593d2530c188c40a33f2b22efb2c4d25d18968ebc86229c93196d,True
SimWorkbench/SMRobotWorkbenchCollisionConfig/CollisionConfigWorkbench/CollisionRuntimeResults/CollisionRuntimeResultsWidget.h,local_only_file,preserved_local,dee4a3f3643d32cc05e3bcbdb8fab37f0204034cd0c2d8f3d474bab3a3e6602d,,dee4a3f3643d32cc05e3bcbdb8fab37f0204034cd0c2d8f3d474bab3a3e6602d,True
SimWorkbench/SMRobotWorkbenchCommon/CollisionRuntimeResultsView/CMakeLists.txt,added,incoming,,6d91e74637f6b58456f7a86631585ab3c9e84fde93090cfc06fe414f5220b55e,6d91e74637f6b58456f7a86631585ab3c9e84fde93090cfc06fe414f5220b55e,True
SimWorkbench/SMRobotWorkbenchCommon/CollisionRuntimeResultsView/CollisionResultDocumentFacade.cpp,added,incoming,,bb7e69bef762636fb84efcc63bfccd505af5bec94a0b065d85da769044dca8e6,bb7e69bef762636fb84efcc63bfccd505af5bec94a0b065d85da769044dca8e6,True
SimWorkbench/SMRobotWorkbenchCommon/CollisionRuntimeResultsView/CollisionResultDocumentFacade.h,added,incoming,,56bcc708a356e8438112a375fcf1973957a535c789bd10e7649357b48fcb8dff,56bcc708a356e8438112a375fcf1973957a535c789bd10e7649357b48fcb8dff,True
SimWorkbench/SMRobotWorkbenchCommon/CollisionRuntimeResultsView/CollisionResultsController.cpp,added,incoming,,27b4d86ad18d7128c691140278e5e27cc0409b23f8bd4bcb4512c4c48bfbe4e7,27b4d86ad18d7128c691140278e5e27cc0409b23f8bd4bcb4512c4c48bfbe4e7,True
SimWorkbench/SMRobotWorkbenchCommon/CollisionRuntimeResultsView/CollisionResultsController.h,added,incoming,,9dc9bf24ce74af538194e5e10a08b92d00083dfb109dd4a5a0257a3f70b141e7,9dc9bf24ce74af538194e5e10a08b92d00083dfb109dd4a5a0257a3f70b141e7,True
SimWorkbench/SMRobotWorkbenchCommon/CollisionRuntimeResultsView/CollisionResultsViewModel.h,added,incoming,,743eb03a76a24d8d4d9173d7902e02a1293a78e85a75e3209557c821abc1062d,743eb03a76a24d8d4d9173d7902e02a1293a78e85a75e3209557c821abc1062d,True
SimWorkbench/SMRobotWorkbenchCommon/CollisionRuntimeResultsView/CollisionResultsWidget.cpp,added,incoming,,9555807cf5d7b0763f7e38b136b348885dfa54809f369536ae80b3082af3cba3,9555807cf5d7b0763f7e38b136b348885dfa54809f369536ae80b3082af3cba3,True
SimWorkbench/SMRobotWorkbenchCommon/CollisionRuntimeResultsView/CollisionResultsWidget.h,added,incoming,,a9f6664ac984621c47fe357816301e67d8cb3163ead28dc03da28d65e09c171a,a9f6664ac984621c47fe357816301e67d8cb3163ead28dc03da28d65e09c171a,True
SimWorkbench/SMRobotWorkbenchCommon/CollisionRuntimeResultsView/CollisionRuntimeResultsWidget.cpp,added,incoming,,0d6f5e3bfc3593d2530c188c40a33f2b22efb2c4d25d18968ebc86229c93196d,0d6f5e3bfc3593d2530c188c40a33f2b22efb2c4d25d18968ebc86229c93196d,True
SimWorkbench/SMRobotWorkbenchCommon/CollisionRuntimeResultsView/CollisionRuntimeResultsWidget.h,added,incoming,,dee4a3f3643d32cc05e3bcbdb8fab37f0204034cd0c2d8f3d474bab3a3e6602d,dee4a3f3643d32cc05e3bcbdb8fab37f0204034cd0c2d8f3d474bab3a3e6602d,True
SimWorkbench/SMRobotWorkbenchCommon/CollisionRuntimeResultsView/TargetConfigSetting.cmake,added,incoming,,54e8391001f5bd3ec85694af2923d2281fe79a6106405672641f0703532ecca0,54e8391001f5bd3ec85694af2923d2281fe79a6106405672641f0703532ecca0,True
SimWorkbench/SMRobotWorkbenchCommon/PackageConfigSetting.cmake,changed,incoming,c40df72824327320fd2590c4ab5ca6acf79a1670d65acfaf6e2351e3e16e842a,68f399adc9c46951173ae537f7863b72f304c465503276278eec8d920f287323,68f399adc9c46951173ae537f7863b72f304c465503276278eec8d920f287323,True
SimWorkbench/SMRobotWorkbenchDigitalTwin/DigitalTwinWorkbench/DigitalTwinWorkbenchContribution.cpp,changed,incoming,5144247ec32017aa5034ee7e1e3848d9d9e87cdf733fb3ccf173b1d587f6f830,13b3ea469cb3741dc337f7d8bd76ac6f0f6841422783aa49d411b8b47885c9c2,13b3ea469cb3741dc337f7d8bd76ac6f0f6841422783aa49d411b8b47885c9c2,True
SimWorkbench/SMRobotWorkbenchDigitalTwin/DigitalTwinWorkbench/DigitalTwinWorkbenchContribution.h,changed,incoming,adfccc45fad8f45280d244e3bf5f510616ea73ef404c4720eebc9ad10f02b7f9,0252552354c40c2dd5f9ed659c7194ad299e94ef126f1d51857853fa38234252,0252552354c40c2dd5f9ed659c7194ad299e94ef126f1d51857853fa38234252,True
SimWorkbench/SMRobotWorkbenchMotionPlanning/MotionPlanningWorkbench/CMakeLists.txt,changed,preserved_local,a07e735848da9cb6366f98674c5a9edfb35da6be43e26ef4d4921925bc038ddf,8e4b4b24892ac3e98c9103f3b9032073ca5a849e72c8ad9ef0a29962183d50f6,a07e735848da9cb6366f98674c5a9edfb35da6be43e26ef4d4921925bc038ddf,True
SimWorkbench/SMRobotWorkbenchMotionPlanning/MotionPlanningWorkbench/Editor/CMakeLists.txt,changed,preserved_local,cb57b1333b9a5be3c6369437a190a92031a0b5539e2c60c5a5cd466da388be02,2fab3d7f4ae8fe5df441290ee8c2f637b6595dc46c121b798d601523a66da105,cb57b1333b9a5be3c6369437a190a92031a0b5539e2c60c5a5cd466da388be02,True
SimWorkbench/SMRobotWorkbenchMotionPlanning/MotionPlanningWorkbench/Editor/ConfigurationSelectionDialog.cpp,local_only_file,preserved_local,536b1fcedd8b7b9a01334d27d1ce8d62431e0698bc353cd2a02315ac339330cc,,536b1fcedd8b7b9a01334d27d1ce8d62431e0698bc353cd2a02315ac339330cc,True
SimWorkbench/SMRobotWorkbenchMotionPlanning/MotionPlanningWorkbench/Editor/ConfigurationSelectionDialog.h,local_only_file,preserved_local,96c05ae1c0e68d48aa554f9ab94cb1cafca4aa3219e1d1e3952a6814cd933c27,,96c05ae1c0e68d48aa554f9ab94cb1cafca4aa3219e1d1e3952a6814cd933c27,True
SimWorkbench/SMRobotWorkbenchMotionPlanning/MotionPlanningWorkbench/Editor/MotionPlanningEditorWidget.cpp,changed,preserved_local,c50ab6925c083744b638f66b79ad6121e440b75fe5dbbaaf4e78cc59e1057ac9,45c1f5cb4c1e713bbfad06ae9ac45343ece8598deb7df0600b11d344bf61672f,c50ab6925c083744b638f66b79ad6121e440b75fe5dbbaaf4e78cc59e1057ac9,True
SimWorkbench/SMRobotWorkbenchMotionPlanning/MotionPlanningWorkbench/Editor/MotionPlanningEditorWidget.h,changed,preserved_local,0d14e79747f6b4ac43a5ea2c3e17e213b5130b9e7e6f8ce29e80709b455c334f,71b6c691c9362c1369d2c188335100591a74bb9ad3a24190a4208e3acea77981,0d14e79747f6b4ac43a5ea2c3e17e213b5130b9e7e6f8ce29e80709b455c334f,True
SimWorkbench/SMRobotWorkbenchMotionPlanning/MotionPlanningWorkbench/Editor/MotionPlanningModuleController.cpp,changed,merged_or_compatibility_adapted,8938b80c00c939a666883561dc6ac8a2ce1e7934f027e518ba57367bf7146d3d,c4bf59db9fd4554f672f12c11674d1dd35b386f39f894e2aba0c2ab8f930dc67,0c00eb80a9d52d66fc95f0db7bffd1e7d328f6d66437d22c347f58d216f66fbf,True
SimWorkbench/SMRobotWorkbenchMotionPlanning/MotionPlanningWorkbench/Editor/MotionPlanningModuleController.h,changed,merged_or_compatibility_adapted,0599a04931755ad701487d1e0d769fe54b026caeeb4a9fdbd76b70142b689474,0e6d706c020f510c8cdd18bd3951ba46fb0f42f27dda76b36ad4eb03ded23fe2,e4b4db6f7295d4099857b40917e521c29522d55402bc35d72621a12bacfbda25,True
SimWorkbench/SMRobotWorkbenchMotionPlanning/MotionPlanningWorkbench/Editor/MotionPlanningWorkbenchLifecycle.cpp,changed,incoming,27b556662cf782f9d9eb0d736bb5bdef7af7b01f72336be9741254fd9525eb7b,3e361353b5bb297a4c8ca780b59227fbb05548bd44f53ce77a56a1ba116eb823,3e361353b5bb297a4c8ca780b59227fbb05548bd44f53ce77a56a1ba116eb823,True
SimWorkbench/SMRobotWorkbenchMotionPlanning/MotionPlanningWorkbench/Editor/MotionPlanningWorkbenchLifecycle.h,changed,incoming,4b1c081749056dd993c9d0326fae2123738117259813ccc9899dc268a7baef7f,c79be1d15a943ba9ba2e098402801ac4e223924a734629c8127d55bc093c53fa,c79be1d15a943ba9ba2e098402801ac4e223924a734629c8127d55bc093c53fa,True
SimWorkbench/SMRobotWorkbenchMotionPlanning/MotionPlanningWorkbench/TargetConfigSetting.cmake,changed,preserved_local,049374f622af5914538293516bd15a88fe557dbbe61fcf55bfbf6fa92783c35e,f8d880db9e3e82ce835d6ea704e356078673938a6e62882538b221df2834f761,049374f622af5914538293516bd15a88fe557dbbe61fcf55bfbf6fa92783c35e,True
SimWorkbench/SMRobotWorkbenchPaintingAnalysis/PaintingAnalysisWorkbench/CoatingAnalysisModuleController.cpp,changed,incoming,8b83861fc326158f73c0db54424280434053ada677a48dbaa3d3cac9f3932681,774c795b560b828ead20b9dcd766d5567c3b5c8b854d97d4b4a2de8dc6b310b7,774c795b560b828ead20b9dcd766d5567c3b5c8b854d97d4b4a2de8dc6b310b7,True
SimWorkbench/SMRobotWorkbenchPaintingAnalysis/PaintingAnalysisWorkbench/CoatingAnalysisWorkbenchLifecycle.cpp,changed,incoming,d1c99e9b24c4439854cd50c1f0cff72b03d0d05778b1f7f481824226da81f7c7,af521ae28635ef3502bb9ba0dccb2d1eac5ea087f11872a611833f99babd141c,af521ae28635ef3502bb9ba0dccb2d1eac5ea087f11872a611833f99babd141c,True
SimWorkbench/SMRobotWorkbenchPaintingAnalysis/PaintingAnalysisWorkbench/CoatingAnalysisWorkbenchLifecycle.h,changed,incoming,2a3e629f28da1098ac830b4eb01eb14f5d7456876d8ac08d232f705a38d591d5,f6f02d04caf9a1ba057edec46f4f28493b812ce359fde69e6147c37ecca556a0,f6f02d04caf9a1ba057edec46f4f28493b812ce359fde69e6147c37ecca556a0,True
SimWorkbench/SMRobotWorkbenchProjectAssembly/ProjectAssemblyWorkbench/Editors/ToolAssetEditorWidget.cpp,changed,incoming,8fc1f2f32be22665d98bf934b9b4564c7026d8b333c1e88f2517e9b30682e3bc,3dd31b0573722da02e497d91edfbdef3dcb78474d76ffbd3493e5533cc2a2cc3,3dd31b0573722da02e497d91edfbdef3dcb78474d76ffbd3493e5533cc2a2cc3,True
SimWorkbench/SMRobotWorkbenchProjectAssembly/ProjectAssemblyWorkbench/Editors/ToolAssetEditorWidget.h,changed,incoming,987f1734b0937c87b8013ab18d93b1de6d06a981207cd2dc6e969a38a83f58b3,7f4981fdb0f8b8ee32641f8057c2e19ce9c49753627a8b581a472debe6def8de,7f4981fdb0f8b8ee32641f8057c2e19ce9c49753627a8b581a472debe6def8de,True
SimWorkbench/SMRobotWorkbenchProjectAssembly/ProjectAssemblyWorkbench/SceneExplorer/CMakeLists.txt,changed,incoming,78b8c3ae55d1898c8e42c4f8ad30bf71b7a3fd21c4e7e0d467b95147f0b63a66,5f2ee761ce9cf10b9895d7fb4d2a58a93a517d7859406b10a497e94367e93a2e,5f2ee761ce9cf10b9895d7fb4d2a58a93a517d7859406b10a497e94367e93a2e,True
SimWorkbench/SMRobotWorkbenchProjectAssembly/ProjectAssemblyWorkbench/SceneExplorer/SceneExplorerModuleController.cpp,changed,incoming,1b09c9e8bea11b34689b23b98641f8dfd353c121f4a016fe2d67d4d2043ade7c,9e7a64e3480a9696dbb1c7b569caa11edb7e9987bef5cbbd02ad6f6975b6b19b,9e7a64e3480a9696dbb1c7b569caa11edb7e9987bef5cbbd02ad6f6975b6b19b,True
SimWorkbench/SMRobotWorkbenchProjectAssembly/ProjectAssemblyWorkbench/SceneExplorer/SceneExplorerModuleController.h,changed,incoming,ffebc51f1d4a6b6dade90bba95f025001de97bcd422d9a80630a59ff0405bff0,da1eee50a3fd8204cd1b9205b04ee6a4e8ae43f6162888a92ed84bca2cad47e7,da1eee50a3fd8204cd1b9205b04ee6a4e8ae43f6162888a92ed84bca2cad47e7,True
SimWorkbench/SMRobotWorkbenchProjectAssembly/ProjectAssemblyWorkbench/SceneExplorer/SceneExplorerTaskWidget.cpp,changed,incoming,6bb51e8d224b1eae7b6187dd65d7ae720ead917d84b4736a157232b6100de928,3ff613363fd3301b42847fc3147f48fe531f1a4d40a847933c022b40c53f60bc,3ff613363fd3301b42847fc3147f48fe531f1a4d40a847933c022b40c53f60bc,True
SimWorkbench/SMRobotWorkbenchProjectAssembly/ProjectAssemblyWorkbench/SceneExplorer/SceneExplorerViewModelBuilder.cpp,changed,incoming,f5f5cf53bb95532f010a783a27597d1d993b30c190750dc649bbf3aec72ba623,37982ece1af9523737f9e443ad5c09223079dc1da33591aa4ae158586ba153c9,37982ece1af9523737f9e443ad5c09223079dc1da33591aa4ae158586ba153c9,True
SimWorkbench/SMRobotWorkbenchProjectAssembly/ProjectAssemblyWorkbench/SceneExplorer/SceneExplorerWorkbenchLifecycle.cpp,added,incoming,,cf56ac7b5b0dc76856319a6f199bfaaa556a26f72f4756750e95d9c87c05568a,cf56ac7b5b0dc76856319a6f199bfaaa556a26f72f4756750e95d9c87c05568a,True
SimWorkbench/SMRobotWorkbenchProjectAssembly/ProjectAssemblyWorkbench/SceneExplorer/SceneExplorerWorkbenchLifecycle.h,added,incoming,,abeb5f5f70b78ff4016ffe5cd42f293a03aeb8d63b45f04778ff51f6576902ee,abeb5f5f70b78ff4016ffe5cd42f293a03aeb8d63b45f04778ff51f6576902ee,True
SimWorkbench/SMRobotWorkbenchProjectAssembly/ProjectAssemblyWorkbench/SceneExplorer/SceneExplorerWorkbenchShellPort.h,added,incoming,,3e46a12127c070a1c547d7ff42c7ed217c1841f127597847c9b04ddb260fce0c,3e46a12127c070a1c547d7ff42c7ed217c1841f127597847c9b04ddb260fce0c,True
SimWorkbench/SMRobotWorkbenchProjectAssembly/ProjectAssemblyWorkbench/ToolSetup/CMakeLists.txt,changed,incoming,d34875298c51034b954ce26189a1df33f98dffbb99355b60f12ee04d541fadd6,e363c76b609b8a3cc27916aa57ef60a6991ea4c0f407428ee5256eca5e919e0f,e363c76b609b8a3cc27916aa57ef60a6991ea4c0f407428ee5256eca5e919e0f,True
SimWorkbench/SMRobotWorkbenchProjectAssembly/ProjectAssemblyWorkbench/ToolSetup/ToolSetupAttachmentDefinitionTaskController.cpp,added,incoming,,b469aacdf0faed7e108986305e0e0a2174c69cbaa883931498c153c1eee75ec2,b469aacdf0faed7e108986305e0e0a2174c69cbaa883931498c153c1eee75ec2,True
SimWorkbench/SMRobotWorkbenchProjectAssembly/ProjectAssemblyWorkbench/ToolSetup/ToolSetupInstalledDeviceTaskController.cpp,added,incoming,,bd25095931f8ee0a9064ca0843efde6de4aec39f9059223913acc728eb0a65e4,bd25095931f8ee0a9064ca0843efde6de4aec39f9059223913acc728eb0a65e4,True
SimWorkbench/SMRobotWorkbenchProjectAssembly/ProjectAssemblyWorkbench/ToolSetup/ToolSetupModuleController.cpp,changed,incoming,14a424e3e3b75d46d3443f8320f8a6c0616ba84d423ac44c4c626c345e2d35ab,e295c813570e0b909d13b497e532097b678c207b48677c66cb68886155717c7b,e295c813570e0b909d13b497e532097b678c207b48677c66cb68886155717c7b,True
SimWorkbench/SMRobotWorkbenchProjectAssembly/ProjectAssemblyWorkbench/ToolSetup/ToolSetupModuleController.h,changed,incoming,5a1b14b73ff2c66269caeb464dd588786ed4f0c8879c021f977e45831e9dcb96,3476fd775cab4e39fee9fe6231718141034ca69ab63ba7f19158fc6d52bf778c,3476fd775cab4e39fee9fe6231718141034ca69ab63ba7f19158fc6d52bf778c,True
SimWorkbench/SMRobotWorkbenchProjectAssembly/ProjectAssemblyWorkbench/ToolSetup/ToolSetupMountFrameTaskController.cpp,added,incoming,,013ecb8614c021c4f2c1080746698525497ab7b73ab8b9a7b3b701dc902d4d69,013ecb8614c021c4f2c1080746698525497ab7b73ab8b9a7b3b701dc902d4d69,True
SimWorkbench/SMRobotWorkbenchProjectAssembly/ProjectAssemblyWorkbench/ToolSetup/ToolSetupObjectBindingTaskController.cpp,added,incoming,,a20228d1e6a0980c3d397375ba751487b57f1b44bfd117bc50fa31bfdf141ba9,a20228d1e6a0980c3d397375ba751487b57f1b44bfd117bc50fa31bfdf141ba9,True
SimWorkbench/SMRobotWorkbenchProjectAssembly/ProjectAssemblyWorkbench/ToolSetup/ToolSetupTaskControllers.h,added,incoming,,7321616b8e8c3b46b5ef38d077f7e2568540094f62f914e229378f76a1465431,7321616b8e8c3b46b5ef38d077f7e2568540094f62f914e229378f76a1465431,True
SimWorkbench/SMRobotWorkbenchProjectAssembly/ProjectAssemblyWorkbench/ToolSetup/ToolSetupTaskSessionCoordinator.cpp,added,incoming,,0b897ba04b1dea49ae5cd747151611c0e0abf6aa9d955dba3a4f7a85852e8a8e,0b897ba04b1dea49ae5cd747151611c0e0abf6aa9d955dba3a4f7a85852e8a8e,True
SimWorkbench/SMRobotWorkbenchProjectAssembly/ProjectAssemblyWorkbench/ToolSetup/ToolSetupTaskSupport.cpp,added,incoming,,6cb10d59c16fe77ffb3115c84967e611387dd32c95bb854efef1d50f6711c307,6cb10d59c16fe77ffb3115c84967e611387dd32c95bb854efef1d50f6711c307,True
SimWorkbench/SMRobotWorkbenchProjectAssembly/ProjectAssemblyWorkbench/ToolSetup/ToolSetupTaskSupport.h,added,incoming,,54b580e7914963e559d13406a39964ddc393fdc670a8a3ede7d94c87e17cef5e,54b580e7914963e559d13406a39964ddc393fdc670a8a3ede7d94c87e17cef5e,True
SimWorkbench/SMRobotWorkbenchProjectAssembly/ProjectAssemblyWorkbench/ToolSetup/ToolSetupViewModelBuilder.cpp,changed,incoming,65b0f513a590c9631032031922f787ae00ac4c098f5e77edf4c6a46d375c1a48,2c95de6078b1543bf88bbed8ec3de46d0f1240680d4742d2cd3ce39a6756815e,2c95de6078b1543bf88bbed8ec3de46d0f1240680d4742d2cd3ce39a6756815e,True
SimWorkbench/SMRobotWorkbenchProjectAssembly/ProjectAssemblyWorkbench/ToolSetup/ToolSetupWidget.cpp,changed,incoming,3614deb6bddb732f46888f73a8e403ac8404217dd4514670b9f2df140d3aabfd,310a59bcf1de097ec12667c431102ca32c374ed1ec9d69e5441dd6403a498792,310a59bcf1de097ec12667c431102ca32c374ed1ec9d69e5441dd6403a498792,True
SimWorkbench/SMRobotWorkbenchProjectAssembly/ProjectAssemblyWorkbench/ToolSetup/ToolSetupWidget.h,changed,incoming,cbbcef81ab09f8c7a3b0480171f91badbe4d35e816b37e927ebdab5a465bf289,abd95a51b8261784d23cdb884933439f271e20c2141b1007c4c352cbdf6e8a72,abd95a51b8261784d23cdb884933439f271e20c2141b1007c4c352cbdf6e8a72,True
SimWorkbench/SMRobotWorkbenchProjectAssembly/ProjectAssemblyWorkbench/ToolSetup/ToolSetupWorkbenchLifecycle.cpp,changed,incoming,4acfb511d72039125b45abbd0b97bd7eef04dae84a11c70771c581cf0c0107d1,6652f12609bf1a3d176f5eb4e4cafe28c13624490f75b2c9e2049d30fa6d8c90,6652f12609bf1a3d176f5eb4e4cafe28c13624490f75b2c9e2049d30fa6d8c90,True
SimWorkbench/SMRobotWorkbenchProjectAssembly/ProjectAssemblyWorkbench/ToolSetup/ToolSetupWorkbenchLifecycle.h,changed,incoming,4d5f3e0591f8f1e6bf1421ddaeebe393906066818a43e9706e72c19da1815791,7432b6addc2c49ae2fb72f78182f11020ebb09221d24b2c62571d00a77113b43,7432b6addc2c49ae2fb72f78182f11020ebb09221d24b2c62571d00a77113b43,True
SimWorkbench/SMRobotWorkbenchProjectAssembly/ProjectAssemblyWorkbench/ToolSetup/ToolSetupWorkbenchShellPort.h,added,incoming,,9918bd3eeee79a7f2f0be646c6530de77a21fd9ec863cb633a56605aeb004f71,9918bd3eeee79a7f2f0be646c6530de77a21fd9ec863cb633a56605aeb004f71,True
SimWorkbench/SMRobotWorkbenchRobotRun/RobotRunWorkbench/CMakeLists.txt,changed,incoming,ce15c707bddb2352a6181847541fe2b45415096796629eff3a15b85c3307f2ec,2cbca607363e3f3355f60f2fa3ae7617794f1f3e418e0fd23c9831fd317fe636,2cbca607363e3f3355f60f2fa3ae7617794f1f3e418e0fd23c9831fd317fe636,True
SimWorkbench/SMRobotWorkbenchRobotRun/RobotRunWorkbench/MotionControl/CMakeLists.txt,changed,incoming,99507b9af516dd1b4d6dc42aa07393c76c98fa5948364dff7fa4208f17a7e475,1ba827a5873dd787c1afb8e0471d9f356a5dae1a4aa3fe4da9f8f19bb2aaea2b,1ba827a5873dd787c1afb8e0471d9f356a5dae1a4aa3fe4da9f8f19bb2aaea2b,True
SimWorkbench/SMRobotWorkbenchRobotRun/RobotRunWorkbench/MotionControl/MotionControlModuleController.cpp,changed,incoming,644a0d85626bd858aa3d37ddf6a8ac9177a11d5708a878b4908a4ae3c61e587d,29b6f232e96f42ed37dd77c4f8cacf4a18f8810085d0c56b0ff64075b60a216e,29b6f232e96f42ed37dd77c4f8cacf4a18f8810085d0c56b0ff64075b60a216e,True
SimWorkbench/SMRobotWorkbenchRobotRun/RobotRunWorkbench/MotionControl/MotionControlModuleController.h,changed,incoming,9c197017d11a1bf9b73e5267f43cf76c5c6e420c2318758557fbd0e3d43b6209,91d13ae14e8eb97ddd16913b3d35aed9d71e888891332a672a3abd1ccc0b1ec5,91d13ae14e8eb97ddd16913b3d35aed9d71e888891332a672a3abd1ccc0b1ec5,True
SimWorkbench/SMRobotWorkbenchRobotRun/RobotRunWorkbench/MotionControl/MotionControlWidget.cpp,changed,incoming,7ff60866a8c587291c7c4056f69759cca863223782a1d969fa417284941d72e6,2a8326dfcebf81613a7a03a31787d4f718ca4aede9b2574443e414eac663816f,2a8326dfcebf81613a7a03a31787d4f718ca4aede9b2574443e414eac663816f,True
SimWorkbench/SMRobotWorkbenchRobotRun/RobotRunWorkbench/MotionControl/MotionControlWidget.h,changed,incoming,05092a2d4dc2f865451f1a2bc31c27261605abf36e8167946590e054683b21dd,5bf9ec07c5f647ed54a6f4c2b3c76280b2ad3113015808cc9c5dc354ae5527d0,5bf9ec07c5f647ed54a6f4c2b3c76280b2ad3113015808cc9c5dc354ae5527d0,True
SimWorkbench/SMRobotWorkbenchRobotRun/RobotRunWorkbench/MotionControl/RobotRunWorkbenchLifecycle.cpp,changed,incoming,28fe2d134fa7251f99ec3212ab0517035b6673eb91fbbad6cbf09775f6043e57,3f09c630694de48317067afc15df4cbd4630bb529d094db84a13f4680a14e865,3f09c630694de48317067afc15df4cbd4630bb529d094db84a13f4680a14e865,True
SimWorkbench/SMRobotWorkbenchRobotRun/RobotRunWorkbench/MotionControl/RobotRunWorkbenchLifecycle.h,changed,incoming,697bd99942011c9385e2901780a9613dbac2667145632401801a0bc709114a63,367c9b73df14c5a8299eb0f991dff943d1776f69acd606956b6a023c4d9aae8c,367c9b73df14c5a8299eb0f991dff943d1776f69acd606956b6a023c4d9aae8c,True
SimWorkbench/SMRobotWorkbenchRobotRun/RobotRunWorkbench/MotionControl/RobotRunWorkbenchShellPort.h,added,incoming,,02585b81561786b63b19325ea9d850cbfa76fdf2a82ac2484eac6ff85b1f5704,02585b81561786b63b19325ea9d850cbfa76fdf2a82ac2484eac6ff85b1f5704,True
SimWorkbench/SMRobotWorkbenchRobotRun/RobotRunWorkbench/TargetConfigSetting.cmake,changed,incoming,efc37c215433390ccff0e60a64354f1830feb40d3deda57a8f031f953c617b02,a21ad273e40e5f0641b30c46bdc51bb0ab7b0b8a9d17458a4042bb1d1c230240,a21ad273e40e5f0641b30c46bdc51bb0ab7b0b8a9d17458a4042bb1d1c230240,True
SimWorkbench/SMRobotWorkbenchSprayProcess/SprayProcessWorkbench/SprayProcessWorkbenchContribution.cpp,changed,incoming,21c2111e00d74936838c81d118aa542bc8f9451149edeffea98d7f55424bfe62,454a54d171fe9ab18518b54347f3bb88a80c39756cd34bd4a9f67e41b9e6c861,454a54d171fe9ab18518b54347f3bb88a80c39756cd34bd4a9f67e41b9e6c861,True
SimWorkbench/SMRobotWorkbenchSprayProcess/SprayProcessWorkbench/SprayProcessWorkbenchContribution.h,changed,incoming,35f2b35db651a5db39939c1c72a04a81f81322d3d82a6819178fed3ac01114ed,0bcad3209dfa9a1514eb188fffdfc7f17040a8570fddbc626e624faac8d59a0d,0bcad3209dfa9a1514eb188fffdfc7f17040a8570fddbc626e624faac8d59a0d,True
cmake/AuditSmRobotSdkExportSnapshot.cmake,local_only_file,preserved_local,9e73b6363a726002e98be93e4e1cf986c4fb6b677118ce8bc483ffa6d907993d,,9e73b6363a726002e98be93e4e1cf986c4fb6b677118ce8bc483ffa6d907993d,True
cmake/CheckCollisionInstalledHeaders.cmake,added,incoming,,042d49c0a31b1c690f71abf0e6cfddb97929a037a0f8ff40be7a36751bce4fd6,042d49c0a31b1c690f71abf0e6cfddb97929a037a0f8ff40be7a36751bce4fd6,True
cmake/CheckSmRobotSdkExportSnapshot.cmake,local_only_file,preserved_local,750c499be028b6530810b48681a2a73f9e01657622e4adf738f7a5c08bde419f,,750c499be028b6530810b48681a2a73f9e01657622e4adf738f7a5c08bde419f,True
cmake/CheckSmRobotSdkPackageLayout.cmake,changed,incoming,f9e5ae8502d46e2a3deb50fd67ccfc9a397e80432e5c68698392df78ac9a2ae0,c34ecd756b09fff1c067fea0efc8628761cf2d9e16f6d0c0dbe01cede3d31faf,c34ecd756b09fff1c067fea0efc8628761cf2d9e16f6d0c0dbe01cede3d31faf,True
cmake/CheckSoftwareArchitectureBoundaries.cmake,added,merged_or_compatibility_adapted,,674d3a80227b9b0d76410978e46dcaf72ede56d08721bdd5a5897031d93b3670,46ec5d87c891d9624cc93b02917564990a61a1850806d9ff8b0bfd9be18ae178,True
cmake/CreateSmRobotSdkReleaseArtifact.cmake,local_only_file,preserved_local,622d13a4e3ea5eeb6e4f023484db4a01dbd1e7eba8a743602b055bfbc5fac3d4,,622d13a4e3ea5eeb6e4f023484db4a01dbd1e7eba8a743602b055bfbc5fac3d4,True
cmake/FindPrebuiltPackages.cmake,same,merged_or_compatibility_adapted,834b2c6d77a11c793be09dcef662c66134b94679ebac54ebd662a405f7be5ea3,834b2c6d77a11c793be09dcef662c66134b94679ebac54ebd662a405f7be5ea3,87a87679dfe8d608089a949047bc9b90debed25ed713889c95a06c01179b70f4,True
cmake/FuncDef_CopyRuntimeForRelease.cmake,changed,incoming,ebbba01d2d18a2552b54f691af9a2e24316c4bbd1b20ee5c8389c918a5e37dad,f1c0a2653f46960a016d04b2202f6926b78e0b214ae988da4b3ce18870787b1d,f1c0a2653f46960a016d04b2202f6926b78e0b214ae988da4b3ce18870787b1d,True
cmake/FuncDef_ExampleCategory.cmake,changed,incoming,b140e1182b091bdc05dd1c3697be0c93501a7dc36657a1adbdeb52e6200ef2c6,f2ef9f85e2c12a177f92fd695c2bab30fb449bb45429500d4ad10380f1c8403d,f2ef9f85e2c12a177f92fd695c2bab30fb449bb45429500d4ad10380f1c8403d,True
cmake/FuncDef_GetPackageDeps.cmake,changed,preserved_local,a1984e02c3ee5ea9838982588416970670c2ca6ae5b6fae0047b71ac464997db,e39137d91e2bb57aec1a6373a47d568758675a6657dec52d5bbe6f53f532bb60,a1984e02c3ee5ea9838982588416970670c2ca6ae5b6fae0047b71ac464997db,True
cmake/FuncDef_PackageInstall.cmake,changed,incoming,917a99906cc49c3b9ec6c346bdce8ca15d12c70f062bee0b6ef2dc5cbe0f0d06,bb3c4f3fecc3bb1130a32deca6c181665567a9ac1b62c828a802308e518a5a8d,bb3c4f3fecc3bb1130a32deca6c181665567a9ac1b62c828a802308e518a5a8d,True
cmake/FuncDef_SdkPackageContent.cmake,changed,incoming,3c0c77cfe25a9f1ed044a49b179d0d0dc8ea6b0da4516a5a0e7c409e441cf57f,0bc1154dcdf8eb47660a6e9f1695268d1ecb41c1d62892ac5df1cd2609056e2b,0bc1154dcdf8eb47660a6e9f1695268d1ecb41c1d62892ac5df1cd2609056e2b,True
cmake/InstallSmRobotSdkProfile.cmake,local_only_file,preserved_local,4c320bff3aff16b1a12c0ac43eeb0125a2fb421850b531d257cd211aefb60b5c,,4c320bff3aff16b1a12c0ac43eeb0125a2fb421850b531d257cd211aefb60b5c,True
cmake/PackageCompatibility.cmake,changed,incoming,354f67e2b6d1e7731cd5e2e8480dd8fe1e553356957e761ec2fc8aa6c0801609,ce30831c7e0d030e47d27d2eaaa4877da4e04af8695a6e8c5d90489acc5e4ffb,ce30831c7e0d030e47d27d2eaaa4877da4e04af8695a6e8c5d90489acc5e4ffb,True
cmake/ProjectPackagesConfigSetting.cmake,changed,merged_or_compatibility_adapted,7a33c3ec3945d9165cd7b5f1f7d47c9b8dc9da2d81fb2637b133503cf25af9c3,97c660de11dcdc852cf47aec12c667b1f50c13c990348d91f6e98cc0c329529f,4d4de9b7ea2a3b9df2100d966e18b1a447eaee9eea11e751903dd555b16b5b15,True
cmake/RunSmRobotSdkConsumerMatrix.cmake,local_only_file,preserved_local,d0c13d7d947e0e37efc83e73d679f92eb35a77baf18a2e284621af65a2896573,,d0c13d7d947e0e37efc83e73d679f92eb35a77baf18a2e284621af65a2896573,True
cmake/TestAssetEnvironment.cmake.in,integration_added,integration_added,,,22c0818bbeb32b56c09fe82a34910050805706a47578e0f56a6f3cab3afad1cb,True
cmake/UserConfig.cmake,changed,preserved_local,e82aa0d74e54ea960ecbad243648799d5226b24641d02f72cc9be41893e82b59,86afa7c42f8328e98792dfd39efb0c7c77bcd7254c88c5a4547842c43849a1a3,e82aa0d74e54ea960ecbad243648799d5226b24641d02f72cc9be41893e82b59,True
cmake/UserConfigs/LOCAL_14390_Windows.cmake,local_only_file,preserved_local,8c211d2d8575f77920a434d5178ce67c91c3643b2d3ce3a3b975527c32549281,,8c211d2d8575f77920a434d5178ce67c91c3643b2d3ce3a3b975527c32549281,True
cmake/UserConfigs/TANGTANG_14S_Windows.cmake,local_only_file,preserved_local,389782cbfa9585a12a915cbe8ff2d19c0c1fd7487fe6a5af0e6799dfaf57980e,,389782cbfa9585a12a915cbe8ff2d19c0c1fd7487fe6a5af0e6799dfaf57980e,True
cmake/UserConfigs/TANGTANG_3090_Ubuntu.cmake,local_only_file,preserved_local,a201c1d9f9747de49cae3ac4154907fa230e6dc0d32639928b2c7adb38eb3f88,,a201c1d9f9747de49cae3ac4154907fa230e6dc0d32639928b2c7adb38eb3f88,True
cmake/UserConfigs/TANGTANG_3090_Windows.cmake,local_only_file,preserved_local,08817ad52a2e859849919e32bdb410d6d49e969ebe52d92e4b4d886b65cbe619,,08817ad52a2e859849919e32bdb410d6d49e969ebe52d92e4b4d886b65cbe619,True
cmake/UserConfigs/TANGTANG_4090_Ubuntu2204.cmake,local_only_file,preserved_local,63717f876aaad007c01f20f6524394eed432d4d945bfb717747e73ad73e13bcc,,63717f876aaad007c01f20f6524394eed432d4d945bfb717747e73ad73e13bcc,True
cmake/UserConfigs/TANGTANG_4090_Windows.cmake,changed,incoming,6dcdae4f97654fdc2f65df0355c945aba1f8b035f77a67ed95e916e9929058ca,c3132ad1fa8716269e7d97d95671581909eccc50c2d85b2c644e65475e5be770,c3132ad1fa8716269e7d97d95671581909eccc50c2d85b2c644e65475e5be770,True
cmake/UserConfigs/TANGTANG_p15v3_Ubuntu2204.cmake,local_only_file,preserved_local,8b471dba556cd7aff22811c6c7f5d355f23aa32addeb222a8308a450f3df6529,,8b471dba556cd7aff22811c6c7f5d355f23aa32addeb222a8308a450f3df6529,True
cmake/UserConfigs/TANGTANG_p15v3_Windows.cmake,local_only_file,preserved_local,eb95daf496c0669977254249829e71ec71bab0f4004d20479093ab6621a6a592,,eb95daf496c0669977254249829e71ec71bab0f4004d20479093ab6621a6a592,True
cmake/sdk_abi_baselines/SMRobotSDKExportSnapshot.stage-g-confirmed.txt,local_only_file,preserved_local,4812a2f54170e2c3551c817e65852ea9d1990394c217c3031e82678cba304d14,,4812a2f54170e2c3551c817e65852ea9d1990394c217c3031e82678cba304d14,True
cmake/sdk_abi_baselines/SMRobotSDKExportSnapshot.v1.txt,local_only_file,preserved_local,dbfc975ca2165a5edfbc6bbad82597a1d7225188b57186d5174d82dbb88f30c4,,dbfc975ca2165a5edfbc6bbad82597a1d7225188b57186d5174d82dbb88f30c4,True
cmake/sdk_abi_baselines/SMRobotSDKExportSnapshot.v2.txt,local_only_file,preserved_local,4c5bf988cbac51100f895d79d9c9b73dba72f4e49e8dad97824334a0c1835071,,4c5bf988cbac51100f895d79d9c9b73dba72f4e49e8dad97824334a0c1835071,True
cmake/sdk_abi_baselines/SMRobotSDKExportSnapshot.v3.txt,local_only_file,preserved_local,4ef695c543a00468be094a25f8af927bc7d664285401b6b870ce0260f262186f,,4ef695c543a00468be094a25f8af927bc7d664285401b6b870ce0260f262186f,True
config/platforms/base-robot.platform.json,changed,incoming,cd59c742e46ec15a943b96236d57f7a53b6194afd975e2b672215a32955d8b02,695d21a2b3feeccfe99432b58c20fccba648eea48cdc80a3323dc716efb4ffed,695d21a2b3feeccfe99432b58c20fccba648eea48cdc80a3323dc716efb4ffed,True
config/platforms/blade-spraying.platform.json,changed,incoming,56b2758eedc591f17bc753211899e34b018c516fc6dfbb564e9f1229a07e3c82,066f383675a6422e2efbfae6e8567f166312929f34d7b26de79282f981ee8f7f,066f383675a6422e2efbfae6e8567f166312929f34d7b26de79282f981ee8f7f,True
config/platforms/mobile-robot.platform.json,changed,incoming,252363f6c90111ea4c3061e8f30a57bb03d6a8f6f9f7935a2094263e56af290c,83d2b18d02dfc87f4b9aa1fcafd8e096fb0fd0586c8900339c77c283d07bc5f9,83d2b18d02dfc87f4b9aa1fcafd8e096fb0fd0586c8900339c77c283d07bc5f9,True
config/platforms/ship-sandblasting.platform.json,changed,incoming,a544b393dd04fe3ce3ff3ba596500e7505ab617326c17c21e401e152d1fb0a93,8f862d7602873706f9c1664cb8a2b79b6d1afb0dac9c203cc865054aff3a865e,8f862d7602873706f9c1664cb8a2b79b6d1afb0dac9c203cc865054aff3a865e,True
config/platforms/vla.platform.json,changed,incoming,3a0d025e3ead18f2892d22c74a7afc9e490df6fa0b3b867643fd532f393be1e5,e972c7f9876a2d169d2dff4d2041fb45d26b411747b245272ea8f237c354aec1,e972c7f9876a2d169d2dff4d2041fb45d26b411747b245272ea8f237c354aec1,True
config/projects/420.scene.20260625.json,local_only_file,preserved_local,0afb905a2b2191252a22963e847b12bbfb5a71beba1f8c126f0568dfa8c64323,,0afb905a2b2191252a22963e847b12bbfb5a71beba1f8c126f0568dfa8c64323,True
config/projects/420.scene.json,local_only_file,preserved_local,36745f68fad34f54a4b069c8bc895622d1b92cb16cf783cbe10fe1f4f75277db,,36745f68fad34f54a4b069c8bc895622d1b92cb16cf783cbe10fe1f4f75277db,True
config/projects/420.v3.scene.json,local_only_file,preserved_local,900682d049a9dd0478c6368474fccab01ef1a39524efe240945d452077ff0e2e,,900682d049a9dd0478c6368474fccab01ef1a39524efe240945d452077ff0e2e,True
config/projects/420FormalTool.v3.scene.json,local_only_file,preserved_local,cff2cc27f145de486008cd0de31363ab4a4eef50eb0ef9be1b0c6b189e998875,,cff2cc27f145de486008cd0de31363ab4a4eef50eb0ef9be1b0c6b189e998875,True
config/projects/420New.v3.scene.json,local_only_file,preserved_local,ad800be50c5f271481a5829115194fe2f872f82fdfb4d1137917aef54a08c479,,ad800be50c5f271481a5829115194fe2f872f82fdfb4d1137917aef54a08c479,True
config/projects/420SimpleTool.v3.scene.json,local_only_file,preserved_local,6c5855a59076d98df914103b060876fd8539af72b7e1cf409db7c30de231da8c,,6c5855a59076d98df914103b060876fd8539af72b7e1cf409db7c30de231da8c,True
config/projects/420SimpleTool_Collision.v3.scene.json,local_only_file,preserved_local,e57f14029895d54be887a19850475c3e9599ea3222e8e8e5c65d6415b952a4ca,,e57f14029895d54be887a19850475c3e9599ea3222e8e8e5c65d6415b952a4ca,True
config/projects/420_pcl.v3.scene.json,local_only_file,preserved_local,4a874c908ac3a01f515f80ac71d95a21a8b6d36939a03ddfc0afa00a3c183cbe,,4a874c908ac3a01f515f80ac71d95a21a8b6d36939a03ddfc0afa00a3c183cbe,True
config/projects/ABB4600-burnner.sys.json,local_only_file,preserved_local,b7a7699b653ab2ebe4ba5ad562a7cbfb1217a32754493db0223ee4db4245173c,,b7a7699b653ab2ebe4ba5ad562a7cbfb1217a32754493db0223ee4db4245173c,True
config/projects/bunny_point_cloud_robot.scene.json,local_only_file,preserved_local,ed1b32b5e3bc09d474ffde65f7f9866e23d3db6a61567c7d06ee87bbb4880a67,,ed1b32b5e3bc09d474ffde65f7f9866e23d3db6a61567c7d06ee87bbb4880a67,True
config/projects/dec-white4600-tool.sys.json,changed,preserved_local,4d169e1a65f1882ef88a2e8ddc56a7b6a148349a56eb7c8478f126434df736ab,697ca332a857f1bb73debfe8f27199ebe604999187f16e5eb9d2c2f71ec5444d,4d169e1a65f1882ef88a2e8ddc56a7b6a148349a56eb7c8478f126434df736ab,True
config/projects/dual_robot_collision.scene.json,local_only_file,preserved_local,e4f43fe732916e49fa03619cdedeb749c4c7f289400634a1d2da156ecc18413a,,e4f43fe732916e49fa03619cdedeb749c4c7f289400634a1d2da156ecc18413a,True
config/projects/iiwa_panda_burner.v3.scene.json,local_only_file,preserved_local,edc54571887b86d09a5fd3e41399056a096b22783ca9b84490144500a7974282,,edc54571887b86d09a5fd3e41399056a096b22783ca9b84490144500a7974282,True
config/projects/iiwa_panda_tool_attachment.v3.scene.json,local_only_file,preserved_local,4f07bc53d84af2c91539c0461b7e6eb92a0d41bbab1314f3fe8f6260eebfc2f0,,4f07bc53d84af2c91539c0461b7e6eb92a0d41bbab1314f3fe8f6260eebfc2f0,True
config/projects/iiwa_tool_attachment.scene.json,local_only_file,preserved_local,8f94ef25dfb36db1b5b63b83edbd545f36a26def3204f0ba9f021a585095238b,,8f94ef25dfb36db1b5b63b83edbd545f36a26def3204f0ba9f021a585095238b,True
config/projects/iiwa_tool_attachment.v3.scene.json,local_only_file,preserved_local,eb193c77943656b8cbc00f35cd6f4abe22873f7917e29e1e01ab2349c8e82119,,eb193c77943656b8cbc00f35cd6f4abe22873f7917e29e1e01ab2349c8e82119,True
config/projects/tri_robot_collision.scene.json,local_only_file,preserved_local,fe9c5c3cb7d577f5405e973a8ab5d7b4029a2498068b63d5ee05869cada50cc7,,fe9c5c3cb7d577f5405e973a8ab5d7b4029a2498068b63d5ee05869cada50cc7,True
config/translations/base.en-US.i18n.json,changed,incoming,39ab45e10e758ce08e515fd057b54e59c7c3af88e2595010e253fe057192dbb6,5aabfa091b0df068f62e875f0d2c2e0d8874a6a3241715682eabfd0ffac490a8,5aabfa091b0df068f62e875f0d2c2e0d8874a6a3241715682eabfd0ffac490a8,True
config/translations/base.zh-CN.i18n.json,changed,incoming,c30a61bd693208c394bfab7cb1152e3170c8c55fda59f6e448c9d238d9515883,b8e53c791fcc4e8c9ce875ca465393c81951bb8cdf30a72ce1aa740f9acaecf1,b8e53c791fcc4e8c9ce875ca465393c81951bb8cdf30a72ce1aa740f9acaecf1,True
configure_business_prebuilt.ps1,local_only_file,preserved_local,63ec4d2ccc3478c749868049baf68a3fbbd60377a835aa063b1348bb3dea8cd2,,63ec4d2ccc3478c749868049baf68a3fbbd60377a835aa063b1348bb3dea8cd2,True
data/README.md,local_only_file,preserved_local,,,,True
data/Simscape/KR16_2_withTool/KR16_2_Link1_1_base_默认_sldprt.STL,local_only_file,preserved_local,,,,True
data/Simscape/KR16_2_withTool/KR16_2_Link1_2_box_默认_sldprt.STL,local_only_file,preserved_local,,,,True
data/Simscape/KR16_2_withTool/KR16_2_Link1_3_plate_默认_sldprt.STL,local_only_file,preserved_local,,,,True
data/Simscape/KR16_2_withTool/KR16_2_Link2_1_body_默认_sldprt.STL,local_only_file,preserved_local,,,,True
data/Simscape/KR16_2_withTool/KR16_2_Link2_2_motor_默认_sldprt.STL,local_only_file,preserved_local,,,,True
data/Simscape/KR16_2_withTool/KR16_2_Link2_3_platform_默认_sldprt.STL,local_only_file,preserved_local,,,,True
data/Simscape/KR16_2_withTool/KR16_2_Link3_默认_sldprt.STL,local_only_file,preserved_local,,,,True
data/Simscape/KR16_2_withTool/KR16_2_Link4_1_body_默认_sldprt.STL,local_only_file,preserved_local,,,,True
data/Simscape/KR16_2_withTool/KR16_2_Link4_2_motor_默认_sldprt.STL,local_only_file,preserved_local,,,,True
data/Simscape/KR16_2_withTool/KR16_2_Link5_默认_sldprt.STL,local_only_file,preserved_local,,,,True
data/Simscape/KR16_2_withTool/KR16_2_Link6_1_body_默认_sldprt.STL,local_only_file,preserved_local,,,,True
data/Simscape/KR16_2_withTool/KR16_2_Link6_2_kuka_默认_sldprt.STL,local_only_file,preserved_local,,,,True
data/Simscape/KR16_2_withTool/KR16_2_Link7_默认_sldprt.STL,local_only_file,preserved_local,,,,True
data/Simscape/KR16_2_withTool/KR16_2_withTool.xml,local_only_file,preserved_local,,,,True
data/Simscape/KR16_2_withTool/tool_默认_sldprt.STL,local_only_file,preserved_local,,,,True
data/Simscape/RadiationSystem_wKukaBed/BASE_默认_sldprt.STL,local_only_file,preserved_local,,,,True
data/Simscape/RadiationSystem_wKukaBed/Dude-2_默认_sldprt.STL,local_only_file,preserved_local,,,,True
data/Simscape/RadiationSystem_wKukaBed/JOINT1_默认_sldprt.STL,local_only_file,preserved_local,,,,True
data/Simscape/RadiationSystem_wKukaBed/JOINT2_默认_sldprt.STL,local_only_file,preserved_local,,,,True
data/Simscape/RadiationSystem_wKukaBed/JOINT3_默认_sldprt.STL,local_only_file,preserved_local,,,,True
data/Simscape/RadiationSystem_wKukaBed/JOINT4_默认_sldprt.STL,local_only_file,preserved_local,,,,True
data/Simscape/RadiationSystem_wKukaBed/JOINT5_默认_sldprt.STL,local_only_file,preserved_local,,,,True
data/Simscape/RadiationSystem_wKukaBed/JOINT6_默认_sldprt.STL,local_only_file,preserved_local,,,,True
data/Simscape/RadiationSystem_wKukaBed/Truebeam_Bed.xml,local_only_file,preserved_local,,,,True
data/Simscape/RadiationSystem_wKukaBed/bed_默认_sldprt.STL,local_only_file,preserved_local,,,,True
data/Simscape/RadiationSystem_wKukaBed/bottom_默认_sldprt.STL,local_only_file,preserved_local,,,,True
data/Simscape/RadiationSystem_wKukaBed/fashe_默认_sldprt.STL,local_only_file,preserved_local,,,,True
data/Simscape/RadiationSystem_wKukaBed/fashexian_默认_sldprt.STL,local_only_file,preserved_local,,,,True
data/Simscape/RadiationSystem_wKukaBed/jieshou_默认_sldprt.STL,local_only_file,preserved_local,,,,True
data/Simscape/RadiationSystem_wKukaBed/jieshouban_默认_sldprt.STL,local_only_file,preserved_local,,,,True
data/Simscape/RadiationSystem_wKukaBed/p1_默认_sldprt.STL,local_only_file,preserved_local,,,,True
data/Simscape/RadiationSystem_wKukaBed/p2_默认_sldprt.STL,local_only_file,preserved_local,,,,True
data/Simscape/RadiationSystem_wKukaBed/prt1_默认_sldprt.STL,local_only_file,preserved_local,,,,True
data/Simscape/RadiationSystem_wKukaBed/prt2_默认_sldprt.STL,local_only_file,preserved_local,,,,True
data/Simscape/RadiationSystem_wKukaBed/zhongjian_默认_sldprt.STL,local_only_file,preserved_local,,,,True
data/Simscape/RadiationSystem_wKukaGunKukaBed/1_默认_sldprt.STL,local_only_file,preserved_local,,,,True
data/Simscape/RadiationSystem_wKukaGunKukaBed/2_默认_sldprt.STL,local_only_file,preserved_local,,,,True
data/Simscape/RadiationSystem_wKukaGunKukaBed/3_默认_sldprt.STL,local_only_file,preserved_local,,,,True
data/Simscape/RadiationSystem_wKukaGunKukaBed/4_默认_sldprt.STL,local_only_file,preserved_local,,,,True
data/Simscape/RadiationSystem_wKukaGunKukaBed/5_默认_sldprt.STL,local_only_file,preserved_local,,,,True
data/Simscape/RadiationSystem_wKukaGunKukaBed/6_默认_sldprt.STL,local_only_file,preserved_local,,,,True
data/Simscape/RadiationSystem_wKukaGunKukaBed/7_默认_sldprt.STL,local_only_file,preserved_local,,,,True
data/Simscape/RadiationSystem_wKukaGunKukaBed/Dude-2_默认_sldprt.STL,local_only_file,preserved_local,,,,True
data/Simscape/RadiationSystem_wKukaGunKukaBed/R1_默认_sldprt.STL,local_only_file,preserved_local,,,,True
data/Simscape/RadiationSystem_wKukaGunKukaBed/R2_默认_sldprt.STL,local_only_file,preserved_local,,,,True
data/Simscape/RadiationSystem_wKukaGunKukaBed/R3_默认_sldprt.STL,local_only_file,preserved_local,,,,True
data/Simscape/RadiationSystem_wKukaGunKukaBed/R4_默认_sldprt.STL,local_only_file,preserved_local,,,,True
data/Simscape/RadiationSystem_wKukaGunKukaBed/R5_默认_sldprt.STL,local_only_file,preserved_local,,,,True
data/Simscape/RadiationSystem_wKukaGunKukaBed/R6_默认_sldprt.STL,local_only_file,preserved_local,,,,True
data/Simscape/RadiationSystem_wKukaGunKukaBed/R7_默认_sldprt.STL,local_only_file,preserved_local,,,,True
data/Simscape/RadiationSystem_wKukaGunKukaBed/R8_默认_sldprt.STL,local_only_file,preserved_local,,,,True
data/Simscape/RadiationSystem_wKukaGunKukaBed/Radiation.xml,local_only_file,preserved_local,,,,True
data/Simscape/RadiationSystem_wKukaGunKukaBed/chuang_默认_sldprt.STL,local_only_file,preserved_local,,,,True
data/Simscape/RadiationSystem_wKukaGunKukaBed/ssy_默认_sldprt.STL,local_only_file,preserved_local,,,,True
data/Simscape/quadrotor/body_默认_sldprt.STL,local_only_file,preserved_local,,,,True
data/Simscape/quadrotor/leftdown_默认_sldprt.STL,local_only_file,preserved_local,,,,True
data/Simscape/quadrotor/leftup_默认_sldprt.STL,local_only_file,preserved_local,,,,True
data/Simscape/quadrotor/righdown_默认_sldprt.STL,local_only_file,preserved_local,,,,True
data/Simscape/quadrotor/rightup_默认_sldprt.STL,local_only_file,preserved_local,,,,True
data/Simscape/quadrotor/scu_quadrotor.xml,local_only_file,preserved_local,,,,True
data/Simscape/stewart/3.0.SLDASM,local_only_file,preserved_local,,,,True
data/Simscape/stewart/3.0.xml,local_only_file,preserved_local,,,,True
data/Simscape/stewart/上动平台_默认_sldprt.STL,local_only_file,preserved_local,,,,True
data/Simscape/stewart/下定平台_默认_sldprt.STL,local_only_file,preserved_local,,,,True
data/Simscape/stewart/喷枪_默认_sldprt.STL,local_only_file,preserved_local,,,,True
data/Simscape/stewart/固定套筒_默认_sldprt.STL,local_only_file,preserved_local,,,,True
data/Simscape/stewart/工件_默认_sldprt.STL,local_only_file,preserved_local,,,,True
data/Simscape/stewart/执行器上段1_默认_sldprt.STL,local_only_file,preserved_local,,,,True
data/Simscape/stewart/执行器上段2_默认_sldprt.STL,local_only_file,preserved_local,,,,True
data/Simscape/stewart/执行器上段3_默认_sldprt.STL,local_only_file,preserved_local,,,,True
data/Simscape/stewart/执行器上段4_默认_sldprt.STL,local_only_file,preserved_local,,,,True
data/Simscape/stewart/执行器上段5_默认_sldprt.STL,local_only_file,preserved_local,,,,True
data/Simscape/stewart/执行器上段6_默认_sldprt.STL,local_only_file,preserved_local,,,,True
data/Simscape/stewart/执行器下段1_默认_sldprt.STL,local_only_file,preserved_local,,,,True
data/Simscape/stewart/执行器下段2_默认_sldprt.STL,local_only_file,preserved_local,,,,True
data/Simscape/stewart/执行器下段3_默认_sldprt.STL,local_only_file,preserved_local,,,,True
data/Simscape/stewart/执行器下段4_默认_sldprt.STL,local_only_file,preserved_local,,,,True
data/Simscape/stewart/执行器下段5_默认_sldprt.STL,local_only_file,preserved_local,,,,True
data/Simscape/stewart/执行器下段6_默认_sldprt.STL,local_only_file,preserved_local,,,,True
data/Simscape/stewart/直线机构_默认_sldprt.STL,local_only_file,preserved_local,,,,True
data/Simscape/stewart/虎克铰零件1_默认_sldprt.STL,local_only_file,preserved_local,,,,True
data/Simscape/stewart/虎克铰零件2_默认_sldprt.STL,local_only_file,preserved_local,,,,True
data/Simscape/stewart/虎克铰零件3_默认_sldprt.STL,local_only_file,preserved_local,,,,True
data/Simscape/stewart/虎克铰零件4_默认_sldprt.STL,local_only_file,preserved_local,,,,True
data/Simscape/stewart/虎克铰零件5_默认_sldprt.STL,local_only_file,preserved_local,,,,True
data/Simscape/stewart/虎克铰零件6_默认_sldprt.STL,local_only_file,preserved_local,,,,True
data/Simscape/welding/R1_默认_sldprt.STL,local_only_file,preserved_local,,,,True
data/Simscape/welding/R2_默认_sldprt.STL,local_only_file,preserved_local,,,,True
data/Simscape/welding/R3_默认_sldprt.STL,local_only_file,preserved_local,,,,True
data/Simscape/welding/R4_默认_sldprt.STL,local_only_file,preserved_local,,,,True
data/Simscape/welding/R5_默认_sldprt.STL,local_only_file,preserved_local,,,,True
data/Simscape/welding/R6_默认_sldprt.STL,local_only_file,preserved_local,,,,True
data/Simscape/welding/R7_默认_sldprt.STL,local_only_file,preserved_local,,,,True
data/Simscape/welding/R8_默认_sldprt.STL,local_only_file,preserved_local,,,,True
data/Simscape/welding/R9_默认_sldprt.STL,local_only_file,preserved_local,,,,True
data/Simscape/welding/bianweiji1_默认_sldprt.STL,local_only_file,preserved_local,,,,True
data/Simscape/welding/bianweiqi2_默认_sldprt.STL,local_only_file,preserved_local,,,,True
data/Simscape/welding/welding.xml,local_only_file,preserved_local,,,,True
data/Spray420/420-tool.STL,local_only_file,preserved_local,,,,True
data/Spray420/ABB4600URDF_NoTool/CMakeLists.txt,local_only_file,preserved_local,,,,True
data/Spray420/ABB4600URDF_NoTool/config/joint_names_success.SLDASM.yaml,local_only_file,preserved_local,,,,True
data/Spray420/ABB4600URDF_NoTool/export.log,local_only_file,preserved_local,,,,True
data/Spray420/ABB4600URDF_NoTool/launch/display.launch,local_only_file,preserved_local,,,,True
data/Spray420/ABB4600URDF_NoTool/launch/gazebo.launch,local_only_file,preserved_local,,,,True
data/Spray420/ABB4600URDF_NoTool/meshes/Link1.STL,local_only_file,preserved_local,,,,True
data/Spray420/ABB4600URDF_NoTool/meshes/Link2.STL,local_only_file,preserved_local,,,,True
data/Spray420/ABB4600URDF_NoTool/meshes/Link3.STL,local_only_file,preserved_local,,,,True
data/Spray420/ABB4600URDF_NoTool/meshes/Link4.STL,local_only_file,preserved_local,,,,True
data/Spray420/ABB4600URDF_NoTool/meshes/Link5.STL,local_only_file,preserved_local,,,,True
data/Spray420/ABB4600URDF_NoTool/meshes/Link6.STL,local_only_file,preserved_local,,,,True
data/Spray420/ABB4600URDF_NoTool/meshes/base_link.STL,local_only_file,preserved_local,,,,True
data/Spray420/ABB4600URDF_NoTool/package.xml,local_only_file,preserved_local,,,,True
data/Spray420/ABB4600URDF_NoTool/urdf/success.SLDASM.csv,local_only_file,preserved_local,,,,True
data/Spray420/ABB4600URDF_NoTool/urdf/success.SLDASM.urdf,local_only_file,preserved_local,,,,True
data/Spray420/ABB4600_urdf/CMakeLists.txt,local_only_file,preserved_local,,,,True
data/Spray420/ABB4600_urdf/config/joint_names_ABB4600_urdf.yaml,local_only_file,preserved_local,,,,True
data/Spray420/ABB4600_urdf/export.log,local_only_file,preserved_local,,,,True
data/Spray420/ABB4600_urdf/launch/display.launch,local_only_file,preserved_local,,,,True
data/Spray420/ABB4600_urdf/launch/gazebo.launch,local_only_file,preserved_local,,,,True
data/Spray420/ABB4600_urdf/meshes/Link1.STL,local_only_file,preserved_local,,,,True
data/Spray420/ABB4600_urdf/meshes/Link2.STL,local_only_file,preserved_local,,,,True
data/Spray420/ABB4600_urdf/meshes/Link3.STL,local_only_file,preserved_local,,,,True
data/Spray420/ABB4600_urdf/meshes/Link4.STL,local_only_file,preserved_local,,,,True
data/Spray420/ABB4600_urdf/meshes/Link5.STL,local_only_file,preserved_local,,,,True
data/Spray420/ABB4600_urdf/meshes/Link6.STL,local_only_file,preserved_local,,,,True
data/Spray420/ABB4600_urdf/meshes/base_link.STL,local_only_file,preserved_local,,,,True
data/Spray420/ABB4600_urdf/package.xml,local_only_file,preserved_local,,,,True
data/Spray420/ABB4600_urdf/urdf/ABB4600_urdf.csv,local_only_file,preserved_local,,,,True
data/Spray420/ABB4600_urdf/urdf/ABB4600_urdf.urdf,local_only_file,preserved_local,,,,True
data/Spray420/ATPPZ350/CMakeLists.txt,local_only_file,preserved_local,,,,True
data/Spray420/ATPPZ350/config/joint_names_ATPPZ350 变位机1.SLDASM.yaml,local_only_file,preserved_local,,,,True
data/Spray420/ATPPZ350/export.log,local_only_file,preserved_local,,,,True
data/Spray420/ATPPZ350/launch/display.launch,local_only_file,preserved_local,,,,True
data/Spray420/ATPPZ350/launch/gazebo.launch,local_only_file,preserved_local,,,,True
data/Spray420/ATPPZ350/meshes/Link1.STL,local_only_file,preserved_local,,,,True
data/Spray420/ATPPZ350/meshes/Link2.STL,local_only_file,preserved_local,,,,True
data/Spray420/ATPPZ350/meshes/base_link.STL,local_only_file,preserved_local,,,,True
data/Spray420/ATPPZ350/package.xml,local_only_file,preserved_local,,,,True
data/Spray420/ATPPZ350/urdf/ATPPZ350.urdf,local_only_file,preserved_local,,,,True
data/Spray420/ATPPZ350/urdf/ATPPZ350 变位机1.SLDASM.csv,local_only_file,preserved_local,,,,True
data/Spray420/RedABB4600/CMakeLists.txt,local_only_file,preserved_local,,,,True
data/Spray420/RedABB4600/config/joint_names_success.SLDASM.yaml,local_only_file,preserved_local,,,,True
data/Spray420/RedABB4600/export.log,local_only_file,preserved_local,,,,True
data/Spray420/RedABB4600/launch/display.launch,local_only_file,preserved_local,,,,True
data/Spray420/RedABB4600/launch/gazebo.launch,local_only_file,preserved_local,,,,True
data/Spray420/RedABB4600/meshes/Link1.STL,local_only_file,preserved_local,,,,True
data/Spray420/RedABB4600/meshes/Link2.STL,local_only_file,preserved_local,,,,True
data/Spray420/RedABB4600/meshes/Link3.STL,local_only_file,preserved_local,,,,True
data/Spray420/RedABB4600/meshes/Link4.STL,local_only_file,preserved_local,,,,True
data/Spray420/RedABB4600/meshes/Link5.STL,local_only_file,preserved_local,,,,True
data/Spray420/RedABB4600/meshes/Link6.STL,local_only_file,preserved_local,,,,True
data/Spray420/RedABB4600/meshes/base_link.STL,local_only_file,preserved_local,,,,True
data/Spray420/RedABB4600/package.xml,local_only_file,preserved_local,,,,True
data/Spray420/RedABB4600/urdf/Red4600.urdf,local_only_file,preserved_local,,,,True
data/Spray420/RedABB4600/urdf/success.SLDASM.csv,local_only_file,preserved_local,,,,True
data/Spray420/WhiteABB4600/CMakeLists.txt,local_only_file,preserved_local,,,,True
data/Spray420/WhiteABB4600/config/joint_names_robot.SLDASM.yaml,local_only_file,preserved_local,,,,True
data/Spray420/WhiteABB4600/export.log,local_only_file,preserved_local,,,,True
data/Spray420/WhiteABB4600/launch/display.launch,local_only_file,preserved_local,,,,True
data/Spray420/WhiteABB4600/launch/gazebo.launch,local_only_file,preserved_local,,,,True
data/Spray420/WhiteABB4600/meshes/Link1.STL,local_only_file,preserved_local,,,,True
data/Spray420/WhiteABB4600/meshes/Link2.STL,local_only_file,preserved_local,,,,True
data/Spray420/WhiteABB4600/meshes/Link3.STL,local_only_file,preserved_local,,,,True
data/Spray420/WhiteABB4600/meshes/Link4.STL,local_only_file,preserved_local,,,,True
data/Spray420/WhiteABB4600/meshes/Link5.STL,local_only_file,preserved_local,,,,True
data/Spray420/WhiteABB4600/meshes/Link6.STL,local_only_file,preserved_local,,,,True
data/Spray420/WhiteABB4600/meshes/base_link.STL,local_only_file,preserved_local,,,,True
data/Spray420/WhiteABB4600/package.xml,local_only_file,preserved_local,,,,True
data/Spray420/WhiteABB4600/urdf/White4600.urdf,local_only_file,preserved_local,,,,True
data/Spray420/WhiteABB4600/urdf/robot.SLDASM.csv,local_only_file,preserved_local,,,,True
data/Spray420/夹具工装.stl,local_only_file,preserved_local,,,,True
data/Spray420/篦齿试验件1.stl,local_only_file,preserved_local,,,,True
data/Spray420/篦齿试验件2.stl,local_only_file,preserved_local,,,,True
data/Spray420/篦齿试验件3.stl,local_only_file,preserved_local,,,,True
data/Spray420/篦齿试验件4.stl,local_only_file,preserved_local,,,,True
data/SprayDEC/blade.stl,local_only_file,preserved_local,,,,True
data/SprayDEC/blade_whole.stl,local_only_file,preserved_local,,,,True
data/SprayDEC/burner.STL,local_only_file,preserved_local,,,,True
data/SprayDEC/gun.stl,local_only_file,preserved_local,,,,True
data/drake_models/burnner/CMakeLists.txt,local_only_file,preserved_local,,,,True
data/drake_models/burnner/config/joint_names_burnner.yaml,local_only_file,preserved_local,,,,True
data/drake_models/burnner/export.log,local_only_file,preserved_local,,,,True
data/drake_models/burnner/launch/display.launch,local_only_file,preserved_local,,,,True
data/drake_models/burnner/launch/gazebo.launch,local_only_file,preserved_local,,,,True
data/drake_models/burnner/meshes/base_link.STL,local_only_file,preserved_local,,,,True
data/drake_models/burnner/package.xml,local_only_file,preserved_local,,,,True
data/drake_models/burnner/urdf/burnner.csv,local_only_file,preserved_local,,,,True
data/drake_models/burnner/urdf/burnner.urdf,local_only_file,preserved_local,,,,True
data/drake_models/franka_description/LICENSE,local_only_file,preserved_local,,,,True
data/drake_models/franka_description/LICENSE.TXT,local_only_file,preserved_local,,,,True
data/drake_models/franka_description/README.md,local_only_file,preserved_local,,,,True
data/drake_models/franka_description/meshes/visual/finger.bin,local_only_file,preserved_local,,,,True
data/drake_models/franka_description/meshes/visual/finger.gltf,local_only_file,preserved_local,,,,True
data/drake_models/franka_description/meshes/visual/hand.bin,local_only_file,preserved_local,,,,True
data/drake_models/franka_description/meshes/visual/hand.gltf,local_only_file,preserved_local,,,,True
data/drake_models/franka_description/meshes/visual/hand_color.ktx2,local_only_file,preserved_local,,,,True
data/drake_models/franka_description/meshes/visual/hand_color.png,local_only_file,preserved_local,,,,True
data/drake_models/franka_description/meshes/visual/hand_normal.ktx2,local_only_file,preserved_local,,,,True
data/drake_models/franka_description/meshes/visual/hand_normal.png,local_only_file,preserved_local,,,,True
data/drake_models/franka_description/meshes/visual/hand_occlusion_roughness_metallic.ktx2,local_only_file,preserved_local,,,,True
data/drake_models/franka_description/meshes/visual/hand_occlusion_roughness_metallic.png,local_only_file,preserved_local,,,,True
data/drake_models/franka_description/meshes/visual/link0.bin,local_only_file,preserved_local,,,,True
data/drake_models/franka_description/meshes/visual/link0.gltf,local_only_file,preserved_local,,,,True
data/drake_models/franka_description/meshes/visual/link0_color.ktx2,local_only_file,preserved_local,,,,True
data/drake_models/franka_description/meshes/visual/link0_color.png,local_only_file,preserved_local,,,,True
data/drake_models/franka_description/meshes/visual/link0_normal.ktx2,local_only_file,preserved_local,,,,True
data/drake_models/franka_description/meshes/visual/link0_normal.png,local_only_file,preserved_local,,,,True
data/drake_models/franka_description/meshes/visual/link0_occlusion_roughness_metallic.ktx2,local_only_file,preserved_local,,,,True
data/drake_models/franka_description/meshes/visual/link0_occlusion_roughness_metallic.png,local_only_file,preserved_local,,,,True
data/drake_models/franka_description/meshes/visual/link1.bin,local_only_file,preserved_local,,,,True
data/drake_models/franka_description/meshes/visual/link1.gltf,local_only_file,preserved_local,,,,True
data/drake_models/franka_description/meshes/visual/link1_color.ktx2,local_only_file,preserved_local,,,,True
data/drake_models/franka_description/meshes/visual/link1_color.png,local_only_file,preserved_local,,,,True
data/drake_models/franka_description/meshes/visual/link1_normal.ktx2,local_only_file,preserved_local,,,,True
data/drake_models/franka_description/meshes/visual/link1_normal.png,local_only_file,preserved_local,,,,True
data/drake_models/franka_description/meshes/visual/link1_occlusion_roughness_metallic.ktx2,local_only_file,preserved_local,,,,True
data/drake_models/franka_description/meshes/visual/link1_occlusion_roughness_metallic.png,local_only_file,preserved_local,,,,True
data/drake_models/franka_description/meshes/visual/link2.bin,local_only_file,preserved_local,,,,True
data/drake_models/franka_description/meshes/visual/link2.gltf,local_only_file,preserved_local,,,,True
data/drake_models/franka_description/meshes/visual/link2_color.ktx2,local_only_file,preserved_local,,,,True
data/drake_models/franka_description/meshes/visual/link2_color.png,local_only_file,preserved_local,,,,True
data/drake_models/franka_description/meshes/visual/link2_normal.ktx2,local_only_file,preserved_local,,,,True
data/drake_models/franka_description/meshes/visual/link2_normal.png,local_only_file,preserved_local,,,,True
data/drake_models/franka_description/meshes/visual/link2_occlusion_roughness_metallic.ktx2,local_only_file,preserved_local,,,,True
data/drake_models/franka_description/meshes/visual/link2_occlusion_roughness_metallic.png,local_only_file,preserved_local,,,,True
data/drake_models/franka_description/meshes/visual/link3.bin,local_only_file,preserved_local,,,,True
data/drake_models/franka_description/meshes/visual/link3.gltf,local_only_file,preserved_local,,,,True
data/drake_models/franka_description/meshes/visual/link3_color.ktx2,local_only_file,preserved_local,,,,True
data/drake_models/franka_description/meshes/visual/link3_color.png,local_only_file,preserved_local,,,,True
data/drake_models/franka_description/meshes/visual/link3_normal.ktx2,local_only_file,preserved_local,,,,True
data/drake_models/franka_description/meshes/visual/link3_normal.png,local_only_file,preserved_local,,,,True
data/drake_models/franka_description/meshes/visual/link3_occlusion_roughness_metallic.ktx2,local_only_file,preserved_local,,,,True
data/drake_models/franka_description/meshes/visual/link3_occlusion_roughness_metallic.png,local_only_file,preserved_local,,,,True
data/drake_models/franka_description/meshes/visual/link4.bin,local_only_file,preserved_local,,,,True
data/drake_models/franka_description/meshes/visual/link4.gltf,local_only_file,preserved_local,,,,True
data/drake_models/franka_description/meshes/visual/link4_color.ktx2,local_only_file,preserved_local,,,,True
data/drake_models/franka_description/meshes/visual/link4_color.png,local_only_file,preserved_local,,,,True
data/drake_models/franka_description/meshes/visual/link4_normal.ktx2,local_only_file,preserved_local,,,,True
data/drake_models/franka_description/meshes/visual/link4_normal.png,local_only_file,preserved_local,,,,True
data/drake_models/franka_description/meshes/visual/link4_occlusion_roughness_metallic.ktx2,local_only_file,preserved_local,,,,True
data/drake_models/franka_description/meshes/visual/link4_occlusion_roughness_metallic.png,local_only_file,preserved_local,,,,True
data/drake_models/franka_description/meshes/visual/link5.bin,local_only_file,preserved_local,,,,True
data/drake_models/franka_description/meshes/visual/link5.gltf,local_only_file,preserved_local,,,,True
data/drake_models/franka_description/meshes/visual/link5_color.ktx2,local_only_file,preserved_local,,,,True
data/drake_models/franka_description/meshes/visual/link5_color.png,local_only_file,preserved_local,,,,True
data/drake_models/franka_description/meshes/visual/link5_normal.ktx2,local_only_file,preserved_local,,,,True
data/drake_models/franka_description/meshes/visual/link5_normal.png,local_only_file,preserved_local,,,,True
data/drake_models/franka_description/meshes/visual/link5_occlusion_roughness_metallic.ktx2,local_only_file,preserved_local,,,,True
data/drake_models/franka_description/meshes/visual/link5_occlusion_roughness_metallic.png,local_only_file,preserved_local,,,,True
data/drake_models/franka_description/meshes/visual/link6.bin,local_only_file,preserved_local,,,,True
data/drake_models/franka_description/meshes/visual/link6.gltf,local_only_file,preserved_local,,,,True
data/drake_models/franka_description/meshes/visual/link6_color.ktx2,local_only_file,preserved_local,,,,True
data/drake_models/franka_description/meshes/visual/link6_color.png,local_only_file,preserved_local,,,,True
data/drake_models/franka_description/meshes/visual/link6_normal.ktx2,local_only_file,preserved_local,,,,True
data/drake_models/franka_description/meshes/visual/link6_normal.png,local_only_file,preserved_local,,,,True
data/drake_models/franka_description/meshes/visual/link6_occlusion_roughness_metallic.ktx2,local_only_file,preserved_local,,,,True
data/drake_models/franka_description/meshes/visual/link6_occlusion_roughness_metallic.png,local_only_file,preserved_local,,,,True
data/drake_models/franka_description/meshes/visual/link7.bin,local_only_file,preserved_local,,,,True
data/drake_models/franka_description/meshes/visual/link7.gltf,local_only_file,preserved_local,,,,True
data/drake_models/franka_description/meshes/visual/link7_color.ktx2,local_only_file,preserved_local,,,,True
data/drake_models/franka_description/meshes/visual/link7_color.png,local_only_file,preserved_local,,,,True
data/drake_models/franka_description/meshes/visual/link7_normal.ktx2,local_only_file,preserved_local,,,,True
data/drake_models/franka_description/meshes/visual/link7_normal.png,local_only_file,preserved_local,,,,True
data/drake_models/franka_description/meshes/visual/link7_occlusion_roughness_metallic.ktx2,local_only_file,preserved_local,,,,True
data/drake_models/franka_description/meshes/visual/link7_occlusion_roughness_metallic.png,local_only_file,preserved_local,,,,True
data/drake_models/franka_description/urdf/hand.urdf,local_only_file,preserved_local,,,,True
data/drake_models/franka_description/urdf/panda_arm.urdf,local_only_file,preserved_local,,,,True
data/drake_models/franka_description/urdf/panda_arm_hand.urdf,local_only_file,preserved_local,,,,True
data/drake_models/franka_description/urdf/panda_arm_hand_link5split.urdf,local_only_file,preserved_local,,,,True
data/drake_models/franka_description/urdf/panda_arm_link5split.urdf,local_only_file,preserved_local,,,,True
data/drake_models/franka_description/urdf/panda_hand.urdf,local_only_file,preserved_local,,,,True
data/drake_models/iiwa_description/LICENSE.TXT,local_only_file,preserved_local,,,,True
data/drake_models/iiwa_description/README.md,local_only_file,preserved_local,,,,True
data/drake_models/iiwa_description/iiwa_stack.LICENSE.txt,local_only_file,preserved_local,,,,True
data/drake_models/iiwa_description/meshes/iiwa14/collision/link_0.obj,local_only_file,preserved_local,,,,True
data/drake_models/iiwa_description/meshes/iiwa14/collision/link_1.obj,local_only_file,preserved_local,,,,True
data/drake_models/iiwa_description/meshes/iiwa14/collision/link_2.obj,local_only_file,preserved_local,,,,True
data/drake_models/iiwa_description/meshes/iiwa14/collision/link_3.obj,local_only_file,preserved_local,,,,True
data/drake_models/iiwa_description/meshes/iiwa14/collision/link_4.obj,local_only_file,preserved_local,,,,True
data/drake_models/iiwa_description/meshes/iiwa14/collision/link_5.obj,local_only_file,preserved_local,,,,True
data/drake_models/iiwa_description/meshes/iiwa14/collision/link_6.obj,local_only_file,preserved_local,,,,True
data/drake_models/iiwa_description/meshes/iiwa14/collision/link_7.obj,local_only_file,preserved_local,,,,True
data/drake_models/iiwa_description/meshes/iiwa14/collision/link_7_polytope.obj,local_only_file,preserved_local,,,,True
data/drake_models/iiwa_description/meshes/iiwa14/visual/band.bin,local_only_file,preserved_local,,,,True
data/drake_models/iiwa_description/meshes/iiwa14/visual/band.gltf,local_only_file,preserved_local,,,,True
data/drake_models/iiwa_description/meshes/iiwa14/visual/kuka.bin,local_only_file,preserved_local,,,,True
data/drake_models/iiwa_description/meshes/iiwa14/visual/kuka.gltf,local_only_file,preserved_local,,,,True
data/drake_models/iiwa_description/meshes/iiwa14/visual/link_0.bin,local_only_file,preserved_local,,,,True
data/drake_models/iiwa_description/meshes/iiwa14/visual/link_0.gltf,local_only_file,preserved_local,,,,True
data/drake_models/iiwa_description/meshes/iiwa14/visual/link_1.bin,local_only_file,preserved_local,,,,True
data/drake_models/iiwa_description/meshes/iiwa14/visual/link_1.gltf,local_only_file,preserved_local,,,,True
data/drake_models/iiwa_description/meshes/iiwa14/visual/link_2_grey.bin,local_only_file,preserved_local,,,,True
data/drake_models/iiwa_description/meshes/iiwa14/visual/link_2_grey.gltf,local_only_file,preserved_local,,,,True
data/drake_models/iiwa_description/meshes/iiwa14/visual/link_2_orange.bin,local_only_file,preserved_local,,,,True
data/drake_models/iiwa_description/meshes/iiwa14/visual/link_2_orange.gltf,local_only_file,preserved_local,,,,True
data/drake_models/iiwa_description/meshes/iiwa14/visual/link_3.bin,local_only_file,preserved_local,,,,True
data/drake_models/iiwa_description/meshes/iiwa14/visual/link_3.gltf,local_only_file,preserved_local,,,,True
data/drake_models/iiwa_description/meshes/iiwa14/visual/link_4_grey.bin,local_only_file,preserved_local,,,,True
data/drake_models/iiwa_description/meshes/iiwa14/visual/link_4_grey.gltf,local_only_file,preserved_local,,,,True
data/drake_models/iiwa_description/meshes/iiwa14/visual/link_4_orange.bin,local_only_file,preserved_local,,,,True
data/drake_models/iiwa_description/meshes/iiwa14/visual/link_4_orange.gltf,local_only_file,preserved_local,,,,True
data/drake_models/iiwa_description/meshes/iiwa14/visual/link_5.bin,local_only_file,preserved_local,,,,True
data/drake_models/iiwa_description/meshes/iiwa14/visual/link_5.gltf,local_only_file,preserved_local,,,,True
data/drake_models/iiwa_description/meshes/iiwa14/visual/link_6_grey.bin,local_only_file,preserved_local,,,,True
data/drake_models/iiwa_description/meshes/iiwa14/visual/link_6_grey.gltf,local_only_file,preserved_local,,,,True
data/drake_models/iiwa_description/meshes/iiwa14/visual/link_6_orange.bin,local_only_file,preserved_local,,,,True
data/drake_models/iiwa_description/meshes/iiwa14/visual/link_6_orange.gltf,local_only_file,preserved_local,,,,True
data/drake_models/iiwa_description/meshes/iiwa14/visual/link_7.bin,local_only_file,preserved_local,,,,True
data/drake_models/iiwa_description/meshes/iiwa14/visual/link_7.gltf,local_only_file,preserved_local,,,,True
data/drake_models/iiwa_description/meshes/iiwa7/visual/link_0.bin,local_only_file,preserved_local,,,,True
data/drake_models/iiwa_description/meshes/iiwa7/visual/link_0.gltf,local_only_file,preserved_local,,,,True
data/drake_models/iiwa_description/meshes/iiwa7/visual/link_1.bin,local_only_file,preserved_local,,,,True
data/drake_models/iiwa_description/meshes/iiwa7/visual/link_1.gltf,local_only_file,preserved_local,,,,True
data/drake_models/iiwa_description/meshes/iiwa7/visual/link_2.bin,local_only_file,preserved_local,,,,True
data/drake_models/iiwa_description/meshes/iiwa7/visual/link_2.gltf,local_only_file,preserved_local,,,,True
data/drake_models/iiwa_description/meshes/iiwa7/visual/link_3.bin,local_only_file,preserved_local,,,,True
data/drake_models/iiwa_description/meshes/iiwa7/visual/link_3.gltf,local_only_file,preserved_local,,,,True
data/drake_models/iiwa_description/meshes/iiwa7/visual/link_4.bin,local_only_file,preserved_local,,,,True
data/drake_models/iiwa_description/meshes/iiwa7/visual/link_4.gltf,local_only_file,preserved_local,,,,True
data/drake_models/iiwa_description/meshes/iiwa7/visual/link_5.bin,local_only_file,preserved_local,,,,True
data/drake_models/iiwa_description/meshes/iiwa7/visual/link_5.gltf,local_only_file,preserved_local,,,,True
data/drake_models/iiwa_description/meshes/iiwa7/visual/link_6.bin,local_only_file,preserved_local,,,,True
data/drake_models/iiwa_description/meshes/iiwa7/visual/link_6.gltf,local_only_file,preserved_local,,,,True
data/drake_models/iiwa_description/meshes/iiwa7/visual/link_7.bin,local_only_file,preserved_local,,,,True
data/drake_models/iiwa_description/meshes/iiwa7/visual/link_7.gltf,local_only_file,preserved_local,,,,True
data/drake_models/iiwa_description/sdf/iiwa14_no_collision.sdf,local_only_file,preserved_local,,,,True
data/drake_models/iiwa_description/sdf/iiwa14_polytope_collision.sdf,local_only_file,preserved_local,,,,True
data/drake_models/iiwa_description/sdf/iiwa7_no_collision.sdf,local_only_file,preserved_local,,,,True
data/drake_models/iiwa_description/sdf/iiwa7_with_box_collision.sdf,local_only_file,preserved_local,,,,True
data/drake_models/iiwa_description/urdf/dual_iiwa14_polytope_collision.urdf,local_only_file,preserved_local,,,,True
data/drake_models/iiwa_description/urdf/dual_iiwa14_polytope_collision.urdf.xacro,local_only_file,preserved_local,,,,True
data/drake_models/iiwa_description/urdf/iiwa.gazebo.xacro,local_only_file,preserved_local,,,,True
data/drake_models/iiwa_description/urdf/iiwa.transmission.xacro,local_only_file,preserved_local,,,,True
data/drake_models/iiwa_description/urdf/iiwa14.xacro,local_only_file,preserved_local,,,,True
data/drake_models/iiwa_description/urdf/iiwa14_no_collision.urdf,local_only_file,preserved_local,,,,True
data/drake_models/iiwa_description/urdf/iiwa14_polytope_collision.urdf,local_only_file,preserved_local,,,,True
data/drake_models/iiwa_description/urdf/iiwa14_polytope_collision.urdf.xacro,local_only_file,preserved_local,,,,True
data/drake_models/iiwa_description/urdf/iiwa14_primitive_collision.urdf,local_only_file,preserved_local,,,,True
data/drake_models/iiwa_description/urdf/iiwa14_primitive_collision.urdf.xacro,local_only_file,preserved_local,,,,True
data/drake_models/iiwa_description/urdf/iiwa14_spheres_collision.urdf,local_only_file,preserved_local,,,,True
data/drake_models/iiwa_description/urdf/iiwa14_spheres_dense_collision.urdf,local_only_file,preserved_local,,,,True
data/drake_models/iiwa_description/urdf/iiwa14_spheres_dense_elbow_collision.urdf,local_only_file,preserved_local,,,,True
data/drake_models/iiwa_description/urdf/materials.xacro,local_only_file,preserved_local,,,,True
data/drake_models/iiwa_description/urdf/planar_iiwa14_spheres_dense_elbow_collision.urdf,local_only_file,preserved_local,,,,True
data/drake_models/iiwa_description/urdf/utilities.xacro,local_only_file,preserved_local,,,,True
data/pcl/bunny.pcd,local_only_file,preserved_local,,,,True
data/pcl/bunnyresult.pcd,local_only_file,preserved_local,,,,True
data/pcl/milk.pcd,local_only_file,preserved_local,,,,True
data/pcl/office1.pcd,local_only_file,preserved_local,,,,True
data/skybox/lmcity/lmcity.shader,local_only_file,preserved_local,,,,True
data/skybox/lmcity/lmcity_bk.tga,local_only_file,preserved_local,,,,True
data/skybox/lmcity/lmcity_dn.tga,local_only_file,preserved_local,,,,True
data/skybox/lmcity/lmcity_ft.tga,local_only_file,preserved_local,,,,True
data/skybox/lmcity/lmcity_lf.tga,local_only_file,preserved_local,,,,True
data/skybox/lmcity/lmcity_rt.tga,local_only_file,preserved_local,,,,True
data/skybox/lmcity/lmcity_up.tga,local_only_file,preserved_local,,,,True
data/skybox/lmcity/readme.txt,local_only_file,preserved_local,,,,True
data/skybox/perdicus/license.txt,local_only_file,preserved_local,,,,True
data/skybox/perdicus/mp_perdicus.shader,local_only_file,preserved_local,,,,True
data/skybox/perdicus/perdicus_bk.tga,local_only_file,preserved_local,,,,True
data/skybox/perdicus/perdicus_dn.tga,local_only_file,preserved_local,,,,True
data/skybox/perdicus/perdicus_ft.tga,local_only_file,preserved_local,,,,True
data/skybox/perdicus/perdicus_lf.tga,local_only_file,preserved_local,,,,True
data/skybox/perdicus/perdicus_rt.tga,local_only_file,preserved_local,,,,True
data/skybox/perdicus/perdicus_up.tga,local_only_file,preserved_local,,,,True
data/skybox/perdicus/readme.txt,local_only_file,preserved_local,,,,True
data/skybox/skybox/back.jpg,local_only_file,preserved_local,,,,True
data/skybox/skybox/bottom.jpg,local_only_file,preserved_local,,,,True
data/skybox/skybox/front.jpg,local_only_file,preserved_local,,,,True
data/skybox/skybox/left.jpg,local_only_file,preserved_local,,,,True
data/skybox/skybox/right.jpg,local_only_file,preserved_local,,,,True
data/skybox/skybox/top.jpg,local_only_file,preserved_local,,,,True
docs/SDK_API.md,local_only_file,preserved_local,58aa57303398dfc3d1058ae05ebc5e3963dbf78bd9f559a654a96b79f0b26adf,,58aa57303398dfc3d1058ae05ebc5e3963dbf78bd9f559a654a96b79f0b26adf,True
docs/SDK_EXTENSION_BOUNDARIES.md,local_only_file,preserved_local,6b86925d33d41a63d8c0748bfd09b03a69c424e029d6b626cb052852a25952d0,,6b86925d33d41a63d8c0748bfd09b03a69c424e029d6b626cb052852a25952d0,True
docs/SDK_PACKAGING.md,local_only_file,preserved_local,4d04800bdf490a2192cfcf21f64d8b12b418db54db105986df8e588a80c9b09d,,4d04800bdf490a2192cfcf21f64d8b12b418db54db105986df8e588a80c9b09d,True
docs/agent_change_audit.md,local_only_file,merged_or_compatibility_adapted,5938b06aa32f8d57895cc62b4ed7d8f653248234e1dc3727a7778181d2b5158b,,31e7ad1e5cd46041895f31d8abdd722daa8508a64658794884803f0152fbecd6,True
docs/agent_project_snapshot.md,local_only_file,merged_or_compatibility_adapted,0be28a293441136130a84a0ac75f98009174228ebf89fc4a9d15ebe475a535c3,,51121f2e76a6021911a53ab5be1aeae250dcb98c97c49792d1014a98d3a5ca1b,True
docs/architecture/coacd_collision_core_design_and_gui_plan.md,local_only_file,preserved_local,6fee29505c44a09e201bce768241cfdf84ee3d8fc517b3cd55284c3f9619f9c3,,6fee29505c44a09e201bce768241cfdf84ee3d8fc517b3cd55284c3f9619f9c3,True
docs/architecture/collision_config_mode_implementation.md,local_only_file,preserved_local,a3f1d42b3e48cf53e8851fc1f4a62cfb0903dc438b4060da49909df84630646e,,a3f1d42b3e48cf53e8851fc1f4a62cfb0903dc438b4060da49909df84630646e,True
docs/architecture/collision_detection_configuration_logic.md,local_only_file,preserved_local,82e859e1a7191c8949a1d1025e21adc7e5c103ea26c72fe14bac52c98d1986b8,,82e859e1a7191c8949a1d1025e21adc7e5c103ea26c72fe14bac52c98d1986b8,True
docs/architecture/document_view_gui_contract.md,local_only_file,preserved_local,fe0c3e298777e8d8ff55abdfe42285aff81412d9198f15b74c3c341845922c40,,fe0c3e298777e8d8ff55abdfe42285aff81412d9198f15b74c3c341845922c40,True
docs/architecture/license_authorization_integration_design.md,local_only_file,preserved_local,01158979552d03950063e295a90070f9ccb7501ccf75c8b89c5de406f540fccc,,01158979552d03950063e295a90070f9ccb7501ccf75c8b89c5de406f540fccc,True
docs/architecture/modular_simulation_platform_sdk_contract.md,local_only_file,preserved_local,60f40d51985185fed4082b9cf1ba84312b456882ad616be89b150c07772b2028,,60f40d51985185fed4082b9cf1ba84312b456882ad616be89b150c07772b2028,True
docs/architecture/sdk_dll_component_policy.md,local_only_file,preserved_local,091695c9c6e5e87a07c1364911ae39fadf9ad6e008db560e8f0eceae0f3d94cc,,091695c9c6e5e87a07c1364911ae39fadf9ad6e008db560e8f0eceae0f3d94cc,True
docs/architecture/sim_workbench_common_boundary.md,local_only_file,preserved_local,e476f31e63cac7dd070dbd28ed94db48049bf253623a23661effe865aa459897,,e476f31e63cac7dd070dbd28ed94db48049bf253623a23661effe865aa459897,True
docs/architecture/simulation_platform_document_workbench_contract.md,local_only_file,preserved_local,c7818feb54110e875903aa3da1773a5a303f9fc1bf125bd53167a6a7451b98ec,,c7818feb54110e875903aa3da1773a5a303f9fc1bf125bd53167a6a7451b98ec,True
docs/architecture/workbench_gui_domain_ownership_inventory.md,local_only_file,preserved_local,796aafc29e703244f36345a0c34f1b4f5b73c6bfe5c33674ebdb8f96b7a8b79d,,796aafc29e703244f36345a0c34f1b4f5b73c6bfe5c33674ebdb8f96b7a8b79d,True
docs/architecture/workbench_gui_domain_package_separation.md,local_only_file,preserved_local,a395e4d6134c312cedf391f2d183e4db002cdee653344fd756f9ae466503c196,,a395e4d6134c312cedf391f2d183e4db002cdee653344fd756f9ae466503c196,True
docs/cdf_collision_qp_planning_technical_route.md,local_only_file,preserved_local,44b768a9b52d468e187c2942f96ac19022ba6975da49455273644838502cd7fa,,44b768a9b52d468e187c2942f96ac19022ba6975da49455273644838502cd7fa,True
docs/cdf_qp_performance.md,local_only_file,preserved_local,1ccc5d03ee8816cfd08adfeb0fd63f4fb29bf31a6792e1eb5d17979bc89646ce,,1ccc5d03ee8816cfd08adfeb0fd63f4fb29bf31a6792e1eb5d17979bc89646ce,True
docs/ik_configuration_branches.md,local_only_file,preserved_local,dee2cd2354f0d7958d1ee3fb7eb316d5ae283bf9133933132f606e0dbd247570,,dee2cd2354f0d7958d1ee3fb7eb316d5ae283bf9133933132f606e0dbd247570,True
docs/multi_ik_debug_usage.md,local_only_file,preserved_local,6ec9779f8e9edb3a0643db38cb47cd5673dd1ca2d4fa584a32713d32aeb6d559,,6ec9779f8e9edb3a0643db38cb47cd5673dd1ca2d4fa584a32713d32aeb6d559,True
docs/phase1_delivery_progress_and_revision_report.md,local_only_file,preserved_local,beaf3c4398892da71b9071f9e210b6b7aa6a6c70f4539251dd57b8de708ef3a4,,beaf3c4398892da71b9071f9e210b6b7aa6a6c70f4539251dd57b8de708ef3a4,True
docs/prebuilt_source_package_enterprise_strategy.md,local_only_file,preserved_local,2321bf576d3b0b84d839e6bf537e370d04dc2af2bc477ad6913b81790b235311,,2321bf576d3b0b84d839e6bf537e370d04dc2af2bc477ad6913b81790b235311,True
docs/reference/collision_overview.md,local_only_file,preserved_local,248c42b6e23307f9e0c6d394793cc82519f47661e009ebc1a8a0ee3ebe1bae7c,,248c42b6e23307f9e0c6d394793cc82519f47661e009ebc1a8a0ee3ebe1bae7c,True
docs/reference/robotqtviewer/robotqtviewer_task_workbench_module_mapping.md,local_only_file,preserved_local,e71e7273dd2a5231a6d48a8cb13e5770a19b8c2864125a85c0449b4ae0fa11f6,,e71e7273dd2a5231a6d48a8cb13e5770a19b8c2864125a85c0449b4ae0fa11f6,True
docs/reference/robotqtviewer/robotqtviewer_viewport_interaction_mode_plan.md,local_only_file,preserved_local,50b5a8bda110a5bba3c6558bc1b727097fa9586885d4b981ccb4c25c07e321e0,,50b5a8bda110a5bba3c6558bc1b727097fa9586885d4b981ccb4c25c07e321e0,True
docs/reference/robotqtviewer/toolsetup/robotqtmodules_toolsetup_migration_dependency_inventory.md,local_only_file,preserved_local,ae4fd5e8f895697566ad5934f73b498fbe7ea7cc79cab92d983fcacef49f4ae3,,ae4fd5e8f895697566ad5934f73b498fbe7ea7cc79cab92d983fcacef49f4ae3,True
docs/reference/verification/robotqtviewer_smoke_test_and_dynamic_library_gate.md,local_only_file,preserved_local,225ea3b95d1252cbaa3c9c4dd50d5ef6192b8c0c425d8b222359610f48e7cf46,,225ea3b95d1252cbaa3c9c4dd50d5ef6192b8c0c425d8b222359610f48e7cf46,True
docs/robot_mount_current_design_analysis.md,local_only_file,preserved_local,73be3b9886d212c216bdd260e278ba49780dcbf9f3bda2dcda3c101d0efe51d3,,73be3b9886d212c216bdd260e278ba49780dcbf9f3bda2dcda3c101d0efe51d3,True
docs/robotqtviewer_component_relationships.md,local_only_file,preserved_local,2c0dd59d728ea238f9ca5712fb2897c55f8aa158d294e9b60d25e1cb76898a21,,2c0dd59d728ea238f9ca5712fb2897c55f8aa158d294e9b60d25e1cb76898a21,True
docs/robotqtviewer_document_view_architecture.md,local_only_file,preserved_local,2739e1c52dfd00e05612aa7f0eb528ccc61bc139df5ab149ad92da6d15625fce,,2739e1c52dfd00e05612aa7f0eb528ccc61bc139df5ab149ad92da6d15625fce,True
docs/robotqtviewer_document_view_module_contract.md,local_only_file,preserved_local,a38fe6230844db92be2fa5476dc82605d698fe186b3a2c3fc505f9ad0ba70d7a,,a38fe6230844db92be2fa5476dc82605d698fe186b3a2c3fc505f9ad0ba70d7a,True
docs/robotqtviewer_document_view_terms_and_boundaries.md,local_only_file,preserved_local,1568049f4b6a0d2fb3c6363f60cf6a45412d6770e2f86d57404d4d668a9737a0,,1568049f4b6a0d2fb3c6363f60cf6a45412d6770e2f86d57404d4d668a9737a0,True
docs/robotqtviewer_scene_explorer_gui_design.md,local_only_file,preserved_local,f5b6a1ec71dea7b68a4f790fb245d2ad18e737ab1141f6cd2f67c93bb36ab16e,,f5b6a1ec71dea7b68a4f790fb245d2ad18e737ab1141f6cd2f67c93bb36ab16e,True
docs/robotqtviewer_task_workbench_terms.md,local_only_file,preserved_local,079fb5cde02598abbcfb2a0d1e97ff82d289ba224b5bbd92db3d3673c4228a71,,079fb5cde02598abbcfb2a0d1e97ff82d289ba224b5bbd92db3d3673c4228a71,True
docs/robotqtviewer_workbench_manager_design.md,local_only_file,preserved_local,2a09b1610305a0c609c55c3bd521c9ae4219a82bb74a37cc4aee26c390ebeecc,,2a09b1610305a0c609c55c3bd521c9ae4219a82bb74a37cc4aee26c390ebeecc,True
docs/sdk_abi_export_policy.md,local_only_file,preserved_local,e582ce8d46db0980cfb149a5e4cdce1404126eb84f14414375a201555e8b3e3f,,e582ce8d46db0980cfb149a5e4cdce1404126eb84f14414375a201555e8b3e3f,True
docs/sdk_branch_collaboration_model.md,local_only_file,preserved_local,9533b829dd2a2616e7c60327a6a4f6e745499554952425ee07fecc1604a0d4e6,,9533b829dd2a2616e7c60327a6a4f6e745499554952425ee07fecc1604a0d4e6,True
docs/sdk_consumer_distribution_strategy.md,local_only_file,preserved_local,4e9d7f07b8ab1d8d82844b5119fe749e01e953facfc9b3099aeb4dc70b844256,,4e9d7f07b8ab1d8d82844b5119fe749e01e953facfc9b3099aeb4dc70b844256,True
docs/sdk_usage/shader_resource_delivery.md,local_only_file,preserved_local,f859fd6c54a096cd9ca24e56c6375dd033449a033087d21918486009efaf3c82,,f859fd6c54a096cd9ca24e56c6375dd033449a033087d21918486009efaf3c82,True
docs/sdk_usage/thin_and_standalone_sdk_usage.md,local_only_file,preserved_local,138e15d3532794bff0a234f79684675e39459f5ef455c2f1138c3d079594f44f,,138e15d3532794bff0a234f79684675e39459f5ef455c2f1138c3d079594f44f,True
docs/设计思路/碰撞检测的底层逻辑.md,local_only_file,preserved_local,0729e505846b12a864ba39b192952aa3a1f60a572bfaa59123055d6b9ed7a5b9,,0729e505846b12a864ba39b192952aa3a1f60a572bfaa59123055d6b9ed7a5b9,True
include/RadiationTherapy/QtRadTherapyControl/RTControlWidget.h,local_only_file,preserved_local,1bf95f42f281c7c63cd9df811bad002bce604be65b98a99078323e27fef29116,,1bf95f42f281c7c63cd9df811bad002bce604be65b98a99078323e27fef29116,True
include/RadiationTherapy/QtRadTherapyControl/rtcontrol_global.h,local_only_file,preserved_local,2662060490114b5c3f27442040c0970ec3d1bcbd5e876df2b592c86bbe8dcc90,,2662060490114b5c3f27442040c0970ec3d1bcbd5e876df2b592c86bbe8dcc90,True
include/RadiationTherapy/RadiationSystemTangQing/ISOCenter.h,local_only_file,preserved_local,3d86431f28c10e54434c3b3fde1e2e71a1bbd92d884db5bba3c38eca03fc6f1e,,3d86431f28c10e54434c3b3fde1e2e71a1bbd92d884db5bba3c38eca03fc6f1e,True
include/RadiationTherapy/RadiationSystemTangQing/RTSKinematics.h,local_only_file,preserved_local,e954130b36d2818fe476813ee1d886af50a625daae2e05569acbd0765ddda0c7,,e954130b36d2818fe476813ee1d886af50a625daae2e05569acbd0765ddda0c7,True
include/RadiationTherapy/RadiationSystemTangQing/RadTherapyPlanning.h,local_only_file,preserved_local,ee0253a6240bb844fbe0f84392630453530253e4c86e837a10821b25a63a8b02,,ee0253a6240bb844fbe0f84392630453530253e4c86e837a10821b25a63a8b02,True
include/RadiationTherapy/RadiationSystemTangQing/iRadTherapySystem.h,local_only_file,preserved_local,5d7807195fe02a401d6642357b5fd4971bfe4a6cb4bbe85d763dcac77500e04b,,5d7807195fe02a401d6642357b5fd4971bfe4a6cb4bbe85d763dcac77500e04b,True
license/license-dev.LIC,local_only_file,preserved_local,de24a514e5d8b6b2c7fdfac2a4e04cbc1942c1d566e9f2894c6d5c56fc74cc78,,de24a514e5d8b6b2c7fdfac2a4e04cbc1942c1d566e9f2894c6d5c56fc74cc78,True
plans/4090_demand_driven_dependency_loading_plan.md,local_only_file,preserved_local,ba0be1278b4d9e511fc150c8552960e3ec61a3508985d352de91e99017d605a7,,ba0be1278b4d9e511fc150c8552960e3ec61a3508985d352de91e99017d605a7,True
plans/README.md,local_only_file,preserved_local,b08375cb6b3e86eca860b1ef9aecff08ec96a21f2f3312a7b139e1811a970f21,,b08375cb6b3e86eca860b1ef9aecff08ec96a21f2f3312a7b139e1811a970f21,True
plans/business_source_dependency_boundary_revision_plan.md,local_only_file,preserved_local,04915a1c3511116dfbb9162f8adf0480f178acaa6b5f1b6cb1ffe4b8f90f38a6,,04915a1c3511116dfbb9162f8adf0480f178acaa6b5f1b6cb1ffe4b8f90f38a6,True
plans/coating_analysis_thickness_prediction_framework_revision_plan.md,local_only_file,preserved_local,cba497cce58c108f220843108209d87a4cd25980afc29fff982d6f851ce4c33f,,cba497cce58c108f220843108209d87a4cd25980afc29fff982d6f851ce4c33f,True
plans/collision_config_mode_convergence_plan.md,local_only_file,preserved_local,2091ebc80eae79669d41711737c5ec1d980216c6efcb9a423b8244f2dfac3b13,,2091ebc80eae79669d41711737c5ec1d980216c6efcb9a423b8244f2dfac3b13,True
plans/collision_convert_from_visual_lazy_runtime_plan.md,local_only_file,preserved_local,953d0f3b8eae2114647168330da21508bfae74e4632b4ebda9b7da7dc3bb9966,,953d0f3b8eae2114647168330da21508bfae74e4632b4ebda9b7da7dc3bb9966,True
plans/collision_runtime_performance_analysis_plan.md,local_only_file,preserved_local,3da823eb4ef4092a9de55b79a8ac72bb87f79ac4adbdc118b944071107a0c36a,,3da823eb4ef4092a9de55b79a8ac72bb87f79ac4adbdc118b944071107a0c36a,True
plans/modular_prebuilt_sdk_release_boundary_roadmap.md,local_only_file,preserved_local,e64e7fa32eda1b39e64683ff03be250fc0e9ec48b1c3a9cd39ee59f8ce76fb3f,,e64e7fa32eda1b39e64683ff03be250fc0e9ec48b1c3a9cd39ee59f8ce76fb3f,True
plans/object_binding_project_workflow_followup_plan.md,local_only_file,preserved_local,e2344e63469bc69a501998bacf3bf1f01db5fe61479745e5723e6b7fda48956d,,e2344e63469bc69a501998bacf3bf1f01db5fe61479745e5723e6b7fda48956d,True
plans/ompl_motion_planning_project_adapter_integration_plan.md,local_only_file,preserved_local,992f23bb1f53408a1c2d4d744c09b190e14a182b519a5e3b8a6d6dc7f313ba71,,992f23bb1f53408a1c2d4d744c09b190e14a182b519a5e3b8a6d6dc7f313ba71,True
plans/phase1_p0_delivery_closure_plan.md,local_only_file,preserved_local,c40d46487d76b98a2d3a60a9ec728359d1bc6f94a3974221c3843af41a5d556e,,c40d46487d76b98a2d3a60a9ec728359d1bc6f94a3974221c3843af41a5d556e,True
plans/phase1_p0_runtime_release_policy_revision_plan.md,local_only_file,preserved_local,ea63016d5eaf27367f6b95481c66bb55f5000fb9b0389246d38a894144405be8,,ea63016d5eaf27367f6b95481c66bb55f5000fb9b0389246d38a894144405be8,True
plans/project_document_mutation_refactor_plan.md,local_only_file,preserved_local,d1ec917b32518e51565d583dc72a4928053b7d7b06fe2ff8a233468bdbbc9c91,,d1ec917b32518e51565d583dc72a4928053b7d7b06fe2ff8a233468bdbbc9c91,True
plans/robot_mount_frame_system_package_plan.md,local_only_file,preserved_local,f854f0ed4a796040ad7b59628019fb359a81cd57ad999cbecfa2a8ec42805528,,f854f0ed4a796040ad7b59628019fb359a81cd57ad999cbecfa2a8ec42805528,True
plans/robot_run_collision_results_and_load_profile_plan.md,local_only_file,preserved_local,c6555eec0e1c8cc0d80b424472c6cd24b95695ef600fd9170a7eb6f954ec25ab,,c6555eec0e1c8cc0d80b424472c6cd24b95695ef600fd9170a7eb6f954ec25ab,True
plans/robotqtmodules_collision_inspector_full_decomposition_plan.md,local_only_file,preserved_local,856d7ba88a718825e0126add0e45c3d05ba4b4803bda2c649fe8a72fc512f801,,856d7ba88a718825e0126add0e45c3d05ba4b4803bda2c649fe8a72fc512f801,True
plans/workbench_mode_activation_revision_plan.md,local_only_file,preserved_local,05c150b8213e1a6a59d9b264d88d5b5489dcdd32437c55a255c1a8e95dda6960,,05c150b8213e1a6a59d9b264d88d5b5489dcdd32437c55a255c1a8e95dda6960,True
scripts/build_sdk.ps1,local_only_file,preserved_local,5e7732c81e05faec777411476881a70c7997d430bb4e65b7013360ef7e54a3c2,,5e7732c81e05faec777411476881a70c7997d430bb4e65b7013360ef7e54a3c2,True
scripts/package_app_release.ps1,local_only_file,preserved_local,00046302e2190d37897d3c49dfbb5558136ecbc0f2b3fa554b1f03e3c9ff3ee8,,00046302e2190d37897d3c49dfbb5558136ecbc0f2b3fa554b1f03e3c9ff3ee8,True
scripts/package_business_source.ps1,local_only_file,preserved_local,7b56d010826944d3624ddc73b44ee1d8d48569bc01672a7be4e63859651bd698,,7b56d010826944d3624ddc73b44ee1d8d48569bc01672a7be4e63859651bd698,True
scripts/release_phase1.ps1,local_only_file,preserved_local,d7629f1383aca8396a4c0d3ae14c3c9994ebc2548aa66d5ae3689e70041bff56,,d7629f1383aca8396a4c0d3ae14c3c9994ebc2548aa66d5ae3689e70041bff56,True
sdk.lock.json,changed,merged_or_compatibility_adapted,c47ccd9edab192f645264f20151bd2a8b22bb60b0a307cb0082e33511e674859,e215c16a43d0d78245699c22c4d253c75a577e15297bb6ca37fd7455decab188,f555f702ef6a8b3c45917ec67f39780004851254c91597b1bd8bc2b027ed5671,True
tests/CDF/Algorithms/CMakeLists.txt,local_only_file,preserved_local,51d5861dd8134beb7bcafa7445cc8afcad619aa7be3b3431fa81934ebb3985dc,,51d5861dd8134beb7bcafa7445cc8afcad619aa7be3b3431fa81934ebb3985dc,True
tests/CDF/Algorithms/include/CDFAlgorithms/CdfCollisionOracle.h,local_only_file,preserved_local,faa92b3352028c5a51e33c922d7ddf94b69323f26da355e4e634744b1a992d45,,faa92b3352028c5a51e33c922d7ddf94b69323f26da355e4e634744b1a992d45,True
tests/CDF/Algorithms/include/CDFAlgorithms/CdfDocument.h,local_only_file,preserved_local,38ebc59c53ce9083c6ea70c4ee6259226bfa60a1ea417a413aaa0d16e3c9c3da,,38ebc59c53ce9083c6ea70c4ee6259226bfa60a1ea417a413aaa0d16e3c9c3da,True
tests/CDF/Algorithms/include/CDFAlgorithms/CdfPlanningService.h,local_only_file,preserved_local,a7452b5e0d30af65ed37361bd1bf4a233f1a45354504929840df7c51306b6e3d,,a7452b5e0d30af65ed37361bd1bf4a233f1a45354504929840df7c51306b6e3d,True
tests/CDF/Algorithms/include/CDFAlgorithms/CdfTypes.h,local_only_file,preserved_local,df0621a4ccbec4c0812649ed9351289b86c39b6449c180af060cd8ae000e6fcc,,df0621a4ccbec4c0812649ed9351289b86c39b6449c180af060cd8ae000e6fcc,True
tests/CDF/Algorithms/smoke/CdfAlgorithmSmoke.cpp,local_only_file,preserved_local,0842c7c1b0ffd1c7e7b261f5d617f984cf01060b92ff3482177dd88f5234d341,,0842c7c1b0ffd1c7e7b261f5d617f984cf01060b92ff3482177dd88f5234d341,True
tests/CDF/Algorithms/src/CdfCollisionOracle.cpp,local_only_file,preserved_local,d58fe8c6f60bd9f77e91156dafc071f13a290f790d47a448806a66ba0b0f881e,,d58fe8c6f60bd9f77e91156dafc071f13a290f790d47a448806a66ba0b0f881e,True
tests/CDF/Algorithms/src/CdfDocument.cpp,local_only_file,preserved_local,59b2df418700a820d57951eddb88bf6503fac0fd16d7bd18fa398db2c95817db,,59b2df418700a820d57951eddb88bf6503fac0fd16d7bd18fa398db2c95817db,True
tests/CDF/Algorithms/src/CdfPlanningService.cpp,local_only_file,preserved_local,4925d9cb824502bd48a417e296692c59ef3154154ccf294e23b166dfab834e6b,,4925d9cb824502bd48a417e296692c59ef3154154ccf294e23b166dfab834e6b,True
tests/CDF/CMakeLists.txt,local_only_file,preserved_local,748032ab4f644106c53ecf3f296e2b5ca3919f02cf4e0ec7f1f29d1a1fa0de58,,748032ab4f644106c53ecf3f296e2b5ca3919f02cf4e0ec7f1f29d1a1fa0de58,True
tests/CDF/Gui/CMakeLists.txt,local_only_file,preserved_local,f11a79826abb274d026594dc43989e2cfff960c8116518a5ca84e194f0d9a3a4,,f11a79826abb274d026594dc43989e2cfff960c8116518a5ca84e194f0d9a3a4,True
tests/CDF/Gui/assets/ThreeDOF_Robot_ObstacleScene_viewer.urdf.in,local_only_file,preserved_local,0d58e40e7f4e9162a4bf885b36aff6f69377f0032066026371992a1d9ede4d88,,0d58e40e7f4e9162a4bf885b36aff6f69377f0032066026371992a1d9ede4d88,True
tests/CDF/Gui/assets/cdf_obstacle.stl,local_only_file,preserved_local,be4c0a62f3e61b0e7742a2014157a8f2e7f9a95eb95d20f2e6a3d89ffaa5a457,,be4c0a62f3e61b0e7742a2014157a8f2e7f9a95eb95d20f2e6a3d89ffaa5a457,True
tests/CDF/Gui/assets/three_dof_robot_3r_viewer.urdf.in,local_only_file,preserved_local,6d9f04d1ac5054d5ae45dec75f2750e40b8deab7b90cde7ee5dcaf59cfe0d704,,6d9f04d1ac5054d5ae45dec75f2750e40b8deab7b90cde7ee5dcaf59cfe0d704,True
tests/CDF/Gui/smoke/CdfProjectCollisionSmoke.cpp,local_only_file,preserved_local,4f9a4d4596dfa56c465f8490286f51ef6b63a2f3d77d28f483ffa65ce4c1b364,,4f9a4d4596dfa56c465f8490286f51ef6b63a2f3d77d28f483ffa65ce4c1b364,True
tests/CDF/Gui/src/CdfDemoController.cpp,local_only_file,preserved_local,138468f22ea69a58998de3c3e19a4b86d4afbb92226d2acd73366d018a1202f2,,138468f22ea69a58998de3c3e19a4b86d4afbb92226d2acd73366d018a1202f2,True
tests/CDF/Gui/src/CdfDemoController.h,local_only_file,preserved_local,cc8971ea83306d7a20d681e2f75f78805a2ec1a5dbba48d7f44ad0d4e94ccc91,,cc8971ea83306d7a20d681e2f75f78805a2ec1a5dbba48d7f44ad0d4e94ccc91,True
tests/CDF/Gui/src/CdfDemoMain.cpp,local_only_file,preserved_local,c31674695cccff986919a5da0981c688d0ade5cac0378411e9fe8bae663a6247,,c31674695cccff986919a5da0981c688d0ade5cac0378411e9fe8bae663a6247,True
tests/CDF/Gui/src/CdfDemoViewModel.h,local_only_file,preserved_local,9e7d823df790d0aea5f94514300437d5e6089a8045df6d398147578cd14f617f,,9e7d823df790d0aea5f94514300437d5e6089a8045df6d398147578cd14f617f,True
tests/CDF/Gui/src/CdfDemoViewModelBuilder.cpp,local_only_file,preserved_local,8fa7df422aedebbe39b5ff14ad2e8f7744b2c1a70588d57d603a71958c9da21c,,8fa7df422aedebbe39b5ff14ad2e8f7744b2c1a70588d57d603a71958c9da21c,True
tests/CDF/Gui/src/CdfDemoViewModelBuilder.h,local_only_file,preserved_local,5064717acb2d807b854ba19adbb758ebca213cfae0b245d762b99bb810c76e6b,,5064717acb2d807b854ba19adbb758ebca213cfae0b245d762b99bb810c76e6b,True
tests/CDF/Gui/src/CdfDemoWindow.cpp,local_only_file,preserved_local,cfe7ab4a5d62077492451b60e97c0f1a8393eb91aba2c7909a5c0451cef5a2d2,,cfe7ab4a5d62077492451b60e97c0f1a8393eb91aba2c7909a5c0451cef5a2d2,True
tests/CDF/Gui/src/CdfDemoWindow.h,local_only_file,preserved_local,488c07186d9c375b46e36d34129b3aa72067dc2d1990281d582ef85238e8a658,,488c07186d9c375b46e36d34129b3aa72067dc2d1990281d582ef85238e8a658,True
tests/CDF/Gui/src/CdfPathCanvasWidget.cpp,local_only_file,preserved_local,09ad0c7d9bd1274456e9ab24cf562a30d5f65f729678830926ddb097ca4e9c3a,,09ad0c7d9bd1274456e9ab24cf562a30d5f65f729678830926ddb097ca4e9c3a,True
tests/CDF/Gui/src/CdfPathCanvasWidget.h,local_only_file,preserved_local,aca316ed20c85cc2a8c678f6fb3751a3fe7c0a8570025f2c2c2a3fe72a91d6fc,,aca316ed20c85cc2a8c678f6fb3751a3fe7c0a8570025f2c2c2a3fe72a91d6fc,True
tests/CDF/README.md,local_only_file,preserved_local,9d0814425e865b346021119bc482d01b247462d8f62e361d2053ee79d1e48a62,,9d0814425e865b346021119bc482d01b247462d8f62e361d2053ee79d1e48a62,True
tests/CDF/ThreeDOF_Robot_ObstacleScene.SLDASM/CMakeLists.txt,local_only_file,preserved_local,a893f680b5f3a68bb7233b78b508656137c76d5c6c29ec879055aa8d682548cf,,a893f680b5f3a68bb7233b78b508656137c76d5c6c29ec879055aa8d682548cf,True
tests/CDF/ThreeDOF_Robot_ObstacleScene.SLDASM/config/joint_names_ThreeDOF_Robot_ObstacleScene.SLDASM.yaml,local_only_file,preserved_local,f6290e815235669241e479da79d1f8359b5a1f95c1d9bc9eebdc1d3dd4d97fd5,,f6290e815235669241e479da79d1f8359b5a1f95c1d9bc9eebdc1d3dd4d97fd5,True
tests/CDF/ThreeDOF_Robot_ObstacleScene.SLDASM/export.log,local_only_file,preserved_local,ff5d4fca316d640bc5a0b6b9a864fd51a04a5aa06e7fd6e170599d09f159471e,,ff5d4fca316d640bc5a0b6b9a864fd51a04a5aa06e7fd6e170599d09f159471e,True
tests/CDF/ThreeDOF_Robot_ObstacleScene.SLDASM/launch/display.launch,local_only_file,preserved_local,d91150b6e861a9de17e0b24e043c402ce3edd59f83c2fe3b86671ee005137cbd,,d91150b6e861a9de17e0b24e043c402ce3edd59f83c2fe3b86671ee005137cbd,True
tests/CDF/ThreeDOF_Robot_ObstacleScene.SLDASM/launch/gazebo.launch,local_only_file,preserved_local,dc675951c383c4fe373be1ce98bff867291d90088f1f000f7b5e539d7557acd5,,dc675951c383c4fe373be1ce98bff867291d90088f1f000f7b5e539d7557acd5,True
tests/CDF/ThreeDOF_Robot_ObstacleScene.SLDASM/meshes/base_link.STL,local_only_file,preserved_local,2a1af489355087f51b29e2c2502b4384a1ecadf884500ed12ce66cbc306fd85c,,2a1af489355087f51b29e2c2502b4384a1ecadf884500ed12ce66cbc306fd85c,True
tests/CDF/ThreeDOF_Robot_ObstacleScene.SLDASM/package.xml,local_only_file,preserved_local,a4d353b00f308183f6de29f78d29e6216c72b21021e4fc45d2b6a1959c4a9dbf,,a4d353b00f308183f6de29f78d29e6216c72b21021e4fc45d2b6a1959c4a9dbf,True
tests/CDF/ThreeDOF_Robot_ObstacleScene.SLDASM/urdf/ThreeDOF_Robot_ObstacleScene.SLDASM.csv,local_only_file,preserved_local,7d718dbaac4090941e88a5813906b052bbfbf29ab64f602d920a41867b4c9460,,7d718dbaac4090941e88a5813906b052bbfbf29ab64f602d920a41867b4c9460,True
tests/CDF/ThreeDOF_Robot_ObstacleScene.SLDASM/urdf/ThreeDOF_Robot_ObstacleScene.SLDASM.urdf,local_only_file,preserved_local,303ff383374c6b5d213d4941f25bd1b676377175e7bfdab07dab7fcf789cd38a,,303ff383374c6b5d213d4941f25bd1b676377175e7bfdab07dab7fcf789cd38a,True
tests/CDF/obstacle_scene/README_obstacle_scene.md,local_only_file,preserved_local,dddac2be74c1d9484bd6785a6eef62bbaaa9eec370f0ee57981e7ad77de728c7,,dddac2be74c1d9484bd6785a6eef62bbaaa9eec370f0ee57981e7ad77de728c7,True
tests/CDF/obstacle_scene/ThreeDOF_Robot_ObstacleScene.SLDASM,local_only_file,preserved_local,9391b978fd6bc53ba98cae68463e5dc703e781a3be8ad6ce704b104007b9808b,,9391b978fd6bc53ba98cae68463e5dc703e781a3be8ad6ce704b104007b9808b,True
tests/CDF/obstacle_scene/obs_01_elbow_cylinder.SLDPRT,local_only_file,preserved_local,60d1d47713d423095a26824ea3690d6681200f122f8cc4bbda22175b5c23431b,,60d1d47713d423095a26824ea3690d6681200f122f8cc4bbda22175b5c23431b,True
tests/CDF/obstacle_scene/obs_02_front_box.SLDPRT,local_only_file,preserved_local,2a4448b6bb7cd1d4a97b8c3b6060eb7f5b3c892c9e98048e5ec90952f4a35c93,,2a4448b6bb7cd1d4a97b8c3b6060eb7f5b3c892c9e98048e5ec90952f4a35c93,True
tests/CDF/obstacle_scene/obs_03_outer_cylinder.SLDPRT,local_only_file,preserved_local,e90df3c798a5613d81f28583845be0bbe1a2e9de893f364e750ae8f837f6de93,,e90df3c798a5613d81f28583845be0bbe1a2e9de893f364e750ae8f837f6de93,True
tests/CDF/obstacle_scene/obs_04_left_wall.SLDPRT,local_only_file,preserved_local,7a3638323b0d2bda638fbf02fc9e8b0deed7eebf5f1ab5aef773a624a4fffa4a,,7a3638323b0d2bda638fbf02fc9e8b0deed7eebf5f1ab5aef773a624a4fffa4a,True
tests/CDF/obstacle_scene/obs_05_tool_goal_block.SLDPRT,local_only_file,preserved_local,d8ed37ea310ff858981cffe02726da2cdb9a3c477536f44cfd9b45e5801df16e,,d8ed37ea310ff858981cffe02726da2cdb9a3c477536f44cfd9b45e5801df16e,True
tests/CDF/obstacle_scene/three_dof_robot_obstacles_description.zip,local_only_file,preserved_local,8848a5414cf95d9922c9706578f91a0066128f7387c1a9726ab6acfa73a75982,,8848a5414cf95d9922c9706578f91a0066128f7387c1a9726ab6acfa73a75982,True
tests/CDF/obstacle_scene/three_dof_robot_obstacles_description/CMakeLists.txt,local_only_file,preserved_local,1f82652d313df90d3f4054d261ca217165b5b624a6d5a11225dd26a19e5cf311,,1f82652d313df90d3f4054d261ca217165b5b624a6d5a11225dd26a19e5cf311,True
tests/CDF/obstacle_scene/three_dof_robot_obstacles_description/package.xml,local_only_file,preserved_local,048ee6b167e16e5e902066801750509ff0c6d9093a17ca865da3f2647f60e9b7,,048ee6b167e16e5e902066801750509ff0c6d9093a17ca865da3f2647f60e9b7,True
tests/CDF/obstacle_scene/three_dof_robot_obstacles_description/urdf/obstacle_scene.urdf,local_only_file,preserved_local,c92b28b4d71c33869dd299d48301028252e5495f11ab21df65260d19463926ad,,c92b28b4d71c33869dd299d48301028252e5495f11ab21df65260d19463926ad,True
tests/CDF/obstacle_scene/~$ThreeDOF_Robot_ObstacleScene.SLDASM,local_only_file,preserved_local,ed317e985f925d94010295f0d0f09fca2e662ce3d46b884c98f4da2b6d5a2ae0,,ed317e985f925d94010295f0d0f09fca2e662ce3d46b884c98f4da2b6d5a2ae0,True
tests/CDF/obstacle_scene/~$obs_01_elbow_cylinder.SLDPRT,local_only_file,preserved_local,ed317e985f925d94010295f0d0f09fca2e662ce3d46b884c98f4da2b6d5a2ae0,,ed317e985f925d94010295f0d0f09fca2e662ce3d46b884c98f4da2b6d5a2ae0,True
tests/CDF/obstacle_scene/~$obs_02_front_box.SLDPRT,local_only_file,preserved_local,ed317e985f925d94010295f0d0f09fca2e662ce3d46b884c98f4da2b6d5a2ae0,,ed317e985f925d94010295f0d0f09fca2e662ce3d46b884c98f4da2b6d5a2ae0,True
tests/CDF/obstacle_scene/~$obs_03_outer_cylinder.SLDPRT,local_only_file,preserved_local,ed317e985f925d94010295f0d0f09fca2e662ce3d46b884c98f4da2b6d5a2ae0,,ed317e985f925d94010295f0d0f09fca2e662ce3d46b884c98f4da2b6d5a2ae0,True
tests/CDF/obstacle_scene/~$obs_04_left_wall.SLDPRT,local_only_file,preserved_local,ed317e985f925d94010295f0d0f09fca2e662ce3d46b884c98f4da2b6d5a2ae0,,ed317e985f925d94010295f0d0f09fca2e662ce3d46b884c98f4da2b6d5a2ae0,True
tests/CDF/obstacle_scene/~$obs_05_tool_goal_block.SLDPRT,local_only_file,preserved_local,ed317e985f925d94010295f0d0f09fca2e662ce3d46b884c98f4da2b6d5a2ae0,,ed317e985f925d94010295f0d0f09fca2e662ce3d46b884c98f4da2b6d5a2ae0,True
tests/CDF/three_dof_robot_3r_description/CMakeLists.txt,local_only_file,preserved_local,5540b60cd20948b5f3017886e45b730cee017b7a47932f1def99527687758a92,,5540b60cd20948b5f3017886e45b730cee017b7a47932f1def99527687758a92,True
tests/CDF/three_dof_robot_3r_description/config/joint_names_three_dof_robot_3r.yaml,local_only_file,preserved_local,fdb2223f4a5a13444931582f47dd3d847b03eb25eb01730f343cbbf52cdf0699,,fdb2223f4a5a13444931582f47dd3d847b03eb25eb01730f343cbbf52cdf0699,True
tests/CDF/three_dof_robot_3r_description/launch/display.launch,local_only_file,preserved_local,0dfceca0fed6ce95d7c3a43199ce6944490ab41ea8b388adc520d8933535345a,,0dfceca0fed6ce95d7c3a43199ce6944490ab41ea8b388adc520d8933535345a,True
tests/CDF/three_dof_robot_3r_description/meshes/link1.STL,local_only_file,preserved_local,72f8adaa6ad1f5117790d3de193ae2f3bbcf1733554f3c046ce80cbc473ef606,,72f8adaa6ad1f5117790d3de193ae2f3bbcf1733554f3c046ce80cbc473ef606,True
tests/CDF/three_dof_robot_3r_description/meshes/link2.STL,local_only_file,preserved_local,c87ea5bc00c655ea68a65825ab28b1a0d2760f8a4c2af64d41a7d10a8441b526,,c87ea5bc00c655ea68a65825ab28b1a0d2760f8a4c2af64d41a7d10a8441b526,True
tests/CDF/three_dof_robot_3r_description/meshes/link3.STL,local_only_file,preserved_local,adf0129bceff1ae84bc3bb8751bfb8fe47a611d78b12c81df2b72eb2533eccd2,,adf0129bceff1ae84bc3bb8751bfb8fe47a611d78b12c81df2b72eb2533eccd2,True
tests/CDF/three_dof_robot_3r_description/package.xml,local_only_file,preserved_local,3344c3351f6a5848fe8409cd26cc3f306ab3852507653bae330114913f7b529b,,3344c3351f6a5848fe8409cd26cc3f306ab3852507653bae330114913f7b529b,True
tests/CDF/three_dof_robot_3r_description/urdf/three_dof_robot_3r.urdf,local_only_file,preserved_local,f4c6ba27e304437a0d63372ab32babbe064ce8844ec1a53c6cd9790ad59fc052,,f4c6ba27e304437a0d63372ab32babbe064ce8844ec1a53c6cd9790ad59fc052,True
tests/CMakeLists.txt,local_only_file,preserved_local,f4b79c9bc4af02e7c1d0625cd665592c46eab3b511ac5996f066165ca7b2e35a,,f4b79c9bc4af02e7c1d0625cd665592c46eab3b511ac5996f066165ca7b2e35a,True
tests/package_examples/CMakeLists.txt,local_only_file,preserved_local,0c96b1fd506b85791714b920e0a23928724ccf984d89f6cd71928639d8bc647c,,0c96b1fd506b85791714b920e0a23928724ccf984d89f6cd71928639d8bc647c,True
tests/package_examples/README.md,local_only_file,preserved_local,7e3786ebed1fdb6ae8f55f169c158d984bd8a0707adab1890e8d5bc1d92a9621,,7e3786ebed1fdb6ae8f55f169c158d984bd8a0707adab1890e8d5bc1d92a9621,True
tests/package_examples/cmake/CheckD4PackageComponents.cmake,local_only_file,preserved_local,67a01cd2304b11f37aa53ac650573b0aa800e2d82e463277dfd3238e00204338,,67a01cd2304b11f37aa53ac650573b0aa800e2d82e463277dfd3238e00204338,True
tests/package_examples/cmake/CheckSdkManifest.cmake,local_only_file,preserved_local,2a87b9ee3b269469ffabedb0eea3727aab652bd7ee324462ae5aba4f078ef5a1,,2a87b9ee3b269469ffabedb0eea3727aab652bd7ee324462ae5aba4f078ef5a1,True
tests/package_examples/collision_core/CMakeLists.txt,local_only_file,preserved_local,294712ba2dcf89f195316e6393990a618cf38a4637ae90184e039af9029c39d3,,294712ba2dcf89f195316e6393990a618cf38a4637ae90184e039af9029c39d3,True
tests/package_examples/collision_core/main.cpp,local_only_file,preserved_local,205189ccf2659ebcf4ce586985e3df06fb9fb7b2f35f5038e1461ab973a3a90d,,205189ccf2659ebcf4ce586985e3df06fb9fb7b2f35f5038e1461ab973a3a90d,True
tests/package_examples/core_components_smoke/CMakeLists.txt,local_only_file,preserved_local,f31503c800367c7a2c999ca47c06ea338012addce46bfdf63c4d3d17e4b0f952,,f31503c800367c7a2c999ca47c06ea338012addce46bfdf63c4d3d17e4b0f952,True
tests/package_examples/core_components_smoke/main.cpp,local_only_file,preserved_local,3636e7b7556d877b3c895b6a4a7c2d7acc7e0a842ce93c7a39f40c7564b82df4,,3636e7b7556d877b3c895b6a4a7c2d7acc7e0a842ce93c7a39f40c7564b82df4,True
tests/package_examples/license_authorization_consumer/CMakeLists.txt,local_only_file,preserved_local,9d45974228d706394199b812bc6ee792516186cb8479d842a3ea50a774a66f86,,9d45974228d706394199b812bc6ee792516186cb8479d842a3ea50a774a66f86,True
tests/package_examples/license_authorization_consumer/main.cpp,local_only_file,preserved_local,933c3cc56640f3c12ae1ad7d4f8fc8bbb9878e5856746999b7a1e347f75a1c2b,,933c3cc56640f3c12ae1ad7d4f8fc8bbb9878e5856746999b7a1e347f75a1c2b,True
tests/package_examples/motion_planning_consumer/CMakeLists.txt,local_only_file,preserved_local,a9a87a90c12bd904add680592a9c4bc102527d76d2630a1f92c0c95e3157d440,,a9a87a90c12bd904add680592a9c4bc102527d76d2630a1f92c0c95e3157d440,True
tests/package_examples/motion_planning_consumer/main.cpp,local_only_file,preserved_local,223e96b805f652bd6397c53c767f2ffdbdb05cd457ebe13c606aa574f880b62d,,223e96b805f652bd6397c53c767f2ffdbdb05cd457ebe13c606aa574f880b62d,True
tests/package_examples/platform_components_smoke/CMakeLists.txt,local_only_file,preserved_local,ba7e6716c76126971a8de057f1545123f85d804336d34f64de3c3d498c82183c,,ba7e6716c76126971a8de057f1545123f85d804336d34f64de3c3d498c82183c,True
tests/package_examples/platform_components_smoke/main.cpp,local_only_file,preserved_local,d56867eacc416366a39d887eeafc5da5f9d8e35c783eab23e760b07b81ee892e,,d56867eacc416366a39d887eeafc5da5f9d8e35c783eab23e760b07b81ee892e,True
tests/package_examples/project_simulation_sdk_consumer/CMakeLists.txt,local_only_file,preserved_local,5775dfb45616b4da110116ef4ad86f54044adb757ded9ed2d9b938ef07f294d5,,5775dfb45616b4da110116ef4ad86f54044adb757ded9ed2d9b938ef07f294d5,True
tests/package_examples/project_simulation_sdk_consumer/main.cpp,local_only_file,preserved_local,2853d181d22a6c7656280f1a5eb85796d3168dcc257936aa6c8e5d7bef8ad1c3,,2853d181d22a6c7656280f1a5eb85796d3168dcc257936aa6c8e5d7bef8ad1c3,True
tests/package_examples/robot_render_bridge_smoke/CMakeLists.txt,local_only_file,preserved_local,31985328e2a90e5577382f95b8f0a0af91f72f702a83680c924fcd1a57d60772,,31985328e2a90e5577382f95b8f0a0af91f72f702a83680c924fcd1a57d60772,True
tests/package_examples/robot_render_bridge_smoke/main.cpp,local_only_file,preserved_local,dde31de5ef635903d316fe7e086f03c22929127464644c7da40f3f1b3cc7a963,,dde31de5ef635903d316fe7e086f03c22929127464644c7da40f3f1b3cc7a963,True
tests/package_examples/robot_sdk_quickstart/CMakeLists.txt,local_only_file,preserved_local,7b9f279004a43af4a4324aa6836ee61cf397a76b75c3f87110e21a9adff26fa0,,7b9f279004a43af4a4324aa6836ee61cf397a76b75c3f87110e21a9adff26fa0,True
tests/package_examples/robot_sdk_quickstart/main.cpp,local_only_file,preserved_local,481815cd438be6d4af14db5a13bf97da6bfd36e05d1e54db41af854fba6ee497,,481815cd438be6d4af14db5a13bf97da6bfd36e05d1e54db41af854fba6ee497,True
tests/package_examples/robotio_urdf_load/CMakeLists.txt,local_only_file,preserved_local,8e273b2565c02293a2214413c3f608b7f7813e1f6c2ecdb8367d90ebeab44eb2,,8e273b2565c02293a2214413c3f608b7f7813e1f6c2ecdb8367d90ebeab44eb2,True
tests/package_examples/robotio_urdf_load/main.cpp,local_only_file,preserved_local,8c77b5bc8180b0bba6ec758657def2156f6631f00d51115ddd42e64a6d7cad6c,,8c77b5bc8180b0bba6ec758657def2156f6631f00d51115ddd42e64a6d7cad6c,True
tests/package_examples/workbench_packages_consumer/CMakeLists.txt,local_only_file,preserved_local,540f902840e23b4676552ea12e79db3ebc5bba4c2ff7968b2121520d07730990,,540f902840e23b4676552ea12e79db3ebc5bba4c2ff7968b2121520d07730990,True
tests/package_examples/workbench_packages_consumer/main.cpp,local_only_file,preserved_local,a10f849bd934ad789f029b803afa216412c000eef1506171640d8a7876044381,,a10f849bd934ad789f029b803afa216412c000eef1506171640d8a7876044381,True
tests/robot_sdk_consumer/CMakeLists.txt,local_only_file,preserved_local,708b81de2c5ba54e73901d184d0478eed94eedd0ddc0bc293c7b055cc0676ac8,,708b81de2c5ba54e73901d184d0478eed94eedd0ddc0bc293c7b055cc0676ac8,True
tests/robot_sdk_consumer/main.cpp,local_only_file,preserved_local,3af4241d8f03b7209252c94d825a2fc7f8a96078b6622f7a4710e8e92f5bc171,,3af4241d8f03b7209252c94d825a2fc7f8a96078b6622f7a4710e8e92f5bc171,True
thirdparty/Eigen340/include/eigen3/Eigen/Cholesky,local_only_file,preserved_local,,,,True
thirdparty/Eigen340/include/eigen3/Eigen/CholmodSupport,local_only_file,preserved_local,,,,True
thirdparty/Eigen340/include/eigen3/Eigen/Core,local_only_file,preserved_local,,,,True
thirdparty/Eigen340/include/eigen3/Eigen/Dense,local_only_file,preserved_local,,,,True
thirdparty/Eigen340/include/eigen3/Eigen/Eigen,local_only_file,preserved_local,,,,True
thirdparty/Eigen340/include/eigen3/Eigen/Eigenvalues,local_only_file,preserved_local,,,,True
thirdparty/Eigen340/include/eigen3/Eigen/Geometry,local_only_file,preserved_local,,,,True
thirdparty/Eigen340/include/eigen3/Eigen/Householder,local_only_file,preserved_local,,,,True
thirdparty/Eigen340/include/eigen3/Eigen/IterativeLinearSolvers,local_only_file,preserved_local,,,,True
thirdparty/Eigen340/include/eigen3/Eigen/Jacobi,local_only_file,preserved_local,,,,True
thirdparty/Eigen340/include/eigen3/Eigen/KLUSupport,local_only_file,preserved_local,,,,True
thirdparty/Eigen340/include/eigen3/Eigen/LU,local_only_file,preserved_local,,,,True
thirdparty/Eigen340/include/eigen3/Eigen/MetisSupport,local_only_file,preserved_local,,,,True
thirdparty/Eigen340/include/eigen3/Eigen/OrderingMethods,local_only_file,preserved_local,,,,True
thirdparty/Eigen340/include/eigen3/Eigen/PaStiXSupport,local_only_file,preserved_local,,,,True
thirdparty/Eigen340/include/eigen3/Eigen/PardisoSupport,local_only_file,preserved_local,,,,True
thirdparty/Eigen340/include/eigen3/Eigen/QR,local_only_file,preserved_local,,,,True
thirdparty/Eigen340/include/eigen3/Eigen/QtAlignedMalloc,local_only_file,preserved_local,,,,True
thirdparty/Eigen340/include/eigen3/Eigen/SPQRSupport,local_only_file,preserved_local,,,,True
thirdparty/Eigen340/include/eigen3/Eigen/SVD,local_only_file,preserved_local,,,,True
thirdparty/Eigen340/include/eigen3/Eigen/Sparse,local_only_file,preserved_local,,,,True
thirdparty/Eigen340/include/eigen3/Eigen/SparseCholesky,local_only_file,preserved_local,,,,True
thirdparty/Eigen340/include/eigen3/Eigen/SparseCore,local_only_file,preserved_local,,,,True
thirdparty/Eigen340/include/eigen3/Eigen/SparseLU,local_only_file,preserved_local,,,,True
thirdparty/Eigen340/include/eigen3/Eigen/SparseQR,local_only_file,preserved_local,,,,True
thirdparty/Eigen340/include/eigen3/Eigen/StdDeque,local_only_file,preserved_local,,,,True
thirdparty/Eigen340/include/eigen3/Eigen/StdList,local_only_file,preserved_local,,,,True
thirdparty/Eigen340/include/eigen3/Eigen/StdVector,local_only_file,preserved_local,,,,True
thirdparty/Eigen340/include/eigen3/Eigen/SuperLUSupport,local_only_file,preserved_local,,,,True
thirdparty/Eigen340/include/eigen3/Eigen/UmfPackSupport,local_only_file,preserved_local,,,,True
thirdparty/Eigen340/include/eigen3/Eigen/src/Cholesky/LDLT.h,local_only_file,preserved_local,,,,True
thirdparty/Eigen340/include/eigen3/Eigen/src/Cholesky/LLT.h,local_only_file,preserved_local,,,,True
thirdparty/Eigen340/include/eigen3/Eigen/src/Cholesky/LLT_LAPACKE.h,local_only_file,preserved_local,,,,True
thirdparty/Eigen340/include/eigen3/Eigen/src/CholmodSupport/CholmodSupport.h,local_only_file,preserved_local,,,,True
thirdparty/Eigen340/include/eigen3/Eigen/src/Core/ArithmeticSequence.h,local_only_file,preserved_local,,,,True
thirdparty/Eigen340/include/eigen3/Eigen/src/Core/Array.h,local_only_file,preserved_local,,,,True
thirdparty/Eigen340/include/eigen3/Eigen/src/Core/ArrayBase.h,local_only_file,preserved_local,,,,True
thirdparty/Eigen340/include/eigen3/Eigen/src/Core/ArrayWrapper.h,local_only_file,preserved_local,,,,True
thirdparty/Eigen340/include/eigen3/Eigen/src/Core/Assign.h,local_only_file,preserved_local,,,,True
thirdparty/Eigen340/include/eigen3/Eigen/src/Core/AssignEvaluator.h,local_only_file,preserved_local,,,,True
thirdparty/Eigen340/include/eigen3/Eigen/src/Core/Assign_MKL.h,local_only_file,preserved_local,,,,True
thirdparty/Eigen340/include/eigen3/Eigen/src/Core/BandMatrix.h,local_only_file,preserved_local,,,,True
thirdparty/Eigen340/include/eigen3/Eigen/src/Core/Block.h,local_only_file,preserved_local,,,,True
thirdparty/Eigen340/include/eigen3/Eigen/src/Core/BooleanRedux.h,local_only_file,preserved_local,,,,True
thirdparty/Eigen340/include/eigen3/Eigen/src/Core/CommaInitializer.h,local_only_file,preserved_local,,,,True
thirdparty/Eigen340/include/eigen3/Eigen/src/Core/ConditionEstimator.h,local_only_file,preserved_local,,,,True
thirdparty/Eigen340/include/eigen3/Eigen/src/Core/CoreEvaluators.h,local_only_file,preserved_local,,,,True
thirdparty/Eigen340/include/eigen3/Eigen/src/Core/CoreIterators.h,local_only_file,preserved_local,,,,True
thirdparty/Eigen340/include/eigen3/Eigen/src/Core/CwiseBinaryOp.h,local_only_file,preserved_local,,,,True
thirdparty/Eigen340/include/eigen3/Eigen/src/Core/CwiseNullaryOp.h,local_only_file,preserved_local,,,,True
thirdparty/Eigen340/include/eigen3/Eigen/src/Core/CwiseTernaryOp.h,local_only_file,preserved_local,,,,True
thirdparty/Eigen340/include/eigen3/Eigen/src/Core/CwiseUnaryOp.h,local_only_file,preserved_local,,,,True
thirdparty/Eigen340/include/eigen3/Eigen/src/Core/CwiseUnaryView.h,local_only_file,preserved_local,,,,True
thirdparty/Eigen340/include/eigen3/Eigen/src/Core/DenseBase.h,local_only_file,preserved_local,,,,True
thirdparty/Eigen340/include/eigen3/Eigen/src/Core/DenseCoeffsBase.h,local_only_file,preserved_local,,,,True
thirdparty/Eigen340/include/eigen3/Eigen/src/Core/DenseStorage.h,local_only_file,preserved_local,,,,True
thirdparty/Eigen340/include/eigen3/Eigen/src/Core/Diagonal.h,local_only_file,preserved_local,,,,True
thirdparty/Eigen340/include/eigen3/Eigen/src/Core/DiagonalMatrix.h,local_only_file,preserved_local,,,,True
thirdparty/Eigen340/include/eigen3/Eigen/src/Core/DiagonalProduct.h,local_only_file,preserved_local,,,,True
thirdparty/Eigen340/include/eigen3/Eigen/src/Core/Dot.h,local_only_file,preserved_local,,,,True
thirdparty/Eigen340/include/eigen3/Eigen/src/Core/EigenBase.h,local_only_file,preserved_local,,,,True
thirdparty/Eigen340/include/eigen3/Eigen/src/Core/ForceAlignedAccess.h,local_only_file,preserved_local,,,,True
thirdparty/Eigen340/include/eigen3/Eigen/src/Core/Fuzzy.h,local_only_file,preserved_local,,,,True
thirdparty/Eigen340/include/eigen3/Eigen/src/Core/GeneralProduct.h,local_only_file,preserved_local,,,,True
thirdparty/Eigen340/include/eigen3/Eigen/src/Core/GenericPacketMath.h,local_only_file,preserved_local,,,,True
thirdparty/Eigen340/include/eigen3/Eigen/src/Core/GlobalFunctions.h,local_only_file,preserved_local,,,,True
thirdparty/Eigen340/include/eigen3/Eigen/src/Core/IO.h,local_only_file,preserved_local,,,,True
thirdparty/Eigen340/include/eigen3/Eigen/src/Core/IndexedView.h,local_only_file,preserved_local,,,,True
thirdparty/Eigen340/include/eigen3/Eigen/src/Core/Inverse.h,local_only_file,preserved_local,,,,True
thirdparty/Eigen340/include/eigen3/Eigen/src/Core/Map.h,local_only_file,preserved_local,,,,True
thirdparty/Eigen340/include/eigen3/Eigen/src/Core/MapBase.h,local_only_file,preserved_local,,,,True
thirdparty/Eigen340/include/eigen3/Eigen/src/Core/MathFunctions.h,local_only_file,preserved_local,,,,True
thirdparty/Eigen340/include/eigen3/Eigen/src/Core/MathFunctionsImpl.h,local_only_file,preserved_local,,,,True
thirdparty/Eigen340/include/eigen3/Eigen/src/Core/Matrix.h,local_only_file,preserved_local,,,,True
thirdparty/Eigen340/include/eigen3/Eigen/src/Core/MatrixBase.h,local_only_file,preserved_local,,,,True
thirdparty/Eigen340/include/eigen3/Eigen/src/Core/NestByValue.h,local_only_file,preserved_local,,,,True
thirdparty/Eigen340/include/eigen3/Eigen/src/Core/NoAlias.h,local_only_file,preserved_local,,,,True
thirdparty/Eigen340/include/eigen3/Eigen/src/Core/NumTraits.h,local_only_file,preserved_local,,,,True
thirdparty/Eigen340/include/eigen3/Eigen/src/Core/PartialReduxEvaluator.h,local_only_file,preserved_local,,,,True
thirdparty/Eigen340/include/eigen3/Eigen/src/Core/PermutationMatrix.h,local_only_file,preserved_local,,,,True
thirdparty/Eigen340/include/eigen3/Eigen/src/Core/PlainObjectBase.h,local_only_file,preserved_local,,,,True
thirdparty/Eigen340/include/eigen3/Eigen/src/Core/Product.h,local_only_file,preserved_local,,,,True
thirdparty/Eigen340/include/eigen3/Eigen/src/Core/ProductEvaluators.h,local_only_file,preserved_local,,,,True
thirdparty/Eigen340/include/eigen3/Eigen/src/Core/Random.h,local_only_file,preserved_local,,,,True
thirdparty/Eigen340/include/eigen3/Eigen/src/Core/Redux.h,local_only_file,preserved_local,,,,True
thirdparty/Eigen340/include/eigen3/Eigen/src/Core/Ref.h,local_only_file,preserved_local,,,,True
thirdparty/Eigen340/include/eigen3/Eigen/src/Core/Replicate.h,local_only_file,preserved_local,,,,True
thirdparty/Eigen340/include/eigen3/Eigen/src/Core/Reshaped.h,local_only_file,preserved_local,,,,True
thirdparty/Eigen340/include/eigen3/Eigen/src/Core/ReturnByValue.h,local_only_file,preserved_local,,,,True
thirdparty/Eigen340/include/eigen3/Eigen/src/Core/Reverse.h,local_only_file,preserved_local,,,,True
thirdparty/Eigen340/include/eigen3/Eigen/src/Core/Select.h,local_only_file,preserved_local,,,,True
thirdparty/Eigen340/include/eigen3/Eigen/src/Core/SelfAdjointView.h,local_only_file,preserved_local,,,,True
thirdparty/Eigen340/include/eigen3/Eigen/src/Core/SelfCwiseBinaryOp.h,local_only_file,preserved_local,,,,True
thirdparty/Eigen340/include/eigen3/Eigen/src/Core/Solve.h,local_only_file,preserved_local,,,,True
thirdparty/Eigen340/include/eigen3/Eigen/src/Core/SolveTriangular.h,local_only_file,preserved_local,,,,True
thirdparty/Eigen340/include/eigen3/Eigen/src/Core/SolverBase.h,local_only_file,preserved_local,,,,True
thirdparty/Eigen340/include/eigen3/Eigen/src/Core/StableNorm.h,local_only_file,preserved_local,,,,True
thirdparty/Eigen340/include/eigen3/Eigen/src/Core/StlIterators.h,local_only_file,preserved_local,,,,True
thirdparty/Eigen340/include/eigen3/Eigen/src/Core/Stride.h,local_only_file,preserved_local,,,,True
thirdparty/Eigen340/include/eigen3/Eigen/src/Core/Swap.h,local_only_file,preserved_local,,,,True
thirdparty/Eigen340/include/eigen3/Eigen/src/Core/Transpose.h,local_only_file,preserved_local,,,,True
thirdparty/Eigen340/include/eigen3/Eigen/src/Core/Transpositions.h,local_only_file,preserved_local,,,,True
thirdparty/Eigen340/include/eigen3/Eigen/src/Core/TriangularMatrix.h,local_only_file,preserved_local,,,,True
thirdparty/Eigen340/include/eigen3/Eigen/src/Core/VectorBlock.h,local_only_file,preserved_local,,,,True
thirdparty/Eigen340/include/eigen3/Eigen/src/Core/VectorwiseOp.h,local_only_file,preserved_local,,,,True
thirdparty/Eigen340/include/eigen3/Eigen/src/Core/Visitor.h,local_only_file,preserved_local,,,,True
thirdparty/Eigen340/include/eigen3/Eigen/src/Core/arch/AVX/Complex.h,local_only_file,preserved_local,,,,True
thirdparty/Eigen340/include/eigen3/Eigen/src/Core/arch/AVX/MathFunctions.h,local_only_file,preserved_local,,,,True
thirdparty/Eigen340/include/eigen3/Eigen/src/Core/arch/AVX/PacketMath.h,local_only_file,preserved_local,,,,True
thirdparty/Eigen340/include/eigen3/Eigen/src/Core/arch/AVX/TypeCasting.h,local_only_file,preserved_local,,,,True
thirdparty/Eigen340/include/eigen3/Eigen/src/Core/arch/AVX512/Complex.h,local_only_file,preserved_local,,,,True
thirdparty/Eigen340/include/eigen3/Eigen/src/Core/arch/AVX512/MathFunctions.h,local_only_file,preserved_local,,,,True
thirdparty/Eigen340/include/eigen3/Eigen/src/Core/arch/AVX512/PacketMath.h,local_only_file,preserved_local,,,,True
thirdparty/Eigen340/include/eigen3/Eigen/src/Core/arch/AVX512/TypeCasting.h,local_only_file,preserved_local,,,,True
thirdparty/Eigen340/include/eigen3/Eigen/src/Core/arch/AltiVec/Complex.h,local_only_file,preserved_local,,,,True
thirdparty/Eigen340/include/eigen3/Eigen/src/Core/arch/AltiVec/MathFunctions.h,local_only_file,preserved_local,,,,True
thirdparty/Eigen340/include/eigen3/Eigen/src/Core/arch/AltiVec/MatrixProduct.h,local_only_file,preserved_local,,,,True
thirdparty/Eigen340/include/eigen3/Eigen/src/Core/arch/AltiVec/MatrixProductCommon.h,local_only_file,preserved_local,,,,True
thirdparty/Eigen340/include/eigen3/Eigen/src/Core/arch/AltiVec/MatrixProductMMA.h,local_only_file,preserved_local,,,,True
thirdparty/Eigen340/include/eigen3/Eigen/src/Core/arch/AltiVec/PacketMath.h,local_only_file,preserved_local,,,,True
thirdparty/Eigen340/include/eigen3/Eigen/src/Core/arch/CUDA/Complex.h,local_only_file,preserved_local,,,,True
thirdparty/Eigen340/include/eigen3/Eigen/src/Core/arch/Default/BFloat16.h,local_only_file,preserved_local,,,,True
thirdparty/Eigen340/include/eigen3/Eigen/src/Core/arch/Default/ConjHelper.h,local_only_file,preserved_local,,,,True
thirdparty/Eigen340/include/eigen3/Eigen/src/Core/arch/Default/GenericPacketMathFunctions.h,local_only_file,preserved_local,,,,True
thirdparty/Eigen340/include/eigen3/Eigen/src/Core/arch/Default/GenericPacketMathFunctionsFwd.h,local_only_file,preserved_local,,,,True
thirdparty/Eigen340/include/eigen3/Eigen/src/Core/arch/Default/Half.h,local_only_file,preserved_local,,,,True
thirdparty/Eigen340/include/eigen3/Eigen/src/Core/arch/Default/Settings.h,local_only_file,preserved_local,,,,True
thirdparty/Eigen340/include/eigen3/Eigen/src/Core/arch/Default/TypeCasting.h,local_only_file,preserved_local,,,,True
thirdparty/Eigen340/include/eigen3/Eigen/src/Core/arch/GPU/MathFunctions.h,local_only_file,preserved_local,,,,True
thirdparty/Eigen340/include/eigen3/Eigen/src/Core/arch/GPU/PacketMath.h,local_only_file,preserved_local,,,,True
thirdparty/Eigen340/include/eigen3/Eigen/src/Core/arch/GPU/TypeCasting.h,local_only_file,preserved_local,,,,True
thirdparty/Eigen340/include/eigen3/Eigen/src/Core/arch/HIP/hcc/math_constants.h,local_only_file,preserved_local,,,,True
thirdparty/Eigen340/include/eigen3/Eigen/src/Core/arch/MSA/Complex.h,local_only_file,preserved_local,,,,True
thirdparty/Eigen340/include/eigen3/Eigen/src/Core/arch/MSA/MathFunctions.h,local_only_file,preserved_local,,,,True
thirdparty/Eigen340/include/eigen3/Eigen/src/Core/arch/MSA/PacketMath.h,local_only_file,preserved_local,,,,True
thirdparty/Eigen340/include/eigen3/Eigen/src/Core/arch/NEON/Complex.h,local_only_file,preserved_local,,,,True
thirdparty/Eigen340/include/eigen3/Eigen/src/Core/arch/NEON/GeneralBlockPanelKernel.h,local_only_file,preserved_local,,,,True
thirdparty/Eigen340/include/eigen3/Eigen/src/Core/arch/NEON/MathFunctions.h,local_only_file,preserved_local,,,,True
thirdparty/Eigen340/include/eigen3/Eigen/src/Core/arch/NEON/PacketMath.h,local_only_file,preserved_local,,,,True
thirdparty/Eigen340/include/eigen3/Eigen/src/Core/arch/NEON/TypeCasting.h,local_only_file,preserved_local,,,,True
thirdparty/Eigen340/include/eigen3/Eigen/src/Core/arch/SSE/Complex.h,local_only_file,preserved_local,,,,True
thirdparty/Eigen340/include/eigen3/Eigen/src/Core/arch/SSE/MathFunctions.h,local_only_file,preserved_local,,,,True
thirdparty/Eigen340/include/eigen3/Eigen/src/Core/arch/SSE/PacketMath.h,local_only_file,preserved_local,,,,True
thirdparty/Eigen340/include/eigen3/Eigen/src/Core/arch/SSE/TypeCasting.h,local_only_file,preserved_local,,,,True
thirdparty/Eigen340/include/eigen3/Eigen/src/Core/arch/SVE/MathFunctions.h,local_only_file,preserved_local,,,,True
thirdparty/Eigen340/include/eigen3/Eigen/src/Core/arch/SVE/PacketMath.h,local_only_file,preserved_local,,,,True
thirdparty/Eigen340/include/eigen3/Eigen/src/Core/arch/SVE/TypeCasting.h,local_only_file,preserved_local,,,,True
thirdparty/Eigen340/include/eigen3/Eigen/src/Core/arch/SYCL/InteropHeaders.h,local_only_file,preserved_local,,,,True
thirdparty/Eigen340/include/eigen3/Eigen/src/Core/arch/SYCL/MathFunctions.h,local_only_file,preserved_local,,,,True
thirdparty/Eigen340/include/eigen3/Eigen/src/Core/arch/SYCL/PacketMath.h,local_only_file,preserved_local,,,,True
thirdparty/Eigen340/include/eigen3/Eigen/src/Core/arch/SYCL/SyclMemoryModel.h,local_only_file,preserved_local,,,,True
thirdparty/Eigen340/include/eigen3/Eigen/src/Core/arch/SYCL/TypeCasting.h,local_only_file,preserved_local,,,,True
thirdparty/Eigen340/include/eigen3/Eigen/src/Core/arch/ZVector/Complex.h,local_only_file,preserved_local,,,,True
thirdparty/Eigen340/include/eigen3/Eigen/src/Core/arch/ZVector/MathFunctions.h,local_only_file,preserved_local,,,,True
thirdparty/Eigen340/include/eigen3/Eigen/src/Core/arch/ZVector/PacketMath.h,local_only_file,preserved_local,,,,True
thirdparty/Eigen340/include/eigen3/Eigen/src/Core/functors/AssignmentFunctors.h,local_only_file,preserved_local,,,,True
thirdparty/Eigen340/include/eigen3/Eigen/src/Core/functors/BinaryFunctors.h,local_only_file,preserved_local,,,,True
thirdparty/Eigen340/include/eigen3/Eigen/src/Core/functors/NullaryFunctors.h,local_only_file,preserved_local,,,,True
thirdparty/Eigen340/include/eigen3/Eigen/src/Core/functors/StlFunctors.h,local_only_file,preserved_local,,,,True
thirdparty/Eigen340/include/eigen3/Eigen/src/Core/functors/TernaryFunctors.h,local_only_file,preserved_local,,,,True
thirdparty/Eigen340/include/eigen3/Eigen/src/Core/functors/UnaryFunctors.h,local_only_file,preserved_local,,,,True
thirdparty/Eigen340/include/eigen3/Eigen/src/Core/products/GeneralBlockPanelKernel.h,local_only_file,preserved_local,,,,True
thirdparty/Eigen340/include/eigen3/Eigen/src/Core/products/GeneralMatrixMatrix.h,local_only_file,preserved_local,,,,True
thirdparty/Eigen340/include/eigen3/Eigen/src/Core/products/GeneralMatrixMatrixTriangular.h,local_only_file,preserved_local,,,,True
thirdparty/Eigen340/include/eigen3/Eigen/src/Core/products/GeneralMatrixMatrixTriangular_BLAS.h,local_only_file,preserved_local,,,,True
thirdparty/Eigen340/include/eigen3/Eigen/src/Core/products/GeneralMatrixMatrix_BLAS.h,local_only_file,preserved_local,,,,True
thirdparty/Eigen340/include/eigen3/Eigen/src/Core/products/GeneralMatrixVector.h,local_only_file,preserved_local,,,,True
thirdparty/Eigen340/include/eigen3/Eigen/src/Core/products/GeneralMatrixVector_BLAS.h,local_only_file,preserved_local,,,,True
thirdparty/Eigen340/include/eigen3/Eigen/src/Core/products/Parallelizer.h,local_only_file,preserved_local,,,,True
thirdparty/Eigen340/include/eigen3/Eigen/src/Core/products/SelfadjointMatrixMatrix.h,local_only_file,preserved_local,,,,True
thirdparty/Eigen340/include/eigen3/Eigen/src/Core/products/SelfadjointMatrixMatrix_BLAS.h,local_only_file,preserved_local,,,,True
thirdparty/Eigen340/include/eigen3/Eigen/src/Core/products/SelfadjointMatrixVector.h,local_only_file,preserved_local,,,,True
thirdparty/Eigen340/include/eigen3/Eigen/src/Core/products/SelfadjointMatrixVector_BLAS.h,local_only_file,preserved_local,,,,True
thirdparty/Eigen340/include/eigen3/Eigen/src/Core/products/SelfadjointProduct.h,local_only_file,preserved_local,,,,True
thirdparty/Eigen340/include/eigen3/Eigen/src/Core/products/SelfadjointRank2Update.h,local_only_file,preserved_local,,,,True
thirdparty/Eigen340/include/eigen3/Eigen/src/Core/products/TriangularMatrixMatrix.h,local_only_file,preserved_local,,,,True
thirdparty/Eigen340/include/eigen3/Eigen/src/Core/products/TriangularMatrixMatrix_BLAS.h,local_only_file,preserved_local,,,,True
thirdparty/Eigen340/include/eigen3/Eigen/src/Core/products/TriangularMatrixVector.h,local_only_file,preserved_local,,,,True
thirdparty/Eigen340/include/eigen3/Eigen/src/Core/products/TriangularMatrixVector_BLAS.h,local_only_file,preserved_local,,,,True
thirdparty/Eigen340/include/eigen3/Eigen/src/Core/products/TriangularSolverMatrix.h,local_only_file,preserved_local,,,,True
thirdparty/Eigen340/include/eigen3/Eigen/src/Core/products/TriangularSolverMatrix_BLAS.h,local_only_file,preserved_local,,,,True
thirdparty/Eigen340/include/eigen3/Eigen/src/Core/products/TriangularSolverVector.h,local_only_file,preserved_local,,,,True
thirdparty/Eigen340/include/eigen3/Eigen/src/Core/util/BlasUtil.h,local_only_file,preserved_local,,,,True
thirdparty/Eigen340/include/eigen3/Eigen/src/Core/util/ConfigureVectorization.h,local_only_file,preserved_local,,,,True
thirdparty/Eigen340/include/eigen3/Eigen/src/Core/util/Constants.h,local_only_file,preserved_local,,,,True
thirdparty/Eigen340/include/eigen3/Eigen/src/Core/util/DisableStupidWarnings.h,local_only_file,preserved_local,,,,True
thirdparty/Eigen340/include/eigen3/Eigen/src/Core/util/ForwardDeclarations.h,local_only_file,preserved_local,,,,True
thirdparty/Eigen340/include/eigen3/Eigen/src/Core/util/IndexedViewHelper.h,local_only_file,preserved_local,,,,True
thirdparty/Eigen340/include/eigen3/Eigen/src/Core/util/IntegralConstant.h,local_only_file,preserved_local,,,,True
thirdparty/Eigen340/include/eigen3/Eigen/src/Core/util/MKL_support.h,local_only_file,preserved_local,,,,True
thirdparty/Eigen340/include/eigen3/Eigen/src/Core/util/Macros.h,local_only_file,preserved_local,,,,True
thirdparty/Eigen340/include/eigen3/Eigen/src/Core/util/Memory.h,local_only_file,preserved_local,,,,True
thirdparty/Eigen340/include/eigen3/Eigen/src/Core/util/Meta.h,local_only_file,preserved_local,,,,True
thirdparty/Eigen340/include/eigen3/Eigen/src/Core/util/NonMPL2.h,local_only_file,preserved_local,,,,True
thirdparty/Eigen340/include/eigen3/Eigen/src/Core/util/ReenableStupidWarnings.h,local_only_file,preserved_local,,,,True
thirdparty/Eigen340/include/eigen3/Eigen/src/Core/util/ReshapedHelper.h,local_only_file,preserved_local,,,,True
thirdparty/Eigen340/include/eigen3/Eigen/src/Core/util/StaticAssert.h,local_only_file,preserved_local,,,,True
thirdparty/Eigen340/include/eigen3/Eigen/src/Core/util/SymbolicIndex.h,local_only_file,preserved_local,,,,True
thirdparty/Eigen340/include/eigen3/Eigen/src/Core/util/XprHelper.h,local_only_file,preserved_local,,,,True
thirdparty/Eigen340/include/eigen3/Eigen/src/Eigenvalues/ComplexEigenSolver.h,local_only_file,preserved_local,,,,True
thirdparty/Eigen340/include/eigen3/Eigen/src/Eigenvalues/ComplexSchur.h,local_only_file,preserved_local,,,,True
thirdparty/Eigen340/include/eigen3/Eigen/src/Eigenvalues/ComplexSchur_LAPACKE.h,local_only_file,preserved_local,,,,True
thirdparty/Eigen340/include/eigen3/Eigen/src/Eigenvalues/EigenSolver.h,local_only_file,preserved_local,,,,True
thirdparty/Eigen340/include/eigen3/Eigen/src/Eigenvalues/GeneralizedEigenSolver.h,local_only_file,preserved_local,,,,True
thirdparty/Eigen340/include/eigen3/Eigen/src/Eigenvalues/GeneralizedSelfAdjointEigenSolver.h,local_only_file,preserved_local,,,,True
thirdparty/Eigen340/include/eigen3/Eigen/src/Eigenvalues/HessenbergDecomposition.h,local_only_file,preserved_local,,,,True
thirdparty/Eigen340/include/eigen3/Eigen/src/Eigenvalues/MatrixBaseEigenvalues.h,local_only_file,preserved_local,,,,True
thirdparty/Eigen340/include/eigen3/Eigen/src/Eigenvalues/RealQZ.h,local_only_file,preserved_local,,,,True
thirdparty/Eigen340/include/eigen3/Eigen/src/Eigenvalues/RealSchur.h,local_only_file,preserved_local,,,,True
thirdparty/Eigen340/include/eigen3/Eigen/src/Eigenvalues/RealSchur_LAPACKE.h,local_only_file,preserved_local,,,,True
thirdparty/Eigen340/include/eigen3/Eigen/src/Eigenvalues/SelfAdjointEigenSolver.h,local_only_file,preserved_local,,,,True
thirdparty/Eigen340/include/eigen3/Eigen/src/Eigenvalues/SelfAdjointEigenSolver_LAPACKE.h,local_only_file,preserved_local,,,,True
thirdparty/Eigen340/include/eigen3/Eigen/src/Eigenvalues/Tridiagonalization.h,local_only_file,preserved_local,,,,True
thirdparty/Eigen340/include/eigen3/Eigen/src/Geometry/AlignedBox.h,local_only_file,preserved_local,,,,True
thirdparty/Eigen340/include/eigen3/Eigen/src/Geometry/AngleAxis.h,local_only_file,preserved_local,,,,True
thirdparty/Eigen340/include/eigen3/Eigen/src/Geometry/EulerAngles.h,local_only_file,preserved_local,,,,True
thirdparty/Eigen340/include/eigen3/Eigen/src/Geometry/Homogeneous.h,local_only_file,preserved_local,,,,True
thirdparty/Eigen340/include/eigen3/Eigen/src/Geometry/Hyperplane.h,local_only_file,preserved_local,,,,True
thirdparty/Eigen340/include/eigen3/Eigen/src/Geometry/OrthoMethods.h,local_only_file,preserved_local,,,,True
thirdparty/Eigen340/include/eigen3/Eigen/src/Geometry/ParametrizedLine.h,local_only_file,preserved_local,,,,True
thirdparty/Eigen340/include/eigen3/Eigen/src/Geometry/Quaternion.h,local_only_file,preserved_local,,,,True
thirdparty/Eigen340/include/eigen3/Eigen/src/Geometry/Rotation2D.h,local_only_file,preserved_local,,,,True
thirdparty/Eigen340/include/eigen3/Eigen/src/Geometry/RotationBase.h,local_only_file,preserved_local,,,,True
thirdparty/Eigen340/include/eigen3/Eigen/src/Geometry/Scaling.h,local_only_file,preserved_local,,,,True
thirdparty/Eigen340/include/eigen3/Eigen/src/Geometry/Transform.h,local_only_file,preserved_local,,,,True
thirdparty/Eigen340/include/eigen3/Eigen/src/Geometry/Translation.h,local_only_file,preserved_local,,,,True
thirdparty/Eigen340/include/eigen3/Eigen/src/Geometry/Umeyama.h,local_only_file,preserved_local,,,,True
thirdparty/Eigen340/include/eigen3/Eigen/src/Geometry/arch/Geometry_SIMD.h,local_only_file,preserved_local,,,,True
thirdparty/Eigen340/include/eigen3/Eigen/src/Householder/BlockHouseholder.h,local_only_file,preserved_local,,,,True
thirdparty/Eigen340/include/eigen3/Eigen/src/Householder/Householder.h,local_only_file,preserved_local,,,,True
thirdparty/Eigen340/include/eigen3/Eigen/src/Householder/HouseholderSequence.h,local_only_file,preserved_local,,,,True
thirdparty/Eigen340/include/eigen3/Eigen/src/IterativeLinearSolvers/BasicPreconditioners.h,local_only_file,preserved_local,,,,True
thirdparty/Eigen340/include/eigen3/Eigen/src/IterativeLinearSolvers/BiCGSTAB.h,local_only_file,preserved_local,,,,True
thirdparty/Eigen340/include/eigen3/Eigen/src/IterativeLinearSolvers/ConjugateGradient.h,local_only_file,preserved_local,,,,True
thirdparty/Eigen340/include/eigen3/Eigen/src/IterativeLinearSolvers/IncompleteCholesky.h,local_only_file,preserved_local,,,,True
thirdparty/Eigen340/include/eigen3/Eigen/src/IterativeLinearSolvers/IncompleteLUT.h,local_only_file,preserved_local,,,,True
thirdparty/Eigen340/include/eigen3/Eigen/src/IterativeLinearSolvers/IterativeSolverBase.h,local_only_file,preserved_local,,,,True
thirdparty/Eigen340/include/eigen3/Eigen/src/IterativeLinearSolvers/LeastSquareConjugateGradient.h,local_only_file,preserved_local,,,,True
thirdparty/Eigen340/include/eigen3/Eigen/src/IterativeLinearSolvers/SolveWithGuess.h,local_only_file,preserved_local,,,,True
thirdparty/Eigen340/include/eigen3/Eigen/src/Jacobi/Jacobi.h,local_only_file,preserved_local,,,,True
thirdparty/Eigen340/include/eigen3/Eigen/src/KLUSupport/KLUSupport.h,local_only_file,preserved_local,,,,True
thirdparty/Eigen340/include/eigen3/Eigen/src/LU/Determinant.h,local_only_file,preserved_local,,,,True
thirdparty/Eigen340/include/eigen3/Eigen/src/LU/FullPivLU.h,local_only_file,preserved_local,,,,True
thirdparty/Eigen340/include/eigen3/Eigen/src/LU/InverseImpl.h,local_only_file,preserved_local,,,,True
thirdparty/Eigen340/include/eigen3/Eigen/src/LU/PartialPivLU.h,local_only_file,preserved_local,,,,True
thirdparty/Eigen340/include/eigen3/Eigen/src/LU/PartialPivLU_LAPACKE.h,local_only_file,preserved_local,,,,True
thirdparty/Eigen340/include/eigen3/Eigen/src/LU/arch/InverseSize4.h,local_only_file,preserved_local,,,,True
thirdparty/Eigen340/include/eigen3/Eigen/src/MetisSupport/MetisSupport.h,local_only_file,preserved_local,,,,True
thirdparty/Eigen340/include/eigen3/Eigen/src/OrderingMethods/Amd.h,local_only_file,preserved_local,,,,True
thirdparty/Eigen340/include/eigen3/Eigen/src/OrderingMethods/Eigen_Colamd.h,local_only_file,preserved_local,,,,True
thirdparty/Eigen340/include/eigen3/Eigen/src/OrderingMethods/Ordering.h,local_only_file,preserved_local,,,,True
thirdparty/Eigen340/include/eigen3/Eigen/src/PaStiXSupport/PaStiXSupport.h,local_only_file,preserved_local,,,,True
thirdparty/Eigen340/include/eigen3/Eigen/src/PardisoSupport/PardisoSupport.h,local_only_file,preserved_local,,,,True
thirdparty/Eigen340/include/eigen3/Eigen/src/QR/ColPivHouseholderQR.h,local_only_file,preserved_local,,,,True
thirdparty/Eigen340/include/eigen3/Eigen/src/QR/ColPivHouseholderQR_LAPACKE.h,local_only_file,preserved_local,,,,True
thirdparty/Eigen340/include/eigen3/Eigen/src/QR/CompleteOrthogonalDecomposition.h,local_only_file,preserved_local,,,,True
thirdparty/Eigen340/include/eigen3/Eigen/src/QR/FullPivHouseholderQR.h,local_only_file,preserved_local,,,,True
thirdparty/Eigen340/include/eigen3/Eigen/src/QR/HouseholderQR.h,local_only_file,preserved_local,,,,True
thirdparty/Eigen340/include/eigen3/Eigen/src/QR/HouseholderQR_LAPACKE.h,local_only_file,preserved_local,,,,True
thirdparty/Eigen340/include/eigen3/Eigen/src/SPQRSupport/SuiteSparseQRSupport.h,local_only_file,preserved_local,,,,True
thirdparty/Eigen340/include/eigen3/Eigen/src/SVD/BDCSVD.h,local_only_file,preserved_local,,,,True
thirdparty/Eigen340/include/eigen3/Eigen/src/SVD/JacobiSVD.h,local_only_file,preserved_local,,,,True
thirdparty/Eigen340/include/eigen3/Eigen/src/SVD/JacobiSVD_LAPACKE.h,local_only_file,preserved_local,,,,True
thirdparty/Eigen340/include/eigen3/Eigen/src/SVD/SVDBase.h,local_only_file,preserved_local,,,,True
thirdparty/Eigen340/include/eigen3/Eigen/src/SVD/UpperBidiagonalization.h,local_only_file,preserved_local,,,,True
thirdparty/Eigen340/include/eigen3/Eigen/src/SparseCholesky/SimplicialCholesky.h,local_only_file,preserved_local,,,,True
thirdparty/Eigen340/include/eigen3/Eigen/src/SparseCholesky/SimplicialCholesky_impl.h,local_only_file,preserved_local,,,,True
thirdparty/Eigen340/include/eigen3/Eigen/src/SparseCore/AmbiVector.h,local_only_file,preserved_local,,,,True
thirdparty/Eigen340/include/eigen3/Eigen/src/SparseCore/CompressedStorage.h,local_only_file,preserved_local,,,,True
thirdparty/Eigen340/include/eigen3/Eigen/src/SparseCore/ConservativeSparseSparseProduct.h,local_only_file,preserved_local,,,,True
thirdparty/Eigen340/include/eigen3/Eigen/src/SparseCore/MappedSparseMatrix.h,local_only_file,preserved_local,,,,True
thirdparty/Eigen340/include/eigen3/Eigen/src/SparseCore/SparseAssign.h,local_only_file,preserved_local,,,,True
thirdparty/Eigen340/include/eigen3/Eigen/src/SparseCore/SparseBlock.h,local_only_file,preserved_local,,,,True
thirdparty/Eigen340/include/eigen3/Eigen/src/SparseCore/SparseColEtree.h,local_only_file,preserved_local,,,,True
thirdparty/Eigen340/include/eigen3/Eigen/src/SparseCore/SparseCompressedBase.h,local_only_file,preserved_local,,,,True
thirdparty/Eigen340/include/eigen3/Eigen/src/SparseCore/SparseCwiseBinaryOp.h,local_only_file,preserved_local,,,,True
thirdparty/Eigen340/include/eigen3/Eigen/src/SparseCore/SparseCwiseUnaryOp.h,local_only_file,preserved_local,,,,True
thirdparty/Eigen340/include/eigen3/Eigen/src/SparseCore/SparseDenseProduct.h,local_only_file,preserved_local,,,,True
thirdparty/Eigen340/include/eigen3/Eigen/src/SparseCore/SparseDiagonalProduct.h,local_only_file,preserved_local,,,,True
thirdparty/Eigen340/include/eigen3/Eigen/src/SparseCore/SparseDot.h,local_only_file,preserved_local,,,,True
thirdparty/Eigen340/include/eigen3/Eigen/src/SparseCore/SparseFuzzy.h,local_only_file,preserved_local,,,,True
thirdparty/Eigen340/include/eigen3/Eigen/src/SparseCore/SparseMap.h,local_only_file,preserved_local,,,,True
thirdparty/Eigen340/include/eigen3/Eigen/src/SparseCore/SparseMatrix.h,local_only_file,preserved_local,,,,True
thirdparty/Eigen340/include/eigen3/Eigen/src/SparseCore/SparseMatrixBase.h,local_only_file,preserved_local,,,,True
thirdparty/Eigen340/include/eigen3/Eigen/src/SparseCore/SparsePermutation.h,local_only_file,preserved_local,,,,True
thirdparty/Eigen340/include/eigen3/Eigen/src/SparseCore/SparseProduct.h,local_only_file,preserved_local,,,,True
thirdparty/Eigen340/include/eigen3/Eigen/src/SparseCore/SparseRedux.h,local_only_file,preserved_local,,,,True
thirdparty/Eigen340/include/eigen3/Eigen/src/SparseCore/SparseRef.h,local_only_file,preserved_local,,,,True
thirdparty/Eigen340/include/eigen3/Eigen/src/SparseCore/SparseSelfAdjointView.h,local_only_file,preserved_local,,,,True
thirdparty/Eigen340/include/eigen3/Eigen/src/SparseCore/SparseSolverBase.h,local_only_file,preserved_local,,,,True
thirdparty/Eigen340/include/eigen3/Eigen/src/SparseCore/SparseSparseProductWithPruning.h,local_only_file,preserved_local,,,,True
thirdparty/Eigen340/include/eigen3/Eigen/src/SparseCore/SparseTranspose.h,local_only_file,preserved_local,,,,True
thirdparty/Eigen340/include/eigen3/Eigen/src/SparseCore/SparseTriangularView.h,local_only_file,preserved_local,,,,True
thirdparty/Eigen340/include/eigen3/Eigen/src/SparseCore/SparseUtil.h,local_only_file,preserved_local,,,,True
thirdparty/Eigen340/include/eigen3/Eigen/src/SparseCore/SparseVector.h,local_only_file,preserved_local,,,,True
thirdparty/Eigen340/include/eigen3/Eigen/src/SparseCore/SparseView.h,local_only_file,preserved_local,,,,True
thirdparty/Eigen340/include/eigen3/Eigen/src/SparseCore/TriangularSolver.h,local_only_file,preserved_local,,,,True
thirdparty/Eigen340/include/eigen3/Eigen/src/SparseLU/SparseLU.h,local_only_file,preserved_local,,,,True
thirdparty/Eigen340/include/eigen3/Eigen/src/SparseLU/SparseLUImpl.h,local_only_file,preserved_local,,,,True
thirdparty/Eigen340/include/eigen3/Eigen/src/SparseLU/SparseLU_Memory.h,local_only_file,preserved_local,,,,True
thirdparty/Eigen340/include/eigen3/Eigen/src/SparseLU/SparseLU_Structs.h,local_only_file,preserved_local,,,,True
thirdparty/Eigen340/include/eigen3/Eigen/src/SparseLU/SparseLU_SupernodalMatrix.h,local_only_file,preserved_local,,,,True
thirdparty/Eigen340/include/eigen3/Eigen/src/SparseLU/SparseLU_Utils.h,local_only_file,preserved_local,,,,True
thirdparty/Eigen340/include/eigen3/Eigen/src/SparseLU/SparseLU_column_bmod.h,local_only_file,preserved_local,,,,True
thirdparty/Eigen340/include/eigen3/Eigen/src/SparseLU/SparseLU_column_dfs.h,local_only_file,preserved_local,,,,True
thirdparty/Eigen340/include/eigen3/Eigen/src/SparseLU/SparseLU_copy_to_ucol.h,local_only_file,preserved_local,,,,True
thirdparty/Eigen340/include/eigen3/Eigen/src/SparseLU/SparseLU_gemm_kernel.h,local_only_file,preserved_local,,,,True
thirdparty/Eigen340/include/eigen3/Eigen/src/SparseLU/SparseLU_heap_relax_snode.h,local_only_file,preserved_local,,,,True
thirdparty/Eigen340/include/eigen3/Eigen/src/SparseLU/SparseLU_kernel_bmod.h,local_only_file,preserved_local,,,,True
thirdparty/Eigen340/include/eigen3/Eigen/src/SparseLU/SparseLU_panel_bmod.h,local_only_file,preserved_local,,,,True
thirdparty/Eigen340/include/eigen3/Eigen/src/SparseLU/SparseLU_panel_dfs.h,local_only_file,preserved_local,,,,True
thirdparty/Eigen340/include/eigen3/Eigen/src/SparseLU/SparseLU_pivotL.h,local_only_file,preserved_local,,,,True
thirdparty/Eigen340/include/eigen3/Eigen/src/SparseLU/SparseLU_pruneL.h,local_only_file,preserved_local,,,,True
thirdparty/Eigen340/include/eigen3/Eigen/src/SparseLU/SparseLU_relax_snode.h,local_only_file,preserved_local,,,,True
thirdparty/Eigen340/include/eigen3/Eigen/src/SparseQR/SparseQR.h,local_only_file,preserved_local,,,,True
thirdparty/Eigen340/include/eigen3/Eigen/src/StlSupport/StdDeque.h,local_only_file,preserved_local,,,,True
thirdparty/Eigen340/include/eigen3/Eigen/src/StlSupport/StdList.h,local_only_file,preserved_local,,,,True
thirdparty/Eigen340/include/eigen3/Eigen/src/StlSupport/StdVector.h,local_only_file,preserved_local,,,,True
thirdparty/Eigen340/include/eigen3/Eigen/src/StlSupport/details.h,local_only_file,preserved_local,,,,True
thirdparty/Eigen340/include/eigen3/Eigen/src/SuperLUSupport/SuperLUSupport.h,local_only_file,preserved_local,,,,True
thirdparty/Eigen340/include/eigen3/Eigen/src/UmfPackSupport/UmfPackSupport.h,local_only_file,preserved_local,,,,True
thirdparty/Eigen340/include/eigen3/Eigen/src/misc/Image.h,local_only_file,preserved_local,,,,True
thirdparty/Eigen340/include/eigen3/Eigen/src/misc/Kernel.h,local_only_file,preserved_local,,,,True
thirdparty/Eigen340/include/eigen3/Eigen/src/misc/RealSvd2x2.h,local_only_file,preserved_local,,,,True
thirdparty/Eigen340/include/eigen3/Eigen/src/misc/blas.h,local_only_file,preserved_local,,,,True
thirdparty/Eigen340/include/eigen3/Eigen/src/misc/lapack.h,local_only_file,preserved_local,,,,True
thirdparty/Eigen340/include/eigen3/Eigen/src/misc/lapacke.h,local_only_file,preserved_local,,,,True
thirdparty/Eigen340/include/eigen3/Eigen/src/misc/lapacke_mangling.h,local_only_file,preserved_local,,,,True
thirdparty/Eigen340/include/eigen3/Eigen/src/plugins/ArrayCwiseBinaryOps.h,local_only_file,preserved_local,,,,True
thirdparty/Eigen340/include/eigen3/Eigen/src/plugins/ArrayCwiseUnaryOps.h,local_only_file,preserved_local,,,,True
thirdparty/Eigen340/include/eigen3/Eigen/src/plugins/BlockMethods.h,local_only_file,preserved_local,,,,True
thirdparty/Eigen340/include/eigen3/Eigen/src/plugins/CommonCwiseBinaryOps.h,local_only_file,preserved_local,,,,True
thirdparty/Eigen340/include/eigen3/Eigen/src/plugins/CommonCwiseUnaryOps.h,local_only_file,preserved_local,,,,True
thirdparty/Eigen340/include/eigen3/Eigen/src/plugins/IndexedViewMethods.h,local_only_file,preserved_local,,,,True
thirdparty/Eigen340/include/eigen3/Eigen/src/plugins/MatrixCwiseBinaryOps.h,local_only_file,preserved_local,,,,True
thirdparty/Eigen340/include/eigen3/Eigen/src/plugins/MatrixCwiseUnaryOps.h,local_only_file,preserved_local,,,,True
thirdparty/Eigen340/include/eigen3/Eigen/src/plugins/ReshapedMethods.h,local_only_file,preserved_local,,,,True
thirdparty/Eigen340/include/eigen3/signature_of_eigen3_matrix_library,local_only_file,preserved_local,,,,True
thirdparty/Eigen340/include/eigen3/unsupported/Eigen/AdolcForward,local_only_file,preserved_local,,,,True
thirdparty/Eigen340/include/eigen3/unsupported/Eigen/AlignedVector3,local_only_file,preserved_local,,,,True
thirdparty/Eigen340/include/eigen3/unsupported/Eigen/ArpackSupport,local_only_file,preserved_local,,,,True
thirdparty/Eigen340/include/eigen3/unsupported/Eigen/AutoDiff,local_only_file,preserved_local,,,,True
thirdparty/Eigen340/include/eigen3/unsupported/Eigen/BVH,local_only_file,preserved_local,,,,True
thirdparty/Eigen340/include/eigen3/unsupported/Eigen/CXX11/Tensor,local_only_file,preserved_local,,,,True
thirdparty/Eigen340/include/eigen3/unsupported/Eigen/CXX11/TensorSymmetry,local_only_file,preserved_local,,,,True
thirdparty/Eigen340/include/eigen3/unsupported/Eigen/CXX11/ThreadPool,local_only_file,preserved_local,,,,True
thirdparty/Eigen340/include/eigen3/unsupported/Eigen/CXX11/src/Tensor/Tensor.h,local_only_file,preserved_local,,,,True
thirdparty/Eigen340/include/eigen3/unsupported/Eigen/CXX11/src/Tensor/TensorArgMax.h,local_only_file,preserved_local,,,,True
thirdparty/Eigen340/include/eigen3/unsupported/Eigen/CXX11/src/Tensor/TensorAssign.h,local_only_file,preserved_local,,,,True
thirdparty/Eigen340/include/eigen3/unsupported/Eigen/CXX11/src/Tensor/TensorBase.h,local_only_file,preserved_local,,,,True
thirdparty/Eigen340/include/eigen3/unsupported/Eigen/CXX11/src/Tensor/TensorBlock.h,local_only_file,preserved_local,,,,True
thirdparty/Eigen340/include/eigen3/unsupported/Eigen/CXX11/src/Tensor/TensorBroadcasting.h,local_only_file,preserved_local,,,,True
thirdparty/Eigen340/include/eigen3/unsupported/Eigen/CXX11/src/Tensor/TensorChipping.h,local_only_file,preserved_local,,,,True
thirdparty/Eigen340/include/eigen3/unsupported/Eigen/CXX11/src/Tensor/TensorConcatenation.h,local_only_file,preserved_local,,,,True
thirdparty/Eigen340/include/eigen3/unsupported/Eigen/CXX11/src/Tensor/TensorContraction.h,local_only_file,preserved_local,,,,True
thirdparty/Eigen340/include/eigen3/unsupported/Eigen/CXX11/src/Tensor/TensorContractionBlocking.h,local_only_file,preserved_local,,,,True
thirdparty/Eigen340/include/eigen3/unsupported/Eigen/CXX11/src/Tensor/TensorContractionCuda.h,local_only_file,preserved_local,,,,True
thirdparty/Eigen340/include/eigen3/unsupported/Eigen/CXX11/src/Tensor/TensorContractionGpu.h,local_only_file,preserved_local,,,,True
thirdparty/Eigen340/include/eigen3/unsupported/Eigen/CXX11/src/Tensor/TensorContractionMapper.h,local_only_file,preserved_local,,,,True
thirdparty/Eigen340/include/eigen3/unsupported/Eigen/CXX11/src/Tensor/TensorContractionSycl.h,local_only_file,preserved_local,,,,True
thirdparty/Eigen340/include/eigen3/unsupported/Eigen/CXX11/src/Tensor/TensorContractionThreadPool.h,local_only_file,preserved_local,,,,True
thirdparty/Eigen340/include/eigen3/unsupported/Eigen/CXX11/src/Tensor/TensorConversion.h,local_only_file,preserved_local,,,,True
thirdparty/Eigen340/include/eigen3/unsupported/Eigen/CXX11/src/Tensor/TensorConvolution.h,local_only_file,preserved_local,,,,True
thirdparty/Eigen340/include/eigen3/unsupported/Eigen/CXX11/src/Tensor/TensorConvolutionSycl.h,local_only_file,preserved_local,,,,True
thirdparty/Eigen340/include/eigen3/unsupported/Eigen/CXX11/src/Tensor/TensorCostModel.h,local_only_file,preserved_local,,,,True
thirdparty/Eigen340/include/eigen3/unsupported/Eigen/CXX11/src/Tensor/TensorCustomOp.h,local_only_file,preserved_local,,,,True
thirdparty/Eigen340/include/eigen3/unsupported/Eigen/CXX11/src/Tensor/TensorDevice.h,local_only_file,preserved_local,,,,True
thirdparty/Eigen340/include/eigen3/unsupported/Eigen/CXX11/src/Tensor/TensorDeviceCuda.h,local_only_file,preserved_local,,,,True
thirdparty/Eigen340/include/eigen3/unsupported/Eigen/CXX11/src/Tensor/TensorDeviceDefault.h,local_only_file,preserved_local,,,,True
thirdparty/Eigen340/include/eigen3/unsupported/Eigen/CXX11/src/Tensor/TensorDeviceGpu.h,local_only_file,preserved_local,,,,True
thirdparty/Eigen340/include/eigen3/unsupported/Eigen/CXX11/src/Tensor/TensorDeviceSycl.h,local_only_file,preserved_local,,,,True
thirdparty/Eigen340/include/eigen3/unsupported/Eigen/CXX11/src/Tensor/TensorDeviceThreadPool.h,local_only_file,preserved_local,,,,True
thirdparty/Eigen340/include/eigen3/unsupported/Eigen/CXX11/src/Tensor/TensorDimensionList.h,local_only_file,preserved_local,,,,True
thirdparty/Eigen340/include/eigen3/unsupported/Eigen/CXX11/src/Tensor/TensorDimensions.h,local_only_file,preserved_local,,,,True
thirdparty/Eigen340/include/eigen3/unsupported/Eigen/CXX11/src/Tensor/TensorEvalTo.h,local_only_file,preserved_local,,,,True
thirdparty/Eigen340/include/eigen3/unsupported/Eigen/CXX11/src/Tensor/TensorEvaluator.h,local_only_file,preserved_local,,,,True
thirdparty/Eigen340/include/eigen3/unsupported/Eigen/CXX11/src/Tensor/TensorExecutor.h,local_only_file,preserved_local,,,,True
thirdparty/Eigen340/include/eigen3/unsupported/Eigen/CXX11/src/Tensor/TensorExpr.h,local_only_file,preserved_local,,,,True
thirdparty/Eigen340/include/eigen3/unsupported/Eigen/CXX11/src/Tensor/TensorFFT.h,local_only_file,preserved_local,,,,True
thirdparty/Eigen340/include/eigen3/unsupported/Eigen/CXX11/src/Tensor/TensorFixedSize.h,local_only_file,preserved_local,,,,True
thirdparty/Eigen340/include/eigen3/unsupported/Eigen/CXX11/src/Tensor/TensorForcedEval.h,local_only_file,preserved_local,,,,True
thirdparty/Eigen340/include/eigen3/unsupported/Eigen/CXX11/src/Tensor/TensorForwardDeclarations.h,local_only_file,preserved_local,,,,True
thirdparty/Eigen340/include/eigen3/unsupported/Eigen/CXX11/src/Tensor/TensorFunctors.h,local_only_file,preserved_local,,,,True
thirdparty/Eigen340/include/eigen3/unsupported/Eigen/CXX11/src/Tensor/TensorGenerator.h,local_only_file,preserved_local,,,,True
thirdparty/Eigen340/include/eigen3/unsupported/Eigen/CXX11/src/Tensor/TensorGlobalFunctions.h,local_only_file,preserved_local,,,,True
thirdparty/Eigen340/include/eigen3/unsupported/Eigen/CXX11/src/Tensor/TensorGpuHipCudaDefines.h,local_only_file,preserved_local,,,,True
thirdparty/Eigen340/include/eigen3/unsupported/Eigen/CXX11/src/Tensor/TensorGpuHipCudaUndefines.h,local_only_file,preserved_local,,,,True
thirdparty/Eigen340/include/eigen3/unsupported/Eigen/CXX11/src/Tensor/TensorIO.h,local_only_file,preserved_local,,,,True
thirdparty/Eigen340/include/eigen3/unsupported/Eigen/CXX11/src/Tensor/TensorImagePatch.h,local_only_file,preserved_local,,,,True
thirdparty/Eigen340/include/eigen3/unsupported/Eigen/CXX11/src/Tensor/TensorIndexList.h,local_only_file,preserved_local,,,,True
thirdparty/Eigen340/include/eigen3/unsupported/Eigen/CXX11/src/Tensor/TensorInflation.h,local_only_file,preserved_local,,,,True
thirdparty/Eigen340/include/eigen3/unsupported/Eigen/CXX11/src/Tensor/TensorInitializer.h,local_only_file,preserved_local,,,,True
thirdparty/Eigen340/include/eigen3/unsupported/Eigen/CXX11/src/Tensor/TensorIntDiv.h,local_only_file,preserved_local,,,,True
thirdparty/Eigen340/include/eigen3/unsupported/Eigen/CXX11/src/Tensor/TensorLayoutSwap.h,local_only_file,preserved_local,,,,True
thirdparty/Eigen340/include/eigen3/unsupported/Eigen/CXX11/src/Tensor/TensorMacros.h,local_only_file,preserved_local,,,,True
thirdparty/Eigen340/include/eigen3/unsupported/Eigen/CXX11/src/Tensor/TensorMap.h,local_only_file,preserved_local,,,,True
thirdparty/Eigen340/include/eigen3/unsupported/Eigen/CXX11/src/Tensor/TensorMeta.h,local_only_file,preserved_local,,,,True
thirdparty/Eigen340/include/eigen3/unsupported/Eigen/CXX11/src/Tensor/TensorMorphing.h,local_only_file,preserved_local,,,,True
thirdparty/Eigen340/include/eigen3/unsupported/Eigen/CXX11/src/Tensor/TensorPadding.h,local_only_file,preserved_local,,,,True
thirdparty/Eigen340/include/eigen3/unsupported/Eigen/CXX11/src/Tensor/TensorPatch.h,local_only_file,preserved_local,,,,True
thirdparty/Eigen340/include/eigen3/unsupported/Eigen/CXX11/src/Tensor/TensorRandom.h,local_only_file,preserved_local,,,,True
thirdparty/Eigen340/include/eigen3/unsupported/Eigen/CXX11/src/Tensor/TensorReduction.h,local_only_file,preserved_local,,,,True
thirdparty/Eigen340/include/eigen3/unsupported/Eigen/CXX11/src/Tensor/TensorReductionCuda.h,local_only_file,preserved_local,,,,True
thirdparty/Eigen340/include/eigen3/unsupported/Eigen/CXX11/src/Tensor/TensorReductionGpu.h,local_only_file,preserved_local,,,,True
thirdparty/Eigen340/include/eigen3/unsupported/Eigen/CXX11/src/Tensor/TensorReductionSycl.h,local_only_file,preserved_local,,,,True
thirdparty/Eigen340/include/eigen3/unsupported/Eigen/CXX11/src/Tensor/TensorRef.h,local_only_file,preserved_local,,,,True
thirdparty/Eigen340/include/eigen3/unsupported/Eigen/CXX11/src/Tensor/TensorReverse.h,local_only_file,preserved_local,,,,True
thirdparty/Eigen340/include/eigen3/unsupported/Eigen/CXX11/src/Tensor/TensorScan.h,local_only_file,preserved_local,,,,True
thirdparty/Eigen340/include/eigen3/unsupported/Eigen/CXX11/src/Tensor/TensorScanSycl.h,local_only_file,preserved_local,,,,True
thirdparty/Eigen340/include/eigen3/unsupported/Eigen/CXX11/src/Tensor/TensorShuffling.h,local_only_file,preserved_local,,,,True
thirdparty/Eigen340/include/eigen3/unsupported/Eigen/CXX11/src/Tensor/TensorStorage.h,local_only_file,preserved_local,,,,True
thirdparty/Eigen340/include/eigen3/unsupported/Eigen/CXX11/src/Tensor/TensorStriding.h,local_only_file,preserved_local,,,,True
thirdparty/Eigen340/include/eigen3/unsupported/Eigen/CXX11/src/Tensor/TensorTrace.h,local_only_file,preserved_local,,,,True
thirdparty/Eigen340/include/eigen3/unsupported/Eigen/CXX11/src/Tensor/TensorTraits.h,local_only_file,preserved_local,,,,True
thirdparty/Eigen340/include/eigen3/unsupported/Eigen/CXX11/src/Tensor/TensorUInt128.h,local_only_file,preserved_local,,,,True
thirdparty/Eigen340/include/eigen3/unsupported/Eigen/CXX11/src/Tensor/TensorVolumePatch.h,local_only_file,preserved_local,,,,True
thirdparty/Eigen340/include/eigen3/unsupported/Eigen/CXX11/src/TensorSymmetry/DynamicSymmetry.h,local_only_file,preserved_local,,,,True
thirdparty/Eigen340/include/eigen3/unsupported/Eigen/CXX11/src/TensorSymmetry/StaticSymmetry.h,local_only_file,preserved_local,,,,True
thirdparty/Eigen340/include/eigen3/unsupported/Eigen/CXX11/src/TensorSymmetry/Symmetry.h,local_only_file,preserved_local,,,,True
thirdparty/Eigen340/include/eigen3/unsupported/Eigen/CXX11/src/TensorSymmetry/util/TemplateGroupTheory.h,local_only_file,preserved_local,,,,True
thirdparty/Eigen340/include/eigen3/unsupported/Eigen/CXX11/src/ThreadPool/Barrier.h,local_only_file,preserved_local,,,,True
thirdparty/Eigen340/include/eigen3/unsupported/Eigen/CXX11/src/ThreadPool/EventCount.h,local_only_file,preserved_local,,,,True
thirdparty/Eigen340/include/eigen3/unsupported/Eigen/CXX11/src/ThreadPool/NonBlockingThreadPool.h,local_only_file,preserved_local,,,,True
thirdparty/Eigen340/include/eigen3/unsupported/Eigen/CXX11/src/ThreadPool/RunQueue.h,local_only_file,preserved_local,,,,True
thirdparty/Eigen340/include/eigen3/unsupported/Eigen/CXX11/src/ThreadPool/ThreadCancel.h,local_only_file,preserved_local,,,,True
thirdparty/Eigen340/include/eigen3/unsupported/Eigen/CXX11/src/ThreadPool/ThreadEnvironment.h,local_only_file,preserved_local,,,,True
thirdparty/Eigen340/include/eigen3/unsupported/Eigen/CXX11/src/ThreadPool/ThreadLocal.h,local_only_file,preserved_local,,,,True
thirdparty/Eigen340/include/eigen3/unsupported/Eigen/CXX11/src/ThreadPool/ThreadPoolInterface.h,local_only_file,preserved_local,,,,True
thirdparty/Eigen340/include/eigen3/unsupported/Eigen/CXX11/src/ThreadPool/ThreadYield.h,local_only_file,preserved_local,,,,True
thirdparty/Eigen340/include/eigen3/unsupported/Eigen/CXX11/src/util/CXX11Meta.h,local_only_file,preserved_local,,,,True
thirdparty/Eigen340/include/eigen3/unsupported/Eigen/CXX11/src/util/CXX11Workarounds.h,local_only_file,preserved_local,,,,True
thirdparty/Eigen340/include/eigen3/unsupported/Eigen/CXX11/src/util/EmulateArray.h,local_only_file,preserved_local,,,,True
thirdparty/Eigen340/include/eigen3/unsupported/Eigen/CXX11/src/util/MaxSizeVector.h,local_only_file,preserved_local,,,,True
thirdparty/Eigen340/include/eigen3/unsupported/Eigen/EulerAngles,local_only_file,preserved_local,,,,True
thirdparty/Eigen340/include/eigen3/unsupported/Eigen/FFT,local_only_file,preserved_local,,,,True
thirdparty/Eigen340/include/eigen3/unsupported/Eigen/IterativeSolvers,local_only_file,preserved_local,,,,True
thirdparty/Eigen340/include/eigen3/unsupported/Eigen/KroneckerProduct,local_only_file,preserved_local,,,,True
thirdparty/Eigen340/include/eigen3/unsupported/Eigen/LevenbergMarquardt,local_only_file,preserved_local,,,,True
thirdparty/Eigen340/include/eigen3/unsupported/Eigen/MPRealSupport,local_only_file,preserved_local,,,,True
thirdparty/Eigen340/include/eigen3/unsupported/Eigen/MatrixFunctions,local_only_file,preserved_local,,,,True
thirdparty/Eigen340/include/eigen3/unsupported/Eigen/MoreVectorization,local_only_file,preserved_local,,,,True
thirdparty/Eigen340/include/eigen3/unsupported/Eigen/NonLinearOptimization,local_only_file,preserved_local,,,,True
thirdparty/Eigen340/include/eigen3/unsupported/Eigen/NumericalDiff,local_only_file,preserved_local,,,,True
thirdparty/Eigen340/include/eigen3/unsupported/Eigen/OpenGLSupport,local_only_file,preserved_local,,,,True
thirdparty/Eigen340/include/eigen3/unsupported/Eigen/Polynomials,local_only_file,preserved_local,,,,True
thirdparty/Eigen340/include/eigen3/unsupported/Eigen/Skyline,local_only_file,preserved_local,,,,True
thirdparty/Eigen340/include/eigen3/unsupported/Eigen/SparseExtra,local_only_file,preserved_local,,,,True
thirdparty/Eigen340/include/eigen3/unsupported/Eigen/SpecialFunctions,local_only_file,preserved_local,,,,True
thirdparty/Eigen340/include/eigen3/unsupported/Eigen/Splines,local_only_file,preserved_local,,,,True
thirdparty/Eigen340/include/eigen3/unsupported/Eigen/src/AutoDiff/AutoDiffJacobian.h,local_only_file,preserved_local,,,,True
thirdparty/Eigen340/include/eigen3/unsupported/Eigen/src/AutoDiff/AutoDiffScalar.h,local_only_file,preserved_local,,,,True
thirdparty/Eigen340/include/eigen3/unsupported/Eigen/src/AutoDiff/AutoDiffVector.h,local_only_file,preserved_local,,,,True
thirdparty/Eigen340/include/eigen3/unsupported/Eigen/src/BVH/BVAlgorithms.h,local_only_file,preserved_local,,,,True
thirdparty/Eigen340/include/eigen3/unsupported/Eigen/src/BVH/KdBVH.h,local_only_file,preserved_local,,,,True
thirdparty/Eigen340/include/eigen3/unsupported/Eigen/src/Eigenvalues/ArpackSelfAdjointEigenSolver.h,local_only_file,preserved_local,,,,True
thirdparty/Eigen340/include/eigen3/unsupported/Eigen/src/EulerAngles/EulerAngles.h,local_only_file,preserved_local,,,,True
thirdparty/Eigen340/include/eigen3/unsupported/Eigen/src/EulerAngles/EulerSystem.h,local_only_file,preserved_local,,,,True
thirdparty/Eigen340/include/eigen3/unsupported/Eigen/src/FFT/ei_fftw_impl.h,local_only_file,preserved_local,,,,True
thirdparty/Eigen340/include/eigen3/unsupported/Eigen/src/FFT/ei_kissfft_impl.h,local_only_file,preserved_local,,,,True
thirdparty/Eigen340/include/eigen3/unsupported/Eigen/src/IterativeSolvers/ConstrainedConjGrad.h,local_only_file,preserved_local,,,,True
thirdparty/Eigen340/include/eigen3/unsupported/Eigen/src/IterativeSolvers/DGMRES.h,local_only_file,preserved_local,,,,True
thirdparty/Eigen340/include/eigen3/unsupported/Eigen/src/IterativeSolvers/GMRES.h,local_only_file,preserved_local,,,,True
thirdparty/Eigen340/include/eigen3/unsupported/Eigen/src/IterativeSolvers/IDRS.h,local_only_file,preserved_local,,,,True
thirdparty/Eigen340/include/eigen3/unsupported/Eigen/src/IterativeSolvers/IncompleteLU.h,local_only_file,preserved_local,,,,True
thirdparty/Eigen340/include/eigen3/unsupported/Eigen/src/IterativeSolvers/IterationController.h,local_only_file,preserved_local,,,,True
thirdparty/Eigen340/include/eigen3/unsupported/Eigen/src/IterativeSolvers/MINRES.h,local_only_file,preserved_local,,,,True
thirdparty/Eigen340/include/eigen3/unsupported/Eigen/src/IterativeSolvers/Scaling.h,local_only_file,preserved_local,,,,True
thirdparty/Eigen340/include/eigen3/unsupported/Eigen/src/KroneckerProduct/KroneckerTensorProduct.h,local_only_file,preserved_local,,,,True
thirdparty/Eigen340/include/eigen3/unsupported/Eigen/src/LevenbergMarquardt/LMcovar.h,local_only_file,preserved_local,,,,True
thirdparty/Eigen340/include/eigen3/unsupported/Eigen/src/LevenbergMarquardt/LMonestep.h,local_only_file,preserved_local,,,,True
thirdparty/Eigen340/include/eigen3/unsupported/Eigen/src/LevenbergMarquardt/LMpar.h,local_only_file,preserved_local,,,,True
thirdparty/Eigen340/include/eigen3/unsupported/Eigen/src/LevenbergMarquardt/LMqrsolv.h,local_only_file,preserved_local,,,,True
thirdparty/Eigen340/include/eigen3/unsupported/Eigen/src/LevenbergMarquardt/LevenbergMarquardt.h,local_only_file,preserved_local,,,,True
thirdparty/Eigen340/include/eigen3/unsupported/Eigen/src/MatrixFunctions/MatrixExponential.h,local_only_file,preserved_local,,,,True
thirdparty/Eigen340/include/eigen3/unsupported/Eigen/src/MatrixFunctions/MatrixFunction.h,local_only_file,preserved_local,,,,True
thirdparty/Eigen340/include/eigen3/unsupported/Eigen/src/MatrixFunctions/MatrixLogarithm.h,local_only_file,preserved_local,,,,True
thirdparty/Eigen340/include/eigen3/unsupported/Eigen/src/MatrixFunctions/MatrixPower.h,local_only_file,preserved_local,,,,True
thirdparty/Eigen340/include/eigen3/unsupported/Eigen/src/MatrixFunctions/MatrixSquareRoot.h,local_only_file,preserved_local,,,,True
thirdparty/Eigen340/include/eigen3/unsupported/Eigen/src/MatrixFunctions/StemFunction.h,local_only_file,preserved_local,,,,True
thirdparty/Eigen340/include/eigen3/unsupported/Eigen/src/MoreVectorization/MathFunctions.h,local_only_file,preserved_local,,,,True
thirdparty/Eigen340/include/eigen3/unsupported/Eigen/src/NonLinearOptimization/HybridNonLinearSolver.h,local_only_file,preserved_local,,,,True
thirdparty/Eigen340/include/eigen3/unsupported/Eigen/src/NonLinearOptimization/LevenbergMarquardt.h,local_only_file,preserved_local,,,,True
thirdparty/Eigen340/include/eigen3/unsupported/Eigen/src/NonLinearOptimization/chkder.h,local_only_file,preserved_local,,,,True
thirdparty/Eigen340/include/eigen3/unsupported/Eigen/src/NonLinearOptimization/covar.h,local_only_file,preserved_local,,,,True
thirdparty/Eigen340/include/eigen3/unsupported/Eigen/src/NonLinearOptimization/dogleg.h,local_only_file,preserved_local,,,,True
thirdparty/Eigen340/include/eigen3/unsupported/Eigen/src/NonLinearOptimization/fdjac1.h,local_only_file,preserved_local,,,,True
thirdparty/Eigen340/include/eigen3/unsupported/Eigen/src/NonLinearOptimization/lmpar.h,local_only_file,preserved_local,,,,True
thirdparty/Eigen340/include/eigen3/unsupported/Eigen/src/NonLinearOptimization/qrsolv.h,local_only_file,preserved_local,,,,True
thirdparty/Eigen340/include/eigen3/unsupported/Eigen/src/NonLinearOptimization/r1mpyq.h,local_only_file,preserved_local,,,,True
thirdparty/Eigen340/include/eigen3/unsupported/Eigen/src/NonLinearOptimization/r1updt.h,local_only_file,preserved_local,,,,True
thirdparty/Eigen340/include/eigen3/unsupported/Eigen/src/NonLinearOptimization/rwupdt.h,local_only_file,preserved_local,,,,True
thirdparty/Eigen340/include/eigen3/unsupported/Eigen/src/NumericalDiff/NumericalDiff.h,local_only_file,preserved_local,,,,True
thirdparty/Eigen340/include/eigen3/unsupported/Eigen/src/Polynomials/Companion.h,local_only_file,preserved_local,,,,True
thirdparty/Eigen340/include/eigen3/unsupported/Eigen/src/Polynomials/PolynomialSolver.h,local_only_file,preserved_local,,,,True
thirdparty/Eigen340/include/eigen3/unsupported/Eigen/src/Polynomials/PolynomialUtils.h,local_only_file,preserved_local,,,,True
thirdparty/Eigen340/include/eigen3/unsupported/Eigen/src/Skyline/SkylineInplaceLU.h,local_only_file,preserved_local,,,,True
thirdparty/Eigen340/include/eigen3/unsupported/Eigen/src/Skyline/SkylineMatrix.h,local_only_file,preserved_local,,,,True
thirdparty/Eigen340/include/eigen3/unsupported/Eigen/src/Skyline/SkylineMatrixBase.h,local_only_file,preserved_local,,,,True
thirdparty/Eigen340/include/eigen3/unsupported/Eigen/src/Skyline/SkylineProduct.h,local_only_file,preserved_local,,,,True
thirdparty/Eigen340/include/eigen3/unsupported/Eigen/src/Skyline/SkylineStorage.h,local_only_file,preserved_local,,,,True
thirdparty/Eigen340/include/eigen3/unsupported/Eigen/src/Skyline/SkylineUtil.h,local_only_file,preserved_local,,,,True
thirdparty/Eigen340/include/eigen3/unsupported/Eigen/src/SparseExtra/BlockOfDynamicSparseMatrix.h,local_only_file,preserved_local,,,,True
thirdparty/Eigen340/include/eigen3/unsupported/Eigen/src/SparseExtra/BlockSparseMatrix.h,local_only_file,preserved_local,,,,True
thirdparty/Eigen340/include/eigen3/unsupported/Eigen/src/SparseExtra/DynamicSparseMatrix.h,local_only_file,preserved_local,,,,True
thirdparty/Eigen340/include/eigen3/unsupported/Eigen/src/SparseExtra/MarketIO.h,local_only_file,preserved_local,,,,True
thirdparty/Eigen340/include/eigen3/unsupported/Eigen/src/SparseExtra/MatrixMarketIterator.h,local_only_file,preserved_local,,,,True
thirdparty/Eigen340/include/eigen3/unsupported/Eigen/src/SparseExtra/RandomSetter.h,local_only_file,preserved_local,,,,True
thirdparty/Eigen340/include/eigen3/unsupported/Eigen/src/SpecialFunctions/BesselFunctionsArrayAPI.h,local_only_file,preserved_local,,,,True
thirdparty/Eigen340/include/eigen3/unsupported/Eigen/src/SpecialFunctions/BesselFunctionsBFloat16.h,local_only_file,preserved_local,,,,True
thirdparty/Eigen340/include/eigen3/unsupported/Eigen/src/SpecialFunctions/BesselFunctionsFunctors.h,local_only_file,preserved_local,,,,True
thirdparty/Eigen340/include/eigen3/unsupported/Eigen/src/SpecialFunctions/BesselFunctionsHalf.h,local_only_file,preserved_local,,,,True
thirdparty/Eigen340/include/eigen3/unsupported/Eigen/src/SpecialFunctions/BesselFunctionsImpl.h,local_only_file,preserved_local,,,,True
thirdparty/Eigen340/include/eigen3/unsupported/Eigen/src/SpecialFunctions/BesselFunctionsPacketMath.h,local_only_file,preserved_local,,,,True
thirdparty/Eigen340/include/eigen3/unsupported/Eigen/src/SpecialFunctions/HipVectorCompatibility.h,local_only_file,preserved_local,,,,True
thirdparty/Eigen340/include/eigen3/unsupported/Eigen/src/SpecialFunctions/SpecialFunctionsArrayAPI.h,local_only_file,preserved_local,,,,True
thirdparty/Eigen340/include/eigen3/unsupported/Eigen/src/SpecialFunctions/SpecialFunctionsBFloat16.h,local_only_file,preserved_local,,,,True
thirdparty/Eigen340/include/eigen3/unsupported/Eigen/src/SpecialFunctions/SpecialFunctionsFunctors.h,local_only_file,preserved_local,,,,True
thirdparty/Eigen340/include/eigen3/unsupported/Eigen/src/SpecialFunctions/SpecialFunctionsHalf.h,local_only_file,preserved_local,,,,True
thirdparty/Eigen340/include/eigen3/unsupported/Eigen/src/SpecialFunctions/SpecialFunctionsImpl.h,local_only_file,preserved_local,,,,True
thirdparty/Eigen340/include/eigen3/unsupported/Eigen/src/SpecialFunctions/SpecialFunctionsPacketMath.h,local_only_file,preserved_local,,,,True
thirdparty/Eigen340/include/eigen3/unsupported/Eigen/src/SpecialFunctions/arch/AVX/BesselFunctions.h,local_only_file,preserved_local,,,,True
thirdparty/Eigen340/include/eigen3/unsupported/Eigen/src/SpecialFunctions/arch/AVX/SpecialFunctions.h,local_only_file,preserved_local,,,,True
thirdparty/Eigen340/include/eigen3/unsupported/Eigen/src/SpecialFunctions/arch/AVX512/BesselFunctions.h,local_only_file,preserved_local,,,,True
thirdparty/Eigen340/include/eigen3/unsupported/Eigen/src/SpecialFunctions/arch/AVX512/SpecialFunctions.h,local_only_file,preserved_local,,,,True
thirdparty/Eigen340/include/eigen3/unsupported/Eigen/src/SpecialFunctions/arch/GPU/SpecialFunctions.h,local_only_file,preserved_local,,,,True
thirdparty/Eigen340/include/eigen3/unsupported/Eigen/src/SpecialFunctions/arch/NEON/BesselFunctions.h,local_only_file,preserved_local,,,,True
thirdparty/Eigen340/include/eigen3/unsupported/Eigen/src/SpecialFunctions/arch/NEON/SpecialFunctions.h,local_only_file,preserved_local,,,,True
thirdparty/Eigen340/include/eigen3/unsupported/Eigen/src/Splines/Spline.h,local_only_file,preserved_local,,,,True
thirdparty/Eigen340/include/eigen3/unsupported/Eigen/src/Splines/SplineFitting.h,local_only_file,preserved_local,,,,True
thirdparty/Eigen340/include/eigen3/unsupported/Eigen/src/Splines/SplineFwd.h,local_only_file,preserved_local,,,,True
thirdparty/Eigen340/share/eigen3/cmake/Eigen3Config.cmake,local_only_file,preserved_local,,,,True
thirdparty/Eigen340/share/eigen3/cmake/Eigen3ConfigVersion.cmake,local_only_file,preserved_local,,,,True
thirdparty/Eigen340/share/eigen3/cmake/Eigen3Targets.cmake,local_only_file,preserved_local,,,,True
thirdparty/Eigen340/share/eigen3/cmake/UseEigen3.cmake,local_only_file,preserved_local,,,,True
thirdparty/FindEigen_3rdParty.cmake,local_only_file,preserved_local,,,,True
thirdparty/Findglm_3rdParty.cmake,local_only_file,preserved_local,,,,True
thirdparty/Findnlohmann_json_3rdParty.cmake,local_only_file,preserved_local,,,,True
thirdparty/README.md,local_only_file,preserved_local,,,,True
thirdparty/Ubuntu/CMake_FindBoost176.cmake,local_only_file,preserved_local,,,,True
thirdparty/Ubuntu/CMake_FindBoost178.cmake,local_only_file,preserved_local,,,,True
thirdparty/Ubuntu/CMake_FindGLFW3_System.cmake,local_only_file,preserved_local,,,,True
thirdparty/Ubuntu/CMake_FindKTX.cmake,local_only_file,preserved_local,,,,True
thirdparty/Ubuntu/CMake_FindOpenSSL.cmake,local_only_file,preserved_local,,,,True
thirdparty/Ubuntu/CMake_FindOpenSSL_System.cmake,local_only_file,preserved_local,,,,True
thirdparty/Ubuntu/CMake_FindPCL_System.cmake,local_only_file,preserved_local,,,,True
thirdparty/Ubuntu/CMake_FindQt515x.cmake,local_only_file,preserved_local,,,,True
thirdparty/Ubuntu/CMake_Findassimp_System.cmake,local_only_file,preserved_local,,,,True
thirdparty/Ubuntu/CMake_Findfcl_System.cmake,local_only_file,preserved_local,,,,True
thirdparty/Ubuntu/CMake_Findfreeglut_System.cmake,local_only_file,preserved_local,,,,True
thirdparty/Ubuntu/CMake_Findglew_System.cmake,local_only_file,preserved_local,,,,True
thirdparty/Ubuntu/CMake_Findpinocchio_System.cmake,local_only_file,preserved_local,,,,True
thirdparty/Ubuntu/Findassimp_3rdParty.cmake,local_only_file,preserved_local,,,,True
thirdparty/Ubuntu/Findfreeglut_3rdParty.cmake,local_only_file,preserved_local,,,,True
thirdparty/Ubuntu/Findglew_3rdParty.cmake,local_only_file,preserved_local,,,,True
thirdparty/Ubuntu/Findglfw_3rdParty.cmake,local_only_file,preserved_local,,,,True
thirdparty/Ubuntu/PackageInstall.md,local_only_file,preserved_local,,,,True
thirdparty/Ubuntu/assimp515x64/bin/assimp,local_only_file,preserved_local,,,,True
thirdparty/Ubuntu/assimp515x64/bin/assimpd,local_only_file,preserved_local,,,,True
thirdparty/Ubuntu/assimp515x64/include/assimp/BaseImporter.h,local_only_file,preserved_local,,,,True
thirdparty/Ubuntu/assimp515x64/include/assimp/Bitmap.h,local_only_file,preserved_local,,,,True
thirdparty/Ubuntu/assimp515x64/include/assimp/BlobIOSystem.h,local_only_file,preserved_local,,,,True
thirdparty/Ubuntu/assimp515x64/include/assimp/ByteSwapper.h,local_only_file,preserved_local,,,,True
thirdparty/Ubuntu/assimp515x64/include/assimp/ColladaMetaData.h,local_only_file,preserved_local,,,,True
thirdparty/Ubuntu/assimp515x64/include/assimp/Compiler/poppack1.h,local_only_file,preserved_local,,,,True
thirdparty/Ubuntu/assimp515x64/include/assimp/Compiler/pstdint.h,local_only_file,preserved_local,,,,True
thirdparty/Ubuntu/assimp515x64/include/assimp/Compiler/pushpack1.h,local_only_file,preserved_local,,,,True
thirdparty/Ubuntu/assimp515x64/include/assimp/CreateAnimMesh.h,local_only_file,preserved_local,,,,True
thirdparty/Ubuntu/assimp515x64/include/assimp/DefaultIOStream.h,local_only_file,preserved_local,,,,True
thirdparty/Ubuntu/assimp515x64/include/assimp/DefaultIOSystem.h,local_only_file,preserved_local,,,,True
thirdparty/Ubuntu/assimp515x64/include/assimp/DefaultLogger.hpp,local_only_file,preserved_local,,,,True
thirdparty/Ubuntu/assimp515x64/include/assimp/Exceptional.h,local_only_file,preserved_local,,,,True
thirdparty/Ubuntu/assimp515x64/include/assimp/Exporter.hpp,local_only_file,preserved_local,,,,True
thirdparty/Ubuntu/assimp515x64/include/assimp/GenericProperty.h,local_only_file,preserved_local,,,,True
thirdparty/Ubuntu/assimp515x64/include/assimp/GltfMaterial.h,local_only_file,preserved_local,,,,True
thirdparty/Ubuntu/assimp515x64/include/assimp/Hash.h,local_only_file,preserved_local,,,,True
thirdparty/Ubuntu/assimp515x64/include/assimp/IOStream.hpp,local_only_file,preserved_local,,,,True
thirdparty/Ubuntu/assimp515x64/include/assimp/IOStreamBuffer.h,local_only_file,preserved_local,,,,True
thirdparty/Ubuntu/assimp515x64/include/assimp/IOSystem.hpp,local_only_file,preserved_local,,,,True
thirdparty/Ubuntu/assimp515x64/include/assimp/Importer.hpp,local_only_file,preserved_local,,,,True
thirdparty/Ubuntu/assimp515x64/include/assimp/LineSplitter.h,local_only_file,preserved_local,,,,True
thirdparty/Ubuntu/assimp515x64/include/assimp/LogAux.h,local_only_file,preserved_local,,,,True
thirdparty/Ubuntu/assimp515x64/include/assimp/LogStream.hpp,local_only_file,preserved_local,,,,True
thirdparty/Ubuntu/assimp515x64/include/assimp/Logger.hpp,local_only_file,preserved_local,,,,True
thirdparty/Ubuntu/assimp515x64/include/assimp/MathFunctions.h,local_only_file,preserved_local,,,,True
thirdparty/Ubuntu/assimp515x64/include/assimp/MemoryIOWrapper.h,local_only_file,preserved_local,,,,True
thirdparty/Ubuntu/assimp515x64/include/assimp/NullLogger.hpp,local_only_file,preserved_local,,,,True
thirdparty/Ubuntu/assimp515x64/include/assimp/ParsingUtils.h,local_only_file,preserved_local,,,,True
thirdparty/Ubuntu/assimp515x64/include/assimp/Profiler.h,local_only_file,preserved_local,,,,True
thirdparty/Ubuntu/assimp515x64/include/assimp/ProgressHandler.hpp,local_only_file,preserved_local,,,,True
thirdparty/Ubuntu/assimp515x64/include/assimp/RemoveComments.h,local_only_file,preserved_local,,,,True
thirdparty/Ubuntu/assimp515x64/include/assimp/SGSpatialSort.h,local_only_file,preserved_local,,,,True
thirdparty/Ubuntu/assimp515x64/include/assimp/SceneCombiner.h,local_only_file,preserved_local,,,,True
thirdparty/Ubuntu/assimp515x64/include/assimp/SkeletonMeshBuilder.h,local_only_file,preserved_local,,,,True
thirdparty/Ubuntu/assimp515x64/include/assimp/SmallVector.h,local_only_file,preserved_local,,,,True
thirdparty/Ubuntu/assimp515x64/include/assimp/SmoothingGroups.h,local_only_file,preserved_local,,,,True
thirdparty/Ubuntu/assimp515x64/include/assimp/SmoothingGroups.inl,local_only_file,preserved_local,,,,True
thirdparty/Ubuntu/assimp515x64/include/assimp/SpatialSort.h,local_only_file,preserved_local,,,,True
thirdparty/Ubuntu/assimp515x64/include/assimp/StandardShapes.h,local_only_file,preserved_local,,,,True
thirdparty/Ubuntu/assimp515x64/include/assimp/StreamReader.h,local_only_file,preserved_local,,,,True
thirdparty/Ubuntu/assimp515x64/include/assimp/StreamWriter.h,local_only_file,preserved_local,,,,True
thirdparty/Ubuntu/assimp515x64/include/assimp/StringComparison.h,local_only_file,preserved_local,,,,True
thirdparty/Ubuntu/assimp515x64/include/assimp/StringUtils.h,local_only_file,preserved_local,,,,True
thirdparty/Ubuntu/assimp515x64/include/assimp/Subdivision.h,local_only_file,preserved_local,,,,True
thirdparty/Ubuntu/assimp515x64/include/assimp/TinyFormatter.h,local_only_file,preserved_local,,,,True
thirdparty/Ubuntu/assimp515x64/include/assimp/Vertex.h,local_only_file,preserved_local,,,,True
thirdparty/Ubuntu/assimp515x64/include/assimp/XMLTools.h,local_only_file,preserved_local,,,,True
thirdparty/Ubuntu/assimp515x64/include/assimp/XmlParser.h,local_only_file,preserved_local,,,,True
thirdparty/Ubuntu/assimp515x64/include/assimp/ZipArchiveIOSystem.h,local_only_file,preserved_local,,,,True
thirdparty/Ubuntu/assimp515x64/include/assimp/aabb.h,local_only_file,preserved_local,,,,True
thirdparty/Ubuntu/assimp515x64/include/assimp/ai_assert.h,local_only_file,preserved_local,,,,True
thirdparty/Ubuntu/assimp515x64/include/assimp/anim.h,local_only_file,preserved_local,,,,True
thirdparty/Ubuntu/assimp515x64/include/assimp/camera.h,local_only_file,preserved_local,,,,True
thirdparty/Ubuntu/assimp515x64/include/assimp/cexport.h,local_only_file,preserved_local,,,,True
thirdparty/Ubuntu/assimp515x64/include/assimp/cfileio.h,local_only_file,preserved_local,,,,True
thirdparty/Ubuntu/assimp515x64/include/assimp/cimport.h,local_only_file,preserved_local,,,,True
thirdparty/Ubuntu/assimp515x64/include/assimp/color4.h,local_only_file,preserved_local,,,,True
thirdparty/Ubuntu/assimp515x64/include/assimp/color4.inl,local_only_file,preserved_local,,,,True
thirdparty/Ubuntu/assimp515x64/include/assimp/commonMetaData.h,local_only_file,preserved_local,,,,True
thirdparty/Ubuntu/assimp515x64/include/assimp/config.h,local_only_file,preserved_local,,,,True
thirdparty/Ubuntu/assimp515x64/include/assimp/defs.h,local_only_file,preserved_local,,,,True
thirdparty/Ubuntu/assimp515x64/include/assimp/fast_atof.h,local_only_file,preserved_local,,,,True
thirdparty/Ubuntu/assimp515x64/include/assimp/importerdesc.h,local_only_file,preserved_local,,,,True
thirdparty/Ubuntu/assimp515x64/include/assimp/light.h,local_only_file,preserved_local,,,,True
thirdparty/Ubuntu/assimp515x64/include/assimp/material.h,local_only_file,preserved_local,,,,True
thirdparty/Ubuntu/assimp515x64/include/assimp/material.inl,local_only_file,preserved_local,,,,True
thirdparty/Ubuntu/assimp515x64/include/assimp/matrix3x3.h,local_only_file,preserved_local,,,,True
thirdparty/Ubuntu/assimp515x64/include/assimp/matrix3x3.inl,local_only_file,preserved_local,,,,True
thirdparty/Ubuntu/assimp515x64/include/assimp/matrix4x4.h,local_only_file,preserved_local,,,,True
thirdparty/Ubuntu/assimp515x64/include/assimp/matrix4x4.inl,local_only_file,preserved_local,,,,True
thirdparty/Ubuntu/assimp515x64/include/assimp/mesh.h,local_only_file,preserved_local,,,,True
thirdparty/Ubuntu/assimp515x64/include/assimp/metadata.h,local_only_file,preserved_local,,,,True
thirdparty/Ubuntu/assimp515x64/include/assimp/pbrmaterial.h,local_only_file,preserved_local,,,,True
thirdparty/Ubuntu/assimp515x64/include/assimp/postprocess.h,local_only_file,preserved_local,,,,True
thirdparty/Ubuntu/assimp515x64/include/assimp/qnan.h,local_only_file,preserved_local,,,,True
thirdparty/Ubuntu/assimp515x64/include/assimp/quaternion.h,local_only_file,preserved_local,,,,True
thirdparty/Ubuntu/assimp515x64/include/assimp/quaternion.inl,local_only_file,preserved_local,,,,True
thirdparty/Ubuntu/assimp515x64/include/assimp/scene.h,local_only_file,preserved_local,,,,True
thirdparty/Ubuntu/assimp515x64/include/assimp/texture.h,local_only_file,preserved_local,,,,True
thirdparty/Ubuntu/assimp515x64/include/assimp/types.h,local_only_file,preserved_local,,,,True
thirdparty/Ubuntu/assimp515x64/include/assimp/vector2.h,local_only_file,preserved_local,,,,True
thirdparty/Ubuntu/assimp515x64/include/assimp/vector2.inl,local_only_file,preserved_local,,,,True
thirdparty/Ubuntu/assimp515x64/include/assimp/vector3.h,local_only_file,preserved_local,,,,True
thirdparty/Ubuntu/assimp515x64/include/assimp/vector3.inl,local_only_file,preserved_local,,,,True
thirdparty/Ubuntu/assimp515x64/include/assimp/version.h,local_only_file,preserved_local,,,,True
thirdparty/Ubuntu/assimp515x64/lib/cmake/assimp-5.1/assimpConfig.cmake,local_only_file,preserved_local,,,,True
thirdparty/Ubuntu/assimp515x64/lib/cmake/assimp-5.1/assimpConfigVersion.cmake,local_only_file,preserved_local,,,,True
thirdparty/Ubuntu/assimp515x64/lib/cmake/assimp-5.1/assimpTargets-debug.cmake,local_only_file,preserved_local,,,,True
thirdparty/Ubuntu/assimp515x64/lib/cmake/assimp-5.1/assimpTargets-release.cmake,local_only_file,preserved_local,,,,True
thirdparty/Ubuntu/assimp515x64/lib/cmake/assimp-5.1/assimpTargets.cmake,local_only_file,preserved_local,,,,True
thirdparty/Ubuntu/assimp515x64/lib/libassimp.a,local_only_file,preserved_local,,,,True
thirdparty/Ubuntu/assimp515x64/lib/libassimpd.a,local_only_file,preserved_local,,,,True
thirdparty/Ubuntu/assimp515x64/lib/pkgconfig/assimp.pc,local_only_file,preserved_local,,,,True
thirdparty/Ubuntu/bfs/build_all.sh,local_only_file,preserved_local,,,,True
thirdparty/Ubuntu/bfs/build_freeglut.sh,local_only_file,preserved_local,,,,True
thirdparty/Ubuntu/bfs/build_glew.sh,local_only_file,preserved_local,,,,True
thirdparty/Ubuntu/bfs/build_glfw.sh,local_only_file,preserved_local,,,,True
thirdparty/Ubuntu/bfs/build_openssl.sh,local_only_file,preserved_local,,,,True
thirdparty/Ubuntu/bfs/freeglut-3.2.2.tar.gz,local_only_file,preserved_local,,,,True
thirdparty/Ubuntu/bfs/glew-glew-2.2.0.tar.gz,local_only_file,preserved_local,,,,True
thirdparty/Ubuntu/bfs/glew-glew-2.2.0/.gitattributes,local_only_file,preserved_local,,,,True
thirdparty/Ubuntu/bfs/glew-glew-2.2.0/.gitignore,local_only_file,preserved_local,,,,True
thirdparty/Ubuntu/bfs/glew-glew-2.2.0/.travis.yml,local_only_file,preserved_local,,,,True
thirdparty/Ubuntu/bfs/glew-glew-2.2.0/LICENSE.txt,local_only_file,preserved_local,,,,True
thirdparty/Ubuntu/bfs/glew-glew-2.2.0/Makefile,local_only_file,preserved_local,,,,True
thirdparty/Ubuntu/bfs/glew-glew-2.2.0/README.md,local_only_file,preserved_local,,,,True
thirdparty/Ubuntu/bfs/glew-glew-2.2.0/auto/Makefile,local_only_file,preserved_local,,,,True
thirdparty/Ubuntu/bfs/glew-glew-2.2.0/auto/bin/filter_gl_ext.sh,local_only_file,preserved_local,,,,True
thirdparty/Ubuntu/bfs/glew-glew-2.2.0/auto/bin/filter_gles_ext.sh,local_only_file,preserved_local,,,,True
thirdparty/Ubuntu/bfs/glew-glew-2.2.0/auto/bin/filter_spec.py,local_only_file,preserved_local,,,,True
thirdparty/Ubuntu/bfs/glew-glew-2.2.0/auto/bin/make.pl,local_only_file,preserved_local,,,,True
thirdparty/Ubuntu/bfs/glew-glew-2.2.0/auto/bin/make_def_fun.pl,local_only_file,preserved_local,,,,True
thirdparty/Ubuntu/bfs/glew-glew-2.2.0/auto/bin/make_def_var.pl,local_only_file,preserved_local,,,,True
thirdparty/Ubuntu/bfs/glew-glew-2.2.0/auto/bin/make_enable_index.pl,local_only_file,preserved_local,,,,True
thirdparty/Ubuntu/bfs/glew-glew-2.2.0/auto/bin/make_header.pl,local_only_file,preserved_local,,,,True
thirdparty/Ubuntu/bfs/glew-glew-2.2.0/auto/bin/make_html.pl,local_only_file,preserved_local,,,,True
thirdparty/Ubuntu/bfs/glew-glew-2.2.0/auto/bin/make_index.pl,local_only_file,preserved_local,,,,True
thirdparty/Ubuntu/bfs/glew-glew-2.2.0/auto/bin/make_info.pl,local_only_file,preserved_local,,,,True
thirdparty/Ubuntu/bfs/glew-glew-2.2.0/auto/bin/make_info_list.pl,local_only_file,preserved_local,,,,True
thirdparty/Ubuntu/bfs/glew-glew-2.2.0/auto/bin/make_init.pl,local_only_file,preserved_local,,,,True
thirdparty/Ubuntu/bfs/glew-glew-2.2.0/auto/bin/make_initd.pl,local_only_file,preserved_local,,,,True
thirdparty/Ubuntu/bfs/glew-glew-2.2.0/auto/bin/make_list.pl,local_only_file,preserved_local,,,,True
thirdparty/Ubuntu/bfs/glew-glew-2.2.0/auto/bin/make_list2.pl,local_only_file,preserved_local,,,,True
thirdparty/Ubuntu/bfs/glew-glew-2.2.0/auto/bin/make_str.pl,local_only_file,preserved_local,,,,True
thirdparty/Ubuntu/bfs/glew-glew-2.2.0/auto/bin/make_struct_fun.pl,local_only_file,preserved_local,,,,True
thirdparty/Ubuntu/bfs/glew-glew-2.2.0/auto/bin/make_struct_var.pl,local_only_file,preserved_local,,,,True
thirdparty/Ubuntu/bfs/glew-glew-2.2.0/auto/bin/parse_spec.pl,local_only_file,preserved_local,,,,True
thirdparty/Ubuntu/bfs/glew-glew-2.2.0/auto/bin/parse_xml.py,local_only_file,preserved_local,,,,True
thirdparty/Ubuntu/bfs/glew-glew-2.2.0/auto/bin/update_ext.sh,local_only_file,preserved_local,,,,True
thirdparty/Ubuntu/bfs/glew-glew-2.2.0/auto/blacklist,local_only_file,preserved_local,,,,True
thirdparty/Ubuntu/bfs/glew-glew-2.2.0/auto/core/gl/EGL_EXT_device_base,local_only_file,preserved_local,,,,True
thirdparty/Ubuntu/bfs/glew-glew-2.2.0/auto/core/gl/EGL_KHR_fence_sync,local_only_file,preserved_local,,,,True
thirdparty/Ubuntu/bfs/glew-glew-2.2.0/auto/core/gl/EGL_KHR_image_base,local_only_file,preserved_local,,,,True
thirdparty/Ubuntu/bfs/glew-glew-2.2.0/auto/core/gl/EGL_KHR_lock_surface3,local_only_file,preserved_local,,,,True
thirdparty/Ubuntu/bfs/glew-glew-2.2.0/auto/core/gl/EGL_VERSION_1_0,local_only_file,preserved_local,,,,True
thirdparty/Ubuntu/bfs/glew-glew-2.2.0/auto/core/gl/EGL_VERSION_1_1,local_only_file,preserved_local,,,,True
thirdparty/Ubuntu/bfs/glew-glew-2.2.0/auto/core/gl/EGL_VERSION_1_2,local_only_file,preserved_local,,,,True
thirdparty/Ubuntu/bfs/glew-glew-2.2.0/auto/core/gl/EGL_VERSION_1_3,local_only_file,preserved_local,,,,True
thirdparty/Ubuntu/bfs/glew-glew-2.2.0/auto/core/gl/EGL_VERSION_1_4,local_only_file,preserved_local,,,,True
thirdparty/Ubuntu/bfs/glew-glew-2.2.0/auto/core/gl/EGL_VERSION_1_5,local_only_file,preserved_local,,,,True
thirdparty/Ubuntu/bfs/glew-glew-2.2.0/auto/core/gl/GLX_ARB_get_proc_address,local_only_file,preserved_local,,,,True
thirdparty/Ubuntu/bfs/glew-glew-2.2.0/auto/core/gl/GLX_ATI_pixel_format_float,local_only_file,preserved_local,,,,True
thirdparty/Ubuntu/bfs/glew-glew-2.2.0/auto/core/gl/GLX_ATI_render_texture,local_only_file,preserved_local,,,,True
thirdparty/Ubuntu/bfs/glew-glew-2.2.0/auto/core/gl/GLX_EXT_scene_marker,local_only_file,preserved_local,,,,True
thirdparty/Ubuntu/bfs/glew-glew-2.2.0/auto/core/gl/GLX_NV_vertex_array_range,local_only_file,preserved_local,,,,True
thirdparty/Ubuntu/bfs/glew-glew-2.2.0/auto/core/gl/GLX_SGIS_color_range,local_only_file,preserved_local,,,,True
thirdparty/Ubuntu/bfs/glew-glew-2.2.0/auto/core/gl/GLX_SGIX_hyperpipe,local_only_file,preserved_local,,,,True
thirdparty/Ubuntu/bfs/glew-glew-2.2.0/auto/core/gl/GLX_SUN_video_resize,local_only_file,preserved_local,,,,True
thirdparty/Ubuntu/bfs/glew-glew-2.2.0/auto/core/gl/GLX_VERSION_1_2,local_only_file,preserved_local,,,,True
thirdparty/Ubuntu/bfs/glew-glew-2.2.0/auto/core/gl/GLX_VERSION_1_3,local_only_file,preserved_local,,,,True
thirdparty/Ubuntu/bfs/glew-glew-2.2.0/auto/core/gl/GLX_VERSION_1_4,local_only_file,preserved_local,,,,True
thirdparty/Ubuntu/bfs/glew-glew-2.2.0/auto/core/gl/GL_APPLE_float_pixels,local_only_file,preserved_local,,,,True
thirdparty/Ubuntu/bfs/glew-glew-2.2.0/auto/core/gl/GL_APPLE_pixel_buffer,local_only_file,preserved_local,,,,True
thirdparty/Ubuntu/bfs/glew-glew-2.2.0/auto/core/gl/GL_APPLE_texture_range,local_only_file,preserved_local,,,,True
thirdparty/Ubuntu/bfs/glew-glew-2.2.0/auto/core/gl/GL_ARB_draw_instanced,local_only_file,preserved_local,,,,True
thirdparty/Ubuntu/bfs/glew-glew-2.2.0/auto/core/gl/GL_ARB_imaging,local_only_file,preserved_local,,,,True
thirdparty/Ubuntu/bfs/glew-glew-2.2.0/auto/core/gl/GL_ARB_instanced_arrays,local_only_file,preserved_local,,,,True
thirdparty/Ubuntu/bfs/glew-glew-2.2.0/auto/core/gl/GL_ARB_internalformat_query2,local_only_file,preserved_local,,,,True
thirdparty/Ubuntu/bfs/glew-glew-2.2.0/auto/core/gl/GL_ARB_matrix_palette,local_only_file,preserved_local,,,,True
thirdparty/Ubuntu/bfs/glew-glew-2.2.0/auto/core/gl/GL_ARB_multitexture,local_only_file,preserved_local,,,,True
thirdparty/Ubuntu/bfs/glew-glew-2.2.0/auto/core/gl/GL_ARB_robustness,local_only_file,preserved_local,,,,True
thirdparty/Ubuntu/bfs/glew-glew-2.2.0/auto/core/gl/GL_ARB_separate_shader_objects,local_only_file,preserved_local,,,,True
thirdparty/Ubuntu/bfs/glew-glew-2.2.0/auto/core/gl/GL_ARB_vertex_attrib_64bit,local_only_file,preserved_local,,,,True
thirdparty/Ubuntu/bfs/glew-glew-2.2.0/auto/core/gl/GL_ARB_vertex_blend,local_only_file,preserved_local,,,,True
thirdparty/Ubuntu/bfs/glew-glew-2.2.0/auto/core/gl/GL_ATIX_point_sprites,local_only_file,preserved_local,,,,True
thirdparty/Ubuntu/bfs/glew-glew-2.2.0/auto/core/gl/GL_ATIX_texture_env_combine3,local_only_file,preserved_local,,,,True
thirdparty/Ubuntu/bfs/glew-glew-2.2.0/auto/core/gl/GL_ATIX_texture_env_route,local_only_file,preserved_local,,,,True
thirdparty/Ubuntu/bfs/glew-glew-2.2.0/auto/core/gl/GL_ATIX_vertex_shader_output_point_size,local_only_file,preserved_local,,,,True
thirdparty/Ubuntu/bfs/glew-glew-2.2.0/auto/core/gl/GL_ATI_envmap_bumpmap,local_only_file,preserved_local,,,,True
thirdparty/Ubuntu/bfs/glew-glew-2.2.0/auto/core/gl/GL_ATI_map_object_buffer,local_only_file,preserved_local,,,,True
thirdparty/Ubuntu/bfs/glew-glew-2.2.0/auto/core/gl/GL_ATI_pn_triangles,local_only_file,preserved_local,,,,True
thirdparty/Ubuntu/bfs/glew-glew-2.2.0/auto/core/gl/GL_ATI_separate_stencil,local_only_file,preserved_local,,,,True
thirdparty/Ubuntu/bfs/glew-glew-2.2.0/auto/core/gl/GL_ATI_shader_texture_lod,local_only_file,preserved_local,,,,True
thirdparty/Ubuntu/bfs/glew-glew-2.2.0/auto/core/gl/GL_ATI_texture_compression_3dc,local_only_file,preserved_local,,,,True
thirdparty/Ubuntu/bfs/glew-glew-2.2.0/auto/core/gl/GL_ATI_vertex_streams,local_only_file,preserved_local,,,,True
thirdparty/Ubuntu/bfs/glew-glew-2.2.0/auto/core/gl/GL_EXT_Cg_shader,local_only_file,preserved_local,,,,True
thirdparty/Ubuntu/bfs/glew-glew-2.2.0/auto/core/gl/GL_EXT_bindable_uniform,local_only_file,preserved_local,,,,True
thirdparty/Ubuntu/bfs/glew-glew-2.2.0/auto/core/gl/GL_EXT_debug_marker,local_only_file,preserved_local,,,,True
thirdparty/Ubuntu/bfs/glew-glew-2.2.0/auto/core/gl/GL_EXT_depth_bounds_test,local_only_file,preserved_local,,,,True
thirdparty/Ubuntu/bfs/glew-glew-2.2.0/auto/core/gl/GL_EXT_draw_instanced,local_only_file,preserved_local,,,,True
thirdparty/Ubuntu/bfs/glew-glew-2.2.0/auto/core/gl/GL_EXT_draw_range_elements,local_only_file,preserved_local,,,,True
thirdparty/Ubuntu/bfs/glew-glew-2.2.0/auto/core/gl/GL_EXT_external_buffer,local_only_file,preserved_local,,,,True
thirdparty/Ubuntu/bfs/glew-glew-2.2.0/auto/core/gl/GL_EXT_fog_coord,local_only_file,preserved_local,,,,True
thirdparty/Ubuntu/bfs/glew-glew-2.2.0/auto/core/gl/GL_EXT_framebuffer_sRGB,local_only_file,preserved_local,,,,True
thirdparty/Ubuntu/bfs/glew-glew-2.2.0/auto/core/gl/GL_EXT_geometry_shader4,local_only_file,preserved_local,,,,True
thirdparty/Ubuntu/bfs/glew-glew-2.2.0/auto/core/gl/GL_EXT_gpu_program_parameters,local_only_file,preserved_local,,,,True
thirdparty/Ubuntu/bfs/glew-glew-2.2.0/auto/core/gl/GL_EXT_gpu_shader4,local_only_file,preserved_local,,,,True
thirdparty/Ubuntu/bfs/glew-glew-2.2.0/auto/core/gl/GL_EXT_memory_object,local_only_file,preserved_local,,,,True
thirdparty/Ubuntu/bfs/glew-glew-2.2.0/auto/core/gl/GL_EXT_memory_object_fd,local_only_file,preserved_local,,,,True
thirdparty/Ubuntu/bfs/glew-glew-2.2.0/auto/core/gl/GL_EXT_memory_object_win32,local_only_file,preserved_local,,,,True
thirdparty/Ubuntu/bfs/glew-glew-2.2.0/auto/core/gl/GL_EXT_packed_float,local_only_file,preserved_local,,,,True
thirdparty/Ubuntu/bfs/glew-glew-2.2.0/auto/core/gl/GL_EXT_pixel_buffer_object,local_only_file,preserved_local,,,,True
thirdparty/Ubuntu/bfs/glew-glew-2.2.0/auto/core/gl/GL_EXT_scene_marker,local_only_file,preserved_local,,,,True
thirdparty/Ubuntu/bfs/glew-glew-2.2.0/auto/core/gl/GL_EXT_secondary_color,local_only_file,preserved_local,,,,True
thirdparty/Ubuntu/bfs/glew-glew-2.2.0/auto/core/gl/GL_EXT_semaphore,local_only_file,preserved_local,,,,True
thirdparty/Ubuntu/bfs/glew-glew-2.2.0/auto/core/gl/GL_EXT_semaphore_fd,local_only_file,preserved_local,,,,True
thirdparty/Ubuntu/bfs/glew-glew-2.2.0/auto/core/gl/GL_EXT_semaphore_win32,local_only_file,preserved_local,,,,True
thirdparty/Ubuntu/bfs/glew-glew-2.2.0/auto/core/gl/GL_EXT_texture_array,local_only_file,preserved_local,,,,True
thirdparty/Ubuntu/bfs/glew-glew-2.2.0/auto/core/gl/GL_EXT_texture_buffer_object,local_only_file,preserved_local,,,,True
thirdparty/Ubuntu/bfs/glew-glew-2.2.0/auto/core/gl/GL_EXT_texture_compression_latc,local_only_file,preserved_local,,,,True
thirdparty/Ubuntu/bfs/glew-glew-2.2.0/auto/core/gl/GL_EXT_texture_compression_rgtc,local_only_file,preserved_local,,,,True
thirdparty/Ubuntu/bfs/glew-glew-2.2.0/auto/core/gl/GL_EXT_texture_cube_map,local_only_file,preserved_local,,,,True
thirdparty/Ubuntu/bfs/glew-glew-2.2.0/auto/core/gl/GL_EXT_texture_edge_clamp,local_only_file,preserved_local,,,,True
thirdparty/Ubuntu/bfs/glew-glew-2.2.0/auto/core/gl/GL_EXT_texture_integer,local_only_file,preserved_local,,,,True
thirdparty/Ubuntu/bfs/glew-glew-2.2.0/auto/core/gl/GL_EXT_texture_rectangle,local_only_file,preserved_local,,,,True
thirdparty/Ubuntu/bfs/glew-glew-2.2.0/auto/core/gl/GL_EXT_texture_shared_exponent,local_only_file,preserved_local,,,,True
thirdparty/Ubuntu/bfs/glew-glew-2.2.0/auto/core/gl/GL_EXT_timer_query,local_only_file,preserved_local,,,,True
thirdparty/Ubuntu/bfs/glew-glew-2.2.0/auto/core/gl/GL_EXT_vertex_shader,local_only_file,preserved_local,,,,True
thirdparty/Ubuntu/bfs/glew-glew-2.2.0/auto/core/gl/GL_KHR_context_flush_control,local_only_file,preserved_local,,,,True
thirdparty/Ubuntu/bfs/glew-glew-2.2.0/auto/core/gl/GL_KTX_buffer_region,local_only_file,preserved_local,,,,True
thirdparty/Ubuntu/bfs/glew-glew-2.2.0/auto/core/gl/GL_NVX_gpu_memory_info,local_only_file,preserved_local,,,,True
thirdparty/Ubuntu/bfs/glew-glew-2.2.0/auto/core/gl/GL_NV_depth_buffer_float,local_only_file,preserved_local,,,,True
thirdparty/Ubuntu/bfs/glew-glew-2.2.0/auto/core/gl/GL_NV_depth_range_unclamped,local_only_file,preserved_local,,,,True
thirdparty/Ubuntu/bfs/glew-glew-2.2.0/auto/core/gl/GL_NV_fragment_program2,local_only_file,preserved_local,,,,True
thirdparty/Ubuntu/bfs/glew-glew-2.2.0/auto/core/gl/GL_NV_fragment_program4,local_only_file,preserved_local,,,,True
thirdparty/Ubuntu/bfs/glew-glew-2.2.0/auto/core/gl/GL_NV_fragment_program_option,local_only_file,preserved_local,,,,True
thirdparty/Ubuntu/bfs/glew-glew-2.2.0/auto/core/gl/GL_NV_framebuffer_multisample_coverage,local_only_file,preserved_local,,,,True
thirdparty/Ubuntu/bfs/glew-glew-2.2.0/auto/core/gl/GL_NV_geometry_program4,local_only_file,preserved_local,,,,True
thirdparty/Ubuntu/bfs/glew-glew-2.2.0/auto/core/gl/GL_NV_geometry_shader4,local_only_file,preserved_local,,,,True
thirdparty/Ubuntu/bfs/glew-glew-2.2.0/auto/core/gl/GL_NV_gpu_program4,local_only_file,preserved_local,,,,True
thirdparty/Ubuntu/bfs/glew-glew-2.2.0/auto/core/gl/GL_NV_gpu_program5,local_only_file,preserved_local,,,,True
thirdparty/Ubuntu/bfs/glew-glew-2.2.0/auto/core/gl/GL_NV_parameter_buffer_object,local_only_file,preserved_local,,,,True
thirdparty/Ubuntu/bfs/glew-glew-2.2.0/auto/core/gl/GL_NV_present_video,local_only_file,preserved_local,,,,True
thirdparty/Ubuntu/bfs/glew-glew-2.2.0/auto/core/gl/GL_NV_sample_locations,local_only_file,preserved_local,,,,True
thirdparty/Ubuntu/bfs/glew-glew-2.2.0/auto/core/gl/GL_NV_tessellation_program5,local_only_file,preserved_local,,,,True
thirdparty/Ubuntu/bfs/glew-glew-2.2.0/auto/core/gl/GL_NV_transform_feedback,local_only_file,preserved_local,,,,True
thirdparty/Ubuntu/bfs/glew-glew-2.2.0/auto/core/gl/GL_NV_vdpau_interop,local_only_file,preserved_local,,,,True
thirdparty/Ubuntu/bfs/glew-glew-2.2.0/auto/core/gl/GL_NV_vertex_program2_option,local_only_file,preserved_local,,,,True
thirdparty/Ubuntu/bfs/glew-glew-2.2.0/auto/core/gl/GL_NV_vertex_program3,local_only_file,preserved_local,,,,True
thirdparty/Ubuntu/bfs/glew-glew-2.2.0/auto/core/gl/GL_NV_vertex_program4,local_only_file,preserved_local,,,,True
thirdparty/Ubuntu/bfs/glew-glew-2.2.0/auto/core/gl/GL_SGIX_shadow,local_only_file,preserved_local,,,,True
thirdparty/Ubuntu/bfs/glew-glew-2.2.0/auto/core/gl/GL_SUN_read_video_pixels,local_only_file,preserved_local,,,,True
thirdparty/Ubuntu/bfs/glew-glew-2.2.0/auto/core/gl/GL_VERSION_1_2,local_only_file,preserved_local,,,,True
thirdparty/Ubuntu/bfs/glew-glew-2.2.0/auto/core/gl/GL_VERSION_1_2_1,local_only_file,preserved_local,,,,True
thirdparty/Ubuntu/bfs/glew-glew-2.2.0/auto/core/gl/GL_VERSION_1_3,local_only_file,preserved_local,,,,True
thirdparty/Ubuntu/bfs/glew-glew-2.2.0/auto/core/gl/GL_VERSION_1_4,local_only_file,preserved_local,,,,True
thirdparty/Ubuntu/bfs/glew-glew-2.2.0/auto/core/gl/GL_VERSION_1_5,local_only_file,preserved_local,,,,True
thirdparty/Ubuntu/bfs/glew-glew-2.2.0/auto/core/gl/GL_VERSION_2_0,local_only_file,preserved_local,,,,True
thirdparty/Ubuntu/bfs/glew-glew-2.2.0/auto/core/gl/GL_VERSION_2_1,local_only_file,preserved_local,,,,True
thirdparty/Ubuntu/bfs/glew-glew-2.2.0/auto/core/gl/GL_VERSION_3_0,local_only_file,preserved_local,,,,True
thirdparty/Ubuntu/bfs/glew-glew-2.2.0/auto/core/gl/GL_VERSION_3_1,local_only_file,preserved_local,,,,True
thirdparty/Ubuntu/bfs/glew-glew-2.2.0/auto/core/gl/GL_VERSION_3_2,local_only_file,preserved_local,,,,True
thirdparty/Ubuntu/bfs/glew-glew-2.2.0/auto/core/gl/GL_VERSION_3_3,local_only_file,preserved_local,,,,True
thirdparty/Ubuntu/bfs/glew-glew-2.2.0/auto/core/gl/GL_VERSION_4_0,local_only_file,preserved_local,,,,True
thirdparty/Ubuntu/bfs/glew-glew-2.2.0/auto/core/gl/GL_VERSION_4_1,local_only_file,preserved_local,,,,True
thirdparty/Ubuntu/bfs/glew-glew-2.2.0/auto/core/gl/GL_VERSION_4_2,local_only_file,preserved_local,,,,True
thirdparty/Ubuntu/bfs/glew-glew-2.2.0/auto/core/gl/GL_VERSION_4_3,local_only_file,preserved_local,,,,True
thirdparty/Ubuntu/bfs/glew-glew-2.2.0/auto/core/gl/GL_VERSION_4_4,local_only_file,preserved_local,,,,True
thirdparty/Ubuntu/bfs/glew-glew-2.2.0/auto/core/gl/GL_VERSION_4_5,local_only_file,preserved_local,,,,True
thirdparty/Ubuntu/bfs/glew-glew-2.2.0/auto/core/gl/GL_VERSION_4_6,local_only_file,preserved_local,,,,True
thirdparty/Ubuntu/bfs/glew-glew-2.2.0/auto/core/gl/GL_WIN_swap_hint,local_only_file,preserved_local,,,,True
thirdparty/Ubuntu/bfs/glew-glew-2.2.0/auto/core/gl/WGL_NV_gpu_affinity,local_only_file,preserved_local,,,,True
thirdparty/Ubuntu/bfs/glew-glew-2.2.0/auto/custom.txt,local_only_file,preserved_local,,,,True
thirdparty/Ubuntu/bfs/glew-glew-2.2.0/auto/doc/advanced.html,local_only_file,preserved_local,,,,True
thirdparty/Ubuntu/bfs/glew-glew-2.2.0/auto/doc/basic.html,local_only_file,preserved_local,,,,True
thirdparty/Ubuntu/bfs/glew-glew-2.2.0/auto/doc/build.html,local_only_file,preserved_local,,,,True
thirdparty/Ubuntu/bfs/glew-glew-2.2.0/auto/doc/credits.html,local_only_file,preserved_local,,,,True
thirdparty/Ubuntu/bfs/glew-glew-2.2.0/auto/doc/index.html,local_only_file,preserved_local,,,,True
thirdparty/Ubuntu/bfs/glew-glew-2.2.0/auto/doc/install.html,local_only_file,preserved_local,,,,True
thirdparty/Ubuntu/bfs/glew-glew-2.2.0/auto/doc/log.html,local_only_file,preserved_local,,,,True
thirdparty/Ubuntu/bfs/glew-glew-2.2.0/auto/src/eglew_head.h,local_only_file,preserved_local,,,,True
thirdparty/Ubuntu/bfs/glew-glew-2.2.0/auto/src/eglew_mid.h,local_only_file,preserved_local,,,,True
thirdparty/Ubuntu/bfs/glew-glew-2.2.0/auto/src/eglew_tail.h,local_only_file,preserved_local,,,,True
thirdparty/Ubuntu/bfs/glew-glew-2.2.0/auto/src/footer.html,local_only_file,preserved_local,,,,True
thirdparty/Ubuntu/bfs/glew-glew-2.2.0/auto/src/glew.rc,local_only_file,preserved_local,,,,True
thirdparty/Ubuntu/bfs/glew-glew-2.2.0/auto/src/glew_head.c,local_only_file,preserved_local,,,,True
thirdparty/Ubuntu/bfs/glew-glew-2.2.0/auto/src/glew_head.h,local_only_file,preserved_local,,,,True
thirdparty/Ubuntu/bfs/glew-glew-2.2.0/auto/src/glew_init_egl.c,local_only_file,preserved_local,,,,True
thirdparty/Ubuntu/bfs/glew-glew-2.2.0/auto/src/glew_init_gl.c,local_only_file,preserved_local,,,,True
thirdparty/Ubuntu/bfs/glew-glew-2.2.0/auto/src/glew_init_glx.c,local_only_file,preserved_local,,,,True
thirdparty/Ubuntu/bfs/glew-glew-2.2.0/auto/src/glew_init_tail.c,local_only_file,preserved_local,,,,True
thirdparty/Ubuntu/bfs/glew-glew-2.2.0/auto/src/glew_init_wgl.c,local_only_file,preserved_local,,,,True
thirdparty/Ubuntu/bfs/glew-glew-2.2.0/auto/src/glew_license.h,local_only_file,preserved_local,,,,True
thirdparty/Ubuntu/bfs/glew-glew-2.2.0/auto/src/glew_str_egl.c,local_only_file,preserved_local,,,,True
thirdparty/Ubuntu/bfs/glew-glew-2.2.0/auto/src/glew_str_glx.c,local_only_file,preserved_local,,,,True
thirdparty/Ubuntu/bfs/glew-glew-2.2.0/auto/src/glew_str_head.c,local_only_file,preserved_local,,,,True
thirdparty/Ubuntu/bfs/glew-glew-2.2.0/auto/src/glew_str_tail.c,local_only_file,preserved_local,,,,True
thirdparty/Ubuntu/bfs/glew-glew-2.2.0/auto/src/glew_str_wgl.c,local_only_file,preserved_local,,,,True
thirdparty/Ubuntu/bfs/glew-glew-2.2.0/auto/src/glew_tail.h,local_only_file,preserved_local,,,,True
thirdparty/Ubuntu/bfs/glew-glew-2.2.0/auto/src/glewinfo.rc,local_only_file,preserved_local,,,,True
thirdparty/Ubuntu/bfs/glew-glew-2.2.0/auto/src/glewinfo_egl.c,local_only_file,preserved_local,,,,True
thirdparty/Ubuntu/bfs/glew-glew-2.2.0/auto/src/glewinfo_gl.c,local_only_file,preserved_local,,,,True
thirdparty/Ubuntu/bfs/glew-glew-2.2.0/auto/src/glewinfo_glx.c,local_only_file,preserved_local,,,,True
thirdparty/Ubuntu/bfs/glew-glew-2.2.0/auto/src/glewinfo_head.c,local_only_file,preserved_local,,,,True
thirdparty/Ubuntu/bfs/glew-glew-2.2.0/auto/src/glewinfo_tail.c,local_only_file,preserved_local,,,,True
thirdparty/Ubuntu/bfs/glew-glew-2.2.0/auto/src/glewinfo_wgl.c,local_only_file,preserved_local,,,,True
thirdparty/Ubuntu/bfs/glew-glew-2.2.0/auto/src/glxew_head.h,local_only_file,preserved_local,,,,True
thirdparty/Ubuntu/bfs/glew-glew-2.2.0/auto/src/glxew_mid.h,local_only_file,preserved_local,,,,True
thirdparty/Ubuntu/bfs/glew-glew-2.2.0/auto/src/glxew_tail.h,local_only_file,preserved_local,,,,True
thirdparty/Ubuntu/bfs/glew-glew-2.2.0/auto/src/header.html,local_only_file,preserved_local,,,,True
thirdparty/Ubuntu/bfs/glew-glew-2.2.0/auto/src/khronos_license.h,local_only_file,preserved_local,,,,True
thirdparty/Ubuntu/bfs/glew-glew-2.2.0/auto/src/mesa_license.h,local_only_file,preserved_local,,,,True
thirdparty/Ubuntu/bfs/glew-glew-2.2.0/auto/src/visualinfo.rc,local_only_file,preserved_local,,,,True
thirdparty/Ubuntu/bfs/glew-glew-2.2.0/auto/src/wglew_head.h,local_only_file,preserved_local,,,,True
thirdparty/Ubuntu/bfs/glew-glew-2.2.0/auto/src/wglew_mid.h,local_only_file,preserved_local,,,,True
thirdparty/Ubuntu/bfs/glew-glew-2.2.0/auto/src/wglew_tail.h,local_only_file,preserved_local,,,,True
thirdparty/Ubuntu/bfs/glew-glew-2.2.0/cmake-testbuild.sh,local_only_file,preserved_local,,,,True
thirdparty/Ubuntu/bfs/glew-glew-2.2.0/config/Makefile.cygming,local_only_file,preserved_local,,,,True
thirdparty/Ubuntu/bfs/glew-glew-2.2.0/config/Makefile.cygwin,local_only_file,preserved_local,,,,True
thirdparty/Ubuntu/bfs/glew-glew-2.2.0/config/Makefile.cygwin-x11,local_only_file,preserved_local,,,,True
thirdparty/Ubuntu/bfs/glew-glew-2.2.0/config/Makefile.darwin,local_only_file,preserved_local,,,,True
thirdparty/Ubuntu/bfs/glew-glew-2.2.0/config/Makefile.darwin-gcc6,local_only_file,preserved_local,,,,True
thirdparty/Ubuntu/bfs/glew-glew-2.2.0/config/Makefile.darwin-ppc,local_only_file,preserved_local,,,,True
thirdparty/Ubuntu/bfs/glew-glew-2.2.0/config/Makefile.darwin-universal,local_only_file,preserved_local,,,,True
thirdparty/Ubuntu/bfs/glew-glew-2.2.0/config/Makefile.darwin-x86_64,local_only_file,preserved_local,,,,True
thirdparty/Ubuntu/bfs/glew-glew-2.2.0/config/Makefile.fedora-mingw32,local_only_file,preserved_local,,,,True
thirdparty/Ubuntu/bfs/glew-glew-2.2.0/config/Makefile.flatpak-32,local_only_file,preserved_local,,,,True
thirdparty/Ubuntu/bfs/glew-glew-2.2.0/config/Makefile.freebsd,local_only_file,preserved_local,,,,True
thirdparty/Ubuntu/bfs/glew-glew-2.2.0/config/Makefile.gnu,local_only_file,preserved_local,,,,True
thirdparty/Ubuntu/bfs/glew-glew-2.2.0/config/Makefile.haiku,local_only_file,preserved_local,,,,True
thirdparty/Ubuntu/bfs/glew-glew-2.2.0/config/Makefile.irix,local_only_file,preserved_local,,,,True
thirdparty/Ubuntu/bfs/glew-glew-2.2.0/config/Makefile.kfreebsd,local_only_file,preserved_local,,,,True
thirdparty/Ubuntu/bfs/glew-glew-2.2.0/config/Makefile.linux,local_only_file,preserved_local,,,,True
thirdparty/Ubuntu/bfs/glew-glew-2.2.0/config/Makefile.linux-clang,local_only_file,preserved_local,,,,True
thirdparty/Ubuntu/bfs/glew-glew-2.2.0/config/Makefile.linux-clang-egl,local_only_file,preserved_local,,,,True
thirdparty/Ubuntu/bfs/glew-glew-2.2.0/config/Makefile.linux-egl,local_only_file,preserved_local,,,,True
thirdparty/Ubuntu/bfs/glew-glew-2.2.0/config/Makefile.linux-mingw32,local_only_file,preserved_local,,,,True
thirdparty/Ubuntu/bfs/glew-glew-2.2.0/config/Makefile.linux-mingw64,local_only_file,preserved_local,,,,True
thirdparty/Ubuntu/bfs/glew-glew-2.2.0/config/Makefile.linux-osmesa,local_only_file,preserved_local,,,,True
thirdparty/Ubuntu/bfs/glew-glew-2.2.0/config/Makefile.mingw,local_only_file,preserved_local,,,,True
thirdparty/Ubuntu/bfs/glew-glew-2.2.0/config/Makefile.mingw-win32,local_only_file,preserved_local,,,,True
thirdparty/Ubuntu/bfs/glew-glew-2.2.0/config/Makefile.msys,local_only_file,preserved_local,,,,True
thirdparty/Ubuntu/bfs/glew-glew-2.2.0/config/Makefile.msys-win32,local_only_file,preserved_local,,,,True
thirdparty/Ubuntu/bfs/glew-glew-2.2.0/config/Makefile.msys-win64,local_only_file,preserved_local,,,,True
thirdparty/Ubuntu/bfs/glew-glew-2.2.0/config/Makefile.nacl-32,local_only_file,preserved_local,,,,True
thirdparty/Ubuntu/bfs/glew-glew-2.2.0/config/Makefile.nacl-64,local_only_file,preserved_local,,,,True
thirdparty/Ubuntu/bfs/glew-glew-2.2.0/config/Makefile.netbsd,local_only_file,preserved_local,,,,True
thirdparty/Ubuntu/bfs/glew-glew-2.2.0/config/Makefile.openbsd,local_only_file,preserved_local,,,,True
thirdparty/Ubuntu/bfs/glew-glew-2.2.0/config/Makefile.solaris,local_only_file,preserved_local,,,,True
thirdparty/Ubuntu/bfs/glew-glew-2.2.0/config/Makefile.solaris-gcc,local_only_file,preserved_local,,,,True
thirdparty/Ubuntu/bfs/glew-glew-2.2.0/config/config.guess,local_only_file,preserved_local,,,,True
thirdparty/Ubuntu/bfs/glew-glew-2.2.0/config/version,local_only_file,preserved_local,,,,True
thirdparty/Ubuntu/bfs/glew-glew-2.2.0/doc/advanced.html,local_only_file,preserved_local,,,,True
thirdparty/Ubuntu/bfs/glew-glew-2.2.0/doc/basic.html,local_only_file,preserved_local,,,,True
thirdparty/Ubuntu/bfs/glew-glew-2.2.0/doc/build.html,local_only_file,preserved_local,,,,True
thirdparty/Ubuntu/bfs/glew-glew-2.2.0/doc/credits.html,local_only_file,preserved_local,,,,True
thirdparty/Ubuntu/bfs/glew-glew-2.2.0/doc/github.png,local_only_file,preserved_local,,,,True
thirdparty/Ubuntu/bfs/glew-glew-2.2.0/doc/glew.css,local_only_file,preserved_local,,,,True
thirdparty/Ubuntu/bfs/glew-glew-2.2.0/doc/glew.html,local_only_file,preserved_local,,,,True
thirdparty/Ubuntu/bfs/glew-glew-2.2.0/doc/glew.png,local_only_file,preserved_local,,,,True
thirdparty/Ubuntu/bfs/glew-glew-2.2.0/doc/glew.txt,local_only_file,preserved_local,,,,True
thirdparty/Ubuntu/bfs/glew-glew-2.2.0/doc/glxew.html,local_only_file,preserved_local,,,,True
thirdparty/Ubuntu/bfs/glew-glew-2.2.0/doc/gpl.txt,local_only_file,preserved_local,,,,True
thirdparty/Ubuntu/bfs/glew-glew-2.2.0/doc/index.html,local_only_file,preserved_local,,,,True
thirdparty/Ubuntu/bfs/glew-glew-2.2.0/doc/install.html,local_only_file,preserved_local,,,,True
thirdparty/Ubuntu/bfs/glew-glew-2.2.0/doc/khronos.txt,local_only_file,preserved_local,,,,True
thirdparty/Ubuntu/bfs/glew-glew-2.2.0/doc/log.html,local_only_file,preserved_local,,,,True
thirdparty/Ubuntu/bfs/glew-glew-2.2.0/doc/mesa.txt,local_only_file,preserved_local,,,,True
thirdparty/Ubuntu/bfs/glew-glew-2.2.0/doc/new.png,local_only_file,preserved_local,,,,True
thirdparty/Ubuntu/bfs/glew-glew-2.2.0/doc/ogl_sm.jpg,local_only_file,preserved_local,,,,True
thirdparty/Ubuntu/bfs/glew-glew-2.2.0/doc/travis.png,local_only_file,preserved_local,,,,True
thirdparty/Ubuntu/bfs/glew-glew-2.2.0/doc/wglew.html,local_only_file,preserved_local,,,,True
thirdparty/Ubuntu/bfs/glew-glew-2.2.0/glew.pc.in,local_only_file,preserved_local,,,,True
thirdparty/Ubuntu/bfs/glfw-3.3.7.tar.gz,local_only_file,preserved_local,,,,True
thirdparty/Ubuntu/bfs/openssl-OpenSSL_1_1_1p.tar.gz,local_only_file,preserved_local,,,,True
thirdparty/Ubuntu/fcl070/include/fcl/broadphase/broadphase_SSaP-inl.h,local_only_file,preserved_local,,,,True
thirdparty/Ubuntu/fcl070/include/fcl/broadphase/broadphase_SSaP.h,local_only_file,preserved_local,,,,True
thirdparty/Ubuntu/fcl070/include/fcl/broadphase/broadphase_SaP-inl.h,local_only_file,preserved_local,,,,True
thirdparty/Ubuntu/fcl070/include/fcl/broadphase/broadphase_SaP.h,local_only_file,preserved_local,,,,True
thirdparty/Ubuntu/fcl070/include/fcl/broadphase/broadphase_bruteforce-inl.h,local_only_file,preserved_local,,,,True
thirdparty/Ubuntu/fcl070/include/fcl/broadphase/broadphase_bruteforce.h,local_only_file,preserved_local,,,,True
thirdparty/Ubuntu/fcl070/include/fcl/broadphase/broadphase_collision_manager-inl.h,local_only_file,preserved_local,,,,True
thirdparty/Ubuntu/fcl070/include/fcl/broadphase/broadphase_collision_manager.h,local_only_file,preserved_local,,,,True
thirdparty/Ubuntu/fcl070/include/fcl/broadphase/broadphase_continuous_collision_manager-inl.h,local_only_file,preserved_local,,,,True
thirdparty/Ubuntu/fcl070/include/fcl/broadphase/broadphase_continuous_collision_manager.h,local_only_file,preserved_local,,,,True
thirdparty/Ubuntu/fcl070/include/fcl/broadphase/broadphase_dynamic_AABB_tree-inl.h,local_only_file,preserved_local,,,,True
thirdparty/Ubuntu/fcl070/include/fcl/broadphase/broadphase_dynamic_AABB_tree.h,local_only_file,preserved_local,,,,True
thirdparty/Ubuntu/fcl070/include/fcl/broadphase/broadphase_dynamic_AABB_tree_array-inl.h,local_only_file,preserved_local,,,,True
thirdparty/Ubuntu/fcl070/include/fcl/broadphase/broadphase_dynamic_AABB_tree_array.h,local_only_file,preserved_local,,,,True
thirdparty/Ubuntu/fcl070/include/fcl/broadphase/broadphase_interval_tree-inl.h,local_only_file,preserved_local,,,,True
thirdparty/Ubuntu/fcl070/include/fcl/broadphase/broadphase_interval_tree.h,local_only_file,preserved_local,,,,True
thirdparty/Ubuntu/fcl070/include/fcl/broadphase/broadphase_spatialhash-inl.h,local_only_file,preserved_local,,,,True
thirdparty/Ubuntu/fcl070/include/fcl/broadphase/broadphase_spatialhash.h,local_only_file,preserved_local,,,,True
thirdparty/Ubuntu/fcl070/include/fcl/broadphase/default_broadphase_callbacks.h,local_only_file,preserved_local,,,,True
thirdparty/Ubuntu/fcl070/include/fcl/broadphase/detail/hierarchy_tree-inl.h,local_only_file,preserved_local,,,,True
thirdparty/Ubuntu/fcl070/include/fcl/broadphase/detail/hierarchy_tree.h,local_only_file,preserved_local,,,,True
thirdparty/Ubuntu/fcl070/include/fcl/broadphase/detail/hierarchy_tree_array-inl.h,local_only_file,preserved_local,,,,True
thirdparty/Ubuntu/fcl070/include/fcl/broadphase/detail/hierarchy_tree_array.h,local_only_file,preserved_local,,,,True
thirdparty/Ubuntu/fcl070/include/fcl/broadphase/detail/interval_tree-inl.h,local_only_file,preserved_local,,,,True
thirdparty/Ubuntu/fcl070/include/fcl/broadphase/detail/interval_tree.h,local_only_file,preserved_local,,,,True
thirdparty/Ubuntu/fcl070/include/fcl/broadphase/detail/interval_tree_node-inl.h,local_only_file,preserved_local,,,,True
thirdparty/Ubuntu/fcl070/include/fcl/broadphase/detail/interval_tree_node.h,local_only_file,preserved_local,,,,True
thirdparty/Ubuntu/fcl070/include/fcl/broadphase/detail/morton-inl.h,local_only_file,preserved_local,,,,True
thirdparty/Ubuntu/fcl070/include/fcl/broadphase/detail/morton.h,local_only_file,preserved_local,,,,True
thirdparty/Ubuntu/fcl070/include/fcl/broadphase/detail/node_base-inl.h,local_only_file,preserved_local,,,,True
thirdparty/Ubuntu/fcl070/include/fcl/broadphase/detail/node_base.h,local_only_file,preserved_local,,,,True
thirdparty/Ubuntu/fcl070/include/fcl/broadphase/detail/node_base_array-inl.h,local_only_file,preserved_local,,,,True
thirdparty/Ubuntu/fcl070/include/fcl/broadphase/detail/node_base_array.h,local_only_file,preserved_local,,,,True
thirdparty/Ubuntu/fcl070/include/fcl/broadphase/detail/simple_hash_table-inl.h,local_only_file,preserved_local,,,,True
thirdparty/Ubuntu/fcl070/include/fcl/broadphase/detail/simple_hash_table.h,local_only_file,preserved_local,,,,True
thirdparty/Ubuntu/fcl070/include/fcl/broadphase/detail/simple_interval-inl.h,local_only_file,preserved_local,,,,True
thirdparty/Ubuntu/fcl070/include/fcl/broadphase/detail/simple_interval.h,local_only_file,preserved_local,,,,True
thirdparty/Ubuntu/fcl070/include/fcl/broadphase/detail/sparse_hash_table-inl.h,local_only_file,preserved_local,,,,True
thirdparty/Ubuntu/fcl070/include/fcl/broadphase/detail/sparse_hash_table.h,local_only_file,preserved_local,,,,True
thirdparty/Ubuntu/fcl070/include/fcl/broadphase/detail/spatial_hash-inl.h,local_only_file,preserved_local,,,,True
thirdparty/Ubuntu/fcl070/include/fcl/broadphase/detail/spatial_hash.h,local_only_file,preserved_local,,,,True
thirdparty/Ubuntu/fcl070/include/fcl/common/detail/profiler.h,local_only_file,preserved_local,,,,True
thirdparty/Ubuntu/fcl070/include/fcl/common/exception.h,local_only_file,preserved_local,,,,True
thirdparty/Ubuntu/fcl070/include/fcl/common/profiler.h,local_only_file,preserved_local,,,,True
thirdparty/Ubuntu/fcl070/include/fcl/common/time.h,local_only_file,preserved_local,,,,True
thirdparty/Ubuntu/fcl070/include/fcl/common/types.h,local_only_file,preserved_local,,,,True
thirdparty/Ubuntu/fcl070/include/fcl/common/unused.h,local_only_file,preserved_local,,,,True
thirdparty/Ubuntu/fcl070/include/fcl/common/warning.h,local_only_file,preserved_local,,,,True
thirdparty/Ubuntu/fcl070/include/fcl/config.h,local_only_file,preserved_local,,,,True
thirdparty/Ubuntu/fcl070/include/fcl/export.h,local_only_file,preserved_local,,,,True
thirdparty/Ubuntu/fcl070/include/fcl/fcl.h,local_only_file,preserved_local,,,,True
thirdparty/Ubuntu/fcl070/include/fcl/geometry/bvh/BVH_internal.h,local_only_file,preserved_local,,,,True
thirdparty/Ubuntu/fcl070/include/fcl/geometry/bvh/BVH_model-inl.h,local_only_file,preserved_local,,,,True
thirdparty/Ubuntu/fcl070/include/fcl/geometry/bvh/BVH_model.h,local_only_file,preserved_local,,,,True
thirdparty/Ubuntu/fcl070/include/fcl/geometry/bvh/BVH_utility-inl.h,local_only_file,preserved_local,,,,True
thirdparty/Ubuntu/fcl070/include/fcl/geometry/bvh/BVH_utility.h,local_only_file,preserved_local,,,,True
thirdparty/Ubuntu/fcl070/include/fcl/geometry/bvh/BV_node-inl.h,local_only_file,preserved_local,,,,True
thirdparty/Ubuntu/fcl070/include/fcl/geometry/bvh/BV_node.h,local_only_file,preserved_local,,,,True
thirdparty/Ubuntu/fcl070/include/fcl/geometry/bvh/BV_node_base.h,local_only_file,preserved_local,,,,True
thirdparty/Ubuntu/fcl070/include/fcl/geometry/bvh/detail/BVH_front.h,local_only_file,preserved_local,,,,True
thirdparty/Ubuntu/fcl070/include/fcl/geometry/bvh/detail/BV_fitter-inl.h,local_only_file,preserved_local,,,,True
thirdparty/Ubuntu/fcl070/include/fcl/geometry/bvh/detail/BV_fitter.h,local_only_file,preserved_local,,,,True
thirdparty/Ubuntu/fcl070/include/fcl/geometry/bvh/detail/BV_fitter_base.h,local_only_file,preserved_local,,,,True
thirdparty/Ubuntu/fcl070/include/fcl/geometry/bvh/detail/BV_splitter-inl.h,local_only_file,preserved_local,,,,True
thirdparty/Ubuntu/fcl070/include/fcl/geometry/bvh/detail/BV_splitter.h,local_only_file,preserved_local,,,,True
thirdparty/Ubuntu/fcl070/include/fcl/geometry/bvh/detail/BV_splitter_base.h,local_only_file,preserved_local,,,,True
thirdparty/Ubuntu/fcl070/include/fcl/geometry/collision_geometry-inl.h,local_only_file,preserved_local,,,,True
thirdparty/Ubuntu/fcl070/include/fcl/geometry/collision_geometry.h,local_only_file,preserved_local,,,,True
thirdparty/Ubuntu/fcl070/include/fcl/geometry/geometric_shape_to_BVH_model-inl.h,local_only_file,preserved_local,,,,True
thirdparty/Ubuntu/fcl070/include/fcl/geometry/geometric_shape_to_BVH_model.h,local_only_file,preserved_local,,,,True
thirdparty/Ubuntu/fcl070/include/fcl/geometry/octree/octree-inl.h,local_only_file,preserved_local,,,,True
thirdparty/Ubuntu/fcl070/include/fcl/geometry/octree/octree.h,local_only_file,preserved_local,,,,True
thirdparty/Ubuntu/fcl070/include/fcl/geometry/shape/box-inl.h,local_only_file,preserved_local,,,,True
thirdparty/Ubuntu/fcl070/include/fcl/geometry/shape/box.h,local_only_file,preserved_local,,,,True
thirdparty/Ubuntu/fcl070/include/fcl/geometry/shape/capsule-inl.h,local_only_file,preserved_local,,,,True
thirdparty/Ubuntu/fcl070/include/fcl/geometry/shape/capsule.h,local_only_file,preserved_local,,,,True
thirdparty/Ubuntu/fcl070/include/fcl/geometry/shape/cone-inl.h,local_only_file,preserved_local,,,,True
thirdparty/Ubuntu/fcl070/include/fcl/geometry/shape/cone.h,local_only_file,preserved_local,,,,True
thirdparty/Ubuntu/fcl070/include/fcl/geometry/shape/convex-inl.h,local_only_file,preserved_local,,,,True
thirdparty/Ubuntu/fcl070/include/fcl/geometry/shape/convex.h,local_only_file,preserved_local,,,,True
thirdparty/Ubuntu/fcl070/include/fcl/geometry/shape/cylinder-inl.h,local_only_file,preserved_local,,,,True
thirdparty/Ubuntu/fcl070/include/fcl/geometry/shape/cylinder.h,local_only_file,preserved_local,,,,True
thirdparty/Ubuntu/fcl070/include/fcl/geometry/shape/ellipsoid-inl.h,local_only_file,preserved_local,,,,True
thirdparty/Ubuntu/fcl070/include/fcl/geometry/shape/ellipsoid.h,local_only_file,preserved_local,,,,True
thirdparty/Ubuntu/fcl070/include/fcl/geometry/shape/halfspace-inl.h,local_only_file,preserved_local,,,,True
thirdparty/Ubuntu/fcl070/include/fcl/geometry/shape/halfspace.h,local_only_file,preserved_local,,,,True
thirdparty/Ubuntu/fcl070/include/fcl/geometry/shape/plane-inl.h,local_only_file,preserved_local,,,,True
thirdparty/Ubuntu/fcl070/include/fcl/geometry/shape/plane.h,local_only_file,preserved_local,,,,True
thirdparty/Ubuntu/fcl070/include/fcl/geometry/shape/shape_base-inl.h,local_only_file,preserved_local,,,,True
thirdparty/Ubuntu/fcl070/include/fcl/geometry/shape/shape_base.h,local_only_file,preserved_local,,,,True
thirdparty/Ubuntu/fcl070/include/fcl/geometry/shape/sphere-inl.h,local_only_file,preserved_local,,,,True
thirdparty/Ubuntu/fcl070/include/fcl/geometry/shape/sphere.h,local_only_file,preserved_local,,,,True
thirdparty/Ubuntu/fcl070/include/fcl/geometry/shape/triangle_p-inl.h,local_only_file,preserved_local,,,,True
thirdparty/Ubuntu/fcl070/include/fcl/geometry/shape/triangle_p.h,local_only_file,preserved_local,,,,True
thirdparty/Ubuntu/fcl070/include/fcl/geometry/shape/utility-inl.h,local_only_file,preserved_local,,,,True
thirdparty/Ubuntu/fcl070/include/fcl/geometry/shape/utility.h,local_only_file,preserved_local,,,,True
thirdparty/Ubuntu/fcl070/include/fcl/math/bv/AABB-inl.h,local_only_file,preserved_local,,,,True
thirdparty/Ubuntu/fcl070/include/fcl/math/bv/AABB.h,local_only_file,preserved_local,,,,True
thirdparty/Ubuntu/fcl070/include/fcl/math/bv/OBB-inl.h,local_only_file,preserved_local,,,,True
thirdparty/Ubuntu/fcl070/include/fcl/math/bv/OBB.h,local_only_file,preserved_local,,,,True
thirdparty/Ubuntu/fcl070/include/fcl/math/bv/OBBRSS-inl.h,local_only_file,preserved_local,,,,True
thirdparty/Ubuntu/fcl070/include/fcl/math/bv/OBBRSS.h,local_only_file,preserved_local,,,,True
thirdparty/Ubuntu/fcl070/include/fcl/math/bv/RSS-inl.h,local_only_file,preserved_local,,,,True
thirdparty/Ubuntu/fcl070/include/fcl/math/bv/RSS.h,local_only_file,preserved_local,,,,True
thirdparty/Ubuntu/fcl070/include/fcl/math/bv/kDOP-inl.h,local_only_file,preserved_local,,,,True
thirdparty/Ubuntu/fcl070/include/fcl/math/bv/kDOP.h,local_only_file,preserved_local,,,,True
thirdparty/Ubuntu/fcl070/include/fcl/math/bv/kIOS-inl.h,local_only_file,preserved_local,,,,True
thirdparty/Ubuntu/fcl070/include/fcl/math/bv/kIOS.h,local_only_file,preserved_local,,,,True
thirdparty/Ubuntu/fcl070/include/fcl/math/bv/utility-inl.h,local_only_file,preserved_local,,,,True
thirdparty/Ubuntu/fcl070/include/fcl/math/bv/utility.h,local_only_file,preserved_local,,,,True
thirdparty/Ubuntu/fcl070/include/fcl/math/constants.h,local_only_file,preserved_local,,,,True
thirdparty/Ubuntu/fcl070/include/fcl/math/detail/polysolver-inl.h,local_only_file,preserved_local,,,,True
thirdparty/Ubuntu/fcl070/include/fcl/math/detail/polysolver.h,local_only_file,preserved_local,,,,True
thirdparty/Ubuntu/fcl070/include/fcl/math/detail/project-inl.h,local_only_file,preserved_local,,,,True
thirdparty/Ubuntu/fcl070/include/fcl/math/detail/project.h,local_only_file,preserved_local,,,,True
thirdparty/Ubuntu/fcl070/include/fcl/math/detail/seed.h,local_only_file,preserved_local,,,,True
thirdparty/Ubuntu/fcl070/include/fcl/math/geometry-inl.h,local_only_file,preserved_local,,,,True
thirdparty/Ubuntu/fcl070/include/fcl/math/geometry.h,local_only_file,preserved_local,,,,True
thirdparty/Ubuntu/fcl070/include/fcl/math/motion/bv_motion_bound_visitor.h,local_only_file,preserved_local,,,,True
thirdparty/Ubuntu/fcl070/include/fcl/math/motion/interp_motion-inl.h,local_only_file,preserved_local,,,,True
thirdparty/Ubuntu/fcl070/include/fcl/math/motion/interp_motion.h,local_only_file,preserved_local,,,,True
thirdparty/Ubuntu/fcl070/include/fcl/math/motion/motion_base-inl.h,local_only_file,preserved_local,,,,True
thirdparty/Ubuntu/fcl070/include/fcl/math/motion/motion_base.h,local_only_file,preserved_local,,,,True
thirdparty/Ubuntu/fcl070/include/fcl/math/motion/screw_motion-inl.h,local_only_file,preserved_local,,,,True
thirdparty/Ubuntu/fcl070/include/fcl/math/motion/screw_motion.h,local_only_file,preserved_local,,,,True
thirdparty/Ubuntu/fcl070/include/fcl/math/motion/spline_motion-inl.h,local_only_file,preserved_local,,,,True
thirdparty/Ubuntu/fcl070/include/fcl/math/motion/spline_motion.h,local_only_file,preserved_local,,,,True
thirdparty/Ubuntu/fcl070/include/fcl/math/motion/taylor_model/interval-inl.h,local_only_file,preserved_local,,,,True
thirdparty/Ubuntu/fcl070/include/fcl/math/motion/taylor_model/interval.h,local_only_file,preserved_local,,,,True
thirdparty/Ubuntu/fcl070/include/fcl/math/motion/taylor_model/interval_matrix-inl.h,local_only_file,preserved_local,,,,True
thirdparty/Ubuntu/fcl070/include/fcl/math/motion/taylor_model/interval_matrix.h,local_only_file,preserved_local,,,,True
thirdparty/Ubuntu/fcl070/include/fcl/math/motion/taylor_model/interval_vector-inl.h,local_only_file,preserved_local,,,,True
thirdparty/Ubuntu/fcl070/include/fcl/math/motion/taylor_model/interval_vector.h,local_only_file,preserved_local,,,,True
thirdparty/Ubuntu/fcl070/include/fcl/math/motion/taylor_model/taylor_matrix-inl.h,local_only_file,preserved_local,,,,True
thirdparty/Ubuntu/fcl070/include/fcl/math/motion/taylor_model/taylor_matrix.h,local_only_file,preserved_local,,,,True
thirdparty/Ubuntu/fcl070/include/fcl/math/motion/taylor_model/taylor_model-inl.h,local_only_file,preserved_local,,,,True
thirdparty/Ubuntu/fcl070/include/fcl/math/motion/taylor_model/taylor_model.h,local_only_file,preserved_local,,,,True
thirdparty/Ubuntu/fcl070/include/fcl/math/motion/taylor_model/taylor_vector-inl.h,local_only_file,preserved_local,,,,True
thirdparty/Ubuntu/fcl070/include/fcl/math/motion/taylor_model/taylor_vector.h,local_only_file,preserved_local,,,,True
thirdparty/Ubuntu/fcl070/include/fcl/math/motion/taylor_model/time_interval-inl.h,local_only_file,preserved_local,,,,True
thirdparty/Ubuntu/fcl070/include/fcl/math/motion/taylor_model/time_interval.h,local_only_file,preserved_local,,,,True
thirdparty/Ubuntu/fcl070/include/fcl/math/motion/tbv_motion_bound_visitor-inl.h,local_only_file,preserved_local,,,,True
thirdparty/Ubuntu/fcl070/include/fcl/math/motion/tbv_motion_bound_visitor.h,local_only_file,preserved_local,,,,True
thirdparty/Ubuntu/fcl070/include/fcl/math/motion/translation_motion-inl.h,local_only_file,preserved_local,,,,True
thirdparty/Ubuntu/fcl070/include/fcl/math/motion/translation_motion.h,local_only_file,preserved_local,,,,True
thirdparty/Ubuntu/fcl070/include/fcl/math/motion/triangle_motion_bound_visitor-inl.h,local_only_file,preserved_local,,,,True
thirdparty/Ubuntu/fcl070/include/fcl/math/motion/triangle_motion_bound_visitor.h,local_only_file,preserved_local,,,,True
thirdparty/Ubuntu/fcl070/include/fcl/math/rng-inl.h,local_only_file,preserved_local,,,,True
thirdparty/Ubuntu/fcl070/include/fcl/math/rng.h,local_only_file,preserved_local,,,,True
thirdparty/Ubuntu/fcl070/include/fcl/math/sampler/sampler_base.h,local_only_file,preserved_local,,,,True
thirdparty/Ubuntu/fcl070/include/fcl/math/sampler/sampler_r-inl.h,local_only_file,preserved_local,,,,True
thirdparty/Ubuntu/fcl070/include/fcl/math/sampler/sampler_r.h,local_only_file,preserved_local,,,,True
thirdparty/Ubuntu/fcl070/include/fcl/math/sampler/sampler_se2-inl.h,local_only_file,preserved_local,,,,True
thirdparty/Ubuntu/fcl070/include/fcl/math/sampler/sampler_se2.h,local_only_file,preserved_local,,,,True
thirdparty/Ubuntu/fcl070/include/fcl/math/sampler/sampler_se2_disk-inl.h,local_only_file,preserved_local,,,,True
thirdparty/Ubuntu/fcl070/include/fcl/math/sampler/sampler_se2_disk.h,local_only_file,preserved_local,,,,True
thirdparty/Ubuntu/fcl070/include/fcl/math/sampler/sampler_se3_euler-inl.h,local_only_file,preserved_local,,,,True
thirdparty/Ubuntu/fcl070/include/fcl/math/sampler/sampler_se3_euler.h,local_only_file,preserved_local,,,,True
thirdparty/Ubuntu/fcl070/include/fcl/math/sampler/sampler_se3_euler_ball-inl.h,local_only_file,preserved_local,,,,True
thirdparty/Ubuntu/fcl070/include/fcl/math/sampler/sampler_se3_euler_ball.h,local_only_file,preserved_local,,,,True
thirdparty/Ubuntu/fcl070/include/fcl/math/sampler/sampler_se3_quat-inl.h,local_only_file,preserved_local,,,,True
thirdparty/Ubuntu/fcl070/include/fcl/math/sampler/sampler_se3_quat.h,local_only_file,preserved_local,,,,True
thirdparty/Ubuntu/fcl070/include/fcl/math/sampler/sampler_se3_quat_ball-inl.h,local_only_file,preserved_local,,,,True
thirdparty/Ubuntu/fcl070/include/fcl/math/sampler/sampler_se3_quat_ball.h,local_only_file,preserved_local,,,,True
thirdparty/Ubuntu/fcl070/include/fcl/math/triangle.h,local_only_file,preserved_local,,,,True
thirdparty/Ubuntu/fcl070/include/fcl/math/variance3-inl.h,local_only_file,preserved_local,,,,True
thirdparty/Ubuntu/fcl070/include/fcl/math/variance3.h,local_only_file,preserved_local,,,,True
thirdparty/Ubuntu/fcl070/include/fcl/narrowphase/collision-inl.h,local_only_file,preserved_local,,,,True
thirdparty/Ubuntu/fcl070/include/fcl/narrowphase/collision.h,local_only_file,preserved_local,,,,True
thirdparty/Ubuntu/fcl070/include/fcl/narrowphase/collision_object-inl.h,local_only_file,preserved_local,,,,True
thirdparty/Ubuntu/fcl070/include/fcl/narrowphase/collision_object.h,local_only_file,preserved_local,,,,True
thirdparty/Ubuntu/fcl070/include/fcl/narrowphase/collision_request-inl.h,local_only_file,preserved_local,,,,True
thirdparty/Ubuntu/fcl070/include/fcl/narrowphase/collision_request.h,local_only_file,preserved_local,,,,True
thirdparty/Ubuntu/fcl070/include/fcl/narrowphase/collision_result-inl.h,local_only_file,preserved_local,,,,True
thirdparty/Ubuntu/fcl070/include/fcl/narrowphase/collision_result.h,local_only_file,preserved_local,,,,True
thirdparty/Ubuntu/fcl070/include/fcl/narrowphase/contact-inl.h,local_only_file,preserved_local,,,,True
thirdparty/Ubuntu/fcl070/include/fcl/narrowphase/contact.h,local_only_file,preserved_local,,,,True
thirdparty/Ubuntu/fcl070/include/fcl/narrowphase/contact_point-inl.h,local_only_file,preserved_local,,,,True
thirdparty/Ubuntu/fcl070/include/fcl/narrowphase/contact_point.h,local_only_file,preserved_local,,,,True
thirdparty/Ubuntu/fcl070/include/fcl/narrowphase/continuous_collision-inl.h,local_only_file,preserved_local,,,,True
thirdparty/Ubuntu/fcl070/include/fcl/narrowphase/continuous_collision.h,local_only_file,preserved_local,,,,True
thirdparty/Ubuntu/fcl070/include/fcl/narrowphase/continuous_collision_object-inl.h,local_only_file,preserved_local,,,,True
thirdparty/Ubuntu/fcl070/include/fcl/narrowphase/continuous_collision_object.h,local_only_file,preserved_local,,,,True
thirdparty/Ubuntu/fcl070/include/fcl/narrowphase/continuous_collision_request-inl.h,local_only_file,preserved_local,,,,True
thirdparty/Ubuntu/fcl070/include/fcl/narrowphase/continuous_collision_request.h,local_only_file,preserved_local,,,,True
thirdparty/Ubuntu/fcl070/include/fcl/narrowphase/continuous_collision_result-inl.h,local_only_file,preserved_local,,,,True
thirdparty/Ubuntu/fcl070/include/fcl/narrowphase/continuous_collision_result.h,local_only_file,preserved_local,,,,True
thirdparty/Ubuntu/fcl070/include/fcl/narrowphase/cost_source-inl.h,local_only_file,preserved_local,,,,True
thirdparty/Ubuntu/fcl070/include/fcl/narrowphase/cost_source.h,local_only_file,preserved_local,,,,True
thirdparty/Ubuntu/fcl070/include/fcl/narrowphase/detail/collision_func_matrix-inl.h,local_only_file,preserved_local,,,,True
thirdparty/Ubuntu/fcl070/include/fcl/narrowphase/detail/collision_func_matrix.h,local_only_file,preserved_local,,,,True
thirdparty/Ubuntu/fcl070/include/fcl/narrowphase/detail/conservative_advancement_func_matrix-inl.h,local_only_file,preserved_local,,,,True
thirdparty/Ubuntu/fcl070/include/fcl/narrowphase/detail/conservative_advancement_func_matrix.h,local_only_file,preserved_local,,,,True
thirdparty/Ubuntu/fcl070/include/fcl/narrowphase/detail/convexity_based_algorithm/alloc.h,local_only_file,preserved_local,,,,True
thirdparty/Ubuntu/fcl070/include/fcl/narrowphase/detail/convexity_based_algorithm/epa-inl.h,local_only_file,preserved_local,,,,True
thirdparty/Ubuntu/fcl070/include/fcl/narrowphase/detail/convexity_based_algorithm/epa.h,local_only_file,preserved_local,,,,True
thirdparty/Ubuntu/fcl070/include/fcl/narrowphase/detail/convexity_based_algorithm/gjk-inl.h,local_only_file,preserved_local,,,,True
thirdparty/Ubuntu/fcl070/include/fcl/narrowphase/detail/convexity_based_algorithm/gjk.h,local_only_file,preserved_local,,,,True
thirdparty/Ubuntu/fcl070/include/fcl/narrowphase/detail/convexity_based_algorithm/gjk_libccd-inl.h,local_only_file,preserved_local,,,,True
thirdparty/Ubuntu/fcl070/include/fcl/narrowphase/detail/convexity_based_algorithm/gjk_libccd.h,local_only_file,preserved_local,,,,True
thirdparty/Ubuntu/fcl070/include/fcl/narrowphase/detail/convexity_based_algorithm/list.h,local_only_file,preserved_local,,,,True
thirdparty/Ubuntu/fcl070/include/fcl/narrowphase/detail/convexity_based_algorithm/minkowski_diff-inl.h,local_only_file,preserved_local,,,,True
thirdparty/Ubuntu/fcl070/include/fcl/narrowphase/detail/convexity_based_algorithm/minkowski_diff.h,local_only_file,preserved_local,,,,True
thirdparty/Ubuntu/fcl070/include/fcl/narrowphase/detail/convexity_based_algorithm/polytope.h,local_only_file,preserved_local,,,,True
thirdparty/Ubuntu/fcl070/include/fcl/narrowphase/detail/convexity_based_algorithm/simplex.h,local_only_file,preserved_local,,,,True
thirdparty/Ubuntu/fcl070/include/fcl/narrowphase/detail/convexity_based_algorithm/support.h,local_only_file,preserved_local,,,,True
thirdparty/Ubuntu/fcl070/include/fcl/narrowphase/detail/distance_func_matrix-inl.h,local_only_file,preserved_local,,,,True
thirdparty/Ubuntu/fcl070/include/fcl/narrowphase/detail/distance_func_matrix.h,local_only_file,preserved_local,,,,True
thirdparty/Ubuntu/fcl070/include/fcl/narrowphase/detail/failed_at_this_configuration.h,local_only_file,preserved_local,,,,True
thirdparty/Ubuntu/fcl070/include/fcl/narrowphase/detail/gjk_solver_indep-inl.h,local_only_file,preserved_local,,,,True
thirdparty/Ubuntu/fcl070/include/fcl/narrowphase/detail/gjk_solver_indep.h,local_only_file,preserved_local,,,,True
thirdparty/Ubuntu/fcl070/include/fcl/narrowphase/detail/gjk_solver_libccd-inl.h,local_only_file,preserved_local,,,,True
thirdparty/Ubuntu/fcl070/include/fcl/narrowphase/detail/gjk_solver_libccd.h,local_only_file,preserved_local,,,,True
thirdparty/Ubuntu/fcl070/include/fcl/narrowphase/detail/primitive_shape_algorithm/box_box-inl.h,local_only_file,preserved_local,,,,True
thirdparty/Ubuntu/fcl070/include/fcl/narrowphase/detail/primitive_shape_algorithm/box_box.h,local_only_file,preserved_local,,,,True
thirdparty/Ubuntu/fcl070/include/fcl/narrowphase/detail/primitive_shape_algorithm/capsule_capsule-inl.h,local_only_file,preserved_local,,,,True
thirdparty/Ubuntu/fcl070/include/fcl/narrowphase/detail/primitive_shape_algorithm/capsule_capsule.h,local_only_file,preserved_local,,,,True
thirdparty/Ubuntu/fcl070/include/fcl/narrowphase/detail/primitive_shape_algorithm/halfspace-inl.h,local_only_file,preserved_local,,,,True
thirdparty/Ubuntu/fcl070/include/fcl/narrowphase/detail/primitive_shape_algorithm/halfspace.h,local_only_file,preserved_local,,,,True
thirdparty/Ubuntu/fcl070/include/fcl/narrowphase/detail/primitive_shape_algorithm/plane-inl.h,local_only_file,preserved_local,,,,True
thirdparty/Ubuntu/fcl070/include/fcl/narrowphase/detail/primitive_shape_algorithm/plane.h,local_only_file,preserved_local,,,,True
thirdparty/Ubuntu/fcl070/include/fcl/narrowphase/detail/primitive_shape_algorithm/sphere_box-inl.h,local_only_file,preserved_local,,,,True
thirdparty/Ubuntu/fcl070/include/fcl/narrowphase/detail/primitive_shape_algorithm/sphere_box.h,local_only_file,preserved_local,,,,True
thirdparty/Ubuntu/fcl070/include/fcl/narrowphase/detail/primitive_shape_algorithm/sphere_capsule-inl.h,local_only_file,preserved_local,,,,True
thirdparty/Ubuntu/fcl070/include/fcl/narrowphase/detail/primitive_shape_algorithm/sphere_capsule.h,local_only_file,preserved_local,,,,True
thirdparty/Ubuntu/fcl070/include/fcl/narrowphase/detail/primitive_shape_algorithm/sphere_cylinder-inl.h,local_only_file,preserved_local,,,,True
thirdparty/Ubuntu/fcl070/include/fcl/narrowphase/detail/primitive_shape_algorithm/sphere_cylinder.h,local_only_file,preserved_local,,,,True
thirdparty/Ubuntu/fcl070/include/fcl/narrowphase/detail/primitive_shape_algorithm/sphere_sphere-inl.h,local_only_file,preserved_local,,,,True
thirdparty/Ubuntu/fcl070/include/fcl/narrowphase/detail/primitive_shape_algorithm/sphere_sphere.h,local_only_file,preserved_local,,,,True
thirdparty/Ubuntu/fcl070/include/fcl/narrowphase/detail/primitive_shape_algorithm/sphere_triangle-inl.h,local_only_file,preserved_local,,,,True
thirdparty/Ubuntu/fcl070/include/fcl/narrowphase/detail/primitive_shape_algorithm/sphere_triangle.h,local_only_file,preserved_local,,,,True
thirdparty/Ubuntu/fcl070/include/fcl/narrowphase/detail/primitive_shape_algorithm/triangle_distance-inl.h,local_only_file,preserved_local,,,,True
thirdparty/Ubuntu/fcl070/include/fcl/narrowphase/detail/primitive_shape_algorithm/triangle_distance.h,local_only_file,preserved_local,,,,True
thirdparty/Ubuntu/fcl070/include/fcl/narrowphase/detail/traversal/collision/bvh_collision_traversal_node-inl.h,local_only_file,preserved_local,,,,True
thirdparty/Ubuntu/fcl070/include/fcl/narrowphase/detail/traversal/collision/bvh_collision_traversal_node.h,local_only_file,preserved_local,,,,True
thirdparty/Ubuntu/fcl070/include/fcl/narrowphase/detail/traversal/collision/bvh_shape_collision_traversal_node-inl.h,local_only_file,preserved_local,,,,True
thirdparty/Ubuntu/fcl070/include/fcl/narrowphase/detail/traversal/collision/bvh_shape_collision_traversal_node.h,local_only_file,preserved_local,,,,True
thirdparty/Ubuntu/fcl070/include/fcl/narrowphase/detail/traversal/collision/collision_traversal_node_base-inl.h,local_only_file,preserved_local,,,,True
thirdparty/Ubuntu/fcl070/include/fcl/narrowphase/detail/traversal/collision/collision_traversal_node_base.h,local_only_file,preserved_local,,,,True
thirdparty/Ubuntu/fcl070/include/fcl/narrowphase/detail/traversal/collision/intersect-inl.h,local_only_file,preserved_local,,,,True
thirdparty/Ubuntu/fcl070/include/fcl/narrowphase/detail/traversal/collision/intersect.h,local_only_file,preserved_local,,,,True
thirdparty/Ubuntu/fcl070/include/fcl/narrowphase/detail/traversal/collision/mesh_collision_traversal_node-inl.h,local_only_file,preserved_local,,,,True
thirdparty/Ubuntu/fcl070/include/fcl/narrowphase/detail/traversal/collision/mesh_collision_traversal_node.h,local_only_file,preserved_local,,,,True
thirdparty/Ubuntu/fcl070/include/fcl/narrowphase/detail/traversal/collision/mesh_continuous_collision_traversal_node-inl.h,local_only_file,preserved_local,,,,True
thirdparty/Ubuntu/fcl070/include/fcl/narrowphase/detail/traversal/collision/mesh_continuous_collision_traversal_node.h,local_only_file,preserved_local,,,,True
thirdparty/Ubuntu/fcl070/include/fcl/narrowphase/detail/traversal/collision/mesh_shape_collision_traversal_node-inl.h,local_only_file,preserved_local,,,,True
thirdparty/Ubuntu/fcl070/include/fcl/narrowphase/detail/traversal/collision/mesh_shape_collision_traversal_node.h,local_only_file,preserved_local,,,,True
thirdparty/Ubuntu/fcl070/include/fcl/narrowphase/detail/traversal/collision/shape_bvh_collision_traversal_node-inl.h,local_only_file,preserved_local,,,,True
thirdparty/Ubuntu/fcl070/include/fcl/narrowphase/detail/traversal/collision/shape_bvh_collision_traversal_node.h,local_only_file,preserved_local,,,,True
thirdparty/Ubuntu/fcl070/include/fcl/narrowphase/detail/traversal/collision/shape_collision_traversal_node-inl.h,local_only_file,preserved_local,,,,True
thirdparty/Ubuntu/fcl070/include/fcl/narrowphase/detail/traversal/collision/shape_collision_traversal_node.h,local_only_file,preserved_local,,,,True
thirdparty/Ubuntu/fcl070/include/fcl/narrowphase/detail/traversal/collision/shape_mesh_collision_traversal_node-inl.h,local_only_file,preserved_local,,,,True
thirdparty/Ubuntu/fcl070/include/fcl/narrowphase/detail/traversal/collision/shape_mesh_collision_traversal_node.h,local_only_file,preserved_local,,,,True
thirdparty/Ubuntu/fcl070/include/fcl/narrowphase/detail/traversal/collision_node-inl.h,local_only_file,preserved_local,,,,True
thirdparty/Ubuntu/fcl070/include/fcl/narrowphase/detail/traversal/collision_node.h,local_only_file,preserved_local,,,,True
thirdparty/Ubuntu/fcl070/include/fcl/narrowphase/detail/traversal/distance/bvh_distance_traversal_node-inl.h,local_only_file,preserved_local,,,,True
thirdparty/Ubuntu/fcl070/include/fcl/narrowphase/detail/traversal/distance/bvh_distance_traversal_node.h,local_only_file,preserved_local,,,,True
thirdparty/Ubuntu/fcl070/include/fcl/narrowphase/detail/traversal/distance/bvh_shape_distance_traversal_node-inl.h,local_only_file,preserved_local,,,,True
thirdparty/Ubuntu/fcl070/include/fcl/narrowphase/detail/traversal/distance/bvh_shape_distance_traversal_node.h,local_only_file,preserved_local,,,,True
thirdparty/Ubuntu/fcl070/include/fcl/narrowphase/detail/traversal/distance/conservative_advancement_stack_data-inl.h,local_only_file,preserved_local,,,,True
thirdparty/Ubuntu/fcl070/include/fcl/narrowphase/detail/traversal/distance/conservative_advancement_stack_data.h,local_only_file,preserved_local,,,,True
thirdparty/Ubuntu/fcl070/include/fcl/narrowphase/detail/traversal/distance/distance_traversal_node_base-inl.h,local_only_file,preserved_local,,,,True
thirdparty/Ubuntu/fcl070/include/fcl/narrowphase/detail/traversal/distance/distance_traversal_node_base.h,local_only_file,preserved_local,,,,True
thirdparty/Ubuntu/fcl070/include/fcl/narrowphase/detail/traversal/distance/mesh_conservative_advancement_traversal_node-inl.h,local_only_file,preserved_local,,,,True
thirdparty/Ubuntu/fcl070/include/fcl/narrowphase/detail/traversal/distance/mesh_conservative_advancement_traversal_node.h,local_only_file,preserved_local,,,,True
thirdparty/Ubuntu/fcl070/include/fcl/narrowphase/detail/traversal/distance/mesh_distance_traversal_node-inl.h,local_only_file,preserved_local,,,,True
thirdparty/Ubuntu/fcl070/include/fcl/narrowphase/detail/traversal/distance/mesh_distance_traversal_node.h,local_only_file,preserved_local,,,,True
thirdparty/Ubuntu/fcl070/include/fcl/narrowphase/detail/traversal/distance/mesh_shape_conservative_advancement_traversal_node-inl.h,local_only_file,preserved_local,,,,True
thirdparty/Ubuntu/fcl070/include/fcl/narrowphase/detail/traversal/distance/mesh_shape_conservative_advancement_traversal_node.h,local_only_file,preserved_local,,,,True
thirdparty/Ubuntu/fcl070/include/fcl/narrowphase/detail/traversal/distance/mesh_shape_distance_traversal_node-inl.h,local_only_file,preserved_local,,,,True
thirdparty/Ubuntu/fcl070/include/fcl/narrowphase/detail/traversal/distance/mesh_shape_distance_traversal_node.h,local_only_file,preserved_local,,,,True
thirdparty/Ubuntu/fcl070/include/fcl/narrowphase/detail/traversal/distance/shape_bvh_distance_traversal_node-inl.h,local_only_file,preserved_local,,,,True
thirdparty/Ubuntu/fcl070/include/fcl/narrowphase/detail/traversal/distance/shape_bvh_distance_traversal_node.h,local_only_file,preserved_local,,,,True
thirdparty/Ubuntu/fcl070/include/fcl/narrowphase/detail/traversal/distance/shape_conservative_advancement_traversal_node-inl.h,local_only_file,preserved_local,,,,True
thirdparty/Ubuntu/fcl070/include/fcl/narrowphase/detail/traversal/distance/shape_conservative_advancement_traversal_node.h,local_only_file,preserved_local,,,,True
thirdparty/Ubuntu/fcl070/include/fcl/narrowphase/detail/traversal/distance/shape_distance_traversal_node-inl.h,local_only_file,preserved_local,,,,True
thirdparty/Ubuntu/fcl070/include/fcl/narrowphase/detail/traversal/distance/shape_distance_traversal_node.h,local_only_file,preserved_local,,,,True
thirdparty/Ubuntu/fcl070/include/fcl/narrowphase/detail/traversal/distance/shape_mesh_conservative_advancement_traversal_node-inl.h,local_only_file,preserved_local,,,,True
thirdparty/Ubuntu/fcl070/include/fcl/narrowphase/detail/traversal/distance/shape_mesh_conservative_advancement_traversal_node.h,local_only_file,preserved_local,,,,True
thirdparty/Ubuntu/fcl070/include/fcl/narrowphase/detail/traversal/distance/shape_mesh_distance_traversal_node-inl.h,local_only_file,preserved_local,,,,True
thirdparty/Ubuntu/fcl070/include/fcl/narrowphase/detail/traversal/distance/shape_mesh_distance_traversal_node.h,local_only_file,preserved_local,,,,True
thirdparty/Ubuntu/fcl070/include/fcl/narrowphase/detail/traversal/octree/collision/mesh_octree_collision_traversal_node-inl.h,local_only_file,preserved_local,,,,True
thirdparty/Ubuntu/fcl070/include/fcl/narrowphase/detail/traversal/octree/collision/mesh_octree_collision_traversal_node.h,local_only_file,preserved_local,,,,True
thirdparty/Ubuntu/fcl070/include/fcl/narrowphase/detail/traversal/octree/collision/octree_collision_traversal_node-inl.h,local_only_file,preserved_local,,,,True
thirdparty/Ubuntu/fcl070/include/fcl/narrowphase/detail/traversal/octree/collision/octree_collision_traversal_node.h,local_only_file,preserved_local,,,,True
thirdparty/Ubuntu/fcl070/include/fcl/narrowphase/detail/traversal/octree/collision/octree_mesh_collision_traversal_node-inl.h,local_only_file,preserved_local,,,,True
thirdparty/Ubuntu/fcl070/include/fcl/narrowphase/detail/traversal/octree/collision/octree_mesh_collision_traversal_node.h,local_only_file,preserved_local,,,,True
thirdparty/Ubuntu/fcl070/include/fcl/narrowphase/detail/traversal/octree/collision/octree_shape_collision_traversal_node-inl.h,local_only_file,preserved_local,,,,True
thirdparty/Ubuntu/fcl070/include/fcl/narrowphase/detail/traversal/octree/collision/octree_shape_collision_traversal_node.h,local_only_file,preserved_local,,,,True
thirdparty/Ubuntu/fcl070/include/fcl/narrowphase/detail/traversal/octree/collision/shape_octree_collision_traversal_node-inl.h,local_only_file,preserved_local,,,,True
thirdparty/Ubuntu/fcl070/include/fcl/narrowphase/detail/traversal/octree/collision/shape_octree_collision_traversal_node.h,local_only_file,preserved_local,,,,True
thirdparty/Ubuntu/fcl070/include/fcl/narrowphase/detail/traversal/octree/distance/mesh_octree_distance_traversal_node-inl.h,local_only_file,preserved_local,,,,True
thirdparty/Ubuntu/fcl070/include/fcl/narrowphase/detail/traversal/octree/distance/mesh_octree_distance_traversal_node.h,local_only_file,preserved_local,,,,True
thirdparty/Ubuntu/fcl070/include/fcl/narrowphase/detail/traversal/octree/distance/octree_distance_traversal_node-inl.h,local_only_file,preserved_local,,,,True
thirdparty/Ubuntu/fcl070/include/fcl/narrowphase/detail/traversal/octree/distance/octree_distance_traversal_node.h,local_only_file,preserved_local,,,,True
thirdparty/Ubuntu/fcl070/include/fcl/narrowphase/detail/traversal/octree/distance/octree_mesh_distance_traversal_node-inl.h,local_only_file,preserved_local,,,,True
thirdparty/Ubuntu/fcl070/include/fcl/narrowphase/detail/traversal/octree/distance/octree_mesh_distance_traversal_node.h,local_only_file,preserved_local,,,,True
thirdparty/Ubuntu/fcl070/include/fcl/narrowphase/detail/traversal/octree/distance/octree_shape_distance_traversal_node-inl.h,local_only_file,preserved_local,,,,True
thirdparty/Ubuntu/fcl070/include/fcl/narrowphase/detail/traversal/octree/distance/octree_shape_distance_traversal_node.h,local_only_file,preserved_local,,,,True
thirdparty/Ubuntu/fcl070/include/fcl/narrowphase/detail/traversal/octree/distance/shape_octree_distance_traversal_node-inl.h,local_only_file,preserved_local,,,,True
thirdparty/Ubuntu/fcl070/include/fcl/narrowphase/detail/traversal/octree/distance/shape_octree_distance_traversal_node.h,local_only_file,preserved_local,,,,True
thirdparty/Ubuntu/fcl070/include/fcl/narrowphase/detail/traversal/octree/octree_solver-inl.h,local_only_file,preserved_local,,,,True
thirdparty/Ubuntu/fcl070/include/fcl/narrowphase/detail/traversal/octree/octree_solver.h,local_only_file,preserved_local,,,,True
thirdparty/Ubuntu/fcl070/include/fcl/narrowphase/detail/traversal/traversal_node_base-inl.h,local_only_file,preserved_local,,,,True
thirdparty/Ubuntu/fcl070/include/fcl/narrowphase/detail/traversal/traversal_node_base.h,local_only_file,preserved_local,,,,True
thirdparty/Ubuntu/fcl070/include/fcl/narrowphase/detail/traversal/traversal_recurse-inl.h,local_only_file,preserved_local,,,,True
thirdparty/Ubuntu/fcl070/include/fcl/narrowphase/detail/traversal/traversal_recurse.h,local_only_file,preserved_local,,,,True
thirdparty/Ubuntu/fcl070/include/fcl/narrowphase/distance-inl.h,local_only_file,preserved_local,,,,True
thirdparty/Ubuntu/fcl070/include/fcl/narrowphase/distance.h,local_only_file,preserved_local,,,,True
thirdparty/Ubuntu/fcl070/include/fcl/narrowphase/distance_request-inl.h,local_only_file,preserved_local,,,,True
thirdparty/Ubuntu/fcl070/include/fcl/narrowphase/distance_request.h,local_only_file,preserved_local,,,,True
thirdparty/Ubuntu/fcl070/include/fcl/narrowphase/distance_result-inl.h,local_only_file,preserved_local,,,,True
thirdparty/Ubuntu/fcl070/include/fcl/narrowphase/distance_result.h,local_only_file,preserved_local,,,,True
thirdparty/Ubuntu/fcl070/include/fcl/narrowphase/gjk_solver_type.h,local_only_file,preserved_local,,,,True
thirdparty/Ubuntu/fcl070/lib/cmake/fcl/fcl-config-version.cmake,local_only_file,preserved_local,,,,True
thirdparty/Ubuntu/fcl070/lib/cmake/fcl/fcl-config.cmake,local_only_file,preserved_local,,,,True
thirdparty/Ubuntu/fcl070/lib/cmake/fcl/fcl-targets-release.cmake,local_only_file,preserved_local,,,,True
thirdparty/Ubuntu/fcl070/lib/cmake/fcl/fcl-targets.cmake,local_only_file,preserved_local,,,,True
thirdparty/Ubuntu/fcl070/lib/libfcl.so,local_only_file,preserved_local,,,,True
thirdparty/Ubuntu/fcl070/lib/libfcl.so.0.7,local_only_file,preserved_local,,,,True
thirdparty/Ubuntu/fcl070/lib/libfcl.so.0.7.0,local_only_file,preserved_local,,,,True
thirdparty/Ubuntu/fcl070/lib/pkgconfig/fcl.pc,local_only_file,preserved_local,,,,True
thirdparty/Ubuntu/fcl070/share/fcl/package.xml,local_only_file,preserved_local,,,,True
thirdparty/Ubuntu/freeglut322x64/include/GL/freeglut.h,local_only_file,preserved_local,,,,True
thirdparty/Ubuntu/freeglut322x64/include/GL/freeglut_ext.h,local_only_file,preserved_local,,,,True
thirdparty/Ubuntu/freeglut322x64/include/GL/freeglut_std.h,local_only_file,preserved_local,,,,True
thirdparty/Ubuntu/freeglut322x64/include/GL/freeglut_ucall.h,local_only_file,preserved_local,,,,True
thirdparty/Ubuntu/freeglut322x64/include/GL/glut.h,local_only_file,preserved_local,,,,True
thirdparty/Ubuntu/freeglut322x64/lib/cmake/FreeGLUT/FreeGLUTConfig.cmake,local_only_file,preserved_local,,,,True
thirdparty/Ubuntu/freeglut322x64/lib/cmake/FreeGLUT/FreeGLUTConfigVersion.cmake,local_only_file,preserved_local,,,,True
thirdparty/Ubuntu/freeglut322x64/lib/cmake/FreeGLUT/FreeGLUTTargets-debug.cmake,local_only_file,preserved_local,,,,True
thirdparty/Ubuntu/freeglut322x64/lib/cmake/FreeGLUT/FreeGLUTTargets-release.cmake,local_only_file,preserved_local,,,,True
thirdparty/Ubuntu/freeglut322x64/lib/cmake/FreeGLUT/FreeGLUTTargets.cmake,local_only_file,preserved_local,,,,True
thirdparty/Ubuntu/freeglut322x64/lib/libglut.a,local_only_file,preserved_local,,,,True
thirdparty/Ubuntu/freeglut322x64/lib/libglut.so,local_only_file,preserved_local,,,,True
thirdparty/Ubuntu/freeglut322x64/lib/libglut.so.3,local_only_file,preserved_local,,,,True
thirdparty/Ubuntu/freeglut322x64/lib/libglut.so.3.11.1,local_only_file,preserved_local,,,,True
thirdparty/Ubuntu/freeglut322x64/lib/libglutd.a,local_only_file,preserved_local,,,,True
thirdparty/Ubuntu/freeglut322x64/lib/libglutd.so,local_only_file,preserved_local,,,,True
thirdparty/Ubuntu/freeglut322x64/lib/libglutd.so.3,local_only_file,preserved_local,,,,True
thirdparty/Ubuntu/freeglut322x64/lib/libglutd.so.3.11.1,local_only_file,preserved_local,,,,True
thirdparty/Ubuntu/freeglut322x64/lib/pkgconfig/glut.pc,local_only_file,preserved_local,,,,True
thirdparty/Ubuntu/glew220x64/bin/glewinfo,local_only_file,preserved_local,,,,True
thirdparty/Ubuntu/glew220x64/bin/visualinfo,local_only_file,preserved_local,,,,True
thirdparty/Ubuntu/glew220x64/include/GL/glew.h,local_only_file,preserved_local,,,,True
thirdparty/Ubuntu/glew220x64/include/GL/glxew.h,local_only_file,preserved_local,,,,True
thirdparty/Ubuntu/glew220x64/include/GL/wglew.h,local_only_file,preserved_local,,,,True
thirdparty/Ubuntu/glew220x64/lib/cmake/glew/CopyImportedTargetProperties.cmake,local_only_file,preserved_local,,,,True
thirdparty/Ubuntu/glew220x64/lib/cmake/glew/glew-config.cmake,local_only_file,preserved_local,,,,True
thirdparty/Ubuntu/glew220x64/lib/cmake/glew/glew-targets-debug.cmake,local_only_file,preserved_local,,,,True
thirdparty/Ubuntu/glew220x64/lib/cmake/glew/glew-targets-release.cmake,local_only_file,preserved_local,,,,True
thirdparty/Ubuntu/glew220x64/lib/cmake/glew/glew-targets.cmake,local_only_file,preserved_local,,,,True
thirdparty/Ubuntu/glew220x64/lib/libGLEW.a,local_only_file,preserved_local,,,,True
thirdparty/Ubuntu/glew220x64/lib/libGLEW.so,local_only_file,preserved_local,,,,True
thirdparty/Ubuntu/glew220x64/lib/libGLEW.so.2.2,local_only_file,preserved_local,,,,True
thirdparty/Ubuntu/glew220x64/lib/libGLEW.so.2.2.0,local_only_file,preserved_local,,,,True
thirdparty/Ubuntu/glew220x64/lib/libGLEWd.a,local_only_file,preserved_local,,,,True
thirdparty/Ubuntu/glew220x64/lib/libGLEWd.so,local_only_file,preserved_local,,,,True
thirdparty/Ubuntu/glew220x64/lib/libGLEWd.so.2.2,local_only_file,preserved_local,,,,True
thirdparty/Ubuntu/glew220x64/lib/libGLEWd.so.2.2.0,local_only_file,preserved_local,,,,True
thirdparty/Ubuntu/glew220x64/lib/pkgconfig/glew.pc,local_only_file,preserved_local,,,,True
thirdparty/Ubuntu/glfw337x64/include/GLFW/glfw3.h,local_only_file,preserved_local,,,,True
thirdparty/Ubuntu/glfw337x64/include/GLFW/glfw3native.h,local_only_file,preserved_local,,,,True
thirdparty/Ubuntu/glfw337x64/lib/cmake/glfw3/glfw3Config.cmake,local_only_file,preserved_local,,,,True
thirdparty/Ubuntu/glfw337x64/lib/cmake/glfw3/glfw3ConfigVersion.cmake,local_only_file,preserved_local,,,,True
thirdparty/Ubuntu/glfw337x64/lib/cmake/glfw3/glfw3Targets-debug.cmake,local_only_file,preserved_local,,,,True
thirdparty/Ubuntu/glfw337x64/lib/cmake/glfw3/glfw3Targets-release.cmake,local_only_file,preserved_local,,,,True
thirdparty/Ubuntu/glfw337x64/lib/cmake/glfw3/glfw3Targets.cmake,local_only_file,preserved_local,,,,True
thirdparty/Ubuntu/glfw337x64/lib/libglfw3.a,local_only_file,preserved_local,,,,True
thirdparty/Ubuntu/glfw337x64/lib/libglfw3d.a,local_only_file,preserved_local,,,,True
thirdparty/Ubuntu/glfw337x64/lib/pkgconfig/glfw3.pc,local_only_file,preserved_local,,,,True
thirdparty/Ubuntu/libccd210/include/ccd/ccd.h,local_only_file,preserved_local,,,,True
thirdparty/Ubuntu/libccd210/include/ccd/ccd_export.h,local_only_file,preserved_local,,,,True
thirdparty/Ubuntu/libccd210/include/ccd/compiler.h,local_only_file,preserved_local,,,,True
thirdparty/Ubuntu/libccd210/include/ccd/config.h,local_only_file,preserved_local,,,,True
thirdparty/Ubuntu/libccd210/include/ccd/quat.h,local_only_file,preserved_local,,,,True
thirdparty/Ubuntu/libccd210/include/ccd/vec3.h,local_only_file,preserved_local,,,,True
thirdparty/Ubuntu/libccd210/lib/ccd/ccd-config-version.cmake,local_only_file,preserved_local,,,,True
thirdparty/Ubuntu/libccd210/lib/ccd/ccd-config.cmake,local_only_file,preserved_local,,,,True
thirdparty/Ubuntu/libccd210/lib/ccd/ccd-targets-release.cmake,local_only_file,preserved_local,,,,True
thirdparty/Ubuntu/libccd210/lib/ccd/ccd-targets.cmake,local_only_file,preserved_local,,,,True
thirdparty/Ubuntu/libccd210/lib/libccd.a,local_only_file,preserved_local,,,,True
thirdparty/Ubuntu/libccd210/lib/pkgconfig/ccd.pc,local_only_file,preserved_local,,,,True
thirdparty/Ubuntu/libccd210/share/doc/ccd/BSD-LICENSE,local_only_file,preserved_local,,,,True
thirdparty/Ubuntu/octomap198/bin/binvox2bt,local_only_file,preserved_local,,,,True
thirdparty/Ubuntu/octomap198/bin/bt2vrml,local_only_file,preserved_local,,,,True
thirdparty/Ubuntu/octomap198/bin/compare_octrees,local_only_file,preserved_local,,,,True
thirdparty/Ubuntu/octomap198/bin/convert_octree,local_only_file,preserved_local,,,,True
thirdparty/Ubuntu/octomap198/bin/edit_octree,local_only_file,preserved_local,,,,True
thirdparty/Ubuntu/octomap198/bin/eval_octree_accuracy,local_only_file,preserved_local,,,,True
thirdparty/Ubuntu/octomap198/bin/graph2tree,local_only_file,preserved_local,,,,True
thirdparty/Ubuntu/octomap198/bin/log2graph,local_only_file,preserved_local,,,,True
thirdparty/Ubuntu/octomap198/bin/octovis,local_only_file,preserved_local,,,,True
thirdparty/Ubuntu/octomap198/include/dynamicEDT3D/bucketedqueue.h,local_only_file,preserved_local,,,,True
thirdparty/Ubuntu/octomap198/include/dynamicEDT3D/bucketedqueue.hxx,local_only_file,preserved_local,,,,True
thirdparty/Ubuntu/octomap198/include/dynamicEDT3D/dynamicEDT3D.h,local_only_file,preserved_local,,,,True
thirdparty/Ubuntu/octomap198/include/dynamicEDT3D/dynamicEDTOctomap.h,local_only_file,preserved_local,,,,True
thirdparty/Ubuntu/octomap198/include/dynamicEDT3D/dynamicEDTOctomap.hxx,local_only_file,preserved_local,,,,True
thirdparty/Ubuntu/octomap198/include/dynamicEDT3D/point.h,local_only_file,preserved_local,,,,True
thirdparty/Ubuntu/octomap198/include/octomap/AbstractOcTree.h,local_only_file,preserved_local,,,,True
thirdparty/Ubuntu/octomap198/include/octomap/AbstractOccupancyOcTree.h,local_only_file,preserved_local,,,,True
thirdparty/Ubuntu/octomap198/include/octomap/ColorOcTree.h,local_only_file,preserved_local,,,,True
thirdparty/Ubuntu/octomap198/include/octomap/CountingOcTree.h,local_only_file,preserved_local,,,,True
thirdparty/Ubuntu/octomap198/include/octomap/MCTables.h,local_only_file,preserved_local,,,,True
thirdparty/Ubuntu/octomap198/include/octomap/MapCollection.h,local_only_file,preserved_local,,,,True
thirdparty/Ubuntu/octomap198/include/octomap/MapCollection.hxx,local_only_file,preserved_local,,,,True
thirdparty/Ubuntu/octomap198/include/octomap/MapNode.h,local_only_file,preserved_local,,,,True
thirdparty/Ubuntu/octomap198/include/octomap/MapNode.hxx,local_only_file,preserved_local,,,,True
thirdparty/Ubuntu/octomap198/include/octomap/OcTree.h,local_only_file,preserved_local,,,,True
thirdparty/Ubuntu/octomap198/include/octomap/OcTreeBase.h,local_only_file,preserved_local,,,,True
thirdparty/Ubuntu/octomap198/include/octomap/OcTreeBaseImpl.h,local_only_file,preserved_local,,,,True
thirdparty/Ubuntu/octomap198/include/octomap/OcTreeBaseImpl.hxx,local_only_file,preserved_local,,,,True
thirdparty/Ubuntu/octomap198/include/octomap/OcTreeDataNode.h,local_only_file,preserved_local,,,,True
thirdparty/Ubuntu/octomap198/include/octomap/OcTreeDataNode.hxx,local_only_file,preserved_local,,,,True
thirdparty/Ubuntu/octomap198/include/octomap/OcTreeIterator.hxx,local_only_file,preserved_local,,,,True
thirdparty/Ubuntu/octomap198/include/octomap/OcTreeKey.h,local_only_file,preserved_local,,,,True
thirdparty/Ubuntu/octomap198/include/octomap/OcTreeNode.h,local_only_file,preserved_local,,,,True
thirdparty/Ubuntu/octomap198/include/octomap/OcTreeStamped.h,local_only_file,preserved_local,,,,True
thirdparty/Ubuntu/octomap198/include/octomap/OccupancyOcTreeBase.h,local_only_file,preserved_local,,,,True
thirdparty/Ubuntu/octomap198/include/octomap/OccupancyOcTreeBase.hxx,local_only_file,preserved_local,,,,True
thirdparty/Ubuntu/octomap198/include/octomap/Pointcloud.h,local_only_file,preserved_local,,,,True
thirdparty/Ubuntu/octomap198/include/octomap/ScanGraph.h,local_only_file,preserved_local,,,,True
thirdparty/Ubuntu/octomap198/include/octomap/math/Pose6D.h,local_only_file,preserved_local,,,,True
thirdparty/Ubuntu/octomap198/include/octomap/math/Quaternion.h,local_only_file,preserved_local,,,,True
thirdparty/Ubuntu/octomap198/include/octomap/math/Utils.h,local_only_file,preserved_local,,,,True
thirdparty/Ubuntu/octomap198/include/octomap/math/Vector3.h,local_only_file,preserved_local,,,,True
thirdparty/Ubuntu/octomap198/include/octomap/octomap.h,local_only_file,preserved_local,,,,True
thirdparty/Ubuntu/octomap198/include/octomap/octomap_deprecated.h,local_only_file,preserved_local,,,,True
thirdparty/Ubuntu/octomap198/include/octomap/octomap_timing.h,local_only_file,preserved_local,,,,True
thirdparty/Ubuntu/octomap198/include/octomap/octomap_types.h,local_only_file,preserved_local,,,,True
thirdparty/Ubuntu/octomap198/include/octomap/octomap_utils.h,local_only_file,preserved_local,,,,True
thirdparty/Ubuntu/octomap198/include/octovis/ColorOcTreeDrawer.h,local_only_file,preserved_local,,,,True
thirdparty/Ubuntu/octomap198/include/octovis/OcTreeDrawer.h,local_only_file,preserved_local,,,,True
thirdparty/Ubuntu/octomap198/include/octovis/OcTreeRecord.h,local_only_file,preserved_local,,,,True
thirdparty/Ubuntu/octomap198/include/octovis/PointcloudDrawer.h,local_only_file,preserved_local,,,,True
thirdparty/Ubuntu/octomap198/include/octovis/SceneObject.h,local_only_file,preserved_local,,,,True
thirdparty/Ubuntu/octomap198/include/octovis/SelectionBox.h,local_only_file,preserved_local,,,,True
thirdparty/Ubuntu/octomap198/include/octovis/TrajectoryDrawer.h,local_only_file,preserved_local,,,,True
thirdparty/Ubuntu/octomap198/lib/libdynamicedt3d.a,local_only_file,preserved_local,,,,True
thirdparty/Ubuntu/octomap198/lib/libdynamicedt3d.so,local_only_file,preserved_local,,,,True
thirdparty/Ubuntu/octomap198/lib/libdynamicedt3d.so.1.9,local_only_file,preserved_local,,,,True
thirdparty/Ubuntu/octomap198/lib/libdynamicedt3d.so.1.9.8,local_only_file,preserved_local,,,,True
thirdparty/Ubuntu/octomap198/lib/liboctomap.a,local_only_file,preserved_local,,,,True
thirdparty/Ubuntu/octomap198/lib/liboctomap.so,local_only_file,preserved_local,,,,True
thirdparty/Ubuntu/octomap198/lib/liboctomap.so.1.9,local_only_file,preserved_local,,,,True
thirdparty/Ubuntu/octomap198/lib/liboctomap.so.1.9.8,local_only_file,preserved_local,,,,True
thirdparty/Ubuntu/octomap198/lib/liboctomath.a,local_only_file,preserved_local,,,,True
thirdparty/Ubuntu/octomap198/lib/liboctomath.so,local_only_file,preserved_local,,,,True
thirdparty/Ubuntu/octomap198/lib/liboctomath.so.1.9,local_only_file,preserved_local,,,,True
thirdparty/Ubuntu/octomap198/lib/liboctomath.so.1.9.8,local_only_file,preserved_local,,,,True
thirdparty/Ubuntu/octomap198/lib/liboctovis.a,local_only_file,preserved_local,,,,True
thirdparty/Ubuntu/octomap198/lib/liboctovis.so,local_only_file,preserved_local,,,,True
thirdparty/Ubuntu/octomap198/lib/liboctovis.so.1.9,local_only_file,preserved_local,,,,True
thirdparty/Ubuntu/octomap198/lib/liboctovis.so.1.9.8,local_only_file,preserved_local,,,,True
thirdparty/Ubuntu/octomap198/lib/pkgconfig/dynamicEDT3D.pc,local_only_file,preserved_local,,,,True
thirdparty/Ubuntu/octomap198/lib/pkgconfig/octomap.pc,local_only_file,preserved_local,,,,True
thirdparty/Ubuntu/octomap198/share/ament_index/resource_index/packages/dynamicEDT3D,local_only_file,preserved_local,,,,True
thirdparty/Ubuntu/octomap198/share/ament_index/resource_index/packages/octomap,local_only_file,preserved_local,,,,True
thirdparty/Ubuntu/octomap198/share/ament_index/resource_index/packages/octovis,local_only_file,preserved_local,,,,True
thirdparty/Ubuntu/octomap198/share/dynamicEDT3D/dynamicEDT3DConfig-version.cmake,local_only_file,preserved_local,,,,True
thirdparty/Ubuntu/octomap198/share/dynamicEDT3D/dynamicEDT3DConfig.cmake,local_only_file,preserved_local,,,,True
thirdparty/Ubuntu/octomap198/share/dynamicEDT3D/dynamicEDT3DTargets.cmake,local_only_file,preserved_local,,,,True
thirdparty/Ubuntu/octomap198/share/dynamic_edt_3d/package.xml,local_only_file,preserved_local,,,,True
thirdparty/Ubuntu/octomap198/share/octomap/octomap-config-version.cmake,local_only_file,preserved_local,,,,True
thirdparty/Ubuntu/octomap198/share/octomap/octomap-config.cmake,local_only_file,preserved_local,,,,True
thirdparty/Ubuntu/octomap198/share/octomap/octomap-targets.cmake,local_only_file,preserved_local,,,,True
thirdparty/Ubuntu/octomap198/share/octomap/package.xml,local_only_file,preserved_local,,,,True
thirdparty/Ubuntu/octomap198/share/octovis/octovis-config-version.cmake,local_only_file,preserved_local,,,,True
thirdparty/Ubuntu/octomap198/share/octovis/octovis-config.cmake,local_only_file,preserved_local,,,,True
thirdparty/Ubuntu/octomap198/share/octovis/octovis-targets.cmake,local_only_file,preserved_local,,,,True
thirdparty/Ubuntu/octomap198/share/octovis/package.xml,local_only_file,preserved_local,,,,True
thirdparty/Ubuntu/prebuild/assimp-5.1.5.tar.gz,local_only_file,preserved_local,,,,True
thirdparty/Ubuntu/prebuild/build_assimp515_static.sh,local_only_file,preserved_local,,,,True
thirdparty/Ubuntu/prebuild/build_ccd210_static.sh,local_only_file,preserved_local,,,,True
thirdparty/Ubuntu/prebuild/build_fcl070_static.sh,local_only_file,preserved_local,,,,True
thirdparty/Ubuntu/prebuild/build_octomap198_static.sh,local_only_file,preserved_local,,,,True
thirdparty/Ubuntu/prebuild/fcl-0.7.0.tar.gz,local_only_file,preserved_local,,,,True
thirdparty/Ubuntu/prebuild/libccd-2.1.tar.gz,local_only_file,preserved_local,,,,True
thirdparty/Ubuntu/prebuild/octomap-1.9.8.tar.gz,local_only_file,preserved_local,,,,True
thirdparty/Windows/CoACD1.0.11x64/BUILD_NOTES.md,local_only_file,preserved_local,,,,True
thirdparty/Windows/CoACD1.0.11x64/bin/coacd.exe,local_only_file,preserved_local,,,,True
thirdparty/Windows/CoACD1.0.11x64/bin/lib_coacd-D.dll,local_only_file,preserved_local,,,,True
thirdparty/Windows/CoACD1.0.11x64/bin/lib_coacd.dll,local_only_file,preserved_local,,,,True
thirdparty/Windows/CoACD1.0.11x64/bin/tbb12.dll,local_only_file,preserved_local,,,,True
thirdparty/Windows/CoACD1.0.11x64/bin/tbb12_debug.dll,local_only_file,preserved_local,,,,True
thirdparty/Windows/CoACD1.0.11x64/include/CoACD/coacd.h,local_only_file,preserved_local,,,,True
thirdparty/Windows/CoACD1.0.11x64/lib/_coacd-D.lib,local_only_file,preserved_local,,,,True
thirdparty/Windows/CoACD1.0.11x64/lib/_coacd.lib,local_only_file,preserved_local,,,,True
thirdparty/Windows/CoACD1.0.11x64/lib/cmake/CoACD/CoACDConfig.cmake,local_only_file,preserved_local,,,,True
thirdparty/Windows/CoACD1.0.11x64/lib/cmake/CoACD/CoACDTargets-debug.cmake,local_only_file,preserved_local,,,,True
thirdparty/Windows/CoACD1.0.11x64/lib/cmake/CoACD/CoACDTargets-release.cmake,local_only_file,preserved_local,,,,True
thirdparty/Windows/CoACD1.0.11x64/lib/cmake/CoACD/CoACDTargets.cmake,local_only_file,preserved_local,,,,True
thirdparty/Windows/CoACD1.0.11x64/lib/coacd_static.lib,local_only_file,preserved_local,,,,True
thirdparty/Windows/FindCoACD_3rdParty.cmake,local_only_file,preserved_local,,,,True
thirdparty/Windows/Findfreeglut_3rdParty.cmake,local_only_file,preserved_local,,,,True
thirdparty/Windows/Findglew_3rdParty.cmake,local_only_file,preserved_local,,,,True
thirdparty/Windows/Findglfw_3rdParty.cmake,local_only_file,preserved_local,,,,True
thirdparty/Windows/Findpinocchio_3rdParty.cmake,local_only_file,preserved_local,,,,True
thirdparty/Windows/VerificationDeveloperKit-1.0.0/Examples/EmbeddedLicenseClient/CMakeLists.txt,local_only_file,preserved_local,,,,True
thirdparty/Windows/VerificationDeveloperKit-1.0.0/Examples/EmbeddedLicenseClient/main.cpp,local_only_file,preserved_local,,,,True
thirdparty/Windows/VerificationDeveloperKit-1.0.0/Examples/PackageSmokeTest/CMakeLists.txt,local_only_file,preserved_local,,,,True
thirdparty/Windows/VerificationDeveloperKit-1.0.0/Examples/PackageSmokeTest/main.cpp,local_only_file,preserved_local,,,,True
thirdparty/Windows/VerificationDeveloperKit-1.0.0/README.md,local_only_file,preserved_local,,,,True
thirdparty/Windows/VerificationDeveloperKit-1.0.0/Tools/InfoCollection/Release/InfoCollection_rx64.exe,local_only_file,preserved_local,,,,True
thirdparty/Windows/VerificationDeveloperKit-1.0.0/Tools/VerificationLicenseCheck/Release/VerificationLicenseCheck_rx64.exe,local_only_file,preserved_local,,,,True
thirdparty/Windows/VerificationDeveloperKit-1.0.0/docs/CMakeGUI生成套件说明.md,local_only_file,preserved_local,,,,True
thirdparty/Windows/VerificationDeveloperKit-1.0.0/docs/InfoCollection使用说明.md,local_only_file,preserved_local,,,,True
thirdparty/Windows/VerificationDeveloperKit-1.0.0/docs/发布内容与安全边界.md,local_only_file,preserved_local,,,,True
thirdparty/Windows/VerificationDeveloperKit-1.0.0/docs/快速接入.md,local_only_file,preserved_local,,,,True
thirdparty/Windows/VerificationDeveloperKit-1.0.0/include/LicenseSystem/LicenseClient.h,local_only_file,preserved_local,,,,True
thirdparty/Windows/VerificationDeveloperKit-1.0.0/include/LicenseSystem/LicenseTypes.h,local_only_file,preserved_local,,,,True
thirdparty/Windows/VerificationDeveloperKit-1.0.0/lib/cmake/VerificationSDK/VerificationSDKConfig.cmake,local_only_file,preserved_local,,,,True
thirdparty/Windows/VerificationDeveloperKit-1.0.0/lib/cmake/VerificationSDK/VerificationSDKConfigVersion.cmake,local_only_file,preserved_local,,,,True
thirdparty/Windows/VerificationDeveloperKit-1.0.0/lib/windows-x64-msvc/Debug/VerificationEncryption.lib,local_only_file,preserved_local,,,,True
thirdparty/Windows/VerificationDeveloperKit-1.0.0/lib/windows-x64-msvc/Debug/VerificationHardwareInfo.lib,local_only_file,preserved_local,,,,True
thirdparty/Windows/VerificationDeveloperKit-1.0.0/lib/windows-x64-msvc/Debug/VerificationIdGenerator.lib,local_only_file,preserved_local,,,,True
thirdparty/Windows/VerificationDeveloperKit-1.0.0/lib/windows-x64-msvc/Debug/VerificationLicense.lib,local_only_file,preserved_local,,,,True
thirdparty/Windows/VerificationDeveloperKit-1.0.0/lib/windows-x64-msvc/Debug/VerificationLicenseSDK.lib,local_only_file,preserved_local,,,,True
thirdparty/Windows/VerificationDeveloperKit-1.0.0/lib/windows-x64-msvc/Debug/VerificationOpenSSLCrypto.lib,local_only_file,preserved_local,,,,True
thirdparty/Windows/VerificationDeveloperKit-1.0.0/lib/windows-x64-msvc/Release/VerificationEncryption.lib,local_only_file,preserved_local,,,,True
thirdparty/Windows/VerificationDeveloperKit-1.0.0/lib/windows-x64-msvc/Release/VerificationHardwareInfo.lib,local_only_file,preserved_local,,,,True
thirdparty/Windows/VerificationDeveloperKit-1.0.0/lib/windows-x64-msvc/Release/VerificationIdGenerator.lib,local_only_file,preserved_local,,,,True
thirdparty/Windows/VerificationDeveloperKit-1.0.0/lib/windows-x64-msvc/Release/VerificationLicense.lib,local_only_file,preserved_local,,,,True
thirdparty/Windows/VerificationDeveloperKit-1.0.0/lib/windows-x64-msvc/Release/VerificationLicenseSDK.lib,local_only_file,preserved_local,,,,True
thirdparty/Windows/VerificationDeveloperKit-1.0.0/lib/windows-x64-msvc/Release/VerificationOpenSSLCrypto.lib,local_only_file,preserved_local,,,,True
thirdparty/Windows/VerificationDeveloperKit-1.0.0/licenses/README.md,local_only_file,preserved_local,,,,True
thirdparty/Windows/VerificationDeveloperKit-1.0.0/manifest.json,local_only_file,preserved_local,,,,True
thirdparty/Windows/freeglut322x64/bin/freeglut.dll,local_only_file,preserved_local,,,,True
thirdparty/Windows/freeglut322x64/bin/freeglutd.dll,local_only_file,preserved_local,,,,True
thirdparty/Windows/freeglut322x64/bin/freeglutd.pdb,local_only_file,preserved_local,,,,True
thirdparty/Windows/freeglut322x64/include/GL/freeglut.h,local_only_file,preserved_local,,,,True
thirdparty/Windows/freeglut322x64/include/GL/freeglut_ext.h,local_only_file,preserved_local,,,,True
thirdparty/Windows/freeglut322x64/include/GL/freeglut_std.h,local_only_file,preserved_local,,,,True
thirdparty/Windows/freeglut322x64/include/GL/freeglut_ucall.h,local_only_file,preserved_local,,,,True
thirdparty/Windows/freeglut322x64/lib/cmake/FreeGLUT/FreeGLUTConfig.cmake,local_only_file,preserved_local,,,,True
thirdparty/Windows/freeglut322x64/lib/cmake/FreeGLUT/FreeGLUTConfigVersion.cmake,local_only_file,preserved_local,,,,True
thirdparty/Windows/freeglut322x64/lib/cmake/FreeGLUT/FreeGLUTTargets-debug.cmake,local_only_file,preserved_local,,,,True
thirdparty/Windows/freeglut322x64/lib/cmake/FreeGLUT/FreeGLUTTargets-release.cmake,local_only_file,preserved_local,,,,True
thirdparty/Windows/freeglut322x64/lib/cmake/FreeGLUT/FreeGLUTTargets.cmake,local_only_file,preserved_local,,,,True
thirdparty/Windows/freeglut322x64/lib/freeglut.lib,local_only_file,preserved_local,,,,True
thirdparty/Windows/freeglut322x64/lib/freeglut_static.lib,local_only_file,preserved_local,,,,True
thirdparty/Windows/freeglut322x64/lib/freeglut_staticd.lib,local_only_file,preserved_local,,,,True
thirdparty/Windows/freeglut322x64/lib/freeglutd.lib,local_only_file,preserved_local,,,,True
thirdparty/Windows/freeglut322x64/lib/pkgconfig/freeglut.pc,local_only_file,preserved_local,,,,True
thirdparty/Windows/glew220x64/bin/glew32.dll,local_only_file,preserved_local,,,,True
thirdparty/Windows/glew220x64/bin/glew32d.dll,local_only_file,preserved_local,,,,True
thirdparty/Windows/glew220x64/bin/glewinfo.exe,local_only_file,preserved_local,,,,True
thirdparty/Windows/glew220x64/bin/visualinfo.exe,local_only_file,preserved_local,,,,True
thirdparty/Windows/glew220x64/include/GL/glew.h,local_only_file,preserved_local,,,,True
thirdparty/Windows/glew220x64/include/GL/glxew.h,local_only_file,preserved_local,,,,True
thirdparty/Windows/glew220x64/include/GL/wglew.h,local_only_file,preserved_local,,,,True
thirdparty/Windows/glew220x64/lib/cmake/glew/CopyImportedTargetProperties.cmake,local_only_file,preserved_local,,,,True
thirdparty/Windows/glew220x64/lib/cmake/glew/glew-config.cmake,local_only_file,preserved_local,,,,True
thirdparty/Windows/glew220x64/lib/cmake/glew/glew-targets-debug.cmake,local_only_file,preserved_local,,,,True
thirdparty/Windows/glew220x64/lib/cmake/glew/glew-targets-release.cmake,local_only_file,preserved_local,,,,True
thirdparty/Windows/glew220x64/lib/cmake/glew/glew-targets.cmake,local_only_file,preserved_local,,,,True
thirdparty/Windows/glew220x64/lib/glew32.lib,local_only_file,preserved_local,,,,True
thirdparty/Windows/glew220x64/lib/glew32d.lib,local_only_file,preserved_local,,,,True
thirdparty/Windows/glew220x64/lib/glew32d.pdb,local_only_file,preserved_local,,,,True
thirdparty/Windows/glew220x64/lib/libglew32.lib,local_only_file,preserved_local,,,,True
thirdparty/Windows/glew220x64/lib/libglew32d.lib,local_only_file,preserved_local,,,,True
thirdparty/Windows/glew220x64/lib/pkgconfig/glew.pc,local_only_file,preserved_local,,,,True
thirdparty/Windows/glfw337x64/include/GLFW/glfw3.h,local_only_file,preserved_local,,,,True
thirdparty/Windows/glfw337x64/include/GLFW/glfw3native.h,local_only_file,preserved_local,,,,True
thirdparty/Windows/glfw337x64/lib/cmake/glfw3/glfw3Config.cmake,local_only_file,preserved_local,,,,True
thirdparty/Windows/glfw337x64/lib/cmake/glfw3/glfw3ConfigVersion.cmake,local_only_file,preserved_local,,,,True
thirdparty/Windows/glfw337x64/lib/cmake/glfw3/glfw3Targets-debug.cmake,local_only_file,preserved_local,,,,True
thirdparty/Windows/glfw337x64/lib/cmake/glfw3/glfw3Targets-release.cmake,local_only_file,preserved_local,,,,True
thirdparty/Windows/glfw337x64/lib/cmake/glfw3/glfw3Targets.cmake,local_only_file,preserved_local,,,,True
thirdparty/Windows/glfw337x64/lib/glfw3.lib,local_only_file,preserved_local,,,,True
thirdparty/Windows/glfw337x64/lib/glfw3d.lib,local_only_file,preserved_local,,,,True
thirdparty/Windows/glfw337x64/lib/pkgconfig/glfw3.pc,local_only_file,preserved_local,,,,True
thirdparty/Windows/pinocchio_install/bin/pinocchio-d.dll,local_only_file,preserved_local,,,,True
thirdparty/Windows/pinocchio_install/bin/pinocchio.dll,local_only_file,preserved_local,,,,True
thirdparty/Windows/pinocchio_install/deps/console_bridge_install/CMake/console_bridge-config-version.cmake,local_only_file,preserved_local,,,,True
thirdparty/Windows/pinocchio_install/deps/console_bridge_install/CMake/console_bridge-config.cmake,local_only_file,preserved_local,,,,True
thirdparty/Windows/pinocchio_install/deps/console_bridge_install/CMake/console_bridge-targets-debug.cmake,local_only_file,preserved_local,,,,True
thirdparty/Windows/pinocchio_install/deps/console_bridge_install/CMake/console_bridge-targets-release.cmake,local_only_file,preserved_local,,,,True
thirdparty/Windows/pinocchio_install/deps/console_bridge_install/CMake/console_bridge-targets.cmake,local_only_file,preserved_local,,,,True
thirdparty/Windows/pinocchio_install/deps/console_bridge_install/bin/console_bridge-d.dll,local_only_file,preserved_local,,,,True
thirdparty/Windows/pinocchio_install/deps/console_bridge_install/bin/console_bridge.dll,local_only_file,preserved_local,,,,True
thirdparty/Windows/pinocchio_install/deps/console_bridge_install/include/console_bridge/console.h,local_only_file,preserved_local,,,,True
thirdparty/Windows/pinocchio_install/deps/console_bridge_install/include/console_bridge/console_bridge_export.h,local_only_file,preserved_local,,,,True
thirdparty/Windows/pinocchio_install/deps/console_bridge_install/lib/console_bridge-d.lib,local_only_file,preserved_local,,,,True
thirdparty/Windows/pinocchio_install/deps/console_bridge_install/lib/console_bridge.lib,local_only_file,preserved_local,,,,True
thirdparty/Windows/pinocchio_install/deps/console_bridge_install/lib/pkgconfig/console_bridge.pc,local_only_file,preserved_local,,,,True
thirdparty/Windows/pinocchio_install/deps/urdfdom_headers_install/CMake/urdfdom_headers-config-version.cmake,local_only_file,preserved_local,,,,True
thirdparty/Windows/pinocchio_install/deps/urdfdom_headers_install/CMake/urdfdom_headers-config.cmake,local_only_file,preserved_local,,,,True
thirdparty/Windows/pinocchio_install/deps/urdfdom_headers_install/CMake/urdfdom_headersExport.cmake,local_only_file,preserved_local,,,,True
thirdparty/Windows/pinocchio_install/deps/urdfdom_headers_install/include/urdfdom_headers/urdf_exception/exception.h,local_only_file,preserved_local,,,,True
thirdparty/Windows/pinocchio_install/deps/urdfdom_headers_install/include/urdfdom_headers/urdf_model/color.h,local_only_file,preserved_local,,,,True
thirdparty/Windows/pinocchio_install/deps/urdfdom_headers_install/include/urdfdom_headers/urdf_model/joint.h,local_only_file,preserved_local,,,,True
thirdparty/Windows/pinocchio_install/deps/urdfdom_headers_install/include/urdfdom_headers/urdf_model/link.h,local_only_file,preserved_local,,,,True
thirdparty/Windows/pinocchio_install/deps/urdfdom_headers_install/include/urdfdom_headers/urdf_model/model.h,local_only_file,preserved_local,,,,True
thirdparty/Windows/pinocchio_install/deps/urdfdom_headers_install/include/urdfdom_headers/urdf_model/pose.h,local_only_file,preserved_local,,,,True
thirdparty/Windows/pinocchio_install/deps/urdfdom_headers_install/include/urdfdom_headers/urdf_model/twist.h,local_only_file,preserved_local,,,,True
thirdparty/Windows/pinocchio_install/deps/urdfdom_headers_install/include/urdfdom_headers/urdf_model/types.h,local_only_file,preserved_local,,,,True
thirdparty/Windows/pinocchio_install/deps/urdfdom_headers_install/include/urdfdom_headers/urdf_model/utils.h,local_only_file,preserved_local,,,,True
thirdparty/Windows/pinocchio_install/deps/urdfdom_headers_install/include/urdfdom_headers/urdf_model_state/model_state.h,local_only_file,preserved_local,,,,True
thirdparty/Windows/pinocchio_install/deps/urdfdom_headers_install/include/urdfdom_headers/urdf_model_state/twist.h,local_only_file,preserved_local,,,,True
thirdparty/Windows/pinocchio_install/deps/urdfdom_headers_install/include/urdfdom_headers/urdf_model_state/types.h,local_only_file,preserved_local,,,,True
thirdparty/Windows/pinocchio_install/deps/urdfdom_headers_install/include/urdfdom_headers/urdf_sensor/sensor.h,local_only_file,preserved_local,,,,True
thirdparty/Windows/pinocchio_install/deps/urdfdom_headers_install/include/urdfdom_headers/urdf_sensor/types.h,local_only_file,preserved_local,,,,True
thirdparty/Windows/pinocchio_install/deps/urdfdom_headers_install/include/urdfdom_headers/urdf_world/types.h,local_only_file,preserved_local,,,,True
thirdparty/Windows/pinocchio_install/deps/urdfdom_headers_install/include/urdfdom_headers/urdf_world/world.h,local_only_file,preserved_local,,,,True
thirdparty/Windows/pinocchio_install/deps/urdfdom_headers_install/lib/pkgconfig/urdfdom_headers.pc,local_only_file,preserved_local,,,,True
thirdparty/Windows/pinocchio_install/deps/urdfdom_install/bin/check_urdf.exe,local_only_file,preserved_local,,,,True
thirdparty/Windows/pinocchio_install/deps/urdfdom_install/bin/urdf_mem_test.exe,local_only_file,preserved_local,,,,True
thirdparty/Windows/pinocchio_install/deps/urdfdom_install/bin/urdf_to_graphiz.exe,local_only_file,preserved_local,,,,True
thirdparty/Windows/pinocchio_install/deps/urdfdom_install/bin/urdf_to_graphviz.exe,local_only_file,preserved_local,,,,True
thirdparty/Windows/pinocchio_install/deps/urdfdom_install/bin/urdfdom_model-d.dll,local_only_file,preserved_local,,,,True
thirdparty/Windows/pinocchio_install/deps/urdfdom_install/bin/urdfdom_model.dll,local_only_file,preserved_local,,,,True
thirdparty/Windows/pinocchio_install/deps/urdfdom_install/bin/urdfdom_model_state-d.dll,local_only_file,preserved_local,,,,True
thirdparty/Windows/pinocchio_install/deps/urdfdom_install/bin/urdfdom_model_state.dll,local_only_file,preserved_local,,,,True
thirdparty/Windows/pinocchio_install/deps/urdfdom_install/bin/urdfdom_sensor-d.dll,local_only_file,preserved_local,,,,True
thirdparty/Windows/pinocchio_install/deps/urdfdom_install/bin/urdfdom_sensor.dll,local_only_file,preserved_local,,,,True
thirdparty/Windows/pinocchio_install/deps/urdfdom_install/bin/urdfdom_world-d.dll,local_only_file,preserved_local,,,,True
thirdparty/Windows/pinocchio_install/deps/urdfdom_install/bin/urdfdom_world.dll,local_only_file,preserved_local,,,,True
thirdparty/Windows/pinocchio_install/deps/urdfdom_install/include/urdfdom/urdf_parser/exportdecl.h,local_only_file,preserved_local,,,,True
thirdparty/Windows/pinocchio_install/deps/urdfdom_install/include/urdfdom/urdf_parser/urdf_parser.h,local_only_file,preserved_local,,,,True
thirdparty/Windows/pinocchio_install/deps/urdfdom_install/lib/pkgconfig/urdfdom.pc,local_only_file,preserved_local,,,,True
thirdparty/Windows/pinocchio_install/deps/urdfdom_install/lib/urdfdom/cmake/urdfdom-config.cmake,local_only_file,preserved_local,,,,True
thirdparty/Windows/pinocchio_install/deps/urdfdom_install/lib/urdfdom/cmake/urdfdom-configVersion.cmake,local_only_file,preserved_local,,,,True
thirdparty/Windows/pinocchio_install/deps/urdfdom_install/lib/urdfdom/cmake/urdfdomExport-debug.cmake,local_only_file,preserved_local,,,,True
thirdparty/Windows/pinocchio_install/deps/urdfdom_install/lib/urdfdom/cmake/urdfdomExport-release.cmake,local_only_file,preserved_local,,,,True
thirdparty/Windows/pinocchio_install/deps/urdfdom_install/lib/urdfdom/cmake/urdfdomExport.cmake,local_only_file,preserved_local,,,,True
thirdparty/Windows/pinocchio_install/deps/urdfdom_install/lib/urdfdom_model-d.lib,local_only_file,preserved_local,,,,True
thirdparty/Windows/pinocchio_install/deps/urdfdom_install/lib/urdfdom_model.lib,local_only_file,preserved_local,,,,True
thirdparty/Windows/pinocchio_install/deps/urdfdom_install/lib/urdfdom_model_state-d.lib,local_only_file,preserved_local,,,,True
thirdparty/Windows/pinocchio_install/deps/urdfdom_install/lib/urdfdom_model_state.lib,local_only_file,preserved_local,,,,True
thirdparty/Windows/pinocchio_install/deps/urdfdom_install/lib/urdfdom_sensor-d.lib,local_only_file,preserved_local,,,,True
thirdparty/Windows/pinocchio_install/deps/urdfdom_install/lib/urdfdom_sensor.lib,local_only_file,preserved_local,,,,True
thirdparty/Windows/pinocchio_install/deps/urdfdom_install/lib/urdfdom_world-d.lib,local_only_file,preserved_local,,,,True
thirdparty/Windows/pinocchio_install/deps/urdfdom_install/lib/urdfdom_world.lib,local_only_file,preserved_local,,,,True
thirdparty/Windows/pinocchio_install/deps/urdfdom_install/share/urdfdom/package.xml,local_only_file,preserved_local,,,,True
thirdparty/Windows/pinocchio_install/include/pinocchio/algorithm/aba-derivatives.hpp,local_only_file,preserved_local,,,,True
thirdparty/Windows/pinocchio_install/include/pinocchio/algorithm/aba-derivatives.hxx,local_only_file,preserved_local,,,,True
thirdparty/Windows/pinocchio_install/include/pinocchio/algorithm/aba.hpp,local_only_file,preserved_local,,,,True
thirdparty/Windows/pinocchio_install/include/pinocchio/algorithm/aba.hxx,local_only_file,preserved_local,,,,True
thirdparty/Windows/pinocchio_install/include/pinocchio/algorithm/center-of-mass-derivatives.hpp,local_only_file,preserved_local,,,,True
thirdparty/Windows/pinocchio_install/include/pinocchio/algorithm/center-of-mass-derivatives.hxx,local_only_file,preserved_local,,,,True
thirdparty/Windows/pinocchio_install/include/pinocchio/algorithm/center-of-mass.hpp,local_only_file,preserved_local,,,,True
thirdparty/Windows/pinocchio_install/include/pinocchio/algorithm/center-of-mass.hxx,local_only_file,preserved_local,,,,True
thirdparty/Windows/pinocchio_install/include/pinocchio/algorithm/centroidal-derivatives.hpp,local_only_file,preserved_local,,,,True
thirdparty/Windows/pinocchio_install/include/pinocchio/algorithm/centroidal-derivatives.hxx,local_only_file,preserved_local,,,,True
thirdparty/Windows/pinocchio_install/include/pinocchio/algorithm/centroidal.hpp,local_only_file,preserved_local,,,,True
thirdparty/Windows/pinocchio_install/include/pinocchio/algorithm/centroidal.hxx,local_only_file,preserved_local,,,,True
thirdparty/Windows/pinocchio_install/include/pinocchio/algorithm/check.hpp,local_only_file,preserved_local,,,,True
thirdparty/Windows/pinocchio_install/include/pinocchio/algorithm/check.hxx,local_only_file,preserved_local,,,,True
thirdparty/Windows/pinocchio_install/include/pinocchio/algorithm/cholesky.hpp,local_only_file,preserved_local,,,,True
thirdparty/Windows/pinocchio_install/include/pinocchio/algorithm/cholesky.hxx,local_only_file,preserved_local,,,,True
thirdparty/Windows/pinocchio_install/include/pinocchio/algorithm/compute-all-terms.hpp,local_only_file,preserved_local,,,,True
thirdparty/Windows/pinocchio_install/include/pinocchio/algorithm/compute-all-terms.hxx,local_only_file,preserved_local,,,,True
thirdparty/Windows/pinocchio_install/include/pinocchio/algorithm/contact-dynamics.hpp,local_only_file,preserved_local,,,,True
thirdparty/Windows/pinocchio_install/include/pinocchio/algorithm/contact-dynamics.hxx,local_only_file,preserved_local,,,,True
thirdparty/Windows/pinocchio_install/include/pinocchio/algorithm/copy.hpp,local_only_file,preserved_local,,,,True
thirdparty/Windows/pinocchio_install/include/pinocchio/algorithm/crba.hpp,local_only_file,preserved_local,,,,True
thirdparty/Windows/pinocchio_install/include/pinocchio/algorithm/crba.hxx,local_only_file,preserved_local,,,,True
thirdparty/Windows/pinocchio_install/include/pinocchio/algorithm/default-check.hpp,local_only_file,preserved_local,,,,True
thirdparty/Windows/pinocchio_install/include/pinocchio/algorithm/dynamics.hpp,local_only_file,preserved_local,,,,True
thirdparty/Windows/pinocchio_install/include/pinocchio/algorithm/energy.hpp,local_only_file,preserved_local,,,,True
thirdparty/Windows/pinocchio_install/include/pinocchio/algorithm/energy.hxx,local_only_file,preserved_local,,,,True
thirdparty/Windows/pinocchio_install/include/pinocchio/algorithm/frames-derivatives.hpp,local_only_file,preserved_local,,,,True
thirdparty/Windows/pinocchio_install/include/pinocchio/algorithm/frames-derivatives.hxx,local_only_file,preserved_local,,,,True
thirdparty/Windows/pinocchio_install/include/pinocchio/algorithm/frames.hpp,local_only_file,preserved_local,,,,True
thirdparty/Windows/pinocchio_install/include/pinocchio/algorithm/frames.hxx,local_only_file,preserved_local,,,,True
thirdparty/Windows/pinocchio_install/include/pinocchio/algorithm/geometry.hpp,local_only_file,preserved_local,,,,True
thirdparty/Windows/pinocchio_install/include/pinocchio/algorithm/geometry.hxx,local_only_file,preserved_local,,,,True
thirdparty/Windows/pinocchio_install/include/pinocchio/algorithm/jacobian.hpp,local_only_file,preserved_local,,,,True
thirdparty/Windows/pinocchio_install/include/pinocchio/algorithm/jacobian.hxx,local_only_file,preserved_local,,,,True
thirdparty/Windows/pinocchio_install/include/pinocchio/algorithm/joint-configuration.hpp,local_only_file,preserved_local,,,,True
thirdparty/Windows/pinocchio_install/include/pinocchio/algorithm/joint-configuration.hxx,local_only_file,preserved_local,,,,True
thirdparty/Windows/pinocchio_install/include/pinocchio/algorithm/kinematics-derivatives.hpp,local_only_file,preserved_local,,,,True
thirdparty/Windows/pinocchio_install/include/pinocchio/algorithm/kinematics-derivatives.hxx,local_only_file,preserved_local,,,,True
thirdparty/Windows/pinocchio_install/include/pinocchio/algorithm/kinematics.hpp,local_only_file,preserved_local,,,,True
thirdparty/Windows/pinocchio_install/include/pinocchio/algorithm/kinematics.hxx,local_only_file,preserved_local,,,,True
thirdparty/Windows/pinocchio_install/include/pinocchio/algorithm/model.hpp,local_only_file,preserved_local,,,,True
thirdparty/Windows/pinocchio_install/include/pinocchio/algorithm/model.hxx,local_only_file,preserved_local,,,,True
thirdparty/Windows/pinocchio_install/include/pinocchio/algorithm/parallel/aba.hpp,local_only_file,preserved_local,,,,True
thirdparty/Windows/pinocchio_install/include/pinocchio/algorithm/parallel/geometry.hpp,local_only_file,preserved_local,,,,True
thirdparty/Windows/pinocchio_install/include/pinocchio/algorithm/parallel/rnea.hpp,local_only_file,preserved_local,,,,True
thirdparty/Windows/pinocchio_install/include/pinocchio/algorithm/regressor.hpp,local_only_file,preserved_local,,,,True
thirdparty/Windows/pinocchio_install/include/pinocchio/algorithm/regressor.hxx,local_only_file,preserved_local,,,,True
thirdparty/Windows/pinocchio_install/include/pinocchio/algorithm/rnea-derivatives.hpp,local_only_file,preserved_local,,,,True
thirdparty/Windows/pinocchio_install/include/pinocchio/algorithm/rnea-derivatives.hxx,local_only_file,preserved_local,,,,True
thirdparty/Windows/pinocchio_install/include/pinocchio/algorithm/rnea-second-order-derivatives.hpp,local_only_file,preserved_local,,,,True
thirdparty/Windows/pinocchio_install/include/pinocchio/algorithm/rnea-second-order-derivatives.hxx,local_only_file,preserved_local,,,,True
thirdparty/Windows/pinocchio_install/include/pinocchio/algorithm/rnea.hpp,local_only_file,preserved_local,,,,True
thirdparty/Windows/pinocchio_install/include/pinocchio/algorithm/rnea.hxx,local_only_file,preserved_local,,,,True
thirdparty/Windows/pinocchio_install/include/pinocchio/autodiff/casadi.hpp,local_only_file,preserved_local,,,,True
thirdparty/Windows/pinocchio_install/include/pinocchio/autodiff/casadi/math/matrix.hpp,local_only_file,preserved_local,,,,True
thirdparty/Windows/pinocchio_install/include/pinocchio/autodiff/casadi/math/quaternion.hpp,local_only_file,preserved_local,,,,True
thirdparty/Windows/pinocchio_install/include/pinocchio/autodiff/casadi/spatial/se3-tpl.hpp,local_only_file,preserved_local,,,,True
thirdparty/Windows/pinocchio_install/include/pinocchio/autodiff/casadi/utils/static-if.hpp,local_only_file,preserved_local,,,,True
thirdparty/Windows/pinocchio_install/include/pinocchio/autodiff/cppad.hpp,local_only_file,preserved_local,,,,True
thirdparty/Windows/pinocchio_install/include/pinocchio/autodiff/cppad/algorithm/aba.hpp,local_only_file,preserved_local,,,,True
thirdparty/Windows/pinocchio_install/include/pinocchio/autodiff/cppad/math/eigen_plugin.hpp,local_only_file,preserved_local,,,,True
thirdparty/Windows/pinocchio_install/include/pinocchio/autodiff/cppad/math/quaternion.hpp,local_only_file,preserved_local,,,,True
thirdparty/Windows/pinocchio_install/include/pinocchio/autodiff/cppad/spatial/log.hxx,local_only_file,preserved_local,,,,True
thirdparty/Windows/pinocchio_install/include/pinocchio/autodiff/cppad/spatial/se3-tpl.hpp,local_only_file,preserved_local,,,,True
thirdparty/Windows/pinocchio_install/include/pinocchio/autodiff/cppad/utils/static-if.hpp,local_only_file,preserved_local,,,,True
thirdparty/Windows/pinocchio_install/include/pinocchio/codegen/code-generator-algo.hpp,local_only_file,preserved_local,,,,True
thirdparty/Windows/pinocchio_install/include/pinocchio/codegen/code-generator-base.hpp,local_only_file,preserved_local,,,,True
thirdparty/Windows/pinocchio_install/include/pinocchio/codegen/cppadcg.hpp,local_only_file,preserved_local,,,,True
thirdparty/Windows/pinocchio_install/include/pinocchio/config.hpp,local_only_file,preserved_local,,,,True
thirdparty/Windows/pinocchio_install/include/pinocchio/container/aligned-vector.hpp,local_only_file,preserved_local,,,,True
thirdparty/Windows/pinocchio_install/include/pinocchio/container/boost-container-limits.hpp,local_only_file,preserved_local,,,,True
thirdparty/Windows/pinocchio_install/include/pinocchio/core/binary-op.hpp,local_only_file,preserved_local,,,,True
thirdparty/Windows/pinocchio_install/include/pinocchio/core/unary-op.hpp,local_only_file,preserved_local,,,,True
thirdparty/Windows/pinocchio_install/include/pinocchio/deprecated-macros.hpp,local_only_file,preserved_local,,,,True
thirdparty/Windows/pinocchio_install/include/pinocchio/deprecated-namespaces.hpp,local_only_file,preserved_local,,,,True
thirdparty/Windows/pinocchio_install/include/pinocchio/deprecated.hpp,local_only_file,preserved_local,,,,True
thirdparty/Windows/pinocchio_install/include/pinocchio/deprecation.hpp,local_only_file,preserved_local,,,,True
thirdparty/Windows/pinocchio_install/include/pinocchio/eigen-macros.hpp,local_only_file,preserved_local,,,,True
thirdparty/Windows/pinocchio_install/include/pinocchio/fwd.hpp,local_only_file,preserved_local,,,,True
thirdparty/Windows/pinocchio_install/include/pinocchio/macros.hpp,local_only_file,preserved_local,,,,True
thirdparty/Windows/pinocchio_install/include/pinocchio/math/casadi.hpp,local_only_file,preserved_local,,,,True
thirdparty/Windows/pinocchio_install/include/pinocchio/math/comparison-operators.hpp,local_only_file,preserved_local,,,,True
thirdparty/Windows/pinocchio_install/include/pinocchio/math/cppad.hpp,local_only_file,preserved_local,,,,True
thirdparty/Windows/pinocchio_install/include/pinocchio/math/cppadcg.hpp,local_only_file,preserved_local,,,,True
thirdparty/Windows/pinocchio_install/include/pinocchio/math/fwd.hpp,local_only_file,preserved_local,,,,True
thirdparty/Windows/pinocchio_install/include/pinocchio/math/matrix-block.hpp,local_only_file,preserved_local,,,,True
thirdparty/Windows/pinocchio_install/include/pinocchio/math/matrix.hpp,local_only_file,preserved_local,,,,True
thirdparty/Windows/pinocchio_install/include/pinocchio/math/multiprecision-mpfr.hpp,local_only_file,preserved_local,,,,True
thirdparty/Windows/pinocchio_install/include/pinocchio/math/multiprecision.hpp,local_only_file,preserved_local,,,,True
thirdparty/Windows/pinocchio_install/include/pinocchio/math/quaternion.hpp,local_only_file,preserved_local,,,,True
thirdparty/Windows/pinocchio_install/include/pinocchio/math/rotation.hpp,local_only_file,preserved_local,,,,True
thirdparty/Windows/pinocchio_install/include/pinocchio/math/rpy.hpp,local_only_file,preserved_local,,,,True
thirdparty/Windows/pinocchio_install/include/pinocchio/math/rpy.hxx,local_only_file,preserved_local,,,,True
thirdparty/Windows/pinocchio_install/include/pinocchio/math/sign.hpp,local_only_file,preserved_local,,,,True
thirdparty/Windows/pinocchio_install/include/pinocchio/math/sincos.hpp,local_only_file,preserved_local,,,,True
thirdparty/Windows/pinocchio_install/include/pinocchio/math/taylor-expansion.hpp,local_only_file,preserved_local,,,,True
thirdparty/Windows/pinocchio_install/include/pinocchio/math/tensor.hpp,local_only_file,preserved_local,,,,True
thirdparty/Windows/pinocchio_install/include/pinocchio/multibody/constraint-base.hpp,local_only_file,preserved_local,,,,True
thirdparty/Windows/pinocchio_install/include/pinocchio/multibody/constraint-generic.hpp,local_only_file,preserved_local,,,,True
thirdparty/Windows/pinocchio_install/include/pinocchio/multibody/constraint.hpp,local_only_file,preserved_local,,,,True
thirdparty/Windows/pinocchio_install/include/pinocchio/multibody/data.hpp,local_only_file,preserved_local,,,,True
thirdparty/Windows/pinocchio_install/include/pinocchio/multibody/data.hxx,local_only_file,preserved_local,,,,True
thirdparty/Windows/pinocchio_install/include/pinocchio/multibody/fcl.hpp,local_only_file,preserved_local,,,,True
thirdparty/Windows/pinocchio_install/include/pinocchio/multibody/fcl.hxx,local_only_file,preserved_local,,,,True
thirdparty/Windows/pinocchio_install/include/pinocchio/multibody/force-set.hpp,local_only_file,preserved_local,,,,True
thirdparty/Windows/pinocchio_install/include/pinocchio/multibody/frame.hpp,local_only_file,preserved_local,,,,True
thirdparty/Windows/pinocchio_install/include/pinocchio/multibody/fwd.hpp,local_only_file,preserved_local,,,,True
thirdparty/Windows/pinocchio_install/include/pinocchio/multibody/geometry.hpp,local_only_file,preserved_local,,,,True
thirdparty/Windows/pinocchio_install/include/pinocchio/multibody/geometry.hxx,local_only_file,preserved_local,,,,True
thirdparty/Windows/pinocchio_install/include/pinocchio/multibody/joint/fwd.hpp,local_only_file,preserved_local,,,,True
thirdparty/Windows/pinocchio_install/include/pinocchio/multibody/joint/joint-base.hpp,local_only_file,preserved_local,,,,True
thirdparty/Windows/pinocchio_install/include/pinocchio/multibody/joint/joint-basic-visitors.hpp,local_only_file,preserved_local,,,,True
thirdparty/Windows/pinocchio_install/include/pinocchio/multibody/joint/joint-basic-visitors.hxx,local_only_file,preserved_local,,,,True
thirdparty/Windows/pinocchio_install/include/pinocchio/multibody/joint/joint-collection.hpp,local_only_file,preserved_local,,,,True
thirdparty/Windows/pinocchio_install/include/pinocchio/multibody/joint/joint-common-operations.hpp,local_only_file,preserved_local,,,,True
thirdparty/Windows/pinocchio_install/include/pinocchio/multibody/joint/joint-composite.hpp,local_only_file,preserved_local,,,,True
thirdparty/Windows/pinocchio_install/include/pinocchio/multibody/joint/joint-composite.hxx,local_only_file,preserved_local,,,,True
thirdparty/Windows/pinocchio_install/include/pinocchio/multibody/joint/joint-data-base.hpp,local_only_file,preserved_local,,,,True
thirdparty/Windows/pinocchio_install/include/pinocchio/multibody/joint/joint-free-flyer.hpp,local_only_file,preserved_local,,,,True
thirdparty/Windows/pinocchio_install/include/pinocchio/multibody/joint/joint-generic.hpp,local_only_file,preserved_local,,,,True
thirdparty/Windows/pinocchio_install/include/pinocchio/multibody/joint/joint-mimic.hpp,local_only_file,preserved_local,,,,True
thirdparty/Windows/pinocchio_install/include/pinocchio/multibody/joint/joint-model-base.hpp,local_only_file,preserved_local,,,,True
thirdparty/Windows/pinocchio_install/include/pinocchio/multibody/joint/joint-planar.hpp,local_only_file,preserved_local,,,,True
thirdparty/Windows/pinocchio_install/include/pinocchio/multibody/joint/joint-prismatic-unaligned.hpp,local_only_file,preserved_local,,,,True
thirdparty/Windows/pinocchio_install/include/pinocchio/multibody/joint/joint-prismatic.hpp,local_only_file,preserved_local,,,,True
thirdparty/Windows/pinocchio_install/include/pinocchio/multibody/joint/joint-revolute-unaligned.hpp,local_only_file,preserved_local,,,,True
thirdparty/Windows/pinocchio_install/include/pinocchio/multibody/joint/joint-revolute-unbounded-unaligned.hpp,local_only_file,preserved_local,,,,True
thirdparty/Windows/pinocchio_install/include/pinocchio/multibody/joint/joint-revolute-unbounded.hpp,local_only_file,preserved_local,,,,True
thirdparty/Windows/pinocchio_install/include/pinocchio/multibody/joint/joint-revolute.hpp,local_only_file,preserved_local,,,,True
thirdparty/Windows/pinocchio_install/include/pinocchio/multibody/joint/joint-spherical-ZYX.hpp,local_only_file,preserved_local,,,,True
thirdparty/Windows/pinocchio_install/include/pinocchio/multibody/joint/joint-spherical.hpp,local_only_file,preserved_local,,,,True
thirdparty/Windows/pinocchio_install/include/pinocchio/multibody/joint/joint-translation.hpp,local_only_file,preserved_local,,,,True
thirdparty/Windows/pinocchio_install/include/pinocchio/multibody/joint/joints.hpp,local_only_file,preserved_local,,,,True
thirdparty/Windows/pinocchio_install/include/pinocchio/multibody/liegroup/cartesian-product-variant.hpp,local_only_file,preserved_local,,,,True
thirdparty/Windows/pinocchio_install/include/pinocchio/multibody/liegroup/cartesian-product-variant.hxx,local_only_file,preserved_local,,,,True
thirdparty/Windows/pinocchio_install/include/pinocchio/multibody/liegroup/cartesian-product.hpp,local_only_file,preserved_local,,,,True
thirdparty/Windows/pinocchio_install/include/pinocchio/multibody/liegroup/fwd.hpp,local_only_file,preserved_local,,,,True
thirdparty/Windows/pinocchio_install/include/pinocchio/multibody/liegroup/liegroup-algo.hpp,local_only_file,preserved_local,,,,True
thirdparty/Windows/pinocchio_install/include/pinocchio/multibody/liegroup/liegroup-algo.hxx,local_only_file,preserved_local,,,,True
thirdparty/Windows/pinocchio_install/include/pinocchio/multibody/liegroup/liegroup-base.hpp,local_only_file,preserved_local,,,,True
thirdparty/Windows/pinocchio_install/include/pinocchio/multibody/liegroup/liegroup-base.hxx,local_only_file,preserved_local,,,,True
thirdparty/Windows/pinocchio_install/include/pinocchio/multibody/liegroup/liegroup-collection.hpp,local_only_file,preserved_local,,,,True
thirdparty/Windows/pinocchio_install/include/pinocchio/multibody/liegroup/liegroup-generic.hpp,local_only_file,preserved_local,,,,True
thirdparty/Windows/pinocchio_install/include/pinocchio/multibody/liegroup/liegroup-variant-visitors.hpp,local_only_file,preserved_local,,,,True
thirdparty/Windows/pinocchio_install/include/pinocchio/multibody/liegroup/liegroup-variant-visitors.hxx,local_only_file,preserved_local,,,,True
thirdparty/Windows/pinocchio_install/include/pinocchio/multibody/liegroup/liegroup.hpp,local_only_file,preserved_local,,,,True
thirdparty/Windows/pinocchio_install/include/pinocchio/multibody/liegroup/special-euclidean.hpp,local_only_file,preserved_local,,,,True
thirdparty/Windows/pinocchio_install/include/pinocchio/multibody/liegroup/special-orthogonal.hpp,local_only_file,preserved_local,,,,True
thirdparty/Windows/pinocchio_install/include/pinocchio/multibody/liegroup/vector-space.hpp,local_only_file,preserved_local,,,,True
thirdparty/Windows/pinocchio_install/include/pinocchio/multibody/model.hpp,local_only_file,preserved_local,,,,True
thirdparty/Windows/pinocchio_install/include/pinocchio/multibody/model.hxx,local_only_file,preserved_local,,,,True
thirdparty/Windows/pinocchio_install/include/pinocchio/multibody/pool/geometry.hpp,local_only_file,preserved_local,,,,True
thirdparty/Windows/pinocchio_install/include/pinocchio/multibody/pool/model.hpp,local_only_file,preserved_local,,,,True
thirdparty/Windows/pinocchio_install/include/pinocchio/multibody/visitor.hpp,local_only_file,preserved_local,,,,True
thirdparty/Windows/pinocchio_install/include/pinocchio/multibody/visitor/fusion.hpp,local_only_file,preserved_local,,,,True
thirdparty/Windows/pinocchio_install/include/pinocchio/multibody/visitor/joint-binary-visitor.hpp,local_only_file,preserved_local,,,,True
thirdparty/Windows/pinocchio_install/include/pinocchio/multibody/visitor/joint-unary-visitor.hpp,local_only_file,preserved_local,,,,True
thirdparty/Windows/pinocchio_install/include/pinocchio/parsers/sample-models.hpp,local_only_file,preserved_local,,,,True
thirdparty/Windows/pinocchio_install/include/pinocchio/parsers/sample-models.hxx,local_only_file,preserved_local,,,,True
thirdparty/Windows/pinocchio_install/include/pinocchio/parsers/srdf.hpp,local_only_file,preserved_local,,,,True
thirdparty/Windows/pinocchio_install/include/pinocchio/parsers/srdf.hxx,local_only_file,preserved_local,,,,True
thirdparty/Windows/pinocchio_install/include/pinocchio/parsers/urdf.hpp,local_only_file,preserved_local,,,,True
thirdparty/Windows/pinocchio_install/include/pinocchio/parsers/urdf/geometry.hxx,local_only_file,preserved_local,,,,True
thirdparty/Windows/pinocchio_install/include/pinocchio/parsers/urdf/model.hxx,local_only_file,preserved_local,,,,True
thirdparty/Windows/pinocchio_install/include/pinocchio/parsers/urdf/types.hpp,local_only_file,preserved_local,,,,True
thirdparty/Windows/pinocchio_install/include/pinocchio/parsers/urdf/utils.hpp,local_only_file,preserved_local,,,,True
thirdparty/Windows/pinocchio_install/include/pinocchio/parsers/utils.hpp,local_only_file,preserved_local,,,,True
thirdparty/Windows/pinocchio_install/include/pinocchio/serialization/aligned-vector.hpp,local_only_file,preserved_local,,,,True
thirdparty/Windows/pinocchio_install/include/pinocchio/serialization/archive.hpp,local_only_file,preserved_local,,,,True
thirdparty/Windows/pinocchio_install/include/pinocchio/serialization/data.hpp,local_only_file,preserved_local,,,,True
thirdparty/Windows/pinocchio_install/include/pinocchio/serialization/eigen.hpp,local_only_file,preserved_local,,,,True
thirdparty/Windows/pinocchio_install/include/pinocchio/serialization/force.hpp,local_only_file,preserved_local,,,,True
thirdparty/Windows/pinocchio_install/include/pinocchio/serialization/frame.hpp,local_only_file,preserved_local,,,,True
thirdparty/Windows/pinocchio_install/include/pinocchio/serialization/fwd.hpp,local_only_file,preserved_local,,,,True
thirdparty/Windows/pinocchio_install/include/pinocchio/serialization/geometry.hpp,local_only_file,preserved_local,,,,True
thirdparty/Windows/pinocchio_install/include/pinocchio/serialization/inertia.hpp,local_only_file,preserved_local,,,,True
thirdparty/Windows/pinocchio_install/include/pinocchio/serialization/joints-constraint.hpp,local_only_file,preserved_local,,,,True
thirdparty/Windows/pinocchio_install/include/pinocchio/serialization/joints-data.hpp,local_only_file,preserved_local,,,,True
thirdparty/Windows/pinocchio_install/include/pinocchio/serialization/joints-model.hpp,local_only_file,preserved_local,,,,True
thirdparty/Windows/pinocchio_install/include/pinocchio/serialization/joints-motion.hpp,local_only_file,preserved_local,,,,True
thirdparty/Windows/pinocchio_install/include/pinocchio/serialization/joints-transform.hpp,local_only_file,preserved_local,,,,True
thirdparty/Windows/pinocchio_install/include/pinocchio/serialization/joints.hpp,local_only_file,preserved_local,,,,True
thirdparty/Windows/pinocchio_install/include/pinocchio/serialization/model.hpp,local_only_file,preserved_local,,,,True
thirdparty/Windows/pinocchio_install/include/pinocchio/serialization/motion.hpp,local_only_file,preserved_local,,,,True
thirdparty/Windows/pinocchio_install/include/pinocchio/serialization/se3.hpp,local_only_file,preserved_local,,,,True
thirdparty/Windows/pinocchio_install/include/pinocchio/serialization/serializable.hpp,local_only_file,preserved_local,,,,True
thirdparty/Windows/pinocchio_install/include/pinocchio/serialization/spatial.hpp,local_only_file,preserved_local,,,,True
thirdparty/Windows/pinocchio_install/include/pinocchio/serialization/static-buffer.hpp,local_only_file,preserved_local,,,,True
thirdparty/Windows/pinocchio_install/include/pinocchio/serialization/symmetric3.hpp,local_only_file,preserved_local,,,,True
thirdparty/Windows/pinocchio_install/include/pinocchio/serialization/vector.hpp,local_only_file,preserved_local,,,,True
thirdparty/Windows/pinocchio_install/include/pinocchio/spatial/act-on-set.hpp,local_only_file,preserved_local,,,,True
thirdparty/Windows/pinocchio_install/include/pinocchio/spatial/act-on-set.hxx,local_only_file,preserved_local,,,,True
thirdparty/Windows/pinocchio_install/include/pinocchio/spatial/cartesian-axis.hpp,local_only_file,preserved_local,,,,True
thirdparty/Windows/pinocchio_install/include/pinocchio/spatial/explog-quaternion.hpp,local_only_file,preserved_local,,,,True
thirdparty/Windows/pinocchio_install/include/pinocchio/spatial/explog.hpp,local_only_file,preserved_local,,,,True
thirdparty/Windows/pinocchio_install/include/pinocchio/spatial/force-base.hpp,local_only_file,preserved_local,,,,True
thirdparty/Windows/pinocchio_install/include/pinocchio/spatial/force-dense.hpp,local_only_file,preserved_local,,,,True
thirdparty/Windows/pinocchio_install/include/pinocchio/spatial/force-ref.hpp,local_only_file,preserved_local,,,,True
thirdparty/Windows/pinocchio_install/include/pinocchio/spatial/force-tpl.hpp,local_only_file,preserved_local,,,,True
thirdparty/Windows/pinocchio_install/include/pinocchio/spatial/force.hpp,local_only_file,preserved_local,,,,True
thirdparty/Windows/pinocchio_install/include/pinocchio/spatial/fwd.hpp,local_only_file,preserved_local,,,,True
thirdparty/Windows/pinocchio_install/include/pinocchio/spatial/inertia.hpp,local_only_file,preserved_local,,,,True
thirdparty/Windows/pinocchio_install/include/pinocchio/spatial/log.hpp,local_only_file,preserved_local,,,,True
thirdparty/Windows/pinocchio_install/include/pinocchio/spatial/log.hxx,local_only_file,preserved_local,,,,True
thirdparty/Windows/pinocchio_install/include/pinocchio/spatial/motion-base.hpp,local_only_file,preserved_local,,,,True
thirdparty/Windows/pinocchio_install/include/pinocchio/spatial/motion-dense.hpp,local_only_file,preserved_local,,,,True
thirdparty/Windows/pinocchio_install/include/pinocchio/spatial/motion-ref.hpp,local_only_file,preserved_local,,,,True
thirdparty/Windows/pinocchio_install/include/pinocchio/spatial/motion-tpl.hpp,local_only_file,preserved_local,,,,True
thirdparty/Windows/pinocchio_install/include/pinocchio/spatial/motion-zero.hpp,local_only_file,preserved_local,,,,True
thirdparty/Windows/pinocchio_install/include/pinocchio/spatial/motion.hpp,local_only_file,preserved_local,,,,True
thirdparty/Windows/pinocchio_install/include/pinocchio/spatial/se3-base.hpp,local_only_file,preserved_local,,,,True
thirdparty/Windows/pinocchio_install/include/pinocchio/spatial/se3-tpl.hpp,local_only_file,preserved_local,,,,True
thirdparty/Windows/pinocchio_install/include/pinocchio/spatial/se3.hpp,local_only_file,preserved_local,,,,True
thirdparty/Windows/pinocchio_install/include/pinocchio/spatial/skew.hpp,local_only_file,preserved_local,,,,True
thirdparty/Windows/pinocchio_install/include/pinocchio/spatial/spatial-axis.hpp,local_only_file,preserved_local,,,,True
thirdparty/Windows/pinocchio_install/include/pinocchio/spatial/symmetric3.hpp,local_only_file,preserved_local,,,,True
thirdparty/Windows/pinocchio_install/include/pinocchio/utils/axis-label.hpp,local_only_file,preserved_local,,,,True
thirdparty/Windows/pinocchio_install/include/pinocchio/utils/cast.hpp,local_only_file,preserved_local,,,,True
thirdparty/Windows/pinocchio_install/include/pinocchio/utils/eigen-fix.hpp,local_only_file,preserved_local,,,,True
thirdparty/Windows/pinocchio_install/include/pinocchio/utils/file-explorer.hpp,local_only_file,preserved_local,,,,True
thirdparty/Windows/pinocchio_install/include/pinocchio/utils/helpers.hpp,local_only_file,preserved_local,,,,True
thirdparty/Windows/pinocchio_install/include/pinocchio/utils/openmp.hpp,local_only_file,preserved_local,,,,True
thirdparty/Windows/pinocchio_install/include/pinocchio/utils/static-if.hpp,local_only_file,preserved_local,,,,True
thirdparty/Windows/pinocchio_install/include/pinocchio/utils/string-generator.hpp,local_only_file,preserved_local,,,,True
thirdparty/Windows/pinocchio_install/include/pinocchio/utils/timer.hpp,local_only_file,preserved_local,,,,True
thirdparty/Windows/pinocchio_install/include/pinocchio/utils/version.hpp,local_only_file,preserved_local,,,,True
thirdparty/Windows/pinocchio_install/include/pinocchio/warning.hpp,local_only_file,preserved_local,,,,True
thirdparty/Windows/pinocchio_install/lib/cmake/pinocchio/cxx-standard.cmake,local_only_file,preserved_local,,,,True
thirdparty/Windows/pinocchio_install/lib/cmake/pinocchio/pinocchioConfig.cmake,local_only_file,preserved_local,,,,True
thirdparty/Windows/pinocchio_install/lib/cmake/pinocchio/pinocchioConfigVersion.cmake,local_only_file,preserved_local,,,,True
thirdparty/Windows/pinocchio_install/lib/cmake/pinocchio/pinocchioTargets-debug.cmake,local_only_file,preserved_local,,,,True
thirdparty/Windows/pinocchio_install/lib/cmake/pinocchio/pinocchioTargets-release.cmake,local_only_file,preserved_local,,,,True
thirdparty/Windows/pinocchio_install/lib/cmake/pinocchio/pinocchioTargets.cmake,local_only_file,preserved_local,,,,True
thirdparty/Windows/pinocchio_install/lib/pinocchio-d.lib,local_only_file,preserved_local,,,,True
thirdparty/Windows/pinocchio_install/lib/pinocchio.lib,local_only_file,preserved_local,,,,True
thirdparty/Windows/pinocchio_install/lib/pkgconfig/pinocchio.pc,local_only_file,preserved_local,,,,True
thirdparty/Windows/pinocchio_install/share/ament_index/resource_index/packages/pinocchio,local_only_file,preserved_local,,,,True
thirdparty/Windows/pinocchio_install/share/pinocchio/hook/ament_prefix_path.dsv,local_only_file,preserved_local,,,,True
thirdparty/Windows/pinocchio_install/share/pinocchio/hook/python_path.dsv,local_only_file,preserved_local,,,,True
thirdparty/Windows/pinocchio_install/share/pinocchio/package.xml,local_only_file,preserved_local,,,,True
thirdparty/glm/include/glm/common.hpp,local_only_file,preserved_local,,,,True
thirdparty/glm/include/glm/detail/_features.hpp,local_only_file,preserved_local,,,,True
thirdparty/glm/include/glm/detail/_fixes.hpp,local_only_file,preserved_local,,,,True
thirdparty/glm/include/glm/detail/_noise.hpp,local_only_file,preserved_local,,,,True
thirdparty/glm/include/glm/detail/_swizzle.hpp,local_only_file,preserved_local,,,,True
thirdparty/glm/include/glm/detail/_swizzle_func.hpp,local_only_file,preserved_local,,,,True
thirdparty/glm/include/glm/detail/_vectorize.hpp,local_only_file,preserved_local,,,,True
thirdparty/glm/include/glm/detail/compute_common.hpp,local_only_file,preserved_local,,,,True
thirdparty/glm/include/glm/detail/compute_vector_relational.hpp,local_only_file,preserved_local,,,,True
thirdparty/glm/include/glm/detail/func_common.inl,local_only_file,preserved_local,,,,True
thirdparty/glm/include/glm/detail/func_common_simd.inl,local_only_file,preserved_local,,,,True
thirdparty/glm/include/glm/detail/func_exponential.inl,local_only_file,preserved_local,,,,True
thirdparty/glm/include/glm/detail/func_exponential_simd.inl,local_only_file,preserved_local,,,,True
thirdparty/glm/include/glm/detail/func_geometric.inl,local_only_file,preserved_local,,,,True
thirdparty/glm/include/glm/detail/func_geometric_simd.inl,local_only_file,preserved_local,,,,True
thirdparty/glm/include/glm/detail/func_integer.inl,local_only_file,preserved_local,,,,True
thirdparty/glm/include/glm/detail/func_integer_simd.inl,local_only_file,preserved_local,,,,True
thirdparty/glm/include/glm/detail/func_matrix.inl,local_only_file,preserved_local,,,,True
thirdparty/glm/include/glm/detail/func_matrix_simd.inl,local_only_file,preserved_local,,,,True
thirdparty/glm/include/glm/detail/func_packing.inl,local_only_file,preserved_local,,,,True
thirdparty/glm/include/glm/detail/func_packing_simd.inl,local_only_file,preserved_local,,,,True
thirdparty/glm/include/glm/detail/func_trigonometric.inl,local_only_file,preserved_local,,,,True
thirdparty/glm/include/glm/detail/func_trigonometric_simd.inl,local_only_file,preserved_local,,,,True
thirdparty/glm/include/glm/detail/func_vector_relational.inl,local_only_file,preserved_local,,,,True
thirdparty/glm/include/glm/detail/func_vector_relational_simd.inl,local_only_file,preserved_local,,,,True
thirdparty/glm/include/glm/detail/glm.cpp,local_only_file,preserved_local,,,,True
thirdparty/glm/include/glm/detail/qualifier.hpp,local_only_file,preserved_local,,,,True
thirdparty/glm/include/glm/detail/setup.hpp,local_only_file,preserved_local,,,,True
thirdparty/glm/include/glm/detail/type_float.hpp,local_only_file,preserved_local,,,,True
thirdparty/glm/include/glm/detail/type_half.hpp,local_only_file,preserved_local,,,,True
thirdparty/glm/include/glm/detail/type_half.inl,local_only_file,preserved_local,,,,True
thirdparty/glm/include/glm/detail/type_mat2x2.hpp,local_only_file,preserved_local,,,,True
thirdparty/glm/include/glm/detail/type_mat2x2.inl,local_only_file,preserved_local,,,,True
thirdparty/glm/include/glm/detail/type_mat2x3.hpp,local_only_file,preserved_local,,,,True
thirdparty/glm/include/glm/detail/type_mat2x3.inl,local_only_file,preserved_local,,,,True
thirdparty/glm/include/glm/detail/type_mat2x4.hpp,local_only_file,preserved_local,,,,True
thirdparty/glm/include/glm/detail/type_mat2x4.inl,local_only_file,preserved_local,,,,True
thirdparty/glm/include/glm/detail/type_mat3x2.hpp,local_only_file,preserved_local,,,,True
thirdparty/glm/include/glm/detail/type_mat3x2.inl,local_only_file,preserved_local,,,,True
thirdparty/glm/include/glm/detail/type_mat3x3.hpp,local_only_file,preserved_local,,,,True
thirdparty/glm/include/glm/detail/type_mat3x3.inl,local_only_file,preserved_local,,,,True
thirdparty/glm/include/glm/detail/type_mat3x4.hpp,local_only_file,preserved_local,,,,True
thirdparty/glm/include/glm/detail/type_mat3x4.inl,local_only_file,preserved_local,,,,True
thirdparty/glm/include/glm/detail/type_mat4x2.hpp,local_only_file,preserved_local,,,,True
thirdparty/glm/include/glm/detail/type_mat4x2.inl,local_only_file,preserved_local,,,,True
thirdparty/glm/include/glm/detail/type_mat4x3.hpp,local_only_file,preserved_local,,,,True
thirdparty/glm/include/glm/detail/type_mat4x3.inl,local_only_file,preserved_local,,,,True
thirdparty/glm/include/glm/detail/type_mat4x4.hpp,local_only_file,preserved_local,,,,True
thirdparty/glm/include/glm/detail/type_mat4x4.inl,local_only_file,preserved_local,,,,True
thirdparty/glm/include/glm/detail/type_mat4x4_simd.inl,local_only_file,preserved_local,,,,True
thirdparty/glm/include/glm/detail/type_quat.hpp,local_only_file,preserved_local,,,,True
thirdparty/glm/include/glm/detail/type_quat.inl,local_only_file,preserved_local,,,,True
thirdparty/glm/include/glm/detail/type_quat_simd.inl,local_only_file,preserved_local,,,,True
thirdparty/glm/include/glm/detail/type_vec1.hpp,local_only_file,preserved_local,,,,True
thirdparty/glm/include/glm/detail/type_vec1.inl,local_only_file,preserved_local,,,,True
thirdparty/glm/include/glm/detail/type_vec2.hpp,local_only_file,preserved_local,,,,True
thirdparty/glm/include/glm/detail/type_vec2.inl,local_only_file,preserved_local,,,,True
thirdparty/glm/include/glm/detail/type_vec3.hpp,local_only_file,preserved_local,,,,True
thirdparty/glm/include/glm/detail/type_vec3.inl,local_only_file,preserved_local,,,,True
thirdparty/glm/include/glm/detail/type_vec4.hpp,local_only_file,preserved_local,,,,True
thirdparty/glm/include/glm/detail/type_vec4.inl,local_only_file,preserved_local,,,,True
thirdparty/glm/include/glm/detail/type_vec4_simd.inl,local_only_file,preserved_local,,,,True
thirdparty/glm/include/glm/exponential.hpp,local_only_file,preserved_local,,,,True
thirdparty/glm/include/glm/ext.hpp,local_only_file,preserved_local,,,,True
thirdparty/glm/include/glm/ext/matrix_clip_space.hpp,local_only_file,preserved_local,,,,True
thirdparty/glm/include/glm/ext/matrix_clip_space.inl,local_only_file,preserved_local,,,,True
thirdparty/glm/include/glm/ext/matrix_common.hpp,local_only_file,preserved_local,,,,True
thirdparty/glm/include/glm/ext/matrix_common.inl,local_only_file,preserved_local,,,,True
thirdparty/glm/include/glm/ext/matrix_double2x2.hpp,local_only_file,preserved_local,,,,True
thirdparty/glm/include/glm/ext/matrix_double2x2_precision.hpp,local_only_file,preserved_local,,,,True
thirdparty/glm/include/glm/ext/matrix_double2x3.hpp,local_only_file,preserved_local,,,,True
thirdparty/glm/include/glm/ext/matrix_double2x3_precision.hpp,local_only_file,preserved_local,,,,True
thirdparty/glm/include/glm/ext/matrix_double2x4.hpp,local_only_file,preserved_local,,,,True
thirdparty/glm/include/glm/ext/matrix_double2x4_precision.hpp,local_only_file,preserved_local,,,,True
thirdparty/glm/include/glm/ext/matrix_double3x2.hpp,local_only_file,preserved_local,,,,True
thirdparty/glm/include/glm/ext/matrix_double3x2_precision.hpp,local_only_file,preserved_local,,,,True
thirdparty/glm/include/glm/ext/matrix_double3x3.hpp,local_only_file,preserved_local,,,,True
thirdparty/glm/include/glm/ext/matrix_double3x3_precision.hpp,local_only_file,preserved_local,,,,True
thirdparty/glm/include/glm/ext/matrix_double3x4.hpp,local_only_file,preserved_local,,,,True
thirdparty/glm/include/glm/ext/matrix_double3x4_precision.hpp,local_only_file,preserved_local,,,,True
thirdparty/glm/include/glm/ext/matrix_double4x2.hpp,local_only_file,preserved_local,,,,True
thirdparty/glm/include/glm/ext/matrix_double4x2_precision.hpp,local_only_file,preserved_local,,,,True
thirdparty/glm/include/glm/ext/matrix_double4x3.hpp,local_only_file,preserved_local,,,,True
thirdparty/glm/include/glm/ext/matrix_double4x3_precision.hpp,local_only_file,preserved_local,,,,True
thirdparty/glm/include/glm/ext/matrix_double4x4.hpp,local_only_file,preserved_local,,,,True
thirdparty/glm/include/glm/ext/matrix_double4x4_precision.hpp,local_only_file,preserved_local,,,,True
thirdparty/glm/include/glm/ext/matrix_float2x2.hpp,local_only_file,preserved_local,,,,True
thirdparty/glm/include/glm/ext/matrix_float2x2_precision.hpp,local_only_file,preserved_local,,,,True
thirdparty/glm/include/glm/ext/matrix_float2x3.hpp,local_only_file,preserved_local,,,,True
thirdparty/glm/include/glm/ext/matrix_float2x3_precision.hpp,local_only_file,preserved_local,,,,True
thirdparty/glm/include/glm/ext/matrix_float2x4.hpp,local_only_file,preserved_local,,,,True
thirdparty/glm/include/glm/ext/matrix_float2x4_precision.hpp,local_only_file,preserved_local,,,,True
thirdparty/glm/include/glm/ext/matrix_float3x2.hpp,local_only_file,preserved_local,,,,True
thirdparty/glm/include/glm/ext/matrix_float3x2_precision.hpp,local_only_file,preserved_local,,,,True
thirdparty/glm/include/glm/ext/matrix_float3x3.hpp,local_only_file,preserved_local,,,,True
thirdparty/glm/include/glm/ext/matrix_float3x3_precision.hpp,local_only_file,preserved_local,,,,True
thirdparty/glm/include/glm/ext/matrix_float3x4.hpp,local_only_file,preserved_local,,,,True
thirdparty/glm/include/glm/ext/matrix_float3x4_precision.hpp,local_only_file,preserved_local,,,,True
thirdparty/glm/include/glm/ext/matrix_float4x2.hpp,local_only_file,preserved_local,,,,True
thirdparty/glm/include/glm/ext/matrix_float4x2_precision.hpp,local_only_file,preserved_local,,,,True
thirdparty/glm/include/glm/ext/matrix_float4x3.hpp,local_only_file,preserved_local,,,,True
thirdparty/glm/include/glm/ext/matrix_float4x3_precision.hpp,local_only_file,preserved_local,,,,True
thirdparty/glm/include/glm/ext/matrix_float4x4.hpp,local_only_file,preserved_local,,,,True
thirdparty/glm/include/glm/ext/matrix_float4x4_precision.hpp,local_only_file,preserved_local,,,,True
thirdparty/glm/include/glm/ext/matrix_int2x2.hpp,local_only_file,preserved_local,,,,True
thirdparty/glm/include/glm/ext/matrix_int2x2_sized.hpp,local_only_file,preserved_local,,,,True
thirdparty/glm/include/glm/ext/matrix_int2x3.hpp,local_only_file,preserved_local,,,,True
thirdparty/glm/include/glm/ext/matrix_int2x3_sized.hpp,local_only_file,preserved_local,,,,True
thirdparty/glm/include/glm/ext/matrix_int2x4.hpp,local_only_file,preserved_local,,,,True
thirdparty/glm/include/glm/ext/matrix_int2x4_sized.hpp,local_only_file,preserved_local,,,,True
thirdparty/glm/include/glm/ext/matrix_int3x2.hpp,local_only_file,preserved_local,,,,True
thirdparty/glm/include/glm/ext/matrix_int3x2_sized.hpp,local_only_file,preserved_local,,,,True
thirdparty/glm/include/glm/ext/matrix_int3x3.hpp,local_only_file,preserved_local,,,,True
thirdparty/glm/include/glm/ext/matrix_int3x3_sized.hpp,local_only_file,preserved_local,,,,True
thirdparty/glm/include/glm/ext/matrix_int3x4.hpp,local_only_file,preserved_local,,,,True
thirdparty/glm/include/glm/ext/matrix_int3x4_sized.hpp,local_only_file,preserved_local,,,,True
thirdparty/glm/include/glm/ext/matrix_int4x2.hpp,local_only_file,preserved_local,,,,True
thirdparty/glm/include/glm/ext/matrix_int4x2_sized.hpp,local_only_file,preserved_local,,,,True
thirdparty/glm/include/glm/ext/matrix_int4x3.hpp,local_only_file,preserved_local,,,,True
thirdparty/glm/include/glm/ext/matrix_int4x3_sized.hpp,local_only_file,preserved_local,,,,True
thirdparty/glm/include/glm/ext/matrix_int4x4.hpp,local_only_file,preserved_local,,,,True
thirdparty/glm/include/glm/ext/matrix_int4x4_sized.hpp,local_only_file,preserved_local,,,,True
thirdparty/glm/include/glm/ext/matrix_integer.hpp,local_only_file,preserved_local,,,,True
thirdparty/glm/include/glm/ext/matrix_integer.inl,local_only_file,preserved_local,,,,True
thirdparty/glm/include/glm/ext/matrix_projection.hpp,local_only_file,preserved_local,,,,True
thirdparty/glm/include/glm/ext/matrix_projection.inl,local_only_file,preserved_local,,,,True
thirdparty/glm/include/glm/ext/matrix_relational.hpp,local_only_file,preserved_local,,,,True
thirdparty/glm/include/glm/ext/matrix_relational.inl,local_only_file,preserved_local,,,,True
thirdparty/glm/include/glm/ext/matrix_transform.hpp,local_only_file,preserved_local,,,,True
thirdparty/glm/include/glm/ext/matrix_transform.inl,local_only_file,preserved_local,,,,True
thirdparty/glm/include/glm/ext/matrix_uint2x2.hpp,local_only_file,preserved_local,,,,True
thirdparty/glm/include/glm/ext/matrix_uint2x2_sized.hpp,local_only_file,preserved_local,,,,True
thirdparty/glm/include/glm/ext/matrix_uint2x3.hpp,local_only_file,preserved_local,,,,True
thirdparty/glm/include/glm/ext/matrix_uint2x3_sized.hpp,local_only_file,preserved_local,,,,True
thirdparty/glm/include/glm/ext/matrix_uint2x4.hpp,local_only_file,preserved_local,,,,True
thirdparty/glm/include/glm/ext/matrix_uint2x4_sized.hpp,local_only_file,preserved_local,,,,True
thirdparty/glm/include/glm/ext/matrix_uint3x2.hpp,local_only_file,preserved_local,,,,True
thirdparty/glm/include/glm/ext/matrix_uint3x2_sized.hpp,local_only_file,preserved_local,,,,True
thirdparty/glm/include/glm/ext/matrix_uint3x3.hpp,local_only_file,preserved_local,,,,True
thirdparty/glm/include/glm/ext/matrix_uint3x3_sized.hpp,local_only_file,preserved_local,,,,True
thirdparty/glm/include/glm/ext/matrix_uint3x4.hpp,local_only_file,preserved_local,,,,True
thirdparty/glm/include/glm/ext/matrix_uint3x4_sized.hpp,local_only_file,preserved_local,,,,True
thirdparty/glm/include/glm/ext/matrix_uint4x2.hpp,local_only_file,preserved_local,,,,True
thirdparty/glm/include/glm/ext/matrix_uint4x2_sized.hpp,local_only_file,preserved_local,,,,True
thirdparty/glm/include/glm/ext/matrix_uint4x3.hpp,local_only_file,preserved_local,,,,True
thirdparty/glm/include/glm/ext/matrix_uint4x3_sized.hpp,local_only_file,preserved_local,,,,True
thirdparty/glm/include/glm/ext/matrix_uint4x4.hpp,local_only_file,preserved_local,,,,True
thirdparty/glm/include/glm/ext/matrix_uint4x4_sized.hpp,local_only_file,preserved_local,,,,True
thirdparty/glm/include/glm/ext/quaternion_common.hpp,local_only_file,preserved_local,,,,True
thirdparty/glm/include/glm/ext/quaternion_common.inl,local_only_file,preserved_local,,,,True
thirdparty/glm/include/glm/ext/quaternion_common_simd.inl,local_only_file,preserved_local,,,,True
thirdparty/glm/include/glm/ext/quaternion_double.hpp,local_only_file,preserved_local,,,,True
thirdparty/glm/include/glm/ext/quaternion_double_precision.hpp,local_only_file,preserved_local,,,,True
thirdparty/glm/include/glm/ext/quaternion_exponential.hpp,local_only_file,preserved_local,,,,True
thirdparty/glm/include/glm/ext/quaternion_exponential.inl,local_only_file,preserved_local,,,,True
thirdparty/glm/include/glm/ext/quaternion_float.hpp,local_only_file,preserved_local,,,,True
thirdparty/glm/include/glm/ext/quaternion_float_precision.hpp,local_only_file,preserved_local,,,,True
thirdparty/glm/include/glm/ext/quaternion_geometric.hpp,local_only_file,preserved_local,,,,True
thirdparty/glm/include/glm/ext/quaternion_geometric.inl,local_only_file,preserved_local,,,,True
thirdparty/glm/include/glm/ext/quaternion_relational.hpp,local_only_file,preserved_local,,,,True
thirdparty/glm/include/glm/ext/quaternion_relational.inl,local_only_file,preserved_local,,,,True
thirdparty/glm/include/glm/ext/quaternion_transform.hpp,local_only_file,preserved_local,,,,True
thirdparty/glm/include/glm/ext/quaternion_transform.inl,local_only_file,preserved_local,,,,True
thirdparty/glm/include/glm/ext/quaternion_trigonometric.hpp,local_only_file,preserved_local,,,,True
thirdparty/glm/include/glm/ext/quaternion_trigonometric.inl,local_only_file,preserved_local,,,,True
thirdparty/glm/include/glm/ext/scalar_common.hpp,local_only_file,preserved_local,,,,True
thirdparty/glm/include/glm/ext/scalar_common.inl,local_only_file,preserved_local,,,,True
thirdparty/glm/include/glm/ext/scalar_constants.hpp,local_only_file,preserved_local,,,,True
thirdparty/glm/include/glm/ext/scalar_constants.inl,local_only_file,preserved_local,,,,True
thirdparty/glm/include/glm/ext/scalar_int_sized.hpp,local_only_file,preserved_local,,,,True
thirdparty/glm/include/glm/ext/scalar_integer.hpp,local_only_file,preserved_local,,,,True
thirdparty/glm/include/glm/ext/scalar_integer.inl,local_only_file,preserved_local,,,,True
thirdparty/glm/include/glm/ext/scalar_packing.hpp,local_only_file,preserved_local,,,,True
thirdparty/glm/include/glm/ext/scalar_packing.inl,local_only_file,preserved_local,,,,True
thirdparty/glm/include/glm/ext/scalar_reciprocal.hpp,local_only_file,preserved_local,,,,True
thirdparty/glm/include/glm/ext/scalar_reciprocal.inl,local_only_file,preserved_local,,,,True
thirdparty/glm/include/glm/ext/scalar_relational.hpp,local_only_file,preserved_local,,,,True
thirdparty/glm/include/glm/ext/scalar_relational.inl,local_only_file,preserved_local,,,,True
thirdparty/glm/include/glm/ext/scalar_uint_sized.hpp,local_only_file,preserved_local,,,,True
thirdparty/glm/include/glm/ext/scalar_ulp.hpp,local_only_file,preserved_local,,,,True
thirdparty/glm/include/glm/ext/scalar_ulp.inl,local_only_file,preserved_local,,,,True
thirdparty/glm/include/glm/ext/vector_bool1.hpp,local_only_file,preserved_local,,,,True
thirdparty/glm/include/glm/ext/vector_bool1_precision.hpp,local_only_file,preserved_local,,,,True
thirdparty/glm/include/glm/ext/vector_bool2.hpp,local_only_file,preserved_local,,,,True
thirdparty/glm/include/glm/ext/vector_bool2_precision.hpp,local_only_file,preserved_local,,,,True
thirdparty/glm/include/glm/ext/vector_bool3.hpp,local_only_file,preserved_local,,,,True
thirdparty/glm/include/glm/ext/vector_bool3_precision.hpp,local_only_file,preserved_local,,,,True
thirdparty/glm/include/glm/ext/vector_bool4.hpp,local_only_file,preserved_local,,,,True
thirdparty/glm/include/glm/ext/vector_bool4_precision.hpp,local_only_file,preserved_local,,,,True
thirdparty/glm/include/glm/ext/vector_common.hpp,local_only_file,preserved_local,,,,True
thirdparty/glm/include/glm/ext/vector_common.inl,local_only_file,preserved_local,,,,True
thirdparty/glm/include/glm/ext/vector_double1.hpp,local_only_file,preserved_local,,,,True
thirdparty/glm/include/glm/ext/vector_double1_precision.hpp,local_only_file,preserved_local,,,,True
thirdparty/glm/include/glm/ext/vector_double2.hpp,local_only_file,preserved_local,,,,True
thirdparty/glm/include/glm/ext/vector_double2_precision.hpp,local_only_file,preserved_local,,,,True
thirdparty/glm/include/glm/ext/vector_double3.hpp,local_only_file,preserved_local,,,,True
thirdparty/glm/include/glm/ext/vector_double3_precision.hpp,local_only_file,preserved_local,,,,True
thirdparty/glm/include/glm/ext/vector_double4.hpp,local_only_file,preserved_local,,,,True
thirdparty/glm/include/glm/ext/vector_double4_precision.hpp,local_only_file,preserved_local,,,,True
thirdparty/glm/include/glm/ext/vector_float1.hpp,local_only_file,preserved_local,,,,True
thirdparty/glm/include/glm/ext/vector_float1_precision.hpp,local_only_file,preserved_local,,,,True
thirdparty/glm/include/glm/ext/vector_float2.hpp,local_only_file,preserved_local,,,,True
thirdparty/glm/include/glm/ext/vector_float2_precision.hpp,local_only_file,preserved_local,,,,True
thirdparty/glm/include/glm/ext/vector_float3.hpp,local_only_file,preserved_local,,,,True
thirdparty/glm/include/glm/ext/vector_float3_precision.hpp,local_only_file,preserved_local,,,,True
thirdparty/glm/include/glm/ext/vector_float4.hpp,local_only_file,preserved_local,,,,True
thirdparty/glm/include/glm/ext/vector_float4_precision.hpp,local_only_file,preserved_local,,,,True
thirdparty/glm/include/glm/ext/vector_int1.hpp,local_only_file,preserved_local,,,,True
thirdparty/glm/include/glm/ext/vector_int1_sized.hpp,local_only_file,preserved_local,,,,True
thirdparty/glm/include/glm/ext/vector_int2.hpp,local_only_file,preserved_local,,,,True
thirdparty/glm/include/glm/ext/vector_int2_sized.hpp,local_only_file,preserved_local,,,,True
thirdparty/glm/include/glm/ext/vector_int3.hpp,local_only_file,preserved_local,,,,True
thirdparty/glm/include/glm/ext/vector_int3_sized.hpp,local_only_file,preserved_local,,,,True
thirdparty/glm/include/glm/ext/vector_int4.hpp,local_only_file,preserved_local,,,,True
thirdparty/glm/include/glm/ext/vector_int4_sized.hpp,local_only_file,preserved_local,,,,True
thirdparty/glm/include/glm/ext/vector_integer.hpp,local_only_file,preserved_local,,,,True
thirdparty/glm/include/glm/ext/vector_integer.inl,local_only_file,preserved_local,,,,True
thirdparty/glm/include/glm/ext/vector_packing.hpp,local_only_file,preserved_local,,,,True
thirdparty/glm/include/glm/ext/vector_packing.inl,local_only_file,preserved_local,,,,True
thirdparty/glm/include/glm/ext/vector_reciprocal.hpp,local_only_file,preserved_local,,,,True
thirdparty/glm/include/glm/ext/vector_reciprocal.inl,local_only_file,preserved_local,,,,True
thirdparty/glm/include/glm/ext/vector_relational.hpp,local_only_file,preserved_local,,,,True
thirdparty/glm/include/glm/ext/vector_relational.inl,local_only_file,preserved_local,,,,True
thirdparty/glm/include/glm/ext/vector_uint1.hpp,local_only_file,preserved_local,,,,True
thirdparty/glm/include/glm/ext/vector_uint1_sized.hpp,local_only_file,preserved_local,,,,True
thirdparty/glm/include/glm/ext/vector_uint2.hpp,local_only_file,preserved_local,,,,True
thirdparty/glm/include/glm/ext/vector_uint2_sized.hpp,local_only_file,preserved_local,,,,True
thirdparty/glm/include/glm/ext/vector_uint3.hpp,local_only_file,preserved_local,,,,True
thirdparty/glm/include/glm/ext/vector_uint3_sized.hpp,local_only_file,preserved_local,,,,True
thirdparty/glm/include/glm/ext/vector_uint4.hpp,local_only_file,preserved_local,,,,True
thirdparty/glm/include/glm/ext/vector_uint4_sized.hpp,local_only_file,preserved_local,,,,True
thirdparty/glm/include/glm/ext/vector_ulp.hpp,local_only_file,preserved_local,,,,True
thirdparty/glm/include/glm/ext/vector_ulp.inl,local_only_file,preserved_local,,,,True
thirdparty/glm/include/glm/fwd.hpp,local_only_file,preserved_local,,,,True
thirdparty/glm/include/glm/geometric.hpp,local_only_file,preserved_local,,,,True
thirdparty/glm/include/glm/glm.hpp,local_only_file,preserved_local,,,,True
thirdparty/glm/include/glm/gtc/bitfield.hpp,local_only_file,preserved_local,,,,True
thirdparty/glm/include/glm/gtc/bitfield.inl,local_only_file,preserved_local,,,,True
thirdparty/glm/include/glm/gtc/color_space.hpp,local_only_file,preserved_local,,,,True
thirdparty/glm/include/glm/gtc/color_space.inl,local_only_file,preserved_local,,,,True
thirdparty/glm/include/glm/gtc/constants.hpp,local_only_file,preserved_local,,,,True
thirdparty/glm/include/glm/gtc/constants.inl,local_only_file,preserved_local,,,,True
thirdparty/glm/include/glm/gtc/epsilon.hpp,local_only_file,preserved_local,,,,True
thirdparty/glm/include/glm/gtc/epsilon.inl,local_only_file,preserved_local,,,,True
thirdparty/glm/include/glm/gtc/integer.hpp,local_only_file,preserved_local,,,,True
thirdparty/glm/include/glm/gtc/integer.inl,local_only_file,preserved_local,,,,True
thirdparty/glm/include/glm/gtc/matrix_access.hpp,local_only_file,preserved_local,,,,True
thirdparty/glm/include/glm/gtc/matrix_access.inl,local_only_file,preserved_local,,,,True
thirdparty/glm/include/glm/gtc/matrix_integer.hpp,local_only_file,preserved_local,,,,True
thirdparty/glm/include/glm/gtc/matrix_inverse.hpp,local_only_file,preserved_local,,,,True
thirdparty/glm/include/glm/gtc/matrix_inverse.inl,local_only_file,preserved_local,,,,True
thirdparty/glm/include/glm/gtc/matrix_transform.hpp,local_only_file,preserved_local,,,,True
thirdparty/glm/include/glm/gtc/matrix_transform.inl,local_only_file,preserved_local,,,,True
thirdparty/glm/include/glm/gtc/noise.hpp,local_only_file,preserved_local,,,,True
thirdparty/glm/include/glm/gtc/noise.inl,local_only_file,preserved_local,,,,True
thirdparty/glm/include/glm/gtc/packing.hpp,local_only_file,preserved_local,,,,True
thirdparty/glm/include/glm/gtc/packing.inl,local_only_file,preserved_local,,,,True
thirdparty/glm/include/glm/gtc/quaternion.hpp,local_only_file,preserved_local,,,,True
thirdparty/glm/include/glm/gtc/quaternion.inl,local_only_file,preserved_local,,,,True
thirdparty/glm/include/glm/gtc/quaternion_simd.inl,local_only_file,preserved_local,,,,True
thirdparty/glm/include/glm/gtc/random.hpp,local_only_file,preserved_local,,,,True
thirdparty/glm/include/glm/gtc/random.inl,local_only_file,preserved_local,,,,True
thirdparty/glm/include/glm/gtc/reciprocal.hpp,local_only_file,preserved_local,,,,True
thirdparty/glm/include/glm/gtc/round.hpp,local_only_file,preserved_local,,,,True
thirdparty/glm/include/glm/gtc/round.inl,local_only_file,preserved_local,,,,True
thirdparty/glm/include/glm/gtc/type_aligned.hpp,local_only_file,preserved_local,,,,True
thirdparty/glm/include/glm/gtc/type_precision.hpp,local_only_file,preserved_local,,,,True
thirdparty/glm/include/glm/gtc/type_precision.inl,local_only_file,preserved_local,,,,True
thirdparty/glm/include/glm/gtc/type_ptr.hpp,local_only_file,preserved_local,,,,True
thirdparty/glm/include/glm/gtc/type_ptr.inl,local_only_file,preserved_local,,,,True
thirdparty/glm/include/glm/gtc/ulp.hpp,local_only_file,preserved_local,,,,True
thirdparty/glm/include/glm/gtc/ulp.inl,local_only_file,preserved_local,,,,True
thirdparty/glm/include/glm/gtc/vec1.hpp,local_only_file,preserved_local,,,,True
thirdparty/glm/include/glm/gtx/associated_min_max.hpp,local_only_file,preserved_local,,,,True
thirdparty/glm/include/glm/gtx/associated_min_max.inl,local_only_file,preserved_local,,,,True
thirdparty/glm/include/glm/gtx/bit.hpp,local_only_file,preserved_local,,,,True
thirdparty/glm/include/glm/gtx/bit.inl,local_only_file,preserved_local,,,,True
thirdparty/glm/include/glm/gtx/closest_point.hpp,local_only_file,preserved_local,,,,True
thirdparty/glm/include/glm/gtx/closest_point.inl,local_only_file,preserved_local,,,,True
thirdparty/glm/include/glm/gtx/color_encoding.hpp,local_only_file,preserved_local,,,,True
thirdparty/glm/include/glm/gtx/color_encoding.inl,local_only_file,preserved_local,,,,True
thirdparty/glm/include/glm/gtx/color_space.hpp,local_only_file,preserved_local,,,,True
thirdparty/glm/include/glm/gtx/color_space.inl,local_only_file,preserved_local,,,,True
thirdparty/glm/include/glm/gtx/color_space_YCoCg.hpp,local_only_file,preserved_local,,,,True
thirdparty/glm/include/glm/gtx/color_space_YCoCg.inl,local_only_file,preserved_local,,,,True
thirdparty/glm/include/glm/gtx/common.hpp,local_only_file,preserved_local,,,,True
thirdparty/glm/include/glm/gtx/common.inl,local_only_file,preserved_local,,,,True
thirdparty/glm/include/glm/gtx/compatibility.hpp,local_only_file,preserved_local,,,,True
thirdparty/glm/include/glm/gtx/compatibility.inl,local_only_file,preserved_local,,,,True
thirdparty/glm/include/glm/gtx/component_wise.hpp,local_only_file,preserved_local,,,,True
thirdparty/glm/include/glm/gtx/component_wise.inl,local_only_file,preserved_local,,,,True
thirdparty/glm/include/glm/gtx/dual_quaternion.hpp,local_only_file,preserved_local,,,,True
thirdparty/glm/include/glm/gtx/dual_quaternion.inl,local_only_file,preserved_local,,,,True
thirdparty/glm/include/glm/gtx/easing.hpp,local_only_file,preserved_local,,,,True
thirdparty/glm/include/glm/gtx/easing.inl,local_only_file,preserved_local,,,,True
thirdparty/glm/include/glm/gtx/euler_angles.hpp,local_only_file,preserved_local,,,,True
thirdparty/glm/include/glm/gtx/euler_angles.inl,local_only_file,preserved_local,,,,True
thirdparty/glm/include/glm/gtx/extend.hpp,local_only_file,preserved_local,,,,True
thirdparty/glm/include/glm/gtx/extend.inl,local_only_file,preserved_local,,,,True
thirdparty/glm/include/glm/gtx/extended_min_max.hpp,local_only_file,preserved_local,,,,True
thirdparty/glm/include/glm/gtx/extended_min_max.inl,local_only_file,preserved_local,,,,True
thirdparty/glm/include/glm/gtx/exterior_product.hpp,local_only_file,preserved_local,,,,True
thirdparty/glm/include/glm/gtx/exterior_product.inl,local_only_file,preserved_local,,,,True
thirdparty/glm/include/glm/gtx/fast_exponential.hpp,local_only_file,preserved_local,,,,True
thirdparty/glm/include/glm/gtx/fast_exponential.inl,local_only_file,preserved_local,,,,True
thirdparty/glm/include/glm/gtx/fast_square_root.hpp,local_only_file,preserved_local,,,,True
thirdparty/glm/include/glm/gtx/fast_square_root.inl,local_only_file,preserved_local,,,,True
thirdparty/glm/include/glm/gtx/fast_trigonometry.hpp,local_only_file,preserved_local,,,,True
thirdparty/glm/include/glm/gtx/fast_trigonometry.inl,local_only_file,preserved_local,,,,True
thirdparty/glm/include/glm/gtx/float_notmalize.inl,local_only_file,preserved_local,,,,True
thirdparty/glm/include/glm/gtx/functions.hpp,local_only_file,preserved_local,,,,True
thirdparty/glm/include/glm/gtx/functions.inl,local_only_file,preserved_local,,,,True
thirdparty/glm/include/glm/gtx/gradient_paint.hpp,local_only_file,preserved_local,,,,True
thirdparty/glm/include/glm/gtx/gradient_paint.inl,local_only_file,preserved_local,,,,True
thirdparty/glm/include/glm/gtx/handed_coordinate_space.hpp,local_only_file,preserved_local,,,,True
thirdparty/glm/include/glm/gtx/handed_coordinate_space.inl,local_only_file,preserved_local,,,,True
thirdparty/glm/include/glm/gtx/hash.hpp,local_only_file,preserved_local,,,,True
thirdparty/glm/include/glm/gtx/hash.inl,local_only_file,preserved_local,,,,True
thirdparty/glm/include/glm/gtx/integer.hpp,local_only_file,preserved_local,,,,True
thirdparty/glm/include/glm/gtx/integer.inl,local_only_file,preserved_local,,,,True
thirdparty/glm/include/glm/gtx/intersect.hpp,local_only_file,preserved_local,,,,True
thirdparty/glm/include/glm/gtx/intersect.inl,local_only_file,preserved_local,,,,True
thirdparty/glm/include/glm/gtx/io.hpp,local_only_file,preserved_local,,,,True
thirdparty/glm/include/glm/gtx/io.inl,local_only_file,preserved_local,,,,True
thirdparty/glm/include/glm/gtx/log_base.hpp,local_only_file,preserved_local,,,,True
thirdparty/glm/include/glm/gtx/log_base.inl,local_only_file,preserved_local,,,,True
thirdparty/glm/include/glm/gtx/matrix_cross_product.hpp,local_only_file,preserved_local,,,,True
thirdparty/glm/include/glm/gtx/matrix_cross_product.inl,local_only_file,preserved_local,,,,True
thirdparty/glm/include/glm/gtx/matrix_decompose.hpp,local_only_file,preserved_local,,,,True
thirdparty/glm/include/glm/gtx/matrix_decompose.inl,local_only_file,preserved_local,,,,True
thirdparty/glm/include/glm/gtx/matrix_factorisation.hpp,local_only_file,preserved_local,,,,True
thirdparty/glm/include/glm/gtx/matrix_factorisation.inl,local_only_file,preserved_local,,,,True
thirdparty/glm/include/glm/gtx/matrix_interpolation.hpp,local_only_file,preserved_local,,,,True
thirdparty/glm/include/glm/gtx/matrix_interpolation.inl,local_only_file,preserved_local,,,,True
thirdparty/glm/include/glm/gtx/matrix_major_storage.hpp,local_only_file,preserved_local,,,,True
thirdparty/glm/include/glm/gtx/matrix_major_storage.inl,local_only_file,preserved_local,,,,True
thirdparty/glm/include/glm/gtx/matrix_operation.hpp,local_only_file,preserved_local,,,,True
thirdparty/glm/include/glm/gtx/matrix_operation.inl,local_only_file,preserved_local,,,,True
thirdparty/glm/include/glm/gtx/matrix_query.hpp,local_only_file,preserved_local,,,,True
thirdparty/glm/include/glm/gtx/matrix_query.inl,local_only_file,preserved_local,,,,True
thirdparty/glm/include/glm/gtx/matrix_transform_2d.hpp,local_only_file,preserved_local,,,,True
thirdparty/glm/include/glm/gtx/matrix_transform_2d.inl,local_only_file,preserved_local,,,,True
thirdparty/glm/include/glm/gtx/mixed_product.hpp,local_only_file,preserved_local,,,,True
thirdparty/glm/include/glm/gtx/mixed_product.inl,local_only_file,preserved_local,,,,True
thirdparty/glm/include/glm/gtx/norm.hpp,local_only_file,preserved_local,,,,True
thirdparty/glm/include/glm/gtx/norm.inl,local_only_file,preserved_local,,,,True
thirdparty/glm/include/glm/gtx/normal.hpp,local_only_file,preserved_local,,,,True
thirdparty/glm/include/glm/gtx/normal.inl,local_only_file,preserved_local,,,,True
thirdparty/glm/include/glm/gtx/normalize_dot.hpp,local_only_file,preserved_local,,,,True
thirdparty/glm/include/glm/gtx/normalize_dot.inl,local_only_file,preserved_local,,,,True
thirdparty/glm/include/glm/gtx/number_precision.hpp,local_only_file,preserved_local,,,,True
thirdparty/glm/include/glm/gtx/number_precision.inl,local_only_file,preserved_local,,,,True
thirdparty/glm/include/glm/gtx/optimum_pow.hpp,local_only_file,preserved_local,,,,True
thirdparty/glm/include/glm/gtx/optimum_pow.inl,local_only_file,preserved_local,,,,True
thirdparty/glm/include/glm/gtx/orthonormalize.hpp,local_only_file,preserved_local,,,,True
thirdparty/glm/include/glm/gtx/orthonormalize.inl,local_only_file,preserved_local,,,,True
thirdparty/glm/include/glm/gtx/pca.hpp,local_only_file,preserved_local,,,,True
thirdparty/glm/include/glm/gtx/pca.inl,local_only_file,preserved_local,,,,True
thirdparty/glm/include/glm/gtx/perpendicular.hpp,local_only_file,preserved_local,,,,True
thirdparty/glm/include/glm/gtx/perpendicular.inl,local_only_file,preserved_local,,,,True
thirdparty/glm/include/glm/gtx/polar_coordinates.hpp,local_only_file,preserved_local,,,,True
thirdparty/glm/include/glm/gtx/polar_coordinates.inl,local_only_file,preserved_local,,,,True
thirdparty/glm/include/glm/gtx/projection.hpp,local_only_file,preserved_local,,,,True
thirdparty/glm/include/glm/gtx/projection.inl,local_only_file,preserved_local,,,,True
thirdparty/glm/include/glm/gtx/quaternion.hpp,local_only_file,preserved_local,,,,True
thirdparty/glm/include/glm/gtx/quaternion.inl,local_only_file,preserved_local,,,,True
thirdparty/glm/include/glm/gtx/range.hpp,local_only_file,preserved_local,,,,True
thirdparty/glm/include/glm/gtx/raw_data.hpp,local_only_file,preserved_local,,,,True
thirdparty/glm/include/glm/gtx/raw_data.inl,local_only_file,preserved_local,,,,True
thirdparty/glm/include/glm/gtx/rotate_normalized_axis.hpp,local_only_file,preserved_local,,,,True
thirdparty/glm/include/glm/gtx/rotate_normalized_axis.inl,local_only_file,preserved_local,,,,True
thirdparty/glm/include/glm/gtx/rotate_vector.hpp,local_only_file,preserved_local,,,,True
thirdparty/glm/include/glm/gtx/rotate_vector.inl,local_only_file,preserved_local,,,,True
thirdparty/glm/include/glm/gtx/scalar_multiplication.hpp,local_only_file,preserved_local,,,,True
thirdparty/glm/include/glm/gtx/scalar_relational.hpp,local_only_file,preserved_local,,,,True
thirdparty/glm/include/glm/gtx/scalar_relational.inl,local_only_file,preserved_local,,,,True
thirdparty/glm/include/glm/gtx/spline.hpp,local_only_file,preserved_local,,,,True
thirdparty/glm/include/glm/gtx/spline.inl,local_only_file,preserved_local,,,,True
thirdparty/glm/include/glm/gtx/std_based_type.hpp,local_only_file,preserved_local,,,,True
thirdparty/glm/include/glm/gtx/std_based_type.inl,local_only_file,preserved_local,,,,True
thirdparty/glm/include/glm/gtx/string_cast.hpp,local_only_file,preserved_local,,,,True
thirdparty/glm/include/glm/gtx/string_cast.inl,local_only_file,preserved_local,,,,True
thirdparty/glm/include/glm/gtx/texture.hpp,local_only_file,preserved_local,,,,True
thirdparty/glm/include/glm/gtx/texture.inl,local_only_file,preserved_local,,,,True
thirdparty/glm/include/glm/gtx/transform.hpp,local_only_file,preserved_local,,,,True
thirdparty/glm/include/glm/gtx/transform.inl,local_only_file,preserved_local,,,,True
thirdparty/glm/include/glm/gtx/transform2.hpp,local_only_file,preserved_local,,,,True
thirdparty/glm/include/glm/gtx/transform2.inl,local_only_file,preserved_local,,,,True
thirdparty/glm/include/glm/gtx/type_aligned.hpp,local_only_file,preserved_local,,,,True
thirdparty/glm/include/glm/gtx/type_aligned.inl,local_only_file,preserved_local,,,,True
thirdparty/glm/include/glm/gtx/type_trait.hpp,local_only_file,preserved_local,,,,True
thirdparty/glm/include/glm/gtx/type_trait.inl,local_only_file,preserved_local,,,,True
thirdparty/glm/include/glm/gtx/vec_swizzle.hpp,local_only_file,preserved_local,,,,True
thirdparty/glm/include/glm/gtx/vector_angle.hpp,local_only_file,preserved_local,,,,True
thirdparty/glm/include/glm/gtx/vector_angle.inl,local_only_file,preserved_local,,,,True
thirdparty/glm/include/glm/gtx/vector_query.hpp,local_only_file,preserved_local,,,,True
thirdparty/glm/include/glm/gtx/vector_query.inl,local_only_file,preserved_local,,,,True
thirdparty/glm/include/glm/gtx/wrap.hpp,local_only_file,preserved_local,,,,True
thirdparty/glm/include/glm/gtx/wrap.inl,local_only_file,preserved_local,,,,True
thirdparty/glm/include/glm/integer.hpp,local_only_file,preserved_local,,,,True
thirdparty/glm/include/glm/mat2x2.hpp,local_only_file,preserved_local,,,,True
thirdparty/glm/include/glm/mat2x3.hpp,local_only_file,preserved_local,,,,True
thirdparty/glm/include/glm/mat2x4.hpp,local_only_file,preserved_local,,,,True
thirdparty/glm/include/glm/mat3x2.hpp,local_only_file,preserved_local,,,,True
thirdparty/glm/include/glm/mat3x3.hpp,local_only_file,preserved_local,,,,True
thirdparty/glm/include/glm/mat3x4.hpp,local_only_file,preserved_local,,,,True
thirdparty/glm/include/glm/mat4x2.hpp,local_only_file,preserved_local,,,,True
thirdparty/glm/include/glm/mat4x3.hpp,local_only_file,preserved_local,,,,True
thirdparty/glm/include/glm/mat4x4.hpp,local_only_file,preserved_local,,,,True
thirdparty/glm/include/glm/matrix.hpp,local_only_file,preserved_local,,,,True
thirdparty/glm/include/glm/packing.hpp,local_only_file,preserved_local,,,,True
thirdparty/glm/include/glm/simd/common.h,local_only_file,preserved_local,,,,True
thirdparty/glm/include/glm/simd/exponential.h,local_only_file,preserved_local,,,,True
thirdparty/glm/include/glm/simd/geometric.h,local_only_file,preserved_local,,,,True
thirdparty/glm/include/glm/simd/integer.h,local_only_file,preserved_local,,,,True
thirdparty/glm/include/glm/simd/matrix.h,local_only_file,preserved_local,,,,True
thirdparty/glm/include/glm/simd/neon.h,local_only_file,preserved_local,,,,True
thirdparty/glm/include/glm/simd/packing.h,local_only_file,preserved_local,,,,True
thirdparty/glm/include/glm/simd/platform.h,local_only_file,preserved_local,,,,True
thirdparty/glm/include/glm/simd/trigonometric.h,local_only_file,preserved_local,,,,True
thirdparty/glm/include/glm/simd/vector_relational.h,local_only_file,preserved_local,,,,True
thirdparty/glm/include/glm/trigonometric.hpp,local_only_file,preserved_local,,,,True
thirdparty/glm/include/glm/vec2.hpp,local_only_file,preserved_local,,,,True
thirdparty/glm/include/glm/vec3.hpp,local_only_file,preserved_local,,,,True
thirdparty/glm/include/glm/vec4.hpp,local_only_file,preserved_local,,,,True
thirdparty/glm/include/glm/vector_relational.hpp,local_only_file,preserved_local,,,,True
thirdparty/glm/lib/cmake/glm/glmConfig.cmake,local_only_file,preserved_local,,,,True
thirdparty/glm/lib/cmake/glm/glmConfigVersion.cmake,local_only_file,preserved_local,,,,True
thirdparty/nlohmann_json/include/nlohmann/adl_serializer.hpp,local_only_file,preserved_local,,,,True
thirdparty/nlohmann_json/include/nlohmann/byte_container_with_subtype.hpp,local_only_file,preserved_local,,,,True
thirdparty/nlohmann_json/include/nlohmann/detail/abi_macros.hpp,local_only_file,preserved_local,,,,True
thirdparty/nlohmann_json/include/nlohmann/detail/conversions/from_json.hpp,local_only_file,preserved_local,,,,True
thirdparty/nlohmann_json/include/nlohmann/detail/conversions/to_chars.hpp,local_only_file,preserved_local,,,,True
thirdparty/nlohmann_json/include/nlohmann/detail/conversions/to_json.hpp,local_only_file,preserved_local,,,,True
thirdparty/nlohmann_json/include/nlohmann/detail/exceptions.hpp,local_only_file,preserved_local,,,,True
thirdparty/nlohmann_json/include/nlohmann/detail/hash.hpp,local_only_file,preserved_local,,,,True
thirdparty/nlohmann_json/include/nlohmann/detail/input/binary_reader.hpp,local_only_file,preserved_local,,,,True
thirdparty/nlohmann_json/include/nlohmann/detail/input/input_adapters.hpp,local_only_file,preserved_local,,,,True
thirdparty/nlohmann_json/include/nlohmann/detail/input/json_sax.hpp,local_only_file,preserved_local,,,,True
thirdparty/nlohmann_json/include/nlohmann/detail/input/lexer.hpp,local_only_file,preserved_local,,,,True
thirdparty/nlohmann_json/include/nlohmann/detail/input/parser.hpp,local_only_file,preserved_local,,,,True
thirdparty/nlohmann_json/include/nlohmann/detail/input/position_t.hpp,local_only_file,preserved_local,,,,True
thirdparty/nlohmann_json/include/nlohmann/detail/iterators/internal_iterator.hpp,local_only_file,preserved_local,,,,True
thirdparty/nlohmann_json/include/nlohmann/detail/iterators/iter_impl.hpp,local_only_file,preserved_local,,,,True
thirdparty/nlohmann_json/include/nlohmann/detail/iterators/iteration_proxy.hpp,local_only_file,preserved_local,,,,True
thirdparty/nlohmann_json/include/nlohmann/detail/iterators/iterator_traits.hpp,local_only_file,preserved_local,,,,True
thirdparty/nlohmann_json/include/nlohmann/detail/iterators/json_reverse_iterator.hpp,local_only_file,preserved_local,,,,True
thirdparty/nlohmann_json/include/nlohmann/detail/iterators/primitive_iterator.hpp,local_only_file,preserved_local,,,,True
thirdparty/nlohmann_json/include/nlohmann/detail/json_custom_base_class.hpp,local_only_file,preserved_local,,,,True
thirdparty/nlohmann_json/include/nlohmann/detail/json_pointer.hpp,local_only_file,preserved_local,,,,True
thirdparty/nlohmann_json/include/nlohmann/detail/json_ref.hpp,local_only_file,preserved_local,,,,True
thirdparty/nlohmann_json/include/nlohmann/detail/macro_scope.hpp,local_only_file,preserved_local,,,,True
thirdparty/nlohmann_json/include/nlohmann/detail/macro_unscope.hpp,local_only_file,preserved_local,,,,True
thirdparty/nlohmann_json/include/nlohmann/detail/meta/call_std/begin.hpp,local_only_file,preserved_local,,,,True
thirdparty/nlohmann_json/include/nlohmann/detail/meta/call_std/end.hpp,local_only_file,preserved_local,,,,True
thirdparty/nlohmann_json/include/nlohmann/detail/meta/cpp_future.hpp,local_only_file,preserved_local,,,,True
thirdparty/nlohmann_json/include/nlohmann/detail/meta/detected.hpp,local_only_file,preserved_local,,,,True
thirdparty/nlohmann_json/include/nlohmann/detail/meta/identity_tag.hpp,local_only_file,preserved_local,,,,True
thirdparty/nlohmann_json/include/nlohmann/detail/meta/is_sax.hpp,local_only_file,preserved_local,,,,True
thirdparty/nlohmann_json/include/nlohmann/detail/meta/logic.hpp,local_only_file,preserved_local,,,,True
thirdparty/nlohmann_json/include/nlohmann/detail/meta/std_fs.hpp,local_only_file,preserved_local,,,,True
thirdparty/nlohmann_json/include/nlohmann/detail/meta/type_traits.hpp,local_only_file,preserved_local,,,,True
thirdparty/nlohmann_json/include/nlohmann/detail/meta/void_t.hpp,local_only_file,preserved_local,,,,True
thirdparty/nlohmann_json/include/nlohmann/detail/output/binary_writer.hpp,local_only_file,preserved_local,,,,True
thirdparty/nlohmann_json/include/nlohmann/detail/output/output_adapters.hpp,local_only_file,preserved_local,,,,True
thirdparty/nlohmann_json/include/nlohmann/detail/output/serializer.hpp,local_only_file,preserved_local,,,,True
thirdparty/nlohmann_json/include/nlohmann/detail/string_concat.hpp,local_only_file,preserved_local,,,,True
thirdparty/nlohmann_json/include/nlohmann/detail/string_escape.hpp,local_only_file,preserved_local,,,,True
thirdparty/nlohmann_json/include/nlohmann/detail/string_utils.hpp,local_only_file,preserved_local,,,,True
thirdparty/nlohmann_json/include/nlohmann/detail/value_t.hpp,local_only_file,preserved_local,,,,True
thirdparty/nlohmann_json/include/nlohmann/json.hpp,local_only_file,preserved_local,,,,True
thirdparty/nlohmann_json/include/nlohmann/json_fwd.hpp,local_only_file,preserved_local,,,,True
thirdparty/nlohmann_json/include/nlohmann/ordered_map.hpp,local_only_file,preserved_local,,,,True
thirdparty/nlohmann_json/include/nlohmann/thirdparty/hedley/hedley.hpp,local_only_file,preserved_local,,,,True
thirdparty/nlohmann_json/include/nlohmann/thirdparty/hedley/hedley_undef.hpp,local_only_file,preserved_local,,,,True
thirdparty/nlohmann_json/nlohmann_json.natvis,local_only_file,preserved_local,,,,True
thirdparty/nlohmann_json/share/cmake/nlohmann_json/nlohmann_jsonConfig.cmake,local_only_file,preserved_local,,,,True
thirdparty/nlohmann_json/share/cmake/nlohmann_json/nlohmann_jsonConfigVersion.cmake,local_only_file,preserved_local,,,,True
thirdparty/nlohmann_json/share/cmake/nlohmann_json/nlohmann_jsonTargets.cmake,local_only_file,preserved_local,,,,True
thirdparty/nlohmann_json/share/pkgconfig/nlohmann_json.pc,local_only_file,preserved_local,,,,True
thirdparty/tinyxml2/CMakeLists.txt,local_only_file,preserved_local,,,,True
thirdparty/tinyxml2/tinyxml2.cpp,local_only_file,preserved_local,,,,True
thirdparty/tinyxml2/tinyxml2.h,local_only_file,preserved_local,,,,True
thirdparty/tinyxml2/tinyxml2Config.cmake.in,local_only_file,preserved_local,,,,True
tutorials/prebuilt/README.md,changed,preserved_local,1ba31f72a5e881ca949ee1151078431733eb33d882959223644bf10f758d199a,58cfcfe9eeb27e73f66db5124495abf361c012f4f67c882347da0373b30ad7a8,1ba31f72a5e881ca949ee1151078431733eb33d882959223644bf10f758d199a,True
